# https://github.com/mikedh/trimesh
mtllib material.mtl
usemtl 0.023529_0.298039_0.568627_0.000000_0.000000
v -0.14147058 0.02638756 0.08268724
v -0.14155948 0.02730600 0.08252764
v -0.14269517 0.02730600 0.08316024
v -0.14238371 0.02570300 0.08371944
v -0.14235312 0.02560894 0.08377434
v -0.14121741 0.02560894 0.08314175
v -0.14124800 0.02570300 0.08308685
v -0.14260629 0.02638756 0.08331984
v -0.14083853 0.02508869 0.08382196
v -0.14039162 0.02490600 0.08462433
v -0.14197424 0.02508869 0.08445456
v -0.13994469 0.02508869 0.08542670
v -0.14152731 0.02490600 0.08525692
v -0.14093021 0.02529492 0.08632893
v -0.14070152 0.02560894 0.08673950
v -0.13956581 0.02560894 0.08610691
v -0.13979450 0.02529492 0.08569634
v -0.14108039 0.02508869 0.08605929
v -0.14067093 0.02570300 0.08679441
v -0.14044835 0.02638756 0.08719401
v -0.13931264 0.02638756 0.08656142
v -0.13953523 0.02570300 0.08616181
v -0.13922375 0.02730600 0.08672102
v -0.13931264 0.02822444 0.08656142
v -0.14035945 0.02730600 0.08735361
v -0.13956581 0.02900306 0.08610691
v -0.14044835 0.02822444 0.08719401
v -0.14093021 0.02931708 0.08632893
v -0.14108039 0.02952331 0.08605929
v -0.13994469 0.02952331 0.08542670
v -0.13979450 0.02931708 0.08569634
v -0.14070152 0.02900306 0.08673950
v -0.14039162 0.02970600 0.08462433
v -0.14083853 0.02952331 0.08382196
v -0.14152731 0.02970600 0.08525692
v -0.14121741 0.02900306 0.08314175
v -0.14197424 0.02952331 0.08445456
v -0.14147058 0.02822444 0.08268724
v -0.14235312 0.02900306 0.08377434
v -0.14260629 0.02822444 0.08331984
v -0.13995039 0.04038962 0.08541645
v -0.14078382 0.04900000 0.08392020
v -0.14191952 0.04900000 0.08455279
v -0.13757701 0.03309010 0.08967743
v -0.13979450 0.03991014 0.08569634
v -0.14093021 0.03991014 0.08632893
v -0.14108610 0.04038962 0.08604904
v -0.13402499 0.02821271 0.09605443
v -0.13702495 0.03233205 0.09066854
v -0.13816066 0.03233205 0.09130114
v -0.13871272 0.03309010 0.09031002
v -0.12983510 0.02650000 0.10357663
v -0.13516070 0.02821271 0.09668703
v -0.12564521 0.02821271 0.11109882
v -0.13097081 0.02650000 0.10420922
v -0.12209319 0.03309010 0.11747583
v -0.12327965 0.03146093 0.11534575
v -0.12441535 0.03146093 0.11597835
v -0.12678091 0.02821271 0.11173142
v -0.11971980 0.04038962 0.12173681
v -0.12322889 0.03309010 0.11810842
v -0.12002447 0.04897532 0.12386137
v -0.12002208 0.04900000 0.12386566
v -0.11888637 0.04900000 0.12323307
v -0.12085550 0.04038962 0.12236940
v -0.11888877 0.04897532 0.12322877
v -0.11971980 0.05761038 0.12173681
v -0.11888877 0.04902468 0.12322877
v -0.12002447 0.04902468 0.12386137
v -0.12209319 0.06490991 0.11747583
v -0.12085550 0.05761038 0.12236940
v -0.12678091 0.06978729 0.11173142
v -0.12564521 0.06978729 0.11109882
v -0.12327965 0.06653907 0.11534575
v -0.12322889 0.06490991 0.11810842
v -0.12441535 0.06653907 0.11597835
v -0.12983510 0.07150000 0.10357663
v -0.13402499 0.06978729 0.09605443
v -0.13097081 0.07150000 0.10420922
v -0.13757701 0.06490991 0.08967743
v -0.13702495 0.06566795 0.09066854
v -0.13816066 0.06566795 0.09130114
v -0.13516070 0.06978729 0.09668703
v -0.13995039 0.05761038 0.08541645
v -0.13979450 0.05808986 0.08569634
v -0.14093021 0.05808986 0.08632893
v -0.13871272 0.06490991 0.09031002
v -0.14108610 0.05761038 0.08604904
v -0.12035755 0.02638756 0.12059184
v -0.12044644 0.02730600 0.12043224
v -0.12158215 0.02730600 0.12106483
v -0.12010439 0.02560894 0.12104635
v -0.12013497 0.02570300 0.12099145
v -0.12127067 0.02570300 0.12162404
v -0.12149326 0.02638756 0.12122443
v -0.11972550 0.02508869 0.12172656
v -0.12124009 0.02560894 0.12167894
v -0.11927858 0.02490600 0.12252893
v -0.12086121 0.02508869 0.12235916
v -0.11883166 0.02508869 0.12333129
v -0.11888877 0.02506535 0.12322877
v -0.12002447 0.02506535 0.12386137
v -0.12041429 0.02490600 0.12316152
v -0.11845278 0.02560894 0.12401151
v -0.11849855 0.02554610 0.12392934
v -0.11963426 0.02554610 0.12456194
v -0.11996736 0.02508869 0.12396389
v -0.11819962 0.02638756 0.12446602
v -0.11842220 0.02570300 0.12406641
v -0.11955790 0.02570300 0.12469900
v -0.11958849 0.02560894 0.12464410
v -0.11811072 0.02730600 0.12462562
v -0.11933532 0.02638756 0.12509860
v -0.11819962 0.02822444 0.12446602
v -0.11924642 0.02730600 0.12525821
v -0.11845278 0.02900306 0.12401151
v -0.11933532 0.02822444 0.12509860
v -0.11883166 0.02952331 0.12333129
v -0.11849855 0.02906590 0.12392934
v -0.11963426 0.02906590 0.12456194
v -0.11958849 0.02900306 0.12464410
v -0.11927858 0.02970600 0.12252893
v -0.11888877 0.02954665 0.12322877
v -0.12002447 0.02954665 0.12386137
v -0.11996736 0.02952331 0.12396389
v -0.11972550 0.02952331 0.12172656
v -0.12041429 0.02970600 0.12316152
v -0.12010439 0.02900306 0.12104635
v -0.12086121 0.02952331 0.12235916
v -0.12035755 0.02822444 0.12059184
v -0.12124009 0.02900306 0.12167894
v -0.12149326 0.02822444 0.12122443
v -0.12035755 0.06977556 0.12059184
v -0.12044644 0.07069400 0.12043224
v -0.12158215 0.07069400 0.12106483
v -0.12010439 0.06899694 0.12104635
v -0.12149326 0.06977556 0.12122443
v -0.11972550 0.06847669 0.12172656
v -0.12124009 0.06899694 0.12167894
v -0.11927858 0.06829400 0.12252893
v -0.12086121 0.06847669 0.12235916
v -0.11883166 0.06847669 0.12333129
v -0.11888877 0.06845335 0.12322877
v -0.12002447 0.06845335 0.12386137
v -0.12041429 0.06829400 0.12316152
v -0.11845278 0.06899694 0.12401151
v -0.11849855 0.06893410 0.12392934
v -0.11963426 0.06893410 0.12456194
v -0.11996736 0.06847669 0.12396389
v -0.11819962 0.06977556 0.12446602
v -0.11958849 0.06899694 0.12464410
v -0.11811072 0.07069400 0.12462562
v -0.11933532 0.06977556 0.12509860
v -0.11819962 0.07161244 0.12446602
v -0.11924642 0.07069400 0.12525821
v -0.11845278 0.07239106 0.12401151
v -0.11842220 0.07229700 0.12406641
v -0.11955790 0.07229700 0.12469900
v -0.11933532 0.07161244 0.12509860
v -0.11883166 0.07291131 0.12333129
v -0.11849855 0.07245390 0.12392934
v -0.11963426 0.07245390 0.12456194
v -0.11958849 0.07239106 0.12464410
v -0.11927858 0.07309400 0.12252893
v -0.11888877 0.07293465 0.12322877
v -0.12002447 0.07293465 0.12386137
v -0.11996736 0.07291131 0.12396389
v -0.11972550 0.07291131 0.12172656
v -0.12041429 0.07309400 0.12316152
v -0.12010439 0.07239106 0.12104635
v -0.12086121 0.07291131 0.12235916
v -0.12035755 0.07161244 0.12059184
v -0.12013497 0.07229700 0.12099145
v -0.12127067 0.07229700 0.12162404
v -0.12124009 0.07239106 0.12167894
v -0.12149326 0.07161244 0.12122443
v -0.14147058 0.06977556 0.08268724
v -0.14155948 0.07069400 0.08252764
v -0.14269517 0.07069400 0.08316024
v -0.14121741 0.06899694 0.08314175
v -0.14260629 0.06977556 0.08331984
v -0.14083853 0.06847669 0.08382196
v -0.14235312 0.06899694 0.08377434
v -0.14039162 0.06829400 0.08462433
v -0.14197424 0.06847669 0.08445456
v -0.13994469 0.06847669 0.08542670
v -0.14152731 0.06829400 0.08525692
v -0.14093021 0.06868292 0.08632893
v -0.14070152 0.06899694 0.08673950
v -0.13956581 0.06899694 0.08610691
v -0.13979450 0.06868292 0.08569634
v -0.14108039 0.06847669 0.08605929
v -0.13931264 0.06977556 0.08656142
v -0.13922375 0.07069400 0.08672102
v -0.14044835 0.06977556 0.08719401
v -0.13931264 0.07161244 0.08656142
v -0.14035945 0.07069400 0.08735361
v -0.14067093 0.07229700 0.08679441
v -0.14070152 0.07239106 0.08673950
v -0.13956581 0.07239106 0.08610691
v -0.13953523 0.07229700 0.08616181
v -0.14044835 0.07161244 0.08719401
v -0.14093021 0.07270508 0.08632893
v -0.14108039 0.07291131 0.08605929
v -0.13994469 0.07291131 0.08542670
v -0.13979450 0.07270508 0.08569634
v -0.14039162 0.07309400 0.08462433
v -0.14083853 0.07291131 0.08382196
v -0.14152731 0.07309400 0.08525692
v -0.14121741 0.07239106 0.08314175
v -0.14197424 0.07291131 0.08445456
v -0.14238371 0.07229700 0.08371944
v -0.14260629 0.07161244 0.08331984
v -0.14147058 0.07161244 0.08268724
v -0.14124800 0.07229700 0.08308685
v -0.14235312 0.07239106 0.08377434
v -0.12044849 0.08856216 0.12042858
v -0.12051010 0.08919876 0.12031796
v -0.12164581 0.08919876 0.12095055
v -0.12027302 0.08802249 0.12074361
v -0.12158419 0.08856216 0.12106118
v -0.12001040 0.08766188 0.12121508
v -0.12140872 0.08802249 0.12137620
v -0.11970063 0.08753525 0.12177122
v -0.12114611 0.08766188 0.12184767
v -0.11939085 0.08766188 0.12232736
v -0.12083633 0.08753525 0.12240382
v -0.11912824 0.08802249 0.12279884
v -0.12052656 0.08766188 0.12295996
v -0.11895277 0.08856216 0.12311386
v -0.12026395 0.08802249 0.12343143
v -0.11889116 0.08919876 0.12322449
v -0.12008847 0.08856216 0.12374645
v -0.11895277 0.08983535 0.12311386
v -0.12002686 0.08919876 0.12385708
v -0.11912824 0.09037503 0.12279884
v -0.12008847 0.08983535 0.12374645
v -0.11939085 0.09073563 0.12232736
v -0.12026395 0.09037503 0.12343143
v -0.11970063 0.09086226 0.12177122
v -0.12052656 0.09073563 0.12295996
v -0.12001040 0.09073563 0.12121508
v -0.12083633 0.09086226 0.12240382
v -0.12027302 0.09037503 0.12074361
v -0.12114611 0.09073563 0.12184767
v -0.12044849 0.08983535 0.12042858
v -0.12140872 0.09037503 0.12137620
v -0.12158419 0.08983535 0.12106118
v -0.12760651 0.08856216 0.10757764
v -0.12766814 0.08919876 0.10746702
v -0.12880383 0.08919876 0.10809961
v -0.12743105 0.08802249 0.10789267
v -0.12874222 0.08856216 0.10821023
v -0.12716843 0.08766188 0.10836414
v -0.12856676 0.08802249 0.10852526
v -0.12685867 0.08753525 0.10892028
v -0.12830414 0.08766188 0.10899673
v -0.12654889 0.08766188 0.10947642
v -0.12799436 0.08753525 0.10955288
v -0.12628627 0.08802249 0.10994790
v -0.12768459 0.08766188 0.11010902
v -0.12611081 0.08856216 0.11026292
v -0.12742198 0.08802249 0.11058049
v -0.12604919 0.08919876 0.11037355
v -0.12724651 0.08856216 0.11089551
v -0.12611081 0.08983535 0.11026292
v -0.12718488 0.08919876 0.11100614
v -0.12628627 0.09037503 0.10994790
v -0.12724651 0.08983535 0.11089551
v -0.12654889 0.09073563 0.10947642
v -0.12742198 0.09037503 0.11058049
v -0.12685867 0.09086226 0.10892028
v -0.12768459 0.09073563 0.11010902
v -0.12716843 0.09073563 0.10836414
v -0.12799436 0.09086226 0.10955288
v -0.12743105 0.09037503 0.10789267
v -0.12830414 0.09073563 0.10899673
v -0.12760651 0.08983535 0.10757764
v -0.12856676 0.09037503 0.10852526
v -0.12874222 0.08983535 0.10821023
v -0.13476455 0.08856216 0.09472670
v -0.13482617 0.08919876 0.09461607
v -0.13596188 0.08919876 0.09524867
v -0.13458908 0.08802249 0.09504172
v -0.13590026 0.08856216 0.09535929
v -0.13432646 0.08766188 0.09551320
v -0.13572478 0.08802249 0.09567432
v -0.13401669 0.08753525 0.09606934
v -0.13546216 0.08766188 0.09614579
v -0.13370691 0.08766188 0.09662548
v -0.13515240 0.08753525 0.09670193
v -0.13344431 0.08802249 0.09709696
v -0.13484262 0.08766188 0.09725808
v -0.13326883 0.08856216 0.09741198
v -0.13458002 0.08802249 0.09772955
v -0.13320722 0.08919876 0.09752261
v -0.13440454 0.08856216 0.09804457
v -0.13326883 0.08983535 0.09741198
v -0.13434292 0.08919876 0.09815520
v -0.13344431 0.09037503 0.09709696
v -0.13440454 0.08983535 0.09804457
v -0.13370691 0.09073563 0.09662548
v -0.13458002 0.09037503 0.09772955
v -0.13401669 0.09086226 0.09606934
v -0.13484262 0.09073563 0.09725808
v -0.13432646 0.09073563 0.09551320
v -0.13515240 0.09086226 0.09670193
v -0.13458908 0.09037503 0.09504172
v -0.13546216 0.09073563 0.09614579
v -0.13476455 0.08983535 0.09472670
v -0.13572478 0.09037503 0.09567432
v -0.13590026 0.08983535 0.09535929
v -0.14192258 0.08856216 0.08187576
v -0.14198419 0.08919876 0.08176513
v -0.14311990 0.08919876 0.08239772
v -0.14174710 0.08802249 0.08219078
v -0.14305829 0.08856216 0.08250835
v -0.14148450 0.08766188 0.08266225
v -0.14288281 0.08802249 0.08282337
v -0.14117472 0.08753525 0.08321840
v -0.14262021 0.08766188 0.08329485
v -0.14086495 0.08766188 0.08377454
v -0.14231043 0.08753525 0.08385099
v -0.14060234 0.08802249 0.08424601
v -0.14200066 0.08766188 0.08440713
v -0.14042686 0.08856216 0.08456104
v -0.14173804 0.08802249 0.08487861
v -0.14036524 0.08919876 0.08467166
v -0.14156257 0.08856216 0.08519363
v -0.14042686 0.08983535 0.08456104
v -0.14150095 0.08919876 0.08530426
v -0.14060234 0.09037503 0.08424601
v -0.14156257 0.08983535 0.08519363
v -0.14086495 0.09073563 0.08377454
v -0.14173804 0.09037503 0.08487861
v -0.14117472 0.09086226 0.08321840
v -0.14200066 0.09073563 0.08440713
v -0.14148450 0.09073563 0.08266225
v -0.14231043 0.09086226 0.08385099
v -0.14174710 0.09037503 0.08219078
v -0.14262021 0.09073563 0.08329485
v -0.14192258 0.08983535 0.08187576
v -0.14288281 0.09037503 0.08282337
v -0.14305829 0.08983535 0.08250835
v -0.11849855 0.09600000 0.12392934
v -0.11138577 0.09600000 0.13669904
v -0.11138577 0.09343113 0.13669904
v -0.11849855 0.09343113 0.12392934
v -0.11138577 0.08031463 0.13669904
v -0.11888877 0.09600000 0.12322877
v -0.11888877 0.09343113 0.12322877
v -0.11849855 0.08031463 0.12392934
v -0.12327965 0.09600000 0.11534575
v -0.11888877 0.08031463 0.12322877
v -0.11889116 0.08919876 0.12322449
v -0.11895277 0.08856216 0.12311386
v -0.12327965 0.08031463 0.11534575
v -0.12001040 0.08766188 0.12121508
v -0.11970063 0.09086226 0.12177122
v -0.12001040 0.09073563 0.12121508
v -0.11895277 0.08983535 0.12311386
v -0.11970063 0.08753525 0.12177122
v -0.11939085 0.08766188 0.12232736
v -0.12027302 0.08802249 0.12074361
v -0.12327965 0.09343113 0.11534575
v -0.11912824 0.09037503 0.12279884
v -0.11939085 0.09073563 0.12232736
v -0.11912824 0.08802249 0.12279884
v -0.12051010 0.08919876 0.12031796
v -0.12027302 0.09037503 0.12074361
v -0.12044849 0.08983535 0.12042858
v -0.12044849 0.08856216 0.12042858
v -0.13043767 0.09600000 0.10249481
v -0.13043767 0.08031463 0.10249481
v -0.12716843 0.08766188 0.10836414
v -0.12685867 0.08753525 0.10892028
v -0.13043767 0.09343113 0.10249481
v -0.12685867 0.09086226 0.10892028
v -0.12654889 0.08766188 0.10947642
v -0.12628627 0.08802249 0.10994790
v -0.12760651 0.08856216 0.10757764
v -0.12743105 0.08802249 0.10789267
v -0.12766814 0.08919876 0.10746702
v -0.12716843 0.09073563 0.10836414
v -0.12743105 0.09037503 0.10789267
v -0.12654889 0.09073563 0.10947642
v -0.12611081 0.08983535 0.11026292
v -0.12628627 0.09037503 0.10994790
v -0.12611081 0.08856216 0.11026292
v -0.12604919 0.08919876 0.11037355
v -0.12760651 0.08983535 0.10757764
v -0.12327965 0.07229700 0.11534575
v -0.13043767 0.02570300 0.10249481
v -0.12327965 0.02570300 0.11534575
v -0.12327965 0.00200000 0.11534575
v -0.13702495 0.09600000 0.09066854
v -0.13370691 0.09073563 0.09662548
v -0.13401669 0.09086226 0.09606934
v -0.13344431 0.09037503 0.09709696
v -0.13702495 0.08031463 0.09066854
v -0.13401669 0.08753525 0.09606934
v -0.13702495 0.09343113 0.09066854
v -0.13458908 0.09037503 0.09504172
v -0.13476455 0.08983535 0.09472670
v -0.13370691 0.08766188 0.09662548
v -0.13482617 0.08919876 0.09461607
v -0.13432646 0.09073563 0.09551320
v -0.13326883 0.08983535 0.09741198
v -0.13326883 0.08856216 0.09741198
v -0.13320722 0.08919876 0.09752261
v -0.13432646 0.08766188 0.09551320
v -0.13476455 0.08856216 0.09472670
v -0.13344431 0.08802249 0.09709696
v -0.13458908 0.08802249 0.09504172
v -0.13043767 0.07229700 0.10249481
v -0.13702495 0.02570300 0.09066854
v -0.13043767 0.00200000 0.10249481
v -0.13979450 0.09600000 0.08569634
v -0.13979450 0.09343113 0.08569634
v -0.14828467 0.09600000 0.07045379
v -0.14117472 0.09086226 0.08321840
v -0.14148450 0.09073563 0.08266225
v -0.14086495 0.09073563 0.08377454
v -0.13979450 0.08031463 0.08569634
v -0.14828467 0.08031463 0.07045379
v -0.14148450 0.08766188 0.08266225
v -0.14828467 0.09343113 0.07045379
v -0.14042686 0.08983535 0.08456104
v -0.14060234 0.09037503 0.08424601
v -0.14042686 0.08856216 0.08456104
v -0.14036524 0.08919876 0.08467166
v -0.14117472 0.08753525 0.08321840
v -0.14086495 0.08766188 0.08377454
v -0.14060234 0.08802249 0.08424601
v -0.14174710 0.08802249 0.08219078
v -0.14174710 0.09037503 0.08219078
v -0.14192258 0.08983535 0.08187576
v -0.14198419 0.08919876 0.08176513
v -0.14192258 0.08856216 0.08187576
v -0.13956581 0.07239106 0.08610691
v -0.13979450 0.07270508 0.08569634
v -0.13702495 0.07229700 0.09066854
v -0.13953523 0.07229700 0.08616181
v -0.14121741 0.07239106 0.08314175
v -0.14124800 0.07229700 0.08308685
v -0.14083853 0.07291131 0.08382196
v -0.14039162 0.07309400 0.08462433
v -0.13994469 0.07291131 0.08542670
v -0.11845278 0.07239106 0.12401151
v -0.11849855 0.07245390 0.12392934
v -0.11138577 0.07229700 0.13669904
v -0.11842220 0.07229700 0.12406641
v -0.11883166 0.07291131 0.12333129
v -0.11888877 0.07293465 0.12322877
v -0.11927858 0.07309400 0.12252893
v -0.11972550 0.07291131 0.12172656
v -0.12010439 0.07239106 0.12104635
v -0.12013497 0.07229700 0.12099145
v -0.11138577 0.04900000 0.13669904
v -0.11845278 0.06899694 0.12401151
v -0.11819962 0.06977556 0.12446602
v -0.11849855 0.04900000 0.12392934
v -0.11849855 0.06893410 0.12392934
v -0.11811072 0.07069400 0.12462562
v -0.11819962 0.07161244 0.12446602
v -0.11972550 0.02508869 0.12172656
v -0.11927858 0.02490600 0.12252893
v -0.11888877 0.00200000 0.12322877
v -0.12010439 0.02560894 0.12104635
v -0.12013497 0.02570300 0.12099145
v -0.11849855 0.00200000 0.12392934
v -0.11888877 0.02506535 0.12322877
v -0.11883166 0.02508869 0.12333129
v -0.11138577 0.00246975 0.13669904
v -0.11845278 0.02560894 0.12401151
v -0.11842220 0.02570300 0.12406641
v -0.11228266 0.00246975 0.13508883
v -0.11849855 0.02554610 0.12392934
v -0.11138577 0.02570300 0.13669904
v -0.11819962 0.02822444 0.12446602
v -0.11845278 0.02900306 0.12401151
v -0.11849855 0.02906590 0.12392934
v -0.11811072 0.02730600 0.12462562
v -0.11819962 0.02638756 0.12446602
v -0.11888877 0.04902468 0.12322877
v -0.11888877 0.06845335 0.12322877
v -0.11888637 0.04900000 0.12323307
v -0.11883166 0.06847669 0.12333129
v -0.12035755 0.06977556 0.12059184
v -0.12010439 0.06899694 0.12104635
v -0.12209319 0.06490991 0.11747583
v -0.12327965 0.06653907 0.11534575
v -0.12044644 0.07069400 0.12043224
v -0.11927858 0.06829400 0.12252893
v -0.11971980 0.05761038 0.12173681
v -0.11972550 0.06847669 0.12172656
v -0.12035755 0.07161244 0.12059184
v -0.12564521 0.06978729 0.11109882
v -0.12983510 0.07150000 0.10357663
v -0.13402499 0.06978729 0.09605443
v -0.13702495 0.06566795 0.09066854
v -0.13931264 0.06977556 0.08656142
v -0.13922375 0.07069400 0.08672102
v -0.13757701 0.06490991 0.08967743
v -0.13979450 0.05808986 0.08569634
v -0.13979450 0.06868292 0.08569634
v -0.13956581 0.06899694 0.08610691
v -0.13931264 0.07161244 0.08656142
v -0.14039162 0.06829400 0.08462433
v -0.13994469 0.06847669 0.08542670
v -0.14078382 0.04900000 0.08392020
v -0.14828467 0.04900000 0.07045379
v -0.14083853 0.06847669 0.08382196
v -0.13995039 0.05761038 0.08541645
v -0.14121741 0.06899694 0.08314175
v -0.14828467 0.07229700 0.07045379
v -0.14147058 0.06977556 0.08268724
v -0.14147058 0.07161244 0.08268724
v -0.14155948 0.07069400 0.08252764
v -0.13402499 0.02821271 0.09605443
v -0.12983510 0.02650000 0.10357663
v -0.13702495 0.03233205 0.09066854
v -0.12564521 0.02821271 0.11109882
v -0.12327965 0.03146093 0.11534575
v -0.12035755 0.02822444 0.12059184
v -0.12044644 0.02730600 0.12043224
v -0.12209319 0.03309010 0.11747583
v -0.11971980 0.04038962 0.12173681
v -0.11972550 0.02952331 0.12172656
v -0.12010439 0.02900306 0.12104635
v -0.11927858 0.02970600 0.12252893
v -0.11888877 0.04897532 0.12322877
v -0.11888877 0.02954665 0.12322877
v -0.12035755 0.02638756 0.12059184
v -0.11883166 0.02952331 0.12333129
v -0.13995039 0.04038962 0.08541645
v -0.14039162 0.02970600 0.08462433
v -0.14083853 0.02952331 0.08382196
v -0.13979450 0.03991014 0.08569634
v -0.14121741 0.02900306 0.08314175
v -0.14147058 0.02822444 0.08268724
v -0.13994469 0.02952331 0.08542670
v -0.14828467 0.02570300 0.07045379
v -0.14155948 0.02730600 0.08252764
v -0.14147058 0.02638756 0.08268724
v -0.13979450 0.02931708 0.08569634
v -0.13979450 0.00200000 0.08569634
v -0.14828467 0.00200000 0.07045379
v -0.14083853 0.02508869 0.08382196
v -0.14124800 0.02570300 0.08308685
v -0.14039162 0.02490600 0.08462433
v -0.14121741 0.02560894 0.08314175
v -0.13994469 0.02508869 0.08542670
v -0.13702495 0.00200000 0.09066854
v -0.13956581 0.02560894 0.08610691
v -0.13979450 0.02529492 0.08569634
v -0.13922375 0.02730600 0.08672102
v -0.13757701 0.03309010 0.08967743
v -0.13956581 0.02900306 0.08610691
v -0.13931264 0.02822444 0.08656142
v -0.13931264 0.02638756 0.08656142
v -0.13953523 0.02570300 0.08616181
v -0.11228266 0.00200000 0.13508883
v -0.14942037 0.09600000 0.07108638
v -0.14942037 0.09343113 0.07108638
v -0.14093021 0.09343113 0.08632893
v -0.14942037 0.08031463 0.07108638
v -0.14305829 0.08856216 0.08250835
v -0.14311990 0.08919876 0.08239772
v -0.14262021 0.09073563 0.08329485
v -0.14305829 0.08983535 0.08250835
v -0.14288281 0.09037503 0.08282337
v -0.14200066 0.09073563 0.08440713
v -0.14173804 0.09037503 0.08487861
v -0.14231043 0.09086226 0.08385099
v -0.14262021 0.08766188 0.08329485
v -0.14288281 0.08802249 0.08282337
v -0.14093021 0.08031463 0.08632893
v -0.14231043 0.08753525 0.08385099
v -0.14200066 0.08766188 0.08440713
v -0.14156257 0.08856216 0.08519363
v -0.14173804 0.08802249 0.08487861
v -0.14156257 0.08983535 0.08519363
v -0.14150095 0.08919876 0.08530426
v -0.14093021 0.09600000 0.08632893
v -0.13816066 0.09343113 0.09130114
v -0.13816066 0.08031463 0.09130114
v -0.13816066 0.09600000 0.09130114
v -0.13157338 0.09343113 0.10312741
v -0.13515240 0.09086226 0.09670193
v -0.13157338 0.08031463 0.10312741
v -0.13484262 0.08766188 0.09725808
v -0.13515240 0.08753525 0.09670193
v -0.13484262 0.09073563 0.09725808
v -0.13572478 0.09037503 0.09567432
v -0.13546216 0.09073563 0.09614579
v -0.13546216 0.08766188 0.09614579
v -0.13458002 0.08802249 0.09772955
v -0.13458002 0.09037503 0.09772955
v -0.13590026 0.08856216 0.09535929
v -0.13596188 0.08919876 0.09524867
v -0.13440454 0.08856216 0.09804457
v -0.13434292 0.08919876 0.09815520
v -0.13440454 0.08983535 0.09804457
v -0.13590026 0.08983535 0.09535929
v -0.13572478 0.08802249 0.09567432
v -0.13816066 0.07229700 0.09130114
v -0.13157338 0.07229700 0.10312741
v -0.13816066 0.02570300 0.09130114
v -0.13816066 0.00200000 0.09130114
v -0.13157338 0.00200000 0.10312741
v -0.13157338 0.09600000 0.10312741
v -0.12441535 0.09343113 0.11597835
v -0.12799436 0.09086226 0.10955288
v -0.12768459 0.09073563 0.11010902
v -0.12856676 0.09037503 0.10852526
v -0.12830414 0.09073563 0.10899673
v -0.12441535 0.08031463 0.11597835
v -0.12799436 0.08753525 0.10955288
v -0.12874222 0.08856216 0.10821023
v -0.12880383 0.08919876 0.10809961
v -0.12830414 0.08766188 0.10899673
v -0.12742198 0.08802249 0.11058049
v -0.12768459 0.08766188 0.11010902
v -0.12874222 0.08983535 0.10821023
v -0.12856676 0.08802249 0.10852526
v -0.12742198 0.09037503 0.11058049
v -0.12724651 0.08983535 0.11089551
v -0.12718488 0.08919876 0.11100614
v -0.12724651 0.08856216 0.11089551
v -0.12441535 0.07229700 0.11597835
v -0.13157338 0.02570300 0.10312741
v -0.12441535 0.00200000 0.11597835
v -0.12441535 0.09600000 0.11597835
v -0.12002447 0.09343113 0.12386137
v -0.12114611 0.09073563 0.12184767
v -0.12158419 0.08856216 0.12106118
v -0.12164581 0.08919876 0.12095055
v -0.12083633 0.09086226 0.12240382
v -0.12002447 0.08031463 0.12386137
v -0.12083633 0.08753525 0.12240382
v -0.12114611 0.08766188 0.12184767
v -0.12052656 0.09073563 0.12295996
v -0.12026395 0.09037503 0.12343143
v -0.12140872 0.09037503 0.12137620
v -0.12158419 0.08983535 0.12106118
v -0.12052656 0.08766188 0.12295996
v -0.12140872 0.08802249 0.12137620
v -0.12008847 0.08856216 0.12374645
v -0.12026395 0.08802249 0.12343143
v -0.12008847 0.08983535 0.12374645
v -0.12002686 0.08919876 0.12385708
v -0.12002447 0.09600000 0.12386137
v -0.11963426 0.09343113 0.12456194
v -0.11963426 0.08031463 0.12456194
v -0.11963426 0.09600000 0.12456194
v -0.11252148 0.09343113 0.13733163
v -0.11252148 0.08031463 0.13733163
v -0.14070152 0.02560894 0.08673950
v -0.14093021 0.02529492 0.08632893
v -0.14067093 0.02570300 0.08679441
v -0.14093021 0.00200000 0.08632893
v -0.14152731 0.02490600 0.08525692
v -0.14197424 0.02508869 0.08445456
v -0.14942037 0.00200000 0.07108638
v -0.14235312 0.02560894 0.08377434
v -0.14238371 0.02570300 0.08371944
v -0.14108039 0.02508869 0.08605929
v -0.12441535 0.02570300 0.11597835
v -0.12678091 0.02821271 0.11173142
v -0.13097081 0.02650000 0.10420922
v -0.12441535 0.03146093 0.11597835
v -0.13516070 0.02821271 0.09668703
v -0.13816066 0.03233205 0.09130114
v -0.14044835 0.02822444 0.08719401
v -0.14035945 0.02730600 0.08735361
v -0.13871272 0.03309010 0.09031002
v -0.14093021 0.03991014 0.08632893
v -0.14093021 0.02931708 0.08632893
v -0.14070152 0.02900306 0.08673950
v -0.14044835 0.02638756 0.08719401
v -0.14152731 0.02970600 0.08525692
v -0.14108039 0.02952331 0.08605929
v -0.14108610 0.04038962 0.08604904
v -0.14191952 0.04900000 0.08455279
v -0.14942037 0.04900000 0.07108638
v -0.14197424 0.02952331 0.08445456
v -0.14942037 0.02570300 0.07108638
v -0.14260629 0.02822444 0.08331984
v -0.14235312 0.02900306 0.08377434
v -0.14260629 0.02638756 0.08331984
v -0.14269517 0.02730600 0.08316024
v -0.13516070 0.06978729 0.09668703
v -0.13097081 0.07150000 0.10420922
v -0.13816066 0.06566795 0.09130114
v -0.12678091 0.06978729 0.11173142
v -0.11963426 0.00200000 0.12456194
v -0.11996736 0.02508869 0.12396389
v -0.12002447 0.02506535 0.12386137
v -0.11963426 0.02554610 0.12456194
v -0.12002447 0.00200000 0.12386137
v -0.12041429 0.02490600 0.12316152
v -0.12086121 0.02508869 0.12235916
v -0.12124009 0.02560894 0.12167894
v -0.12041429 0.02970600 0.12316152
v -0.12002447 0.04897532 0.12386137
v -0.12085550 0.04038962 0.12236940
v -0.12149326 0.02822444 0.12122443
v -0.12124009 0.02900306 0.12167894
v -0.12322889 0.03309010 0.11810842
v -0.12158215 0.02730600 0.12106483
v -0.12086121 0.02952331 0.12235916
v -0.12002447 0.02954665 0.12386137
v -0.12127067 0.02570300 0.12162404
v -0.12149326 0.02638756 0.12122443
v -0.11963426 0.04900000 0.12456194
v -0.12002208 0.04900000 0.12386566
v -0.11996736 0.02952331 0.12396389
v -0.11252148 0.02570300 0.13733163
v -0.11933532 0.02822444 0.12509860
v -0.11924642 0.02730600 0.12525821
v -0.11252148 0.04900000 0.13733163
v -0.11958849 0.02900306 0.12464410
v -0.11963426 0.02906590 0.12456194
v -0.11933532 0.02638756 0.12509860
v -0.11996736 0.06847669 0.12396389
v -0.12002447 0.06845335 0.12386137
v -0.12002447 0.04902468 0.12386137
v -0.11963426 0.06893410 0.12456194
v -0.12441535 0.06653907 0.11597835
v -0.12149326 0.06977556 0.12122443
v -0.12158215 0.07069400 0.12106483
v -0.12322889 0.06490991 0.11810842
v -0.12085550 0.05761038 0.12236940
v -0.12086121 0.06847669 0.12235916
v -0.12124009 0.06899694 0.12167894
v -0.12041429 0.06829400 0.12316152
v -0.12149326 0.07161244 0.12122443
v -0.12086121 0.07291131 0.12235916
v -0.12041429 0.07309400 0.12316152
v -0.12124009 0.07239106 0.12167894
v -0.12127067 0.07229700 0.12162404
v -0.12002447 0.07293465 0.12386137
v -0.11996736 0.07291131 0.12396389
v -0.11958849 0.07239106 0.12464410
v -0.11955790 0.07229700 0.12469900
v -0.11963426 0.07245390 0.12456194
v -0.11252148 0.07229700 0.13733163
v -0.11933532 0.07161244 0.12509860
v -0.11924642 0.07069400 0.12525821
v -0.11933532 0.06977556 0.12509860
v -0.11958849 0.06899694 0.12464410
v -0.14235312 0.06899694 0.08377434
v -0.14260629 0.06977556 0.08331984
v -0.14152731 0.06829400 0.08525692
v -0.14108610 0.05761038 0.08604904
v -0.14093021 0.05808986 0.08632893
v -0.14197424 0.06847669 0.08445456
v -0.14942037 0.07229700 0.07108638
v -0.14269517 0.07069400 0.08316024
v -0.14093021 0.06868292 0.08632893
v -0.14108039 0.06847669 0.08605929
v -0.14260629 0.07161244 0.08331984
v -0.14235312 0.07239106 0.08377434
v -0.14197424 0.07291131 0.08445456
v -0.14238371 0.07229700 0.08371944
v -0.14152731 0.07309400 0.08525692
v -0.14108039 0.07291131 0.08605929
v -0.14070152 0.07239106 0.08673950
v -0.14067093 0.07229700 0.08679441
v -0.14093021 0.07270508 0.08632893
v -0.14035945 0.07069400 0.08735361
v -0.13871272 0.06490991 0.09031002
v -0.14070152 0.06899694 0.08673950
v -0.14044835 0.06977556 0.08719401
v -0.14044835 0.07161244 0.08719401
v -0.11958849 0.02560894 0.12464410
v -0.11341837 0.00246975 0.13572142
v -0.11252148 0.00246975 0.13733163
v -0.11955790 0.02570300 0.12469900
v -0.11341837 0.00200000 0.13572142
v -0.11252148 0.09600000 0.13733163
v -0.11096872 0.09073563 0.15525761
v -0.11096872 0.09086226 0.15589420
v -0.11226872 0.09086226 0.15589420
v -0.11096872 0.09037503 0.15471792
v -0.11226872 0.09073563 0.15525761
v -0.11096872 0.08983535 0.15435733
v -0.11226872 0.09037503 0.15471792
v -0.11096872 0.08919876 0.15423070
v -0.11226872 0.08983535 0.15435733
v -0.11096872 0.08856216 0.15435733
v -0.11226872 0.08919876 0.15423070
v -0.11096872 0.08802249 0.15471792
v -0.11226872 0.08856216 0.15435733
v -0.11096872 0.08766188 0.15525761
v -0.11226872 0.08802249 0.15471792
v -0.11096872 0.08753525 0.15589420
v -0.11226872 0.08766188 0.15525761
v -0.11096872 0.08766188 0.15653080
v -0.11226872 0.08753525 0.15589420
v -0.11096872 0.08802249 0.15707047
v -0.11226872 0.08766188 0.15653080
v -0.11096872 0.08856216 0.15743107
v -0.11226872 0.08802249 0.15707047
v -0.11096872 0.08919876 0.15755770
v -0.11226872 0.08856216 0.15743107
v -0.11096872 0.08983535 0.15743107
v -0.11226872 0.08919876 0.15755770
v -0.11096872 0.09037503 0.15707047
v -0.11226872 0.08983535 0.15743107
v -0.11096872 0.09073563 0.15653080
v -0.11226872 0.09037503 0.15707047
v -0.11226872 0.09073563 0.15653080
v -0.11096872 0.09073563 0.17025560
v -0.11096872 0.09086226 0.17089219
v -0.11226872 0.09086226 0.17089219
v -0.11096872 0.09037503 0.16971593
v -0.11226872 0.09073563 0.17025560
v -0.11096872 0.08983535 0.16935533
v -0.11226872 0.09037503 0.16971593
v -0.11096872 0.08919876 0.16922870
v -0.11226872 0.08983535 0.16935533
v -0.11096872 0.08856216 0.16935533
v -0.11226872 0.08919876 0.16922870
v -0.11096872 0.08802249 0.16971593
v -0.11226872 0.08856216 0.16935533
v -0.11096872 0.08766188 0.17025560
v -0.11226872 0.08802249 0.16971593
v -0.11096872 0.08753525 0.17089219
v -0.11226872 0.08766188 0.17025560
v -0.11096872 0.08766188 0.17152879
v -0.11226872 0.08753525 0.17089219
v -0.11096872 0.08802249 0.17206848
v -0.11226872 0.08766188 0.17152879
v -0.11096872 0.08856216 0.17242907
v -0.11226872 0.08802249 0.17206848
v -0.11096872 0.08919876 0.17255570
v -0.11226872 0.08856216 0.17242907
v -0.11096872 0.08983535 0.17242907
v -0.11226872 0.08919876 0.17255570
v -0.11096872 0.09037503 0.17206848
v -0.11226872 0.08983535 0.17242907
v -0.11096872 0.09073563 0.17152879
v -0.11226872 0.09037503 0.17206848
v -0.11226872 0.09073563 0.17152879
v -0.11096872 0.09073563 0.18525361
v -0.11096872 0.09086226 0.18589020
v -0.11226872 0.09086226 0.18589020
v -0.11096872 0.09037503 0.18471393
v -0.11226872 0.09073563 0.18525361
v -0.11096872 0.08983535 0.18435332
v -0.11226872 0.09037503 0.18471393
v -0.11096872 0.08919876 0.18422669
v -0.11226872 0.08983535 0.18435332
v -0.11096872 0.08856216 0.18435332
v -0.11226872 0.08919876 0.18422669
v -0.11096872 0.08802249 0.18471393
v -0.11226872 0.08856216 0.18435332
v -0.11096872 0.08766188 0.18525361
v -0.11226872 0.08802249 0.18471393
v -0.11096872 0.08753525 0.18589020
v -0.11226872 0.08766188 0.18525361
v -0.11096872 0.08766188 0.18652679
v -0.11226872 0.08753525 0.18589020
v -0.11096872 0.08802249 0.18706647
v -0.11226872 0.08766188 0.18652679
v -0.11096872 0.08856216 0.18742707
v -0.11226872 0.08802249 0.18706647
v -0.11096872 0.08919876 0.18755370
v -0.11226872 0.08856216 0.18742707
v -0.11096872 0.08983535 0.18742707
v -0.11226872 0.08919876 0.18755370
v -0.11096872 0.09037503 0.18706647
v -0.11226872 0.08983535 0.18742707
v -0.11096872 0.09073563 0.18652679
v -0.11226872 0.09037503 0.18706647
v -0.11226872 0.09073563 0.18652679
v -0.11096872 0.09073563 0.20025161
v -0.11096872 0.09086226 0.20088820
v -0.11226872 0.09086226 0.20088820
v -0.11096872 0.09037503 0.19971193
v -0.11226872 0.09073563 0.20025161
v -0.11096872 0.08983535 0.19935133
v -0.11226872 0.09037503 0.19971193
v -0.11096872 0.08919876 0.19922470
v -0.11226872 0.08983535 0.19935133
v -0.11096872 0.08856216 0.19935133
v -0.11226872 0.08919876 0.19922470
v -0.11096872 0.08802249 0.19971193
v -0.11226872 0.08856216 0.19935133
v -0.11096872 0.08766188 0.20025161
v -0.11226872 0.08802249 0.19971193
v -0.11096872 0.08753525 0.20088820
v -0.11226872 0.08766188 0.20025161
v -0.11096872 0.08766188 0.20152479
v -0.11226872 0.08753525 0.20088820
v -0.11096872 0.08802249 0.20206447
v -0.11226872 0.08766188 0.20152479
v -0.11096872 0.08856216 0.20242508
v -0.11226872 0.08802249 0.20206447
v -0.11096872 0.08919876 0.20255169
v -0.11226872 0.08856216 0.20242508
v -0.11096872 0.08983535 0.20242508
v -0.11226872 0.08919876 0.20255169
v -0.11096872 0.09037503 0.20206447
v -0.11226872 0.08983535 0.20242508
v -0.11096872 0.09073563 0.20152479
v -0.11226872 0.09037503 0.20206447
v -0.11226872 0.09073563 0.20152479
v -0.11096872 0.09073563 0.21524960
v -0.11096872 0.09086226 0.21588621
v -0.11226872 0.09086226 0.21588621
v -0.11096872 0.09037503 0.21470992
v -0.11226872 0.09073563 0.21524960
v -0.11096872 0.08983535 0.21434933
v -0.11226872 0.09037503 0.21470992
v -0.11096872 0.08919876 0.21422270
v -0.11226872 0.08983535 0.21434933
v -0.11096872 0.08856216 0.21434933
v -0.11226872 0.08919876 0.21422270
v -0.11096872 0.08802249 0.21470992
v -0.11226872 0.08856216 0.21434933
v -0.11096872 0.08766188 0.21524960
v -0.11226872 0.08802249 0.21470992
v -0.11096872 0.08753525 0.21588621
v -0.11226872 0.08766188 0.21524960
v -0.11096872 0.08766188 0.21652280
v -0.11226872 0.08753525 0.21588621
v -0.11096872 0.08802249 0.21706247
v -0.11226872 0.08766188 0.21652280
v -0.11096872 0.08856216 0.21742307
v -0.11226872 0.08802249 0.21706247
v -0.11096872 0.08919876 0.21754970
v -0.11226872 0.08856216 0.21742307
v -0.11096872 0.08983535 0.21742307
v -0.11226872 0.08919876 0.21754970
v -0.11096872 0.09037503 0.21706247
v -0.11226872 0.08983535 0.21742307
v -0.11096872 0.09073563 0.21652280
v -0.11226872 0.09037503 0.21706247
v -0.11226872 0.09073563 0.21652280
v -0.11096872 0.09073563 0.23024760
v -0.11096872 0.09086226 0.23088419
v -0.11226872 0.09086226 0.23088419
v -0.11096872 0.09037503 0.22970793
v -0.11226872 0.09073563 0.23024760
v -0.11096872 0.08983535 0.22934732
v -0.11226872 0.09037503 0.22970793
v -0.11096872 0.08919876 0.22922070
v -0.11226872 0.08983535 0.22934732
v -0.11096872 0.08856216 0.22934732
v -0.11226872 0.08919876 0.22922070
v -0.11096872 0.08802249 0.22970793
v -0.11226872 0.08856216 0.22934732
v -0.11096872 0.08766188 0.23024760
v -0.11226872 0.08802249 0.22970793
v -0.11096872 0.08753525 0.23088419
v -0.11226872 0.08766188 0.23024760
v -0.11096872 0.08766188 0.23152079
v -0.11226872 0.08753525 0.23088419
v -0.11096872 0.08802249 0.23206048
v -0.11226872 0.08766188 0.23152079
v -0.11096872 0.08856216 0.23242107
v -0.11226872 0.08802249 0.23206048
v -0.11096872 0.08919876 0.23254770
v -0.11226872 0.08856216 0.23242107
v -0.11096872 0.08983535 0.23242107
v -0.11226872 0.08919876 0.23254770
v -0.11096872 0.09037503 0.23206048
v -0.11226872 0.08983535 0.23242107
v -0.11096872 0.09073563 0.23152079
v -0.11226872 0.09037503 0.23206048
v -0.11226872 0.09073563 0.23152079
v -0.11096872 0.09600000 0.22338520
v -0.11096872 0.09600000 0.24317546
v -0.11096872 0.09343113 0.24317546
v -0.11096872 0.09600000 0.20838720
v -0.11096872 0.09343113 0.22338520
v -0.11096872 0.09600000 0.19338919
v -0.11096872 0.09343113 0.20838720
v -0.11096872 0.00200000 0.19338919
v -0.11096872 0.08766188 0.20025161
v -0.11096872 0.08753525 0.20088820
v -0.11096872 0.08802249 0.19971193
v -0.11096872 0.09343113 0.19338919
v -0.11096872 0.08856216 0.19935133
v -0.11096872 0.08983535 0.19935133
v -0.11096872 0.08919876 0.19922470
v -0.11096872 0.00200000 0.20838720
v -0.11096872 0.08802249 0.20206447
v -0.11096872 0.08856216 0.20242508
v -0.11096872 0.08983535 0.20242508
v -0.11096872 0.09037503 0.20206447
v -0.11096872 0.08766188 0.20152479
v -0.11096872 0.09073563 0.20025161
v -0.11096872 0.09037503 0.19971193
v -0.11096872 0.09086226 0.20088820
v -0.11096872 0.09073563 0.20152479
v -0.11096872 0.08919876 0.20255169
v -0.11096872 0.09600000 0.17839120
v -0.11096872 0.08802249 0.18706647
v -0.11096872 0.08856216 0.18742707
v -0.11096872 0.00200000 0.17839120
v -0.11096872 0.08753525 0.18589020
v -0.11096872 0.08766188 0.18652679
v -0.11096872 0.08766188 0.18525361
v -0.11096872 0.09343113 0.17839120
v -0.11096872 0.08856216 0.18435332
v -0.11096872 0.08802249 0.18471393
v -0.11096872 0.09073563 0.18652679
v -0.11096872 0.09086226 0.18589020
v -0.11096872 0.08983535 0.18742707
v -0.11096872 0.09037503 0.18706647
v -0.11096872 0.08983535 0.18435332
v -0.11096872 0.08919876 0.18422669
v -0.11096872 0.09073563 0.18525361
v -0.11096872 0.09037503 0.18471393
v -0.11096872 0.08919876 0.18755370
v -0.11096872 0.09600000 0.16339320
v -0.11096872 0.08802249 0.17206848
v -0.11096872 0.08856216 0.17242907
v -0.11096872 0.00200000 0.16339320
v -0.11096872 0.08753525 0.17089219
v -0.11096872 0.08766188 0.17152879
v -0.11096872 0.08766188 0.17025560
v -0.11096872 0.09343113 0.16339320
v -0.11096872 0.08856216 0.16935533
v -0.11096872 0.08802249 0.16971593
v -0.11096872 0.09073563 0.17152879
v -0.11096872 0.09086226 0.17089219
v -0.11096872 0.08983535 0.17242907
v -0.11096872 0.09037503 0.17206848
v -0.11096872 0.08983535 0.16935533
v -0.11096872 0.08919876 0.16922870
v -0.11096872 0.09073563 0.17025560
v -0.11096872 0.09037503 0.16971593
v -0.11096872 0.08919876 0.17255570
v -0.11096872 0.09600000 0.13830484
v -0.11096872 0.09600000 0.25380322
v -0.11096872 0.09343113 0.25259906
v -0.11096872 0.08919876 0.22922070
v -0.11096872 0.08856216 0.22934732
v -0.11096872 0.03110821 0.22338520
v -0.11096872 0.08753525 0.23088419
v -0.11096872 0.08766188 0.23152079
v -0.11096872 0.08802249 0.22970793
v -0.11096872 0.08766188 0.23024760
v -0.11096872 0.08983535 0.22934732
v -0.11096872 0.09073563 0.23152079
v -0.11096872 0.09086226 0.23088419
v -0.11096872 0.08983535 0.23242107
v -0.11096872 0.09037503 0.23206048
v -0.11096872 0.07332744 0.24317546
v -0.11096872 0.08856216 0.23242107
v -0.11096872 0.08802249 0.23206048
v -0.11096872 0.09073563 0.23024760
v -0.11096872 0.09037503 0.22970793
v -0.11096872 0.08919876 0.23254770
v -0.11096872 0.08766188 0.21524960
v -0.11096872 0.08753525 0.21588621
v -0.11096872 0.08766188 0.21652280
v -0.11096872 0.08802249 0.21470992
v -0.11096872 0.08856216 0.21434933
v -0.11096872 0.08983535 0.21434933
v -0.11096872 0.08919876 0.21422270
v -0.11096872 0.00200000 0.20974073
v -0.11096872 0.08983535 0.21742307
v -0.11096872 0.09037503 0.21706247
v -0.11096872 0.08856216 0.21742307
v -0.11096872 0.08802249 0.21706247
v -0.11096872 0.09073563 0.21524960
v -0.11096872 0.09037503 0.21470992
v -0.11096872 0.09086226 0.21588621
v -0.11096872 0.09073563 0.21652280
v -0.11096872 0.08919876 0.21754970
v -0.11096872 0.00246975 0.14014800
v -0.11096872 0.08766188 0.15525761
v -0.11096872 0.08753525 0.15589420
v -0.11096872 0.00200000 0.14014800
v -0.11096872 0.08802249 0.15471792
v -0.11096872 0.08983535 0.15743107
v -0.11096872 0.09037503 0.15707047
v -0.11096872 0.08802249 0.15707047
v -0.11096872 0.08856216 0.15743107
v -0.11096872 0.08919876 0.15423070
v -0.11096872 0.08856216 0.15435733
v -0.11096872 0.09343113 0.13830484
v -0.11096872 0.09073563 0.15525761
v -0.11096872 0.09037503 0.15471792
v -0.11096872 0.09086226 0.15589420
v -0.11096872 0.09073563 0.15653080
v -0.11096872 0.08919876 0.15755770
v -0.11096872 0.08766188 0.15653080
v -0.11096872 0.08983535 0.15435733
v -0.11096872 0.00246975 0.13830484
v -0.11226872 0.09600000 0.13830484
v -0.11226872 0.09343113 0.13830484
v -0.11226872 0.09343113 0.16339320
v -0.11226872 0.09600000 0.16339320
v -0.11226872 0.09343113 0.17839120
v -0.11226872 0.09086226 0.17089219
v -0.11226872 0.09073563 0.17152879
v -0.11226872 0.09037503 0.17206848
v -0.11226872 0.09073563 0.17025560
v -0.11226872 0.08983535 0.16935533
v -0.11226872 0.09037503 0.16971593
v -0.11226872 0.08983535 0.17242907
v -0.11226872 0.08919876 0.17255570
v -0.11226872 0.00200000 0.16339320
v -0.11226872 0.08802249 0.16971593
v -0.11226872 0.08856216 0.16935533
v -0.11226872 0.00200000 0.17839120
v -0.11226872 0.08856216 0.17242907
v -0.11226872 0.08919876 0.16922870
v -0.11226872 0.08766188 0.17025560
v -0.11226872 0.08766188 0.17152879
v -0.11226872 0.08753525 0.17089219
v -0.11226872 0.08802249 0.17206848
v -0.11226872 0.09600000 0.17839120
v -0.11226872 0.09343113 0.19338919
v -0.11226872 0.09086226 0.18589020
v -0.11226872 0.09073563 0.18652679
v -0.11226872 0.09037503 0.18706647
v -0.11226872 0.09073563 0.18525361
v -0.11226872 0.08983535 0.18435332
v -0.11226872 0.09037503 0.18471393
v -0.11226872 0.08983535 0.18742707
v -0.11226872 0.08919876 0.18755370
v -0.11226872 0.08802249 0.18471393
v -0.11226872 0.08856216 0.18435332
v -0.11226872 0.00200000 0.19338919
v -0.11226872 0.08856216 0.18742707
v -0.11226872 0.08919876 0.18422669
v -0.11226872 0.08766188 0.18525361
v -0.11226872 0.08766188 0.18652679
v -0.11226872 0.08753525 0.18589020
v -0.11226872 0.08802249 0.18706647
v -0.11226872 0.09600000 0.19338919
v -0.11226872 0.09343113 0.20838720
v -0.11226872 0.09073563 0.20025161
v -0.11226872 0.09086226 0.20088820
v -0.11226872 0.09073563 0.20152479
v -0.11226872 0.09037503 0.20206447
v -0.11226872 0.08983535 0.19935133
v -0.11226872 0.09037503 0.19971193
v -0.11226872 0.08856216 0.19935133
v -0.11226872 0.08919876 0.19922470
v -0.11226872 0.08802249 0.19971193
v -0.11226872 0.00200000 0.20838720
v -0.11226872 0.08753525 0.20088820
v -0.11226872 0.08856216 0.20242508
v -0.11226872 0.08983535 0.20242508
v -0.11226872 0.08919876 0.20255169
v -0.11226872 0.08766188 0.20025161
v -0.11226872 0.08802249 0.20206447
v -0.11226872 0.08766188 0.20152479
v -0.11226872 0.09600000 0.20838720
v -0.11226872 0.09343113 0.22338520
v -0.11226872 0.09600000 0.22338520
v -0.11226872 0.09343113 0.24317546
v -0.11226872 0.08856216 0.15743107
v -0.11226872 0.09073563 0.15525761
v -0.11226872 0.09086226 0.15589420
v -0.11226872 0.08802249 0.15707047
v -0.11226872 0.09073563 0.15653080
v -0.11226872 0.09037503 0.15707047
v -0.11226872 0.08766188 0.15653080
v -0.11226872 0.08983535 0.15743107
v -0.11226872 0.08919876 0.15755770
v -0.11226872 0.08983535 0.15435733
v -0.11226872 0.09037503 0.15471792
v -0.11226872 0.08856216 0.15435733
v -0.11226872 0.08919876 0.15423070
v -0.11226872 0.00246975 0.13830484
v -0.11226872 0.08802249 0.15471792
v -0.11226872 0.08766188 0.15525761
v -0.11226872 0.00246975 0.14014800
v -0.11226872 0.08753525 0.15589420
v -0.11226872 0.09073563 0.21524960
v -0.11226872 0.09086226 0.21588621
v -0.11226872 0.09073563 0.21652280
v -0.11226872 0.09037503 0.21706247
v -0.11226872 0.08919876 0.21754970
v -0.11226872 0.08856216 0.21742307
v -0.11226872 0.08983535 0.21434933
v -0.11226872 0.09037503 0.21470992
v -0.11226872 0.08856216 0.21434933
v -0.11226872 0.08919876 0.21422270
v -0.11226872 0.08802249 0.21470992
v -0.11226872 0.00200000 0.20974073
v -0.11226872 0.08753525 0.21588621
v -0.11226872 0.08983535 0.21742307
v -0.11226872 0.08766188 0.21524960
v -0.11226872 0.03110821 0.22338520
v -0.11226872 0.08802249 0.21706247
v -0.11226872 0.08766188 0.21652280
v -0.11226872 0.09086226 0.23088419
v -0.11226872 0.09073563 0.23152079
v -0.11226872 0.09037503 0.23206048
v -0.11226872 0.09073563 0.23024760
v -0.11226872 0.08856216 0.22934732
v -0.11226872 0.08919876 0.23254770
v -0.11226872 0.08856216 0.23242107
v -0.11226872 0.08983535 0.22934732
v -0.11226872 0.09037503 0.22970793
v -0.11226872 0.08919876 0.22922070
v -0.11226872 0.08983535 0.23242107
v -0.11226872 0.08802249 0.22970793
v -0.11226872 0.08753525 0.23088419
v -0.11226872 0.08766188 0.23024760
v -0.11226872 0.07332744 0.24317546
v -0.11226872 0.08766188 0.23152079
v -0.11226872 0.08802249 0.23206048
v -0.11226872 0.09600000 0.24317546
v -0.11226872 0.09343113 0.25259906
v -0.11226872 0.09600000 0.25380322
v -0.11226872 0.00200000 0.14014800
v -0.10475530 0.08371689 0.25025433
v -0.10411871 0.08383154 0.25030810
v -0.10411871 0.08327978 0.25148517
v -0.10529499 0.08339038 0.25010130
v -0.10475530 0.08316512 0.25143144
v -0.10565559 0.08290172 0.24987224
v -0.10529499 0.08283862 0.25127840
v -0.10578221 0.08232531 0.24960203
v -0.10565559 0.08234996 0.25104934
v -0.10565559 0.08174890 0.24933185
v -0.10578221 0.08177355 0.25077912
v -0.10529499 0.08126025 0.24910279
v -0.10565559 0.08119714 0.25050893
v -0.10475530 0.08093373 0.24894974
v -0.10529499 0.08070848 0.25027987
v -0.10411871 0.08081909 0.24889599
v -0.10475530 0.08038197 0.25012684
v -0.10348212 0.08093373 0.24894974
v -0.10411871 0.08026732 0.25007311
v -0.10294244 0.08126025 0.24910279
v -0.10348212 0.08038197 0.25012684
v -0.10258184 0.08174890 0.24933185
v -0.10294244 0.08070848 0.25027987
v -0.10245521 0.08232531 0.24960203
v -0.10258184 0.08119714 0.25050893
v -0.10258184 0.08290172 0.24987224
v -0.10245521 0.08177355 0.25077912
v -0.10294244 0.08339038 0.25010130
v -0.10258184 0.08234996 0.25104934
v -0.10348212 0.08371689 0.25025433
v -0.10294244 0.08283862 0.25127840
v -0.10348212 0.08316512 0.25143144
v -0.10475530 0.07008792 0.24386576
v -0.10411871 0.07020257 0.24391951
v -0.10411871 0.06965081 0.24509661
v -0.10529499 0.06976141 0.24371271
v -0.10475530 0.06953616 0.24504286
v -0.10565559 0.06927276 0.24348365
v -0.10529499 0.06920965 0.24488981
v -0.10578221 0.06869634 0.24321346
v -0.10565559 0.06872099 0.24466075
v -0.10565559 0.06811994 0.24294327
v -0.10578221 0.06814458 0.24439056
v -0.10529499 0.06763128 0.24271421
v -0.10565559 0.06756817 0.24412036
v -0.10475530 0.06730477 0.24256116
v -0.10529499 0.06707951 0.24389131
v -0.10411871 0.06719011 0.24250741
v -0.10475530 0.06675301 0.24373825
v -0.10348212 0.06730477 0.24256116
v -0.10411871 0.06663835 0.24368452
v -0.10294244 0.06763128 0.24271421
v -0.10348212 0.06675301 0.24373825
v -0.10258184 0.06811994 0.24294327
v -0.10294244 0.06707951 0.24389131
v -0.10245521 0.06869634 0.24321346
v -0.10258184 0.06756817 0.24412036
v -0.10258184 0.06927276 0.24348365
v -0.10245521 0.06814458 0.24439056
v -0.10294244 0.06976141 0.24371271
v -0.10258184 0.06872099 0.24466075
v -0.10348212 0.07008792 0.24386576
v -0.10294244 0.06920965 0.24488981
v -0.10348212 0.06953616 0.24504286
v -0.10475530 0.05645895 0.23747718
v -0.10411871 0.05657361 0.23753093
v -0.10411871 0.05602184 0.23870802
v -0.10529499 0.05613244 0.23732413
v -0.10475530 0.05590719 0.23865429
v -0.10565559 0.05564379 0.23709507
v -0.10529499 0.05558068 0.23850124
v -0.10578221 0.05506738 0.23682489
v -0.10565559 0.05509202 0.23827218
v -0.10565559 0.05449097 0.23655470
v -0.10578221 0.05451561 0.23800197
v -0.10529499 0.05400231 0.23632564
v -0.10565559 0.05393920 0.23773178
v -0.10475530 0.05367580 0.23617259
v -0.10529499 0.05345055 0.23750272
v -0.10411871 0.05356115 0.23611884
v -0.10475530 0.05312404 0.23734967
v -0.10348212 0.05367580 0.23617259
v -0.10411871 0.05300938 0.23729593
v -0.10294244 0.05400231 0.23632564
v -0.10348212 0.05312404 0.23734967
v -0.10258184 0.05449097 0.23655470
v -0.10294244 0.05345055 0.23750272
v -0.10245521 0.05506738 0.23682489
v -0.10258184 0.05393920 0.23773178
v -0.10258184 0.05564379 0.23709507
v -0.10245521 0.05451561 0.23800197
v -0.10294244 0.05613244 0.23732413
v -0.10258184 0.05509202 0.23827218
v -0.10348212 0.05645895 0.23747718
v -0.10294244 0.05558068 0.23850124
v -0.10348212 0.05590719 0.23865429
v -0.10475530 0.04282999 0.23108861
v -0.10411871 0.04294464 0.23114234
v -0.10411871 0.04239288 0.23231944
v -0.10529499 0.04250348 0.23093556
v -0.10475530 0.04227822 0.23226570
v -0.10565559 0.04201482 0.23070650
v -0.10529499 0.04195171 0.23211265
v -0.10578221 0.04143841 0.23043631
v -0.10565559 0.04146305 0.23188359
v -0.10565559 0.04086200 0.23016611
v -0.10578221 0.04088664 0.23161340
v -0.10529499 0.04037334 0.22993705
v -0.10565559 0.04031023 0.23134321
v -0.10475530 0.04004683 0.22978400
v -0.10529499 0.03982158 0.23111415
v -0.10411871 0.03993218 0.22973026
v -0.10475530 0.03949507 0.23096110
v -0.10348212 0.04004683 0.22978400
v -0.10411871 0.03938041 0.23090735
v -0.10294244 0.04037334 0.22993705
v -0.10348212 0.03949507 0.23096110
v -0.10258184 0.04086200 0.23016611
v -0.10294244 0.03982158 0.23111415
v -0.10245521 0.04143841 0.23043631
v -0.10258184 0.04031023 0.23134321
v -0.10258184 0.04201482 0.23070650
v -0.10245521 0.04088664 0.23161340
v -0.10294244 0.04250348 0.23093556
v -0.10258184 0.04146305 0.23188359
v -0.10348212 0.04282999 0.23108861
v -0.10294244 0.04195171 0.23211265
v -0.10348212 0.04227822 0.23226570
v -0.10475530 0.02920102 0.22470002
v -0.10411871 0.02931567 0.22475377
v -0.10411871 0.02876391 0.22593087
v -0.10529499 0.02887451 0.22454697
v -0.10475530 0.02864925 0.22587712
v -0.10565559 0.02838585 0.22431792
v -0.10529499 0.02832274 0.22572407
v -0.10578221 0.02780944 0.22404772
v -0.10565559 0.02783409 0.22549501
v -0.10565559 0.02723303 0.22377753
v -0.10578221 0.02725768 0.22522482
v -0.10529499 0.02674438 0.22354847
v -0.10565559 0.02668127 0.22495463
v -0.10475530 0.02641786 0.22339542
v -0.10529499 0.02619261 0.22472557
v -0.10411871 0.02630321 0.22334167
v -0.10475530 0.02586610 0.22457252
v -0.10348212 0.02641786 0.22339542
v -0.10411871 0.02575145 0.22451878
v -0.10294244 0.02674438 0.22354847
v -0.10348212 0.02586610 0.22457252
v -0.10258184 0.02723303 0.22377753
v -0.10294244 0.02619261 0.22472557
v -0.10245521 0.02780944 0.22404772
v -0.10258184 0.02668127 0.22495463
v -0.10258184 0.02838585 0.22431792
v -0.10245521 0.02725768 0.22522482
v -0.10294244 0.02887451 0.22454697
v -0.10258184 0.02783409 0.22549501
v -0.10348212 0.02920102 0.22470002
v -0.10294244 0.02832274 0.22572407
v -0.10348212 0.02864925 0.22587712
v -0.10475530 0.01557205 0.21831144
v -0.10411871 0.01568670 0.21836519
v -0.10411871 0.01513494 0.21954229
v -0.10529499 0.01524554 0.21815839
v -0.10475530 0.01502028 0.21948855
v -0.10565559 0.01475688 0.21792933
v -0.10529499 0.01469378 0.21933550
v -0.10578221 0.01418047 0.21765915
v -0.10565559 0.01420512 0.21910644
v -0.10565559 0.01360406 0.21738896
v -0.10578221 0.01362871 0.21883625
v -0.10529499 0.01311541 0.21715990
v -0.10565559 0.01305230 0.21856605
v -0.10475530 0.01278890 0.21700685
v -0.10529499 0.01256364 0.21833700
v -0.10411871 0.01267424 0.21695310
v -0.10475530 0.01223713 0.21818393
v -0.10348212 0.01278890 0.21700685
v -0.10411871 0.01212248 0.21813020
v -0.10294244 0.01311541 0.21715990
v -0.10348212 0.01223713 0.21818393
v -0.10258184 0.01360406 0.21738896
v -0.10294244 0.01256364 0.21833700
v -0.10245521 0.01418047 0.21765915
v -0.10258184 0.01305230 0.21856605
v -0.10258184 0.01475688 0.21792933
v -0.10245521 0.01362871 0.21883625
v -0.10294244 0.01524554 0.21815839
v -0.10258184 0.01420512 0.21910644
v -0.10348212 0.01557205 0.21831144
v -0.10294244 0.01469378 0.21933550
v -0.10348212 0.01502028 0.21948855
v -0.10737547 0.02044319 0.22203054
v -0.10896871 0.02044319 0.22203054
v -0.10896871 0.00059937 0.21272874
v -0.10737547 -0.00000000 0.21244779
v -0.10737547 0.03407216 0.22841911
v -0.09926871 0.02044319 0.22203054
v -0.09926871 0.03407216 0.22841911
v -0.10245521 0.02725768 0.22522482
v -0.10565559 0.02668127 0.22495463
v -0.10578221 0.02725768 0.22522482
v -0.10258184 0.02668127 0.22495463
v -0.10294244 0.02832274 0.22572407
v -0.10258184 0.02783409 0.22549501
v -0.10411871 0.02876391 0.22593087
v -0.10565559 0.02783409 0.22549501
v -0.10529499 0.02619261 0.22472557
v -0.10348212 0.02586610 0.22457252
v -0.10411871 0.02575145 0.22451878
v -0.10348212 0.02864925 0.22587712
v -0.10529499 0.02832274 0.22572407
v -0.10475530 0.02864925 0.22587712
v -0.10294244 0.02619261 0.22472557
v -0.10475530 0.02586610 0.22457252
v -0.10896871 0.03407216 0.22841911
v -0.10737547 0.04770113 0.23480769
v -0.09926871 0.04770113 0.23480769
v -0.10258184 0.04146305 0.23188359
v -0.10245521 0.04088664 0.23161340
v -0.10294244 0.04195171 0.23211265
v -0.10578221 0.04088664 0.23161340
v -0.10411871 0.04239288 0.23231944
v -0.10565559 0.04146305 0.23188359
v -0.10529499 0.03982158 0.23111415
v -0.10565559 0.04031023 0.23134321
v -0.10348212 0.03949507 0.23096110
v -0.10411871 0.03938041 0.23090735
v -0.10258184 0.04031023 0.23134321
v -0.10348212 0.04227822 0.23226570
v -0.10529499 0.04195171 0.23211265
v -0.10475530 0.04227822 0.23226570
v -0.10294244 0.03982158 0.23111415
v -0.10475530 0.03949507 0.23096110
v -0.10896871 0.04770113 0.23480769
v -0.10737547 0.06133010 0.24119627
v -0.09926871 0.06133010 0.24119627
v -0.10245521 0.05451561 0.23800197
v -0.10294244 0.05558068 0.23850124
v -0.10258184 0.05509202 0.23827218
v -0.10578221 0.05451561 0.23800197
v -0.10565559 0.05509202 0.23827218
v -0.10565559 0.05393920 0.23773178
v -0.10348212 0.05312404 0.23734967
v -0.10411871 0.05300938 0.23729593
v -0.10294244 0.05345055 0.23750272
v -0.10258184 0.05393920 0.23773178
v -0.10411871 0.05602184 0.23870802
v -0.10529499 0.05345055 0.23750272
v -0.10475530 0.05312404 0.23734967
v -0.10348212 0.05590719 0.23865429
v -0.10529499 0.05558068 0.23850124
v -0.10475530 0.05590719 0.23865429
v -0.10896871 0.06133010 0.24119627
v -0.10737547 0.07495906 0.24758485
v -0.10578221 0.06814458 0.24439056
v -0.09926871 0.07495906 0.24758485
v -0.10258184 0.06872099 0.24466075
v -0.10245521 0.06814458 0.24439056
v -0.10565559 0.06872099 0.24466075
v -0.10529499 0.06707951 0.24389131
v -0.10565559 0.06756817 0.24412036
v -0.10258184 0.06756817 0.24412036
v -0.10294244 0.06920965 0.24488981
v -0.10475530 0.06675301 0.24373825
v -0.10348212 0.06675301 0.24373825
v -0.10411871 0.06663835 0.24368452
v -0.10294244 0.06707951 0.24389131
v -0.10411871 0.06965081 0.24509661
v -0.10475530 0.06953616 0.24504286
v -0.10529499 0.06920965 0.24488981
v -0.10348212 0.06953616 0.24504286
v -0.10896871 0.07495906 0.24758485
v -0.10737547 0.08963989 0.25446647
v -0.10578221 0.08177355 0.25077912
v -0.09926871 0.08963989 0.25446647
v -0.10258184 0.08234996 0.25104934
v -0.10245521 0.08177355 0.25077912
v -0.10565559 0.08119714 0.25050893
v -0.10475530 0.08038197 0.25012684
v -0.10529499 0.08070848 0.25027987
v -0.10258184 0.08119714 0.25050893
v -0.10294244 0.08070848 0.25027987
v -0.10565559 0.08234996 0.25104934
v -0.10529499 0.08283862 0.25127840
v -0.10348212 0.08316512 0.25143144
v -0.10294244 0.08283862 0.25127840
v -0.10411871 0.08327978 0.25148517
v -0.10348212 0.08038197 0.25012684
v -0.10411871 0.08026732 0.25007311
v -0.10475530 0.08316512 0.25143144
v -0.10896871 0.08963989 0.25446647
v -0.10737547 0.09600000 0.25744778
v -0.09926871 0.09418909 0.25659892
v -0.09942096 0.09488209 0.25692376
v -0.09985450 0.09546959 0.25719917
v -0.10050335 0.09586215 0.25738317
v -0.10126872 0.09600000 0.25744778
v -0.10411871 0.01212248 0.21813020
v -0.09942096 0.00111791 0.21297181
v -0.09926871 0.00181092 0.21329665
v -0.09985450 0.00053041 0.21269642
v -0.10126872 -0.00000000 0.21244779
v -0.10050335 0.00013785 0.21251240
v -0.10245521 0.01362871 0.21883625
v -0.10258184 0.01305230 0.21856605
v -0.10294244 0.01256364 0.21833700
v -0.10258184 0.01420512 0.21910644
v -0.10578221 0.01362871 0.21883625
v -0.10565559 0.01420512 0.21910644
v -0.10565559 0.01305230 0.21856605
v -0.10475530 0.01223713 0.21818393
v -0.10529499 0.01256364 0.21833700
v -0.10348212 0.01223713 0.21818393
v -0.10294244 0.01469378 0.21933550
v -0.10411871 0.01513494 0.21954229
v -0.10348212 0.01502028 0.21948855
v -0.10529499 0.01469378 0.21933550
v -0.10475530 0.01502028 0.21948855
v -0.10896871 0.09600000 0.25744778
v -0.10896871 -0.00000000 0.21244779
v -0.10896871 0.09019165 0.25328940
v -0.10896871 0.09655176 0.25627068
v -0.10737547 0.09655176 0.25627068
v -0.10896871 0.07551083 0.24640775
v -0.10737547 0.09019165 0.25328940
v -0.09926871 0.09019165 0.25328940
v -0.09926871 0.07551083 0.24640775
v -0.10245521 0.08232531 0.24960203
v -0.10565559 0.08290172 0.24987224
v -0.10578221 0.08232531 0.24960203
v -0.10258184 0.08174890 0.24933185
v -0.10348212 0.08093373 0.24894974
v -0.10294244 0.08126025 0.24910279
v -0.10737547 0.07551083 0.24640775
v -0.10565559 0.08174890 0.24933185
v -0.10529499 0.08126025 0.24910279
v -0.10258184 0.08290172 0.24987224
v -0.10294244 0.08339038 0.25010130
v -0.10475530 0.08371689 0.25025433
v -0.10529499 0.08339038 0.25010130
v -0.10411871 0.08081909 0.24889599
v -0.10348212 0.08371689 0.25025433
v -0.10411871 0.08383154 0.25030810
v -0.10475530 0.08093373 0.24894974
v -0.10896871 0.06188186 0.24001917
v -0.09926871 0.06188186 0.24001917
v -0.10258184 0.06811994 0.24294327
v -0.10245521 0.06869634 0.24321346
v -0.10737547 0.06188186 0.24001917
v -0.10578221 0.06869634 0.24321346
v -0.10258184 0.06927276 0.24348365
v -0.10294244 0.06763128 0.24271421
v -0.10411871 0.06719011 0.24250741
v -0.10565559 0.06811994 0.24294327
v -0.10529499 0.06976141 0.24371271
v -0.10565559 0.06927276 0.24348365
v -0.10348212 0.07008792 0.24386576
v -0.10411871 0.07020257 0.24391951
v -0.10348212 0.06730477 0.24256116
v -0.10529499 0.06763128 0.24271421
v -0.10475530 0.06730477 0.24256116
v -0.10294244 0.06976141 0.24371271
v -0.10475530 0.07008792 0.24386576
v -0.10896871 0.04825289 0.23363060
v -0.09926871 0.04825289 0.23363060
v -0.10258184 0.05449097 0.23655470
v -0.10245521 0.05506738 0.23682489
v -0.10737547 0.04825289 0.23363060
v -0.10578221 0.05506738 0.23682489
v -0.10348212 0.05645895 0.23747718
v -0.10411871 0.05657361 0.23753093
v -0.10258184 0.05564379 0.23709507
v -0.10294244 0.05400231 0.23632564
v -0.10565559 0.05449097 0.23655470
v -0.10529499 0.05613244 0.23732413
v -0.10565559 0.05564379 0.23709507
v -0.10294244 0.05613244 0.23732413
v -0.10411871 0.05356115 0.23611884
v -0.10475530 0.05645895 0.23747718
v -0.10348212 0.05367580 0.23617259
v -0.10529499 0.05400231 0.23632564
v -0.10475530 0.05367580 0.23617259
v -0.10896871 0.03462392 0.22724201
v -0.10565559 0.04201482 0.23070650
v -0.10578221 0.04143841 0.23043631
v -0.09926871 0.03462392 0.22724201
v -0.10245521 0.04143841 0.23043631
v -0.10737547 0.03462392 0.22724201
v -0.10411871 0.03993218 0.22973026
v -0.10565559 0.04086200 0.23016611
v -0.10529499 0.04250348 0.23093556
v -0.10348212 0.04282999 0.23108861
v -0.10411871 0.04294464 0.23114234
v -0.10258184 0.04201482 0.23070650
v -0.10294244 0.04037334 0.22993705
v -0.10258184 0.04086200 0.23016611
v -0.10348212 0.04004683 0.22978400
v -0.10529499 0.04037334 0.22993705
v -0.10475530 0.04004683 0.22978400
v -0.10475530 0.04282999 0.23108861
v -0.10294244 0.04250348 0.23093556
v -0.10896871 0.02099496 0.22085343
v -0.09926871 0.02099496 0.22085343
v -0.10737547 0.02099496 0.22085343
v -0.10411871 0.02630321 0.22334167
v -0.10578221 0.02780944 0.22404772
v -0.10258184 0.02723303 0.22377753
v -0.10245521 0.02780944 0.22404772
v -0.10475530 0.02641786 0.22339542
v -0.10565559 0.02723303 0.22377753
v -0.10529499 0.02887451 0.22454697
v -0.10565559 0.02838585 0.22431792
v -0.10348212 0.02920102 0.22470002
v -0.10411871 0.02931567 0.22475377
v -0.10258184 0.02838585 0.22431792
v -0.10294244 0.02674438 0.22354847
v -0.10348212 0.02641786 0.22339542
v -0.10475530 0.02920102 0.22470002
v -0.10294244 0.02887451 0.22454697
v -0.10529499 0.02674438 0.22354847
v -0.10737547 0.00055176 0.21127069
v -0.10896871 0.00115113 0.21155164
v -0.10896871 0.00055176 0.21127069
v -0.09926871 0.09474085 0.25542182
v -0.10050335 0.09641392 0.25620607
v -0.09985450 0.09602136 0.25602207
v -0.10126872 0.09655176 0.25627068
v -0.09942096 0.09543385 0.25574666
v -0.10411871 0.01267424 0.21695310
v -0.09942096 0.00166967 0.21179470
v -0.09985450 0.00108217 0.21151932
v -0.10348212 0.01278890 0.21700685
v -0.09926871 0.00236268 0.21211955
v -0.10050335 0.00068961 0.21133530
v -0.10475530 0.01278890 0.21700685
v -0.10578221 0.01418047 0.21765915
v -0.10258184 0.01360406 0.21738896
v -0.10245521 0.01418047 0.21765915
v -0.10126872 0.00055176 0.21127069
v -0.10565559 0.01360406 0.21738896
v -0.10529499 0.01524554 0.21815839
v -0.10565559 0.01475688 0.21792933
v -0.10348212 0.01557205 0.21831144
v -0.10411871 0.01568670 0.21836519
v -0.10258184 0.01475688 0.21792933
v -0.10294244 0.01311541 0.21715990
v -0.10475530 0.01557205 0.21831144
v -0.10294244 0.01524554 0.21815839
v -0.10529499 0.01311541 0.21715990
v -0.10830354 0.03269707 -0.03108549
v -0.10817692 0.03333367 -0.03108549
v -0.10817692 0.03333367 -0.03238549
v -0.10866414 0.03215740 -0.03108549
v -0.10830354 0.03269707 -0.03238549
v -0.10920382 0.03179679 -0.03108549
v -0.10866414 0.03215740 -0.03238549
v -0.10984042 0.03167017 -0.03108549
v -0.10920382 0.03179679 -0.03238549
v -0.11047701 0.03179679 -0.03108549
v -0.10984042 0.03167017 -0.03238549
v -0.11101669 0.03215740 -0.03108549
v -0.11047701 0.03179679 -0.03238549
v -0.11137729 0.03269707 -0.03108549
v -0.11101669 0.03215740 -0.03238549
v -0.11150391 0.03333367 -0.03108549
v -0.11137729 0.03269707 -0.03238549
v -0.11137729 0.03397026 -0.03108549
v -0.11150391 0.03333367 -0.03238549
v -0.11101669 0.03450994 -0.03108549
v -0.11137729 0.03397026 -0.03238549
v -0.11047701 0.03487054 -0.03108549
v -0.11101669 0.03450994 -0.03238549
v -0.10984042 0.03499717 -0.03108549
v -0.11047701 0.03487054 -0.03238549
v -0.10920382 0.03487054 -0.03108549
v -0.10984042 0.03499717 -0.03238549
v -0.10866414 0.03450994 -0.03108549
v -0.10920382 0.03487054 -0.03238549
v -0.10830354 0.03397026 -0.03108549
v -0.10866414 0.03450994 -0.03238549
v -0.10830354 0.03397026 -0.03238549
v -0.10830354 0.06403107 -0.03108549
v -0.10817692 0.06466766 -0.03108549
v -0.10817692 0.06466766 -0.03238549
v -0.10866414 0.06349140 -0.03108549
v -0.10830354 0.06403107 -0.03238549
v -0.10920382 0.06313080 -0.03108549
v -0.10866414 0.06349140 -0.03238549
v -0.10984042 0.06300417 -0.03108549
v -0.10920382 0.06313080 -0.03238549
v -0.11047701 0.06313080 -0.03108549
v -0.10984042 0.06300417 -0.03238549
v -0.11101669 0.06349140 -0.03108549
v -0.11047701 0.06313080 -0.03238549
v -0.11137729 0.06403107 -0.03108549
v -0.11101669 0.06349140 -0.03238549
v -0.11150391 0.06466766 -0.03108549
v -0.11137729 0.06403107 -0.03238549
v -0.11137729 0.06530426 -0.03108549
v -0.11150391 0.06466766 -0.03238549
v -0.11101669 0.06584394 -0.03108549
v -0.11137729 0.06530426 -0.03238549
v -0.11047701 0.06620454 -0.03108549
v -0.11101669 0.06584394 -0.03238549
v -0.10984042 0.06633116 -0.03108549
v -0.11047701 0.06620454 -0.03238549
v -0.10920382 0.06620454 -0.03108549
v -0.10984042 0.06633116 -0.03238549
v -0.10866414 0.06584394 -0.03108549
v -0.10920382 0.06620454 -0.03238549
v -0.10830354 0.06530426 -0.03108549
v -0.10866414 0.06584394 -0.03238549
v -0.10830354 0.06530426 -0.03238549
v -0.10830354 0.07969807 -0.03108549
v -0.10817692 0.08033466 -0.03108549
v -0.10817692 0.08033466 -0.03238549
v -0.10866414 0.07915840 -0.03108549
v -0.10830354 0.07969807 -0.03238549
v -0.10920382 0.07879779 -0.03108549
v -0.10866414 0.07915840 -0.03238549
v -0.10984042 0.07867116 -0.03108549
v -0.10920382 0.07879779 -0.03238549
v -0.11047701 0.07879779 -0.03108549
v -0.10984042 0.07867116 -0.03238549
v -0.11101669 0.07915840 -0.03108549
v -0.11047701 0.07879779 -0.03238549
v -0.11137729 0.07969807 -0.03108549
v -0.11101669 0.07915840 -0.03238549
v -0.11150391 0.08033466 -0.03108549
v -0.11137729 0.07969807 -0.03238549
v -0.11137729 0.08097126 -0.03108549
v -0.11150391 0.08033466 -0.03238549
v -0.11101669 0.08151094 -0.03108549
v -0.11137729 0.08097126 -0.03238549
v -0.11047701 0.08187154 -0.03108549
v -0.11101669 0.08151094 -0.03238549
v -0.10984042 0.08199817 -0.03108549
v -0.11047701 0.08187154 -0.03238549
v -0.10920382 0.08187154 -0.03108549
v -0.10984042 0.08199817 -0.03238549
v -0.10866414 0.08151094 -0.03108549
v -0.10920382 0.08187154 -0.03238549
v -0.10830354 0.08097126 -0.03108549
v -0.10866414 0.08151094 -0.03238549
v -0.10830354 0.08097126 -0.03238549
v -0.10830354 0.04836407 -0.03108549
v -0.10817692 0.04900067 -0.03108549
v -0.10817692 0.04900067 -0.03238549
v -0.10866414 0.04782439 -0.03108549
v -0.10830354 0.04836407 -0.03238549
v -0.10920382 0.04746379 -0.03108549
v -0.10866414 0.04782439 -0.03238549
v -0.10984042 0.04733717 -0.03108549
v -0.10920382 0.04746379 -0.03238549
v -0.11047701 0.04746379 -0.03108549
v -0.10984042 0.04733717 -0.03238549
v -0.11101669 0.04782439 -0.03108549
v -0.11047701 0.04746379 -0.03238549
v -0.11137729 0.04836407 -0.03108549
v -0.11101669 0.04782439 -0.03238549
v -0.11150391 0.04900067 -0.03108549
v -0.11137729 0.04836407 -0.03238549
v -0.11137729 0.04963726 -0.03108549
v -0.11150391 0.04900067 -0.03238549
v -0.11101669 0.05017694 -0.03108549
v -0.11137729 0.04963726 -0.03238549
v -0.11047701 0.05053754 -0.03108549
v -0.11101669 0.05017694 -0.03238549
v -0.10984042 0.05066417 -0.03108549
v -0.11047701 0.05053754 -0.03238549
v -0.10920382 0.05053754 -0.03108549
v -0.10984042 0.05066417 -0.03238549
v -0.10866414 0.05017694 -0.03108549
v -0.10920382 0.05053754 -0.03238549
v -0.10830354 0.04963726 -0.03108549
v -0.10866414 0.05017694 -0.03238549
v -0.10830354 0.04963726 -0.03238549
v -0.10830354 0.01703007 -0.03108549
v -0.10817692 0.01766667 -0.03108549
v -0.10817692 0.01766667 -0.03238549
v -0.10866414 0.01649039 -0.03108549
v -0.10830354 0.01703007 -0.03238549
v -0.10920382 0.01612979 -0.03108549
v -0.10866414 0.01649039 -0.03238549
v -0.10984042 0.01600317 -0.03108549
v -0.10920382 0.01612979 -0.03238549
v -0.11047701 0.01612979 -0.03108549
v -0.10984042 0.01600317 -0.03238549
v -0.11101669 0.01649039 -0.03108549
v -0.11047701 0.01612979 -0.03238549
v -0.11137729 0.01703007 -0.03108549
v -0.11101669 0.01649039 -0.03238549
v -0.11150391 0.01766667 -0.03108549
v -0.11137729 0.01703007 -0.03238549
v -0.11137729 0.01830326 -0.03108549
v -0.11150391 0.01766667 -0.03238549
v -0.11101669 0.01884294 -0.03108549
v -0.11137729 0.01830326 -0.03238549
v -0.11047701 0.01920354 -0.03108549
v -0.11101669 0.01884294 -0.03238549
v -0.10984042 0.01933017 -0.03108549
v -0.11047701 0.01920354 -0.03238549
v -0.10920382 0.01920354 -0.03108549
v -0.10984042 0.01933017 -0.03238549
v -0.10866414 0.01884294 -0.03108549
v -0.10920382 0.01920354 -0.03238549
v -0.10830354 0.01830326 -0.03108549
v -0.10866414 0.01884294 -0.03238549
v -0.10830354 0.01830326 -0.03238549
v -0.10622505 0.00215224 -0.03238549
v -0.10499042 0.00400000 -0.03238549
v -0.10514265 0.00323463 -0.03238549
v -0.10557620 0.00258579 -0.03238549
v -0.10658366 0.05683417 -0.03238549
v -0.10499042 0.05683417 -0.03238549
v -0.10658366 0.00208091 -0.03238549
v -0.11662351 0.05683417 -0.03238549
v -0.11047701 0.05053754 -0.03238549
v -0.11101669 0.05017694 -0.03238549
v -0.10984042 0.05066417 -0.03238549
v -0.11137729 0.04963726 -0.03238549
v -0.10920382 0.05053754 -0.03238549
v -0.10830354 0.04963726 -0.03238549
v -0.10866414 0.05017694 -0.03238549
v -0.10920382 0.03487054 -0.03238549
v -0.10830354 0.04836407 -0.03238549
v -0.10817692 0.04900067 -0.03238549
v -0.10920382 0.04746379 -0.03238549
v -0.10866414 0.04782439 -0.03238549
v -0.11047701 0.04746379 -0.03238549
v -0.10984042 0.04733717 -0.03238549
v -0.10984042 0.03499717 -0.03238549
v -0.10920382 0.01920354 -0.03238549
v -0.10920382 0.03179679 -0.03238549
v -0.10866414 0.03215740 -0.03238549
v -0.11047701 0.03179679 -0.03238549
v -0.10984042 0.03167017 -0.03238549
v -0.10984042 0.01933017 -0.03238549
v -0.11047701 0.03487054 -0.03238549
v -0.11137729 0.04836407 -0.03238549
v -0.11101669 0.04782439 -0.03238549
v -0.10830354 0.03269707 -0.03238549
v -0.11101669 0.03450994 -0.03238549
v -0.11150391 0.04900067 -0.03238549
v -0.11137729 0.01830326 -0.03238549
v -0.11150391 0.01766667 -0.03238549
v -0.11047701 0.01920354 -0.03238549
v -0.11137729 0.03269707 -0.03238549
v -0.11101669 0.03215740 -0.03238549
v -0.11137729 0.03397026 -0.03238549
v -0.10866414 0.01884294 -0.03238549
v -0.10817692 0.03333367 -0.03238549
v -0.11101669 0.01884294 -0.03238549
v -0.11150391 0.03333367 -0.03238549
v -0.10830354 0.03397026 -0.03238549
v -0.10866414 0.03450994 -0.03238549
v -0.10830354 0.01830326 -0.03238549
v -0.10817692 0.01766667 -0.03238549
v -0.10830354 0.01703007 -0.03238549
v -0.10920382 0.01612979 -0.03238549
v -0.10866414 0.01649039 -0.03238549
v -0.11662351 0.00200000 -0.03238549
v -0.11101669 0.01649039 -0.03238549
v -0.11047701 0.01612979 -0.03238549
v -0.10984042 0.01600317 -0.03238549
v -0.10699041 0.00200000 -0.03238549
v -0.11137729 0.01703007 -0.03238549
v -0.10920382 0.07879779 -0.03238549
v -0.10817692 0.06466766 -0.03238549
v -0.11662351 0.09600000 -0.03238549
v -0.11047701 0.08187154 -0.03238549
v -0.11101669 0.08151094 -0.03238549
v -0.10699041 0.09600000 -0.03238549
v -0.10984042 0.08199817 -0.03238549
v -0.10658366 0.09591909 -0.03238549
v -0.10830354 0.06403107 -0.03238549
v -0.11137729 0.08097126 -0.03238549
v -0.10920382 0.08187154 -0.03238549
v -0.11047701 0.07879779 -0.03238549
v -0.10984042 0.07867116 -0.03238549
v -0.10920382 0.06313080 -0.03238549
v -0.10866414 0.06349140 -0.03238549
v -0.11047701 0.06313080 -0.03238549
v -0.10984042 0.06300417 -0.03238549
v -0.10830354 0.08097126 -0.03238549
v -0.10866414 0.08151094 -0.03238549
v -0.10830354 0.07969807 -0.03238549
v -0.10817692 0.08033466 -0.03238549
v -0.11137729 0.06403107 -0.03238549
v -0.11101669 0.06349140 -0.03238549
v -0.11047701 0.06620454 -0.03238549
v -0.11137729 0.07969807 -0.03238549
v -0.10866414 0.07915840 -0.03238549
v -0.11137729 0.06530426 -0.03238549
v -0.11101669 0.06584394 -0.03238549
v -0.11150391 0.08033466 -0.03238549
v -0.11150391 0.06466766 -0.03238549
v -0.10830354 0.06530426 -0.03238549
v -0.10920382 0.06620454 -0.03238549
v -0.10984042 0.06633116 -0.03238549
v -0.11101669 0.07915840 -0.03238549
v -0.10866414 0.06584394 -0.03238549
v -0.10499042 0.09400000 -0.03238549
v -0.10622505 0.09584776 -0.03238549
v -0.10557620 0.09541421 -0.03238549
v -0.10514265 0.09476537 -0.03238549
v -0.10658366 0.05683417 -0.03108549
v -0.10920382 0.05053754 -0.03108549
v -0.10866414 0.05017694 -0.03108549
v -0.11662351 0.05683417 -0.03108549
v -0.11047701 0.05053754 -0.03108549
v -0.10984042 0.05066417 -0.03108549
v -0.10830354 0.04963726 -0.03108549
v -0.11137729 0.04963726 -0.03108549
v -0.11101669 0.05017694 -0.03108549
v -0.11047701 0.03487054 -0.03108549
v -0.11137729 0.04836407 -0.03108549
v -0.11150391 0.04900067 -0.03108549
v -0.11047701 0.04746379 -0.03108549
v -0.11101669 0.04782439 -0.03108549
v -0.10920382 0.04746379 -0.03108549
v -0.10984042 0.04733717 -0.03108549
v -0.10984042 0.03499717 -0.03108549
v -0.10920382 0.03487054 -0.03108549
v -0.10830354 0.04836407 -0.03108549
v -0.10866414 0.04782439 -0.03108549
v -0.10866414 0.03450994 -0.03108549
v -0.10817692 0.04900067 -0.03108549
v -0.10830354 0.03397026 -0.03108549
v -0.11137729 0.03397026 -0.03108549
v -0.11101669 0.03450994 -0.03108549
v -0.11047701 0.01920354 -0.03108549
v -0.11137729 0.03269707 -0.03108549
v -0.11150391 0.03333367 -0.03108549
v -0.11662351 0.00200000 -0.03108549
v -0.11150391 0.01766667 -0.03108549
v -0.11137729 0.01703007 -0.03108549
v -0.11047701 0.03179679 -0.03108549
v -0.11101669 0.03215740 -0.03108549
v -0.10920382 0.03179679 -0.03108549
v -0.10984042 0.03167017 -0.03108549
v -0.10984042 0.01933017 -0.03108549
v -0.11137729 0.01830326 -0.03108549
v -0.11101669 0.01884294 -0.03108549
v -0.11047701 0.01612979 -0.03108549
v -0.11101669 0.01649039 -0.03108549
v -0.10699041 0.00200000 -0.03108549
v -0.10984042 0.01600317 -0.03108549
v -0.10658366 0.00208091 -0.03108549
v -0.10866414 0.01884294 -0.03108549
v -0.10817692 0.03333367 -0.03108549
v -0.10920382 0.01920354 -0.03108549
v -0.10830354 0.03269707 -0.03108549
v -0.10866414 0.03215740 -0.03108549
v -0.10920382 0.01612979 -0.03108549
v -0.10830354 0.01830326 -0.03108549
v -0.10817692 0.01766667 -0.03108549
v -0.10830354 0.01703007 -0.03108549
v -0.10866414 0.01649039 -0.03108549
v -0.10622505 0.00215224 -0.03108549
v -0.10557620 0.00258579 -0.03108549
v -0.10514265 0.00323463 -0.03108549
v -0.10499042 0.00400000 -0.03108549
v -0.10499042 0.09400000 -0.03108549
v -0.10557620 0.09541421 -0.03108549
v -0.10622505 0.09584776 -0.03108549
v -0.10514265 0.09476537 -0.03108549
v -0.10499042 0.05683417 -0.03108549
v -0.10658366 0.09591909 -0.03108549
v -0.11047701 0.06620454 -0.03108549
v -0.11137729 0.07969807 -0.03108549
v -0.11150391 0.08033466 -0.03108549
v -0.11662351 0.09600000 -0.03108549
v -0.11047701 0.07879779 -0.03108549
v -0.11101669 0.07915840 -0.03108549
v -0.10920382 0.07879779 -0.03108549
v -0.10984042 0.07867116 -0.03108549
v -0.10984042 0.06633116 -0.03108549
v -0.10920382 0.06620454 -0.03108549
v -0.10830354 0.07969807 -0.03108549
v -0.10866414 0.07915840 -0.03108549
v -0.10830354 0.06530426 -0.03108549
v -0.10817692 0.06466766 -0.03108549
v -0.10866414 0.06584394 -0.03108549
v -0.10817692 0.08033466 -0.03108549
v -0.11137729 0.08097126 -0.03108549
v -0.11137729 0.06530426 -0.03108549
v -0.11101669 0.06584394 -0.03108549
v -0.11150391 0.06466766 -0.03108549
v -0.11137729 0.06403107 -0.03108549
v -0.11047701 0.06313080 -0.03108549
v -0.11101669 0.06349140 -0.03108549
v -0.10920382 0.08187154 -0.03108549
v -0.10866414 0.08151094 -0.03108549
v -0.10984042 0.08199817 -0.03108549
v -0.11047701 0.08187154 -0.03108549
v -0.10920382 0.06313080 -0.03108549
v -0.10984042 0.06300417 -0.03108549
v -0.10866414 0.06349140 -0.03108549
v -0.10830354 0.08097126 -0.03108549
v -0.10699041 0.09600000 -0.03108549
v -0.10830354 0.06403107 -0.03108549
v -0.11101669 0.08151094 -0.03108549
v -0.13768739 -0.00000000 0.07752486
v -0.13781402 -0.00000000 0.07816146
v -0.13781402 -0.00130000 0.07816146
v -0.13732679 -0.00000000 0.07698519
v -0.13768739 -0.00130000 0.07752486
v -0.13678712 -0.00000000 0.07662458
v -0.13732679 -0.00130000 0.07698519
v -0.13615052 -0.00000000 0.07649796
v -0.13678712 -0.00130000 0.07662458
v -0.13551392 -0.00000000 0.07662458
v -0.13615052 -0.00130000 0.07649796
v -0.13497424 -0.00000000 0.07698519
v -0.13551392 -0.00130000 0.07662458
v -0.13461365 -0.00000000 0.07752486
v -0.13497424 -0.00130000 0.07698519
v -0.13448702 -0.00000000 0.07816146
v -0.13461365 -0.00130000 0.07752486
v -0.13461365 -0.00000000 0.07879805
v -0.13448702 -0.00130000 0.07816146
v -0.13497424 -0.00000000 0.07933773
v -0.13461365 -0.00130000 0.07879805
v -0.13551392 -0.00000000 0.07969833
v -0.13497424 -0.00130000 0.07933773
v -0.13615052 -0.00000000 0.07982495
v -0.13551392 -0.00130000 0.07969833
v -0.13678712 -0.00000000 0.07969833
v -0.13615052 -0.00130000 0.07982495
v -0.13732679 -0.00000000 0.07933773
v -0.13678712 -0.00130000 0.07969833
v -0.13768739 -0.00000000 0.07879805
v -0.13732679 -0.00130000 0.07933773
v -0.13768739 -0.00130000 0.07879805
v -0.13153762 -0.00000000 0.08856566
v -0.13166425 -0.00000000 0.08920226
v -0.13166425 -0.00130000 0.08920226
v -0.13117701 -0.00000000 0.08802599
v -0.13153762 -0.00130000 0.08856566
v -0.13063733 -0.00000000 0.08766539
v -0.13117701 -0.00130000 0.08802599
v -0.13000074 -0.00000000 0.08753876
v -0.13063733 -0.00130000 0.08766539
v -0.12936415 -0.00000000 0.08766539
v -0.13000074 -0.00130000 0.08753876
v -0.12882447 -0.00000000 0.08802599
v -0.12936415 -0.00130000 0.08766539
v -0.12846386 -0.00000000 0.08856566
v -0.12882447 -0.00130000 0.08802599
v -0.12833725 -0.00000000 0.08920226
v -0.12846386 -0.00130000 0.08856566
v -0.12846386 -0.00000000 0.08983885
v -0.12833725 -0.00130000 0.08920226
v -0.12882447 -0.00000000 0.09037853
v -0.12846386 -0.00130000 0.08983885
v -0.12936415 -0.00000000 0.09073913
v -0.12882447 -0.00130000 0.09037853
v -0.13000074 -0.00000000 0.09086576
v -0.12936415 -0.00130000 0.09073913
v -0.13063733 -0.00000000 0.09073913
v -0.13000074 -0.00130000 0.09086576
v -0.13117701 -0.00000000 0.09037853
v -0.13063733 -0.00130000 0.09073913
v -0.13153762 -0.00000000 0.08983885
v -0.13117701 -0.00130000 0.09037853
v -0.13153762 -0.00130000 0.08983885
v -0.11308829 -0.00000000 0.12168807
v -0.11321492 -0.00000000 0.12232467
v -0.11321492 -0.00130000 0.12232467
v -0.11272769 -0.00000000 0.12114839
v -0.11308829 -0.00130000 0.12168807
v -0.11218801 -0.00000000 0.12078779
v -0.11272769 -0.00130000 0.12114839
v -0.11155142 -0.00000000 0.12066116
v -0.11218801 -0.00130000 0.12078779
v -0.11091482 -0.00000000 0.12078779
v -0.11155142 -0.00130000 0.12066116
v -0.11037514 -0.00000000 0.12114839
v -0.11091482 -0.00130000 0.12078779
v -0.11001454 -0.00000000 0.12168807
v -0.11037514 -0.00130000 0.12114839
v -0.10988791 -0.00000000 0.12232467
v -0.11001454 -0.00130000 0.12168807
v -0.11001454 -0.00000000 0.12296126
v -0.10988791 -0.00130000 0.12232467
v -0.11037514 -0.00000000 0.12350094
v -0.11001454 -0.00130000 0.12296126
v -0.11091482 -0.00000000 0.12386154
v -0.11037514 -0.00130000 0.12350094
v -0.11155142 -0.00000000 0.12398817
v -0.11091482 -0.00130000 0.12386154
v -0.11218801 -0.00000000 0.12386154
v -0.11155142 -0.00130000 0.12398817
v -0.11272769 -0.00000000 0.12350094
v -0.11218801 -0.00130000 0.12386154
v -0.11308829 -0.00000000 0.12296126
v -0.11272769 -0.00130000 0.12350094
v -0.11308829 -0.00130000 0.12296126
v -0.11923806 -0.00000000 0.11064727
v -0.11936469 -0.00000000 0.11128386
v -0.11936469 -0.00130000 0.11128386
v -0.11887746 -0.00000000 0.11010759
v -0.11923806 -0.00130000 0.11064727
v -0.11833779 -0.00000000 0.10974699
v -0.11887746 -0.00130000 0.11010759
v -0.11770120 -0.00000000 0.10962036
v -0.11833779 -0.00130000 0.10974699
v -0.11706460 -0.00000000 0.10974699
v -0.11770120 -0.00130000 0.10962036
v -0.11652492 -0.00000000 0.11010759
v -0.11706460 -0.00130000 0.10974699
v -0.11616432 -0.00000000 0.11064727
v -0.11652492 -0.00130000 0.11010759
v -0.11603769 -0.00000000 0.11128386
v -0.11616432 -0.00130000 0.11064727
v -0.11616432 -0.00000000 0.11192045
v -0.11603769 -0.00130000 0.11128386
v -0.11652492 -0.00000000 0.11246014
v -0.11616432 -0.00130000 0.11192045
v -0.11706460 -0.00000000 0.11282074
v -0.11652492 -0.00130000 0.11246014
v -0.11770120 -0.00000000 0.11294736
v -0.11706460 -0.00130000 0.11282074
v -0.11833779 -0.00000000 0.11282074
v -0.11770120 -0.00130000 0.11294736
v -0.11887746 -0.00000000 0.11246014
v -0.11833779 -0.00130000 0.11282074
v -0.11923806 -0.00000000 0.11192045
v -0.11887746 -0.00130000 0.11246014
v -0.11923806 -0.00130000 0.11192045
v -0.12538785 -0.00000000 0.09960647
v -0.12551446 -0.00000000 0.10024306
v -0.12551446 -0.00130000 0.10024306
v -0.12502724 -0.00000000 0.09906679
v -0.12538785 -0.00130000 0.09960647
v -0.12448756 -0.00000000 0.09870619
v -0.12502724 -0.00130000 0.09906679
v -0.12385096 -0.00000000 0.09857956
v -0.12448756 -0.00130000 0.09870619
v -0.12321437 -0.00000000 0.09870619
v -0.12385096 -0.00130000 0.09857956
v -0.12267470 -0.00000000 0.09906679
v -0.12321437 -0.00130000 0.09870619
v -0.12231410 -0.00000000 0.09960647
v -0.12267470 -0.00130000 0.09906679
v -0.12218747 -0.00000000 0.10024306
v -0.12231410 -0.00130000 0.09960647
v -0.12231410 -0.00000000 0.10087965
v -0.12218747 -0.00130000 0.10024306
v -0.12267470 -0.00000000 0.10141933
v -0.12231410 -0.00130000 0.10087965
v -0.12321437 -0.00000000 0.10177994
v -0.12267470 -0.00130000 0.10141933
v -0.12385096 -0.00000000 0.10190656
v -0.12321437 -0.00130000 0.10177994
v -0.12448756 -0.00000000 0.10177994
v -0.12385096 -0.00130000 0.10190656
v -0.12502724 -0.00000000 0.10141933
v -0.12448756 -0.00130000 0.10177994
v -0.12538785 -0.00000000 0.10087965
v -0.12502724 -0.00130000 0.10141933
v -0.12538785 -0.00130000 0.10087965
v -0.13063733 -0.00000000 0.08766539
v -0.13497424 -0.00000000 0.07933773
v -0.13551392 -0.00000000 0.07969833
v -0.14653742 -0.00000000 0.06948057
v -0.13153762 -0.00000000 0.08856566
v -0.13732679 -0.00000000 0.07933773
v -0.12692586 -0.00000000 0.08475574
v -0.13461365 -0.00000000 0.07879805
v -0.13000074 -0.00000000 0.08753876
v -0.13678712 -0.00000000 0.07969833
v -0.13615052 -0.00000000 0.07982495
v -0.13117701 -0.00000000 0.08802599
v -0.13678712 -0.00000000 0.07662458
v -0.13615052 -0.00000000 0.07649796
v -0.13709010 -0.00000000 0.06650769
v -0.13759553 -0.00000000 0.06591313
v -0.12936415 -0.00000000 0.08766539
v -0.12882447 -0.00000000 0.08802599
v -0.13829003 -0.00000000 0.06555726
v -0.12692586 -0.00000000 0.09472266
v -0.12833725 -0.00000000 0.08920226
v -0.13768739 -0.00000000 0.07879805
v -0.13906784 -0.00000000 0.06549424
v -0.13732679 -0.00000000 0.07698519
v -0.12936415 -0.00000000 0.09073913
v -0.13000074 -0.00000000 0.09086576
v -0.12846386 -0.00000000 0.08856566
v -0.13166425 -0.00000000 0.08920226
v -0.13497424 -0.00000000 0.07698519
v -0.13461365 -0.00000000 0.07752486
v -0.13981056 -0.00000000 0.06573367
v -0.13768739 -0.00000000 0.07752486
v -0.13247748 -0.00000000 0.09472266
v -0.13063733 -0.00000000 0.09073913
v -0.13117701 -0.00000000 0.09037853
v -0.13551392 -0.00000000 0.07662458
v -0.12846386 -0.00000000 0.08983885
v -0.12882447 -0.00000000 0.09037853
v -0.13448702 -0.00000000 0.07816146
v -0.13153762 -0.00000000 0.08983885
v -0.13781402 -0.00000000 0.07816146
v -0.10988791 -0.00000000 0.12232467
v -0.10231710 -0.00000000 0.13147348
v -0.10196123 -0.00000000 0.13077900
v -0.10291166 -0.00000000 0.13197891
v -0.10189821 -0.00000000 0.13000119
v -0.11012504 0.00000000 0.13388702
v -0.11155142 -0.00000000 0.12066116
v -0.12137423 -0.00000000 0.09472266
v -0.11616432 -0.00000000 0.11064727
v -0.12692586 -0.00000000 0.10468958
v -0.12448756 -0.00000000 0.10177994
v -0.12502724 -0.00000000 0.10141933
v -0.11923806 -0.00000000 0.11192045
v -0.12385096 -0.00000000 0.10190656
v -0.11936469 -0.00000000 0.11128386
v -0.10922815 0.00000000 0.13549723
v -0.10213764 -0.00000000 0.12925847
v -0.11037514 -0.00000000 0.12114839
v -0.11652492 -0.00000000 0.11010759
v -0.12538785 -0.00000000 0.10087965
v -0.12321437 -0.00000000 0.10177994
v -0.11001454 -0.00000000 0.12168807
v -0.11091482 -0.00000000 0.12078779
v -0.11218801 -0.00000000 0.12078779
v -0.12231410 -0.00000000 0.10087965
v -0.12267470 -0.00000000 0.10141933
v -0.11706460 -0.00000000 0.10974699
v -0.11770120 -0.00000000 0.10962036
v -0.12231410 -0.00000000 0.09960647
v -0.12218747 -0.00000000 0.10024306
v -0.11308829 -0.00000000 0.12296126
v -0.11887746 -0.00000000 0.11246014
v -0.11308829 -0.00000000 0.12168807
v -0.11272769 -0.00000000 0.12114839
v -0.12267470 -0.00000000 0.09906679
v -0.11833779 -0.00000000 0.11282074
v -0.11770120 -0.00000000 0.11294736
v -0.11321492 -0.00000000 0.12232467
v -0.11833779 -0.00000000 0.10974699
v -0.11706460 -0.00000000 0.11282074
v -0.12321437 -0.00000000 0.09870619
v -0.11616432 -0.00000000 0.11192045
v -0.11652492 -0.00000000 0.11246014
v -0.11923806 -0.00000000 0.11064727
v -0.11887746 -0.00000000 0.11010759
v -0.11603769 -0.00000000 0.11128386
v -0.11053542 -0.00000000 0.13411561
v -0.11272769 -0.00000000 0.12350094
v -0.12448756 -0.00000000 0.09870619
v -0.12385096 -0.00000000 0.09857956
v -0.11218801 -0.00000000 0.12386154
v -0.11155142 -0.00000000 0.12398817
v -0.11091482 -0.00000000 0.12386154
v -0.12538785 -0.00000000 0.09960647
v -0.12502724 -0.00000000 0.09906679
v -0.11001454 -0.00000000 0.12296126
v -0.11037514 -0.00000000 0.12350094
v -0.12551446 -0.00000000 0.10024306
v -0.13063733 -0.00130000 0.08766539
v -0.13117701 -0.00130000 0.08802599
v -0.13551392 -0.00130000 0.07969833
v -0.13497424 -0.00130000 0.07933773
v -0.12692586 -0.00130000 0.08475574
v -0.12936415 -0.00130000 0.08766539
v -0.13000074 -0.00130000 0.08753876
v -0.13461365 -0.00130000 0.07879805
v -0.12692586 -0.00130000 0.09472266
v -0.13247748 -0.00130000 0.09472266
v -0.13000074 -0.00130000 0.09086576
v -0.12846386 -0.00130000 0.08856566
v -0.12882447 -0.00130000 0.08802599
v -0.13678712 -0.00130000 0.07662458
v -0.13759553 -0.00130000 0.06591313
v -0.13709010 -0.00130000 0.06650769
v -0.12936415 -0.00130000 0.09073913
v -0.12882447 -0.00130000 0.09037853
v -0.13063733 -0.00130000 0.09073913
v -0.13153762 -0.00130000 0.08856566
v -0.13678712 -0.00130000 0.07969833
v -0.13615052 -0.00130000 0.07982495
v -0.14653742 -0.00130000 0.06948057
v -0.13768739 -0.00130000 0.07879805
v -0.13732679 -0.00130000 0.07933773
v -0.13829003 -0.00130000 0.06555726
v -0.13153762 -0.00130000 0.08983885
v -0.13117701 -0.00130000 0.09037853
v -0.13166425 -0.00130000 0.08920226
v -0.13906784 -0.00130000 0.06549424
v -0.12846386 -0.00130000 0.08983885
v -0.12833725 -0.00130000 0.08920226
v -0.13981056 -0.00130000 0.06573367
v -0.13732679 -0.00130000 0.07698519
v -0.13551392 -0.00130000 0.07662458
v -0.13615052 -0.00130000 0.07649796
v -0.13461365 -0.00130000 0.07752486
v -0.13497424 -0.00130000 0.07698519
v -0.13768739 -0.00130000 0.07752486
v -0.13781402 -0.00130000 0.07816146
v -0.13448702 -0.00130000 0.07816146
v -0.11218801 -0.00130000 0.12078779
v -0.11272769 -0.00130000 0.12114839
v -0.11706460 -0.00130000 0.11282074
v -0.11652492 -0.00130000 0.11246014
v -0.11308829 -0.00130000 0.12168807
v -0.11833779 -0.00130000 0.10974699
v -0.11887746 -0.00130000 0.11010759
v -0.12321437 -0.00130000 0.10177994
v -0.11616432 -0.00130000 0.11192045
v -0.11091482 -0.00130000 0.12078779
v -0.11155142 -0.00130000 0.12066116
v -0.10213764 -0.00130000 0.12925847
v -0.11001454 -0.00130000 0.12168807
v -0.11037514 -0.00130000 0.12114839
v -0.12267470 -0.00130000 0.10141933
v -0.11923806 -0.00130000 0.11064727
v -0.11053542 -0.00130000 0.13411561
v -0.11770120 -0.00130000 0.11294736
v -0.11308829 -0.00130000 0.12296126
v -0.11321492 -0.00130000 0.12232467
v -0.12231410 -0.00130000 0.10087965
v -0.11706460 -0.00130000 0.10974699
v -0.11770120 -0.00130000 0.10962036
v -0.11616432 -0.00130000 0.11064727
v -0.11652492 -0.00130000 0.11010759
v -0.10988791 -0.00130000 0.12232467
v -0.11833779 -0.00130000 0.11282074
v -0.12692586 -0.00130000 0.10468958
v -0.11923806 -0.00130000 0.11192045
v -0.11887746 -0.00130000 0.11246014
v -0.11012504 -0.00130000 0.13388702
v -0.12385096 -0.00130000 0.10190656
v -0.11936469 -0.00130000 0.11128386
v -0.12448756 -0.00130000 0.10177994
v -0.11603769 -0.00130000 0.11128386
v -0.12538785 -0.00130000 0.10087965
v -0.12502724 -0.00130000 0.10141933
v -0.12538785 -0.00130000 0.09960647
v -0.12551446 -0.00130000 0.10024306
v -0.11037514 -0.00130000 0.12350094
v -0.10189821 -0.00130000 0.13000119
v -0.10196123 -0.00130000 0.13077900
v -0.11001454 -0.00130000 0.12296126
v -0.10291166 -0.00130000 0.13197891
v -0.10922815 -0.00130000 0.13549723
v -0.11091482 -0.00130000 0.12386154
v -0.12448756 -0.00130000 0.09870619
v -0.12502724 -0.00130000 0.09906679
v -0.12137423 -0.00130000 0.09472266
v -0.12385096 -0.00130000 0.09857956
v -0.10231710 -0.00130000 0.13147348
v -0.12321437 -0.00130000 0.09870619
v -0.12231410 -0.00130000 0.09960647
v -0.12267470 -0.00130000 0.09906679
v -0.11218801 -0.00130000 0.12386154
v -0.11155142 -0.00130000 0.12398817
v -0.12218747 -0.00130000 0.10024306
v -0.11272769 -0.00130000 0.12350094
v -0.14322430 -0.00000000 0.01940013
v -0.14335093 -0.00000000 0.02003672
v -0.14335093 -0.00130000 0.02003672
v -0.14286371 -0.00000000 0.01886045
v -0.14322430 -0.00130000 0.01940013
v -0.14232402 -0.00000000 0.01849985
v -0.14286371 -0.00130000 0.01886045
v -0.14168742 -0.00000000 0.01837322
v -0.14232402 -0.00130000 0.01849985
v -0.14105083 -0.00000000 0.01849985
v -0.14168742 -0.00130000 0.01837322
v -0.14051116 -0.00000000 0.01886045
v -0.14105083 -0.00130000 0.01849985
v -0.14015056 -0.00000000 0.01940013
v -0.14051116 -0.00130000 0.01886045
v -0.14002393 -0.00000000 0.02003672
v -0.14015056 -0.00130000 0.01940013
v -0.14015056 -0.00000000 0.02067332
v -0.14002393 -0.00130000 0.02003672
v -0.14051116 -0.00000000 0.02121300
v -0.14015056 -0.00130000 0.02067332
v -0.14105083 -0.00000000 0.02157360
v -0.14051116 -0.00130000 0.02121300
v -0.14168742 -0.00000000 0.02170022
v -0.14105083 -0.00130000 0.02157360
v -0.14232402 -0.00000000 0.02157360
v -0.14168742 -0.00130000 0.02170022
v -0.14286371 -0.00000000 0.02121300
v -0.14232402 -0.00130000 0.02157360
v -0.14322430 -0.00000000 0.02067332
v -0.14286371 -0.00130000 0.02121300
v -0.14322430 -0.00130000 0.02067332
v -0.14322430 -0.00000000 0.02997513
v -0.14335093 -0.00000000 0.03061172
v -0.14335093 -0.00130000 0.03061172
v -0.14286371 -0.00000000 0.02943545
v -0.14322430 -0.00130000 0.02997513
v -0.14232402 -0.00000000 0.02907485
v -0.14286371 -0.00130000 0.02943545
v -0.14168742 -0.00000000 0.02894822
v -0.14232402 -0.00130000 0.02907485
v -0.14105083 -0.00000000 0.02907485
v -0.14168742 -0.00130000 0.02894822
v -0.14051116 -0.00000000 0.02943545
v -0.14105083 -0.00130000 0.02907485
v -0.14015056 -0.00000000 0.02997513
v -0.14051116 -0.00130000 0.02943545
v -0.14002393 -0.00000000 0.03061172
v -0.14015056 -0.00130000 0.02997513
v -0.14015056 -0.00000000 0.03124832
v -0.14002393 -0.00130000 0.03061172
v -0.14051116 -0.00000000 0.03178800
v -0.14015056 -0.00130000 0.03124832
v -0.14105083 -0.00000000 0.03214860
v -0.14051116 -0.00130000 0.03178800
v -0.14168742 -0.00000000 0.03227522
v -0.14105083 -0.00130000 0.03214860
v -0.14232402 -0.00000000 0.03214860
v -0.14168742 -0.00130000 0.03227522
v -0.14286371 -0.00000000 0.03178800
v -0.14232402 -0.00130000 0.03214860
v -0.14322430 -0.00000000 0.03124832
v -0.14286371 -0.00130000 0.03178800
v -0.14322430 -0.00130000 0.03124832
v -0.14322430 -0.00000000 0.04055013
v -0.14335093 -0.00000000 0.04118672
v -0.14335093 -0.00130000 0.04118672
v -0.14286371 -0.00000000 0.04001045
v -0.14322430 -0.00130000 0.04055013
v -0.14232402 -0.00000000 0.03964985
v -0.14286371 -0.00130000 0.04001045
v -0.14168742 -0.00000000 0.03952322
v -0.14232402 -0.00130000 0.03964985
v -0.14105083 -0.00000000 0.03964985
v -0.14168742 -0.00130000 0.03952322
v -0.14051116 -0.00000000 0.04001045
v -0.14105083 -0.00130000 0.03964985
v -0.14015056 -0.00000000 0.04055013
v -0.14051116 -0.00130000 0.04001045
v -0.14002393 -0.00000000 0.04118672
v -0.14015056 -0.00130000 0.04055013
v -0.14015056 -0.00000000 0.04182332
v -0.14002393 -0.00130000 0.04118672
v -0.14051116 -0.00000000 0.04236300
v -0.14015056 -0.00130000 0.04182332
v -0.14105083 -0.00000000 0.04272360
v -0.14051116 -0.00130000 0.04236300
v -0.14168742 -0.00000000 0.04285022
v -0.14105083 -0.00130000 0.04272360
v -0.14232402 -0.00000000 0.04272360
v -0.14168742 -0.00130000 0.04285022
v -0.14286371 -0.00000000 0.04236300
v -0.14232402 -0.00130000 0.04272360
v -0.14322430 -0.00000000 0.04182332
v -0.14286371 -0.00130000 0.04236300
v -0.14322430 -0.00130000 0.04182332
v -0.14322430 -0.00000000 0.05112513
v -0.14335093 -0.00000000 0.05176172
v -0.14335093 -0.00130000 0.05176172
v -0.14286371 -0.00000000 0.05058545
v -0.14322430 -0.00130000 0.05112513
v -0.14232402 -0.00000000 0.05022485
v -0.14286371 -0.00130000 0.05058545
v -0.14168742 -0.00000000 0.05009822
v -0.14232402 -0.00130000 0.05022485
v -0.14105083 -0.00000000 0.05022485
v -0.14168742 -0.00130000 0.05009822
v -0.14051116 -0.00000000 0.05058545
v -0.14105083 -0.00130000 0.05022485
v -0.14015056 -0.00000000 0.05112513
v -0.14051116 -0.00130000 0.05058545
v -0.14002393 -0.00000000 0.05176172
v -0.14015056 -0.00130000 0.05112513
v -0.14015056 -0.00000000 0.05239832
v -0.14002393 -0.00130000 0.05176172
v -0.14051116 -0.00000000 0.05293800
v -0.14015056 -0.00130000 0.05239832
v -0.14105083 -0.00000000 0.05329860
v -0.14051116 -0.00130000 0.05293800
v -0.14168742 -0.00000000 0.05342522
v -0.14105083 -0.00130000 0.05329860
v -0.14232402 -0.00000000 0.05329860
v -0.14168742 -0.00130000 0.05342522
v -0.14286371 -0.00000000 0.05293800
v -0.14232402 -0.00130000 0.05329860
v -0.14322430 -0.00000000 0.05239832
v -0.14286371 -0.00130000 0.05293800
v -0.14322430 -0.00130000 0.05239832
v -0.14105083 -0.00130000 0.05329860
v -0.14051116 -0.00130000 0.05293800
v -0.13683742 -0.00130000 0.06033763
v -0.13807206 -0.00130000 0.06218539
v -0.14168742 -0.00130000 0.05342522
v -0.13698967 -0.00130000 0.06110300
v -0.13742322 -0.00130000 0.06175185
v -0.14653742 -0.00130000 0.06233763
v -0.14232402 -0.00130000 0.05329860
v -0.14105083 -0.00130000 0.05022485
v -0.14168742 -0.00130000 0.05009822
v -0.14168742 -0.00130000 0.04285022
v -0.14232402 -0.00130000 0.04272360
v -0.13883743 -0.00130000 0.06233763
v -0.14232402 -0.00130000 0.05022485
v -0.14286371 -0.00130000 0.05058545
v -0.14322430 -0.00130000 0.05239832
v -0.14286371 -0.00130000 0.05293800
v -0.14105083 -0.00130000 0.04272360
v -0.14015056 -0.00130000 0.05112513
v -0.14051116 -0.00130000 0.05058545
v -0.14322430 -0.00130000 0.04182332
v -0.14322430 -0.00130000 0.05112513
v -0.14335093 -0.00130000 0.05176172
v -0.14051116 -0.00130000 0.04236300
v -0.14015056 -0.00130000 0.05239832
v -0.14286371 -0.00130000 0.04236300
v -0.14105083 -0.00130000 0.03964985
v -0.14168742 -0.00130000 0.03952322
v -0.14168742 -0.00130000 0.03227522
v -0.14232402 -0.00130000 0.03214860
v -0.14232402 -0.00130000 0.03964985
v -0.14286371 -0.00130000 0.04001045
v -0.14322430 -0.00130000 0.02067332
v -0.14232402 -0.00130000 0.02907485
v -0.14286371 -0.00130000 0.02943545
v -0.14015056 -0.00130000 0.02997513
v -0.14051116 -0.00130000 0.02943545
v -0.14015056 -0.00130000 0.04182332
v -0.14002393 -0.00130000 0.05176172
v -0.14105083 -0.00130000 0.03214860
v -0.14015056 -0.00130000 0.04055013
v -0.14051116 -0.00130000 0.04001045
v -0.14322430 -0.00130000 0.02997513
v -0.14335093 -0.00130000 0.03061172
v -0.14168742 -0.00130000 0.02894822
v -0.14105083 -0.00130000 0.02907485
v -0.14105083 -0.00130000 0.01849985
v -0.13698967 -0.00130000 0.01069616
v -0.13683742 -0.00130000 0.01146152
v -0.14051116 -0.00130000 0.02121300
v -0.14002393 -0.00130000 0.03061172
v -0.14322430 -0.00130000 0.03124832
v -0.14322430 -0.00130000 0.04055013
v -0.14335093 -0.00130000 0.04118672
v -0.14051116 -0.00130000 0.03178800
v -0.14168742 -0.00130000 0.02170022
v -0.14286371 -0.00130000 0.02121300
v -0.13807206 -0.00130000 0.00961376
v -0.13742322 -0.00130000 0.01004731
v -0.14015056 -0.00130000 0.03124832
v -0.14286371 -0.00130000 0.03178800
v -0.14232402 -0.00130000 0.02157360
v -0.14653742 -0.00130000 0.00946152
v -0.14335093 -0.00130000 0.02003672
v -0.14232402 -0.00130000 0.01849985
v -0.14286371 -0.00130000 0.01886045
v -0.13883743 -0.00130000 0.00946152
v -0.14168742 -0.00130000 0.01837322
v -0.14015056 -0.00130000 0.01940013
v -0.14051116 -0.00130000 0.01886045
v -0.14105083 -0.00130000 0.02157360
v -0.14322430 -0.00130000 0.01940013
v -0.14015056 -0.00130000 0.02067332
v -0.14002393 -0.00130000 0.02003672
v -0.14002393 -0.00130000 0.04118672
v -0.13807206 -0.00000000 0.06218539
v -0.13742322 -0.00000000 0.06175185
v -0.14105083 -0.00000000 0.05329860
v -0.14653742 -0.00000000 0.06233763
v -0.13883743 -0.00000000 0.06233763
v -0.14168742 -0.00000000 0.05342522
v -0.13698967 -0.00000000 0.06110300
v -0.13683742 -0.00000000 0.06033763
v -0.14232402 -0.00000000 0.05022485
v -0.14168742 -0.00000000 0.05009822
v -0.14168742 -0.00000000 0.04285022
v -0.14105083 -0.00000000 0.04272360
v -0.14232402 -0.00000000 0.05329860
v -0.14286371 -0.00000000 0.05293800
v -0.14105083 -0.00000000 0.05022485
v -0.14051116 -0.00000000 0.05058545
v -0.14015056 -0.00000000 0.05239832
v -0.14051116 -0.00000000 0.05293800
v -0.14232402 -0.00000000 0.04272360
v -0.14322430 -0.00000000 0.05112513
v -0.14286371 -0.00000000 0.05058545
v -0.14015056 -0.00000000 0.04182332
v -0.14015056 -0.00000000 0.05112513
v -0.14002393 -0.00000000 0.05176172
v -0.14286371 -0.00000000 0.04236300
v -0.14322430 -0.00000000 0.05239832
v -0.14051116 -0.00000000 0.04236300
v -0.14232402 -0.00000000 0.03964985
v -0.14168742 -0.00000000 0.03952322
v -0.14168742 -0.00000000 0.03227522
v -0.14105083 -0.00000000 0.03214860
v -0.14105083 -0.00000000 0.03964985
v -0.14051116 -0.00000000 0.04001045
v -0.14015056 -0.00000000 0.02067332
v -0.14105083 -0.00000000 0.02907485
v -0.14051116 -0.00000000 0.02943545
v -0.14322430 -0.00000000 0.02997513
v -0.14286371 -0.00000000 0.02943545
v -0.14322430 -0.00000000 0.04182332
v -0.14335093 -0.00000000 0.05176172
v -0.14232402 -0.00000000 0.03214860
v -0.14322430 -0.00000000 0.04055013
v -0.14286371 -0.00000000 0.04001045
v -0.14015056 -0.00000000 0.02997513
v -0.14002393 -0.00000000 0.03061172
v -0.14168742 -0.00000000 0.02894822
v -0.14232402 -0.00000000 0.02907485
v -0.14105083 -0.00000000 0.01849985
v -0.14051116 -0.00000000 0.01886045
v -0.13683742 -0.00000000 0.01146152
v -0.14286371 -0.00000000 0.02121300
v -0.14335093 -0.00000000 0.03061172
v -0.14015056 -0.00000000 0.03124832
v -0.14015056 -0.00000000 0.04055013
v -0.14002393 -0.00000000 0.04118672
v -0.14286371 -0.00000000 0.03178800
v -0.14168742 -0.00000000 0.02170022
v -0.14051116 -0.00000000 0.02121300
v -0.13698967 -0.00000000 0.01069616
v -0.13807206 -0.00000000 0.00961376
v -0.14168742 -0.00000000 0.01837322
v -0.14322430 -0.00000000 0.03124832
v -0.14051116 -0.00000000 0.03178800
v -0.14105083 -0.00000000 0.02157360
v -0.14002393 -0.00000000 0.02003672
v -0.13742322 -0.00000000 0.01004731
v -0.14653742 -0.00000000 0.00946152
v -0.14232402 -0.00000000 0.01849985
v -0.14322430 -0.00000000 0.01940013
v -0.14286371 -0.00000000 0.01886045
v -0.14232402 -0.00000000 0.02157360
v -0.14015056 -0.00000000 0.01940013
v -0.13883743 -0.00000000 0.00946152
v -0.14322430 -0.00000000 0.02067332
v -0.14335093 -0.00000000 0.02003672
v -0.14335093 -0.00000000 0.04118672
v -0.10565559 -0.00000000 0.16652586
v -0.10578221 -0.00000000 0.16716245
v -0.10578221 -0.00130000 0.16716245
v -0.10529499 -0.00000000 0.16598618
v -0.10565559 -0.00130000 0.16652586
v -0.10475530 -0.00000000 0.16562557
v -0.10529499 -0.00130000 0.16598618
v -0.10411871 -0.00000000 0.16549896
v -0.10475530 -0.00130000 0.16562557
v -0.10348212 -0.00000000 0.16562557
v -0.10411871 -0.00130000 0.16549896
v -0.10294244 -0.00000000 0.16598618
v -0.10348212 -0.00130000 0.16562557
v -0.10258184 -0.00000000 0.16652586
v -0.10294244 -0.00130000 0.16598618
v -0.10245521 -0.00000000 0.16716245
v -0.10258184 -0.00130000 0.16652586
v -0.10258184 -0.00000000 0.16779904
v -0.10245521 -0.00130000 0.16716245
v -0.10294244 -0.00000000 0.16833872
v -0.10258184 -0.00130000 0.16779904
v -0.10348212 -0.00000000 0.16869932
v -0.10294244 -0.00130000 0.16833872
v -0.10411871 -0.00000000 0.16882595
v -0.10348212 -0.00130000 0.16869932
v -0.10475530 -0.00000000 0.16869932
v -0.10411871 -0.00130000 0.16882595
v -0.10529499 -0.00000000 0.16833872
v -0.10475530 -0.00130000 0.16869932
v -0.10565559 -0.00000000 0.16779904
v -0.10529499 -0.00130000 0.16833872
v -0.10565559 -0.00130000 0.16779904
v -0.10565559 -0.00000000 0.18095486
v -0.10578221 -0.00000000 0.18159145
v -0.10578221 -0.00130000 0.18159145
v -0.10529499 -0.00000000 0.18041518
v -0.10565559 -0.00130000 0.18095486
v -0.10475530 -0.00000000 0.18005458
v -0.10529499 -0.00130000 0.18041518
v -0.10411871 -0.00000000 0.17992795
v -0.10475530 -0.00130000 0.18005458
v -0.10348212 -0.00000000 0.18005458
v -0.10411871 -0.00130000 0.17992795
v -0.10294244 -0.00000000 0.18041518
v -0.10348212 -0.00130000 0.18005458
v -0.10258184 -0.00000000 0.18095486
v -0.10294244 -0.00130000 0.18041518
v -0.10245521 -0.00000000 0.18159145
v -0.10258184 -0.00130000 0.18095486
v -0.10258184 -0.00000000 0.18222804
v -0.10245521 -0.00130000 0.18159145
v -0.10294244 -0.00000000 0.18276772
v -0.10258184 -0.00130000 0.18222804
v -0.10348212 -0.00000000 0.18312833
v -0.10294244 -0.00130000 0.18276772
v -0.10411871 -0.00000000 0.18325494
v -0.10348212 -0.00130000 0.18312833
v -0.10475530 -0.00000000 0.18312833
v -0.10411871 -0.00130000 0.18325494
v -0.10529499 -0.00000000 0.18276772
v -0.10475530 -0.00130000 0.18312833
v -0.10565559 -0.00000000 0.18222804
v -0.10529499 -0.00130000 0.18276772
v -0.10565559 -0.00130000 0.18222804
v -0.10565559 -0.00000000 0.15209685
v -0.10578221 -0.00000000 0.15273345
v -0.10578221 -0.00130000 0.15273345
v -0.10529499 -0.00000000 0.15155718
v -0.10565559 -0.00130000 0.15209685
v -0.10475530 -0.00000000 0.15119657
v -0.10529499 -0.00130000 0.15155718
v -0.10411871 -0.00000000 0.15106995
v -0.10475530 -0.00130000 0.15119657
v -0.10348212 -0.00000000 0.15119657
v -0.10411871 -0.00130000 0.15106995
v -0.10294244 -0.00000000 0.15155718
v -0.10348212 -0.00130000 0.15119657
v -0.10258184 -0.00000000 0.15209685
v -0.10294244 -0.00130000 0.15155718
v -0.10245521 -0.00000000 0.15273345
v -0.10258184 -0.00130000 0.15209685
v -0.10258184 -0.00000000 0.15337004
v -0.10245521 -0.00130000 0.15273345
v -0.10294244 -0.00000000 0.15390973
v -0.10258184 -0.00130000 0.15337004
v -0.10348212 -0.00000000 0.15427032
v -0.10294244 -0.00130000 0.15390973
v -0.10411871 -0.00000000 0.15439695
v -0.10348212 -0.00130000 0.15427032
v -0.10475530 -0.00000000 0.15427032
v -0.10411871 -0.00130000 0.15439695
v -0.10529499 -0.00000000 0.15390973
v -0.10475530 -0.00130000 0.15427032
v -0.10565559 -0.00000000 0.15337004
v -0.10529499 -0.00130000 0.15390973
v -0.10565559 -0.00130000 0.15337004
v -0.10565559 -0.00000000 0.19538386
v -0.10578221 -0.00000000 0.19602045
v -0.10578221 -0.00130000 0.19602045
v -0.10529499 -0.00000000 0.19484417
v -0.10565559 -0.00130000 0.19538386
v -0.10475530 -0.00000000 0.19448358
v -0.10529499 -0.00130000 0.19484417
v -0.10411871 -0.00000000 0.19435695
v -0.10475530 -0.00130000 0.19448358
v -0.10348212 -0.00000000 0.19448358
v -0.10411871 -0.00130000 0.19435695
v -0.10294244 -0.00000000 0.19484417
v -0.10348212 -0.00130000 0.19448358
v -0.10258184 -0.00000000 0.19538386
v -0.10294244 -0.00130000 0.19484417
v -0.10245521 -0.00000000 0.19602045
v -0.10258184 -0.00130000 0.19538386
v -0.10258184 -0.00000000 0.19665705
v -0.10245521 -0.00130000 0.19602045
v -0.10294244 -0.00000000 0.19719672
v -0.10258184 -0.00130000 0.19665705
v -0.10348212 -0.00000000 0.19755733
v -0.10294244 -0.00130000 0.19719672
v -0.10411871 -0.00000000 0.19768395
v -0.10348212 -0.00130000 0.19755733
v -0.10475530 -0.00000000 0.19755733
v -0.10411871 -0.00130000 0.19768395
v -0.10529499 -0.00000000 0.19719672
v -0.10475530 -0.00130000 0.19755733
v -0.10565559 -0.00000000 0.19665705
v -0.10529499 -0.00130000 0.19719672
v -0.10565559 -0.00130000 0.19665705
v -0.10245521 -0.00000000 0.18159145
v -0.10258184 -0.00000000 0.19538386
v -0.10245521 -0.00000000 0.19602045
v -0.10348212 -0.00000000 0.16869932
v -0.10258184 -0.00000000 0.18095486
v -0.10475530 -0.00000000 0.18312833
v -0.10896871 -0.00000000 0.20974073
v -0.10578221 -0.00000000 0.19602045
v -0.09926871 -0.00000000 0.20844778
v -0.10565559 -0.00000000 0.19665705
v -0.10411871 -0.00000000 0.19768395
v -0.09942096 -0.00000000 0.20921315
v -0.10294244 -0.00000000 0.19484417
v -0.10475530 -0.00000000 0.19448358
v -0.10411871 -0.00000000 0.19435695
v -0.10529499 -0.00000000 0.18276772
v -0.10348212 -0.00000000 0.18312833
v -0.10411871 -0.00000000 0.18325494
v -0.10475530 -0.00000000 0.19755733
v -0.10529499 -0.00000000 0.19719672
v -0.10126872 -0.00000000 0.21044779
v -0.09985450 -0.00000000 0.20986199
v -0.10050335 -0.00000000 0.21029554
v -0.10348212 -0.00000000 0.19448358
v -0.10565559 -0.00000000 0.18222804
v -0.10258184 -0.00000000 0.19665705
v -0.10294244 -0.00000000 0.19719672
v -0.10348212 -0.00000000 0.19755733
v -0.10348212 -0.00000000 0.18005458
v -0.10294244 -0.00000000 0.18041518
v -0.10565559 -0.00000000 0.19538386
v -0.10258184 -0.00000000 0.18222804
v -0.10896871 -0.00000000 0.21044779
v -0.10294244 -0.00000000 0.18276772
v -0.10529499 -0.00000000 0.19484417
v -0.10258184 -0.00000000 0.15209685
v -0.09985450 -0.00000000 0.13889064
v -0.10050335 -0.00000000 0.13845709
v -0.09926871 -0.00000000 0.14030485
v -0.09942096 -0.00000000 0.13953948
v -0.10475530 -0.00000000 0.16562557
v -0.10411871 -0.00000000 0.16549896
v -0.10411871 -0.00000000 0.15439695
v -0.10348212 -0.00000000 0.15427032
v -0.10475530 -0.00000000 0.18005458
v -0.10411871 -0.00000000 0.17992795
v -0.10411871 -0.00000000 0.16882595
v -0.10294244 -0.00000000 0.15390973
v -0.10245521 -0.00000000 0.16716245
v -0.10126872 -0.00000000 0.13830484
v -0.10849897 0.00000000 0.13830484
v -0.10849897 0.00000000 0.14014800
v -0.10348212 -0.00000000 0.16562557
v -0.10475530 -0.00000000 0.16869932
v -0.10565559 -0.00000000 0.18095486
v -0.10529499 -0.00000000 0.18041518
v -0.10578221 -0.00000000 0.18159145
v -0.10475530 -0.00000000 0.15119657
v -0.10411871 -0.00000000 0.15106995
v -0.10294244 -0.00000000 0.16598618
v -0.10258184 -0.00000000 0.16652586
v -0.10475530 -0.00000000 0.15427032
v -0.10565559 -0.00000000 0.16652586
v -0.10529499 -0.00000000 0.16598618
v -0.10565559 -0.00000000 0.16779904
v -0.10578221 -0.00000000 0.16716245
v -0.10529499 -0.00000000 0.16833872
v -0.10258184 -0.00000000 0.16779904
v -0.10294244 -0.00000000 0.16833872
v -0.10258184 -0.00000000 0.15337004
v -0.10245521 -0.00000000 0.15273345
v -0.10896871 -0.00000000 0.14014800
v -0.10565559 -0.00000000 0.15337004
v -0.10578221 -0.00000000 0.15273345
v -0.10529499 -0.00000000 0.15390973
v -0.10348212 -0.00000000 0.15119657
v -0.10565559 -0.00000000 0.15209685
v -0.10529499 -0.00000000 0.15155718
v -0.10294244 -0.00000000 0.15155718
v -0.10411871 -0.00130000 0.19768395
v -0.10348212 -0.00130000 0.19755733
v -0.09926871 -0.00130000 0.20844778
v -0.09985450 -0.00130000 0.20986199
v -0.10050335 -0.00130000 0.21029554
v -0.09942096 -0.00130000 0.20921315
v -0.10896871 -0.00130000 0.20974073
v -0.10475530 -0.00130000 0.19755733
v -0.10475530 -0.00130000 0.18312833
v -0.10565559 -0.00130000 0.19538386
v -0.10578221 -0.00130000 0.19602045
v -0.10294244 -0.00130000 0.19719672
v -0.10126872 -0.00130000 0.21044779
v -0.10896871 -0.00130000 0.21044779
v -0.10565559 -0.00130000 0.19665705
v -0.10529499 -0.00130000 0.19719672
v -0.10411871 -0.00130000 0.18325494
v -0.10411871 -0.00130000 0.19435695
v -0.10348212 -0.00130000 0.19448358
v -0.10258184 -0.00130000 0.19665705
v -0.10475530 -0.00130000 0.19448358
v -0.10529499 -0.00130000 0.19484417
v -0.10348212 -0.00130000 0.18312833
v -0.10245521 -0.00130000 0.19602045
v -0.10294244 -0.00130000 0.19484417
v -0.10258184 -0.00130000 0.19538386
v -0.10475530 -0.00130000 0.16869932
v -0.10565559 -0.00130000 0.18095486
v -0.10578221 -0.00130000 0.18159145
v -0.10294244 -0.00130000 0.18276772
v -0.10565559 -0.00130000 0.18222804
v -0.10529499 -0.00130000 0.18276772
v -0.10258184 -0.00130000 0.18222804
v -0.10475530 -0.00130000 0.18005458
v -0.10529499 -0.00130000 0.18041518
v -0.10529499 -0.00130000 0.15390973
v -0.10475530 -0.00130000 0.15427032
v -0.10578221 -0.00130000 0.16716245
v -0.10411871 -0.00130000 0.15439695
v -0.10411871 -0.00130000 0.16549896
v -0.10348212 -0.00130000 0.16562557
v -0.10348212 -0.00130000 0.18005458
v -0.10411871 -0.00130000 0.17992795
v -0.10411871 -0.00130000 0.16882595
v -0.10348212 -0.00130000 0.15427032
v -0.10348212 -0.00130000 0.16869932
v -0.10258184 -0.00130000 0.18095486
v -0.10294244 -0.00130000 0.18041518
v -0.10245521 -0.00130000 0.18159145
v -0.10565559 -0.00130000 0.16779904
v -0.10529499 -0.00130000 0.16833872
v -0.10565559 -0.00130000 0.15337004
v -0.10896871 -0.00130000 0.14014800
v -0.10578221 -0.00130000 0.15273345
v -0.10475530 -0.00130000 0.16562557
v -0.10529499 -0.00130000 0.16598618
v -0.10294244 -0.00130000 0.16598618
v -0.10245521 -0.00130000 0.16716245
v -0.10258184 -0.00130000 0.16652586
v -0.10258184 -0.00130000 0.16779904
v -0.10294244 -0.00130000 0.16833872
v -0.10565559 -0.00130000 0.15209685
v -0.10258184 -0.00130000 0.15337004
v -0.10245521 -0.00130000 0.15273345
v -0.10294244 -0.00130000 0.15390973
v -0.10565559 -0.00130000 0.16652586
v -0.10475530 -0.00130000 0.15119657
v -0.10529499 -0.00130000 0.15155718
v -0.10849897 -0.00130000 0.14014800
v -0.10258184 -0.00130000 0.15209685
v -0.09985450 -0.00130000 0.13889064
v -0.09942096 -0.00130000 0.13953948
v -0.10126872 -0.00130000 0.13830484
v -0.10050335 -0.00130000 0.13845709
v -0.10348212 -0.00130000 0.15119657
v -0.10411871 -0.00130000 0.15106995
v -0.10294244 -0.00130000 0.15155718
v -0.10849897 -0.00130000 0.13830484
v -0.09926871 -0.00130000 0.14030485
v -0.11012504 -0.00130000 0.13388702
v -0.11012504 0.00000000 0.13388702
v -0.11053542 -0.00000000 0.13411561
v -0.11053542 -0.00130000 0.13411561
v -0.10922815 -0.00130000 0.13549723
v -0.10922815 0.00000000 0.13549723
v -0.11012504 0.00000000 0.13388702
v -0.11012504 -0.00130000 0.13388702
v -0.10922815 -0.00130000 0.13549723
v -0.10291166 -0.00130000 0.13197891
v -0.10291166 -0.00000000 0.13197891
v -0.10922815 0.00000000 0.13549723
v -0.10291166 -0.00000000 0.13197891
v -0.10291166 -0.00130000 0.13197891
v -0.10231710 -0.00130000 0.13147348
v -0.10231710 -0.00000000 0.13147348
v -0.10196123 -0.00130000 0.13077900
v -0.10196123 -0.00000000 0.13077900
v -0.10189821 -0.00130000 0.13000119
v -0.10189821 -0.00000000 0.13000119
v -0.10213764 -0.00130000 0.12925847
v -0.10213764 -0.00000000 0.12925847
v -0.13709010 -0.00130000 0.06650769
v -0.13709010 -0.00000000 0.06650769
v -0.12692586 -0.00000000 0.08475574
v -0.12137423 -0.00000000 0.09472266
v -0.12137423 -0.00130000 0.09472266
v -0.12692586 -0.00130000 0.08475574
v -0.10213764 -0.00130000 0.12925847
v -0.10213764 -0.00000000 0.12925847
v -0.13709010 -0.00000000 0.06650769
v -0.13709010 -0.00130000 0.06650769
v -0.13759553 -0.00130000 0.06591313
v -0.13759553 -0.00000000 0.06591313
v -0.13829003 -0.00130000 0.06555726
v -0.13829003 -0.00000000 0.06555726
v -0.13906784 -0.00130000 0.06549424
v -0.13906784 -0.00000000 0.06549424
v -0.13981056 -0.00130000 0.06573367
v -0.13981056 -0.00000000 0.06573367
v -0.13981056 -0.00130000 0.06573367
v -0.14653742 -0.00130000 0.06948057
v -0.14653742 -0.00000000 0.06948057
v -0.13981056 -0.00000000 0.06573367
v -0.14720607 0.00015224 0.06985300
v -0.11120407 0.00015224 0.13448805
v -0.12692586 -0.00000000 0.10468958
v -0.13247748 -0.00000000 0.09472266
v -0.11053542 -0.00000000 0.13411561
v -0.11177091 0.00058579 0.13480379
v -0.11214966 0.00123463 0.13501474
v -0.14777291 0.00058579 0.07016873
v -0.11888877 0.00200000 0.12322877
v -0.11849855 0.00200000 0.12392934
v -0.14815167 0.00123463 0.07037970
v -0.13043767 0.00200000 0.10249481
v -0.12327965 0.00200000 0.11534575
v -0.13702495 0.00200000 0.09066854
v -0.13979450 0.00200000 0.08569634
v -0.14828467 0.00200000 0.07045379
v -0.11228266 0.00200000 0.13508883
v -0.14653742 -0.00000000 0.06948057
v -0.14920092 0.00073714 0.07096414
v -0.13816066 0.00200000 0.09130114
v -0.14093021 0.00200000 0.08632893
v -0.13157338 0.00200000 0.10312741
v -0.11319891 0.00073714 0.13559918
v -0.12441535 0.00200000 0.11597835
v -0.12002447 0.00200000 0.12386137
v -0.11963426 0.00200000 0.12456194
v -0.11341837 0.00200000 0.13572142
v -0.14857598 -0.00033345 0.07061605
v -0.11257397 -0.00033345 0.13525109
v -0.14764069 -0.00104880 0.07009508
v -0.13247748 -0.00130000 0.09472266
v -0.12692586 -0.00130000 0.10468958
v -0.11163868 -0.00104880 0.13473013
v -0.14653742 -0.00130000 0.06948057
v -0.11053542 -0.00130000 0.13411561
v -0.14942037 0.00200000 0.07108638
v -0.11319891 0.00073714 0.13559918
v -0.11214966 0.00123463 0.13501474
v -0.11228266 0.00200000 0.13508883
v -0.11257397 -0.00033345 0.13525109
v -0.11177091 0.00058579 0.13480379
v -0.11163868 -0.00104880 0.13473013
v -0.11120407 0.00015224 0.13448805
v -0.11053542 -0.00130000 0.13411561
v -0.11053542 -0.00000000 0.13411561
v -0.11341837 0.00200000 0.13572142
v -0.14764069 -0.00104880 0.07009508
v -0.14720607 0.00015224 0.06985300
v -0.14653742 -0.00000000 0.06948057
v -0.14857598 -0.00033345 0.07061605
v -0.14777291 0.00058579 0.07016873
v -0.14920092 0.00073714 0.07096414
v -0.14815167 0.00123463 0.07037970
v -0.14942037 0.00200000 0.07108638
v -0.14828467 0.00200000 0.07045379
v -0.14653742 -0.00130000 0.06948057
v -0.09926871 0.00236268 0.21211955
v -0.09926871 0.00181092 0.21329665
v -0.09942096 0.00111791 0.21297181
v -0.09942096 0.00166967 0.21179470
v -0.09985450 0.00053041 0.21269642
v -0.09985450 0.00108217 0.21151932
v -0.10050335 0.00013785 0.21251240
v -0.10050335 0.00068961 0.21133530
v -0.10126872 -0.00000000 0.21244779
v -0.10126872 0.00055176 0.21127069
v -0.09926871 0.04770113 0.23480769
v -0.09926871 0.04825289 0.23363060
v -0.09926871 0.06188186 0.24001917
v -0.09926871 0.07551083 0.24640775
v -0.09926871 0.07495906 0.24758485
v -0.09926871 0.06133010 0.24119627
v -0.09926871 0.02099496 0.22085343
v -0.09926871 0.03462392 0.22724201
v -0.09926871 0.03407216 0.22841911
v -0.09926871 0.00236268 0.21211955
v -0.09926871 0.02044319 0.22203054
v -0.09926871 0.09019165 0.25328940
v -0.09926871 0.09474085 0.25542182
v -0.09926871 0.09418909 0.25659892
v -0.09926871 0.00181092 0.21329665
v -0.09926871 0.08963989 0.25446647
v -0.10126872 0.09655176 0.25627068
v -0.10126872 0.09600000 0.25744778
v -0.10050335 0.09586215 0.25738317
v -0.10050335 0.09641392 0.25620607
v -0.09985450 0.09546959 0.25719917
v -0.09985450 0.09602136 0.25602207
v -0.09942096 0.09488209 0.25692376
v -0.09942096 0.09543385 0.25574666
v -0.09926871 0.09418909 0.25659892
v -0.09926871 0.09474085 0.25542182
v -0.10126872 0.09655176 0.25627068
v -0.10737547 0.09655176 0.25627068
v -0.10737547 0.09600000 0.25744778
v -0.10896871 0.09655176 0.25627068
v -0.10896871 0.09600000 0.25744778
v -0.10126872 0.09600000 0.25744778
v -0.10126872 -0.00000000 0.21244779
v -0.10737547 -0.00000000 0.21244779
v -0.10737547 0.00055176 0.21127069
v -0.10896871 -0.00000000 0.21244779
v -0.10896871 0.00055176 0.21127069
v -0.10126872 0.00055176 0.21127069
v -0.10896871 0.00055176 0.21127069
v -0.10896871 -0.00000000 0.21244779
v -0.10896871 0.00059937 0.21272874
v -0.10896871 0.00115113 0.21155164
v -0.11060502 0.00151190 0.21078201
v -0.11084627 0.09611224 0.25453568
v -0.11081647 0.09613956 0.25471392
v -0.11089783 0.00177601 0.21021858
v -0.11086509 0.09609500 0.25442314
v -0.11011872 0.00130550 0.21122232
v -0.11056866 0.09622750 0.25516474
v -0.11038293 0.09629342 0.25550264
v -0.11019554 0.09633522 0.25566050
v -0.11057357 0.09622576 0.25515583
v -0.10949646 0.00118122 0.21148746
v -0.10975621 0.09643323 0.25603065
v -0.10973408 0.09643817 0.25604931
v -0.11009764 0.09635706 0.25574300
v -0.10896871 0.04825289 0.23363060
v -0.10896871 0.03462392 0.22724201
v -0.10896871 0.02099496 0.22085343
v -0.10949053 0.09647541 0.25612792
v -0.10896871 0.06188186 0.24001917
v -0.10896871 0.07551083 0.24640775
v -0.10896871 0.09019165 0.25328940
v -0.10926300 0.09651020 0.25620136
v -0.10907747 0.09653857 0.25626123
v -0.10896871 0.09655176 0.25627068
v -0.11096872 0.07332744 0.24317546
v -0.11096872 0.09343113 0.25259906
v -0.11096872 0.03110821 0.22338520
v -0.11096872 0.00200000 0.20974073
v -0.11096872 0.09600000 0.25380322
v -0.10896871 0.00115113 0.21155164
v -0.10983950 0.00064901 0.21262284
v -0.11005799 0.09592447 0.25720811
v -0.11083062 0.09591450 0.25668573
v -0.10983011 0.09595037 0.25724781
v -0.11086623 0.00085407 0.21218537
v -0.11021150 0.09592924 0.25714630
v -0.11026635 0.09592794 0.25710547
v -0.11161061 0.09591412 0.25583002
v -0.11161657 0.09591433 0.25582024
v -0.11099680 0.09591053 0.25656211
v -0.11130217 0.09590326 0.25633496
v -0.11166861 0.00119463 0.21145885
v -0.11206689 0.09594239 0.25489807
v -0.11209786 0.09595124 0.25473005
v -0.11201805 0.09592846 0.25516298
v -0.11226872 0.07332744 0.24317546
v -0.11226872 0.03110821 0.22338520
v -0.11215176 0.00163041 0.21052918
v -0.11226872 0.09600000 0.25380322
v -0.11226872 0.09343113 0.25259906
v -0.10896871 0.08963989 0.25446647
v -0.10896871 0.09600000 0.25744778
v -0.10910806 0.09599035 0.25743997
v -0.10945717 0.09597102 0.25734705
v -0.10896871 0.07495906 0.24758485
v -0.10896871 0.06133010 0.24119627
v -0.10896871 0.04770113 0.23480769
v -0.10896871 0.03407216 0.22841911
v -0.10896871 0.02044319 0.22203054
v -0.10896871 0.00059937 0.21272874
v -0.11226872 0.00200000 0.20974073
v -0.11209786 0.09595124 0.25473005
v -0.11086509 0.09609500 0.25442314
v -0.11096872 0.09600000 0.25380322
v -0.11206689 0.09594239 0.25489807
v -0.11084627 0.09611224 0.25453568
v -0.11201805 0.09592846 0.25516298
v -0.11081647 0.09613956 0.25471392
v -0.11161657 0.09591433 0.25582024
v -0.11057357 0.09622576 0.25515583
v -0.11056866 0.09622750 0.25516474
v -0.11161061 0.09591412 0.25583002
v -0.11130217 0.09590326 0.25633496
v -0.11038293 0.09629342 0.25550264
v -0.11099680 0.09591053 0.25656211
v -0.11019554 0.09633522 0.25566050
v -0.11083062 0.09591450 0.25668573
v -0.11026635 0.09592794 0.25710547
v -0.10975621 0.09643323 0.25603065
v -0.11009764 0.09635706 0.25574300
v -0.11021150 0.09592924 0.25714630
v -0.10973408 0.09643817 0.25604931
v -0.10983011 0.09595037 0.25724781
v -0.10945717 0.09597102 0.25734705
v -0.10926300 0.09651020 0.25620136
v -0.10949053 0.09647541 0.25612792
v -0.10910806 0.09599035 0.25743997
v -0.10907747 0.09653857 0.25626123
v -0.10896871 0.09600000 0.25744778
v -0.10896871 0.09655176 0.25627068
v -0.11226872 0.09600000 0.25380322
v -0.10896871 0.00059937 0.21272874
v -0.10983950 0.00064901 0.21262284
v -0.10949646 0.00118122 0.21148746
v -0.11086623 0.00085407 0.21218537
v -0.11011872 0.00130550 0.21122232
v -0.11166861 0.00119463 0.21145885
v -0.11060502 0.00151190 0.21078201
v -0.11215176 0.00163041 0.21052918
v -0.11089783 0.00177601 0.21021858
v -0.11226872 0.00200000 0.20974073
v -0.11096872 0.00200000 0.20974073
v -0.10896871 0.00115113 0.21155164
v -0.11201752 0.00073714 0.20974073
v -0.11081647 0.00123463 0.20974073
v -0.11096872 0.00200000 0.20974073
v -0.11130217 -0.00033345 0.20974073
v -0.11038293 0.00058579 0.20974073
v -0.11023157 -0.00104880 0.20974073
v -0.10973408 0.00015224 0.20974073
v -0.10896871 -0.00130000 0.20974073
v -0.10896871 -0.00000000 0.20974073
v -0.11226872 0.00200000 0.20974073
v -0.10896871 -0.00130000 0.21044779
v -0.10896871 -0.00000000 0.21044779
v -0.10896871 -0.00000000 0.20974073
v -0.10896871 -0.00130000 0.20974073
v -0.10126872 -0.00130000 0.21044779
v -0.10126872 -0.00000000 0.21044779
v -0.10896871 -0.00000000 0.21044779
v -0.10896871 -0.00130000 0.21044779
v -0.10126872 -0.00000000 0.21044779
v -0.10126872 -0.00130000 0.21044779
v -0.10050335 -0.00130000 0.21029554
v -0.10050335 -0.00000000 0.21029554
v -0.09985450 -0.00130000 0.20986199
v -0.09985450 -0.00000000 0.20986199
v -0.09942096 -0.00130000 0.20921315
v -0.09942096 -0.00000000 0.20921315
v -0.09926871 -0.00130000 0.20844778
v -0.09926871 -0.00000000 0.20844778
v -0.09926871 -0.00130000 0.14030485
v -0.09926871 -0.00000000 0.14030485
v -0.09926871 -0.00000000 0.20844778
v -0.09926871 -0.00130000 0.20844778
v -0.09926871 -0.00000000 0.14030485
v -0.09926871 -0.00130000 0.14030485
v -0.09942096 -0.00130000 0.13953948
v -0.09942096 -0.00000000 0.13953948
v -0.09985450 -0.00130000 0.13889064
v -0.09985450 -0.00000000 0.13889064
v -0.10050335 -0.00130000 0.13845709
v -0.10050335 -0.00000000 0.13845709
v -0.10126872 -0.00130000 0.13830484
v -0.10126872 -0.00000000 0.13830484
v -0.10849897 -0.00130000 0.13830484
v -0.10849897 0.00000000 0.13830484
v -0.10126872 -0.00000000 0.13830484
v -0.10126872 -0.00130000 0.13830484
v -0.10849897 -0.00130000 0.14014800
v -0.10849897 0.00000000 0.14014800
v -0.10849897 0.00000000 0.13830484
v -0.10849897 -0.00130000 0.13830484
v -0.10849897 -0.00130000 0.14014800
v -0.10896871 -0.00130000 0.14014800
v -0.10896871 -0.00000000 0.14014800
v -0.10849897 0.00000000 0.14014800
v -0.10973408 0.00015224 0.20974073
v -0.10896871 -0.00000000 0.20974073
v -0.10896871 -0.00000000 0.14014800
v -0.11038293 0.00058579 0.20974073
v -0.10973408 0.00015224 0.14014800
v -0.11081647 0.00123463 0.20974073
v -0.11038293 0.00058579 0.14014800
v -0.11096872 0.00200000 0.19338919
v -0.11096872 0.00200000 0.20838720
v -0.11096872 0.00200000 0.17839120
v -0.11081647 0.00123463 0.14014800
v -0.11096872 0.00200000 0.16339320
v -0.11096872 0.00200000 0.14014800
v -0.11096872 0.00200000 0.20974073
v -0.11201752 0.00073714 0.14014800
v -0.11201752 0.00073714 0.20974073
v -0.11226872 0.00200000 0.17839120
v -0.11226872 0.00200000 0.16339320
v -0.11226872 0.00200000 0.19338919
v -0.11226872 0.00200000 0.20838720
v -0.11226872 0.00200000 0.20974073
v -0.11130217 -0.00033345 0.14014800
v -0.11130217 -0.00033345 0.20974073
v -0.11023157 -0.00104880 0.14014800
v -0.11023157 -0.00104880 0.20974073
v -0.10896871 -0.00130000 0.14014800
v -0.10896871 -0.00130000 0.20974073
v -0.11226872 0.00200000 0.14014800
v -0.11023157 -0.00104880 0.14014800
v -0.11130217 -0.00033345 0.14014800
v -0.11038293 0.00058579 0.14014800
v -0.11201752 0.00073714 0.14014800
v -0.11081647 0.00123463 0.14014800
v -0.10973408 0.00015224 0.14014800
v -0.10896871 -0.00000000 0.14014800
v -0.11226872 0.00200000 0.14014800
v -0.11096872 0.00200000 0.14014800
v -0.10896871 -0.00130000 0.14014800
v -0.11096872 0.00200000 0.14014800
v -0.11226872 0.00200000 0.14014800
v -0.11226872 0.00246975 0.14014800
v -0.11096872 0.00246975 0.14014800
v -0.11226872 0.00246975 0.13830484
v -0.11096872 0.00246975 0.13830484
v -0.11096872 0.00246975 0.14014800
v -0.11226872 0.00246975 0.14014800
v -0.11341837 0.00200000 0.13572142
v -0.11228266 0.00200000 0.13508883
v -0.11228266 0.00246975 0.13508883
v -0.11341837 0.00246975 0.13572142
v -0.11341837 0.00246975 0.13572142
v -0.11228266 0.00246975 0.13508883
v -0.11138577 0.00246975 0.13669904
v -0.11252148 0.00246975 0.13733163
v -0.11107468 0.00246975 0.13747531
v -0.11233293 0.00246975 0.13780209
v -0.11252148 0.00246975 0.13733163
v -0.11096872 0.00246975 0.13830484
v -0.11226872 0.00246975 0.13830484
v -0.11138577 0.00246975 0.13669904
v -0.11096872 0.09600000 0.25380322
v -0.11096872 0.09600000 0.24317546
v -0.11226872 0.09600000 0.24317546
v -0.11226872 0.09600000 0.22338520
v -0.11096872 0.09600000 0.22338520
v -0.11226872 0.09600000 0.20838720
v -0.11096872 0.09600000 0.20838720
v -0.11226872 0.09600000 0.19338919
v -0.11096872 0.09600000 0.19338919
v -0.11226872 0.09600000 0.17839120
v -0.11096872 0.09600000 0.17839120
v -0.11226872 0.09600000 0.16339320
v -0.11096872 0.09600000 0.16339320
v -0.11226872 0.09600000 0.13830484
v -0.11096872 0.09600000 0.13830484
v -0.11226872 0.09600000 0.25380322
v -0.11233293 0.00246975 0.13780209
v -0.11226872 0.00246975 0.13830484
v -0.11226872 0.09343113 0.13830484
v -0.11233293 0.09600000 0.13780209
v -0.11252148 0.04900000 0.13733163
v -0.11252148 0.02570300 0.13733163
v -0.11252148 0.07229700 0.13733163
v -0.11252148 0.08031463 0.13733163
v -0.11252148 0.09343113 0.13733163
v -0.11252148 0.09600000 0.13733163
v -0.11252148 0.00246975 0.13733163
v -0.11226872 0.09600000 0.13830484
v -0.11107468 0.09600000 0.13747531
v -0.11138577 0.08031463 0.13669904
v -0.11138577 0.09343113 0.13669904
v -0.11138577 0.07229700 0.13669904
v -0.11107468 0.00246975 0.13747531
v -0.11138577 0.04900000 0.13669904
v -0.11138577 0.02570300 0.13669904
v -0.11138577 0.00246975 0.13669904
v -0.11096872 0.09343113 0.13830484
v -0.11096872 0.09600000 0.13830484
v -0.11096872 0.00246975 0.13830484
v -0.11138577 0.09600000 0.13669904
v -0.11107468 0.09600000 0.13747531
v -0.11233293 0.09600000 0.13780209
v -0.11226872 0.09600000 0.13830484
v -0.11138577 0.09600000 0.13669904
v -0.11252148 0.09600000 0.13733163
v -0.11096872 0.09600000 0.13830484
v -0.12477551 0.08856216 -0.02376192
v -0.12468597 0.08919876 -0.02385146
v -0.12560521 0.08919876 -0.02477070
v -0.12503049 0.08802249 -0.02350694
v -0.12569474 0.08856216 -0.02468116
v -0.12541209 0.08766188 -0.02312533
v -0.12594973 0.08802249 -0.02442618
v -0.12586224 0.08753525 -0.02267519
v -0.12633133 0.08766188 -0.02404457
v -0.12631238 0.08766188 -0.02222505
v -0.12678148 0.08753525 -0.02359443
v -0.12669399 0.08802249 -0.02184344
v -0.12723161 0.08766188 -0.02314429
v -0.12694897 0.08856216 -0.02158846
v -0.12761323 0.08802249 -0.02276268
v -0.12703851 0.08919876 -0.02149892
v -0.12786821 0.08856216 -0.02250770
v -0.12694897 0.08983535 -0.02158846
v -0.12795775 0.08919876 -0.02241816
v -0.12669399 0.09037503 -0.02184344
v -0.12786821 0.08983535 -0.02250770
v -0.12631238 0.09073563 -0.02222505
v -0.12761323 0.09037503 -0.02276268
v -0.12586224 0.09086226 -0.02267519
v -0.12723161 0.09073563 -0.02314429
v -0.12541209 0.09073563 -0.02312533
v -0.12678148 0.09086226 -0.02359443
v -0.12503049 0.09037503 -0.02350694
v -0.12633133 0.09073563 -0.02404457
v -0.12477551 0.08983535 -0.02376192
v -0.12594973 0.09037503 -0.02442618
v -0.12569474 0.08983535 -0.02468116
v -0.13186760 0.08856216 -0.01666982
v -0.13177808 0.08919876 -0.01675936
v -0.13269731 0.08919876 -0.01767860
v -0.13212259 0.08802249 -0.01641484
v -0.13278684 0.08856216 -0.01758906
v -0.13250419 0.08766188 -0.01603323
v -0.13304183 0.08802249 -0.01733408
v -0.13295434 0.08753525 -0.01558309
v -0.13342345 0.08766188 -0.01695247
v -0.13340448 0.08766188 -0.01513295
v -0.13387358 0.08753525 -0.01650233
v -0.13378610 0.08802249 -0.01475134
v -0.13432372 0.08766188 -0.01605219
v -0.13404107 0.08856216 -0.01449635
v -0.13470533 0.08802249 -0.01567058
v -0.13413061 0.08919876 -0.01440682
v -0.13496031 0.08856216 -0.01541559
v -0.13404107 0.08983535 -0.01449635
v -0.13504985 0.08919876 -0.01532605
v -0.13378610 0.09037503 -0.01475134
v -0.13496031 0.08983535 -0.01541559
v -0.13340448 0.09073563 -0.01513295
v -0.13470533 0.09037503 -0.01567058
v -0.13295434 0.09086226 -0.01558309
v -0.13432372 0.09073563 -0.01605219
v -0.13250419 0.09073563 -0.01603323
v -0.13387358 0.09086226 -0.01650233
v -0.13212259 0.09037503 -0.01641484
v -0.13342345 0.09073563 -0.01695247
v -0.13186760 0.08983535 -0.01666982
v -0.13304183 0.09037503 -0.01733408
v -0.13278684 0.08983535 -0.01758906
v -0.13895971 0.08856216 -0.00957772
v -0.13887018 0.08919876 -0.00966725
v -0.13978942 0.08919876 -0.01058649
v -0.13921469 0.08802249 -0.00932273
v -0.13987894 0.08856216 -0.01049696
v -0.13959631 0.08766188 -0.00894112
v -0.14013393 0.08802249 -0.01024197
v -0.14004645 0.08753525 -0.00849098
v -0.14051555 0.08766188 -0.00986036
v -0.14049658 0.08766188 -0.00804084
v -0.14096569 0.08753525 -0.00941022
v -0.14087820 0.08802249 -0.00765923
v -0.14141582 0.08766188 -0.00896008
v -0.14113317 0.08856216 -0.00740425
v -0.14179744 0.08802249 -0.00857847
v -0.14122272 0.08919876 -0.00731471
v -0.14205241 0.08856216 -0.00832349
v -0.14113317 0.08983535 -0.00740425
v -0.14214195 0.08919876 -0.00823395
v -0.14087820 0.09037503 -0.00765923
v -0.14205241 0.08983535 -0.00832349
v -0.14049658 0.09073563 -0.00804084
v -0.14179744 0.09037503 -0.00857847
v -0.14004645 0.09086226 -0.00849098
v -0.14141582 0.09073563 -0.00896008
v -0.13959631 0.09073563 -0.00894112
v -0.14096569 0.09086226 -0.00941022
v -0.13921469 0.09037503 -0.00932273
v -0.14051555 0.09073563 -0.00986036
v -0.13895971 0.08983535 -0.00957772
v -0.14013393 0.09037503 -0.01024197
v -0.13987894 0.08983535 -0.01049696
v -0.14051555 0.09073563 -0.00986036
v -0.11895696 0.09600000 -0.03141894
v -0.13387358 0.09086226 -0.01650233
v -0.14096569 0.09086226 -0.00941022
v -0.13496031 0.08983535 -0.01541559
v -0.13987894 0.08983535 -0.01049696
v -0.14013393 0.09037503 -0.01024197
v -0.13504985 0.08919876 -0.01532605
v -0.13978942 0.08919876 -0.01058649
v -0.13432372 0.09073563 -0.01605219
v -0.13470533 0.09037503 -0.01567058
v -0.13342345 0.09073563 -0.01695247
v -0.13278684 0.08983535 -0.01758906
v -0.12723161 0.09073563 -0.02314429
v -0.11895696 0.00200000 -0.03141894
v -0.12594973 0.08802249 -0.02442618
v -0.12569474 0.08856216 -0.02468116
v -0.13387358 0.08753525 -0.01650233
v -0.12786821 0.08856216 -0.02250770
v -0.12761323 0.08802249 -0.02276268
v -0.14096569 0.08753525 -0.00941022
v -0.13496031 0.08856216 -0.01541559
v -0.13470533 0.08802249 -0.01567058
v -0.14887089 0.09600000 -0.00150503
v -0.14051555 0.08766188 -0.00986036
v -0.14013393 0.08802249 -0.01024197
v -0.12678148 0.09086226 -0.02359443
v -0.12633133 0.08766188 -0.02404457
v -0.14887089 0.00200000 -0.00150503
v -0.12723161 0.08766188 -0.02314429
v -0.12678148 0.08753525 -0.02359443
v -0.13432372 0.08766188 -0.01605219
v -0.14141582 0.08766188 -0.00896008
v -0.14179744 0.09037503 -0.00857847
v -0.14205241 0.08983535 -0.00832349
v -0.14141582 0.09073563 -0.00896008
v -0.13987894 0.08856216 -0.01049696
v -0.13304183 0.09037503 -0.01733408
v -0.12633133 0.09073563 -0.02404457
v -0.12569474 0.08983535 -0.02468116
v -0.12594973 0.09037503 -0.02442618
v -0.13269731 0.08919876 -0.01767860
v -0.12786821 0.08983535 -0.02250770
v -0.12795775 0.08919876 -0.02241816
v -0.13342345 0.08766188 -0.01695247
v -0.14205241 0.08856216 -0.00832349
v -0.12560521 0.08919876 -0.02477070
v -0.12761323 0.09037503 -0.02276268
v -0.14179744 0.08802249 -0.00857847
v -0.14214195 0.08919876 -0.00823395
v -0.13304183 0.08802249 -0.01733408
v -0.13278684 0.08856216 -0.01758906
v -0.11803772 0.09600000 -0.03049970
v -0.13295434 0.09086226 -0.01558309
v -0.12631238 0.09073563 -0.02222505
v -0.13895971 0.08983535 -0.00957772
v -0.13340448 0.09073563 -0.01513295
v -0.13404107 0.08983535 -0.01449635
v -0.13378610 0.09037503 -0.01475134
v -0.13887018 0.08919876 -0.00966725
v -0.13413061 0.08919876 -0.01440682
v -0.12694897 0.08983535 -0.02158846
v -0.13250419 0.09073563 -0.01603323
v -0.12586224 0.09086226 -0.02267519
v -0.12703851 0.08919876 -0.02149892
v -0.12669399 0.09037503 -0.02184344
v -0.12541209 0.09073563 -0.02312533
v -0.12503049 0.09037503 -0.02350694
v -0.13959631 0.09073563 -0.00894112
v -0.13921469 0.09037503 -0.00932273
v -0.14795165 0.09600000 -0.00058579
v -0.14004645 0.09086226 -0.00849098
v -0.13295434 0.08753525 -0.01558309
v -0.13895971 0.08856216 -0.00957772
v -0.13921469 0.08802249 -0.00932273
v -0.12586224 0.08753525 -0.02267519
v -0.13186760 0.08856216 -0.01666982
v -0.13212259 0.08802249 -0.01641484
v -0.11803772 0.00200000 -0.03049970
v -0.12477551 0.08856216 -0.02376192
v -0.12477551 0.08983535 -0.02376192
v -0.14049658 0.09073563 -0.00804084
v -0.14113317 0.08983535 -0.00740425
v -0.14087820 0.09037503 -0.00765923
v -0.13250419 0.08766188 -0.01603323
v -0.12541209 0.08766188 -0.02312533
v -0.12503049 0.08802249 -0.02350694
v -0.13340448 0.08766188 -0.01513295
v -0.13378610 0.08802249 -0.01475134
v -0.14795165 0.00200000 -0.00058579
v -0.14087820 0.08802249 -0.00765923
v -0.14113317 0.08856216 -0.00740425
v -0.13959631 0.08766188 -0.00894112
v -0.14004645 0.08753525 -0.00849098
v -0.12468597 0.08919876 -0.02385146
v -0.13404107 0.08856216 -0.01449635
v -0.14049658 0.08766188 -0.00804084
v -0.14122272 0.08919876 -0.00731471
v -0.13177808 0.08919876 -0.01675936
v -0.12694897 0.08856216 -0.02158846
v -0.12631238 0.08766188 -0.02222505
v -0.12669399 0.08802249 -0.02184344
v -0.13212259 0.09037503 -0.01641484
v -0.13186760 0.08983535 -0.01666982
v -0.12162367 -0.00000000 -0.01939986
v -0.12175030 -0.00000000 -0.01876327
v -0.12175030 -0.00130000 -0.01876327
v -0.12126306 -0.00000000 -0.01993954
v -0.12162367 -0.00130000 -0.01939986
v -0.12072339 -0.00000000 -0.02030014
v -0.12126306 -0.00130000 -0.01993954
v -0.12008680 -0.00000000 -0.02042677
v -0.12072339 -0.00130000 -0.02030014
v -0.11945020 -0.00000000 -0.02030014
v -0.12008680 -0.00130000 -0.02042677
v -0.11891052 -0.00000000 -0.01993954
v -0.11945020 -0.00130000 -0.02030014
v -0.11854992 -0.00000000 -0.01939986
v -0.11891052 -0.00130000 -0.01993954
v -0.11842330 -0.00000000 -0.01876327
v -0.11854992 -0.00130000 -0.01939986
v -0.11854992 -0.00000000 -0.01812668
v -0.11842330 -0.00130000 -0.01876327
v -0.11891052 -0.00000000 -0.01758700
v -0.11854992 -0.00130000 -0.01812668
v -0.11945020 -0.00000000 -0.01722640
v -0.11891052 -0.00130000 -0.01758700
v -0.12008680 -0.00000000 -0.01709977
v -0.11945020 -0.00130000 -0.01722640
v -0.12072339 -0.00000000 -0.01722640
v -0.12008680 -0.00130000 -0.01709977
v -0.12126306 -0.00000000 -0.01758700
v -0.12072339 -0.00130000 -0.01722640
v -0.12162367 -0.00000000 -0.01812668
v -0.12126306 -0.00130000 -0.01758700
v -0.12162367 -0.00130000 -0.01812668
v -0.12910204 -0.00000000 -0.01192150
v -0.12922865 -0.00000000 -0.01128491
v -0.12922865 -0.00130000 -0.01128491
v -0.12874143 -0.00000000 -0.01246118
v -0.12910204 -0.00130000 -0.01192150
v -0.12820175 -0.00000000 -0.01282178
v -0.12874143 -0.00130000 -0.01246118
v -0.12756516 -0.00000000 -0.01294841
v -0.12820175 -0.00130000 -0.01282178
v -0.12692857 -0.00000000 -0.01282178
v -0.12756516 -0.00130000 -0.01294841
v -0.12638888 -0.00000000 -0.01246118
v -0.12692857 -0.00130000 -0.01282178
v -0.12602828 -0.00000000 -0.01192150
v -0.12638888 -0.00130000 -0.01246118
v -0.12590165 -0.00000000 -0.01128491
v -0.12602828 -0.00130000 -0.01192150
v -0.12602828 -0.00000000 -0.01064832
v -0.12590165 -0.00130000 -0.01128491
v -0.12638888 -0.00000000 -0.01010864
v -0.12602828 -0.00130000 -0.01064832
v -0.12692857 -0.00000000 -0.00974804
v -0.12638888 -0.00130000 -0.01010864
v -0.12756516 -0.00000000 -0.00962141
v -0.12692857 -0.00130000 -0.00974804
v -0.12820175 -0.00000000 -0.00974804
v -0.12756516 -0.00130000 -0.00962141
v -0.12874143 -0.00000000 -0.01010864
v -0.12820175 -0.00130000 -0.00974804
v -0.12910204 -0.00000000 -0.01064832
v -0.12874143 -0.00130000 -0.01010864
v -0.12910204 -0.00130000 -0.01064832
v -0.13658039 -0.00000000 -0.00444314
v -0.13670702 -0.00000000 -0.00380655
v -0.13670702 -0.00130000 -0.00380655
v -0.13621978 -0.00000000 -0.00498282
v -0.13658039 -0.00130000 -0.00444314
v -0.13568011 -0.00000000 -0.00534342
v -0.13621978 -0.00130000 -0.00498282
v -0.13504352 -0.00000000 -0.00547005
v -0.13568011 -0.00130000 -0.00534342
v -0.13440692 -0.00000000 -0.00534342
v -0.13504352 -0.00130000 -0.00547005
v -0.13386725 -0.00000000 -0.00498282
v -0.13440692 -0.00130000 -0.00534342
v -0.13350664 -0.00000000 -0.00444314
v -0.13386725 -0.00130000 -0.00498282
v -0.13338001 -0.00000000 -0.00380655
v -0.13350664 -0.00130000 -0.00444314
v -0.13350664 -0.00000000 -0.00316995
v -0.13338001 -0.00130000 -0.00380655
v -0.13386725 -0.00000000 -0.00263028
v -0.13350664 -0.00130000 -0.00316995
v -0.13440692 -0.00000000 -0.00226967
v -0.13386725 -0.00130000 -0.00263028
v -0.13504352 -0.00000000 -0.00214305
v -0.13440692 -0.00130000 -0.00226967
v -0.13568011 -0.00000000 -0.00226967
v -0.13504352 -0.00130000 -0.00214305
v -0.13621978 -0.00000000 -0.00263028
v -0.13568011 -0.00130000 -0.00226967
v -0.13658039 -0.00000000 -0.00316995
v -0.13621978 -0.00130000 -0.00263028
v -0.13658039 -0.00130000 -0.00316995
v -0.13440692 -0.00130000 -0.00534342
v -0.11662351 -0.00130000 -0.02908549
v -0.12874143 -0.00130000 -0.01246118
v -0.13386725 -0.00130000 -0.00498282
v -0.12910204 -0.00130000 -0.01192150
v -0.12692857 -0.00130000 -0.01282178
v -0.12162367 -0.00130000 -0.01939986
v -0.13350664 -0.00130000 -0.00444314
v -0.12126306 -0.00130000 -0.01993954
v -0.11945020 -0.00130000 -0.02030014
v -0.12008680 -0.00130000 -0.02042677
v -0.11603773 -0.00130000 -0.02967128
v -0.11059300 -0.00130000 -0.02422656
v -0.11891052 -0.00130000 -0.01993954
v -0.11015946 -0.00130000 -0.02357771
v -0.11000722 -0.00130000 -0.02281234
v -0.11854992 -0.00130000 -0.01939986
v -0.12820175 -0.00130000 -0.01282178
v -0.12756516 -0.00130000 -0.01294841
v -0.12602828 -0.00130000 -0.01192150
v -0.12638888 -0.00130000 -0.01246118
v -0.12072339 -0.00130000 -0.02030014
v -0.11015946 -0.00130000 -0.02204697
v -0.11059300 -0.00130000 -0.02139813
v -0.12602828 -0.00130000 -0.01064832
v -0.11945020 -0.00130000 -0.01722640
v -0.11891052 -0.00130000 -0.01758700
v -0.12072339 -0.00130000 -0.01722640
v -0.12590165 -0.00130000 -0.01128491
v -0.12175030 -0.00130000 -0.01876327
v -0.13338001 -0.00130000 -0.00380655
v -0.12692857 -0.00130000 -0.00974804
v -0.12638888 -0.00130000 -0.01010864
v -0.13568011 -0.00130000 -0.00534342
v -0.13621978 -0.00130000 -0.00498282
v -0.11854992 -0.00130000 -0.01812668
v -0.12008680 -0.00130000 -0.01709977
v -0.12126306 -0.00130000 -0.01758700
v -0.12162367 -0.00130000 -0.01812668
v -0.12820175 -0.00130000 -0.00974804
v -0.12756516 -0.00130000 -0.00962141
v -0.13621978 -0.00130000 -0.00263028
v -0.13568011 -0.00130000 -0.00226967
v -0.13967849 -0.00130000 0.00685894
v -0.14653742 -0.00130000 0.00082843
v -0.13504352 -0.00130000 -0.00547005
v -0.11842330 -0.00130000 -0.01876327
v -0.12910204 -0.00130000 -0.01064832
v -0.12874143 -0.00130000 -0.01010864
v -0.13826428 -0.00130000 0.00627315
v -0.13386725 -0.00130000 -0.00263028
v -0.13504352 -0.00130000 -0.00214305
v -0.14044386 -0.00130000 0.00670670
v -0.13658039 -0.00130000 -0.00316995
v -0.13440692 -0.00130000 -0.00226967
v -0.13891312 -0.00130000 0.00670670
v -0.14109270 -0.00130000 0.00627315
v -0.12922865 -0.00130000 -0.01128491
v -0.13658039 -0.00130000 -0.00444314
v -0.13670702 -0.00130000 -0.00380655
v -0.13350664 -0.00130000 -0.00316995
v -0.11854992 -0.00000000 -0.01939986
v -0.11842330 -0.00000000 -0.01876327
v -0.11059300 -0.00000000 -0.02139813
v -0.12910204 -0.00000000 -0.01064832
v -0.13440692 -0.00000000 -0.00534342
v -0.13386725 -0.00000000 -0.00498282
v -0.13350664 -0.00000000 -0.00444314
v -0.12820175 -0.00000000 -0.00974804
v -0.12874143 -0.00000000 -0.01010864
v -0.12162367 -0.00000000 -0.01812668
v -0.12692857 -0.00000000 -0.01282178
v -0.12638888 -0.00000000 -0.01246118
v -0.12602828 -0.00000000 -0.01192150
v -0.12072339 -0.00000000 -0.01722640
v -0.12126306 -0.00000000 -0.01758700
v -0.11015946 -0.00000000 -0.02204697
v -0.12692857 -0.00000000 -0.00974804
v -0.12756516 -0.00000000 -0.00962141
v -0.12638888 -0.00000000 -0.01010864
v -0.14653742 -0.00000000 0.00082843
v -0.13621978 -0.00000000 -0.00498282
v -0.12008680 -0.00000000 -0.01709977
v -0.11891052 -0.00000000 -0.01758700
v -0.11945020 -0.00000000 -0.01722640
v -0.11000722 -0.00000000 -0.02281234
v -0.11015946 -0.00000000 -0.02357771
v -0.11891052 -0.00000000 -0.01993954
v -0.11603773 -0.00000000 -0.02967128
v -0.11945020 -0.00000000 -0.02030014
v -0.11662351 -0.00000000 -0.02908549
v -0.12602828 -0.00000000 -0.01064832
v -0.13568011 -0.00000000 -0.00534342
v -0.13504352 -0.00000000 -0.00547005
v -0.13658039 -0.00000000 -0.00444314
v -0.12175030 -0.00000000 -0.01876327
v -0.12820175 -0.00000000 -0.01282178
v -0.12756516 -0.00000000 -0.01294841
v -0.12874143 -0.00000000 -0.01246118
v -0.11854992 -0.00000000 -0.01812668
v -0.12008680 -0.00000000 -0.02042677
v -0.13621978 -0.00000000 -0.00263028
v -0.14044386 -0.00000000 0.00670670
v -0.13967849 -0.00000000 0.00685894
v -0.12910204 -0.00000000 -0.01192150
v -0.11059300 -0.00000000 -0.02422656
v -0.12162367 -0.00000000 -0.01939986
v -0.12126306 -0.00000000 -0.01993954
v -0.14109270 -0.00000000 0.00627315
v -0.13568011 -0.00000000 -0.00226967
v -0.13891312 -0.00000000 0.00670670
v -0.13826428 -0.00000000 0.00627315
v -0.13350664 -0.00000000 -0.00316995
v -0.13386725 -0.00000000 -0.00263028
v -0.12072339 -0.00000000 -0.02030014
v -0.12590165 -0.00000000 -0.01128491
v -0.13504352 -0.00000000 -0.00214305
v -0.13440692 -0.00000000 -0.00226967
v -0.13338001 -0.00000000 -0.00380655
v -0.12922865 -0.00000000 -0.01128491
v -0.13670702 -0.00000000 -0.00380655
v -0.13658039 -0.00000000 -0.00316995
v -0.11059300 -0.00000000 -0.02139813
v -0.11059300 -0.00130000 -0.02139813
v -0.11015946 -0.00130000 -0.02204697
v -0.11015946 -0.00000000 -0.02204697
v -0.11000722 -0.00130000 -0.02281234
v -0.11000722 -0.00000000 -0.02281234
v -0.11015946 -0.00130000 -0.02357771
v -0.11015946 -0.00000000 -0.02357771
v -0.11059300 -0.00130000 -0.02422656
v -0.11059300 -0.00000000 -0.02422656
v -0.11059300 -0.00130000 -0.02139813
v -0.11059300 -0.00000000 -0.02139813
v -0.13826428 -0.00000000 0.00627315
v -0.13826428 -0.00130000 0.00627315
v -0.14109270 -0.00000000 0.00627315
v -0.14109270 -0.00130000 0.00627315
v -0.14044386 -0.00130000 0.00670670
v -0.14044386 -0.00000000 0.00670670
v -0.13967849 -0.00130000 0.00685894
v -0.13967849 -0.00000000 0.00685894
v -0.13891312 -0.00130000 0.00670670
v -0.13891312 -0.00000000 0.00670670
v -0.13826428 -0.00130000 0.00627315
v -0.13826428 -0.00000000 0.00627315
v -0.14653742 -0.00000000 0.00082843
v -0.14653742 -0.00130000 0.00082843
v -0.14109270 -0.00130000 0.00627315
v -0.14109270 -0.00000000 0.00627315
v -0.11603773 -0.00130000 -0.02967128
v -0.11603773 -0.00000000 -0.02967128
v -0.11059300 -0.00000000 -0.02422656
v -0.11059300 -0.00130000 -0.02422656
v -0.11603773 -0.00000000 -0.02967128
v -0.11603773 -0.00130000 -0.02967128
v -0.11662351 -0.00130000 -0.02908549
v -0.11662351 -0.00000000 -0.02908549
v -0.14707862 0.00015224 0.00028723
v -0.14653742 -0.00000000 0.00082843
v -0.11662351 -0.00000000 -0.02908549
v -0.14753743 0.00058579 -0.00017157
v -0.11716471 0.00015224 -0.02962669
v -0.14784399 0.00123463 -0.00047814
v -0.11762351 0.00058579 -0.03008549
v -0.14795165 0.00200000 -0.00058579
v -0.11793008 0.00123463 -0.03039205
v -0.11803772 0.00200000 -0.03049970
v -0.14887089 0.00200000 -0.00150503
v -0.11895696 0.00200000 -0.03141894
v -0.11877934 0.00073714 -0.03124132
v -0.14869326 0.00073714 -0.00132740
v -0.11827351 -0.00033345 -0.03073549
v -0.14818743 -0.00033345 -0.00082157
v -0.11751649 -0.00104880 -0.02997846
v -0.14743041 -0.00104880 -0.00006455
v -0.11662351 -0.00130000 -0.02908549
v -0.14653742 -0.00130000 0.00082843
v -0.11827351 -0.00033345 -0.03073549
v -0.11762351 0.00058579 -0.03008549
v -0.11716471 0.00015224 -0.02962669
v -0.11877934 0.00073714 -0.03124132
v -0.11793008 0.00123463 -0.03039205
v -0.11662351 -0.00130000 -0.02908549
v -0.11751649 -0.00104880 -0.02997846
v -0.11895696 0.00200000 -0.03141894
v -0.11803772 0.00200000 -0.03049970
v -0.11662351 -0.00000000 -0.02908549
v -0.14869326 0.00073714 -0.00132740
v -0.14818743 -0.00033345 -0.00082157
v -0.14753743 0.00058579 -0.00017157
v -0.14743041 -0.00104880 -0.00006455
v -0.14707862 0.00015224 0.00028723
v -0.14653742 -0.00130000 0.00082843
v -0.14653742 -0.00000000 0.00082843
v -0.14887089 0.00200000 -0.00150503
v -0.14784399 0.00123463 -0.00047814
v -0.14795165 0.00200000 -0.00058579
v -0.11895696 0.00200000 -0.03141894
v -0.11788636 0.00200000 -0.03213429
v -0.11738887 0.00200000 -0.03093325
v -0.11662351 0.00200000 -0.03238549
v -0.11662351 0.00200000 -0.03108549
v -0.11803772 0.00200000 -0.03049970
v -0.11662351 0.00200000 -0.03108549
v -0.11662351 0.00200000 -0.03238549
v -0.10699041 0.00200000 -0.03238549
v -0.10699041 0.00200000 -0.03108549
v -0.10622505 0.00215224 -0.03108549
v -0.10658366 0.00208091 -0.03108549
v -0.10658366 0.00208091 -0.03238549
v -0.10699041 0.00200000 -0.03238549
v -0.10699041 0.00200000 -0.03108549
v -0.10622505 0.00215224 -0.03238549
v -0.10557620 0.00258579 -0.03238549
v -0.10557620 0.00258579 -0.03108549
v -0.10514265 0.00323463 -0.03238549
v -0.10514265 0.00323463 -0.03108549
v -0.10499042 0.00400000 -0.03238549
v -0.10499042 0.00400000 -0.03108549
v -0.10499042 0.00400000 -0.03238549
v -0.10499042 0.05683417 -0.03238549
v -0.10499042 0.05683417 -0.03108549
v -0.10499042 0.09400000 -0.03108549
v -0.10499042 0.09400000 -0.03238549
v -0.10499042 0.00400000 -0.03108549
v -0.10499042 0.09400000 -0.03108549
v -0.10499042 0.09400000 -0.03238549
v -0.10514265 0.09476537 -0.03238549
v -0.10514265 0.09476537 -0.03108549
v -0.10557620 0.09541421 -0.03238549
v -0.10557620 0.09541421 -0.03108549
v -0.10622505 0.09584776 -0.03238549
v -0.10699041 0.09600000 -0.03108549
v -0.10658366 0.09591909 -0.03108549
v -0.10658366 0.09591909 -0.03238549
v -0.10622505 0.09584776 -0.03108549
v -0.10699041 0.09600000 -0.03238549
v -0.11662351 0.09600000 -0.03238549
v -0.11662351 0.09600000 -0.03108549
v -0.10699041 0.09600000 -0.03108549
v -0.10699041 0.09600000 -0.03238549
v -0.11738887 0.00200000 -0.03093325
v -0.11662351 0.00200000 -0.03108549
v -0.11662351 0.05683417 -0.03108549
v -0.11738887 0.09600000 -0.03093325
v -0.11803772 0.00200000 -0.03049970
v -0.11803772 0.09600000 -0.03049970
v -0.11662351 0.09600000 -0.03108549
v -0.11895696 0.00200000 -0.03141894
v -0.11895696 0.09600000 -0.03141894
v -0.11788636 0.09600000 -0.03213429
v -0.11788636 0.00200000 -0.03213429
v -0.11662351 0.05683417 -0.03238549
v -0.11662351 0.09600000 -0.03238549
v -0.11662351 0.00200000 -0.03238549
v -0.11788636 0.09600000 -0.03213429
v -0.11738887 0.09600000 -0.03093325
v -0.11662351 0.09600000 -0.03108549
v -0.11895696 0.09600000 -0.03141894
v -0.11803772 0.09600000 -0.03049970
v -0.11662351 0.09600000 -0.03238549
v -0.13883743 -0.00000000 0.06233763
v -0.13883743 -0.00130000 0.06233763
v -0.13807206 -0.00130000 0.06218539
v -0.13807206 -0.00000000 0.06218539
v -0.13742322 -0.00130000 0.06175185
v -0.13742322 -0.00000000 0.06175185
v -0.13698967 -0.00130000 0.06110300
v -0.13698967 -0.00000000 0.06110300
v -0.13683742 -0.00130000 0.06033763
v -0.13683742 -0.00000000 0.06033763
v -0.13683742 -0.00000000 0.06033763
v -0.13683742 -0.00130000 0.06033763
v -0.13683742 -0.00130000 0.01146152
v -0.13683742 -0.00000000 0.01146152
v -0.13683742 -0.00000000 0.01146152
v -0.13683742 -0.00130000 0.01146152
v -0.13698967 -0.00130000 0.01069616
v -0.13698967 -0.00000000 0.01069616
v -0.13742322 -0.00130000 0.01004731
v -0.13742322 -0.00000000 0.01004731
v -0.13807206 -0.00130000 0.00961376
v -0.13807206 -0.00000000 0.00961376
v -0.13883743 -0.00130000 0.00946152
v -0.13883743 -0.00000000 0.00946152
v -0.13883743 -0.00130000 0.06233763
v -0.13883743 -0.00000000 0.06233763
v -0.14653742 -0.00000000 0.06233763
v -0.14653742 -0.00130000 0.06233763
v -0.14653742 -0.00130000 0.00946152
v -0.14653742 -0.00000000 0.00946152
v -0.13883743 -0.00000000 0.00946152
v -0.13883743 -0.00130000 0.00946152
v -0.14653742 -0.00130000 0.00946152
v -0.14653742 -0.00130000 0.06233763
v -0.14780028 -0.00104880 0.06233763
v -0.14780028 -0.00104880 0.00946152
v -0.14887089 -0.00033345 0.06233763
v -0.14887089 -0.00033345 0.00946152
v -0.14958623 0.00073714 0.06233763
v -0.14958623 0.00073714 0.00946152
v -0.14983743 0.00200000 0.06233763
v -0.14983743 0.00200000 0.00946152
v -0.14780028 -0.00104880 0.06233763
v -0.14730279 0.00015224 0.06233763
v -0.14795165 0.00058579 0.06233763
v -0.14653742 -0.00130000 0.06233763
v -0.14653742 -0.00000000 0.06233763
v -0.14887089 -0.00033345 0.06233763
v -0.14838518 0.00123463 0.06233763
v -0.14958623 0.00073714 0.06233763
v -0.14853743 0.00200000 0.06233763
v -0.14983743 0.00200000 0.06233763
v -0.14780028 -0.00104880 0.00946152
v -0.14730279 0.00015224 0.00946152
v -0.14653742 -0.00000000 0.00946152
v -0.14887089 -0.00033345 0.00946152
v -0.14795165 0.00058579 0.00946152
v -0.14958623 0.00073714 0.00946152
v -0.14838518 0.00123463 0.00946152
v -0.14983743 0.00200000 0.00946152
v -0.14853743 0.00200000 0.00946152
v -0.14653742 -0.00130000 0.00946152
v -0.13043767 0.09600000 0.10249481
v -0.13702495 0.09600000 0.09066854
v -0.13816066 0.09600000 0.09130114
v -0.14093021 0.09600000 0.08632893
v -0.13979450 0.09600000 0.08569634
v -0.13157338 0.09600000 0.10312741
v -0.12441535 0.09600000 0.11597835
v -0.12327965 0.09600000 0.11534575
v -0.11888877 0.09600000 0.12322877
v -0.11963426 0.09600000 0.12456194
v -0.11849855 0.09600000 0.12392934
v -0.11252148 0.09600000 0.13733163
v -0.11138577 0.09600000 0.13669904
v -0.12002447 0.09600000 0.12386137
v -0.14828467 0.09600000 0.07045379
v -0.14942037 0.09600000 0.07108638
v -0.14973146 0.09600000 0.07031011
v -0.14942037 0.08031463 0.07108638
v -0.14942037 0.09343113 0.07108638
v -0.14942037 0.07229700 0.07108638
v -0.14973146 0.00200000 0.07031011
v -0.14942037 0.04900000 0.07108638
v -0.14942037 0.02570300 0.07108638
v -0.14942037 0.00200000 0.07108638
v -0.14983743 0.09600000 0.06948057
v -0.14983743 0.00200000 0.06948057
v -0.14942037 0.09600000 0.07108638
v -0.14973146 0.09600000 0.07031011
v -0.14847320 0.09600000 0.06998332
v -0.14853743 0.09600000 0.06948057
v -0.14942037 0.09600000 0.07108638
v -0.14828467 0.09600000 0.07045379
v -0.14983743 0.09600000 0.06948057
v -0.14942037 0.00200000 0.07108638
v -0.14973146 0.00200000 0.07031011
v -0.14847320 0.00200000 0.06998332
v -0.14983743 0.00200000 0.06948057
v -0.14853743 0.00200000 0.06948057
v -0.14828467 0.00200000 0.07045379
v -0.14983743 0.08919901 0.05650914
v -0.14983743 0.00426429 0.06239020
v -0.14983743 0.00448835 0.06253991
v -0.14983743 0.09600000 0.06948057
v -0.14983743 0.00463805 0.06276397
v -0.14983743 0.08983560 0.05638252
v -0.14983743 0.09073588 0.05548224
v -0.14983743 0.09037527 0.05602192
v -0.14983743 0.08983556 0.04314852
v -0.14983743 0.09073588 0.05420905
v -0.14983743 0.09086251 0.05484565
v -0.14983743 0.08983560 0.05330877
v -0.14983743 0.09037527 0.05366937
v -0.14983743 0.08856241 0.05330877
v -0.14983743 0.08919901 0.05318214
v -0.14983743 0.08983552 0.02684077
v -0.14983743 0.09600000 0.00082843
v -0.14983743 0.09086239 0.01514364
v -0.14983743 0.00200000 0.06233763
v -0.14983743 0.08753543 0.02837764
v -0.14983743 0.08856229 0.01668052
v -0.14983743 0.08753551 0.05484565
v -0.14983743 0.08856237 0.04314852
v -0.14983743 0.08802269 0.04278792
v -0.14983743 0.08766213 0.05420905
v -0.14983743 0.08802273 0.05366937
v -0.14983743 0.09073576 0.01450705
v -0.14983743 0.08766206 0.02901424
v -0.14983743 0.08919897 0.04327514
v -0.14983743 0.08983552 0.02991452
v -0.14983743 0.08919893 0.03004115
v -0.14983743 0.08919897 0.03994815
v -0.14983743 0.08983556 0.04007477
v -0.14983743 0.09086243 0.02837764
v -0.14983743 0.08919893 0.02671414
v -0.14983743 -0.00000000 0.00808027
v -0.14983743 0.00400000 0.00808027
v -0.14983743 0.00200000 0.00082843
v -0.14983743 0.08919889 0.01680714
v -0.14983743 0.08856233 0.02991452
v -0.14983743 0.08802269 0.04043537
v -0.14983743 0.08856237 0.04007477
v -0.14983743 0.08766209 0.04224824
v -0.14983743 0.09073580 0.02774105
v -0.14983743 0.09037520 0.02720137
v -0.14983743 0.00426429 0.00813284
v -0.14983743 0.00448835 0.00828255
v -0.14983743 -0.00000000 0.00082843
v -0.14983743 0.08802262 0.01631992
v -0.14983743 0.08766209 0.04097505
v -0.14983743 0.00469062 0.06302825
v -0.14983743 0.09073584 0.04224824
v -0.14983743 0.09037524 0.04278792
v -0.14983743 0.09073584 0.04097505
v -0.14983743 0.09086247 0.04161165
v -0.14983743 0.09037520 0.02955392
v -0.14983743 0.09073580 0.02901424
v -0.14983743 0.09037516 0.01396737
v -0.14983743 0.00463805 0.00850661
v -0.14983743 0.00469062 0.00877090
v -0.14983743 0.08919889 0.01348015
v -0.14983743 0.08802266 0.02955392
v -0.14983743 0.08983549 0.01360677
v -0.14983743 0.08753539 0.01514364
v -0.14983743 0.08766202 0.01450705
v -0.14983743 0.09037524 0.04043537
v -0.14983743 0.08766206 0.02774105
v -0.14983743 0.09073576 0.01578024
v -0.14983743 0.08802262 0.01396737
v -0.14983743 0.00463805 0.00903519
v -0.14983743 0.00200000 0.00946152
v -0.14983743 0.08766202 0.01578024
v -0.14983743 0.08753546 0.04161165
v -0.14983743 0.09037516 0.01631992
v -0.14983743 0.08983549 0.01668052
v -0.14983743 0.08802266 0.02720137
v -0.14983743 0.08856233 0.02684077
v -0.14983743 -0.00000000 0.06371888
v -0.14983743 -0.00000000 0.06948057
v -0.14983743 0.00200000 0.06948057
v -0.14983743 0.08856229 0.01360677
v -0.14983743 0.00448835 0.00925924
v -0.14983743 0.00426429 0.06366631
v -0.14983743 0.00400000 0.06371888
v -0.14983743 0.00448835 0.06351660
v -0.14983743 0.00426429 0.00940895
v -0.14983743 0.00400000 0.00946152
v -0.14983743 0.00463805 0.06329255
v -0.14983743 0.08856241 0.05638252
v -0.14983743 0.08802273 0.05602192
v -0.14983743 0.00400000 0.06233763
v -0.14983743 0.08766213 0.05548224
v -0.11803772 0.09600000 -0.03049970
v -0.11895696 0.09600000 -0.03141894
v -0.14887089 0.09600000 -0.00150503
v -0.14795165 0.09600000 -0.00058579
v -0.14887089 0.09600000 -0.00150503
v -0.14887089 0.00200000 -0.00150503
v -0.14958623 0.00200000 -0.00043443
v -0.14958623 0.09600000 -0.00043443
v -0.14983743 0.00200000 0.00082843
v -0.14983743 0.09600000 0.00082843
v -0.14958623 0.00200000 -0.00043443
v -0.14838518 0.00200000 0.00006306
v -0.14853743 0.00200000 0.00082843
v -0.14887089 0.00200000 -0.00150503
v -0.14795165 0.00200000 -0.00058579
v -0.14983743 0.00200000 0.00082843
v -0.14887089 0.09600000 -0.00150503
v -0.14958623 0.09600000 -0.00043443
v -0.14838518 0.09600000 0.00006306
v -0.14983743 0.09600000 0.00082843
v -0.14853743 0.09600000 0.00082843
v -0.14795165 0.09600000 -0.00058579
v -0.14847320 0.00200000 0.06998332
v -0.14853743 0.00200000 0.06948057
v -0.14853743 0.09600000 0.06948057
v -0.14847320 0.09600000 0.06998332
v -0.14828467 0.04900000 0.07045379
v -0.14828467 0.02570300 0.07045379
v -0.14828467 0.07229700 0.07045379
v -0.14828467 0.08031463 0.07045379
v -0.14828467 0.09343113 0.07045379
v -0.14828467 0.09600000 0.07045379
v -0.14828467 0.00200000 0.07045379
v -0.14838518 0.09600000 0.00006306
v -0.14853743 0.09600000 0.00082843
v -0.14853743 0.00200000 0.00082843
v -0.14795165 0.09600000 -0.00058579
v -0.14838518 0.00200000 0.00006306
v -0.14795165 0.00200000 -0.00058579
v -0.14853743 0.09600000 0.06948057
v -0.14853743 0.09600000 0.00082843
v -0.14983743 0.09600000 0.00082843
v -0.14983743 0.09600000 0.06948057
v -0.14838518 0.00123463 0.00946152
v -0.14853743 0.00200000 0.00946152
v -0.14853743 0.00200000 0.06233763
v -0.14795165 0.00058579 0.00946152
v -0.14838518 0.00123463 0.06233763
v -0.14730279 0.00015224 0.00946152
v -0.14795165 0.00058579 0.06233763
v -0.14653742 -0.00000000 0.00946152
v -0.14730279 0.00015224 0.06233763
v -0.14653742 -0.00000000 0.06233763
v -0.14983743 0.00400000 0.06233763
v -0.14983743 0.00200000 0.06233763
v -0.14853743 0.00200000 0.06233763
v -0.14853743 0.00400000 0.06233763
v -0.14853743 0.00200000 0.00946152
v -0.14983743 0.00200000 0.00946152
v -0.14983743 0.00400000 0.00946152
v -0.14853743 0.00400000 0.00946152
v -0.14983743 0.00200000 0.00082843
v -0.14853743 0.00200000 0.00082843
v -0.14853743 -0.00000000 0.00082843
v -0.14983743 -0.00000000 0.00082843
v -0.14983743 0.00200000 0.06948057
v -0.14983743 -0.00000000 0.06948057
v -0.14853743 -0.00000000 0.06948057
v -0.14853743 0.00200000 0.06948057
v -0.14983743 0.08766213 0.05420905
v -0.14983743 0.08753551 0.05484565
v -0.14853743 0.08753551 0.05484565
v -0.14983743 0.08802273 0.05366937
v -0.14853743 0.08766213 0.05420905
v -0.14983743 0.08856241 0.05330877
v -0.14853743 0.08802273 0.05366937
v -0.14983743 0.08919901 0.05318214
v -0.14853743 0.08856241 0.05330877
v -0.14983743 0.08983560 0.05330877
v -0.14853743 0.08919901 0.05318214
v -0.14983743 0.09037527 0.05366937
v -0.14853743 0.08983560 0.05330877
v -0.14983743 0.09073588 0.05420905
v -0.14853743 0.09037527 0.05366937
v -0.14983743 0.09086251 0.05484565
v -0.14853743 0.09073588 0.05420905
v -0.14983743 0.09073588 0.05548224
v -0.14853743 0.09086251 0.05484565
v -0.14983743 0.09037527 0.05602192
v -0.14853743 0.09073588 0.05548224
v -0.14983743 0.08983560 0.05638252
v -0.14853743 0.09037527 0.05602192
v -0.14983743 0.08919901 0.05650914
v -0.14853743 0.08983560 0.05638252
v -0.14983743 0.08856241 0.05638252
v -0.14853743 0.08919901 0.05650914
v -0.14983743 0.08802273 0.05602192
v -0.14853743 0.08856241 0.05638252
v -0.14983743 0.08766213 0.05548224
v -0.14853743 0.08802273 0.05602192
v -0.14853743 0.08766213 0.05548224
v -0.14983743 0.08766209 0.04097505
v -0.14983743 0.08753546 0.04161165
v -0.14853743 0.08753546 0.04161165
v -0.14983743 0.08802269 0.04043537
v -0.14853743 0.08766209 0.04097505
v -0.14983743 0.08856237 0.04007477
v -0.14853743 0.08802269 0.04043537
v -0.14983743 0.08919897 0.03994815
v -0.14853743 0.08856237 0.04007477
v -0.14983743 0.08983556 0.04007477
v -0.14853743 0.08919897 0.03994815
v -0.14983743 0.09037524 0.04043537
v -0.14853743 0.08983556 0.04007477
v -0.14983743 0.09073584 0.04097505
v -0.14853743 0.09037524 0.04043537
v -0.14983743 0.09086247 0.04161165
v -0.14853743 0.09073584 0.04097505
v -0.14983743 0.09073584 0.04224824
v -0.14853743 0.09086247 0.04161165
v -0.14983743 0.09037524 0.04278792
v -0.14853743 0.09073584 0.04224824
v -0.14983743 0.08983556 0.04314852
v -0.14853743 0.09037524 0.04278792
v -0.14983743 0.08919897 0.04327514
v -0.14853743 0.08983556 0.04314852
v -0.14983743 0.08856237 0.04314852
v -0.14853743 0.08919897 0.04327514
v -0.14983743 0.08802269 0.04278792
v -0.14853743 0.08856237 0.04314852
v -0.14983743 0.08766209 0.04224824
v -0.14853743 0.08802269 0.04278792
v -0.14853743 0.08766209 0.04224824
v -0.14983743 0.08766206 0.02774105
v -0.14983743 0.08753543 0.02837764
v -0.14853743 0.08753543 0.02837764
v -0.14983743 0.08802266 0.02720137
v -0.14853743 0.08766206 0.02774105
v -0.14983743 0.08856233 0.02684077
v -0.14853743 0.08802266 0.02720137
v -0.14983743 0.08919893 0.02671414
v -0.14853743 0.08856233 0.02684077
v -0.14983743 0.08983552 0.02684077
v -0.14853743 0.08919893 0.02671414
v -0.14983743 0.09037520 0.02720137
v -0.14853743 0.08983552 0.02684077
v -0.14983743 0.09073580 0.02774105
v -0.14853743 0.09037520 0.02720137
v -0.14983743 0.09086243 0.02837764
v -0.14853743 0.09073580 0.02774105
v -0.14983743 0.09073580 0.02901424
v -0.14853743 0.09086243 0.02837764
v -0.14983743 0.09037520 0.02955392
v -0.14853743 0.09073580 0.02901424
v -0.14983743 0.08983552 0.02991452
v -0.14853743 0.09037520 0.02955392
v -0.14983743 0.08919893 0.03004115
v -0.14853743 0.08983552 0.02991452
v -0.14983743 0.08856233 0.02991452
v -0.14853743 0.08919893 0.03004115
v -0.14983743 0.08802266 0.02955392
v -0.14853743 0.08856233 0.02991452
v -0.14983743 0.08766206 0.02901424
v -0.14853743 0.08802266 0.02955392
v -0.14853743 0.08766206 0.02901424
v -0.14983743 0.00400000 0.06371888
v -0.14853743 0.00400000 0.06371888
v -0.14853743 -0.00000000 0.06371888
v -0.14983743 -0.00000000 0.06371888
v -0.14983743 0.00426429 0.06239020
v -0.14983743 0.00400000 0.06233763
v -0.14853743 0.00400000 0.06233763
v -0.14983743 0.00448835 0.06253991
v -0.14853743 0.00426429 0.06239020
v -0.14983743 0.00463805 0.06276397
v -0.14853743 0.00448835 0.06253991
v -0.14983743 0.00469062 0.06302825
v -0.14853743 0.00463805 0.06276397
v -0.14983743 0.00463805 0.06329255
v -0.14853743 0.00469062 0.06302825
v -0.14983743 0.00448835 0.06351660
v -0.14853743 0.00463805 0.06329255
v -0.14983743 0.00426429 0.06366631
v -0.14853743 0.00448835 0.06351660
v -0.14983743 0.00400000 0.06371888
v -0.14853743 0.00426429 0.06366631
v -0.14853743 0.00400000 0.06371888
v -0.14983743 0.00426429 0.00813284
v -0.14983743 0.00400000 0.00808027
v -0.14853743 0.00400000 0.00808027
v -0.14983743 0.00448835 0.00828255
v -0.14853743 0.00426429 0.00813284
v -0.14983743 0.00463805 0.00850661
v -0.14853743 0.00448835 0.00828255
v -0.14983743 0.00469062 0.00877090
v -0.14853743 0.00463805 0.00850661
v -0.14983743 0.00463805 0.00903519
v -0.14853743 0.00469062 0.00877090
v -0.14983743 0.00448835 0.00925924
v -0.14853743 0.00463805 0.00903519
v -0.14983743 0.00426429 0.00940895
v -0.14853743 0.00448835 0.00925924
v -0.14983743 0.00400000 0.00946152
v -0.14853743 0.00426429 0.00940895
v -0.14853743 0.00400000 0.00946152
v -0.14853743 0.00400000 0.00808027
v -0.14983743 0.00400000 0.00808027
v -0.14983743 -0.00000000 0.00808027
v -0.14853743 -0.00000000 0.00808027
v -0.14853743 -0.00000000 0.00082843
v -0.14853743 -0.00000000 0.00808027
v -0.14983743 -0.00000000 0.00808027
v -0.14983743 -0.00000000 0.00082843
v -0.14853743 -0.00000000 0.06948057
v -0.14983743 -0.00000000 0.06948057
v -0.14983743 -0.00000000 0.06371888
v -0.14853743 -0.00000000 0.06371888
v -0.14853743 -0.00000000 0.00082843
v -0.14853743 0.00426429 0.00813284
v -0.14853743 0.00400000 0.00808027
v -0.14853743 0.00469062 0.00877090
v -0.14853743 0.08753543 0.02837764
v -0.14853743 0.00448835 0.06253991
v -0.14853743 0.08766206 0.02901424
v -0.14853743 0.00469062 0.06302825
v -0.14853743 0.00463805 0.06276397
v -0.14853743 0.00448835 0.00828255
v -0.14853743 0.00463805 0.00850661
v -0.14853743 0.00426429 0.06239020
v -0.14853743 0.00200000 0.00082843
v -0.14853743 0.08766206 0.02774105
v -0.14853743 0.08856237 0.04007477
v -0.14853743 0.08856233 0.02991452
v -0.14853743 0.08919893 0.03004115
v -0.14853743 0.08802266 0.02955392
v -0.14853743 -0.00000000 0.00808027
v -0.14853743 0.08753539 0.01514364
v -0.14853743 0.08856233 0.02684077
v -0.14853743 0.08802266 0.02720137
v -0.14853743 0.08766202 0.01450705
v -0.14853743 0.08983556 0.04314852
v -0.14853743 0.08983560 0.05330877
v -0.14853743 0.08919901 0.05318214
v -0.14853743 0.08983556 0.04007477
v -0.14853743 0.09073580 0.02901424
v -0.14853743 0.09086243 0.02837764
v -0.14853743 0.08983552 0.02991452
v -0.14853743 0.08919897 0.03994815
v -0.14853743 0.08919893 0.02671414
v -0.14853743 0.09600000 0.00082843
v -0.14853743 0.08856229 0.01360677
v -0.14853743 0.08856237 0.04314852
v -0.14853743 0.08919897 0.04327514
v -0.14853743 0.09073588 0.05420905
v -0.14853743 0.09037527 0.05366937
v -0.14853743 0.09600000 0.06948057
v -0.14853743 0.08983560 0.05638252
v -0.14853743 0.09037527 0.05602192
v -0.14853743 0.09037520 0.02955392
v -0.14853743 0.08802262 0.01396737
v -0.14853743 0.09037524 0.04278792
v -0.14853743 0.09086251 0.05484565
v -0.14853743 0.09073588 0.05548224
v -0.14853743 0.08856241 0.05638252
v -0.14853743 0.08919901 0.05650914
v -0.14853743 0.00200000 0.06948057
v -0.14853743 0.08802273 0.05602192
v -0.14853743 0.08766213 0.05548224
v -0.14853743 0.00400000 0.06371888
v -0.14853743 -0.00000000 0.06371888
v -0.14853743 0.08983549 0.01668052
v -0.14853743 0.09073580 0.02774105
v -0.14853743 0.09037520 0.02720137
v -0.14853743 0.09073584 0.04097505
v -0.14853743 0.09037524 0.04043537
v -0.14853743 0.08983549 0.01360677
v -0.14853743 0.08919889 0.01348015
v -0.14853743 0.09086239 0.01514364
v -0.14853743 0.09073576 0.01450705
v -0.14853743 0.09073584 0.04224824
v -0.14853743 0.00448835 0.06351660
v -0.14853743 0.08802269 0.04278792
v -0.14853743 0.08766209 0.04224824
v -0.14853743 0.00463805 0.06329255
v -0.14853743 -0.00000000 0.06948057
v -0.14853743 0.08919889 0.01680714
v -0.14853743 0.09086247 0.04161165
v -0.14853743 0.09037516 0.01396737
v -0.14853743 0.08802262 0.01631992
v -0.14853743 0.08856229 0.01668052
v -0.14853743 0.08766202 0.01578024
v -0.14853743 0.08753546 0.04161165
v -0.14853743 0.08766213 0.05420905
v -0.14853743 0.08753551 0.05484565
v -0.14853743 0.09073576 0.01578024
v -0.14853743 0.09037516 0.01631992
v -0.14853743 0.08983552 0.02684077
v -0.14853743 0.08766209 0.04097505
v -0.14853743 0.08856241 0.05330877
v -0.14853743 0.08802273 0.05366937
v -0.14853743 0.00426429 0.06366631
v -0.14853743 0.00400000 0.00946152
v -0.14853743 0.00400000 0.06233763
v -0.14853743 0.08802269 0.04043537
v -0.14853743 0.00426429 0.00940895
v -0.14853743 0.00448835 0.00925924
v -0.14853743 0.00200000 0.00946152
v -0.14853743 0.00463805 0.00903519
v -0.14853743 0.00200000 0.06233763
v -0.14983743 0.08766202 0.01450705
v -0.14983743 0.08753539 0.01514364
v -0.14853743 0.08753539 0.01514364
v -0.14983743 0.08802262 0.01396737
v -0.14853743 0.08766202 0.01450705
v -0.14983743 0.08856229 0.01360677
v -0.14853743 0.08802262 0.01396737
v -0.14983743 0.08919889 0.01348015
v -0.14853743 0.08856229 0.01360677
v -0.14983743 0.08983549 0.01360677
v -0.14853743 0.08919889 0.01348015
v -0.14983743 0.09037516 0.01396737
v -0.14853743 0.08983549 0.01360677
v -0.14983743 0.09073576 0.01450705
v -0.14853743 0.09037516 0.01396737
v -0.14983743 0.09086239 0.01514364
v -0.14853743 0.09073576 0.01450705
v -0.14983743 0.09073576 0.01578024
v -0.14853743 0.09086239 0.01514364
v -0.14983743 0.09037516 0.01631992
v -0.14853743 0.09073576 0.01578024
v -0.14983743 0.08983549 0.01668052
v -0.14853743 0.09037516 0.01631992
v -0.14983743 0.08919889 0.01680714
v -0.14853743 0.08983549 0.01668052
v -0.14983743 0.08856229 0.01668052
v -0.14853743 0.08919889 0.01680714
v -0.14983743 0.08802262 0.01631992
v -0.14853743 0.08856229 0.01668052
v -0.14983743 0.08766202 0.01578024
v -0.14853743 0.08802262 0.01631992
v -0.14853743 0.08766202 0.01578024
vt 0.50000000 0.50000000
vt 0.50000000 0.50000000
vt 0.50000000 0.50000000
vt 0.50000000 0.50000000
vt 0.50000000 0.50000000
vt 0.50000000 0.50000000
vt 0.50000000 0.50000000
vt 0.50000000 0.50000000
vt 0.50000000 0.50000000
vt 0.50000000 0.50000000
vt 0.50000000 0.50000000
vt 0.50000000 0.50000000
vt 0.50000000 0.50000000
vt 0.50000000 0.50000000
vt 0.50000000 0.50000000
vt 0.50000000 0.50000000
vt 0.50000000 0.50000000
vt 0.50000000 0.50000000
vt 0.50000000 0.50000000
vt 0.50000000 0.50000000
vt 0.50000000 0.50000000
vt 0.50000000 0.50000000
vt 0.50000000 0.50000000
vt 0.50000000 0.50000000
vt 0.50000000 0.50000000
vt 0.50000000 0.50000000
vt 0.50000000 0.50000000
vt 0.50000000 0.50000000
vt 0.50000000 0.50000000
vt 0.50000000 0.50000000
vt 0.50000000 0.50000000
vt 0.50000000 0.50000000
vt 0.50000000 0.50000000
vt 0.50000000 0.50000000
vt 0.50000000 0.50000000
vt 0.50000000 0.50000000
vt 0.50000000 0.50000000
vt 0.50000000 0.50000000
vt 0.50000000 0.50000000
vt 0.50000000 0.50000000
vt 0.50000000 0.50000000
vt 0.50000000 0.50000000
vt 0.50000000 0.50000000
vt 0.50000000 0.50000000
vt 0.50000000 0.50000000
vt 0.50000000 0.50000000
vt 0.50000000 0.50000000
vt 0.50000000 0.50000000
vt 0.50000000 0.50000000
vt 0.50000000 0.50000000
vt 0.50000000 0.50000000
vt 0.50000000 0.50000000
vt 0.50000000 0.50000000
vt 0.50000000 0.50000000
vt 0.50000000 0.50000000
vt 0.50000000 0.50000000
vt 0.50000000 0.50000000
vt 0.50000000 0.50000000
vt 0.50000000 0.50000000
vt 0.50000000 0.50000000
vt 0.50000000 0.50000000
vt 0.50000000 0.50000000
vt 0.50000000 0.50000000
vt 0.50000000 0.50000000
vt 0.50000000 0.50000000
vt 0.50000000 0.50000000
vt 0.50000000 0.50000000
vt 0.50000000 0.50000000
vt 0.50000000 0.50000000
vt 0.50000000 0.50000000
vt 0.50000000 0.50000000
vt 0.50000000 0.50000000
vt 0.50000000 0.50000000
vt 0.50000000 0.50000000
vt 0.50000000 0.50000000
vt 0.50000000 0.50000000
vt 0.50000000 0.50000000
vt 0.50000000 0.50000000
vt 0.50000000 0.50000000
vt 0.50000000 0.50000000
vt 0.50000000 0.50000000
vt 0.50000000 0.50000000
vt 0.50000000 0.50000000
vt 0.50000000 0.50000000
vt 0.50000000 0.50000000
vt 0.50000000 0.50000000
vt 0.50000000 0.50000000
vt 0.50000000 0.50000000
vt 0.50000000 0.50000000
vt 0.50000000 0.50000000
vt 0.50000000 0.50000000
vt 0.50000000 0.50000000
vt 0.50000000 0.50000000
vt 0.50000000 0.50000000
vt 0.50000000 0.50000000
vt 0.50000000 0.50000000
vt 0.50000000 0.50000000
vt 0.50000000 0.50000000
vt 0.50000000 0.50000000
vt 0.50000000 0.50000000
vt 0.50000000 0.50000000
vt 0.50000000 0.50000000
vt 0.50000000 0.50000000
vt 0.50000000 0.50000000
vt 0.50000000 0.50000000
vt 0.50000000 0.50000000
vt 0.50000000 0.50000000
vt 0.50000000 0.50000000
vt 0.50000000 0.50000000
vt 0.50000000 0.50000000
vt 0.50000000 0.50000000
vt 0.50000000 0.50000000
vt 0.50000000 0.50000000
vt 0.50000000 0.50000000
vt 0.50000000 0.50000000
vt 0.50000000 0.50000000
vt 0.50000000 0.50000000
vt 0.50000000 0.50000000
vt 0.50000000 0.50000000
vt 0.50000000 0.50000000
vt 0.50000000 0.50000000
vt 0.50000000 0.50000000
vt 0.50000000 0.50000000
vt 0.50000000 0.50000000
vt 0.50000000 0.50000000
vt 0.50000000 0.50000000
vt 0.50000000 0.50000000
vt 0.50000000 0.50000000
vt 0.50000000 0.50000000
vt 0.50000000 0.50000000
vt 0.50000000 0.50000000
vt 0.50000000 0.50000000
vt 0.50000000 0.50000000
vt 0.50000000 0.50000000
vt 0.50000000 0.50000000
vt 0.50000000 0.50000000
vt 0.50000000 0.50000000
vt 0.50000000 0.50000000
vt 0.50000000 0.50000000
vt 0.50000000 0.50000000
vt 0.50000000 0.50000000
vt 0.50000000 0.50000000
vt 0.50000000 0.50000000
vt 0.50000000 0.50000000
vt 0.50000000 0.50000000
vt 0.50000000 0.50000000
vt 0.50000000 0.50000000
vt 0.50000000 0.50000000
vt 0.50000000 0.50000000
vt 0.50000000 0.50000000
vt 0.50000000 0.50000000
vt 0.50000000 0.50000000
vt 0.50000000 0.50000000
vt 0.50000000 0.50000000
vt 0.50000000 0.50000000
vt 0.50000000 0.50000000
vt 0.50000000 0.50000000
vt 0.50000000 0.50000000
vt 0.50000000 0.50000000
vt 0.50000000 0.50000000
vt 0.50000000 0.50000000
vt 0.50000000 0.50000000
vt 0.50000000 0.50000000
vt 0.50000000 0.50000000
vt 0.50000000 0.50000000
vt 0.50000000 0.50000000
vt 0.50000000 0.50000000
vt 0.50000000 0.50000000
vt 0.50000000 0.50000000
vt 0.50000000 0.50000000
vt 0.50000000 0.50000000
vt 0.50000000 0.50000000
vt 0.50000000 0.50000000
vt 0.50000000 0.50000000
vt 0.50000000 0.50000000
vt 0.50000000 0.50000000
vt 0.50000000 0.50000000
vt 0.50000000 0.50000000
vt 0.50000000 0.50000000
vt 0.50000000 0.50000000
vt 0.50000000 0.50000000
vt 0.50000000 0.50000000
vt 0.50000000 0.50000000
vt 0.50000000 0.50000000
vt 0.50000000 0.50000000
vt 0.50000000 0.50000000
vt 0.50000000 0.50000000
vt 0.50000000 0.50000000
vt 0.50000000 0.50000000
vt 0.50000000 0.50000000
vt 0.50000000 0.50000000
vt 0.50000000 0.50000000
vt 0.50000000 0.50000000
vt 0.50000000 0.50000000
vt 0.50000000 0.50000000
vt 0.50000000 0.50000000
vt 0.50000000 0.50000000
vt 0.50000000 0.50000000
vt 0.50000000 0.50000000
vt 0.50000000 0.50000000
vt 0.50000000 0.50000000
vt 0.50000000 0.50000000
vt 0.50000000 0.50000000
vt 0.50000000 0.50000000
vt 0.50000000 0.50000000
vt 0.50000000 0.50000000
vt 0.50000000 0.50000000
vt 0.50000000 0.50000000
vt 0.50000000 0.50000000
vt 0.50000000 0.50000000
vt 0.50000000 0.50000000
vt 0.50000000 0.50000000
vt 0.50000000 0.50000000
vt 0.50000000 0.50000000
vt 0.50000000 0.50000000
vt 0.50000000 0.50000000
vt 0.50000000 0.50000000
vt 0.50000000 0.50000000
vt 0.50000000 0.50000000
vt 0.50000000 0.50000000
vt 0.50000000 0.50000000
vt 0.50000000 0.50000000
vt 0.50000000 0.50000000
vt 0.50000000 0.50000000
vt 0.50000000 0.50000000
vt 0.50000000 0.50000000
vt 0.50000000 0.50000000
vt 0.50000000 0.50000000
vt 0.50000000 0.50000000
vt 0.50000000 0.50000000
vt 0.50000000 0.50000000
vt 0.50000000 0.50000000
vt 0.50000000 0.50000000
vt 0.50000000 0.50000000
vt 0.50000000 0.50000000
vt 0.50000000 0.50000000
vt 0.50000000 0.50000000
vt 0.50000000 0.50000000
vt 0.50000000 0.50000000
vt 0.50000000 0.50000000
vt 0.50000000 0.50000000
vt 0.50000000 0.50000000
vt 0.50000000 0.50000000
vt 0.50000000 0.50000000
vt 0.50000000 0.50000000
vt 0.50000000 0.50000000
vt 0.50000000 0.50000000
vt 0.50000000 0.50000000
vt 0.50000000 0.50000000
vt 0.50000000 0.50000000
vt 0.50000000 0.50000000
vt 0.50000000 0.50000000
vt 0.50000000 0.50000000
vt 0.50000000 0.50000000
vt 0.50000000 0.50000000
vt 0.50000000 0.50000000
vt 0.50000000 0.50000000
vt 0.50000000 0.50000000
vt 0.50000000 0.50000000
vt 0.50000000 0.50000000
vt 0.50000000 0.50000000
vt 0.50000000 0.50000000
vt 0.50000000 0.50000000
vt 0.50000000 0.50000000
vt 0.50000000 0.50000000
vt 0.50000000 0.50000000
vt 0.50000000 0.50000000
vt 0.50000000 0.50000000
vt 0.50000000 0.50000000
vt 0.50000000 0.50000000
vt 0.50000000 0.50000000
vt 0.50000000 0.50000000
vt 0.50000000 0.50000000
vt 0.50000000 0.50000000
vt 0.50000000 0.50000000
vt 0.50000000 0.50000000
vt 0.50000000 0.50000000
vt 0.50000000 0.50000000
vt 0.50000000 0.50000000
vt 0.50000000 0.50000000
vt 0.50000000 0.50000000
vt 0.50000000 0.50000000
vt 0.50000000 0.50000000
vt 0.50000000 0.50000000
vt 0.50000000 0.50000000
vt 0.50000000 0.50000000
vt 0.50000000 0.50000000
vt 0.50000000 0.50000000
vt 0.50000000 0.50000000
vt 0.50000000 0.50000000
vt 0.50000000 0.50000000
vt 0.50000000 0.50000000
vt 0.50000000 0.50000000
vt 0.50000000 0.50000000
vt 0.50000000 0.50000000
vt 0.50000000 0.50000000
vt 0.50000000 0.50000000
vt 0.50000000 0.50000000
vt 0.50000000 0.50000000
vt 0.50000000 0.50000000
vt 0.50000000 0.50000000
vt 0.50000000 0.50000000
vt 0.50000000 0.50000000
vt 0.50000000 0.50000000
vt 0.50000000 0.50000000
vt 0.50000000 0.50000000
vt 0.50000000 0.50000000
vt 0.50000000 0.50000000
vt 0.50000000 0.50000000
vt 0.50000000 0.50000000
vt 0.50000000 0.50000000
vt 0.50000000 0.50000000
vt 0.50000000 0.50000000
vt 0.50000000 0.50000000
vt 0.50000000 0.50000000
vt 0.50000000 0.50000000
vt 0.50000000 0.50000000
vt 0.50000000 0.50000000
vt 0.50000000 0.50000000
vt 0.50000000 0.50000000
vt 0.50000000 0.50000000
vt 0.50000000 0.50000000
vt 0.50000000 0.50000000
vt 0.50000000 0.50000000
vt 0.50000000 0.50000000
vt 0.50000000 0.50000000
vt 0.50000000 0.50000000
vt 0.50000000 0.50000000
vt 0.50000000 0.50000000
vt 0.50000000 0.50000000
vt 0.50000000 0.50000000
vt 0.50000000 0.50000000
vt 0.50000000 0.50000000
vt 0.50000000 0.50000000
vt 0.50000000 0.50000000
vt 0.50000000 0.50000000
vt 0.50000000 0.50000000
vt 0.50000000 0.50000000
vt 0.50000000 0.50000000
vt 0.50000000 0.50000000
vt 0.50000000 0.50000000
vt 0.50000000 0.50000000
vt 0.50000000 0.50000000
vt 0.50000000 0.50000000
vt 0.50000000 0.50000000
vt 0.50000000 0.50000000
vt 0.50000000 0.50000000
vt 0.50000000 0.50000000
vt 0.50000000 0.50000000
vt 0.50000000 0.50000000
vt 0.50000000 0.50000000
vt 0.50000000 0.50000000
vt 0.50000000 0.50000000
vt 0.50000000 0.50000000
vt 0.50000000 0.50000000
vt 0.50000000 0.50000000
vt 0.50000000 0.50000000
vt 0.50000000 0.50000000
vt 0.50000000 0.50000000
vt 0.50000000 0.50000000
vt 0.50000000 0.50000000
vt 0.50000000 0.50000000
vt 0.50000000 0.50000000
vt 0.50000000 0.50000000
vt 0.50000000 0.50000000
vt 0.50000000 0.50000000
vt 0.50000000 0.50000000
vt 0.50000000 0.50000000
vt 0.50000000 0.50000000
vt 0.50000000 0.50000000
vt 0.50000000 0.50000000
vt 0.50000000 0.50000000
vt 0.50000000 0.50000000
vt 0.50000000 0.50000000
vt 0.50000000 0.50000000
vt 0.50000000 0.50000000
vt 0.50000000 0.50000000
vt 0.50000000 0.50000000
vt 0.50000000 0.50000000
vt 0.50000000 0.50000000
vt 0.50000000 0.50000000
vt 0.50000000 0.50000000
vt 0.50000000 0.50000000
vt 0.50000000 0.50000000
vt 0.50000000 0.50000000
vt 0.50000000 0.50000000
vt 0.50000000 0.50000000
vt 0.50000000 0.50000000
vt 0.50000000 0.50000000
vt 0.50000000 0.50000000
vt 0.50000000 0.50000000
vt 0.50000000 0.50000000
vt 0.50000000 0.50000000
vt 0.50000000 0.50000000
vt 0.50000000 0.50000000
vt 0.50000000 0.50000000
vt 0.50000000 0.50000000
vt 0.50000000 0.50000000
vt 0.50000000 0.50000000
vt 0.50000000 0.50000000
vt 0.50000000 0.50000000
vt 0.50000000 0.50000000
vt 0.50000000 0.50000000
vt 0.50000000 0.50000000
vt 0.50000000 0.50000000
vt 0.50000000 0.50000000
vt 0.50000000 0.50000000
vt 0.50000000 0.50000000
vt 0.50000000 0.50000000
vt 0.50000000 0.50000000
vt 0.50000000 0.50000000
vt 0.50000000 0.50000000
vt 0.50000000 0.50000000
vt 0.50000000 0.50000000
vt 0.50000000 0.50000000
vt 0.50000000 0.50000000
vt 0.50000000 0.50000000
vt 0.50000000 0.50000000
vt 0.50000000 0.50000000
vt 0.50000000 0.50000000
vt 0.50000000 0.50000000
vt 0.50000000 0.50000000
vt 0.50000000 0.50000000
vt 0.50000000 0.50000000
vt 0.50000000 0.50000000
vt 0.50000000 0.50000000
vt 0.50000000 0.50000000
vt 0.50000000 0.50000000
vt 0.50000000 0.50000000
vt 0.50000000 0.50000000
vt 0.50000000 0.50000000
vt 0.50000000 0.50000000
vt 0.50000000 0.50000000
vt 0.50000000 0.50000000
vt 0.50000000 0.50000000
vt 0.50000000 0.50000000
vt 0.50000000 0.50000000
vt 0.50000000 0.50000000
vt 0.50000000 0.50000000
vt 0.50000000 0.50000000
vt 0.50000000 0.50000000
vt 0.50000000 0.50000000
vt 0.50000000 0.50000000
vt 0.50000000 0.50000000
vt 0.50000000 0.50000000
vt 0.50000000 0.50000000
vt 0.50000000 0.50000000
vt 0.50000000 0.50000000
vt 0.50000000 0.50000000
vt 0.50000000 0.50000000
vt 0.50000000 0.50000000
vt 0.50000000 0.50000000
vt 0.50000000 0.50000000
vt 0.50000000 0.50000000
vt 0.50000000 0.50000000
vt 0.50000000 0.50000000
vt 0.50000000 0.50000000
vt 0.50000000 0.50000000
vt 0.50000000 0.50000000
vt 0.50000000 0.50000000
vt 0.50000000 0.50000000
vt 0.50000000 0.50000000
vt 0.50000000 0.50000000
vt 0.50000000 0.50000000
vt 0.50000000 0.50000000
vt 0.50000000 0.50000000
vt 0.50000000 0.50000000
vt 0.50000000 0.50000000
vt 0.50000000 0.50000000
vt 0.50000000 0.50000000
vt 0.50000000 0.50000000
vt 0.50000000 0.50000000
vt 0.50000000 0.50000000
vt 0.50000000 0.50000000
vt 0.50000000 0.50000000
vt 0.50000000 0.50000000
vt 0.50000000 0.50000000
vt 0.50000000 0.50000000
vt 0.50000000 0.50000000
vt 0.50000000 0.50000000
vt 0.50000000 0.50000000
vt 0.50000000 0.50000000
vt 0.50000000 0.50000000
vt 0.50000000 0.50000000
vt 0.50000000 0.50000000
vt 0.50000000 0.50000000
vt 0.50000000 0.50000000
vt 0.50000000 0.50000000
vt 0.50000000 0.50000000
vt 0.50000000 0.50000000
vt 0.50000000 0.50000000
vt 0.50000000 0.50000000
vt 0.50000000 0.50000000
vt 0.50000000 0.50000000
vt 0.50000000 0.50000000
vt 0.50000000 0.50000000
vt 0.50000000 0.50000000
vt 0.50000000 0.50000000
vt 0.50000000 0.50000000
vt 0.50000000 0.50000000
vt 0.50000000 0.50000000
vt 0.50000000 0.50000000
vt 0.50000000 0.50000000
vt 0.50000000 0.50000000
vt 0.50000000 0.50000000
vt 0.50000000 0.50000000
vt 0.50000000 0.50000000
vt 0.50000000 0.50000000
vt 0.50000000 0.50000000
vt 0.50000000 0.50000000
vt 0.50000000 0.50000000
vt 0.50000000 0.50000000
vt 0.50000000 0.50000000
vt 0.50000000 0.50000000
vt 0.50000000 0.50000000
vt 0.50000000 0.50000000
vt 0.50000000 0.50000000
vt 0.50000000 0.50000000
vt 0.50000000 0.50000000
vt 0.50000000 0.50000000
vt 0.50000000 0.50000000
vt 0.50000000 0.50000000
vt 0.50000000 0.50000000
vt 0.50000000 0.50000000
vt 0.50000000 0.50000000
vt 0.50000000 0.50000000
vt 0.50000000 0.50000000
vt 0.50000000 0.50000000
vt 0.50000000 0.50000000
vt 0.50000000 0.50000000
vt 0.50000000 0.50000000
vt 0.50000000 0.50000000
vt 0.50000000 0.50000000
vt 0.50000000 0.50000000
vt 0.50000000 0.50000000
vt 0.50000000 0.50000000
vt 0.50000000 0.50000000
vt 0.50000000 0.50000000
vt 0.50000000 0.50000000
vt 0.50000000 0.50000000
vt 0.50000000 0.50000000
vt 0.50000000 0.50000000
vt 0.50000000 0.50000000
vt 0.50000000 0.50000000
vt 0.50000000 0.50000000
vt 0.50000000 0.50000000
vt 0.50000000 0.50000000
vt 0.50000000 0.50000000
vt 0.50000000 0.50000000
vt 0.50000000 0.50000000
vt 0.50000000 0.50000000
vt 0.50000000 0.50000000
vt 0.50000000 0.50000000
vt 0.50000000 0.50000000
vt 0.50000000 0.50000000
vt 0.50000000 0.50000000
vt 0.50000000 0.50000000
vt 0.50000000 0.50000000
vt 0.50000000 0.50000000
vt 0.50000000 0.50000000
vt 0.50000000 0.50000000
vt 0.50000000 0.50000000
vt 0.50000000 0.50000000
vt 0.50000000 0.50000000
vt 0.50000000 0.50000000
vt 0.50000000 0.50000000
vt 0.50000000 0.50000000
vt 0.50000000 0.50000000
vt 0.50000000 0.50000000
vt 0.50000000 0.50000000
vt 0.50000000 0.50000000
vt 0.50000000 0.50000000
vt 0.50000000 0.50000000
vt 0.50000000 0.50000000
vt 0.50000000 0.50000000
vt 0.50000000 0.50000000
vt 0.50000000 0.50000000
vt 0.50000000 0.50000000
vt 0.50000000 0.50000000
vt 0.50000000 0.50000000
vt 0.50000000 0.50000000
vt 0.50000000 0.50000000
vt 0.50000000 0.50000000
vt 0.50000000 0.50000000
vt 0.50000000 0.50000000
vt 0.50000000 0.50000000
vt 0.50000000 0.50000000
vt 0.50000000 0.50000000
vt 0.50000000 0.50000000
vt 0.50000000 0.50000000
vt 0.50000000 0.50000000
vt 0.50000000 0.50000000
vt 0.50000000 0.50000000
vt 0.50000000 0.50000000
vt 0.50000000 0.50000000
vt 0.50000000 0.50000000
vt 0.50000000 0.50000000
vt 0.50000000 0.50000000
vt 0.50000000 0.50000000
vt 0.50000000 0.50000000
vt 0.50000000 0.50000000
vt 0.50000000 0.50000000
vt 0.50000000 0.50000000
vt 0.50000000 0.50000000
vt 0.50000000 0.50000000
vt 0.50000000 0.50000000
vt 0.50000000 0.50000000
vt 0.50000000 0.50000000
vt 0.50000000 0.50000000
vt 0.50000000 0.50000000
vt 0.50000000 0.50000000
vt 0.50000000 0.50000000
vt 0.50000000 0.50000000
vt 0.50000000 0.50000000
vt 0.50000000 0.50000000
vt 0.50000000 0.50000000
vt 0.50000000 0.50000000
vt 0.50000000 0.50000000
vt 0.50000000 0.50000000
vt 0.50000000 0.50000000
vt 0.50000000 0.50000000
vt 0.50000000 0.50000000
vt 0.50000000 0.50000000
vt 0.50000000 0.50000000
vt 0.50000000 0.50000000
vt 0.50000000 0.50000000
vt 0.50000000 0.50000000
vt 0.50000000 0.50000000
vt 0.50000000 0.50000000
vt 0.50000000 0.50000000
vt 0.50000000 0.50000000
vt 0.50000000 0.50000000
vt 0.50000000 0.50000000
vt 0.50000000 0.50000000
vt 0.50000000 0.50000000
vt 0.50000000 0.50000000
vt 0.50000000 0.50000000
vt 0.50000000 0.50000000
vt 0.50000000 0.50000000
vt 0.50000000 0.50000000
vt 0.50000000 0.50000000
vt 0.50000000 0.50000000
vt 0.50000000 0.50000000
vt 0.50000000 0.50000000
vt 0.50000000 0.50000000
vt 0.50000000 0.50000000
vt 0.50000000 0.50000000
vt 0.50000000 0.50000000
vt 0.50000000 0.50000000
vt 0.50000000 0.50000000
vt 0.50000000 0.50000000
vt 0.50000000 0.50000000
vt 0.50000000 0.50000000
vt 0.50000000 0.50000000
vt 0.50000000 0.50000000
vt 0.50000000 0.50000000
vt 0.50000000 0.50000000
vt 0.50000000 0.50000000
vt 0.50000000 0.50000000
vt 0.50000000 0.50000000
vt 0.50000000 0.50000000
vt 0.50000000 0.50000000
vt 0.50000000 0.50000000
vt 0.50000000 0.50000000
vt 0.50000000 0.50000000
vt 0.50000000 0.50000000
vt 0.50000000 0.50000000
vt 0.50000000 0.50000000
vt 0.50000000 0.50000000
vt 0.50000000 0.50000000
vt 0.50000000 0.50000000
vt 0.50000000 0.50000000
vt 0.50000000 0.50000000
vt 0.50000000 0.50000000
vt 0.50000000 0.50000000
vt 0.50000000 0.50000000
vt 0.50000000 0.50000000
vt 0.50000000 0.50000000
vt 0.50000000 0.50000000
vt 0.50000000 0.50000000
vt 0.50000000 0.50000000
vt 0.50000000 0.50000000
vt 0.50000000 0.50000000
vt 0.50000000 0.50000000
vt 0.50000000 0.50000000
vt 0.50000000 0.50000000
vt 0.50000000 0.50000000
vt 0.50000000 0.50000000
vt 0.50000000 0.50000000
vt 0.50000000 0.50000000
vt 0.50000000 0.50000000
vt 0.50000000 0.50000000
vt 0.50000000 0.50000000
vt 0.50000000 0.50000000
vt 0.50000000 0.50000000
vt 0.50000000 0.50000000
vt 0.50000000 0.50000000
vt 0.50000000 0.50000000
vt 0.50000000 0.50000000
vt 0.50000000 0.50000000
vt 0.50000000 0.50000000
vt 0.50000000 0.50000000
vt 0.50000000 0.50000000
vt 0.50000000 0.50000000
vt 0.50000000 0.50000000
vt 0.50000000 0.50000000
vt 0.50000000 0.50000000
vt 0.50000000 0.50000000
vt 0.50000000 0.50000000
vt 0.50000000 0.50000000
vt 0.50000000 0.50000000
vt 0.50000000 0.50000000
vt 0.50000000 0.50000000
vt 0.50000000 0.50000000
vt 0.50000000 0.50000000
vt 0.50000000 0.50000000
vt 0.50000000 0.50000000
vt 0.50000000 0.50000000
vt 0.50000000 0.50000000
vt 0.50000000 0.50000000
vt 0.50000000 0.50000000
vt 0.50000000 0.50000000
vt 0.50000000 0.50000000
vt 0.50000000 0.50000000
vt 0.50000000 0.50000000
vt 0.50000000 0.50000000
vt 0.50000000 0.50000000
vt 0.50000000 0.50000000
vt 0.50000000 0.50000000
vt 0.50000000 0.50000000
vt 0.50000000 0.50000000
vt 0.50000000 0.50000000
vt 0.50000000 0.50000000
vt 0.50000000 0.50000000
vt 0.50000000 0.50000000
vt 0.50000000 0.50000000
vt 0.50000000 0.50000000
vt 0.50000000 0.50000000
vt 0.50000000 0.50000000
vt 0.50000000 0.50000000
vt 0.50000000 0.50000000
vt 0.50000000 0.50000000
vt 0.50000000 0.50000000
vt 0.50000000 0.50000000
vt 0.50000000 0.50000000
vt 0.50000000 0.50000000
vt 0.50000000 0.50000000
vt 0.50000000 0.50000000
vt 0.50000000 0.50000000
vt 0.50000000 0.50000000
vt 0.50000000 0.50000000
vt 0.50000000 0.50000000
vt 0.50000000 0.50000000
vt 0.50000000 0.50000000
vt 0.50000000 0.50000000
vt 0.50000000 0.50000000
vt 0.50000000 0.50000000
vt 0.50000000 0.50000000
vt 0.50000000 0.50000000
vt 0.50000000 0.50000000
vt 0.50000000 0.50000000
vt 0.50000000 0.50000000
vt 0.50000000 0.50000000
vt 0.50000000 0.50000000
vt 0.50000000 0.50000000
vt 0.50000000 0.50000000
vt 0.50000000 0.50000000
vt 0.50000000 0.50000000
vt 0.50000000 0.50000000
vt 0.50000000 0.50000000
vt 0.50000000 0.50000000
vt 0.50000000 0.50000000
vt 0.50000000 0.50000000
vt 0.50000000 0.50000000
vt 0.50000000 0.50000000
vt 0.50000000 0.50000000
vt 0.50000000 0.50000000
vt 0.50000000 0.50000000
vt 0.50000000 0.50000000
vt 0.50000000 0.50000000
vt 0.50000000 0.50000000
vt 0.50000000 0.50000000
vt 0.50000000 0.50000000
vt 0.50000000 0.50000000
vt 0.50000000 0.50000000
vt 0.50000000 0.50000000
vt 0.50000000 0.50000000
vt 0.50000000 0.50000000
vt 0.50000000 0.50000000
vt 0.50000000 0.50000000
vt 0.50000000 0.50000000
vt 0.50000000 0.50000000
vt 0.50000000 0.50000000
vt 0.50000000 0.50000000
vt 0.50000000 0.50000000
vt 0.50000000 0.50000000
vt 0.50000000 0.50000000
vt 0.50000000 0.50000000
vt 0.50000000 0.50000000
vt 0.50000000 0.50000000
vt 0.50000000 0.50000000
vt 0.50000000 0.50000000
vt 0.50000000 0.50000000
vt 0.50000000 0.50000000
vt 0.50000000 0.50000000
vt 0.50000000 0.50000000
vt 0.50000000 0.50000000
vt 0.50000000 0.50000000
vt 0.50000000 0.50000000
vt 0.50000000 0.50000000
vt 0.50000000 0.50000000
vt 0.50000000 0.50000000
vt 0.50000000 0.50000000
vt 0.50000000 0.50000000
vt 0.50000000 0.50000000
vt 0.50000000 0.50000000
vt 0.50000000 0.50000000
vt 0.50000000 0.50000000
vt 0.50000000 0.50000000
vt 0.50000000 0.50000000
vt 0.50000000 0.50000000
vt 0.50000000 0.50000000
vt 0.50000000 0.50000000
vt 0.50000000 0.50000000
vt 0.50000000 0.50000000
vt 0.50000000 0.50000000
vt 0.50000000 0.50000000
vt 0.50000000 0.50000000
vt 0.50000000 0.50000000
vt 0.50000000 0.50000000
vt 0.50000000 0.50000000
vt 0.50000000 0.50000000
vt 0.50000000 0.50000000
vt 0.50000000 0.50000000
vt 0.50000000 0.50000000
vt 0.50000000 0.50000000
vt 0.50000000 0.50000000
vt 0.50000000 0.50000000
vt 0.50000000 0.50000000
vt 0.50000000 0.50000000
vt 0.50000000 0.50000000
vt 0.50000000 0.50000000
vt 0.50000000 0.50000000
vt 0.50000000 0.50000000
vt 0.50000000 0.50000000
vt 0.50000000 0.50000000
vt 0.50000000 0.50000000
vt 0.50000000 0.50000000
vt 0.50000000 0.50000000
vt 0.50000000 0.50000000
vt 0.50000000 0.50000000
vt 0.50000000 0.50000000
vt 0.50000000 0.50000000
vt 0.50000000 0.50000000
vt 0.50000000 0.50000000
vt 0.50000000 0.50000000
vt 0.50000000 0.50000000
vt 0.50000000 0.50000000
vt 0.50000000 0.50000000
vt 0.50000000 0.50000000
vt 0.50000000 0.50000000
vt 0.50000000 0.50000000
vt 0.50000000 0.50000000
vt 0.50000000 0.50000000
vt 0.50000000 0.50000000
vt 0.50000000 0.50000000
vt 0.50000000 0.50000000
vt 0.50000000 0.50000000
vt 0.50000000 0.50000000
vt 0.50000000 0.50000000
vt 0.50000000 0.50000000
vt 0.50000000 0.50000000
vt 0.50000000 0.50000000
vt 0.50000000 0.50000000
vt 0.50000000 0.50000000
vt 0.50000000 0.50000000
vt 0.50000000 0.50000000
vt 0.50000000 0.50000000
vt 0.50000000 0.50000000
vt 0.50000000 0.50000000
vt 0.50000000 0.50000000
vt 0.50000000 0.50000000
vt 0.50000000 0.50000000
vt 0.50000000 0.50000000
vt 0.50000000 0.50000000
vt 0.50000000 0.50000000
vt 0.50000000 0.50000000
vt 0.50000000 0.50000000
vt 0.50000000 0.50000000
vt 0.50000000 0.50000000
vt 0.50000000 0.50000000
vt 0.50000000 0.50000000
vt 0.50000000 0.50000000
vt 0.50000000 0.50000000
vt 0.50000000 0.50000000
vt 0.50000000 0.50000000
vt 0.50000000 0.50000000
vt 0.50000000 0.50000000
vt 0.50000000 0.50000000
vt 0.50000000 0.50000000
vt 0.50000000 0.50000000
vt 0.50000000 0.50000000
vt 0.50000000 0.50000000
vt 0.50000000 0.50000000
vt 0.50000000 0.50000000
vt 0.50000000 0.50000000
vt 0.50000000 0.50000000
vt 0.50000000 0.50000000
vt 0.50000000 0.50000000
vt 0.50000000 0.50000000
vt 0.50000000 0.50000000
vt 0.50000000 0.50000000
vt 0.50000000 0.50000000
vt 0.50000000 0.50000000
vt 0.50000000 0.50000000
vt 0.50000000 0.50000000
vt 0.50000000 0.50000000
vt 0.50000000 0.50000000
vt 0.50000000 0.50000000
vt 0.50000000 0.50000000
vt 0.50000000 0.50000000
vt 0.50000000 0.50000000
vt 0.50000000 0.50000000
vt 0.50000000 0.50000000
vt 0.50000000 0.50000000
vt 0.50000000 0.50000000
vt 0.50000000 0.50000000
vt 0.50000000 0.50000000
vt 0.50000000 0.50000000
vt 0.50000000 0.50000000
vt 0.50000000 0.50000000
vt 0.50000000 0.50000000
vt 0.50000000 0.50000000
vt 0.50000000 0.50000000
vt 0.50000000 0.50000000
vt 0.50000000 0.50000000
vt 0.50000000 0.50000000
vt 0.50000000 0.50000000
vt 0.50000000 0.50000000
vt 0.50000000 0.50000000
vt 0.50000000 0.50000000
vt 0.50000000 0.50000000
vt 0.50000000 0.50000000
vt 0.50000000 0.50000000
vt 0.50000000 0.50000000
vt 0.50000000 0.50000000
vt 0.50000000 0.50000000
vt 0.50000000 0.50000000
vt 0.50000000 0.50000000
vt 0.50000000 0.50000000
vt 0.50000000 0.50000000
vt 0.50000000 0.50000000
vt 0.50000000 0.50000000
vt 0.50000000 0.50000000
vt 0.50000000 0.50000000
vt 0.50000000 0.50000000
vt 0.50000000 0.50000000
vt 0.50000000 0.50000000
vt 0.50000000 0.50000000
vt 0.50000000 0.50000000
vt 0.50000000 0.50000000
vt 0.50000000 0.50000000
vt 0.50000000 0.50000000
vt 0.50000000 0.50000000
vt 0.50000000 0.50000000
vt 0.50000000 0.50000000
vt 0.50000000 0.50000000
vt 0.50000000 0.50000000
vt 0.50000000 0.50000000
vt 0.50000000 0.50000000
vt 0.50000000 0.50000000
vt 0.50000000 0.50000000
vt 0.50000000 0.50000000
vt 0.50000000 0.50000000
vt 0.50000000 0.50000000
vt 0.50000000 0.50000000
vt 0.50000000 0.50000000
vt 0.50000000 0.50000000
vt 0.50000000 0.50000000
vt 0.50000000 0.50000000
vt 0.50000000 0.50000000
vt 0.50000000 0.50000000
vt 0.50000000 0.50000000
vt 0.50000000 0.50000000
vt 0.50000000 0.50000000
vt 0.50000000 0.50000000
vt 0.50000000 0.50000000
vt 0.50000000 0.50000000
vt 0.50000000 0.50000000
vt 0.50000000 0.50000000
vt 0.50000000 0.50000000
vt 0.50000000 0.50000000
vt 0.50000000 0.50000000
vt 0.50000000 0.50000000
vt 0.50000000 0.50000000
vt 0.50000000 0.50000000
vt 0.50000000 0.50000000
vt 0.50000000 0.50000000
vt 0.50000000 0.50000000
vt 0.50000000 0.50000000
vt 0.50000000 0.50000000
vt 0.50000000 0.50000000
vt 0.50000000 0.50000000
vt 0.50000000 0.50000000
vt 0.50000000 0.50000000
vt 0.50000000 0.50000000
vt 0.50000000 0.50000000
vt 0.50000000 0.50000000
vt 0.50000000 0.50000000
vt 0.50000000 0.50000000
vt 0.50000000 0.50000000
vt 0.50000000 0.50000000
vt 0.50000000 0.50000000
vt 0.50000000 0.50000000
vt 0.50000000 0.50000000
vt 0.50000000 0.50000000
vt 0.50000000 0.50000000
vt 0.50000000 0.50000000
vt 0.50000000 0.50000000
vt 0.50000000 0.50000000
vt 0.50000000 0.50000000
vt 0.50000000 0.50000000
vt 0.50000000 0.50000000
vt 0.50000000 0.50000000
vt 0.50000000 0.50000000
vt 0.50000000 0.50000000
vt 0.50000000 0.50000000
vt 0.50000000 0.50000000
vt 0.50000000 0.50000000
vt 0.50000000 0.50000000
vt 0.50000000 0.50000000
vt 0.50000000 0.50000000
vt 0.50000000 0.50000000
vt 0.50000000 0.50000000
vt 0.50000000 0.50000000
vt 0.50000000 0.50000000
vt 0.50000000 0.50000000
vt 0.50000000 0.50000000
vt 0.50000000 0.50000000
vt 0.50000000 0.50000000
vt 0.50000000 0.50000000
vt 0.50000000 0.50000000
vt 0.50000000 0.50000000
vt 0.50000000 0.50000000
vt 0.50000000 0.50000000
vt 0.50000000 0.50000000
vt 0.50000000 0.50000000
vt 0.50000000 0.50000000
vt 0.50000000 0.50000000
vt 0.50000000 0.50000000
vt 0.50000000 0.50000000
vt 0.50000000 0.50000000
vt 0.50000000 0.50000000
vt 0.50000000 0.50000000
vt 0.50000000 0.50000000
vt 0.50000000 0.50000000
vt 0.50000000 0.50000000
vt 0.50000000 0.50000000
vt 0.50000000 0.50000000
vt 0.50000000 0.50000000
vt 0.50000000 0.50000000
vt 0.50000000 0.50000000
vt 0.50000000 0.50000000
vt 0.50000000 0.50000000
vt 0.50000000 0.50000000
vt 0.50000000 0.50000000
vt 0.50000000 0.50000000
vt 0.50000000 0.50000000
vt 0.50000000 0.50000000
vt 0.50000000 0.50000000
vt 0.50000000 0.50000000
vt 0.50000000 0.50000000
vt 0.50000000 0.50000000
vt 0.50000000 0.50000000
vt 0.50000000 0.50000000
vt 0.50000000 0.50000000
vt 0.50000000 0.50000000
vt 0.50000000 0.50000000
vt 0.50000000 0.50000000
vt 0.50000000 0.50000000
vt 0.50000000 0.50000000
vt 0.50000000 0.50000000
vt 0.50000000 0.50000000
vt 0.50000000 0.50000000
vt 0.50000000 0.50000000
vt 0.50000000 0.50000000
vt 0.50000000 0.50000000
vt 0.50000000 0.50000000
vt 0.50000000 0.50000000
vt 0.50000000 0.50000000
vt 0.50000000 0.50000000
vt 0.50000000 0.50000000
vt 0.50000000 0.50000000
vt 0.50000000 0.50000000
vt 0.50000000 0.50000000
vt 0.50000000 0.50000000
vt 0.50000000 0.50000000
vt 0.50000000 0.50000000
vt 0.50000000 0.50000000
vt 0.50000000 0.50000000
vt 0.50000000 0.50000000
vt 0.50000000 0.50000000
vt 0.50000000 0.50000000
vt 0.50000000 0.50000000
vt 0.50000000 0.50000000
vt 0.50000000 0.50000000
vt 0.50000000 0.50000000
vt 0.50000000 0.50000000
vt 0.50000000 0.50000000
vt 0.50000000 0.50000000
vt 0.50000000 0.50000000
vt 0.50000000 0.50000000
vt 0.50000000 0.50000000
vt 0.50000000 0.50000000
vt 0.50000000 0.50000000
vt 0.50000000 0.50000000
vt 0.50000000 0.50000000
vt 0.50000000 0.50000000
vt 0.50000000 0.50000000
vt 0.50000000 0.50000000
vt 0.50000000 0.50000000
vt 0.50000000 0.50000000
vt 0.50000000 0.50000000
vt 0.50000000 0.50000000
vt 0.50000000 0.50000000
vt 0.50000000 0.50000000
vt 0.50000000 0.50000000
vt 0.50000000 0.50000000
vt 0.50000000 0.50000000
vt 0.50000000 0.50000000
vt 0.50000000 0.50000000
vt 0.50000000 0.50000000
vt 0.50000000 0.50000000
vt 0.50000000 0.50000000
vt 0.50000000 0.50000000
vt 0.50000000 0.50000000
vt 0.50000000 0.50000000
vt 0.50000000 0.50000000
vt 0.50000000 0.50000000
vt 0.50000000 0.50000000
vt 0.50000000 0.50000000
vt 0.50000000 0.50000000
vt 0.50000000 0.50000000
vt 0.50000000 0.50000000
vt 0.50000000 0.50000000
vt 0.50000000 0.50000000
vt 0.50000000 0.50000000
vt 0.50000000 0.50000000
vt 0.50000000 0.50000000
vt 0.50000000 0.50000000
vt 0.50000000 0.50000000
vt 0.50000000 0.50000000
vt 0.50000000 0.50000000
vt 0.50000000 0.50000000
vt 0.50000000 0.50000000
vt 0.50000000 0.50000000
vt 0.50000000 0.50000000
vt 0.50000000 0.50000000
vt 0.50000000 0.50000000
vt 0.50000000 0.50000000
vt 0.50000000 0.50000000
vt 0.50000000 0.50000000
vt 0.50000000 0.50000000
vt 0.50000000 0.50000000
vt 0.50000000 0.50000000
vt 0.50000000 0.50000000
vt 0.50000000 0.50000000
vt 0.50000000 0.50000000
vt 0.50000000 0.50000000
vt 0.50000000 0.50000000
vt 0.50000000 0.50000000
vt 0.50000000 0.50000000
vt 0.50000000 0.50000000
vt 0.50000000 0.50000000
vt 0.50000000 0.50000000
vt 0.50000000 0.50000000
vt 0.50000000 0.50000000
vt 0.50000000 0.50000000
vt 0.50000000 0.50000000
vt 0.50000000 0.50000000
vt 0.50000000 0.50000000
vt 0.50000000 0.50000000
vt 0.50000000 0.50000000
vt 0.50000000 0.50000000
vt 0.50000000 0.50000000
vt 0.50000000 0.50000000
vt 0.50000000 0.50000000
vt 0.50000000 0.50000000
vt 0.50000000 0.50000000
vt 0.50000000 0.50000000
vt 0.50000000 0.50000000
vt 0.50000000 0.50000000
vt 0.50000000 0.50000000
vt 0.50000000 0.50000000
vt 0.50000000 0.50000000
vt 0.50000000 0.50000000
vt 0.50000000 0.50000000
vt 0.50000000 0.50000000
vt 0.50000000 0.50000000
vt 0.50000000 0.50000000
vt 0.50000000 0.50000000
vt 0.50000000 0.50000000
vt 0.50000000 0.50000000
vt 0.50000000 0.50000000
vt 0.50000000 0.50000000
vt 0.50000000 0.50000000
vt 0.50000000 0.50000000
vt 0.50000000 0.50000000
vt 0.50000000 0.50000000
vt 0.50000000 0.50000000
vt 0.50000000 0.50000000
vt 0.50000000 0.50000000
vt 0.50000000 0.50000000
vt 0.50000000 0.50000000
vt 0.50000000 0.50000000
vt 0.50000000 0.50000000
vt 0.50000000 0.50000000
vt 0.50000000 0.50000000
vt 0.50000000 0.50000000
vt 0.50000000 0.50000000
vt 0.50000000 0.50000000
vt 0.50000000 0.50000000
vt 0.50000000 0.50000000
vt 0.50000000 0.50000000
vt 0.50000000 0.50000000
vt 0.50000000 0.50000000
vt 0.50000000 0.50000000
vt 0.50000000 0.50000000
vt 0.50000000 0.50000000
vt 0.50000000 0.50000000
vt 0.50000000 0.50000000
vt 0.50000000 0.50000000
vt 0.50000000 0.50000000
vt 0.50000000 0.50000000
vt 0.50000000 0.50000000
vt 0.50000000 0.50000000
vt 0.50000000 0.50000000
vt 0.50000000 0.50000000
vt 0.50000000 0.50000000
vt 0.50000000 0.50000000
vt 0.50000000 0.50000000
vt 0.50000000 0.50000000
vt 0.50000000 0.50000000
vt 0.50000000 0.50000000
vt 0.50000000 0.50000000
vt 0.50000000 0.50000000
vt 0.50000000 0.50000000
vt 0.50000000 0.50000000
vt 0.50000000 0.50000000
vt 0.50000000 0.50000000
vt 0.50000000 0.50000000
vt 0.50000000 0.50000000
vt 0.50000000 0.50000000
vt 0.50000000 0.50000000
vt 0.50000000 0.50000000
vt 0.50000000 0.50000000
vt 0.50000000 0.50000000
vt 0.50000000 0.50000000
vt 0.50000000 0.50000000
vt 0.50000000 0.50000000
vt 0.50000000 0.50000000
vt 0.50000000 0.50000000
vt 0.50000000 0.50000000
vt 0.50000000 0.50000000
vt 0.50000000 0.50000000
vt 0.50000000 0.50000000
vt 0.50000000 0.50000000
vt 0.50000000 0.50000000
vt 0.50000000 0.50000000
vt 0.50000000 0.50000000
vt 0.50000000 0.50000000
vt 0.50000000 0.50000000
vt 0.50000000 0.50000000
vt 0.50000000 0.50000000
vt 0.50000000 0.50000000
vt 0.50000000 0.50000000
vt 0.50000000 0.50000000
vt 0.50000000 0.50000000
vt 0.50000000 0.50000000
vt 0.50000000 0.50000000
vt 0.50000000 0.50000000
vt 0.50000000 0.50000000
vt 0.50000000 0.50000000
vt 0.50000000 0.50000000
vt 0.50000000 0.50000000
vt 0.50000000 0.50000000
vt 0.50000000 0.50000000
vt 0.50000000 0.50000000
vt 0.50000000 0.50000000
vt 0.50000000 0.50000000
vt 0.50000000 0.50000000
vt 0.50000000 0.50000000
vt 0.50000000 0.50000000
vt 0.50000000 0.50000000
vt 0.50000000 0.50000000
vt 0.50000000 0.50000000
vt 0.50000000 0.50000000
vt 0.50000000 0.50000000
vt 0.50000000 0.50000000
vt 0.50000000 0.50000000
vt 0.50000000 0.50000000
vt 0.50000000 0.50000000
vt 0.50000000 0.50000000
vt 0.50000000 0.50000000
vt 0.50000000 0.50000000
vt 0.50000000 0.50000000
vt 0.50000000 0.50000000
vt 0.50000000 0.50000000
vt 0.50000000 0.50000000
vt 0.50000000 0.50000000
vt 0.50000000 0.50000000
vt 0.50000000 0.50000000
vt 0.50000000 0.50000000
vt 0.50000000 0.50000000
vt 0.50000000 0.50000000
vt 0.50000000 0.50000000
vt 0.50000000 0.50000000
vt 0.50000000 0.50000000
vt 0.50000000 0.50000000
vt 0.50000000 0.50000000
vt 0.50000000 0.50000000
vt 0.50000000 0.50000000
vt 0.50000000 0.50000000
vt 0.50000000 0.50000000
vt 0.50000000 0.50000000
vt 0.50000000 0.50000000
vt 0.50000000 0.50000000
vt 0.50000000 0.50000000
vt 0.50000000 0.50000000
vt 0.50000000 0.50000000
vt 0.50000000 0.50000000
vt 0.50000000 0.50000000
vt 0.50000000 0.50000000
vt 0.50000000 0.50000000
vt 0.50000000 0.50000000
vt 0.50000000 0.50000000
vt 0.50000000 0.50000000
vt 0.50000000 0.50000000
vt 0.50000000 0.50000000
vt 0.50000000 0.50000000
vt 0.50000000 0.50000000
vt 0.50000000 0.50000000
vt 0.50000000 0.50000000
vt 0.50000000 0.50000000
vt 0.50000000 0.50000000
vt 0.50000000 0.50000000
vt 0.50000000 0.50000000
vt 0.50000000 0.50000000
vt 0.50000000 0.50000000
vt 0.50000000 0.50000000
vt 0.50000000 0.50000000
vt 0.50000000 0.50000000
vt 0.50000000 0.50000000
vt 0.50000000 0.50000000
vt 0.50000000 0.50000000
vt 0.50000000 0.50000000
vt 0.50000000 0.50000000
vt 0.50000000 0.50000000
vt 0.50000000 0.50000000
vt 0.50000000 0.50000000
vt 0.50000000 0.50000000
vt 0.50000000 0.50000000
vt 0.50000000 0.50000000
vt 0.50000000 0.50000000
vt 0.50000000 0.50000000
vt 0.50000000 0.50000000
vt 0.50000000 0.50000000
vt 0.50000000 0.50000000
vt 0.50000000 0.50000000
vt 0.50000000 0.50000000
vt 0.50000000 0.50000000
vt 0.50000000 0.50000000
vt 0.50000000 0.50000000
vt 0.50000000 0.50000000
vt 0.50000000 0.50000000
vt 0.50000000 0.50000000
vt 0.50000000 0.50000000
vt 0.50000000 0.50000000
vt 0.50000000 0.50000000
vt 0.50000000 0.50000000
vt 0.50000000 0.50000000
vt 0.50000000 0.50000000
vt 0.50000000 0.50000000
vt 0.50000000 0.50000000
vt 0.50000000 0.50000000
vt 0.50000000 0.50000000
vt 0.50000000 0.50000000
vt 0.50000000 0.50000000
vt 0.50000000 0.50000000
vt 0.50000000 0.50000000
vt 0.50000000 0.50000000
vt 0.50000000 0.50000000
vt 0.50000000 0.50000000
vt 0.50000000 0.50000000
vt 0.50000000 0.50000000
vt 0.50000000 0.50000000
vt 0.50000000 0.50000000
vt 0.50000000 0.50000000
vt 0.50000000 0.50000000
vt 0.50000000 0.50000000
vt 0.50000000 0.50000000
vt 0.50000000 0.50000000
vt 0.50000000 0.50000000
vt 0.50000000 0.50000000
vt 0.50000000 0.50000000
vt 0.50000000 0.50000000
vt 0.50000000 0.50000000
vt 0.50000000 0.50000000
vt 0.50000000 0.50000000
vt 0.50000000 0.50000000
vt 0.50000000 0.50000000
vt 0.50000000 0.50000000
vt 0.50000000 0.50000000
vt 0.50000000 0.50000000
vt 0.50000000 0.50000000
vt 0.50000000 0.50000000
vt 0.50000000 0.50000000
vt 0.50000000 0.50000000
vt 0.50000000 0.50000000
vt 0.50000000 0.50000000
vt 0.50000000 0.50000000
vt 0.50000000 0.50000000
vt 0.50000000 0.50000000
vt 0.50000000 0.50000000
vt 0.50000000 0.50000000
vt 0.50000000 0.50000000
vt 0.50000000 0.50000000
vt 0.50000000 0.50000000
vt 0.50000000 0.50000000
vt 0.50000000 0.50000000
vt 0.50000000 0.50000000
vt 0.50000000 0.50000000
vt 0.50000000 0.50000000
vt 0.50000000 0.50000000
vt 0.50000000 0.50000000
vt 0.50000000 0.50000000
vt 0.50000000 0.50000000
vt 0.50000000 0.50000000
vt 0.50000000 0.50000000
vt 0.50000000 0.50000000
vt 0.50000000 0.50000000
vt 0.50000000 0.50000000
vt 0.50000000 0.50000000
vt 0.50000000 0.50000000
vt 0.50000000 0.50000000
vt 0.50000000 0.50000000
vt 0.50000000 0.50000000
vt 0.50000000 0.50000000
vt 0.50000000 0.50000000
vt 0.50000000 0.50000000
vt 0.50000000 0.50000000
vt 0.50000000 0.50000000
vt 0.50000000 0.50000000
vt 0.50000000 0.50000000
vt 0.50000000 0.50000000
vt 0.50000000 0.50000000
vt 0.50000000 0.50000000
vt 0.50000000 0.50000000
vt 0.50000000 0.50000000
vt 0.50000000 0.50000000
vt 0.50000000 0.50000000
vt 0.50000000 0.50000000
vt 0.50000000 0.50000000
vt 0.50000000 0.50000000
vt 0.50000000 0.50000000
vt 0.50000000 0.50000000
vt 0.50000000 0.50000000
vt 0.50000000 0.50000000
vt 0.50000000 0.50000000
vt 0.50000000 0.50000000
vt 0.50000000 0.50000000
vt 0.50000000 0.50000000
vt 0.50000000 0.50000000
vt 0.50000000 0.50000000
vt 0.50000000 0.50000000
vt 0.50000000 0.50000000
vt 0.50000000 0.50000000
vt 0.50000000 0.50000000
vt 0.50000000 0.50000000
vt 0.50000000 0.50000000
vt 0.50000000 0.50000000
vt 0.50000000 0.50000000
vt 0.50000000 0.50000000
vt 0.50000000 0.50000000
vt 0.50000000 0.50000000
vt 0.50000000 0.50000000
vt 0.50000000 0.50000000
vt 0.50000000 0.50000000
vt 0.50000000 0.50000000
vt 0.50000000 0.50000000
vt 0.50000000 0.50000000
vt 0.50000000 0.50000000
vt 0.50000000 0.50000000
vt 0.50000000 0.50000000
vt 0.50000000 0.50000000
vt 0.50000000 0.50000000
vt 0.50000000 0.50000000
vt 0.50000000 0.50000000
vt 0.50000000 0.50000000
vt 0.50000000 0.50000000
vt 0.50000000 0.50000000
vt 0.50000000 0.50000000
vt 0.50000000 0.50000000
vt 0.50000000 0.50000000
vt 0.50000000 0.50000000
vt 0.50000000 0.50000000
vt 0.50000000 0.50000000
vt 0.50000000 0.50000000
vt 0.50000000 0.50000000
vt 0.50000000 0.50000000
vt 0.50000000 0.50000000
vt 0.50000000 0.50000000
vt 0.50000000 0.50000000
vt 0.50000000 0.50000000
vt 0.50000000 0.50000000
vt 0.50000000 0.50000000
vt 0.50000000 0.50000000
vt 0.50000000 0.50000000
vt 0.50000000 0.50000000
vt 0.50000000 0.50000000
vt 0.50000000 0.50000000
vt 0.50000000 0.50000000
vt 0.50000000 0.50000000
vt 0.50000000 0.50000000
vt 0.50000000 0.50000000
vt 0.50000000 0.50000000
vt 0.50000000 0.50000000
vt 0.50000000 0.50000000
vt 0.50000000 0.50000000
vt 0.50000000 0.50000000
vt 0.50000000 0.50000000
vt 0.50000000 0.50000000
vt 0.50000000 0.50000000
vt 0.50000000 0.50000000
vt 0.50000000 0.50000000
vt 0.50000000 0.50000000
vt 0.50000000 0.50000000
vt 0.50000000 0.50000000
vt 0.50000000 0.50000000
vt 0.50000000 0.50000000
vt 0.50000000 0.50000000
vt 0.50000000 0.50000000
vt 0.50000000 0.50000000
vt 0.50000000 0.50000000
vt 0.50000000 0.50000000
vt 0.50000000 0.50000000
vt 0.50000000 0.50000000
vt 0.50000000 0.50000000
vt 0.50000000 0.50000000
vt 0.50000000 0.50000000
vt 0.50000000 0.50000000
vt 0.50000000 0.50000000
vt 0.50000000 0.50000000
vt 0.50000000 0.50000000
vt 0.50000000 0.50000000
vt 0.50000000 0.50000000
vt 0.50000000 0.50000000
vt 0.50000000 0.50000000
vt 0.50000000 0.50000000
vt 0.50000000 0.50000000
vt 0.50000000 0.50000000
vt 0.50000000 0.50000000
vt 0.50000000 0.50000000
vt 0.50000000 0.50000000
vt 0.50000000 0.50000000
vt 0.50000000 0.50000000
vt 0.50000000 0.50000000
vt 0.50000000 0.50000000
vt 0.50000000 0.50000000
vt 0.50000000 0.50000000
vt 0.50000000 0.50000000
vt 0.50000000 0.50000000
vt 0.50000000 0.50000000
vt 0.50000000 0.50000000
vt 0.50000000 0.50000000
vt 0.50000000 0.50000000
vt 0.50000000 0.50000000
vt 0.50000000 0.50000000
vt 0.50000000 0.50000000
vt 0.50000000 0.50000000
vt 0.50000000 0.50000000
vt 0.50000000 0.50000000
vt 0.50000000 0.50000000
vt 0.50000000 0.50000000
vt 0.50000000 0.50000000
vt 0.50000000 0.50000000
vt 0.50000000 0.50000000
vt 0.50000000 0.50000000
vt 0.50000000 0.50000000
vt 0.50000000 0.50000000
vt 0.50000000 0.50000000
vt 0.50000000 0.50000000
vt 0.50000000 0.50000000
vt 0.50000000 0.50000000
vt 0.50000000 0.50000000
vt 0.50000000 0.50000000
vt 0.50000000 0.50000000
vt 0.50000000 0.50000000
vt 0.50000000 0.50000000
vt 0.50000000 0.50000000
vt 0.50000000 0.50000000
vt 0.50000000 0.50000000
vt 0.50000000 0.50000000
vt 0.50000000 0.50000000
vt 0.50000000 0.50000000
vt 0.50000000 0.50000000
vt 0.50000000 0.50000000
vt 0.50000000 0.50000000
vt 0.50000000 0.50000000
vt 0.50000000 0.50000000
vt 0.50000000 0.50000000
vt 0.50000000 0.50000000
vt 0.50000000 0.50000000
vt 0.50000000 0.50000000
vt 0.50000000 0.50000000
vt 0.50000000 0.50000000
vt 0.50000000 0.50000000
vt 0.50000000 0.50000000
vt 0.50000000 0.50000000
vt 0.50000000 0.50000000
vt 0.50000000 0.50000000
vt 0.50000000 0.50000000
vt 0.50000000 0.50000000
vt 0.50000000 0.50000000
vt 0.50000000 0.50000000
vt 0.50000000 0.50000000
vt 0.50000000 0.50000000
vt 0.50000000 0.50000000
vt 0.50000000 0.50000000
vt 0.50000000 0.50000000
vt 0.50000000 0.50000000
vt 0.50000000 0.50000000
vt 0.50000000 0.50000000
vt 0.50000000 0.50000000
vt 0.50000000 0.50000000
vt 0.50000000 0.50000000
vt 0.50000000 0.50000000
vt 0.50000000 0.50000000
vt 0.50000000 0.50000000
vt 0.50000000 0.50000000
vt 0.50000000 0.50000000
vt 0.50000000 0.50000000
vt 0.50000000 0.50000000
vt 0.50000000 0.50000000
vt 0.50000000 0.50000000
vt 0.50000000 0.50000000
vt 0.50000000 0.50000000
vt 0.50000000 0.50000000
vt 0.50000000 0.50000000
vt 0.50000000 0.50000000
vt 0.50000000 0.50000000
vt 0.50000000 0.50000000
vt 0.50000000 0.50000000
vt 0.50000000 0.50000000
vt 0.50000000 0.50000000
vt 0.50000000 0.50000000
vt 0.50000000 0.50000000
vt 0.50000000 0.50000000
vt 0.50000000 0.50000000
vt 0.50000000 0.50000000
vt 0.50000000 0.50000000
vt 0.50000000 0.50000000
vt 0.50000000 0.50000000
vt 0.50000000 0.50000000
vt 0.50000000 0.50000000
vt 0.50000000 0.50000000
vt 0.50000000 0.50000000
vt 0.50000000 0.50000000
vt 0.50000000 0.50000000
vt 0.50000000 0.50000000
vt 0.50000000 0.50000000
vt 0.50000000 0.50000000
vt 0.50000000 0.50000000
vt 0.50000000 0.50000000
vt 0.50000000 0.50000000
vt 0.50000000 0.50000000
vt 0.50000000 0.50000000
vt 0.50000000 0.50000000
vt 0.50000000 0.50000000
vt 0.50000000 0.50000000
vt 0.50000000 0.50000000
vt 0.50000000 0.50000000
vt 0.50000000 0.50000000
vt 0.50000000 0.50000000
vt 0.50000000 0.50000000
vt 0.50000000 0.50000000
vt 0.50000000 0.50000000
vt 0.50000000 0.50000000
vt 0.50000000 0.50000000
vt 0.50000000 0.50000000
vt 0.50000000 0.50000000
vt 0.50000000 0.50000000
vt 0.50000000 0.50000000
vt 0.50000000 0.50000000
vt 0.50000000 0.50000000
vt 0.50000000 0.50000000
vt 0.50000000 0.50000000
vt 0.50000000 0.50000000
vt 0.50000000 0.50000000
vt 0.50000000 0.50000000
vt 0.50000000 0.50000000
vt 0.50000000 0.50000000
vt 0.50000000 0.50000000
vt 0.50000000 0.50000000
vt 0.50000000 0.50000000
vt 0.50000000 0.50000000
vt 0.50000000 0.50000000
vt 0.50000000 0.50000000
vt 0.50000000 0.50000000
vt 0.50000000 0.50000000
vt 0.50000000 0.50000000
vt 0.50000000 0.50000000
vt 0.50000000 0.50000000
vt 0.50000000 0.50000000
vt 0.50000000 0.50000000
vt 0.50000000 0.50000000
vt 0.50000000 0.50000000
vt 0.50000000 0.50000000
vt 0.50000000 0.50000000
vt 0.50000000 0.50000000
vt 0.50000000 0.50000000
vt 0.50000000 0.50000000
vt 0.50000000 0.50000000
vt 0.50000000 0.50000000
vt 0.50000000 0.50000000
vt 0.50000000 0.50000000
vt 0.50000000 0.50000000
vt 0.50000000 0.50000000
vt 0.50000000 0.50000000
vt 0.50000000 0.50000000
vt 0.50000000 0.50000000
vt 0.50000000 0.50000000
vt 0.50000000 0.50000000
vt 0.50000000 0.50000000
vt 0.50000000 0.50000000
vt 0.50000000 0.50000000
vt 0.50000000 0.50000000
vt 0.50000000 0.50000000
vt 0.50000000 0.50000000
vt 0.50000000 0.50000000
vt 0.50000000 0.50000000
vt 0.50000000 0.50000000
vt 0.50000000 0.50000000
vt 0.50000000 0.50000000
vt 0.50000000 0.50000000
vt 0.50000000 0.50000000
vt 0.50000000 0.50000000
vt 0.50000000 0.50000000
vt 0.50000000 0.50000000
vt 0.50000000 0.50000000
vt 0.50000000 0.50000000
vt 0.50000000 0.50000000
vt 0.50000000 0.50000000
vt 0.50000000 0.50000000
vt 0.50000000 0.50000000
vt 0.50000000 0.50000000
vt 0.50000000 0.50000000
vt 0.50000000 0.50000000
vt 0.50000000 0.50000000
vt 0.50000000 0.50000000
vt 0.50000000 0.50000000
vt 0.50000000 0.50000000
vt 0.50000000 0.50000000
vt 0.50000000 0.50000000
vt 0.50000000 0.50000000
vt 0.50000000 0.50000000
vt 0.50000000 0.50000000
vt 0.50000000 0.50000000
vt 0.50000000 0.50000000
vt 0.50000000 0.50000000
vt 0.50000000 0.50000000
vt 0.50000000 0.50000000
vt 0.50000000 0.50000000
vt 0.50000000 0.50000000
vt 0.50000000 0.50000000
vt 0.50000000 0.50000000
vt 0.50000000 0.50000000
vt 0.50000000 0.50000000
vt 0.50000000 0.50000000
vt 0.50000000 0.50000000
vt 0.50000000 0.50000000
vt 0.50000000 0.50000000
vt 0.50000000 0.50000000
vt 0.50000000 0.50000000
vt 0.50000000 0.50000000
vt 0.50000000 0.50000000
vt 0.50000000 0.50000000
vt 0.50000000 0.50000000
vt 0.50000000 0.50000000
vt 0.50000000 0.50000000
vt 0.50000000 0.50000000
vt 0.50000000 0.50000000
vt 0.50000000 0.50000000
vt 0.50000000 0.50000000
vt 0.50000000 0.50000000
vt 0.50000000 0.50000000
vt 0.50000000 0.50000000
vt 0.50000000 0.50000000
vt 0.50000000 0.50000000
vt 0.50000000 0.50000000
vt 0.50000000 0.50000000
vt 0.50000000 0.50000000
vt 0.50000000 0.50000000
vt 0.50000000 0.50000000
vt 0.50000000 0.50000000
vt 0.50000000 0.50000000
vt 0.50000000 0.50000000
vt 0.50000000 0.50000000
vt 0.50000000 0.50000000
vt 0.50000000 0.50000000
vt 0.50000000 0.50000000
vt 0.50000000 0.50000000
vt 0.50000000 0.50000000
vt 0.50000000 0.50000000
vt 0.50000000 0.50000000
vt 0.50000000 0.50000000
vt 0.50000000 0.50000000
vt 0.50000000 0.50000000
vt 0.50000000 0.50000000
vt 0.50000000 0.50000000
vt 0.50000000 0.50000000
vt 0.50000000 0.50000000
vt 0.50000000 0.50000000
vt 0.50000000 0.50000000
vt 0.50000000 0.50000000
vt 0.50000000 0.50000000
vt 0.50000000 0.50000000
vt 0.50000000 0.50000000
vt 0.50000000 0.50000000
vt 0.50000000 0.50000000
vt 0.50000000 0.50000000
vt 0.50000000 0.50000000
vt 0.50000000 0.50000000
vt 0.50000000 0.50000000
vt 0.50000000 0.50000000
vt 0.50000000 0.50000000
vt 0.50000000 0.50000000
vt 0.50000000 0.50000000
vt 0.50000000 0.50000000
vt 0.50000000 0.50000000
vt 0.50000000 0.50000000
vt 0.50000000 0.50000000
vt 0.50000000 0.50000000
vt 0.50000000 0.50000000
vt 0.50000000 0.50000000
vt 0.50000000 0.50000000
vt 0.50000000 0.50000000
vt 0.50000000 0.50000000
vt 0.50000000 0.50000000
vt 0.50000000 0.50000000
vt 0.50000000 0.50000000
vt 0.50000000 0.50000000
vt 0.50000000 0.50000000
vt 0.50000000 0.50000000
vt 0.50000000 0.50000000
vt 0.50000000 0.50000000
vt 0.50000000 0.50000000
vt 0.50000000 0.50000000
vt 0.50000000 0.50000000
vt 0.50000000 0.50000000
vt 0.50000000 0.50000000
vt 0.50000000 0.50000000
vt 0.50000000 0.50000000
vt 0.50000000 0.50000000
vt 0.50000000 0.50000000
vt 0.50000000 0.50000000
vt 0.50000000 0.50000000
vt 0.50000000 0.50000000
vt 0.50000000 0.50000000
vt 0.50000000 0.50000000
vt 0.50000000 0.50000000
vt 0.50000000 0.50000000
vt 0.50000000 0.50000000
vt 0.50000000 0.50000000
vt 0.50000000 0.50000000
vt 0.50000000 0.50000000
vt 0.50000000 0.50000000
vt 0.50000000 0.50000000
vt 0.50000000 0.50000000
vt 0.50000000 0.50000000
vt 0.50000000 0.50000000
vt 0.50000000 0.50000000
vt 0.50000000 0.50000000
vt 0.50000000 0.50000000
vt 0.50000000 0.50000000
vt 0.50000000 0.50000000
vt 0.50000000 0.50000000
vt 0.50000000 0.50000000
vt 0.50000000 0.50000000
vt 0.50000000 0.50000000
vt 0.50000000 0.50000000
vt 0.50000000 0.50000000
vt 0.50000000 0.50000000
vt 0.50000000 0.50000000
vt 0.50000000 0.50000000
vt 0.50000000 0.50000000
vt 0.50000000 0.50000000
vt 0.50000000 0.50000000
vt 0.50000000 0.50000000
vt 0.50000000 0.50000000
vt 0.50000000 0.50000000
vt 0.50000000 0.50000000
vt 0.50000000 0.50000000
vt 0.50000000 0.50000000
vt 0.50000000 0.50000000
vt 0.50000000 0.50000000
vt 0.50000000 0.50000000
vt 0.50000000 0.50000000
vt 0.50000000 0.50000000
vt 0.50000000 0.50000000
vt 0.50000000 0.50000000
vt 0.50000000 0.50000000
vt 0.50000000 0.50000000
vt 0.50000000 0.50000000
vt 0.50000000 0.50000000
vt 0.50000000 0.50000000
vt 0.50000000 0.50000000
vt 0.50000000 0.50000000
vt 0.50000000 0.50000000
vt 0.50000000 0.50000000
vt 0.50000000 0.50000000
vt 0.50000000 0.50000000
vt 0.50000000 0.50000000
vt 0.50000000 0.50000000
vt 0.50000000 0.50000000
vt 0.50000000 0.50000000
vt 0.50000000 0.50000000
vt 0.50000000 0.50000000
vt 0.50000000 0.50000000
vt 0.50000000 0.50000000
vt 0.50000000 0.50000000
vt 0.50000000 0.50000000
vt 0.50000000 0.50000000
vt 0.50000000 0.50000000
vt 0.50000000 0.50000000
vt 0.50000000 0.50000000
vt 0.50000000 0.50000000
vt 0.50000000 0.50000000
vt 0.50000000 0.50000000
vt 0.50000000 0.50000000
vt 0.50000000 0.50000000
vt 0.50000000 0.50000000
vt 0.50000000 0.50000000
vt 0.50000000 0.50000000
vt 0.50000000 0.50000000
vt 0.50000000 0.50000000
vt 0.50000000 0.50000000
vt 0.50000000 0.50000000
vt 0.50000000 0.50000000
vt 0.50000000 0.50000000
vt 0.50000000 0.50000000
vt 0.50000000 0.50000000
vt 0.50000000 0.50000000
vt 0.50000000 0.50000000
vt 0.50000000 0.50000000
vt 0.50000000 0.50000000
vt 0.50000000 0.50000000
vt 0.50000000 0.50000000
vt 0.50000000 0.50000000
vt 0.50000000 0.50000000
vt 0.50000000 0.50000000
vt 0.50000000 0.50000000
vt 0.50000000 0.50000000
vt 0.50000000 0.50000000
vt 0.50000000 0.50000000
vt 0.50000000 0.50000000
vt 0.50000000 0.50000000
vt 0.50000000 0.50000000
vt 0.50000000 0.50000000
vt 0.50000000 0.50000000
vt 0.50000000 0.50000000
vt 0.50000000 0.50000000
vt 0.50000000 0.50000000
vt 0.50000000 0.50000000
vt 0.50000000 0.50000000
vt 0.50000000 0.50000000
vt 0.50000000 0.50000000
vt 0.50000000 0.50000000
vt 0.50000000 0.50000000
vt 0.50000000 0.50000000
vt 0.50000000 0.50000000
vt 0.50000000 0.50000000
vt 0.50000000 0.50000000
vt 0.50000000 0.50000000
vt 0.50000000 0.50000000
vt 0.50000000 0.50000000
vt 0.50000000 0.50000000
vt 0.50000000 0.50000000
vt 0.50000000 0.50000000
vt 0.50000000 0.50000000
vt 0.50000000 0.50000000
vt 0.50000000 0.50000000
vt 0.50000000 0.50000000
vt 0.50000000 0.50000000
vt 0.50000000 0.50000000
vt 0.50000000 0.50000000
vt 0.50000000 0.50000000
vt 0.50000000 0.50000000
vt 0.50000000 0.50000000
vt 0.50000000 0.50000000
vt 0.50000000 0.50000000
vt 0.50000000 0.50000000
vt 0.50000000 0.50000000
vt 0.50000000 0.50000000
vt 0.50000000 0.50000000
vt 0.50000000 0.50000000
vt 0.50000000 0.50000000
vt 0.50000000 0.50000000
vt 0.50000000 0.50000000
vt 0.50000000 0.50000000
vt 0.50000000 0.50000000
vt 0.50000000 0.50000000
vt 0.50000000 0.50000000
vt 0.50000000 0.50000000
vt 0.50000000 0.50000000
vt 0.50000000 0.50000000
vt 0.50000000 0.50000000
vt 0.50000000 0.50000000
vt 0.50000000 0.50000000
vt 0.50000000 0.50000000
vt 0.50000000 0.50000000
vt 0.50000000 0.50000000
vt 0.50000000 0.50000000
vt 0.50000000 0.50000000
vt 0.50000000 0.50000000
vt 0.50000000 0.50000000
vt 0.50000000 0.50000000
vt 0.50000000 0.50000000
vt 0.50000000 0.50000000
vt 0.50000000 0.50000000
vt 0.50000000 0.50000000
vt 0.50000000 0.50000000
vt 0.50000000 0.50000000
vt 0.50000000 0.50000000
vt 0.50000000 0.50000000
vt 0.50000000 0.50000000
vt 0.50000000 0.50000000
vt 0.50000000 0.50000000
vt 0.50000000 0.50000000
vt 0.50000000 0.50000000
vt 0.50000000 0.50000000
vt 0.50000000 0.50000000
vt 0.50000000 0.50000000
vt 0.50000000 0.50000000
vt 0.50000000 0.50000000
vt 0.50000000 0.50000000
vt 0.50000000 0.50000000
vt 0.50000000 0.50000000
vt 0.50000000 0.50000000
vt 0.50000000 0.50000000
vt 0.50000000 0.50000000
vt 0.50000000 0.50000000
vt 0.50000000 0.50000000
vt 0.50000000 0.50000000
vt 0.50000000 0.50000000
vt 0.50000000 0.50000000
vt 0.50000000 0.50000000
vt 0.50000000 0.50000000
vt 0.50000000 0.50000000
vt 0.50000000 0.50000000
vt 0.50000000 0.50000000
vt 0.50000000 0.50000000
vt 0.50000000 0.50000000
vt 0.50000000 0.50000000
vt 0.50000000 0.50000000
vt 0.50000000 0.50000000
vt 0.50000000 0.50000000
vt 0.50000000 0.50000000
vt 0.50000000 0.50000000
vt 0.50000000 0.50000000
vt 0.50000000 0.50000000
vt 0.50000000 0.50000000
vt 0.50000000 0.50000000
vt 0.50000000 0.50000000
vt 0.50000000 0.50000000
vt 0.50000000 0.50000000
vt 0.50000000 0.50000000
vt 0.50000000 0.50000000
vt 0.50000000 0.50000000
vt 0.50000000 0.50000000
vt 0.50000000 0.50000000
vt 0.50000000 0.50000000
vt 0.50000000 0.50000000
vt 0.50000000 0.50000000
vt 0.50000000 0.50000000
vt 0.50000000 0.50000000
vt 0.50000000 0.50000000
vt 0.50000000 0.50000000
vt 0.50000000 0.50000000
vt 0.50000000 0.50000000
vt 0.50000000 0.50000000
vt 0.50000000 0.50000000
vt 0.50000000 0.50000000
vt 0.50000000 0.50000000
vt 0.50000000 0.50000000
vt 0.50000000 0.50000000
vt 0.50000000 0.50000000
vt 0.50000000 0.50000000
vt 0.50000000 0.50000000
vt 0.50000000 0.50000000
vt 0.50000000 0.50000000
vt 0.50000000 0.50000000
vt 0.50000000 0.50000000
vt 0.50000000 0.50000000
vt 0.50000000 0.50000000
vt 0.50000000 0.50000000
vt 0.50000000 0.50000000
vt 0.50000000 0.50000000
vt 0.50000000 0.50000000
vt 0.50000000 0.50000000
vt 0.50000000 0.50000000
vt 0.50000000 0.50000000
vt 0.50000000 0.50000000
vt 0.50000000 0.50000000
vt 0.50000000 0.50000000
vt 0.50000000 0.50000000
vt 0.50000000 0.50000000
vt 0.50000000 0.50000000
vt 0.50000000 0.50000000
vt 0.50000000 0.50000000
vt 0.50000000 0.50000000
vt 0.50000000 0.50000000
vt 0.50000000 0.50000000
vt 0.50000000 0.50000000
vt 0.50000000 0.50000000
vt 0.50000000 0.50000000
vt 0.50000000 0.50000000
vt 0.50000000 0.50000000
vt 0.50000000 0.50000000
vt 0.50000000 0.50000000
vt 0.50000000 0.50000000
vt 0.50000000 0.50000000
vt 0.50000000 0.50000000
vt 0.50000000 0.50000000
vt 0.50000000 0.50000000
vt 0.50000000 0.50000000
vt 0.50000000 0.50000000
vt 0.50000000 0.50000000
vt 0.50000000 0.50000000
vt 0.50000000 0.50000000
vt 0.50000000 0.50000000
vt 0.50000000 0.50000000
vt 0.50000000 0.50000000
vt 0.50000000 0.50000000
vt 0.50000000 0.50000000
vt 0.50000000 0.50000000
vt 0.50000000 0.50000000
vt 0.50000000 0.50000000
vt 0.50000000 0.50000000
vt 0.50000000 0.50000000
vt 0.50000000 0.50000000
vt 0.50000000 0.50000000
vt 0.50000000 0.50000000
vt 0.50000000 0.50000000
vt 0.50000000 0.50000000
vt 0.50000000 0.50000000
vt 0.50000000 0.50000000
vt 0.50000000 0.50000000
vt 0.50000000 0.50000000
vt 0.50000000 0.50000000
vt 0.50000000 0.50000000
vt 0.50000000 0.50000000
vt 0.50000000 0.50000000
vt 0.50000000 0.50000000
vt 0.50000000 0.50000000
vt 0.50000000 0.50000000
vt 0.50000000 0.50000000
vt 0.50000000 0.50000000
vt 0.50000000 0.50000000
vt 0.50000000 0.50000000
vt 0.50000000 0.50000000
vt 0.50000000 0.50000000
vt 0.50000000 0.50000000
vt 0.50000000 0.50000000
vt 0.50000000 0.50000000
vt 0.50000000 0.50000000
vt 0.50000000 0.50000000
vt 0.50000000 0.50000000
vt 0.50000000 0.50000000
vt 0.50000000 0.50000000
vt 0.50000000 0.50000000
vt 0.50000000 0.50000000
vt 0.50000000 0.50000000
vt 0.50000000 0.50000000
vt 0.50000000 0.50000000
vt 0.50000000 0.50000000
vt 0.50000000 0.50000000
vt 0.50000000 0.50000000
vt 0.50000000 0.50000000
vt 0.50000000 0.50000000
vt 0.50000000 0.50000000
vt 0.50000000 0.50000000
vt 0.50000000 0.50000000
vt 0.50000000 0.50000000
vt 0.50000000 0.50000000
vt 0.50000000 0.50000000
vt 0.50000000 0.50000000
vt 0.50000000 0.50000000
vt 0.50000000 0.50000000
vt 0.50000000 0.50000000
vt 0.50000000 0.50000000
vt 0.50000000 0.50000000
vt 0.50000000 0.50000000
vt 0.50000000 0.50000000
vt 0.50000000 0.50000000
vt 0.50000000 0.50000000
vt 0.50000000 0.50000000
vt 0.50000000 0.50000000
vt 0.50000000 0.50000000
vt 0.50000000 0.50000000
vt 0.50000000 0.50000000
vt 0.50000000 0.50000000
vt 0.50000000 0.50000000
vt 0.50000000 0.50000000
vt 0.50000000 0.50000000
vt 0.50000000 0.50000000
vt 0.50000000 0.50000000
vt 0.50000000 0.50000000
vt 0.50000000 0.50000000
vt 0.50000000 0.50000000
vt 0.50000000 0.50000000
vt 0.50000000 0.50000000
vt 0.50000000 0.50000000
vt 0.50000000 0.50000000
vt 0.50000000 0.50000000
vt 0.50000000 0.50000000
vt 0.50000000 0.50000000
vt 0.50000000 0.50000000
vt 0.50000000 0.50000000
vt 0.50000000 0.50000000
vt 0.50000000 0.50000000
vt 0.50000000 0.50000000
vt 0.50000000 0.50000000
vt 0.50000000 0.50000000
vt 0.50000000 0.50000000
vt 0.50000000 0.50000000
vt 0.50000000 0.50000000
vt 0.50000000 0.50000000
vt 0.50000000 0.50000000
vt 0.50000000 0.50000000
vt 0.50000000 0.50000000
vt 0.50000000 0.50000000
vt 0.50000000 0.50000000
vt 0.50000000 0.50000000
vt 0.50000000 0.50000000
vt 0.50000000 0.50000000
vt 0.50000000 0.50000000
vt 0.50000000 0.50000000
vt 0.50000000 0.50000000
vt 0.50000000 0.50000000
vt 0.50000000 0.50000000
vt 0.50000000 0.50000000
vt 0.50000000 0.50000000
vt 0.50000000 0.50000000
vt 0.50000000 0.50000000
vt 0.50000000 0.50000000
vt 0.50000000 0.50000000
vt 0.50000000 0.50000000
vt 0.50000000 0.50000000
vt 0.50000000 0.50000000
vt 0.50000000 0.50000000
vt 0.50000000 0.50000000
vt 0.50000000 0.50000000
vt 0.50000000 0.50000000
vt 0.50000000 0.50000000
vt 0.50000000 0.50000000
vt 0.50000000 0.50000000
vt 0.50000000 0.50000000
vt 0.50000000 0.50000000
vt 0.50000000 0.50000000
vt 0.50000000 0.50000000
vt 0.50000000 0.50000000
vt 0.50000000 0.50000000
vt 0.50000000 0.50000000
vt 0.50000000 0.50000000
vt 0.50000000 0.50000000
vt 0.50000000 0.50000000
vt 0.50000000 0.50000000
vt 0.50000000 0.50000000
vt 0.50000000 0.50000000
vt 0.50000000 0.50000000
vt 0.50000000 0.50000000
vt 0.50000000 0.50000000
vt 0.50000000 0.50000000
vt 0.50000000 0.50000000
vt 0.50000000 0.50000000
vt 0.50000000 0.50000000
vt 0.50000000 0.50000000
vt 0.50000000 0.50000000
vt 0.50000000 0.50000000
vt 0.50000000 0.50000000
vt 0.50000000 0.50000000
vt 0.50000000 0.50000000
vt 0.50000000 0.50000000
vt 0.50000000 0.50000000
vt 0.50000000 0.50000000
vt 0.50000000 0.50000000
vt 0.50000000 0.50000000
vt 0.50000000 0.50000000
vt 0.50000000 0.50000000
vt 0.50000000 0.50000000
vt 0.50000000 0.50000000
vt 0.50000000 0.50000000
vt 0.50000000 0.50000000
vt 0.50000000 0.50000000
vt 0.50000000 0.50000000
vt 0.50000000 0.50000000
vt 0.50000000 0.50000000
vt 0.50000000 0.50000000
vt 0.50000000 0.50000000
vt 0.50000000 0.50000000
vt 0.50000000 0.50000000
vt 0.50000000 0.50000000
vt 0.50000000 0.50000000
vt 0.50000000 0.50000000
vt 0.50000000 0.50000000
vt 0.50000000 0.50000000
vt 0.50000000 0.50000000
vt 0.50000000 0.50000000
vt 0.50000000 0.50000000
vt 0.50000000 0.50000000
vt 0.50000000 0.50000000
vt 0.50000000 0.50000000
vt 0.50000000 0.50000000
vt 0.50000000 0.50000000
vt 0.50000000 0.50000000
vt 0.50000000 0.50000000
vt 0.50000000 0.50000000
vt 0.50000000 0.50000000
vt 0.50000000 0.50000000
vt 0.50000000 0.50000000
vt 0.50000000 0.50000000
vt 0.50000000 0.50000000
vt 0.50000000 0.50000000
vt 0.50000000 0.50000000
vt 0.50000000 0.50000000
vt 0.50000000 0.50000000
vt 0.50000000 0.50000000
vt 0.50000000 0.50000000
vt 0.50000000 0.50000000
vt 0.50000000 0.50000000
vt 0.50000000 0.50000000
vt 0.50000000 0.50000000
vt 0.50000000 0.50000000
vt 0.50000000 0.50000000
vt 0.50000000 0.50000000
vt 0.50000000 0.50000000
vt 0.50000000 0.50000000
vt 0.50000000 0.50000000
vt 0.50000000 0.50000000
vt 0.50000000 0.50000000
vt 0.50000000 0.50000000
vt 0.50000000 0.50000000
vt 0.50000000 0.50000000
vt 0.50000000 0.50000000
vt 0.50000000 0.50000000
vt 0.50000000 0.50000000
vt 0.50000000 0.50000000
vt 0.50000000 0.50000000
vt 0.50000000 0.50000000
vt 0.50000000 0.50000000
vt 0.50000000 0.50000000
vt 0.50000000 0.50000000
vt 0.50000000 0.50000000
vt 0.50000000 0.50000000
vt 0.50000000 0.50000000
vt 0.50000000 0.50000000
vt 0.50000000 0.50000000
vt 0.50000000 0.50000000
vt 0.50000000 0.50000000
vt 0.50000000 0.50000000
vt 0.50000000 0.50000000
vt 0.50000000 0.50000000
vt 0.50000000 0.50000000
vt 0.50000000 0.50000000
vt 0.50000000 0.50000000
vt 0.50000000 0.50000000
vt 0.50000000 0.50000000
vt 0.50000000 0.50000000
vt 0.50000000 0.50000000
vt 0.50000000 0.50000000
vt 0.50000000 0.50000000
vt 0.50000000 0.50000000
vt 0.50000000 0.50000000
vt 0.50000000 0.50000000
vt 0.50000000 0.50000000
vt 0.50000000 0.50000000
vt 0.50000000 0.50000000
vt 0.50000000 0.50000000
vt 0.50000000 0.50000000
vt 0.50000000 0.50000000
vt 0.50000000 0.50000000
vt 0.50000000 0.50000000
vt 0.50000000 0.50000000
vt 0.50000000 0.50000000
vt 0.50000000 0.50000000
vt 0.50000000 0.50000000
vt 0.50000000 0.50000000
vt 0.50000000 0.50000000
vt 0.50000000 0.50000000
vt 0.50000000 0.50000000
vt 0.50000000 0.50000000
vt 0.50000000 0.50000000
vt 0.50000000 0.50000000
vt 0.50000000 0.50000000
vt 0.50000000 0.50000000
vt 0.50000000 0.50000000
vt 0.50000000 0.50000000
vt 0.50000000 0.50000000
vt 0.50000000 0.50000000
vt 0.50000000 0.50000000
vt 0.50000000 0.50000000
vt 0.50000000 0.50000000
vt 0.50000000 0.50000000
vt 0.50000000 0.50000000
vt 0.50000000 0.50000000
vt 0.50000000 0.50000000
vt 0.50000000 0.50000000
vt 0.50000000 0.50000000
vt 0.50000000 0.50000000
vt 0.50000000 0.50000000
vt 0.50000000 0.50000000
vt 0.50000000 0.50000000
vt 0.50000000 0.50000000
vt 0.50000000 0.50000000
vt 0.50000000 0.50000000
vt 0.50000000 0.50000000
vt 0.50000000 0.50000000
vt 0.50000000 0.50000000
vt 0.50000000 0.50000000
vt 0.50000000 0.50000000
vt 0.50000000 0.50000000
vt 0.50000000 0.50000000
vt 0.50000000 0.50000000
vt 0.50000000 0.50000000
vt 0.50000000 0.50000000
vt 0.50000000 0.50000000
vt 0.50000000 0.50000000
vt 0.50000000 0.50000000
vt 0.50000000 0.50000000
vt 0.50000000 0.50000000
vt 0.50000000 0.50000000
vt 0.50000000 0.50000000
vt 0.50000000 0.50000000
vt 0.50000000 0.50000000
vt 0.50000000 0.50000000
vt 0.50000000 0.50000000
vt 0.50000000 0.50000000
vt 0.50000000 0.50000000
vt 0.50000000 0.50000000
vt 0.50000000 0.50000000
vt 0.50000000 0.50000000
vt 0.50000000 0.50000000
vt 0.50000000 0.50000000
vt 0.50000000 0.50000000
vt 0.50000000 0.50000000
vt 0.50000000 0.50000000
vt 0.50000000 0.50000000
vt 0.50000000 0.50000000
vt 0.50000000 0.50000000
vt 0.50000000 0.50000000
vt 0.50000000 0.50000000
vt 0.50000000 0.50000000
vt 0.50000000 0.50000000
vt 0.50000000 0.50000000
vt 0.50000000 0.50000000
vt 0.50000000 0.50000000
vt 0.50000000 0.50000000
vt 0.50000000 0.50000000
vt 0.50000000 0.50000000
vt 0.50000000 0.50000000
vt 0.50000000 0.50000000
vt 0.50000000 0.50000000
vt 0.50000000 0.50000000
vt 0.50000000 0.50000000
vt 0.50000000 0.50000000
vt 0.50000000 0.50000000
vt 0.50000000 0.50000000
vt 0.50000000 0.50000000
vt 0.50000000 0.50000000
vt 0.50000000 0.50000000
vt 0.50000000 0.50000000
vt 0.50000000 0.50000000
vt 0.50000000 0.50000000
vt 0.50000000 0.50000000
vt 0.50000000 0.50000000
vt 0.50000000 0.50000000
vt 0.50000000 0.50000000
vt 0.50000000 0.50000000
vt 0.50000000 0.50000000
vt 0.50000000 0.50000000
vt 0.50000000 0.50000000
vt 0.50000000 0.50000000
vt 0.50000000 0.50000000
vt 0.50000000 0.50000000
vt 0.50000000 0.50000000
vt 0.50000000 0.50000000
vt 0.50000000 0.50000000
vt 0.50000000 0.50000000
vt 0.50000000 0.50000000
vt 0.50000000 0.50000000
vt 0.50000000 0.50000000
vt 0.50000000 0.50000000
vt 0.50000000 0.50000000
vt 0.50000000 0.50000000
vt 0.50000000 0.50000000
vt 0.50000000 0.50000000
vt 0.50000000 0.50000000
vt 0.50000000 0.50000000
vt 0.50000000 0.50000000
vt 0.50000000 0.50000000
vt 0.50000000 0.50000000
vt 0.50000000 0.50000000
vt 0.50000000 0.50000000
vt 0.50000000 0.50000000
vt 0.50000000 0.50000000
vt 0.50000000 0.50000000
vt 0.50000000 0.50000000
vt 0.50000000 0.50000000
vt 0.50000000 0.50000000
vt 0.50000000 0.50000000
vt 0.50000000 0.50000000
vt 0.50000000 0.50000000
vt 0.50000000 0.50000000
vt 0.50000000 0.50000000
vt 0.50000000 0.50000000
vt 0.50000000 0.50000000
vt 0.50000000 0.50000000
vt 0.50000000 0.50000000
vt 0.50000000 0.50000000
vt 0.50000000 0.50000000
vt 0.50000000 0.50000000
vt 0.50000000 0.50000000
vt 0.50000000 0.50000000
vt 0.50000000 0.50000000
vt 0.50000000 0.50000000
vt 0.50000000 0.50000000
vt 0.50000000 0.50000000
vt 0.50000000 0.50000000
vt 0.50000000 0.50000000
vt 0.50000000 0.50000000
vt 0.50000000 0.50000000
vt 0.50000000 0.50000000
vt 0.50000000 0.50000000
vt 0.50000000 0.50000000
vt 0.50000000 0.50000000
vt 0.50000000 0.50000000
vt 0.50000000 0.50000000
vt 0.50000000 0.50000000
vt 0.50000000 0.50000000
vt 0.50000000 0.50000000
vt 0.50000000 0.50000000
vt 0.50000000 0.50000000
vt 0.50000000 0.50000000
vt 0.50000000 0.50000000
vt 0.50000000 0.50000000
vt 0.50000000 0.50000000
vt 0.50000000 0.50000000
vt 0.50000000 0.50000000
vt 0.50000000 0.50000000
vt 0.50000000 0.50000000
vt 0.50000000 0.50000000
vt 0.50000000 0.50000000
vt 0.50000000 0.50000000
vt 0.50000000 0.50000000
vt 0.50000000 0.50000000
vt 0.50000000 0.50000000
vt 0.50000000 0.50000000
vt 0.50000000 0.50000000
vt 0.50000000 0.50000000
vt 0.50000000 0.50000000
vt 0.50000000 0.50000000
vt 0.50000000 0.50000000
vt 0.50000000 0.50000000
vt 0.50000000 0.50000000
vt 0.50000000 0.50000000
vt 0.50000000 0.50000000
vt 0.50000000 0.50000000
vt 0.50000000 0.50000000
vt 0.50000000 0.50000000
vt 0.50000000 0.50000000
vt 0.50000000 0.50000000
vt 0.50000000 0.50000000
vt 0.50000000 0.50000000
vt 0.50000000 0.50000000
vt 0.50000000 0.50000000
vt 0.50000000 0.50000000
vt 0.50000000 0.50000000
vt 0.50000000 0.50000000
vt 0.50000000 0.50000000
vt 0.50000000 0.50000000
vt 0.50000000 0.50000000
vt 0.50000000 0.50000000
vt 0.50000000 0.50000000
vt 0.50000000 0.50000000
vt 0.50000000 0.50000000
vt 0.50000000 0.50000000
vt 0.50000000 0.50000000
vt 0.50000000 0.50000000
vt 0.50000000 0.50000000
vt 0.50000000 0.50000000
vt 0.50000000 0.50000000
vt 0.50000000 0.50000000
vt 0.50000000 0.50000000
vt 0.50000000 0.50000000
vt 0.50000000 0.50000000
vt 0.50000000 0.50000000
vt 0.50000000 0.50000000
vt 0.50000000 0.50000000
vt 0.50000000 0.50000000
vt 0.50000000 0.50000000
vt 0.50000000 0.50000000
vt 0.50000000 0.50000000
vt 0.50000000 0.50000000
vt 0.50000000 0.50000000
vt 0.50000000 0.50000000
vt 0.50000000 0.50000000
vt 0.50000000 0.50000000
vt 0.50000000 0.50000000
vt 0.50000000 0.50000000
vt 0.50000000 0.50000000
vt 0.50000000 0.50000000
vt 0.50000000 0.50000000
vt 0.50000000 0.50000000
vt 0.50000000 0.50000000
vt 0.50000000 0.50000000
vt 0.50000000 0.50000000
vt 0.50000000 0.50000000
vt 0.50000000 0.50000000
vt 0.50000000 0.50000000
vt 0.50000000 0.50000000
vt 0.50000000 0.50000000
vt 0.50000000 0.50000000
vt 0.50000000 0.50000000
vt 0.50000000 0.50000000
vt 0.50000000 0.50000000
vt 0.50000000 0.50000000
vt 0.50000000 0.50000000
vt 0.50000000 0.50000000
vt 0.50000000 0.50000000
vt 0.50000000 0.50000000
vt 0.50000000 0.50000000
vt 0.50000000 0.50000000
vt 0.50000000 0.50000000
vt 0.50000000 0.50000000
vt 0.50000000 0.50000000
vt 0.50000000 0.50000000
vt 0.50000000 0.50000000
vt 0.50000000 0.50000000
vt 0.50000000 0.50000000
vt 0.50000000 0.50000000
vt 0.50000000 0.50000000
vt 0.50000000 0.50000000
vt 0.50000000 0.50000000
vt 0.50000000 0.50000000
vt 0.50000000 0.50000000
vt 0.50000000 0.50000000
vt 0.50000000 0.50000000
vt 0.50000000 0.50000000
vt 0.50000000 0.50000000
vt 0.50000000 0.50000000
vt 0.50000000 0.50000000
vt 0.50000000 0.50000000
vt 0.50000000 0.50000000
vt 0.50000000 0.50000000
vt 0.50000000 0.50000000
vt 0.50000000 0.50000000
vt 0.50000000 0.50000000
vt 0.50000000 0.50000000
vt 0.50000000 0.50000000
vt 0.50000000 0.50000000
vt 0.50000000 0.50000000
vt 0.50000000 0.50000000
vt 0.50000000 0.50000000
vt 0.50000000 0.50000000
vt 0.50000000 0.50000000
vt 0.50000000 0.50000000
vt 0.50000000 0.50000000
vt 0.50000000 0.50000000
vt 0.50000000 0.50000000
vt 0.50000000 0.50000000
vt 0.50000000 0.50000000
vt 0.50000000 0.50000000
vt 0.50000000 0.50000000
vt 0.50000000 0.50000000
vt 0.50000000 0.50000000
vt 0.50000000 0.50000000
vt 0.50000000 0.50000000
vt 0.50000000 0.50000000
vt 0.50000000 0.50000000
vt 0.50000000 0.50000000
vt 0.50000000 0.50000000
vt 0.50000000 0.50000000
vt 0.50000000 0.50000000
vt 0.50000000 0.50000000
vt 0.50000000 0.50000000
vt 0.50000000 0.50000000
vt 0.50000000 0.50000000
vt 0.50000000 0.50000000
vt 0.50000000 0.50000000
vt 0.50000000 0.50000000
vt 0.50000000 0.50000000
vt 0.50000000 0.50000000
vt 0.50000000 0.50000000
vt 0.50000000 0.50000000
vt 0.50000000 0.50000000
vt 0.50000000 0.50000000
vt 0.50000000 0.50000000
vt 0.50000000 0.50000000
vt 0.50000000 0.50000000
vt 0.50000000 0.50000000
vt 0.50000000 0.50000000
vt 0.50000000 0.50000000
vt 0.50000000 0.50000000
vt 0.50000000 0.50000000
vt 0.50000000 0.50000000
vt 0.50000000 0.50000000
vt 0.50000000 0.50000000
vt 0.50000000 0.50000000
vt 0.50000000 0.50000000
vt 0.50000000 0.50000000
vt 0.50000000 0.50000000
vt 0.50000000 0.50000000
vt 0.50000000 0.50000000
vt 0.50000000 0.50000000
vt 0.50000000 0.50000000
vt 0.50000000 0.50000000
vt 0.50000000 0.50000000
vt 0.50000000 0.50000000
vt 0.50000000 0.50000000
vt 0.50000000 0.50000000
vt 0.50000000 0.50000000
vt 0.50000000 0.50000000
vt 0.50000000 0.50000000
vt 0.50000000 0.50000000
vt 0.50000000 0.50000000
vt 0.50000000 0.50000000
vt 0.50000000 0.50000000
vt 0.50000000 0.50000000
vt 0.50000000 0.50000000
vt 0.50000000 0.50000000
vt 0.50000000 0.50000000
vt 0.50000000 0.50000000
vt 0.50000000 0.50000000
vt 0.50000000 0.50000000
vt 0.50000000 0.50000000
vt 0.50000000 0.50000000
vt 0.50000000 0.50000000
vt 0.50000000 0.50000000
vt 0.50000000 0.50000000
vt 0.50000000 0.50000000
vt 0.50000000 0.50000000
vt 0.50000000 0.50000000
vt 0.50000000 0.50000000
vt 0.50000000 0.50000000
vt 0.50000000 0.50000000
vt 0.50000000 0.50000000
vt 0.50000000 0.50000000
vt 0.50000000 0.50000000
vt 0.50000000 0.50000000
vt 0.50000000 0.50000000
vt 0.50000000 0.50000000
vt 0.50000000 0.50000000
vt 0.50000000 0.50000000
vt 0.50000000 0.50000000
vt 0.50000000 0.50000000
vt 0.50000000 0.50000000
vt 0.50000000 0.50000000
vt 0.50000000 0.50000000
vt 0.50000000 0.50000000
vt 0.50000000 0.50000000
vt 0.50000000 0.50000000
vt 0.50000000 0.50000000
vt 0.50000000 0.50000000
vt 0.50000000 0.50000000
vt 0.50000000 0.50000000
vt 0.50000000 0.50000000
vt 0.50000000 0.50000000
vt 0.50000000 0.50000000
vt 0.50000000 0.50000000
vt 0.50000000 0.50000000
vt 0.50000000 0.50000000
vt 0.50000000 0.50000000
vt 0.50000000 0.50000000
vt 0.50000000 0.50000000
vt 0.50000000 0.50000000
vt 0.50000000 0.50000000
vt 0.50000000 0.50000000
vt 0.50000000 0.50000000
vt 0.50000000 0.50000000
vt 0.50000000 0.50000000
vt 0.50000000 0.50000000
vt 0.50000000 0.50000000
vt 0.50000000 0.50000000
vt 0.50000000 0.50000000
vt 0.50000000 0.50000000
vt 0.50000000 0.50000000
vt 0.50000000 0.50000000
vt 0.50000000 0.50000000
vt 0.50000000 0.50000000
vt 0.50000000 0.50000000
vt 0.50000000 0.50000000
vt 0.50000000 0.50000000
vt 0.50000000 0.50000000
vt 0.50000000 0.50000000
vt 0.50000000 0.50000000
vt 0.50000000 0.50000000
vt 0.50000000 0.50000000
vt 0.50000000 0.50000000
vt 0.50000000 0.50000000
vt 0.50000000 0.50000000
vt 0.50000000 0.50000000
vt 0.50000000 0.50000000
vt 0.50000000 0.50000000
vt 0.50000000 0.50000000
vt 0.50000000 0.50000000
vt 0.50000000 0.50000000
vt 0.50000000 0.50000000
vt 0.50000000 0.50000000
vt 0.50000000 0.50000000
vt 0.50000000 0.50000000
vt 0.50000000 0.50000000
vt 0.50000000 0.50000000
vt 0.50000000 0.50000000
vt 0.50000000 0.50000000
vt 0.50000000 0.50000000
vt 0.50000000 0.50000000
vt 0.50000000 0.50000000
vt 0.50000000 0.50000000
vt 0.50000000 0.50000000
vt 0.50000000 0.50000000
vt 0.50000000 0.50000000
vt 0.50000000 0.50000000
vt 0.50000000 0.50000000
vt 0.50000000 0.50000000
vt 0.50000000 0.50000000
vt 0.50000000 0.50000000
vt 0.50000000 0.50000000
vt 0.50000000 0.50000000
vt 0.50000000 0.50000000
vt 0.50000000 0.50000000
vt 0.50000000 0.50000000
vt 0.50000000 0.50000000
vt 0.50000000 0.50000000
vt 0.50000000 0.50000000
vt 0.50000000 0.50000000
vt 0.50000000 0.50000000
vt 0.50000000 0.50000000
vt 0.50000000 0.50000000
vt 0.50000000 0.50000000
vt 0.50000000 0.50000000
vt 0.50000000 0.50000000
vt 0.50000000 0.50000000
vt 0.50000000 0.50000000
vt 0.50000000 0.50000000
vt 0.50000000 0.50000000
vt 0.50000000 0.50000000
vt 0.50000000 0.50000000
vt 0.50000000 0.50000000
vt 0.50000000 0.50000000
vt 0.50000000 0.50000000
vt 0.50000000 0.50000000
vt 0.50000000 0.50000000
vt 0.50000000 0.50000000
vt 0.50000000 0.50000000
vt 0.50000000 0.50000000
vt 0.50000000 0.50000000
vt 0.50000000 0.50000000
vt 0.50000000 0.50000000
vt 0.50000000 0.50000000
vt 0.50000000 0.50000000
vt 0.50000000 0.50000000
vt 0.50000000 0.50000000
vt 0.50000000 0.50000000
vt 0.50000000 0.50000000
vt 0.50000000 0.50000000
vt 0.50000000 0.50000000
vt 0.50000000 0.50000000
vt 0.50000000 0.50000000
vt 0.50000000 0.50000000
vt 0.50000000 0.50000000
vt 0.50000000 0.50000000
vt 0.50000000 0.50000000
vt 0.50000000 0.50000000
vt 0.50000000 0.50000000
vt 0.50000000 0.50000000
vt 0.50000000 0.50000000
vt 0.50000000 0.50000000
vt 0.50000000 0.50000000
vt 0.50000000 0.50000000
vt 0.50000000 0.50000000
vt 0.50000000 0.50000000
vt 0.50000000 0.50000000
vt 0.50000000 0.50000000
vt 0.50000000 0.50000000
vt 0.50000000 0.50000000
vt 0.50000000 0.50000000
vt 0.50000000 0.50000000
vt 0.50000000 0.50000000
vt 0.50000000 0.50000000
vt 0.50000000 0.50000000
vt 0.50000000 0.50000000
vt 0.50000000 0.50000000
vt 0.50000000 0.50000000
vt 0.50000000 0.50000000
vt 0.50000000 0.50000000
vt 0.50000000 0.50000000
vt 0.50000000 0.50000000
vt 0.50000000 0.50000000
vt 0.50000000 0.50000000
vt 0.50000000 0.50000000
vt 0.50000000 0.50000000
vt 0.50000000 0.50000000
vt 0.50000000 0.50000000
vt 0.50000000 0.50000000
vt 0.50000000 0.50000000
vt 0.50000000 0.50000000
vt 0.50000000 0.50000000
vt 0.50000000 0.50000000
vt 0.50000000 0.50000000
vt 0.50000000 0.50000000
vt 0.50000000 0.50000000
vt 0.50000000 0.50000000
vt 0.50000000 0.50000000
vt 0.50000000 0.50000000
vt 0.50000000 0.50000000
vt 0.50000000 0.50000000
vt 0.50000000 0.50000000
vt 0.50000000 0.50000000
vt 0.50000000 0.50000000
vt 0.50000000 0.50000000
vt 0.50000000 0.50000000
vt 0.50000000 0.50000000
vt 0.50000000 0.50000000
vt 0.50000000 0.50000000
vt 0.50000000 0.50000000
vt 0.50000000 0.50000000
vt 0.50000000 0.50000000
vt 0.50000000 0.50000000
vt 0.50000000 0.50000000
vt 0.50000000 0.50000000
vt 0.50000000 0.50000000
vt 0.50000000 0.50000000
vt 0.50000000 0.50000000
vt 0.50000000 0.50000000
vt 0.50000000 0.50000000
vt 0.50000000 0.50000000
vt 0.50000000 0.50000000
vt 0.50000000 0.50000000
vt 0.50000000 0.50000000
vt 0.50000000 0.50000000
vt 0.50000000 0.50000000
vt 0.50000000 0.50000000
vt 0.50000000 0.50000000
vt 0.50000000 0.50000000
vt 0.50000000 0.50000000
vt 0.50000000 0.50000000
vt 0.50000000 0.50000000
vt 0.50000000 0.50000000
vt 0.50000000 0.50000000
vt 0.50000000 0.50000000
vt 0.50000000 0.50000000
vt 0.50000000 0.50000000
vt 0.50000000 0.50000000
vt 0.50000000 0.50000000
vt 0.50000000 0.50000000
vt 0.50000000 0.50000000
vt 0.50000000 0.50000000
vt 0.50000000 0.50000000
vt 0.50000000 0.50000000
vt 0.50000000 0.50000000
vt 0.50000000 0.50000000
vt 0.50000000 0.50000000
vt 0.50000000 0.50000000
vt 0.50000000 0.50000000
vt 0.50000000 0.50000000
vt 0.50000000 0.50000000
vt 0.50000000 0.50000000
vt 0.50000000 0.50000000
vt 0.50000000 0.50000000
vt 0.50000000 0.50000000
vt 0.50000000 0.50000000
vt 0.50000000 0.50000000
vt 0.50000000 0.50000000
vt 0.50000000 0.50000000
vt 0.50000000 0.50000000
vt 0.50000000 0.50000000
vt 0.50000000 0.50000000
vt 0.50000000 0.50000000
vt 0.50000000 0.50000000
vt 0.50000000 0.50000000
vt 0.50000000 0.50000000
vt 0.50000000 0.50000000
vt 0.50000000 0.50000000
vt 0.50000000 0.50000000
vt 0.50000000 0.50000000
vt 0.50000000 0.50000000
vt 0.50000000 0.50000000
vt 0.50000000 0.50000000
vt 0.50000000 0.50000000
vt 0.50000000 0.50000000
vt 0.50000000 0.50000000
vt 0.50000000 0.50000000
vt 0.50000000 0.50000000
vt 0.50000000 0.50000000
vt 0.50000000 0.50000000
vt 0.50000000 0.50000000
vt 0.50000000 0.50000000
vt 0.50000000 0.50000000
vt 0.50000000 0.50000000
vt 0.50000000 0.50000000
vt 0.50000000 0.50000000
vt 0.50000000 0.50000000
vt 0.50000000 0.50000000
vt 0.50000000 0.50000000
vt 0.50000000 0.50000000
vt 0.50000000 0.50000000
vt 0.50000000 0.50000000
vt 0.50000000 0.50000000
vt 0.50000000 0.50000000
vt 0.50000000 0.50000000
vt 0.50000000 0.50000000
vt 0.50000000 0.50000000
vt 0.50000000 0.50000000
vt 0.50000000 0.50000000
vt 0.50000000 0.50000000
vt 0.50000000 0.50000000
vt 0.50000000 0.50000000
vt 0.50000000 0.50000000
vt 0.50000000 0.50000000
vt 0.50000000 0.50000000
vt 0.50000000 0.50000000
vt 0.50000000 0.50000000
vt 0.50000000 0.50000000
vt 0.50000000 0.50000000
vt 0.50000000 0.50000000
vt 0.50000000 0.50000000
vt 0.50000000 0.50000000
vt 0.50000000 0.50000000
vt 0.50000000 0.50000000
vt 0.50000000 0.50000000
vt 0.50000000 0.50000000
vt 0.50000000 0.50000000
vt 0.50000000 0.50000000
vt 0.50000000 0.50000000
vt 0.50000000 0.50000000
vt 0.50000000 0.50000000
vt 0.50000000 0.50000000
vt 0.50000000 0.50000000
vt 0.50000000 0.50000000
vt 0.50000000 0.50000000
vt 0.50000000 0.50000000
vt 0.50000000 0.50000000
vt 0.50000000 0.50000000
vt 0.50000000 0.50000000
vt 0.50000000 0.50000000
vt 0.50000000 0.50000000
vt 0.50000000 0.50000000
vt 0.50000000 0.50000000
vt 0.50000000 0.50000000
vt 0.50000000 0.50000000
vt 0.50000000 0.50000000
vt 0.50000000 0.50000000
vt 0.50000000 0.50000000
vt 0.50000000 0.50000000
vt 0.50000000 0.50000000
vt 0.50000000 0.50000000
vt 0.50000000 0.50000000
vt 0.50000000 0.50000000
vt 0.50000000 0.50000000
vt 0.50000000 0.50000000
vt 0.50000000 0.50000000
vt 0.50000000 0.50000000
vt 0.50000000 0.50000000
vt 0.50000000 0.50000000
vt 0.50000000 0.50000000
vt 0.50000000 0.50000000
vt 0.50000000 0.50000000
vt 0.50000000 0.50000000
vt 0.50000000 0.50000000
vt 0.50000000 0.50000000
vt 0.50000000 0.50000000
vt 0.50000000 0.50000000
vt 0.50000000 0.50000000
vt 0.50000000 0.50000000
vt 0.50000000 0.50000000
vt 0.50000000 0.50000000
vt 0.50000000 0.50000000
vt 0.50000000 0.50000000
vt 0.50000000 0.50000000
vt 0.50000000 0.50000000
vt 0.50000000 0.50000000
vt 0.50000000 0.50000000
vt 0.50000000 0.50000000
vt 0.50000000 0.50000000
vt 0.50000000 0.50000000
vt 0.50000000 0.50000000
vt 0.50000000 0.50000000
vt 0.50000000 0.50000000
vt 0.50000000 0.50000000
vt 0.50000000 0.50000000
vt 0.50000000 0.50000000
vt 0.50000000 0.50000000
vt 0.50000000 0.50000000
vt 0.50000000 0.50000000
vt 0.50000000 0.50000000
vt 0.50000000 0.50000000
vt 0.50000000 0.50000000
vt 0.50000000 0.50000000
vt 0.50000000 0.50000000
vt 0.50000000 0.50000000
vt 0.50000000 0.50000000
vt 0.50000000 0.50000000
vt 0.50000000 0.50000000
vt 0.50000000 0.50000000
vt 0.50000000 0.50000000
vt 0.50000000 0.50000000
vt 0.50000000 0.50000000
vt 0.50000000 0.50000000
vt 0.50000000 0.50000000
vt 0.50000000 0.50000000
vt 0.50000000 0.50000000
vt 0.50000000 0.50000000
vt 0.50000000 0.50000000
vt 0.50000000 0.50000000
vt 0.50000000 0.50000000
vt 0.50000000 0.50000000
vt 0.50000000 0.50000000
vt 0.50000000 0.50000000
vt 0.50000000 0.50000000
vt 0.50000000 0.50000000
vt 0.50000000 0.50000000
vt 0.50000000 0.50000000
vt 0.50000000 0.50000000
vt 0.50000000 0.50000000
vt 0.50000000 0.50000000
vt 0.50000000 0.50000000
vt 0.50000000 0.50000000
vt 0.50000000 0.50000000
vt 0.50000000 0.50000000
vt 0.50000000 0.50000000
vt 0.50000000 0.50000000
vt 0.50000000 0.50000000
vt 0.50000000 0.50000000
vt 0.50000000 0.50000000
vt 0.50000000 0.50000000
vt 0.50000000 0.50000000
vt 0.50000000 0.50000000
vt 0.50000000 0.50000000
vt 0.50000000 0.50000000
vt 0.50000000 0.50000000
vt 0.50000000 0.50000000
vt 0.50000000 0.50000000
vt 0.50000000 0.50000000
vt 0.50000000 0.50000000
vt 0.50000000 0.50000000
vt 0.50000000 0.50000000
vt 0.50000000 0.50000000
vt 0.50000000 0.50000000
vt 0.50000000 0.50000000
vt 0.50000000 0.50000000
vt 0.50000000 0.50000000
vt 0.50000000 0.50000000
vt 0.50000000 0.50000000
vt 0.50000000 0.50000000
vt 0.50000000 0.50000000
vt 0.50000000 0.50000000
vt 0.50000000 0.50000000
vt 0.50000000 0.50000000
vt 0.50000000 0.50000000
vt 0.50000000 0.50000000
vt 0.50000000 0.50000000
vt 0.50000000 0.50000000
vt 0.50000000 0.50000000
vt 0.50000000 0.50000000
vt 0.50000000 0.50000000
vt 0.50000000 0.50000000
vt 0.50000000 0.50000000
vt 0.50000000 0.50000000
vt 0.50000000 0.50000000
vt 0.50000000 0.50000000
vt 0.50000000 0.50000000
vt 0.50000000 0.50000000
vt 0.50000000 0.50000000
vt 0.50000000 0.50000000
vt 0.50000000 0.50000000
vt 0.50000000 0.50000000
vt 0.50000000 0.50000000
vt 0.50000000 0.50000000
vt 0.50000000 0.50000000
vt 0.50000000 0.50000000
vt 0.50000000 0.50000000
vt 0.50000000 0.50000000
vt 0.50000000 0.50000000
vt 0.50000000 0.50000000
vt 0.50000000 0.50000000
vt 0.50000000 0.50000000
vt 0.50000000 0.50000000
vt 0.50000000 0.50000000
vt 0.50000000 0.50000000
vt 0.50000000 0.50000000
vt 0.50000000 0.50000000
vt 0.50000000 0.50000000
vt 0.50000000 0.50000000
vt 0.50000000 0.50000000
vt 0.50000000 0.50000000
vt 0.50000000 0.50000000
vt 0.50000000 0.50000000
vt 0.50000000 0.50000000
vt 0.50000000 0.50000000
vt 0.50000000 0.50000000
vt 0.50000000 0.50000000
vt 0.50000000 0.50000000
vt 0.50000000 0.50000000
vt 0.50000000 0.50000000
vt 0.50000000 0.50000000
vt 0.50000000 0.50000000
vt 0.50000000 0.50000000
vt 0.50000000 0.50000000
vt 0.50000000 0.50000000
vt 0.50000000 0.50000000
vt 0.50000000 0.50000000
vt 0.50000000 0.50000000
vt 0.50000000 0.50000000
vt 0.50000000 0.50000000
vt 0.50000000 0.50000000
vt 0.50000000 0.50000000
vt 0.50000000 0.50000000
vt 0.50000000 0.50000000
vt 0.50000000 0.50000000
vt 0.50000000 0.50000000
vt 0.50000000 0.50000000
vt 0.50000000 0.50000000
vt 0.50000000 0.50000000
vt 0.50000000 0.50000000
vt 0.50000000 0.50000000
vt 0.50000000 0.50000000
vt 0.50000000 0.50000000
vt 0.50000000 0.50000000
vt 0.50000000 0.50000000
vt 0.50000000 0.50000000
vt 0.50000000 0.50000000
vt 0.50000000 0.50000000
vt 0.50000000 0.50000000
vt 0.50000000 0.50000000
vt 0.50000000 0.50000000
vt 0.50000000 0.50000000
vt 0.50000000 0.50000000
vt 0.50000000 0.50000000
vt 0.50000000 0.50000000
vt 0.50000000 0.50000000
vt 0.50000000 0.50000000
vt 0.50000000 0.50000000
vt 0.50000000 0.50000000
vt 0.50000000 0.50000000
vt 0.50000000 0.50000000
vt 0.50000000 0.50000000
vt 0.50000000 0.50000000
vt 0.50000000 0.50000000
vt 0.50000000 0.50000000
vt 0.50000000 0.50000000
vt 0.50000000 0.50000000
vt 0.50000000 0.50000000
vt 0.50000000 0.50000000
vt 0.50000000 0.50000000
vt 0.50000000 0.50000000
vt 0.50000000 0.50000000
vt 0.50000000 0.50000000
vt 0.50000000 0.50000000
vt 0.50000000 0.50000000
vt 0.50000000 0.50000000
vt 0.50000000 0.50000000
vt 0.50000000 0.50000000
vt 0.50000000 0.50000000
vt 0.50000000 0.50000000
vt 0.50000000 0.50000000
vt 0.50000000 0.50000000
vt 0.50000000 0.50000000
vt 0.50000000 0.50000000
vt 0.50000000 0.50000000
vt 0.50000000 0.50000000
vt 0.50000000 0.50000000
vt 0.50000000 0.50000000
vt 0.50000000 0.50000000
vt 0.50000000 0.50000000
vt 0.50000000 0.50000000
vt 0.50000000 0.50000000
vt 0.50000000 0.50000000
vt 0.50000000 0.50000000
vt 0.50000000 0.50000000
vt 0.50000000 0.50000000
vt 0.50000000 0.50000000
vt 0.50000000 0.50000000
vt 0.50000000 0.50000000
vt 0.50000000 0.50000000
vt 0.50000000 0.50000000
vt 0.50000000 0.50000000
vt 0.50000000 0.50000000
vt 0.50000000 0.50000000
vt 0.50000000 0.50000000
vt 0.50000000 0.50000000
vt 0.50000000 0.50000000
vt 0.50000000 0.50000000
vt 0.50000000 0.50000000
vt 0.50000000 0.50000000
vt 0.50000000 0.50000000
vt 0.50000000 0.50000000
vt 0.50000000 0.50000000
vt 0.50000000 0.50000000
vt 0.50000000 0.50000000
vt 0.50000000 0.50000000
vt 0.50000000 0.50000000
vt 0.50000000 0.50000000
vt 0.50000000 0.50000000
vt 0.50000000 0.50000000
vt 0.50000000 0.50000000
vt 0.50000000 0.50000000
vt 0.50000000 0.50000000
vt 0.50000000 0.50000000
vt 0.50000000 0.50000000
vt 0.50000000 0.50000000
vt 0.50000000 0.50000000
vt 0.50000000 0.50000000
vt 0.50000000 0.50000000
vt 0.50000000 0.50000000
vt 0.50000000 0.50000000
vt 0.50000000 0.50000000
vt 0.50000000 0.50000000
vt 0.50000000 0.50000000
vt 0.50000000 0.50000000
vt 0.50000000 0.50000000
vt 0.50000000 0.50000000
vt 0.50000000 0.50000000
vt 0.50000000 0.50000000
vt 0.50000000 0.50000000
vt 0.50000000 0.50000000
vt 0.50000000 0.50000000
vt 0.50000000 0.50000000
vt 0.50000000 0.50000000
vt 0.50000000 0.50000000
vt 0.50000000 0.50000000
vt 0.50000000 0.50000000
vt 0.50000000 0.50000000
vt 0.50000000 0.50000000
vt 0.50000000 0.50000000
vt 0.50000000 0.50000000
vt 0.50000000 0.50000000
vt 0.50000000 0.50000000
vt 0.50000000 0.50000000
vt 0.50000000 0.50000000
vt 0.50000000 0.50000000
vt 0.50000000 0.50000000
vt 0.50000000 0.50000000
vt 0.50000000 0.50000000
vt 0.50000000 0.50000000
vt 0.50000000 0.50000000
vt 0.50000000 0.50000000
vt 0.50000000 0.50000000
vt 0.50000000 0.50000000
vt 0.50000000 0.50000000
vt 0.50000000 0.50000000
vt 0.50000000 0.50000000
vt 0.50000000 0.50000000
vt 0.50000000 0.50000000
vt 0.50000000 0.50000000
vt 0.50000000 0.50000000
vt 0.50000000 0.50000000
vt 0.50000000 0.50000000
vt 0.50000000 0.50000000
vt 0.50000000 0.50000000
vt 0.50000000 0.50000000
vt 0.50000000 0.50000000
vt 0.50000000 0.50000000
vt 0.50000000 0.50000000
vt 0.50000000 0.50000000
vt 0.50000000 0.50000000
vt 0.50000000 0.50000000
vt 0.50000000 0.50000000
vt 0.50000000 0.50000000
vt 0.50000000 0.50000000
vt 0.50000000 0.50000000
vt 0.50000000 0.50000000
vt 0.50000000 0.50000000
vt 0.50000000 0.50000000
vt 0.50000000 0.50000000
vt 0.50000000 0.50000000
vt 0.50000000 0.50000000
vt 0.50000000 0.50000000
vt 0.50000000 0.50000000
vt 0.50000000 0.50000000
vt 0.50000000 0.50000000
vt 0.50000000 0.50000000
vt 0.50000000 0.50000000
vt 0.50000000 0.50000000
vt 0.50000000 0.50000000
vt 0.50000000 0.50000000
vt 0.50000000 0.50000000
vt 0.50000000 0.50000000
vt 0.50000000 0.50000000
vt 0.50000000 0.50000000
vt 0.50000000 0.50000000
vt 0.50000000 0.50000000
vt 0.50000000 0.50000000
vt 0.50000000 0.50000000
vt 0.50000000 0.50000000
vt 0.50000000 0.50000000
vt 0.50000000 0.50000000
vt 0.50000000 0.50000000
vt 0.50000000 0.50000000
vt 0.50000000 0.50000000
vt 0.50000000 0.50000000
vt 0.50000000 0.50000000
vt 0.50000000 0.50000000
vt 0.50000000 0.50000000
vt 0.50000000 0.50000000
vt 0.50000000 0.50000000
vt 0.50000000 0.50000000
vt 0.50000000 0.50000000
vt 0.50000000 0.50000000
vt 0.50000000 0.50000000
vt 0.50000000 0.50000000
vt 0.50000000 0.50000000
vt 0.50000000 0.50000000
vt 0.50000000 0.50000000
vt 0.50000000 0.50000000
vt 0.50000000 0.50000000
vt 0.50000000 0.50000000
vt 0.50000000 0.50000000
vt 0.50000000 0.50000000
vt 0.50000000 0.50000000
vt 0.50000000 0.50000000
vt 0.50000000 0.50000000
vt 0.50000000 0.50000000
vt 0.50000000 0.50000000
vt 0.50000000 0.50000000
vt 0.50000000 0.50000000
vt 0.50000000 0.50000000
vt 0.50000000 0.50000000
vt 0.50000000 0.50000000
vt 0.50000000 0.50000000
vt 0.50000000 0.50000000
vt 0.50000000 0.50000000
vt 0.50000000 0.50000000
vt 0.50000000 0.50000000
vt 0.50000000 0.50000000
vt 0.50000000 0.50000000
vt 0.50000000 0.50000000
vt 0.50000000 0.50000000
vt 0.50000000 0.50000000
vt 0.50000000 0.50000000
vt 0.50000000 0.50000000
vt 0.50000000 0.50000000
vt 0.50000000 0.50000000
vt 0.50000000 0.50000000
vt 0.50000000 0.50000000
vt 0.50000000 0.50000000
vt 0.50000000 0.50000000
vt 0.50000000 0.50000000
vt 0.50000000 0.50000000
vt 0.50000000 0.50000000
vt 0.50000000 0.50000000
vt 0.50000000 0.50000000
vt 0.50000000 0.50000000
vt 0.50000000 0.50000000
vt 0.50000000 0.50000000
vt 0.50000000 0.50000000
vt 0.50000000 0.50000000
vt 0.50000000 0.50000000
vt 0.50000000 0.50000000
vt 0.50000000 0.50000000
vt 0.50000000 0.50000000
vt 0.50000000 0.50000000
vt 0.50000000 0.50000000
vt 0.50000000 0.50000000
vt 0.50000000 0.50000000
vt 0.50000000 0.50000000
vt 0.50000000 0.50000000
vt 0.50000000 0.50000000
vt 0.50000000 0.50000000
vt 0.50000000 0.50000000
vt 0.50000000 0.50000000
vt 0.50000000 0.50000000
vt 0.50000000 0.50000000
vt 0.50000000 0.50000000
vt 0.50000000 0.50000000
vt 0.50000000 0.50000000
vt 0.50000000 0.50000000
vt 0.50000000 0.50000000
vt 0.50000000 0.50000000
vt 0.50000000 0.50000000
vt 0.50000000 0.50000000
vt 0.50000000 0.50000000
vt 0.50000000 0.50000000
vt 0.50000000 0.50000000
vt 0.50000000 0.50000000
vt 0.50000000 0.50000000
vt 0.50000000 0.50000000
vt 0.50000000 0.50000000
vt 0.50000000 0.50000000
vt 0.50000000 0.50000000
vt 0.50000000 0.50000000
vt 0.50000000 0.50000000
vt 0.50000000 0.50000000
vt 0.50000000 0.50000000
vt 0.50000000 0.50000000
vt 0.50000000 0.50000000
vt 0.50000000 0.50000000
vt 0.50000000 0.50000000
vt 0.50000000 0.50000000
vt 0.50000000 0.50000000
vt 0.50000000 0.50000000
vt 0.50000000 0.50000000
vt 0.50000000 0.50000000
vt 0.50000000 0.50000000
vt 0.50000000 0.50000000
vt 0.50000000 0.50000000
vt 0.50000000 0.50000000
vt 0.50000000 0.50000000
vt 0.50000000 0.50000000
vt 0.50000000 0.50000000
vt 0.50000000 0.50000000
vt 0.50000000 0.50000000
vt 0.50000000 0.50000000
vt 0.50000000 0.50000000
vt 0.50000000 0.50000000
vt 0.50000000 0.50000000
vt 0.50000000 0.50000000
vt 0.50000000 0.50000000
vt 0.50000000 0.50000000
vt 0.50000000 0.50000000
vt 0.50000000 0.50000000
vt 0.50000000 0.50000000
vt 0.50000000 0.50000000
vt 0.50000000 0.50000000
vt 0.50000000 0.50000000
vt 0.50000000 0.50000000
vt 0.50000000 0.50000000
vt 0.50000000 0.50000000
vt 0.50000000 0.50000000
vt 0.50000000 0.50000000
vt 0.50000000 0.50000000
vt 0.50000000 0.50000000
vt 0.50000000 0.50000000
vt 0.50000000 0.50000000
vt 0.50000000 0.50000000
vt 0.50000000 0.50000000
vt 0.50000000 0.50000000
vt 0.50000000 0.50000000
vt 0.50000000 0.50000000
vt 0.50000000 0.50000000
vt 0.50000000 0.50000000
vt 0.50000000 0.50000000
vt 0.50000000 0.50000000
vt 0.50000000 0.50000000
vt 0.50000000 0.50000000
vt 0.50000000 0.50000000
vt 0.50000000 0.50000000
vt 0.50000000 0.50000000
vt 0.50000000 0.50000000
vt 0.50000000 0.50000000
vt 0.50000000 0.50000000
vt 0.50000000 0.50000000
vt 0.50000000 0.50000000
vt 0.50000000 0.50000000
vt 0.50000000 0.50000000
vt 0.50000000 0.50000000
vt 0.50000000 0.50000000
vt 0.50000000 0.50000000
vt 0.50000000 0.50000000
vt 0.50000000 0.50000000
vt 0.50000000 0.50000000
vt 0.50000000 0.50000000
vt 0.50000000 0.50000000
vt 0.50000000 0.50000000
vt 0.50000000 0.50000000
vt 0.50000000 0.50000000
vt 0.50000000 0.50000000
vt 0.50000000 0.50000000
vt 0.50000000 0.50000000
vt 0.50000000 0.50000000
vt 0.50000000 0.50000000
vt 0.50000000 0.50000000
vt 0.50000000 0.50000000
vt 0.50000000 0.50000000
vt 0.50000000 0.50000000
vt 0.50000000 0.50000000
vt 0.50000000 0.50000000
vt 0.50000000 0.50000000
vt 0.50000000 0.50000000
vt 0.50000000 0.50000000
vt 0.50000000 0.50000000
vt 0.50000000 0.50000000
vt 0.50000000 0.50000000
vt 0.50000000 0.50000000
vt 0.50000000 0.50000000
vt 0.50000000 0.50000000
vt 0.50000000 0.50000000
vt 0.50000000 0.50000000
vt 0.50000000 0.50000000
vt 0.50000000 0.50000000
vt 0.50000000 0.50000000
vt 0.50000000 0.50000000
vt 0.50000000 0.50000000
vt 0.50000000 0.50000000
vt 0.50000000 0.50000000
vt 0.50000000 0.50000000
vt 0.50000000 0.50000000
vt 0.50000000 0.50000000
vt 0.50000000 0.50000000
vt 0.50000000 0.50000000
vt 0.50000000 0.50000000
vt 0.50000000 0.50000000
vt 0.50000000 0.50000000
vt 0.50000000 0.50000000
vt 0.50000000 0.50000000
vt 0.50000000 0.50000000
vt 0.50000000 0.50000000
vt 0.50000000 0.50000000
vt 0.50000000 0.50000000
vt 0.50000000 0.50000000
vt 0.50000000 0.50000000
vt 0.50000000 0.50000000
vt 0.50000000 0.50000000
vt 0.50000000 0.50000000
vt 0.50000000 0.50000000
vt 0.50000000 0.50000000
vt 0.50000000 0.50000000
vt 0.50000000 0.50000000
vt 0.50000000 0.50000000
vt 0.50000000 0.50000000
vt 0.50000000 0.50000000
vt 0.50000000 0.50000000
vt 0.50000000 0.50000000
vt 0.50000000 0.50000000
vt 0.50000000 0.50000000
vt 0.50000000 0.50000000
vt 0.50000000 0.50000000
vt 0.50000000 0.50000000
vt 0.50000000 0.50000000
vt 0.50000000 0.50000000
vt 0.50000000 0.50000000
vt 0.50000000 0.50000000
vt 0.50000000 0.50000000
vt 0.50000000 0.50000000
vt 0.50000000 0.50000000
vt 0.50000000 0.50000000
vt 0.50000000 0.50000000
vt 0.50000000 0.50000000
vt 0.50000000 0.50000000
vt 0.50000000 0.50000000
vt 0.50000000 0.50000000
vt 0.50000000 0.50000000
vt 0.50000000 0.50000000
vt 0.50000000 0.50000000
vt 0.50000000 0.50000000
vt 0.50000000 0.50000000
vt 0.50000000 0.50000000
vt 0.50000000 0.50000000
vt 0.50000000 0.50000000
vt 0.50000000 0.50000000
vt 0.50000000 0.50000000
vt 0.50000000 0.50000000
vt 0.50000000 0.50000000
vt 0.50000000 0.50000000
vt 0.50000000 0.50000000
vt 0.50000000 0.50000000
vt 0.50000000 0.50000000
vt 0.50000000 0.50000000
vt 0.50000000 0.50000000
vt 0.50000000 0.50000000
vt 0.50000000 0.50000000
vt 0.50000000 0.50000000
vt 0.50000000 0.50000000
vt 0.50000000 0.50000000
vt 0.50000000 0.50000000
vt 0.50000000 0.50000000
vt 0.50000000 0.50000000
vt 0.50000000 0.50000000
vt 0.50000000 0.50000000
vt 0.50000000 0.50000000
vt 0.50000000 0.50000000
vt 0.50000000 0.50000000
vt 0.50000000 0.50000000
vt 0.50000000 0.50000000
vt 0.50000000 0.50000000
vt 0.50000000 0.50000000
vt 0.50000000 0.50000000
vt 0.50000000 0.50000000
vt 0.50000000 0.50000000
vt 0.50000000 0.50000000
vt 0.50000000 0.50000000
vt 0.50000000 0.50000000
vt 0.50000000 0.50000000
vt 0.50000000 0.50000000
vt 0.50000000 0.50000000
vt 0.50000000 0.50000000
vt 0.50000000 0.50000000
vt 0.50000000 0.50000000
vt 0.50000000 0.50000000
vt 0.50000000 0.50000000
vt 0.50000000 0.50000000
vt 0.50000000 0.50000000
vt 0.50000000 0.50000000
vt 0.50000000 0.50000000
vt 0.50000000 0.50000000
vt 0.50000000 0.50000000
vt 0.50000000 0.50000000
vt 0.50000000 0.50000000
vt 0.50000000 0.50000000
vt 0.50000000 0.50000000
vt 0.50000000 0.50000000
vt 0.50000000 0.50000000
vt 0.50000000 0.50000000
vt 0.50000000 0.50000000
vt 0.50000000 0.50000000
vt 0.50000000 0.50000000
vt 0.50000000 0.50000000
vt 0.50000000 0.50000000
vt 0.50000000 0.50000000
vt 0.50000000 0.50000000
vt 0.50000000 0.50000000
vt 0.50000000 0.50000000
vt 0.50000000 0.50000000
vt 0.50000000 0.50000000
vt 0.50000000 0.50000000
vt 0.50000000 0.50000000
vt 0.50000000 0.50000000
vt 0.50000000 0.50000000
vt 0.50000000 0.50000000
vt 0.50000000 0.50000000
vt 0.50000000 0.50000000
vt 0.50000000 0.50000000
vt 0.50000000 0.50000000
vt 0.50000000 0.50000000
vt 0.50000000 0.50000000
vt 0.50000000 0.50000000
vt 0.50000000 0.50000000
vt 0.50000000 0.50000000
vt 0.50000000 0.50000000
vt 0.50000000 0.50000000
vt 0.50000000 0.50000000
vt 0.50000000 0.50000000
vt 0.50000000 0.50000000
vt 0.50000000 0.50000000
vt 0.50000000 0.50000000
vt 0.50000000 0.50000000
vt 0.50000000 0.50000000
vt 0.50000000 0.50000000
vt 0.50000000 0.50000000
vt 0.50000000 0.50000000
vt 0.50000000 0.50000000
vt 0.50000000 0.50000000
vt 0.50000000 0.50000000
vt 0.50000000 0.50000000
vt 0.50000000 0.50000000
vt 0.50000000 0.50000000
vt 0.50000000 0.50000000
vt 0.50000000 0.50000000
vt 0.50000000 0.50000000
vt 0.50000000 0.50000000
vt 0.50000000 0.50000000
vt 0.50000000 0.50000000
vt 0.50000000 0.50000000
vt 0.50000000 0.50000000
vt 0.50000000 0.50000000
vt 0.50000000 0.50000000
vt 0.50000000 0.50000000
vt 0.50000000 0.50000000
vt 0.50000000 0.50000000
vt 0.50000000 0.50000000
vt 0.50000000 0.50000000
vt 0.50000000 0.50000000
vt 0.50000000 0.50000000
vt 0.50000000 0.50000000
vt 0.50000000 0.50000000
vt 0.50000000 0.50000000
vt 0.50000000 0.50000000
vt 0.50000000 0.50000000
vt 0.50000000 0.50000000
vt 0.50000000 0.50000000
vt 0.50000000 0.50000000
vt 0.50000000 0.50000000
vt 0.50000000 0.50000000
vt 0.50000000 0.50000000
vt 0.50000000 0.50000000
vt 0.50000000 0.50000000
vt 0.50000000 0.50000000
vt 0.50000000 0.50000000
vt 0.50000000 0.50000000
vt 0.50000000 0.50000000
vt 0.50000000 0.50000000
vt 0.50000000 0.50000000
vt 0.50000000 0.50000000
vt 0.50000000 0.50000000
vt 0.50000000 0.50000000
vt 0.50000000 0.50000000
vt 0.50000000 0.50000000
vt 0.50000000 0.50000000
vt 0.50000000 0.50000000
vt 0.50000000 0.50000000
vt 0.50000000 0.50000000
vt 0.50000000 0.50000000
vt 0.50000000 0.50000000
vt 0.50000000 0.50000000
vt 0.50000000 0.50000000
vt 0.50000000 0.50000000
vt 0.50000000 0.50000000
vt 0.50000000 0.50000000
vt 0.50000000 0.50000000
vt 0.50000000 0.50000000
vt 0.50000000 0.50000000
vt 0.50000000 0.50000000
vt 0.50000000 0.50000000
vt 0.50000000 0.50000000
vt 0.50000000 0.50000000
vt 0.50000000 0.50000000
vt 0.50000000 0.50000000
vt 0.50000000 0.50000000
vt 0.50000000 0.50000000
vt 0.50000000 0.50000000
vt 0.50000000 0.50000000
vt 0.50000000 0.50000000
vt 0.50000000 0.50000000
vt 0.50000000 0.50000000
vt 0.50000000 0.50000000
vt 0.50000000 0.50000000
vt 0.50000000 0.50000000
vt 0.50000000 0.50000000
vt 0.50000000 0.50000000
vt 0.50000000 0.50000000
vt 0.50000000 0.50000000
vt 0.50000000 0.50000000
vt 0.50000000 0.50000000
vt 0.50000000 0.50000000
vt 0.50000000 0.50000000
vt 0.50000000 0.50000000
vt 0.50000000 0.50000000
vt 0.50000000 0.50000000
vt 0.50000000 0.50000000
vt 0.50000000 0.50000000
vt 0.50000000 0.50000000
vt 0.50000000 0.50000000
vt 0.50000000 0.50000000
vt 0.50000000 0.50000000
vt 0.50000000 0.50000000
vt 0.50000000 0.50000000
vt 0.50000000 0.50000000
vt 0.50000000 0.50000000
vt 0.50000000 0.50000000
vt 0.50000000 0.50000000
vt 0.50000000 0.50000000
vt 0.50000000 0.50000000
vt 0.50000000 0.50000000
vt 0.50000000 0.50000000
vt 0.50000000 0.50000000
vt 0.50000000 0.50000000
vt 0.50000000 0.50000000
vt 0.50000000 0.50000000
vt 0.50000000 0.50000000
vt 0.50000000 0.50000000
vt 0.50000000 0.50000000
vt 0.50000000 0.50000000
vt 0.50000000 0.50000000
vt 0.50000000 0.50000000
vt 0.50000000 0.50000000
vt 0.50000000 0.50000000
vt 0.50000000 0.50000000
vt 0.50000000 0.50000000
vt 0.50000000 0.50000000
vt 0.50000000 0.50000000
vt 0.50000000 0.50000000
vt 0.50000000 0.50000000
vt 0.50000000 0.50000000
vt 0.50000000 0.50000000
vt 0.50000000 0.50000000
vt 0.50000000 0.50000000
vt 0.50000000 0.50000000
vt 0.50000000 0.50000000
vt 0.50000000 0.50000000
vt 0.50000000 0.50000000
vt 0.50000000 0.50000000
vt 0.50000000 0.50000000
vt 0.50000000 0.50000000
vt 0.50000000 0.50000000
vt 0.50000000 0.50000000
vt 0.50000000 0.50000000
vt 0.50000000 0.50000000
vt 0.50000000 0.50000000
vt 0.50000000 0.50000000
vt 0.50000000 0.50000000
vt 0.50000000 0.50000000
vt 0.50000000 0.50000000
vt 0.50000000 0.50000000
vt 0.50000000 0.50000000
vt 0.50000000 0.50000000
vt 0.50000000 0.50000000
vt 0.50000000 0.50000000
vt 0.50000000 0.50000000
vt 0.50000000 0.50000000
vt 0.50000000 0.50000000
vt 0.50000000 0.50000000
vt 0.50000000 0.50000000
vt 0.50000000 0.50000000
vt 0.50000000 0.50000000
vt 0.50000000 0.50000000
vt 0.50000000 0.50000000
vt 0.50000000 0.50000000
vt 0.50000000 0.50000000
vt 0.50000000 0.50000000
vt 0.50000000 0.50000000
vt 0.50000000 0.50000000
vt 0.50000000 0.50000000
vt 0.50000000 0.50000000
vt 0.50000000 0.50000000
vt 0.50000000 0.50000000
vt 0.50000000 0.50000000
vt 0.50000000 0.50000000
vt 0.50000000 0.50000000
vt 0.50000000 0.50000000
vt 0.50000000 0.50000000
vt 0.50000000 0.50000000
vt 0.50000000 0.50000000
vt 0.50000000 0.50000000
vt 0.50000000 0.50000000
vt 0.50000000 0.50000000
vt 0.50000000 0.50000000
vt 0.50000000 0.50000000
vt 0.50000000 0.50000000
vt 0.50000000 0.50000000
vt 0.50000000 0.50000000
vt 0.50000000 0.50000000
vt 0.50000000 0.50000000
vt 0.50000000 0.50000000
vt 0.50000000 0.50000000
vt 0.50000000 0.50000000
vt 0.50000000 0.50000000
vt 0.50000000 0.50000000
vt 0.50000000 0.50000000
vt 0.50000000 0.50000000
vt 0.50000000 0.50000000
vt 0.50000000 0.50000000
vt 0.50000000 0.50000000
vt 0.50000000 0.50000000
vt 0.50000000 0.50000000
vt 0.50000000 0.50000000
vt 0.50000000 0.50000000
vt 0.50000000 0.50000000
vt 0.50000000 0.50000000
vt 0.50000000 0.50000000
vt 0.50000000 0.50000000
vt 0.50000000 0.50000000
vt 0.50000000 0.50000000
vt 0.50000000 0.50000000
vt 0.50000000 0.50000000
vt 0.50000000 0.50000000
vt 0.50000000 0.50000000
vt 0.50000000 0.50000000
vt 0.50000000 0.50000000
vt 0.50000000 0.50000000
vt 0.50000000 0.50000000
vt 0.50000000 0.50000000
vt 0.50000000 0.50000000
vt 0.50000000 0.50000000
vt 0.50000000 0.50000000
vt 0.50000000 0.50000000
vt 0.50000000 0.50000000
vt 0.50000000 0.50000000
vt 0.50000000 0.50000000
vt 0.50000000 0.50000000
vt 0.50000000 0.50000000
vt 0.50000000 0.50000000
vt 0.50000000 0.50000000
vt 0.50000000 0.50000000
vt 0.50000000 0.50000000
vt 0.50000000 0.50000000
vt 0.50000000 0.50000000
vt 0.50000000 0.50000000
vt 0.50000000 0.50000000
vt 0.50000000 0.50000000
vt 0.50000000 0.50000000
vt 0.50000000 0.50000000
vt 0.50000000 0.50000000
vt 0.50000000 0.50000000
vt 0.50000000 0.50000000
vt 0.50000000 0.50000000
vt 0.50000000 0.50000000
vt 0.50000000 0.50000000
vt 0.50000000 0.50000000
vt 0.50000000 0.50000000
vt 0.50000000 0.50000000
vt 0.50000000 0.50000000
vt 0.50000000 0.50000000
vt 0.50000000 0.50000000
vt 0.50000000 0.50000000
vt 0.50000000 0.50000000
vt 0.50000000 0.50000000
vt 0.50000000 0.50000000
vt 0.50000000 0.50000000
vt 0.50000000 0.50000000
vt 0.50000000 0.50000000
vt 0.50000000 0.50000000
vt 0.50000000 0.50000000
vt 0.50000000 0.50000000
vt 0.50000000 0.50000000
vt 0.50000000 0.50000000
vt 0.50000000 0.50000000
vt 0.50000000 0.50000000
vt 0.50000000 0.50000000
vt 0.50000000 0.50000000
vt 0.50000000 0.50000000
vt 0.50000000 0.50000000
vt 0.50000000 0.50000000
vt 0.50000000 0.50000000
vt 0.50000000 0.50000000
vt 0.50000000 0.50000000
vt 0.50000000 0.50000000
vt 0.50000000 0.50000000
vt 0.50000000 0.50000000
vt 0.50000000 0.50000000
vt 0.50000000 0.50000000
vt 0.50000000 0.50000000
vt 0.50000000 0.50000000
vt 0.50000000 0.50000000
vt 0.50000000 0.50000000
vt 0.50000000 0.50000000
vt 0.50000000 0.50000000
vt 0.50000000 0.50000000
vt 0.50000000 0.50000000
vt 0.50000000 0.50000000
vt 0.50000000 0.50000000
vt 0.50000000 0.50000000
vt 0.50000000 0.50000000
vt 0.50000000 0.50000000
vt 0.50000000 0.50000000
vt 0.50000000 0.50000000
vt 0.50000000 0.50000000
vt 0.50000000 0.50000000
vt 0.50000000 0.50000000
vt 0.50000000 0.50000000
vt 0.50000000 0.50000000
vt 0.50000000 0.50000000
vt 0.50000000 0.50000000
vt 0.50000000 0.50000000
vt 0.50000000 0.50000000
vt 0.50000000 0.50000000
vt 0.50000000 0.50000000
vt 0.50000000 0.50000000
vt 0.50000000 0.50000000
vt 0.50000000 0.50000000
vt 0.50000000 0.50000000
vt 0.50000000 0.50000000
vt 0.50000000 0.50000000
vt 0.50000000 0.50000000
vt 0.50000000 0.50000000
vt 0.50000000 0.50000000
vt 0.50000000 0.50000000
vt 0.50000000 0.50000000
vt 0.50000000 0.50000000
vt 0.50000000 0.50000000
vt 0.50000000 0.50000000
vt 0.50000000 0.50000000
vt 0.50000000 0.50000000
vt 0.50000000 0.50000000
vt 0.50000000 0.50000000
vt 0.50000000 0.50000000
vt 0.50000000 0.50000000
vt 0.50000000 0.50000000
vt 0.50000000 0.50000000
vt 0.50000000 0.50000000
vt 0.50000000 0.50000000
vt 0.50000000 0.50000000
vt 0.50000000 0.50000000
vt 0.50000000 0.50000000
vt 0.50000000 0.50000000
vt 0.50000000 0.50000000
vt 0.50000000 0.50000000
vt 0.50000000 0.50000000
vt 0.50000000 0.50000000
vt 0.50000000 0.50000000
vt 0.50000000 0.50000000
vt 0.50000000 0.50000000
vt 0.50000000 0.50000000
vt 0.50000000 0.50000000
vt 0.50000000 0.50000000
vt 0.50000000 0.50000000
vt 0.50000000 0.50000000
vt 0.50000000 0.50000000
vt 0.50000000 0.50000000
vt 0.50000000 0.50000000
vt 0.50000000 0.50000000
vt 0.50000000 0.50000000
vt 0.50000000 0.50000000
vt 0.50000000 0.50000000
vt 0.50000000 0.50000000
vt 0.50000000 0.50000000
vt 0.50000000 0.50000000
vt 0.50000000 0.50000000
vt 0.50000000 0.50000000
vt 0.50000000 0.50000000
vt 0.50000000 0.50000000
vt 0.50000000 0.50000000
vt 0.50000000 0.50000000
vt 0.50000000 0.50000000
vt 0.50000000 0.50000000
vt 0.50000000 0.50000000
vt 0.50000000 0.50000000
vt 0.50000000 0.50000000
vt 0.50000000 0.50000000
vt 0.50000000 0.50000000
vt 0.50000000 0.50000000
vt 0.50000000 0.50000000
vt 0.50000000 0.50000000
vt 0.50000000 0.50000000
vt 0.50000000 0.50000000
vt 0.50000000 0.50000000
vt 0.50000000 0.50000000
vt 0.50000000 0.50000000
vt 0.50000000 0.50000000
vt 0.50000000 0.50000000
vt 0.50000000 0.50000000
vt 0.50000000 0.50000000
vt 0.50000000 0.50000000
vt 0.50000000 0.50000000
vt 0.50000000 0.50000000
vt 0.50000000 0.50000000
vt 0.50000000 0.50000000
vt 0.50000000 0.50000000
vt 0.50000000 0.50000000
vt 0.50000000 0.50000000
vt 0.50000000 0.50000000
vt 0.50000000 0.50000000
vt 0.50000000 0.50000000
vt 0.50000000 0.50000000
vt 0.50000000 0.50000000
vt 0.50000000 0.50000000
vt 0.50000000 0.50000000
vt 0.50000000 0.50000000
vt 0.50000000 0.50000000
vt 0.50000000 0.50000000
vt 0.50000000 0.50000000
vt 0.50000000 0.50000000
vt 0.50000000 0.50000000
vt 0.50000000 0.50000000
vt 0.50000000 0.50000000
vt 0.50000000 0.50000000
vt 0.50000000 0.50000000
vt 0.50000000 0.50000000
vt 0.50000000 0.50000000
vt 0.50000000 0.50000000
vt 0.50000000 0.50000000
vt 0.50000000 0.50000000
vt 0.50000000 0.50000000
vt 0.50000000 0.50000000
vt 0.50000000 0.50000000
vt 0.50000000 0.50000000
vt 0.50000000 0.50000000
vt 0.50000000 0.50000000
vt 0.50000000 0.50000000
vt 0.50000000 0.50000000
vt 0.50000000 0.50000000
vt 0.50000000 0.50000000
vt 0.50000000 0.50000000
vt 0.50000000 0.50000000
vt 0.50000000 0.50000000
vt 0.50000000 0.50000000
vt 0.50000000 0.50000000
vt 0.50000000 0.50000000
vt 0.50000000 0.50000000
vt 0.50000000 0.50000000
vt 0.50000000 0.50000000
vt 0.50000000 0.50000000
vt 0.50000000 0.50000000
vt 0.50000000 0.50000000
vt 0.50000000 0.50000000
vt 0.50000000 0.50000000
vt 0.50000000 0.50000000
vt 0.50000000 0.50000000
vt 0.50000000 0.50000000
vt 0.50000000 0.50000000
vt 0.50000000 0.50000000
vt 0.50000000 0.50000000
vt 0.50000000 0.50000000
vt 0.50000000 0.50000000
vt 0.50000000 0.50000000
vt 0.50000000 0.50000000
vt 0.50000000 0.50000000
vt 0.50000000 0.50000000
vt 0.50000000 0.50000000
vt 0.50000000 0.50000000
vt 0.50000000 0.50000000
vt 0.50000000 0.50000000
vt 0.50000000 0.50000000
vt 0.50000000 0.50000000
vt 0.50000000 0.50000000
vt 0.50000000 0.50000000
vt 0.50000000 0.50000000
vt 0.50000000 0.50000000
vt 0.50000000 0.50000000
vt 0.50000000 0.50000000
vt 0.50000000 0.50000000
vt 0.50000000 0.50000000
vt 0.50000000 0.50000000
vt 0.50000000 0.50000000
vt 0.50000000 0.50000000
vt 0.50000000 0.50000000
vt 0.50000000 0.50000000
vt 0.50000000 0.50000000
vt 0.50000000 0.50000000
vt 0.50000000 0.50000000
vt 0.50000000 0.50000000
vt 0.50000000 0.50000000
vt 0.50000000 0.50000000
vt 0.50000000 0.50000000
vt 0.50000000 0.50000000
vt 0.50000000 0.50000000
vt 0.50000000 0.50000000
vt 0.50000000 0.50000000
vt 0.50000000 0.50000000
vt 0.50000000 0.50000000
vt 0.50000000 0.50000000
vt 0.50000000 0.50000000
vt 0.50000000 0.50000000
vt 0.50000000 0.50000000
vt 0.50000000 0.50000000
vt 0.50000000 0.50000000
vt 0.50000000 0.50000000
vt 0.50000000 0.50000000
vt 0.50000000 0.50000000
vt 0.50000000 0.50000000
vt 0.50000000 0.50000000
vt 0.50000000 0.50000000
vt 0.50000000 0.50000000
vt 0.50000000 0.50000000
vt 0.50000000 0.50000000
vt 0.50000000 0.50000000
vt 0.50000000 0.50000000
vt 0.50000000 0.50000000
vt 0.50000000 0.50000000
vt 0.50000000 0.50000000
vt 0.50000000 0.50000000
vt 0.50000000 0.50000000
vt 0.50000000 0.50000000
vt 0.50000000 0.50000000
vt 0.50000000 0.50000000
vt 0.50000000 0.50000000
vt 0.50000000 0.50000000
vt 0.50000000 0.50000000
vt 0.50000000 0.50000000
vt 0.50000000 0.50000000
vt 0.50000000 0.50000000
vt 0.50000000 0.50000000
vt 0.50000000 0.50000000
vt 0.50000000 0.50000000
vt 0.50000000 0.50000000
vt 0.50000000 0.50000000
vt 0.50000000 0.50000000
vt 0.50000000 0.50000000
vt 0.50000000 0.50000000
vt 0.50000000 0.50000000
vt 0.50000000 0.50000000
vt 0.50000000 0.50000000
vt 0.50000000 0.50000000
vt 0.50000000 0.50000000
vt 0.50000000 0.50000000
vt 0.50000000 0.50000000
vt 0.50000000 0.50000000
vt 0.50000000 0.50000000
vt 0.50000000 0.50000000
vt 0.50000000 0.50000000
vt 0.50000000 0.50000000
vt 0.50000000 0.50000000
vt 0.50000000 0.50000000
vt 0.50000000 0.50000000
vt 0.50000000 0.50000000
vt 0.50000000 0.50000000
vt 0.50000000 0.50000000
vt 0.50000000 0.50000000
vt 0.50000000 0.50000000
vt 0.50000000 0.50000000
vt 0.50000000 0.50000000
vt 0.50000000 0.50000000
vt 0.50000000 0.50000000
vt 0.50000000 0.50000000
vt 0.50000000 0.50000000
vt 0.50000000 0.50000000
vt 0.50000000 0.50000000
vt 0.50000000 0.50000000
vt 0.50000000 0.50000000
vt 0.50000000 0.50000000
vt 0.50000000 0.50000000
vt 0.50000000 0.50000000
vt 0.50000000 0.50000000
vt 0.50000000 0.50000000
vt 0.50000000 0.50000000
vt 0.50000000 0.50000000
vt 0.50000000 0.50000000
vt 0.50000000 0.50000000
vt 0.50000000 0.50000000
vt 0.50000000 0.50000000
vt 0.50000000 0.50000000
vt 0.50000000 0.50000000
vt 0.50000000 0.50000000
vt 0.50000000 0.50000000
vt 0.50000000 0.50000000
vt 0.50000000 0.50000000
vt 0.50000000 0.50000000
vt 0.50000000 0.50000000
vt 0.50000000 0.50000000
vt 0.50000000 0.50000000
vt 0.50000000 0.50000000
vt 0.50000000 0.50000000
vt 0.50000000 0.50000000
vt 0.50000000 0.50000000
vt 0.50000000 0.50000000
vt 0.50000000 0.50000000
vt 0.50000000 0.50000000
vt 0.50000000 0.50000000
vt 0.50000000 0.50000000
vt 0.50000000 0.50000000
vt 0.50000000 0.50000000
vt 0.50000000 0.50000000
vt 0.50000000 0.50000000
vt 0.50000000 0.50000000
vt 0.50000000 0.50000000
vt 0.50000000 0.50000000
vt 0.50000000 0.50000000
vt 0.50000000 0.50000000
vt 0.50000000 0.50000000
vt 0.50000000 0.50000000
vt 0.50000000 0.50000000
vt 0.50000000 0.50000000
vt 0.50000000 0.50000000
vt 0.50000000 0.50000000
vt 0.50000000 0.50000000
vt 0.50000000 0.50000000
vt 0.50000000 0.50000000
vt 0.50000000 0.50000000
vt 0.50000000 0.50000000
vt 0.50000000 0.50000000
vt 0.50000000 0.50000000
vt 0.50000000 0.50000000
vt 0.50000000 0.50000000
vt 0.50000000 0.50000000
vt 0.50000000 0.50000000
vt 0.50000000 0.50000000
vt 0.50000000 0.50000000
vt 0.50000000 0.50000000
vt 0.50000000 0.50000000
vt 0.50000000 0.50000000
vt 0.50000000 0.50000000
vt 0.50000000 0.50000000
vt 0.50000000 0.50000000
vt 0.50000000 0.50000000
vt 0.50000000 0.50000000
vt 0.50000000 0.50000000
vt 0.50000000 0.50000000
vt 0.50000000 0.50000000
vt 0.50000000 0.50000000
vt 0.50000000 0.50000000
vt 0.50000000 0.50000000
vt 0.50000000 0.50000000
vt 0.50000000 0.50000000
vt 0.50000000 0.50000000
vt 0.50000000 0.50000000
vt 0.50000000 0.50000000
vt 0.50000000 0.50000000
vt 0.50000000 0.50000000
vt 0.50000000 0.50000000
vt 0.50000000 0.50000000
vt 0.50000000 0.50000000
vt 0.50000000 0.50000000
vt 0.50000000 0.50000000
vt 0.50000000 0.50000000
vt 0.50000000 0.50000000
vt 0.50000000 0.50000000
vt 0.50000000 0.50000000
vt 0.50000000 0.50000000
vt 0.50000000 0.50000000
vt 0.50000000 0.50000000
vt 0.50000000 0.50000000
vt 0.50000000 0.50000000
vt 0.50000000 0.50000000
vt 0.50000000 0.50000000
vt 0.50000000 0.50000000
vt 0.50000000 0.50000000
vt 0.50000000 0.50000000
vt 0.50000000 0.50000000
vt 0.50000000 0.50000000
vt 0.50000000 0.50000000
vt 0.50000000 0.50000000
vt 0.50000000 0.50000000
vt 0.50000000 0.50000000
vt 0.50000000 0.50000000
vt 0.50000000 0.50000000
vt 0.50000000 0.50000000
vt 0.50000000 0.50000000
vt 0.50000000 0.50000000
vt 0.50000000 0.50000000
vt 0.50000000 0.50000000
vt 0.50000000 0.50000000
vt 0.50000000 0.50000000
vt 0.50000000 0.50000000
vt 0.50000000 0.50000000
vt 0.50000000 0.50000000
vt 0.50000000 0.50000000
vt 0.50000000 0.50000000
vt 0.50000000 0.50000000
vt 0.50000000 0.50000000
vt 0.50000000 0.50000000
vt 0.50000000 0.50000000
vt 0.50000000 0.50000000
vt 0.50000000 0.50000000
vt 0.50000000 0.50000000
vt 0.50000000 0.50000000
vt 0.50000000 0.50000000
vt 0.50000000 0.50000000
vt 0.50000000 0.50000000
vt 0.50000000 0.50000000
vt 0.50000000 0.50000000
vt 0.50000000 0.50000000
vt 0.50000000 0.50000000
vt 0.50000000 0.50000000
vt 0.50000000 0.50000000
vt 0.50000000 0.50000000
vt 0.50000000 0.50000000
vt 0.50000000 0.50000000
vt 0.50000000 0.50000000
vt 0.50000000 0.50000000
vt 0.50000000 0.50000000
vt 0.50000000 0.50000000
vt 0.50000000 0.50000000
vt 0.50000000 0.50000000
vt 0.50000000 0.50000000
vt 0.50000000 0.50000000
vt 0.50000000 0.50000000
vt 0.50000000 0.50000000
vt 0.50000000 0.50000000
vt 0.50000000 0.50000000
vt 0.50000000 0.50000000
vt 0.50000000 0.50000000
vt 0.50000000 0.50000000
vt 0.50000000 0.50000000
vt 0.50000000 0.50000000
vt 0.50000000 0.50000000
vt 0.50000000 0.50000000
vt 0.50000000 0.50000000
vt 0.50000000 0.50000000
vt 0.50000000 0.50000000
vt 0.50000000 0.50000000
vt 0.50000000 0.50000000
vt 0.50000000 0.50000000
vt 0.50000000 0.50000000
vt 0.50000000 0.50000000
f 1/1 2/2 3/3
f 4/4 5/5 6/6
f 4/4 7/7 1/1
f 1/1 8/8 4/4
f 9/9 6/6 5/5
f 10/10 9/9 11/11
f 12/12 10/10 13/13
f 14/14 15/15 16/16
f 14/14 17/17 12/12
f 12/12 18/18 14/14
f 19/19 20/20 21/21
f 19/19 22/22 16/16
f 16/16 15/15 19/19
f 23/23 21/21 20/20
f 24/24 23/23 25/25
f 26/26 24/24 27/27
f 28/28 29/29 30/30
f 28/28 31/31 26/26
f 26/26 32/32 28/28
f 33/33 30/30 29/29
f 34/34 33/33 35/35
f 36/36 34/34 37/37
f 38/38 36/36 39/39
f 2/2 38/38 40/40
f 40/40 3/3 2/2
f 39/39 40/40 38/38
f 37/37 39/39 36/36
f 35/35 37/37 34/34
f 29/29 35/35 33/33
f 30/30 31/31 28/28
f 27/27 32/32 26/26
f 25/25 27/27 24/24
f 20/20 25/25 23/23
f 21/21 22/22 19/19
f 16/16 17/17 14/14
f 13/13 18/18 12/12
f 11/11 13/13 10/10
f 5/5 11/11 9/9
f 6/6 7/7 4/4
f 3/3 8/8 1/1
f 41/41 42/42 43/43
f 44/44 45/45 46/46
f 41/41 47/47 46/46
f 46/46 45/45 41/41
f 48/48 49/49 50/50
f 44/44 51/51 50/50
f 50/50 49/49 44/44
f 52/52 48/48 53/53
f 54/54 52/52 55/55
f 56/56 57/57 58/58
f 59/59 58/58 57/57
f 57/57 54/54 59/59
f 60/60 56/56 61/61
f 62/62 63/63 64/64
f 60/60 65/65 62/62
f 62/62 66/66 60/60
f 67/67 68/68 69/69
f 69/69 68/68 64/64
f 64/64 63/63 69/69
f 70/70 67/67 71/71
f 72/72 73/73 74/74
f 70/70 75/75 76/76
f 76/76 74/74 70/70
f 77/77 73/73 72/72
f 78/78 77/77 79/79
f 80/80 81/81 82/82
f 78/78 83/83 82/82
f 82/82 81/81 78/78
f 84/84 85/85 86/86
f 80/80 87/87 86/86
f 86/86 85/85 80/80
f 42/42 84/84 88/88
f 88/88 43/43 42/42
f 86/86 88/88 84/84
f 82/82 87/87 80/80
f 79/79 83/83 78/78
f 72/72 79/79 77/77
f 74/74 76/76 72/72
f 71/71 75/75 70/70
f 69/69 71/71 67/67
f 64/64 66/66 62/62
f 61/61 65/65 60/60
f 58/58 61/61 56/56
f 55/55 59/59 54/54
f 53/53 55/55 52/52
f 50/50 53/53 48/48
f 46/46 51/51 44/44
f 43/43 47/47 41/41
f 89/89 90/90 91/91
f 92/92 93/93 94/94
f 89/89 95/95 94/94
f 94/94 93/93 89/89
f 96/96 92/92 97/97
f 98/98 96/96 99/99
f 100/100 101/101 102/102
f 98/98 103/103 102/102
f 102/102 101/101 98/98
f 104/104 105/105 106/106
f 100/100 107/107 106/106
f 106/106 105/105 100/100
f 108/108 109/109 110/110
f 104/104 111/111 110/110
f 110/110 109/109 104/104
f 112/112 108/108 113/113
f 114/114 112/112 115/115
f 116/116 114/114 117/117
f 118/118 119/119 120/120
f 116/116 121/121 120/120
f 120/120 119/119 116/116
f 122/122 123/123 124/124
f 118/118 125/125 124/124
f 124/124 123/123 118/118
f 126/126 122/122 127/127
f 128/128 126/126 129/129
f 130/130 128/128 131/131
f 90/90 130/130 132/132
f 132/132 91/91 90/90
f 131/131 132/132 130/130
f 129/129 131/131 128/128
f 127/127 129/129 126/126
f 124/124 127/127 122/122
f 120/120 125/125 118/118
f 117/117 121/121 116/116
f 115/115 117/117 114/114
f 113/113 115/115 112/112
f 110/110 113/113 108/108
f 106/106 111/111 104/104
f 102/102 107/107 100/100
f 99/99 103/103 98/98
f 97/97 99/99 96/96
f 94/94 97/97 92/92
f 91/91 95/95 89/89
f 133/133 134/134 135/135
f 136/136 133/133 137/137
f 138/138 136/136 139/139
f 140/140 138/138 141/141
f 142/142 143/143 144/144
f 140/140 145/145 144/144
f 144/144 143/143 140/140
f 146/146 147/147 148/148
f 142/142 149/149 148/148
f 148/148 147/147 142/142
f 150/150 146/146 151/151
f 152/152 150/150 153/153
f 154/154 152/152 155/155
f 156/156 157/157 158/158
f 154/154 159/159 158/158
f 158/158 157/157 154/154
f 160/160 161/161 162/162
f 156/156 163/163 162/162
f 162/162 161/161 156/156
f 164/164 165/165 166/166
f 160/160 167/167 166/166
f 166/166 165/165 160/160
f 168/168 164/164 169/169
f 170/170 168/168 171/171
f 172/172 173/173 174/174
f 170/170 175/175 174/174
f 174/174 173/173 170/170
f 134/134 172/172 176/176
f 176/176 135/135 134/134
f 174/174 176/176 172/172
f 171/171 175/175 170/170
f 169/169 171/171 168/168
f 166/166 169/169 164/164
f 162/162 167/167 160/160
f 158/158 163/163 156/156
f 155/155 159/159 154/154
f 153/153 155/155 152/152
f 151/151 153/153 150/150
f 148/148 151/151 146/146
f 144/144 149/149 142/142
f 141/141 145/145 140/140
f 139/139 141/141 138/138
f 137/137 139/139 136/136
f 135/135 137/137 133/133
f 177/177 178/178 179/179
f 180/180 177/177 181/181
f 182/182 180/180 183/183
f 184/184 182/182 185/185
f 186/186 184/184 187/187
f 188/188 189/189 190/190
f 188/188 191/191 186/186
f 186/186 192/192 188/188
f 193/193 190/190 189/189
f 194/194 193/193 195/195
f 196/196 194/194 197/197
f 198/198 199/199 200/200
f 198/198 201/201 196/196
f 196/196 202/202 198/198
f 203/203 204/204 205/205
f 203/203 206/206 200/200
f 200/200 199/199 203/203
f 207/207 205/205 204/204
f 208/208 207/207 209/209
f 210/210 208/208 211/211
f 212/212 213/213 214/214
f 212/212 215/215 210/210
f 210/210 216/216 212/212
f 178/178 214/214 213/213
f 213/213 179/179 178/178
f 214/214 215/215 212/212
f 211/211 216/216 210/210
f 209/209 211/211 208/208
f 204/204 209/209 207/207
f 205/205 206/206 203/203
f 200/200 201/201 198/198
f 197/197 202/202 196/196
f 195/195 197/197 194/194
f 189/189 195/195 193/193
f 190/190 191/191 188/188
f 187/187 192/192 186/186
f 185/185 187/187 184/184
f 183/183 185/185 182/182
f 181/181 183/183 180/180
f 179/179 181/181 177/177
f 217/217 218/218 219/219
f 220/220 217/217 221/221
f 222/222 220/220 223/223
f 224/224 222/222 225/225
f 226/226 224/224 227/227
f 228/228 226/226 229/229
f 230/230 228/228 231/231
f 232/232 230/230 233/233
f 234/234 232/232 235/235
f 236/236 234/234 237/237
f 238/238 236/236 239/239
f 240/240 238/238 241/241
f 242/242 240/240 243/243
f 244/244 242/242 245/245
f 246/246 244/244 247/247
f 218/218 246/246 248/248
f 248/248 219/219 218/218
f 247/247 248/248 246/246
f 245/245 247/247 244/244
f 243/243 245/245 242/242
f 241/241 243/243 240/240
f 239/239 241/241 238/238
f 237/237 239/239 236/236
f 235/235 237/237 234/234
f 233/233 235/235 232/232
f 231/231 233/233 230/230
f 229/229 231/231 228/228
f 227/227 229/229 226/226
f 225/225 227/227 224/224
f 223/223 225/225 222/222
f 221/221 223/223 220/220
f 219/219 221/221 217/217
f 249/249 250/250 251/251
f 252/252 249/249 253/253
f 254/254 252/252 255/255
f 256/256 254/254 257/257
f 258/258 256/256 259/259
f 260/260 258/258 261/261
f 262/262 260/260 263/263
f 264/264 262/262 265/265
f 266/266 264/264 267/267
f 268/268 266/266 269/269
f 270/270 268/268 271/271
f 272/272 270/270 273/273
f 274/274 272/272 275/275
f 276/276 274/274 277/277
f 278/278 276/276 279/279
f 250/250 278/278 280/280
f 280/280 251/251 250/250
f 279/279 280/280 278/278
f 277/277 279/279 276/276
f 275/275 277/277 274/274
f 273/273 275/275 272/272
f 271/271 273/273 270/270
f 269/269 271/271 268/268
f 267/267 269/269 266/266
f 265/265 267/267 264/264
f 263/263 265/265 262/262
f 261/261 263/263 260/260
f 259/259 261/261 258/258
f 257/257 259/259 256/256
f 255/255 257/257 254/254
f 253/253 255/255 252/252
f 251/251 253/253 249/249
f 281/281 282/282 283/283
f 284/284 281/281 285/285
f 286/286 284/284 287/287
f 288/288 286/286 289/289
f 290/290 288/288 291/291
f 292/292 290/290 293/293
f 294/294 292/292 295/295
f 296/296 294/294 297/297
f 298/298 296/296 299/299
f 300/300 298/298 301/301
f 302/302 300/300 303/303
f 304/304 302/302 305/305
f 306/306 304/304 307/307
f 308/308 306/306 309/309
f 310/310 308/308 311/311
f 282/282 310/310 312/312
f 312/312 283/283 282/282
f 311/311 312/312 310/310
f 309/309 311/311 308/308
f 307/307 309/309 306/306
f 305/305 307/307 304/304
f 303/303 305/305 302/302
f 301/301 303/303 300/300
f 299/299 301/301 298/298
f 297/297 299/299 296/296
f 295/295 297/297 294/294
f 293/293 295/295 292/292
f 291/291 293/293 290/290
f 289/289 291/291 288/288
f 287/287 289/289 286/286
f 285/285 287/287 284/284
f 283/283 285/285 281/281
f 313/313 314/314 315/315
f 316/316 313/313 317/317
f 318/318 316/316 319/319
f 320/320 318/318 321/321
f 322/322 320/320 323/323
f 324/324 322/322 325/325
f 326/326 324/324 327/327
f 328/328 326/326 329/329
f 330/330 328/328 331/331
f 332/332 330/330 333/333
f 334/334 332/332 335/335
f 336/336 334/334 337/337
f 338/338 336/336 339/339
f 340/340 338/338 341/341
f 342/342 340/340 343/343
f 314/314 342/342 344/344
f 344/344 315/315 314/314
f 343/343 344/344 342/342
f 341/341 343/343 340/340
f 339/339 341/341 338/338
f 337/337 339/339 336/336
f 335/335 337/337 334/334
f 333/333 335/335 332/332
f 331/331 333/333 330/330
f 329/329 331/331 328/328
f 327/327 329/329 326/326
f 325/325 327/327 324/324
f 323/323 325/325 322/322
f 321/321 323/323 320/320
f 319/319 321/321 318/318
f 317/317 319/319 316/316
f 315/315 317/317 313/313
f 345/345 346/346 347/347
f 348/348 347/347 349/349
f 350/350 345/345 348/348
f 351/351 348/348 352/352
f 353/353 350/350 351/351
f 351/351 354/354 355/355
f 354/354 356/356 355/355
f 354/354 357/357 358/358
f 351/351 359/359 360/360
f 355/355 361/361 351/351
f 354/354 362/362 363/363
f 357/357 364/364 358/358
f 360/360 365/365 351/351
f 351/351 366/366 367/367
f 354/354 368/368 356/356
f 358/358 362/362 354/354
f 357/357 365/365 369/369
f 365/365 370/370 371/371
f 367/367 359/359 351/351
f 363/363 368/368 354/354
f 369/369 372/372 357/357
f 360/360 370/370 365/365
f 372/372 364/364 357/357
f 361/361 366/366 351/351
f 373/373 353/353 365/365
f 374/374 375/375 376/376
f 377/377 365/365 378/378
f 357/357 379/379 380/380
f 376/376 357/357 374/374
f 374/374 381/381 382/382
f 374/374 377/377 383/383
f 377/377 384/384 385/385
f 365/365 386/386 378/378
f 365/365 387/387 388/388
f 357/357 389/389 390/390
f 376/376 379/379 357/357
f 383/383 381/381 374/374
f 385/385 391/391 377/377
f 388/388 386/386 365/365
f 390/390 365/365 357/357
f 382/382 375/375 374/374
f 378/378 384/384 377/377
f 380/380 389/389 357/357
f 390/390 387/387 365/365
f 374/374 357/357 392/392
f 393/393 394/394 395/395
f 396/396 373/373 377/377
f 377/377 397/397 398/398
f 377/377 399/399 397/397
f 374/374 400/400 401/401
f 402/402 403/403 404/404
f 398/398 402/402 377/377
f 401/401 405/405 374/374
f 400/400 402/402 406/406
f 402/402 407/407 403/403
f 377/377 408/408 399/399
f 374/374 409/409 410/410
f 400/400 411/411 401/401
f 406/406 412/412 400/400
f 398/398 407/407 402/402
f 410/410 377/377 374/374
f 405/405 413/413 374/374
f 412/412 414/414 400/400
f 410/410 408/408 377/377
f 414/414 411/411 400/400
f 413/413 409/409 374/374
f 400/400 374/374 415/415
f 416/416 393/393 417/417
f 418/418 396/396 402/402
f 419/419 402/402 400/400
f 420/420 418/418 419/419
f 419/419 421/421 422/422
f 419/419 423/423 421/421
f 424/424 425/425 426/426
f 422/422 427/427 419/419
f 419/419 428/428 429/429
f 424/424 430/430 431/431
f 426/426 432/432 424/424
f 429/429 423/423 419/419
f 431/431 419/419 424/424
f 424/424 433/433 434/434
f 425/425 435/435 426/426
f 431/431 428/428 419/419
f 432/432 433/433 424/424
f 427/427 436/436 437/437
f 434/434 430/430 424/424
f 425/425 427/427 438/438
f 422/422 436/436 427/427
f 438/438 439/439 425/425
f 439/439 435/435 425/425
f 400/400 440/440 441/441
f 400/400 442/442 443/443
f 443/443 440/440 400/400
f 425/425 444/444 445/445
f 425/425 424/424 446/446
f 446/446 444/444 425/425
f 424/424 447/447 446/446
f 424/424 441/441 448/448
f 448/448 447/447 424/424
f 349/349 449/449 450/450
f 349/349 451/451 452/452
f 452/452 449/449 349/349
f 352/352 453/453 454/454
f 352/352 450/450 453/453
f 354/354 455/455 456/456
f 354/354 454/454 455/455
f 357/357 457/457 458/458
f 456/456 357/357 354/354
f 456/456 457/457 357/357
f 459/459 460/460 461/461
f 461/461 451/451 459/459
f 459/459 462/462 463/463
f 451/451 464/464 465/465
f 463/463 460/460 459/459
f 461/461 464/464 451/451
f 395/395 466/466 467/467
f 467/467 468/468 395/395
f 395/395 469/469 466/466
f 394/394 470/470 469/469
f 469/469 395/395 394/394
f 471/471 468/468 472/472
f 472/472 473/473 471/471
f 474/474 475/475 476/476
f 475/475 474/474 477/477
f 471/471 478/478 477/477
f 477/477 478/478 475/475
f 476/476 479/479 474/474
f 459/459 479/479 480/480
f 459/459 481/481 482/482
f 479/479 483/483 480/480
f 480/480 481/481 459/459
f 479/479 476/476 484/484
f 484/484 483/483 479/479
f 462/462 485/485 486/486
f 462/462 487/487 485/485
f 486/486 488/488 462/462
f 489/489 490/490 491/491
f 492/492 392/392 493/493
f 494/494 485/485 495/495
f 491/491 490/490 496/496
f 493/493 489/489 492/492
f 495/495 496/496 494/494
f 491/491 492/492 489/489
f 496/496 495/495 491/491
f 392/392 458/458 497/497
f 497/497 493/493 392/392
f 392/392 498/498 499/499
f 392/392 492/492 498/498
f 500/500 442/442 415/415
f 415/415 499/499 500/500
f 501/501 502/502 503/503
f 503/503 442/442 501/501
f 504/504 505/505 506/506
f 501/501 504/504 507/507
f 503/503 508/508 442/442
f 507/507 502/502 501/501
f 506/506 507/507 504/504
f 509/509 510/510 505/505
f 511/511 512/512 513/513
f 505/505 514/514 509/509
f 512/512 515/515 513/513
f 512/512 516/516 517/517
f 510/510 506/506 505/505
f 517/517 515/515 512/512
f 513/513 509/509 511/511
f 516/516 518/518 519/519
f 519/519 517/517 516/516
f 516/516 445/445 518/518
f 520/520 521/521 393/393
f 416/416 522/522 520/520
f 394/394 393/393 521/521
f 521/521 523/523 394/394
f 524/524 525/525 526/526
f 525/525 524/524 527/527
f 527/527 528/528 529/529
f 527/527 530/530 525/525
f 531/531 529/529 528/528
f 526/526 394/394 524/524
f 532/532 533/533 531/531
f 394/394 526/526 534/534
f 528/528 532/532 531/531
f 529/529 530/530 527/527
f 462/462 535/535 533/533
f 533/533 532/532 462/462
f 462/462 482/482 535/535
f 536/536 537/537 538/538
f 537/537 536/536 539/539
f 512/512 540/540 541/541
f 539/539 542/542 537/537
f 512/512 538/538 540/540
f 512/512 511/511 536/536
f 543/543 541/541 544/544
f 538/538 512/512 536/536
f 544/544 545/545 543/543
f 539/539 546/546 542/542
f 541/541 543/543 512/512
f 547/547 548/548 549/549
f 548/548 543/543 550/550
f 549/549 551/551 547/547
f 550/550 552/552 548/548
f 552/552 549/549 548/548
f 551/551 553/553 547/547
f 416/416 554/554 555/555
f 554/554 547/547 556/556
f 556/556 555/555 554/554
f 522/522 416/416 557/557
f 558/558 559/559 546/546
f 522/522 560/560 559/559
f 416/416 561/561 557/557
f 559/559 558/558 522/522
f 416/416 562/562 561/561
f 557/557 560/560 522/522
f 546/546 539/539 558/558
f 555/555 562/562 416/416
f 553/553 556/556 547/547
f 545/545 550/550 543/543
f 532/532 487/487 462/462
f 534/534 470/470 394/394
f 523/523 524/524 394/394
f 393/393 416/416 520/520
f 514/514 511/511 509/509
f 508/508 443/443 442/442
f 500/500 501/501 442/442
f 499/499 415/415 392/392
f 494/494 486/486 485/485
f 488/488 463/463 462/462
f 482/482 462/462 459/459
f 477/477 563/563 471/471
f 473/473 478/478 471/471
f 467/467 472/472 468/468
f 465/465 452/452 451/451
f 458/458 392/392 357/357
f 454/454 354/354 352/352
f 450/450 352/352 349/349
f 445/445 516/516 425/425
f 441/441 424/424 400/400
f 437/437 438/438 427/427
f 419/419 427/427 420/420
f 400/400 424/424 419/419
f 402/402 419/419 418/418
f 417/417 554/554 416/416
f 415/415 442/442 400/400
f 404/404 406/406 402/402
f 377/377 402/402 396/396
f 395/395 417/417 393/393
f 392/392 415/415 374/374
f 391/391 383/383 377/377
f 365/365 377/377 373/373
f 371/371 369/369 365/365
f 351/351 365/365 353/353
f 352/352 354/354 351/351
f 348/348 351/351 350/350
f 349/349 352/352 348/348
f 347/347 348/348 345/345
f 564/564 565/565 566/566
f 567/567 568/568 569/569
f 566/566 565/565 570/570
f 565/565 571/571 572/572
f 569/569 565/565 567/567
f 566/566 573/573 574/574
f 570/570 575/575 566/566
f 569/569 571/571 565/565
f 567/567 576/576 577/577
f 578/578 579/579 576/576
f 575/575 573/573 566/566
f 577/577 568/568 567/567
f 578/578 580/580 579/579
f 578/578 581/581 582/582
f 572/572 570/570 565/565
f 582/582 580/580 578/578
f 576/576 567/567 578/578
f 574/574 583/583 566/566
f 578/578 566/566 584/584
f 584/584 581/581 578/578
f 585/585 566/566 586/586
f 566/566 578/578 587/587
f 588/588 586/586 589/589
f 589/589 586/586 590/590
f 591/591 592/592 593/593
f 590/590 594/594 589/589
f 586/586 595/595 596/596
f 587/587 593/593 597/597
f 591/591 598/598 592/592
f 596/596 590/590 586/586
f 593/593 587/587 591/591
f 594/594 599/599 589/589
f 587/587 600/600 601/601
f 591/591 602/602 598/598
f 591/591 589/589 603/603
f 599/599 604/604 589/589
f 586/586 601/601 605/605
f 587/587 606/606 600/600
f 603/603 602/602 591/591
f 605/605 595/595 586/586
f 597/597 606/606 587/587
f 601/601 586/586 587/587
f 587/587 607/607 608/608
f 609/609 610/610 611/611
f 612/612 589/589 613/613
f 613/613 589/589 614/614
f 614/614 615/615 613/613
f 589/589 616/616 617/617
f 591/591 618/618 619/619
f 617/617 614/614 589/589
f 591/591 620/620 621/621
f 619/619 622/622 591/591
f 618/618 623/623 624/624
f 589/589 625/625 616/616
f 621/621 589/589 591/591
f 624/624 619/619 618/618
f 621/621 625/625 589/589
f 622/622 626/626 591/591
f 613/613 627/627 628/628
f 626/626 620/620 591/591
f 618/618 613/613 629/629
f 615/615 627/627 613/613
f 629/629 630/630 618/618
f 630/630 623/623 618/618
f 591/591 608/608 631/631
f 632/632 611/611 633/633
f 634/634 613/613 635/635
f 635/635 613/613 636/636
f 618/618 637/637 638/638
f 636/636 639/639 635/635
f 638/638 613/613 618/618
f 640/640 641/641 642/642
f 635/635 643/643 644/644
f 613/613 645/645 636/636
f 638/638 646/646 613/613
f 640/640 647/647 641/641
f 639/639 643/643 635/635
f 618/618 648/648 637/637
f 642/642 618/618 640/640
f 640/640 649/649 650/650
f 646/646 645/645 613/613
f 650/650 647/647 640/640
f 642/642 648/648 618/618
f 644/644 651/651 635/635
f 640/640 635/635 652/652
f 652/652 649/649 640/640
f 653/653 635/635 654/654
f 635/635 640/640 655/655
f 656/656 654/654 657/657
f 654/654 655/655 658/658
f 610/610 659/659 660/660
f 609/609 661/661 659/659
f 659/659 610/610 609/609
f 662/662 663/663 664/664
f 665/665 666/666 667/667
f 662/662 668/668 663/663
f 665/665 664/664 666/666
f 662/662 660/660 668/668
f 664/664 665/665 662/662
f 669/669 670/670 671/671
f 669/669 672/672 670/670
f 673/673 609/609 632/632
f 632/632 671/671 673/673
f 674/674 675/675 676/676
f 676/676 609/609 674/674
f 677/677 678/678 679/679
f 674/674 677/677 680/680
f 676/676 681/681 609/609
f 680/680 675/675 674/674
f 679/679 680/680 677/677
f 682/682 683/683 678/678
f 678/678 684/684 682/682
f 685/685 686/686 687/687
f 686/686 688/688 689/689
f 687/687 682/682 685/685
f 689/689 690/690 686/686
f 690/690 687/687 686/686
f 688/688 691/691 692/692
f 684/684 685/685 682/682
f 688/688 667/667 691/691
f 692/692 689/689 688/688
f 693/693 694/694 608/608
f 607/607 695/695 693/693
f 631/631 608/608 694/694
f 694/694 696/696 631/631
f 697/697 698/698 699/699
f 697/697 700/700 698/698
f 633/633 701/701 702/702
f 702/702 703/703 633/633
f 669/669 633/633 704/704
f 701/701 699/699 702/702
f 703/703 704/704 633/633
f 705/705 706/706 707/707
f 708/708 709/709 710/710
f 672/672 669/669 711/711
f 707/707 712/712 705/705
f 710/710 709/709 712/712
f 711/711 708/708 672/672
f 712/712 707/707 710/710
f 705/705 713/713 706/706
f 669/669 714/714 715/715
f 715/715 711/711 669/669
f 716/716 706/706 713/713
f 716/716 717/717 706/706
f 713/713 718/718 716/716
f 719/719 720/720 721/721
f 722/722 723/723 720/720
f 722/722 716/716 724/724
f 721/721 725/725 719/719
f 724/724 723/723 722/722
f 720/720 719/719 722/722
f 716/716 726/726 727/727
f 727/727 728/728 716/716
f 716/716 729/729 726/726
f 730/730 731/731 732/732
f 731/731 730/730 733/733
f 733/733 734/734 735/735
f 733/733 736/736 731/731
f 737/737 735/735 734/734
f 732/732 631/631 730/730
f 728/728 727/727 737/737
f 631/631 732/732 738/738
f 734/734 728/728 737/737
f 735/735 736/736 733/733
f 640/640 618/618 739/739
f 739/739 740/740 640/640
f 618/618 741/741 739/739
f 618/618 631/631 742/742
f 742/742 741/741 618/618
f 655/655 640/640 743/743
f 743/743 744/744 655/655
f 658/658 745/745 746/746
f 658/658 655/655 747/747
f 747/747 745/745 658/658
f 748/748 749/749 750/750
f 722/722 748/748 751/751
f 748/748 746/746 749/749
f 722/722 752/752 729/729
f 750/750 751/751 748/748
f 751/751 752/752 722/722
f 686/686 753/753 754/754
f 755/755 756/756 757/757
f 686/686 758/758 753/753
f 685/685 755/755 758/758
f 755/755 685/685 756/756
f 759/759 754/754 760/760
f 758/758 686/686 685/685
f 757/757 761/761 762/762
f 760/760 763/763 759/759
f 757/757 762/762 755/755
f 754/754 759/759 686/686
f 567/567 764/764 765/765
f 567/567 759/759 766/766
f 766/766 764/764 567/567
f 578/578 767/767 768/768
f 765/765 578/578 567/567
f 765/765 767/767 578/578
f 587/587 769/769 770/770
f 587/587 578/578 771/771
f 771/771 769/769 587/587
f 695/695 607/607 772/772
f 773/773 774/774 761/761
f 695/695 775/775 774/774
f 607/607 776/776 772/772
f 774/774 773/773 695/695
f 607/607 770/770 776/776
f 772/772 775/775 695/695
f 777/777 700/700 778/778
f 779/779 719/719 780/780
f 780/780 777/777 779/779
f 697/697 781/781 778/778
f 778/778 700/700 697/697
f 778/778 779/779 777/777
f 761/761 757/757 773/773
f 770/770 607/607 587/587
f 768/768 771/771 578/578
f 763/763 766/766 759/759
f 729/729 716/716 722/722
f 746/746 748/748 658/658
f 744/744 747/747 655/655
f 740/740 743/743 640/640
f 738/738 742/742 631/631
f 728/728 717/717 716/716
f 725/725 780/780 719/719
f 718/718 724/724 716/716
f 710/710 672/672 708/708
f 704/704 714/714 669/669
f 699/699 701/701 697/697
f 696/696 730/730 631/631
f 608/608 607/607 693/693
f 683/683 679/679 678/678
f 681/681 661/661 609/609
f 673/673 674/674 609/609
f 671/671 632/632 669/669
f 667/667 688/688 665/665
f 660/660 662/662 610/610
f 658/658 657/657 654/654
f 657/657 782/782 656/656
f 655/655 654/654 635/635
f 654/654 656/656 653/653
f 651/651 652/652 635/635
f 635/635 653/653 634/634
f 633/633 669/669 632/632
f 631/631 618/618 591/591
f 628/628 629/629 613/613
f 613/613 634/634 612/612
f 611/611 632/632 609/609
f 608/608 591/591 587/587
f 604/604 603/603 589/589
f 589/589 612/612 588/588
f 587/587 586/586 566/566
f 586/586 588/588 585/585
f 583/583 584/584 566/566
f 566/566 585/585 564/564
f 783/783 784/784 785/785
f 786/786 783/783 787/787
f 788/788 786/786 789/789
f 790/790 788/788 791/791
f 792/792 790/790 793/793
f 794/794 792/792 795/795
f 796/796 794/794 797/797
f 798/798 796/796 799/799
f 800/800 798/798 801/801
f 802/802 800/800 803/803
f 804/804 802/802 805/805
f 806/806 804/804 807/807
f 808/808 806/806 809/809
f 810/810 808/808 811/811
f 812/812 810/810 813/813
f 784/784 812/812 814/814
f 814/814 785/785 784/784
f 813/813 814/814 812/812
f 811/811 813/813 810/810
f 809/809 811/811 808/808
f 807/807 809/809 806/806
f 805/805 807/807 804/804
f 803/803 805/805 802/802
f 801/801 803/803 800/800
f 799/799 801/801 798/798
f 797/797 799/799 796/796
f 795/795 797/797 794/794
f 793/793 795/795 792/792
f 791/791 793/793 790/790
f 789/789 791/791 788/788
f 787/787 789/789 786/786
f 785/785 787/787 783/783
f 815/815 816/816 817/817
f 818/818 815/815 819/819
f 820/820 818/818 821/821
f 822/822 820/820 823/823
f 824/824 822/822 825/825
f 826/826 824/824 827/827
f 828/828 826/826 829/829
f 830/830 828/828 831/831
f 832/832 830/830 833/833
f 834/834 832/832 835/835
f 836/836 834/834 837/837
f 838/838 836/836 839/839
f 840/840 838/838 841/841
f 842/842 840/840 843/843
f 844/844 842/842 845/845
f 816/816 844/844 846/846
f 846/846 817/817 816/816
f 845/845 846/846 844/844
f 843/843 845/845 842/842
f 841/841 843/843 840/840
f 839/839 841/841 838/838
f 837/837 839/839 836/836
f 835/835 837/837 834/834
f 833/833 835/835 832/832
f 831/831 833/833 830/830
f 829/829 831/831 828/828
f 827/827 829/829 826/826
f 825/825 827/827 824/824
f 823/823 825/825 822/822
f 821/821 823/823 820/820
f 819/819 821/821 818/818
f 817/817 819/819 815/815
f 847/847 848/848 849/849
f 850/850 847/847 851/851
f 852/852 850/850 853/853
f 854/854 852/852 855/855
f 856/856 854/854 857/857
f 858/858 856/856 859/859
f 860/860 858/858 861/861
f 862/862 860/860 863/863
f 864/864 862/862 865/865
f 866/866 864/864 867/867
f 868/868 866/866 869/869
f 870/870 868/868 871/871
f 872/872 870/870 873/873
f 874/874 872/872 875/875
f 876/876 874/874 877/877
f 848/848 876/876 878/878
f 878/878 849/849 848/848
f 877/877 878/878 876/876
f 875/875 877/877 874/874
f 873/873 875/875 872/872
f 871/871 873/873 870/870
f 869/869 871/871 868/868
f 867/867 869/869 866/866
f 865/865 867/867 864/864
f 863/863 865/865 862/862
f 861/861 863/863 860/860
f 859/859 861/861 858/858
f 857/857 859/859 856/856
f 855/855 857/857 854/854
f 853/853 855/855 852/852
f 851/851 853/853 850/850
f 849/849 851/851 847/847
f 879/879 880/880 881/881
f 882/882 879/879 883/883
f 884/884 882/882 885/885
f 886/886 884/884 887/887
f 888/888 886/886 889/889
f 890/890 888/888 891/891
f 892/892 890/890 893/893
f 894/894 892/892 895/895
f 896/896 894/894 897/897
f 898/898 896/896 899/899
f 900/900 898/898 901/901
f 902/902 900/900 903/903
f 904/904 902/902 905/905
f 906/906 904/904 907/907
f 908/908 906/906 909/909
f 880/880 908/908 910/910
f 910/910 881/881 880/880
f 909/909 910/910 908/908
f 907/907 909/909 906/906
f 905/905 907/907 904/904
f 903/903 905/905 902/902
f 901/901 903/903 900/900
f 899/899 901/901 898/898
f 897/897 899/899 896/896
f 895/895 897/897 894/894
f 893/893 895/895 892/892
f 891/891 893/893 890/890
f 889/889 891/891 888/888
f 887/887 889/889 886/886
f 885/885 887/887 884/884
f 883/883 885/885 882/882
f 881/881 883/883 879/879
f 911/911 912/912 913/913
f 914/914 911/911 915/915
f 916/916 914/914 917/917
f 918/918 916/916 919/919
f 920/920 918/918 921/921
f 922/922 920/920 923/923
f 924/924 922/922 925/925
f 926/926 924/924 927/927
f 928/928 926/926 929/929
f 930/930 928/928 931/931
f 932/932 930/930 933/933
f 934/934 932/932 935/935
f 936/936 934/934 937/937
f 938/938 936/936 939/939
f 940/940 938/938 941/941
f 912/912 940/940 942/942
f 942/942 913/913 912/912
f 941/941 942/942 940/940
f 939/939 941/941 938/938
f 937/937 939/939 936/936
f 935/935 937/937 934/934
f 933/933 935/935 932/932
f 931/931 933/933 930/930
f 929/929 931/931 928/928
f 927/927 929/929 926/926
f 925/925 927/927 924/924
f 923/923 925/925 922/922
f 921/921 923/923 920/920
f 919/919 921/921 918/918
f 917/917 919/919 916/916
f 915/915 917/917 914/914
f 913/913 915/915 911/911
f 943/943 944/944 945/945
f 946/946 943/943 947/947
f 948/948 946/946 949/949
f 950/950 948/948 951/951
f 952/952 950/950 953/953
f 954/954 952/952 955/955
f 956/956 954/954 957/957
f 958/958 956/956 959/959
f 960/960 958/958 961/961
f 962/962 960/960 963/963
f 964/964 962/962 965/965
f 966/966 964/964 967/967
f 968/968 966/966 969/969
f 970/970 968/968 971/971
f 972/972 970/970 973/973
f 944/944 972/972 974/974
f 974/974 945/945 944/944
f 973/973 974/974 972/972
f 971/971 973/973 970/970
f 969/969 971/971 968/968
f 967/967 969/969 966/966
f 965/965 967/967 964/964
f 963/963 965/965 962/962
f 961/961 963/963 960/960
f 959/959 961/961 958/958
f 957/957 959/959 956/956
f 955/955 957/957 954/954
f 953/953 955/955 952/952
f 951/951 953/953 950/950
f 949/949 951/951 948/948
f 947/947 949/949 946/946
f 945/945 947/947 943/943
f 975/975 976/976 977/977
f 978/978 975/975 979/979
f 980/980 978/978 981/981
f 982/982 983/983 984/984
f 982/982 985/985 983/983
f 982/982 986/986 987/987
f 986/986 988/988 989/989
f 990/990 991/991 992/992
f 984/984 990/990 982/982
f 989/989 987/987 986/986
f 981/981 993/993 994/994
f 990/990 995/995 991/991
f 987/987 985/985 982/982
f 986/986 996/996 997/997
f 986/986 981/981 998/998
f 994/994 999/999 981/981
f 981/981 992/992 1000/1000
f 984/984 995/995 990/990
f 998/998 996/996 986/986
f 1000/1000 993/993 981/981
f 997/997 988/988 986/986
f 992/992 981/981 990/990
f 1001/1001 980/980 986/986
f 982/982 1002/1002 1003/1003
f 982/982 1004/1004 1005/1005
f 982/982 1006/1006 1002/1002
f 1004/1004 1007/1007 1005/1005
f 1004/1004 1008/1008 1009/1009
f 1005/1005 1006/1006 982/982
f 1009/1009 1010/1010 1004/1004
f 986/986 1011/1011 1012/1012
f 986/986 1013/1013 1014/1014
f 1010/1010 1007/1007 1004/1004
f 1008/1008 1015/1015 1016/1016
f 1008/1008 1017/1017 1018/1018
f 1014/1014 1011/1011 986/986
f 986/986 1003/1003 1019/1019
f 1016/1016 1009/1009 1008/1008
f 1008/1008 1012/1012 1017/1017
f 1019/1019 1013/1013 986/986
f 1018/1018 1015/1015 1008/1008
f 1003/1003 986/986 982/982
f 1020/1020 1001/1001 1008/1008
f 1004/1004 1021/1021 1022/1022
f 1004/1004 1023/1023 1024/1024
f 1004/1004 1025/1025 1021/1021
f 1023/1023 1026/1026 1024/1024
f 1023/1023 1027/1027 1028/1028
f 1024/1024 1025/1025 1004/1004
f 1028/1028 1029/1029 1023/1023
f 1008/1008 1030/1030 1031/1031
f 1008/1008 1032/1032 1033/1033
f 1029/1029 1026/1026 1023/1023
f 1027/1027 1034/1034 1035/1035
f 1027/1027 1036/1036 1037/1037
f 1033/1033 1030/1030 1008/1008
f 1008/1008 1022/1022 1038/1038
f 1035/1035 1028/1028 1027/1027
f 1027/1027 1031/1031 1036/1036
f 1038/1038 1032/1032 1008/1008
f 1037/1037 1034/1034 1027/1027
f 1022/1022 1008/1008 1004/1004
f 1039/1039 1020/1020 1027/1027
f 976/976 1040/1040 1041/1041
f 979/979 1042/1042 1043/1043
f 1044/1044 1045/1045 1046/1046
f 1044/1044 1047/1047 1048/1048
f 979/979 1049/1049 1042/1042
f 1048/1048 1045/1045 1044/1044
f 1043/1043 1044/1044 979/979
f 977/977 1050/1050 1051/1051
f 977/977 1052/1052 1053/1053
f 977/977 1054/1054 1055/1055
f 1054/1054 1046/1046 1056/1056
f 1043/1043 1047/1047 1044/1044
f 979/979 1057/1057 1058/1058
f 1053/1053 1050/1050 977/977
f 1055/1055 1059/1059 977/977
f 1046/1046 1054/1054 1044/1044
f 979/979 1051/1051 1057/1057
f 1059/1059 1052/1052 977/977
f 1058/1058 1049/1049 979/979
f 1056/1056 1055/1055 1054/1054
f 990/990 1060/1060 1061/1061
f 1061/1061 1062/1062 1044/1044
f 990/990 1063/1063 1060/1060
f 990/990 981/981 1064/1064
f 981/981 1065/1065 1066/1066
f 1061/1061 1067/1067 990/990
f 1066/1066 1064/1064 981/981
f 979/979 1068/1068 1069/1069
f 979/979 1044/1044 1070/1070
f 1044/1044 1062/1062 1071/1071
f 1064/1064 1063/1063 990/990
f 981/981 1072/1072 1073/1073
f 981/981 979/979 1074/1074
f 1069/1069 1075/1075 979/979
f 1070/1070 1076/1076 979/979
f 1044/1044 1067/1067 1061/1061
f 1074/1074 1072/1072 981/981
f 1076/1076 1068/1068 979/979
f 1073/1073 1065/1065 981/981
f 1071/1071 1070/1070 1044/1044
f 1077/1077 1078/1078 1079/1079
f 1023/1023 1080/1080 1077/1077
f 1077/1077 1081/1081 1078/1078
f 1027/1027 1082/1082 1083/1083
f 1023/1023 1084/1084 1085/1085
f 1079/1079 1023/1023 1077/1077
f 1077/1077 1086/1086 1087/1087
f 1088/1088 1086/1086 1077/1077
f 1088/1088 1089/1089 1090/1090
f 1088/1088 1027/1027 1091/1091
f 1083/1083 1092/1092 1027/1027
f 1027/1027 1085/1085 1093/1093
f 1023/1023 1094/1094 1084/1084
f 1087/1087 1081/1081 1077/1077
f 1088/1088 1095/1095 1086/1086
f 1091/1091 1089/1089 1088/1088
f 1093/1093 1082/1082 1027/1027
f 1079/1079 1094/1094 1023/1023
f 1090/1090 1095/1095 1088/1088
f 1085/1085 1027/1027 1023/1023
f 1092/1092 1091/1091 1027/1027
f 1077/1077 1096/1096 1088/1088
f 1075/1075 1074/1074 979/979
f 1051/1051 979/979 977/977
f 1054/1054 977/977 1041/1041
f 1041/1041 977/977 976/976
f 1027/1027 1088/1088 1039/1039
f 1031/1031 1027/1027 1008/1008
f 1008/1008 1027/1027 1020/1020
f 1012/1012 1008/1008 986/986
f 986/986 1008/1008 1001/1001
f 999/999 998/998 981/981
f 981/981 986/986 980/980
f 979/979 981/981 978/978
f 977/977 979/979 975/975
f 1097/1097 1098/1098 1099/1099
f 1100/1100 1099/1099 1101/1101
f 1101/1101 1099/1099 1102/1102
f 1101/1101 1103/1103 1104/1104
f 1099/1099 1105/1105 1102/1102
f 1102/1102 1103/1103 1101/1101
f 1099/1099 1106/1106 1107/1107
f 1101/1101 1108/1108 1109/1109
f 1107/1107 1105/1105 1099/1099
f 1110/1110 1111/1111 1112/1112
f 1113/1113 1101/1101 1114/1114
f 1104/1104 1108/1108 1101/1101
f 1099/1099 1112/1112 1115/1115
f 1110/1110 1116/1116 1111/1111
f 1113/1113 1117/1117 1118/1118
f 1114/1114 1119/1119 1113/1113
f 1115/1115 1106/1106 1099/1099
f 1110/1110 1118/1118 1116/1116
f 1119/1119 1117/1117 1113/1113
f 1112/1112 1099/1099 1110/1110
f 1109/1109 1114/1114 1101/1101
f 1120/1120 1101/1101 1121/1121
f 1121/1121 1101/1101 1122/1122
f 1121/1121 1123/1123 1124/1124
f 1101/1101 1125/1125 1122/1122
f 1122/1122 1123/1123 1121/1121
f 1101/1101 1126/1126 1127/1127
f 1121/1121 1128/1128 1129/1129
f 1127/1127 1125/1125 1101/1101
f 1113/1113 1130/1130 1131/1131
f 1132/1132 1121/1121 1133/1133
f 1124/1124 1128/1128 1121/1121
f 1101/1101 1131/1131 1134/1134
f 1113/1113 1135/1135 1130/1130
f 1132/1132 1136/1136 1137/1137
f 1133/1133 1138/1138 1132/1132
f 1134/1134 1126/1126 1101/1101
f 1113/1113 1137/1137 1135/1135
f 1138/1138 1136/1136 1132/1132
f 1131/1131 1101/1101 1113/1113
f 1129/1129 1133/1133 1121/1121
f 1139/1139 1121/1121 1140/1140
f 1121/1121 1141/1141 1142/1142
f 1140/1140 1143/1143 1144/1144
f 1142/1142 1140/1140 1121/1121
f 1142/1142 1143/1143 1140/1140
f 1121/1121 1145/1145 1146/1146
f 1121/1121 1147/1147 1148/1148
f 1132/1132 1149/1149 1147/1147
f 1132/1132 1150/1150 1151/1151
f 1150/1150 1140/1140 1152/1152
f 1140/1140 1153/1153 1154/1154
f 1146/1146 1141/1141 1121/1121
f 1147/1147 1121/1121 1132/1132
f 1151/1151 1155/1155 1132/1132
f 1152/1152 1156/1156 1150/1150
f 1144/1144 1153/1153 1140/1140
f 1155/1155 1149/1149 1132/1132
f 1156/1156 1157/1157 1150/1150
f 1148/1148 1145/1145 1121/1121
f 1154/1154 1152/1152 1140/1140
f 1158/1158 1140/1140 1159/1159
f 1160/1160 1159/1159 1161/1161
f 1110/1110 1099/1099 1162/1162
f 1098/1098 1163/1163 1164/1164
f 1162/1162 1165/1165 1110/1110
f 1099/1099 1166/1166 1167/1167
f 1164/1164 1099/1099 1098/1098
f 1165/1165 1168/1168 1110/1110
f 1099/1099 1169/1169 1170/1170
f 1164/1164 1166/1166 1099/1099
f 1098/1098 1171/1171 1172/1172
f 1098/1098 1173/1173 1174/1174
f 1175/1175 1176/1176 1173/1173
f 1177/1177 1175/1175 1178/1178
f 1170/1170 1162/1162 1099/1099
f 1172/1172 1163/1163 1098/1098
f 1173/1173 1098/1098 1175/1175
f 1178/1178 1179/1179 1177/1177
f 1167/1167 1169/1169 1099/1099
f 1177/1177 1176/1176 1175/1175
f 1110/1110 1179/1179 1178/1178
f 1174/1174 1171/1171 1098/1098
f 1168/1168 1179/1179 1110/1110
f 1140/1140 1180/1180 1181/1181
f 1159/1159 1182/1182 1183/1183
f 1181/1181 1159/1159 1140/1140
f 1159/1159 1184/1184 1185/1185
f 1181/1181 1182/1182 1159/1159
f 1140/1140 1186/1186 1187/1187
f 1140/1140 1188/1188 1189/1189
f 1150/1150 1190/1190 1188/1188
f 1150/1150 1191/1191 1192/1192
f 1159/1159 1193/1193 1184/1184
f 1187/1187 1180/1180 1140/1140
f 1188/1188 1140/1140 1150/1150
f 1192/1192 1194/1194 1150/1150
f 1192/1192 1191/1191 1195/1195
f 1195/1195 1185/1185 1196/1196
f 1183/1183 1193/1193 1159/1159
f 1194/1194 1190/1190 1150/1150
f 1196/1196 1197/1197 1195/1195
f 1189/1189 1186/1186 1140/1140
f 1185/1185 1195/1195 1159/1159
f 1161/1161 1159/1159 1198/1198
f 1161/1161 1199/1199 1200/1200
f 1159/1159 1201/1201 1198/1198
f 1159/1159 1195/1195 1202/1202
f 1161/1161 1203/1203 1204/1204
f 1198/1198 1199/1199 1161/1161
f 1159/1159 1205/1205 1206/1206
f 1202/1202 1207/1207 1159/1159
f 1161/1161 1208/1208 1203/1203
f 1206/1206 1201/1201 1159/1159
f 1195/1195 1209/1209 1202/1202
f 1195/1195 1210/1210 1211/1211
f 1195/1195 1212/1212 1213/1213
f 1212/1212 1204/1204 1214/1214
f 1200/1200 1208/1208 1161/1161
f 1211/1211 1209/1209 1195/1195
f 1214/1214 1213/1213 1212/1212
f 1207/1207 1205/1205 1159/1159
f 1204/1204 1212/1212 1161/1161
f 1215/1215 1161/1161 1216/1216
f 1216/1216 1217/1217 1215/1215
f 1216/1216 1161/1161 1212/1212
f 1213/1213 1210/1210 1195/1195
f 1195/1195 1197/1197 1192/1192
f 1178/1178 1218/1218 1110/1110
f 1161/1161 1215/1215 1160/1160
f 1159/1159 1160/1160 1158/1158
f 1157/1157 1151/1151 1150/1150
f 1140/1140 1158/1158 1139/1139
f 1137/1137 1113/1113 1132/1132
f 1121/1121 1139/1139 1120/1120
f 1118/1118 1110/1110 1113/1113
f 1101/1101 1120/1120 1100/1100
f 1099/1099 1100/1100 1097/1097
f 1219/1219 1220/1220 1221/1221
f 1222/1222 1219/1219 1223/1223
f 1224/1224 1222/1222 1225/1225
f 1226/1226 1224/1224 1227/1227
f 1228/1228 1226/1226 1229/1229
f 1230/1230 1228/1228 1231/1231
f 1232/1232 1230/1230 1233/1233
f 1234/1234 1232/1232 1235/1235
f 1236/1236 1234/1234 1237/1237
f 1238/1238 1236/1236 1239/1239
f 1240/1240 1238/1238 1241/1241
f 1242/1242 1240/1240 1243/1243
f 1244/1244 1242/1242 1245/1245
f 1246/1246 1244/1244 1247/1247
f 1248/1248 1246/1246 1249/1249
f 1220/1220 1248/1248 1250/1250
f 1250/1250 1221/1221 1220/1220
f 1249/1249 1250/1250 1248/1248
f 1247/1247 1249/1249 1246/1246
f 1245/1245 1247/1247 1244/1244
f 1243/1243 1245/1245 1242/1242
f 1241/1241 1243/1243 1240/1240
f 1239/1239 1241/1241 1238/1238
f 1237/1237 1239/1239 1236/1236
f 1235/1235 1237/1237 1234/1234
f 1233/1233 1235/1235 1232/1232
f 1231/1231 1233/1233 1230/1230
f 1229/1229 1231/1231 1228/1228
f 1227/1227 1229/1229 1226/1226
f 1225/1225 1227/1227 1224/1224
f 1223/1223 1225/1225 1222/1222
f 1221/1221 1223/1223 1219/1219
f 1251/1251 1252/1252 1253/1253
f 1254/1254 1251/1251 1255/1255
f 1256/1256 1254/1254 1257/1257
f 1258/1258 1256/1256 1259/1259
f 1260/1260 1258/1258 1261/1261
f 1262/1262 1260/1260 1263/1263
f 1264/1264 1262/1262 1265/1265
f 1266/1266 1264/1264 1267/1267
f 1268/1268 1266/1266 1269/1269
f 1270/1270 1268/1268 1271/1271
f 1272/1272 1270/1270 1273/1273
f 1274/1274 1272/1272 1275/1275
f 1276/1276 1274/1274 1277/1277
f 1278/1278 1276/1276 1279/1279
f 1280/1280 1278/1278 1281/1281
f 1252/1252 1280/1280 1282/1282
f 1282/1282 1253/1253 1252/1252
f 1281/1281 1282/1282 1280/1280
f 1279/1279 1281/1281 1278/1278
f 1277/1277 1279/1279 1276/1276
f 1275/1275 1277/1277 1274/1274
f 1273/1273 1275/1275 1272/1272
f 1271/1271 1273/1273 1270/1270
f 1269/1269 1271/1271 1268/1268
f 1267/1267 1269/1269 1266/1266
f 1265/1265 1267/1267 1264/1264
f 1263/1263 1265/1265 1262/1262
f 1261/1261 1263/1263 1260/1260
f 1259/1259 1261/1261 1258/1258
f 1257/1257 1259/1259 1256/1256
f 1255/1255 1257/1257 1254/1254
f 1253/1253 1255/1255 1251/1251
f 1283/1283 1284/1284 1285/1285
f 1286/1286 1283/1283 1287/1287
f 1288/1288 1286/1286 1289/1289
f 1290/1290 1288/1288 1291/1291
f 1292/1292 1290/1290 1293/1293
f 1294/1294 1292/1292 1295/1295
f 1296/1296 1294/1294 1297/1297
f 1298/1298 1296/1296 1299/1299
f 1300/1300 1298/1298 1301/1301
f 1302/1302 1300/1300 1303/1303
f 1304/1304 1302/1302 1305/1305
f 1306/1306 1304/1304 1307/1307
f 1308/1308 1306/1306 1309/1309
f 1310/1310 1308/1308 1311/1311
f 1312/1312 1310/1310 1313/1313
f 1284/1284 1312/1312 1314/1314
f 1314/1314 1285/1285 1284/1284
f 1313/1313 1314/1314 1312/1312
f 1311/1311 1313/1313 1310/1310
f 1309/1309 1311/1311 1308/1308
f 1307/1307 1309/1309 1306/1306
f 1305/1305 1307/1307 1304/1304
f 1303/1303 1305/1305 1302/1302
f 1301/1301 1303/1303 1300/1300
f 1299/1299 1301/1301 1298/1298
f 1297/1297 1299/1299 1296/1296
f 1295/1295 1297/1297 1294/1294
f 1293/1293 1295/1295 1292/1292
f 1291/1291 1293/1293 1290/1290
f 1289/1289 1291/1291 1288/1288
f 1287/1287 1289/1289 1286/1286
f 1285/1285 1287/1287 1283/1283
f 1315/1315 1316/1316 1317/1317
f 1318/1318 1315/1315 1319/1319
f 1320/1320 1318/1318 1321/1321
f 1322/1322 1320/1320 1323/1323
f 1324/1324 1322/1322 1325/1325
f 1326/1326 1324/1324 1327/1327
f 1328/1328 1326/1326 1329/1329
f 1330/1330 1328/1328 1331/1331
f 1332/1332 1330/1330 1333/1333
f 1334/1334 1332/1332 1335/1335
f 1336/1336 1334/1334 1337/1337
f 1338/1338 1336/1336 1339/1339
f 1340/1340 1338/1338 1341/1341
f 1342/1342 1340/1340 1343/1343
f 1344/1344 1342/1342 1345/1345
f 1316/1316 1344/1344 1346/1346
f 1346/1346 1317/1317 1316/1316
f 1345/1345 1346/1346 1344/1344
f 1343/1343 1345/1345 1342/1342
f 1341/1341 1343/1343 1340/1340
f 1339/1339 1341/1341 1338/1338
f 1337/1337 1339/1339 1336/1336
f 1335/1335 1337/1337 1334/1334
f 1333/1333 1335/1335 1332/1332
f 1331/1331 1333/1333 1330/1330
f 1329/1329 1331/1331 1328/1328
f 1327/1327 1329/1329 1326/1326
f 1325/1325 1327/1327 1324/1324
f 1323/1323 1325/1325 1322/1322
f 1321/1321 1323/1323 1320/1320
f 1319/1319 1321/1321 1318/1318
f 1317/1317 1319/1319 1315/1315
f 1347/1347 1348/1348 1349/1349
f 1350/1350 1347/1347 1351/1351
f 1352/1352 1350/1350 1353/1353
f 1354/1354 1352/1352 1355/1355
f 1356/1356 1354/1354 1357/1357
f 1358/1358 1356/1356 1359/1359
f 1360/1360 1358/1358 1361/1361
f 1362/1362 1360/1360 1363/1363
f 1364/1364 1362/1362 1365/1365
f 1366/1366 1364/1364 1367/1367
f 1368/1368 1366/1366 1369/1369
f 1370/1370 1368/1368 1371/1371
f 1372/1372 1370/1370 1373/1373
f 1374/1374 1372/1372 1375/1375
f 1376/1376 1374/1374 1377/1377
f 1348/1348 1376/1376 1378/1378
f 1378/1378 1349/1349 1348/1348
f 1377/1377 1378/1378 1376/1376
f 1375/1375 1377/1377 1374/1374
f 1373/1373 1375/1375 1372/1372
f 1371/1371 1373/1373 1370/1370
f 1369/1369 1371/1371 1368/1368
f 1367/1367 1369/1369 1366/1366
f 1365/1365 1367/1367 1364/1364
f 1363/1363 1365/1365 1362/1362
f 1361/1361 1363/1363 1360/1360
f 1359/1359 1361/1361 1358/1358
f 1357/1357 1359/1359 1356/1356
f 1355/1355 1357/1357 1354/1354
f 1353/1353 1355/1355 1352/1352
f 1351/1351 1353/1353 1350/1350
f 1349/1349 1351/1351 1347/1347
f 1379/1379 1380/1380 1381/1381
f 1382/1382 1379/1379 1383/1383
f 1384/1384 1382/1382 1385/1385
f 1386/1386 1384/1384 1387/1387
f 1388/1388 1386/1386 1389/1389
f 1390/1390 1388/1388 1391/1391
f 1392/1392 1390/1390 1393/1393
f 1394/1394 1392/1392 1395/1395
f 1396/1396 1394/1394 1397/1397
f 1398/1398 1396/1396 1399/1399
f 1400/1400 1398/1398 1401/1401
f 1402/1402 1400/1400 1403/1403
f 1404/1404 1402/1402 1405/1405
f 1406/1406 1404/1404 1407/1407
f 1408/1408 1406/1406 1409/1409
f 1380/1380 1408/1408 1410/1410
f 1410/1410 1381/1381 1380/1380
f 1409/1409 1410/1410 1408/1408
f 1407/1407 1409/1409 1406/1406
f 1405/1405 1407/1407 1404/1404
f 1403/1403 1405/1405 1402/1402
f 1401/1401 1403/1403 1400/1400
f 1399/1399 1401/1401 1398/1398
f 1397/1397 1399/1399 1396/1396
f 1395/1395 1397/1397 1394/1394
f 1393/1393 1395/1395 1392/1392
f 1391/1391 1393/1393 1390/1390
f 1389/1389 1391/1391 1388/1388
f 1387/1387 1389/1389 1386/1386
f 1385/1385 1387/1387 1384/1384
f 1383/1383 1385/1385 1382/1382
f 1381/1381 1383/1383 1379/1379
f 1411/1411 1412/1412 1413/1413
f 1413/1413 1414/1414 1411/1411
f 1412/1412 1411/1411 1415/1415
f 1416/1416 1417/1417 1418/1418
f 1411/1411 1419/1419 1420/1420
f 1418/1418 1421/1421 1416/1416
f 1417/1417 1422/1422 1423/1423
f 1417/1417 1415/1415 1424/1424
f 1415/1415 1420/1420 1425/1425
f 1411/1411 1426/1426 1419/1419
f 1416/1416 1427/1427 1428/1428
f 1423/1423 1418/1418 1417/1417
f 1424/1424 1429/1429 1417/1417
f 1415/1415 1430/1430 1431/1431
f 1420/1420 1415/1415 1411/1411
f 1416/1416 1432/1432 1427/1427
f 1429/1429 1422/1422 1417/1417
f 1425/1425 1430/1430 1415/1415
f 1411/1411 1428/1428 1433/1433
f 1421/1421 1432/1432 1416/1416
f 1433/1433 1426/1426 1411/1411
f 1431/1431 1424/1424 1415/1415
f 1434/1434 1415/1415 1435/1435
f 1436/1436 1437/1437 1438/1438
f 1436/1436 1439/1439 1437/1437
f 1435/1435 1415/1415 1440/1440
f 1438/1438 1417/1417 1436/1436
f 1436/1436 1435/1435 1441/1441
f 1440/1440 1442/1442 1435/1435
f 1415/1415 1443/1443 1444/1444
f 1417/1417 1445/1445 1446/1446
f 1438/1438 1447/1447 1417/1417
f 1441/1441 1448/1448 1436/1436
f 1435/1435 1449/1449 1450/1450
f 1444/1444 1440/1440 1415/1415
f 1417/1417 1451/1451 1445/1445
f 1448/1448 1439/1439 1436/1436
f 1442/1442 1449/1449 1435/1435
f 1415/1415 1446/1446 1452/1452
f 1447/1447 1451/1451 1417/1417
f 1452/1452 1443/1443 1415/1415
f 1450/1450 1441/1441 1435/1435
f 1453/1453 1435/1435 1454/1454
f 1436/1436 1455/1455 1456/1456
f 1455/1455 1457/1457 1458/1458
f 1454/1454 1459/1459 1460/1460
f 1435/1435 1461/1461 1459/1459
f 1436/1436 1462/1462 1463/1463
f 1458/1458 1456/1456 1455/1455
f 1459/1459 1454/1454 1435/1435
f 1436/1436 1464/1464 1462/1462
f 1456/1456 1465/1465 1436/1436
f 1455/1455 1454/1454 1466/1466
f 1435/1435 1467/1467 1461/1461
f 1435/1435 1463/1463 1468/1468
f 1465/1465 1464/1464 1436/1436
f 1466/1466 1469/1469 1455/1455
f 1454/1454 1470/1470 1471/1471
f 1468/1468 1467/1467 1435/1435
f 1469/1469 1457/1457 1455/1455
f 1460/1460 1470/1470 1454/1454
f 1471/1471 1466/1466 1454/1454
f 1472/1472 1454/1454 1473/1473
f 1473/1473 1454/1454 1474/1474
f 1475/1475 1476/1476 1477/1477
f 1474/1474 1478/1478 1473/1473
f 1454/1454 1479/1479 1480/1480
f 1455/1455 1477/1477 1481/1481
f 1475/1475 1482/1482 1476/1476
f 1480/1480 1474/1474 1454/1454
f 1477/1477 1455/1455 1475/1475
f 1454/1454 1483/1483 1479/1479
f 1455/1455 1484/1484 1485/1485
f 1481/1481 1486/1486 1455/1455
f 1475/1475 1473/1473 1487/1487
f 1454/1454 1485/1485 1483/1483
f 1486/1486 1484/1484 1455/1455
f 1473/1473 1488/1488 1487/1487
f 1478/1478 1489/1489 1473/1473
f 1475/1475 1490/1490 1482/1482
f 1489/1489 1488/1488 1473/1473
f 1487/1487 1490/1490 1475/1475
f 1491/1491 1473/1473 1492/1492
f 1492/1492 1473/1473 1493/1493
f 1494/1494 1495/1495 1496/1496
f 1473/1473 1497/1497 1493/1493
f 1473/1473 1498/1498 1499/1499
f 1475/1475 1500/1500 1501/1501
f 1496/1496 1475/1475 1494/1494
f 1492/1492 1502/1502 1503/1503
f 1499/1499 1497/1497 1473/1473
f 1496/1496 1500/1500 1475/1475
f 1494/1494 1504/1504 1505/1505
f 1494/1494 1492/1492 1506/1506
f 1493/1493 1502/1502 1492/1492
f 1475/1475 1507/1507 1508/1508
f 1505/1505 1495/1495 1494/1494
f 1492/1492 1509/1509 1506/1506
f 1473/1473 1508/1508 1498/1498
f 1501/1501 1507/1507 1475/1475
f 1503/1503 1509/1509 1492/1492
f 1506/1506 1504/1504 1494/1494
f 1510/1510 1492/1492 1511/1511
f 1512/1512 1513/1513 1514/1514
f 1514/1514 1515/1515 1512/1512
f 1515/1515 1516/1516 1512/1512
f 1492/1492 1494/1494 1512/1512
f 1512/1512 1511/1511 1492/1492
f 1517/1517 1518/1518 1519/1519
f 1517/1517 1520/1520 1518/1518
f 1517/1517 1521/1521 1522/1522
f 1519/1519 1416/1416 1523/1523
f 1522/1522 1520/1520 1517/1517
f 1519/1519 1524/1524 1525/1525
f 1416/1416 1526/1526 1523/1523
f 1411/1411 1527/1527 1528/1528
f 1414/1414 1529/1529 1527/1527
f 1414/1414 1530/1530 1531/1531
f 1414/1414 1521/1521 1517/1517
f 1525/1525 1532/1532 1519/1519
f 1416/1416 1533/1533 1526/1526
f 1416/1416 1411/1411 1534/1534
f 1527/1527 1411/1411 1414/1414
f 1517/1517 1530/1530 1414/1414
f 1523/1523 1524/1524 1519/1519
f 1534/1534 1535/1535 1416/1416
f 1411/1411 1536/1536 1537/1537
f 1531/1531 1529/1529 1414/1414
f 1535/1535 1533/1533 1416/1416
f 1528/1528 1536/1536 1411/1411
f 1537/1537 1534/1534 1411/1411
f 1519/1519 1532/1532 1517/1517
f 1516/1516 1511/1511 1512/1512
f 1511/1511 1538/1538 1510/1510
f 1508/1508 1473/1473 1475/1475
f 1492/1492 1510/1510 1491/1491
f 1485/1485 1454/1454 1455/1455
f 1473/1473 1491/1491 1472/1472
f 1463/1463 1435/1435 1436/1436
f 1454/1454 1472/1472 1453/1453
f 1446/1446 1415/1415 1417/1417
f 1435/1435 1453/1453 1434/1434
f 1428/1428 1411/1411 1416/1416
f 1415/1415 1434/1434 1412/1412
f 1413/1413 1539/1539 1414/1414
f 1540/1540 1541/1541 1542/1542
f 1543/1543 1540/1540 1544/1544
f 1545/1545 1546/1546 1547/1547
f 1544/1544 1548/1548 1549/1549
f 1546/1546 1550/1550 1547/1547
f 1546/1546 1551/1551 1552/1552
f 1553/1553 1554/1554 1555/1555
f 1549/1549 1553/1553 1544/1544
f 1545/1545 1556/1556 1557/1557
f 1552/1552 1550/1550 1546/1546
f 1549/1549 1554/1554 1553/1553
f 1544/1544 1558/1558 1559/1559
f 1547/1547 1556/1556 1545/1545
f 1546/1546 1553/1553 1560/1560
f 1559/1559 1548/1548 1544/1544
f 1545/1545 1561/1561 1562/1562
f 1560/1560 1551/1551 1546/1546
f 1555/1555 1563/1563 1553/1553
f 1557/1557 1561/1561 1545/1545
f 1544/1544 1562/1562 1558/1558
f 1563/1563 1560/1560 1553/1553
f 1564/1564 1543/1543 1553/1553
f 1565/1565 1566/1566 1567/1567
f 1568/1568 1553/1553 1569/1569
f 1546/1546 1567/1567 1570/1570
f 1565/1565 1571/1571 1566/1566
f 1565/1565 1568/1568 1572/1572
f 1569/1569 1573/1573 1568/1568
f 1553/1553 1574/1574 1575/1575
f 1546/1546 1576/1576 1577/1577
f 1567/1567 1546/1546 1565/1565
f 1572/1572 1578/1578 1565/1565
f 1568/1568 1579/1579 1580/1580
f 1575/1575 1569/1569 1553/1553
f 1546/1546 1581/1581 1576/1576
f 1578/1578 1571/1571 1565/1565
f 1573/1573 1579/1579 1568/1568
f 1553/1553 1577/1577 1582/1582
f 1570/1570 1581/1581 1546/1546
f 1582/1582 1574/1574 1553/1553
f 1580/1580 1572/1572 1568/1568
f 1583/1583 1564/1564 1568/1568
f 1584/1584 1585/1585 1586/1586
f 1587/1587 1568/1568 1588/1588
f 1565/1565 1589/1589 1590/1590
f 1565/1565 1586/1586 1591/1591
f 1584/1584 1592/1592 1585/1585
f 1588/1588 1593/1593 1587/1587
f 1568/1568 1594/1594 1595/1595
f 1565/1565 1596/1596 1589/1589
f 1586/1586 1565/1565 1584/1584
f 1584/1584 1587/1587 1597/1597
f 1595/1595 1588/1588 1568/1568
f 1568/1568 1590/1590 1598/1598
f 1591/1591 1596/1596 1565/1565
f 1597/1597 1599/1599 1584/1584
f 1587/1587 1600/1600 1601/1601
f 1598/1598 1594/1594 1568/1568
f 1599/1599 1592/1592 1584/1584
f 1593/1593 1600/1600 1587/1587
f 1601/1601 1597/1597 1587/1587
f 1602/1602 1583/1583 1587/1587
f 1587/1587 1603/1603 1604/1604
f 1584/1584 1605/1605 1606/1606
f 1605/1605 1607/1607 1608/1608
f 1607/1607 1604/1604 1609/1609
f 1587/1587 1610/1610 1603/1603
f 1584/1584 1611/1611 1612/1612
f 1606/1606 1613/1613 1584/1584
f 1605/1605 1614/1614 1615/1615
f 1608/1608 1616/1616 1605/1605
f 1607/1607 1617/1617 1618/1618
f 1604/1604 1607/1607 1587/1587
f 1587/1587 1612/1612 1619/1619
f 1584/1584 1620/1620 1611/1611
f 1615/1615 1606/1606 1605/1605
f 1618/1618 1608/1608 1607/1607
f 1619/1619 1610/1610 1587/1587
f 1613/1613 1620/1620 1584/1584
f 1609/1609 1617/1617 1607/1607
f 1616/1616 1614/1614 1605/1605
f 1621/1621 1602/1602 1607/1607
f 1622/1622 1623/1623 1624/1624
f 1623/1623 1607/1607 1625/1625
f 1622/1622 1626/1626 1627/1627
f 1623/1623 1628/1628 1624/1624
f 1625/1625 1629/1629 1623/1623
f 1607/1607 1630/1630 1631/1631
f 1605/1605 1632/1632 1633/1633
f 1605/1605 1627/1627 1634/1634
f 1622/1622 1635/1635 1626/1626
f 1624/1624 1636/1636 1622/1622
f 1631/1631 1625/1625 1607/1607
f 1607/1607 1633/1633 1637/1637
f 1605/1605 1638/1638 1632/1632
f 1627/1627 1605/1605 1622/1622
f 1623/1623 1639/1639 1628/1628
f 1637/1637 1630/1630 1607/1607
f 1634/1634 1638/1638 1605/1605
f 1629/1629 1639/1639 1623/1623
f 1636/1636 1635/1635 1622/1622
f 1623/1623 1640/1640 1641/1641
f 1640/1640 1642/1642 1641/1641
f 1643/1643 1644/1644 1645/1645
f 1643/1643 1646/1646 1644/1644
f 1544/1544 1542/1542 1643/1643
f 1643/1643 1542/1542 1646/1646
f 1645/1645 1647/1647 1643/1643
f 1648/1648 1649/1649 1650/1650
f 1648/1648 1651/1651 1652/1652
f 1652/1652 1649/1649 1648/1648
f 1650/1650 1653/1653 1648/1648
f 1640/1640 1654/1654 1648/1648
f 1640/1640 1623/1623 1655/1655
f 1652/1652 1656/1656 1657/1657
f 1648/1648 1658/1658 1640/1640
f 1655/1655 1659/1659 1640/1640
f 1623/1623 1660/1660 1661/1661
f 1622/1622 1662/1662 1663/1663
f 1622/1622 1657/1657 1664/1664
f 1652/1652 1665/1665 1656/1656
f 1653/1653 1658/1658 1648/1648
f 1661/1661 1655/1655 1623/1623
f 1623/1623 1663/1663 1666/1666
f 1622/1622 1667/1667 1662/1662
f 1657/1657 1622/1622 1652/1652
f 1640/1640 1668/1668 1654/1654
f 1666/1666 1660/1660 1623/1623
f 1664/1664 1667/1667 1622/1622
f 1659/1659 1668/1668 1640/1640
f 1651/1651 1665/1665 1652/1652
f 1663/1663 1623/1623 1622/1622
f 1643/1643 1545/1545 1544/1544
f 1641/1641 1621/1621 1623/1623
f 1633/1633 1607/1607 1605/1605
f 1607/1607 1623/1623 1621/1621
f 1612/1612 1587/1587 1584/1584
f 1587/1587 1607/1607 1602/1602
f 1590/1590 1568/1568 1565/1565
f 1568/1568 1587/1587 1583/1583
f 1577/1577 1553/1553 1546/1546
f 1553/1553 1568/1568 1564/1564
f 1562/1562 1544/1544 1545/1545
f 1544/1544 1553/1553 1543/1543
f 1542/1542 1544/1544 1540/1540
f 1669/1669 1670/1670 1671/1671
f 1672/1672 1669/1669 1673/1673
f 1674/1674 1672/1672 1675/1675
f 1676/1676 1674/1674 1677/1677
f 1678/1678 1676/1676 1679/1679
f 1680/1680 1678/1678 1681/1681
f 1682/1682 1680/1680 1683/1683
f 1684/1684 1682/1682 1685/1685
f 1686/1686 1684/1684 1687/1687
f 1688/1688 1686/1686 1689/1689
f 1690/1690 1688/1688 1691/1691
f 1692/1692 1690/1690 1693/1693
f 1694/1694 1692/1692 1695/1695
f 1696/1696 1694/1694 1697/1697
f 1698/1698 1696/1696 1699/1699
f 1670/1670 1698/1698 1700/1700
f 1700/1700 1671/1671 1670/1670
f 1699/1699 1700/1700 1698/1698
f 1697/1697 1699/1699 1696/1696
f 1695/1695 1697/1697 1694/1694
f 1693/1693 1695/1695 1692/1692
f 1691/1691 1693/1693 1690/1690
f 1689/1689 1691/1691 1688/1688
f 1687/1687 1689/1689 1686/1686
f 1685/1685 1687/1687 1684/1684
f 1683/1683 1685/1685 1682/1682
f 1681/1681 1683/1683 1680/1680
f 1679/1679 1681/1681 1678/1678
f 1677/1677 1679/1679 1676/1676
f 1675/1675 1677/1677 1674/1674
f 1673/1673 1675/1675 1672/1672
f 1671/1671 1673/1673 1669/1669
f 1701/1701 1702/1702 1703/1703
f 1704/1704 1701/1701 1705/1705
f 1706/1706 1704/1704 1707/1707
f 1708/1708 1706/1706 1709/1709
f 1710/1710 1708/1708 1711/1711
f 1712/1712 1710/1710 1713/1713
f 1714/1714 1712/1712 1715/1715
f 1716/1716 1714/1714 1717/1717
f 1718/1718 1716/1716 1719/1719
f 1720/1720 1718/1718 1721/1721
f 1722/1722 1720/1720 1723/1723
f 1724/1724 1722/1722 1725/1725
f 1726/1726 1724/1724 1727/1727
f 1728/1728 1726/1726 1729/1729
f 1730/1730 1728/1728 1731/1731
f 1702/1702 1730/1730 1732/1732
f 1732/1732 1703/1703 1702/1702
f 1731/1731 1732/1732 1730/1730
f 1729/1729 1731/1731 1728/1728
f 1727/1727 1729/1729 1726/1726
f 1725/1725 1727/1727 1724/1724
f 1723/1723 1725/1725 1722/1722
f 1721/1721 1723/1723 1720/1720
f 1719/1719 1721/1721 1718/1718
f 1717/1717 1719/1719 1716/1716
f 1715/1715 1717/1717 1714/1714
f 1713/1713 1715/1715 1712/1712
f 1711/1711 1713/1713 1710/1710
f 1709/1709 1711/1711 1708/1708
f 1707/1707 1709/1709 1706/1706
f 1705/1705 1707/1707 1704/1704
f 1703/1703 1705/1705 1701/1701
f 1733/1733 1734/1734 1735/1735
f 1736/1736 1733/1733 1737/1737
f 1738/1738 1736/1736 1739/1739
f 1740/1740 1738/1738 1741/1741
f 1742/1742 1740/1740 1743/1743
f 1744/1744 1742/1742 1745/1745
f 1746/1746 1744/1744 1747/1747
f 1748/1748 1746/1746 1749/1749
f 1750/1750 1748/1748 1751/1751
f 1752/1752 1750/1750 1753/1753
f 1754/1754 1752/1752 1755/1755
f 1756/1756 1754/1754 1757/1757
f 1758/1758 1756/1756 1759/1759
f 1760/1760 1758/1758 1761/1761
f 1762/1762 1760/1760 1763/1763
f 1734/1734 1762/1762 1764/1764
f 1764/1764 1735/1735 1734/1734
f 1763/1763 1764/1764 1762/1762
f 1761/1761 1763/1763 1760/1760
f 1759/1759 1761/1761 1758/1758
f 1757/1757 1759/1759 1756/1756
f 1755/1755 1757/1757 1754/1754
f 1753/1753 1755/1755 1752/1752
f 1751/1751 1753/1753 1750/1750
f 1749/1749 1751/1751 1748/1748
f 1747/1747 1749/1749 1746/1746
f 1745/1745 1747/1747 1744/1744
f 1743/1743 1745/1745 1742/1742
f 1741/1741 1743/1743 1740/1740
f 1739/1739 1741/1741 1738/1738
f 1737/1737 1739/1739 1736/1736
f 1735/1735 1737/1737 1733/1733
f 1765/1765 1766/1766 1767/1767
f 1768/1768 1765/1765 1769/1769
f 1770/1770 1768/1768 1771/1771
f 1772/1772 1770/1770 1773/1773
f 1774/1774 1772/1772 1775/1775
f 1776/1776 1774/1774 1777/1777
f 1778/1778 1776/1776 1779/1779
f 1780/1780 1778/1778 1781/1781
f 1782/1782 1780/1780 1783/1783
f 1784/1784 1782/1782 1785/1785
f 1786/1786 1784/1784 1787/1787
f 1788/1788 1786/1786 1789/1789
f 1790/1790 1788/1788 1791/1791
f 1792/1792 1790/1790 1793/1793
f 1794/1794 1792/1792 1795/1795
f 1766/1766 1794/1794 1796/1796
f 1796/1796 1767/1767 1766/1766
f 1795/1795 1796/1796 1794/1794
f 1793/1793 1795/1795 1792/1792
f 1791/1791 1793/1793 1790/1790
f 1789/1789 1791/1791 1788/1788
f 1787/1787 1789/1789 1786/1786
f 1785/1785 1787/1787 1784/1784
f 1783/1783 1785/1785 1782/1782
f 1781/1781 1783/1783 1780/1780
f 1779/1779 1781/1781 1778/1778
f 1777/1777 1779/1779 1776/1776
f 1775/1775 1777/1777 1774/1774
f 1773/1773 1775/1775 1772/1772
f 1771/1771 1773/1773 1770/1770
f 1769/1769 1771/1771 1768/1768
f 1767/1767 1769/1769 1765/1765
f 1797/1797 1798/1798 1799/1799
f 1800/1800 1797/1797 1801/1801
f 1802/1802 1800/1800 1803/1803
f 1804/1804 1802/1802 1805/1805
f 1806/1806 1804/1804 1807/1807
f 1808/1808 1806/1806 1809/1809
f 1810/1810 1808/1808 1811/1811
f 1812/1812 1810/1810 1813/1813
f 1814/1814 1812/1812 1815/1815
f 1816/1816 1814/1814 1817/1817
f 1818/1818 1816/1816 1819/1819
f 1820/1820 1818/1818 1821/1821
f 1822/1822 1820/1820 1823/1823
f 1824/1824 1822/1822 1825/1825
f 1826/1826 1824/1824 1827/1827
f 1798/1798 1826/1826 1828/1828
f 1828/1828 1799/1799 1798/1798
f 1827/1827 1828/1828 1826/1826
f 1825/1825 1827/1827 1824/1824
f 1823/1823 1825/1825 1822/1822
f 1821/1821 1823/1823 1820/1820
f 1819/1819 1821/1821 1818/1818
f 1817/1817 1819/1819 1816/1816
f 1815/1815 1817/1817 1814/1814
f 1813/1813 1815/1815 1812/1812
f 1811/1811 1813/1813 1810/1810
f 1809/1809 1811/1811 1808/1808
f 1807/1807 1809/1809 1806/1806
f 1805/1805 1807/1807 1804/1804
f 1803/1803 1805/1805 1802/1802
f 1801/1801 1803/1803 1800/1800
f 1799/1799 1801/1801 1797/1797
f 1829/1829 1830/1830 1831/1831
f 1831/1831 1832/1832 1829/1829
f 1833/1833 1834/1834 1830/1830
f 1830/1830 1835/1835 1833/1833
f 1836/1836 1837/1837 1838/1838
f 1836/1836 1833/1833 1839/1839
f 1838/1838 1840/1840 1836/1836
f 1833/1833 1841/1841 1839/1839
f 1839/1839 1837/1837 1836/1836
f 1833/1833 1842/1842 1843/1843
f 1844/1844 1845/1845 1846/1846
f 1843/1843 1841/1841 1833/1833
f 1846/1846 1833/1833 1844/1844
f 1846/1846 1842/1842 1833/1833
f 1844/1844 1847/1847 1848/1848
f 1849/1849 1850/1850 1851/1851
f 1844/1844 1851/1851 1850/1850
f 1848/1848 1845/1845 1844/1844
f 1850/1850 1847/1847 1844/1844
f 1852/1852 1853/1853 1854/1854
f 1855/1855 1856/1856 1857/1857
f 1852/1852 1857/1857 1856/1856
f 1851/1851 1858/1858 1849/1849
f 1858/1858 1859/1859 1860/1860
f 1854/1854 1861/1861 1852/1852
f 1856/1856 1853/1853 1852/1852
f 1836/1836 1858/1858 1862/1862
f 1860/1860 1849/1849 1858/1858
f 1836/1836 1863/1863 1859/1859
f 1836/1836 1864/1864 1865/1865
f 1857/1857 1866/1866 1855/1855
f 1866/1866 1867/1867 1868/1868
f 1862/1862 1869/1869 1836/1836
f 1859/1859 1858/1858 1836/1836
f 1870/1870 1852/1852 1871/1871
f 1836/1836 1872/1872 1864/1864
f 1868/1868 1855/1855 1866/1866
f 1866/1866 1836/1836 1873/1873
f 1840/1840 1863/1863 1836/1836
f 1833/1833 1874/1874 1875/1875
f 1871/1871 1833/1833 1870/1870
f 1836/1836 1866/1866 1872/1872
f 1873/1873 1867/1867 1866/1866
f 1875/1875 1844/1844 1833/1833
f 1833/1833 1876/1876 1870/1870
f 1861/1861 1871/1871 1852/1852
f 1871/1871 1874/1874 1833/1833
f 1833/1833 1835/1835 1877/1877
f 1869/1869 1873/1873 1836/1836
f 1835/1835 1878/1878 1877/1877
f 1877/1877 1876/1876 1833/1833
f 1835/1835 1879/1879 1880/1880
f 1881/1881 1882/1882 1883/1883
f 1880/1880 1878/1878 1835/1835
f 1835/1835 1883/1883 1884/1884
f 1883/1883 1835/1835 1885/1885
f 1884/1884 1879/1879 1835/1835
f 1881/1881 1886/1886 1882/1882
f 1883/1883 1885/1885 1881/1881
f 1881/1881 1865/1865 1886/1886
f 1887/1887 1833/1833 1888/1888
f 1889/1889 1890/1890 1891/1891
f 1889/1889 1892/1892 1893/1893
f 1893/1893 1892/1892 1894/1894
f 1833/1833 1895/1895 1888/1888
f 1891/1891 1896/1896 1889/1889
f 1894/1894 1897/1897 1893/1893
f 1888/1888 1898/1898 1899/1899
f 1833/1833 1900/1900 1901/1901
f 1836/1836 1902/1902 1903/1903
f 1893/1893 1890/1890 1889/1889
f 1894/1894 1904/1904 1905/1905
f 1833/1833 1906/1906 1907/1907
f 1901/1901 1895/1895 1833/1833
f 1903/1903 1833/1833 1836/1836
f 1905/1905 1897/1897 1894/1894
f 1907/1907 1894/1894 1833/1833
f 1903/1903 1900/1900 1833/1833
f 1836/1836 1908/1908 1909/1909
f 1910/1910 1889/1889 1911/1911
f 1907/1907 1904/1904 1894/1894
f 1833/1833 1887/1887 1912/1912
f 1909/1909 1902/1902 1836/1836
f 1836/1836 1889/1889 1913/1913
f 1889/1889 1910/1910 1914/1914
f 1889/1889 1915/1915 1911/1911
f 1912/1912 1906/1906 1833/1833
f 1836/1836 1916/1916 1908/1908
f 1898/1898 1888/1888 1917/1917
f 1914/1914 1913/1913 1889/1889
f 1911/1911 1918/1918 1919/1919
f 1888/1888 1899/1899 1887/1887
f 1917/1917 1911/1911 1920/1920
f 1911/1911 1919/1919 1910/1910
f 1911/1911 1917/1917 1921/1921
f 1917/1917 1920/1920 1898/1898
f 1921/1921 1918/1918 1911/1911
f 1913/1913 1916/1916 1836/1836
f 1922/1922 1894/1894 1923/1923
f 1833/1833 1894/1894 1922/1922
f 1923/1923 1924/1924 1922/1922
f 1924/1924 1925/1925 1922/1922
f 1922/1922 1834/1834 1833/1833
f 1896/1896 1915/1915 1889/1889
f 1865/1865 1881/1881 1836/1836
f 1829/1829 1835/1835 1830/1830
f 1926/1926 1927/1927 1928/1928
f 1929/1929 1930/1930 1931/1931
f 1928/1928 1932/1932 1926/1926
f 1931/1931 1926/1926 1929/1929
f 1931/1931 1927/1927 1926/1926
f 1929/1929 1933/1933 1934/1934
f 1929/1929 1935/1935 1936/1936
f 1934/1934 1930/1930 1929/1929
f 1936/1936 1937/1937 1929/1929
f 1937/1937 1933/1933 1929/1929
f 1935/1935 1938/1938 1939/1939
f 1940/1940 1941/1941 1942/1942
f 1935/1935 1942/1942 1941/1941
f 1939/1939 1936/1936 1935/1935
f 1941/1941 1938/1938 1935/1935
f 1942/1942 1943/1943 1940/1940
f 1943/1943 1944/1944 1945/1945
f 1926/1926 1943/1943 1946/1946
f 1945/1945 1940/1940 1943/1943
f 1943/1943 1926/1926 1947/1947
f 1946/1946 1948/1948 1926/1926
f 1947/1947 1944/1944 1943/1943
f 1932/1932 1947/1947 1926/1926
f 1929/1929 1949/1949 1950/1950
f 1951/1951 1952/1952 1953/1953
f 1929/1929 1954/1954 1955/1955
f 1950/1950 1935/1935 1929/1929
f 1953/1953 1929/1929 1951/1951
f 1954/1954 1956/1956 1955/1955
f 1953/1953 1949/1949 1929/1929
f 1951/1951 1957/1957 1958/1958
f 1959/1959 1960/1960 1961/1961
f 1951/1951 1961/1961 1960/1960
f 1955/1955 1962/1962 1929/1929
f 1958/1958 1952/1952 1951/1951
f 1960/1960 1957/1957 1951/1951
f 1962/1962 1963/1963 1929/1929
f 1954/1954 1964/1964 1965/1965
f 1954/1954 1966/1966 1967/1967
f 1967/1967 1966/1966 1968/1968
f 1969/1969 1926/1926 1970/1970
f 1961/1961 1971/1971 1959/1959
f 1971/1971 1972/1972 1973/1973
f 1965/1965 1956/1956 1954/1954
f 1968/1968 1974/1974 1967/1967
f 1926/1926 1975/1975 1976/1976
f 1970/1970 1971/1971 1969/1969
f 1973/1973 1959/1959 1971/1971
f 1967/1967 1964/1964 1954/1954
f 1968/1968 1977/1977 1978/1978
f 1969/1969 1975/1975 1926/1926
f 1971/1971 1970/1970 1972/1972
f 1978/1978 1974/1974 1968/1968
f 1948/1948 1970/1970 1926/1926
f 1968/1968 1976/1976 1977/1977
f 1963/1963 1951/1951 1929/1929
f 1979/1979 1980/1980 1981/1981
f 1926/1926 1968/1968 1982/1982
f 1982/1982 1968/1968 1979/1979
f 1981/1981 1982/1982 1979/1979
f 1983/1983 1984/1984 1985/1985
f 1983/1983 1986/1986 1984/1984
f 1926/1926 1987/1987 1983/1983
f 1983/1983 1988/1988 1926/1926
f 1989/1989 1990/1990 1991/1991
f 1991/1991 1992/1992 1989/1989
f 1989/1989 1993/1993 1994/1994
f 1995/1995 1996/1996 1997/1997
f 1989/1989 1997/1997 1996/1996
f 1994/1994 1990/1990 1989/1989
f 1996/1996 1993/1993 1989/1989
f 1997/1997 1998/1998 1995/1995
f 1998/1998 1999/1999 2000/2000
f 1988/1988 2001/2001 2002/2002
f 1988/1988 1998/1998 2003/2003
f 2000/2000 1995/1995 1998/1998
f 1998/1998 1988/1988 2004/2004
f 2003/2003 2001/2001 1988/1988
f 2004/2004 1999/1999 1998/1998
f 1991/1991 2005/2005 1992/1992
f 1992/1992 2006/2006 2007/2007
f 1929/1929 2008/2008 2006/2006
f 2007/2007 1989/1989 1992/1992
f 1929/1929 2009/2009 2008/2008
f 2006/2006 1992/1992 1929/1929
f 1929/1929 2010/2010 2011/2011
f 1988/1988 2012/2012 2013/2013
f 2014/2014 2012/2012 1988/1988
f 1992/1992 2015/2015 2014/2014
f 2011/2011 2009/2009 1929/1929
f 1929/1929 2016/2016 2017/2017
f 1926/1926 2018/2018 2016/2016
f 2013/2013 2019/2019 1988/1988
f 2014/2014 2020/2020 1992/1992
f 2017/2017 2010/2010 1929/1929
f 1926/1926 2021/2021 2018/2018
f 1988/1988 2020/2020 2014/2014
f 1992/1992 2005/2005 2022/2022
f 2016/2016 1929/1929 1926/1926
f 2022/2022 2015/2015 1992/1992
f 1926/1926 2002/2002 2021/2021
f 2002/2002 1926/1926 1988/1988
f 2019/2019 2004/2004 1988/1988
f 1985/1985 1988/1988 1983/1983
f 1982/1982 1987/1987 1926/1926
f 1976/1976 1968/1968 1926/1926
f 2023/2023 2024/2024 2025/2025
f 2026/2026 2023/2023 2027/2027
f 2028/2028 2026/2026 2029/2029
f 2030/2030 2028/2028 2031/2031
f 2032/2032 2030/2030 2033/2033
f 2034/2034 2032/2032 2035/2035
f 2036/2036 2034/2034 2037/2037
f 2038/2038 2036/2036 2039/2039
f 2040/2040 2038/2038 2041/2041
f 2042/2042 2040/2040 2043/2043
f 2044/2044 2042/2042 2045/2045
f 2046/2046 2044/2044 2047/2047
f 2048/2048 2046/2046 2049/2049
f 2050/2050 2048/2048 2051/2051
f 2052/2052 2050/2050 2053/2053
f 2024/2024 2052/2052 2054/2054
f 2054/2054 2025/2025 2024/2024
f 2053/2053 2054/2054 2052/2052
f 2051/2051 2053/2053 2050/2050
f 2049/2049 2051/2051 2048/2048
f 2047/2047 2049/2049 2046/2046
f 2045/2045 2047/2047 2044/2044
f 2043/2043 2045/2045 2042/2042
f 2041/2041 2043/2043 2040/2040
f 2039/2039 2041/2041 2038/2038
f 2037/2037 2039/2039 2036/2036
f 2035/2035 2037/2037 2034/2034
f 2033/2033 2035/2035 2032/2032
f 2031/2031 2033/2033 2030/2030
f 2029/2029 2031/2031 2028/2028
f 2027/2027 2029/2029 2026/2026
f 2025/2025 2027/2027 2023/2023
f 2055/2055 2056/2056 2057/2057
f 2058/2058 2055/2055 2059/2059
f 2060/2060 2058/2058 2061/2061
f 2062/2062 2060/2060 2063/2063
f 2064/2064 2062/2062 2065/2065
f 2066/2066 2064/2064 2067/2067
f 2068/2068 2066/2066 2069/2069
f 2070/2070 2068/2068 2071/2071
f 2072/2072 2070/2070 2073/2073
f 2074/2074 2072/2072 2075/2075
f 2076/2076 2074/2074 2077/2077
f 2078/2078 2076/2076 2079/2079
f 2080/2080 2078/2078 2081/2081
f 2082/2082 2080/2080 2083/2083
f 2084/2084 2082/2082 2085/2085
f 2056/2056 2084/2084 2086/2086
f 2086/2086 2057/2057 2056/2056
f 2085/2085 2086/2086 2084/2084
f 2083/2083 2085/2085 2082/2082
f 2081/2081 2083/2083 2080/2080
f 2079/2079 2081/2081 2078/2078
f 2077/2077 2079/2079 2076/2076
f 2075/2075 2077/2077 2074/2074
f 2073/2073 2075/2075 2072/2072
f 2071/2071 2073/2073 2070/2070
f 2069/2069 2071/2071 2068/2068
f 2067/2067 2069/2069 2066/2066
f 2065/2065 2067/2067 2064/2064
f 2063/2063 2065/2065 2062/2062
f 2061/2061 2063/2063 2060/2060
f 2059/2059 2061/2061 2058/2058
f 2057/2057 2059/2059 2055/2055
f 2087/2087 2088/2088 2089/2089
f 2090/2090 2087/2087 2091/2091
f 2092/2092 2090/2090 2093/2093
f 2094/2094 2092/2092 2095/2095
f 2096/2096 2094/2094 2097/2097
f 2098/2098 2096/2096 2099/2099
f 2100/2100 2098/2098 2101/2101
f 2102/2102 2100/2100 2103/2103
f 2104/2104 2102/2102 2105/2105
f 2106/2106 2104/2104 2107/2107
f 2108/2108 2106/2106 2109/2109
f 2110/2110 2108/2108 2111/2111
f 2112/2112 2110/2110 2113/2113
f 2114/2114 2112/2112 2115/2115
f 2116/2116 2114/2114 2117/2117
f 2088/2088 2116/2116 2118/2118
f 2118/2118 2089/2089 2088/2088
f 2117/2117 2118/2118 2116/2116
f 2115/2115 2117/2117 2114/2114
f 2113/2113 2115/2115 2112/2112
f 2111/2111 2113/2113 2110/2110
f 2109/2109 2111/2111 2108/2108
f 2107/2107 2109/2109 2106/2106
f 2105/2105 2107/2107 2104/2104
f 2103/2103 2105/2105 2102/2102
f 2101/2101 2103/2103 2100/2100
f 2099/2099 2101/2101 2098/2098
f 2097/2097 2099/2099 2096/2096
f 2095/2095 2097/2097 2094/2094
f 2093/2093 2095/2095 2092/2092
f 2091/2091 2093/2093 2090/2090
f 2089/2089 2091/2091 2087/2087
f 2119/2119 2120/2120 2121/2121
f 2122/2122 2119/2119 2123/2123
f 2124/2124 2122/2122 2125/2125
f 2126/2126 2124/2124 2127/2127
f 2128/2128 2126/2126 2129/2129
f 2130/2130 2128/2128 2131/2131
f 2132/2132 2130/2130 2133/2133
f 2134/2134 2132/2132 2135/2135
f 2136/2136 2134/2134 2137/2137
f 2138/2138 2136/2136 2139/2139
f 2140/2140 2138/2138 2141/2141
f 2142/2142 2140/2140 2143/2143
f 2144/2144 2142/2142 2145/2145
f 2146/2146 2144/2144 2147/2147
f 2148/2148 2146/2146 2149/2149
f 2120/2120 2148/2148 2150/2150
f 2150/2150 2121/2121 2120/2120
f 2149/2149 2150/2150 2148/2148
f 2147/2147 2149/2149 2146/2146
f 2145/2145 2147/2147 2144/2144
f 2143/2143 2145/2145 2142/2142
f 2141/2141 2143/2143 2140/2140
f 2139/2139 2141/2141 2138/2138
f 2137/2137 2139/2139 2136/2136
f 2135/2135 2137/2137 2134/2134
f 2133/2133 2135/2135 2132/2132
f 2131/2131 2133/2133 2130/2130
f 2129/2129 2131/2131 2128/2128
f 2127/2127 2129/2129 2126/2126
f 2125/2125 2127/2127 2124/2124
f 2123/2123 2125/2125 2122/2122
f 2121/2121 2123/2123 2119/2119
f 2151/2151 2152/2152 2153/2153
f 2154/2154 2151/2151 2155/2155
f 2156/2156 2154/2154 2157/2157
f 2158/2158 2156/2156 2159/2159
f 2160/2160 2158/2158 2161/2161
f 2162/2162 2160/2160 2163/2163
f 2164/2164 2162/2162 2165/2165
f 2166/2166 2164/2164 2167/2167
f 2168/2168 2166/2166 2169/2169
f 2170/2170 2168/2168 2171/2171
f 2172/2172 2170/2170 2173/2173
f 2174/2174 2172/2172 2175/2175
f 2176/2176 2174/2174 2177/2177
f 2178/2178 2176/2176 2179/2179
f 2180/2180 2178/2178 2181/2181
f 2152/2152 2180/2180 2182/2182
f 2182/2182 2153/2153 2152/2152
f 2181/2181 2182/2182 2180/2180
f 2179/2179 2181/2181 2178/2178
f 2177/2177 2179/2179 2176/2176
f 2175/2175 2177/2177 2174/2174
f 2173/2173 2175/2175 2172/2172
f 2171/2171 2173/2173 2170/2170
f 2169/2169 2171/2171 2168/2168
f 2167/2167 2169/2169 2166/2166
f 2165/2165 2167/2167 2164/2164
f 2163/2163 2165/2165 2162/2162
f 2161/2161 2163/2163 2160/2160
f 2159/2159 2161/2161 2158/2158
f 2157/2157 2159/2159 2156/2156
f 2155/2155 2157/2157 2154/2154
f 2153/2153 2155/2155 2151/2151
f 2183/2183 2184/2184 2185/2185
f 2186/2186 2187/2187 2188/2188
f 2189/2189 2190/2190 2191/2191
f 2183/2183 2190/2190 2184/2184
f 2187/2187 2192/2192 2188/2188
f 2187/2187 2185/2185 2193/2193
f 2190/2190 2183/2183 2191/2191
f 2185/2185 2187/2187 2194/2194
f 2195/2195 2196/2196 2197/2197
f 2193/2193 2192/2192 2187/2187
f 2185/2185 2194/2194 2183/2183
f 2197/2197 2198/2198 2195/2195
f 2189/2189 2199/2199 2200/2200
f 2191/2191 2199/2199 2189/2189
f 2198/2198 2201/2201 2195/2195
f 2202/2202 2189/2189 2203/2203
f 2188/2188 2204/2204 2186/2186
f 2201/2201 2205/2205 2195/2195
f 2186/2186 2206/2206 2195/2195
f 2202/2202 2207/2207 2208/2208
f 2189/2189 2209/2209 2203/2203
f 2186/2186 2210/2210 2187/2187
f 2197/2197 2211/2211 2212/2212
f 2205/2205 2213/2213 2195/2195
f 2186/2186 2214/2214 2206/2206
f 2215/2215 2216/2216 2217/2217
f 2208/2208 2215/2215 2202/2202
f 2200/2200 2209/2209 2189/2189
f 2197/2197 2218/2218 2211/2211
f 2195/2195 2213/2213 2186/2186
f 2208/2208 2216/2216 2215/2215
f 2202/2202 2219/2219 2220/2220
f 2203/2203 2219/2219 2202/2202
f 2189/2189 2212/2212 2221/2221
f 2196/2196 2218/2218 2197/2197
f 2186/2186 2215/2215 2222/2222
f 2220/2220 2207/2207 2202/2202
f 2221/2221 2190/2190 2189/2189
f 2186/2186 2223/2223 2214/2214
f 2217/2217 2222/2222 2215/2215
f 2212/2212 2189/2189 2197/2197
f 2204/2204 2223/2223 2186/2186
f 2224/2224 2225/2225 2226/2226
f 2224/2224 2227/2227 2225/2225
f 2226/2226 2228/2228 2224/2224
f 2227/2227 2224/2224 2229/2229
f 2230/2230 2231/2231 2232/2232
f 2233/2233 2234/2234 2235/2235
f 2233/2233 2236/2236 2237/2237
f 2237/2237 2236/2236 2238/2238
f 2229/2229 2239/2239 2227/2227
f 2240/2240 2231/2231 2241/2241
f 2231/2231 2242/2242 2232/2232
f 2235/2235 2243/2243 2233/2233
f 2238/2238 2244/2244 2237/2237
f 2240/2240 2245/2245 2224/2224
f 2231/2231 2246/2246 2241/2241
f 2232/2232 2247/2247 2230/2230
f 2237/2237 2234/2234 2233/2233
f 2238/2238 2248/2248 2249/2249
f 2241/2241 2245/2245 2240/2240
f 2231/2231 2250/2250 2242/2242
f 2251/2251 2231/2231 2252/2252
f 2249/2249 2244/2244 2238/2238
f 2238/2238 2252/2252 2253/2253
f 2233/2233 2254/2254 2255/2255
f 2230/2230 2246/2246 2231/2231
f 2232/2232 2256/2256 2257/2257
f 2231/2231 2258/2258 2252/2252
f 2253/2253 2248/2248 2238/2238
f 2254/2254 2259/2259 2255/2255
f 2260/2260 2254/2254 2261/2261
f 2257/2257 2247/2247 2232/2232
f 2252/2252 2262/2262 2251/2251
f 2255/2255 2236/2236 2233/2233
f 2261/2261 2263/2263 2260/2260
f 2232/2232 2261/2261 2256/2256
f 2231/2231 2264/2264 2258/2258
f 2260/2260 2259/2259 2254/2254
f 2261/2261 2265/2265 2266/2266
f 2251/2251 2250/2250 2231/2231
f 2252/2252 2267/2267 2268/2268
f 2266/2266 2263/2263 2261/2261
f 2261/2261 2232/2232 2269/2269
f 2270/2270 2271/2271 2254/2254
f 2268/2268 2262/2262 2252/2252
f 2202/2202 2272/2272 2273/2273
f 2269/2269 2265/2265 2261/2261
f 2270/2270 2274/2274 2271/2271
f 2275/2275 2270/2270 2229/2229
f 2252/2252 2238/2238 2267/2267
f 2273/2273 2231/2231 2202/2202
f 2254/2254 2233/2233 2270/2270
f 2229/2229 2276/2276 2275/2275
f 2273/2273 2264/2264 2231/2231
f 2202/2202 2277/2277 2278/2278
f 2275/2275 2274/2274 2270/2270
f 2229/2229 2279/2279 2280/2280
f 2278/2278 2272/2272 2202/2202
f 2202/2202 2233/2233 2281/2281
f 2280/2280 2276/2276 2229/2229
f 2281/2281 2277/2277 2202/2202
f 2229/2229 2224/2224 2279/2279
f 2243/2243 2281/2281 2233/2233
f 2228/2228 2240/2240 2224/2224
f 2233/2233 2202/2202 2215/2215
f 2222/2222 2210/2210 2186/2186
f 2189/2189 2202/2202 2231/2231
f 2282/2282 2283/2283 2284/2284
f 2284/2284 2285/2285 2282/2282
f 2286/2286 2287/2287 2288/2288
f 2285/2285 2289/2289 2282/2282
f 2288/2288 2289/2289 2286/2286
f 2290/2290 2291/2291 2292/2292
f 2288/2288 2282/2282 2289/2289
f 2286/2286 2293/2293 2294/2294
f 2295/2295 2296/2296 2297/2297
f 2290/2290 2298/2298 2299/2299
f 2291/2291 2300/2300 2292/2292
f 2294/2294 2287/2287 2286/2286
f 2301/2301 2302/2302 2303/2303
f 2304/2304 2305/2305 2306/2306
f 2295/2295 2307/2307 2296/2296
f 2292/2292 2298/2298 2290/2290
f 2291/2291 2308/2308 2309/2309
f 2304/2304 2310/2310 2308/2308
f 2303/2303 2284/2284 2301/2301
f 2306/2306 2301/2301 2304/2304
f 2295/2295 2311/2311 2307/2307
f 2290/2290 2312/2312 2313/2313
f 2309/2309 2300/2300 2291/2291
f 2304/2304 2301/2301 2310/2310
f 2306/2306 2302/2302 2301/2301
f 2304/2304 2314/2314 2295/2295
f 2295/2295 2314/2314 2311/2311
f 2299/2299 2312/2312 2290/2290
f 2283/2283 2301/2301 2284/2284
f 2295/2295 2315/2315 2304/2304
f 2297/2297 2316/2316 2317/2317
f 2297/2297 2286/2286 2318/2318
f 2308/2308 2291/2291 2304/2304
f 2297/2297 2317/2317 2295/2295
f 2318/2318 2319/2319 2297/2297
f 2286/2286 2313/2313 2293/2293
f 2304/2304 2320/2320 2321/2321
f 2319/2319 2316/2316 2297/2297
f 2313/2313 2286/2286 2290/2290
f 2315/2315 2320/2320 2304/2304
f 2321/2321 2305/2305 2304/2304
f 2286/2286 2322/2322 2318/2318
f 2323/2323 2324/2324 2325/2325
f 2325/2325 2326/2326 2323/2323
f 2324/2324 2327/2327 2325/2325
f 2328/2328 2329/2329 2330/2330
f 2326/2326 2331/2331 2323/2323
f 2331/2331 2332/2332 2333/2333
f 2334/2334 2335/2335 2336/2336
f 2330/2330 2337/2337 2328/2328
f 2333/2333 2323/2323 2331/2331
f 2336/2336 2331/2331 2334/2334
f 2329/2329 2338/2338 2330/2330
f 2336/2336 2332/2332 2331/2331
f 2339/2339 2340/2340 2341/2341
f 2340/2340 2325/2325 2342/2342
f 2337/2337 2343/2343 2328/2328
f 2343/2343 2344/2344 2345/2345
f 2334/2334 2346/2346 2347/2347
f 2334/2334 2348/2348 2335/2335
f 2342/2342 2341/2341 2340/2340
f 2345/2345 2328/2328 2343/2343
f 2347/2347 2343/2343 2334/2334
f 2327/2327 2342/2342 2325/2325
f 2339/2339 2349/2349 2340/2340
f 2350/2350 2351/2351 2352/2352
f 2347/2347 2344/2344 2343/2343
f 2341/2341 2353/2353 2339/2339
f 2352/2352 2339/2339 2350/2350
f 2354/2354 2330/2330 2355/2355
f 2350/2350 2356/2356 2354/2354
f 2334/2334 2357/2357 2346/2346
f 2352/2352 2349/2349 2339/2339
f 2354/2354 2351/2351 2350/2350
f 2338/2338 2355/2355 2330/2330
f 2355/2355 2351/2351 2354/2354
f 2331/2331 2357/2357 2334/2334
f 2350/2350 2358/2358 2359/2359
f 2290/2290 2360/2360 2361/2361
f 2359/2359 2356/2356 2350/2350
f 2361/2361 2350/2350 2290/2290
f 2362/2362 2363/2363 2364/2364
f 2362/2362 2365/2365 2334/2334
f 2366/2366 2367/2367 2368/2368
f 2361/2361 2358/2358 2350/2350
f 2290/2290 2369/2369 2370/2370
f 2290/2290 2371/2371 2372/2372
f 2334/2334 2363/2363 2362/2362
f 2362/2362 2373/2373 2366/2366
f 2370/2370 2360/2360 2290/2290
f 2371/2371 2374/2374 2372/2372
f 2368/2368 2362/2362 2366/2366
f 2368/2368 2367/2367 2353/2353
f 2372/2372 2369/2369 2290/2290
f 2371/2371 2375/2375 2376/2376
f 2364/2364 2373/2373 2362/2362
f 2353/2353 2377/2377 2378/2378
f 2376/2376 2374/2374 2371/2371
f 2334/2334 2379/2379 2375/2375
f 2353/2353 2378/2378 2368/2368
f 2353/2353 2341/2341 2380/2380
f 2375/2375 2371/2371 2334/2334
f 2380/2380 2377/2377 2353/2353
f 2365/2365 2348/2348 2334/2334
f 2343/2343 2379/2379 2334/2334
f 2371/2371 2290/2290 2286/2286
f 2289/2289 2322/2322 2286/2286
f 2291/2291 2290/2290 2350/2350
f 2381/2381 2382/2382 2383/2383
f 2384/2384 2381/2381 2385/2385
f 2386/2386 2384/2384 2387/2387
f 2388/2388 2386/2386 2389/2389
f 2390/2390 2388/2388 2391/2391
f 2392/2392 2390/2390 2393/2393
f 2394/2394 2392/2392 2395/2395
f 2396/2396 2394/2394 2397/2397
f 2398/2398 2396/2396 2399/2399
f 2400/2400 2398/2398 2401/2401
f 2402/2402 2400/2400 2403/2403
f 2404/2404 2402/2402 2405/2405
f 2406/2406 2404/2404 2407/2407
f 2408/2408 2406/2406 2409/2409
f 2410/2410 2408/2408 2411/2411
f 2382/2382 2410/2410 2412/2412
f 2412/2412 2383/2383 2382/2382
f 2411/2411 2412/2412 2410/2410
f 2409/2409 2411/2411 2408/2408
f 2407/2407 2409/2409 2406/2406
f 2405/2405 2407/2407 2404/2404
f 2403/2403 2405/2405 2402/2402
f 2401/2401 2403/2403 2400/2400
f 2399/2399 2401/2401 2398/2398
f 2397/2397 2399/2399 2396/2396
f 2395/2395 2397/2397 2394/2394
f 2393/2393 2395/2395 2392/2392
f 2391/2391 2393/2393 2390/2390
f 2389/2389 2391/2391 2388/2388
f 2387/2387 2389/2389 2386/2386
f 2385/2385 2387/2387 2384/2384
f 2383/2383 2385/2385 2381/2381
f 2413/2413 2414/2414 2415/2415
f 2416/2416 2413/2413 2417/2417
f 2418/2418 2416/2416 2419/2419
f 2420/2420 2418/2418 2421/2421
f 2422/2422 2420/2420 2423/2423
f 2424/2424 2422/2422 2425/2425
f 2426/2426 2424/2424 2427/2427
f 2428/2428 2426/2426 2429/2429
f 2430/2430 2428/2428 2431/2431
f 2432/2432 2430/2430 2433/2433
f 2434/2434 2432/2432 2435/2435
f 2436/2436 2434/2434 2437/2437
f 2438/2438 2436/2436 2439/2439
f 2440/2440 2438/2438 2441/2441
f 2442/2442 2440/2440 2443/2443
f 2414/2414 2442/2442 2444/2444
f 2444/2444 2415/2415 2414/2414
f 2443/2443 2444/2444 2442/2442
f 2441/2441 2443/2443 2440/2440
f 2439/2439 2441/2441 2438/2438
f 2437/2437 2439/2439 2436/2436
f 2435/2435 2437/2437 2434/2434
f 2433/2433 2435/2435 2432/2432
f 2431/2431 2433/2433 2430/2430
f 2429/2429 2431/2431 2428/2428
f 2427/2427 2429/2429 2426/2426
f 2425/2425 2427/2427 2424/2424
f 2423/2423 2425/2425 2422/2422
f 2421/2421 2423/2423 2420/2420
f 2419/2419 2421/2421 2418/2418
f 2417/2417 2419/2419 2416/2416
f 2415/2415 2417/2417 2413/2413
f 2445/2445 2446/2446 2447/2447
f 2448/2448 2445/2445 2449/2449
f 2450/2450 2448/2448 2451/2451
f 2452/2452 2450/2450 2453/2453
f 2454/2454 2452/2452 2455/2455
f 2456/2456 2454/2454 2457/2457
f 2458/2458 2456/2456 2459/2459
f 2460/2460 2458/2458 2461/2461
f 2462/2462 2460/2460 2463/2463
f 2464/2464 2462/2462 2465/2465
f 2466/2466 2464/2464 2467/2467
f 2468/2468 2466/2466 2469/2469
f 2470/2470 2468/2468 2471/2471
f 2472/2472 2470/2470 2473/2473
f 2474/2474 2472/2472 2475/2475
f 2446/2446 2474/2474 2476/2476
f 2476/2476 2447/2447 2446/2446
f 2475/2475 2476/2476 2474/2474
f 2473/2473 2475/2475 2472/2472
f 2471/2471 2473/2473 2470/2470
f 2469/2469 2471/2471 2468/2468
f 2467/2467 2469/2469 2466/2466
f 2465/2465 2467/2467 2464/2464
f 2463/2463 2465/2465 2462/2462
f 2461/2461 2463/2463 2460/2460
f 2459/2459 2461/2461 2458/2458
f 2457/2457 2459/2459 2456/2456
f 2455/2455 2457/2457 2454/2454
f 2453/2453 2455/2455 2452/2452
f 2451/2451 2453/2453 2450/2450
f 2449/2449 2451/2451 2448/2448
f 2447/2447 2449/2449 2445/2445
f 2477/2477 2478/2478 2479/2479
f 2480/2480 2477/2477 2481/2481
f 2482/2482 2480/2480 2483/2483
f 2484/2484 2482/2482 2485/2485
f 2486/2486 2484/2484 2487/2487
f 2488/2488 2486/2486 2489/2489
f 2490/2490 2488/2488 2491/2491
f 2492/2492 2490/2490 2493/2493
f 2494/2494 2492/2492 2495/2495
f 2496/2496 2494/2494 2497/2497
f 2498/2498 2496/2496 2499/2499
f 2500/2500 2498/2498 2501/2501
f 2502/2502 2500/2500 2503/2503
f 2504/2504 2502/2502 2505/2505
f 2506/2506 2504/2504 2507/2507
f 2478/2478 2506/2506 2508/2508
f 2508/2508 2479/2479 2478/2478
f 2507/2507 2508/2508 2506/2506
f 2505/2505 2507/2507 2504/2504
f 2503/2503 2505/2505 2502/2502
f 2501/2501 2503/2503 2500/2500
f 2499/2499 2501/2501 2498/2498
f 2497/2497 2499/2499 2496/2496
f 2495/2495 2497/2497 2494/2494
f 2493/2493 2495/2495 2492/2492
f 2491/2491 2493/2493 2490/2490
f 2489/2489 2491/2491 2488/2488
f 2487/2487 2489/2489 2486/2486
f 2485/2485 2487/2487 2484/2484
f 2483/2483 2485/2485 2482/2482
f 2481/2481 2483/2483 2480/2480
f 2479/2479 2481/2481 2477/2477
f 2509/2509 2510/2510 2511/2511
f 2512/2512 2513/2513 2509/2509
f 2511/2511 2514/2514 2509/2509
f 2509/2509 2515/2515 2512/2512
f 2516/2516 2517/2517 2513/2513
f 2518/2518 2519/2519 2520/2520
f 2521/2521 2520/2520 2519/2519
f 2514/2514 2515/2515 2509/2509
f 2513/2513 2522/2522 2516/2516
f 2521/2521 2523/2523 2524/2524
f 2519/2519 2523/2523 2521/2521
f 2512/2512 2522/2522 2513/2513
f 2516/2516 2525/2525 2526/2526
f 2520/2520 2527/2527 2518/2518
f 2527/2527 2528/2528 2529/2529
f 2526/2526 2517/2517 2516/2516
f 2530/2530 2531/2531 2532/2532
f 2528/2528 2527/2527 2533/2533
f 2529/2529 2518/2518 2527/2527
f 2510/2510 2534/2534 2511/2511
f 2532/2532 2516/2516 2530/2530
f 2524/2524 2531/2531 2521/2521
f 2531/2531 2530/2530 2535/2535
f 2536/2536 2537/2537 2538/2538
f 2539/2539 2538/2538 2537/2537
f 2532/2532 2525/2525 2516/2516
f 2535/2535 2521/2521 2531/2531
f 2539/2539 2540/2540 2541/2541
f 2537/2537 2540/2540 2539/2539
f 2542/2542 2543/2543 2544/2544
f 2542/2542 2545/2545 2546/2546
f 2533/2533 2547/2547 2528/2528
f 2547/2547 2511/2511 2548/2548
f 2538/2538 2549/2549 2536/2536
f 2549/2549 2550/2550 2551/2551
f 2542/2542 2552/2552 2553/2553
f 2542/2542 2554/2554 2543/2543
f 2546/2546 2555/2555 2542/2542
f 2556/2556 2557/2557 2558/2558
f 2559/2559 2511/2511 2560/2560
f 2548/2548 2528/2528 2547/2547
f 2561/2561 2562/2562 2563/2563
f 2550/2550 2549/2549 2564/2564
f 2551/2551 2536/2536 2549/2549
f 2553/2553 2516/2516 2542/2542
f 2555/2555 2554/2554 2542/2542
f 2565/2565 2560/2560 2545/2545
f 2545/2545 2542/2542 2566/2566
f 2567/2567 2568/2568 2556/2556
f 2556/2556 2568/2568 2557/2557
f 2511/2511 2569/2569 2560/2560
f 2534/2534 2548/2548 2511/2511
f 2563/2563 2516/2516 2561/2561
f 2541/2541 2562/2562 2539/2539
f 2562/2562 2561/2561 2570/2570
f 2544/2544 2552/2552 2542/2542
f 2566/2566 2571/2571 2545/2545
f 2516/2516 2572/2572 2573/2573
f 2572/2572 2574/2574 2575/2575
f 2572/2572 2576/2576 2577/2577
f 2577/2577 2576/2576 2567/2567
f 2558/2558 2578/2578 2579/2579
f 2560/2560 2580/2580 2559/2559
f 2563/2563 2530/2530 2516/2516
f 2570/2570 2539/2539 2562/2562
f 2545/2545 2571/2571 2565/2565
f 2572/2572 2581/2581 2573/2573
f 2577/2577 2574/2574 2572/2572
f 2558/2558 2579/2579 2556/2556
f 2511/2511 2582/2582 2583/2583
f 2560/2560 2565/2565 2580/2580
f 2564/2564 2569/2569 2550/2550
f 2569/2569 2511/2511 2584/2584
f 2573/2573 2542/2542 2516/2516
f 2556/2556 2577/2577 2567/2567
f 2559/2559 2582/2582 2511/2511
f 2584/2584 2550/2550 2569/2569
f 2575/2575 2581/2581 2572/2572
f 2547/2547 2584/2584 2511/2511
f 2558/2558 2583/2583 2578/2578
f 2553/2553 2561/2561 2516/2516
f 2583/2583 2558/2558 2511/2511
f 2585/2585 2586/2586 2587/2587
f 2588/2588 2589/2589 2590/2590
f 2590/2590 2589/2589 2585/2585
f 2587/2587 2591/2591 2592/2592
f 2593/2593 2594/2594 2595/2595
f 2596/2596 2595/2595 2594/2594
f 2588/2588 2597/2597 2598/2598
f 2587/2587 2590/2590 2585/2585
f 2587/2587 2586/2586 2591/2591
f 2596/2596 2599/2599 2600/2600
f 2594/2594 2599/2599 2596/2596
f 2590/2590 2597/2597 2588/2588
f 2592/2592 2601/2601 2602/2602
f 2595/2595 2603/2603 2593/2593
f 2603/2603 2604/2604 2605/2605
f 2592/2592 2602/2602 2587/2587
f 2606/2606 2607/2607 2608/2608
f 2604/2604 2603/2603 2609/2609
f 2605/2605 2593/2593 2603/2603
f 2598/2598 2610/2610 2588/2588
f 2608/2608 2592/2592 2606/2606
f 2600/2600 2607/2607 2596/2596
f 2607/2607 2606/2606 2611/2611
f 2612/2612 2613/2613 2614/2614
f 2615/2615 2614/2614 2613/2613
f 2608/2608 2601/2601 2592/2592
f 2611/2611 2596/2596 2607/2607
f 2615/2615 2616/2616 2617/2617
f 2613/2613 2616/2616 2615/2615
f 2618/2618 2619/2619 2620/2620
f 2618/2618 2621/2621 2622/2622
f 2609/2609 2623/2623 2604/2604
f 2623/2623 2588/2588 2624/2624
f 2614/2614 2625/2625 2612/2612
f 2625/2625 2626/2626 2627/2627
f 2618/2618 2628/2628 2629/2629
f 2618/2618 2630/2630 2619/2619
f 2622/2622 2631/2631 2618/2618
f 2632/2632 2633/2633 2634/2634
f 2635/2635 2588/2588 2636/2636
f 2624/2624 2604/2604 2623/2623
f 2637/2637 2638/2638 2639/2639
f 2626/2626 2625/2625 2640/2640
f 2627/2627 2612/2612 2625/2625
f 2629/2629 2592/2592 2618/2618
f 2631/2631 2630/2630 2618/2618
f 2641/2641 2636/2636 2621/2621
f 2621/2621 2618/2618 2642/2642
f 2634/2634 2643/2643 2632/2632
f 2644/2644 2645/2645 2632/2632
f 2588/2588 2646/2646 2636/2636
f 2610/2610 2624/2624 2588/2588
f 2639/2639 2592/2592 2637/2637
f 2617/2617 2638/2638 2615/2615
f 2638/2638 2637/2637 2647/2647
f 2620/2620 2628/2628 2618/2618
f 2642/2642 2648/2648 2621/2621
f 2592/2592 2634/2634 2649/2649
f 2643/2643 2650/2650 2632/2632
f 2632/2632 2650/2650 2644/2644
f 2651/2651 2652/2652 2645/2645
f 2651/2651 2653/2653 2654/2654
f 2636/2636 2655/2655 2635/2635
f 2639/2639 2606/2606 2592/2592
f 2647/2647 2615/2615 2638/2638
f 2621/2621 2648/2648 2641/2641
f 2634/2634 2656/2656 2649/2649
f 2644/2644 2657/2657 2645/2645
f 2654/2654 2652/2652 2651/2651
f 2588/2588 2658/2658 2659/2659
f 2636/2636 2641/2641 2655/2655
f 2640/2640 2646/2646 2626/2626
f 2646/2646 2588/2588 2660/2660
f 2649/2649 2618/2618 2592/2592
f 2645/2645 2657/2657 2651/2651
f 2635/2635 2658/2658 2588/2588
f 2660/2660 2626/2626 2646/2646
f 2633/2633 2656/2656 2634/2634
f 2623/2623 2660/2660 2588/2588
f 2651/2651 2659/2659 2653/2653
f 2629/2629 2637/2637 2592/2592
f 2659/2659 2651/2651 2588/2588
f 2661/2661 2662/2662 2663/2663
f 2664/2664 2661/2661 2665/2665
f 2666/2666 2664/2664 2667/2667
f 2668/2668 2666/2666 2669/2669
f 2670/2670 2668/2668 2671/2671
f 2672/2672 2670/2670 2673/2673
f 2674/2674 2672/2672 2675/2675
f 2676/2676 2674/2674 2677/2677
f 2678/2678 2676/2676 2679/2679
f 2680/2680 2678/2678 2681/2681
f 2682/2682 2680/2680 2683/2683
f 2684/2684 2682/2682 2685/2685
f 2686/2686 2684/2684 2687/2687
f 2688/2688 2686/2686 2689/2689
f 2690/2690 2688/2688 2691/2691
f 2662/2662 2690/2690 2692/2692
f 2692/2692 2663/2663 2662/2662
f 2691/2691 2692/2692 2690/2690
f 2689/2689 2691/2691 2688/2688
f 2687/2687 2689/2689 2686/2686
f 2685/2685 2687/2687 2684/2684
f 2683/2683 2685/2685 2682/2682
f 2681/2681 2683/2683 2680/2680
f 2679/2679 2681/2681 2678/2678
f 2677/2677 2679/2679 2676/2676
f 2675/2675 2677/2677 2674/2674
f 2673/2673 2675/2675 2672/2672
f 2671/2671 2673/2673 2670/2670
f 2669/2669 2671/2671 2668/2668
f 2667/2667 2669/2669 2666/2666
f 2665/2665 2667/2667 2664/2664
f 2663/2663 2665/2665 2661/2661
f 2693/2693 2694/2694 2695/2695
f 2696/2696 2693/2693 2697/2697
f 2698/2698 2696/2696 2699/2699
f 2700/2700 2698/2698 2701/2701
f 2702/2702 2700/2700 2703/2703
f 2704/2704 2702/2702 2705/2705
f 2706/2706 2704/2704 2707/2707
f 2708/2708 2706/2706 2709/2709
f 2710/2710 2708/2708 2711/2711
f 2712/2712 2710/2710 2713/2713
f 2714/2714 2712/2712 2715/2715
f 2716/2716 2714/2714 2717/2717
f 2718/2718 2716/2716 2719/2719
f 2720/2720 2718/2718 2721/2721
f 2722/2722 2720/2720 2723/2723
f 2694/2694 2722/2722 2724/2724
f 2724/2724 2695/2695 2694/2694
f 2723/2723 2724/2724 2722/2722
f 2721/2721 2723/2723 2720/2720
f 2719/2719 2721/2721 2718/2718
f 2717/2717 2719/2719 2716/2716
f 2715/2715 2717/2717 2714/2714
f 2713/2713 2715/2715 2712/2712
f 2711/2711 2713/2713 2710/2710
f 2709/2709 2711/2711 2708/2708
f 2707/2707 2709/2709 2706/2706
f 2705/2705 2707/2707 2704/2704
f 2703/2703 2705/2705 2702/2702
f 2701/2701 2703/2703 2700/2700
f 2699/2699 2701/2701 2698/2698
f 2697/2697 2699/2699 2696/2696
f 2695/2695 2697/2697 2693/2693
f 2725/2725 2726/2726 2727/2727
f 2728/2728 2725/2725 2729/2729
f 2730/2730 2728/2728 2731/2731
f 2732/2732 2730/2730 2733/2733
f 2734/2734 2732/2732 2735/2735
f 2736/2736 2734/2734 2737/2737
f 2738/2738 2736/2736 2739/2739
f 2740/2740 2738/2738 2741/2741
f 2742/2742 2740/2740 2743/2743
f 2744/2744 2742/2742 2745/2745
f 2746/2746 2744/2744 2747/2747
f 2748/2748 2746/2746 2749/2749
f 2750/2750 2748/2748 2751/2751
f 2752/2752 2750/2750 2753/2753
f 2754/2754 2752/2752 2755/2755
f 2726/2726 2754/2754 2756/2756
f 2756/2756 2727/2727 2726/2726
f 2755/2755 2756/2756 2754/2754
f 2753/2753 2755/2755 2752/2752
f 2751/2751 2753/2753 2750/2750
f 2749/2749 2751/2751 2748/2748
f 2747/2747 2749/2749 2746/2746
f 2745/2745 2747/2747 2744/2744
f 2743/2743 2745/2745 2742/2742
f 2741/2741 2743/2743 2740/2740
f 2739/2739 2741/2741 2738/2738
f 2737/2737 2739/2739 2736/2736
f 2735/2735 2737/2737 2734/2734
f 2733/2733 2735/2735 2732/2732
f 2731/2731 2733/2733 2730/2730
f 2729/2729 2731/2731 2728/2728
f 2727/2727 2729/2729 2725/2725
f 2757/2757 2758/2758 2759/2759
f 2760/2760 2757/2757 2761/2761
f 2762/2762 2760/2760 2763/2763
f 2764/2764 2762/2762 2765/2765
f 2766/2766 2764/2764 2767/2767
f 2768/2768 2766/2766 2769/2769
f 2770/2770 2768/2768 2771/2771
f 2772/2772 2770/2770 2773/2773
f 2774/2774 2772/2772 2775/2775
f 2776/2776 2774/2774 2777/2777
f 2778/2778 2776/2776 2779/2779
f 2780/2780 2778/2778 2781/2781
f 2782/2782 2780/2780 2783/2783
f 2784/2784 2782/2782 2785/2785
f 2786/2786 2784/2784 2787/2787
f 2758/2758 2786/2786 2788/2788
f 2788/2788 2759/2759 2758/2758
f 2787/2787 2788/2788 2786/2786
f 2785/2785 2787/2787 2784/2784
f 2783/2783 2785/2785 2782/2782
f 2781/2781 2783/2783 2780/2780
f 2779/2779 2781/2781 2778/2778
f 2777/2777 2779/2779 2776/2776
f 2775/2775 2777/2777 2774/2774
f 2773/2773 2775/2775 2772/2772
f 2771/2771 2773/2773 2770/2770
f 2769/2769 2771/2771 2768/2768
f 2767/2767 2769/2769 2766/2766
f 2765/2765 2767/2767 2764/2764
f 2763/2763 2765/2765 2762/2762
f 2761/2761 2763/2763 2760/2760
f 2759/2759 2761/2761 2757/2757
f 2789/2789 2790/2790 2791/2791
f 2792/2792 2793/2793 2789/2789
f 2794/2794 2795/2795 2796/2796
f 2789/2789 2797/2797 2792/2792
f 2795/2795 2798/2798 2796/2796
f 2799/2799 2800/2800 2797/2797
f 2789/2789 2801/2801 2790/2790
f 2789/2789 2802/2802 2803/2803
f 2795/2795 2794/2794 2804/2804
f 2796/2796 2805/2805 2806/2806
f 2795/2795 2807/2807 2808/2808
f 2795/2795 2809/2809 2799/2799
f 2799/2799 2810/2810 2800/2800
f 2799/2799 2809/2809 2811/2811
f 2791/2791 2797/2797 2789/2789
f 2803/2803 2812/2812 2789/2789
f 2804/2804 2813/2813 2795/2795
f 2808/2808 2798/2798 2795/2795
f 2799/2799 2807/2807 2795/2795
f 2811/2811 2810/2810 2799/2799
f 2797/2797 2814/2814 2815/2815
f 2812/2812 2801/2801 2789/2789
f 2796/2796 2806/2806 2794/2794
f 2797/2797 2816/2816 2799/2799
f 2791/2791 2814/2814 2797/2797
f 2792/2792 2817/2817 2818/2818
f 2805/2805 2796/2796 2819/2819
f 2802/2802 2789/2789 2820/2820
f 2795/2795 2821/2821 2809/2809
f 2818/2818 2793/2793 2792/2792
f 2819/2819 2820/2820 2822/2822
f 2820/2820 2819/2819 2823/2823
f 2824/2824 2825/2825 2826/2826
f 2824/2824 2827/2827 2828/2828
f 2829/2829 2830/2830 2831/2831
f 2832/2832 2831/2831 2830/2830
f 2815/2815 2816/2816 2797/2797
f 2820/2820 2823/2823 2802/2802
f 2833/2833 2834/2834 2835/2835
f 2792/2792 2835/2835 2834/2834
f 2836/2836 2832/2832 2837/2837
f 2838/2838 2839/2839 2840/2840
f 2828/2828 2825/2825 2824/2824
f 2830/2830 2841/2841 2832/2832
f 2819/2819 2822/2822 2805/2805
f 2834/2834 2817/2817 2792/2792
f 2842/2842 2843/2843 2844/2844
f 2842/2842 2795/2795 2845/2845
f 2837/2837 2797/2797 2836/2836
f 2826/2826 2838/2838 2824/2824
f 2846/2846 2847/2847 2840/2840
f 2832/2832 2848/2848 2849/2849
f 2831/2831 2850/2850 2829/2829
f 2850/2850 2851/2851 2852/2852
f 2795/2795 2853/2853 2854/2854
f 2795/2795 2842/2842 2855/2855
f 2835/2835 2842/2842 2833/2833
f 2845/2845 2843/2843 2842/2842
f 2797/2797 2856/2856 2857/2857
f 2797/2797 2858/2858 2836/2836
f 2797/2797 2827/2827 2859/2859
f 2840/2840 2824/2824 2838/2838
f 2840/2840 2860/2860 2846/2846
f 2854/2854 2861/2861 2862/2862
f 2854/2854 2850/2850 2863/2863
f 2841/2841 2848/2848 2832/2832
f 2850/2850 2854/2854 2851/2851
f 2855/2855 2853/2853 2795/2795
f 2844/2844 2833/2833 2842/2842
f 2837/2837 2856/2856 2797/2797
f 2824/2824 2859/2859 2827/2827
f 2847/2847 2864/2864 2840/2840
f 2860/2860 2865/2865 2866/2866
f 2863/2863 2861/2861 2854/2854
f 2852/2852 2829/2829 2850/2850
f 2813/2813 2845/2845 2795/2795
f 2859/2859 2858/2858 2797/2797
f 2864/2864 2867/2867 2840/2840
f 2860/2860 2862/2862 2865/2865
f 2849/2849 2837/2837 2832/2832
f 2857/2857 2792/2792 2797/2797
f 2866/2866 2846/2846 2860/2860
f 2854/2854 2860/2860 2795/2795
f 2862/2862 2860/2860 2854/2854
f 2867/2867 2824/2824 2840/2840
f 2868/2868 2869/2869 2870/2870
f 2868/2868 2871/2871 2872/2872
f 2870/2870 2873/2873 2868/2868
f 2874/2874 2875/2875 2868/2868
f 2876/2876 2877/2877 2878/2878
f 2870/2870 2869/2869 2879/2879
f 2873/2873 2871/2871 2868/2868
f 2880/2880 2881/2881 2874/2874
f 2874/2874 2882/2882 2883/2883
f 2878/2878 2874/2874 2876/2876
f 2876/2876 2884/2884 2885/2885
f 2886/2886 2885/2885 2884/2884
f 2879/2879 2887/2887 2870/2870
f 2868/2868 2880/2880 2874/2874
f 2878/2878 2882/2882 2874/2874
f 2876/2876 2888/2888 2889/2889
f 2884/2884 2890/2890 2886/2886
f 2890/2890 2870/2870 2891/2891
f 2872/2872 2880/2880 2868/2868
f 2889/2889 2877/2877 2876/2876
f 2890/2890 2892/2892 2886/2886
f 2891/2891 2893/2893 2890/2890
f 2894/2894 2895/2895 2896/2896
f 2870/2870 2890/2890 2897/2897
f 2883/2883 2875/2875 2874/2874
f 2893/2893 2892/2892 2890/2890
f 2874/2874 2898/2898 2899/2899
f 2896/2896 2874/2874 2894/2894
f 2897/2897 2900/2900 2870/2870
f 2885/2885 2888/2888 2876/2876
f 2896/2896 2898/2898 2874/2874
f 2894/2894 2901/2901 2902/2902
f 2903/2903 2904/2904 2905/2905
f 2904/2904 2906/2906 2907/2907
f 2908/2908 2907/2907 2906/2906
f 2887/2887 2891/2891 2870/2870
f 2902/2902 2895/2895 2894/2894
f 2909/2909 2910/2910 2911/2911
f 2894/2894 2911/2911 2910/2910
f 2905/2905 2874/2874 2903/2903
f 2906/2906 2912/2912 2908/2908
f 2899/2899 2876/2876 2874/2874
f 2910/2910 2901/2901 2894/2894
f 2913/2913 2914/2914 2915/2915
f 2913/2913 2870/2870 2916/2916
f 2874/2874 2917/2917 2918/2918
f 2874/2874 2919/2919 2903/2903
f 2874/2874 2920/2920 2921/2921
f 2904/2904 2922/2922 2923/2923
f 2912/2912 2924/2924 2908/2908
f 2912/2912 2925/2925 2926/2926
f 2870/2870 2927/2927 2925/2925
f 2870/2870 2913/2913 2928/2928
f 2911/2911 2913/2913 2909/2909
f 2916/2916 2914/2914 2913/2913
f 2905/2905 2917/2917 2874/2874
f 2920/2920 2929/2929 2921/2921
f 2925/2925 2930/2930 2931/2931
f 2925/2925 2912/2912 2932/2932
f 2923/2923 2933/2933 2904/2904
f 2926/2926 2924/2924 2912/2912
f 2928/2928 2927/2927 2870/2870
f 2915/2915 2909/2909 2913/2913
f 2921/2921 2919/2919 2874/2874
f 2920/2920 2934/2934 2935/2935
f 2934/2934 2920/2920 2936/2936
f 2937/2937 2938/2938 2939/2939
f 2937/2937 2940/2940 2941/2941
f 2932/2932 2930/2930 2925/2925
f 2907/2907 2922/2922 2904/2904
f 2900/2900 2916/2916 2870/2870
f 2935/2935 2929/2929 2920/2920
f 2936/2936 2942/2942 2943/2943
f 2941/2941 2938/2938 2937/2937
f 2940/2940 2937/2937 2936/2936
f 2933/2933 2905/2905 2904/2904
f 2918/2918 2894/2894 2874/2874
f 2936/2936 2944/2944 2942/2942
f 2936/2936 2945/2945 2940/2940
f 2925/2925 2946/2946 2870/2870
f 2936/2936 2937/2937 2944/2944
f 2946/2946 2931/2931 2937/2937
f 2936/2936 2943/2943 2934/2934
f 2931/2931 2946/2946 2925/2925
f 2939/2939 2946/2946 2937/2937
f 2947/2947 2948/2948 2949/2949
f 2949/2949 2950/2950 2947/2947
f 2951/2951 2952/2952 2953/2953
f 2953/2953 2954/2954 2951/2951
f 2955/2955 2956/2956 2957/2957
f 2957/2957 2958/2958 2955/2955
f 2959/2959 2960/2960 2961/2961
f 2962/2962 2961/2961 2963/2963
f 2964/2964 2963/2963 2965/2965
f 2966/2966 2965/2965 2967/2967
f 2967/2967 2968/2968 2966/2966
f 2965/2965 2966/2966 2964/2964
f 2963/2963 2964/2964 2962/2962
f 2961/2961 2962/2962 2959/2959
f 2969/2969 2970/2970 2971/2971
f 2972/2972 2973/2973 2974/2974
f 2974/2974 2971/2971 2972/2972
f 2975/2975 2973/2973 2972/2972
f 2972/2972 2976/2976 2975/2975
f 2971/2971 2974/2974 2969/2969
f 2977/2977 2978/2978 2979/2979
f 2980/2980 2979/2979 2981/2981
f 2982/2982 2981/2981 2983/2983
f 2984/2984 2983/2983 2985/2985
f 2985/2985 2986/2986 2984/2984
f 2983/2983 2984/2984 2982/2982
f 2981/2981 2982/2982 2980/2980
f 2979/2979 2980/2980 2977/2977
f 2987/2987 2988/2988 2989/2989
f 2989/2989 2990/2990 2987/2987
f 2991/2991 2992/2992 2993/2993
f 2993/2993 2994/2994 2991/2991
f 2992/2992 2995/2995 2993/2993
f 2996/2996 2992/2992 2991/2991
f 2997/2997 2996/2996 2998/2998
f 2997/2997 2999/2999 3000/3000
f 2997/2997 3001/3001 3002/3002
f 3002/3002 3003/3003 2997/2997
f 3001/3001 3004/3004 3002/3002
f 3001/3001 3005/3005 3004/3004
f 3001/3001 3006/3006 3005/3005
f 3003/3003 2999/2999 2997/2997
f 3000/3000 3007/3007 2997/2997
f 2998/2998 3001/3001 2997/2997
f 2991/2991 2998/2998 2996/2996
f 2994/2994 3008/3008 2991/2991
f 3009/3009 3010/3010 3011/3011
f 3009/3009 3012/3012 3010/3010
f 3013/3013 3014/3014 3012/3012
f 3012/3012 3009/3009 3013/3013
f 3013/3013 3015/3015 3014/3014
f 3013/3013 3016/3016 3015/3015
f 3013/3013 3017/3017 3016/3016
f 3013/3013 3009/3009 3018/3018
f 3019/3019 3018/3018 3020/3020
f 3020/3020 3021/3021 3022/3022
f 3022/3022 3023/3023 3020/3020
f 3020/3020 3024/3024 3021/3021
f 3022/3022 3025/3025 3023/3023
f 3020/3020 3023/3023 3019/3019
f 3018/3018 3019/3019 3013/3013
f 3011/3011 3026/3026 3009/3009
f 3027/3027 3028/3028 3029/3029
f 3030/3030 3031/3031 3028/3028
f 3028/3028 3027/3027 3030/3030
f 3032/3032 3033/3033 3031/3031
f 3031/3031 3030/3030 3032/3032
f 3034/3034 3035/3035 3033/3033
f 3033/3033 3032/3032 3034/3034
f 3029/3029 3036/3036 3027/3027
f 3037/3037 3038/3038 3039/3039
f 3037/3037 3040/3040 3041/3041
f 3042/3042 3043/3043 3041/3041
f 3042/3042 3044/3044 3045/3045
f 3041/3041 3038/3038 3037/3037
f 3045/3045 3043/3043 3042/3042
f 3041/3041 3040/3040 3042/3042
f 3039/3039 3046/3046 3037/3037
f 3047/3047 3048/3048 3049/3049
f 3050/3050 3049/3049 3051/3051
f 3052/3052 3051/3051 3053/3053
f 3054/3054 3053/3053 3055/3055
f 3055/3055 3056/3056 3054/3054
f 3053/3053 3054/3054 3052/3052
f 3051/3051 3052/3052 3050/3050
f 3049/3049 3050/3050 3047/3047
f 3057/3057 3058/3058 3059/3059
f 3060/3060 3061/3061 3062/3062
f 3063/3063 3064/3064 3065/3065
f 3057/3057 3065/3065 3064/3064
f 3062/3062 3059/3059 3060/3060
f 3064/3064 3058/3058 3057/3057
f 3066/3066 3063/3063 3067/3067
f 3065/3065 3067/3067 3063/3063
f 3061/3061 3060/3060 3068/3068
f 3059/3059 3062/3062 3057/3057
f 3068/3068 3069/3069 3070/3070
f 3067/3067 3071/3071 3066/3066
f 3068/3068 3072/3072 3061/3061
f 3070/3070 3072/3072 3068/3068
f 3073/3073 3074/3074 3075/3075
f 3076/3076 3075/3075 3077/3077
f 3078/3078 3077/3077 3079/3079
f 3080/3080 3079/3079 3081/3081
f 3081/3081 3082/3082 3080/3080
f 3079/3079 3080/3080 3078/3078
f 3077/3077 3078/3078 3076/3076
f 3075/3075 3076/3076 3073/3073
f 3083/3083 3084/3084 3085/3085
f 3085/3085 3084/3084 3086/3086
f 3086/3086 3087/3087 3085/3085
f 3085/3085 3088/3088 3083/3083
f 3089/3089 3090/3090 3091/3091
f 3092/3092 3093/3093 3091/3091
f 3091/3091 3090/3090 3092/3092
f 3091/3091 3094/3094 3089/3089
f 3095/3095 3096/3096 3097/3097
f 3097/3097 3098/3098 3095/3095
f 3099/3099 3100/3100 3101/3101
f 3099/3099 3102/3102 3103/3103
f 3103/3103 3100/3100 3099/3099
f 3104/3104 3105/3105 3106/3106
f 3106/3106 3107/3107 3104/3104
f 3104/3104 3099/3099 3108/3108
f 3108/3108 3105/3105 3104/3104
f 3109/3109 3110/3110 3111/3111
f 3109/3109 3104/3104 3112/3112
f 3112/3112 3110/3110 3109/3109
f 3109/3109 3113/3113 3114/3114
f 3114/3114 3115/3115 3109/3109
f 3116/3116 3117/3117 3113/3113
f 3113/3113 3109/3109 3116/3116
f 3116/3116 3118/3118 3117/3117
f 3116/3116 3119/3119 3118/3118
f 3119/3119 3120/3120 3121/3121
f 3119/3119 3116/3116 3120/3120
f 3121/3121 3122/3122 3119/3119
f 3103/3103 3123/3123 3124/3124
f 3103/3103 3102/3102 3125/3125
f 3125/3125 3123/3123 3103/3103
f 3102/3102 3126/3126 3125/3125
f 3124/3124 3127/3127 3103/3103
f 3115/3115 3128/3128 3109/3109
f 3111/3111 3116/3116 3109/3109
f 3107/3107 3112/3112 3104/3104
f 3101/3101 3108/3108 3099/3099
f 3129/3129 3130/3130 3131/3131
f 3129/3129 3132/3132 3130/3130
f 3131/3131 3133/3133 3129/3129
f 3134/3134 3135/3135 3130/3130
f 3130/3130 3132/3132 3134/3134
f 3133/3133 3136/3136 3137/3137
f 3133/3133 3131/3131 3138/3138
f 3138/3138 3136/3136 3133/3133
f 3138/3138 3139/3139 3136/3136
f 3140/3140 3141/3141 3142/3142
f 3140/3140 3137/3137 3143/3143
f 3143/3143 3141/3141 3140/3140
f 3142/3142 3144/3144 3145/3145
f 3145/3145 3146/3146 3142/3142
f 3142/3142 3147/3147 3148/3148
f 3148/3148 3144/3144 3142/3142
f 3149/3149 3150/3150 3151/3151
f 3151/3151 3152/3152 3149/3149
f 3132/3132 3153/3153 3149/3149
f 3132/3132 3154/3154 3153/3153
f 3132/3132 3129/3129 3155/3155
f 3155/3155 3154/3154 3132/3132
f 3129/3129 3156/3156 3155/3155
f 3129/3129 3157/3157 3156/3156
f 3129/3129 3158/3158 3157/3157
f 3152/3152 3132/3132 3149/3149
f 3145/3145 3159/3159 3146/3146
f 3142/3142 3146/3146 3140/3140
f 3137/3137 3140/3140 3133/3133
f 3130/3130 3135/3135 3131/3131
f 3160/3160 3161/3161 3162/3162
f 3160/3160 3163/3163 3164/3164
f 3164/3164 3161/3161 3160/3160
f 3163/3163 3165/3165 3166/3166
f 3167/3167 3168/3168 3166/3166
f 3167/3167 3169/3169 3168/3168
f 3166/3166 3165/3165 3167/3167
f 3167/3167 3170/3170 3169/3169
f 3170/3170 3171/3171 3172/3172
f 3173/3173 3174/3174 3172/3172
f 3172/3172 3171/3171 3173/3173
f 3175/3175 3176/3176 3177/3177
f 3175/3175 3178/3178 3174/3174
f 3174/3174 3173/3173 3175/3175
f 3176/3176 3179/3179 3180/3180
f 3181/3181 3182/3182 3183/3183
f 3181/3181 3184/3184 3180/3180
f 3180/3180 3179/3179 3181/3181
f 3183/3183 3184/3184 3181/3181
f 3182/3182 3185/3185 3186/3186
f 3185/3185 3187/3187 3188/3188
f 3188/3188 3186/3186 3185/3185
f 3186/3186 3183/3183 3182/3182
f 3180/3180 3177/3177 3176/3176
f 3177/3177 3178/3178 3175/3175
f 3172/3172 3169/3169 3170/3170
f 3166/3166 3164/3164 3163/3163
f 3162/3162 3189/3189 3160/3160
f 3190/3190 3191/3191 3192/3192
f 3193/3193 3194/3194 3192/3192
f 3192/3192 3191/3191 3193/3193
f 3193/3193 3195/3195 3196/3196
f 3195/3195 3197/3197 3198/3198
f 3197/3197 3199/3199 3200/3200
f 3196/3196 3194/3194 3193/3193
f 3200/3200 3198/3198 3197/3197
f 3198/3198 3196/3196 3195/3195
f 3192/3192 3201/3201 3190/3190
f 3202/3202 3203/3203 3204/3204
f 3205/3205 3206/3206 3203/3203
f 3203/3203 3202/3202 3205/3205
f 3207/3207 3208/3208 3206/3206
f 3206/3206 3205/3205 3207/3207
f 3207/3207 3209/3209 3210/3210
f 3210/3210 3208/3208 3207/3207
f 3204/3204 3211/3211 3202/3202
f 3212/3212 3213/3213 3214/3214
f 3214/3214 3215/3215 3212/3212
f 3216/3216 3217/3217 3218/3218
f 3218/3218 3219/3219 3216/3216
f 3220/3220 3221/3221 3222/3222
f 3223/3223 3222/3222 3224/3224
f 3225/3225 3224/3224 3226/3226
f 3227/3227 3226/3226 3228/3228
f 3228/3228 3229/3229 3227/3227
f 3226/3226 3227/3227 3225/3225
f 3224/3224 3225/3225 3223/3223
f 3222/3222 3223/3223 3220/3220
f 3230/3230 3231/3231 3232/3232
f 3232/3232 3233/3233 3230/3230
f 3234/3234 3235/3235 3236/3236
f 3237/3237 3236/3236 3238/3238
f 3239/3239 3238/3238 3240/3240
f 3241/3241 3240/3240 3242/3242
f 3242/3242 3243/3243 3241/3241
f 3240/3240 3241/3241 3239/3239
f 3238/3238 3239/3239 3237/3237
f 3236/3236 3237/3237 3234/3234
f 3244/3244 3245/3245 3246/3246
f 3246/3246 3247/3247 3244/3244
f 3248/3248 3249/3249 3250/3250
f 3250/3250 3251/3251 3248/3248
f 3252/3252 3253/3253 3254/3254
f 3254/3254 3255/3255 3252/3252
f 3256/3256 3257/3257 3258/3258
f 3259/3259 3256/3256 3260/3260
f 3261/3261 3259/3259 3262/3262
f 3261/3261 3263/3263 3264/3264
f 3261/3261 3265/3265 3263/3263
f 3266/3266 3267/3267 3265/3265
f 3265/3265 3261/3261 3266/3266
f 3266/3266 3268/3268 3267/3267
f 3264/3264 3269/3269 3261/3261
f 3262/3262 3266/3266 3261/3261
f 3260/3260 3262/3262 3259/3259
f 3258/3258 3260/3260 3256/3256
f 3270/3270 3271/3271 3272/3272
f 3272/3272 3273/3273 3270/3270
f 3271/3271 3274/3274 3272/3272
f 3271/3271 3275/3275 3274/3274
f 3271/3271 3276/3276 3275/3275
f 3271/3271 3270/3270 3277/3277
f 3278/3278 3277/3277 3279/3279
f 3280/3280 3279/3279 3281/3281
f 3281/3281 3282/3282 3280/3280
f 3279/3279 3280/3280 3278/3278
f 3277/3277 3278/3278 3271/3271
f 3273/3273 3283/3283 3270/3270
f 3284/3284 3285/3285 3286/3286
f 3285/3285 3287/3287 3288/3288
f 3284/3284 3289/3289 3290/3290
f 3288/3288 3286/3286 3285/3285
f 3286/3286 3289/3289 3284/3284
f 3287/3287 3291/3291 3292/3292
f 3292/3292 3288/3288 3287/3287
f 3290/3290 3293/3293 3284/3284
f 3294/3294 3295/3295 3296/3296
f 3296/3296 3297/3297 3294/3294
f 3298/3298 3299/3299 3300/3300
f 3300/3300 3301/3301 3298/3298
f 3302/3302 3303/3303 3304/3304
f 3304/3304 3305/3305 3302/3302
f 3306/3306 3307/3307 3308/3308
f 3308/3308 3309/3309 3306/3306
f 3310/3310 3311/3311 3312/3312
f 3310/3310 3313/3313 3314/3314
f 3314/3314 3311/3311 3310/3310
f 3312/3312 3315/3315 3310/3310
f 3316/3316 3317/3317 3318/3318
f 3319/3319 3318/3318 3317/3317
f 3317/3317 3320/3320 3319/3319
f 3321/3321 3319/3319 3320/3320
f 3320/3320 3322/3322 3321/3321
f 3323/3323 3321/3321 3322/3322
f 3322/3322 3324/3324 3323/3323
f 3325/3325 3323/3323 3324/3324
f 3324/3324 3326/3326 3325/3325
f 3327/3327 3325/3325 3326/3326
f 3326/3326 3328/3328 3327/3327
f 3329/3329 3327/3327 3328/3328
f 3328/3328 3330/3330 3329/3329
f 3318/3318 3331/3331 3316/3316
f 3332/3332 3333/3333 3334/3334
f 3334/3334 3335/3335 3332/3332
f 3332/3332 3336/3336 3337/3337
f 3335/3335 3338/3338 3336/3336
f 3336/3336 3332/3332 3335/3335
f 3335/3335 3339/3339 3338/3338
f 3335/3335 3340/3340 3339/3339
f 3335/3335 3341/3341 3340/3340
f 3337/3337 3342/3342 3332/3332
f 3334/3334 3343/3343 3335/3335
f 3344/3344 3345/3345 3346/3346
f 3344/3344 3347/3347 3345/3345
f 3344/3344 3348/3348 3349/3349
f 3349/3349 3347/3347 3344/3344
f 3348/3348 3350/3350 3349/3349
f 3348/3348 3351/3351 3350/3350
f 3348/3348 3344/3344 3352/3352
f 3344/3344 3353/3353 3352/3352
f 3352/3352 3354/3354 3348/3348
f 3346/3346 3355/3355 3344/3344
f 3356/3356 3357/3357 3358/3358
f 3356/3356 3359/3359 3360/3360
f 3360/3360 3357/3357 3356/3356
f 3358/3358 3361/3361 3356/3356
f 3362/3362 3363/3363 3364/3364
f 3365/3365 3362/3362 3366/3366
f 3367/3367 3365/3365 3368/3368
f 3369/3369 3367/3367 3370/3370
f 3371/3371 3369/3369 3372/3372
f 3373/3373 3371/3371 3374/3374
f 3375/3375 3373/3373 3376/3376
f 3377/3377 3375/3375 3378/3378
f 3379/3379 3377/3377 3380/3380
f 3381/3381 3379/3379 3382/3382
f 3383/3383 3381/3381 3384/3384
f 3385/3385 3383/3383 3386/3386
f 3387/3387 3385/3385 3388/3388
f 3389/3389 3387/3387 3390/3390
f 3391/3391 3389/3389 3392/3392
f 3363/3363 3391/3391 3393/3393
f 3393/3393 3364/3364 3363/3363
f 3392/3392 3393/3393 3391/3391
f 3390/3390 3392/3392 3389/3389
f 3388/3388 3390/3390 3387/3387
f 3386/3386 3388/3388 3385/3385
f 3384/3384 3386/3386 3383/3383
f 3382/3382 3384/3384 3381/3381
f 3380/3380 3382/3382 3379/3379
f 3378/3378 3380/3380 3377/3377
f 3376/3376 3378/3378 3375/3375
f 3374/3374 3376/3376 3373/3373
f 3372/3372 3374/3374 3371/3371
f 3370/3370 3372/3372 3369/3369
f 3368/3368 3370/3370 3367/3367
f 3366/3366 3368/3368 3365/3365
f 3364/3364 3366/3366 3362/3362
f 3394/3394 3395/3395 3396/3396
f 3397/3397 3394/3394 3398/3398
f 3399/3399 3397/3397 3400/3400
f 3401/3401 3399/3399 3402/3402
f 3403/3403 3401/3401 3404/3404
f 3405/3405 3403/3403 3406/3406
f 3407/3407 3405/3405 3408/3408
f 3409/3409 3407/3407 3410/3410
f 3411/3411 3409/3409 3412/3412
f 3413/3413 3411/3411 3414/3414
f 3415/3415 3413/3413 3416/3416
f 3417/3417 3415/3415 3418/3418
f 3419/3419 3417/3417 3420/3420
f 3421/3421 3419/3419 3422/3422
f 3423/3423 3421/3421 3424/3424
f 3395/3395 3423/3423 3425/3425
f 3425/3425 3396/3396 3395/3395
f 3424/3424 3425/3425 3423/3423
f 3422/3422 3424/3424 3421/3421
f 3420/3420 3422/3422 3419/3419
f 3418/3418 3420/3420 3417/3417
f 3416/3416 3418/3418 3415/3415
f 3414/3414 3416/3416 3413/3413
f 3412/3412 3414/3414 3411/3411
f 3410/3410 3412/3412 3409/3409
f 3408/3408 3410/3410 3407/3407
f 3406/3406 3408/3408 3405/3405
f 3404/3404 3406/3406 3403/3403
f 3402/3402 3404/3404 3401/3401
f 3400/3400 3402/3402 3399/3399
f 3398/3398 3400/3400 3397/3397
f 3396/3396 3398/3398 3394/3394
f 3426/3426 3427/3427 3428/3428
f 3429/3429 3426/3426 3430/3430
f 3431/3431 3429/3429 3432/3432
f 3433/3433 3431/3431 3434/3434
f 3435/3435 3433/3433 3436/3436
f 3437/3437 3435/3435 3438/3438
f 3439/3439 3437/3437 3440/3440
f 3441/3441 3439/3439 3442/3442
f 3443/3443 3441/3441 3444/3444
f 3445/3445 3443/3443 3446/3446
f 3447/3447 3445/3445 3448/3448
f 3449/3449 3447/3447 3450/3450
f 3451/3451 3449/3449 3452/3452
f 3453/3453 3451/3451 3454/3454
f 3455/3455 3453/3453 3456/3456
f 3427/3427 3455/3455 3457/3457
f 3457/3457 3428/3428 3427/3427
f 3456/3456 3457/3457 3455/3455
f 3454/3454 3456/3456 3453/3453
f 3452/3452 3454/3454 3451/3451
f 3450/3450 3452/3452 3449/3449
f 3448/3448 3450/3450 3447/3447
f 3446/3446 3448/3448 3445/3445
f 3444/3444 3446/3446 3443/3443
f 3442/3442 3444/3444 3441/3441
f 3440/3440 3442/3442 3439/3439
f 3438/3438 3440/3440 3437/3437
f 3436/3436 3438/3438 3435/3435
f 3434/3434 3436/3436 3433/3433
f 3432/3432 3434/3434 3431/3431
f 3430/3430 3432/3432 3429/3429
f 3428/3428 3430/3430 3426/3426
f 3458/3458 3459/3459 3460/3460
f 3459/3459 3458/3458 3461/3461
f 3462/3462 3463/3463 3464/3464
f 3462/3462 3465/3465 3466/3466
f 3458/3458 3467/3467 3468/3468
f 3459/3459 3469/3469 3460/3460
f 3470/3470 3459/3459 3471/3471
f 3472/3472 3473/3473 3474/3474
f 3475/3475 3476/3476 3477/3477
f 3478/3478 3479/3479 3480/3480
f 3461/3461 3481/3481 3459/3459
f 3466/3466 3463/3463 3462/3462
f 3460/3460 3467/3467 3458/3458
f 3465/3465 3482/3482 3483/3483
f 3459/3459 3484/3484 3471/3471
f 3472/3472 3485/3485 3473/3473
f 3486/3486 3487/3487 3488/3488
f 3486/3486 3489/3489 3475/3475
f 3486/3486 3490/3490 3478/3478
f 3481/3481 3491/3491 3492/3492
f 3461/3461 3493/3493 3481/3481
f 3468/3468 3462/3462 3458/3458
f 3483/3483 3494/3494 3465/3465
f 3459/3459 3470/3470 3495/3495
f 3459/3459 3496/3496 3484/3484
f 3459/3459 3497/3497 3498/3498
f 3499/3499 3500/3500 3501/3501
f 3474/3474 3459/3459 3472/3472
f 3488/3488 3472/3472 3486/3486
f 3477/3477 3486/3486 3475/3475
f 3476/3476 3475/3475 3502/3502
f 3480/3480 3486/3486 3478/3478
f 3486/3486 3481/3481 3503/3503
f 3493/3493 3491/3491 3481/3481
f 3494/3494 3466/3466 3465/3465
f 3471/3471 3499/3499 3470/3470
f 3459/3459 3504/3504 3497/3497
f 3499/3499 3505/3505 3500/3500
f 3488/3488 3485/3485 3472/3472
f 3502/3502 3501/3501 3476/3476
f 3486/3486 3506/3506 3490/3490
f 3481/3481 3507/3507 3503/3503
f 3464/3464 3458/3458 3462/3462
f 3498/3498 3496/3496 3459/3459
f 3499/3499 3471/3471 3505/3505
f 3501/3501 3502/3502 3508/3508
f 3477/3477 3487/3487 3486/3486
f 3503/3503 3506/3506 3486/3486
f 3495/3495 3469/3469 3459/3459
f 3508/3508 3509/3509 3501/3501
f 3480/3480 3489/3489 3486/3486
f 3479/3479 3478/3478 3482/3482
f 3501/3501 3509/3509 3499/3499
f 3482/3482 3465/3465 3479/3479
f 3474/3474 3504/3504 3459/3459
f 3492/3492 3507/3507 3481/3481
f 3510/3510 3511/3511 3512/3512
f 3513/3513 3514/3514 3511/3511
f 3511/3511 3510/3510 3513/3513
f 3513/3513 3515/3515 3516/3516
f 3513/3513 3517/3517 3518/3518
f 3519/3519 3511/3511 3520/3520
f 3512/3512 3521/3521 3510/3510
f 3518/3518 3515/3515 3513/3513
f 3520/3520 3522/3522 3519/3519
f 3516/3516 3514/3514 3513/3513
f 3519/3519 3523/3523 3511/3511
f 3510/3510 3524/3524 3525/3525
f 3523/3523 3512/3512 3511/3511
f 3510/3510 3526/3526 3527/3527
f 3510/3510 3528/3528 3529/3529
f 3530/3530 3531/3531 3532/3532
f 3533/3533 3534/3534 3535/3535
f 3536/3536 3510/3510 3537/3537
f 3525/3525 3538/3538 3510/3510
f 3527/3527 3513/3513 3510/3510
f 3528/3528 3539/3539 3529/3529
f 3528/3528 3540/3540 3541/3541
f 3536/3536 3542/3542 3530/3530
f 3536/3536 3543/3543 3533/3533
f 3537/3537 3544/3544 3536/3536
f 3521/3521 3524/3524 3510/3510
f 3541/3541 3539/3539 3528/3528
f 3517/3517 3545/3545 3546/3546
f 3547/3547 3548/3548 3549/3549
f 3536/3536 3550/3550 3551/3551
f 3532/3532 3536/3536 3530/3530
f 3531/3531 3530/3530 3545/3545
f 3535/3535 3536/3536 3533/3533
f 3510/3510 3552/3552 3537/3537
f 3529/3529 3526/3526 3510/3510
f 3546/3546 3553/3553 3517/3517
f 3547/3547 3554/3554 3548/3548
f 3551/3551 3547/3547 3536/3536
f 3545/3545 3517/3517 3531/3531
f 3544/3544 3543/3543 3536/3536
f 3553/3553 3518/3518 3517/3517
f 3528/3528 3549/3549 3555/3555
f 3551/3551 3554/3554 3547/3547
f 3535/3535 3542/3542 3536/3536
f 3555/3555 3540/3540 3528/3528
f 3532/3532 3550/3550 3536/3536
f 3556/3556 3557/3557 3522/3522
f 3556/3556 3558/3558 3559/3559
f 3549/3549 3528/3528 3547/3547
f 3534/3534 3533/3533 3558/3558
f 3559/3559 3557/3557 3556/3556
f 3522/3522 3520/3520 3560/3560
f 3558/3558 3556/3556 3534/3534
f 3560/3560 3561/3561 3522/3522
f 3522/3522 3561/3561 3556/3556
f 3538/3538 3552/3552 3510/3510
f 3562/3562 3563/3563 3564/3564
f 3565/3565 3562/3562 3566/3566
f 3567/3567 3565/3565 3568/3568
f 3569/3569 3567/3567 3570/3570
f 3571/3571 3569/3569 3572/3572
f 3573/3573 3571/3571 3574/3574
f 3575/3575 3573/3573 3576/3576
f 3577/3577 3575/3575 3578/3578
f 3579/3579 3577/3577 3580/3580
f 3581/3581 3579/3579 3582/3582
f 3583/3583 3581/3581 3584/3584
f 3585/3585 3583/3583 3586/3586
f 3587/3587 3585/3585 3588/3588
f 3589/3589 3587/3587 3590/3590
f 3591/3591 3589/3589 3592/3592
f 3563/3563 3591/3591 3593/3593
f 3593/3593 3564/3564 3563/3563
f 3592/3592 3593/3593 3591/3591
f 3590/3590 3592/3592 3589/3589
f 3588/3588 3590/3590 3587/3587
f 3586/3586 3588/3588 3585/3585
f 3584/3584 3586/3586 3583/3583
f 3582/3582 3584/3584 3581/3581
f 3580/3580 3582/3582 3579/3579
f 3578/3578 3580/3580 3577/3577
f 3576/3576 3578/3578 3575/3575
f 3574/3574 3576/3576 3573/3573
f 3572/3572 3574/3574 3571/3571
f 3570/3570 3572/3572 3569/3569
f 3568/3568 3570/3570 3567/3567
f 3566/3566 3568/3568 3565/3565
f 3564/3564 3566/3566 3562/3562
f 3594/3594 3595/3595 3596/3596
f 3597/3597 3594/3594 3598/3598
f 3599/3599 3597/3597 3600/3600
f 3601/3601 3599/3599 3602/3602
f 3603/3603 3601/3601 3604/3604
f 3605/3605 3603/3603 3606/3606
f 3607/3607 3605/3605 3608/3608
f 3609/3609 3607/3607 3610/3610
f 3611/3611 3609/3609 3612/3612
f 3613/3613 3611/3611 3614/3614
f 3615/3615 3613/3613 3616/3616
f 3617/3617 3615/3615 3618/3618
f 3619/3619 3617/3617 3620/3620
f 3621/3621 3619/3619 3622/3622
f 3623/3623 3621/3621 3624/3624
f 3595/3595 3623/3623 3625/3625
f 3625/3625 3596/3596 3595/3595
f 3624/3624 3625/3625 3623/3623
f 3622/3622 3624/3624 3621/3621
f 3620/3620 3622/3622 3619/3619
f 3618/3618 3620/3620 3617/3617
f 3616/3616 3618/3618 3615/3615
f 3614/3614 3616/3616 3613/3613
f 3612/3612 3614/3614 3611/3611
f 3610/3610 3612/3612 3609/3609
f 3608/3608 3610/3610 3607/3607
f 3606/3606 3608/3608 3605/3605
f 3604/3604 3606/3606 3603/3603
f 3602/3602 3604/3604 3601/3601
f 3600/3600 3602/3602 3599/3599
f 3598/3598 3600/3600 3597/3597
f 3596/3596 3598/3598 3594/3594
f 3626/3626 3627/3627 3628/3628
f 3629/3629 3626/3626 3630/3630
f 3631/3631 3629/3629 3632/3632
f 3633/3633 3631/3631 3634/3634
f 3635/3635 3633/3633 3636/3636
f 3637/3637 3635/3635 3638/3638
f 3639/3639 3637/3637 3640/3640
f 3641/3641 3639/3639 3642/3642
f 3643/3643 3641/3641 3644/3644
f 3645/3645 3643/3643 3646/3646
f 3647/3647 3645/3645 3648/3648
f 3649/3649 3647/3647 3650/3650
f 3651/3651 3649/3649 3652/3652
f 3653/3653 3651/3651 3654/3654
f 3655/3655 3653/3653 3656/3656
f 3627/3627 3655/3655 3657/3657
f 3657/3657 3628/3628 3627/3627
f 3656/3656 3657/3657 3655/3655
f 3654/3654 3656/3656 3653/3653
f 3652/3652 3654/3654 3651/3651
f 3650/3650 3652/3652 3649/3649
f 3648/3648 3650/3650 3647/3647
f 3646/3646 3648/3648 3645/3645
f 3644/3644 3646/3646 3643/3643
f 3642/3642 3644/3644 3641/3641
f 3640/3640 3642/3642 3639/3639
f 3638/3638 3640/3640 3637/3637
f 3636/3636 3638/3638 3635/3635
f 3634/3634 3636/3636 3633/3633
f 3632/3632 3634/3634 3631/3631
f 3630/3630 3632/3632 3629/3629
f 3628/3628 3630/3630 3626/3626
f 3658/3658 3659/3659 3660/3660
f 3661/3661 3660/3660 3662/3662
f 3663/3663 3659/3659 3664/3664
f 3662/3662 3665/3665 3661/3661
f 3659/3659 3666/3666 3664/3664
f 3667/3667 3668/3668 3659/3659
f 3669/3669 3670/3670 3671/3671
f 3672/3672 3673/3673 3674/3674
f 3659/3659 3675/3675 3660/3660
f 3659/3659 3663/3663 3676/3676
f 3664/3664 3677/3677 3678/3678
f 3659/3659 3668/3668 3679/3679
f 3671/3671 3667/3667 3669/3669
f 3671/3671 3670/3670 3672/3672
f 3674/3674 3680/3680 3681/3681
f 3682/3682 3683/3683 3684/3684
f 3685/3685 3682/3682 3686/3686
f 3686/3686 3664/3664 3687/3687
f 3688/3688 3689/3689 3690/3690
f 3659/3659 3691/3691 3692/3692
f 3676/3676 3675/3675 3659/3659
f 3679/3679 3666/3666 3659/3659
f 3674/3674 3671/3671 3672/3672
f 3674/3674 3673/3673 3680/3680
f 3681/3681 3684/3684 3693/3693
f 3682/3682 3694/3694 3683/3683
f 3686/3686 3695/3695 3685/3685
f 3687/3687 3696/3696 3686/3686
f 3690/3690 3681/3681 3688/3688
f 3688/3688 3697/3697 3698/3698
f 3697/3697 3688/3688 3665/3665
f 3699/3699 3700/3700 3701/3701
f 3692/3692 3702/3702 3659/3659
f 3659/3659 3658/3658 3703/3703
f 3664/3664 3678/3678 3663/3663
f 3681/3681 3704/3704 3674/3674
f 3684/3684 3681/3681 3682/3682
f 3696/3696 3695/3695 3686/3686
f 3698/3698 3689/3689 3688/3688
f 3665/3665 3705/3705 3706/3706
f 3681/3681 3707/3707 3708/3708
f 3700/3700 3709/3709 3707/3707
f 3701/3701 3710/3710 3699/3699
f 3702/3702 3711/3711 3699/3699
f 3703/3703 3691/3691 3659/3659
f 3659/3659 3669/3669 3667/3667
f 3685/3685 3694/3694 3682/3682
f 3665/3665 3706/3706 3697/3697
f 3707/3707 3712/3712 3708/3708
f 3707/3707 3713/3713 3700/3700
f 3699/3699 3714/3714 3702/3702
f 3660/3660 3661/3661 3658/3658
f 3690/3690 3682/3682 3681/3681
f 3665/3665 3662/3662 3715/3715
f 3707/3707 3709/3709 3712/3712
f 3710/3710 3714/3714 3699/3699
f 3664/3664 3686/3686 3677/3677
f 3715/3715 3705/3705 3665/3665
f 3713/3713 3701/3701 3700/3700
f 3702/3702 3716/3716 3717/3717
f 3693/3693 3704/3704 3681/3681
f 3708/3708 3718/3718 3681/3681
f 3692/3692 3716/3716 3702/3702
f 3717/3717 3711/3711 3702/3702
f 3718/3718 3688/3688 3681/3681
f 3719/3719 3720/3720 3721/3721
f 3722/3722 3723/3723 3724/3724
f 3725/3725 3726/3726 3727/3727
f 3728/3728 3729/3729 3730/3730
f 3731/3731 3732/3732 3733/3733
f 3721/3721 3734/3734 3719/3719
f 3727/3727 3724/3724 3725/3725
f 3725/3725 3735/3735 3736/3736
f 3725/3725 3721/3721 3737/3737
f 3722/3722 3738/3738 3739/3739
f 3730/3730 3733/3733 3728/3728
f 3731/3731 3740/3740 3732/3732
f 3721/3721 3741/3741 3742/3742
f 3734/3734 3743/3743 3719/3719
f 3744/3744 3745/3745 3719/3719
f 3746/3746 3747/3747 3745/3745
f 3747/3747 3746/3746 3748/3748
f 3736/3736 3726/3726 3725/3725
f 3721/3721 3749/3749 3737/3737
f 3722/3722 3750/3750 3751/3751
f 3738/3738 3752/3752 3739/3739
f 3733/3733 3730/3730 3731/3731
f 3753/3753 3754/3754 3755/3755
f 3753/3753 3738/3738 3756/3756
f 3742/3742 3731/3731 3721/3721
f 3720/3720 3757/3757 3721/3721
f 3719/3719 3743/3743 3744/3744
f 3748/3748 3758/3758 3747/3747
f 3759/3759 3760/3760 3761/3761
f 3737/3737 3735/3735 3725/3725
f 3739/3739 3750/3750 3722/3722
f 3755/3755 3729/3729 3753/3753
f 3738/3738 3762/3762 3756/3756
f 3757/3757 3741/3741 3721/3721
f 3745/3745 3763/3763 3746/3746
f 3738/3738 3764/3764 3765/3765
f 3738/3738 3766/3766 3759/3759
f 3759/3759 3766/3766 3760/3760
f 3767/3767 3768/3768 3769/3769
f 3721/3721 3770/3770 3771/3771
f 3751/3751 3723/3723 3722/3722
f 3756/3756 3754/3754 3753/3753
f 3744/3744 3763/3763 3745/3745
f 3748/3748 3765/3765 3772/3772
f 3738/3738 3753/3753 3764/3764
f 3761/3761 3767/3767 3759/3759
f 3767/3767 3761/3761 3768/3768
f 3771/3771 3769/3769 3721/3721
f 3724/3724 3727/3727 3722/3722
f 3721/3721 3731/3731 3773/3773
f 3742/3742 3740/3740 3731/3731
f 3765/3765 3748/3748 3738/3738
f 3769/3769 3774/3774 3767/3767
f 3771/3771 3775/3775 3769/3769
f 3773/3773 3749/3749 3721/3721
f 3772/3772 3758/3758 3748/3748
f 3775/3775 3774/3774 3769/3769
f 3721/3721 3725/3725 3776/3776
f 3728/3728 3753/3753 3729/3729
f 3776/3776 3770/3770 3721/3721
f 3738/3738 3777/3777 3762/3762
f 3722/3722 3777/3777 3738/3738
f 3738/3738 3778/3778 3752/3752
f 3759/3759 3779/3779 3738/3738
f 3779/3779 3778/3778 3738/3738
f 3780/3780 3781/3781 3782/3782
f 3783/3783 3782/3782 3784/3784
f 3785/3785 3784/3784 3786/3786
f 3787/3787 3786/3786 3788/3788
f 3788/3788 3789/3789 3787/3787
f 3786/3786 3787/3787 3785/3785
f 3784/3784 3785/3785 3783/3783
f 3782/3782 3783/3783 3780/3780
f 3790/3790 3791/3791 3792/3792
f 3792/3792 3793/3793 3790/3790
f 3794/3794 3795/3795 3796/3796
f 3797/3797 3796/3796 3798/3798
f 3799/3799 3798/3798 3800/3800
f 3801/3801 3800/3800 3802/3802
f 3802/3802 3803/3803 3801/3801
f 3800/3800 3801/3801 3799/3799
f 3798/3798 3799/3799 3797/3797
f 3796/3796 3797/3797 3794/3794
f 3804/3804 3805/3805 3806/3806
f 3806/3806 3807/3807 3804/3804
f 3808/3808 3809/3809 3810/3810
f 3810/3810 3811/3811 3808/3808
f 3812/3812 3813/3813 3814/3814
f 3814/3814 3815/3815 3812/3812
f 3816/3816 3817/3817 3818/3818
f 3819/3819 3816/3816 3820/3820
f 3821/3821 3819/3819 3822/3822
f 3823/3823 3821/3821 3824/3824
f 3824/3824 3825/3825 3823/3823
f 3822/3822 3824/3824 3821/3821
f 3820/3820 3822/3822 3819/3819
f 3818/3818 3820/3820 3816/3816
f 3826/3826 3827/3827 3828/3828
f 3829/3829 3828/3828 3830/3830
f 3831/3831 3830/3830 3832/3832
f 3833/3833 3832/3832 3834/3834
f 3834/3834 3835/3835 3833/3833
f 3832/3832 3833/3833 3831/3831
f 3830/3830 3831/3831 3829/3829
f 3828/3828 3829/3829 3826/3826
f 3836/3836 3837/3837 3838/3838
f 3836/3836 3839/3839 3840/3840
f 3841/3841 3842/3842 3838/3838
f 3840/3840 3837/3837 3836/3836
f 3838/3838 3842/3842 3836/3836
f 3843/3843 3844/3844 3840/3840
f 3840/3840 3839/3839 3843/3843
f 3838/3838 3845/3845 3841/3841
f 3846/3846 3847/3847 3848/3848
f 3847/3847 3849/3849 3850/3850
f 3850/3850 3848/3848 3847/3847
f 3849/3849 3851/3851 3852/3852
f 3853/3853 3846/3846 3854/3854
f 3852/3852 3850/3850 3849/3849
f 3848/3848 3854/3854 3846/3846
f 3854/3854 3855/3855 3853/3853
f 3856/3856 3857/3857 3858/3858
f 3857/3857 3859/3859 3860/3860
f 3860/3860 3858/3858 3857/3857
f 3858/3858 3861/3861 3856/3856
f 3862/3862 3863/3863 3864/3864
f 3864/3864 3865/3865 3862/3862
f 3866/3866 3867/3867 3868/3868
f 3869/3869 3868/3868 3867/3867
f 3867/3867 3870/3870 3869/3869
f 3866/3866 3871/3871 3872/3872
f 3873/3873 3872/3872 3874/3874
f 3875/3875 3874/3874 3876/3876
f 3876/3876 3877/3877 3875/3875
f 3874/3874 3875/3875 3873/3873
f 3872/3872 3873/3873 3866/3866
f 3868/3868 3871/3871 3866/3866
f 3878/3878 3879/3879 3880/3880
f 3881/3881 3880/3880 3879/3879
f 3879/3879 3882/3882 3881/3881
f 3880/3880 3883/3883 3878/3878
f 3884/3884 3885/3885 3886/3886
f 3887/3887 3886/3886 3888/3888
f 3889/3889 3888/3888 3890/3890
f 3891/3891 3892/3892 3893/3893
f 3890/3890 3893/3893 3892/3892
f 3892/3892 3894/3894 3890/3890
f 3893/3893 3895/3895 3891/3891
f 3890/3890 3894/3894 3889/3889
f 3888/3888 3889/3889 3887/3887
f 3886/3886 3887/3887 3884/3884
f 3896/3896 3897/3897 3898/3898
f 3898/3898 3899/3899 3896/3896
f 3900/3900 3901/3901 3902/3902
f 3902/3902 3903/3903 3900/3900
f 3904/3904 3900/3900 3903/3903
f 3903/3903 3905/3905 3904/3904
f 3902/3902 3906/3906 3903/3903
f 3907/3907 3908/3908 3909/3909
f 3910/3910 3909/3909 3911/3911
f 3909/3909 3912/3912 3911/3911
f 3911/3911 3913/3913 3910/3910
f 3909/3909 3910/3910 3907/3907
f 3914/3914 3915/3915 3916/3916
f 3917/3917 3918/3918 3915/3915
f 3915/3915 3914/3914 3917/3917
f 3916/3916 3919/3919 3914/3914
f 3920/3920 3921/3921 3922/3922
f 3923/3923 3922/3922 3924/3924
f 3925/3925 3924/3924 3926/3926
f 3927/3927 3926/3926 3928/3928
f 3928/3928 3929/3929 3927/3927
f 3926/3926 3927/3927 3925/3925
f 3924/3924 3925/3925 3923/3923
f 3922/3922 3923/3923 3920/3920
f 3930/3930 3931/3931 3932/3932
f 3932/3932 3933/3933 3930/3930
f 3934/3934 3935/3935 3936/3936
f 3937/3937 3936/3936 3938/3938
f 3939/3939 3938/3938 3940/3940
f 3941/3941 3940/3940 3942/3942
f 3942/3942 3943/3943 3941/3941
f 3940/3940 3941/3941 3939/3939
f 3938/3938 3939/3939 3937/3937
f 3936/3936 3937/3937 3934/3934
f 3944/3944 3945/3945 3946/3946
f 3946/3946 3947/3947 3944/3944
f 3948/3948 3949/3949 3950/3950
f 3950/3950 3951/3951 3948/3948
f 3952/3952 3953/3953 3954/3954
f 3955/3955 3954/3954 3956/3956
f 3957/3957 3956/3956 3958/3958
f 3959/3959 3958/3958 3960/3960
f 3960/3960 3961/3961 3959/3959
f 3958/3958 3959/3959 3957/3957
f 3956/3956 3957/3957 3955/3955
f 3954/3954 3955/3955 3952/3952
f 3962/3962 3963/3963 3964/3964
f 3962/3962 3965/3965 3966/3966
f 3967/3967 3964/3964 3968/3968
f 3966/3966 3963/3963 3962/3962
f 3969/3969 3968/3968 3970/3970
f 3964/3964 3967/3967 3962/3962
f 3968/3968 3969/3969 3967/3967
f 3970/3970 3971/3971 3969/3969
f 3972/3972 3973/3973 3974/3974
f 3972/3972 3975/3975 3976/3976
f 3976/3976 3973/3973 3972/3972
f 3975/3975 3977/3977 3978/3978
f 3978/3978 3976/3976 3975/3975
f 3977/3977 3979/3979 3980/3980
f 3980/3980 3978/3978 3977/3977
f 3974/3974 3981/3981 3972/3972
f 3982/3982 3983/3983 3984/3984
f 3985/3985 3984/3984 3983/3983
f 3983/3983 3986/3986 3985/3985
f 3987/3987 3988/3988 3989/3989
f 3990/3990 3989/3989 3988/3988
f 3989/3989 3982/3982 3987/3987
f 3991/3991 3992/3992 3990/3990
f 3984/3984 3987/3987 3982/3982
f 3991/3991 3993/3993 3994/3994
f 3988/3988 3995/3995 3990/3990
f 3990/3990 3995/3995 3991/3991
f 3985/3985 3986/3986 3996/3996
f 3996/3996 3997/3997 3985/3985
f 3994/3994 3992/3992 3991/3991
f 3998/3998 3999/3999 4000/4000
f 3998/3998 4001/4001 3999/3999
f 3998/3998 4002/4002 4003/4003
f 4003/4003 4001/4001 3998/3998
f 4002/4002 4004/4004 4003/4003
f 4002/4002 4005/4005 4004/4004
f 4002/4002 3998/3998 4006/4006
f 4006/4006 4007/4007 4002/4002
f 4000/4000 4008/4008 3998/3998
f 4009/4009 4010/4010 4011/4011
f 4012/4012 4013/4013 4010/4010
f 4010/4010 4009/4009 4012/4012
f 4011/4011 4014/4014 4009/4009
f 4015/4015 4016/4016 4017/4017
f 4016/4016 4018/4018 4019/4019
f 4019/4019 4017/4017 4016/4016
f 4017/4017 4020/4020 4015/4015
f 4021/4021 4022/4022 4023/4023
f 4024/4024 4023/4023 4025/4025
f 4024/4024 4026/4026 4021/4021
f 4023/4023 4024/4024 4021/4021
f 4024/4024 4027/4027 4028/4028
f 4024/4024 4029/4029 4030/4030
f 4028/4028 4026/4026 4024/4024
f 4030/4030 4031/4031 4024/4024
f 4031/4031 4027/4027 4024/4024
f 4029/4029 4032/4032 4033/4033
f 4033/4033 4030/4030 4029/4029
f 4029/4029 4034/4034 4035/4035
f 4036/4036 4037/4037 4038/4038
f 4039/4039 4040/4040 4041/4041
f 4042/4042 4043/4043 4044/4044
f 4035/4035 4032/4032 4029/4029
f 4029/4029 4045/4045 4046/4046
f 4043/4043 4042/4042 4045/4045
f 4037/4037 4047/4047 4038/4038
f 4039/4039 4048/4048 4040/4040
f 4044/4044 4039/4039 4042/4042
f 4046/4046 4034/4034 4029/4029
f 4045/4045 4029/4029 4049/4049
f 4050/4050 4051/4051 4052/4052
f 4053/4053 4037/4037 4054/4054
f 4038/4038 4055/4055 4036/4036
f 4056/4056 4057/4057 4058/4058
f 4040/4040 4059/4059 4041/4041
f 4060/4060 4061/4061 4062/4062
f 4044/4044 4063/4063 4039/4039
f 4045/4045 4049/4049 4043/4043
f 4051/4051 4062/4062 4052/4052
f 4037/4037 4064/4064 4054/4054
f 4036/4036 4065/4065 4037/4037
f 4058/4058 4066/4066 4067/4067
f 4058/4058 4068/4068 4056/4056
f 4041/4041 4069/4069 4039/4039
f 4062/4062 4051/4051 4060/4060
f 4039/4039 4070/4070 4061/4061
f 4025/4025 4071/4071 4024/4024
f 4024/4024 4072/4072 4073/4073
f 4037/4037 4074/4074 4075/4075
f 4053/4053 4076/4076 4050/4050
f 4054/4054 4077/4077 4053/4053
f 4037/4037 4078/4078 4047/4047
f 4079/4079 4080/4080 4081/4081
f 4057/4057 4066/4066 4058/4058
f 4039/4039 4082/4082 4048/4048
f 4061/4061 4082/4082 4039/4039
f 4073/4073 4029/4029 4024/4024
f 4075/4075 4024/4024 4037/4037
f 4077/4077 4076/4076 4053/4053
f 4037/4037 4083/4083 4078/4078
f 4081/4081 4037/4037 4079/4079
f 4067/4067 4037/4037 4058/4058
f 4084/4084 4085/4085 4080/4080
f 4060/4060 4082/4082 4061/4061
f 4075/4075 4072/4072 4024/4024
f 4037/4037 4053/4053 4086/4086
f 4065/4065 4064/4064 4037/4037
f 4067/4067 4079/4079 4037/4037
f 4059/4059 4040/4040 4087/4087
f 4055/4055 4038/4038 4088/4088
f 4080/4080 4085/4085 4089/4089
f 4080/4080 4090/4090 4084/4084
f 4091/4091 4039/4039 4092/4092
f 4039/4039 4093/4093 4070/4070
f 4086/4086 4074/4074 4037/4037
f 4081/4081 4083/4083 4037/4037
f 4087/4087 4094/4094 4095/4095
f 4088/4088 4096/4096 4097/4097
f 4098/4098 4099/4099 4100/4100
f 4089/4089 4101/4101 4080/4080
f 4090/4090 4102/4102 4084/4084
f 4069/4069 4092/4092 4039/4039
f 4052/4052 4053/4053 4050/4050
f 4087/4087 4088/4088 4094/4094
f 4088/4088 4087/4087 4096/4096
f 4100/4100 4103/4103 4104/4104
f 4024/4024 4105/4105 4103/4103
f 4084/4084 4106/4106 4107/4107
f 4102/4102 4106/4106 4084/4084
f 4063/4063 4093/4093 4039/4039
f 4088/4088 4097/4097 4055/4055
f 4103/4103 4100/4100 4024/4024
f 4024/4024 4071/4071 4108/4108
f 4101/4101 4081/4081 4080/4080
f 4087/4087 4095/4095 4059/4059
f 4039/4039 4109/4109 4110/4110
f 4109/4109 4039/4039 4111/4111
f 4108/4108 4105/4105 4024/4024
f 4092/4092 4084/4084 4091/4091
f 4110/4110 4112/4112 4039/4039
f 4111/4111 4021/4021 4109/4109
f 4107/4107 4091/4091 4084/4084
f 4111/4111 4022/4022 4021/4021
f 4112/4112 4042/4042 4039/4039
f 4100/4100 4104/4104 4098/4098
f 4113/4113 4114/4114 4115/4115
f 4115/4115 4116/4116 4113/4113
f 4117/4117 4118/4118 4119/4119
f 4120/4120 4119/4119 4121/4121
f 4121/4121 4122/4122 4120/4120
f 4119/4119 4120/4120 4117/4117
f 4123/4123 4124/4124 4125/4125
f 4126/4126 4127/4127 4124/4124
f 4124/4124 4123/4123 4126/4126
f 4125/4125 4128/4128 4123/4123
f 4129/4129 4130/4130 4131/4131
f 4130/4130 4132/4132 4133/4133
f 4133/4133 4131/4131 4130/4130
f 4131/4131 4134/4134 4129/4129
f 4135/4135 4136/4136 4137/4137
f 4135/4135 4138/4138 4139/4139
f 4139/4139 4140/4140 4135/4135
f 4138/4138 4141/4141 4139/4139
f 4138/4138 4142/4142 4141/4141
f 4138/4138 4143/4143 4142/4142
f 4138/4138 4144/4144 4143/4143
f 4140/4140 4145/4145 4135/4135
f 4137/4137 4138/4138 4135/4135
f 4146/4146 4147/4147 4148/4148
f 4149/4149 4146/4146 4150/4150
f 4150/4150 4151/4151 4149/4149
f 4148/4148 4150/4150 4146/4146
f 4152/4152 4153/4153 4154/4154
f 4154/4154 4155/4155 4152/4152
f 4156/4156 4157/4157 4158/4158
f 4159/4159 4156/4156 4160/4160
f 4161/4161 4159/4159 4162/4162
f 4163/4163 4161/4161 4164/4164
f 4164/4164 4165/4165 4163/4163
f 4162/4162 4164/4164 4161/4161
f 4160/4160 4162/4162 4159/4159
f 4158/4158 4160/4160 4156/4156
f 4166/4166 4167/4167 4168/4168
f 4168/4168 4169/4169 4166/4166
f 4170/4170 4171/4171 4172/4172
f 4172/4172 4173/4173 4170/4170
f 4174/4174 4175/4175 4176/4176
f 4176/4176 4177/4177 4174/4174
f 4178/4178 4179/4179 4180/4180
f 4180/4180 4181/4181 4178/4178
f 4182/4182 4183/4183 4184/4184
f 4185/4185 4182/4182 4186/4186
f 4187/4187 4185/4185 4188/4188
f 4189/4189 4187/4187 4190/4190
f 4191/4191 4189/4189 4192/4192
f 4193/4193 4191/4191 4194/4194
f 4195/4195 4193/4193 4196/4196
f 4197/4197 4195/4195 4198/4198
f 4199/4199 4197/4197 4200/4200
f 4201/4201 4199/4199 4202/4202
f 4203/4203 4201/4201 4204/4204
f 4205/4205 4203/4203 4206/4206
f 4207/4207 4205/4205 4208/4208
f 4209/4209 4207/4207 4210/4210
f 4211/4211 4209/4209 4212/4212
f 4183/4183 4211/4211 4213/4213
f 4213/4213 4184/4184 4183/4183
f 4212/4212 4213/4213 4211/4211
f 4210/4210 4212/4212 4209/4209
f 4208/4208 4210/4210 4207/4207
f 4206/4206 4208/4208 4205/4205
f 4204/4204 4206/4206 4203/4203
f 4202/4202 4204/4204 4201/4201
f 4200/4200 4202/4202 4199/4199
f 4198/4198 4200/4200 4197/4197
f 4196/4196 4198/4198 4195/4195
f 4194/4194 4196/4196 4193/4193
f 4192/4192 4194/4194 4191/4191
f 4190/4190 4192/4192 4189/4189
f 4188/4188 4190/4190 4187/4187
f 4186/4186 4188/4188 4185/4185
f 4184/4184 4186/4186 4182/4182
f 4214/4214 4215/4215 4216/4216
f 4217/4217 4214/4214 4218/4218
f 4219/4219 4217/4217 4220/4220
f 4221/4221 4219/4219 4222/4222
f 4223/4223 4221/4221 4224/4224
f 4225/4225 4223/4223 4226/4226
f 4227/4227 4225/4225 4228/4228
f 4229/4229 4227/4227 4230/4230
f 4231/4231 4229/4229 4232/4232
f 4233/4233 4231/4231 4234/4234
f 4235/4235 4233/4233 4236/4236
f 4237/4237 4235/4235 4238/4238
f 4239/4239 4237/4237 4240/4240
f 4241/4241 4239/4239 4242/4242
f 4243/4243 4241/4241 4244/4244
f 4215/4215 4243/4243 4245/4245
f 4245/4245 4216/4216 4215/4215
f 4244/4244 4245/4245 4243/4243
f 4242/4242 4244/4244 4241/4241
f 4240/4240 4242/4242 4239/4239
f 4238/4238 4240/4240 4237/4237
f 4236/4236 4238/4238 4235/4235
f 4234/4234 4236/4236 4233/4233
f 4232/4232 4234/4234 4231/4231
f 4230/4230 4232/4232 4229/4229
f 4228/4228 4230/4230 4227/4227
f 4226/4226 4228/4228 4225/4225
f 4224/4224 4226/4226 4223/4223
f 4222/4222 4224/4224 4221/4221
f 4220/4220 4222/4222 4219/4219
f 4218/4218 4220/4220 4217/4217
f 4216/4216 4218/4218 4214/4214
f 4246/4246 4247/4247 4248/4248
f 4249/4249 4246/4246 4250/4250
f 4251/4251 4249/4249 4252/4252
f 4253/4253 4251/4251 4254/4254
f 4255/4255 4253/4253 4256/4256
f 4257/4257 4255/4255 4258/4258
f 4259/4259 4257/4257 4260/4260
f 4261/4261 4259/4259 4262/4262
f 4263/4263 4261/4261 4264/4264
f 4265/4265 4263/4263 4266/4266
f 4267/4267 4265/4265 4268/4268
f 4269/4269 4267/4267 4270/4270
f 4271/4271 4269/4269 4272/4272
f 4273/4273 4271/4271 4274/4274
f 4275/4275 4273/4273 4276/4276
f 4247/4247 4275/4275 4277/4277
f 4277/4277 4248/4248 4247/4247
f 4276/4276 4277/4277 4275/4275
f 4274/4274 4276/4276 4273/4273
f 4272/4272 4274/4274 4271/4271
f 4270/4270 4272/4272 4269/4269
f 4268/4268 4270/4270 4267/4267
f 4266/4266 4268/4268 4265/4265
f 4264/4264 4266/4266 4263/4263
f 4262/4262 4264/4264 4261/4261
f 4260/4260 4262/4262 4259/4259
f 4258/4258 4260/4260 4257/4257
f 4256/4256 4258/4258 4255/4255
f 4254/4254 4256/4256 4253/4253
f 4252/4252 4254/4254 4251/4251
f 4250/4250 4252/4252 4249/4249
f 4248/4248 4250/4250 4246/4246
f 4278/4278 4279/4279 4280/4280
f 4280/4280 4281/4281 4278/4278
f 4282/4282 4283/4283 4284/4284
f 4285/4285 4282/4282 4286/4286
f 4287/4287 4285/4285 4288/4288
f 4289/4289 4287/4287 4290/4290
f 4291/4291 4289/4289 4292/4292
f 4293/4293 4291/4291 4294/4294
f 4295/4295 4293/4293 4296/4296
f 4297/4297 4295/4295 4298/4298
f 4298/4298 4299/4299 4297/4297
f 4296/4296 4298/4298 4295/4295
f 4294/4294 4296/4296 4293/4293
f 4292/4292 4294/4294 4291/4291
f 4290/4290 4292/4292 4289/4289
f 4288/4288 4290/4290 4287/4287
f 4286/4286 4288/4288 4285/4285
f 4284/4284 4286/4286 4282/4282
f 4300/4300 4301/4301 4302/4302
f 4303/4303 4300/4300 4304/4304
f 4305/4305 4303/4303 4306/4306
f 4307/4307 4305/4305 4308/4308
f 4309/4309 4307/4307 4310/4310
f 4311/4311 4309/4309 4312/4312
f 4313/4313 4311/4311 4314/4314
f 4315/4315 4313/4313 4316/4316
f 4316/4316 4317/4317 4315/4315
f 4314/4314 4316/4316 4313/4313
f 4312/4312 4314/4314 4311/4311
f 4310/4310 4312/4312 4309/4309
f 4308/4308 4310/4310 4307/4307
f 4306/4306 4308/4308 4305/4305
f 4304/4304 4306/4306 4303/4303
f 4302/4302 4304/4304 4300/4300
f 4318/4318 4319/4319 4320/4320
f 4320/4320 4321/4321 4318/4318
f 4322/4322 4323/4323 4324/4324
f 4324/4324 4325/4325 4322/4322
f 4326/4326 4327/4327 4328/4328
f 4328/4328 4329/4329 4326/4326
f 4330/4330 4331/4331 4332/4332
f 4333/4333 4334/4334 4335/4335
f 4336/4336 4337/4337 4338/4338
f 4330/4330 4339/4339 4331/4331
f 4334/4334 4340/4340 4339/4339
f 4335/4335 4341/4341 4333/4333
f 4338/4338 4334/4334 4336/4336
f 4339/4339 4330/4330 4334/4334
f 4338/4338 4335/4335 4334/4334
f 4333/4333 4340/4340 4334/4334
f 4334/4334 4330/4330 4342/4342
f 4342/4342 4343/4343 4334/4334
f 4344/4344 4345/4345 4346/4346
f 4344/4344 4337/4337 4347/4347
f 4332/4332 4348/4348 4330/4330
f 4349/4349 4350/4350 4351/4351
f 4347/4347 4345/4345 4344/4344
f 4342/4342 4351/4351 4343/4343
f 4342/4342 4352/4352 4349/4349
f 4353/4353 4354/4354 4355/4355
f 4356/4356 4357/4357 4358/4358
f 4359/4359 4356/4356 4360/4360
f 4336/4336 4347/4347 4337/4337
f 4349/4349 4361/4361 4350/4350
f 4342/4342 4362/4362 4363/4363
f 4355/4355 4364/4364 4365/4365
f 4353/4353 4366/4366 4367/4367
f 4368/4368 4369/4369 4370/4370
f 4356/4356 4371/4371 4357/4357
f 4360/4360 4346/4346 4359/4359
f 4351/4351 4342/4342 4349/4349
f 4363/4363 4372/4372 4342/4342
f 4368/4368 4353/4353 4373/4373
f 4367/4367 4354/4354 4353/4353
f 4368/4368 4374/4374 4366/4366
f 4370/4370 4375/4375 4368/4368
f 4368/4368 4376/4376 4377/4377
f 4378/4378 4379/4379 4376/4376
f 4380/4380 4378/4378 4381/4381
f 4382/4382 4381/4381 4378/4378
f 4383/4383 4384/4384 4385/4385
f 4359/4359 4371/4371 4356/4356
f 4362/4362 4386/4386 4387/4387
f 4372/4372 4352/4352 4342/4342
f 4362/4362 4388/4388 4389/4389
f 4362/4362 4390/4390 4391/4391
f 4373/4373 4392/4392 4368/4368
f 4366/4366 4353/4353 4368/4368
f 4355/4355 4393/4393 4394/4394
f 4395/4395 4393/4393 4396/4396
f 4377/4377 4369/4369 4368/4368
f 4378/4378 4380/4380 4379/4379
f 4378/4378 4397/4397 4382/4382
f 4385/4385 4398/4398 4383/4383
f 4387/4387 4356/4356 4362/4362
f 4362/4362 4368/4368 4399/4399
f 4389/4389 4363/4363 4362/4362
f 4391/4391 4400/4400 4362/4362
f 4385/4385 4401/4401 4402/4402
f 4361/4361 4349/4349 4403/4403
f 4355/4355 4365/4365 4353/4353
f 4393/4393 4395/4395 4394/4394
f 4396/4396 4404/4404 4395/4395
f 4376/4376 4368/4368 4378/4378
f 4381/4381 4405/4405 4406/4406
f 4384/4384 4407/4407 4390/4390
f 4383/4383 4408/4408 4384/4384
f 4399/4399 4386/4386 4362/4362
f 4400/4400 4388/4388 4362/4362
f 4385/4385 4403/4403 4401/4401
f 4403/4403 4385/4385 4409/4409
f 4394/4394 4364/4364 4355/4355
f 4337/4337 4410/4410 4404/4404
f 4381/4381 4406/4406 4380/4380
f 4381/4381 4411/4411 4412/4412
f 4411/4411 4381/4381 4413/4413
f 4414/4414 4341/4341 4415/4415
f 4408/4408 4407/4407 4384/4384
f 4346/4346 4360/4360 4344/4344
f 4403/4403 4409/4409 4361/4361
f 4396/4396 4337/4337 4404/4404
f 4337/4337 4344/4344 4416/4416
f 4412/4412 4405/4405 4381/4381
f 4413/4413 4355/4355 4411/4411
f 4341/4341 4417/4417 4418/4418
f 4415/4415 4419/4419 4414/4414
f 4362/4362 4358/4358 4384/4384
f 4402/4402 4398/4398 4385/4385
f 4416/4416 4410/4410 4337/4337
f 4413/4413 4393/4393 4355/4355
f 4418/4418 4420/4420 4341/4341
f 4415/4415 4421/4421 4419/4419
f 4358/4358 4362/4362 4356/4356
f 4375/4375 4374/4374 4368/4368
f 4414/4414 4417/4417 4341/4341
f 4392/4392 4399/4399 4368/4368
f 4390/4390 4362/4362 4384/4384
f 4420/4420 4333/4333 4341/4341
f 4422/4422 4423/4423 4424/4424
f 4425/4425 4422/4422 4426/4426
f 4427/4427 4425/4425 4428/4428
f 4429/4429 4427/4427 4430/4430
f 4431/4431 4429/4429 4432/4432
f 4433/4433 4431/4431 4434/4434
f 4435/4435 4433/4433 4436/4436
f 4437/4437 4435/4435 4438/4438
f 4439/4439 4437/4437 4440/4440
f 4441/4441 4439/4439 4442/4442
f 4443/4443 4441/4441 4444/4444
f 4445/4445 4443/4443 4446/4446
f 4447/4447 4445/4445 4448/4448
f 4449/4449 4447/4447 4450/4450
f 4451/4451 4449/4449 4452/4452
f 4423/4423 4451/4451 4453/4453
f 4453/4453 4424/4424 4423/4423
f 4452/4452 4453/4453 4451/4451
f 4450/4450 4452/4452 4449/4449
f 4448/4448 4450/4450 4447/4447
f 4446/4446 4448/4448 4445/4445
f 4444/4444 4446/4446 4443/4443
f 4442/4442 4444/4444 4441/4441
f 4440/4440 4442/4442 4439/4439
f 4438/4438 4440/4440 4437/4437
f 4436/4436 4438/4438 4435/4435
f 4434/4434 4436/4436 4433/4433
f 4432/4432 4434/4434 4431/4431
f 4430/4430 4432/4432 4429/4429
f 4428/4428 4430/4430 4427/4427
f 4426/4426 4428/4428 4425/4425
f 4424/4424 4426/4426 4422/4422

