# https://github.com/mikedh/trimesh
mtllib material.mtl
usemtl 0.498039_0.498039_0.498039_0.000000_0.000000
v 0.00242686 0.00151732 0.02632984
v 0.00244544 0.00151732 0.02630852
v 0.00243096 0.00153961 0.02630594
v 0.00242515 0.00154855 0.02630490
v 0.00244544 0.00151732 0.02630852
v 0.00269486 0.00151732 0.02629144
v 0.00269486 0.00130016 0.02629144
v 0.00244544 0.00130016 0.02630852
v 0.00242686 0.00130016 0.02632984
v 0.00269623 0.00130016 0.02631139
v 0.00269623 0.00151732 0.02631139
v 0.00242686 0.00151732 0.02632984
v 0.00269623 0.00151732 0.02631139
v 0.00269486 0.00151732 0.02629144
v 0.00244544 0.00151732 0.02630852
v 0.00242686 0.00151732 0.02632984
v 0.00269623 0.00151732 0.02631139
v 0.00269623 0.00130016 0.02631139
v 0.00269486 0.00130016 0.02629144
v 0.00269486 0.00151732 0.02629144
v 0.00269623 0.00130016 0.02631139
v 0.00242686 0.00130016 0.02632984
v 0.00244544 0.00130016 0.02630852
v 0.00269486 0.00130016 0.02629144
v 0.00242686 0.00130016 0.02632984
v 0.00242515 0.00126894 0.02630490
v 0.00242974 0.00127601 0.02630572
v 0.00244544 0.00130016 0.02630852
v -0.00455680 0.00130016 0.02680821
v -0.00455851 0.00126894 0.02678327
v -0.00455392 0.00127601 0.02678409
v -0.00453822 0.00130016 0.02678689
v -0.00453822 0.00151732 0.02678689
v -0.00428880 0.00151732 0.02676981
v -0.00428880 0.00130016 0.02676981
v -0.00453822 0.00130016 0.02678689
v -0.00455680 0.00130016 0.02680821
v -0.00428743 0.00130016 0.02678976
v -0.00428743 0.00151732 0.02678976
v -0.00455680 0.00151732 0.02680821
v -0.00428743 0.00130016 0.02678976
v -0.00455680 0.00130016 0.02680821
v -0.00453822 0.00130016 0.02678689
v -0.00428880 0.00130016 0.02676981
v -0.00428743 0.00151732 0.02678976
v -0.00428743 0.00130016 0.02678976
v -0.00428880 0.00130016 0.02676981
v -0.00428880 0.00151732 0.02676981
v -0.00428743 0.00151732 0.02678976
v -0.00428880 0.00151732 0.02676981
v -0.00453822 0.00151732 0.02678689
v -0.00455680 0.00151732 0.02680821
v -0.00455680 0.00151732 0.02680821
v -0.00453822 0.00151732 0.02678689
v -0.00455270 0.00153961 0.02678431
v -0.00455851 0.00154855 0.02678327
v 0.00237197 0.00158874 0.02552854
v 0.00242467 0.00156472 0.02629797
v 0.00242377 0.00158361 0.02628482
v 0.00232059 0.00158874 0.02477853
v 0.00242515 0.00126894 0.02630490
v 0.00242686 0.00130016 0.02632984
v 0.00242349 0.00122945 0.02628067
v 0.00242453 0.00124916 0.02629594
v 0.00242515 0.00154855 0.02630490
v 0.00242686 0.00151732 0.02632984
v 0.00240594 0.00097264 0.02602446
v 0.00219543 -0.00082736 0.02295134
v 0.00213799 0.00020375 0.02211277
v 0.00213607 0.00018150 0.02208470
v 0.00242334 0.00158874 0.02627854
v 0.00214120 0.00022872 0.02215962
v 0.00240594 -0.00082736 0.02602446
v 0.00229806 0.00146874 0.02444960
v 0.00214793 -0.00123126 0.02225786
v 0.00218177 -0.00123126 0.02275181
v 0.00213805 -0.00116880 0.02211360
v 0.00213437 -0.00108007 0.02205985
v 0.00213482 -0.00111565 0.02206638
v 0.00213481 0.00015075 0.02206627
v 0.00219543 -0.00103126 0.02295134
v 0.00213437 0.00011546 0.02205985
v 0.00214478 -0.00121999 0.02221185
v 0.00214631 -0.00122840 0.02223418
v 0.00214120 0.00146874 0.02215962
v 0.00213610 -0.00114658 0.02208511
v 0.00244449 0.00124916 0.02629457
v 0.00242453 0.00124916 0.02629594
v 0.00242349 0.00122945 0.02628067
v 0.00244524 0.00127586 0.02630553
v 0.00242974 0.00127601 0.02630572
v 0.00242515 0.00126894 0.02630490
v 0.00244544 0.00130016 0.02630852
v 0.00244344 0.00122945 0.02627930
v 0.00239192 0.00158874 0.02552717
v 0.00244524 0.00127586 0.02630553
v 0.00244449 0.00124916 0.02629457
v 0.00244544 0.00130016 0.02630852
v 0.00244330 0.00158874 0.02627718
v 0.00244373 0.00158361 0.02628345
v 0.00244344 0.00122945 0.02627930
v 0.00244463 0.00156472 0.02629660
v 0.00244544 0.00151732 0.02630852
v 0.00244527 0.00153978 0.02630597
v 0.00215800 -0.00116880 0.02211224
v 0.00215605 -0.00114658 0.02208375
v 0.00215477 -0.00111565 0.02206501
v 0.00221539 -0.00082736 0.02294997
v 0.00221539 -0.00103126 0.02294997
v 0.00220172 -0.00123126 0.02275044
v 0.00242589 -0.00082736 0.02602309
v 0.00231802 0.00146874 0.02444823
v 0.00234055 0.00158874 0.02477716
v 0.00216116 0.00022872 0.02215825
v 0.00216116 0.00146874 0.02215825
v 0.00215476 0.00015075 0.02206490
v 0.00215602 0.00018150 0.02208333
v 0.00215432 -0.00108007 0.02205848
v 0.00215432 0.00011546 0.02205848
v 0.00216789 -0.00123126 0.02225650
v 0.00216626 -0.00122840 0.02223281
v 0.00242589 0.00097264 0.02602309
v 0.00215795 0.00020375 0.02211141
v 0.00216473 -0.00121999 0.02221048
v 0.00244344 0.00122945 0.02627930
v 0.00242349 0.00122945 0.02628067
v 0.00240594 0.00097264 0.02602446
v 0.00242589 0.00097264 0.02602309
v 0.00242589 0.00097264 0.02602309
v 0.00240594 0.00097264 0.02602446
v 0.00240594 -0.00082736 0.02602446
v 0.00242589 -0.00082736 0.02602309
v 0.00242589 -0.00082736 0.02602309
v 0.00240594 -0.00082736 0.02602446
v 0.00219543 -0.00082736 0.02295134
v 0.00221539 -0.00082736 0.02294997
v 0.00221539 -0.00082736 0.02294997
v 0.00219543 -0.00082736 0.02295134
v 0.00219543 -0.00103126 0.02295134
v 0.00221539 -0.00103126 0.02294997
v 0.00218177 -0.00123126 0.02275181
v 0.00220172 -0.00123126 0.02275044
v 0.00221539 -0.00103126 0.02294997
v 0.00219543 -0.00103126 0.02295134
v 0.00214793 -0.00123126 0.02225786
v 0.00216789 -0.00123126 0.02225650
v 0.00220172 -0.00123126 0.02275044
v 0.00218177 -0.00123126 0.02275181
v 0.00216789 -0.00123126 0.02225650
v 0.00214793 -0.00123126 0.02225786
v 0.00214631 -0.00122840 0.02223418
v 0.00216626 -0.00122840 0.02223281
v 0.00214478 -0.00121999 0.02221185
v 0.00216473 -0.00121999 0.02221048
v 0.00213805 -0.00116880 0.02211360
v 0.00215800 -0.00116880 0.02211224
v 0.00216473 -0.00121999 0.02221048
v 0.00214478 -0.00121999 0.02221185
v 0.00215800 -0.00116880 0.02211224
v 0.00213805 -0.00116880 0.02211360
v 0.00213610 -0.00114658 0.02208511
v 0.00215605 -0.00114658 0.02208375
v 0.00213482 -0.00111565 0.02206638
v 0.00215477 -0.00111565 0.02206501
v 0.00213437 -0.00108007 0.02205985
v 0.00215432 -0.00108007 0.02205848
v 0.00213437 -0.00108007 0.02205985
v 0.00213437 0.00011546 0.02205985
v 0.00215432 0.00011546 0.02205848
v 0.00215432 -0.00108007 0.02205848
v 0.00215432 0.00011546 0.02205848
v 0.00213437 0.00011546 0.02205985
v 0.00213481 0.00015075 0.02206627
v 0.00215476 0.00015075 0.02206490
v 0.00213607 0.00018150 0.02208470
v 0.00215602 0.00018150 0.02208333
v 0.00213799 0.00020375 0.02211277
v 0.00215795 0.00020375 0.02211141
v 0.00213799 0.00020375 0.02211277
v 0.00214120 0.00022872 0.02215962
v 0.00216116 0.00022872 0.02215825
v 0.00215795 0.00020375 0.02211141
v 0.00214120 0.00146874 0.02215962
v 0.00216116 0.00146874 0.02215825
v 0.00216116 0.00022872 0.02215825
v 0.00214120 0.00022872 0.02215962
v 0.00216116 0.00146874 0.02215825
v 0.00214120 0.00146874 0.02215962
v 0.00229806 0.00146874 0.02444960
v 0.00231802 0.00146874 0.02444823
v 0.00244463 0.00156472 0.02629660
v 0.00242515 0.00154855 0.02630490
v 0.00243096 0.00153961 0.02630594
v 0.00242467 0.00156472 0.02629797
v 0.00244373 0.00158361 0.02628345
v 0.00242377 0.00158361 0.02628482
v 0.00244544 0.00151732 0.02630852
v 0.00244527 0.00153978 0.02630597
v 0.00234055 0.00158874 0.02477716
v 0.00231802 0.00146874 0.02444823
v 0.00229806 0.00146874 0.02444960
v 0.00232059 0.00158874 0.02477853
v 0.00244330 0.00158874 0.02627718
v 0.00242334 0.00158874 0.02627854
v 0.00242377 0.00158361 0.02628482
v 0.00244373 0.00158361 0.02628345
v 0.00787136 -0.00121999 0.02181959
v 0.00789132 -0.00121999 0.02181822
v 0.00789284 -0.00122840 0.02184055
v 0.00787289 -0.00122840 0.02184192
v 0.00789447 -0.00123126 0.02186423
v 0.00787451 -0.00123126 0.02186560
v 0.00790835 -0.00123126 0.02235954
v 0.00787451 -0.00123126 0.02186560
v 0.00789447 -0.00123126 0.02186423
v 0.00792830 -0.00123126 0.02235818
v 0.00790835 -0.00123126 0.02235954
v 0.00792830 -0.00123126 0.02235818
v 0.00794197 -0.00103126 0.02255771
v 0.00792202 -0.00103126 0.02255908
v 0.00809855 0.00158874 0.02513627
v 0.00815007 0.00122945 0.02588841
v 0.00815155 0.00126190 0.02591003
v 0.00815207 0.00151732 0.02591763
v 0.00815163 0.00155277 0.02591115
v 0.00813252 0.00097264 0.02563220
v 0.00815035 0.00158361 0.02589256
v 0.00815207 0.00130016 0.02591763
v 0.00792202 -0.00082736 0.02255908
v 0.00786265 0.00018150 0.02169244
v 0.00786139 0.00015075 0.02167401
v 0.00786778 0.00022872 0.02176735
v 0.00813252 -0.00082736 0.02563220
v 0.00802464 0.00146874 0.02405734
v 0.00804718 0.00158874 0.02438627
v 0.00787451 -0.00123126 0.02186560
v 0.00790835 -0.00123126 0.02235954
v 0.00786463 -0.00116880 0.02172134
v 0.00786095 -0.00108007 0.02166759
v 0.00786140 -0.00111565 0.02167412
v 0.00786457 0.00020375 0.02172051
v 0.00814992 0.00158874 0.02588628
v 0.00792202 -0.00103126 0.02255908
v 0.00786095 0.00011546 0.02166759
v 0.00787136 -0.00121999 0.02181959
v 0.00787289 -0.00122840 0.02184192
v 0.00786778 0.00146874 0.02176735
v 0.00786268 -0.00114658 0.02169285
v 0.00811850 0.00158874 0.02513491
v 0.00817202 0.00130016 0.02591626
v 0.00817150 0.00126190 0.02590867
v 0.00817002 0.00122945 0.02588704
v 0.00817031 0.00158361 0.02589119
v 0.00817158 0.00155277 0.02590978
v 0.00817202 0.00151732 0.02591626
v 0.00816988 0.00158874 0.02588491
v 0.00788459 -0.00116880 0.02171997
v 0.00788263 -0.00114658 0.02169148
v 0.00788135 -0.00111565 0.02167275
v 0.00794197 -0.00082736 0.02255771
v 0.00794197 -0.00103126 0.02255771
v 0.00792830 -0.00123126 0.02235818
v 0.00815247 -0.00082736 0.02563083
v 0.00804460 0.00146874 0.02405597
v 0.00806713 0.00158874 0.02438490
v 0.00788774 0.00022872 0.02176599
v 0.00788774 0.00146874 0.02176599
v 0.00788090 0.00011546 0.02166622
v 0.00788134 0.00015075 0.02167264
v 0.00788090 -0.00108007 0.02166622
v 0.00789447 -0.00123126 0.02186423
v 0.00789284 -0.00122840 0.02184055
v 0.00815247 0.00097264 0.02563083
v 0.00788453 0.00020375 0.02171914
v 0.00788261 0.00018150 0.02169107
v 0.00789132 -0.00121999 0.02181822
v 0.00792202 -0.00082736 0.02255908
v 0.00792202 -0.00103126 0.02255908
v 0.00794197 -0.00103126 0.02255771
v 0.00794197 -0.00082736 0.02255771
v 0.00815247 -0.00082736 0.02563083
v 0.00813252 -0.00082736 0.02563220
v 0.00792202 -0.00082736 0.02255908
v 0.00794197 -0.00082736 0.02255771
v 0.00813252 0.00097264 0.02563220
v 0.00813252 -0.00082736 0.02563220
v 0.00815247 -0.00082736 0.02563083
v 0.00815247 0.00097264 0.02563083
v 0.00813252 0.00097264 0.02563220
v 0.00815247 0.00097264 0.02563083
v 0.00817002 0.00122945 0.02588704
v 0.00815007 0.00122945 0.02588841
v 0.00815007 0.00122945 0.02588841
v 0.00817002 0.00122945 0.02588704
v 0.00817150 0.00126190 0.02590867
v 0.00815155 0.00126190 0.02591003
v 0.00817202 0.00130016 0.02591626
v 0.00815207 0.00130016 0.02591763
v 0.00817202 0.00151732 0.02591626
v 0.00815207 0.00151732 0.02591763
v 0.00815207 0.00130016 0.02591763
v 0.00817202 0.00130016 0.02591626
v 0.00815207 0.00151732 0.02591763
v 0.00817202 0.00151732 0.02591626
v 0.00817158 0.00155277 0.02590978
v 0.00815163 0.00155277 0.02591115
v 0.00817031 0.00158361 0.02589119
v 0.00815035 0.00158361 0.02589256
v 0.00786463 -0.00116880 0.02172134
v 0.00788459 -0.00116880 0.02171997
v 0.00789132 -0.00121999 0.02181822
v 0.00787136 -0.00121999 0.02181959
v 0.00786095 -0.00108007 0.02166759
v 0.00788090 -0.00108007 0.02166622
v 0.00788135 -0.00111565 0.02167275
v 0.00786140 -0.00111565 0.02167412
v 0.00788263 -0.00114658 0.02169148
v 0.00786268 -0.00114658 0.02169285
v 0.00788459 -0.00116880 0.02171997
v 0.00786463 -0.00116880 0.02172134
v 0.00786095 0.00011546 0.02166759
v 0.00788090 0.00011546 0.02166622
v 0.00788090 -0.00108007 0.02166622
v 0.00786095 -0.00108007 0.02166759
v 0.00786457 0.00020375 0.02172051
v 0.00788453 0.00020375 0.02171914
v 0.00788261 0.00018150 0.02169107
v 0.00786265 0.00018150 0.02169244
v 0.00788134 0.00015075 0.02167264
v 0.00786139 0.00015075 0.02167401
v 0.00788090 0.00011546 0.02166622
v 0.00786095 0.00011546 0.02166759
v 0.00788453 0.00020375 0.02171914
v 0.00786457 0.00020375 0.02172051
v 0.00786778 0.00022872 0.02176735
v 0.00788774 0.00022872 0.02176599
v 0.00788774 0.00146874 0.02176599
v 0.00788774 0.00022872 0.02176599
v 0.00786778 0.00022872 0.02176735
v 0.00786778 0.00146874 0.02176735
v 0.00786778 0.00146874 0.02176735
v 0.00802464 0.00146874 0.02405734
v 0.00804460 0.00146874 0.02405597
v 0.00788774 0.00146874 0.02176599
v 0.00815035 0.00158361 0.02589256
v 0.00817031 0.00158361 0.02589119
v 0.00816988 0.00158874 0.02588491
v 0.00814992 0.00158874 0.02588628
v 0.00804718 0.00158874 0.02438627
v 0.00806713 0.00158874 0.02438490
v 0.00804460 0.00146874 0.02405597
v 0.00802464 0.00146874 0.02405734
v -0.00461169 0.00158874 0.02600691
v -0.00455899 0.00156472 0.02677634
v -0.00455989 0.00158361 0.02676319
v -0.00466307 0.00158874 0.02525690
v -0.00455851 0.00126894 0.02678327
v -0.00455680 0.00130016 0.02680821
v -0.00456017 0.00122945 0.02675904
v -0.00455913 0.00124916 0.02677431
v -0.00455851 0.00154855 0.02678327
v -0.00455680 0.00151732 0.02680821
v -0.00457772 0.00097264 0.02650283
v -0.00478823 -0.00082736 0.02342971
v -0.00484759 0.00018150 0.02256307
v -0.00484885 0.00015075 0.02254464
v -0.00456032 0.00158874 0.02675691
v -0.00484246 0.00022872 0.02263799
v -0.00457772 -0.00082736 0.02650283
v -0.00468560 0.00146874 0.02492797
v -0.00483573 -0.00123126 0.02273623
v -0.00480189 -0.00123126 0.02323018
v -0.00484561 -0.00116880 0.02259197
v -0.00484929 -0.00108007 0.02253822
v -0.00484884 -0.00111565 0.02254475
v -0.00484567 0.00020375 0.02259114
v -0.00478823 -0.00103126 0.02342971
v -0.00484929 0.00011546 0.02253822
v -0.00483888 -0.00121999 0.02269022
v -0.00483735 -0.00122840 0.02271255
v -0.00484756 -0.00114658 0.02256348
v -0.00484246 0.00146874 0.02263799
v -0.00453917 0.00124916 0.02677294
v -0.00455913 0.00124916 0.02677431
v -0.00456017 0.00122945 0.02675904
v -0.00453842 0.00127586 0.02678390
v -0.00455392 0.00127601 0.02678409
v -0.00455851 0.00126894 0.02678327
v -0.00453822 0.00130016 0.02678689
v -0.00454022 0.00122945 0.02675767
v -0.00459174 0.00158874 0.02600554
v -0.00453842 0.00127586 0.02678390
v -0.00453917 0.00124916 0.02677294
v -0.00453822 0.00130016 0.02678689
v -0.00454036 0.00158874 0.02675555
v -0.00453993 0.00158361 0.02676182
v -0.00454022 0.00122945 0.02675767
v -0.00453903 0.00156472 0.02677497
v -0.00453822 0.00151732 0.02678689
v -0.00453839 0.00153978 0.02678434
v -0.00482566 -0.00116880 0.02259061
v -0.00482761 -0.00114658 0.02256212
v -0.00482889 -0.00111565 0.02254338
v -0.00476827 -0.00082736 0.02342834
v -0.00476827 -0.00103126 0.02342834
v -0.00478194 -0.00123126 0.02322881
v -0.00455777 -0.00082736 0.02650146
v -0.00466564 0.00146874 0.02492660
v -0.00464311 0.00158874 0.02525553
v -0.00482250 0.00022872 0.02263662
v -0.00482250 0.00146874 0.02263662
v -0.00482934 0.00011546 0.02253685
v -0.00482890 0.00015075 0.02254327
v -0.00482934 -0.00108007 0.02253685
v -0.00481893 -0.00121999 0.02268885
v -0.00481577 -0.00123126 0.02273487
v -0.00481740 -0.00122840 0.02271118
v -0.00455777 0.00097264 0.02650146
v -0.00482571 0.00020375 0.02258978
v -0.00482764 0.00018150 0.02256170
v -0.00456017 0.00122945 0.02675904
v -0.00457772 0.00097264 0.02650283
v -0.00455777 0.00097264 0.02650146
v -0.00454022 0.00122945 0.02675767
v -0.00455777 0.00097264 0.02650146
v -0.00457772 0.00097264 0.02650283
v -0.00457772 -0.00082736 0.02650283
v -0.00455777 -0.00082736 0.02650146
v -0.00476827 -0.00082736 0.02342834
v -0.00455777 -0.00082736 0.02650146
v -0.00457772 -0.00082736 0.02650283
v -0.00478823 -0.00082736 0.02342971
v -0.00476827 -0.00082736 0.02342834
v -0.00478823 -0.00082736 0.02342971
v -0.00478823 -0.00103126 0.02342971
v -0.00476827 -0.00103126 0.02342834
v -0.00478194 -0.00123126 0.02322881
v -0.00476827 -0.00103126 0.02342834
v -0.00478823 -0.00103126 0.02342971
v -0.00480189 -0.00123126 0.02323018
v -0.00483573 -0.00123126 0.02273623
v -0.00481577 -0.00123126 0.02273487
v -0.00478194 -0.00123126 0.02322881
v -0.00480189 -0.00123126 0.02323018
v -0.00481577 -0.00123126 0.02273487
v -0.00483573 -0.00123126 0.02273623
v -0.00483735 -0.00122840 0.02271255
v -0.00481740 -0.00122840 0.02271118
v -0.00483888 -0.00121999 0.02269022
v -0.00481893 -0.00121999 0.02268885
v -0.00484561 -0.00116880 0.02259197
v -0.00482566 -0.00116880 0.02259061
v -0.00481893 -0.00121999 0.02268885
v -0.00483888 -0.00121999 0.02269022
v -0.00482566 -0.00116880 0.02259061
v -0.00484561 -0.00116880 0.02259197
v -0.00484756 -0.00114658 0.02256348
v -0.00482761 -0.00114658 0.02256212
v -0.00484884 -0.00111565 0.02254475
v -0.00482889 -0.00111565 0.02254338
v -0.00484929 -0.00108007 0.02253822
v -0.00482934 -0.00108007 0.02253685
v -0.00484929 -0.00108007 0.02253822
v -0.00484929 0.00011546 0.02253822
v -0.00482934 0.00011546 0.02253685
v -0.00482934 -0.00108007 0.02253685
v -0.00482934 0.00011546 0.02253685
v -0.00484929 0.00011546 0.02253822
v -0.00484885 0.00015075 0.02254464
v -0.00482890 0.00015075 0.02254327
v -0.00484759 0.00018150 0.02256307
v -0.00482764 0.00018150 0.02256170
v -0.00484567 0.00020375 0.02259114
v -0.00482571 0.00020375 0.02258978
v -0.00484567 0.00020375 0.02259114
v -0.00484246 0.00022872 0.02263799
v -0.00482250 0.00022872 0.02263662
v -0.00482571 0.00020375 0.02258978
v -0.00484246 0.00146874 0.02263799
v -0.00482250 0.00146874 0.02263662
v -0.00482250 0.00022872 0.02263662
v -0.00484246 0.00022872 0.02263799
v -0.00482250 0.00146874 0.02263662
v -0.00484246 0.00146874 0.02263799
v -0.00468560 0.00146874 0.02492797
v -0.00466564 0.00146874 0.02492660
v -0.00453903 0.00156472 0.02677497
v -0.00455851 0.00154855 0.02678327
v -0.00455270 0.00153961 0.02678431
v -0.00455899 0.00156472 0.02677634
v -0.00453993 0.00158361 0.02676182
v -0.00455989 0.00158361 0.02676319
v -0.00453822 0.00151732 0.02678689
v -0.00453839 0.00153978 0.02678434
v -0.00464311 0.00158874 0.02525553
v -0.00466564 0.00146874 0.02492660
v -0.00468560 0.00146874 0.02492797
v -0.00466307 0.00158874 0.02525690
v -0.00454036 0.00158874 0.02675555
v -0.00456032 0.00158874 0.02675691
v -0.00455989 0.00158361 0.02676319
v -0.00453993 0.00158361 0.02676182
v 0.00088770 -0.00121999 0.02229796
v 0.00090765 -0.00121999 0.02229659
v 0.00090918 -0.00122840 0.02231892
v 0.00088923 -0.00122840 0.02232029
v 0.00091081 -0.00123126 0.02234260
v 0.00089085 -0.00123126 0.02234397
v 0.00094464 -0.00123126 0.02283655
v 0.00092469 -0.00123126 0.02283791
v 0.00089085 -0.00123126 0.02234397
v 0.00091081 -0.00123126 0.02234260
v 0.00094464 -0.00123126 0.02283655
v 0.00095831 -0.00103126 0.02303608
v 0.00093835 -0.00103126 0.02303745
v 0.00092469 -0.00123126 0.02283791
v 0.00111489 0.00158874 0.02561464
v 0.00116641 0.00122945 0.02636678
v 0.00116789 0.00126190 0.02638840
v 0.00116841 0.00151732 0.02639600
v 0.00116797 0.00155277 0.02638952
v 0.00114886 0.00097264 0.02611057
v 0.00116669 0.00158361 0.02637093
v 0.00116841 0.00130016 0.02639600
v 0.00093835 -0.00082736 0.02303745
v 0.00088091 0.00020375 0.02219888
v 0.00087899 0.00018150 0.02217081
v 0.00088412 0.00022872 0.02224572
v 0.00114886 -0.00082736 0.02611057
v 0.00104098 0.00146874 0.02453571
v 0.00106351 0.00158874 0.02486464
v 0.00089085 -0.00123126 0.02234397
v 0.00092469 -0.00123126 0.02283791
v 0.00088097 -0.00116880 0.02219971
v 0.00087729 -0.00108007 0.02214596
v 0.00087774 -0.00111565 0.02215249
v 0.00087773 0.00015075 0.02215238
v 0.00116626 0.00158874 0.02636465
v 0.00093835 -0.00103126 0.02303745
v 0.00087729 0.00011546 0.02214596
v 0.00088770 -0.00121999 0.02229796
v 0.00088923 -0.00122840 0.02232029
v 0.00088412 0.00146874 0.02224572
v 0.00087902 -0.00114658 0.02217122
v 0.00113484 0.00158874 0.02561328
v 0.00118836 0.00130016 0.02639463
v 0.00118784 0.00126190 0.02638704
v 0.00118636 0.00122945 0.02636541
v 0.00118665 0.00158361 0.02636956
v 0.00118792 0.00155277 0.02638815
v 0.00118836 0.00151732 0.02639463
v 0.00118622 0.00158874 0.02636328
v 0.00090092 -0.00116880 0.02219834
v 0.00089897 -0.00114658 0.02216985
v 0.00089769 -0.00111565 0.02215112
v 0.00095831 -0.00082736 0.02303608
v 0.00095831 -0.00103126 0.02303608
v 0.00094464 -0.00123126 0.02283655
v 0.00116881 -0.00082736 0.02610920
v 0.00106094 0.00146874 0.02453434
v 0.00108347 0.00158874 0.02486327
v 0.00090408 0.00022872 0.02224436
v 0.00090408 0.00146874 0.02224436
v 0.00089768 0.00015075 0.02215101
v 0.00089894 0.00018150 0.02216944
v 0.00089724 -0.00108007 0.02214459
v 0.00089724 0.00011546 0.02214459
v 0.00091081 -0.00123126 0.02234260
v 0.00090918 -0.00122840 0.02231892
v 0.00116881 0.00097264 0.02610920
v 0.00090087 0.00020375 0.02219751
v 0.00090765 -0.00121999 0.02229659
v 0.00093835 -0.00082736 0.02303745
v 0.00093835 -0.00103126 0.02303745
v 0.00095831 -0.00103126 0.02303608
v 0.00095831 -0.00082736 0.02303608
v 0.00093835 -0.00082736 0.02303745
v 0.00095831 -0.00082736 0.02303608
v 0.00116881 -0.00082736 0.02610920
v 0.00114886 -0.00082736 0.02611057
v 0.00114886 0.00097264 0.02611057
v 0.00114886 -0.00082736 0.02611057
v 0.00116881 -0.00082736 0.02610920
v 0.00116881 0.00097264 0.02610920
v 0.00118636 0.00122945 0.02636541
v 0.00116641 0.00122945 0.02636678
v 0.00114886 0.00097264 0.02611057
v 0.00116881 0.00097264 0.02610920
v 0.00116641 0.00122945 0.02636678
v 0.00118636 0.00122945 0.02636541
v 0.00118784 0.00126190 0.02638704
v 0.00116789 0.00126190 0.02638840
v 0.00118836 0.00130016 0.02639463
v 0.00116841 0.00130016 0.02639600
v 0.00118836 0.00151732 0.02639463
v 0.00116841 0.00151732 0.02639600
v 0.00116841 0.00130016 0.02639600
v 0.00118836 0.00130016 0.02639463
v 0.00116841 0.00151732 0.02639600
v 0.00118836 0.00151732 0.02639463
v 0.00118792 0.00155277 0.02638815
v 0.00116797 0.00155277 0.02638952
v 0.00118665 0.00158361 0.02636956
v 0.00116669 0.00158361 0.02637093
v 0.00090765 -0.00121999 0.02229659
v 0.00088770 -0.00121999 0.02229796
v 0.00088097 -0.00116880 0.02219971
v 0.00090092 -0.00116880 0.02219834
v 0.00087729 -0.00108007 0.02214596
v 0.00089724 -0.00108007 0.02214459
v 0.00089769 -0.00111565 0.02215112
v 0.00087774 -0.00111565 0.02215249
v 0.00089897 -0.00114658 0.02216985
v 0.00087902 -0.00114658 0.02217122
v 0.00090092 -0.00116880 0.02219834
v 0.00088097 -0.00116880 0.02219971
v 0.00087729 0.00011546 0.02214596
v 0.00089724 0.00011546 0.02214459
v 0.00089724 -0.00108007 0.02214459
v 0.00087729 -0.00108007 0.02214596
v 0.00088091 0.00020375 0.02219888
v 0.00090087 0.00020375 0.02219751
v 0.00089894 0.00018150 0.02216944
v 0.00087899 0.00018150 0.02217081
v 0.00089768 0.00015075 0.02215101
v 0.00087773 0.00015075 0.02215238
v 0.00089724 0.00011546 0.02214459
v 0.00087729 0.00011546 0.02214596
v 0.00090087 0.00020375 0.02219751
v 0.00088091 0.00020375 0.02219888
v 0.00088412 0.00022872 0.02224572
v 0.00090408 0.00022872 0.02224436
v 0.00090408 0.00146874 0.02224436
v 0.00090408 0.00022872 0.02224436
v 0.00088412 0.00022872 0.02224572
v 0.00088412 0.00146874 0.02224572
v 0.00088412 0.00146874 0.02224572
v 0.00104098 0.00146874 0.02453571
v 0.00106094 0.00146874 0.02453434
v 0.00090408 0.00146874 0.02224436
v 0.00116669 0.00158361 0.02637093
v 0.00118665 0.00158361 0.02636956
v 0.00118622 0.00158874 0.02636328
v 0.00116626 0.00158874 0.02636465
v 0.00106351 0.00158874 0.02486464
v 0.00108347 0.00158874 0.02486327
v 0.00106094 0.00146874 0.02453434
v 0.00104098 0.00146874 0.02453571
v 0.01307132 0.00158874 -0.00567659
v 0.01371455 0.00158874 0.00371370
v 0.00877766 0.00158874 0.00405187
v 0.00813444 0.00158874 -0.00533842
v 0.00616121 0.00158874 0.00423110
v 0.00957918 0.00158874 0.01575315
v 0.00696273 0.00158874 0.01593237
v 0.00556381 0.00158874 0.00290110
v 0.00553336 0.00158874 0.00274802
v 0.00551799 0.00158874 -0.00515920
v 0.00544665 0.00158874 0.00261825
v 0.00531688 0.00158874 0.00253155
v 0.00314371 0.00158874 0.00443779
v 0.00501073 0.00158874 0.00327065
v 0.00516381 0.00158874 0.00330110
v 0.00544665 0.00158874 0.00318394
v 0.00553336 0.00158874 0.00305417
v 0.00531688 0.00158874 0.00327065
v 0.00488096 0.00158874 0.00318394
v 0.00250049 0.00158874 -0.00495251
v 0.00479425 0.00158874 0.00274802
v 0.00516381 0.00158874 0.00250110
v 0.00476381 0.00158874 0.00290110
v 0.00479425 0.00158874 0.00305417
v 0.00488096 0.00158874 0.00261825
v 0.00501073 0.00158874 0.00253155
v 0.00394523 0.00158874 0.01613906
v 0.00759554 0.00158874 0.02517073
v 0.00457804 0.00158874 0.02537742
v 0.00766227 0.00158874 0.02614480
v 0.00464476 0.00158874 0.02635149
v 0.00031907 0.00158874 0.00463127
v 0.00112059 0.00158874 0.01633255
v -0.00032415 0.00158874 -0.00475902
v -0.00055615 0.00158874 0.00469123
v 0.00024537 0.00158874 0.01639250
v -0.00119937 0.00158874 -0.00469907
v -0.00340947 0.00158874 0.00488667
v -0.00260795 0.00158874 0.01658795
v 0.00087818 0.00158874 0.02563086
v -0.00197513 0.00158874 0.02582631
v 0.00094490 0.00158874 0.02660493
v -0.00190841 0.00158874 0.02680037
v -0.00405269 0.00158874 -0.00450362
v -0.00814135 0.00158874 0.00521080
v -0.00733983 0.00158874 0.01691207
v -0.00878457 0.00158874 -0.00417950
v -0.01598254 0.00158874 0.00574791
v 0.01212529 0.00158874 0.00704796
v 0.01255110 0.00158874 0.00696326
v 0.01444703 0.00158874 0.01440710
v 0.01315329 0.00158874 0.00636107
v 0.01323799 0.00158874 0.00593525
v 0.01408088 0.00158874 0.01488147
v 0.01101259 0.00158874 0.00593525
v 0.01109729 0.00158874 0.00636107
v 0.01317037 0.00158874 0.01550716
v 0.01169948 0.00158874 0.00696326
v 0.01109729 0.00158874 0.00550944
v 0.01212529 0.00158874 0.00482255
v 0.01315329 0.00158874 0.00550944
v 0.01133849 0.00158874 0.00672205
v 0.01133849 0.00158874 0.00514846
v 0.01169948 0.00158874 0.00490725
v 0.01291209 0.00158874 0.00514846
v 0.01255110 0.00158874 0.00490725
v 0.01291209 0.00158874 0.00672205
v -0.01192017 0.00158874 0.01666251
v -0.01547414 0.00158874 0.01317002
v -0.01162854 0.00158874 0.00856119
v -0.01093285 0.00158874 0.01715819
v -0.01120273 0.00158874 0.00864589
v -0.01077692 0.00158874 0.00856119
v -0.01231543 0.00158874 0.00753319
v -0.01223073 0.00158874 0.00795900
v -0.01198953 0.00158874 0.00831999
v -0.01223073 0.00158874 0.00710738
v -0.01198953 0.00158874 0.00674639
v -0.01009003 0.00158874 0.00753319
v -0.01017473 0.00158874 0.00710738
v -0.01017473 0.00158874 0.00795900
v -0.01120273 0.00158874 0.00642049
v -0.01162854 0.00158874 0.00650519
v -0.01041593 0.00158874 0.00831999
v -0.01041593 0.00158874 0.00674639
v -0.01077692 0.00158874 0.00650519
v -0.01645197 0.00158874 0.01220910
v -0.01940141 0.00158874 0.00658142
v -0.01662577 0.00158874 -0.00364239
v -0.01867820 0.00158874 -0.00157839
v -0.01934613 0.00158874 -0.00189951
v -0.01645960 0.00158874 0.00166037
v -0.01653226 0.00158874 0.00059953
v -0.01984995 0.00158874 -0.00244301
v -0.02011962 0.00158874 -0.00313331
v -0.01696895 0.00158874 -0.00036999
v -0.01739605 0.00158874 0.00353249
v -0.01676000 0.00158874 0.00268037
v -0.01933143 0.00158874 0.00512688
v -0.01890642 0.00158874 0.00451975
v -0.01948475 0.00158874 0.00598781
v -0.01950444 0.00158874 0.00584751
v -0.01771525 0.00158874 -0.00112741
v -0.01828852 0.00158874 0.00411056
v -0.02011889 0.00158874 -0.00340311
v -0.02011762 0.00158874 -0.00387442
v -0.01730161 0.00158874 -0.01097195
v -0.01713968 0.00158874 -0.01114487
v -0.00518450 0.00158874 -0.01982045
v -0.01208223 0.00158874 -0.01654536
v 0.00243341 0.00158874 -0.02034227
v 0.00452328 0.00158874 -0.01968086
v 0.00145092 0.00158874 -0.02027497
v 0.00971329 0.00158874 -0.01803833
v 0.01237227 0.00158874 -0.01588192
v 0.01564390 0.00158874 -0.01322867
v 0.01940140 0.00158874 -0.00658141
v 0.01933142 0.00158874 -0.00512687
v 0.01890641 0.00158874 -0.00451975
v 0.01504147 0.00158874 0.00225189
v 0.01867819 0.00158874 0.00157839
v 0.01934612 0.00158874 0.00189951
v 0.01501102 0.00158874 0.00209882
v 0.01771524 0.00158874 0.00112742
v 0.01501102 0.00158874 0.00240496
v 0.01984994 0.00158874 0.00244301
v 0.01464147 0.00158874 0.00265189
v 0.01479454 0.00158874 0.00262144
v 0.01950444 0.00158874 -0.00584750
v 0.02011961 0.00158874 0.00313332
v 0.02011923 0.00158874 0.00327499
v 0.01492431 0.00158874 0.00253473
v 0.01448840 0.00158874 0.00262144
v 0.01676000 0.00158874 -0.00268037
v 0.01479454 0.00158874 0.00188234
v 0.01464147 0.00158874 0.00185189
v 0.01946693 0.00158874 -0.00611468
v 0.01653226 0.00158874 -0.00059953
v 0.01696894 0.00158874 0.00036999
v 0.01492431 0.00158874 0.00196905
v 0.01645959 0.00158874 -0.00166036
v 0.01427192 0.00158874 0.00209882
v 0.01424147 0.00158874 0.00225189
v 0.01448840 0.00158874 0.00188234
v 0.01435863 0.00158874 0.00196905
v 0.01739605 0.00158874 -0.00353248
v 0.01828851 0.00158874 -0.00411055
v 0.01427192 0.00158874 0.00240496
v 0.01435863 0.00158874 0.00253473
v 0.02011761 0.00158874 0.00387442
v 0.01796310 0.00158874 0.00985172
v -0.00224894 0.00158874 -0.02002153
v -0.00137372 0.00158874 -0.02008148
v -0.00099595 0.00158874 -0.01456654
v -0.00134838 0.00158874 -0.01449644
v -0.00170937 0.00158874 -0.01425523
v -0.00510225 0.00158874 -0.01982608
v -0.00203527 0.00158874 -0.01346844
v -0.00195057 0.00158874 -0.01304263
v -0.00175037 0.00158874 -0.01274300
v -0.00195057 0.00158874 -0.01389425
v -0.00184051 0.00158874 -0.01405897
v -0.00170937 0.00158874 -0.01268164
v -0.00134838 0.00158874 -0.01244044
v -0.00092257 0.00158874 -0.01235574
v 0.00019013 0.00158874 -0.01346844
v 0.00010543 0.00158874 -0.01304263
v -0.00049676 0.00158874 -0.01244044
v -0.00013577 0.00158874 -0.01268164
v -0.00049676 0.00158874 -0.01449644
v -0.00092257 0.00158874 -0.01458114
v 0.00010543 0.00158874 -0.01389425
v -0.00084556 0.00158874 -0.01237105
v -0.00013577 0.00158874 -0.01425523
v 0.00244330 0.00158874 0.02627718
v 0.00182013 0.00158874 0.02654498
v 0.00242334 0.00158874 0.02627854
v 0.00175341 0.00158874 0.02557090
v 0.00237197 0.00158874 0.02552854
v 0.00232059 0.00158874 0.02477853
v 0.00234055 0.00158874 0.02477716
v 0.00239192 0.00158874 0.02552717
v 0.00804718 0.00158874 0.02438627
v 0.00855418 0.00158874 0.01897741
v 0.00858051 0.00158874 0.01877662
v 0.00972453 0.00158874 0.01787507
v 0.00868254 0.00158874 0.01860169
v 0.00884435 0.00158874 0.01847991
v 0.00806713 0.00158874 0.02438490
v 0.00897195 0.00158874 0.02507645
v 0.00811850 0.00158874 0.02513491
v 0.00874356 0.00158874 0.02603202
v 0.00855251 0.00158874 0.02608382
v 0.00899870 0.00158874 0.02573936
v 0.00890024 0.00158874 0.02591106
v 0.00901352 0.00158849 0.02568327
v 0.00814992 0.00158874 0.02588628
v 0.00816988 0.00158874 0.02588491
v 0.00809855 0.00158874 0.02513627
v -0.00456032 0.00158874 0.02675691
v -0.00511224 0.00158874 0.02698112
v -0.00528396 0.00158874 0.02688266
v -0.00491592 0.00158874 0.02700638
v -0.00540491 0.00158874 0.02672598
v -0.00545366 0.00158925 0.02649289
v -0.00544971 0.00158884 0.02643854
v -0.00545671 0.00158958 0.02653494
v -0.00454036 0.00158874 0.02675555
v -0.00461169 0.00158874 0.02600691
v -0.00544639 0.00158849 0.02639293
v -0.00546881 0.00158874 0.02606562
v -0.00464311 0.00158874 0.02525553
v -0.00466307 0.00158874 0.02525690
v -0.00588658 0.00158874 0.01996658
v -0.00624188 0.00158874 0.01951329
v -0.00719441 0.00158874 0.01903508
v -0.00606498 0.00158874 0.01961187
v -0.00594005 0.00158874 0.01977125
v -0.00459174 0.00158874 0.02600554
v 0.00106351 0.00158874 0.02486464
v 0.00108347 0.00158874 0.02486327
v 0.00113484 0.00158874 0.02561328
v 0.00118622 0.00158874 0.02636328
v 0.00116626 0.00158874 0.02636465
v 0.00111489 0.00158874 0.02561464
v 0.01448840 0.00160874 0.00262144
v 0.01464147 0.00160874 0.00265189
v 0.01464147 0.00158874 0.00265189
v 0.01435863 0.00160874 0.00253473
v 0.01448840 0.00158874 0.00262144
v 0.01427192 0.00160874 0.00240496
v 0.01435863 0.00158874 0.00253473
v 0.01424147 0.00160874 0.00225189
v 0.01427192 0.00158874 0.00240496
v 0.01427192 0.00160874 0.00209882
v 0.01424147 0.00158874 0.00225189
v 0.01435863 0.00160874 0.00196905
v 0.01427192 0.00158874 0.00209882
v 0.01448840 0.00160874 0.00188234
v 0.01435863 0.00158874 0.00196905
v 0.01464147 0.00160874 0.00185189
v 0.01448840 0.00158874 0.00188234
v 0.01479454 0.00160874 0.00188234
v 0.01464147 0.00158874 0.00185189
v 0.01492431 0.00160874 0.00196905
v 0.01479454 0.00158874 0.00188234
v 0.01501102 0.00160874 0.00209882
v 0.01492431 0.00158874 0.00196905
v 0.01501102 0.00158874 0.00209882
v 0.01504147 0.00158874 0.00225189
v 0.01504054 0.00160874 0.00222456
v 0.01504147 0.00160874 0.00225189
v 0.01501102 0.00160874 0.00240496
v 0.01492431 0.00160874 0.00253473
v 0.01501102 0.00158874 0.00240496
v 0.01479454 0.00160874 0.00262144
v 0.01492431 0.00158874 0.00253473
v 0.01479454 0.00158874 0.00262144
v 0.01169948 0.00160874 0.00696326
v 0.01212529 0.00160874 0.00704796
v 0.01212529 0.00158874 0.00704796
v 0.01133849 0.00160874 0.00672205
v 0.01169948 0.00158874 0.00696326
v 0.01109729 0.00160874 0.00636107
v 0.01133849 0.00158874 0.00672205
v 0.01109729 0.00158874 0.00636107
v 0.01101259 0.00158874 0.00593525
v 0.01101519 0.00160874 0.00601130
v 0.01101259 0.00160874 0.00593525
v 0.01109729 0.00160874 0.00550944
v 0.01133849 0.00160874 0.00514846
v 0.01109729 0.00158874 0.00550944
v 0.01169948 0.00160874 0.00490725
v 0.01133849 0.00158874 0.00514846
v 0.01212529 0.00160874 0.00482255
v 0.01169948 0.00158874 0.00490725
v 0.01255110 0.00160874 0.00490725
v 0.01212529 0.00158874 0.00482255
v 0.01291209 0.00160874 0.00514846
v 0.01255110 0.00158874 0.00490725
v 0.01315329 0.00160874 0.00550944
v 0.01291209 0.00158874 0.00514846
v 0.01323799 0.00160874 0.00593525
v 0.01315329 0.00158874 0.00550944
v 0.01315329 0.00160874 0.00636107
v 0.01323799 0.00158874 0.00593525
v 0.01291209 0.00160874 0.00672205
v 0.01315329 0.00158874 0.00636107
v 0.01255110 0.00160874 0.00696326
v 0.01291209 0.00158874 0.00672205
v 0.01255110 0.00158874 0.00696326
v 0.00501073 0.00160874 0.00327065
v 0.00516381 0.00160874 0.00330110
v 0.00516381 0.00158874 0.00330110
v 0.00488096 0.00160874 0.00318394
v 0.00501073 0.00158874 0.00327065
v 0.00479425 0.00160874 0.00305417
v 0.00488096 0.00158874 0.00318394
v 0.00476381 0.00160874 0.00290110
v 0.00479425 0.00158874 0.00305417
v 0.00479425 0.00160874 0.00274802
v 0.00476381 0.00158874 0.00290110
v 0.00488096 0.00160874 0.00261825
v 0.00479425 0.00158874 0.00274802
v 0.00501073 0.00160874 0.00253155
v 0.00488096 0.00158874 0.00261825
v 0.00516381 0.00160874 0.00250110
v 0.00501073 0.00158874 0.00253155
v 0.00531688 0.00160874 0.00253155
v 0.00516381 0.00158874 0.00250110
v 0.00544665 0.00160874 0.00261825
v 0.00531688 0.00158874 0.00253155
v 0.00553336 0.00160874 0.00274802
v 0.00544665 0.00158874 0.00261825
v 0.00553336 0.00158874 0.00274802
v 0.00556381 0.00158874 0.00290110
v 0.00556287 0.00160874 0.00287376
v 0.00556381 0.00160874 0.00290110
v 0.00553336 0.00160874 0.00305417
v 0.00544665 0.00160874 0.00318394
v 0.00553336 0.00158874 0.00305417
v 0.00531688 0.00160874 0.00327065
v 0.00544665 0.00158874 0.00318394
v 0.00531688 0.00158874 0.00327065
v -0.00134838 0.00160874 -0.01244044
v -0.00092257 0.00160874 -0.01235574
v -0.00092257 0.00158874 -0.01235574
v -0.00170937 0.00160874 -0.01268164
v -0.00134838 0.00158874 -0.01244044
v -0.00195057 0.00160874 -0.01304263
v -0.00175037 0.00158874 -0.01274300
v -0.00170937 0.00158874 -0.01268164
v -0.00195057 0.00158874 -0.01304263
v -0.00203527 0.00158874 -0.01346844
v -0.00203267 0.00160874 -0.01339240
v -0.00203527 0.00160874 -0.01346844
v -0.00195057 0.00160874 -0.01389425
v -0.00170937 0.00160874 -0.01425523
v -0.00184051 0.00158874 -0.01405897
v -0.00195057 0.00158874 -0.01389425
v -0.00134838 0.00160874 -0.01449644
v -0.00170937 0.00158874 -0.01425523
v -0.00134838 0.00158874 -0.01449644
v -0.00099595 0.00158874 -0.01456654
v -0.00092257 0.00160874 -0.01458114
v -0.00049676 0.00160874 -0.01449644
v -0.00092257 0.00158874 -0.01458114
v -0.00013577 0.00160874 -0.01425523
v -0.00049676 0.00158874 -0.01449644
v 0.00010543 0.00160874 -0.01389425
v -0.00013577 0.00158874 -0.01425523
v 0.00019013 0.00160874 -0.01346844
v 0.00010543 0.00158874 -0.01389425
v 0.00010543 0.00160874 -0.01304263
v 0.00019013 0.00158874 -0.01346844
v -0.00013577 0.00160874 -0.01268164
v 0.00010543 0.00158874 -0.01304263
v -0.00049676 0.00160874 -0.01244044
v -0.00013577 0.00158874 -0.01268164
v -0.00049676 0.00158874 -0.01244044
v -0.00084556 0.00158874 -0.01237105
v -0.01162854 0.00160874 0.00856119
v -0.01120273 0.00160874 0.00864589
v -0.01120273 0.00158874 0.00864589
v -0.01198953 0.00160874 0.00831999
v -0.01162854 0.00158874 0.00856119
v -0.01223073 0.00160874 0.00795900
v -0.01198953 0.00158874 0.00831999
v -0.01223073 0.00158874 0.00795900
v -0.01231543 0.00158874 0.00753319
v -0.01231283 0.00160874 0.00760923
v -0.01231543 0.00160874 0.00753319
v -0.01223073 0.00160874 0.00710738
v -0.01198953 0.00160874 0.00674639
v -0.01223073 0.00158874 0.00710738
v -0.01162854 0.00160874 0.00650519
v -0.01198953 0.00158874 0.00674639
v -0.01120273 0.00160874 0.00642049
v -0.01162854 0.00158874 0.00650519
v -0.01077692 0.00160874 0.00650519
v -0.01120273 0.00158874 0.00642049
v -0.01041593 0.00160874 0.00674639
v -0.01077692 0.00158874 0.00650519
v -0.01017473 0.00160874 0.00710738
v -0.01041593 0.00158874 0.00674639
v -0.01009003 0.00160874 0.00753319
v -0.01017473 0.00158874 0.00710738
v -0.01017473 0.00160874 0.00795900
v -0.01009003 0.00158874 0.00753319
v -0.01041593 0.00160874 0.00831999
v -0.01017473 0.00158874 0.00795900
v -0.01077692 0.00160874 0.00856119
v -0.01041593 0.00158874 0.00831999
v -0.01077692 0.00158874 0.00856119
v 0.00826468 0.00160874 0.00408701
v 0.01169948 0.00160874 0.00490725
v 0.01212529 0.00160874 0.00482255
v 0.00923231 0.00160874 0.01821331
v 0.01109729 0.00160874 0.00636107
v 0.01796310 0.00160874 0.00985172
v 0.02011761 0.00160874 0.00387442
v 0.01323799 0.00160874 0.00593525
v 0.01315329 0.00160874 0.00550944
v 0.02011923 0.00160874 0.00327499
v 0.01255110 0.00160874 0.00490725
v 0.01291209 0.00160874 0.00514846
v 0.01101519 0.00160874 0.00601130
v 0.01408088 0.00160874 0.01488147
v 0.01291209 0.00160874 0.00672205
v 0.01109729 0.00160874 0.00550944
v 0.01133849 0.00160874 0.00514846
v 0.01101259 0.00160874 0.00593525
v 0.01255110 0.00160874 0.00696326
v 0.01315329 0.00160874 0.00636107
v 0.01133849 0.00160874 0.00672205
v 0.01212529 0.00160874 0.00704796
v 0.01169948 0.00160874 0.00696326
v 0.01504147 0.00160874 0.00225189
v 0.01934612 0.00160874 0.00189951
v 0.01867819 0.00160874 0.00157839
v 0.01501102 0.00160874 0.00240496
v 0.02011961 0.00160874 0.00313332
v 0.01984994 0.00160874 0.00244301
v 0.01504054 0.00160874 0.00222456
v 0.01771524 0.00160874 0.00112742
v 0.01940140 0.00160874 -0.00658141
v 0.01828851 0.00160874 -0.00411055
v 0.01890641 0.00160874 -0.00451975
v 0.01501102 0.00160874 0.00209882
v 0.01653226 0.00160874 -0.00059953
v 0.01479454 0.00160874 0.00188234
v 0.01492431 0.00160874 0.00196905
v 0.01933142 0.00160874 -0.00512687
v 0.01696894 0.00160874 0.00036999
v 0.01950444 0.00160874 -0.00584750
v 0.01464147 0.00160874 0.00185189
v 0.01676000 0.00160874 -0.00268037
v 0.01645959 0.00160874 -0.00166036
v 0.01564390 0.00160874 -0.01322867
v 0.01739605 0.00160874 -0.00353248
v 0.01448840 0.00160874 0.00188234
v 0.01492431 0.00160874 0.00253473
v 0.00971329 0.00160874 -0.01803833
v 0.00668345 0.00160874 -0.01899721
v 0.01435863 0.00160874 0.00196905
v 0.01427192 0.00160874 0.00209882
v 0.01427192 0.00160874 0.00240496
v 0.01424147 0.00160874 0.00225189
v 0.01448840 0.00160874 0.00262144
v 0.01435863 0.00160874 0.00253473
v 0.01479454 0.00160874 0.00262144
v 0.01464147 0.00160874 0.00265189
v -0.00195057 0.00160874 -0.01304263
v -0.01771525 0.00160874 -0.00112741
v -0.01696895 0.00160874 -0.00036999
v -0.02011962 0.00160874 -0.00313331
v -0.01984995 0.00160874 -0.00244301
v -0.00170937 0.00160874 -0.01268164
v -0.01934613 0.00160874 -0.00189951
v -0.00203267 0.00160874 -0.01339240
v -0.00203527 0.00160874 -0.01346844
v -0.01208223 0.00160874 -0.01654536
v -0.01730161 0.00160874 -0.01097195
v -0.01653226 0.00160874 0.00059953
v -0.02011762 0.00160874 -0.00387442
v -0.01828852 0.00160874 0.00411056
v -0.01933143 0.00160874 0.00512688
v -0.01950444 0.00160874 0.00584751
v -0.01645960 0.00160874 0.00166037
v -0.01867820 0.00160874 -0.00157839
v -0.01890642 0.00160874 0.00451975
v -0.00134838 0.00160874 -0.01244044
v -0.01676000 0.00160874 0.00268037
v 0.00516381 0.00160874 0.00250110
v 0.00010543 0.00160874 -0.01389425
v -0.00195057 0.00160874 -0.01389425
v -0.00170937 0.00160874 -0.01425523
v -0.01948475 0.00160874 0.00598781
v -0.01739605 0.00160874 0.00353249
v -0.00013577 0.00160874 -0.01425523
v -0.00518450 0.00160874 -0.01982045
v -0.00134838 0.00160874 -0.01449644
v -0.00092257 0.00160874 -0.01458114
v 0.00553336 0.00160874 0.00274802
v 0.00556287 0.00160874 0.00287376
v 0.00488096 0.00160874 0.00261825
v 0.00501073 0.00160874 0.00253155
v 0.00243341 0.00160874 -0.02034227
v -0.00049676 0.00160874 -0.01449644
v 0.00479425 0.00160874 0.00305417
v -0.00092257 0.00160874 -0.01235574
v 0.00476381 0.00160874 0.00290110
v 0.00010543 0.00160874 -0.01304263
v -0.00013577 0.00160874 -0.01268164
v 0.00556381 0.00160874 0.00290110
v 0.00544665 0.00160874 0.00261825
v 0.00488096 0.00160874 0.00318394
v -0.00049676 0.00160874 -0.01244044
v 0.00019013 0.00160874 -0.01346844
v 0.00479425 0.00160874 0.00274802
v 0.00544665 0.00160874 0.00318394
v 0.00531688 0.00160874 0.00327065
v 0.00553336 0.00160874 0.00305417
v 0.00516381 0.00160874 0.00330110
v 0.00531688 0.00160874 0.00253155
v 0.00501073 0.00160874 0.00327065
v 0.00897975 0.00160874 0.02573298
v 0.00855115 0.00160874 0.02606386
v 0.00873466 0.00160874 0.02601411
v 0.00888516 0.00160874 0.02589792
v -0.00491729 0.00160874 0.02698643
v -0.00538700 0.00160874 0.02671708
v -0.00527081 0.00160874 0.02686759
v -0.01940141 0.00160874 0.00658142
v -0.01645197 0.00160874 0.01220910
v -0.01223073 0.00160874 0.00795900
v 0.00900402 0.00160852 0.02554436
v 0.00855418 0.00160874 0.01897741
v -0.00588658 0.00160874 0.01996658
v -0.00543675 0.00160874 0.02653357
v -0.01223073 0.00160874 0.00710738
v -0.01231283 0.00160874 0.00760923
v -0.01077692 0.00160874 0.00650519
v 0.00884435 0.00160874 0.01847991
v -0.01231543 0.00160874 0.00753319
v -0.00510587 0.00160874 0.02696217
v 0.00868254 0.00160874 0.01860169
v -0.01198953 0.00160874 0.00831999
v -0.00594005 0.00160874 0.01977125
v -0.01041593 0.00160874 0.00831999
v -0.01077692 0.00160874 0.00856119
v -0.00624188 0.00160874 0.01951329
v -0.01009003 0.00160874 0.00753319
v -0.01017473 0.00160874 0.00795900
v -0.01120273 0.00160874 0.00642049
v -0.01162854 0.00160874 0.00650519
v -0.01120273 0.00160874 0.00864589
v -0.01192017 0.00160874 0.01666251
v -0.00606498 0.00160874 0.01961187
v -0.01017473 0.00160874 0.00710738
v -0.01041593 0.00160874 0.00674639
v -0.01198953 0.00160874 0.00674639
v -0.01162854 0.00160874 0.00856119
v 0.00858051 0.00160874 0.01877662
v -0.00543675 0.00160874 0.02653357
v -0.00544639 0.00158849 0.02639293
v -0.00544971 0.00158884 0.02643854
v -0.00544501 0.00160453 0.02653414
v -0.00545366 0.00158925 0.02649289
v -0.00545671 0.00158958 0.02653494
v -0.00545293 0.00159711 0.02653468
v -0.00588658 0.00160874 0.01996658
v -0.00588658 0.00158874 0.01996658
v -0.00546881 0.00158874 0.02606562
v -0.00543675 0.00160874 0.02653357
v -0.00544639 0.00158849 0.02639293
v -0.00606498 0.00160874 0.01961187
v -0.00624188 0.00160874 0.01951329
v -0.00624188 0.00158874 0.01951329
v -0.00594005 0.00160874 0.01977125
v -0.00606498 0.00158874 0.01961187
v -0.00588658 0.00160874 0.01996658
v -0.00594005 0.00158874 0.01977125
v -0.00588658 0.00158874 0.01996658
v -0.01940141 0.00160874 0.00658142
v -0.01940141 0.00158874 0.00658142
v -0.01645197 0.00158874 0.01220910
v -0.01192017 0.00160874 0.01666251
v -0.01645197 0.00160874 0.01220910
v -0.01547414 0.00158874 0.01317002
v -0.00624188 0.00160874 0.01951329
v -0.01093285 0.00158874 0.01715819
v -0.01192017 0.00158874 0.01666251
v -0.00719441 0.00158874 0.01903508
v -0.00624188 0.00158874 0.01951329
v -0.01828852 0.00160874 0.00411056
v -0.01828852 0.00158874 0.00411056
v -0.01890642 0.00158874 0.00451975
v -0.01890642 0.00160874 0.00451975
v -0.01933143 0.00158874 0.00512688
v -0.01933143 0.00160874 0.00512688
v -0.01950444 0.00158874 0.00584751
v -0.01948475 0.00158874 0.00598781
v -0.01948475 0.00160874 0.00598781
v -0.01940141 0.00158874 0.00658142
v -0.01940141 0.00160874 0.00658142
v -0.01950444 0.00160874 0.00584751
v -0.01771525 0.00160874 -0.00112741
v -0.01867820 0.00160874 -0.00157839
v -0.01867820 0.00158874 -0.00157839
v -0.01696895 0.00160874 -0.00036999
v -0.01771525 0.00158874 -0.00112741
v -0.01653226 0.00160874 0.00059953
v -0.01696895 0.00158874 -0.00036999
v -0.01645960 0.00160874 0.00166037
v -0.01653226 0.00158874 0.00059953
v -0.01676000 0.00160874 0.00268037
v -0.01645960 0.00158874 0.00166037
v -0.01739605 0.00160874 0.00353249
v -0.01676000 0.00158874 0.00268037
v -0.01828852 0.00160874 0.00411056
v -0.01739605 0.00158874 0.00353249
v -0.01828852 0.00158874 0.00411056
v -0.02011762 0.00160874 -0.00387442
v -0.02011762 0.00158874 -0.00387442
v -0.02011889 0.00158874 -0.00340311
v -0.02011962 0.00160874 -0.00313331
v -0.02011962 0.00158874 -0.00313331
v -0.01984995 0.00158874 -0.00244301
v -0.01984995 0.00160874 -0.00244301
v -0.01934613 0.00158874 -0.00189951
v -0.01934613 0.00160874 -0.00189951
v -0.01867820 0.00158874 -0.00157839
v -0.01867820 0.00160874 -0.00157839
v 0.01940140 0.00160874 -0.00658141
v 0.01940140 0.00158874 -0.00658141
v 0.01564390 0.00158874 -0.01322867
v 0.01564390 0.00160874 -0.01322867
v 0.01237227 0.00158874 -0.01588192
v 0.00971329 0.00160874 -0.01803833
v 0.00971329 0.00158874 -0.01803833
v 0.00452328 0.00158874 -0.01968086
v 0.00668345 0.00160874 -0.01899721
v 0.00243341 0.00160874 -0.02034227
v 0.00243341 0.00158874 -0.02034227
v -0.00518450 0.00160874 -0.01982045
v -0.00224894 0.00158874 -0.02002153
v -0.00510225 0.00158874 -0.01982608
v -0.00137372 0.00158874 -0.02008148
v 0.00145092 0.00158874 -0.02027497
v -0.00518450 0.00158874 -0.01982045
v -0.01208223 0.00158874 -0.01654536
v -0.01208223 0.00160874 -0.01654536
v -0.01713968 0.00158874 -0.01114487
v -0.01730161 0.00160874 -0.01097195
v -0.01730161 0.00158874 -0.01097195
v -0.02011762 0.00158874 -0.00387442
v -0.02011762 0.00160874 -0.00387442
v 0.01828851 0.00160874 -0.00411055
v 0.01828851 0.00158874 -0.00411055
v 0.01890641 0.00158874 -0.00451975
v 0.01890641 0.00160874 -0.00451975
v 0.01933142 0.00158874 -0.00512687
v 0.01933142 0.00160874 -0.00512687
v 0.01950444 0.00158874 -0.00584750
v 0.01940140 0.00160874 -0.00658141
v 0.01950444 0.00160874 -0.00584750
v 0.01946693 0.00158874 -0.00611468
v 0.01940140 0.00158874 -0.00658141
v 0.01771524 0.00160874 0.00112742
v 0.01867819 0.00160874 0.00157839
v 0.01867819 0.00158874 0.00157839
v 0.01696894 0.00160874 0.00036999
v 0.01771524 0.00158874 0.00112742
v 0.01653226 0.00160874 -0.00059953
v 0.01696894 0.00158874 0.00036999
v 0.01645959 0.00160874 -0.00166036
v 0.01653226 0.00158874 -0.00059953
v 0.01676000 0.00160874 -0.00268037
v 0.01645959 0.00158874 -0.00166036
v 0.01739605 0.00160874 -0.00353248
v 0.01676000 0.00158874 -0.00268037
v 0.01828851 0.00160874 -0.00411055
v 0.01739605 0.00158874 -0.00353248
v 0.01828851 0.00158874 -0.00411055
v 0.02011761 0.00158874 0.00387442
v 0.02011923 0.00158874 0.00327499
v 0.02011923 0.00160874 0.00327499
v 0.02011961 0.00158874 0.00313332
v 0.02011961 0.00160874 0.00313332
v 0.01984994 0.00158874 0.00244301
v 0.01984994 0.00160874 0.00244301
v 0.01934612 0.00158874 0.00189951
v 0.01934612 0.00160874 0.00189951
v 0.01867819 0.00158874 0.00157839
v 0.01867819 0.00160874 0.00157839
v 0.02011761 0.00160874 0.00387442
v 0.00923231 0.00160874 0.01821331
v 0.00972453 0.00158874 0.01787507
v 0.01317037 0.00158874 0.01550716
v 0.01408088 0.00160874 0.01488147
v 0.00884435 0.00158874 0.01847991
v 0.01408088 0.00158874 0.01488147
v 0.01796310 0.00160874 0.00985172
v 0.01444703 0.00158874 0.01440710
v 0.01796310 0.00158874 0.00985172
v 0.02011761 0.00158874 0.00387442
v 0.02011761 0.00160874 0.00387442
v 0.00884435 0.00160874 0.01847991
v 0.00858051 0.00160874 0.01877662
v 0.00855418 0.00160874 0.01897741
v 0.00855418 0.00158874 0.01897741
v 0.00868254 0.00160874 0.01860169
v 0.00858051 0.00158874 0.01877662
v 0.00884435 0.00160874 0.01847991
v 0.00868254 0.00158874 0.01860169
v 0.00884435 0.00158874 0.01847991
v -0.00544501 0.00160453 0.02653414
v -0.00545671 0.00321411 0.02653494
v -0.00545293 0.00320658 0.02653468
v -0.00543675 0.00160874 0.02653357
v -0.00544501 0.00319916 0.02653414
v -0.00545293 0.00159711 0.02653468
v -0.00543675 0.00319495 0.02653357
v -0.00545671 0.00158958 0.02653494
v 0.00855418 0.00160874 0.01897741
v 0.00900402 0.00160852 0.02554436
v 0.00897195 0.00158874 0.02507645
v 0.00901352 0.00158849 0.02568327
v 0.00855418 0.00158874 0.01897741
v -0.00540491 0.00321495 0.02672598
v -0.00540491 0.00158874 0.02672598
v -0.00528396 0.00158874 0.02688266
v -0.00528396 0.00321495 0.02688266
v -0.00511224 0.00158874 0.02698112
v -0.00511224 0.00321495 0.02698112
v -0.00491592 0.00158874 0.02700638
v -0.00545671 0.00321411 0.02653494
v -0.00545671 0.00158958 0.02653494
v -0.00491592 0.00321495 0.02700638
v 0.00464476 0.00321495 0.02635149
v 0.00464476 0.00158874 0.02635149
v 0.00766227 0.00158874 0.02614480
v 0.00182013 0.00158874 0.02654498
v 0.00094490 0.00158874 0.02660493
v -0.00491592 0.00321495 0.02700638
v -0.00190841 0.00158874 0.02680037
v -0.00491592 0.00158874 0.02700638
v 0.00855251 0.00321495 0.02608382
v 0.00855251 0.00158874 0.02608382
v 0.00902068 0.00158866 0.02558716
v 0.00902396 0.00158874 0.02554303
v 0.00902396 0.00321495 0.02554303
v 0.00901679 0.00158857 0.02563940
v 0.00902068 0.00321502 0.02558716
v 0.00901678 0.00321512 0.02563941
v 0.00901352 0.00158849 0.02568327
v 0.00901352 0.00321520 0.02568327
v 0.00899870 0.00321495 0.02573936
v 0.00899870 0.00158874 0.02573936
v 0.00890024 0.00321495 0.02591106
v 0.00890024 0.00158874 0.02591106
v 0.00874356 0.00321495 0.02603202
v 0.00874356 0.00158874 0.02603202
v 0.00855251 0.00321495 0.02608382
v 0.00855251 0.00158874 0.02608382
v 0.01828851 0.00321495 -0.00411055
v 0.01890641 0.00321495 -0.00451975
v 0.01933142 0.00321495 -0.00512687
v 0.01653226 0.00321495 -0.00059953
v 0.01479454 0.00321495 0.00188234
v 0.01492431 0.00321495 0.00196905
v 0.01950444 0.00321495 -0.00584750
v 0.01696894 0.00321495 0.00036999
v 0.01940140 0.00321495 -0.00658141
v 0.01464147 0.00321495 0.00185189
v 0.01676000 0.00321495 -0.00268037
v 0.01501102 0.00321495 0.00209882
v 0.01645959 0.00321495 -0.00166036
v 0.01564390 0.00321495 -0.01322867
v 0.01739605 0.00321495 -0.00353248
v 0.00145092 0.00321495 -0.02027497
v 0.00516381 0.00321495 0.00250110
v 0.01427192 0.00321495 0.00209882
v 0.01448840 0.00321495 0.00188234
v 0.00501073 0.00321495 0.00253155
v 0.00971329 0.00321495 -0.01803833
v 0.01435863 0.00321495 0.00196905
v 0.00243341 0.00321495 -0.02034227
v 0.00488096 0.00321495 0.00261825
v 0.00556381 0.00321495 0.00290110
v 0.01464147 0.00321495 0.00265189
v 0.01448840 0.00321495 0.00262144
v 0.00544665 0.00321495 0.00261825
v 0.00553336 0.00321495 0.00274802
v 0.00531688 0.00321495 0.00253155
v 0.01427192 0.00321495 0.00240496
v 0.01424147 0.00321495 0.00225189
v 0.00314371 0.00321495 0.00443779
v 0.00476381 0.00321495 0.00290110
v 0.00479425 0.00321495 0.00274802
v 0.00531688 0.00321495 0.00327065
v 0.00553336 0.00321495 0.00305417
v 0.01501102 0.00321495 0.00240496
v 0.02011961 0.00321495 0.00313332
v 0.01984994 0.00321495 0.00244301
v 0.01504147 0.00321495 0.00225189
v 0.01867819 0.00321495 0.00157839
v 0.01771524 0.00321495 0.00112742
v 0.01934612 0.00321495 0.00189951
v 0.00488096 0.00321495 0.00318394
v 0.00479425 0.00321495 0.00305417
v 0.00516381 0.00321495 0.00330110
v 0.00501073 0.00321495 0.00327065
v 0.00544665 0.00321495 0.00318394
v 0.02011923 0.00321495 0.00327499
v 0.01479454 0.00321495 0.00262144
v 0.01492431 0.00321495 0.00253473
v 0.01435863 0.00321495 0.00253473
v -0.00195057 0.00321495 -0.01304263
v -0.01984995 0.00321495 -0.00244301
v -0.01934613 0.00321495 -0.00189951
v -0.00170937 0.00321495 -0.01268164
v -0.01696895 0.00321495 -0.00036999
v -0.01653226 0.00321495 0.00059953
v -0.01771525 0.00321495 -0.00112741
v -0.02011962 0.00321495 -0.00313331
v 0.00019013 0.00321495 -0.01346844
v -0.02011762 0.00321495 -0.00387442
v -0.01828852 0.00321495 0.00411056
v -0.01933143 0.00321495 0.00512688
v -0.01950444 0.00321495 0.00584751
v 0.00010543 0.00321495 -0.01304263
v -0.00013577 0.00321495 -0.01268164
v 0.00010543 0.00321495 -0.01389425
v -0.00518450 0.00321495 -0.01982045
v -0.00134838 0.00321495 -0.01449644
v -0.00092257 0.00321495 -0.01458114
v -0.00203527 0.00321495 -0.01346844
v -0.00195057 0.00321495 -0.01389425
v -0.01208223 0.00321495 -0.01654536
v -0.01730161 0.00321495 -0.01097195
v -0.01645960 0.00321495 0.00166037
v -0.01867820 0.00321495 -0.00157839
v -0.01890642 0.00321495 0.00451975
v -0.00134838 0.00321495 -0.01244044
v -0.01676000 0.00321495 0.00268037
v -0.00170937 0.00321495 -0.01425523
v -0.01948475 0.00321495 0.00598781
v -0.01739605 0.00321495 0.00353249
v -0.00013577 0.00321495 -0.01425523
v -0.00092257 0.00321495 -0.01235574
v -0.00049676 0.00321495 -0.01244044
v -0.00049676 0.00321495 -0.01449644
v -0.00544969 0.00321485 0.02643865
v -0.00540491 0.00321495 0.02672598
v -0.00528396 0.00321495 0.02688266
v -0.00511224 0.00321495 0.02698112
v -0.01223073 0.00321495 0.00710738
v -0.01940141 0.00321495 0.00658142
v -0.01645197 0.00321495 0.01220910
v -0.01223073 0.00321495 0.00795900
v -0.00491592 0.00321495 0.02700638
v -0.00544636 0.00321519 0.02639291
v -0.01162854 0.00321495 0.00650519
v -0.01120273 0.00321495 0.00642049
v -0.01231543 0.00321495 0.00753319
v -0.01192017 0.00321495 0.01666251
v -0.01162854 0.00321495 0.00856119
v -0.00545365 0.00321443 0.02649294
v -0.01017473 0.00321495 0.00710738
v -0.01009003 0.00321495 0.00753319
v -0.01198953 0.00321495 0.00831999
v 0.00464476 0.00321495 0.02635149
v -0.01077692 0.00321495 0.00856119
v -0.01120273 0.00321495 0.00864589
v -0.01041593 0.00321495 0.00831999
v -0.00624188 0.00321495 0.01951329
v -0.00606498 0.00321495 0.01961187
v -0.01017473 0.00321495 0.00795900
v -0.01041593 0.00321495 0.00674639
v -0.01198953 0.00321495 0.00674639
v -0.00588658 0.00321495 0.01996658
v -0.00594005 0.00321495 0.01977125
v -0.01077692 0.00321495 0.00650519
v 0.01315329 0.00321495 0.00636107
v 0.00884435 0.00321495 0.01847991
v 0.01408088 0.00321495 0.01488147
v 0.00868254 0.00321495 0.01860169
v 0.01796310 0.00321495 0.00985172
v 0.02011761 0.00321495 0.00387442
v 0.01323799 0.00321495 0.00593525
v 0.01315329 0.00321495 0.00550944
v 0.01212529 0.00321495 0.00482255
v 0.01255110 0.00321495 0.00490725
v 0.01169948 0.00321495 0.00490725
v 0.00855251 0.00321495 0.02608382
v 0.00899870 0.00321495 0.02573936
v 0.00901352 0.00321520 0.02568327
v 0.00874356 0.00321495 0.02603202
v 0.01169948 0.00321495 0.00696326
v 0.00858051 0.00321495 0.01877662
v 0.00890024 0.00321495 0.02591106
v 0.01291209 0.00321495 0.00514846
v 0.01133849 0.00321495 0.00514846
v 0.01109729 0.00321495 0.00636107
v 0.01101259 0.00321495 0.00593525
v 0.01133849 0.00321495 0.00672205
v 0.00855418 0.00321495 0.01897741
v 0.01109729 0.00321495 0.00550944
v 0.01212529 0.00321495 0.00704796
v 0.01291209 0.00321495 0.00672205
v 0.01255110 0.00321495 0.00696326
v -0.00545671 0.00321411 0.02653494
v 0.00901230 0.00160450 0.02554383
v 0.00902020 0.00159709 0.02554329
v 0.00902068 0.00158866 0.02558716
v 0.00900402 0.00160852 0.02554436
v 0.00901679 0.00158857 0.02563940
v 0.00901352 0.00158849 0.02568327
v 0.00902396 0.00158874 0.02554303
v 0.00901230 0.00319919 0.02554383
v 0.00902396 0.00158874 0.02554303
v 0.00902020 0.00159709 0.02554329
v 0.00900401 0.00319521 0.02554439
v 0.00901230 0.00160450 0.02554383
v 0.00902020 0.00320659 0.02554329
v 0.00900402 0.00160852 0.02554436
v 0.00902396 0.00321495 0.02554303
v 0.00900401 0.00319521 0.02554439
v 0.00901352 0.00321520 0.02568327
v 0.00901678 0.00321512 0.02563941
v 0.00901230 0.00319919 0.02554383
v 0.00902068 0.00321502 0.02558716
v 0.00902396 0.00321495 0.02554303
v 0.00902020 0.00320659 0.02554329
v -0.00544501 0.00319916 0.02653414
v -0.00545293 0.00320658 0.02653468
v -0.00545365 0.00321443 0.02649294
v -0.00543675 0.00319495 0.02653357
v -0.00544969 0.00321485 0.02643865
v -0.00544636 0.00321519 0.02639291
v -0.00545671 0.00321411 0.02653494
v -0.00510587 0.00319495 0.02696217
v -0.00491729 0.00319495 0.02698643
v -0.00491729 0.00160874 0.02698643
v -0.00527081 0.00319495 0.02686759
v -0.00510587 0.00160874 0.02696217
v -0.00538700 0.00319495 0.02671708
v -0.00527081 0.00160874 0.02686759
v -0.00543675 0.00319495 0.02653357
v -0.00538700 0.00160874 0.02671708
v -0.00543675 0.00160874 0.02653357
v 0.00897975 0.00319495 0.02573298
v 0.00900401 0.00319521 0.02554439
v 0.00900402 0.00160852 0.02554436
v 0.00888516 0.00319495 0.02589792
v 0.00897975 0.00160874 0.02573298
v 0.00873466 0.00319495 0.02601411
v 0.00888516 0.00160874 0.02589792
v 0.00855115 0.00319495 0.02606386
v 0.00873466 0.00160874 0.02601411
v 0.00855115 0.00160874 0.02606386
v -0.00491729 0.00160874 0.02698643
v -0.00491729 0.00319495 0.02698643
v 0.00464340 0.00319495 0.02633154
v 0.00855115 0.00160874 0.02606386
v 0.00855115 0.00319495 0.02606386
v -0.00588658 0.00319495 0.01996658
v -0.00543675 0.00319495 0.02653357
v -0.00544636 0.00321519 0.02639291
v -0.00588658 0.00321495 0.01996658
v 0.00855418 0.00321495 0.01897741
v 0.00901352 0.00321520 0.02568327
v 0.00900401 0.00319521 0.02554439
v 0.00855418 0.00319495 0.01897741
v 0.01448840 0.00321495 0.00262144
v 0.01464147 0.00321495 0.00265189
v 0.01464147 0.00319495 0.00265189
v 0.01435863 0.00321495 0.00253473
v 0.01448840 0.00319495 0.00262144
v 0.01427192 0.00321495 0.00240496
v 0.01435863 0.00319495 0.00253473
v 0.01427192 0.00319495 0.00240496
v 0.01424241 0.00319495 0.00227923
v 0.01424147 0.00321495 0.00225189
v 0.01427192 0.00321495 0.00209882
v 0.01424147 0.00319495 0.00225189
v 0.01435863 0.00321495 0.00196905
v 0.01427192 0.00319495 0.00209882
v 0.01448840 0.00321495 0.00188234
v 0.01435863 0.00319495 0.00196905
v 0.01464147 0.00321495 0.00185189
v 0.01448840 0.00319495 0.00188234
v 0.01479454 0.00321495 0.00188234
v 0.01464147 0.00319495 0.00185189
v 0.01492431 0.00321495 0.00196905
v 0.01479454 0.00319495 0.00188234
v 0.01501102 0.00321495 0.00209882
v 0.01492431 0.00319495 0.00196905
v 0.01504147 0.00321495 0.00225189
v 0.01501102 0.00319495 0.00209882
v 0.01501102 0.00321495 0.00240496
v 0.01504147 0.00319495 0.00225189
v 0.01492431 0.00321495 0.00253473
v 0.01501102 0.00319495 0.00240496
v 0.01479454 0.00321495 0.00262144
v 0.01492431 0.00319495 0.00253473
v 0.01479454 0.00319495 0.00262144
v 0.01169948 0.00321495 0.00696326
v 0.01212529 0.00321495 0.00704796
v 0.01212529 0.00319495 0.00704796
v 0.01133849 0.00321495 0.00672205
v 0.01169948 0.00319495 0.00696326
v 0.01109729 0.00321495 0.00636107
v 0.01133849 0.00319495 0.00672205
v 0.01101259 0.00321495 0.00593525
v 0.01109729 0.00319495 0.00636107
v 0.01109729 0.00321495 0.00550944
v 0.01101259 0.00319495 0.00593525
v 0.01133849 0.00321495 0.00514846
v 0.01109729 0.00319495 0.00550944
v 0.01169948 0.00321495 0.00490725
v 0.01133849 0.00319495 0.00514846
v 0.01212529 0.00321495 0.00482255
v 0.01169948 0.00319495 0.00490725
v 0.01255110 0.00321495 0.00490725
v 0.01212529 0.00319495 0.00482255
v 0.01291209 0.00321495 0.00514846
v 0.01255110 0.00319495 0.00490725
v 0.01315329 0.00321495 0.00550944
v 0.01291209 0.00319495 0.00514846
v 0.01315329 0.00319495 0.00550944
v 0.01323539 0.00319495 0.00585922
v 0.01323799 0.00321495 0.00593525
v 0.01315329 0.00321495 0.00636107
v 0.01323799 0.00319495 0.00593525
v 0.01291209 0.00321495 0.00672205
v 0.01315329 0.00319495 0.00636107
v 0.01255110 0.00321495 0.00696326
v 0.01291209 0.00319495 0.00672205
v 0.01255110 0.00319495 0.00696326
v 0.00501073 0.00321495 0.00327065
v 0.00516381 0.00321495 0.00330110
v 0.00516381 0.00319495 0.00330110
v 0.00488096 0.00321495 0.00318394
v 0.00501073 0.00319495 0.00327065
v 0.00479425 0.00321495 0.00305417
v 0.00488096 0.00319495 0.00318394
v 0.00479425 0.00319495 0.00305417
v 0.00476474 0.00319495 0.00292843
v 0.00476381 0.00321495 0.00290110
v 0.00479425 0.00321495 0.00274802
v 0.00476381 0.00319495 0.00290110
v 0.00488096 0.00321495 0.00261825
v 0.00479425 0.00319495 0.00274802
v 0.00501073 0.00321495 0.00253155
v 0.00488096 0.00319495 0.00261825
v 0.00516381 0.00321495 0.00250110
v 0.00501073 0.00319495 0.00253155
v 0.00531688 0.00321495 0.00253155
v 0.00516381 0.00319495 0.00250110
v 0.00544665 0.00321495 0.00261825
v 0.00531688 0.00319495 0.00253155
v 0.00553336 0.00321495 0.00274802
v 0.00544665 0.00319495 0.00261825
v 0.00556381 0.00321495 0.00290110
v 0.00553336 0.00319495 0.00274802
v 0.00553336 0.00321495 0.00305417
v 0.00556381 0.00319495 0.00290110
v 0.00544665 0.00321495 0.00318394
v 0.00553336 0.00319495 0.00305417
v 0.00531688 0.00321495 0.00327065
v 0.00544665 0.00319495 0.00318394
v 0.00531688 0.00319495 0.00327065
v -0.00134838 0.00321495 -0.01244044
v -0.00092257 0.00321495 -0.01235574
v -0.00092257 0.00319495 -0.01235574
v -0.00170937 0.00321495 -0.01268164
v -0.00134838 0.00319495 -0.01244044
v -0.00195057 0.00321495 -0.01304263
v -0.00170937 0.00319495 -0.01268164
v -0.00203527 0.00321495 -0.01346844
v -0.00195057 0.00319495 -0.01304263
v -0.00195057 0.00321495 -0.01389425
v -0.00203527 0.00319495 -0.01346844
v -0.00170937 0.00321495 -0.01425523
v -0.00195057 0.00319495 -0.01389425
v -0.00134838 0.00321495 -0.01449644
v -0.00170937 0.00319495 -0.01425523
v -0.00092257 0.00321495 -0.01458114
v -0.00134838 0.00319495 -0.01449644
v -0.00049676 0.00321495 -0.01449644
v -0.00092257 0.00319495 -0.01458114
v -0.00013577 0.00321495 -0.01425523
v -0.00049676 0.00319495 -0.01449644
v 0.00010543 0.00321495 -0.01389425
v -0.00013577 0.00319495 -0.01425523
v 0.00010543 0.00319495 -0.01389425
v 0.00018753 0.00319495 -0.01354448
v 0.00019013 0.00321495 -0.01346844
v 0.00010543 0.00321495 -0.01304263
v 0.00019013 0.00319495 -0.01346844
v -0.00013577 0.00321495 -0.01268164
v 0.00010543 0.00319495 -0.01304263
v -0.00049676 0.00321495 -0.01244044
v -0.00013577 0.00319495 -0.01268164
v -0.00049676 0.00319495 -0.01244044
v -0.00606498 0.00321495 0.01961187
v -0.00624188 0.00321495 0.01951329
v -0.00624188 0.00319495 0.01951329
v -0.00594005 0.00321495 0.01977125
v -0.00606498 0.00319495 0.01961187
v -0.00588658 0.00321495 0.01996658
v -0.00594005 0.00319495 0.01977125
v -0.00588658 0.00319495 0.01996658
v -0.01940141 0.00321495 0.00658142
v -0.01940141 0.00319495 0.00658142
v -0.01645197 0.00319495 0.01220910
v -0.01645197 0.00321495 0.01220910
v -0.01192017 0.00319495 0.01666251
v -0.01192017 0.00321495 0.01666251
v -0.00624188 0.00319495 0.01951329
v -0.00624188 0.00321495 0.01951329
v -0.01828852 0.00321495 0.00411056
v -0.01828852 0.00319495 0.00411056
v -0.01890642 0.00319495 0.00451975
v -0.01890642 0.00321495 0.00451975
v -0.01933143 0.00319495 0.00512688
v -0.01933143 0.00321495 0.00512688
v -0.01950444 0.00319495 0.00584751
v -0.01948475 0.00321495 0.00598781
v -0.01948475 0.00319495 0.00598781
v -0.01940141 0.00319495 0.00658142
v -0.01950444 0.00321495 0.00584751
v -0.01940141 0.00321495 0.00658142
v -0.01771525 0.00321495 -0.00112741
v -0.01867820 0.00321495 -0.00157839
v -0.01867820 0.00319495 -0.00157839
v -0.01696895 0.00321495 -0.00036999
v -0.01771525 0.00319495 -0.00112741
v -0.01653226 0.00321495 0.00059953
v -0.01696895 0.00319495 -0.00036999
v -0.01645960 0.00321495 0.00166037
v -0.01653226 0.00319495 0.00059953
v -0.01676000 0.00321495 0.00268037
v -0.01645960 0.00319495 0.00166037
v -0.01739605 0.00321495 0.00353249
v -0.01676000 0.00319495 0.00268037
v -0.01828852 0.00321495 0.00411056
v -0.01739605 0.00319495 0.00353249
v -0.01828852 0.00319495 0.00411056
v -0.02011762 0.00321495 -0.00387442
v -0.02011762 0.00319495 -0.00387442
v -0.02011962 0.00319495 -0.00313331
v -0.02011962 0.00321495 -0.00313331
v -0.01984995 0.00319495 -0.00244301
v -0.01984995 0.00321495 -0.00244301
v -0.01934613 0.00319495 -0.00189951
v -0.01934613 0.00321495 -0.00189951
v -0.01867820 0.00319495 -0.00157839
v -0.01867820 0.00321495 -0.00157839
v 0.01940140 0.00321495 -0.00658141
v 0.01940140 0.00319495 -0.00658141
v 0.01564390 0.00319495 -0.01322867
v 0.01564390 0.00321495 -0.01322867
v 0.00971329 0.00319495 -0.01803833
v 0.00971329 0.00321495 -0.01803833
v 0.00243341 0.00319495 -0.02034227
v -0.00518450 0.00321495 -0.01982045
v 0.00145092 0.00321495 -0.02027497
v 0.00145092 0.00319495 -0.02027497
v 0.00243341 0.00321495 -0.02034227
v -0.00518450 0.00319495 -0.01982045
v -0.01208223 0.00319495 -0.01654536
v -0.01208223 0.00321495 -0.01654536
v -0.01730161 0.00319495 -0.01097195
v -0.01730161 0.00321495 -0.01097195
v -0.02011762 0.00319495 -0.00387442
v -0.02011762 0.00321495 -0.00387442
v 0.01828851 0.00321495 -0.00411055
v 0.01828851 0.00319495 -0.00411055
v 0.01890641 0.00319495 -0.00451975
v 0.01890641 0.00321495 -0.00451975
v 0.01933142 0.00319495 -0.00512687
v 0.01933142 0.00321495 -0.00512687
v 0.01950444 0.00319495 -0.00584750
v 0.01950444 0.00321495 -0.00584750
v 0.01940140 0.00319495 -0.00658141
v 0.01940140 0.00321495 -0.00658141
v 0.01771524 0.00321495 0.00112742
v 0.01867819 0.00321495 0.00157839
v 0.01867819 0.00319495 0.00157839
v 0.01696894 0.00321495 0.00036999
v 0.01771524 0.00319495 0.00112742
v 0.01653226 0.00321495 -0.00059953
v 0.01696894 0.00319495 0.00036999
v 0.01645959 0.00321495 -0.00166036
v 0.01653226 0.00319495 -0.00059953
v 0.01676000 0.00321495 -0.00268037
v 0.01645959 0.00319495 -0.00166036
v 0.01739605 0.00321495 -0.00353248
v 0.01676000 0.00319495 -0.00268037
v 0.01828851 0.00321495 -0.00411055
v 0.01739605 0.00319495 -0.00353248
v 0.01828851 0.00319495 -0.00411055
v 0.02011961 0.00319495 0.00313332
v 0.02011961 0.00321495 0.00313332
v 0.02011923 0.00321495 0.00327499
v 0.02011761 0.00321495 0.00387442
v 0.02011761 0.00319495 0.00387442
v 0.02011923 0.00319495 0.00327499
v 0.01984994 0.00319495 0.00244301
v 0.01984994 0.00321495 0.00244301
v 0.01934612 0.00319495 0.00189951
v 0.01934612 0.00321495 0.00189951
v 0.01867819 0.00319495 0.00157839
v 0.01867819 0.00321495 0.00157839
v 0.00884435 0.00321495 0.01847991
v 0.00884435 0.00319495 0.01847991
v 0.01408088 0.00319495 0.01488147
v 0.01408088 0.00321495 0.01488147
v 0.01796310 0.00319495 0.00985172
v 0.01796310 0.00321495 0.00985172
v 0.02011761 0.00319495 0.00387442
v 0.02011761 0.00321495 0.00387442
v 0.00858051 0.00321495 0.01877662
v 0.00855418 0.00321495 0.01897741
v 0.00855418 0.00319495 0.01897741
v 0.00868254 0.00321495 0.01860169
v 0.00858051 0.00319495 0.01877662
v 0.00884435 0.00321495 0.01847991
v 0.00868254 0.00319495 0.01860169
v 0.00884435 0.00319495 0.01847991
v 0.01315329 0.00319495 0.00550944
v 0.02011923 0.00319495 0.00327499
v 0.02011761 0.00319495 0.00387442
v 0.00900401 0.00319521 0.02554439
v 0.00897975 0.00319495 0.02573298
v 0.00888516 0.00319495 0.02589792
v 0.01323799 0.00319495 0.00593525
v 0.01323539 0.00319495 0.00585922
v 0.01796310 0.00319495 0.00985172
v 0.01315329 0.00319495 0.00636107
v 0.01408088 0.00319495 0.01488147
v 0.01255110 0.00319495 0.00696326
v 0.01291209 0.00319495 0.00672205
v 0.00884435 0.00319495 0.01847991
v 0.01169948 0.00319495 0.00696326
v 0.01212529 0.00319495 0.00704796
v 0.00873466 0.00319495 0.02601411
v 0.00868254 0.00319495 0.01860169
v 0.00314371 0.00319495 0.00443779
v 0.01109729 0.00319495 0.00636107
v 0.01109729 0.00319495 0.00550944
v 0.01101259 0.00319495 0.00593525
v 0.01212529 0.00319495 0.00482255
v 0.00855115 0.00319495 0.02606386
v 0.01133849 0.00319495 0.00672205
v 0.01133849 0.00319495 0.00514846
v 0.01169948 0.00319495 0.00490725
v 0.00464340 0.00319495 0.02633154
v 0.00855418 0.00319495 0.01897741
v 0.00858051 0.00319495 0.01877662
v 0.01291209 0.00319495 0.00514846
v 0.01255110 0.00319495 0.00490725
v -0.01009003 0.00319495 0.00753319
v -0.01009263 0.00319495 0.00745715
v -0.01223073 0.00319495 0.00795900
v -0.00624188 0.00319495 0.01951329
v -0.01192017 0.00319495 0.01666251
v -0.01017473 0.00319495 0.00795900
v -0.00606498 0.00319495 0.01961187
v -0.01162854 0.00319495 0.00856119
v -0.01120273 0.00319495 0.00864589
v -0.01198953 0.00319495 0.00831999
v -0.00538700 0.00319495 0.02671708
v -0.00491729 0.00319495 0.02698643
v -0.00510587 0.00319495 0.02696217
v -0.01940141 0.00319495 0.00658142
v -0.01231543 0.00319495 0.00753319
v -0.01017473 0.00319495 0.00710738
v -0.00594005 0.00319495 0.01977125
v -0.01041593 0.00319495 0.00831999
v -0.00527081 0.00319495 0.02686759
v -0.01645197 0.00319495 0.01220910
v -0.01223073 0.00319495 0.00710738
v -0.01077692 0.00319495 0.00856119
v -0.00543675 0.00319495 0.02653357
v -0.01948475 0.00319495 0.00598781
v -0.01120273 0.00319495 0.00642049
v -0.01041593 0.00319495 0.00674639
v -0.01077692 0.00319495 0.00650519
v -0.00588658 0.00319495 0.01996658
v -0.01198953 0.00319495 0.00674639
v -0.01162854 0.00319495 0.00650519
v -0.00195057 0.00319495 -0.01304263
v -0.01934613 0.00319495 -0.00189951
v -0.01984995 0.00319495 -0.00244301
v -0.01828852 0.00319495 0.00411056
v -0.01950444 0.00319495 0.00584751
v -0.01867820 0.00319495 -0.00157839
v -0.00170937 0.00319495 -0.01268164
v -0.01696895 0.00319495 -0.00036999
v -0.01645960 0.00319495 0.00166037
v -0.01653226 0.00319495 0.00059953
v -0.01933143 0.00319495 0.00512688
v -0.02011962 0.00319495 -0.00313331
v -0.01739605 0.00319495 0.00353249
v -0.01676000 0.00319495 0.00268037
v 0.00145092 0.00319495 -0.02027497
v 0.00019013 0.00319495 -0.01346844
v -0.00134838 0.00319495 -0.01244044
v -0.01890642 0.00319495 0.00451975
v -0.01771525 0.00319495 -0.00112741
v -0.02011762 0.00319495 -0.00387442
v -0.01730161 0.00319495 -0.01097195
v -0.00203527 0.00319495 -0.01346844
v -0.01208223 0.00319495 -0.01654536
v 0.00018753 0.00319495 -0.01354448
v -0.00195057 0.00319495 -0.01389425
v -0.00518450 0.00319495 -0.01982045
v -0.00170937 0.00319495 -0.01425523
v 0.00010543 0.00319495 -0.01304263
v -0.00134838 0.00319495 -0.01449644
v 0.00010543 0.00319495 -0.01389425
v -0.00049676 0.00319495 -0.01244044
v -0.00013577 0.00319495 -0.01268164
v -0.00092257 0.00319495 -0.01235574
v -0.00013577 0.00319495 -0.01425523
v -0.00049676 0.00319495 -0.01449644
v -0.00092257 0.00319495 -0.01458114
v 0.01424147 0.00319495 0.00225189
v 0.01424241 0.00319495 0.00227923
v 0.00556381 0.00319495 0.00290110
v 0.00553336 0.00319495 0.00274802
v 0.01427192 0.00319495 0.00209882
v 0.01427192 0.00319495 0.00240496
v 0.01448840 0.00319495 0.00188234
v 0.00971329 0.00319495 -0.01803833
v 0.01564390 0.00319495 -0.01322867
v 0.01435863 0.00319495 0.00253473
v 0.00243341 0.00319495 -0.02034227
v 0.00544665 0.00319495 0.00261825
v 0.00531688 0.00319495 0.00253155
v 0.01448840 0.00319495 0.00262144
v 0.01435863 0.00319495 0.00196905
v 0.01464147 0.00319495 0.00185189
v 0.01940140 0.00319495 -0.00658141
v 0.01933142 0.00319495 -0.00512687
v 0.01890641 0.00319495 -0.00451975
v 0.01504147 0.00319495 0.00225189
v 0.01867819 0.00319495 0.00157839
v 0.01934612 0.00319495 0.00189951
v 0.01501102 0.00319495 0.00209882
v 0.01771524 0.00319495 0.00112742
v 0.01501102 0.00319495 0.00240496
v 0.01984994 0.00319495 0.00244301
v 0.01464147 0.00319495 0.00265189
v 0.00516381 0.00319495 0.00330110
v 0.00531688 0.00319495 0.00327065
v 0.00476381 0.00319495 0.00290110
v 0.00476474 0.00319495 0.00292843
v 0.01950444 0.00319495 -0.00584750
v 0.01653226 0.00319495 -0.00059953
v 0.01696894 0.00319495 0.00036999
v 0.01492431 0.00319495 0.00196905
v 0.02011961 0.00319495 0.00313332
v 0.01479454 0.00319495 0.00262144
v 0.01492431 0.00319495 0.00253473
v 0.00516381 0.00319495 0.00250110
v 0.00544665 0.00319495 0.00318394
v 0.00553336 0.00319495 0.00305417
v 0.00488096 0.00319495 0.00318394
v 0.00501073 0.00319495 0.00327065
v 0.00479425 0.00319495 0.00274802
v 0.01676000 0.00319495 -0.00268037
v 0.01828851 0.00319495 -0.00411055
v 0.01479454 0.00319495 0.00188234
v 0.01645959 0.00319495 -0.00166036
v 0.00479425 0.00319495 0.00305417
v 0.00488096 0.00319495 0.00261825
v 0.01739605 0.00319495 -0.00353248
v 0.00501073 0.00319495 0.00253155
v -0.01162854 0.00321495 0.00856119
v -0.01120273 0.00321495 0.00864589
v -0.01120273 0.00319495 0.00864589
v -0.01198953 0.00321495 0.00831999
v -0.01162854 0.00319495 0.00856119
v -0.01223073 0.00321495 0.00795900
v -0.01198953 0.00319495 0.00831999
v -0.01231543 0.00321495 0.00753319
v -0.01223073 0.00319495 0.00795900
v -0.01223073 0.00321495 0.00710738
v -0.01231543 0.00319495 0.00753319
v -0.01198953 0.00321495 0.00674639
v -0.01223073 0.00319495 0.00710738
v -0.01162854 0.00321495 0.00650519
v -0.01198953 0.00319495 0.00674639
v -0.01120273 0.00321495 0.00642049
v -0.01162854 0.00319495 0.00650519
v -0.01077692 0.00321495 0.00650519
v -0.01120273 0.00319495 0.00642049
v -0.01041593 0.00321495 0.00674639
v -0.01077692 0.00319495 0.00650519
v -0.01017473 0.00321495 0.00710738
v -0.01041593 0.00319495 0.00674639
v -0.01017473 0.00319495 0.00710738
v -0.01009263 0.00319495 0.00745715
v -0.01009003 0.00321495 0.00753319
v -0.01017473 0.00321495 0.00795900
v -0.01009003 0.00319495 0.00753319
v -0.01041593 0.00321495 0.00831999
v -0.01017473 0.00319495 0.00795900
v -0.01077692 0.00321495 0.00856119
v -0.01041593 0.00319495 0.00831999
v -0.01077692 0.00319495 0.00856119
vt 0.50000000 0.50000000
vt 0.50000000 0.50000000
vt 0.50000000 0.50000000
vt 0.50000000 0.50000000
vt 0.50000000 0.50000000
vt 0.50000000 0.50000000
vt 0.50000000 0.50000000
vt 0.50000000 0.50000000
vt 0.50000000 0.50000000
vt 0.50000000 0.50000000
vt 0.50000000 0.50000000
vt 0.50000000 0.50000000
vt 0.50000000 0.50000000
vt 0.50000000 0.50000000
vt 0.50000000 0.50000000
vt 0.50000000 0.50000000
vt 0.50000000 0.50000000
vt 0.50000000 0.50000000
vt 0.50000000 0.50000000
vt 0.50000000 0.50000000
vt 0.50000000 0.50000000
vt 0.50000000 0.50000000
vt 0.50000000 0.50000000
vt 0.50000000 0.50000000
vt 0.50000000 0.50000000
vt 0.50000000 0.50000000
vt 0.50000000 0.50000000
vt 0.50000000 0.50000000
vt 0.50000000 0.50000000
vt 0.50000000 0.50000000
vt 0.50000000 0.50000000
vt 0.50000000 0.50000000
vt 0.50000000 0.50000000
vt 0.50000000 0.50000000
vt 0.50000000 0.50000000
vt 0.50000000 0.50000000
vt 0.50000000 0.50000000
vt 0.50000000 0.50000000
vt 0.50000000 0.50000000
vt 0.50000000 0.50000000
vt 0.50000000 0.50000000
vt 0.50000000 0.50000000
vt 0.50000000 0.50000000
vt 0.50000000 0.50000000
vt 0.50000000 0.50000000
vt 0.50000000 0.50000000
vt 0.50000000 0.50000000
vt 0.50000000 0.50000000
vt 0.50000000 0.50000000
vt 0.50000000 0.50000000
vt 0.50000000 0.50000000
vt 0.50000000 0.50000000
vt 0.50000000 0.50000000
vt 0.50000000 0.50000000
vt 0.50000000 0.50000000
vt 0.50000000 0.50000000
vt 0.50000000 0.50000000
vt 0.50000000 0.50000000
vt 0.50000000 0.50000000
vt 0.50000000 0.50000000
vt 0.50000000 0.50000000
vt 0.50000000 0.50000000
vt 0.50000000 0.50000000
vt 0.50000000 0.50000000
vt 0.50000000 0.50000000
vt 0.50000000 0.50000000
vt 0.50000000 0.50000000
vt 0.50000000 0.50000000
vt 0.50000000 0.50000000
vt 0.50000000 0.50000000
vt 0.50000000 0.50000000
vt 0.50000000 0.50000000
vt 0.50000000 0.50000000
vt 0.50000000 0.50000000
vt 0.50000000 0.50000000
vt 0.50000000 0.50000000
vt 0.50000000 0.50000000
vt 0.50000000 0.50000000
vt 0.50000000 0.50000000
vt 0.50000000 0.50000000
vt 0.50000000 0.50000000
vt 0.50000000 0.50000000
vt 0.50000000 0.50000000
vt 0.50000000 0.50000000
vt 0.50000000 0.50000000
vt 0.50000000 0.50000000
vt 0.50000000 0.50000000
vt 0.50000000 0.50000000
vt 0.50000000 0.50000000
vt 0.50000000 0.50000000
vt 0.50000000 0.50000000
vt 0.50000000 0.50000000
vt 0.50000000 0.50000000
vt 0.50000000 0.50000000
vt 0.50000000 0.50000000
vt 0.50000000 0.50000000
vt 0.50000000 0.50000000
vt 0.50000000 0.50000000
vt 0.50000000 0.50000000
vt 0.50000000 0.50000000
vt 0.50000000 0.50000000
vt 0.50000000 0.50000000
vt 0.50000000 0.50000000
vt 0.50000000 0.50000000
vt 0.50000000 0.50000000
vt 0.50000000 0.50000000
vt 0.50000000 0.50000000
vt 0.50000000 0.50000000
vt 0.50000000 0.50000000
vt 0.50000000 0.50000000
vt 0.50000000 0.50000000
vt 0.50000000 0.50000000
vt 0.50000000 0.50000000
vt 0.50000000 0.50000000
vt 0.50000000 0.50000000
vt 0.50000000 0.50000000
vt 0.50000000 0.50000000
vt 0.50000000 0.50000000
vt 0.50000000 0.50000000
vt 0.50000000 0.50000000
vt 0.50000000 0.50000000
vt 0.50000000 0.50000000
vt 0.50000000 0.50000000
vt 0.50000000 0.50000000
vt 0.50000000 0.50000000
vt 0.50000000 0.50000000
vt 0.50000000 0.50000000
vt 0.50000000 0.50000000
vt 0.50000000 0.50000000
vt 0.50000000 0.50000000
vt 0.50000000 0.50000000
vt 0.50000000 0.50000000
vt 0.50000000 0.50000000
vt 0.50000000 0.50000000
vt 0.50000000 0.50000000
vt 0.50000000 0.50000000
vt 0.50000000 0.50000000
vt 0.50000000 0.50000000
vt 0.50000000 0.50000000
vt 0.50000000 0.50000000
vt 0.50000000 0.50000000
vt 0.50000000 0.50000000
vt 0.50000000 0.50000000
vt 0.50000000 0.50000000
vt 0.50000000 0.50000000
vt 0.50000000 0.50000000
vt 0.50000000 0.50000000
vt 0.50000000 0.50000000
vt 0.50000000 0.50000000
vt 0.50000000 0.50000000
vt 0.50000000 0.50000000
vt 0.50000000 0.50000000
vt 0.50000000 0.50000000
vt 0.50000000 0.50000000
vt 0.50000000 0.50000000
vt 0.50000000 0.50000000
vt 0.50000000 0.50000000
vt 0.50000000 0.50000000
vt 0.50000000 0.50000000
vt 0.50000000 0.50000000
vt 0.50000000 0.50000000
vt 0.50000000 0.50000000
vt 0.50000000 0.50000000
vt 0.50000000 0.50000000
vt 0.50000000 0.50000000
vt 0.50000000 0.50000000
vt 0.50000000 0.50000000
vt 0.50000000 0.50000000
vt 0.50000000 0.50000000
vt 0.50000000 0.50000000
vt 0.50000000 0.50000000
vt 0.50000000 0.50000000
vt 0.50000000 0.50000000
vt 0.50000000 0.50000000
vt 0.50000000 0.50000000
vt 0.50000000 0.50000000
vt 0.50000000 0.50000000
vt 0.50000000 0.50000000
vt 0.50000000 0.50000000
vt 0.50000000 0.50000000
vt 0.50000000 0.50000000
vt 0.50000000 0.50000000
vt 0.50000000 0.50000000
vt 0.50000000 0.50000000
vt 0.50000000 0.50000000
vt 0.50000000 0.50000000
vt 0.50000000 0.50000000
vt 0.50000000 0.50000000
vt 0.50000000 0.50000000
vt 0.50000000 0.50000000
vt 0.50000000 0.50000000
vt 0.50000000 0.50000000
vt 0.50000000 0.50000000
vt 0.50000000 0.50000000
vt 0.50000000 0.50000000
vt 0.50000000 0.50000000
vt 0.50000000 0.50000000
vt 0.50000000 0.50000000
vt 0.50000000 0.50000000
vt 0.50000000 0.50000000
vt 0.50000000 0.50000000
vt 0.50000000 0.50000000
vt 0.50000000 0.50000000
vt 0.50000000 0.50000000
vt 0.50000000 0.50000000
vt 0.50000000 0.50000000
vt 0.50000000 0.50000000
vt 0.50000000 0.50000000
vt 0.50000000 0.50000000
vt 0.50000000 0.50000000
vt 0.50000000 0.50000000
vt 0.50000000 0.50000000
vt 0.50000000 0.50000000
vt 0.50000000 0.50000000
vt 0.50000000 0.50000000
vt 0.50000000 0.50000000
vt 0.50000000 0.50000000
vt 0.50000000 0.50000000
vt 0.50000000 0.50000000
vt 0.50000000 0.50000000
vt 0.50000000 0.50000000
vt 0.50000000 0.50000000
vt 0.50000000 0.50000000
vt 0.50000000 0.50000000
vt 0.50000000 0.50000000
vt 0.50000000 0.50000000
vt 0.50000000 0.50000000
vt 0.50000000 0.50000000
vt 0.50000000 0.50000000
vt 0.50000000 0.50000000
vt 0.50000000 0.50000000
vt 0.50000000 0.50000000
vt 0.50000000 0.50000000
vt 0.50000000 0.50000000
vt 0.50000000 0.50000000
vt 0.50000000 0.50000000
vt 0.50000000 0.50000000
vt 0.50000000 0.50000000
vt 0.50000000 0.50000000
vt 0.50000000 0.50000000
vt 0.50000000 0.50000000
vt 0.50000000 0.50000000
vt 0.50000000 0.50000000
vt 0.50000000 0.50000000
vt 0.50000000 0.50000000
vt 0.50000000 0.50000000
vt 0.50000000 0.50000000
vt 0.50000000 0.50000000
vt 0.50000000 0.50000000
vt 0.50000000 0.50000000
vt 0.50000000 0.50000000
vt 0.50000000 0.50000000
vt 0.50000000 0.50000000
vt 0.50000000 0.50000000
vt 0.50000000 0.50000000
vt 0.50000000 0.50000000
vt 0.50000000 0.50000000
vt 0.50000000 0.50000000
vt 0.50000000 0.50000000
vt 0.50000000 0.50000000
vt 0.50000000 0.50000000
vt 0.50000000 0.50000000
vt 0.50000000 0.50000000
vt 0.50000000 0.50000000
vt 0.50000000 0.50000000
vt 0.50000000 0.50000000
vt 0.50000000 0.50000000
vt 0.50000000 0.50000000
vt 0.50000000 0.50000000
vt 0.50000000 0.50000000
vt 0.50000000 0.50000000
vt 0.50000000 0.50000000
vt 0.50000000 0.50000000
vt 0.50000000 0.50000000
vt 0.50000000 0.50000000
vt 0.50000000 0.50000000
vt 0.50000000 0.50000000
vt 0.50000000 0.50000000
vt 0.50000000 0.50000000
vt 0.50000000 0.50000000
vt 0.50000000 0.50000000
vt 0.50000000 0.50000000
vt 0.50000000 0.50000000
vt 0.50000000 0.50000000
vt 0.50000000 0.50000000
vt 0.50000000 0.50000000
vt 0.50000000 0.50000000
vt 0.50000000 0.50000000
vt 0.50000000 0.50000000
vt 0.50000000 0.50000000
vt 0.50000000 0.50000000
vt 0.50000000 0.50000000
vt 0.50000000 0.50000000
vt 0.50000000 0.50000000
vt 0.50000000 0.50000000
vt 0.50000000 0.50000000
vt 0.50000000 0.50000000
vt 0.50000000 0.50000000
vt 0.50000000 0.50000000
vt 0.50000000 0.50000000
vt 0.50000000 0.50000000
vt 0.50000000 0.50000000
vt 0.50000000 0.50000000
vt 0.50000000 0.50000000
vt 0.50000000 0.50000000
vt 0.50000000 0.50000000
vt 0.50000000 0.50000000
vt 0.50000000 0.50000000
vt 0.50000000 0.50000000
vt 0.50000000 0.50000000
vt 0.50000000 0.50000000
vt 0.50000000 0.50000000
vt 0.50000000 0.50000000
vt 0.50000000 0.50000000
vt 0.50000000 0.50000000
vt 0.50000000 0.50000000
vt 0.50000000 0.50000000
vt 0.50000000 0.50000000
vt 0.50000000 0.50000000
vt 0.50000000 0.50000000
vt 0.50000000 0.50000000
vt 0.50000000 0.50000000
vt 0.50000000 0.50000000
vt 0.50000000 0.50000000
vt 0.50000000 0.50000000
vt 0.50000000 0.50000000
vt 0.50000000 0.50000000
vt 0.50000000 0.50000000
vt 0.50000000 0.50000000
vt 0.50000000 0.50000000
vt 0.50000000 0.50000000
vt 0.50000000 0.50000000
vt 0.50000000 0.50000000
vt 0.50000000 0.50000000
vt 0.50000000 0.50000000
vt 0.50000000 0.50000000
vt 0.50000000 0.50000000
vt 0.50000000 0.50000000
vt 0.50000000 0.50000000
vt 0.50000000 0.50000000
vt 0.50000000 0.50000000
vt 0.50000000 0.50000000
vt 0.50000000 0.50000000
vt 0.50000000 0.50000000
vt 0.50000000 0.50000000
vt 0.50000000 0.50000000
vt 0.50000000 0.50000000
vt 0.50000000 0.50000000
vt 0.50000000 0.50000000
vt 0.50000000 0.50000000
vt 0.50000000 0.50000000
vt 0.50000000 0.50000000
vt 0.50000000 0.50000000
vt 0.50000000 0.50000000
vt 0.50000000 0.50000000
vt 0.50000000 0.50000000
vt 0.50000000 0.50000000
vt 0.50000000 0.50000000
vt 0.50000000 0.50000000
vt 0.50000000 0.50000000
vt 0.50000000 0.50000000
vt 0.50000000 0.50000000
vt 0.50000000 0.50000000
vt 0.50000000 0.50000000
vt 0.50000000 0.50000000
vt 0.50000000 0.50000000
vt 0.50000000 0.50000000
vt 0.50000000 0.50000000
vt 0.50000000 0.50000000
vt 0.50000000 0.50000000
vt 0.50000000 0.50000000
vt 0.50000000 0.50000000
vt 0.50000000 0.50000000
vt 0.50000000 0.50000000
vt 0.50000000 0.50000000
vt 0.50000000 0.50000000
vt 0.50000000 0.50000000
vt 0.50000000 0.50000000
vt 0.50000000 0.50000000
vt 0.50000000 0.50000000
vt 0.50000000 0.50000000
vt 0.50000000 0.50000000
vt 0.50000000 0.50000000
vt 0.50000000 0.50000000
vt 0.50000000 0.50000000
vt 0.50000000 0.50000000
vt 0.50000000 0.50000000
vt 0.50000000 0.50000000
vt 0.50000000 0.50000000
vt 0.50000000 0.50000000
vt 0.50000000 0.50000000
vt 0.50000000 0.50000000
vt 0.50000000 0.50000000
vt 0.50000000 0.50000000
vt 0.50000000 0.50000000
vt 0.50000000 0.50000000
vt 0.50000000 0.50000000
vt 0.50000000 0.50000000
vt 0.50000000 0.50000000
vt 0.50000000 0.50000000
vt 0.50000000 0.50000000
vt 0.50000000 0.50000000
vt 0.50000000 0.50000000
vt 0.50000000 0.50000000
vt 0.50000000 0.50000000
vt 0.50000000 0.50000000
vt 0.50000000 0.50000000
vt 0.50000000 0.50000000
vt 0.50000000 0.50000000
vt 0.50000000 0.50000000
vt 0.50000000 0.50000000
vt 0.50000000 0.50000000
vt 0.50000000 0.50000000
vt 0.50000000 0.50000000
vt 0.50000000 0.50000000
vt 0.50000000 0.50000000
vt 0.50000000 0.50000000
vt 0.50000000 0.50000000
vt 0.50000000 0.50000000
vt 0.50000000 0.50000000
vt 0.50000000 0.50000000
vt 0.50000000 0.50000000
vt 0.50000000 0.50000000
vt 0.50000000 0.50000000
vt 0.50000000 0.50000000
vt 0.50000000 0.50000000
vt 0.50000000 0.50000000
vt 0.50000000 0.50000000
vt 0.50000000 0.50000000
vt 0.50000000 0.50000000
vt 0.50000000 0.50000000
vt 0.50000000 0.50000000
vt 0.50000000 0.50000000
vt 0.50000000 0.50000000
vt 0.50000000 0.50000000
vt 0.50000000 0.50000000
vt 0.50000000 0.50000000
vt 0.50000000 0.50000000
vt 0.50000000 0.50000000
vt 0.50000000 0.50000000
vt 0.50000000 0.50000000
vt 0.50000000 0.50000000
vt 0.50000000 0.50000000
vt 0.50000000 0.50000000
vt 0.50000000 0.50000000
vt 0.50000000 0.50000000
vt 0.50000000 0.50000000
vt 0.50000000 0.50000000
vt 0.50000000 0.50000000
vt 0.50000000 0.50000000
vt 0.50000000 0.50000000
vt 0.50000000 0.50000000
vt 0.50000000 0.50000000
vt 0.50000000 0.50000000
vt 0.50000000 0.50000000
vt 0.50000000 0.50000000
vt 0.50000000 0.50000000
vt 0.50000000 0.50000000
vt 0.50000000 0.50000000
vt 0.50000000 0.50000000
vt 0.50000000 0.50000000
vt 0.50000000 0.50000000
vt 0.50000000 0.50000000
vt 0.50000000 0.50000000
vt 0.50000000 0.50000000
vt 0.50000000 0.50000000
vt 0.50000000 0.50000000
vt 0.50000000 0.50000000
vt 0.50000000 0.50000000
vt 0.50000000 0.50000000
vt 0.50000000 0.50000000
vt 0.50000000 0.50000000
vt 0.50000000 0.50000000
vt 0.50000000 0.50000000
vt 0.50000000 0.50000000
vt 0.50000000 0.50000000
vt 0.50000000 0.50000000
vt 0.50000000 0.50000000
vt 0.50000000 0.50000000
vt 0.50000000 0.50000000
vt 0.50000000 0.50000000
vt 0.50000000 0.50000000
vt 0.50000000 0.50000000
vt 0.50000000 0.50000000
vt 0.50000000 0.50000000
vt 0.50000000 0.50000000
vt 0.50000000 0.50000000
vt 0.50000000 0.50000000
vt 0.50000000 0.50000000
vt 0.50000000 0.50000000
vt 0.50000000 0.50000000
vt 0.50000000 0.50000000
vt 0.50000000 0.50000000
vt 0.50000000 0.50000000
vt 0.50000000 0.50000000
vt 0.50000000 0.50000000
vt 0.50000000 0.50000000
vt 0.50000000 0.50000000
vt 0.50000000 0.50000000
vt 0.50000000 0.50000000
vt 0.50000000 0.50000000
vt 0.50000000 0.50000000
vt 0.50000000 0.50000000
vt 0.50000000 0.50000000
vt 0.50000000 0.50000000
vt 0.50000000 0.50000000
vt 0.50000000 0.50000000
vt 0.50000000 0.50000000
vt 0.50000000 0.50000000
vt 0.50000000 0.50000000
vt 0.50000000 0.50000000
vt 0.50000000 0.50000000
vt 0.50000000 0.50000000
vt 0.50000000 0.50000000
vt 0.50000000 0.50000000
vt 0.50000000 0.50000000
vt 0.50000000 0.50000000
vt 0.50000000 0.50000000
vt 0.50000000 0.50000000
vt 0.50000000 0.50000000
vt 0.50000000 0.50000000
vt 0.50000000 0.50000000
vt 0.50000000 0.50000000
vt 0.50000000 0.50000000
vt 0.50000000 0.50000000
vt 0.50000000 0.50000000
vt 0.50000000 0.50000000
vt 0.50000000 0.50000000
vt 0.50000000 0.50000000
vt 0.50000000 0.50000000
vt 0.50000000 0.50000000
vt 0.50000000 0.50000000
vt 0.50000000 0.50000000
vt 0.50000000 0.50000000
vt 0.50000000 0.50000000
vt 0.50000000 0.50000000
vt 0.50000000 0.50000000
vt 0.50000000 0.50000000
vt 0.50000000 0.50000000
vt 0.50000000 0.50000000
vt 0.50000000 0.50000000
vt 0.50000000 0.50000000
vt 0.50000000 0.50000000
vt 0.50000000 0.50000000
vt 0.50000000 0.50000000
vt 0.50000000 0.50000000
vt 0.50000000 0.50000000
vt 0.50000000 0.50000000
vt 0.50000000 0.50000000
vt 0.50000000 0.50000000
vt 0.50000000 0.50000000
vt 0.50000000 0.50000000
vt 0.50000000 0.50000000
vt 0.50000000 0.50000000
vt 0.50000000 0.50000000
vt 0.50000000 0.50000000
vt 0.50000000 0.50000000
vt 0.50000000 0.50000000
vt 0.50000000 0.50000000
vt 0.50000000 0.50000000
vt 0.50000000 0.50000000
vt 0.50000000 0.50000000
vt 0.50000000 0.50000000
vt 0.50000000 0.50000000
vt 0.50000000 0.50000000
vt 0.50000000 0.50000000
vt 0.50000000 0.50000000
vt 0.50000000 0.50000000
vt 0.50000000 0.50000000
vt 0.50000000 0.50000000
vt 0.50000000 0.50000000
vt 0.50000000 0.50000000
vt 0.50000000 0.50000000
vt 0.50000000 0.50000000
vt 0.50000000 0.50000000
vt 0.50000000 0.50000000
vt 0.50000000 0.50000000
vt 0.50000000 0.50000000
vt 0.50000000 0.50000000
vt 0.50000000 0.50000000
vt 0.50000000 0.50000000
vt 0.50000000 0.50000000
vt 0.50000000 0.50000000
vt 0.50000000 0.50000000
vt 0.50000000 0.50000000
vt 0.50000000 0.50000000
vt 0.50000000 0.50000000
vt 0.50000000 0.50000000
vt 0.50000000 0.50000000
vt 0.50000000 0.50000000
vt 0.50000000 0.50000000
vt 0.50000000 0.50000000
vt 0.50000000 0.50000000
vt 0.50000000 0.50000000
vt 0.50000000 0.50000000
vt 0.50000000 0.50000000
vt 0.50000000 0.50000000
vt 0.50000000 0.50000000
vt 0.50000000 0.50000000
vt 0.50000000 0.50000000
vt 0.50000000 0.50000000
vt 0.50000000 0.50000000
vt 0.50000000 0.50000000
vt 0.50000000 0.50000000
vt 0.50000000 0.50000000
vt 0.50000000 0.50000000
vt 0.50000000 0.50000000
vt 0.50000000 0.50000000
vt 0.50000000 0.50000000
vt 0.50000000 0.50000000
vt 0.50000000 0.50000000
vt 0.50000000 0.50000000
vt 0.50000000 0.50000000
vt 0.50000000 0.50000000
vt 0.50000000 0.50000000
vt 0.50000000 0.50000000
vt 0.50000000 0.50000000
vt 0.50000000 0.50000000
vt 0.50000000 0.50000000
vt 0.50000000 0.50000000
vt 0.50000000 0.50000000
vt 0.50000000 0.50000000
vt 0.50000000 0.50000000
vt 0.50000000 0.50000000
vt 0.50000000 0.50000000
vt 0.50000000 0.50000000
vt 0.50000000 0.50000000
vt 0.50000000 0.50000000
vt 0.50000000 0.50000000
vt 0.50000000 0.50000000
vt 0.50000000 0.50000000
vt 0.50000000 0.50000000
vt 0.50000000 0.50000000
vt 0.50000000 0.50000000
vt 0.50000000 0.50000000
vt 0.50000000 0.50000000
vt 0.50000000 0.50000000
vt 0.50000000 0.50000000
vt 0.50000000 0.50000000
vt 0.50000000 0.50000000
vt 0.50000000 0.50000000
vt 0.50000000 0.50000000
vt 0.50000000 0.50000000
vt 0.50000000 0.50000000
vt 0.50000000 0.50000000
vt 0.50000000 0.50000000
vt 0.50000000 0.50000000
vt 0.50000000 0.50000000
vt 0.50000000 0.50000000
vt 0.50000000 0.50000000
vt 0.50000000 0.50000000
vt 0.50000000 0.50000000
vt 0.50000000 0.50000000
vt 0.50000000 0.50000000
vt 0.50000000 0.50000000
vt 0.50000000 0.50000000
vt 0.50000000 0.50000000
vt 0.50000000 0.50000000
vt 0.50000000 0.50000000
vt 0.50000000 0.50000000
vt 0.50000000 0.50000000
vt 0.50000000 0.50000000
vt 0.50000000 0.50000000
vt 0.50000000 0.50000000
vt 0.50000000 0.50000000
vt 0.50000000 0.50000000
vt 0.50000000 0.50000000
vt 0.50000000 0.50000000
vt 0.50000000 0.50000000
vt 0.50000000 0.50000000
vt 0.50000000 0.50000000
vt 0.50000000 0.50000000
vt 0.50000000 0.50000000
vt 0.50000000 0.50000000
vt 0.50000000 0.50000000
vt 0.50000000 0.50000000
vt 0.50000000 0.50000000
vt 0.50000000 0.50000000
vt 0.50000000 0.50000000
vt 0.50000000 0.50000000
vt 0.50000000 0.50000000
vt 0.50000000 0.50000000
vt 0.50000000 0.50000000
vt 0.50000000 0.50000000
vt 0.50000000 0.50000000
vt 0.50000000 0.50000000
vt 0.50000000 0.50000000
vt 0.50000000 0.50000000
vt 0.50000000 0.50000000
vt 0.50000000 0.50000000
vt 0.50000000 0.50000000
vt 0.50000000 0.50000000
vt 0.50000000 0.50000000
vt 0.50000000 0.50000000
vt 0.50000000 0.50000000
vt 0.50000000 0.50000000
vt 0.50000000 0.50000000
vt 0.50000000 0.50000000
vt 0.50000000 0.50000000
vt 0.50000000 0.50000000
vt 0.50000000 0.50000000
vt 0.50000000 0.50000000
vt 0.50000000 0.50000000
vt 0.50000000 0.50000000
vt 0.50000000 0.50000000
vt 0.50000000 0.50000000
vt 0.50000000 0.50000000
vt 0.50000000 0.50000000
vt 0.50000000 0.50000000
vt 0.50000000 0.50000000
vt 0.50000000 0.50000000
vt 0.50000000 0.50000000
vt 0.50000000 0.50000000
vt 0.50000000 0.50000000
vt 0.50000000 0.50000000
vt 0.50000000 0.50000000
vt 0.50000000 0.50000000
vt 0.50000000 0.50000000
vt 0.50000000 0.50000000
vt 0.50000000 0.50000000
vt 0.50000000 0.50000000
vt 0.50000000 0.50000000
vt 0.50000000 0.50000000
vt 0.50000000 0.50000000
vt 0.50000000 0.50000000
vt 0.50000000 0.50000000
vt 0.50000000 0.50000000
vt 0.50000000 0.50000000
vt 0.50000000 0.50000000
vt 0.50000000 0.50000000
vt 0.50000000 0.50000000
vt 0.50000000 0.50000000
vt 0.50000000 0.50000000
vt 0.50000000 0.50000000
vt 0.50000000 0.50000000
vt 0.50000000 0.50000000
vt 0.50000000 0.50000000
vt 0.50000000 0.50000000
vt 0.50000000 0.50000000
vt 0.50000000 0.50000000
vt 0.50000000 0.50000000
vt 0.50000000 0.50000000
vt 0.50000000 0.50000000
vt 0.50000000 0.50000000
vt 0.50000000 0.50000000
vt 0.50000000 0.50000000
vt 0.50000000 0.50000000
vt 0.50000000 0.50000000
vt 0.50000000 0.50000000
vt 0.50000000 0.50000000
vt 0.50000000 0.50000000
vt 0.50000000 0.50000000
vt 0.50000000 0.50000000
vt 0.50000000 0.50000000
vt 0.50000000 0.50000000
vt 0.50000000 0.50000000
vt 0.50000000 0.50000000
vt 0.50000000 0.50000000
vt 0.50000000 0.50000000
vt 0.50000000 0.50000000
vt 0.50000000 0.50000000
vt 0.50000000 0.50000000
vt 0.50000000 0.50000000
vt 0.50000000 0.50000000
vt 0.50000000 0.50000000
vt 0.50000000 0.50000000
vt 0.50000000 0.50000000
vt 0.50000000 0.50000000
vt 0.50000000 0.50000000
vt 0.50000000 0.50000000
vt 0.50000000 0.50000000
vt 0.50000000 0.50000000
vt 0.50000000 0.50000000
vt 0.50000000 0.50000000
vt 0.50000000 0.50000000
vt 0.50000000 0.50000000
vt 0.50000000 0.50000000
vt 0.50000000 0.50000000
vt 0.50000000 0.50000000
vt 0.50000000 0.50000000
vt 0.50000000 0.50000000
vt 0.50000000 0.50000000
vt 0.50000000 0.50000000
vt 0.50000000 0.50000000
vt 0.50000000 0.50000000
vt 0.50000000 0.50000000
vt 0.50000000 0.50000000
vt 0.50000000 0.50000000
vt 0.50000000 0.50000000
vt 0.50000000 0.50000000
vt 0.50000000 0.50000000
vt 0.50000000 0.50000000
vt 0.50000000 0.50000000
vt 0.50000000 0.50000000
vt 0.50000000 0.50000000
vt 0.50000000 0.50000000
vt 0.50000000 0.50000000
vt 0.50000000 0.50000000
vt 0.50000000 0.50000000
vt 0.50000000 0.50000000
vt 0.50000000 0.50000000
vt 0.50000000 0.50000000
vt 0.50000000 0.50000000
vt 0.50000000 0.50000000
vt 0.50000000 0.50000000
vt 0.50000000 0.50000000
vt 0.50000000 0.50000000
vt 0.50000000 0.50000000
vt 0.50000000 0.50000000
vt 0.50000000 0.50000000
vt 0.50000000 0.50000000
vt 0.50000000 0.50000000
vt 0.50000000 0.50000000
vt 0.50000000 0.50000000
vt 0.50000000 0.50000000
vt 0.50000000 0.50000000
vt 0.50000000 0.50000000
vt 0.50000000 0.50000000
vt 0.50000000 0.50000000
vt 0.50000000 0.50000000
vt 0.50000000 0.50000000
vt 0.50000000 0.50000000
vt 0.50000000 0.50000000
vt 0.50000000 0.50000000
vt 0.50000000 0.50000000
vt 0.50000000 0.50000000
vt 0.50000000 0.50000000
vt 0.50000000 0.50000000
vt 0.50000000 0.50000000
vt 0.50000000 0.50000000
vt 0.50000000 0.50000000
vt 0.50000000 0.50000000
vt 0.50000000 0.50000000
vt 0.50000000 0.50000000
vt 0.50000000 0.50000000
vt 0.50000000 0.50000000
vt 0.50000000 0.50000000
vt 0.50000000 0.50000000
vt 0.50000000 0.50000000
vt 0.50000000 0.50000000
vt 0.50000000 0.50000000
vt 0.50000000 0.50000000
vt 0.50000000 0.50000000
vt 0.50000000 0.50000000
vt 0.50000000 0.50000000
vt 0.50000000 0.50000000
vt 0.50000000 0.50000000
vt 0.50000000 0.50000000
vt 0.50000000 0.50000000
vt 0.50000000 0.50000000
vt 0.50000000 0.50000000
vt 0.50000000 0.50000000
vt 0.50000000 0.50000000
vt 0.50000000 0.50000000
vt 0.50000000 0.50000000
vt 0.50000000 0.50000000
vt 0.50000000 0.50000000
vt 0.50000000 0.50000000
vt 0.50000000 0.50000000
vt 0.50000000 0.50000000
vt 0.50000000 0.50000000
vt 0.50000000 0.50000000
vt 0.50000000 0.50000000
vt 0.50000000 0.50000000
vt 0.50000000 0.50000000
vt 0.50000000 0.50000000
vt 0.50000000 0.50000000
vt 0.50000000 0.50000000
vt 0.50000000 0.50000000
vt 0.50000000 0.50000000
vt 0.50000000 0.50000000
vt 0.50000000 0.50000000
vt 0.50000000 0.50000000
vt 0.50000000 0.50000000
vt 0.50000000 0.50000000
vt 0.50000000 0.50000000
vt 0.50000000 0.50000000
vt 0.50000000 0.50000000
vt 0.50000000 0.50000000
vt 0.50000000 0.50000000
vt 0.50000000 0.50000000
vt 0.50000000 0.50000000
vt 0.50000000 0.50000000
vt 0.50000000 0.50000000
vt 0.50000000 0.50000000
vt 0.50000000 0.50000000
vt 0.50000000 0.50000000
vt 0.50000000 0.50000000
vt 0.50000000 0.50000000
vt 0.50000000 0.50000000
vt 0.50000000 0.50000000
vt 0.50000000 0.50000000
vt 0.50000000 0.50000000
vt 0.50000000 0.50000000
vt 0.50000000 0.50000000
vt 0.50000000 0.50000000
vt 0.50000000 0.50000000
vt 0.50000000 0.50000000
vt 0.50000000 0.50000000
vt 0.50000000 0.50000000
vt 0.50000000 0.50000000
vt 0.50000000 0.50000000
vt 0.50000000 0.50000000
vt 0.50000000 0.50000000
vt 0.50000000 0.50000000
vt 0.50000000 0.50000000
vt 0.50000000 0.50000000
vt 0.50000000 0.50000000
vt 0.50000000 0.50000000
vt 0.50000000 0.50000000
vt 0.50000000 0.50000000
vt 0.50000000 0.50000000
vt 0.50000000 0.50000000
vt 0.50000000 0.50000000
vt 0.50000000 0.50000000
vt 0.50000000 0.50000000
vt 0.50000000 0.50000000
vt 0.50000000 0.50000000
vt 0.50000000 0.50000000
vt 0.50000000 0.50000000
vt 0.50000000 0.50000000
vt 0.50000000 0.50000000
vt 0.50000000 0.50000000
vt 0.50000000 0.50000000
vt 0.50000000 0.50000000
vt 0.50000000 0.50000000
vt 0.50000000 0.50000000
vt 0.50000000 0.50000000
vt 0.50000000 0.50000000
vt 0.50000000 0.50000000
vt 0.50000000 0.50000000
vt 0.50000000 0.50000000
vt 0.50000000 0.50000000
vt 0.50000000 0.50000000
vt 0.50000000 0.50000000
vt 0.50000000 0.50000000
vt 0.50000000 0.50000000
vt 0.50000000 0.50000000
vt 0.50000000 0.50000000
vt 0.50000000 0.50000000
vt 0.50000000 0.50000000
vt 0.50000000 0.50000000
vt 0.50000000 0.50000000
vt 0.50000000 0.50000000
vt 0.50000000 0.50000000
vt 0.50000000 0.50000000
vt 0.50000000 0.50000000
vt 0.50000000 0.50000000
vt 0.50000000 0.50000000
vt 0.50000000 0.50000000
vt 0.50000000 0.50000000
vt 0.50000000 0.50000000
vt 0.50000000 0.50000000
vt 0.50000000 0.50000000
vt 0.50000000 0.50000000
vt 0.50000000 0.50000000
vt 0.50000000 0.50000000
vt 0.50000000 0.50000000
vt 0.50000000 0.50000000
vt 0.50000000 0.50000000
vt 0.50000000 0.50000000
vt 0.50000000 0.50000000
vt 0.50000000 0.50000000
vt 0.50000000 0.50000000
vt 0.50000000 0.50000000
vt 0.50000000 0.50000000
vt 0.50000000 0.50000000
vt 0.50000000 0.50000000
vt 0.50000000 0.50000000
vt 0.50000000 0.50000000
vt 0.50000000 0.50000000
vt 0.50000000 0.50000000
vt 0.50000000 0.50000000
vt 0.50000000 0.50000000
vt 0.50000000 0.50000000
vt 0.50000000 0.50000000
vt 0.50000000 0.50000000
vt 0.50000000 0.50000000
vt 0.50000000 0.50000000
vt 0.50000000 0.50000000
vt 0.50000000 0.50000000
vt 0.50000000 0.50000000
vt 0.50000000 0.50000000
vt 0.50000000 0.50000000
vt 0.50000000 0.50000000
vt 0.50000000 0.50000000
vt 0.50000000 0.50000000
vt 0.50000000 0.50000000
vt 0.50000000 0.50000000
vt 0.50000000 0.50000000
vt 0.50000000 0.50000000
vt 0.50000000 0.50000000
vt 0.50000000 0.50000000
vt 0.50000000 0.50000000
vt 0.50000000 0.50000000
vt 0.50000000 0.50000000
vt 0.50000000 0.50000000
vt 0.50000000 0.50000000
vt 0.50000000 0.50000000
vt 0.50000000 0.50000000
vt 0.50000000 0.50000000
vt 0.50000000 0.50000000
vt 0.50000000 0.50000000
vt 0.50000000 0.50000000
vt 0.50000000 0.50000000
vt 0.50000000 0.50000000
vt 0.50000000 0.50000000
vt 0.50000000 0.50000000
vt 0.50000000 0.50000000
vt 0.50000000 0.50000000
vt 0.50000000 0.50000000
vt 0.50000000 0.50000000
vt 0.50000000 0.50000000
vt 0.50000000 0.50000000
vt 0.50000000 0.50000000
vt 0.50000000 0.50000000
vt 0.50000000 0.50000000
vt 0.50000000 0.50000000
vt 0.50000000 0.50000000
vt 0.50000000 0.50000000
vt 0.50000000 0.50000000
vt 0.50000000 0.50000000
vt 0.50000000 0.50000000
vt 0.50000000 0.50000000
vt 0.50000000 0.50000000
vt 0.50000000 0.50000000
vt 0.50000000 0.50000000
vt 0.50000000 0.50000000
vt 0.50000000 0.50000000
vt 0.50000000 0.50000000
vt 0.50000000 0.50000000
vt 0.50000000 0.50000000
vt 0.50000000 0.50000000
vt 0.50000000 0.50000000
vt 0.50000000 0.50000000
vt 0.50000000 0.50000000
vt 0.50000000 0.50000000
vt 0.50000000 0.50000000
vt 0.50000000 0.50000000
vt 0.50000000 0.50000000
vt 0.50000000 0.50000000
vt 0.50000000 0.50000000
vt 0.50000000 0.50000000
vt 0.50000000 0.50000000
vt 0.50000000 0.50000000
vt 0.50000000 0.50000000
vt 0.50000000 0.50000000
vt 0.50000000 0.50000000
vt 0.50000000 0.50000000
vt 0.50000000 0.50000000
vt 0.50000000 0.50000000
vt 0.50000000 0.50000000
vt 0.50000000 0.50000000
vt 0.50000000 0.50000000
vt 0.50000000 0.50000000
vt 0.50000000 0.50000000
vt 0.50000000 0.50000000
vt 0.50000000 0.50000000
vt 0.50000000 0.50000000
vt 0.50000000 0.50000000
vt 0.50000000 0.50000000
vt 0.50000000 0.50000000
vt 0.50000000 0.50000000
vt 0.50000000 0.50000000
vt 0.50000000 0.50000000
vt 0.50000000 0.50000000
vt 0.50000000 0.50000000
vt 0.50000000 0.50000000
vt 0.50000000 0.50000000
vt 0.50000000 0.50000000
vt 0.50000000 0.50000000
vt 0.50000000 0.50000000
vt 0.50000000 0.50000000
vt 0.50000000 0.50000000
vt 0.50000000 0.50000000
vt 0.50000000 0.50000000
vt 0.50000000 0.50000000
vt 0.50000000 0.50000000
vt 0.50000000 0.50000000
vt 0.50000000 0.50000000
vt 0.50000000 0.50000000
vt 0.50000000 0.50000000
vt 0.50000000 0.50000000
vt 0.50000000 0.50000000
vt 0.50000000 0.50000000
vt 0.50000000 0.50000000
vt 0.50000000 0.50000000
vt 0.50000000 0.50000000
vt 0.50000000 0.50000000
vt 0.50000000 0.50000000
vt 0.50000000 0.50000000
vt 0.50000000 0.50000000
vt 0.50000000 0.50000000
vt 0.50000000 0.50000000
vt 0.50000000 0.50000000
vt 0.50000000 0.50000000
vt 0.50000000 0.50000000
vt 0.50000000 0.50000000
vt 0.50000000 0.50000000
vt 0.50000000 0.50000000
vt 0.50000000 0.50000000
vt 0.50000000 0.50000000
vt 0.50000000 0.50000000
vt 0.50000000 0.50000000
vt 0.50000000 0.50000000
vt 0.50000000 0.50000000
vt 0.50000000 0.50000000
vt 0.50000000 0.50000000
vt 0.50000000 0.50000000
vt 0.50000000 0.50000000
vt 0.50000000 0.50000000
vt 0.50000000 0.50000000
vt 0.50000000 0.50000000
vt 0.50000000 0.50000000
vt 0.50000000 0.50000000
vt 0.50000000 0.50000000
vt 0.50000000 0.50000000
vt 0.50000000 0.50000000
vt 0.50000000 0.50000000
vt 0.50000000 0.50000000
vt 0.50000000 0.50000000
vt 0.50000000 0.50000000
vt 0.50000000 0.50000000
vt 0.50000000 0.50000000
vt 0.50000000 0.50000000
vt 0.50000000 0.50000000
vt 0.50000000 0.50000000
vt 0.50000000 0.50000000
vt 0.50000000 0.50000000
vt 0.50000000 0.50000000
vt 0.50000000 0.50000000
vt 0.50000000 0.50000000
vt 0.50000000 0.50000000
vt 0.50000000 0.50000000
vt 0.50000000 0.50000000
vt 0.50000000 0.50000000
vt 0.50000000 0.50000000
vt 0.50000000 0.50000000
vt 0.50000000 0.50000000
vt 0.50000000 0.50000000
vt 0.50000000 0.50000000
vt 0.50000000 0.50000000
vt 0.50000000 0.50000000
vt 0.50000000 0.50000000
vt 0.50000000 0.50000000
vt 0.50000000 0.50000000
vt 0.50000000 0.50000000
vt 0.50000000 0.50000000
vt 0.50000000 0.50000000
vt 0.50000000 0.50000000
vt 0.50000000 0.50000000
vt 0.50000000 0.50000000
vt 0.50000000 0.50000000
vt 0.50000000 0.50000000
vt 0.50000000 0.50000000
vt 0.50000000 0.50000000
vt 0.50000000 0.50000000
vt 0.50000000 0.50000000
vt 0.50000000 0.50000000
vt 0.50000000 0.50000000
vt 0.50000000 0.50000000
vt 0.50000000 0.50000000
vt 0.50000000 0.50000000
vt 0.50000000 0.50000000
vt 0.50000000 0.50000000
vt 0.50000000 0.50000000
vt 0.50000000 0.50000000
vt 0.50000000 0.50000000
vt 0.50000000 0.50000000
vt 0.50000000 0.50000000
vt 0.50000000 0.50000000
vt 0.50000000 0.50000000
vt 0.50000000 0.50000000
vt 0.50000000 0.50000000
vt 0.50000000 0.50000000
vt 0.50000000 0.50000000
vt 0.50000000 0.50000000
vt 0.50000000 0.50000000
vt 0.50000000 0.50000000
vt 0.50000000 0.50000000
vt 0.50000000 0.50000000
vt 0.50000000 0.50000000
vt 0.50000000 0.50000000
vt 0.50000000 0.50000000
vt 0.50000000 0.50000000
vt 0.50000000 0.50000000
vt 0.50000000 0.50000000
vt 0.50000000 0.50000000
vt 0.50000000 0.50000000
vt 0.50000000 0.50000000
vt 0.50000000 0.50000000
vt 0.50000000 0.50000000
vt 0.50000000 0.50000000
vt 0.50000000 0.50000000
vt 0.50000000 0.50000000
vt 0.50000000 0.50000000
vt 0.50000000 0.50000000
vt 0.50000000 0.50000000
vt 0.50000000 0.50000000
vt 0.50000000 0.50000000
vt 0.50000000 0.50000000
vt 0.50000000 0.50000000
vt 0.50000000 0.50000000
vt 0.50000000 0.50000000
vt 0.50000000 0.50000000
vt 0.50000000 0.50000000
vt 0.50000000 0.50000000
vt 0.50000000 0.50000000
vt 0.50000000 0.50000000
vt 0.50000000 0.50000000
vt 0.50000000 0.50000000
vt 0.50000000 0.50000000
vt 0.50000000 0.50000000
vt 0.50000000 0.50000000
vt 0.50000000 0.50000000
vt 0.50000000 0.50000000
vt 0.50000000 0.50000000
vt 0.50000000 0.50000000
vt 0.50000000 0.50000000
vt 0.50000000 0.50000000
vt 0.50000000 0.50000000
vt 0.50000000 0.50000000
vt 0.50000000 0.50000000
vt 0.50000000 0.50000000
vt 0.50000000 0.50000000
vt 0.50000000 0.50000000
vt 0.50000000 0.50000000
vt 0.50000000 0.50000000
vt 0.50000000 0.50000000
vt 0.50000000 0.50000000
vt 0.50000000 0.50000000
vt 0.50000000 0.50000000
vt 0.50000000 0.50000000
vt 0.50000000 0.50000000
vt 0.50000000 0.50000000
vt 0.50000000 0.50000000
vt 0.50000000 0.50000000
vt 0.50000000 0.50000000
vt 0.50000000 0.50000000
vt 0.50000000 0.50000000
vt 0.50000000 0.50000000
vt 0.50000000 0.50000000
vt 0.50000000 0.50000000
vt 0.50000000 0.50000000
vt 0.50000000 0.50000000
vt 0.50000000 0.50000000
vt 0.50000000 0.50000000
vt 0.50000000 0.50000000
vt 0.50000000 0.50000000
vt 0.50000000 0.50000000
vt 0.50000000 0.50000000
vt 0.50000000 0.50000000
vt 0.50000000 0.50000000
vt 0.50000000 0.50000000
vt 0.50000000 0.50000000
vt 0.50000000 0.50000000
vt 0.50000000 0.50000000
vt 0.50000000 0.50000000
vt 0.50000000 0.50000000
vt 0.50000000 0.50000000
vt 0.50000000 0.50000000
vt 0.50000000 0.50000000
vt 0.50000000 0.50000000
vt 0.50000000 0.50000000
vt 0.50000000 0.50000000
vt 0.50000000 0.50000000
vt 0.50000000 0.50000000
vt 0.50000000 0.50000000
vt 0.50000000 0.50000000
vt 0.50000000 0.50000000
vt 0.50000000 0.50000000
vt 0.50000000 0.50000000
vt 0.50000000 0.50000000
vt 0.50000000 0.50000000
vt 0.50000000 0.50000000
vt 0.50000000 0.50000000
vt 0.50000000 0.50000000
vt 0.50000000 0.50000000
vt 0.50000000 0.50000000
vt 0.50000000 0.50000000
vt 0.50000000 0.50000000
vt 0.50000000 0.50000000
vt 0.50000000 0.50000000
vt 0.50000000 0.50000000
vt 0.50000000 0.50000000
vt 0.50000000 0.50000000
vt 0.50000000 0.50000000
vt 0.50000000 0.50000000
vt 0.50000000 0.50000000
vt 0.50000000 0.50000000
vt 0.50000000 0.50000000
vt 0.50000000 0.50000000
vt 0.50000000 0.50000000
vt 0.50000000 0.50000000
vt 0.50000000 0.50000000
vt 0.50000000 0.50000000
vt 0.50000000 0.50000000
vt 0.50000000 0.50000000
vt 0.50000000 0.50000000
vt 0.50000000 0.50000000
vt 0.50000000 0.50000000
vt 0.50000000 0.50000000
vt 0.50000000 0.50000000
vt 0.50000000 0.50000000
vt 0.50000000 0.50000000
vt 0.50000000 0.50000000
vt 0.50000000 0.50000000
vt 0.50000000 0.50000000
vt 0.50000000 0.50000000
vt 0.50000000 0.50000000
vt 0.50000000 0.50000000
vt 0.50000000 0.50000000
vt 0.50000000 0.50000000
vt 0.50000000 0.50000000
vt 0.50000000 0.50000000
vt 0.50000000 0.50000000
vt 0.50000000 0.50000000
vt 0.50000000 0.50000000
vt 0.50000000 0.50000000
vt 0.50000000 0.50000000
vt 0.50000000 0.50000000
vt 0.50000000 0.50000000
vt 0.50000000 0.50000000
vt 0.50000000 0.50000000
vt 0.50000000 0.50000000
vt 0.50000000 0.50000000
vt 0.50000000 0.50000000
vt 0.50000000 0.50000000
vt 0.50000000 0.50000000
vt 0.50000000 0.50000000
vt 0.50000000 0.50000000
vt 0.50000000 0.50000000
vt 0.50000000 0.50000000
vt 0.50000000 0.50000000
vt 0.50000000 0.50000000
vt 0.50000000 0.50000000
vt 0.50000000 0.50000000
vt 0.50000000 0.50000000
vt 0.50000000 0.50000000
vt 0.50000000 0.50000000
vt 0.50000000 0.50000000
vt 0.50000000 0.50000000
vt 0.50000000 0.50000000
vt 0.50000000 0.50000000
vt 0.50000000 0.50000000
vt 0.50000000 0.50000000
vt 0.50000000 0.50000000
vt 0.50000000 0.50000000
vt 0.50000000 0.50000000
vt 0.50000000 0.50000000
vt 0.50000000 0.50000000
vt 0.50000000 0.50000000
vt 0.50000000 0.50000000
vt 0.50000000 0.50000000
vt 0.50000000 0.50000000
vt 0.50000000 0.50000000
vt 0.50000000 0.50000000
vt 0.50000000 0.50000000
vt 0.50000000 0.50000000
vt 0.50000000 0.50000000
vt 0.50000000 0.50000000
vt 0.50000000 0.50000000
vt 0.50000000 0.50000000
vt 0.50000000 0.50000000
vt 0.50000000 0.50000000
vt 0.50000000 0.50000000
vt 0.50000000 0.50000000
vt 0.50000000 0.50000000
vt 0.50000000 0.50000000
vt 0.50000000 0.50000000
vt 0.50000000 0.50000000
vt 0.50000000 0.50000000
vt 0.50000000 0.50000000
vt 0.50000000 0.50000000
vt 0.50000000 0.50000000
vt 0.50000000 0.50000000
vt 0.50000000 0.50000000
vt 0.50000000 0.50000000
vt 0.50000000 0.50000000
vt 0.50000000 0.50000000
vt 0.50000000 0.50000000
vt 0.50000000 0.50000000
vt 0.50000000 0.50000000
vt 0.50000000 0.50000000
vt 0.50000000 0.50000000
vt 0.50000000 0.50000000
vt 0.50000000 0.50000000
vt 0.50000000 0.50000000
vt 0.50000000 0.50000000
vt 0.50000000 0.50000000
vt 0.50000000 0.50000000
vt 0.50000000 0.50000000
vt 0.50000000 0.50000000
vt 0.50000000 0.50000000
vt 0.50000000 0.50000000
vt 0.50000000 0.50000000
vt 0.50000000 0.50000000
vt 0.50000000 0.50000000
vt 0.50000000 0.50000000
vt 0.50000000 0.50000000
vt 0.50000000 0.50000000
vt 0.50000000 0.50000000
vt 0.50000000 0.50000000
vt 0.50000000 0.50000000
vt 0.50000000 0.50000000
vt 0.50000000 0.50000000
vt 0.50000000 0.50000000
vt 0.50000000 0.50000000
vt 0.50000000 0.50000000
vt 0.50000000 0.50000000
vt 0.50000000 0.50000000
vt 0.50000000 0.50000000
vt 0.50000000 0.50000000
vt 0.50000000 0.50000000
vt 0.50000000 0.50000000
vt 0.50000000 0.50000000
vt 0.50000000 0.50000000
vt 0.50000000 0.50000000
vt 0.50000000 0.50000000
vt 0.50000000 0.50000000
vt 0.50000000 0.50000000
vt 0.50000000 0.50000000
vt 0.50000000 0.50000000
vt 0.50000000 0.50000000
vt 0.50000000 0.50000000
vt 0.50000000 0.50000000
vt 0.50000000 0.50000000
vt 0.50000000 0.50000000
vt 0.50000000 0.50000000
vt 0.50000000 0.50000000
vt 0.50000000 0.50000000
vt 0.50000000 0.50000000
vt 0.50000000 0.50000000
vt 0.50000000 0.50000000
vt 0.50000000 0.50000000
vt 0.50000000 0.50000000
vt 0.50000000 0.50000000
vt 0.50000000 0.50000000
vt 0.50000000 0.50000000
vt 0.50000000 0.50000000
vt 0.50000000 0.50000000
vt 0.50000000 0.50000000
vt 0.50000000 0.50000000
vt 0.50000000 0.50000000
vt 0.50000000 0.50000000
vt 0.50000000 0.50000000
vt 0.50000000 0.50000000
vt 0.50000000 0.50000000
vt 0.50000000 0.50000000
vt 0.50000000 0.50000000
vt 0.50000000 0.50000000
vt 0.50000000 0.50000000
vt 0.50000000 0.50000000
vt 0.50000000 0.50000000
vt 0.50000000 0.50000000
vt 0.50000000 0.50000000
vt 0.50000000 0.50000000
vt 0.50000000 0.50000000
vt 0.50000000 0.50000000
vt 0.50000000 0.50000000
vt 0.50000000 0.50000000
vt 0.50000000 0.50000000
vt 0.50000000 0.50000000
vt 0.50000000 0.50000000
vt 0.50000000 0.50000000
vt 0.50000000 0.50000000
vt 0.50000000 0.50000000
vt 0.50000000 0.50000000
vt 0.50000000 0.50000000
vt 0.50000000 0.50000000
vt 0.50000000 0.50000000
vt 0.50000000 0.50000000
vt 0.50000000 0.50000000
vt 0.50000000 0.50000000
vt 0.50000000 0.50000000
vt 0.50000000 0.50000000
vt 0.50000000 0.50000000
vt 0.50000000 0.50000000
vt 0.50000000 0.50000000
vt 0.50000000 0.50000000
vt 0.50000000 0.50000000
vt 0.50000000 0.50000000
vt 0.50000000 0.50000000
vt 0.50000000 0.50000000
vt 0.50000000 0.50000000
vt 0.50000000 0.50000000
vt 0.50000000 0.50000000
vt 0.50000000 0.50000000
vt 0.50000000 0.50000000
vt 0.50000000 0.50000000
vt 0.50000000 0.50000000
vt 0.50000000 0.50000000
vt 0.50000000 0.50000000
vt 0.50000000 0.50000000
vt 0.50000000 0.50000000
vt 0.50000000 0.50000000
vt 0.50000000 0.50000000
vt 0.50000000 0.50000000
vt 0.50000000 0.50000000
vt 0.50000000 0.50000000
vt 0.50000000 0.50000000
vt 0.50000000 0.50000000
vt 0.50000000 0.50000000
vt 0.50000000 0.50000000
vt 0.50000000 0.50000000
vt 0.50000000 0.50000000
vt 0.50000000 0.50000000
vt 0.50000000 0.50000000
vt 0.50000000 0.50000000
vt 0.50000000 0.50000000
vt 0.50000000 0.50000000
vt 0.50000000 0.50000000
vt 0.50000000 0.50000000
vt 0.50000000 0.50000000
vt 0.50000000 0.50000000
vt 0.50000000 0.50000000
vt 0.50000000 0.50000000
vt 0.50000000 0.50000000
vt 0.50000000 0.50000000
vt 0.50000000 0.50000000
vt 0.50000000 0.50000000
vt 0.50000000 0.50000000
vt 0.50000000 0.50000000
vt 0.50000000 0.50000000
vt 0.50000000 0.50000000
vt 0.50000000 0.50000000
vt 0.50000000 0.50000000
vt 0.50000000 0.50000000
vt 0.50000000 0.50000000
vt 0.50000000 0.50000000
vt 0.50000000 0.50000000
vt 0.50000000 0.50000000
vt 0.50000000 0.50000000
vt 0.50000000 0.50000000
vt 0.50000000 0.50000000
vt 0.50000000 0.50000000
vt 0.50000000 0.50000000
vt 0.50000000 0.50000000
vt 0.50000000 0.50000000
vt 0.50000000 0.50000000
vt 0.50000000 0.50000000
vt 0.50000000 0.50000000
vt 0.50000000 0.50000000
vt 0.50000000 0.50000000
vt 0.50000000 0.50000000
vt 0.50000000 0.50000000
vt 0.50000000 0.50000000
vt 0.50000000 0.50000000
vt 0.50000000 0.50000000
vt 0.50000000 0.50000000
vt 0.50000000 0.50000000
vt 0.50000000 0.50000000
vt 0.50000000 0.50000000
vt 0.50000000 0.50000000
vt 0.50000000 0.50000000
vt 0.50000000 0.50000000
vt 0.50000000 0.50000000
vt 0.50000000 0.50000000
vt 0.50000000 0.50000000
vt 0.50000000 0.50000000
vt 0.50000000 0.50000000
vt 0.50000000 0.50000000
vt 0.50000000 0.50000000
vt 0.50000000 0.50000000
vt 0.50000000 0.50000000
vt 0.50000000 0.50000000
vt 0.50000000 0.50000000
vt 0.50000000 0.50000000
vt 0.50000000 0.50000000
vt 0.50000000 0.50000000
vt 0.50000000 0.50000000
vt 0.50000000 0.50000000
vt 0.50000000 0.50000000
vt 0.50000000 0.50000000
vt 0.50000000 0.50000000
vt 0.50000000 0.50000000
vt 0.50000000 0.50000000
vt 0.50000000 0.50000000
vt 0.50000000 0.50000000
vt 0.50000000 0.50000000
vt 0.50000000 0.50000000
vt 0.50000000 0.50000000
vt 0.50000000 0.50000000
vt 0.50000000 0.50000000
vt 0.50000000 0.50000000
vt 0.50000000 0.50000000
vt 0.50000000 0.50000000
vt 0.50000000 0.50000000
vt 0.50000000 0.50000000
vt 0.50000000 0.50000000
vt 0.50000000 0.50000000
vt 0.50000000 0.50000000
vt 0.50000000 0.50000000
vt 0.50000000 0.50000000
vt 0.50000000 0.50000000
vt 0.50000000 0.50000000
vt 0.50000000 0.50000000
vt 0.50000000 0.50000000
vt 0.50000000 0.50000000
vt 0.50000000 0.50000000
vt 0.50000000 0.50000000
vt 0.50000000 0.50000000
vt 0.50000000 0.50000000
vt 0.50000000 0.50000000
vt 0.50000000 0.50000000
vt 0.50000000 0.50000000
vt 0.50000000 0.50000000
vt 0.50000000 0.50000000
vt 0.50000000 0.50000000
vt 0.50000000 0.50000000
vt 0.50000000 0.50000000
vt 0.50000000 0.50000000
vt 0.50000000 0.50000000
vt 0.50000000 0.50000000
vt 0.50000000 0.50000000
vt 0.50000000 0.50000000
vt 0.50000000 0.50000000
vt 0.50000000 0.50000000
vt 0.50000000 0.50000000
vt 0.50000000 0.50000000
vt 0.50000000 0.50000000
vt 0.50000000 0.50000000
vt 0.50000000 0.50000000
vt 0.50000000 0.50000000
vt 0.50000000 0.50000000
vt 0.50000000 0.50000000
vt 0.50000000 0.50000000
vt 0.50000000 0.50000000
vt 0.50000000 0.50000000
vt 0.50000000 0.50000000
vt 0.50000000 0.50000000
vt 0.50000000 0.50000000
vt 0.50000000 0.50000000
vt 0.50000000 0.50000000
vt 0.50000000 0.50000000
vt 0.50000000 0.50000000
vt 0.50000000 0.50000000
vt 0.50000000 0.50000000
vt 0.50000000 0.50000000
vt 0.50000000 0.50000000
vt 0.50000000 0.50000000
vt 0.50000000 0.50000000
vt 0.50000000 0.50000000
vt 0.50000000 0.50000000
vt 0.50000000 0.50000000
vt 0.50000000 0.50000000
vt 0.50000000 0.50000000
vt 0.50000000 0.50000000
vt 0.50000000 0.50000000
vt 0.50000000 0.50000000
vt 0.50000000 0.50000000
vt 0.50000000 0.50000000
vt 0.50000000 0.50000000
vt 0.50000000 0.50000000
vt 0.50000000 0.50000000
vt 0.50000000 0.50000000
vt 0.50000000 0.50000000
vt 0.50000000 0.50000000
vt 0.50000000 0.50000000
vt 0.50000000 0.50000000
vt 0.50000000 0.50000000
vt 0.50000000 0.50000000
vt 0.50000000 0.50000000
vt 0.50000000 0.50000000
vt 0.50000000 0.50000000
vt 0.50000000 0.50000000
vt 0.50000000 0.50000000
vt 0.50000000 0.50000000
vt 0.50000000 0.50000000
vt 0.50000000 0.50000000
vt 0.50000000 0.50000000
vt 0.50000000 0.50000000
vt 0.50000000 0.50000000
vt 0.50000000 0.50000000
vt 0.50000000 0.50000000
vt 0.50000000 0.50000000
vt 0.50000000 0.50000000
vt 0.50000000 0.50000000
vt 0.50000000 0.50000000
vt 0.50000000 0.50000000
vt 0.50000000 0.50000000
vt 0.50000000 0.50000000
vt 0.50000000 0.50000000
vt 0.50000000 0.50000000
vt 0.50000000 0.50000000
vt 0.50000000 0.50000000
vt 0.50000000 0.50000000
vt 0.50000000 0.50000000
vt 0.50000000 0.50000000
vt 0.50000000 0.50000000
vt 0.50000000 0.50000000
vt 0.50000000 0.50000000
vt 0.50000000 0.50000000
vt 0.50000000 0.50000000
vt 0.50000000 0.50000000
vt 0.50000000 0.50000000
vt 0.50000000 0.50000000
vt 0.50000000 0.50000000
vt 0.50000000 0.50000000
vt 0.50000000 0.50000000
vt 0.50000000 0.50000000
vt 0.50000000 0.50000000
vt 0.50000000 0.50000000
vt 0.50000000 0.50000000
vt 0.50000000 0.50000000
vt 0.50000000 0.50000000
vt 0.50000000 0.50000000
vt 0.50000000 0.50000000
vt 0.50000000 0.50000000
vt 0.50000000 0.50000000
vt 0.50000000 0.50000000
vt 0.50000000 0.50000000
vt 0.50000000 0.50000000
vt 0.50000000 0.50000000
vt 0.50000000 0.50000000
vt 0.50000000 0.50000000
vt 0.50000000 0.50000000
vt 0.50000000 0.50000000
vt 0.50000000 0.50000000
vt 0.50000000 0.50000000
vt 0.50000000 0.50000000
vt 0.50000000 0.50000000
vt 0.50000000 0.50000000
vt 0.50000000 0.50000000
vt 0.50000000 0.50000000
vt 0.50000000 0.50000000
vt 0.50000000 0.50000000
vt 0.50000000 0.50000000
vt 0.50000000 0.50000000
vt 0.50000000 0.50000000
vt 0.50000000 0.50000000
vt 0.50000000 0.50000000
vt 0.50000000 0.50000000
vt 0.50000000 0.50000000
vt 0.50000000 0.50000000
vt 0.50000000 0.50000000
vt 0.50000000 0.50000000
vt 0.50000000 0.50000000
vt 0.50000000 0.50000000
vt 0.50000000 0.50000000
vt 0.50000000 0.50000000
vt 0.50000000 0.50000000
vt 0.50000000 0.50000000
vt 0.50000000 0.50000000
vt 0.50000000 0.50000000
vt 0.50000000 0.50000000
vt 0.50000000 0.50000000
vt 0.50000000 0.50000000
vt 0.50000000 0.50000000
vt 0.50000000 0.50000000
vt 0.50000000 0.50000000
vt 0.50000000 0.50000000
vt 0.50000000 0.50000000
vt 0.50000000 0.50000000
vt 0.50000000 0.50000000
vt 0.50000000 0.50000000
vt 0.50000000 0.50000000
vt 0.50000000 0.50000000
vt 0.50000000 0.50000000
vt 0.50000000 0.50000000
vt 0.50000000 0.50000000
vt 0.50000000 0.50000000
vt 0.50000000 0.50000000
vt 0.50000000 0.50000000
vt 0.50000000 0.50000000
vt 0.50000000 0.50000000
vt 0.50000000 0.50000000
vt 0.50000000 0.50000000
vt 0.50000000 0.50000000
vt 0.50000000 0.50000000
vt 0.50000000 0.50000000
vt 0.50000000 0.50000000
vt 0.50000000 0.50000000
vt 0.50000000 0.50000000
vt 0.50000000 0.50000000
vt 0.50000000 0.50000000
vt 0.50000000 0.50000000
vt 0.50000000 0.50000000
vt 0.50000000 0.50000000
vt 0.50000000 0.50000000
vt 0.50000000 0.50000000
vt 0.50000000 0.50000000
vt 0.50000000 0.50000000
vt 0.50000000 0.50000000
vt 0.50000000 0.50000000
vt 0.50000000 0.50000000
vt 0.50000000 0.50000000
vt 0.50000000 0.50000000
vt 0.50000000 0.50000000
vt 0.50000000 0.50000000
vt 0.50000000 0.50000000
vt 0.50000000 0.50000000
vt 0.50000000 0.50000000
vt 0.50000000 0.50000000
vt 0.50000000 0.50000000
vt 0.50000000 0.50000000
vt 0.50000000 0.50000000
vt 0.50000000 0.50000000
vt 0.50000000 0.50000000
vt 0.50000000 0.50000000
vt 0.50000000 0.50000000
vt 0.50000000 0.50000000
vt 0.50000000 0.50000000
vt 0.50000000 0.50000000
vt 0.50000000 0.50000000
vt 0.50000000 0.50000000
vt 0.50000000 0.50000000
vt 0.50000000 0.50000000
vt 0.50000000 0.50000000
vt 0.50000000 0.50000000
vt 0.50000000 0.50000000
vt 0.50000000 0.50000000
vt 0.50000000 0.50000000
vt 0.50000000 0.50000000
vt 0.50000000 0.50000000
vt 0.50000000 0.50000000
vt 0.50000000 0.50000000
vt 0.50000000 0.50000000
vt 0.50000000 0.50000000
vt 0.50000000 0.50000000
vt 0.50000000 0.50000000
vt 0.50000000 0.50000000
vt 0.50000000 0.50000000
vt 0.50000000 0.50000000
vt 0.50000000 0.50000000
vt 0.50000000 0.50000000
vt 0.50000000 0.50000000
vt 0.50000000 0.50000000
vt 0.50000000 0.50000000
vt 0.50000000 0.50000000
vt 0.50000000 0.50000000
vt 0.50000000 0.50000000
vt 0.50000000 0.50000000
vt 0.50000000 0.50000000
vt 0.50000000 0.50000000
vt 0.50000000 0.50000000
vt 0.50000000 0.50000000
vt 0.50000000 0.50000000
vt 0.50000000 0.50000000
vt 0.50000000 0.50000000
vt 0.50000000 0.50000000
vt 0.50000000 0.50000000
vt 0.50000000 0.50000000
vt 0.50000000 0.50000000
vt 0.50000000 0.50000000
vt 0.50000000 0.50000000
vt 0.50000000 0.50000000
vt 0.50000000 0.50000000
vt 0.50000000 0.50000000
vt 0.50000000 0.50000000
vt 0.50000000 0.50000000
vt 0.50000000 0.50000000
vt 0.50000000 0.50000000
vt 0.50000000 0.50000000
vt 0.50000000 0.50000000
vt 0.50000000 0.50000000
vt 0.50000000 0.50000000
vt 0.50000000 0.50000000
vt 0.50000000 0.50000000
vt 0.50000000 0.50000000
vt 0.50000000 0.50000000
vt 0.50000000 0.50000000
vt 0.50000000 0.50000000
vt 0.50000000 0.50000000
vt 0.50000000 0.50000000
vt 0.50000000 0.50000000
vt 0.50000000 0.50000000
vt 0.50000000 0.50000000
vt 0.50000000 0.50000000
vt 0.50000000 0.50000000
vt 0.50000000 0.50000000
vt 0.50000000 0.50000000
vt 0.50000000 0.50000000
vt 0.50000000 0.50000000
vt 0.50000000 0.50000000
vt 0.50000000 0.50000000
vt 0.50000000 0.50000000
vt 0.50000000 0.50000000
vt 0.50000000 0.50000000
vt 0.50000000 0.50000000
vt 0.50000000 0.50000000
vt 0.50000000 0.50000000
vt 0.50000000 0.50000000
vt 0.50000000 0.50000000
vt 0.50000000 0.50000000
vt 0.50000000 0.50000000
vt 0.50000000 0.50000000
vt 0.50000000 0.50000000
vt 0.50000000 0.50000000
vt 0.50000000 0.50000000
vt 0.50000000 0.50000000
vt 0.50000000 0.50000000
vt 0.50000000 0.50000000
vt 0.50000000 0.50000000
vt 0.50000000 0.50000000
vt 0.50000000 0.50000000
vt 0.50000000 0.50000000
vt 0.50000000 0.50000000
vt 0.50000000 0.50000000
vt 0.50000000 0.50000000
vt 0.50000000 0.50000000
vt 0.50000000 0.50000000
vt 0.50000000 0.50000000
vt 0.50000000 0.50000000
vt 0.50000000 0.50000000
vt 0.50000000 0.50000000
vt 0.50000000 0.50000000
vt 0.50000000 0.50000000
vt 0.50000000 0.50000000
vt 0.50000000 0.50000000
vt 0.50000000 0.50000000
vt 0.50000000 0.50000000
vt 0.50000000 0.50000000
vt 0.50000000 0.50000000
vt 0.50000000 0.50000000
vt 0.50000000 0.50000000
vt 0.50000000 0.50000000
vt 0.50000000 0.50000000
vt 0.50000000 0.50000000
vt 0.50000000 0.50000000
vt 0.50000000 0.50000000
vt 0.50000000 0.50000000
vt 0.50000000 0.50000000
vt 0.50000000 0.50000000
vt 0.50000000 0.50000000
vt 0.50000000 0.50000000
vt 0.50000000 0.50000000
vt 0.50000000 0.50000000
vt 0.50000000 0.50000000
vt 0.50000000 0.50000000
vt 0.50000000 0.50000000
vt 0.50000000 0.50000000
vt 0.50000000 0.50000000
vt 0.50000000 0.50000000
vt 0.50000000 0.50000000
vt 0.50000000 0.50000000
vt 0.50000000 0.50000000
vt 0.50000000 0.50000000
vt 0.50000000 0.50000000
vt 0.50000000 0.50000000
vt 0.50000000 0.50000000
vt 0.50000000 0.50000000
vt 0.50000000 0.50000000
vt 0.50000000 0.50000000
vt 0.50000000 0.50000000
vt 0.50000000 0.50000000
vt 0.50000000 0.50000000
vt 0.50000000 0.50000000
vt 0.50000000 0.50000000
vt 0.50000000 0.50000000
vt 0.50000000 0.50000000
vt 0.50000000 0.50000000
vt 0.50000000 0.50000000
vt 0.50000000 0.50000000
vt 0.50000000 0.50000000
vt 0.50000000 0.50000000
vt 0.50000000 0.50000000
vt 0.50000000 0.50000000
vt 0.50000000 0.50000000
vt 0.50000000 0.50000000
vt 0.50000000 0.50000000
vt 0.50000000 0.50000000
vt 0.50000000 0.50000000
vt 0.50000000 0.50000000
vt 0.50000000 0.50000000
vt 0.50000000 0.50000000
vt 0.50000000 0.50000000
vt 0.50000000 0.50000000
vt 0.50000000 0.50000000
vt 0.50000000 0.50000000
vt 0.50000000 0.50000000
vt 0.50000000 0.50000000
vt 0.50000000 0.50000000
vt 0.50000000 0.50000000
vt 0.50000000 0.50000000
vt 0.50000000 0.50000000
vt 0.50000000 0.50000000
vt 0.50000000 0.50000000
vt 0.50000000 0.50000000
vt 0.50000000 0.50000000
vt 0.50000000 0.50000000
vt 0.50000000 0.50000000
vt 0.50000000 0.50000000
vt 0.50000000 0.50000000
vt 0.50000000 0.50000000
vt 0.50000000 0.50000000
vt 0.50000000 0.50000000
vt 0.50000000 0.50000000
vt 0.50000000 0.50000000
vt 0.50000000 0.50000000
vt 0.50000000 0.50000000
vt 0.50000000 0.50000000
vt 0.50000000 0.50000000
vt 0.50000000 0.50000000
vt 0.50000000 0.50000000
vt 0.50000000 0.50000000
vt 0.50000000 0.50000000
vt 0.50000000 0.50000000
vt 0.50000000 0.50000000
vt 0.50000000 0.50000000
vt 0.50000000 0.50000000
vt 0.50000000 0.50000000
vt 0.50000000 0.50000000
vt 0.50000000 0.50000000
vt 0.50000000 0.50000000
vt 0.50000000 0.50000000
vt 0.50000000 0.50000000
vt 0.50000000 0.50000000
vt 0.50000000 0.50000000
vt 0.50000000 0.50000000
vt 0.50000000 0.50000000
vt 0.50000000 0.50000000
vt 0.50000000 0.50000000
vt 0.50000000 0.50000000
vt 0.50000000 0.50000000
vt 0.50000000 0.50000000
vt 0.50000000 0.50000000
vt 0.50000000 0.50000000
vt 0.50000000 0.50000000
vt 0.50000000 0.50000000
vt 0.50000000 0.50000000
vt 0.50000000 0.50000000
vt 0.50000000 0.50000000
vt 0.50000000 0.50000000
vt 0.50000000 0.50000000
vt 0.50000000 0.50000000
vt 0.50000000 0.50000000
vt 0.50000000 0.50000000
vt 0.50000000 0.50000000
vt 0.50000000 0.50000000
vt 0.50000000 0.50000000
vt 0.50000000 0.50000000
vt 0.50000000 0.50000000
vt 0.50000000 0.50000000
vt 0.50000000 0.50000000
vt 0.50000000 0.50000000
vt 0.50000000 0.50000000
vt 0.50000000 0.50000000
vt 0.50000000 0.50000000
vt 0.50000000 0.50000000
vt 0.50000000 0.50000000
vt 0.50000000 0.50000000
vt 0.50000000 0.50000000
vt 0.50000000 0.50000000
vt 0.50000000 0.50000000
f 1/1 2/2 3/3
f 3/3 4/4 1/1
f 5/5 6/6 7/7
f 7/7 8/8 5/5
f 9/9 10/10 11/11
f 11/11 12/12 9/9
f 13/13 14/14 15/15
f 15/15 16/16 13/13
f 17/17 18/18 19/19
f 19/19 20/20 17/17
f 21/21 22/22 23/23
f 23/23 24/24 21/21
f 25/25 26/26 27/27
f 27/27 28/28 25/25
f 29/29 30/30 31/31
f 31/31 32/32 29/29
f 33/33 34/34 35/35
f 35/35 36/36 33/33
f 37/37 38/38 39/39
f 39/39 40/40 37/37
f 41/41 42/42 43/43
f 43/43 44/44 41/41
f 45/45 46/46 47/47
f 47/47 48/48 45/45
f 49/49 50/50 51/51
f 51/51 52/52 49/49
f 53/53 54/54 55/55
f 55/55 56/56 53/53
f 57/57 58/58 59/59
f 60/60 61/61 62/62
f 60/60 63/63 64/64
f 57/57 65/65 58/58
f 62/62 66/66 60/60
f 60/60 67/67 63/63
f 68/68 69/69 70/70
f 59/59 71/71 57/57
f 64/64 61/61 60/60
f 72/72 73/73 74/74
f 73/73 67/67 60/60
f 68/68 75/75 76/76
f 77/77 78/78 79/79
f 70/70 80/80 68/68
f 68/68 73/73 72/72
f 66/66 65/65 60/60
f 60/60 74/74 73/73
f 76/76 81/81 68/68
f 82/82 83/83 84/84
f 77/77 82/82 78/78
f 72/72 69/69 68/68
f 74/74 85/85 72/72
f 84/84 75/75 82/82
f 79/79 86/86 77/77
f 57/57 60/60 65/65
f 77/77 83/83 82/82
f 68/68 82/82 75/75
f 80/80 82/82 68/68
f 87/87 88/88 89/89
f 87/87 90/90 91/91
f 91/91 92/92 87/87
f 92/92 88/88 87/87
f 91/91 90/90 93/93
f 89/89 94/94 87/87
f 95/95 96/96 97/97
f 95/95 98/98 96/96
f 95/95 99/99 100/100
f 97/97 101/101 95/95
f 100/100 102/102 95/95
f 95/95 103/103 98/98
f 102/102 104/104 95/95
f 105/105 106/106 107/107
f 108/108 109/109 110/110
f 111/111 112/112 113/113
f 114/114 115/115 112/112
f 104/104 103/103 95/95
f 108/108 116/116 117/117
f 107/107 118/118 105/105
f 119/119 120/120 121/121
f 120/120 119/119 108/108
f 112/112 111/111 114/114
f 122/122 113/113 95/95
f 108/108 123/123 114/114
f 108/108 119/119 116/116
f 119/119 124/124 105/105
f 110/110 120/120 108/108
f 101/101 122/122 95/95
f 117/117 123/123 108/108
f 121/121 124/124 119/119
f 114/114 111/111 108/108
f 113/113 122/122 111/111
f 118/118 119/119 105/105
f 125/125 126/126 127/127
f 127/127 128/128 125/125
f 129/129 130/130 131/131
f 131/131 132/132 129/129
f 133/133 134/134 135/135
f 135/135 136/136 133/133
f 137/137 138/138 139/139
f 139/139 140/140 137/137
f 141/141 142/142 143/143
f 143/143 144/144 141/141
f 145/145 146/146 147/147
f 147/147 148/148 145/145
f 149/149 150/150 151/151
f 152/152 151/151 153/153
f 153/153 154/154 152/152
f 151/151 152/152 149/149
f 155/155 156/156 157/157
f 157/157 158/158 155/155
f 159/159 160/160 161/161
f 162/162 161/161 163/163
f 164/164 163/163 165/165
f 165/165 166/166 164/164
f 163/163 164/164 162/162
f 161/161 162/162 159/159
f 167/167 168/168 169/169
f 169/169 170/170 167/167
f 171/171 172/172 173/173
f 174/174 173/173 175/175
f 176/176 175/175 177/177
f 177/177 178/178 176/176
f 175/175 176/176 174/174
f 173/173 174/174 171/171
f 179/179 180/180 181/181
f 181/181 182/182 179/179
f 183/183 184/184 185/185
f 185/185 186/186 183/183
f 187/187 188/188 189/189
f 189/189 190/190 187/187
f 191/191 192/192 193/193
f 191/191 194/194 192/192
f 195/195 196/196 194/194
f 194/194 191/191 195/195
f 197/197 198/198 193/193
f 193/193 198/198 191/191
f 199/199 200/200 201/201
f 201/201 202/202 199/199
f 203/203 204/204 205/205
f 205/205 206/206 203/203
f 207/207 208/208 209/209
f 210/210 209/209 211/211
f 211/211 212/212 210/210
f 209/209 210/210 207/207
f 213/213 214/214 215/215
f 215/215 216/216 213/213
f 217/217 218/218 219/219
f 219/219 220/220 217/217
f 221/221 222/222 223/223
f 221/221 224/224 225/225
f 221/221 226/226 222/222
f 225/225 227/227 221/221
f 223/223 228/228 221/221
f 229/229 230/230 231/231
f 228/228 224/224 221/221
f 232/232 233/233 234/234
f 233/233 226/226 235/235
f 229/229 236/236 237/237
f 238/238 239/239 240/240
f 229/229 241/241 230/230
f 229/229 233/233 232/232
f 227/227 242/242 221/221
f 235/235 234/234 233/233
f 237/237 243/243 229/229
f 244/244 245/245 246/246
f 238/238 244/244 239/239
f 232/232 241/241 229/229
f 234/234 247/247 232/232
f 246/246 236/236 244/244
f 240/240 248/248 238/238
f 221/221 235/235 226/226
f 238/238 245/245 244/244
f 229/229 244/244 236/236
f 231/231 244/244 229/229
f 249/249 250/250 251/251
f 251/251 252/252 249/249
f 249/249 253/253 254/254
f 249/249 255/255 250/250
f 249/249 256/256 253/253
f 257/257 258/258 259/259
f 260/260 261/261 262/262
f 263/263 264/264 265/265
f 266/266 267/267 264/264
f 254/254 255/255 249/249
f 260/260 268/268 269/269
f 259/259 270/270 257/257
f 268/268 271/271 272/272
f 271/271 268/268 260/260
f 264/264 263/263 266/266
f 273/273 265/265 249/249
f 260/260 274/274 266/266
f 269/269 275/275 260/260
f 268/268 276/276 257/257
f 262/262 271/271 260/260
f 252/252 273/273 249/249
f 275/275 274/274 260/260
f 272/272 276/276 268/268
f 266/266 263/263 260/260
f 265/265 273/273 263/263
f 270/270 268/268 257/257
f 277/277 278/278 279/279
f 279/279 280/280 277/277
f 281/281 282/282 283/283
f 283/283 284/284 281/281
f 285/285 286/286 287/287
f 287/287 288/288 285/285
f 289/289 290/290 291/291
f 291/291 292/292 289/289
f 293/293 294/294 295/295
f 296/296 295/295 297/297
f 297/297 298/298 296/296
f 295/295 296/296 293/293
f 299/299 300/300 301/301
f 301/301 302/302 299/299
f 303/303 304/304 305/305
f 306/306 305/305 307/307
f 307/307 308/308 306/306
f 305/305 306/306 303/303
f 309/309 310/310 311/311
f 311/311 312/312 309/309
f 313/313 314/314 315/315
f 316/316 315/315 317/317
f 318/318 317/317 319/319
f 319/319 320/320 318/318
f 317/317 318/318 316/316
f 315/315 316/316 313/313
f 321/321 322/322 323/323
f 323/323 324/324 321/321
f 325/325 326/326 327/327
f 328/328 327/327 329/329
f 330/330 329/329 331/331
f 331/331 332/332 330/330
f 329/329 330/330 328/328
f 327/327 328/328 325/325
f 333/333 334/334 335/335
f 335/335 336/336 333/333
f 337/337 338/338 339/339
f 339/339 340/340 337/337
f 341/341 342/342 343/343
f 343/343 344/344 341/341
f 345/345 346/346 347/347
f 347/347 348/348 345/345
f 349/349 350/350 351/351
f 351/351 352/352 349/349
f 353/353 354/354 355/355
f 356/356 357/357 358/358
f 356/356 359/359 360/360
f 353/353 361/361 354/354
f 358/358 362/362 356/356
f 356/356 363/363 359/359
f 364/364 365/365 366/366
f 355/355 367/367 353/353
f 360/360 357/357 356/356
f 368/368 369/369 370/370
f 369/369 363/363 356/356
f 364/364 371/371 372/372
f 373/373 374/374 375/375
f 364/364 376/376 365/365
f 364/364 369/369 368/368
f 362/362 361/361 356/356
f 356/356 370/370 369/369
f 372/372 377/377 364/364
f 378/378 379/379 380/380
f 375/375 381/381 373/373
f 368/368 376/376 364/364
f 370/370 382/382 368/368
f 380/380 371/371 378/378
f 379/379 378/378 374/374
f 353/353 356/356 361/361
f 373/373 379/379 374/374
f 364/364 378/378 371/371
f 366/366 378/378 364/364
f 383/383 384/384 385/385
f 383/383 386/386 387/387
f 387/387 388/388 383/383
f 388/388 384/384 383/383
f 387/387 386/386 389/389
f 385/385 390/390 383/383
f 391/391 392/392 393/393
f 391/391 394/394 392/392
f 391/391 395/395 396/396
f 393/393 397/397 391/391
f 396/396 398/398 391/391
f 391/391 399/399 394/394
f 398/398 400/400 391/391
f 401/401 402/402 403/403
f 404/404 405/405 406/406
f 407/407 408/408 409/409
f 410/410 411/411 408/408
f 400/400 399/399 391/391
f 404/404 412/412 413/413
f 414/414 415/415 401/401
f 412/412 416/416 417/417
f 416/416 412/412 404/404
f 408/408 407/407 410/410
f 418/418 409/409 391/391
f 404/404 419/419 410/410
f 413/413 420/420 404/404
f 403/403 414/414 401/401
f 406/406 416/416 404/404
f 397/397 418/418 391/391
f 420/420 419/419 404/404
f 417/417 415/415 412/412
f 410/410 407/407 404/404
f 409/409 418/418 407/407
f 414/414 412/412 415/415
f 421/421 422/422 423/423
f 423/423 424/424 421/421
f 425/425 426/426 427/427
f 427/427 428/428 425/425
f 429/429 430/430 431/431
f 431/431 432/432 429/429
f 433/433 434/434 435/435
f 435/435 436/436 433/433
f 437/437 438/438 439/439
f 439/439 440/440 437/437
f 441/441 442/442 443/443
f 443/443 444/444 441/441
f 445/445 446/446 447/447
f 448/448 447/447 449/449
f 449/449 450/450 448/448
f 447/447 448/448 445/445
f 451/451 452/452 453/453
f 453/453 454/454 451/451
f 455/455 456/456 457/457
f 458/458 457/457 459/459
f 460/460 459/459 461/461
f 461/461 462/462 460/460
f 459/459 460/460 458/458
f 457/457 458/458 455/455
f 463/463 464/464 465/465
f 465/465 466/466 463/463
f 467/467 468/468 469/469
f 470/470 469/469 471/471
f 472/472 471/471 473/473
f 473/473 474/474 472/472
f 471/471 472/472 470/470
f 469/469 470/470 467/467
f 475/475 476/476 477/477
f 477/477 478/478 475/475
f 479/479 480/480 481/481
f 481/481 482/482 479/479
f 483/483 484/484 485/485
f 485/485 486/486 483/483
f 487/487 488/488 489/489
f 487/487 490/490 488/488
f 491/491 492/492 490/490
f 490/490 487/487 491/491
f 493/493 494/494 489/489
f 489/489 494/494 487/487
f 495/495 496/496 497/497
f 497/497 498/498 495/495
f 499/499 500/500 501/501
f 501/501 502/502 499/499
f 503/503 504/504 505/505
f 506/506 505/505 507/507
f 507/507 508/508 506/506
f 505/505 506/506 503/503
f 509/509 510/510 511/511
f 511/511 512/512 509/509
f 513/513 514/514 515/515
f 515/515 516/516 513/513
f 517/517 518/518 519/519
f 517/517 520/520 521/521
f 517/517 522/522 518/518
f 521/521 523/523 517/517
f 519/519 524/524 517/517
f 525/525 526/526 527/527
f 524/524 520/520 517/517
f 528/528 529/529 530/530
f 529/529 522/522 531/531
f 525/525 532/532 533/533
f 534/534 535/535 536/536
f 527/527 537/537 525/525
f 525/525 529/529 528/528
f 523/523 538/538 517/517
f 531/531 530/530 529/529
f 533/533 539/539 525/525
f 540/540 541/541 542/542
f 534/534 540/540 535/535
f 528/528 526/526 525/525
f 530/530 543/543 528/528
f 542/542 532/532 540/540
f 536/536 544/544 534/534
f 517/517 531/531 522/522
f 534/534 541/541 540/540
f 525/525 540/540 532/532
f 537/537 540/540 525/525
f 545/545 546/546 547/547
f 547/547 548/548 545/545
f 545/545 549/549 550/550
f 545/545 551/551 546/546
f 545/545 552/552 549/549
f 553/553 554/554 555/555
f 556/556 557/557 558/558
f 559/559 560/560 561/561
f 562/562 563/563 560/560
f 550/550 551/551 545/545
f 556/556 564/564 565/565
f 555/555 566/566 553/553
f 567/567 568/568 569/569
f 568/568 567/567 556/556
f 560/560 559/559 562/562
f 570/570 561/561 545/545
f 556/556 571/571 562/562
f 556/556 567/567 564/564
f 567/567 572/572 553/553
f 558/558 568/568 556/556
f 548/548 570/570 545/545
f 565/565 571/571 556/556
f 569/569 572/572 567/567
f 562/562 559/559 556/556
f 561/561 570/570 559/559
f 566/566 567/567 553/553
f 573/573 574/574 575/575
f 575/575 576/576 573/573
f 577/577 578/578 579/579
f 579/579 580/580 577/577
f 581/581 582/582 583/583
f 583/583 584/584 581/581
f 585/585 586/586 587/587
f 587/587 588/588 585/585
f 589/589 590/590 591/591
f 592/592 591/591 593/593
f 593/593 594/594 592/592
f 591/591 592/592 589/589
f 595/595 596/596 597/597
f 597/597 598/598 595/595
f 599/599 600/600 601/601
f 602/602 601/601 603/603
f 603/603 604/604 602/602
f 601/601 602/602 599/599
f 605/605 606/606 607/607
f 607/607 608/608 605/605
f 609/609 610/610 611/611
f 612/612 611/611 613/613
f 614/614 613/613 615/615
f 615/615 616/616 614/614
f 613/613 614/614 612/612
f 611/611 612/612 609/609
f 617/617 618/618 619/619
f 619/619 620/620 617/617
f 621/621 622/622 623/623
f 624/624 623/623 625/625
f 626/626 625/625 627/627
f 627/627 628/628 626/626
f 625/625 626/626 624/624
f 623/623 624/624 621/621
f 629/629 630/630 631/631
f 631/631 632/632 629/629
f 633/633 634/634 635/635
f 635/635 636/636 633/633
f 637/637 638/638 639/639
f 639/639 640/640 637/637
f 641/641 642/642 643/643
f 643/643 644/644 641/641
f 645/645 646/646 647/647
f 647/647 648/648 645/645
f 649/649 650/650 651/651
f 652/652 651/651 653/653
f 651/651 654/654 655/655
f 653/653 656/656 657/657
f 658/658 659/659 660/660
f 657/657 658/658 653/653
f 661/661 662/662 663/663
f 657/657 659/659 658/658
f 653/653 664/664 665/665
f 653/653 663/663 666/666
f 661/661 667/667 662/662
f 665/665 656/656 653/653
f 663/663 653/653 661/661
f 661/661 668/668 669/669
f 668/668 658/658 670/670
f 666/666 664/664 653/653
f 661/661 671/671 672/672
f 668/668 673/673 669/669
f 670/670 674/674 668/668
f 672/672 667/667 661/661
f 674/674 673/673 668/668
f 669/669 671/671 661/661
f 653/653 655/655 675/675
f 655/655 676/676 677/677
f 676/676 678/678 679/679
f 668/668 661/661 680/680
f 661/661 675/675 681/681
f 682/682 680/680 683/683
f 680/680 681/681 684/684
f 685/685 683/683 686/686
f 683/683 684/684 687/687
f 684/684 688/688 689/689
f 688/688 690/690 691/691
f 692/692 686/686 693/693
f 686/686 687/687 694/694
f 695/695 693/693 696/696
f 697/697 698/698 699/699
f 699/699 700/700 701/701
f 699/699 702/702 697/697
f 651/651 703/703 704/704
f 701/701 650/650 699/699
f 702/702 705/705 697/697
f 654/654 706/706 697/697
f 651/651 707/707 703/703
f 651/651 650/650 708/708
f 701/701 709/709 650/650
f 697/697 705/705 654/654
f 654/654 704/704 710/710
f 651/651 711/711 707/707
f 708/708 712/712 651/651
f 650/650 713/713 714/714
f 699/699 715/715 700/700
f 710/710 706/706 654/654
f 712/712 711/711 651/651
f 709/709 713/713 650/650
f 704/704 654/654 651/651
f 698/698 715/715 699/699
f 716/716 717/717 718/718
f 719/719 720/720 721/721
f 720/720 719/719 716/716
f 696/696 722/722 723/723
f 718/718 720/720 716/716
f 717/717 723/723 724/724
f 696/696 725/725 722/722
f 724/724 718/718 717/717
f 696/696 726/726 725/725
f 693/693 727/727 728/728
f 694/694 729/729 727/727
f 723/723 717/717 696/696
f 696/696 693/693 730/730
f 727/727 693/693 694/694
f 721/721 694/694 719/719
f 730/730 731/731 696/696
f 694/694 732/732 729/729
f 731/731 726/726 696/696
f 693/693 733/733 734/734
f 721/721 732/732 694/694
f 728/728 733/733 693/693
f 696/696 735/735 736/736
f 696/696 717/717 735/735
f 737/737 738/738 739/739
f 696/696 740/740 741/741
f 739/739 742/742 737/737
f 741/741 737/737 696/696
f 742/742 743/743 737/737
f 741/741 744/744 737/737
f 696/696 745/745 746/746
f 696/696 747/747 748/748
f 696/696 749/749 750/750
f 737/737 751/751 738/738
f 746/746 740/740 696/696
f 750/750 747/747 696/696
f 744/744 751/751 737/737
f 748/748 752/752 696/696
f 752/752 745/745 696/696
f 737/737 753/753 754/754
f 754/754 755/755 737/737
f 695/695 737/737 756/756
f 757/757 692/692 695/695
f 695/695 758/758 757/757
f 668/668 759/759 760/760
f 668/668 761/761 759/759
f 760/760 762/762 652/652
f 652/652 762/762 763/763
f 649/649 764/764 765/765
f 649/649 763/763 764/764
f 649/649 766/766 767/767
f 768/768 769/769 770/770
f 768/768 771/771 772/772
f 773/773 768/768 774/774
f 650/650 775/775 776/776
f 649/649 777/777 766/766
f 772/772 769/769 768/768
f 774/774 778/778 773/773
f 779/779 776/776 780/780
f 650/650 781/781 775/775
f 782/782 783/783 784/784
f 649/649 785/785 777/777
f 786/786 787/787 788/788
f 783/783 782/782 789/789
f 778/778 779/779 773/773
f 776/776 779/779 650/650
f 649/649 790/790 791/791
f 649/649 792/792 793/793
f 649/649 794/794 782/782
f 767/767 795/795 649/649
f 789/789 786/786 783/783
f 787/787 772/772 771/771
f 780/780 773/773 779/779
f 650/650 796/796 797/797
f 791/791 650/650 649/649
f 649/649 784/784 792/792
f 795/795 794/794 649/649
f 771/771 788/788 787/787
f 797/797 781/781 650/650
f 793/793 790/790 649/649
f 788/788 783/783 786/786
f 791/791 796/796 650/650
f 770/770 774/774 768/768
f 650/650 779/779 798/798
f 798/798 799/799 650/650
f 800/800 801/801 802/802
f 802/802 803/803 800/800
f 803/803 804/804 800/800
f 692/692 805/805 806/806
f 692/692 807/807 808/808
f 805/805 809/809 806/806
f 806/806 807/807 692/692
f 805/805 800/800 810/810
f 810/810 809/809 805/805
f 682/682 811/811 812/812
f 812/812 813/813 682/682
f 685/685 808/808 811/811
f 811/811 682/682 685/685
f 761/761 668/668 814/814
f 668/668 815/815 814/814
f 668/668 816/816 817/817
f 817/817 815/815 668/668
f 761/761 818/818 819/819
f 814/814 820/820 761/761
f 682/682 821/821 816/816
f 761/761 822/822 818/818
f 816/816 668/668 682/682
f 820/820 822/822 761/761
f 819/819 801/801 761/761
f 677/677 679/679 823/823
f 824/824 825/825 823/823
f 823/823 679/679 824/824
f 826/826 827/827 825/825
f 825/825 824/824 826/826
f 826/826 681/681 828/828
f 681/681 675/675 829/829
f 829/829 828/828 681/681
f 677/677 830/830 829/829
f 829/829 675/675 677/677
f 831/831 655/655 832/832
f 655/655 833/833 832/832
f 655/655 654/654 834/834
f 655/655 835/835 833/833
f 834/834 836/836 655/655
f 676/676 655/655 831/831
f 836/836 835/835 655/655
f 832/832 837/837 831/831
f 838/838 839/839 837/837
f 837/837 832/832 838/838
f 839/839 840/840 841/841
f 839/839 842/842 843/843
f 843/843 840/840 839/839
f 839/839 838/838 844/844
f 844/844 842/842 839/839
f 841/841 678/678 845/845
f 845/845 846/846 841/841
f 676/676 847/847 845/845
f 845/845 678/678 676/676
f 848/848 849/849 850/850
f 848/848 851/851 849/849
f 850/850 852/852 848/848
f 848/848 853/853 854/854
f 852/852 855/855 848/848
f 689/689 691/691 856/856
f 851/851 848/848 856/856
f 857/857 848/848 858/858
f 855/855 853/853 848/848
f 856/856 691/691 851/851
f 854/854 858/858 848/848
f 858/858 859/859 857/857
f 860/860 861/861 862/862
f 687/687 863/863 864/864
f 862/862 687/687 860/860
f 687/687 865/865 863/863
f 862/862 866/866 687/687
f 859/859 862/862 861/861
f 866/866 865/865 687/687
f 864/864 694/694 687/687
f 689/689 867/867 860/860
f 860/860 687/687 689/689
f 688/688 684/684 868/868
f 684/684 681/681 869/869
f 869/869 868/868 684/684
f 826/826 870/870 869/869
f 869/869 681/681 826/826
f 826/826 824/824 871/871
f 690/690 872/872 871/871
f 871/871 824/824 690/690
f 688/688 873/873 872/872
f 872/872 690/690 688/688
f 871/871 870/870 826/826
f 868/868 873/873 688/688
f 861/861 857/857 859/859
f 856/856 867/867 689/689
f 841/841 846/846 839/839
f 831/831 847/847 676/676
f 828/828 827/827 826/826
f 823/823 830/830 677/677
f 819/819 802/802 801/801
f 813/813 821/821 682/682
f 808/808 685/685 692/692
f 804/804 810/810 800/800
f 799/799 699/699 650/650
f 784/784 649/649 782/782
f 765/765 785/785 649/649
f 763/763 649/649 652/652
f 652/652 658/658 760/760
f 760/760 658/658 668/668
f 757/757 805/805 692/692
f 756/756 758/758 695/695
f 755/755 756/756 737/737
f 743/743 753/753 737/737
f 736/736 749/749 696/696
f 734/734 730/730 693/693
f 719/719 694/694 864/864
f 834/834 654/654 705/705
f 714/714 708/708 650/650
f 696/696 737/737 695/695
f 694/694 693/693 686/686
f 693/693 695/695 692/692
f 691/691 689/689 688/688
f 689/689 687/687 684/684
f 687/687 686/686 683/683
f 686/686 692/692 685/685
f 684/684 683/683 680/680
f 683/683 685/685 682/682
f 681/681 680/680 661/661
f 680/680 682/682 668/668
f 679/679 677/677 676/676
f 677/677 675/675 655/655
f 675/675 661/661 653/653
f 660/660 670/670 658/658
f 655/655 653/653 651/651
f 653/653 658/658 652/652
f 651/651 652/652 649/649
f 874/874 875/875 876/876
f 877/877 874/874 878/878
f 879/879 877/877 880/880
f 881/881 879/879 882/882
f 883/883 881/881 884/884
f 885/885 883/883 886/886
f 887/887 885/885 888/888
f 889/889 887/887 890/890
f 891/891 889/889 892/892
f 893/893 891/891 894/894
f 895/895 893/893 896/896
f 897/897 898/898 899/899
f 898/898 900/900 899/899
f 901/901 900/900 898/898
f 902/902 901/901 903/903
f 904/904 902/902 905/905
f 875/875 904/904 906/906
f 906/906 876/876 875/875
f 905/905 906/906 904/904
f 903/903 905/905 902/902
f 898/898 903/903 901/901
f 899/899 895/895 897/897
f 896/896 897/897 895/895
f 894/894 896/896 893/893
f 892/892 894/894 891/891
f 890/890 892/892 889/889
f 888/888 890/890 887/887
f 886/886 888/888 885/885
f 884/884 886/886 883/883
f 882/882 884/884 881/881
f 880/880 882/882 879/879
f 878/878 880/880 877/877
f 876/876 878/878 874/874
f 907/907 908/908 909/909
f 910/910 907/907 911/911
f 912/912 910/910 913/913
f 914/914 915/915 916/916
f 915/915 917/917 916/916
f 918/918 917/917 915/915
f 919/919 918/918 920/920
f 921/921 919/919 922/922
f 923/923 921/921 924/924
f 925/925 923/923 926/926
f 927/927 925/925 928/928
f 929/929 927/927 930/930
f 931/931 929/929 932/932
f 933/933 931/931 934/934
f 935/935 933/933 936/936
f 937/937 935/935 938/938
f 908/908 937/937 939/939
f 939/939 909/909 908/908
f 938/938 939/939 937/937
f 936/936 938/938 935/935
f 934/934 936/936 933/933
f 932/932 934/934 931/931
f 930/930 932/932 929/929
f 928/928 930/930 927/927
f 926/926 928/928 925/925
f 924/924 926/926 923/923
f 922/922 924/924 921/921
f 920/920 922/922 919/919
f 915/915 920/920 918/918
f 916/916 912/912 914/914
f 913/913 914/914 912/912
f 911/911 913/913 910/910
f 909/909 911/911 907/907
f 940/940 941/941 942/942
f 943/943 940/940 944/944
f 945/945 943/943 946/946
f 947/947 945/945 948/948
f 949/949 947/947 950/950
f 951/951 949/949 952/952
f 953/953 951/951 954/954
f 955/955 953/953 956/956
f 957/957 955/955 958/958
f 959/959 957/957 960/960
f 961/961 959/959 962/962
f 963/963 964/964 965/965
f 964/964 966/966 965/965
f 967/967 966/966 964/964
f 968/968 967/967 969/969
f 970/970 968/968 971/971
f 941/941 970/970 972/972
f 972/972 942/942 941/941
f 971/971 972/972 970/970
f 969/969 971/971 968/968
f 964/964 969/969 967/967
f 965/965 961/961 963/963
f 962/962 963/963 961/961
f 960/960 962/962 959/959
f 958/958 960/960 957/957
f 956/956 958/958 955/955
f 954/954 956/956 953/953
f 952/952 954/954 951/951
f 950/950 952/952 949/949
f 948/948 950/950 947/947
f 946/946 948/948 945/945
f 944/944 946/946 943/943
f 942/942 944/944 940/940
f 973/973 974/974 975/975
f 976/976 973/973 977/977
f 978/978 976/976 979/979
f 976/976 980/980 979/979
f 981/981 982/982 983/983
f 982/982 984/984 983/983
f 985/985 984/984 982/982
f 986/986 985/985 987/987
f 985/985 988/988 987/987
f 989/989 986/986 990/990
f 989/989 991/991 992/992
f 992/992 993/993 989/989
f 994/994 993/993 995/995
f 996/996 994/994 997/997
f 998/998 996/996 999/999
f 1000/1000 998/998 1001/1001
f 1002/1002 1000/1000 1003/1003
f 1004/1004 1002/1002 1005/1005
f 1006/1006 1004/1004 1007/1007
f 1006/1006 1008/1008 1009/1009
f 1009/1009 974/974 1006/1006
f 1009/1009 975/975 974/974
f 1007/1007 1008/1008 1006/1006
f 1005/1005 1007/1007 1004/1004
f 1003/1003 1005/1005 1002/1002
f 1001/1001 1003/1003 1000/1000
f 999/999 1001/1001 998/998
f 997/997 999/999 996/996
f 995/995 997/997 994/994
f 992/992 995/995 993/993
f 990/990 991/991 989/989
f 987/987 990/990 986/986
f 982/982 988/988 985/985
f 983/983 978/978 981/981
f 979/979 981/981 978/978
f 977/977 980/980 976/976
f 975/975 977/977 973/973
f 1010/1010 1011/1011 1012/1012
f 1013/1013 1010/1010 1014/1014
f 1015/1015 1013/1013 1016/1016
f 1017/1017 1018/1018 1019/1019
f 1018/1018 1020/1020 1019/1019
f 1021/1021 1020/1020 1018/1018
f 1022/1022 1021/1021 1023/1023
f 1024/1024 1022/1022 1025/1025
f 1026/1026 1024/1024 1027/1027
f 1028/1028 1026/1026 1029/1029
f 1030/1030 1028/1028 1031/1031
f 1032/1032 1030/1030 1033/1033
f 1034/1034 1032/1032 1035/1035
f 1036/1036 1034/1034 1037/1037
f 1038/1038 1036/1036 1039/1039
f 1040/1040 1038/1038 1041/1041
f 1011/1011 1040/1040 1042/1042
f 1042/1042 1012/1012 1011/1011
f 1041/1041 1042/1042 1040/1040
f 1039/1039 1041/1041 1038/1038
f 1037/1037 1039/1039 1036/1036
f 1035/1035 1037/1037 1034/1034
f 1033/1033 1035/1035 1032/1032
f 1031/1031 1033/1033 1030/1030
f 1029/1029 1031/1031 1028/1028
f 1027/1027 1029/1029 1026/1026
f 1025/1025 1027/1027 1024/1024
f 1023/1023 1025/1025 1022/1022
f 1018/1018 1023/1023 1021/1021
f 1019/1019 1015/1015 1017/1017
f 1016/1016 1017/1017 1015/1015
f 1014/1014 1016/1016 1013/1013
f 1012/1012 1014/1014 1010/1010
f 1043/1043 1044/1044 1045/1045
f 1043/1043 1046/1046 1047/1047
f 1048/1048 1049/1049 1050/1050
f 1051/1051 1050/1050 1049/1049
f 1052/1052 1053/1053 1054/1054
f 1045/1045 1052/1052 1043/1043
f 1047/1047 1055/1055 1043/1043
f 1056/1056 1048/1048 1057/1057
f 1049/1049 1052/1052 1051/1051
f 1045/1045 1053/1053 1052/1052
f 1043/1043 1058/1058 1059/1059
f 1055/1055 1060/1060 1043/1043
f 1057/1057 1061/1061 1056/1056
f 1050/1050 1062/1062 1048/1048
f 1059/1059 1044/1044 1043/1043
f 1046/1046 1063/1063 1047/1047
f 1062/1062 1057/1057 1048/1048
f 1060/1060 1058/1058 1043/1043
f 1046/1046 1056/1056 1064/1064
f 1054/1054 1051/1051 1052/1052
f 1064/1064 1065/1065 1046/1046
f 1065/1065 1063/1063 1046/1046
f 1066/1066 1067/1067 1068/1068
f 1069/1069 1070/1070 1071/1071
f 1066/1066 1071/1071 1067/1067
f 1072/1072 1068/1068 1073/1073
f 1074/1074 1075/1075 1076/1076
f 1069/1069 1052/1052 1070/1070
f 1073/1073 1077/1077 1072/1072
f 1078/1078 1079/1079 1080/1080
f 1076/1076 1081/1081 1074/1074
f 1068/1068 1072/1072 1066/1066
f 1082/1082 1080/1080 1077/1077
f 1080/1080 1082/1082 1078/1078
f 1081/1081 1083/1083 1074/1074
f 1084/1084 1079/1079 1085/1085
f 1077/1077 1073/1073 1082/1082
f 1078/1078 1086/1086 1079/1079
f 1087/1087 1088/1088 1075/1075
f 1085/1085 1087/1087 1084/1084
f 1086/1086 1085/1085 1079/1079
f 1085/1085 1088/1088 1087/1087
f 1089/1089 1084/1084 1087/1087
f 1052/1052 1069/1069 1090/1090
f 1074/1074 1087/1087 1075/1075
f 1087/1087 1091/1091 1089/1089
f 1071/1071 1066/1066 1069/1069
f 1092/1092 1093/1093 1089/1089
f 1092/1092 1043/1043 1094/1094
f 1043/1043 1095/1095 1096/1096
f 1091/1091 1092/1092 1089/1089
f 1096/1096 1094/1094 1043/1043
f 1094/1094 1093/1093 1092/1092
f 1043/1043 1097/1097 1098/1098
f 1098/1098 1095/1095 1043/1043
f 1052/1052 1099/1099 1100/1100
f 1043/1043 1100/1100 1097/1097
f 1090/1090 1099/1099 1052/1052
f 1101/1101 1102/1102 1103/1103
f 1101/1101 1104/1104 1105/1105
f 1103/1103 1106/1106 1101/1101
f 1105/1105 1107/1107 1101/1101
f 1108/1108 1109/1109 1110/1110
f 1101/1101 1108/1108 1111/1111
f 1103/1103 1112/1112 1106/1106
f 1101/1101 1113/1113 1104/1104
f 1114/1114 1115/1115 1116/1116
f 1111/1111 1113/1113 1101/1101
f 1112/1112 1117/1117 1106/1106
f 1107/1107 1118/1118 1101/1101
f 1114/1114 1119/1119 1115/1115
f 1120/1120 1106/1106 1121/1121
f 1122/1122 1092/1092 1123/1123
f 1110/1110 1124/1124 1125/1125
f 1110/1110 1111/1111 1108/1108
f 1118/1118 1102/1102 1101/1101
f 1126/1126 1127/1127 1114/1114
f 1121/1121 1127/1127 1120/1120
f 1092/1092 1128/1128 1123/1123
f 1129/1129 1130/1130 1131/1131
f 1125/1125 1129/1129 1110/1110
f 1117/1117 1121/1121 1106/1106
f 1127/1127 1126/1126 1120/1120
f 1043/1043 1132/1132 1133/1133
f 1123/1123 1134/1134 1135/1135
f 1136/1136 1137/1137 1128/1128
f 1125/1125 1130/1130 1129/1129
f 1116/1116 1126/1126 1114/1114
f 1138/1138 1139/1139 1120/1120
f 1139/1139 1138/1138 1140/1140
f 1140/1140 1141/1141 1142/1142
f 1133/1133 1143/1143 1043/1043
f 1092/1092 1144/1144 1132/1132
f 1128/1128 1092/1092 1136/1136
f 1109/1109 1124/1124 1110/1110
f 1126/1126 1145/1145 1138/1138
f 1142/1142 1146/1146 1140/1140
f 1140/1140 1123/1123 1147/1147
f 1132/1132 1043/1043 1092/1092
f 1136/1136 1131/1131 1137/1137
f 1120/1120 1126/1126 1138/1138
f 1123/1123 1140/1140 1148/1148
f 1147/1147 1141/1141 1140/1140
f 1043/1043 1149/1149 1150/1150
f 1143/1143 1151/1151 1043/1043
f 1131/1131 1136/1136 1129/1129
f 1140/1140 1146/1146 1139/1139
f 1126/1126 1043/1043 1152/1152
f 1151/1151 1149/1149 1043/1043
f 1092/1092 1122/1122 1153/1153
f 1148/1148 1134/1134 1123/1123
f 1152/1152 1154/1154 1126/1126
f 1153/1153 1144/1144 1092/1092
f 1154/1154 1145/1145 1126/1126
f 1123/1123 1135/1135 1122/1122
f 1155/1155 1156/1156 1157/1157
f 1157/1157 1158/1158 1155/1155
f 1159/1159 1160/1160 1161/1161
f 1162/1162 1163/1163 1164/1164
f 1155/1155 1165/1165 1156/1156
f 1166/1166 1167/1167 1159/1159
f 1159/1159 1168/1168 1160/1160
f 1169/1169 1126/1126 1162/1162
f 1164/1164 1170/1170 1162/1162
f 1159/1159 1156/1156 1166/1166
f 1159/1159 1167/1167 1168/1168
f 1171/1171 1172/1172 1046/1046
f 1170/1170 1173/1173 1162/1162
f 1161/1161 1174/1174 1159/1159
f 1171/1171 1175/1175 1172/1172
f 1163/1163 1176/1176 1164/1164
f 1166/1166 1177/1177 1167/1167
f 1178/1178 1179/1179 1180/1180
f 1175/1175 1181/1181 1182/1182
f 1043/1043 1183/1183 1171/1171
f 1126/1126 1184/1184 1183/1183
f 1162/1162 1173/1173 1169/1169
f 1165/1165 1166/1166 1156/1156
f 1179/1179 1185/1185 1186/1186
f 1180/1180 1187/1187 1178/1178
f 1175/1175 1188/1188 1181/1181
f 1175/1175 1171/1171 1189/1189
f 1183/1183 1043/1043 1126/1126
f 1169/1169 1190/1190 1126/1126
f 1163/1163 1186/1186 1191/1191
f 1166/1166 1192/1192 1177/1177
f 1187/1187 1175/1175 1178/1178
f 1189/1189 1188/1188 1175/1175
f 1190/1190 1184/1184 1126/1126
f 1186/1186 1185/1185 1191/1191
f 1175/1175 1187/1187 1177/1177
f 1182/1182 1178/1178 1175/1175
f 1191/1191 1176/1176 1163/1163
f 1186/1186 1180/1180 1179/1179
f 1192/1192 1175/1175 1177/1177
f 1046/1046 1043/1043 1171/1171
f 1150/1150 1152/1152 1043/1043
f 1100/1100 1043/1043 1052/1052
f 1061/1061 1064/1064 1056/1056
f 1193/1193 1194/1194 1195/1195
f 1196/1196 1195/1195 1197/1197
f 1198/1198 1199/1199 1197/1197
f 1197/1197 1199/1199 1196/1196
f 1195/1195 1196/1196 1193/1193
f 1200/1200 1201/1201 1202/1202
f 1202/1202 1203/1203 1200/1200
f 1202/1202 1204/1204 1203/1203
f 1205/1205 1206/1206 1207/1207
f 1208/1208 1205/1205 1209/1209
f 1210/1210 1208/1208 1211/1211
f 1211/1211 1212/1212 1210/1210
f 1209/1209 1211/1211 1208/1208
f 1207/1207 1209/1209 1205/1205
f 1213/1213 1214/1214 1215/1215
f 1216/1216 1217/1217 1218/1218
f 1217/1217 1215/1215 1218/1218
f 1219/1219 1216/1216 1220/1220
f 1216/1216 1221/1221 1220/1220
f 1220/1220 1222/1222 1219/1219
f 1222/1222 1223/1223 1219/1219
f 1218/1218 1221/1221 1216/1216
f 1215/1215 1217/1217 1213/1213
f 1224/1224 1225/1225 1226/1226
f 1227/1227 1226/1226 1228/1228
f 1229/1229 1228/1228 1230/1230
f 1230/1230 1231/1231 1232/1232
f 1233/1233 1234/1234 1232/1232
f 1232/1232 1231/1231 1233/1233
f 1232/1232 1235/1235 1230/1230
f 1230/1230 1235/1235 1229/1229
f 1228/1228 1229/1229 1227/1227
f 1226/1226 1227/1227 1224/1224
f 1236/1236 1237/1237 1238/1238
f 1239/1239 1236/1236 1240/1240
f 1241/1241 1239/1239 1242/1242
f 1243/1243 1241/1241 1244/1244
f 1245/1245 1243/1243 1246/1246
f 1247/1247 1245/1245 1248/1248
f 1249/1249 1247/1247 1250/1250
f 1250/1250 1251/1251 1249/1249
f 1248/1248 1250/1250 1247/1247
f 1246/1246 1248/1248 1245/1245
f 1244/1244 1246/1246 1243/1243
f 1242/1242 1244/1244 1241/1241
f 1240/1240 1242/1242 1239/1239
f 1238/1238 1240/1240 1236/1236
f 1252/1252 1253/1253 1254/1254
f 1254/1254 1255/1255 1252/1252
f 1255/1255 1256/1256 1257/1257
f 1258/1258 1257/1257 1259/1259
f 1260/1260 1259/1259 1261/1261
f 1261/1261 1262/1262 1260/1260
f 1259/1259 1260/1260 1258/1258
f 1257/1257 1258/1258 1255/1255
f 1254/1254 1256/1256 1255/1255
f 1263/1263 1264/1264 1265/1265
f 1266/1266 1265/1265 1267/1267
f 1267/1267 1268/1268 1266/1266
f 1269/1269 1270/1270 1271/1271
f 1272/1272 1271/1271 1270/1270
f 1270/1270 1273/1273 1272/1272
f 1274/1274 1275/1275 1276/1276
f 1274/1274 1272/1272 1277/1277
f 1277/1277 1275/1275 1274/1274
f 1272/1272 1273/1273 1278/1278
f 1278/1278 1277/1277 1272/1272
f 1274/1274 1279/1279 1280/1280
f 1281/1281 1280/1280 1282/1282
f 1282/1282 1283/1283 1281/1281
f 1283/1283 1284/1284 1285/1285
f 1285/1285 1286/1286 1283/1283
f 1282/1282 1284/1284 1283/1283
f 1280/1280 1281/1281 1274/1274
f 1276/1276 1279/1279 1274/1274
f 1271/1271 1268/1268 1269/1269
f 1267/1267 1269/1269 1268/1268
f 1265/1265 1266/1266 1263/1263
f 1287/1287 1288/1288 1289/1289
f 1290/1290 1289/1289 1291/1291
f 1292/1292 1291/1291 1293/1293
f 1294/1294 1295/1295 1296/1296
f 1295/1295 1293/1293 1296/1296
f 1296/1296 1297/1297 1294/1294
f 1293/1293 1295/1295 1292/1292
f 1291/1291 1292/1292 1290/1290
f 1289/1289 1290/1290 1287/1287
f 1298/1298 1299/1299 1300/1300
f 1301/1301 1298/1298 1302/1302
f 1303/1303 1301/1301 1304/1304
f 1305/1305 1303/1303 1306/1306
f 1307/1307 1305/1305 1308/1308
f 1309/1309 1307/1307 1310/1310
f 1311/1311 1309/1309 1312/1312
f 1312/1312 1313/1313 1311/1311
f 1310/1310 1312/1312 1309/1309
f 1308/1308 1310/1310 1307/1307
f 1306/1306 1308/1308 1305/1305
f 1304/1304 1306/1306 1303/1303
f 1302/1302 1304/1304 1301/1301
f 1300/1300 1302/1302 1298/1298
f 1314/1314 1315/1315 1316/1316
f 1317/1317 1318/1318 1316/1316
f 1316/1316 1315/1315 1317/1317
f 1318/1318 1317/1317 1319/1319
f 1320/1320 1319/1319 1321/1321
f 1322/1322 1321/1321 1323/1323
f 1323/1323 1324/1324 1322/1322
f 1321/1321 1322/1322 1320/1320
f 1319/1319 1320/1320 1318/1318
f 1316/1316 1325/1325 1314/1314
f 1326/1326 1327/1327 1328/1328
f 1328/1328 1329/1329 1326/1326
f 1326/1326 1330/1330 1327/1327
f 1328/1328 1331/1331 1329/1329
f 1332/1332 1329/1329 1333/1333
f 1329/1329 1331/1331 1333/1333
f 1332/1332 1334/1334 1335/1335
f 1335/1335 1336/1336 1332/1332
f 1333/1333 1334/1334 1332/1332
f 1326/1326 1337/1337 1330/1330
f 1338/1338 1339/1339 1340/1340
f 1341/1341 1338/1338 1342/1342
f 1343/1343 1341/1341 1344/1344
f 1344/1344 1345/1345 1343/1343
f 1342/1342 1344/1344 1341/1341
f 1340/1340 1342/1342 1338/1338
f 1346/1346 1347/1347 1348/1348
f 1349/1349 1348/1348 1350/1350
f 1348/1348 1349/1349 1346/1346
f 1346/1346 1351/1351 1347/1347
f 1350/1350 1352/1352 1349/1349
f 1351/1351 1353/1353 1347/1347
f 1354/1354 1355/1355 1356/1356
f 1355/1355 1357/1357 1356/1356
f 1356/1356 1358/1358 1354/1354
f 1359/1359 1360/1360 1361/1361
f 1362/1362 1361/1361 1363/1363
f 1364/1364 1363/1363 1365/1365
f 1360/1360 1359/1359 1366/1366
f 1366/1366 1367/1367 1360/1360
f 1365/1365 1368/1368 1364/1364
f 1363/1363 1364/1364 1362/1362
f 1361/1361 1362/1362 1359/1359
f 1369/1369 1370/1370 1371/1371
f 1369/1369 1372/1372 1370/1370
f 1369/1369 1373/1373 1372/1372
f 1374/1374 1375/1375 1373/1373
f 1373/1373 1369/1369 1374/1374
f 1374/1374 1376/1376 1375/1375
f 1371/1371 1377/1377 1369/1369
f 1371/1371 1378/1378 1377/1377
f 1379/1379 1380/1380 1381/1381
f 1382/1382 1379/1379 1383/1383
f 1383/1383 1384/1384 1382/1382
f 1385/1385 1382/1382 1384/1384
f 1385/1385 1386/1386 1387/1387
f 1387/1387 1388/1388 1385/1385
f 1384/1384 1386/1386 1385/1385
f 1389/1389 1390/1390 1388/1388
f 1391/1391 1392/1392 1390/1390
f 1393/1393 1394/1394 1392/1392
f 1392/1392 1391/1391 1393/1393
f 1390/1390 1389/1389 1391/1391
f 1388/1388 1387/1387 1389/1389
f 1381/1381 1383/1383 1379/1379
f 1395/1395 1396/1396 1397/1397
f 1398/1398 1399/1399 1400/1400
f 1397/1397 1401/1401 1395/1395
f 1400/1400 1402/1402 1398/1398
f 1401/1401 1403/1403 1395/1395
f 1404/1404 1399/1399 1405/1405
f 1402/1402 1400/1400 1406/1406
f 1398/1398 1407/1407 1399/1399
f 1408/1408 1409/1409 1395/1395
f 1405/1405 1408/1408 1404/1404
f 1410/1410 1411/1411 1412/1412
f 1407/1407 1405/1405 1399/1399
f 1405/1405 1409/1409 1408/1408
f 1413/1413 1404/1404 1408/1408
f 1410/1410 1414/1414 1411/1411
f 1403/1403 1408/1408 1395/1395
f 1408/1408 1415/1415 1413/1413
f 1416/1416 1413/1413 1417/1417
f 1410/1410 1418/1418 1414/1414
f 1419/1419 1420/1420 1421/1421
f 1415/1415 1417/1417 1413/1413
f 1412/1412 1416/1416 1410/1410
f 1421/1421 1422/1422 1423/1423
f 1421/1421 1411/1411 1424/1424
f 1417/1417 1410/1410 1416/1416
f 1411/1411 1425/1425 1426/1426
f 1427/1427 1428/1428 1429/1429
f 1427/1427 1420/1420 1430/1430
f 1420/1420 1419/1419 1431/1431
f 1424/1424 1422/1422 1421/1421
f 1432/1432 1433/1433 1434/1434
f 1435/1435 1436/1436 1437/1437
f 1435/1435 1434/1434 1438/1438
f 1426/1426 1412/1412 1411/1411
f 1429/1429 1410/1410 1427/1427
f 1427/1427 1439/1439 1440/1440
f 1427/1427 1441/1441 1442/1442
f 1420/1420 1443/1443 1430/1430
f 1421/1421 1423/1423 1419/1419
f 1444/1444 1445/1445 1420/1420
f 1444/1444 1432/1432 1446/1446
f 1432/1432 1444/1444 1433/1433
f 1438/1438 1436/1436 1435/1435
f 1429/1429 1418/1418 1410/1410
f 1442/1442 1439/1439 1427/1427
f 1411/1411 1421/1421 1447/1447
f 1431/1431 1443/1443 1420/1420
f 1446/1446 1445/1445 1444/1444
f 1437/1437 1406/1406 1435/1435
f 1440/1440 1428/1428 1427/1427
f 1430/1430 1441/1441 1427/1427
f 1434/1434 1435/1435 1432/1432
f 1447/1447 1425/1425 1411/1411
f 1406/1406 1437/1437 1402/1402
f 1448/1448 1449/1449 1450/1450
f 1451/1451 1452/1452 1453/1453
f 1448/1448 1454/1454 1452/1452
f 1448/1448 1455/1455 1449/1449
f 1427/1427 1410/1410 1456/1456
f 1452/1452 1451/1451 1448/1448
f 1448/1448 1457/1457 1455/1455
f 1458/1458 1459/1459 1460/1460
f 1427/1427 1461/1461 1462/1462
f 1410/1410 1463/1463 1456/1456
f 1464/1464 1465/1465 1466/1466
f 1467/1467 1468/1468 1469/1469
f 1448/1448 1467/1467 1470/1470
f 1453/1453 1471/1471 1451/1451
f 1450/1450 1472/1472 1448/1448
f 1458/1458 1473/1473 1459/1459
f 1474/1474 1451/1451 1475/1475
f 1456/1456 1461/1461 1427/1427
f 1464/1464 1476/1476 1465/1465
f 1469/1469 1468/1468 1476/1476
f 1470/1470 1457/1457 1448/1448
f 1472/1472 1454/1454 1448/1448
f 1477/1477 1478/1478 1458/1458
f 1475/1475 1478/1478 1474/1474
f 1410/1410 1479/1479 1463/1463
f 1476/1476 1464/1464 1469/1469
f 1471/1471 1475/1475 1451/1451
f 1478/1478 1477/1477 1474/1474
f 1427/1427 1480/1480 1474/1474
f 1462/1462 1481/1481 1427/1427
f 1410/1410 1466/1466 1482/1482
f 1469/1469 1470/1470 1467/1467
f 1474/1474 1477/1477 1427/1427
f 1482/1482 1479/1479 1410/1410
f 1460/1460 1477/1477 1458/1458
f 1466/1466 1410/1410 1464/1464
f 1483/1483 1484/1484 1485/1485
f 1485/1485 1486/1486 1483/1483
f 1487/1487 1477/1477 1488/1488
f 1488/1488 1489/1489 1490/1490
f 1491/1491 1492/1492 1483/1483
f 1477/1477 1493/1493 1494/1494
f 1490/1490 1495/1495 1488/1488
f 1489/1489 1496/1496 1497/1497
f 1484/1484 1483/1483 1498/1498
f 1486/1486 1491/1491 1483/1483
f 1427/1427 1499/1499 1500/1500
f 1494/1494 1427/1427 1477/1477
f 1488/1488 1495/1495 1487/1487
f 1497/1497 1501/1501 1489/1489
f 1491/1491 1502/1502 1492/1492
f 1503/1503 1504/1504 1496/1496
f 1505/1505 1503/1503 1506/1506
f 1507/1507 1427/1427 1508/1508
f 1427/1427 1509/1509 1499/1499
f 1477/1477 1510/1510 1493/1493
f 1501/1501 1490/1490 1489/1489
f 1502/1502 1511/1511 1492/1492
f 1427/1427 1512/1512 1511/1511
f 1506/1506 1507/1507 1505/1505
f 1500/1500 1508/1508 1427/1427
f 1494/1494 1513/1513 1427/1427
f 1496/1496 1504/1504 1497/1497
f 1511/1511 1502/1502 1427/1427
f 1508/1508 1505/1505 1507/1507
f 1487/1487 1510/1510 1477/1477
f 1427/1427 1507/1507 1512/1512
f 1513/1513 1509/1509 1427/1427
f 1496/1496 1506/1506 1503/1503
f 1514/1514 1515/1515 1516/1516
f 1514/1514 1517/1517 1515/1515
f 1518/1518 1519/1519 1520/1520
f 1520/1520 1514/1514 1518/1518
f 1521/1521 1520/1520 1519/1519
f 1444/1444 1522/1522 1523/1523
f 1427/1427 1524/1524 1522/1522
f 1525/1525 1526/1526 1527/1527
f 1526/1526 1525/1525 1528/1528
f 1519/1519 1444/1444 1521/1521
f 1522/1522 1444/1444 1427/1427
f 1529/1529 1502/1502 1530/1530
f 1528/1528 1531/1531 1526/1526
f 1444/1444 1532/1532 1521/1521
f 1427/1427 1533/1533 1524/1524
f 1427/1427 1534/1534 1535/1535
f 1502/1502 1536/1536 1534/1534
f 1502/1502 1537/1537 1530/1530
f 1537/1537 1502/1502 1525/1525
f 1523/1523 1532/1532 1444/1444
f 1535/1535 1538/1538 1427/1427
f 1502/1502 1529/1529 1536/1536
f 1527/1527 1537/1537 1525/1525
f 1539/1539 1530/1530 1517/1517
f 1538/1538 1533/1533 1427/1427
f 1530/1530 1539/1539 1529/1529
f 1517/1517 1540/1540 1541/1541
f 1534/1534 1427/1427 1502/1502
f 1517/1517 1514/1514 1540/1540
f 1517/1517 1541/1541 1539/1539
f 1516/1516 1518/1518 1514/1514
f 1498/1498 1542/1542 1484/1484
f 1481/1481 1480/1480 1427/1427
f 1420/1420 1427/1427 1444/1444
f 1543/1543 1544/1544 1545/1545
f 1546/1546 1543/1543 1547/1547
f 1547/1547 1548/1548 1546/1546
f 1545/1545 1547/1547 1543/1543
f 1545/1545 1544/1544 1549/1549
f 1550/1550 1551/1551 1552/1552
f 1553/1553 1552/1552 1554/1554
f 1552/1552 1553/1553 1550/1550
f 1550/1550 1555/1555 1551/1551
f 1554/1554 1556/1556 1553/1553
f 1555/1555 1557/1557 1551/1551
f 1558/1558 1559/1559 1560/1560
f 1561/1561 1560/1560 1562/1562
f 1563/1563 1564/1564 1562/1562
f 1562/1562 1564/1564 1561/1561
f 1560/1560 1561/1561 1558/1558
f 1565/1565 1566/1566 1567/1567
f 1568/1568 1565/1565 1569/1569
f 1569/1569 1570/1570 1568/1568
f 1567/1567 1569/1569 1565/1565
f 1567/1567 1566/1566 1571/1571
f 1572/1572 1573/1573 1574/1574
f 1575/1575 1572/1572 1576/1576
f 1577/1577 1575/1575 1578/1578
f 1579/1579 1577/1577 1580/1580
f 1580/1580 1581/1581 1579/1579
f 1578/1578 1580/1580 1577/1577
f 1576/1576 1578/1578 1575/1575
f 1574/1574 1576/1576 1572/1572
f 1582/1582 1583/1583 1584/1584
f 1585/1585 1582/1582 1586/1586
f 1587/1587 1585/1585 1588/1588
f 1589/1589 1587/1587 1590/1590
f 1590/1590 1591/1591 1589/1589
f 1588/1588 1590/1590 1587/1587
f 1586/1586 1588/1588 1585/1585
f 1584/1584 1586/1586 1582/1582
f 1592/1592 1593/1593 1594/1594
f 1594/1594 1595/1595 1592/1592
f 1594/1594 1596/1596 1595/1595
f 1597/1597 1598/1598 1599/1599
f 1599/1599 1600/1600 1597/1597
f 1601/1601 1602/1602 1603/1603
f 1603/1603 1604/1604 1601/1601
f 1605/1605 1606/1606 1607/1607
f 1608/1608 1605/1605 1609/1609
f 1610/1610 1608/1608 1611/1611
f 1610/1610 1612/1612 1613/1613
f 1613/1613 1614/1614 1610/1610
f 1615/1615 1614/1614 1616/1616
f 1617/1617 1615/1615 1618/1618
f 1619/1619 1617/1617 1620/1620
f 1621/1621 1619/1619 1622/1622
f 1623/1623 1621/1621 1624/1624
f 1625/1625 1623/1623 1626/1626
f 1627/1627 1625/1625 1628/1628
f 1629/1629 1627/1627 1630/1630
f 1631/1631 1629/1629 1632/1632
f 1633/1633 1631/1631 1634/1634
f 1635/1635 1633/1633 1636/1636
f 1606/1606 1635/1635 1637/1637
f 1637/1637 1607/1607 1606/1606
f 1636/1636 1637/1637 1635/1635
f 1634/1634 1636/1636 1633/1633
f 1632/1632 1634/1634 1631/1631
f 1630/1630 1632/1632 1629/1629
f 1628/1628 1630/1630 1627/1627
f 1626/1626 1628/1628 1625/1625
f 1624/1624 1626/1626 1623/1623
f 1622/1622 1624/1624 1621/1621
f 1620/1620 1622/1622 1619/1619
f 1618/1618 1620/1620 1617/1617
f 1616/1616 1618/1618 1615/1615
f 1613/1613 1616/1616 1614/1614
f 1611/1611 1612/1612 1610/1610
f 1609/1609 1611/1611 1608/1608
f 1607/1607 1609/1609 1605/1605
f 1638/1638 1639/1639 1640/1640
f 1641/1641 1638/1638 1642/1642
f 1643/1643 1641/1641 1644/1644
f 1645/1645 1643/1643 1646/1646
f 1647/1647 1645/1645 1648/1648
f 1649/1649 1647/1647 1650/1650
f 1651/1651 1649/1649 1652/1652
f 1653/1653 1651/1651 1654/1654
f 1655/1655 1653/1653 1656/1656
f 1657/1657 1655/1655 1658/1658
f 1659/1659 1657/1657 1660/1660
f 1659/1659 1661/1661 1662/1662
f 1662/1662 1663/1663 1659/1659
f 1664/1664 1663/1663 1665/1665
f 1666/1666 1664/1664 1667/1667
f 1668/1668 1666/1666 1669/1669
f 1639/1639 1668/1668 1670/1670
f 1670/1670 1640/1640 1639/1639
f 1669/1669 1670/1670 1668/1668
f 1667/1667 1669/1669 1666/1666
f 1665/1665 1667/1667 1664/1664
f 1662/1662 1665/1665 1663/1663
f 1660/1660 1661/1661 1659/1659
f 1658/1658 1660/1660 1657/1657
f 1656/1656 1658/1658 1655/1655
f 1654/1654 1656/1656 1653/1653
f 1652/1652 1654/1654 1651/1651
f 1650/1650 1652/1652 1649/1649
f 1648/1648 1650/1650 1647/1647
f 1646/1646 1648/1648 1645/1645
f 1644/1644 1646/1646 1643/1643
f 1642/1642 1644/1644 1641/1641
f 1640/1640 1642/1642 1638/1638
f 1671/1671 1672/1672 1673/1673
f 1674/1674 1671/1671 1675/1675
f 1676/1676 1674/1674 1677/1677
f 1676/1676 1678/1678 1679/1679
f 1679/1679 1680/1680 1676/1676
f 1681/1681 1680/1680 1682/1682
f 1683/1683 1681/1681 1684/1684
f 1685/1685 1683/1683 1686/1686
f 1687/1687 1685/1685 1688/1688
f 1689/1689 1687/1687 1690/1690
f 1691/1691 1689/1689 1692/1692
f 1693/1693 1691/1691 1694/1694
f 1695/1695 1693/1693 1696/1696
f 1697/1697 1695/1695 1698/1698
f 1699/1699 1697/1697 1700/1700
f 1701/1701 1699/1699 1702/1702
f 1672/1672 1701/1701 1703/1703
f 1703/1703 1673/1673 1672/1672
f 1702/1702 1703/1703 1701/1701
f 1700/1700 1702/1702 1699/1699
f 1698/1698 1700/1700 1697/1697
f 1696/1696 1698/1698 1695/1695
f 1694/1694 1696/1696 1693/1693
f 1692/1692 1694/1694 1691/1691
f 1690/1690 1692/1692 1689/1689
f 1688/1688 1690/1690 1687/1687
f 1686/1686 1688/1688 1685/1685
f 1684/1684 1686/1686 1683/1683
f 1682/1682 1684/1684 1681/1681
f 1679/1679 1682/1682 1680/1680
f 1677/1677 1678/1678 1676/1676
f 1675/1675 1677/1677 1674/1674
f 1673/1673 1675/1675 1671/1671
f 1704/1704 1705/1705 1706/1706
f 1707/1707 1704/1704 1708/1708
f 1709/1709 1707/1707 1710/1710
f 1711/1711 1709/1709 1712/1712
f 1713/1713 1711/1711 1714/1714
f 1715/1715 1713/1713 1716/1716
f 1717/1717 1715/1715 1718/1718
f 1719/1719 1717/1717 1720/1720
f 1721/1721 1719/1719 1722/1722
f 1723/1723 1721/1721 1724/1724
f 1725/1725 1723/1723 1726/1726
f 1725/1725 1727/1727 1728/1728
f 1728/1728 1729/1729 1725/1725
f 1730/1730 1729/1729 1731/1731
f 1732/1732 1730/1730 1733/1733
f 1734/1734 1732/1732 1735/1735
f 1705/1705 1734/1734 1736/1736
f 1736/1736 1706/1706 1705/1705
f 1735/1735 1736/1736 1734/1734
f 1733/1733 1735/1735 1732/1732
f 1731/1731 1733/1733 1730/1730
f 1728/1728 1731/1731 1729/1729
f 1726/1726 1727/1727 1725/1725
f 1724/1724 1726/1726 1723/1723
f 1722/1722 1724/1724 1721/1721
f 1720/1720 1722/1722 1719/1719
f 1718/1718 1720/1720 1717/1717
f 1716/1716 1718/1718 1715/1715
f 1714/1714 1716/1716 1713/1713
f 1712/1712 1714/1714 1711/1711
f 1710/1710 1712/1712 1709/1709
f 1708/1708 1710/1710 1707/1707
f 1706/1706 1708/1708 1704/1704
f 1737/1737 1738/1738 1739/1739
f 1740/1740 1737/1737 1741/1741
f 1742/1742 1740/1740 1743/1743
f 1743/1743 1744/1744 1742/1742
f 1741/1741 1743/1743 1740/1740
f 1739/1739 1741/1741 1737/1737
f 1745/1745 1746/1746 1747/1747
f 1748/1748 1747/1747 1749/1749
f 1750/1750 1749/1749 1751/1751
f 1751/1751 1752/1752 1750/1750
f 1749/1749 1750/1750 1748/1748
f 1747/1747 1748/1748 1745/1745
f 1753/1753 1754/1754 1755/1755
f 1756/1756 1755/1755 1757/1757
f 1758/1758 1757/1757 1759/1759
f 1760/1760 1761/1761 1762/1762
f 1763/1763 1759/1759 1761/1761
f 1761/1761 1760/1760 1763/1763
f 1762/1762 1764/1764 1760/1760
f 1759/1759 1763/1763 1758/1758
f 1757/1757 1758/1758 1756/1756
f 1755/1755 1756/1756 1753/1753
f 1765/1765 1766/1766 1767/1767
f 1768/1768 1765/1765 1769/1769
f 1770/1770 1768/1768 1771/1771
f 1772/1772 1770/1770 1773/1773
f 1774/1774 1772/1772 1775/1775
f 1776/1776 1774/1774 1777/1777
f 1778/1778 1776/1776 1779/1779
f 1779/1779 1780/1780 1778/1778
f 1777/1777 1779/1779 1776/1776
f 1775/1775 1777/1777 1774/1774
f 1773/1773 1775/1775 1772/1772
f 1771/1771 1773/1773 1770/1770
f 1769/1769 1771/1771 1768/1768
f 1767/1767 1769/1769 1765/1765
f 1781/1781 1782/1782 1783/1783
f 1784/1784 1783/1783 1785/1785
f 1786/1786 1785/1785 1787/1787
f 1788/1788 1787/1787 1789/1789
f 1789/1789 1790/1790 1788/1788
f 1787/1787 1788/1788 1786/1786
f 1785/1785 1786/1786 1784/1784
f 1783/1783 1784/1784 1781/1781
f 1791/1791 1792/1792 1793/1793
f 1794/1794 1793/1793 1795/1795
f 1796/1796 1795/1795 1797/1797
f 1798/1798 1799/1799 1800/1800
f 1801/1801 1797/1797 1800/1800
f 1800/1800 1799/1799 1801/1801
f 1798/1798 1802/1802 1803/1803
f 1804/1804 1803/1803 1805/1805
f 1806/1806 1805/1805 1807/1807
f 1807/1807 1808/1808 1806/1806
f 1805/1805 1806/1806 1804/1804
f 1803/1803 1804/1804 1798/1798
f 1800/1800 1802/1802 1798/1798
f 1797/1797 1801/1801 1796/1796
f 1795/1795 1796/1796 1794/1794
f 1793/1793 1794/1794 1791/1791
f 1809/1809 1810/1810 1811/1811
f 1812/1812 1811/1811 1813/1813
f 1814/1814 1813/1813 1815/1815
f 1816/1816 1815/1815 1817/1817
f 1817/1817 1818/1818 1816/1816
f 1815/1815 1816/1816 1814/1814
f 1813/1813 1814/1814 1812/1812
f 1811/1811 1812/1812 1809/1809
f 1819/1819 1820/1820 1821/1821
f 1822/1822 1819/1819 1823/1823
f 1824/1824 1822/1822 1825/1825
f 1826/1826 1824/1824 1827/1827
f 1828/1828 1826/1826 1829/1829
f 1830/1830 1828/1828 1831/1831
f 1832/1832 1830/1830 1833/1833
f 1833/1833 1834/1834 1832/1832
f 1831/1831 1833/1833 1830/1830
f 1829/1829 1831/1831 1828/1828
f 1827/1827 1829/1829 1826/1826
f 1825/1825 1827/1827 1824/1824
f 1823/1823 1825/1825 1822/1822
f 1821/1821 1823/1823 1819/1819
f 1835/1835 1836/1836 1837/1837
f 1837/1837 1838/1838 1839/1839
f 1839/1839 1840/1840 1837/1837
f 1836/1836 1835/1835 1841/1841
f 1842/1842 1841/1841 1843/1843
f 1844/1844 1843/1843 1845/1845
f 1845/1845 1846/1846 1844/1844
f 1843/1843 1844/1844 1842/1842
f 1841/1841 1842/1842 1836/1836
f 1837/1837 1840/1840 1835/1835
f 1847/1847 1848/1848 1849/1849
f 1850/1850 1849/1849 1851/1851
f 1852/1852 1851/1851 1853/1853
f 1853/1853 1854/1854 1852/1852
f 1851/1851 1852/1852 1850/1850
f 1849/1849 1850/1850 1847/1847
f 1855/1855 1856/1856 1857/1857
f 1858/1858 1855/1855 1859/1859
f 1860/1860 1858/1858 1861/1861
f 1861/1861 1862/1862 1860/1860
f 1859/1859 1861/1861 1858/1858
f 1857/1857 1859/1859 1855/1855
f 1863/1863 1864/1864 1865/1865
f 1866/1866 1867/1867 1868/1868
f 1865/1865 1869/1869 1870/1870
f 1871/1871 1872/1872 1869/1869
f 1873/1873 1874/1874 1875/1875
f 1876/1876 1877/1877 1878/1878
f 1868/1868 1879/1879 1866/1866
f 1869/1869 1865/1865 1871/1871
f 1873/1873 1878/1878 1874/1874
f 1878/1878 1873/1873 1876/1876
f 1880/1880 1881/1881 1882/1882
f 1881/1881 1883/1883 1884/1884
f 1881/1881 1864/1864 1885/1885
f 1879/1879 1886/1886 1866/1866
f 1865/1865 1870/1870 1863/1863
f 1876/1876 1880/1880 1877/1877
f 1882/1882 1887/1887 1880/1880
f 1881/1881 1888/1888 1883/1883
f 1885/1885 1889/1889 1881/1881
f 1890/1890 1891/1891 1866/1866
f 1881/1881 1892/1892 1891/1891
f 1864/1864 1893/1893 1894/1894
f 1871/1871 1875/1875 1872/1872
f 1887/1887 1877/1877 1880/1880
f 1889/1889 1888/1888 1881/1881
f 1891/1891 1890/1890 1881/1881
f 1863/1863 1893/1893 1864/1864
f 1884/1884 1882/1882 1881/1881
f 1881/1881 1880/1880 1892/1892
f 1875/1875 1871/1871 1873/1873
f 1894/1894 1885/1885 1864/1864
f 1881/1881 1895/1895 1896/1896
f 1897/1897 1898/1898 1899/1899
f 1881/1881 1900/1900 1895/1895
f 1901/1901 1902/1902 1903/1903
f 1901/1901 1897/1897 1904/1904
f 1905/1905 1906/1906 1907/1907
f 1897/1897 1901/1901 1898/1898
f 1908/1908 1909/1909 1897/1897
f 1896/1896 1910/1910 1881/1881
f 1911/1911 1912/1912 1900/1900
f 1912/1912 1911/1911 1901/1901
f 1904/1904 1902/1902 1901/1901
f 1907/1907 1913/1913 1905/1905
f 1897/1897 1914/1914 1908/1908
f 1915/1915 1909/1909 1908/1908
f 1900/1900 1881/1881 1911/1911
f 1903/1903 1916/1916 1901/1901
f 1917/1917 1890/1890 1906/1906
f 1908/1908 1918/1918 1915/1915
f 1918/1918 1881/1881 1919/1919
f 1881/1881 1920/1920 1921/1921
f 1901/1901 1916/1916 1912/1912
f 1881/1881 1890/1890 1922/1922
f 1905/1905 1917/1917 1906/1906
f 1918/1918 1923/1923 1915/1915
f 1919/1919 1924/1924 1918/1918
f 1910/1910 1920/1920 1881/1881
f 1917/1917 1922/1922 1890/1890
f 1924/1924 1923/1923 1918/1918
f 1922/1922 1911/1911 1881/1881
f 1921/1921 1919/1919 1881/1881
f 1925/1925 1926/1926 1927/1927
f 1928/1928 1918/1918 1929/1929
f 1925/1925 1930/1930 1926/1926
f 1925/1925 1931/1931 1932/1932
f 1931/1931 1933/1933 1934/1934
f 1929/1929 1935/1935 1928/1928
f 1927/1927 1936/1936 1925/1925
f 1934/1934 1932/1932 1931/1931
f 1931/1931 1937/1937 1938/1938
f 1939/1939 1881/1881 1940/1940
f 1941/1941 1918/1918 1937/1937
f 1935/1935 1942/1942 1928/1928
f 1925/1925 1943/1943 1930/1930
f 1938/1938 1933/1933 1931/1931
f 1925/1925 1944/1944 1945/1945
f 1946/1946 1945/1945 1947/1947
f 1940/1940 1948/1948 1939/1939
f 1881/1881 1918/1918 1941/1941
f 1928/1928 1937/1937 1918/1918
f 1932/1932 1943/1943 1925/1925
f 1947/1947 1949/1949 1946/1946
f 1947/1947 1950/1950 1951/1951
f 1881/1881 1952/1952 1940/1940
f 1937/1937 1931/1931 1941/1941
f 1945/1945 1946/1946 1925/1925
f 1950/1950 1953/1953 1951/1951
f 1948/1948 1954/1954 1939/1939
f 1881/1881 1955/1955 1956/1956
f 1941/1941 1957/1957 1881/1881
f 1951/1951 1949/1949 1947/1947
f 1956/1956 1952/1952 1881/1881
f 1936/1936 1944/1944 1925/1925
f 1939/1939 1958/1958 1959/1959
f 1957/1957 1955/1955 1881/1881
f 1954/1954 1958/1958 1939/1939
f 1950/1950 1939/1939 1960/1960
f 1960/1960 1953/1953 1950/1950
f 1961/1961 1962/1962 1963/1963
f 1963/1963 1964/1964 1961/1961
f 1964/1964 1965/1965 1961/1961
f 1962/1962 1966/1966 1963/1963
f 1967/1967 1968/1968 1969/1969
f 1966/1966 1970/1970 1963/1963
f 1967/1967 1971/1971 1968/1968
f 1965/1965 1972/1972 1973/1973
f 1970/1970 1974/1974 1963/1963
f 1971/1971 1975/1975 1965/1965
f 1969/1969 1976/1976 1967/1967
f 1977/1977 1978/1978 1979/1979
f 1980/1980 1981/1981 1982/1982
f 1980/1980 1983/1983 1984/1984
f 1985/1985 1980/1980 1986/1986
f 1881/1881 1974/1974 1987/1987
f 1964/1964 1972/1972 1965/1965
f 1967/1967 1975/1975 1971/1971
f 1881/1881 1988/1988 1989/1989
f 1881/1881 1990/1990 1991/1991
f 1977/1977 1992/1992 1978/1978
f 1993/1993 1994/1994 1995/1995
f 1984/1984 1981/1981 1980/1980
f 1986/1986 1996/1996 1985/1985
f 1864/1864 1997/1997 1998/1998
f 1987/1987 1864/1864 1881/1881
f 1965/1965 1999/1999 1971/1971
f 1974/1974 2000/2000 2001/2001
f 1989/1989 1974/1974 1881/1881
f 1881/1881 2002/2002 2003/2003
f 1881/1881 2004/2004 1990/1990
f 1976/1976 1969/1969 2005/2005
f 2006/2006 1969/1969 1977/1977
f 2007/2007 2008/2008 1993/1993
f 1996/1996 1864/1864 1985/1985
f 1987/1987 1997/1997 1864/1864
f 2001/2001 1963/1963 1974/1974
f 2003/2003 1988/1988 1881/1881
f 1991/1991 2009/2009 1881/1881
f 1939/1939 2010/2010 2004/2004
f 1939/1939 1971/1971 1999/1999
f 1969/1969 2011/2011 2005/2005
f 1979/1979 2006/2006 1977/1977
f 2007/2007 2005/2005 2008/2008
f 1994/1994 1984/1984 1983/1983
f 1998/1998 1985/1985 1864/1864
f 1989/1989 2000/2000 1974/1974
f 2004/2004 1881/1881 1939/1939
f 1999/1999 2012/2012 1939/1939
f 2006/2006 2011/2011 1969/1969
f 1983/1983 1995/1995 1994/1994
f 1973/1973 1999/1999 1965/1965
f 2012/2012 2010/2010 1939/1939
f 1995/1995 2007/2007 1993/1993
f 2009/2009 2002/2002 1881/1881
f 1982/1982 1986/1986 1980/1980
f 2005/2005 2007/2007 1976/1976
f 1959/1959 1960/1960 1939/1939
f 1899/1899 1914/1914 1897/1897
f 1886/1886 1890/1890 1866/1866
f 2013/2013 2014/2014 2015/2015
f 2016/2016 2013/2013 2017/2017
f 2018/2018 2016/2016 2019/2019
f 2020/2020 2018/2018 2021/2021
f 2022/2022 2020/2020 2023/2023
f 2024/2024 2022/2022 2025/2025
f 2026/2026 2024/2024 2027/2027
f 2028/2028 2026/2026 2029/2029
f 2030/2030 2028/2028 2031/2031
f 2032/2032 2030/2030 2033/2033
f 2034/2034 2032/2032 2035/2035
f 2034/2034 2036/2036 2037/2037
f 2037/2037 2038/2038 2034/2034
f 2039/2039 2038/2038 2040/2040
f 2041/2041 2039/2039 2042/2042
f 2043/2043 2041/2041 2044/2044
f 2014/2014 2043/2043 2045/2045
f 2045/2045 2015/2015 2014/2014
f 2044/2044 2045/2045 2043/2043
f 2042/2042 2044/2044 2041/2041
f 2040/2040 2042/2042 2039/2039
f 2037/2037 2040/2040 2038/2038
f 2035/2035 2036/2036 2034/2034
f 2033/2033 2035/2035 2032/2032
f 2031/2031 2033/2033 2030/2030
f 2029/2029 2031/2031 2028/2028
f 2027/2027 2029/2029 2026/2026
f 2025/2025 2027/2027 2024/2024
f 2023/2023 2025/2025 2022/2022
f 2021/2021 2023/2023 2020/2020
f 2019/2019 2021/2021 2018/2018
f 2017/2017 2019/2019 2016/2016
f 2015/2015 2017/2017 2013/2013

