# https://github.com/mikedh/trimesh
mtllib material.mtl
usemtl 0.501961_0.501961_0.501961_0.000000_0.000000
v -0.09143929 0.21829692 0.10160000
v -0.09143929 0.21829692 0.05080000
v -0.09141993 0.21831033 0.05080000
v -0.09057447 0.21889596 0.10160000
v -0.08970802 0.21973541 0.05080000
v -0.08970802 0.21973541 0.10160000
v -0.09057447 0.21889596 0.05080000
v -0.09079854 0.21979579 0.10160000
v -0.08947448 0.22084309 0.10160000
v -0.08947448 0.22084309 0.05080000
v -0.09189123 0.21925761 0.05080000
v -0.09189123 0.21925761 0.10160000
v -0.09207661 0.21921676 0.05080000
v -0.09207661 0.21921676 0.10160000
v -0.09079854 0.21979579 0.05080000
v -0.08970802 0.21973541 0.05080000
v -0.08947682 0.21995720 0.05080000
v -0.08947682 0.21995720 0.10160000
v -0.08970802 0.21973541 0.10160000
v -0.08947448 0.22084309 0.10160000
v -0.08935421 0.22094926 0.10160000
v -0.08935421 0.22094926 0.05080000
v -0.08947448 0.22084309 0.05080000
v -0.09596245 0.23096706 0.10160000
v -0.09596245 0.23096706 0.05080000
v -0.09537608 0.23086032 0.05080000
v -0.09474447 0.23047464 0.05080000
v -0.09474447 0.23047464 0.10160000
v -0.09524626 0.23078105 0.10160000
v -0.09329168 0.22826639 0.05080000
v -0.09218281 0.22654003 0.05080000
v -0.09218281 0.22654003 0.10160000
v -0.09298468 0.22778842 0.10160000
v -0.09156521 0.22611445 0.05080000
v -0.09156521 0.22611445 0.10160000
v -0.09083465 0.22597283 0.05080000
v -0.08979265 0.22617140 0.10160000
v -0.09083465 0.22597283 0.10160000
v -0.08809751 0.22707351 0.05080000
v -0.08809751 0.22707351 0.10160000
v -0.08920717 0.22648297 0.10160000
v -0.08979265 0.22617140 0.05080000
v -0.09329168 0.22826639 0.10160000
v -0.09537608 0.23086032 0.10160000
v -0.08761518 0.22809763 0.05080000
v -0.08969483 0.22720712 0.05080000
v -0.08920717 0.22741595 0.10160000
v -0.08969483 0.22720712 0.10160000
v -0.09059067 0.22711971 0.05080000
v -0.09059067 0.22711971 0.10160000
v -0.09115937 0.22727995 0.05080000
v -0.09115937 0.22727995 0.10160000
v -0.09168527 0.22768755 0.05080000
v -0.09168527 0.22768755 0.10160000
v -0.09291834 0.22970039 0.05080000
v -0.09291834 0.22970039 0.10160000
v -0.09400146 0.23135607 0.05080000
v -0.09400146 0.23135607 0.10160000
v -0.09298468 0.22980177 0.10160000
v -0.09463359 0.23184478 0.10160000
v -0.09529489 0.23202495 0.05080000
v -0.09529489 0.23202495 0.10160000
v -0.09524626 0.23201171 0.10160000
v -0.09463359 0.23184478 0.05080000
v -0.09599828 0.23200293 0.05080000
v -0.09599828 0.23200293 0.10160000
v -0.08761518 0.22809763 0.10160000
v -0.08809751 0.22707351 0.05080000
v -0.08782145 0.22723611 0.05080000
v -0.08782145 0.22723611 0.10160000
v -0.08809751 0.22707351 0.10160000
v -0.08761518 0.22809763 0.10160000
v -0.08747371 0.22817327 0.10160000
v -0.08747371 0.22817327 0.05080000
v -0.08761518 0.22809763 0.05080000
v -0.09386040 0.23957460 0.10160000
v -0.09485665 0.23959637 0.10160000
v -0.09485665 0.23959637 0.05080000
v -0.09164088 0.23945536 0.05080000
v -0.09164088 0.23945536 0.10160000
v -0.09298468 0.23952755 0.10160000
v -0.09386040 0.23957460 0.05080000
v -0.09101734 0.23918197 0.05080000
v -0.09101734 0.23918197 0.10160000
v -0.09052579 0.23868385 0.05080000
v -0.09052579 0.23868385 0.10160000
v -0.08962051 0.23620042 0.05080000
v -0.08962051 0.23620042 0.10160000
v -0.08893895 0.23426513 0.05080000
v -0.08920717 0.23502675 0.10160000
v -0.08893895 0.23426513 0.10160000
v -0.08843595 0.23370878 0.05080000
v -0.08775763 0.23340274 0.05080000
v -0.08775763 0.23340274 0.10160000
v -0.08843595 0.23370878 0.10160000
v -0.08669790 0.23335604 0.05080000
v -0.08669790 0.23335604 0.10160000
v -0.08484058 0.23384358 0.05080000
v -0.08484058 0.23384358 0.10160000
v -0.08413541 0.23472913 0.10160000
v -0.08413541 0.23472913 0.05080000
v -0.08636422 0.23434141 0.05080000
v -0.08725612 0.23446263 0.10160000
v -0.08636422 0.23434141 0.10160000
v -0.08777264 0.23474950 0.05080000
v -0.08777264 0.23474950 0.10160000
v -0.08819055 0.23526724 0.05080000
v -0.08819055 0.23526724 0.10160000
v -0.08892701 0.23750992 0.05080000
v -0.08959978 0.23937051 0.05080000
v -0.08959978 0.23937051 0.10160000
v -0.08920717 0.23828474 0.10160000
v -0.09010240 0.23999165 0.10160000
v -0.09070444 0.24031925 0.05080000
v -0.09070444 0.24031925 0.10160000
v -0.09226373 0.24049175 0.05080000
v -0.09226373 0.24049175 0.10160000
v -0.09076047 0.24032545 0.10160000
v -0.09453006 0.24054280 0.05080000
v -0.09453006 0.24054280 0.10160000
v -0.09298468 0.24050799 0.10160000
v -0.09010240 0.23999165 0.05080000
v -0.08892701 0.23750992 0.10160000
v -0.08725612 0.23446263 0.05080000
v -0.08484058 0.23384358 0.05080000
v -0.08453451 0.23393823 0.05080000
v -0.08453451 0.23393823 0.10160000
v -0.08484058 0.23384358 0.10160000
v -0.08413541 0.23472913 0.10160000
v -0.08398031 0.23477015 0.10160000
v -0.08398031 0.23477015 0.05080000
v -0.08413541 0.23472913 0.05080000
v -0.08965521 0.24819425 0.10160000
v -0.08979015 0.24833988 0.10160000
v -0.08979015 0.24833988 0.05080000
v -0.08965521 0.24819425 0.05080000
v -0.08898889 0.24776025 0.05080000
v -0.08920717 0.24790242 0.10160000
v -0.08898889 0.24776025 0.10160000
v -0.08757009 0.24733572 0.05080000
v -0.08757009 0.24733572 0.10160000
v -0.08734862 0.24727058 0.05080000
v -0.08543768 0.24670862 0.10160000
v -0.08489385 0.24629900 0.05080000
v -0.08489385 0.24629900 0.10160000
v -0.08453020 0.24570107 0.05080000
v -0.08453020 0.24570107 0.10160000
v -0.08477792 0.24610840 0.10160000
v -0.08422109 0.24307594 0.05080000
v -0.08422109 0.24307594 0.10160000
v -0.08400346 0.24103570 0.05080000
v -0.08400346 0.24103570 0.10160000
v -0.08364208 0.24037848 0.05080000
v -0.08364208 0.24037848 0.10160000
v -0.08305246 0.23992448 0.05080000
v -0.08305246 0.23992448 0.10160000
v -0.08357321 0.24032545 0.10160000
v -0.08203197 0.23963502 0.05080000
v -0.08228540 0.23970690 0.10160000
v -0.08203197 0.23963502 0.10160000
v -0.08011229 0.23968178 0.05080000
v -0.08011229 0.23968178 0.10160000
v -0.08543768 0.24670862 0.05080000
v -0.08148035 0.24051706 0.05080000
v -0.08148035 0.24051706 0.10160000
v -0.07922216 0.24038117 0.10160000
v -0.08232038 0.24084041 0.05080000
v -0.08232038 0.24084041 0.10160000
v -0.08228540 0.24082695 0.10160000
v -0.08275696 0.24123850 0.05080000
v -0.08275696 0.24123850 0.10160000
v -0.08304442 0.24183856 0.05080000
v -0.08304442 0.24183856 0.10160000
v -0.08324469 0.24419056 0.05080000
v -0.08324469 0.24419056 0.10160000
v -0.08347096 0.24615607 0.05080000
v -0.08347096 0.24615607 0.10160000
v -0.08346547 0.24610840 0.10160000
v -0.08381705 0.24687624 0.05080000
v -0.08381705 0.24687624 0.10160000
v -0.08432747 0.24733368 0.05080000
v -0.08432747 0.24733368 0.10160000
v -0.08580515 0.24786058 0.10160000
v -0.08756158 0.24826917 0.10160000
v -0.08646309 0.24801363 0.05080000
v -0.08580515 0.24786058 0.05080000
v -0.08846167 0.24869417 0.10160000
v -0.08756158 0.24826917 0.05080000
v -0.08846167 0.24869417 0.05080000
v -0.08888129 0.24913505 0.05080000
v -0.08893753 0.24922806 0.05080000
v -0.08893753 0.24922806 0.10160000
v -0.08888129 0.24913505 0.10160000
v -0.07922216 0.24038117 0.05080000
v -0.08011229 0.23968178 0.05080000
v -0.07979265 0.23970342 0.05080000
v -0.07979265 0.23970342 0.10160000
v -0.08011229 0.23968178 0.10160000
v -0.07922216 0.24038117 0.10160000
v -0.07906179 0.24038537 0.10160000
v -0.07906179 0.24038537 0.05080000
v -0.07922216 0.24038117 0.05080000
v -0.08115566 0.25435844 0.10160000
v -0.08115566 0.25435844 0.05080000
v -0.07985485 0.25355861 0.05080000
v -0.07966173 0.25343987 0.10160000
v -0.07773101 0.25233859 0.05080000
v -0.07773101 0.25233859 0.10160000
v -0.07729612 0.25181478 0.05080000
v -0.07729612 0.25181478 0.10160000
v -0.07707991 0.25114918 0.05080000
v -0.07707991 0.25114918 0.10160000
v -0.07738358 0.24852340 0.05080000
v -0.07738358 0.24852340 0.10160000
v -0.07764159 0.24648789 0.05080000
v -0.07764159 0.24648789 0.10160000
v -0.07744125 0.24576512 0.05080000
v -0.07753640 0.24610840 0.10160000
v -0.07744125 0.24576512 0.10160000
v -0.07697202 0.24518754 0.05080000
v -0.07697202 0.24518754 0.10160000
v -0.07604560 0.24467088 0.05080000
v -0.07604560 0.24467088 0.10160000
v -0.07682167 0.24510370 0.10160000
v -0.07416674 0.24427436 0.05080000
v -0.07416674 0.24427436 0.10160000
v -0.07966173 0.25343987 0.05080000
v -0.07530570 0.24540222 0.10160000
v -0.07313948 0.24474998 0.10160000
v -0.07313948 0.24474998 0.05080000
v -0.07530570 0.24540222 0.05080000
v -0.07604870 0.24591029 0.05080000
v -0.07638188 0.24639821 0.05080000
v -0.07638188 0.24639821 0.10160000
v -0.07618398 0.24610840 0.10160000
v -0.07652345 0.24704833 0.05080000
v -0.07652345 0.24704833 0.10160000
v -0.07617676 0.24938326 0.05080000
v -0.07617676 0.24938326 0.10160000
v -0.07594437 0.25134805 0.10160000
v -0.07594437 0.25134805 0.05080000
v -0.07611533 0.25212857 0.05080000
v -0.07650671 0.25269124 0.05080000
v -0.07650671 0.25269124 0.10160000
v -0.07611533 0.25212857 0.10160000
v -0.07782335 0.25354421 0.05080000
v -0.07782335 0.25354421 0.10160000
v -0.07682167 0.25289527 0.10160000
v -0.07905316 0.25423130 0.05080000
v -0.08003629 0.25478059 0.10160000
v -0.08003629 0.25478059 0.05080000
v -0.07604870 0.24591029 0.10160000
v -0.07416674 0.24427436 0.05080000
v -0.07385070 0.24422181 0.05080000
v -0.07385070 0.24422181 0.10160000
v -0.07416674 0.24427436 0.10160000
v -0.07313948 0.24474998 0.10160000
v -0.07298245 0.24471714 0.10160000
v -0.07298245 0.24471714 0.05080000
v -0.07313948 0.24474998 0.05080000
v -0.06943301 0.25575787 0.10160000
v -0.06961752 0.25596702 0.10160000
v -0.06961752 0.25596702 0.05080000
v -0.06909306 0.25516799 0.05080000
v -0.06909306 0.25516799 0.10160000
v -0.06899263 0.25447541 0.10160000
v -0.06973635 0.25193891 0.05080000
v -0.06973635 0.25193891 0.10160000
v -0.07033518 0.24997644 0.10160000
v -0.07026007 0.24923019 0.05080000
v -0.07026007 0.24923019 0.10160000
v -0.06989536 0.24858153 0.10160000
v -0.06906975 0.24791552 0.05080000
v -0.06906975 0.24791552 0.10160000
v -0.06728512 0.24720670 0.05080000
v -0.06728512 0.24720670 0.10160000
v -0.06989536 0.24858153 0.05080000
v -0.07033518 0.24997644 0.05080000
v -0.06899263 0.25447541 0.05080000
v -0.06943301 0.25575787 0.05080000
v -0.06821675 0.24851106 0.10160000
v -0.06619219 0.24750158 0.10160000
v -0.06619219 0.24750158 0.05080000
v -0.06886303 0.24913757 0.05080000
v -0.06886303 0.24913757 0.10160000
v -0.06910883 0.24967484 0.05080000
v -0.06910883 0.24967484 0.10160000
v -0.06913831 0.25033957 0.05080000
v -0.06913831 0.25033957 0.10160000
v -0.06840142 0.25258210 0.05080000
v -0.06783982 0.25447920 0.05080000
v -0.06783982 0.25447920 0.10160000
v -0.06840142 0.25258210 0.10160000
v -0.06787141 0.25525731 0.05080000
v -0.06787141 0.25525731 0.10160000
v -0.06806871 0.25574625 0.10160000
v -0.06806871 0.25574625 0.05080000
v -0.06821675 0.24851106 0.05080000
v -0.06728512 0.24720670 0.05080000
v -0.06722923 0.24718726 0.05080000
v -0.06722923 0.24718726 0.10160000
v -0.06728512 0.24720670 0.10160000
v -0.06619219 0.24750158 0.10160000
v -0.06618726 0.24749964 0.10160000
v -0.06618726 0.24749964 0.05080000
v -0.06619219 0.24750158 0.05080000
v -0.06235053 0.25386766 0.10160000
v -0.06231166 0.25395605 0.10160000
v -0.06231166 0.25395605 0.05080000
v -0.06300639 0.25192350 0.05080000
v -0.06300639 0.25192350 0.10160000
v -0.06295311 0.25117537 0.05080000
v -0.06260749 0.25051636 0.05080000
v -0.06260749 0.25051636 0.10160000
v -0.06295311 0.25117537 0.10160000
v -0.06180168 0.24982651 0.05080000
v -0.06180168 0.24982651 0.10160000
v -0.06087608 0.24942721 0.05080000
v -0.06003851 0.24906589 0.10160000
v -0.06003851 0.24906589 0.05080000
v -0.06235053 0.25386766 0.05080000
v -0.05893743 0.24932873 0.10160000
v -0.05893743 0.24932873 0.05080000
v -0.06019236 0.25000092 0.05080000
v -0.06093166 0.25039691 0.10160000
v -0.06155937 0.25104201 0.10160000
v -0.06093166 0.25039691 0.05080000
v -0.06178937 0.25158623 0.10160000
v -0.06155937 0.25104201 0.05080000
v -0.06178937 0.25158623 0.05080000
v -0.06179944 0.25225151 0.05080000
v -0.06140593 0.25351897 0.10160000
v -0.06179944 0.25225151 0.10160000
v -0.06140593 0.25351897 0.05080000
v 0.09057447 0.21889596 0.10160000
v 0.08970802 0.21973541 0.10160000
v 0.08970802 0.21973541 0.05080000
v 0.09057447 0.21889596 0.05080000
v 0.09143929 0.21829692 0.05080000
v 0.09143929 0.21829692 0.10160000
v 0.09189123 0.21925761 0.10160000
v 0.09207661 0.21921676 0.10160000
v 0.09207661 0.21921676 0.05080000
v 0.09189123 0.21925761 0.05080000
v 0.09079854 0.21979579 0.05080000
v 0.09079854 0.21979579 0.10160000
v 0.08947448 0.22084309 0.05080000
v 0.08947448 0.22084309 0.10160000
v 0.08970802 0.21973541 0.10160000
v 0.08947682 0.21995720 0.10160000
v 0.08947682 0.21995720 0.05080000
v 0.08970802 0.21973541 0.05080000
v 0.08947448 0.22084309 0.05080000
v 0.08935421 0.22094926 0.05080000
v 0.08935421 0.22094926 0.10160000
v 0.08947448 0.22084309 0.10160000
v 0.08809751 0.22707351 0.10160000
v 0.08809751 0.22707351 0.05080000
v 0.08979265 0.22617140 0.05080000
v 0.08979265 0.22617140 0.10160000
v 0.09083465 0.22597283 0.05080000
v 0.09156521 0.22611445 0.10160000
v 0.09083465 0.22597283 0.10160000
v 0.09218281 0.22654003 0.10160000
v 0.09156521 0.22611445 0.05080000
v 0.09218281 0.22654003 0.05080000
v 0.09329168 0.22826639 0.05080000
v 0.09474447 0.23047464 0.10160000
v 0.09329168 0.22826639 0.10160000
v 0.09537608 0.23086032 0.05080000
v 0.09537608 0.23086032 0.10160000
v 0.09524626 0.23078105 0.10160000
v 0.09474447 0.23047464 0.05080000
v 0.09596245 0.23096706 0.10160000
v 0.09596245 0.23096706 0.05080000
v 0.09599828 0.23200293 0.10160000
v 0.09599828 0.23200293 0.05080000
v 0.09529489 0.23202495 0.05080000
v 0.09463359 0.23184478 0.05080000
v 0.09463359 0.23184478 0.10160000
v 0.09524626 0.23201171 0.10160000
v 0.09400146 0.23135607 0.05080000
v 0.09291834 0.22970039 0.05080000
v 0.09291834 0.22970039 0.10160000
v 0.09400146 0.23135607 0.10160000
v 0.09168527 0.22768755 0.10160000
v 0.09115937 0.22727995 0.05080000
v 0.09115937 0.22727995 0.10160000
v 0.09059067 0.22711971 0.05080000
v 0.09059067 0.22711971 0.10160000
v 0.08969483 0.22720712 0.05080000
v 0.08969483 0.22720712 0.10160000
v 0.08761518 0.22809763 0.05080000
v 0.08761518 0.22809763 0.10160000
v 0.09168527 0.22768755 0.05080000
v 0.09529489 0.23202495 0.10160000
v 0.08809751 0.22707351 0.10160000
v 0.08782145 0.22723611 0.10160000
v 0.08782145 0.22723611 0.05080000
v 0.08809751 0.22707351 0.05080000
v 0.08761518 0.22809763 0.05080000
v 0.08747371 0.22817327 0.05080000
v 0.08747371 0.22817327 0.10160000
v 0.08761518 0.22809763 0.10160000
v 0.08484058 0.23384358 0.05080000
v 0.08669790 0.23335604 0.05080000
v 0.08617798 0.23349252 0.10160000
v 0.08669790 0.23335604 0.10160000
v 0.08775763 0.23340274 0.05080000
v 0.08775763 0.23340274 0.10160000
v 0.08843595 0.23370878 0.05080000
v 0.08843595 0.23370878 0.10160000
v 0.08893895 0.23426513 0.10160000
v 0.08962051 0.23620042 0.05080000
v 0.08962051 0.23620042 0.10160000
v 0.09052579 0.23868385 0.05080000
v 0.09052579 0.23868385 0.10160000
v 0.09101734 0.23918197 0.05080000
v 0.09101734 0.23918197 0.10160000
v 0.09164088 0.23945536 0.05080000
v 0.09164088 0.23945536 0.10160000
v 0.09383636 0.23957330 0.05080000
v 0.09386040 0.23957460 0.10160000
v 0.09386040 0.23957460 0.05080000
v 0.09485665 0.23959637 0.05080000
v 0.09485665 0.23959637 0.10160000
v 0.08893895 0.23426513 0.05080000
v 0.08484058 0.23384358 0.10160000
v 0.09453006 0.24054280 0.10160000
v 0.09453006 0.24054280 0.05080000
v 0.09305082 0.24050948 0.05080000
v 0.09226373 0.24049175 0.10160000
v 0.09070444 0.24031925 0.05080000
v 0.09070444 0.24031925 0.10160000
v 0.09076047 0.24032545 0.10160000
v 0.09226373 0.24049175 0.05080000
v 0.09010240 0.23999165 0.10160000
v 0.08959978 0.23937051 0.05080000
v 0.08959978 0.23937051 0.10160000
v 0.08892701 0.23750992 0.05080000
v 0.08892701 0.23750992 0.10160000
v 0.08819055 0.23526724 0.10160000
v 0.08777264 0.23474950 0.05080000
v 0.08777264 0.23474950 0.10160000
v 0.08725612 0.23446263 0.05080000
v 0.08725612 0.23446263 0.10160000
v 0.08636422 0.23434141 0.05080000
v 0.08413541 0.23472913 0.05080000
v 0.08413541 0.23472913 0.10160000
v 0.08617798 0.23437381 0.10160000
v 0.08636422 0.23434141 0.10160000
v 0.08819055 0.23526724 0.05080000
v 0.09010240 0.23999165 0.05080000
v 0.08484058 0.23384358 0.10160000
v 0.08453451 0.23393823 0.10160000
v 0.08453451 0.23393823 0.05080000
v 0.08484058 0.23384358 0.05080000
v 0.08413541 0.23472913 0.05080000
v 0.08398031 0.23477015 0.05080000
v 0.08398031 0.23477015 0.10160000
v 0.08413541 0.23472913 0.10160000
v 0.08203197 0.23963502 0.05080000
v 0.08203197 0.23963502 0.10160000
v 0.08011229 0.23968178 0.10160000
v 0.08305246 0.23992448 0.05080000
v 0.08305246 0.23992448 0.10160000
v 0.08228540 0.23970690 0.10160000
v 0.08364208 0.24037848 0.05080000
v 0.08364208 0.24037848 0.10160000
v 0.08357321 0.24032545 0.10160000
v 0.08400346 0.24103570 0.05080000
v 0.08400346 0.24103570 0.10160000
v 0.08422109 0.24307594 0.05080000
v 0.08422109 0.24307594 0.10160000
v 0.08453020 0.24570107 0.05080000
v 0.08453020 0.24570107 0.10160000
v 0.08489385 0.24629900 0.05080000
v 0.08489385 0.24629900 0.10160000
v 0.08477792 0.24610840 0.10160000
v 0.08543768 0.24670862 0.05080000
v 0.08543768 0.24670862 0.10160000
v 0.08737184 0.24727742 0.05080000
v 0.08757009 0.24733572 0.10160000
v 0.08617798 0.24692632 0.10160000
v 0.08898889 0.24776025 0.05080000
v 0.08898889 0.24776025 0.10160000
v 0.08965521 0.24819425 0.05080000
v 0.08965521 0.24819425 0.10160000
v 0.08979015 0.24833988 0.05080000
v 0.08979015 0.24833988 0.10160000
v 0.08757009 0.24733572 0.05080000
v 0.08011229 0.23968178 0.05080000
v 0.08888129 0.24913505 0.10160000
v 0.08893753 0.24922806 0.10160000
v 0.08893753 0.24922806 0.05080000
v 0.08846167 0.24869417 0.05080000
v 0.08846167 0.24869417 0.10160000
v 0.08756158 0.24826917 0.05080000
v 0.08756158 0.24826917 0.10160000
v 0.08580515 0.24786058 0.05080000
v 0.08580515 0.24786058 0.10160000
v 0.08617798 0.24794731 0.10160000
v 0.08670656 0.24807027 0.05080000
v 0.08432747 0.24733368 0.05080000
v 0.08381705 0.24687624 0.05080000
v 0.08381705 0.24687624 0.10160000
v 0.08432747 0.24733368 0.10160000
v 0.08347096 0.24615607 0.05080000
v 0.08347096 0.24615607 0.10160000
v 0.08324469 0.24419056 0.05080000
v 0.08324469 0.24419056 0.10160000
v 0.08346547 0.24610840 0.10160000
v 0.08304442 0.24183856 0.05080000
v 0.08304442 0.24183856 0.10160000
v 0.08275696 0.24123850 0.05080000
v 0.08275696 0.24123850 0.10160000
v 0.08232038 0.24084041 0.05080000
v 0.08232038 0.24084041 0.10160000
v 0.08148035 0.24051706 0.05080000
v 0.08148035 0.24051706 0.10160000
v 0.08228540 0.24082695 0.10160000
v 0.07922216 0.24038117 0.05080000
v 0.07922216 0.24038117 0.10160000
v 0.08888129 0.24913505 0.05080000
v 0.08011229 0.23968178 0.10160000
v 0.07979265 0.23970342 0.10160000
v 0.07979265 0.23970342 0.05080000
v 0.08011229 0.23968178 0.05080000
v 0.07922216 0.24038117 0.05080000
v 0.07906179 0.24038537 0.05080000
v 0.07906179 0.24038537 0.10160000
v 0.07922216 0.24038117 0.10160000
v 0.07604560 0.24467088 0.05080000
v 0.07604560 0.24467088 0.10160000
v 0.07416674 0.24427436 0.10160000
v 0.07697202 0.24518754 0.05080000
v 0.07697202 0.24518754 0.10160000
v 0.07682167 0.24510370 0.10160000
v 0.07744125 0.24576512 0.05080000
v 0.07744125 0.24576512 0.10160000
v 0.07764159 0.24648789 0.05080000
v 0.07764159 0.24648789 0.10160000
v 0.07753640 0.24610840 0.10160000
v 0.07738358 0.24852340 0.05080000
v 0.07738358 0.24852340 0.10160000
v 0.07707991 0.25114918 0.05080000
v 0.07707991 0.25114918 0.10160000
v 0.07729612 0.25181478 0.05080000
v 0.07729612 0.25181478 0.10160000
v 0.07773101 0.25233859 0.05080000
v 0.07773101 0.25233859 0.10160000
v 0.07966173 0.25343987 0.05080000
v 0.07966173 0.25343987 0.10160000
v 0.08115566 0.25435844 0.10160000
v 0.08115566 0.25435844 0.05080000
v 0.07416674 0.24427436 0.05080000
v 0.07782335 0.25354421 0.10160000
v 0.08003629 0.25478059 0.10160000
v 0.08003629 0.25478059 0.05080000
v 0.07782335 0.25354421 0.05080000
v 0.07650671 0.25269124 0.05080000
v 0.07682167 0.25289527 0.10160000
v 0.07650671 0.25269124 0.10160000
v 0.07611533 0.25212857 0.05080000
v 0.07611533 0.25212857 0.10160000
v 0.07594437 0.25134805 0.10160000
v 0.07617676 0.24938326 0.05080000
v 0.07617676 0.24938326 0.10160000
v 0.07652345 0.24704833 0.05080000
v 0.07652345 0.24704833 0.10160000
v 0.07638188 0.24639821 0.10160000
v 0.07604870 0.24591029 0.05080000
v 0.07604870 0.24591029 0.10160000
v 0.07618398 0.24610840 0.10160000
v 0.07638188 0.24639821 0.05080000
v 0.07530570 0.24540222 0.10160000
v 0.07530570 0.24540222 0.05080000
v 0.07313948 0.24474998 0.05080000
v 0.07313948 0.24474998 0.10160000
v 0.07594437 0.25134805 0.05080000
v 0.07416674 0.24427436 0.10160000
v 0.07385070 0.24422181 0.10160000
v 0.07385070 0.24422181 0.05080000
v 0.07416674 0.24427436 0.05080000
v 0.07313948 0.24474998 0.05080000
v 0.07298245 0.24471714 0.05080000
v 0.07298245 0.24471714 0.10160000
v 0.07313948 0.24474998 0.10160000
v 0.06728512 0.24720670 0.10160000
v 0.06728512 0.24720670 0.05080000
v 0.06882174 0.24781701 0.05080000
v 0.06906975 0.24791552 0.10160000
v 0.06989536 0.24858153 0.10160000
v 0.06906975 0.24791552 0.05080000
v 0.07026007 0.24923019 0.05080000
v 0.07026007 0.24923019 0.10160000
v 0.07033518 0.24997644 0.10160000
v 0.06973635 0.25193891 0.05080000
v 0.06973635 0.25193891 0.10160000
v 0.06899263 0.25447541 0.10160000
v 0.06899263 0.25447541 0.05080000
v 0.06909306 0.25516799 0.05080000
v 0.06943301 0.25575787 0.05080000
v 0.06943301 0.25575787 0.10160000
v 0.06909306 0.25516799 0.10160000
v 0.06961752 0.25596702 0.05080000
v 0.06961752 0.25596702 0.10160000
v 0.07033518 0.24997644 0.05080000
v 0.06989536 0.24858153 0.05080000
v 0.06806871 0.25574625 0.10160000
v 0.06806871 0.25574625 0.05080000
v 0.06787141 0.25525731 0.05080000
v 0.06783982 0.25447920 0.05080000
v 0.06783982 0.25447920 0.10160000
v 0.06787141 0.25525731 0.10160000
v 0.06840142 0.25258210 0.05080000
v 0.06840142 0.25258210 0.10160000
v 0.06913831 0.25033957 0.10160000
v 0.06910883 0.24967484 0.05080000
v 0.06910883 0.24967484 0.10160000
v 0.06886303 0.24913757 0.05080000
v 0.06886303 0.24913757 0.10160000
v 0.06822921 0.24852315 0.05080000
v 0.06821675 0.24851106 0.10160000
v 0.06619219 0.24750158 0.10160000
v 0.06677569 0.24779253 0.05080000
v 0.06672616 0.24776784 0.05080000
v 0.06821675 0.24851106 0.05080000
v 0.06619219 0.24750158 0.05080000
v 0.06913831 0.25033957 0.05080000
v 0.06722923 0.24718726 0.10160000
v 0.06722923 0.24718726 0.05080000
v 0.06727130 0.24720189 0.05080000
v 0.06728512 0.24720670 0.10160000
v 0.06728512 0.24720670 0.05080000
v 0.06619219 0.24750158 0.05080000
v 0.06618726 0.24749964 0.05080000
v 0.06618726 0.24749964 0.10160000
v 0.06619219 0.24750158 0.10160000
v 0.06180168 0.24982651 0.10160000
v 0.06003851 0.24906589 0.10160000
v 0.06076861 0.24938084 0.05080000
v 0.06003851 0.24906589 0.05080000
v 0.06260749 0.25051636 0.05080000
v 0.06260749 0.25051636 0.10160000
v 0.06295311 0.25117537 0.05080000
v 0.06295311 0.25117537 0.10160000
v 0.06300639 0.25192350 0.10160000
v 0.06284991 0.25238737 0.05080000
v 0.06280267 0.25252739 0.05080000
v 0.06235053 0.25386766 0.10160000
v 0.06300639 0.25192350 0.05080000
v 0.06235053 0.25386766 0.05080000
v 0.06231166 0.25395605 0.05080000
v 0.06231166 0.25395605 0.10160000
v 0.06180168 0.24982651 0.05080000
v 0.06140593 0.25351897 0.10160000
v 0.06140593 0.25351897 0.05080000
v 0.06179944 0.25225151 0.05080000
v 0.06178937 0.25158623 0.10160000
v 0.06179944 0.25225151 0.10160000
v 0.06178937 0.25158623 0.05080000
v 0.06155937 0.25104201 0.05080000
v 0.06155937 0.25104201 0.10160000
v 0.06093166 0.25039691 0.05080000
v 0.05893743 0.24932873 0.10160000
v 0.06093166 0.25039691 0.10160000
v 0.06023096 0.25002158 0.05080000
v 0.05893743 0.24932873 0.05080000
v 0.06477528 0.24786656 0.10160000
v 0.06572273 0.24762666 0.05080000
v 0.06130115 0.24874619 0.05080000
v 0.06003851 0.24906589 0.10160000
v 0.06003851 0.24906589 0.05080000
v 0.06572273 0.24762666 0.10160000
v -0.08947682 0.21995720 0.05080000
v -0.08965677 0.21620908 0.05080000
v -0.08958637 0.21767540 0.10160000
v -0.08966037 0.21613404 0.10160000
v -0.08966037 0.21613404 0.05080000
v -0.08947682 0.21995720 0.10160000
v 0.08966037 0.21613404 0.10160000
v 0.08966037 0.21613404 0.05080000
v 0.08963602 0.21664123 0.05080000
v 0.08947682 0.21995720 0.05080000
v 0.08947682 0.21995720 0.10160000
v 0.08958637 0.21767540 0.10160000
v 0.09143929 0.21829692 0.10160000
v 0.09143929 0.21829692 0.05080000
v 0.09106088 0.21783684 0.05080000
v 0.08966037 0.21613404 0.05080000
v 0.08966037 0.21613404 0.10160000
v 0.09092811 0.21767540 0.10160000
v -0.06477528 0.24786656 0.10160000
v -0.06003851 0.24906589 0.10160000
v -0.06185472 0.24860603 0.05080000
v -0.06003851 0.24906589 0.05080000
v -0.06572273 0.24762666 0.05080000
v -0.06572273 0.24762666 0.10160000
v -0.08966037 0.21613404 0.05080000
v -0.09143929 0.21829692 0.05080000
v -0.09092811 0.21767540 0.10160000
v -0.09143929 0.21829692 0.10160000
v -0.08966037 0.21613404 0.10160000
v 0.05893743 0.24932873 0.05080000
v 0.05812936 0.24951513 0.05080000
v 0.05813398 0.24951407 0.10160000
v 0.05622945 0.24995337 0.10160000
v 0.05622945 0.24995337 0.05080000
v 0.05893743 0.24932873 0.10160000
v 0.05622945 0.24995337 0.10160000
v 0.05622945 0.24995337 0.05080000
v 0.05720043 0.25062218 0.05080000
v 0.05813398 0.25126523 0.10160000
v 0.06140593 0.25351897 0.10160000
v 0.05880157 0.25172508 0.05080000
v 0.06140593 0.25351897 0.05080000
v 0.06572273 0.24762666 0.05080000
v 0.06572273 0.24762666 0.10160000
v 0.06618726 0.24749964 0.10160000
v 0.06618726 0.24749964 0.05080000
v 0.06231166 0.25395605 0.10160000
v 0.06231166 0.25395605 0.05080000
v 0.06338929 0.25429115 0.05080000
v 0.06806871 0.25574625 0.05080000
v 0.06806871 0.25574625 0.10160000
v 0.06477528 0.25472212 0.10160000
v 0.07298245 0.24471714 0.10160000
v 0.07298245 0.24471714 0.05080000
v 0.07054454 0.24576385 0.05080000
v 0.06722923 0.24718726 0.10160000
v 0.06807512 0.24682409 0.05080000
v 0.06731418 0.24715078 0.05080000
v 0.06974205 0.24610840 0.10160000
v 0.06722923 0.24718726 0.05080000
v 0.07489306 0.25595474 0.05080000
v 0.07808752 0.25522548 0.05080000
v 0.07682167 0.25551447 0.10160000
v 0.08003629 0.25478059 0.10160000
v 0.08003629 0.25478059 0.05080000
v 0.06961752 0.25596702 0.05080000
v 0.07489306 0.25595474 0.10160000
v 0.06961752 0.25596702 0.10160000
v 0.07906179 0.24038537 0.05080000
v 0.07572041 0.24284531 0.05080000
v 0.07682167 0.24203455 0.10160000
v 0.07385070 0.24422181 0.10160000
v 0.07385070 0.24422181 0.05080000
v 0.07906179 0.24038537 0.10160000
v 0.08115566 0.25435844 0.10160000
v 0.08115566 0.25435844 0.05080000
v 0.08177003 0.25395340 0.05080000
v 0.08579563 0.25129944 0.05080000
v 0.08617798 0.25104737 0.10160000
v 0.08228540 0.25361362 0.10160000
v 0.08893753 0.24922806 0.05080000
v 0.08893753 0.24922806 0.10160000
v 0.08398031 0.23477015 0.10160000
v 0.08398031 0.23477015 0.05080000
v 0.08243494 0.23659068 0.05080000
v 0.07979265 0.23970342 0.05080000
v 0.07979265 0.23970342 0.10160000
v 0.08228540 0.23676683 0.10160000
v 0.08979015 0.24833988 0.05080000
v 0.09203542 0.24464644 0.05080000
v 0.09114669 0.24610840 0.10160000
v 0.09453006 0.24054280 0.10160000
v 0.09453006 0.24054280 0.05080000
v 0.08979015 0.24833988 0.10160000
v 0.08747371 0.22817327 0.10160000
v 0.08747371 0.22817327 0.05080000
v 0.08694761 0.22920515 0.05080000
v 0.08453451 0.23393823 0.05080000
v 0.08537469 0.23229030 0.10160000
v 0.08617798 0.23071471 0.10160000
v 0.08453451 0.23393823 0.10160000
v 0.09485665 0.23959637 0.10160000
v 0.09485665 0.23959637 0.05080000
v 0.09508359 0.23808692 0.05080000
v 0.09524626 0.23700498 0.10160000
v 0.09595507 0.23229030 0.10160000
v 0.09535792 0.23626223 0.05080000
v 0.09599828 0.23200293 0.05080000
v 0.09599828 0.23200293 0.10160000
v 0.08935421 0.22094926 0.10160000
v 0.08935421 0.22094926 0.05080000
v 0.08919530 0.22160107 0.05080000
v 0.08782145 0.22723611 0.10160000
v 0.08887209 0.22292675 0.10160000
v 0.08853009 0.22432950 0.05080000
v 0.08782145 0.22723611 0.05080000
v 0.09234867 0.21977869 0.05080000
v 0.09207661 0.21921676 0.10160000
v 0.09387282 0.22292675 0.10160000
v 0.09479667 0.22483490 0.05080000
v 0.09207661 0.21921676 0.05080000
v 0.09479667 0.22483490 0.10160000
v 0.09524626 0.22719976 0.10160000
v 0.09512833 0.22657947 0.05080000
v 0.09596245 0.23096706 0.05080000
v 0.09596245 0.23096706 0.10160000
v -0.05893743 0.24932873 0.05080000
v -0.05893743 0.24932873 0.10160000
v -0.05622945 0.24995337 0.10160000
v -0.05622945 0.24995337 0.05080000
v -0.06140593 0.25351897 0.10160000
v -0.06140593 0.25351897 0.05080000
v -0.05843692 0.25147390 0.05080000
v -0.05622945 0.24995337 0.10160000
v -0.05622945 0.24995337 0.05080000
v -0.06618726 0.24749964 0.05080000
v -0.06618726 0.24749964 0.10160000
v -0.06572273 0.24762666 0.10160000
v -0.06572273 0.24762666 0.05080000
v -0.06806871 0.25574625 0.05080000
v -0.06231166 0.25395605 0.05080000
v -0.06477528 0.25472212 0.10160000
v -0.06231166 0.25395605 0.10160000
v -0.06806871 0.25574625 0.10160000
v -0.06722923 0.24718726 0.10160000
v -0.06722923 0.24718726 0.05080000
v -0.06916029 0.24635817 0.05080000
v -0.07298245 0.24471714 0.05080000
v -0.07230300 0.24500886 0.10160000
v -0.06974205 0.24610840 0.10160000
v -0.07298245 0.24471714 0.10160000
v -0.06961752 0.25596702 0.05080000
v -0.06961752 0.25596702 0.10160000
v -0.07230300 0.25596079 0.10160000
v -0.07489306 0.25595474 0.05080000
v -0.08003629 0.25478059 0.10160000
v -0.08003629 0.25478059 0.05080000
v -0.07778643 0.25529420 0.05080000
v -0.07682167 0.25551447 0.10160000
v -0.07489306 0.25595474 0.10160000
v -0.07683986 0.25551030 0.05080000
v -0.07385070 0.24422181 0.10160000
v -0.07385070 0.24422181 0.05080000
v -0.07660007 0.24219771 0.05080000
v -0.07906179 0.24038537 0.05080000
v -0.07906179 0.24038537 0.10160000
v -0.07682167 0.24203455 0.10160000
v -0.08893753 0.24922806 0.10160000
v -0.08893753 0.24922806 0.05080000
v -0.08479234 0.25196087 0.05080000
v -0.08228540 0.25361362 0.10160000
v -0.08115566 0.25435844 0.05080000
v -0.08115566 0.25435844 0.10160000
v -0.07979265 0.23970342 0.05080000
v -0.08310141 0.23580554 0.05080000
v -0.08228540 0.23676683 0.10160000
v -0.08398031 0.23477015 0.10160000
v -0.08398031 0.23477015 0.05080000
v -0.07979265 0.23970342 0.10160000
v -0.09453006 0.24054280 0.10160000
v -0.09453006 0.24054280 0.05080000
v -0.09365916 0.24197543 0.05080000
v -0.09139869 0.24569386 0.05080000
v -0.09114669 0.24610840 0.10160000
v -0.09298468 0.24308494 0.10160000
v -0.08979015 0.24833988 0.05080000
v -0.08979015 0.24833988 0.10160000
v -0.08711018 0.22888629 0.05080000
v -0.08747371 0.22817327 0.10160000
v -0.08537469 0.23229030 0.10160000
v -0.08453451 0.23393823 0.05080000
v -0.08747371 0.22817327 0.05080000
v -0.08453451 0.23393823 0.10160000
v -0.09599828 0.23200293 0.05080000
v -0.09504512 0.23834279 0.05080000
v -0.09524626 0.23700498 0.10160000
v -0.09595507 0.23229030 0.10160000
v -0.09485665 0.23959637 0.10160000
v -0.09485665 0.23959637 0.05080000
v -0.09599828 0.23200293 0.10160000
v -0.08794980 0.22670965 0.05080000
v -0.08917182 0.22169736 0.05080000
v -0.08887209 0.22292675 0.10160000
v -0.08782145 0.22723611 0.10160000
v -0.08782145 0.22723611 0.05080000
v -0.08920717 0.22155236 0.10160000
v -0.08930055 0.22116935 0.05080000
v -0.08935421 0.22094926 0.10160000
v -0.08935421 0.22094926 0.05080000
v -0.09479667 0.22483490 0.05080000
v -0.09550566 0.22856432 0.05080000
v -0.09524626 0.22719976 0.10160000
v -0.09596245 0.23096706 0.10160000
v -0.09596245 0.23096706 0.05080000
v -0.09207661 0.21921676 0.10160000
v -0.09207661 0.21921676 0.05080000
v -0.09209148 0.21924748 0.05080000
v -0.09298468 0.22109231 0.10160000
v -0.09346412 0.22208259 0.05080000
v -0.09387282 0.22292675 0.10160000
v -0.09479667 0.22483490 0.10160000
v -0.06121250 0.18673947 0.10160000
v -0.06148750 0.18455674 0.10160000
v -0.05086974 0.18199803 0.10160000
v -0.06477528 0.18763381 0.10160000
v -0.06477528 0.18514806 0.10160000
v -0.04753602 0.18298942 0.10160000
v -0.06546386 0.18305115 0.10160000
v -0.06482142 0.18515636 0.10160000
v -0.06699932 0.18574888 0.10160000
v -0.06762163 0.18370962 0.10160000
v -0.07230300 0.18806963 0.10160000
v -0.06821443 0.18849711 0.10160000
v -0.07230300 0.19103819 0.10160000
v -0.07549408 0.18982644 0.10160000
v -0.07358098 0.18862884 0.10160000
v -0.07480277 0.18680255 0.10160000
v -0.07667785 0.18805699 0.10160000
v -0.07682167 0.19384657 0.10160000
v -0.07682167 0.19095872 0.10160000
v -0.07781523 0.19446407 0.10160000
v -0.08096065 0.19448881 0.10160000
v -0.08228540 0.20052285 0.10160000
v -0.08228540 0.19340044 0.10160000
v 0.05813398 0.18589535 0.10160000
v 0.04753602 0.18298942 0.10160000
v 0.04936744 0.18137425 0.10160000
v 0.06477528 0.18763381 0.10160000
v 0.06121250 0.18673947 0.10160000
v 0.06278603 0.18474729 0.10160000
v 0.06148750 0.18455674 0.10160000
v 0.05813398 0.18367617 0.10160000
v 0.06507027 0.18521582 0.10160000
v 0.07279338 0.18818803 0.10160000
v 0.06821443 0.18849711 0.10160000
v 0.07682167 0.19384657 0.10160000
v 0.06477528 0.18515532 0.10160000
v 0.07480238 0.18937175 0.10160000
v 0.07682167 0.19106403 0.10160000
v 0.08114489 0.19468711 0.10160000
v 0.07781523 0.19446407 0.10160000
v 0.08228540 0.19601884 0.10160000
v 0.08228540 0.20052285 0.10160000
v 0.08617798 0.20228276 0.10160000
v 0.08452640 0.20356025 0.10160000
v 0.08266167 0.19645818 0.10160000
v 0.08617798 0.20985520 0.10160000
v 0.09524626 0.24032545 0.10160000
v 0.09566275 0.24032545 0.10160000
v 0.09544869 0.24150047 0.10160000
v -0.09485628 0.24763304 0.10160000
v -0.09306091 0.24610840 0.10160000
v -0.09298468 0.24900337 0.10160000
v -0.09339596 0.24935265 0.10160000
v -0.09891415 0.23818401 0.10160000
v -0.09765723 0.23775932 0.10160000
v -0.09765723 0.24014062 0.10160000
v -0.09931424 0.23015726 0.10160000
v -0.09919611 0.22790435 0.10160000
v -0.09765723 0.22798504 0.10160000
v -0.09660397 0.22029714 0.10160000
v -0.09566230 0.21824709 0.10160000
v -0.09524626 0.21843819 0.10160000
v -0.08725649 0.20429115 0.10160000
v -0.08632778 0.20223407 0.10160000
v -0.08920717 0.20343424 0.10160000
v -0.08920717 0.21767540 0.10160000
v -0.08920717 0.21171458 0.10160000
v -0.08739509 0.21449417 0.10160000
v -0.08452640 0.20356025 0.10160000
v -0.08244511 0.19618894 0.10160000
v -0.08920717 0.20347944 0.10160000
v -0.08835650 0.20138991 0.10160000
v -0.08408957 0.19483793 0.10160000
v -0.08265746 0.19309478 0.10160000
v -0.08700348 0.21767540 0.10160000
v -0.09351037 0.21923555 0.10160000
v -0.09460480 0.22121546 0.10160000
v -0.09524626 0.22092082 0.10160000
v -0.09298468 0.22109231 0.10160000
v -0.09387282 0.22292675 0.10160000
v -0.09516405 0.22292675 0.10160000
v -0.09479667 0.22483490 0.10160000
v -0.09524626 0.22317827 0.10160000
v -0.08635706 0.22292675 0.10160000
v -0.08920717 0.22155236 0.10160000
v -0.08887209 0.22292675 0.10160000
v -0.09079854 0.21979579 0.10160000
v -0.08970802 0.21973541 0.10160000
v -0.08947682 0.21995720 0.10160000
v -0.09057447 0.21889596 0.10160000
v -0.09189123 0.21925761 0.10160000
v -0.09143929 0.21829692 0.10160000
v -0.08935421 0.22094926 0.10160000
v -0.08947448 0.22084309 0.10160000
v -0.09207661 0.21921676 0.10160000
v -0.09298468 0.21857998 0.10160000
v -0.09225932 0.21767540 0.10160000
v -0.09092811 0.21767540 0.10160000
v -0.08966037 0.21613404 0.10160000
v -0.08959015 0.21434677 0.10160000
v -0.08952077 0.21348636 0.10160000
v -0.08952260 0.21348377 0.10160000
v -0.08941527 0.21248713 0.10160000
v -0.08941165 0.21249273 0.10160000
v -0.08958637 0.21767540 0.10160000
v -0.08979265 0.22617140 0.10160000
v -0.08920717 0.22648297 0.10160000
v -0.08969483 0.22720712 0.10160000
v -0.09168527 0.22768755 0.10160000
v -0.09291834 0.22970039 0.10160000
v -0.09298468 0.22778842 0.10160000
v -0.09059067 0.22711971 0.10160000
v -0.09083465 0.22597283 0.10160000
v -0.09218281 0.22654003 0.10160000
v -0.09156521 0.22611445 0.10160000
v -0.09115937 0.22727995 0.10160000
v -0.08920717 0.22741595 0.10160000
v -0.09474447 0.23047464 0.10160000
v -0.09329168 0.22826639 0.10160000
v -0.09298468 0.22980177 0.10160000
v -0.09463359 0.23184478 0.10160000
v -0.09524626 0.23078105 0.10160000
v -0.09400146 0.23135607 0.10160000
v -0.09524626 0.23201171 0.10160000
v -0.09529489 0.23202495 0.10160000
v -0.09599828 0.23200293 0.10160000
v -0.09596245 0.23096706 0.10160000
v -0.09537608 0.23086032 0.10160000
v -0.09524626 0.22719976 0.10160000
v -0.09711726 0.23027246 0.10160000
v -0.09683127 0.22802834 0.10160000
v -0.09699128 0.23229030 0.10160000
v -0.09765723 0.23024414 0.10160000
v -0.09667066 0.23742600 0.10160000
v -0.09595507 0.23229030 0.10160000
v -0.09524626 0.23700498 0.10160000
v -0.09610778 0.23961711 0.10160000
v -0.09524626 0.24032545 0.10160000
v -0.09577382 0.24032545 0.10160000
v -0.09485665 0.23959637 0.10160000
v -0.09386040 0.23957460 0.10160000
v -0.09298468 0.24032545 0.10160000
v -0.08809751 0.22707351 0.10160000
v -0.08782145 0.22723611 0.10160000
v -0.08601402 0.22571346 0.10160000
v -0.08747371 0.22817327 0.10160000
v -0.08761518 0.22809763 0.10160000
v -0.08240786 0.23229030 0.10160000
v -0.08537469 0.23229030 0.10160000
v -0.09101734 0.23918197 0.10160000
v -0.09070444 0.24031925 0.10160000
v -0.09076047 0.24032545 0.10160000
v -0.09010240 0.23999165 0.10160000
v -0.09298468 0.23952755 0.10160000
v -0.09164088 0.23945536 0.10160000
v -0.09052579 0.23868385 0.10160000
v -0.08962051 0.23620042 0.10160000
v -0.08920717 0.23828474 0.10160000
v -0.08959978 0.23937051 0.10160000
v -0.09226373 0.24049175 0.10160000
v -0.09305123 0.24610017 0.10160000
v -0.09524626 0.24144444 0.10160000
v -0.09298468 0.24308494 0.10160000
v -0.09453006 0.24054280 0.10160000
v -0.09298468 0.24610840 0.10160000
v -0.09298468 0.24050799 0.10160000
v -0.09114669 0.24610840 0.10160000
v -0.09171905 0.24792857 0.10160000
v -0.08979015 0.24833988 0.10160000
v -0.08920717 0.25027815 0.10160000
v -0.08965521 0.24819425 0.10160000
v -0.08228540 0.24032545 0.10160000
v -0.08357321 0.24032545 0.10160000
v -0.08305246 0.23992448 0.10160000
v -0.08057926 0.23562525 0.10160000
v -0.07682167 0.23872769 0.10160000
v -0.07979265 0.23970342 0.10160000
v -0.07682167 0.24032545 0.10160000
v -0.08011229 0.23968178 0.10160000
v -0.08228540 0.23970690 0.10160000
v -0.08203197 0.23963502 0.10160000
v -0.08228540 0.23676683 0.10160000
v -0.08228540 0.23251364 0.10160000
v -0.08636422 0.23434141 0.10160000
v -0.08669790 0.23335604 0.10160000
v -0.08484058 0.23384358 0.10160000
v -0.08413541 0.23472913 0.10160000
v -0.08893895 0.23426513 0.10160000
v -0.08777264 0.23474950 0.10160000
v -0.08819055 0.23526724 0.10160000
v -0.08725612 0.23446263 0.10160000
v -0.08453451 0.23393823 0.10160000
v -0.08398031 0.23477015 0.10160000
v -0.08920717 0.23502675 0.10160000
v -0.08892701 0.23750992 0.10160000
v -0.08843595 0.23370878 0.10160000
v -0.08775763 0.23340274 0.10160000
v -0.08304442 0.24183856 0.10160000
v -0.08324469 0.24419056 0.10160000
v -0.08422109 0.24307594 0.10160000
v -0.08453020 0.24570107 0.10160000
v -0.08232038 0.24084041 0.10160000
v -0.08346547 0.24610840 0.10160000
v -0.08400346 0.24103570 0.10160000
v -0.08364208 0.24037848 0.10160000
v -0.08275696 0.24123850 0.10160000
v -0.08228540 0.24082695 0.10160000
v -0.08477792 0.24610840 0.10160000
v -0.08757009 0.24733572 0.10160000
v -0.08543768 0.24670862 0.10160000
v -0.08580515 0.24786058 0.10160000
v -0.08846167 0.24869417 0.10160000
v -0.08888129 0.24913505 0.10160000
v -0.08920717 0.24790242 0.10160000
v -0.08898889 0.24776025 0.10160000
v -0.08756158 0.24826917 0.10160000
v -0.08432747 0.24733368 0.10160000
v -0.08489385 0.24629900 0.10160000
v -0.08893753 0.24922806 0.10160000
v -0.08457141 0.25403208 0.10160000
v -0.08648460 0.25282481 0.10160000
v -0.08759604 0.25491586 0.10160000
v -0.08381705 0.24687624 0.10160000
v -0.08560396 0.25597471 0.10160000
v -0.08228540 0.25361362 0.10160000
v -0.08228540 0.25492880 0.10160000
v -0.08347096 0.24615607 0.10160000
v -0.07682167 0.24610840 0.10160000
v -0.07753640 0.24610840 0.10160000
v -0.07744125 0.24576512 0.10160000
v -0.07697202 0.24518754 0.10160000
v -0.07906179 0.24038537 0.10160000
v -0.07922216 0.24038117 0.10160000
v -0.08148035 0.24051706 0.10160000
v -0.07682167 0.24203455 0.10160000
v -0.07594437 0.25134805 0.10160000
v -0.07611533 0.25212857 0.10160000
v -0.07650671 0.25269124 0.10160000
v -0.07682167 0.25289527 0.10160000
v -0.07617676 0.24938326 0.10160000
v -0.07652345 0.24704833 0.10160000
v -0.07638188 0.24639821 0.10160000
v -0.07618398 0.24610840 0.10160000
v -0.07782335 0.25354421 0.10160000
v -0.08003629 0.25478059 0.10160000
v -0.07966173 0.25343987 0.10160000
v -0.07773101 0.25233859 0.10160000
v -0.08115566 0.25435844 0.10160000
v -0.07738358 0.24852340 0.10160000
v -0.07764159 0.24648789 0.10160000
v -0.07707991 0.25114918 0.10160000
v -0.07729612 0.25181478 0.10160000
v -0.07789891 0.25664940 0.10160000
v -0.07682167 0.25915134 0.10160000
v -0.07815967 0.25900310 0.10160000
v -0.07682167 0.25551447 0.10160000
v -0.07230300 0.25705007 0.10160000
v -0.07567514 0.25706491 0.10160000
v -0.07489306 0.25595474 0.10160000
v -0.07230300 0.25596079 0.10160000
v -0.06974205 0.24610840 0.10160000
v -0.07186244 0.24282227 0.10160000
v -0.06515837 0.24550028 0.10160000
v -0.06477528 0.24610840 0.10160000
v -0.07230300 0.24500886 0.10160000
v -0.07230300 0.24245852 0.10160000
v -0.07530570 0.24540222 0.10160000
v -0.07604560 0.24467088 0.10160000
v -0.07416674 0.24427436 0.10160000
v -0.07313948 0.24474998 0.10160000
v -0.07604870 0.24591029 0.10160000
v -0.07682167 0.24510370 0.10160000
v -0.07385070 0.24422181 0.10160000
v -0.07298245 0.24471714 0.10160000
v -0.07488651 0.24032545 0.10160000
v -0.06178937 0.25158623 0.10160000
v -0.06235053 0.25386766 0.10160000
v -0.06300639 0.25192350 0.10160000
v -0.06231166 0.25395605 0.10160000
v -0.06295311 0.25117537 0.10160000
v -0.06260749 0.25051636 0.10160000
v -0.06155937 0.25104201 0.10160000
v -0.06180168 0.24982651 0.10160000
v -0.06093166 0.25039691 0.10160000
v -0.06003851 0.24906589 0.10160000
v -0.06140593 0.25351897 0.10160000
v -0.05773598 0.25269839 0.10160000
v -0.05963848 0.25392243 0.10160000
v -0.05821273 0.25581324 0.10160000
v -0.05622945 0.24995337 0.10160000
v -0.05481032 0.25026840 0.10160000
v -0.05893743 0.24932873 0.10160000
v -0.05641144 0.25445497 0.10160000
v 0.00000000 0.25400001 0.10160000
v -0.06179944 0.25225151 0.10160000
v -0.06477528 0.25598970 0.10160000
v -0.06477528 0.25472212 0.10160000
v 0.00000000 0.25777119 0.10160000
v -0.05371124 0.25193933 0.10160000
v -0.06049661 0.24610840 0.10160000
v -0.06477528 0.24786656 0.10160000
v -0.06619219 0.24750158 0.10160000
v -0.06728512 0.24720670 0.10160000
v -0.06722923 0.24718726 0.10160000
v -0.06906975 0.24791552 0.10160000
v -0.06913831 0.25033957 0.10160000
v -0.06840142 0.25258210 0.10160000
v -0.06973635 0.25193891 0.10160000
v -0.06899263 0.25447541 0.10160000
v -0.06821675 0.24851106 0.10160000
v -0.06886303 0.24913757 0.10160000
v -0.06618726 0.24749964 0.10160000
v -0.06783982 0.25447920 0.10160000
v -0.07033518 0.24997644 0.10160000
v -0.07026007 0.24923019 0.10160000
v -0.06910883 0.24967484 0.10160000
v -0.06989536 0.24858153 0.10160000
v -0.06787141 0.25525731 0.10160000
v -0.06909306 0.25516799 0.10160000
v -0.06806871 0.25574625 0.10160000
v -0.06961752 0.25596702 0.10160000
v -0.06943301 0.25575787 0.10160000
v -0.06788094 0.25931701 0.10160000
v -0.06850773 0.25703338 0.10160000
v -0.06628770 0.25659835 0.10160000
v -0.06570540 0.25871989 0.10160000
v -0.06572273 0.24762666 0.10160000
v 0.09524626 0.22292675 0.10160000
v 0.09524626 0.22719976 0.10160000
v 0.09479667 0.22483490 0.10160000
v 0.09079854 0.21979579 0.10160000
v 0.08947448 0.22084309 0.10160000
v 0.08947682 0.21995720 0.10160000
v 0.08970802 0.21973541 0.10160000
v 0.09057447 0.21889596 0.10160000
v 0.09189123 0.21925761 0.10160000
v 0.09143929 0.21829692 0.10160000
v 0.09387282 0.22292675 0.10160000
v 0.09207661 0.21921676 0.10160000
v 0.09513972 0.22236878 0.10160000
v 0.09524626 0.22286254 0.10160000
v 0.08935421 0.22094926 0.10160000
v 0.09189288 0.21767540 0.10160000
v 0.08635706 0.22292675 0.10160000
v 0.08700348 0.21767540 0.10160000
v 0.08887209 0.22292675 0.10160000
v 0.08958637 0.21767540 0.10160000
v 0.09092811 0.21767540 0.10160000
v 0.08966037 0.21613404 0.10160000
v 0.08941165 0.21249273 0.10160000
v 0.08952077 0.21348636 0.10160000
v 0.08959015 0.21434677 0.10160000
v 0.08952260 0.21348377 0.10160000
v 0.08779927 0.20570971 0.10160000
v 0.08739509 0.21449417 0.10160000
v 0.08941527 0.21248713 0.10160000
v 0.08693855 0.20354259 0.10160000
v 0.08240786 0.23229030 0.10160000
v 0.08601402 0.22571346 0.10160000
v 0.08617798 0.23071471 0.10160000
v 0.08537469 0.23229030 0.10160000
v 0.09524626 0.23700498 0.10160000
v 0.09712657 0.23229030 0.10160000
v 0.09529489 0.23202495 0.10160000
v 0.09537608 0.23086032 0.10160000
v 0.09596245 0.23096706 0.10160000
v 0.09599828 0.23200293 0.10160000
v 0.09526011 0.22292675 0.10160000
v 0.09719697 0.23190390 0.10160000
v 0.09524626 0.23201171 0.10160000
v 0.09524626 0.23078105 0.10160000
v 0.09595507 0.23229030 0.10160000
v 0.08969483 0.22720712 0.10160000
v 0.08761518 0.22809763 0.10160000
v 0.08809751 0.22707351 0.10160000
v 0.08782145 0.22723611 0.10160000
v 0.08979265 0.22617140 0.10160000
v 0.09083465 0.22597283 0.10160000
v 0.09059067 0.22711971 0.10160000
v 0.09474447 0.23047464 0.10160000
v 0.09400146 0.23135607 0.10160000
v 0.09291834 0.22970039 0.10160000
v 0.09168527 0.22768755 0.10160000
v 0.09218281 0.22654003 0.10160000
v 0.09329168 0.22826639 0.10160000
v 0.09156521 0.22611445 0.10160000
v 0.09115937 0.22727995 0.10160000
v 0.09463359 0.23184478 0.10160000
v 0.08747371 0.22817327 0.10160000
v 0.08617798 0.22438148 0.10160000
v 0.08057926 0.23562525 0.10160000
v 0.08228540 0.23676683 0.10160000
v 0.07979265 0.23970342 0.10160000
v 0.08228540 0.24032545 0.10160000
v 0.08011229 0.23968178 0.10160000
v 0.08203197 0.23963502 0.10160000
v 0.07682167 0.24032545 0.10160000
v 0.07682167 0.23872769 0.10160000
v 0.08228540 0.23251364 0.10160000
v 0.08228540 0.23970690 0.10160000
v 0.08305246 0.23992448 0.10160000
v 0.09453006 0.24054280 0.10160000
v 0.09524626 0.24181429 0.10160000
v 0.09247626 0.24610840 0.10160000
v 0.09226373 0.24049175 0.10160000
v 0.09114669 0.24610840 0.10160000
v 0.08669790 0.23335604 0.10160000
v 0.08725612 0.23446263 0.10160000
v 0.08636422 0.23434141 0.10160000
v 0.09076047 0.24032545 0.10160000
v 0.09164088 0.23945536 0.10160000
v 0.09386040 0.23957460 0.10160000
v 0.09101734 0.23918197 0.10160000
v 0.08617798 0.23349252 0.10160000
v 0.09052579 0.23868385 0.10160000
v 0.08959978 0.23937051 0.10160000
v 0.08892701 0.23750992 0.10160000
v 0.08819055 0.23526724 0.10160000
v 0.08893895 0.23426513 0.10160000
v 0.08962051 0.23620042 0.10160000
v 0.09070444 0.24031925 0.10160000
v 0.08775763 0.23340274 0.10160000
v 0.08843595 0.23370878 0.10160000
v 0.08777264 0.23474950 0.10160000
v 0.09010240 0.23999165 0.10160000
v 0.08617798 0.23437381 0.10160000
v 0.09485665 0.23959637 0.10160000
v 0.08413541 0.23472913 0.10160000
v 0.08453451 0.23393823 0.10160000
v 0.08484058 0.23384358 0.10160000
v 0.08398031 0.23477015 0.10160000
v 0.07682167 0.24610840 0.10160000
v 0.07697202 0.24518754 0.10160000
v 0.07744125 0.24576512 0.10160000
v 0.07682167 0.24510370 0.10160000
v 0.08228540 0.25361362 0.10160000
v 0.08617798 0.25104737 0.10160000
v 0.08617798 0.25245294 0.10160000
v 0.08965521 0.24819425 0.10160000
v 0.08888129 0.24913505 0.10160000
v 0.08846167 0.24869417 0.10160000
v 0.08617798 0.24794731 0.10160000
v 0.08617798 0.24692632 0.10160000
v 0.08757009 0.24733572 0.10160000
v 0.08898889 0.24776025 0.10160000
v 0.08756158 0.24826917 0.10160000
v 0.08979015 0.24833988 0.10160000
v 0.09016104 0.24969749 0.10160000
v 0.08893753 0.24922806 0.10160000
v 0.08580515 0.24786058 0.10160000
v 0.08432747 0.24733368 0.10160000
v 0.08543768 0.24670862 0.10160000
v 0.08381705 0.24687624 0.10160000
v 0.08489385 0.24629900 0.10160000
v 0.08347096 0.24615607 0.10160000
v 0.08477792 0.24610840 0.10160000
v 0.08346547 0.24610840 0.10160000
v 0.08357321 0.24032545 0.10160000
v 0.08275696 0.24123850 0.10160000
v 0.08232038 0.24084041 0.10160000
v 0.08453020 0.24570107 0.10160000
v 0.08324469 0.24419056 0.10160000
v 0.08304442 0.24183856 0.10160000
v 0.08400346 0.24103570 0.10160000
v 0.08422109 0.24307594 0.10160000
v 0.08364208 0.24037848 0.10160000
v 0.08228540 0.24082695 0.10160000
v 0.07922216 0.24038117 0.10160000
v 0.08148035 0.24051706 0.10160000
v 0.07906179 0.24038537 0.10160000
v 0.07782335 0.25354421 0.10160000
v 0.07773101 0.25233859 0.10160000
v 0.07966173 0.25343987 0.10160000
v 0.08003629 0.25478059 0.10160000
v 0.08115566 0.25435844 0.10160000
v 0.07682167 0.25289527 0.10160000
v 0.07729612 0.25181478 0.10160000
v 0.07738358 0.24852340 0.10160000
v 0.07707991 0.25114918 0.10160000
v 0.07753640 0.24610840 0.10160000
v 0.07764159 0.24648789 0.10160000
v 0.08228540 0.25514582 0.10160000
v 0.08213902 0.25524709 0.10160000
v 0.07682167 0.25639433 0.10160000
v 0.07682167 0.25551447 0.10160000
v 0.07594437 0.25134805 0.10160000
v 0.07650671 0.25269124 0.10160000
v 0.07617676 0.24938326 0.10160000
v 0.07652345 0.24704833 0.10160000
v 0.07611533 0.25212857 0.10160000
v 0.07638188 0.24639821 0.10160000
v 0.07530570 0.24540222 0.10160000
v 0.07313948 0.24474998 0.10160000
v 0.07416674 0.24427436 0.10160000
v 0.07385070 0.24422181 0.10160000
v 0.07604560 0.24467088 0.10160000
v 0.07604870 0.24591029 0.10160000
v 0.07618398 0.24610840 0.10160000
v 0.07488651 0.24032545 0.10160000
v 0.07682167 0.24203455 0.10160000
v 0.06477528 0.24610840 0.10160000
v 0.06515837 0.24550028 0.10160000
v 0.07298245 0.24471714 0.10160000
v 0.07186244 0.24282227 0.10160000
v 0.06477528 0.24555025 0.10160000
v 0.06821675 0.24851106 0.10160000
v 0.06619219 0.24750158 0.10160000
v 0.06728512 0.24720670 0.10160000
v 0.06722923 0.24718726 0.10160000
v 0.06906975 0.24791552 0.10160000
v 0.06989536 0.24858153 0.10160000
v 0.06886303 0.24913757 0.10160000
v 0.06899263 0.25447541 0.10160000
v 0.06783982 0.25447920 0.10160000
v 0.06840142 0.25258210 0.10160000
v 0.06913831 0.25033957 0.10160000
v 0.07033518 0.24997644 0.10160000
v 0.06973635 0.25193891 0.10160000
v 0.06787141 0.25525731 0.10160000
v 0.07026007 0.24923019 0.10160000
v 0.06910883 0.24967484 0.10160000
v 0.06806871 0.25574625 0.10160000
v 0.06909306 0.25516799 0.10160000
v 0.06943301 0.25575787 0.10160000
v 0.07260392 0.25730431 0.10160000
v 0.07489306 0.25595474 0.10160000
v 0.06961752 0.25596702 0.10160000
v 0.06618726 0.24749964 0.10160000
v 0.06572273 0.24762666 0.10160000
v 0.06477528 0.24786656 0.10160000
v 0.06477528 0.25587812 0.10160000
v 0.06477528 0.25472212 0.10160000
v 0.06974205 0.24610840 0.10160000
v 0.06093166 0.25039691 0.10160000
v 0.05893743 0.24932873 0.10160000
v 0.06003851 0.24906589 0.10160000
v 0.06180168 0.24982651 0.10160000
v 0.06260749 0.25051636 0.10160000
v 0.06155937 0.25104201 0.10160000
v 0.06235053 0.25386766 0.10160000
v 0.06140593 0.25351897 0.10160000
v 0.06179944 0.25225151 0.10160000
v 0.06295311 0.25117537 0.10160000
v 0.06178937 0.25158623 0.10160000
v 0.06300639 0.25192350 0.10160000
v 0.06231166 0.25395605 0.10160000
v 0.06300735 0.25555605 0.10160000
v 0.06049661 0.24610840 0.10160000
v 0.05813398 0.24951407 0.10160000
v 0.05813398 0.25241238 0.10160000
v 0.05813398 0.25126523 0.10160000
v 0.05813398 0.24641658 0.10160000
v 0.05481032 0.25026840 0.10160000
v 0.00012363 0.25778463 0.10160000
v 0.05622945 0.24995337 0.10160000
v 0.05397414 0.25208521 0.10160000
v -0.06477528 0.24555025 0.10160000
v -0.07591739 0.25925153 0.10160000
v -0.08922321 0.20347278 0.10160000
v -0.09819203 0.24032131 0.10160000
v -0.04933490 0.18140295 0.10160000
v 0.08889449 0.22134866 0.05080000
v 0.08893571 0.22138324 0.05080000
v 0.09156004 0.21825568 0.05080000
v -0.09164225 0.21857527 0.05080000
v -0.09243853 0.21790712 0.05080000
v -0.09294074 0.21853486 0.05080000
v -0.09353980 0.21928366 0.05080000
v -0.09568568 0.21829797 0.05080000
v -0.09632242 0.21968420 0.05080000
v -0.09215885 0.21919094 0.05080000
v -0.09412201 0.22153056 0.05080000
v -0.09660397 0.22029714 0.05080000
v -0.09460480 0.22121546 0.05080000
v -0.09819203 0.24032131 0.05080000
v -0.09636579 0.23970428 0.05080000
v -0.09833881 0.23804872 0.05080000
v -0.07810400 0.25900927 0.05080000
v -0.07591739 0.25925153 0.05080000
v -0.07567523 0.25706571 0.05080000
v -0.07712455 0.25584960 0.05080000
v -0.07784970 0.25671381 0.05080000
v 0.09376347 0.21562974 0.05080000
v 0.09278985 0.21812776 0.05080000
v 0.09277277 0.21927328 0.05080000
v 0.09316534 0.21880543 0.05080000
v 0.09151882 0.21822110 0.05080000
v 0.05606831 0.18313377 0.05080000
v 0.04936744 0.18137425 0.05080000
v 0.05049985 0.18380210 0.05080000
v 0.04850886 0.18213145 0.05080000
v 0.06821443 0.18849711 0.05080000
v 0.07468794 0.18929896 0.05080000
v 0.07278983 0.18818611 0.05080000
v 0.07781523 0.19446407 0.05080000
v 0.06493842 0.18518405 0.05080000
v 0.07393309 0.18630649 0.05080000
v 0.08257701 0.19635223 0.05080000
v 0.08114216 0.19468415 0.05080000
v 0.08283300 0.19327666 0.05080000
v 0.08452640 0.20356025 0.05080000
v 0.08693692 0.20353889 0.05080000
v 0.07581270 0.18744975 0.05080000
v 0.08424050 0.19496749 0.05080000
v 0.08775353 0.20558204 0.05080000
v 0.08899273 0.20275554 0.05080000
v 0.08977608 0.20481135 0.05080000
v 0.06325424 0.18259789 0.05080000
v 0.06278205 0.18474662 0.05080000
v 0.08739509 0.21449417 0.05080000
v 0.08936344 0.21229181 0.05080000
v 0.06121250 0.18673947 0.05080000
v 0.06148750 0.18455674 0.05080000
v 0.08737440 0.21466225 0.05080000
v 0.06540296 0.18307008 0.05080000
v 0.08881704 0.21595404 0.05080000
v 0.08959015 0.21434677 0.05080000
v 0.08952077 0.21348636 0.05080000
v 0.08941165 0.21249273 0.05080000
v 0.08952260 0.21348377 0.05080000
v 0.08941527 0.21248713 0.05080000
v 0.08989195 0.21467300 0.05080000
v 0.08736533 0.21473590 0.05080000
v 0.08614847 0.22462124 0.05080000
v 0.06778945 0.24658437 0.05080000
v 0.07048430 0.24337278 0.05080000
v 0.07037863 0.24341500 0.05080000
v 0.00012363 0.25778463 0.05080000
v 0.00000000 0.25400001 0.05080000
v -0.00306052 0.25360078 0.05080000
v -0.00640552 0.25758716 0.05080000
v 0.00028727 0.26230663 0.05080000
v 0.00728424 0.26210067 0.05080000
v 0.00715461 0.25769684 0.05080000
v 0.00015416 0.25778466 0.05080000
v 0.00713678 0.25306901 0.05080000
v -0.02177329 0.26134822 0.05080000
v -0.01478427 0.26174009 0.05080000
v -0.01453762 0.25734124 0.05080000
v -0.05852268 0.24636589 0.05080000
v -0.03612038 0.25513583 0.05080000
v -0.02152003 0.25683138 0.05080000
v -0.04367159 0.25851071 0.05080000
v -0.03674150 0.25949758 0.05080000
v -0.05132259 0.25240749 0.05080000
v -0.04303380 0.25403199 0.05080000
v -0.05481032 0.25026840 0.05080000
v -0.05442616 0.25085244 0.05080000
v -0.05496705 0.25039858 0.05080000
v -0.06000318 0.24617276 0.05080000
v -0.04891552 0.18336767 0.05080000
v -0.05086974 0.18199803 0.05080000
v -0.05784171 0.18367817 0.05080000
v -0.04814642 0.18245110 0.05080000
v -0.04933490 0.18140295 0.05080000
v -0.06121250 0.18673947 0.05080000
v -0.06148750 0.18455674 0.05080000
v -0.06338511 0.18489973 0.05080000
v -0.06017078 0.18645385 0.05080000
v -0.06699932 0.18574888 0.05080000
v -0.06821443 0.18849711 0.05080000
v -0.06592049 0.18792129 0.05080000
v -0.07100067 0.18750392 0.05080000
v -0.06913510 0.18906932 0.05080000
v -0.06551743 0.18306750 0.05080000
v -0.06762163 0.18370962 0.05080000
v -0.06487604 0.18516923 0.05080000
v -0.09919905 0.22796027 0.05080000
v -0.09931424 0.23015726 0.05080000
v -0.09711726 0.23027246 0.05080000
v -0.09346412 0.22208259 0.05080000
v -0.09507847 0.22267041 0.05080000
v -0.09684086 0.22808392 0.05080000
v -0.09550566 0.22856432 0.05080000
v -0.09479667 0.22483490 0.05080000
v -0.09209148 0.21924748 0.05080000
v -0.08899075 0.22080015 0.05080000
v -0.09079854 0.21979579 0.05080000
v -0.08947448 0.22084309 0.05080000
v -0.09189123 0.21925761 0.05080000
v -0.09207661 0.21921676 0.05080000
v -0.08935421 0.22094926 0.05080000
v -0.08917182 0.22169736 0.05080000
v -0.08620159 0.22418968 0.05080000
v -0.08634562 0.22301967 0.05080000
v -0.08930055 0.22116935 0.05080000
v -0.08794980 0.22670965 0.05080000
v -0.08601402 0.22571346 0.05080000
v -0.08638530 0.22802243 0.05080000
v -0.08539506 0.22684230 0.05080000
v -0.08244511 0.19618894 0.05080000
v -0.08966037 0.21613404 0.05080000
v -0.08452640 0.20356025 0.05080000
v -0.08702083 0.21306768 0.05080000
v -0.09143929 0.21829692 0.05080000
v -0.08941165 0.21249273 0.05080000
v -0.08952077 0.21348636 0.05080000
v -0.08965677 0.21620908 0.05080000
v -0.08269302 0.19313803 0.05080000
v -0.08408957 0.19483793 0.05080000
v -0.07549408 0.18982644 0.05080000
v -0.08099898 0.19452979 0.05080000
v -0.07781523 0.19446407 0.05080000
v -0.08959015 0.21434677 0.05080000
v -0.08952260 0.21348377 0.05080000
v -0.08837801 0.20144160 0.05080000
v -0.08922321 0.20347278 0.05080000
v -0.08725649 0.20429115 0.05080000
v -0.07484931 0.18683369 0.05080000
v -0.07667785 0.18805699 0.05080000
v -0.07362954 0.18865697 0.05080000
v -0.08941527 0.21248713 0.05080000
v -0.09141993 0.21831033 0.05080000
v -0.08635260 0.20228441 0.05080000
v -0.08692229 0.21833505 0.05080000
v -0.08739509 0.21449417 0.05080000
v -0.08970802 0.21973541 0.05080000
v -0.09057447 0.21889596 0.05080000
v -0.08947682 0.21995720 0.05080000
v -0.09393558 0.24871722 0.05080000
v -0.09139869 0.24569386 0.05080000
v -0.09302007 0.24614717 0.05080000
v -0.09365916 0.24197543 0.05080000
v -0.09586974 0.24012052 0.05080000
v 0.09234867 0.21977869 0.05080000
v 0.09479667 0.22483490 0.05080000
v 0.09513972 0.22236878 0.05080000
v 0.09399091 0.22029543 0.05080000
v 0.09639793 0.22602497 0.05080000
v 0.09803502 0.22368883 0.05080000
v 0.09746314 0.22320896 0.05080000
v 0.09574880 0.22391324 0.05080000
v 0.09861975 0.22511223 0.05080000
v 0.09512833 0.22657947 0.05080000
v 0.09664644 0.22785331 0.05080000
v 0.08613639 0.22471935 0.05080000
v 0.08853009 0.22432950 0.05080000
v 0.08919530 0.22160107 0.05080000
v 0.08547546 0.22796987 0.05080000
v 0.08601402 0.22571346 0.05080000
v 0.08935421 0.22094926 0.05080000
v 0.08947448 0.22084309 0.05080000
v 0.09079854 0.21979579 0.05080000
v 0.09189123 0.21925761 0.05080000
v 0.09207661 0.21921676 0.05080000
v 0.09143929 0.21829692 0.05080000
v 0.08694002 0.21819097 0.05080000
v 0.08947682 0.21995720 0.05080000
v 0.08963602 0.21664123 0.05080000
v 0.08970802 0.21973541 0.05080000
v 0.08677068 0.21956658 0.05080000
v 0.09106088 0.21783684 0.05080000
v 0.09057447 0.21889596 0.05080000
v 0.09145761 0.21636540 0.05080000
v 0.08966037 0.21613404 0.05080000
v 0.09372690 0.21558961 0.05080000
v 0.09308394 0.21488382 0.05080000
v 0.08969483 0.22720712 0.05080000
v 0.08979265 0.22617140 0.05080000
v 0.08809751 0.22707351 0.05080000
v 0.08761518 0.22809763 0.05080000
v 0.09168527 0.22768755 0.05080000
v 0.09291834 0.22970039 0.05080000
v 0.09329168 0.22826639 0.05080000
v 0.09474447 0.23047464 0.05080000
v 0.09059067 0.22711971 0.05080000
v 0.08782145 0.22723611 0.05080000
v 0.08747371 0.22817327 0.05080000
v 0.09529489 0.23202495 0.05080000
v 0.09599828 0.23200293 0.05080000
v 0.09596245 0.23096706 0.05080000
v 0.09400146 0.23135607 0.05080000
v 0.09218281 0.22654003 0.05080000
v 0.09156521 0.22611445 0.05080000
v 0.09115937 0.22727995 0.05080000
v 0.09083465 0.22597283 0.05080000
v 0.09463359 0.23184478 0.05080000
v 0.09537608 0.23086032 0.05080000
v 0.09719968 0.23247355 0.05080000
v 0.09708741 0.23467995 0.05080000
v 0.09797263 0.23464389 0.05080000
v 0.09941967 0.23291938 0.05080000
v 0.09535792 0.23626223 0.05080000
v 0.09676599 0.23608191 0.05080000
v 0.09939785 0.23238400 0.05080000
v 0.09609541 0.23688108 0.05080000
v 0.08694761 0.22920515 0.05080000
v 0.09719697 0.23190390 0.05080000
v 0.09706384 0.24377777 0.05080000
v 0.09773150 0.24168152 0.05080000
v 0.09563526 0.24101387 0.05080000
v 0.09203542 0.24464644 0.05080000
v 0.09314075 0.24557392 0.05080000
v 0.09477513 0.24304880 0.05080000
v 0.09305082 0.24050948 0.05080000
v 0.09453006 0.24054280 0.05080000
v 0.09386040 0.23957460 0.05080000
v 0.09650414 0.23722403 0.05080000
v 0.09508359 0.23808692 0.05080000
v 0.09485665 0.23959637 0.05080000
v 0.09383636 0.23957330 0.05080000
v 0.08636422 0.23434141 0.05080000
v 0.08669790 0.23335604 0.05080000
v 0.08484058 0.23384358 0.05080000
v 0.08413541 0.23472913 0.05080000
v 0.08819055 0.23526724 0.05080000
v 0.08892701 0.23750992 0.05080000
v 0.08962051 0.23620042 0.05080000
v 0.09052579 0.23868385 0.05080000
v 0.08725612 0.23446263 0.05080000
v 0.08453451 0.23393823 0.05080000
v 0.08398031 0.23477015 0.05080000
v 0.09164088 0.23945536 0.05080000
v 0.09226373 0.24049175 0.05080000
v 0.08959978 0.23937051 0.05080000
v 0.08893895 0.23426513 0.05080000
v 0.08843595 0.23370878 0.05080000
v 0.08777264 0.23474950 0.05080000
v 0.08775763 0.23340274 0.05080000
v 0.09070444 0.24031925 0.05080000
v 0.09101734 0.23918197 0.05080000
v 0.09010240 0.23999165 0.05080000
v 0.08080145 0.23522003 0.05080000
v 0.08243494 0.23659068 0.05080000
v 0.08345941 0.23037250 0.05080000
v 0.08965521 0.24819425 0.05080000
v 0.08898889 0.24776025 0.05080000
v 0.08846167 0.24869417 0.05080000
v 0.08979015 0.24833988 0.05080000
v 0.08888129 0.24913505 0.05080000
v 0.08893753 0.24922806 0.05080000
v 0.08757009 0.24733572 0.05080000
v 0.08756158 0.24826917 0.05080000
v 0.08737184 0.24727742 0.05080000
v 0.08670656 0.24807027 0.05080000
v 0.09164135 0.25158989 0.05080000
v 0.09298570 0.24984841 0.05080000
v 0.09124423 0.24850406 0.05080000
v 0.08579563 0.25129944 0.05080000
v 0.08692686 0.25224864 0.05080000
v 0.08973999 0.25012210 0.05080000
v 0.08177003 0.25395340 0.05080000
v 0.08020249 0.25582153 0.05080000
v 0.08213902 0.25524709 0.05080000
v 0.08387397 0.25707626 0.05080000
v 0.08573286 0.25589961 0.05080000
v 0.08455621 0.25404072 0.05080000
v 0.08258928 0.25504670 0.05080000
v 0.08148035 0.24051706 0.05080000
v 0.08203197 0.23963502 0.05080000
v 0.08011229 0.23968178 0.05080000
v 0.07922216 0.24038117 0.05080000
v 0.08304442 0.24183856 0.05080000
v 0.08324469 0.24419056 0.05080000
v 0.08422109 0.24307594 0.05080000
v 0.08453020 0.24570107 0.05080000
v 0.08232038 0.24084041 0.05080000
v 0.07979265 0.23970342 0.05080000
v 0.07906179 0.24038537 0.05080000
v 0.08543768 0.24670862 0.05080000
v 0.08580515 0.24786058 0.05080000
v 0.08347096 0.24615607 0.05080000
v 0.08400346 0.24103570 0.05080000
v 0.08364208 0.24037848 0.05080000
v 0.08275696 0.24123850 0.05080000
v 0.08305246 0.23992448 0.05080000
v 0.08432747 0.24733368 0.05080000
v 0.08489385 0.24629900 0.05080000
v 0.08381705 0.24687624 0.05080000
v 0.08057926 0.23562525 0.05080000
v 0.07560715 0.23973046 0.05080000
v 0.07412018 0.24150257 0.05080000
v 0.07572041 0.24284531 0.05080000
v 0.06807512 0.24682409 0.05080000
v 0.07054454 0.24576385 0.05080000
v 0.07186244 0.24282227 0.05080000
v 0.07379317 0.24122818 0.05080000
v 0.07530570 0.24540222 0.05080000
v 0.07604560 0.24467088 0.05080000
v 0.07416674 0.24427436 0.05080000
v 0.07313948 0.24474998 0.05080000
v 0.07782335 0.25354421 0.05080000
v 0.08003629 0.25478059 0.05080000
v 0.07966173 0.25343987 0.05080000
v 0.07652345 0.24704833 0.05080000
v 0.07617676 0.24938326 0.05080000
v 0.07738358 0.24852340 0.05080000
v 0.07707991 0.25114918 0.05080000
v 0.07604870 0.24591029 0.05080000
v 0.07385070 0.24422181 0.05080000
v 0.07298245 0.24471714 0.05080000
v 0.07773101 0.25233859 0.05080000
v 0.07650671 0.25269124 0.05080000
v 0.07594437 0.25134805 0.05080000
v 0.07764159 0.24648789 0.05080000
v 0.07744125 0.24576512 0.05080000
v 0.07638188 0.24639821 0.05080000
v 0.07697202 0.24518754 0.05080000
v 0.07729612 0.25181478 0.05080000
v 0.08115566 0.25435844 0.05080000
v 0.07611533 0.25212857 0.05080000
v 0.07808752 0.25522548 0.05080000
v 0.07916473 0.25612935 0.05080000
v 0.06774823 0.24654979 0.05080000
v 0.06722923 0.24718726 0.05080000
v 0.06731418 0.24715078 0.05080000
v 0.06672616 0.24776784 0.05080000
v 0.06677569 0.24779253 0.05080000
v 0.06727130 0.24720189 0.05080000
v 0.06821675 0.24851106 0.05080000
v 0.06882174 0.24781701 0.05080000
v 0.06728512 0.24720670 0.05080000
v 0.06913831 0.25033957 0.05080000
v 0.06840142 0.25258210 0.05080000
v 0.06973635 0.25193891 0.05080000
v 0.06899263 0.25447541 0.05080000
v 0.06886303 0.24913757 0.05080000
v 0.06906975 0.24791552 0.05080000
v 0.06783982 0.25447920 0.05080000
v 0.07033518 0.24997644 0.05080000
v 0.07026007 0.24923019 0.05080000
v 0.06910883 0.24967484 0.05080000
v 0.06989536 0.24858153 0.05080000
v 0.06787141 0.25525731 0.05080000
v 0.06909306 0.25516799 0.05080000
v 0.06822921 0.24852315 0.05080000
v 0.06806871 0.25574625 0.05080000
v 0.06961752 0.25596702 0.05080000
v 0.06943301 0.25575787 0.05080000
v 0.07260392 0.25730431 0.05080000
v 0.07418551 0.25722864 0.05080000
v 0.06338929 0.25429115 0.05080000
v 0.06252509 0.25532106 0.05080000
v 0.06300735 0.25555605 0.05080000
v 0.07637788 0.25695604 0.05080000
v 0.06522182 0.25878525 0.05080000
v 0.06740215 0.25907874 0.05080000
v 0.06769566 0.25689840 0.05080000
v 0.06554228 0.25640470 0.05080000
v 0.07489306 0.25595474 0.05080000
v 0.07469857 0.25957519 0.05080000
v 0.07684779 0.25910529 0.05080000
v 0.06105823 0.25460634 0.05080000
v 0.06231166 0.25395605 0.05080000
v 0.06235053 0.25386766 0.05080000
v 0.06100836 0.25458205 0.05080000
v 0.06280267 0.25252739 0.05080000
v 0.06606559 0.24513789 0.05080000
v 0.06618726 0.24749964 0.05080000
v 0.06619219 0.24750158 0.05080000
v 0.06572273 0.24762666 0.05080000
v 0.06515837 0.24550028 0.05080000
v 0.06388547 0.24566633 0.05080000
v 0.06130115 0.24874619 0.05080000
v 0.06178937 0.25158623 0.05080000
v 0.06179944 0.25225151 0.05080000
v 0.06284991 0.25238737 0.05080000
v 0.06180168 0.24982651 0.05080000
v 0.06093166 0.25039691 0.05080000
v 0.06155937 0.25104201 0.05080000
v 0.06076861 0.24938084 0.05080000
v 0.06023096 0.25002158 0.05080000
v 0.05719760 0.25363660 0.05080000
v 0.05853524 0.25582319 0.05080000
v 0.05955676 0.25387475 0.05080000
v 0.06140593 0.25351897 0.05080000
v 0.06300639 0.25192350 0.05080000
v 0.06295311 0.25117537 0.05080000
v 0.06260749 0.25051636 0.05080000
v 0.05880157 0.25172508 0.05080000
v 0.05658678 0.25480169 0.05080000
v 0.05720043 0.25062218 0.05080000
v 0.05639264 0.25158489 0.05080000
v 0.05770210 0.25267431 0.05080000
v 0.04425139 0.25857210 0.05080000
v 0.05111143 0.25717929 0.05080000
v 0.05023481 0.25286162 0.05080000
v 0.02879805 0.25619999 0.05080000
v 0.04335126 0.25413862 0.05080000
v 0.02234915 0.26137900 0.05080000
v 0.02930302 0.26057670 0.05080000
v 0.01231194 0.25741151 0.05080000
v 0.02183064 0.25688490 0.05080000
v 0.05622945 0.24995337 0.05080000
v 0.05481032 0.25026840 0.05080000
v 0.06104835 0.24603643 0.05080000
v 0.05397414 0.25208521 0.05080000
v 0.06003851 0.24906589 0.05080000
v 0.05893743 0.24932873 0.05080000
v 0.05812936 0.24951513 0.05080000
v -0.06515837 0.24550028 0.05080000
v -0.06185472 0.24860603 0.05080000
v -0.06003851 0.24906589 0.05080000
v -0.05622945 0.24995337 0.05080000
v -0.06019236 0.25000092 0.05080000
v -0.05893743 0.24932873 0.05080000
v -0.05735487 0.25238186 0.05080000
v -0.06087608 0.24942721 0.05080000
v -0.06591731 0.24519712 0.05080000
v -0.05843692 0.25147390 0.05080000
v -0.06821675 0.24851106 0.05080000
v -0.06619219 0.24750158 0.05080000
v -0.06728512 0.24720670 0.05080000
v -0.06722923 0.24718726 0.05080000
v -0.06906975 0.24791552 0.05080000
v -0.06989536 0.24858153 0.05080000
v -0.06886303 0.24913757 0.05080000
v -0.06899263 0.25447541 0.05080000
v -0.06783982 0.25447920 0.05080000
v -0.06840142 0.25258210 0.05080000
v -0.06913831 0.25033957 0.05080000
v -0.07033518 0.24997644 0.05080000
v -0.06973635 0.25193891 0.05080000
v -0.06806871 0.25574625 0.05080000
v -0.06909306 0.25516799 0.05080000
v -0.06943301 0.25575787 0.05080000
v -0.06787141 0.25525731 0.05080000
v -0.07026007 0.24923019 0.05080000
v -0.06910883 0.24967484 0.05080000
v -0.06845196 0.25702500 0.05080000
v -0.06180168 0.24982651 0.05080000
v -0.06093166 0.25039691 0.05080000
v -0.06260749 0.25051636 0.05080000
v -0.06155937 0.25104201 0.05080000
v -0.06235053 0.25386766 0.05080000
v -0.06140593 0.25351897 0.05080000
v -0.06179944 0.25225151 0.05080000
v -0.06782694 0.25930220 0.05080000
v -0.06570540 0.25871989 0.05080000
v -0.06628770 0.25659835 0.05080000
v -0.06295311 0.25117537 0.05080000
v -0.06178937 0.25158623 0.05080000
v -0.06300639 0.25192350 0.05080000
v -0.07567514 0.25706491 0.05080000
v -0.06961752 0.25596702 0.05080000
v -0.06618726 0.24749964 0.05080000
v -0.06572273 0.24762666 0.05080000
v -0.06231166 0.25395605 0.05080000
v -0.05816802 0.25577953 0.05080000
v -0.05641144 0.25445497 0.05080000
v -0.05773598 0.25269839 0.05080000
v -0.05958975 0.25389406 0.05080000
v -0.07489306 0.25595474 0.05080000
v -0.07683986 0.25551030 0.05080000
v -0.06761651 0.24451835 0.05080000
v -0.06916029 0.24635817 0.05080000
v -0.08965521 0.24819425 0.05080000
v -0.08888129 0.24913505 0.05080000
v -0.08846167 0.24869417 0.05080000
v -0.08756158 0.24826917 0.05080000
v -0.08646309 0.24801363 0.05080000
v -0.08734862 0.24727058 0.05080000
v -0.08898889 0.24776025 0.05080000
v -0.08757009 0.24733572 0.05080000
v -0.08979015 0.24833988 0.05080000
v -0.08893753 0.24922806 0.05080000
v -0.08737186 0.25503504 0.05080000
v -0.08479234 0.25196087 0.05080000
v -0.08643828 0.25285700 0.05080000
v -0.09171905 0.24792857 0.05080000
v -0.09339596 0.24935265 0.05080000
v -0.08754659 0.25494215 0.05080000
v -0.08148035 0.24051706 0.05080000
v -0.07922216 0.24038117 0.05080000
v -0.08011229 0.23968178 0.05080000
v -0.07979265 0.23970342 0.05080000
v -0.08543768 0.24670862 0.05080000
v -0.08203197 0.23963502 0.05080000
v -0.08305246 0.23992448 0.05080000
v -0.08232038 0.24084041 0.05080000
v -0.08453020 0.24570107 0.05080000
v -0.08347096 0.24615607 0.05080000
v -0.08324469 0.24419056 0.05080000
v -0.08304442 0.24183856 0.05080000
v -0.08400346 0.24103570 0.05080000
v -0.08422109 0.24307594 0.05080000
v -0.08580515 0.24786058 0.05080000
v -0.08432747 0.24733368 0.05080000
v -0.08381705 0.24687624 0.05080000
v -0.08489385 0.24629900 0.05080000
v -0.08364208 0.24037848 0.05080000
v -0.08275696 0.24123850 0.05080000
v -0.08057926 0.23562525 0.05080000
v -0.08310141 0.23580554 0.05080000
v -0.07906179 0.24038537 0.05080000
v -0.07497072 0.24025592 0.05080000
v -0.07660007 0.24219771 0.05080000
v -0.08151624 0.23391642 0.05080000
v -0.07530570 0.24540222 0.05080000
v -0.07313948 0.24474998 0.05080000
v -0.07416674 0.24427436 0.05080000
v -0.07966173 0.25343987 0.05080000
v -0.07905316 0.25423130 0.05080000
v -0.07782335 0.25354421 0.05080000
v -0.07385070 0.24422181 0.05080000
v -0.07773101 0.25233859 0.05080000
v -0.07604560 0.24467088 0.05080000
v -0.07697202 0.24518754 0.05080000
v -0.07604870 0.24591029 0.05080000
v -0.07707991 0.25114918 0.05080000
v -0.07594437 0.25134805 0.05080000
v -0.07617676 0.24938326 0.05080000
v -0.07652345 0.24704833 0.05080000
v -0.07764159 0.24648789 0.05080000
v -0.07738358 0.24852340 0.05080000
v -0.07650671 0.25269124 0.05080000
v -0.07611533 0.25212857 0.05080000
v -0.07729612 0.25181478 0.05080000
v -0.07744125 0.24576512 0.05080000
v -0.07638188 0.24639821 0.05080000
v -0.07298245 0.24471714 0.05080000
v -0.07985485 0.25355861 0.05080000
v -0.07186244 0.24282227 0.05080000
v -0.08457141 0.25403208 0.05080000
v -0.08003629 0.25478059 0.05080000
v -0.08115566 0.25435844 0.05080000
v -0.07784399 0.25666222 0.05080000
v -0.07778643 0.25529420 0.05080000
v -0.08560396 0.25597471 0.05080000
v -0.08969483 0.22720712 0.05080000
v -0.08761518 0.22809763 0.05080000
v -0.08809751 0.22707351 0.05080000
v -0.08782145 0.22723611 0.05080000
v -0.08979265 0.22617140 0.05080000
v -0.09083465 0.22597283 0.05080000
v -0.09059067 0.22711971 0.05080000
v -0.09474447 0.23047464 0.05080000
v -0.09400146 0.23135607 0.05080000
v -0.09291834 0.22970039 0.05080000
v -0.09168527 0.22768755 0.05080000
v -0.09218281 0.22654003 0.05080000
v -0.09329168 0.22826639 0.05080000
v -0.09529489 0.23202495 0.05080000
v -0.09537608 0.23086032 0.05080000
v -0.09596245 0.23096706 0.05080000
v -0.09156521 0.22611445 0.05080000
v -0.09115937 0.22727995 0.05080000
v -0.09599828 0.23200293 0.05080000
v -0.09463359 0.23184478 0.05080000
v -0.09710470 0.23046997 0.05080000
v -0.09665905 0.23748118 0.05080000
v -0.08747371 0.22817327 0.05080000
v -0.09611701 0.23962022 0.05080000
v -0.09504512 0.23834279 0.05080000
v -0.08711018 0.22888629 0.05080000
v -0.08636422 0.23434141 0.05080000
v -0.08413541 0.23472913 0.05080000
v -0.08484058 0.23384358 0.05080000
v -0.09226373 0.24049175 0.05080000
v -0.09164088 0.23945536 0.05080000
v -0.09386040 0.23957460 0.05080000
v -0.08453451 0.23393823 0.05080000
v -0.09453006 0.24054280 0.05080000
v -0.09485665 0.23959637 0.05080000
v -0.08669790 0.23335604 0.05080000
v -0.08775763 0.23340274 0.05080000
v -0.08725612 0.23446263 0.05080000
v -0.09052579 0.23868385 0.05080000
v -0.08959978 0.23937051 0.05080000
v -0.08892701 0.23750992 0.05080000
v -0.08819055 0.23526724 0.05080000
v -0.08893895 0.23426513 0.05080000
v -0.08962051 0.23620042 0.05080000
v -0.09070444 0.24031925 0.05080000
v -0.09010240 0.23999165 0.05080000
v -0.09101734 0.23918197 0.05080000
v -0.08843595 0.23370878 0.05080000
v -0.08777264 0.23474950 0.05080000
v -0.08398031 0.23477015 0.05080000
v -0.09610778 0.23961711 0.05080000
v -0.08335274 0.23056705 0.05080000
v 0.08499695 0.22756836 0.05080000
v -0.09482003 0.24767573 0.05080000
v -0.04753602 0.18298942 0.05080000
v -0.05295397 0.25208774 0.05080000
v 0.05457086 0.18491836 0.05080000
v 0.04753602 0.18298942 0.05080000
v 0.09456551 0.21651015 0.05080000
v 0.09778377 0.22307725 0.05080000
v 0.09948742 0.23458217 0.05080000
v -0.05371124 0.25193933 0.05080000
v -0.09889623 0.23823705 0.05080000
v 0.09861975 0.22511223 0.07695165
v 0.09778377 0.22307725 0.10156079
v 0.09574880 0.22391324 0.10156079
v 0.09639793 0.22602497 0.07695165
v 0.09861975 0.22511223 0.10156079
v 0.09639793 0.22602497 0.10156079
v 0.09574880 0.22391324 0.10156079
v 0.09778377 0.22307725 0.10156079
v 0.09639793 0.22602497 0.07695165
v 0.09574880 0.22391324 0.05080000
v 0.09746314 0.22320896 0.05080000
v 0.09861975 0.22511223 0.07695165
v 0.09778377 0.22307725 0.05080000
v 0.09945574 0.22714721 0.07695165
v 0.09686255 0.22821251 0.07695165
v 0.09639793 0.22602497 0.10156079
v 0.09861975 0.22511223 0.10156079
v 0.09861975 0.22511223 0.07695165
v 0.09803502 0.22368883 0.05080000
v 0.09861975 0.22511223 0.05080000
v 0.09778377 0.22307725 0.05080000
v 0.09945574 0.22714721 0.07695165
v 0.09861975 0.22511223 0.10156079
v 0.09778377 0.22307725 0.10156079
v 0.09945574 0.22714721 0.07695165
v 0.09861975 0.22511223 0.05080000
v 0.09639793 0.22602497 0.05080000
v 0.09686255 0.22821251 0.07695165
v 0.05658678 0.25480169 0.07695165
v 0.05853524 0.25582319 0.10156079
v 0.05955676 0.25387475 0.10156079
v 0.05770210 0.25267431 0.07695165
v 0.05658678 0.25480169 0.10156079
v 0.05770210 0.25267431 0.10156079
v 0.05955676 0.25387475 0.10156079
v 0.05853524 0.25582319 0.10156079
v 0.05658678 0.25480169 0.07695165
v 0.05770210 0.25267431 0.07695165
v 0.05955676 0.25387475 0.05080000
v 0.05853524 0.25582319 0.05080000
v 0.05463833 0.25378016 0.07695165
v 0.05594006 0.25129724 0.07695165
v 0.05770210 0.25267431 0.10156079
v 0.05658678 0.25480169 0.10156079
v 0.05658678 0.25480169 0.05080000
v 0.05463833 0.25378016 0.07695165
v 0.05658678 0.25480169 0.07695165
v 0.05658678 0.25480169 0.10156079
v 0.05853524 0.25582319 0.10156079
v 0.05853524 0.25582319 0.05080000
v 0.05594006 0.25129724 0.07695165
v 0.05463833 0.25378016 0.07695165
v 0.05719760 0.25363660 0.05080000
v 0.05658678 0.25480169 0.05080000
v 0.05770210 0.25267431 0.05080000
v 0.06522182 0.25878525 0.07695165
v 0.06740215 0.25907874 0.10156079
v 0.06769566 0.25689840 0.10156079
v 0.06554228 0.25640470 0.07695165
v 0.06522182 0.25878525 0.10156079
v 0.06554228 0.25640470 0.10156079
v 0.06769566 0.25689840 0.10156079
v 0.06740215 0.25907874 0.10156079
v 0.06522182 0.25878525 0.07695165
v 0.06554228 0.25640470 0.07695165
v 0.06769566 0.25689840 0.05080000
v 0.06740215 0.25907874 0.05080000
v 0.06304149 0.25849172 0.07695165
v 0.06341550 0.25571331 0.07695165
v 0.06554228 0.25640470 0.10156079
v 0.06522182 0.25878525 0.10156079
v 0.06522182 0.25878525 0.07695165
v 0.06740215 0.25907874 0.05080000
v 0.06522182 0.25878525 0.05080000
v 0.06304149 0.25849172 0.07695165
v 0.06522182 0.25878525 0.10156079
v 0.06740215 0.25907874 0.10156079
v 0.06304149 0.25849172 0.07695165
v 0.06522182 0.25878525 0.05080000
v 0.06554228 0.25640470 0.05080000
v 0.06341550 0.25571331 0.07695165
v 0.07469857 0.25957519 0.07695165
v 0.07684779 0.25910529 0.10156079
v 0.07637788 0.25695604 0.10156079
v 0.07418551 0.25722864 0.07695165
v 0.07469857 0.25957519 0.10156079
v 0.07418551 0.25722864 0.10156079
v 0.07637788 0.25695604 0.10156079
v 0.07684779 0.25910529 0.10156079
v 0.07469857 0.25957519 0.07695165
v 0.07418551 0.25722864 0.07695165
v 0.07637788 0.25695604 0.05080000
v 0.07684779 0.25910529 0.05080000
v 0.07469857 0.25957519 0.10156079
v 0.07254934 0.26004511 0.07695165
v 0.07260332 0.25728363 0.08413953
v 0.07195053 0.25730634 0.07695165
v 0.07418551 0.25722864 0.10156079
v 0.07469857 0.25957519 0.07695165
v 0.07684779 0.25910529 0.05080000
v 0.07469857 0.25957519 0.05080000
v 0.07254934 0.26004511 0.07695165
v 0.07469857 0.25957519 0.10156079
v 0.07684779 0.25910529 0.10156079
v 0.07469857 0.25957519 0.05080000
v 0.07418551 0.25722864 0.05080000
v 0.07260332 0.25728363 0.06931321
v 0.07254934 0.26004511 0.07695165
v 0.07195053 0.25730634 0.07695165
v 0.09706384 0.24377777 0.07695165
v 0.09773150 0.24168152 0.10156079
v 0.09543243 0.24149373 0.09575756
v 0.09563526 0.24101387 0.10156079
v 0.09477513 0.24304880 0.07695165
v 0.09706384 0.24377777 0.10156079
v 0.09477513 0.24304880 0.10156079
v 0.09544869 0.24150047 0.10156079
v 0.09773150 0.24168152 0.10156079
v 0.09563526 0.24101387 0.10156079
v 0.09706384 0.24377777 0.07695165
v 0.09477513 0.24304880 0.07695165
v 0.09543243 0.24149373 0.05696697
v 0.09773150 0.24168152 0.05080000
v 0.09563526 0.24101387 0.05080000
v 0.09639619 0.24587400 0.07695165
v 0.09372494 0.24502321 0.07695165
v 0.09477513 0.24304880 0.10156079
v 0.09706384 0.24377777 0.10156079
v 0.09706384 0.24377777 0.07695165
v 0.09773150 0.24168152 0.05080000
v 0.09706384 0.24377777 0.05080000
v 0.09639619 0.24587400 0.07695165
v 0.09706384 0.24377777 0.10156079
v 0.09773150 0.24168152 0.10156079
v 0.09639619 0.24587400 0.07695165
v 0.09706384 0.24377777 0.05080000
v 0.09477513 0.24304880 0.05080000
v 0.09372494 0.24502321 0.07695165
v 0.09456551 0.21651015 0.07695165
v 0.09308394 0.21488382 0.10156079
v 0.09145761 0.21636540 0.10156079
v 0.09278985 0.21812776 0.07695165
v 0.09456551 0.21651015 0.10156079
v 0.09278985 0.21812776 0.10156079
v 0.09145761 0.21636540 0.10156079
v 0.09308394 0.21488382 0.10156079
v 0.09456551 0.21651015 0.07695165
v 0.09278985 0.21812776 0.07695165
v 0.09145761 0.21636540 0.05080000
v 0.09308394 0.21488382 0.05080000
v 0.09604707 0.21813649 0.07695165
v 0.09397464 0.22002445 0.07695165
v 0.09278985 0.21812776 0.10156079
v 0.09456551 0.21651015 0.10156079
v 0.09456551 0.21651015 0.07695165
v 0.09372690 0.21558961 0.05080000
v 0.09376347 0.21562974 0.05080000
v 0.09604707 0.21813649 0.07695165
v 0.09308394 0.21488382 0.05080000
v 0.09456551 0.21651015 0.10156079
v 0.09308394 0.21488382 0.10156079
v 0.09456551 0.21651015 0.05080000
v 0.09604707 0.21813649 0.07695165
v 0.09456551 0.21651015 0.05080000
v 0.09278985 0.21812776 0.05080000
v 0.09397464 0.22002445 0.07695165
v 0.09298570 0.24984841 0.10156079
v 0.09124423 0.24850406 0.10156079
v 0.09014702 0.24968427 0.08361060
v 0.09164135 0.25158989 0.07695165
v 0.08973999 0.25012210 0.07695165
v 0.09298570 0.24984841 0.10156079
v 0.09164135 0.25158989 0.10156079
v 0.09016104 0.24969749 0.10156079
v 0.08973999 0.25012210 0.10156079
v 0.09124423 0.24850406 0.10156079
v 0.09298570 0.24984841 0.05080000
v 0.09164135 0.25158989 0.07695165
v 0.09014702 0.24968427 0.06987530
v 0.08973999 0.25012210 0.07695165
v 0.09124423 0.24850406 0.05080000
v 0.09029700 0.25333136 0.07695165
v 0.08807784 0.25161824 0.07695165
v 0.08973999 0.25012210 0.10156079
v 0.09164135 0.25158989 0.10156079
v 0.09164135 0.25158989 0.05080000
v 0.09029700 0.25333136 0.07695165
v 0.09164135 0.25158989 0.07695165
v 0.09164135 0.25158989 0.10156079
v 0.09298570 0.24984841 0.10156079
v 0.09298570 0.24984841 0.05080000
v 0.09029700 0.25333136 0.07695165
v 0.09164135 0.25158989 0.05080000
v 0.08973999 0.25012210 0.05080000
v 0.08807784 0.25161824 0.07695165
v 0.08387397 0.25707626 0.07695165
v 0.08573286 0.25589961 0.10156079
v 0.08455621 0.25404072 0.10156079
v 0.08258928 0.25504670 0.07695165
v 0.08387397 0.25707626 0.10156079
v 0.08258928 0.25504670 0.10156079
v 0.08455621 0.25404072 0.10156079
v 0.08573286 0.25589961 0.10156079
v 0.08387397 0.25707626 0.07695165
v 0.08258928 0.25504670 0.07695165
v 0.08455621 0.25404072 0.05080000
v 0.08573286 0.25589961 0.05080000
v 0.08201507 0.25825292 0.07695165
v 0.08051566 0.25588414 0.07695165
v 0.08213246 0.25523120 0.09613932
v 0.08387397 0.25707626 0.10156079
v 0.08258928 0.25504670 0.10156079
v 0.08387397 0.25707626 0.05080000
v 0.08201507 0.25825292 0.07695165
v 0.08387397 0.25707626 0.07695165
v 0.08387397 0.25707626 0.10156079
v 0.08573286 0.25589961 0.10156079
v 0.08573286 0.25589961 0.05080000
v 0.08201507 0.25825292 0.07695165
v 0.08387397 0.25707626 0.05080000
v 0.08213246 0.25523120 0.05656128
v 0.08258928 0.25504670 0.05080000
v 0.08051566 0.25588414 0.07695165
v 0.09948742 0.23458217 0.07695165
v 0.09939785 0.23238400 0.10156079
v 0.09719968 0.23247355 0.10156079
v 0.09708741 0.23467995 0.07695165
v 0.09948742 0.23458217 0.10156079
v 0.09708741 0.23467995 0.10156079
v 0.09719968 0.23247355 0.10156079
v 0.09939785 0.23238400 0.10156079
v 0.09948742 0.23458217 0.07695165
v 0.09708741 0.23467995 0.07695165
v 0.09719968 0.23247355 0.05080000
v 0.09939785 0.23238400 0.05080000
v 0.09957698 0.23678035 0.07695165
v 0.09677584 0.23689447 0.07695165
v 0.09708741 0.23467995 0.10156079
v 0.09948742 0.23458217 0.10156079
v 0.09948742 0.23458217 0.07695165
v 0.09941967 0.23291938 0.05080000
v 0.09948742 0.23458217 0.05080000
v 0.09939785 0.23238400 0.05080000
v 0.09948742 0.23458217 0.10156079
v 0.09939785 0.23238400 0.10156079
v 0.09957698 0.23678035 0.07695165
v 0.09957698 0.23678035 0.07695165
v 0.09948742 0.23458217 0.05080000
v 0.09797263 0.23464389 0.05080000
v 0.09677584 0.23689447 0.07695165
v 0.09708741 0.23467995 0.05080000
v 0.09544869 0.24150047 0.10160000
v 0.09566275 0.24032545 0.10160000
v 0.09563526 0.24101387 0.10156079
v 0.09543243 0.24149373 0.05696697
v 0.09543243 0.24149373 0.09575756
v 0.09677584 0.23689447 0.07695165
v 0.09650414 0.23722403 0.05080000
v 0.09563526 0.24101387 0.05080000
v 0.09676599 0.23608191 0.05080000
v 0.09708741 0.23467995 0.05080000
v 0.09708741 0.23467995 0.10156079
v 0.09712657 0.23229030 0.10160000
v 0.09719968 0.23247355 0.10156079
v 0.09708741 0.23467995 0.07695165
v 0.09719697 0.23190390 0.05080000
v 0.09719968 0.23247355 0.05080000
v 0.09719697 0.23190390 0.10160000
v 0.09016104 0.24969749 0.10160000
v 0.09247626 0.24610840 0.10160000
v 0.09124423 0.24850406 0.10156079
v 0.09314075 0.24557392 0.05080000
v 0.09124423 0.24850406 0.05080000
v 0.09014702 0.24968427 0.06987530
v 0.09372494 0.24502321 0.07695165
v 0.09477513 0.24304880 0.05080000
v 0.09014702 0.24968427 0.08361060
v 0.09477513 0.24304880 0.10156079
v 0.09524626 0.24181429 0.10160000
v 0.09544869 0.24150047 0.10156079
v 0.08213246 0.25523120 0.09613932
v 0.08213902 0.25524709 0.10160000
v 0.08228540 0.25514582 0.10160000
v 0.08617798 0.25245294 0.10160000
v 0.08455621 0.25404072 0.10156079
v 0.08258928 0.25504670 0.10156079
v 0.08807784 0.25161824 0.07695165
v 0.08692686 0.25224864 0.05080000
v 0.08455621 0.25404072 0.05080000
v 0.08973999 0.25012210 0.05080000
v 0.08258928 0.25504670 0.07695165
v 0.08973999 0.25012210 0.10156079
v 0.09016104 0.24969749 0.10156079
v 0.07682167 0.25639433 0.10160000
v 0.07637788 0.25695604 0.10156079
v 0.07418551 0.25722864 0.10156079
v 0.07260392 0.25730431 0.10160000
v 0.08051566 0.25588414 0.07695165
v 0.07916473 0.25612935 0.05080000
v 0.07637788 0.25695604 0.05080000
v 0.08020249 0.25582153 0.05080000
v 0.08213246 0.25523120 0.05656128
v 0.08213902 0.25524709 0.05080000
v 0.07418551 0.25722864 0.07695165
v 0.06300735 0.25555605 0.05080000
v 0.06300735 0.25555605 0.10160000
v 0.06341550 0.25571331 0.07695165
v 0.06477528 0.25587812 0.10160000
v 0.06554228 0.25640470 0.10156079
v 0.06769566 0.25689840 0.10156079
v 0.06769566 0.25689840 0.05080000
v 0.06554228 0.25640470 0.07695165
v 0.07260332 0.25728363 0.06931321
v 0.07195053 0.25730634 0.07695165
v 0.07260332 0.25728363 0.08413953
v 0.07260392 0.25730431 0.05080000
v 0.05594006 0.25129724 0.07695165
v 0.05770210 0.25267431 0.05080000
v 0.05639264 0.25158489 0.05080000
v 0.05481032 0.25026840 0.05080000
v 0.05481032 0.25026840 0.10160000
v 0.05770210 0.25267431 0.10156079
v 0.05813398 0.25241238 0.10160000
v 0.05955676 0.25387475 0.10156079
v 0.06100836 0.25458205 0.05080000
v 0.05955676 0.25387475 0.05080000
v 0.05770210 0.25267431 0.07695165
v 0.06252509 0.25532106 0.05080000
v 0.06105823 0.25460634 0.05080000
v 0.09513972 0.22236878 0.05080000
v 0.09513972 0.22236878 0.10160000
v 0.09397464 0.22002445 0.07695165
v 0.09278985 0.21812776 0.05080000
v 0.09316534 0.21880543 0.05080000
v 0.09399091 0.22029543 0.05080000
v 0.09278985 0.21812776 0.10156079
v 0.09189288 0.21767540 0.10160000
v 0.08959015 0.21434677 0.10160000
v 0.09145761 0.21636540 0.10156079
v 0.08989195 0.21467300 0.05080000
v 0.09145761 0.21636540 0.05080000
v 0.09278985 0.21812776 0.07695165
v 0.08959015 0.21434677 0.05080000
v 0.09686255 0.22821251 0.07695165
v 0.09639793 0.22602497 0.05080000
v 0.09664644 0.22785331 0.05080000
v 0.09639793 0.22602497 0.10156079
v 0.09526011 0.22292675 0.10160000
v 0.09574880 0.22391324 0.10156079
v 0.09639793 0.22602497 0.07695165
v 0.09574880 0.22391324 0.05080000
v 0.09524626 0.22286254 0.10160000
v 0.06554228 0.25640470 0.05080000
v 0.07418551 0.25722864 0.05080000
v 0.08258928 0.25504670 0.05080000
v 0.08973999 0.25012210 0.07695165
v 0.09477513 0.24304880 0.07695165
v 0.03730557 0.25998232 0.07679386
v 0.04425139 0.25857210 0.05080000
v 0.04335126 0.25413862 0.05080000
v 0.03634245 0.25523865 0.07679386
v 0.03730557 0.25998232 0.07679386
v 0.03634245 0.25523865 0.07679386
v 0.04335126 0.25413862 0.10156827
v 0.04425139 0.25857210 0.10156827
v 0.04425139 0.25857210 0.10156827
v 0.04335126 0.25413862 0.10156827
v 0.05023481 0.25286162 0.10156827
v 0.05111143 0.25717929 0.10156827
v 0.04425139 0.25857210 0.07709985
v 0.05111143 0.25717929 0.10156827
v 0.05023481 0.25286162 0.10156827
v 0.04335126 0.25413862 0.07709985
v 0.04425139 0.25857210 0.07709985
v 0.05111143 0.25717929 0.05080000
v 0.04425139 0.25857210 0.05080000
v 0.04425139 0.25857210 0.10156827
v 0.05111143 0.25717929 0.10156827
v 0.03730557 0.25998232 0.07679386
v 0.04425139 0.25857210 0.07709985
v 0.04335126 0.25413862 0.07709985
v 0.05023481 0.25286162 0.05080000
v 0.05111143 0.25717929 0.05080000
v -0.05068834 0.25751153 0.07679386
v -0.04367159 0.25851071 0.05080000
v -0.04555611 0.25358039 0.06019175
v -0.04807373 0.25310338 0.06957965
v -0.04303380 0.25403199 0.05080000
v -0.05000594 0.25271940 0.07679386
v -0.05068834 0.25751153 0.07679386
v -0.05000594 0.25271940 0.07679386
v -0.04303380 0.25403199 0.10156827
v -0.04367159 0.25851071 0.10156827
v -0.04367159 0.25851071 0.10156827
v -0.04303380 0.25403199 0.10156827
v -0.03612038 0.25513583 0.10156827
v -0.03674150 0.25949758 0.10156827
v -0.04367159 0.25851071 0.07709985
v -0.03674150 0.25949758 0.10156827
v -0.03612038 0.25513583 0.10156827
v -0.04303380 0.25403199 0.07709985
v -0.04367159 0.25851071 0.07709985
v -0.03674150 0.25949758 0.05080000
v -0.04367159 0.25851071 0.05080000
v -0.04367159 0.25851071 0.10156827
v -0.03674150 0.25949758 0.10156827
v -0.05068834 0.25751153 0.07679386
v -0.04367159 0.25851071 0.07709985
v -0.04303380 0.25403199 0.07709985
v -0.03612038 0.25513583 0.05080000
v -0.03674150 0.25949758 0.05080000
v 0.01530832 0.26219136 0.07679386
v 0.02234915 0.26137900 0.05080000
v 0.01927625 0.25708753 0.06019175
v 0.01671996 0.25726438 0.06957965
v 0.02183064 0.25688490 0.05080000
v 0.01475353 0.25738281 0.07679386
v 0.01530832 0.26219136 0.07679386
v 0.01475353 0.25738281 0.07679386
v 0.02183064 0.25688490 0.10156827
v 0.02234915 0.26137900 0.10156827
v 0.02234915 0.26137900 0.10156827
v 0.02183064 0.25688490 0.10156827
v 0.02879805 0.25619999 0.10156827
v 0.02930302 0.26057670 0.10156827
v 0.02234915 0.26137900 0.07709985
v 0.02930302 0.26057670 0.10156827
v 0.02879805 0.25619999 0.10156827
v 0.02183064 0.25688490 0.07709985
v 0.02234915 0.26137900 0.07709985
v 0.02930302 0.26057670 0.05080000
v 0.02234915 0.26137900 0.05080000
v 0.02234915 0.26137900 0.10156827
v 0.02930302 0.26057670 0.10156827
v 0.01530832 0.26219136 0.07679386
v 0.02234915 0.26137900 0.07709985
v 0.02183064 0.25688490 0.07709985
v 0.02879805 0.25619999 0.05080000
v 0.02930302 0.26057670 0.05080000
v -0.02884971 0.26095143 0.07679386
v -0.02177329 0.26134822 0.05080000
v -0.02152003 0.25683138 0.05080000
v -0.02857873 0.25611857 0.07679386
v -0.02884971 0.26095143 0.07679386
v -0.02857873 0.25611857 0.07679386
v -0.02152003 0.25683138 0.10156827
v -0.02177329 0.26134822 0.10156827
v -0.02177329 0.26134822 0.10156827
v -0.02152003 0.25683138 0.10156827
v -0.01453762 0.25734124 0.10156827
v -0.01478427 0.26174009 0.10156827
v -0.02177329 0.26134822 0.07709985
v -0.01478427 0.26174009 0.10156827
v -0.01453762 0.25734124 0.10156827
v -0.02152003 0.25683138 0.07709985
v -0.02177329 0.26134822 0.07709985
v -0.01478427 0.26174009 0.05080000
v -0.02177329 0.26134822 0.05080000
v -0.02177329 0.26134822 0.10156827
v -0.01478427 0.26174009 0.10156827
v -0.02884971 0.26095143 0.07679386
v -0.02177329 0.26134822 0.07709985
v -0.02152003 0.25683138 0.07709985
v -0.01453762 0.25734124 0.05080000
v -0.01478427 0.26174009 0.05080000
v -0.00679720 0.26251519 0.07679386
v 0.00028727 0.26230663 0.05080000
v 0.00012364 0.25778422 0.05091184
v 0.00015416 0.25778466 0.05080000
v -0.00693962 0.25767684 0.07679386
v -0.00679720 0.26251519 0.07679386
v -0.00693962 0.25767684 0.07679386
v 0.00012364 0.25778422 0.10146168
v 0.00028727 0.26230663 0.10156827
v 0.00015416 0.25778466 0.10156827
v 0.00028727 0.26230663 0.10156827
v 0.00015416 0.25778466 0.10156827
v 0.00715461 0.25769684 0.10156827
v 0.00728424 0.26210067 0.10156827
v 0.00028727 0.26230663 0.07709985
v 0.00728424 0.26210067 0.10156827
v 0.00715461 0.25769684 0.10156827
v 0.00015416 0.25778466 0.07709985
v 0.00028727 0.26230663 0.07709985
v 0.00728424 0.26210067 0.05080000
v 0.00028727 0.26230663 0.05080000
v 0.00028727 0.26230663 0.10156827
v 0.00728424 0.26210067 0.10156827
v -0.00679720 0.26251519 0.07679386
v 0.00728424 0.26210067 0.05080000
v 0.00028727 0.26230663 0.07709985
v 0.00265925 0.25777540 0.06769098
v 0.00516412 0.25774145 0.05828018
v 0.00015416 0.25778466 0.07709985
v 0.00715461 0.25769684 0.05080000
v 0.05481032 0.25026840 0.10160000
v 0.05481032 0.25026840 0.05080000
v 0.05397414 0.25208521 0.05080000
v 0.05397414 0.25208521 0.10160000
v 0.00012363 0.25778463 0.10160000
v 0.02183064 0.25688490 0.10156827
v 0.00715461 0.25769684 0.10156827
v 0.05397414 0.25208521 0.10160000
v 0.02879805 0.25619999 0.10156827
v 0.00015416 0.25778466 0.10156827
v 0.01231194 0.25741151 0.05080000
v 0.00715461 0.25769684 0.05080000
v 0.00516412 0.25774145 0.05828018
v 0.01475353 0.25738281 0.07679386
v 0.00265925 0.25777540 0.06769098
v 0.01671996 0.25726438 0.06957965
v 0.01927625 0.25708753 0.06019175
v 0.02183064 0.25688490 0.05080000
v 0.00015416 0.25778466 0.07709985
v 0.03634245 0.25523865 0.07679386
v 0.02879805 0.25619999 0.05080000
v 0.03143993 0.25588945 0.07480176
v 0.03214112 0.25580230 0.07585613
v 0.02790883 0.25629818 0.07409725
v 0.02914992 0.25616023 0.07384986
v 0.02685573 0.25641042 0.07480176
v 0.03038978 0.25601625 0.07409725
v 0.02183064 0.25688490 0.07709985
v 0.02615158 0.25648299 0.07585613
v 0.02590422 0.25650799 0.07709985
v 0.04335126 0.25413862 0.10156827
v 0.02685573 0.25641042 0.07939795
v 0.02615158 0.25648299 0.07834358
v 0.02790883 0.25629818 0.08010247
v 0.02914992 0.25616023 0.08034986
v 0.03038978 0.25601625 0.08010247
v 0.03143993 0.25588945 0.07939795
v 0.03214112 0.25580230 0.07834358
v 0.03238725 0.25577125 0.07709985
v 0.05023481 0.25286162 0.10156827
v 0.05397414 0.25208521 0.05080000
v 0.05023481 0.25286162 0.05080000
v 0.04335126 0.25413862 0.07709985
v 0.04335126 0.25413862 0.05080000
v -0.05000594 0.25271940 0.07679386
v -0.05132259 0.25240749 0.05080000
v -0.05295397 0.25208774 0.05080000
v -0.04807373 0.25310338 0.06957965
v -0.04555611 0.25358039 0.06019175
v -0.04303380 0.25403199 0.05080000
v -0.05371124 0.25193933 0.05080000
v -0.05371124 0.25193933 0.10160000
v 0.00000000 0.25777119 0.10160000
v -0.03612038 0.25513583 0.10156827
v -0.04303380 0.25403199 0.10156827
v -0.03612038 0.25513583 0.05080000
v -0.03639521 0.25509566 0.07354387
v -0.03513057 0.25527793 0.07379126
v -0.02152003 0.25683138 0.05080000
v -0.03766121 0.25490671 0.07379126
v -0.03873554 0.25474125 0.07449577
v -0.04303380 0.25403199 0.07709985
v -0.03945394 0.25462797 0.07555015
v -0.03970631 0.25458768 0.07679386
v -0.03964260 0.25459787 0.07615979
v -0.02857873 0.25611857 0.07679386
v -0.03405952 0.25542721 0.07449577
v -0.03334441 0.25552428 0.07555015
v -0.02152003 0.25683138 0.10156827
v -0.03315688 0.25554940 0.07615921
v -0.03945394 0.25462797 0.07803759
v -0.03964270 0.25459784 0.07742745
v -0.03873554 0.25474125 0.07909196
v -0.01453762 0.25734124 0.10156827
v -0.03766121 0.25490671 0.07979647
v -0.03639521 0.25509566 0.08004387
v -0.03513057 0.25527793 0.07979647
v -0.03405952 0.25542721 0.07909196
v -0.03334441 0.25552428 0.07803759
v -0.03315689 0.25554940 0.07742855
v -0.03309340 0.25555786 0.07679386
v -0.00693962 0.25767684 0.07679386
v -0.00640552 0.25758716 0.05080000
v -0.01453762 0.25734124 0.05080000
v 0.00012364 0.25778422 0.05091184
v 0.00012363 0.25778463 0.05080000
v 0.00012364 0.25778422 0.10146168
v -0.02152003 0.25683138 0.07709985
v 0.00015416 0.25778466 0.05080000
v -0.05371124 0.25193933 0.10160000
v -0.05371124 0.25193933 0.05080000
v -0.05442616 0.25085244 0.05080000
v -0.05481032 0.25026840 0.10160000
v -0.05481032 0.25026840 0.05080000
v -0.05958975 0.25389406 0.07722641
v -0.05496705 0.25039858 0.05080000
v -0.05735487 0.25238186 0.05080000
v -0.05481032 0.25026840 0.05080000
v -0.05481032 0.25026840 0.10160000
v -0.05773598 0.25269839 0.10160000
v -0.05773598 0.25269839 0.05080000
v -0.05816802 0.25577953 0.07722641
v -0.05641144 0.25445497 0.10160000
v -0.05773598 0.25269839 0.10160000
v -0.05958975 0.25389406 0.07722641
v -0.05816802 0.25577953 0.07722641
v -0.05958975 0.25389406 0.07722641
v -0.05773598 0.25269839 0.05080000
v -0.05641144 0.25445497 0.05080000
v -0.05816802 0.25577953 0.07722641
v -0.05641144 0.25445497 0.05080000
v -0.05816802 0.25577953 0.05080000
v -0.05821273 0.25581324 0.10160000
v -0.05641144 0.25445497 0.10160000
v -0.05996932 0.25713778 0.07722641
v -0.05996932 0.25713778 0.07722641
v -0.05816802 0.25577953 0.05080000
v -0.05958975 0.25389406 0.05080000
v -0.06161460 0.25495586 0.07722641
v -0.05996932 0.25713778 0.07722641
v -0.06161460 0.25495586 0.07722641
v -0.05963848 0.25392243 0.10160000
v -0.05821273 0.25581324 0.10160000
v -0.06628770 0.25659835 0.05080000
v -0.06845196 0.25702500 0.07722641
v -0.06161460 0.25495586 0.07722641
v -0.06628770 0.25659835 0.10160000
v -0.06477528 0.25598970 0.10160000
v -0.05963848 0.25392243 0.10160000
v -0.05958975 0.25389406 0.05080000
v -0.06782694 0.25930220 0.07722641
v -0.06570540 0.25871989 0.10160000
v -0.06628770 0.25659835 0.10160000
v -0.06845196 0.25702500 0.07722641
v -0.06782694 0.25930220 0.07722641
v -0.06845196 0.25702500 0.07722641
v -0.06628770 0.25659835 0.05080000
v -0.06570540 0.25871989 0.05080000
v -0.06782694 0.25930220 0.07722641
v -0.06570540 0.25871989 0.05080000
v -0.06782694 0.25930220 0.05080000
v -0.06788094 0.25931701 0.10160000
v -0.06570540 0.25871989 0.10160000
v -0.07000248 0.25989932 0.07722641
v -0.07000248 0.25989932 0.07722641
v -0.06782694 0.25930220 0.05080000
v -0.06845196 0.25702500 0.05080000
v -0.07072578 0.25726405 0.07722641
v -0.07000248 0.25989932 0.07722641
v -0.07072578 0.25726405 0.07722641
v -0.06850773 0.25703338 0.10160000
v -0.06788094 0.25931701 0.10160000
v -0.07567514 0.25706491 0.05080000
v -0.07784399 0.25666222 0.07722641
v -0.07072578 0.25726405 0.07722641
v -0.07567514 0.25706491 0.10160000
v -0.07230300 0.25705007 0.10160000
v -0.06850773 0.25703338 0.10160000
v -0.06845196 0.25702500 0.05080000
v -0.07810400 0.25900927 0.07722641
v -0.07591739 0.25925153 0.10160000
v -0.07567514 0.25706491 0.10160000
v -0.07784399 0.25666222 0.07722641
v -0.07784399 0.25666222 0.07722641
v -0.07567514 0.25706491 0.05080000
v -0.07567523 0.25706571 0.05080000
v -0.07810400 0.25900927 0.07722641
v -0.07591739 0.25925153 0.05080000
v -0.07810400 0.25900927 0.07722641
v -0.08034629 0.25876087 0.07722641
v -0.07815967 0.25900310 0.10160000
v -0.07591739 0.25925153 0.05080000
v -0.07810400 0.25900927 0.05080000
v -0.07682167 0.25915134 0.10160000
v -0.07591739 0.25925153 0.10160000
v -0.08034629 0.25876087 0.07722641
v -0.07810400 0.25900927 0.05080000
v -0.07784970 0.25671381 0.05080000
v -0.08004538 0.25604475 0.07722641
v -0.07784399 0.25666222 0.05080000
v -0.08034629 0.25876087 0.07722641
v -0.08004538 0.25604475 0.07722641
v -0.07789891 0.25664940 0.10160000
v -0.07815967 0.25900310 0.10160000
v -0.08457141 0.25403208 0.05080000
v -0.08643828 0.25285700 0.07722641
v -0.08004538 0.25604475 0.07722641
v -0.08457141 0.25403208 0.10160000
v -0.08228540 0.25492880 0.10160000
v -0.07789891 0.25664940 0.10160000
v -0.07784399 0.25666222 0.05080000
v -0.08754659 0.25494215 0.07722641
v -0.08560396 0.25597471 0.10160000
v -0.08457141 0.25403208 0.10160000
v -0.08643828 0.25285700 0.07722641
v -0.08754659 0.25494215 0.07722641
v -0.08643828 0.25285700 0.07722641
v -0.08457141 0.25403208 0.05080000
v -0.08560396 0.25597471 0.05080000
v -0.08754659 0.25494215 0.07722641
v -0.08737186 0.25503504 0.05080000
v -0.08754659 0.25494215 0.05080000
v -0.08560396 0.25597471 0.05080000
v -0.08759604 0.25491586 0.10160000
v -0.08560396 0.25597471 0.10160000
v -0.08953868 0.25388333 0.07722641
v -0.08953868 0.25388333 0.07722641
v -0.08754659 0.25494215 0.05080000
v -0.08643828 0.25285700 0.05080000
v -0.08825609 0.25147030 0.07722641
v -0.08953868 0.25388333 0.07722641
v -0.08825609 0.25147030 0.07722641
v -0.08648460 0.25282481 0.10160000
v -0.08759604 0.25491586 0.10160000
v -0.09171905 0.24792857 0.05080000
v -0.09302007 0.24614717 0.07722641
v -0.08825609 0.25147030 0.07722641
v -0.09171905 0.24792857 0.10160000
v -0.08920717 0.25027815 0.10160000
v -0.08648460 0.25282481 0.10160000
v -0.08643828 0.25285700 0.05080000
v -0.09302007 0.24614717 0.07722641
v -0.09482003 0.24767573 0.07722641
v -0.09298468 0.24900337 0.10160000
v -0.09339596 0.24935265 0.10160000
v -0.09171905 0.24792857 0.10160000
v -0.09482003 0.24767573 0.07722641
v -0.09302007 0.24614717 0.07722641
v -0.09171905 0.24792857 0.05080000
v -0.09339596 0.24935265 0.05080000
v -0.09482003 0.24767573 0.07722641
v -0.09393558 0.24871722 0.05080000
v -0.09482003 0.24767573 0.05080000
v -0.09339596 0.24935265 0.05080000
v -0.09485628 0.24763304 0.10160000
v -0.09339596 0.24935265 0.10160000
v -0.09628034 0.24595612 0.07722641
v -0.09628034 0.24595612 0.07722641
v -0.09482003 0.24767573 0.05080000
v -0.09302007 0.24614717 0.05080000
v -0.09419736 0.24418724 0.07722641
v -0.09419736 0.24418724 0.07722641
v -0.09305123 0.24610017 0.10160000
v -0.09306091 0.24610840 0.10160000
v -0.09628034 0.24595612 0.07722641
v -0.09485628 0.24763304 0.10160000
v -0.09419736 0.24418724 0.07722641
v -0.09302007 0.24614717 0.05080000
v -0.09586974 0.24012052 0.05080000
v -0.09665905 0.23748118 0.07722641
v -0.09577382 0.24032545 0.10160000
v -0.09524626 0.24144444 0.10160000
v -0.09610778 0.23961711 0.10160000
v -0.09305123 0.24610017 0.10160000
v -0.09610778 0.23961711 0.05080000
v -0.09665905 0.23748118 0.07722641
v -0.09889623 0.23823705 0.07722641
v -0.09765723 0.24014062 0.10160000
v -0.09819203 0.24032131 0.10160000
v -0.09610778 0.23961711 0.10160000
v -0.09889623 0.23823705 0.07722641
v -0.09665905 0.23748118 0.07722641
v -0.09636579 0.23970428 0.05080000
v -0.09610778 0.23961711 0.05080000
v -0.09611701 0.23962022 0.05080000
v -0.09819203 0.24032131 0.05080000
v -0.09889623 0.23823705 0.07722641
v -0.09819203 0.24032131 0.05080000
v -0.09889623 0.23823705 0.05080000
v -0.09891415 0.23818401 0.10160000
v -0.09819203 0.24032131 0.10160000
v -0.09961836 0.23609975 0.07722641
v -0.09702942 0.23522502 0.07722641
v -0.09961836 0.23609975 0.07722641
v -0.09833881 0.23804872 0.05080000
v -0.09889623 0.23823705 0.05080000
v -0.09665905 0.23748118 0.05080000
v -0.09702942 0.23522502 0.07722641
v -0.09667066 0.23742600 0.10160000
v -0.09765723 0.23775932 0.10160000
v -0.09961836 0.23609975 0.07722641
v -0.09891415 0.23818401 0.10160000
v -0.09702942 0.23522502 0.07722641
v -0.09665905 0.23748118 0.05080000
v -0.09710470 0.23046997 0.05080000
v -0.09684086 0.22808392 0.07722641
v -0.09711726 0.23027246 0.10160000
v -0.09699128 0.23229030 0.10160000
v -0.09667066 0.23742600 0.10160000
v -0.09711726 0.23027246 0.05080000
v -0.09919905 0.22796027 0.07722641
v -0.09931424 0.23015726 0.10160000
v -0.09765723 0.23024414 0.10160000
v -0.09684086 0.22808392 0.07722641
v -0.09711726 0.23027246 0.10160000
v -0.09919905 0.22796027 0.07722641
v -0.09684086 0.22808392 0.07722641
v -0.09711726 0.23027246 0.05080000
v -0.09931424 0.23015726 0.05080000
v -0.09919905 0.22796027 0.07722641
v -0.09931424 0.23015726 0.05080000
v -0.09919905 0.22796027 0.05080000
v -0.09919611 0.22790435 0.10160000
v -0.09931424 0.23015726 0.10160000
v -0.09908092 0.22570737 0.07722641
v -0.09908092 0.22570737 0.07722641
v -0.09919905 0.22796027 0.05080000
v -0.09684086 0.22808392 0.05080000
v -0.09635195 0.22585046 0.07722641
v -0.09908092 0.22570737 0.07722641
v -0.09635195 0.22585046 0.07722641
v -0.09765723 0.22798504 0.10160000
v -0.09683127 0.22802834 0.10160000
v -0.09919611 0.22790435 0.10160000
v -0.09353980 0.21928366 0.07722641
v -0.09635195 0.22585046 0.07722641
v -0.09507847 0.22267041 0.05080000
v -0.09684086 0.22808392 0.05080000
v -0.09516405 0.22292675 0.10160000
v -0.09524626 0.22317827 0.10160000
v -0.09460480 0.22121546 0.10160000
v -0.09683127 0.22802834 0.10160000
v -0.09460480 0.22121546 0.05080000
v -0.09568568 0.21829797 0.07722641
v -0.09660397 0.22029714 0.10160000
v -0.09524626 0.22092082 0.10160000
v -0.09353980 0.21928366 0.07722641
v -0.09460480 0.22121546 0.10160000
v -0.09568568 0.21829797 0.07722641
v -0.09353980 0.21928366 0.07722641
v -0.09460480 0.22121546 0.05080000
v -0.09660397 0.22029714 0.05080000
v -0.09568568 0.21829797 0.07722641
v -0.09632242 0.21968420 0.05080000
v -0.09568568 0.21829797 0.05080000
v -0.09660397 0.22029714 0.05080000
v -0.09566230 0.21824709 0.10160000
v -0.09660397 0.22029714 0.10160000
v -0.09474399 0.21624790 0.07722641
v -0.09474399 0.21624790 0.07722641
v -0.09568568 0.21829797 0.05080000
v -0.09353980 0.21928366 0.05080000
v -0.09226072 0.21738857 0.07722641
v -0.09226072 0.21738857 0.07722641
v -0.09351037 0.21923555 0.10160000
v -0.09524626 0.21843819 0.10160000
v -0.09474399 0.21624790 0.07722641
v -0.09566230 0.21824709 0.10160000
v -0.08959015 0.21434677 0.05080000
v -0.08959015 0.21434677 0.10160000
v -0.09226072 0.21738857 0.07722641
v -0.09294074 0.21853486 0.05080000
v -0.09243853 0.21790712 0.05080000
v -0.09353980 0.21928366 0.05080000
v -0.09225932 0.21767540 0.10160000
v -0.09298468 0.21857998 0.10160000
v -0.09351037 0.21923555 0.10160000
v -0.08952077 0.21348636 0.05080000
v -0.08952077 0.21348636 0.10160000
v -0.08959015 0.21434677 0.10160000
v -0.08959015 0.21434677 0.05080000
v -0.08952260 0.21348377 0.10160000
v -0.08952077 0.21348636 0.10160000
v -0.08952077 0.21348636 0.05080000
v -0.08952260 0.21348377 0.05080000
v -0.08952260 0.21348377 0.10160000
v -0.08952260 0.21348377 0.05080000
v -0.08941527 0.21248713 0.05080000
v -0.08941527 0.21248713 0.10160000
v -0.08941527 0.21248713 0.05080000
v -0.08941165 0.21249273 0.05080000
v -0.08941165 0.21249273 0.10160000
v -0.08941527 0.21248713 0.10160000
v -0.08920717 0.21171458 0.10160000
v -0.08941165 0.21249273 0.05080000
v -0.08635260 0.20228441 0.07722641
v -0.08725649 0.20429115 0.05080000
v -0.08725649 0.20429115 0.10160000
v -0.08941165 0.21249273 0.10160000
v -0.08837801 0.20144160 0.07722641
v -0.08635260 0.20228441 0.07722641
v -0.08725649 0.20429115 0.05080000
v -0.08922321 0.20347278 0.05080000
v -0.08837801 0.20144160 0.07722641
v -0.08922321 0.20347278 0.10160000
v -0.08920717 0.20347944 0.10160000
v -0.08635260 0.20228441 0.07722641
v -0.08725649 0.20429115 0.10160000
v -0.08837801 0.20144160 0.07722641
v -0.08751130 0.19935873 0.07722641
v -0.08835650 0.20138991 0.10160000
v -0.08922321 0.20347278 0.05080000
v -0.08837801 0.20144160 0.05080000
v -0.08920717 0.20343424 0.10160000
v -0.08922321 0.20347278 0.10160000
v -0.08751130 0.19935873 0.07722641
v -0.08837801 0.20144160 0.05080000
v -0.08635260 0.20228441 0.05080000
v -0.08528053 0.20028698 0.07722641
v -0.08751130 0.19935873 0.07722641
v -0.08528053 0.20028698 0.07722641
v -0.08632778 0.20223407 0.10160000
v -0.08835650 0.20138991 0.10160000
v -0.08244511 0.19618894 0.05080000
v -0.08099898 0.19452979 0.07722641
v -0.08528053 0.20028698 0.07722641
v -0.08244511 0.19618894 0.10160000
v -0.08632778 0.20223407 0.10160000
v -0.08635260 0.20228441 0.05080000
v -0.08269302 0.19313803 0.07722641
v -0.08099898 0.19452979 0.07722641
v -0.08244511 0.19618894 0.05080000
v -0.08408957 0.19483793 0.05080000
v -0.08269302 0.19313803 0.07722641
v -0.08408957 0.19483793 0.10160000
v -0.08244511 0.19618894 0.10160000
v -0.08099898 0.19452979 0.07722641
v -0.08269302 0.19313803 0.07722641
v -0.08408957 0.19483793 0.05080000
v -0.08269302 0.19313803 0.05080000
v -0.08265746 0.19309478 0.10160000
v -0.08408957 0.19483793 0.10160000
v -0.08126091 0.19139488 0.07722641
v -0.08126091 0.19139488 0.07722641
v -0.08269302 0.19313803 0.05080000
v -0.08099898 0.19452979 0.05080000
v -0.07939453 0.19292822 0.07722641
v -0.07939453 0.19292822 0.07722641
v -0.08096065 0.19448881 0.10160000
v -0.08228540 0.19340044 0.10160000
v -0.08126091 0.19139488 0.07722641
v -0.08265746 0.19309478 0.10160000
v -0.07549408 0.18982644 0.05080000
v -0.07362954 0.18865697 0.07722641
v -0.07939453 0.19292822 0.07722641
v -0.07549408 0.18982644 0.10160000
v -0.07682167 0.19095872 0.10160000
v -0.08096065 0.19448881 0.10160000
v -0.08099898 0.19452979 0.05080000
v -0.07484931 0.18683369 0.07722641
v -0.07362954 0.18865697 0.07722641
v -0.07549408 0.18982644 0.05080000
v -0.07667785 0.18805699 0.05080000
v -0.07484931 0.18683369 0.07722641
v -0.07667785 0.18805699 0.10160000
v -0.07549408 0.18982644 0.10160000
v -0.07362954 0.18865697 0.07722641
v -0.07484931 0.18683369 0.07722641
v -0.07667785 0.18805699 0.05080000
v -0.07484931 0.18683369 0.05080000
v -0.07480277 0.18680255 0.10160000
v -0.07667785 0.18805699 0.10160000
v -0.07297423 0.18557926 0.07722641
v -0.07297423 0.18557926 0.07722641
v -0.07484931 0.18683369 0.05080000
v -0.07362954 0.18865697 0.05080000
v -0.07163008 0.18758845 0.07722641
v -0.07297423 0.18557926 0.07722641
v -0.07163008 0.18758845 0.07722641
v -0.07358098 0.18862884 0.10160000
v -0.07480277 0.18680255 0.10160000
v -0.07163008 0.18758845 0.07722641
v -0.07100067 0.18750392 0.05080000
v -0.06699932 0.18574888 0.05080000
v -0.07362954 0.18865697 0.05080000
v -0.06487604 0.18516923 0.07722641
v -0.06699932 0.18574888 0.10160000
v -0.07230300 0.18806963 0.10160000
v -0.07358098 0.18862884 0.10160000
v -0.06551743 0.18306750 0.07722641
v -0.06487604 0.18516923 0.07722641
v -0.06699932 0.18574888 0.05080000
v -0.06762163 0.18370962 0.05080000
v -0.06551743 0.18306750 0.07722641
v -0.06762163 0.18370962 0.10160000
v -0.06699932 0.18574888 0.10160000
v -0.06487604 0.18516923 0.07722641
v -0.06551743 0.18306750 0.07722641
v -0.06762163 0.18370962 0.05080000
v -0.06551743 0.18306750 0.05080000
v -0.06546386 0.18305115 0.10160000
v -0.06762163 0.18370962 0.10160000
v -0.06335966 0.18240902 0.07722641
v -0.06335966 0.18240902 0.07722641
v -0.06551743 0.18306750 0.05080000
v -0.06487604 0.18516923 0.05080000
v -0.06265283 0.18472525 0.07722641
v -0.06335966 0.18240902 0.07722641
v -0.06265283 0.18472525 0.07722641
v -0.06482142 0.18515636 0.10160000
v -0.06546386 0.18305115 0.10160000
v -0.06265283 0.18472525 0.07722641
v -0.06487604 0.18516923 0.05080000
v -0.06338511 0.18489973 0.05080000
v -0.06148750 0.18455674 0.05080000
v -0.06148750 0.18455674 0.10160000
v -0.06477528 0.18514806 0.10160000
v -0.06482142 0.18515636 0.10160000
v -0.03544351 0.17265283 0.08964279
v -0.03161250 0.16874838 0.08038680
v -0.03269546 0.16994630 0.08850474
v -0.03406262 0.17134812 0.09216525
v -0.03600760 0.17315653 0.09538680
v -0.03970052 0.17608784 0.09889878
v -0.03161250 0.16874838 0.07201321
v -0.03231179 0.16950846 0.06651713
v -0.03179322 0.16895407 0.06861514
v -0.03441847 0.17163785 0.05995522
v -0.03361859 0.17090550 0.06123019
v -0.03835420 0.17498280 0.05486239
v -0.03703563 0.17403406 0.05578361
v -0.03976512 0.17599800 0.05387665
v -0.04068569 0.17677382 0.07663447
v -0.04047762 0.17663202 0.07539076
v -0.04328919 0.17841664 0.07864076
v -0.04219310 0.17775385 0.07839336
v -0.04531265 0.17953731 0.10120791
v -0.04441087 0.17905386 0.07839336
v -0.04161481 0.17738751 0.09998524
v -0.04933490 0.18140295 0.10160000
v -0.05086974 0.18199803 0.10160000
v -0.04538225 0.17957360 0.07768885
v -0.05086974 0.18199803 0.05080000
v -0.04627571 0.18002632 0.07539076
v -0.04621596 0.17999679 0.07602826
v -0.04604198 0.17991018 0.07414704
v -0.04621655 0.17999709 0.07475641
v -0.04604198 0.17991018 0.07663447
v -0.04538225 0.17957360 0.07309266
v -0.04441087 0.17905386 0.07238815
v -0.04933490 0.18140295 0.05080000
v -0.04401358 0.17869160 0.05179400
v -0.04328919 0.17841664 0.07214075
v -0.04228352 0.17781007 0.05211717
v -0.04219310 0.17775385 0.07238815
v -0.04128354 0.17717230 0.07309266
v -0.04068569 0.17677382 0.07414704
v -0.04128354 0.17717230 0.07768885
v -0.06148750 0.18455674 0.10160000
v -0.05784171 0.18367817 0.05080000
v -0.06148750 0.18455674 0.05080000
v -0.04460941 0.18160339 0.07602809
v -0.04443752 0.18151464 0.07663447
v -0.04604198 0.17991018 0.07663447
v -0.04466838 0.18163365 0.07539076
v -0.04621596 0.17999679 0.07602826
v -0.04627571 0.18002632 0.07539076
v -0.04538225 0.17957360 0.07768885
v -0.04407777 0.18132463 0.07721628
v -0.04378555 0.18117028 0.07768885
v -0.04282470 0.18064003 0.07839336
v -0.04441087 0.17905386 0.07839336
v -0.04171386 0.17999198 0.07864076
v -0.04328919 0.17841664 0.07864076
v -0.04062698 0.17931996 0.07839336
v -0.04219310 0.17775385 0.07839336
v -0.03972400 0.17873183 0.07768885
v -0.04128354 0.17717230 0.07768885
v -0.03912996 0.17832954 0.07663447
v -0.04068569 0.17677382 0.07663447
v -0.03892311 0.17818652 0.07539076
v -0.04047762 0.17663202 0.07539076
v -0.03912996 0.17832954 0.07414704
v -0.04068569 0.17677382 0.07414704
v -0.03972400 0.17873183 0.07309266
v -0.04128354 0.17717230 0.07309266
v -0.04062698 0.17931996 0.07238815
v -0.04219310 0.17775385 0.07238815
v -0.04171386 0.17999198 0.07214075
v -0.04328919 0.17841664 0.07214075
v -0.04282470 0.18064003 0.07238815
v -0.04441087 0.17905386 0.07238815
v -0.04378555 0.18117028 0.07309266
v -0.04538225 0.17957360 0.07309266
v -0.04407777 0.18132463 0.07356524
v -0.04443752 0.18151464 0.07414704
v -0.04621655 0.17999709 0.07475641
v -0.04460998 0.18160369 0.07475653
v -0.04604198 0.17991018 0.07414704
v -0.02996250 0.17020354 0.08038680
v -0.03161250 0.16874838 0.08038680
v -0.03161250 0.16874838 0.07201321
v -0.02996250 0.17020354 0.07201321
v -0.04407714 0.18132582 0.10130329
v -0.04531265 0.17953731 0.10120791
v -0.04161481 0.17738751 0.09998524
v -0.04753602 0.18298942 0.10160000
v -0.04933490 0.18140295 0.10160000
v -0.03600760 0.17315653 0.09538680
v -0.03436280 0.17460710 0.09538680
v -0.03688461 0.17669164 0.09803617
v -0.03993319 0.17887056 0.09998524
v -0.03970052 0.17608784 0.09889878
v -0.03105012 0.17139736 0.08850474
v -0.03406262 0.17134812 0.09216525
v -0.03161250 0.16874838 0.08038680
v -0.02996250 0.17020354 0.08038680
v -0.03269546 0.16994630 0.08850474
v -0.02996250 0.17020354 0.07201321
v -0.03161250 0.16874838 0.07201321
v -0.03179322 0.16895407 0.06861514
v -0.03066541 0.17097752 0.06647099
v -0.03361859 0.17090550 0.06123019
v -0.03285904 0.17316853 0.05999162
v -0.03094265 0.17128278 0.06428504
v -0.03231179 0.16950846 0.06651713
v -0.03703563 0.17403406 0.05578361
v -0.03669257 0.17646883 0.05482707
v -0.03390452 0.17419729 0.05764936
v -0.03441847 0.17163785 0.05995522
v -0.03794231 0.17748705 0.05356199
v -0.03976512 0.17599800 0.05387665
v -0.04228352 0.17781007 0.05211717
v -0.03835420 0.17498280 0.05486239
v -0.04232886 0.18023340 0.05179434
v -0.04401358 0.17869160 0.05179400
v -0.04407756 0.18132494 0.05109689
v -0.04405480 0.18131399 0.05109884
v -0.04814642 0.18245110 0.05080000
v -0.04753602 0.18298942 0.05080000
v -0.04933490 0.18140295 0.05080000
v -0.04443752 0.18151464 0.07414704
v -0.04891552 0.18336767 0.05080000
v -0.06017078 0.18645385 0.05080000
v -0.04753602 0.18298942 0.05080000
v -0.04407777 0.18132463 0.07356524
v -0.04407756 0.18132494 0.05109689
v -0.06121250 0.18673947 0.05080000
v -0.04466838 0.18163365 0.07539076
v -0.04460998 0.18160369 0.07475653
v -0.06121250 0.18673947 0.10160000
v -0.04460941 0.18160339 0.07602809
v -0.04443752 0.18151464 0.07663447
v -0.04753602 0.18298942 0.10160000
v -0.04407714 0.18132582 0.10130329
v -0.04407777 0.18132463 0.07721628
v -0.03993319 0.17887056 0.09998524
v -0.04171386 0.17999198 0.07864076
v -0.03688461 0.17669164 0.09803617
v -0.03436280 0.17460710 0.09538680
v -0.04062698 0.17931996 0.07839336
v -0.04282470 0.18064003 0.07839336
v -0.03105012 0.17139736 0.08850474
v -0.03972400 0.17873183 0.07768885
v -0.04378555 0.18117028 0.07768885
v -0.02996250 0.17020354 0.08038680
v -0.03912996 0.17832954 0.07663447
v -0.02996250 0.17020354 0.07201321
v -0.03892311 0.17818652 0.07539076
v -0.03066541 0.17097752 0.06647099
v -0.03912996 0.17832954 0.07414704
v -0.03972400 0.17873183 0.07309266
v -0.04062698 0.17931996 0.07238815
v -0.03285904 0.17316853 0.05999162
v -0.03390452 0.17419729 0.05764936
v -0.03094265 0.17128278 0.06428504
v -0.04171386 0.17999198 0.07214075
v -0.03669257 0.17646883 0.05482707
v -0.03794231 0.17748705 0.05356199
v -0.04282470 0.18064003 0.07238815
v -0.04232886 0.18023340 0.05179434
v -0.04405480 0.18131399 0.05109884
v -0.04378555 0.18117028 0.07309266
v 0.08959015 0.21434677 0.05080000
v 0.08959015 0.21434677 0.10160000
v 0.08952077 0.21348636 0.10160000
v 0.08952077 0.21348636 0.05080000
v 0.08952260 0.21348377 0.05080000
v 0.08952077 0.21348636 0.05080000
v 0.08952077 0.21348636 0.10160000
v 0.08952260 0.21348377 0.10160000
v 0.08941527 0.21248713 0.10160000
v 0.08941527 0.21248713 0.05080000
v 0.08952260 0.21348377 0.05080000
v 0.08952260 0.21348377 0.10160000
v 0.08941527 0.21248713 0.10160000
v 0.08941165 0.21249273 0.10160000
v 0.08941165 0.21249273 0.05080000
v 0.08941527 0.21248713 0.05080000
v 0.08846539 0.20780589 0.07618057
v 0.08775353 0.20558204 0.05080000
v 0.08936344 0.21229181 0.05080000
v 0.08941165 0.21249273 0.10160000
v 0.08779927 0.20570971 0.10160000
v 0.08941165 0.21249273 0.05080000
v 0.09060629 0.20699011 0.07618057
v 0.08977608 0.20481135 0.05080000
v 0.08775353 0.20558204 0.05080000
v 0.08846539 0.20780589 0.07618057
v 0.09060629 0.20699011 0.07618057
v 0.08846539 0.20780589 0.07618057
v 0.08779927 0.20570971 0.10160000
v 0.08982293 0.20493430 0.10164665
v 0.08779792 0.20570591 0.10164665
v 0.08977608 0.20481135 0.07618057
v 0.08899273 0.20275554 0.05080000
v 0.08977608 0.20481135 0.05080000
v 0.09060629 0.20699011 0.07618057
v 0.08982293 0.20493430 0.10164665
v 0.08899273 0.20275554 0.10164665
v 0.08899273 0.20275554 0.10164665
v 0.08982293 0.20493430 0.10164665
v 0.08779792 0.20570591 0.10164665
v 0.08693692 0.20353889 0.10164665
v 0.08779792 0.20570591 0.10164665
v 0.08779927 0.20570971 0.10160000
v 0.08693855 0.20354259 0.10160000
v 0.08693692 0.20353889 0.10164665
v 0.08977608 0.20481135 0.07618057
v 0.08899273 0.20275554 0.10164665
v 0.08693855 0.20354259 0.10160000
v 0.08693692 0.20353889 0.10164665
v 0.08775353 0.20558204 0.07618057
v 0.08899273 0.20275554 0.05080000
v 0.08977608 0.20481135 0.07618057
v 0.08775353 0.20558204 0.07618057
v 0.08693692 0.20353889 0.05080000
v 0.08693692 0.20353889 0.05080000
v 0.08775353 0.20558204 0.07618057
v 0.08397134 0.19822520 0.07618057
v 0.08617798 0.20228276 0.10160000
v 0.08693855 0.20354259 0.10160000
v 0.08266167 0.19645818 0.10160000
v 0.08257701 0.19635223 0.05080000
v 0.08573217 0.19675946 0.07618057
v 0.08424050 0.19496749 0.05080000
v 0.08257701 0.19635223 0.05080000
v 0.08397134 0.19822520 0.07618057
v 0.08573217 0.19675946 0.07618057
v 0.08397134 0.19822520 0.07618057
v 0.08266167 0.19645818 0.10160000
v 0.08432467 0.19506861 0.10164665
v 0.08265916 0.19645503 0.10164665
v 0.08424050 0.19496749 0.07618057
v 0.08283300 0.19327666 0.05080000
v 0.08424050 0.19496749 0.05080000
v 0.08573217 0.19675946 0.07618057
v 0.08432467 0.19506861 0.10164665
v 0.08283300 0.19327666 0.10164665
v 0.08283300 0.19327666 0.10164665
v 0.08432467 0.19506861 0.10164665
v 0.08265916 0.19645503 0.10164665
v 0.08114216 0.19468415 0.10164665
v 0.08114216 0.19468415 0.10164665
v 0.08265916 0.19645503 0.10164665
v 0.08228540 0.19601884 0.10160000
v 0.08266167 0.19645818 0.10160000
v 0.08114489 0.19468711 0.10160000
v 0.08424050 0.19496749 0.07618057
v 0.08283300 0.19327666 0.10164665
v 0.08114489 0.19468711 0.10160000
v 0.08114216 0.19468415 0.10164665
v 0.08257701 0.19635223 0.07618057
v 0.08283300 0.19327666 0.05080000
v 0.08424050 0.19496749 0.07618057
v 0.08257701 0.19635223 0.07618057
v 0.08114216 0.19468415 0.05080000
v 0.08114216 0.19468415 0.05080000
v 0.08257701 0.19635223 0.07618057
v 0.07661416 0.19061878 0.07618057
v 0.08114489 0.19468711 0.10160000
v 0.07682167 0.19106403 0.10160000
v 0.07480238 0.18937175 0.10160000
v 0.07468794 0.18929896 0.05080000
v 0.07780473 0.18866138 0.07618057
v 0.07581270 0.18744975 0.05080000
v 0.07468794 0.18929896 0.05080000
v 0.07661416 0.19061878 0.07618057
v 0.07780473 0.18866138 0.07618057
v 0.07661416 0.19061878 0.07618057
v 0.07480238 0.18937175 0.10160000
v 0.07592511 0.18751812 0.10164665
v 0.07479898 0.18936959 0.10164665
v 0.07581270 0.18744975 0.07618057
v 0.07393309 0.18630649 0.05080000
v 0.07581270 0.18744975 0.05080000
v 0.07780473 0.18866138 0.07618057
v 0.07592511 0.18751812 0.10164665
v 0.07393309 0.18630649 0.10164665
v 0.07393309 0.18630649 0.10164665
v 0.07592511 0.18751812 0.10164665
v 0.07479898 0.18936959 0.10164665
v 0.07278983 0.18818611 0.10164665
v 0.07479898 0.18936959 0.10164665
v 0.07480238 0.18937175 0.10160000
v 0.07279338 0.18818803 0.10160000
v 0.07278983 0.18818611 0.10164665
v 0.07581270 0.18744975 0.07618057
v 0.07393309 0.18630649 0.10164665
v 0.07279338 0.18818803 0.10160000
v 0.07278983 0.18818611 0.10164665
v 0.07468794 0.18929896 0.07618057
v 0.07393309 0.18630649 0.05080000
v 0.07581270 0.18744975 0.07618057
v 0.07468794 0.18929896 0.07618057
v 0.07278983 0.18818611 0.05080000
v 0.07278983 0.18818611 0.05080000
v 0.07468794 0.18929896 0.07618057
v 0.06718846 0.18580817 0.07618057
v 0.07279338 0.18818803 0.10160000
v 0.06507027 0.18521582 0.10160000
v 0.06493842 0.18518405 0.05080000
v 0.06768019 0.18357050 0.07618057
v 0.06540296 0.18307008 0.05080000
v 0.06493842 0.18518405 0.05080000
v 0.06718846 0.18580817 0.07618057
v 0.06768019 0.18357050 0.07618057
v 0.06718846 0.18580817 0.07618057
v 0.06507027 0.18521582 0.10160000
v 0.06553146 0.18309832 0.10164665
v 0.06506635 0.18521486 0.10164665
v 0.06540296 0.18307008 0.07618057
v 0.06325424 0.18259789 0.05080000
v 0.06540296 0.18307008 0.05080000
v 0.06768019 0.18357050 0.07618057
v 0.06553146 0.18309832 0.10164665
v 0.06325424 0.18259789 0.10164665
v 0.06325424 0.18259789 0.10164665
v 0.06553146 0.18309832 0.10164665
v 0.06506635 0.18521486 0.10164665
v 0.06278205 0.18474662 0.10164665
v 0.06278205 0.18474662 0.10164665
v 0.06506635 0.18521486 0.10164665
v 0.06477528 0.18515532 0.10160000
v 0.06507027 0.18521582 0.10160000
v 0.06278603 0.18474729 0.10160000
v 0.06540296 0.18307008 0.07618057
v 0.06325424 0.18259789 0.10164665
v 0.06278603 0.18474729 0.10160000
v 0.06278205 0.18474662 0.10164665
v 0.06493842 0.18518405 0.07618057
v 0.06325424 0.18259789 0.05080000
v 0.06540296 0.18307008 0.07618057
v 0.06493842 0.18518405 0.07618057
v 0.06278205 0.18474662 0.05080000
v 0.06148750 0.18455674 0.05080000
v 0.06278205 0.18474662 0.05080000
v 0.06493842 0.18518405 0.07618057
v 0.06148750 0.18455674 0.10160000
v 0.06278603 0.18474729 0.10160000
v 0.06148750 0.18455674 0.05080000
v 0.06148750 0.18455674 0.10160000
v 0.05813398 0.18367617 0.10160000
v 0.04936744 0.18137425 0.10160000
v 0.04936744 0.18137425 0.05080000
v 0.05606831 0.18313377 0.05080000
v 0.04515644 0.17928009 0.10091833
v 0.04510610 0.17938127 0.05124315
v 0.04493322 0.17928934 0.07592631
v 0.04499136 0.17932037 0.07528929
v 0.04476359 0.17919825 0.07653301
v 0.04412061 0.17884490 0.07758739
v 0.04317368 0.17830072 0.07829190
v 0.04310241 0.17825860 0.10058583
v 0.04179263 0.17736027 0.09979530
v 0.04207996 0.17763555 0.07853930
v 0.03786909 0.17466922 0.09742723
v 0.03621570 0.17322728 0.09520050
v 0.04101096 0.17694567 0.07829190
v 0.03429786 0.17155470 0.09261762
v 0.03286562 0.17008543 0.08839937
v 0.04012376 0.17634176 0.07758739
v 0.03220436 0.16940707 0.08645183
v 0.03161250 0.16874838 0.08038680
v 0.03954057 0.17592862 0.07653301
v 0.03161250 0.16874838 0.07201321
v 0.03933759 0.17578173 0.07528929
v 0.03270102 0.16994140 0.06389526
v 0.04012376 0.17634176 0.07299120
v 0.03954057 0.17592862 0.07404558
v 0.04101096 0.17694567 0.07228669
v 0.03407433 0.17133793 0.06023459
v 0.04207996 0.17763555 0.07203929
v 0.03602629 0.17314005 0.05701320
v 0.03856814 0.17520994 0.05436231
v 0.04317368 0.17830072 0.07228669
v 0.04164578 0.17736021 0.05241476
v 0.04412061 0.17884490 0.07299120
v 0.04493381 0.17928965 0.07465553
v 0.04476359 0.17919825 0.07404558
v 0.03796532 0.17750387 0.07653301
v 0.03954057 0.17592862 0.07653301
v 0.03933759 0.17578173 0.07528929
v 0.03854467 0.17792085 0.07758739
v 0.04012376 0.17634176 0.07758739
v 0.03942544 0.17853120 0.07829190
v 0.04101096 0.17694567 0.07829190
v 0.04048573 0.17922980 0.07853930
v 0.04207996 0.17763555 0.07853930
v 0.04156950 0.17990491 0.07829190
v 0.04317368 0.17830072 0.07829190
v 0.04250696 0.18045856 0.07758739
v 0.04412061 0.17884490 0.07758739
v 0.04314307 0.18081878 0.07653301
v 0.04476359 0.17919825 0.07653301
v 0.04336831 0.18094340 0.07528929
v 0.04499136 0.17932037 0.07528929
v 0.04493322 0.17928934 0.07592631
v 0.04331084 0.18091175 0.07592620
v 0.04331143 0.18091208 0.07465561
v 0.04314307 0.18081878 0.07404558
v 0.04476359 0.17919825 0.07404558
v 0.04493381 0.17928965 0.07465553
v 0.04250696 0.18045856 0.07299120
v 0.04412061 0.17884490 0.07299120
v 0.04156950 0.17990491 0.07228669
v 0.04317368 0.17830072 0.07228669
v 0.04048573 0.17922980 0.07203929
v 0.04207996 0.17763555 0.07203929
v 0.03942544 0.17853120 0.07228669
v 0.04101096 0.17694567 0.07228669
v 0.03854467 0.17792085 0.07299120
v 0.04012376 0.17634176 0.07299120
v 0.03796532 0.17750387 0.07404558
v 0.03954057 0.17592862 0.07404558
v 0.03776361 0.17735572 0.07528929
v 0.03161250 0.16874838 0.07201321
v 0.03161250 0.16874838 0.08038680
v 0.02996250 0.17020354 0.08038680
v 0.02996250 0.17020354 0.07201321
v 0.03286562 0.17008543 0.08839937
v 0.03116211 0.17149216 0.08842445
v 0.03076157 0.17108811 0.08739752
v 0.02996250 0.17020354 0.08038680
v 0.03161250 0.16874838 0.08038680
v 0.03220436 0.16940707 0.08645183
v 0.03621570 0.17322728 0.09520050
v 0.03454158 0.17468160 0.09519275
v 0.03318830 0.17353603 0.09361926
v 0.03429786 0.17155470 0.09261762
v 0.04179263 0.17736027 0.09979530
v 0.04009924 0.17886129 0.09974684
v 0.03721648 0.17694594 0.09830294
v 0.03786909 0.17466922 0.09742723
v 0.04515644 0.17928009 0.10091833
v 0.04410868 0.18126322 0.10115184
v 0.04247882 0.18044233 0.10093872
v 0.04936744 0.18137425 0.10160000
v 0.04753602 0.18298942 0.10160000
v 0.04310241 0.17825860 0.10058583
v 0.04407714 0.18132582 0.05109670
v 0.04510610 0.17938127 0.05124315
v 0.04164578 0.17736021 0.05241476
v 0.04753602 0.18298942 0.05080000
v 0.04850886 0.18213145 0.05080000
v 0.04936744 0.18137425 0.05080000
v 0.03688461 0.17669164 0.05436383
v 0.03856814 0.17520994 0.05436231
v 0.03602629 0.17314005 0.05701320
v 0.03993319 0.17887056 0.05241476
v 0.03105012 0.17139736 0.06389526
v 0.03436280 0.17460710 0.05701320
v 0.03407433 0.17133793 0.06023459
v 0.03270102 0.16994140 0.06389526
v 0.03161250 0.16874838 0.07201321
v 0.02996250 0.17020354 0.07201321
v 0.02996250 0.17020354 0.08038680
v 0.03796532 0.17750387 0.07653301
v 0.03776361 0.17735572 0.07528929
v 0.03076157 0.17108811 0.08739752
v 0.03854467 0.17792085 0.07758739
v 0.03942544 0.17853120 0.07829190
v 0.03116211 0.17149216 0.08842445
v 0.03318830 0.17353603 0.09361926
v 0.04048573 0.17922980 0.07853930
v 0.03454158 0.17468160 0.09519275
v 0.03721648 0.17694594 0.09830294
v 0.04156950 0.17990491 0.07829190
v 0.04009924 0.17886129 0.09974684
v 0.04247882 0.18044233 0.10093872
v 0.04410868 0.18126322 0.10115184
v 0.04250696 0.18045856 0.07758739
v 0.04407714 0.18132582 0.05109670
v 0.04336831 0.18094340 0.07528929
v 0.04331084 0.18091175 0.07592620
v 0.04314307 0.18081878 0.07404558
v 0.04331143 0.18091208 0.07465561
v 0.04314307 0.18081878 0.07653301
v 0.04250696 0.18045856 0.07299120
v 0.04156950 0.17990491 0.07228669
v 0.03993319 0.17887056 0.05241476
v 0.04048573 0.17922980 0.07203929
v 0.03688461 0.17669164 0.05436383
v 0.03436280 0.17460710 0.05701320
v 0.03942544 0.17853120 0.07228669
v 0.03105012 0.17139736 0.06389526
v 0.03854467 0.17792085 0.07299120
v 0.02996250 0.17020354 0.07201321
v 0.03796532 0.17750387 0.07404558
v 0.04753602 0.18298942 0.05080000
v 0.04753602 0.18298942 0.10160000
v 0.05049985 0.18380210 0.05080000
v 0.05813398 0.18589535 0.10160000
v 0.05457086 0.18491836 0.05080000
v 0.06121250 0.18673947 0.05080000
v 0.06121250 0.18673947 0.10160000
v 0.06821443 0.18849711 0.05080000
v 0.06821443 0.18849711 0.10160000
v 0.07682167 0.19384657 0.10160000
v 0.07781523 0.19446407 0.05080000
v 0.07781523 0.19446407 0.10160000
v 0.08228540 0.20052285 0.10160000
v 0.08452640 0.20356025 0.05080000
v 0.08452640 0.20356025 0.10160000
v 0.08617798 0.20985520 0.10160000
v 0.08739509 0.21449417 0.05080000
v 0.08739509 0.21449417 0.10160000
v 0.08694002 0.21819097 0.05080000
v 0.08736533 0.21473590 0.05080000
v 0.08677068 0.21956658 0.05080000
v 0.08614847 0.22462124 0.05080000
v 0.08617798 0.22438148 0.10160000
v 0.08613639 0.22471935 0.05080000
v 0.08700348 0.21767540 0.10160000
v 0.08635706 0.22292675 0.10160000
v 0.08601402 0.22571346 0.10160000
v 0.08601402 0.22571346 0.05080000
v 0.08737440 0.21466225 0.05080000
v 0.08345941 0.23037250 0.05080000
v 0.08240786 0.23229030 0.10160000
v 0.08228540 0.23251364 0.10160000
v 0.08080145 0.23522003 0.05080000
v 0.08499695 0.22756836 0.05080000
v 0.08057926 0.23562525 0.10160000
v 0.08057926 0.23562525 0.05080000
v 0.07682167 0.23872769 0.10160000
v 0.07560715 0.23973046 0.05080000
v 0.07488651 0.24032545 0.10160000
v 0.07379317 0.24122818 0.05080000
v 0.07186244 0.24282227 0.10160000
v 0.07186244 0.24282227 0.05080000
v 0.06121250 0.18673947 0.05080000
v 0.06121250 0.18673947 0.10160000
v 0.06477528 0.18763381 0.10160000
v 0.06515837 0.24550028 0.10160000
v 0.06606559 0.24513789 0.05080000
v 0.07037863 0.24341500 0.05080000
v 0.06515837 0.24550028 0.05080000
v 0.07048430 0.24337278 0.05080000
v -0.08057926 0.23562525 0.05080000
v -0.07497072 0.24025592 0.05080000
v -0.07682167 0.23872769 0.10160000
v -0.07488651 0.24032545 0.10160000
v -0.07186244 0.24282227 0.05080000
v -0.07230300 0.24245852 0.10160000
v -0.07186244 0.24282227 0.10160000
v -0.08601402 0.22571346 0.10160000
v -0.08539506 0.22684230 0.05080000
v -0.08335274 0.23056705 0.05080000
v -0.08240786 0.23229030 0.10160000
v -0.08601402 0.22571346 0.05080000
v -0.08151624 0.23391642 0.05080000
v -0.08228540 0.23251364 0.10160000
v -0.08057926 0.23562525 0.10160000
v -0.08739509 0.21449417 0.05080000
v -0.08692229 0.21833505 0.05080000
v -0.08700348 0.21767540 0.10160000
v -0.08635706 0.22292675 0.10160000
v -0.08634562 0.22301967 0.05080000
v -0.08620159 0.22418968 0.05080000
v -0.08452640 0.20356025 0.10160000
v -0.08452640 0.20356025 0.05080000
v -0.08702083 0.21306768 0.05080000
v -0.08739509 0.21449417 0.10160000
v -0.07781523 0.19446407 0.05080000
v -0.08228540 0.20052285 0.10160000
v -0.06821443 0.18849711 0.10160000
v -0.06821443 0.18849711 0.05080000
v -0.06913510 0.18906932 0.05080000
v -0.07682167 0.19384657 0.10160000
v -0.07230300 0.19103819 0.10160000
v -0.07781523 0.19446407 0.10160000
v -0.06515837 0.24550028 0.10160000
v -0.06761651 0.24451835 0.05080000
v -0.06591731 0.24519712 0.05080000
v -0.06477528 0.18763381 0.10160000
v -0.06592049 0.18792129 0.05080000
v -0.06121250 0.18673947 0.05080000
v -0.06121250 0.18673947 0.10160000
v -0.06515837 0.24550028 0.05080000
v 0.02590422 0.25650799 0.07709985
v 0.02615158 0.25648299 0.07834358
v 0.02538918 0.25272790 0.07834358
v 0.02685573 0.25641042 0.07939795
v 0.02609350 0.25265616 0.07939795
v 0.02790883 0.25629818 0.08010247
v 0.02714685 0.25254515 0.08010247
v 0.02914992 0.25616023 0.08034986
v 0.02838822 0.25240862 0.08034986
v 0.03038978 0.25601625 0.08010247
v 0.02962838 0.25226605 0.08010247
v 0.03143993 0.25588945 0.07939795
v 0.03067877 0.25214046 0.07939795
v 0.03214112 0.25580230 0.07834358
v 0.03138012 0.25205413 0.07834358
v 0.03238725 0.25577125 0.07709985
v 0.03162631 0.25202337 0.07709985
v 0.03214112 0.25580230 0.07585613
v 0.03138012 0.25205413 0.07585613
v 0.03143993 0.25588945 0.07480176
v 0.03067877 0.25214046 0.07480176
v 0.03038978 0.25601625 0.07409725
v 0.02962838 0.25226605 0.07409725
v 0.02914992 0.25616023 0.07384986
v 0.02838822 0.25240862 0.07384986
v 0.02790883 0.25629818 0.07409725
v 0.02714685 0.25254515 0.07409725
v 0.02685573 0.25641042 0.07480176
v 0.02609350 0.25265616 0.07480176
v 0.02615158 0.25648299 0.07585613
v 0.02538918 0.25272790 0.07585613
v 0.02514176 0.25275263 0.07709985
v 0.03138012 0.25205413 0.07834358
v 0.06049661 0.24610840 0.10160000
v 0.05813398 0.24641658 0.10160000
v 0.06477528 0.24555025 0.10160000
v 0.06515837 0.24550028 0.10160000
v 0.00000000 0.25400001 0.10160000
v 0.02838822 0.25240862 0.08034986
v 0.02714685 0.25254515 0.08010247
v 0.02609350 0.25265616 0.07939795
v 0.02962838 0.25226605 0.08010247
v 0.02538918 0.25272790 0.07834358
v 0.03067877 0.25214046 0.07939795
v 0.02514176 0.25275263 0.07709985
v 0.00000000 0.25400001 0.05080000
v 0.02538918 0.25272790 0.07585613
v 0.02609350 0.25265616 0.07480176
v 0.00713678 0.25306901 0.05080000
v 0.06104835 0.24603643 0.05080000
v 0.02962838 0.25226605 0.07409725
v 0.02838822 0.25240862 0.07384986
v 0.02714685 0.25254515 0.07409725
v 0.03067877 0.25214046 0.07480176
v 0.03138012 0.25205413 0.07585613
v 0.06388547 0.24566633 0.05080000
v 0.06515837 0.24550028 0.05080000
v 0.03162631 0.25202337 0.07709985
v -0.03412133 0.25169772 0.07803759
v -0.03393376 0.25172305 0.07742854
v -0.03483663 0.25159970 0.07909196
v -0.06049661 0.24610840 0.10160000
v -0.03717292 0.25126514 0.08004387
v -0.03843926 0.25107452 0.07979647
v -0.03951388 0.25090766 0.07909196
v -0.03590795 0.25144905 0.07979647
v -0.04023247 0.25079343 0.07803759
v -0.06477528 0.24555025 0.10160000
v -0.06515837 0.24550028 0.10160000
v -0.04048491 0.25075281 0.07679386
v -0.04042127 0.25076309 0.07742749
v -0.06515837 0.24550028 0.05080000
v -0.04042099 0.25076312 0.07615889
v -0.04023247 0.25079343 0.07555015
v -0.06000318 0.24617276 0.05080000
v -0.03951388 0.25090766 0.07449577
v -0.05852268 0.24636589 0.05080000
v -0.00306052 0.25360078 0.05080000
v -0.03590795 0.25144905 0.07379126
v -0.03717292 0.25126514 0.07354387
v -0.03843926 0.25107452 0.07379126
v -0.03483663 0.25159970 0.07449577
v -0.03412133 0.25169772 0.07555015
v -0.03387025 0.25173160 0.07679386
v -0.03393375 0.25172305 0.07615920
v -0.03964270 0.25459784 0.07742745
v -0.03945394 0.25462797 0.07803759
v -0.04023247 0.25079343 0.07803759
v -0.03970631 0.25458768 0.07679386
v -0.04042127 0.25076309 0.07742749
v -0.04048491 0.25075281 0.07679386
v -0.03873554 0.25474125 0.07909196
v -0.03951388 0.25090766 0.07909196
v -0.03766121 0.25490671 0.07979647
v -0.03843926 0.25107452 0.07979647
v -0.03639521 0.25509566 0.08004387
v -0.03717292 0.25126514 0.08004387
v -0.03513057 0.25527793 0.07979647
v -0.03590795 0.25144905 0.07979647
v -0.03405952 0.25542721 0.07909196
v -0.03483663 0.25159970 0.07909196
v -0.03334441 0.25552428 0.07803759
v -0.03412133 0.25169772 0.07803759
v -0.03315689 0.25554940 0.07742855
v -0.03393376 0.25172305 0.07742854
v -0.03309340 0.25555786 0.07679386
v -0.03387025 0.25173160 0.07679386
v -0.03315688 0.25554940 0.07615921
v -0.03393375 0.25172305 0.07615920
v -0.03334441 0.25552428 0.07555015
v -0.03412133 0.25169772 0.07555015
v -0.03405952 0.25542721 0.07449577
v -0.03483663 0.25159970 0.07449577
v -0.03513057 0.25527793 0.07379126
v -0.03590795 0.25144905 0.07379126
v -0.03639521 0.25509566 0.07354387
v -0.03717292 0.25126514 0.07354387
v -0.03766121 0.25490671 0.07379126
v -0.03843926 0.25107452 0.07379126
v -0.03873554 0.25474125 0.07449577
v -0.03951388 0.25090766 0.07449577
v -0.03945394 0.25462797 0.07555015
v -0.04023247 0.25079343 0.07555015
v -0.04042099 0.25076312 0.07615889
v -0.03964260 0.25459787 0.07615979
vt 0.50000000 0.50000000
vt 0.50000000 0.50000000
vt 0.50000000 0.50000000
vt 0.50000000 0.50000000
vt 0.50000000 0.50000000
vt 0.50000000 0.50000000
vt 0.50000000 0.50000000
vt 0.50000000 0.50000000
vt 0.50000000 0.50000000
vt 0.50000000 0.50000000
vt 0.50000000 0.50000000
vt 0.50000000 0.50000000
vt 0.50000000 0.50000000
vt 0.50000000 0.50000000
vt 0.50000000 0.50000000
vt 0.50000000 0.50000000
vt 0.50000000 0.50000000
vt 0.50000000 0.50000000
vt 0.50000000 0.50000000
vt 0.50000000 0.50000000
vt 0.50000000 0.50000000
vt 0.50000000 0.50000000
vt 0.50000000 0.50000000
vt 0.50000000 0.50000000
vt 0.50000000 0.50000000
vt 0.50000000 0.50000000
vt 0.50000000 0.50000000
vt 0.50000000 0.50000000
vt 0.50000000 0.50000000
vt 0.50000000 0.50000000
vt 0.50000000 0.50000000
vt 0.50000000 0.50000000
vt 0.50000000 0.50000000
vt 0.50000000 0.50000000
vt 0.50000000 0.50000000
vt 0.50000000 0.50000000
vt 0.50000000 0.50000000
vt 0.50000000 0.50000000
vt 0.50000000 0.50000000
vt 0.50000000 0.50000000
vt 0.50000000 0.50000000
vt 0.50000000 0.50000000
vt 0.50000000 0.50000000
vt 0.50000000 0.50000000
vt 0.50000000 0.50000000
vt 0.50000000 0.50000000
vt 0.50000000 0.50000000
vt 0.50000000 0.50000000
vt 0.50000000 0.50000000
vt 0.50000000 0.50000000
vt 0.50000000 0.50000000
vt 0.50000000 0.50000000
vt 0.50000000 0.50000000
vt 0.50000000 0.50000000
vt 0.50000000 0.50000000
vt 0.50000000 0.50000000
vt 0.50000000 0.50000000
vt 0.50000000 0.50000000
vt 0.50000000 0.50000000
vt 0.50000000 0.50000000
vt 0.50000000 0.50000000
vt 0.50000000 0.50000000
vt 0.50000000 0.50000000
vt 0.50000000 0.50000000
vt 0.50000000 0.50000000
vt 0.50000000 0.50000000
vt 0.50000000 0.50000000
vt 0.50000000 0.50000000
vt 0.50000000 0.50000000
vt 0.50000000 0.50000000
vt 0.50000000 0.50000000
vt 0.50000000 0.50000000
vt 0.50000000 0.50000000
vt 0.50000000 0.50000000
vt 0.50000000 0.50000000
vt 0.50000000 0.50000000
vt 0.50000000 0.50000000
vt 0.50000000 0.50000000
vt 0.50000000 0.50000000
vt 0.50000000 0.50000000
vt 0.50000000 0.50000000
vt 0.50000000 0.50000000
vt 0.50000000 0.50000000
vt 0.50000000 0.50000000
vt 0.50000000 0.50000000
vt 0.50000000 0.50000000
vt 0.50000000 0.50000000
vt 0.50000000 0.50000000
vt 0.50000000 0.50000000
vt 0.50000000 0.50000000
vt 0.50000000 0.50000000
vt 0.50000000 0.50000000
vt 0.50000000 0.50000000
vt 0.50000000 0.50000000
vt 0.50000000 0.50000000
vt 0.50000000 0.50000000
vt 0.50000000 0.50000000
vt 0.50000000 0.50000000
vt 0.50000000 0.50000000
vt 0.50000000 0.50000000
vt 0.50000000 0.50000000
vt 0.50000000 0.50000000
vt 0.50000000 0.50000000
vt 0.50000000 0.50000000
vt 0.50000000 0.50000000
vt 0.50000000 0.50000000
vt 0.50000000 0.50000000
vt 0.50000000 0.50000000
vt 0.50000000 0.50000000
vt 0.50000000 0.50000000
vt 0.50000000 0.50000000
vt 0.50000000 0.50000000
vt 0.50000000 0.50000000
vt 0.50000000 0.50000000
vt 0.50000000 0.50000000
vt 0.50000000 0.50000000
vt 0.50000000 0.50000000
vt 0.50000000 0.50000000
vt 0.50000000 0.50000000
vt 0.50000000 0.50000000
vt 0.50000000 0.50000000
vt 0.50000000 0.50000000
vt 0.50000000 0.50000000
vt 0.50000000 0.50000000
vt 0.50000000 0.50000000
vt 0.50000000 0.50000000
vt 0.50000000 0.50000000
vt 0.50000000 0.50000000
vt 0.50000000 0.50000000
vt 0.50000000 0.50000000
vt 0.50000000 0.50000000
vt 0.50000000 0.50000000
vt 0.50000000 0.50000000
vt 0.50000000 0.50000000
vt 0.50000000 0.50000000
vt 0.50000000 0.50000000
vt 0.50000000 0.50000000
vt 0.50000000 0.50000000
vt 0.50000000 0.50000000
vt 0.50000000 0.50000000
vt 0.50000000 0.50000000
vt 0.50000000 0.50000000
vt 0.50000000 0.50000000
vt 0.50000000 0.50000000
vt 0.50000000 0.50000000
vt 0.50000000 0.50000000
vt 0.50000000 0.50000000
vt 0.50000000 0.50000000
vt 0.50000000 0.50000000
vt 0.50000000 0.50000000
vt 0.50000000 0.50000000
vt 0.50000000 0.50000000
vt 0.50000000 0.50000000
vt 0.50000000 0.50000000
vt 0.50000000 0.50000000
vt 0.50000000 0.50000000
vt 0.50000000 0.50000000
vt 0.50000000 0.50000000
vt 0.50000000 0.50000000
vt 0.50000000 0.50000000
vt 0.50000000 0.50000000
vt 0.50000000 0.50000000
vt 0.50000000 0.50000000
vt 0.50000000 0.50000000
vt 0.50000000 0.50000000
vt 0.50000000 0.50000000
vt 0.50000000 0.50000000
vt 0.50000000 0.50000000
vt 0.50000000 0.50000000
vt 0.50000000 0.50000000
vt 0.50000000 0.50000000
vt 0.50000000 0.50000000
vt 0.50000000 0.50000000
vt 0.50000000 0.50000000
vt 0.50000000 0.50000000
vt 0.50000000 0.50000000
vt 0.50000000 0.50000000
vt 0.50000000 0.50000000
vt 0.50000000 0.50000000
vt 0.50000000 0.50000000
vt 0.50000000 0.50000000
vt 0.50000000 0.50000000
vt 0.50000000 0.50000000
vt 0.50000000 0.50000000
vt 0.50000000 0.50000000
vt 0.50000000 0.50000000
vt 0.50000000 0.50000000
vt 0.50000000 0.50000000
vt 0.50000000 0.50000000
vt 0.50000000 0.50000000
vt 0.50000000 0.50000000
vt 0.50000000 0.50000000
vt 0.50000000 0.50000000
vt 0.50000000 0.50000000
vt 0.50000000 0.50000000
vt 0.50000000 0.50000000
vt 0.50000000 0.50000000
vt 0.50000000 0.50000000
vt 0.50000000 0.50000000
vt 0.50000000 0.50000000
vt 0.50000000 0.50000000
vt 0.50000000 0.50000000
vt 0.50000000 0.50000000
vt 0.50000000 0.50000000
vt 0.50000000 0.50000000
vt 0.50000000 0.50000000
vt 0.50000000 0.50000000
vt 0.50000000 0.50000000
vt 0.50000000 0.50000000
vt 0.50000000 0.50000000
vt 0.50000000 0.50000000
vt 0.50000000 0.50000000
vt 0.50000000 0.50000000
vt 0.50000000 0.50000000
vt 0.50000000 0.50000000
vt 0.50000000 0.50000000
vt 0.50000000 0.50000000
vt 0.50000000 0.50000000
vt 0.50000000 0.50000000
vt 0.50000000 0.50000000
vt 0.50000000 0.50000000
vt 0.50000000 0.50000000
vt 0.50000000 0.50000000
vt 0.50000000 0.50000000
vt 0.50000000 0.50000000
vt 0.50000000 0.50000000
vt 0.50000000 0.50000000
vt 0.50000000 0.50000000
vt 0.50000000 0.50000000
vt 0.50000000 0.50000000
vt 0.50000000 0.50000000
vt 0.50000000 0.50000000
vt 0.50000000 0.50000000
vt 0.50000000 0.50000000
vt 0.50000000 0.50000000
vt 0.50000000 0.50000000
vt 0.50000000 0.50000000
vt 0.50000000 0.50000000
vt 0.50000000 0.50000000
vt 0.50000000 0.50000000
vt 0.50000000 0.50000000
vt 0.50000000 0.50000000
vt 0.50000000 0.50000000
vt 0.50000000 0.50000000
vt 0.50000000 0.50000000
vt 0.50000000 0.50000000
vt 0.50000000 0.50000000
vt 0.50000000 0.50000000
vt 0.50000000 0.50000000
vt 0.50000000 0.50000000
vt 0.50000000 0.50000000
vt 0.50000000 0.50000000
vt 0.50000000 0.50000000
vt 0.50000000 0.50000000
vt 0.50000000 0.50000000
vt 0.50000000 0.50000000
vt 0.50000000 0.50000000
vt 0.50000000 0.50000000
vt 0.50000000 0.50000000
vt 0.50000000 0.50000000
vt 0.50000000 0.50000000
vt 0.50000000 0.50000000
vt 0.50000000 0.50000000
vt 0.50000000 0.50000000
vt 0.50000000 0.50000000
vt 0.50000000 0.50000000
vt 0.50000000 0.50000000
vt 0.50000000 0.50000000
vt 0.50000000 0.50000000
vt 0.50000000 0.50000000
vt 0.50000000 0.50000000
vt 0.50000000 0.50000000
vt 0.50000000 0.50000000
vt 0.50000000 0.50000000
vt 0.50000000 0.50000000
vt 0.50000000 0.50000000
vt 0.50000000 0.50000000
vt 0.50000000 0.50000000
vt 0.50000000 0.50000000
vt 0.50000000 0.50000000
vt 0.50000000 0.50000000
vt 0.50000000 0.50000000
vt 0.50000000 0.50000000
vt 0.50000000 0.50000000
vt 0.50000000 0.50000000
vt 0.50000000 0.50000000
vt 0.50000000 0.50000000
vt 0.50000000 0.50000000
vt 0.50000000 0.50000000
vt 0.50000000 0.50000000
vt 0.50000000 0.50000000
vt 0.50000000 0.50000000
vt 0.50000000 0.50000000
vt 0.50000000 0.50000000
vt 0.50000000 0.50000000
vt 0.50000000 0.50000000
vt 0.50000000 0.50000000
vt 0.50000000 0.50000000
vt 0.50000000 0.50000000
vt 0.50000000 0.50000000
vt 0.50000000 0.50000000
vt 0.50000000 0.50000000
vt 0.50000000 0.50000000
vt 0.50000000 0.50000000
vt 0.50000000 0.50000000
vt 0.50000000 0.50000000
vt 0.50000000 0.50000000
vt 0.50000000 0.50000000
vt 0.50000000 0.50000000
vt 0.50000000 0.50000000
vt 0.50000000 0.50000000
vt 0.50000000 0.50000000
vt 0.50000000 0.50000000
vt 0.50000000 0.50000000
vt 0.50000000 0.50000000
vt 0.50000000 0.50000000
vt 0.50000000 0.50000000
vt 0.50000000 0.50000000
vt 0.50000000 0.50000000
vt 0.50000000 0.50000000
vt 0.50000000 0.50000000
vt 0.50000000 0.50000000
vt 0.50000000 0.50000000
vt 0.50000000 0.50000000
vt 0.50000000 0.50000000
vt 0.50000000 0.50000000
vt 0.50000000 0.50000000
vt 0.50000000 0.50000000
vt 0.50000000 0.50000000
vt 0.50000000 0.50000000
vt 0.50000000 0.50000000
vt 0.50000000 0.50000000
vt 0.50000000 0.50000000
vt 0.50000000 0.50000000
vt 0.50000000 0.50000000
vt 0.50000000 0.50000000
vt 0.50000000 0.50000000
vt 0.50000000 0.50000000
vt 0.50000000 0.50000000
vt 0.50000000 0.50000000
vt 0.50000000 0.50000000
vt 0.50000000 0.50000000
vt 0.50000000 0.50000000
vt 0.50000000 0.50000000
vt 0.50000000 0.50000000
vt 0.50000000 0.50000000
vt 0.50000000 0.50000000
vt 0.50000000 0.50000000
vt 0.50000000 0.50000000
vt 0.50000000 0.50000000
vt 0.50000000 0.50000000
vt 0.50000000 0.50000000
vt 0.50000000 0.50000000
vt 0.50000000 0.50000000
vt 0.50000000 0.50000000
vt 0.50000000 0.50000000
vt 0.50000000 0.50000000
vt 0.50000000 0.50000000
vt 0.50000000 0.50000000
vt 0.50000000 0.50000000
vt 0.50000000 0.50000000
vt 0.50000000 0.50000000
vt 0.50000000 0.50000000
vt 0.50000000 0.50000000
vt 0.50000000 0.50000000
vt 0.50000000 0.50000000
vt 0.50000000 0.50000000
vt 0.50000000 0.50000000
vt 0.50000000 0.50000000
vt 0.50000000 0.50000000
vt 0.50000000 0.50000000
vt 0.50000000 0.50000000
vt 0.50000000 0.50000000
vt 0.50000000 0.50000000
vt 0.50000000 0.50000000
vt 0.50000000 0.50000000
vt 0.50000000 0.50000000
vt 0.50000000 0.50000000
vt 0.50000000 0.50000000
vt 0.50000000 0.50000000
vt 0.50000000 0.50000000
vt 0.50000000 0.50000000
vt 0.50000000 0.50000000
vt 0.50000000 0.50000000
vt 0.50000000 0.50000000
vt 0.50000000 0.50000000
vt 0.50000000 0.50000000
vt 0.50000000 0.50000000
vt 0.50000000 0.50000000
vt 0.50000000 0.50000000
vt 0.50000000 0.50000000
vt 0.50000000 0.50000000
vt 0.50000000 0.50000000
vt 0.50000000 0.50000000
vt 0.50000000 0.50000000
vt 0.50000000 0.50000000
vt 0.50000000 0.50000000
vt 0.50000000 0.50000000
vt 0.50000000 0.50000000
vt 0.50000000 0.50000000
vt 0.50000000 0.50000000
vt 0.50000000 0.50000000
vt 0.50000000 0.50000000
vt 0.50000000 0.50000000
vt 0.50000000 0.50000000
vt 0.50000000 0.50000000
vt 0.50000000 0.50000000
vt 0.50000000 0.50000000
vt 0.50000000 0.50000000
vt 0.50000000 0.50000000
vt 0.50000000 0.50000000
vt 0.50000000 0.50000000
vt 0.50000000 0.50000000
vt 0.50000000 0.50000000
vt 0.50000000 0.50000000
vt 0.50000000 0.50000000
vt 0.50000000 0.50000000
vt 0.50000000 0.50000000
vt 0.50000000 0.50000000
vt 0.50000000 0.50000000
vt 0.50000000 0.50000000
vt 0.50000000 0.50000000
vt 0.50000000 0.50000000
vt 0.50000000 0.50000000
vt 0.50000000 0.50000000
vt 0.50000000 0.50000000
vt 0.50000000 0.50000000
vt 0.50000000 0.50000000
vt 0.50000000 0.50000000
vt 0.50000000 0.50000000
vt 0.50000000 0.50000000
vt 0.50000000 0.50000000
vt 0.50000000 0.50000000
vt 0.50000000 0.50000000
vt 0.50000000 0.50000000
vt 0.50000000 0.50000000
vt 0.50000000 0.50000000
vt 0.50000000 0.50000000
vt 0.50000000 0.50000000
vt 0.50000000 0.50000000
vt 0.50000000 0.50000000
vt 0.50000000 0.50000000
vt 0.50000000 0.50000000
vt 0.50000000 0.50000000
vt 0.50000000 0.50000000
vt 0.50000000 0.50000000
vt 0.50000000 0.50000000
vt 0.50000000 0.50000000
vt 0.50000000 0.50000000
vt 0.50000000 0.50000000
vt 0.50000000 0.50000000
vt 0.50000000 0.50000000
vt 0.50000000 0.50000000
vt 0.50000000 0.50000000
vt 0.50000000 0.50000000
vt 0.50000000 0.50000000
vt 0.50000000 0.50000000
vt 0.50000000 0.50000000
vt 0.50000000 0.50000000
vt 0.50000000 0.50000000
vt 0.50000000 0.50000000
vt 0.50000000 0.50000000
vt 0.50000000 0.50000000
vt 0.50000000 0.50000000
vt 0.50000000 0.50000000
vt 0.50000000 0.50000000
vt 0.50000000 0.50000000
vt 0.50000000 0.50000000
vt 0.50000000 0.50000000
vt 0.50000000 0.50000000
vt 0.50000000 0.50000000
vt 0.50000000 0.50000000
vt 0.50000000 0.50000000
vt 0.50000000 0.50000000
vt 0.50000000 0.50000000
vt 0.50000000 0.50000000
vt 0.50000000 0.50000000
vt 0.50000000 0.50000000
vt 0.50000000 0.50000000
vt 0.50000000 0.50000000
vt 0.50000000 0.50000000
vt 0.50000000 0.50000000
vt 0.50000000 0.50000000
vt 0.50000000 0.50000000
vt 0.50000000 0.50000000
vt 0.50000000 0.50000000
vt 0.50000000 0.50000000
vt 0.50000000 0.50000000
vt 0.50000000 0.50000000
vt 0.50000000 0.50000000
vt 0.50000000 0.50000000
vt 0.50000000 0.50000000
vt 0.50000000 0.50000000
vt 0.50000000 0.50000000
vt 0.50000000 0.50000000
vt 0.50000000 0.50000000
vt 0.50000000 0.50000000
vt 0.50000000 0.50000000
vt 0.50000000 0.50000000
vt 0.50000000 0.50000000
vt 0.50000000 0.50000000
vt 0.50000000 0.50000000
vt 0.50000000 0.50000000
vt 0.50000000 0.50000000
vt 0.50000000 0.50000000
vt 0.50000000 0.50000000
vt 0.50000000 0.50000000
vt 0.50000000 0.50000000
vt 0.50000000 0.50000000
vt 0.50000000 0.50000000
vt 0.50000000 0.50000000
vt 0.50000000 0.50000000
vt 0.50000000 0.50000000
vt 0.50000000 0.50000000
vt 0.50000000 0.50000000
vt 0.50000000 0.50000000
vt 0.50000000 0.50000000
vt 0.50000000 0.50000000
vt 0.50000000 0.50000000
vt 0.50000000 0.50000000
vt 0.50000000 0.50000000
vt 0.50000000 0.50000000
vt 0.50000000 0.50000000
vt 0.50000000 0.50000000
vt 0.50000000 0.50000000
vt 0.50000000 0.50000000
vt 0.50000000 0.50000000
vt 0.50000000 0.50000000
vt 0.50000000 0.50000000
vt 0.50000000 0.50000000
vt 0.50000000 0.50000000
vt 0.50000000 0.50000000
vt 0.50000000 0.50000000
vt 0.50000000 0.50000000
vt 0.50000000 0.50000000
vt 0.50000000 0.50000000
vt 0.50000000 0.50000000
vt 0.50000000 0.50000000
vt 0.50000000 0.50000000
vt 0.50000000 0.50000000
vt 0.50000000 0.50000000
vt 0.50000000 0.50000000
vt 0.50000000 0.50000000
vt 0.50000000 0.50000000
vt 0.50000000 0.50000000
vt 0.50000000 0.50000000
vt 0.50000000 0.50000000
vt 0.50000000 0.50000000
vt 0.50000000 0.50000000
vt 0.50000000 0.50000000
vt 0.50000000 0.50000000
vt 0.50000000 0.50000000
vt 0.50000000 0.50000000
vt 0.50000000 0.50000000
vt 0.50000000 0.50000000
vt 0.50000000 0.50000000
vt 0.50000000 0.50000000
vt 0.50000000 0.50000000
vt 0.50000000 0.50000000
vt 0.50000000 0.50000000
vt 0.50000000 0.50000000
vt 0.50000000 0.50000000
vt 0.50000000 0.50000000
vt 0.50000000 0.50000000
vt 0.50000000 0.50000000
vt 0.50000000 0.50000000
vt 0.50000000 0.50000000
vt 0.50000000 0.50000000
vt 0.50000000 0.50000000
vt 0.50000000 0.50000000
vt 0.50000000 0.50000000
vt 0.50000000 0.50000000
vt 0.50000000 0.50000000
vt 0.50000000 0.50000000
vt 0.50000000 0.50000000
vt 0.50000000 0.50000000
vt 0.50000000 0.50000000
vt 0.50000000 0.50000000
vt 0.50000000 0.50000000
vt 0.50000000 0.50000000
vt 0.50000000 0.50000000
vt 0.50000000 0.50000000
vt 0.50000000 0.50000000
vt 0.50000000 0.50000000
vt 0.50000000 0.50000000
vt 0.50000000 0.50000000
vt 0.50000000 0.50000000
vt 0.50000000 0.50000000
vt 0.50000000 0.50000000
vt 0.50000000 0.50000000
vt 0.50000000 0.50000000
vt 0.50000000 0.50000000
vt 0.50000000 0.50000000
vt 0.50000000 0.50000000
vt 0.50000000 0.50000000
vt 0.50000000 0.50000000
vt 0.50000000 0.50000000
vt 0.50000000 0.50000000
vt 0.50000000 0.50000000
vt 0.50000000 0.50000000
vt 0.50000000 0.50000000
vt 0.50000000 0.50000000
vt 0.50000000 0.50000000
vt 0.50000000 0.50000000
vt 0.50000000 0.50000000
vt 0.50000000 0.50000000
vt 0.50000000 0.50000000
vt 0.50000000 0.50000000
vt 0.50000000 0.50000000
vt 0.50000000 0.50000000
vt 0.50000000 0.50000000
vt 0.50000000 0.50000000
vt 0.50000000 0.50000000
vt 0.50000000 0.50000000
vt 0.50000000 0.50000000
vt 0.50000000 0.50000000
vt 0.50000000 0.50000000
vt 0.50000000 0.50000000
vt 0.50000000 0.50000000
vt 0.50000000 0.50000000
vt 0.50000000 0.50000000
vt 0.50000000 0.50000000
vt 0.50000000 0.50000000
vt 0.50000000 0.50000000
vt 0.50000000 0.50000000
vt 0.50000000 0.50000000
vt 0.50000000 0.50000000
vt 0.50000000 0.50000000
vt 0.50000000 0.50000000
vt 0.50000000 0.50000000
vt 0.50000000 0.50000000
vt 0.50000000 0.50000000
vt 0.50000000 0.50000000
vt 0.50000000 0.50000000
vt 0.50000000 0.50000000
vt 0.50000000 0.50000000
vt 0.50000000 0.50000000
vt 0.50000000 0.50000000
vt 0.50000000 0.50000000
vt 0.50000000 0.50000000
vt 0.50000000 0.50000000
vt 0.50000000 0.50000000
vt 0.50000000 0.50000000
vt 0.50000000 0.50000000
vt 0.50000000 0.50000000
vt 0.50000000 0.50000000
vt 0.50000000 0.50000000
vt 0.50000000 0.50000000
vt 0.50000000 0.50000000
vt 0.50000000 0.50000000
vt 0.50000000 0.50000000
vt 0.50000000 0.50000000
vt 0.50000000 0.50000000
vt 0.50000000 0.50000000
vt 0.50000000 0.50000000
vt 0.50000000 0.50000000
vt 0.50000000 0.50000000
vt 0.50000000 0.50000000
vt 0.50000000 0.50000000
vt 0.50000000 0.50000000
vt 0.50000000 0.50000000
vt 0.50000000 0.50000000
vt 0.50000000 0.50000000
vt 0.50000000 0.50000000
vt 0.50000000 0.50000000
vt 0.50000000 0.50000000
vt 0.50000000 0.50000000
vt 0.50000000 0.50000000
vt 0.50000000 0.50000000
vt 0.50000000 0.50000000
vt 0.50000000 0.50000000
vt 0.50000000 0.50000000
vt 0.50000000 0.50000000
vt 0.50000000 0.50000000
vt 0.50000000 0.50000000
vt 0.50000000 0.50000000
vt 0.50000000 0.50000000
vt 0.50000000 0.50000000
vt 0.50000000 0.50000000
vt 0.50000000 0.50000000
vt 0.50000000 0.50000000
vt 0.50000000 0.50000000
vt 0.50000000 0.50000000
vt 0.50000000 0.50000000
vt 0.50000000 0.50000000
vt 0.50000000 0.50000000
vt 0.50000000 0.50000000
vt 0.50000000 0.50000000
vt 0.50000000 0.50000000
vt 0.50000000 0.50000000
vt 0.50000000 0.50000000
vt 0.50000000 0.50000000
vt 0.50000000 0.50000000
vt 0.50000000 0.50000000
vt 0.50000000 0.50000000
vt 0.50000000 0.50000000
vt 0.50000000 0.50000000
vt 0.50000000 0.50000000
vt 0.50000000 0.50000000
vt 0.50000000 0.50000000
vt 0.50000000 0.50000000
vt 0.50000000 0.50000000
vt 0.50000000 0.50000000
vt 0.50000000 0.50000000
vt 0.50000000 0.50000000
vt 0.50000000 0.50000000
vt 0.50000000 0.50000000
vt 0.50000000 0.50000000
vt 0.50000000 0.50000000
vt 0.50000000 0.50000000
vt 0.50000000 0.50000000
vt 0.50000000 0.50000000
vt 0.50000000 0.50000000
vt 0.50000000 0.50000000
vt 0.50000000 0.50000000
vt 0.50000000 0.50000000
vt 0.50000000 0.50000000
vt 0.50000000 0.50000000
vt 0.50000000 0.50000000
vt 0.50000000 0.50000000
vt 0.50000000 0.50000000
vt 0.50000000 0.50000000
vt 0.50000000 0.50000000
vt 0.50000000 0.50000000
vt 0.50000000 0.50000000
vt 0.50000000 0.50000000
vt 0.50000000 0.50000000
vt 0.50000000 0.50000000
vt 0.50000000 0.50000000
vt 0.50000000 0.50000000
vt 0.50000000 0.50000000
vt 0.50000000 0.50000000
vt 0.50000000 0.50000000
vt 0.50000000 0.50000000
vt 0.50000000 0.50000000
vt 0.50000000 0.50000000
vt 0.50000000 0.50000000
vt 0.50000000 0.50000000
vt 0.50000000 0.50000000
vt 0.50000000 0.50000000
vt 0.50000000 0.50000000
vt 0.50000000 0.50000000
vt 0.50000000 0.50000000
vt 0.50000000 0.50000000
vt 0.50000000 0.50000000
vt 0.50000000 0.50000000
vt 0.50000000 0.50000000
vt 0.50000000 0.50000000
vt 0.50000000 0.50000000
vt 0.50000000 0.50000000
vt 0.50000000 0.50000000
vt 0.50000000 0.50000000
vt 0.50000000 0.50000000
vt 0.50000000 0.50000000
vt 0.50000000 0.50000000
vt 0.50000000 0.50000000
vt 0.50000000 0.50000000
vt 0.50000000 0.50000000
vt 0.50000000 0.50000000
vt 0.50000000 0.50000000
vt 0.50000000 0.50000000
vt 0.50000000 0.50000000
vt 0.50000000 0.50000000
vt 0.50000000 0.50000000
vt 0.50000000 0.50000000
vt 0.50000000 0.50000000
vt 0.50000000 0.50000000
vt 0.50000000 0.50000000
vt 0.50000000 0.50000000
vt 0.50000000 0.50000000
vt 0.50000000 0.50000000
vt 0.50000000 0.50000000
vt 0.50000000 0.50000000
vt 0.50000000 0.50000000
vt 0.50000000 0.50000000
vt 0.50000000 0.50000000
vt 0.50000000 0.50000000
vt 0.50000000 0.50000000
vt 0.50000000 0.50000000
vt 0.50000000 0.50000000
vt 0.50000000 0.50000000
vt 0.50000000 0.50000000
vt 0.50000000 0.50000000
vt 0.50000000 0.50000000
vt 0.50000000 0.50000000
vt 0.50000000 0.50000000
vt 0.50000000 0.50000000
vt 0.50000000 0.50000000
vt 0.50000000 0.50000000
vt 0.50000000 0.50000000
vt 0.50000000 0.50000000
vt 0.50000000 0.50000000
vt 0.50000000 0.50000000
vt 0.50000000 0.50000000
vt 0.50000000 0.50000000
vt 0.50000000 0.50000000
vt 0.50000000 0.50000000
vt 0.50000000 0.50000000
vt 0.50000000 0.50000000
vt 0.50000000 0.50000000
vt 0.50000000 0.50000000
vt 0.50000000 0.50000000
vt 0.50000000 0.50000000
vt 0.50000000 0.50000000
vt 0.50000000 0.50000000
vt 0.50000000 0.50000000
vt 0.50000000 0.50000000
vt 0.50000000 0.50000000
vt 0.50000000 0.50000000
vt 0.50000000 0.50000000
vt 0.50000000 0.50000000
vt 0.50000000 0.50000000
vt 0.50000000 0.50000000
vt 0.50000000 0.50000000
vt 0.50000000 0.50000000
vt 0.50000000 0.50000000
vt 0.50000000 0.50000000
vt 0.50000000 0.50000000
vt 0.50000000 0.50000000
vt 0.50000000 0.50000000
vt 0.50000000 0.50000000
vt 0.50000000 0.50000000
vt 0.50000000 0.50000000
vt 0.50000000 0.50000000
vt 0.50000000 0.50000000
vt 0.50000000 0.50000000
vt 0.50000000 0.50000000
vt 0.50000000 0.50000000
vt 0.50000000 0.50000000
vt 0.50000000 0.50000000
vt 0.50000000 0.50000000
vt 0.50000000 0.50000000
vt 0.50000000 0.50000000
vt 0.50000000 0.50000000
vt 0.50000000 0.50000000
vt 0.50000000 0.50000000
vt 0.50000000 0.50000000
vt 0.50000000 0.50000000
vt 0.50000000 0.50000000
vt 0.50000000 0.50000000
vt 0.50000000 0.50000000
vt 0.50000000 0.50000000
vt 0.50000000 0.50000000
vt 0.50000000 0.50000000
vt 0.50000000 0.50000000
vt 0.50000000 0.50000000
vt 0.50000000 0.50000000
vt 0.50000000 0.50000000
vt 0.50000000 0.50000000
vt 0.50000000 0.50000000
vt 0.50000000 0.50000000
vt 0.50000000 0.50000000
vt 0.50000000 0.50000000
vt 0.50000000 0.50000000
vt 0.50000000 0.50000000
vt 0.50000000 0.50000000
vt 0.50000000 0.50000000
vt 0.50000000 0.50000000
vt 0.50000000 0.50000000
vt 0.50000000 0.50000000
vt 0.50000000 0.50000000
vt 0.50000000 0.50000000
vt 0.50000000 0.50000000
vt 0.50000000 0.50000000
vt 0.50000000 0.50000000
vt 0.50000000 0.50000000
vt 0.50000000 0.50000000
vt 0.50000000 0.50000000
vt 0.50000000 0.50000000
vt 0.50000000 0.50000000
vt 0.50000000 0.50000000
vt 0.50000000 0.50000000
vt 0.50000000 0.50000000
vt 0.50000000 0.50000000
vt 0.50000000 0.50000000
vt 0.50000000 0.50000000
vt 0.50000000 0.50000000
vt 0.50000000 0.50000000
vt 0.50000000 0.50000000
vt 0.50000000 0.50000000
vt 0.50000000 0.50000000
vt 0.50000000 0.50000000
vt 0.50000000 0.50000000
vt 0.50000000 0.50000000
vt 0.50000000 0.50000000
vt 0.50000000 0.50000000
vt 0.50000000 0.50000000
vt 0.50000000 0.50000000
vt 0.50000000 0.50000000
vt 0.50000000 0.50000000
vt 0.50000000 0.50000000
vt 0.50000000 0.50000000
vt 0.50000000 0.50000000
vt 0.50000000 0.50000000
vt 0.50000000 0.50000000
vt 0.50000000 0.50000000
vt 0.50000000 0.50000000
vt 0.50000000 0.50000000
vt 0.50000000 0.50000000
vt 0.50000000 0.50000000
vt 0.50000000 0.50000000
vt 0.50000000 0.50000000
vt 0.50000000 0.50000000
vt 0.50000000 0.50000000
vt 0.50000000 0.50000000
vt 0.50000000 0.50000000
vt 0.50000000 0.50000000
vt 0.50000000 0.50000000
vt 0.50000000 0.50000000
vt 0.50000000 0.50000000
vt 0.50000000 0.50000000
vt 0.50000000 0.50000000
vt 0.50000000 0.50000000
vt 0.50000000 0.50000000
vt 0.50000000 0.50000000
vt 0.50000000 0.50000000
vt 0.50000000 0.50000000
vt 0.50000000 0.50000000
vt 0.50000000 0.50000000
vt 0.50000000 0.50000000
vt 0.50000000 0.50000000
vt 0.50000000 0.50000000
vt 0.50000000 0.50000000
vt 0.50000000 0.50000000
vt 0.50000000 0.50000000
vt 0.50000000 0.50000000
vt 0.50000000 0.50000000
vt 0.50000000 0.50000000
vt 0.50000000 0.50000000
vt 0.50000000 0.50000000
vt 0.50000000 0.50000000
vt 0.50000000 0.50000000
vt 0.50000000 0.50000000
vt 0.50000000 0.50000000
vt 0.50000000 0.50000000
vt 0.50000000 0.50000000
vt 0.50000000 0.50000000
vt 0.50000000 0.50000000
vt 0.50000000 0.50000000
vt 0.50000000 0.50000000
vt 0.50000000 0.50000000
vt 0.50000000 0.50000000
vt 0.50000000 0.50000000
vt 0.50000000 0.50000000
vt 0.50000000 0.50000000
vt 0.50000000 0.50000000
vt 0.50000000 0.50000000
vt 0.50000000 0.50000000
vt 0.50000000 0.50000000
vt 0.50000000 0.50000000
vt 0.50000000 0.50000000
vt 0.50000000 0.50000000
vt 0.50000000 0.50000000
vt 0.50000000 0.50000000
vt 0.50000000 0.50000000
vt 0.50000000 0.50000000
vt 0.50000000 0.50000000
vt 0.50000000 0.50000000
vt 0.50000000 0.50000000
vt 0.50000000 0.50000000
vt 0.50000000 0.50000000
vt 0.50000000 0.50000000
vt 0.50000000 0.50000000
vt 0.50000000 0.50000000
vt 0.50000000 0.50000000
vt 0.50000000 0.50000000
vt 0.50000000 0.50000000
vt 0.50000000 0.50000000
vt 0.50000000 0.50000000
vt 0.50000000 0.50000000
vt 0.50000000 0.50000000
vt 0.50000000 0.50000000
vt 0.50000000 0.50000000
vt 0.50000000 0.50000000
vt 0.50000000 0.50000000
vt 0.50000000 0.50000000
vt 0.50000000 0.50000000
vt 0.50000000 0.50000000
vt 0.50000000 0.50000000
vt 0.50000000 0.50000000
vt 0.50000000 0.50000000
vt 0.50000000 0.50000000
vt 0.50000000 0.50000000
vt 0.50000000 0.50000000
vt 0.50000000 0.50000000
vt 0.50000000 0.50000000
vt 0.50000000 0.50000000
vt 0.50000000 0.50000000
vt 0.50000000 0.50000000
vt 0.50000000 0.50000000
vt 0.50000000 0.50000000
vt 0.50000000 0.50000000
vt 0.50000000 0.50000000
vt 0.50000000 0.50000000
vt 0.50000000 0.50000000
vt 0.50000000 0.50000000
vt 0.50000000 0.50000000
vt 0.50000000 0.50000000
vt 0.50000000 0.50000000
vt 0.50000000 0.50000000
vt 0.50000000 0.50000000
vt 0.50000000 0.50000000
vt 0.50000000 0.50000000
vt 0.50000000 0.50000000
vt 0.50000000 0.50000000
vt 0.50000000 0.50000000
vt 0.50000000 0.50000000
vt 0.50000000 0.50000000
vt 0.50000000 0.50000000
vt 0.50000000 0.50000000
vt 0.50000000 0.50000000
vt 0.50000000 0.50000000
vt 0.50000000 0.50000000
vt 0.50000000 0.50000000
vt 0.50000000 0.50000000
vt 0.50000000 0.50000000
vt 0.50000000 0.50000000
vt 0.50000000 0.50000000
vt 0.50000000 0.50000000
vt 0.50000000 0.50000000
vt 0.50000000 0.50000000
vt 0.50000000 0.50000000
vt 0.50000000 0.50000000
vt 0.50000000 0.50000000
vt 0.50000000 0.50000000
vt 0.50000000 0.50000000
vt 0.50000000 0.50000000
vt 0.50000000 0.50000000
vt 0.50000000 0.50000000
vt 0.50000000 0.50000000
vt 0.50000000 0.50000000
vt 0.50000000 0.50000000
vt 0.50000000 0.50000000
vt 0.50000000 0.50000000
vt 0.50000000 0.50000000
vt 0.50000000 0.50000000
vt 0.50000000 0.50000000
vt 0.50000000 0.50000000
vt 0.50000000 0.50000000
vt 0.50000000 0.50000000
vt 0.50000000 0.50000000
vt 0.50000000 0.50000000
vt 0.50000000 0.50000000
vt 0.50000000 0.50000000
vt 0.50000000 0.50000000
vt 0.50000000 0.50000000
vt 0.50000000 0.50000000
vt 0.50000000 0.50000000
vt 0.50000000 0.50000000
vt 0.50000000 0.50000000
vt 0.50000000 0.50000000
vt 0.50000000 0.50000000
vt 0.50000000 0.50000000
vt 0.50000000 0.50000000
vt 0.50000000 0.50000000
vt 0.50000000 0.50000000
vt 0.50000000 0.50000000
vt 0.50000000 0.50000000
vt 0.50000000 0.50000000
vt 0.50000000 0.50000000
vt 0.50000000 0.50000000
vt 0.50000000 0.50000000
vt 0.50000000 0.50000000
vt 0.50000000 0.50000000
vt 0.50000000 0.50000000
vt 0.50000000 0.50000000
vt 0.50000000 0.50000000
vt 0.50000000 0.50000000
vt 0.50000000 0.50000000
vt 0.50000000 0.50000000
vt 0.50000000 0.50000000
vt 0.50000000 0.50000000
vt 0.50000000 0.50000000
vt 0.50000000 0.50000000
vt 0.50000000 0.50000000
vt 0.50000000 0.50000000
vt 0.50000000 0.50000000
vt 0.50000000 0.50000000
vt 0.50000000 0.50000000
vt 0.50000000 0.50000000
vt 0.50000000 0.50000000
vt 0.50000000 0.50000000
vt 0.50000000 0.50000000
vt 0.50000000 0.50000000
vt 0.50000000 0.50000000
vt 0.50000000 0.50000000
vt 0.50000000 0.50000000
vt 0.50000000 0.50000000
vt 0.50000000 0.50000000
vt 0.50000000 0.50000000
vt 0.50000000 0.50000000
vt 0.50000000 0.50000000
vt 0.50000000 0.50000000
vt 0.50000000 0.50000000
vt 0.50000000 0.50000000
vt 0.50000000 0.50000000
vt 0.50000000 0.50000000
vt 0.50000000 0.50000000
vt 0.50000000 0.50000000
vt 0.50000000 0.50000000
vt 0.50000000 0.50000000
vt 0.50000000 0.50000000
vt 0.50000000 0.50000000
vt 0.50000000 0.50000000
vt 0.50000000 0.50000000
vt 0.50000000 0.50000000
vt 0.50000000 0.50000000
vt 0.50000000 0.50000000
vt 0.50000000 0.50000000
vt 0.50000000 0.50000000
vt 0.50000000 0.50000000
vt 0.50000000 0.50000000
vt 0.50000000 0.50000000
vt 0.50000000 0.50000000
vt 0.50000000 0.50000000
vt 0.50000000 0.50000000
vt 0.50000000 0.50000000
vt 0.50000000 0.50000000
vt 0.50000000 0.50000000
vt 0.50000000 0.50000000
vt 0.50000000 0.50000000
vt 0.50000000 0.50000000
vt 0.50000000 0.50000000
vt 0.50000000 0.50000000
vt 0.50000000 0.50000000
vt 0.50000000 0.50000000
vt 0.50000000 0.50000000
vt 0.50000000 0.50000000
vt 0.50000000 0.50000000
vt 0.50000000 0.50000000
vt 0.50000000 0.50000000
vt 0.50000000 0.50000000
vt 0.50000000 0.50000000
vt 0.50000000 0.50000000
vt 0.50000000 0.50000000
vt 0.50000000 0.50000000
vt 0.50000000 0.50000000
vt 0.50000000 0.50000000
vt 0.50000000 0.50000000
vt 0.50000000 0.50000000
vt 0.50000000 0.50000000
vt 0.50000000 0.50000000
vt 0.50000000 0.50000000
vt 0.50000000 0.50000000
vt 0.50000000 0.50000000
vt 0.50000000 0.50000000
vt 0.50000000 0.50000000
vt 0.50000000 0.50000000
vt 0.50000000 0.50000000
vt 0.50000000 0.50000000
vt 0.50000000 0.50000000
vt 0.50000000 0.50000000
vt 0.50000000 0.50000000
vt 0.50000000 0.50000000
vt 0.50000000 0.50000000
vt 0.50000000 0.50000000
vt 0.50000000 0.50000000
vt 0.50000000 0.50000000
vt 0.50000000 0.50000000
vt 0.50000000 0.50000000
vt 0.50000000 0.50000000
vt 0.50000000 0.50000000
vt 0.50000000 0.50000000
vt 0.50000000 0.50000000
vt 0.50000000 0.50000000
vt 0.50000000 0.50000000
vt 0.50000000 0.50000000
vt 0.50000000 0.50000000
vt 0.50000000 0.50000000
vt 0.50000000 0.50000000
vt 0.50000000 0.50000000
vt 0.50000000 0.50000000
vt 0.50000000 0.50000000
vt 0.50000000 0.50000000
vt 0.50000000 0.50000000
vt 0.50000000 0.50000000
vt 0.50000000 0.50000000
vt 0.50000000 0.50000000
vt 0.50000000 0.50000000
vt 0.50000000 0.50000000
vt 0.50000000 0.50000000
vt 0.50000000 0.50000000
vt 0.50000000 0.50000000
vt 0.50000000 0.50000000
vt 0.50000000 0.50000000
vt 0.50000000 0.50000000
vt 0.50000000 0.50000000
vt 0.50000000 0.50000000
vt 0.50000000 0.50000000
vt 0.50000000 0.50000000
vt 0.50000000 0.50000000
vt 0.50000000 0.50000000
vt 0.50000000 0.50000000
vt 0.50000000 0.50000000
vt 0.50000000 0.50000000
vt 0.50000000 0.50000000
vt 0.50000000 0.50000000
vt 0.50000000 0.50000000
vt 0.50000000 0.50000000
vt 0.50000000 0.50000000
vt 0.50000000 0.50000000
vt 0.50000000 0.50000000
vt 0.50000000 0.50000000
vt 0.50000000 0.50000000
vt 0.50000000 0.50000000
vt 0.50000000 0.50000000
vt 0.50000000 0.50000000
vt 0.50000000 0.50000000
vt 0.50000000 0.50000000
vt 0.50000000 0.50000000
vt 0.50000000 0.50000000
vt 0.50000000 0.50000000
vt 0.50000000 0.50000000
vt 0.50000000 0.50000000
vt 0.50000000 0.50000000
vt 0.50000000 0.50000000
vt 0.50000000 0.50000000
vt 0.50000000 0.50000000
vt 0.50000000 0.50000000
vt 0.50000000 0.50000000
vt 0.50000000 0.50000000
vt 0.50000000 0.50000000
vt 0.50000000 0.50000000
vt 0.50000000 0.50000000
vt 0.50000000 0.50000000
vt 0.50000000 0.50000000
vt 0.50000000 0.50000000
vt 0.50000000 0.50000000
vt 0.50000000 0.50000000
vt 0.50000000 0.50000000
vt 0.50000000 0.50000000
vt 0.50000000 0.50000000
vt 0.50000000 0.50000000
vt 0.50000000 0.50000000
vt 0.50000000 0.50000000
vt 0.50000000 0.50000000
vt 0.50000000 0.50000000
vt 0.50000000 0.50000000
vt 0.50000000 0.50000000
vt 0.50000000 0.50000000
vt 0.50000000 0.50000000
vt 0.50000000 0.50000000
vt 0.50000000 0.50000000
vt 0.50000000 0.50000000
vt 0.50000000 0.50000000
vt 0.50000000 0.50000000
vt 0.50000000 0.50000000
vt 0.50000000 0.50000000
vt 0.50000000 0.50000000
vt 0.50000000 0.50000000
vt 0.50000000 0.50000000
vt 0.50000000 0.50000000
vt 0.50000000 0.50000000
vt 0.50000000 0.50000000
vt 0.50000000 0.50000000
vt 0.50000000 0.50000000
vt 0.50000000 0.50000000
vt 0.50000000 0.50000000
vt 0.50000000 0.50000000
vt 0.50000000 0.50000000
vt 0.50000000 0.50000000
vt 0.50000000 0.50000000
vt 0.50000000 0.50000000
vt 0.50000000 0.50000000
vt 0.50000000 0.50000000
vt 0.50000000 0.50000000
vt 0.50000000 0.50000000
vt 0.50000000 0.50000000
vt 0.50000000 0.50000000
vt 0.50000000 0.50000000
vt 0.50000000 0.50000000
vt 0.50000000 0.50000000
vt 0.50000000 0.50000000
vt 0.50000000 0.50000000
vt 0.50000000 0.50000000
vt 0.50000000 0.50000000
vt 0.50000000 0.50000000
vt 0.50000000 0.50000000
vt 0.50000000 0.50000000
vt 0.50000000 0.50000000
vt 0.50000000 0.50000000
vt 0.50000000 0.50000000
vt 0.50000000 0.50000000
vt 0.50000000 0.50000000
vt 0.50000000 0.50000000
vt 0.50000000 0.50000000
vt 0.50000000 0.50000000
vt 0.50000000 0.50000000
vt 0.50000000 0.50000000
vt 0.50000000 0.50000000
vt 0.50000000 0.50000000
vt 0.50000000 0.50000000
vt 0.50000000 0.50000000
vt 0.50000000 0.50000000
vt 0.50000000 0.50000000
vt 0.50000000 0.50000000
vt 0.50000000 0.50000000
vt 0.50000000 0.50000000
vt 0.50000000 0.50000000
vt 0.50000000 0.50000000
vt 0.50000000 0.50000000
vt 0.50000000 0.50000000
vt 0.50000000 0.50000000
vt 0.50000000 0.50000000
vt 0.50000000 0.50000000
vt 0.50000000 0.50000000
vt 0.50000000 0.50000000
vt 0.50000000 0.50000000
vt 0.50000000 0.50000000
vt 0.50000000 0.50000000
vt 0.50000000 0.50000000
vt 0.50000000 0.50000000
vt 0.50000000 0.50000000
vt 0.50000000 0.50000000
vt 0.50000000 0.50000000
vt 0.50000000 0.50000000
vt 0.50000000 0.50000000
vt 0.50000000 0.50000000
vt 0.50000000 0.50000000
vt 0.50000000 0.50000000
vt 0.50000000 0.50000000
vt 0.50000000 0.50000000
vt 0.50000000 0.50000000
vt 0.50000000 0.50000000
vt 0.50000000 0.50000000
vt 0.50000000 0.50000000
vt 0.50000000 0.50000000
vt 0.50000000 0.50000000
vt 0.50000000 0.50000000
vt 0.50000000 0.50000000
vt 0.50000000 0.50000000
vt 0.50000000 0.50000000
vt 0.50000000 0.50000000
vt 0.50000000 0.50000000
vt 0.50000000 0.50000000
vt 0.50000000 0.50000000
vt 0.50000000 0.50000000
vt 0.50000000 0.50000000
vt 0.50000000 0.50000000
vt 0.50000000 0.50000000
vt 0.50000000 0.50000000
vt 0.50000000 0.50000000
vt 0.50000000 0.50000000
vt 0.50000000 0.50000000
vt 0.50000000 0.50000000
vt 0.50000000 0.50000000
vt 0.50000000 0.50000000
vt 0.50000000 0.50000000
vt 0.50000000 0.50000000
vt 0.50000000 0.50000000
vt 0.50000000 0.50000000
vt 0.50000000 0.50000000
vt 0.50000000 0.50000000
vt 0.50000000 0.50000000
vt 0.50000000 0.50000000
vt 0.50000000 0.50000000
vt 0.50000000 0.50000000
vt 0.50000000 0.50000000
vt 0.50000000 0.50000000
vt 0.50000000 0.50000000
vt 0.50000000 0.50000000
vt 0.50000000 0.50000000
vt 0.50000000 0.50000000
vt 0.50000000 0.50000000
vt 0.50000000 0.50000000
vt 0.50000000 0.50000000
vt 0.50000000 0.50000000
vt 0.50000000 0.50000000
vt 0.50000000 0.50000000
vt 0.50000000 0.50000000
vt 0.50000000 0.50000000
vt 0.50000000 0.50000000
vt 0.50000000 0.50000000
vt 0.50000000 0.50000000
vt 0.50000000 0.50000000
vt 0.50000000 0.50000000
vt 0.50000000 0.50000000
vt 0.50000000 0.50000000
vt 0.50000000 0.50000000
vt 0.50000000 0.50000000
vt 0.50000000 0.50000000
vt 0.50000000 0.50000000
vt 0.50000000 0.50000000
vt 0.50000000 0.50000000
vt 0.50000000 0.50000000
vt 0.50000000 0.50000000
vt 0.50000000 0.50000000
vt 0.50000000 0.50000000
vt 0.50000000 0.50000000
vt 0.50000000 0.50000000
vt 0.50000000 0.50000000
vt 0.50000000 0.50000000
vt 0.50000000 0.50000000
vt 0.50000000 0.50000000
vt 0.50000000 0.50000000
vt 0.50000000 0.50000000
vt 0.50000000 0.50000000
vt 0.50000000 0.50000000
vt 0.50000000 0.50000000
vt 0.50000000 0.50000000
vt 0.50000000 0.50000000
vt 0.50000000 0.50000000
vt 0.50000000 0.50000000
vt 0.50000000 0.50000000
vt 0.50000000 0.50000000
vt 0.50000000 0.50000000
vt 0.50000000 0.50000000
vt 0.50000000 0.50000000
vt 0.50000000 0.50000000
vt 0.50000000 0.50000000
vt 0.50000000 0.50000000
vt 0.50000000 0.50000000
vt 0.50000000 0.50000000
vt 0.50000000 0.50000000
vt 0.50000000 0.50000000
vt 0.50000000 0.50000000
vt 0.50000000 0.50000000
vt 0.50000000 0.50000000
vt 0.50000000 0.50000000
vt 0.50000000 0.50000000
vt 0.50000000 0.50000000
vt 0.50000000 0.50000000
vt 0.50000000 0.50000000
vt 0.50000000 0.50000000
vt 0.50000000 0.50000000
vt 0.50000000 0.50000000
vt 0.50000000 0.50000000
vt 0.50000000 0.50000000
vt 0.50000000 0.50000000
vt 0.50000000 0.50000000
vt 0.50000000 0.50000000
vt 0.50000000 0.50000000
vt 0.50000000 0.50000000
vt 0.50000000 0.50000000
vt 0.50000000 0.50000000
vt 0.50000000 0.50000000
vt 0.50000000 0.50000000
vt 0.50000000 0.50000000
vt 0.50000000 0.50000000
vt 0.50000000 0.50000000
vt 0.50000000 0.50000000
vt 0.50000000 0.50000000
vt 0.50000000 0.50000000
vt 0.50000000 0.50000000
vt 0.50000000 0.50000000
vt 0.50000000 0.50000000
vt 0.50000000 0.50000000
vt 0.50000000 0.50000000
vt 0.50000000 0.50000000
vt 0.50000000 0.50000000
vt 0.50000000 0.50000000
vt 0.50000000 0.50000000
vt 0.50000000 0.50000000
vt 0.50000000 0.50000000
vt 0.50000000 0.50000000
vt 0.50000000 0.50000000
vt 0.50000000 0.50000000
vt 0.50000000 0.50000000
vt 0.50000000 0.50000000
vt 0.50000000 0.50000000
vt 0.50000000 0.50000000
vt 0.50000000 0.50000000
vt 0.50000000 0.50000000
vt 0.50000000 0.50000000
vt 0.50000000 0.50000000
vt 0.50000000 0.50000000
vt 0.50000000 0.50000000
vt 0.50000000 0.50000000
vt 0.50000000 0.50000000
vt 0.50000000 0.50000000
vt 0.50000000 0.50000000
vt 0.50000000 0.50000000
vt 0.50000000 0.50000000
vt 0.50000000 0.50000000
vt 0.50000000 0.50000000
vt 0.50000000 0.50000000
vt 0.50000000 0.50000000
vt 0.50000000 0.50000000
vt 0.50000000 0.50000000
vt 0.50000000 0.50000000
vt 0.50000000 0.50000000
vt 0.50000000 0.50000000
vt 0.50000000 0.50000000
vt 0.50000000 0.50000000
vt 0.50000000 0.50000000
vt 0.50000000 0.50000000
vt 0.50000000 0.50000000
vt 0.50000000 0.50000000
vt 0.50000000 0.50000000
vt 0.50000000 0.50000000
vt 0.50000000 0.50000000
vt 0.50000000 0.50000000
vt 0.50000000 0.50000000
vt 0.50000000 0.50000000
vt 0.50000000 0.50000000
vt 0.50000000 0.50000000
vt 0.50000000 0.50000000
vt 0.50000000 0.50000000
vt 0.50000000 0.50000000
vt 0.50000000 0.50000000
vt 0.50000000 0.50000000
vt 0.50000000 0.50000000
vt 0.50000000 0.50000000
vt 0.50000000 0.50000000
vt 0.50000000 0.50000000
vt 0.50000000 0.50000000
vt 0.50000000 0.50000000
vt 0.50000000 0.50000000
vt 0.50000000 0.50000000
vt 0.50000000 0.50000000
vt 0.50000000 0.50000000
vt 0.50000000 0.50000000
vt 0.50000000 0.50000000
vt 0.50000000 0.50000000
vt 0.50000000 0.50000000
vt 0.50000000 0.50000000
vt 0.50000000 0.50000000
vt 0.50000000 0.50000000
vt 0.50000000 0.50000000
vt 0.50000000 0.50000000
vt 0.50000000 0.50000000
vt 0.50000000 0.50000000
vt 0.50000000 0.50000000
vt 0.50000000 0.50000000
vt 0.50000000 0.50000000
vt 0.50000000 0.50000000
vt 0.50000000 0.50000000
vt 0.50000000 0.50000000
vt 0.50000000 0.50000000
vt 0.50000000 0.50000000
vt 0.50000000 0.50000000
vt 0.50000000 0.50000000
vt 0.50000000 0.50000000
vt 0.50000000 0.50000000
vt 0.50000000 0.50000000
vt 0.50000000 0.50000000
vt 0.50000000 0.50000000
vt 0.50000000 0.50000000
vt 0.50000000 0.50000000
vt 0.50000000 0.50000000
vt 0.50000000 0.50000000
vt 0.50000000 0.50000000
vt 0.50000000 0.50000000
vt 0.50000000 0.50000000
vt 0.50000000 0.50000000
vt 0.50000000 0.50000000
vt 0.50000000 0.50000000
vt 0.50000000 0.50000000
vt 0.50000000 0.50000000
vt 0.50000000 0.50000000
vt 0.50000000 0.50000000
vt 0.50000000 0.50000000
vt 0.50000000 0.50000000
vt 0.50000000 0.50000000
vt 0.50000000 0.50000000
vt 0.50000000 0.50000000
vt 0.50000000 0.50000000
vt 0.50000000 0.50000000
vt 0.50000000 0.50000000
vt 0.50000000 0.50000000
vt 0.50000000 0.50000000
vt 0.50000000 0.50000000
vt 0.50000000 0.50000000
vt 0.50000000 0.50000000
vt 0.50000000 0.50000000
vt 0.50000000 0.50000000
vt 0.50000000 0.50000000
vt 0.50000000 0.50000000
vt 0.50000000 0.50000000
vt 0.50000000 0.50000000
vt 0.50000000 0.50000000
vt 0.50000000 0.50000000
vt 0.50000000 0.50000000
vt 0.50000000 0.50000000
vt 0.50000000 0.50000000
vt 0.50000000 0.50000000
vt 0.50000000 0.50000000
vt 0.50000000 0.50000000
vt 0.50000000 0.50000000
vt 0.50000000 0.50000000
vt 0.50000000 0.50000000
vt 0.50000000 0.50000000
vt 0.50000000 0.50000000
vt 0.50000000 0.50000000
vt 0.50000000 0.50000000
vt 0.50000000 0.50000000
vt 0.50000000 0.50000000
vt 0.50000000 0.50000000
vt 0.50000000 0.50000000
vt 0.50000000 0.50000000
vt 0.50000000 0.50000000
vt 0.50000000 0.50000000
vt 0.50000000 0.50000000
vt 0.50000000 0.50000000
vt 0.50000000 0.50000000
vt 0.50000000 0.50000000
vt 0.50000000 0.50000000
vt 0.50000000 0.50000000
vt 0.50000000 0.50000000
vt 0.50000000 0.50000000
vt 0.50000000 0.50000000
vt 0.50000000 0.50000000
vt 0.50000000 0.50000000
vt 0.50000000 0.50000000
vt 0.50000000 0.50000000
vt 0.50000000 0.50000000
vt 0.50000000 0.50000000
vt 0.50000000 0.50000000
vt 0.50000000 0.50000000
vt 0.50000000 0.50000000
vt 0.50000000 0.50000000
vt 0.50000000 0.50000000
vt 0.50000000 0.50000000
vt 0.50000000 0.50000000
vt 0.50000000 0.50000000
vt 0.50000000 0.50000000
vt 0.50000000 0.50000000
vt 0.50000000 0.50000000
vt 0.50000000 0.50000000
vt 0.50000000 0.50000000
vt 0.50000000 0.50000000
vt 0.50000000 0.50000000
vt 0.50000000 0.50000000
vt 0.50000000 0.50000000
vt 0.50000000 0.50000000
vt 0.50000000 0.50000000
vt 0.50000000 0.50000000
vt 0.50000000 0.50000000
vt 0.50000000 0.50000000
vt 0.50000000 0.50000000
vt 0.50000000 0.50000000
vt 0.50000000 0.50000000
vt 0.50000000 0.50000000
vt 0.50000000 0.50000000
vt 0.50000000 0.50000000
vt 0.50000000 0.50000000
vt 0.50000000 0.50000000
vt 0.50000000 0.50000000
vt 0.50000000 0.50000000
vt 0.50000000 0.50000000
vt 0.50000000 0.50000000
vt 0.50000000 0.50000000
vt 0.50000000 0.50000000
vt 0.50000000 0.50000000
vt 0.50000000 0.50000000
vt 0.50000000 0.50000000
vt 0.50000000 0.50000000
vt 0.50000000 0.50000000
vt 0.50000000 0.50000000
vt 0.50000000 0.50000000
vt 0.50000000 0.50000000
vt 0.50000000 0.50000000
vt 0.50000000 0.50000000
vt 0.50000000 0.50000000
vt 0.50000000 0.50000000
vt 0.50000000 0.50000000
vt 0.50000000 0.50000000
vt 0.50000000 0.50000000
vt 0.50000000 0.50000000
vt 0.50000000 0.50000000
vt 0.50000000 0.50000000
vt 0.50000000 0.50000000
vt 0.50000000 0.50000000
vt 0.50000000 0.50000000
vt 0.50000000 0.50000000
vt 0.50000000 0.50000000
vt 0.50000000 0.50000000
vt 0.50000000 0.50000000
vt 0.50000000 0.50000000
vt 0.50000000 0.50000000
vt 0.50000000 0.50000000
vt 0.50000000 0.50000000
vt 0.50000000 0.50000000
vt 0.50000000 0.50000000
vt 0.50000000 0.50000000
vt 0.50000000 0.50000000
vt 0.50000000 0.50000000
vt 0.50000000 0.50000000
vt 0.50000000 0.50000000
vt 0.50000000 0.50000000
vt 0.50000000 0.50000000
vt 0.50000000 0.50000000
vt 0.50000000 0.50000000
vt 0.50000000 0.50000000
vt 0.50000000 0.50000000
vt 0.50000000 0.50000000
vt 0.50000000 0.50000000
vt 0.50000000 0.50000000
vt 0.50000000 0.50000000
vt 0.50000000 0.50000000
vt 0.50000000 0.50000000
vt 0.50000000 0.50000000
vt 0.50000000 0.50000000
vt 0.50000000 0.50000000
vt 0.50000000 0.50000000
vt 0.50000000 0.50000000
vt 0.50000000 0.50000000
vt 0.50000000 0.50000000
vt 0.50000000 0.50000000
vt 0.50000000 0.50000000
vt 0.50000000 0.50000000
vt 0.50000000 0.50000000
vt 0.50000000 0.50000000
vt 0.50000000 0.50000000
vt 0.50000000 0.50000000
vt 0.50000000 0.50000000
vt 0.50000000 0.50000000
vt 0.50000000 0.50000000
vt 0.50000000 0.50000000
vt 0.50000000 0.50000000
vt 0.50000000 0.50000000
vt 0.50000000 0.50000000
vt 0.50000000 0.50000000
vt 0.50000000 0.50000000
vt 0.50000000 0.50000000
vt 0.50000000 0.50000000
vt 0.50000000 0.50000000
vt 0.50000000 0.50000000
vt 0.50000000 0.50000000
vt 0.50000000 0.50000000
vt 0.50000000 0.50000000
vt 0.50000000 0.50000000
vt 0.50000000 0.50000000
vt 0.50000000 0.50000000
vt 0.50000000 0.50000000
vt 0.50000000 0.50000000
vt 0.50000000 0.50000000
vt 0.50000000 0.50000000
vt 0.50000000 0.50000000
vt 0.50000000 0.50000000
vt 0.50000000 0.50000000
vt 0.50000000 0.50000000
vt 0.50000000 0.50000000
vt 0.50000000 0.50000000
vt 0.50000000 0.50000000
vt 0.50000000 0.50000000
vt 0.50000000 0.50000000
vt 0.50000000 0.50000000
vt 0.50000000 0.50000000
vt 0.50000000 0.50000000
vt 0.50000000 0.50000000
vt 0.50000000 0.50000000
vt 0.50000000 0.50000000
vt 0.50000000 0.50000000
vt 0.50000000 0.50000000
vt 0.50000000 0.50000000
vt 0.50000000 0.50000000
vt 0.50000000 0.50000000
vt 0.50000000 0.50000000
vt 0.50000000 0.50000000
vt 0.50000000 0.50000000
vt 0.50000000 0.50000000
vt 0.50000000 0.50000000
vt 0.50000000 0.50000000
vt 0.50000000 0.50000000
vt 0.50000000 0.50000000
vt 0.50000000 0.50000000
vt 0.50000000 0.50000000
vt 0.50000000 0.50000000
vt 0.50000000 0.50000000
vt 0.50000000 0.50000000
vt 0.50000000 0.50000000
vt 0.50000000 0.50000000
vt 0.50000000 0.50000000
vt 0.50000000 0.50000000
vt 0.50000000 0.50000000
vt 0.50000000 0.50000000
vt 0.50000000 0.50000000
vt 0.50000000 0.50000000
vt 0.50000000 0.50000000
vt 0.50000000 0.50000000
vt 0.50000000 0.50000000
vt 0.50000000 0.50000000
vt 0.50000000 0.50000000
vt 0.50000000 0.50000000
vt 0.50000000 0.50000000
vt 0.50000000 0.50000000
vt 0.50000000 0.50000000
vt 0.50000000 0.50000000
vt 0.50000000 0.50000000
vt 0.50000000 0.50000000
vt 0.50000000 0.50000000
vt 0.50000000 0.50000000
vt 0.50000000 0.50000000
vt 0.50000000 0.50000000
vt 0.50000000 0.50000000
vt 0.50000000 0.50000000
vt 0.50000000 0.50000000
vt 0.50000000 0.50000000
vt 0.50000000 0.50000000
vt 0.50000000 0.50000000
vt 0.50000000 0.50000000
vt 0.50000000 0.50000000
vt 0.50000000 0.50000000
vt 0.50000000 0.50000000
vt 0.50000000 0.50000000
vt 0.50000000 0.50000000
vt 0.50000000 0.50000000
vt 0.50000000 0.50000000
vt 0.50000000 0.50000000
vt 0.50000000 0.50000000
vt 0.50000000 0.50000000
vt 0.50000000 0.50000000
vt 0.50000000 0.50000000
vt 0.50000000 0.50000000
vt 0.50000000 0.50000000
vt 0.50000000 0.50000000
vt 0.50000000 0.50000000
vt 0.50000000 0.50000000
vt 0.50000000 0.50000000
vt 0.50000000 0.50000000
vt 0.50000000 0.50000000
vt 0.50000000 0.50000000
vt 0.50000000 0.50000000
vt 0.50000000 0.50000000
vt 0.50000000 0.50000000
vt 0.50000000 0.50000000
vt 0.50000000 0.50000000
vt 0.50000000 0.50000000
vt 0.50000000 0.50000000
vt 0.50000000 0.50000000
vt 0.50000000 0.50000000
vt 0.50000000 0.50000000
vt 0.50000000 0.50000000
vt 0.50000000 0.50000000
vt 0.50000000 0.50000000
vt 0.50000000 0.50000000
vt 0.50000000 0.50000000
vt 0.50000000 0.50000000
vt 0.50000000 0.50000000
vt 0.50000000 0.50000000
vt 0.50000000 0.50000000
vt 0.50000000 0.50000000
vt 0.50000000 0.50000000
vt 0.50000000 0.50000000
vt 0.50000000 0.50000000
vt 0.50000000 0.50000000
vt 0.50000000 0.50000000
vt 0.50000000 0.50000000
vt 0.50000000 0.50000000
vt 0.50000000 0.50000000
vt 0.50000000 0.50000000
vt 0.50000000 0.50000000
vt 0.50000000 0.50000000
vt 0.50000000 0.50000000
vt 0.50000000 0.50000000
vt 0.50000000 0.50000000
vt 0.50000000 0.50000000
vt 0.50000000 0.50000000
vt 0.50000000 0.50000000
vt 0.50000000 0.50000000
vt 0.50000000 0.50000000
vt 0.50000000 0.50000000
vt 0.50000000 0.50000000
vt 0.50000000 0.50000000
vt 0.50000000 0.50000000
vt 0.50000000 0.50000000
vt 0.50000000 0.50000000
vt 0.50000000 0.50000000
vt 0.50000000 0.50000000
vt 0.50000000 0.50000000
vt 0.50000000 0.50000000
vt 0.50000000 0.50000000
vt 0.50000000 0.50000000
vt 0.50000000 0.50000000
vt 0.50000000 0.50000000
vt 0.50000000 0.50000000
vt 0.50000000 0.50000000
vt 0.50000000 0.50000000
vt 0.50000000 0.50000000
vt 0.50000000 0.50000000
vt 0.50000000 0.50000000
vt 0.50000000 0.50000000
vt 0.50000000 0.50000000
vt 0.50000000 0.50000000
vt 0.50000000 0.50000000
vt 0.50000000 0.50000000
vt 0.50000000 0.50000000
vt 0.50000000 0.50000000
vt 0.50000000 0.50000000
vt 0.50000000 0.50000000
vt 0.50000000 0.50000000
vt 0.50000000 0.50000000
vt 0.50000000 0.50000000
vt 0.50000000 0.50000000
vt 0.50000000 0.50000000
vt 0.50000000 0.50000000
vt 0.50000000 0.50000000
vt 0.50000000 0.50000000
vt 0.50000000 0.50000000
vt 0.50000000 0.50000000
vt 0.50000000 0.50000000
vt 0.50000000 0.50000000
vt 0.50000000 0.50000000
vt 0.50000000 0.50000000
vt 0.50000000 0.50000000
vt 0.50000000 0.50000000
vt 0.50000000 0.50000000
vt 0.50000000 0.50000000
vt 0.50000000 0.50000000
vt 0.50000000 0.50000000
vt 0.50000000 0.50000000
vt 0.50000000 0.50000000
vt 0.50000000 0.50000000
vt 0.50000000 0.50000000
vt 0.50000000 0.50000000
vt 0.50000000 0.50000000
vt 0.50000000 0.50000000
vt 0.50000000 0.50000000
vt 0.50000000 0.50000000
vt 0.50000000 0.50000000
vt 0.50000000 0.50000000
vt 0.50000000 0.50000000
vt 0.50000000 0.50000000
vt 0.50000000 0.50000000
vt 0.50000000 0.50000000
vt 0.50000000 0.50000000
vt 0.50000000 0.50000000
vt 0.50000000 0.50000000
vt 0.50000000 0.50000000
vt 0.50000000 0.50000000
vt 0.50000000 0.50000000
vt 0.50000000 0.50000000
vt 0.50000000 0.50000000
vt 0.50000000 0.50000000
vt 0.50000000 0.50000000
vt 0.50000000 0.50000000
vt 0.50000000 0.50000000
vt 0.50000000 0.50000000
vt 0.50000000 0.50000000
vt 0.50000000 0.50000000
vt 0.50000000 0.50000000
vt 0.50000000 0.50000000
vt 0.50000000 0.50000000
vt 0.50000000 0.50000000
vt 0.50000000 0.50000000
vt 0.50000000 0.50000000
vt 0.50000000 0.50000000
vt 0.50000000 0.50000000
vt 0.50000000 0.50000000
vt 0.50000000 0.50000000
vt 0.50000000 0.50000000
vt 0.50000000 0.50000000
vt 0.50000000 0.50000000
vt 0.50000000 0.50000000
vt 0.50000000 0.50000000
vt 0.50000000 0.50000000
vt 0.50000000 0.50000000
vt 0.50000000 0.50000000
vt 0.50000000 0.50000000
vt 0.50000000 0.50000000
vt 0.50000000 0.50000000
vt 0.50000000 0.50000000
vt 0.50000000 0.50000000
vt 0.50000000 0.50000000
vt 0.50000000 0.50000000
vt 0.50000000 0.50000000
vt 0.50000000 0.50000000
vt 0.50000000 0.50000000
vt 0.50000000 0.50000000
vt 0.50000000 0.50000000
vt 0.50000000 0.50000000
vt 0.50000000 0.50000000
vt 0.50000000 0.50000000
vt 0.50000000 0.50000000
vt 0.50000000 0.50000000
vt 0.50000000 0.50000000
vt 0.50000000 0.50000000
vt 0.50000000 0.50000000
vt 0.50000000 0.50000000
vt 0.50000000 0.50000000
vt 0.50000000 0.50000000
vt 0.50000000 0.50000000
vt 0.50000000 0.50000000
vt 0.50000000 0.50000000
vt 0.50000000 0.50000000
vt 0.50000000 0.50000000
vt 0.50000000 0.50000000
vt 0.50000000 0.50000000
vt 0.50000000 0.50000000
vt 0.50000000 0.50000000
vt 0.50000000 0.50000000
vt 0.50000000 0.50000000
vt 0.50000000 0.50000000
vt 0.50000000 0.50000000
vt 0.50000000 0.50000000
vt 0.50000000 0.50000000
vt 0.50000000 0.50000000
vt 0.50000000 0.50000000
vt 0.50000000 0.50000000
vt 0.50000000 0.50000000
vt 0.50000000 0.50000000
vt 0.50000000 0.50000000
vt 0.50000000 0.50000000
vt 0.50000000 0.50000000
vt 0.50000000 0.50000000
vt 0.50000000 0.50000000
vt 0.50000000 0.50000000
vt 0.50000000 0.50000000
vt 0.50000000 0.50000000
vt 0.50000000 0.50000000
vt 0.50000000 0.50000000
vt 0.50000000 0.50000000
vt 0.50000000 0.50000000
vt 0.50000000 0.50000000
vt 0.50000000 0.50000000
vt 0.50000000 0.50000000
vt 0.50000000 0.50000000
vt 0.50000000 0.50000000
vt 0.50000000 0.50000000
vt 0.50000000 0.50000000
vt 0.50000000 0.50000000
vt 0.50000000 0.50000000
vt 0.50000000 0.50000000
vt 0.50000000 0.50000000
vt 0.50000000 0.50000000
vt 0.50000000 0.50000000
vt 0.50000000 0.50000000
vt 0.50000000 0.50000000
vt 0.50000000 0.50000000
vt 0.50000000 0.50000000
vt 0.50000000 0.50000000
vt 0.50000000 0.50000000
vt 0.50000000 0.50000000
vt 0.50000000 0.50000000
vt 0.50000000 0.50000000
vt 0.50000000 0.50000000
vt 0.50000000 0.50000000
vt 0.50000000 0.50000000
vt 0.50000000 0.50000000
vt 0.50000000 0.50000000
vt 0.50000000 0.50000000
vt 0.50000000 0.50000000
vt 0.50000000 0.50000000
vt 0.50000000 0.50000000
vt 0.50000000 0.50000000
vt 0.50000000 0.50000000
vt 0.50000000 0.50000000
vt 0.50000000 0.50000000
vt 0.50000000 0.50000000
vt 0.50000000 0.50000000
vt 0.50000000 0.50000000
vt 0.50000000 0.50000000
vt 0.50000000 0.50000000
vt 0.50000000 0.50000000
vt 0.50000000 0.50000000
vt 0.50000000 0.50000000
vt 0.50000000 0.50000000
vt 0.50000000 0.50000000
vt 0.50000000 0.50000000
vt 0.50000000 0.50000000
vt 0.50000000 0.50000000
vt 0.50000000 0.50000000
vt 0.50000000 0.50000000
vt 0.50000000 0.50000000
vt 0.50000000 0.50000000
vt 0.50000000 0.50000000
vt 0.50000000 0.50000000
vt 0.50000000 0.50000000
vt 0.50000000 0.50000000
vt 0.50000000 0.50000000
vt 0.50000000 0.50000000
vt 0.50000000 0.50000000
vt 0.50000000 0.50000000
vt 0.50000000 0.50000000
vt 0.50000000 0.50000000
vt 0.50000000 0.50000000
vt 0.50000000 0.50000000
vt 0.50000000 0.50000000
vt 0.50000000 0.50000000
vt 0.50000000 0.50000000
vt 0.50000000 0.50000000
vt 0.50000000 0.50000000
vt 0.50000000 0.50000000
vt 0.50000000 0.50000000
vt 0.50000000 0.50000000
vt 0.50000000 0.50000000
vt 0.50000000 0.50000000
vt 0.50000000 0.50000000
vt 0.50000000 0.50000000
vt 0.50000000 0.50000000
vt 0.50000000 0.50000000
vt 0.50000000 0.50000000
vt 0.50000000 0.50000000
vt 0.50000000 0.50000000
vt 0.50000000 0.50000000
vt 0.50000000 0.50000000
vt 0.50000000 0.50000000
vt 0.50000000 0.50000000
vt 0.50000000 0.50000000
vt 0.50000000 0.50000000
vt 0.50000000 0.50000000
vt 0.50000000 0.50000000
vt 0.50000000 0.50000000
vt 0.50000000 0.50000000
vt 0.50000000 0.50000000
vt 0.50000000 0.50000000
vt 0.50000000 0.50000000
vt 0.50000000 0.50000000
vt 0.50000000 0.50000000
vt 0.50000000 0.50000000
vt 0.50000000 0.50000000
vt 0.50000000 0.50000000
vt 0.50000000 0.50000000
vt 0.50000000 0.50000000
vt 0.50000000 0.50000000
vt 0.50000000 0.50000000
vt 0.50000000 0.50000000
vt 0.50000000 0.50000000
vt 0.50000000 0.50000000
vt 0.50000000 0.50000000
vt 0.50000000 0.50000000
vt 0.50000000 0.50000000
vt 0.50000000 0.50000000
vt 0.50000000 0.50000000
vt 0.50000000 0.50000000
vt 0.50000000 0.50000000
vt 0.50000000 0.50000000
vt 0.50000000 0.50000000
vt 0.50000000 0.50000000
vt 0.50000000 0.50000000
vt 0.50000000 0.50000000
vt 0.50000000 0.50000000
vt 0.50000000 0.50000000
vt 0.50000000 0.50000000
vt 0.50000000 0.50000000
vt 0.50000000 0.50000000
vt 0.50000000 0.50000000
vt 0.50000000 0.50000000
vt 0.50000000 0.50000000
vt 0.50000000 0.50000000
vt 0.50000000 0.50000000
vt 0.50000000 0.50000000
vt 0.50000000 0.50000000
vt 0.50000000 0.50000000
vt 0.50000000 0.50000000
vt 0.50000000 0.50000000
vt 0.50000000 0.50000000
vt 0.50000000 0.50000000
vt 0.50000000 0.50000000
vt 0.50000000 0.50000000
vt 0.50000000 0.50000000
vt 0.50000000 0.50000000
vt 0.50000000 0.50000000
vt 0.50000000 0.50000000
vt 0.50000000 0.50000000
vt 0.50000000 0.50000000
vt 0.50000000 0.50000000
vt 0.50000000 0.50000000
vt 0.50000000 0.50000000
vt 0.50000000 0.50000000
vt 0.50000000 0.50000000
vt 0.50000000 0.50000000
vt 0.50000000 0.50000000
vt 0.50000000 0.50000000
vt 0.50000000 0.50000000
vt 0.50000000 0.50000000
vt 0.50000000 0.50000000
vt 0.50000000 0.50000000
vt 0.50000000 0.50000000
vt 0.50000000 0.50000000
vt 0.50000000 0.50000000
vt 0.50000000 0.50000000
vt 0.50000000 0.50000000
vt 0.50000000 0.50000000
vt 0.50000000 0.50000000
vt 0.50000000 0.50000000
vt 0.50000000 0.50000000
vt 0.50000000 0.50000000
vt 0.50000000 0.50000000
vt 0.50000000 0.50000000
vt 0.50000000 0.50000000
vt 0.50000000 0.50000000
vt 0.50000000 0.50000000
vt 0.50000000 0.50000000
vt 0.50000000 0.50000000
vt 0.50000000 0.50000000
vt 0.50000000 0.50000000
vt 0.50000000 0.50000000
vt 0.50000000 0.50000000
vt 0.50000000 0.50000000
vt 0.50000000 0.50000000
vt 0.50000000 0.50000000
vt 0.50000000 0.50000000
vt 0.50000000 0.50000000
vt 0.50000000 0.50000000
vt 0.50000000 0.50000000
vt 0.50000000 0.50000000
vt 0.50000000 0.50000000
vt 0.50000000 0.50000000
vt 0.50000000 0.50000000
vt 0.50000000 0.50000000
vt 0.50000000 0.50000000
vt 0.50000000 0.50000000
vt 0.50000000 0.50000000
vt 0.50000000 0.50000000
vt 0.50000000 0.50000000
vt 0.50000000 0.50000000
vt 0.50000000 0.50000000
vt 0.50000000 0.50000000
vt 0.50000000 0.50000000
vt 0.50000000 0.50000000
vt 0.50000000 0.50000000
vt 0.50000000 0.50000000
vt 0.50000000 0.50000000
vt 0.50000000 0.50000000
vt 0.50000000 0.50000000
vt 0.50000000 0.50000000
vt 0.50000000 0.50000000
vt 0.50000000 0.50000000
vt 0.50000000 0.50000000
vt 0.50000000 0.50000000
vt 0.50000000 0.50000000
vt 0.50000000 0.50000000
vt 0.50000000 0.50000000
vt 0.50000000 0.50000000
vt 0.50000000 0.50000000
vt 0.50000000 0.50000000
vt 0.50000000 0.50000000
vt 0.50000000 0.50000000
vt 0.50000000 0.50000000
vt 0.50000000 0.50000000
vt 0.50000000 0.50000000
vt 0.50000000 0.50000000
vt 0.50000000 0.50000000
vt 0.50000000 0.50000000
vt 0.50000000 0.50000000
vt 0.50000000 0.50000000
vt 0.50000000 0.50000000
vt 0.50000000 0.50000000
vt 0.50000000 0.50000000
vt 0.50000000 0.50000000
vt 0.50000000 0.50000000
vt 0.50000000 0.50000000
vt 0.50000000 0.50000000
vt 0.50000000 0.50000000
vt 0.50000000 0.50000000
vt 0.50000000 0.50000000
vt 0.50000000 0.50000000
vt 0.50000000 0.50000000
vt 0.50000000 0.50000000
vt 0.50000000 0.50000000
vt 0.50000000 0.50000000
vt 0.50000000 0.50000000
vt 0.50000000 0.50000000
vt 0.50000000 0.50000000
vt 0.50000000 0.50000000
vt 0.50000000 0.50000000
vt 0.50000000 0.50000000
vt 0.50000000 0.50000000
vt 0.50000000 0.50000000
vt 0.50000000 0.50000000
vt 0.50000000 0.50000000
vt 0.50000000 0.50000000
vt 0.50000000 0.50000000
vt 0.50000000 0.50000000
vt 0.50000000 0.50000000
vt 0.50000000 0.50000000
vt 0.50000000 0.50000000
vt 0.50000000 0.50000000
vt 0.50000000 0.50000000
vt 0.50000000 0.50000000
vt 0.50000000 0.50000000
vt 0.50000000 0.50000000
vt 0.50000000 0.50000000
vt 0.50000000 0.50000000
vt 0.50000000 0.50000000
vt 0.50000000 0.50000000
vt 0.50000000 0.50000000
vt 0.50000000 0.50000000
vt 0.50000000 0.50000000
vt 0.50000000 0.50000000
vt 0.50000000 0.50000000
vt 0.50000000 0.50000000
vt 0.50000000 0.50000000
vt 0.50000000 0.50000000
vt 0.50000000 0.50000000
vt 0.50000000 0.50000000
vt 0.50000000 0.50000000
vt 0.50000000 0.50000000
vt 0.50000000 0.50000000
vt 0.50000000 0.50000000
vt 0.50000000 0.50000000
vt 0.50000000 0.50000000
vt 0.50000000 0.50000000
vt 0.50000000 0.50000000
vt 0.50000000 0.50000000
vt 0.50000000 0.50000000
vt 0.50000000 0.50000000
vt 0.50000000 0.50000000
vt 0.50000000 0.50000000
vt 0.50000000 0.50000000
vt 0.50000000 0.50000000
vt 0.50000000 0.50000000
vt 0.50000000 0.50000000
vt 0.50000000 0.50000000
vt 0.50000000 0.50000000
vt 0.50000000 0.50000000
vt 0.50000000 0.50000000
vt 0.50000000 0.50000000
vt 0.50000000 0.50000000
vt 0.50000000 0.50000000
vt 0.50000000 0.50000000
vt 0.50000000 0.50000000
vt 0.50000000 0.50000000
vt 0.50000000 0.50000000
vt 0.50000000 0.50000000
vt 0.50000000 0.50000000
vt 0.50000000 0.50000000
vt 0.50000000 0.50000000
vt 0.50000000 0.50000000
vt 0.50000000 0.50000000
vt 0.50000000 0.50000000
vt 0.50000000 0.50000000
vt 0.50000000 0.50000000
vt 0.50000000 0.50000000
vt 0.50000000 0.50000000
vt 0.50000000 0.50000000
vt 0.50000000 0.50000000
vt 0.50000000 0.50000000
vt 0.50000000 0.50000000
vt 0.50000000 0.50000000
vt 0.50000000 0.50000000
vt 0.50000000 0.50000000
vt 0.50000000 0.50000000
vt 0.50000000 0.50000000
vt 0.50000000 0.50000000
vt 0.50000000 0.50000000
vt 0.50000000 0.50000000
vt 0.50000000 0.50000000
vt 0.50000000 0.50000000
vt 0.50000000 0.50000000
vt 0.50000000 0.50000000
vt 0.50000000 0.50000000
vt 0.50000000 0.50000000
vt 0.50000000 0.50000000
vt 0.50000000 0.50000000
vt 0.50000000 0.50000000
vt 0.50000000 0.50000000
vt 0.50000000 0.50000000
vt 0.50000000 0.50000000
vt 0.50000000 0.50000000
vt 0.50000000 0.50000000
vt 0.50000000 0.50000000
vt 0.50000000 0.50000000
vt 0.50000000 0.50000000
vt 0.50000000 0.50000000
vt 0.50000000 0.50000000
vt 0.50000000 0.50000000
vt 0.50000000 0.50000000
vt 0.50000000 0.50000000
vt 0.50000000 0.50000000
vt 0.50000000 0.50000000
vt 0.50000000 0.50000000
vt 0.50000000 0.50000000
vt 0.50000000 0.50000000
vt 0.50000000 0.50000000
vt 0.50000000 0.50000000
vt 0.50000000 0.50000000
vt 0.50000000 0.50000000
vt 0.50000000 0.50000000
vt 0.50000000 0.50000000
vt 0.50000000 0.50000000
vt 0.50000000 0.50000000
vt 0.50000000 0.50000000
vt 0.50000000 0.50000000
vt 0.50000000 0.50000000
vt 0.50000000 0.50000000
vt 0.50000000 0.50000000
vt 0.50000000 0.50000000
vt 0.50000000 0.50000000
vt 0.50000000 0.50000000
vt 0.50000000 0.50000000
vt 0.50000000 0.50000000
vt 0.50000000 0.50000000
vt 0.50000000 0.50000000
vt 0.50000000 0.50000000
vt 0.50000000 0.50000000
vt 0.50000000 0.50000000
vt 0.50000000 0.50000000
vt 0.50000000 0.50000000
vt 0.50000000 0.50000000
vt 0.50000000 0.50000000
vt 0.50000000 0.50000000
vt 0.50000000 0.50000000
vt 0.50000000 0.50000000
vt 0.50000000 0.50000000
vt 0.50000000 0.50000000
vt 0.50000000 0.50000000
vt 0.50000000 0.50000000
vt 0.50000000 0.50000000
vt 0.50000000 0.50000000
vt 0.50000000 0.50000000
vt 0.50000000 0.50000000
vt 0.50000000 0.50000000
vt 0.50000000 0.50000000
vt 0.50000000 0.50000000
vt 0.50000000 0.50000000
vt 0.50000000 0.50000000
vt 0.50000000 0.50000000
vt 0.50000000 0.50000000
vt 0.50000000 0.50000000
vt 0.50000000 0.50000000
vt 0.50000000 0.50000000
vt 0.50000000 0.50000000
vt 0.50000000 0.50000000
vt 0.50000000 0.50000000
vt 0.50000000 0.50000000
vt 0.50000000 0.50000000
vt 0.50000000 0.50000000
vt 0.50000000 0.50000000
vt 0.50000000 0.50000000
vt 0.50000000 0.50000000
vt 0.50000000 0.50000000
vt 0.50000000 0.50000000
vt 0.50000000 0.50000000
vt 0.50000000 0.50000000
vt 0.50000000 0.50000000
vt 0.50000000 0.50000000
vt 0.50000000 0.50000000
vt 0.50000000 0.50000000
vt 0.50000000 0.50000000
vt 0.50000000 0.50000000
vt 0.50000000 0.50000000
vt 0.50000000 0.50000000
vt 0.50000000 0.50000000
vt 0.50000000 0.50000000
vt 0.50000000 0.50000000
vt 0.50000000 0.50000000
vt 0.50000000 0.50000000
vt 0.50000000 0.50000000
vt 0.50000000 0.50000000
vt 0.50000000 0.50000000
vt 0.50000000 0.50000000
vt 0.50000000 0.50000000
vt 0.50000000 0.50000000
vt 0.50000000 0.50000000
vt 0.50000000 0.50000000
vt 0.50000000 0.50000000
vt 0.50000000 0.50000000
vt 0.50000000 0.50000000
vt 0.50000000 0.50000000
vt 0.50000000 0.50000000
vt 0.50000000 0.50000000
vt 0.50000000 0.50000000
vt 0.50000000 0.50000000
vt 0.50000000 0.50000000
vt 0.50000000 0.50000000
vt 0.50000000 0.50000000
vt 0.50000000 0.50000000
vt 0.50000000 0.50000000
vt 0.50000000 0.50000000
vt 0.50000000 0.50000000
vt 0.50000000 0.50000000
vt 0.50000000 0.50000000
vt 0.50000000 0.50000000
vt 0.50000000 0.50000000
vt 0.50000000 0.50000000
vt 0.50000000 0.50000000
vt 0.50000000 0.50000000
vt 0.50000000 0.50000000
vt 0.50000000 0.50000000
vt 0.50000000 0.50000000
vt 0.50000000 0.50000000
vt 0.50000000 0.50000000
vt 0.50000000 0.50000000
vt 0.50000000 0.50000000
vt 0.50000000 0.50000000
vt 0.50000000 0.50000000
vt 0.50000000 0.50000000
vt 0.50000000 0.50000000
vt 0.50000000 0.50000000
vt 0.50000000 0.50000000
vt 0.50000000 0.50000000
vt 0.50000000 0.50000000
vt 0.50000000 0.50000000
vt 0.50000000 0.50000000
vt 0.50000000 0.50000000
vt 0.50000000 0.50000000
vt 0.50000000 0.50000000
vt 0.50000000 0.50000000
vt 0.50000000 0.50000000
vt 0.50000000 0.50000000
vt 0.50000000 0.50000000
vt 0.50000000 0.50000000
vt 0.50000000 0.50000000
vt 0.50000000 0.50000000
vt 0.50000000 0.50000000
vt 0.50000000 0.50000000
vt 0.50000000 0.50000000
vt 0.50000000 0.50000000
vt 0.50000000 0.50000000
vt 0.50000000 0.50000000
vt 0.50000000 0.50000000
vt 0.50000000 0.50000000
vt 0.50000000 0.50000000
vt 0.50000000 0.50000000
vt 0.50000000 0.50000000
vt 0.50000000 0.50000000
vt 0.50000000 0.50000000
vt 0.50000000 0.50000000
vt 0.50000000 0.50000000
vt 0.50000000 0.50000000
vt 0.50000000 0.50000000
vt 0.50000000 0.50000000
vt 0.50000000 0.50000000
vt 0.50000000 0.50000000
vt 0.50000000 0.50000000
vt 0.50000000 0.50000000
vt 0.50000000 0.50000000
vt 0.50000000 0.50000000
vt 0.50000000 0.50000000
vt 0.50000000 0.50000000
vt 0.50000000 0.50000000
vt 0.50000000 0.50000000
vt 0.50000000 0.50000000
vt 0.50000000 0.50000000
vt 0.50000000 0.50000000
vt 0.50000000 0.50000000
vt 0.50000000 0.50000000
vt 0.50000000 0.50000000
vt 0.50000000 0.50000000
vt 0.50000000 0.50000000
vt 0.50000000 0.50000000
vt 0.50000000 0.50000000
vt 0.50000000 0.50000000
vt 0.50000000 0.50000000
vt 0.50000000 0.50000000
vt 0.50000000 0.50000000
vt 0.50000000 0.50000000
vt 0.50000000 0.50000000
vt 0.50000000 0.50000000
vt 0.50000000 0.50000000
vt 0.50000000 0.50000000
vt 0.50000000 0.50000000
vt 0.50000000 0.50000000
vt 0.50000000 0.50000000
vt 0.50000000 0.50000000
vt 0.50000000 0.50000000
vt 0.50000000 0.50000000
vt 0.50000000 0.50000000
vt 0.50000000 0.50000000
vt 0.50000000 0.50000000
vt 0.50000000 0.50000000
vt 0.50000000 0.50000000
vt 0.50000000 0.50000000
vt 0.50000000 0.50000000
vt 0.50000000 0.50000000
vt 0.50000000 0.50000000
vt 0.50000000 0.50000000
vt 0.50000000 0.50000000
vt 0.50000000 0.50000000
vt 0.50000000 0.50000000
vt 0.50000000 0.50000000
vt 0.50000000 0.50000000
vt 0.50000000 0.50000000
vt 0.50000000 0.50000000
vt 0.50000000 0.50000000
vt 0.50000000 0.50000000
vt 0.50000000 0.50000000
vt 0.50000000 0.50000000
vt 0.50000000 0.50000000
vt 0.50000000 0.50000000
vt 0.50000000 0.50000000
vt 0.50000000 0.50000000
vt 0.50000000 0.50000000
vt 0.50000000 0.50000000
vt 0.50000000 0.50000000
vt 0.50000000 0.50000000
vt 0.50000000 0.50000000
vt 0.50000000 0.50000000
vt 0.50000000 0.50000000
vt 0.50000000 0.50000000
vt 0.50000000 0.50000000
vt 0.50000000 0.50000000
vt 0.50000000 0.50000000
vt 0.50000000 0.50000000
vt 0.50000000 0.50000000
vt 0.50000000 0.50000000
vt 0.50000000 0.50000000
vt 0.50000000 0.50000000
vt 0.50000000 0.50000000
vt 0.50000000 0.50000000
vt 0.50000000 0.50000000
vt 0.50000000 0.50000000
vt 0.50000000 0.50000000
vt 0.50000000 0.50000000
vt 0.50000000 0.50000000
vt 0.50000000 0.50000000
vt 0.50000000 0.50000000
vt 0.50000000 0.50000000
vt 0.50000000 0.50000000
vt 0.50000000 0.50000000
vt 0.50000000 0.50000000
vt 0.50000000 0.50000000
vt 0.50000000 0.50000000
vt 0.50000000 0.50000000
vt 0.50000000 0.50000000
vt 0.50000000 0.50000000
vt 0.50000000 0.50000000
vt 0.50000000 0.50000000
vt 0.50000000 0.50000000
vt 0.50000000 0.50000000
vt 0.50000000 0.50000000
vt 0.50000000 0.50000000
vt 0.50000000 0.50000000
vt 0.50000000 0.50000000
vt 0.50000000 0.50000000
vt 0.50000000 0.50000000
vt 0.50000000 0.50000000
vt 0.50000000 0.50000000
vt 0.50000000 0.50000000
vt 0.50000000 0.50000000
vt 0.50000000 0.50000000
vt 0.50000000 0.50000000
vt 0.50000000 0.50000000
vt 0.50000000 0.50000000
vt 0.50000000 0.50000000
vt 0.50000000 0.50000000
vt 0.50000000 0.50000000
vt 0.50000000 0.50000000
vt 0.50000000 0.50000000
vt 0.50000000 0.50000000
vt 0.50000000 0.50000000
vt 0.50000000 0.50000000
vt 0.50000000 0.50000000
vt 0.50000000 0.50000000
vt 0.50000000 0.50000000
vt 0.50000000 0.50000000
vt 0.50000000 0.50000000
vt 0.50000000 0.50000000
vt 0.50000000 0.50000000
vt 0.50000000 0.50000000
vt 0.50000000 0.50000000
vt 0.50000000 0.50000000
vt 0.50000000 0.50000000
vt 0.50000000 0.50000000
vt 0.50000000 0.50000000
vt 0.50000000 0.50000000
vt 0.50000000 0.50000000
vt 0.50000000 0.50000000
vt 0.50000000 0.50000000
vt 0.50000000 0.50000000
vt 0.50000000 0.50000000
vt 0.50000000 0.50000000
vt 0.50000000 0.50000000
vt 0.50000000 0.50000000
vt 0.50000000 0.50000000
vt 0.50000000 0.50000000
vt 0.50000000 0.50000000
vt 0.50000000 0.50000000
vt 0.50000000 0.50000000
vt 0.50000000 0.50000000
vt 0.50000000 0.50000000
vt 0.50000000 0.50000000
vt 0.50000000 0.50000000
vt 0.50000000 0.50000000
vt 0.50000000 0.50000000
vt 0.50000000 0.50000000
vt 0.50000000 0.50000000
vt 0.50000000 0.50000000
vt 0.50000000 0.50000000
vt 0.50000000 0.50000000
vt 0.50000000 0.50000000
vt 0.50000000 0.50000000
vt 0.50000000 0.50000000
vt 0.50000000 0.50000000
vt 0.50000000 0.50000000
vt 0.50000000 0.50000000
vt 0.50000000 0.50000000
vt 0.50000000 0.50000000
vt 0.50000000 0.50000000
vt 0.50000000 0.50000000
vt 0.50000000 0.50000000
vt 0.50000000 0.50000000
vt 0.50000000 0.50000000
vt 0.50000000 0.50000000
vt 0.50000000 0.50000000
vt 0.50000000 0.50000000
vt 0.50000000 0.50000000
vt 0.50000000 0.50000000
vt 0.50000000 0.50000000
vt 0.50000000 0.50000000
vt 0.50000000 0.50000000
vt 0.50000000 0.50000000
vt 0.50000000 0.50000000
vt 0.50000000 0.50000000
vt 0.50000000 0.50000000
vt 0.50000000 0.50000000
vt 0.50000000 0.50000000
vt 0.50000000 0.50000000
vt 0.50000000 0.50000000
vt 0.50000000 0.50000000
vt 0.50000000 0.50000000
vt 0.50000000 0.50000000
vt 0.50000000 0.50000000
vt 0.50000000 0.50000000
vt 0.50000000 0.50000000
vt 0.50000000 0.50000000
vt 0.50000000 0.50000000
vt 0.50000000 0.50000000
vt 0.50000000 0.50000000
vt 0.50000000 0.50000000
vt 0.50000000 0.50000000
vt 0.50000000 0.50000000
vt 0.50000000 0.50000000
vt 0.50000000 0.50000000
vt 0.50000000 0.50000000
vt 0.50000000 0.50000000
vt 0.50000000 0.50000000
vt 0.50000000 0.50000000
vt 0.50000000 0.50000000
vt 0.50000000 0.50000000
vt 0.50000000 0.50000000
vt 0.50000000 0.50000000
vt 0.50000000 0.50000000
vt 0.50000000 0.50000000
vt 0.50000000 0.50000000
vt 0.50000000 0.50000000
vt 0.50000000 0.50000000
vt 0.50000000 0.50000000
vt 0.50000000 0.50000000
vt 0.50000000 0.50000000
vt 0.50000000 0.50000000
vt 0.50000000 0.50000000
vt 0.50000000 0.50000000
vt 0.50000000 0.50000000
vt 0.50000000 0.50000000
vt 0.50000000 0.50000000
vt 0.50000000 0.50000000
vt 0.50000000 0.50000000
vt 0.50000000 0.50000000
vt 0.50000000 0.50000000
vt 0.50000000 0.50000000
vt 0.50000000 0.50000000
vt 0.50000000 0.50000000
vt 0.50000000 0.50000000
vt 0.50000000 0.50000000
vt 0.50000000 0.50000000
vt 0.50000000 0.50000000
vt 0.50000000 0.50000000
vt 0.50000000 0.50000000
vt 0.50000000 0.50000000
vt 0.50000000 0.50000000
vt 0.50000000 0.50000000
vt 0.50000000 0.50000000
vt 0.50000000 0.50000000
vt 0.50000000 0.50000000
vt 0.50000000 0.50000000
vt 0.50000000 0.50000000
vt 0.50000000 0.50000000
vt 0.50000000 0.50000000
vt 0.50000000 0.50000000
vt 0.50000000 0.50000000
vt 0.50000000 0.50000000
vt 0.50000000 0.50000000
vt 0.50000000 0.50000000
vt 0.50000000 0.50000000
vt 0.50000000 0.50000000
vt 0.50000000 0.50000000
vt 0.50000000 0.50000000
vt 0.50000000 0.50000000
vt 0.50000000 0.50000000
vt 0.50000000 0.50000000
vt 0.50000000 0.50000000
vt 0.50000000 0.50000000
vt 0.50000000 0.50000000
vt 0.50000000 0.50000000
vt 0.50000000 0.50000000
vt 0.50000000 0.50000000
vt 0.50000000 0.50000000
vt 0.50000000 0.50000000
vt 0.50000000 0.50000000
vt 0.50000000 0.50000000
vt 0.50000000 0.50000000
vt 0.50000000 0.50000000
vt 0.50000000 0.50000000
vt 0.50000000 0.50000000
vt 0.50000000 0.50000000
vt 0.50000000 0.50000000
vt 0.50000000 0.50000000
vt 0.50000000 0.50000000
vt 0.50000000 0.50000000
vt 0.50000000 0.50000000
vt 0.50000000 0.50000000
vt 0.50000000 0.50000000
vt 0.50000000 0.50000000
vt 0.50000000 0.50000000
vt 0.50000000 0.50000000
vt 0.50000000 0.50000000
vt 0.50000000 0.50000000
vt 0.50000000 0.50000000
vt 0.50000000 0.50000000
vt 0.50000000 0.50000000
vt 0.50000000 0.50000000
vt 0.50000000 0.50000000
vt 0.50000000 0.50000000
vt 0.50000000 0.50000000
vt 0.50000000 0.50000000
vt 0.50000000 0.50000000
vt 0.50000000 0.50000000
vt 0.50000000 0.50000000
vt 0.50000000 0.50000000
vt 0.50000000 0.50000000
vt 0.50000000 0.50000000
vt 0.50000000 0.50000000
vt 0.50000000 0.50000000
vt 0.50000000 0.50000000
vt 0.50000000 0.50000000
vt 0.50000000 0.50000000
vt 0.50000000 0.50000000
vt 0.50000000 0.50000000
vt 0.50000000 0.50000000
vt 0.50000000 0.50000000
vt 0.50000000 0.50000000
vt 0.50000000 0.50000000
vt 0.50000000 0.50000000
vt 0.50000000 0.50000000
vt 0.50000000 0.50000000
vt 0.50000000 0.50000000
vt 0.50000000 0.50000000
vt 0.50000000 0.50000000
vt 0.50000000 0.50000000
vt 0.50000000 0.50000000
vt 0.50000000 0.50000000
vt 0.50000000 0.50000000
vt 0.50000000 0.50000000
vt 0.50000000 0.50000000
vt 0.50000000 0.50000000
vt 0.50000000 0.50000000
vt 0.50000000 0.50000000
vt 0.50000000 0.50000000
vt 0.50000000 0.50000000
vt 0.50000000 0.50000000
vt 0.50000000 0.50000000
vt 0.50000000 0.50000000
vt 0.50000000 0.50000000
vt 0.50000000 0.50000000
vt 0.50000000 0.50000000
vt 0.50000000 0.50000000
vt 0.50000000 0.50000000
vt 0.50000000 0.50000000
vt 0.50000000 0.50000000
vt 0.50000000 0.50000000
vt 0.50000000 0.50000000
vt 0.50000000 0.50000000
vt 0.50000000 0.50000000
vt 0.50000000 0.50000000
vt 0.50000000 0.50000000
vt 0.50000000 0.50000000
vt 0.50000000 0.50000000
vt 0.50000000 0.50000000
vt 0.50000000 0.50000000
vt 0.50000000 0.50000000
vt 0.50000000 0.50000000
vt 0.50000000 0.50000000
vt 0.50000000 0.50000000
vt 0.50000000 0.50000000
vt 0.50000000 0.50000000
vt 0.50000000 0.50000000
vt 0.50000000 0.50000000
vt 0.50000000 0.50000000
vt 0.50000000 0.50000000
vt 0.50000000 0.50000000
vt 0.50000000 0.50000000
vt 0.50000000 0.50000000
vt 0.50000000 0.50000000
vt 0.50000000 0.50000000
vt 0.50000000 0.50000000
vt 0.50000000 0.50000000
vt 0.50000000 0.50000000
vt 0.50000000 0.50000000
vt 0.50000000 0.50000000
vt 0.50000000 0.50000000
vt 0.50000000 0.50000000
vt 0.50000000 0.50000000
vt 0.50000000 0.50000000
vt 0.50000000 0.50000000
vt 0.50000000 0.50000000
vt 0.50000000 0.50000000
vt 0.50000000 0.50000000
vt 0.50000000 0.50000000
vt 0.50000000 0.50000000
vt 0.50000000 0.50000000
vt 0.50000000 0.50000000
vt 0.50000000 0.50000000
vt 0.50000000 0.50000000
vt 0.50000000 0.50000000
vt 0.50000000 0.50000000
vt 0.50000000 0.50000000
vt 0.50000000 0.50000000
vt 0.50000000 0.50000000
vt 0.50000000 0.50000000
vt 0.50000000 0.50000000
vt 0.50000000 0.50000000
vt 0.50000000 0.50000000
vt 0.50000000 0.50000000
vt 0.50000000 0.50000000
vt 0.50000000 0.50000000
vt 0.50000000 0.50000000
vt 0.50000000 0.50000000
vt 0.50000000 0.50000000
vt 0.50000000 0.50000000
vt 0.50000000 0.50000000
vt 0.50000000 0.50000000
vt 0.50000000 0.50000000
vt 0.50000000 0.50000000
vt 0.50000000 0.50000000
vt 0.50000000 0.50000000
vt 0.50000000 0.50000000
vt 0.50000000 0.50000000
vt 0.50000000 0.50000000
vt 0.50000000 0.50000000
vt 0.50000000 0.50000000
vt 0.50000000 0.50000000
vt 0.50000000 0.50000000
vt 0.50000000 0.50000000
vt 0.50000000 0.50000000
vt 0.50000000 0.50000000
vt 0.50000000 0.50000000
vt 0.50000000 0.50000000
vt 0.50000000 0.50000000
vt 0.50000000 0.50000000
vt 0.50000000 0.50000000
vt 0.50000000 0.50000000
vt 0.50000000 0.50000000
vt 0.50000000 0.50000000
vt 0.50000000 0.50000000
vt 0.50000000 0.50000000
vt 0.50000000 0.50000000
vt 0.50000000 0.50000000
vt 0.50000000 0.50000000
vt 0.50000000 0.50000000
vt 0.50000000 0.50000000
vt 0.50000000 0.50000000
vt 0.50000000 0.50000000
vt 0.50000000 0.50000000
vt 0.50000000 0.50000000
vt 0.50000000 0.50000000
vt 0.50000000 0.50000000
vt 0.50000000 0.50000000
vt 0.50000000 0.50000000
vt 0.50000000 0.50000000
vt 0.50000000 0.50000000
vt 0.50000000 0.50000000
vt 0.50000000 0.50000000
vt 0.50000000 0.50000000
vt 0.50000000 0.50000000
vt 0.50000000 0.50000000
vt 0.50000000 0.50000000
vt 0.50000000 0.50000000
vt 0.50000000 0.50000000
vt 0.50000000 0.50000000
vt 0.50000000 0.50000000
vt 0.50000000 0.50000000
vt 0.50000000 0.50000000
vt 0.50000000 0.50000000
vt 0.50000000 0.50000000
vt 0.50000000 0.50000000
vt 0.50000000 0.50000000
vt 0.50000000 0.50000000
vt 0.50000000 0.50000000
vt 0.50000000 0.50000000
vt 0.50000000 0.50000000
vt 0.50000000 0.50000000
vt 0.50000000 0.50000000
vt 0.50000000 0.50000000
vt 0.50000000 0.50000000
vt 0.50000000 0.50000000
vt 0.50000000 0.50000000
vt 0.50000000 0.50000000
vt 0.50000000 0.50000000
vt 0.50000000 0.50000000
vt 0.50000000 0.50000000
vt 0.50000000 0.50000000
vt 0.50000000 0.50000000
vt 0.50000000 0.50000000
vt 0.50000000 0.50000000
vt 0.50000000 0.50000000
vt 0.50000000 0.50000000
vt 0.50000000 0.50000000
vt 0.50000000 0.50000000
vt 0.50000000 0.50000000
vt 0.50000000 0.50000000
vt 0.50000000 0.50000000
vt 0.50000000 0.50000000
vt 0.50000000 0.50000000
vt 0.50000000 0.50000000
vt 0.50000000 0.50000000
vt 0.50000000 0.50000000
vt 0.50000000 0.50000000
vt 0.50000000 0.50000000
vt 0.50000000 0.50000000
vt 0.50000000 0.50000000
vt 0.50000000 0.50000000
vt 0.50000000 0.50000000
vt 0.50000000 0.50000000
vt 0.50000000 0.50000000
vt 0.50000000 0.50000000
vt 0.50000000 0.50000000
vt 0.50000000 0.50000000
vt 0.50000000 0.50000000
vt 0.50000000 0.50000000
vt 0.50000000 0.50000000
vt 0.50000000 0.50000000
vt 0.50000000 0.50000000
vt 0.50000000 0.50000000
vt 0.50000000 0.50000000
vt 0.50000000 0.50000000
vt 0.50000000 0.50000000
vt 0.50000000 0.50000000
vt 0.50000000 0.50000000
vt 0.50000000 0.50000000
vt 0.50000000 0.50000000
vt 0.50000000 0.50000000
vt 0.50000000 0.50000000
vt 0.50000000 0.50000000
vt 0.50000000 0.50000000
vt 0.50000000 0.50000000
vt 0.50000000 0.50000000
vt 0.50000000 0.50000000
vt 0.50000000 0.50000000
vt 0.50000000 0.50000000
vt 0.50000000 0.50000000
vt 0.50000000 0.50000000
vt 0.50000000 0.50000000
vt 0.50000000 0.50000000
vt 0.50000000 0.50000000
vt 0.50000000 0.50000000
vt 0.50000000 0.50000000
vt 0.50000000 0.50000000
vt 0.50000000 0.50000000
vt 0.50000000 0.50000000
vt 0.50000000 0.50000000
vt 0.50000000 0.50000000
vt 0.50000000 0.50000000
vt 0.50000000 0.50000000
vt 0.50000000 0.50000000
vt 0.50000000 0.50000000
vt 0.50000000 0.50000000
vt 0.50000000 0.50000000
vt 0.50000000 0.50000000
vt 0.50000000 0.50000000
vt 0.50000000 0.50000000
vt 0.50000000 0.50000000
vt 0.50000000 0.50000000
vt 0.50000000 0.50000000
vt 0.50000000 0.50000000
vt 0.50000000 0.50000000
vt 0.50000000 0.50000000
vt 0.50000000 0.50000000
vt 0.50000000 0.50000000
vt 0.50000000 0.50000000
vt 0.50000000 0.50000000
vt 0.50000000 0.50000000
vt 0.50000000 0.50000000
vt 0.50000000 0.50000000
vt 0.50000000 0.50000000
vt 0.50000000 0.50000000
vt 0.50000000 0.50000000
vt 0.50000000 0.50000000
vt 0.50000000 0.50000000
vt 0.50000000 0.50000000
vt 0.50000000 0.50000000
vt 0.50000000 0.50000000
vt 0.50000000 0.50000000
vt 0.50000000 0.50000000
vt 0.50000000 0.50000000
vt 0.50000000 0.50000000
vt 0.50000000 0.50000000
vt 0.50000000 0.50000000
vt 0.50000000 0.50000000
vt 0.50000000 0.50000000
vt 0.50000000 0.50000000
vt 0.50000000 0.50000000
vt 0.50000000 0.50000000
vt 0.50000000 0.50000000
vt 0.50000000 0.50000000
vt 0.50000000 0.50000000
vt 0.50000000 0.50000000
vt 0.50000000 0.50000000
vt 0.50000000 0.50000000
vt 0.50000000 0.50000000
vt 0.50000000 0.50000000
vt 0.50000000 0.50000000
vt 0.50000000 0.50000000
vt 0.50000000 0.50000000
vt 0.50000000 0.50000000
vt 0.50000000 0.50000000
vt 0.50000000 0.50000000
vt 0.50000000 0.50000000
vt 0.50000000 0.50000000
vt 0.50000000 0.50000000
vt 0.50000000 0.50000000
vt 0.50000000 0.50000000
vt 0.50000000 0.50000000
vt 0.50000000 0.50000000
vt 0.50000000 0.50000000
vt 0.50000000 0.50000000
vt 0.50000000 0.50000000
vt 0.50000000 0.50000000
vt 0.50000000 0.50000000
vt 0.50000000 0.50000000
vt 0.50000000 0.50000000
vt 0.50000000 0.50000000
vt 0.50000000 0.50000000
vt 0.50000000 0.50000000
vt 0.50000000 0.50000000
vt 0.50000000 0.50000000
vt 0.50000000 0.50000000
vt 0.50000000 0.50000000
vt 0.50000000 0.50000000
vt 0.50000000 0.50000000
vt 0.50000000 0.50000000
vt 0.50000000 0.50000000
vt 0.50000000 0.50000000
vt 0.50000000 0.50000000
vt 0.50000000 0.50000000
vt 0.50000000 0.50000000
vt 0.50000000 0.50000000
vt 0.50000000 0.50000000
vt 0.50000000 0.50000000
vt 0.50000000 0.50000000
vt 0.50000000 0.50000000
vt 0.50000000 0.50000000
vt 0.50000000 0.50000000
vt 0.50000000 0.50000000
vt 0.50000000 0.50000000
vt 0.50000000 0.50000000
vt 0.50000000 0.50000000
vt 0.50000000 0.50000000
vt 0.50000000 0.50000000
vt 0.50000000 0.50000000
vt 0.50000000 0.50000000
vt 0.50000000 0.50000000
vt 0.50000000 0.50000000
vt 0.50000000 0.50000000
vt 0.50000000 0.50000000
vt 0.50000000 0.50000000
vt 0.50000000 0.50000000
vt 0.50000000 0.50000000
vt 0.50000000 0.50000000
vt 0.50000000 0.50000000
vt 0.50000000 0.50000000
vt 0.50000000 0.50000000
vt 0.50000000 0.50000000
vt 0.50000000 0.50000000
vt 0.50000000 0.50000000
vt 0.50000000 0.50000000
vt 0.50000000 0.50000000
vt 0.50000000 0.50000000
vt 0.50000000 0.50000000
vt 0.50000000 0.50000000
vt 0.50000000 0.50000000
vt 0.50000000 0.50000000
vt 0.50000000 0.50000000
vt 0.50000000 0.50000000
vt 0.50000000 0.50000000
vt 0.50000000 0.50000000
vt 0.50000000 0.50000000
vt 0.50000000 0.50000000
vt 0.50000000 0.50000000
vt 0.50000000 0.50000000
vt 0.50000000 0.50000000
vt 0.50000000 0.50000000
vt 0.50000000 0.50000000
vt 0.50000000 0.50000000
vt 0.50000000 0.50000000
vt 0.50000000 0.50000000
vt 0.50000000 0.50000000
vt 0.50000000 0.50000000
vt 0.50000000 0.50000000
vt 0.50000000 0.50000000
vt 0.50000000 0.50000000
vt 0.50000000 0.50000000
vt 0.50000000 0.50000000
vt 0.50000000 0.50000000
vt 0.50000000 0.50000000
vt 0.50000000 0.50000000
vt 0.50000000 0.50000000
vt 0.50000000 0.50000000
vt 0.50000000 0.50000000
vt 0.50000000 0.50000000
vt 0.50000000 0.50000000
vt 0.50000000 0.50000000
vt 0.50000000 0.50000000
vt 0.50000000 0.50000000
vt 0.50000000 0.50000000
vt 0.50000000 0.50000000
vt 0.50000000 0.50000000
vt 0.50000000 0.50000000
vt 0.50000000 0.50000000
vt 0.50000000 0.50000000
vt 0.50000000 0.50000000
vt 0.50000000 0.50000000
vt 0.50000000 0.50000000
vt 0.50000000 0.50000000
vt 0.50000000 0.50000000
vt 0.50000000 0.50000000
vt 0.50000000 0.50000000
vt 0.50000000 0.50000000
vt 0.50000000 0.50000000
vt 0.50000000 0.50000000
vt 0.50000000 0.50000000
vt 0.50000000 0.50000000
vt 0.50000000 0.50000000
vt 0.50000000 0.50000000
vt 0.50000000 0.50000000
vt 0.50000000 0.50000000
vt 0.50000000 0.50000000
vt 0.50000000 0.50000000
vt 0.50000000 0.50000000
vt 0.50000000 0.50000000
vt 0.50000000 0.50000000
vt 0.50000000 0.50000000
vt 0.50000000 0.50000000
vt 0.50000000 0.50000000
vt 0.50000000 0.50000000
vt 0.50000000 0.50000000
vt 0.50000000 0.50000000
vt 0.50000000 0.50000000
vt 0.50000000 0.50000000
vt 0.50000000 0.50000000
vt 0.50000000 0.50000000
vt 0.50000000 0.50000000
vt 0.50000000 0.50000000
vt 0.50000000 0.50000000
vt 0.50000000 0.50000000
vt 0.50000000 0.50000000
vt 0.50000000 0.50000000
vt 0.50000000 0.50000000
vt 0.50000000 0.50000000
vt 0.50000000 0.50000000
vt 0.50000000 0.50000000
vt 0.50000000 0.50000000
vt 0.50000000 0.50000000
vt 0.50000000 0.50000000
vt 0.50000000 0.50000000
vt 0.50000000 0.50000000
vt 0.50000000 0.50000000
vt 0.50000000 0.50000000
vt 0.50000000 0.50000000
vt 0.50000000 0.50000000
vt 0.50000000 0.50000000
vt 0.50000000 0.50000000
vt 0.50000000 0.50000000
vt 0.50000000 0.50000000
vt 0.50000000 0.50000000
vt 0.50000000 0.50000000
vt 0.50000000 0.50000000
vt 0.50000000 0.50000000
vt 0.50000000 0.50000000
vt 0.50000000 0.50000000
vt 0.50000000 0.50000000
vt 0.50000000 0.50000000
vt 0.50000000 0.50000000
vt 0.50000000 0.50000000
vt 0.50000000 0.50000000
vt 0.50000000 0.50000000
vt 0.50000000 0.50000000
vt 0.50000000 0.50000000
vt 0.50000000 0.50000000
vt 0.50000000 0.50000000
vt 0.50000000 0.50000000
vt 0.50000000 0.50000000
vt 0.50000000 0.50000000
vt 0.50000000 0.50000000
vt 0.50000000 0.50000000
vt 0.50000000 0.50000000
vt 0.50000000 0.50000000
vt 0.50000000 0.50000000
vt 0.50000000 0.50000000
vt 0.50000000 0.50000000
vt 0.50000000 0.50000000
vt 0.50000000 0.50000000
vt 0.50000000 0.50000000
vt 0.50000000 0.50000000
vt 0.50000000 0.50000000
vt 0.50000000 0.50000000
vt 0.50000000 0.50000000
vt 0.50000000 0.50000000
vt 0.50000000 0.50000000
vt 0.50000000 0.50000000
vt 0.50000000 0.50000000
vt 0.50000000 0.50000000
vt 0.50000000 0.50000000
vt 0.50000000 0.50000000
vt 0.50000000 0.50000000
vt 0.50000000 0.50000000
vt 0.50000000 0.50000000
vt 0.50000000 0.50000000
vt 0.50000000 0.50000000
vt 0.50000000 0.50000000
vt 0.50000000 0.50000000
vt 0.50000000 0.50000000
vt 0.50000000 0.50000000
vt 0.50000000 0.50000000
vt 0.50000000 0.50000000
vt 0.50000000 0.50000000
vt 0.50000000 0.50000000
vt 0.50000000 0.50000000
vt 0.50000000 0.50000000
vt 0.50000000 0.50000000
vt 0.50000000 0.50000000
vt 0.50000000 0.50000000
vt 0.50000000 0.50000000
vt 0.50000000 0.50000000
vt 0.50000000 0.50000000
vt 0.50000000 0.50000000
vt 0.50000000 0.50000000
vt 0.50000000 0.50000000
vt 0.50000000 0.50000000
vt 0.50000000 0.50000000
vt 0.50000000 0.50000000
vt 0.50000000 0.50000000
vt 0.50000000 0.50000000
vt 0.50000000 0.50000000
vt 0.50000000 0.50000000
vt 0.50000000 0.50000000
vt 0.50000000 0.50000000
vt 0.50000000 0.50000000
vt 0.50000000 0.50000000
vt 0.50000000 0.50000000
vt 0.50000000 0.50000000
vt 0.50000000 0.50000000
vt 0.50000000 0.50000000
vt 0.50000000 0.50000000
vt 0.50000000 0.50000000
vt 0.50000000 0.50000000
vt 0.50000000 0.50000000
vt 0.50000000 0.50000000
vt 0.50000000 0.50000000
vt 0.50000000 0.50000000
vt 0.50000000 0.50000000
vt 0.50000000 0.50000000
vt 0.50000000 0.50000000
vt 0.50000000 0.50000000
vt 0.50000000 0.50000000
vt 0.50000000 0.50000000
vt 0.50000000 0.50000000
vt 0.50000000 0.50000000
vt 0.50000000 0.50000000
vt 0.50000000 0.50000000
vt 0.50000000 0.50000000
vt 0.50000000 0.50000000
vt 0.50000000 0.50000000
vt 0.50000000 0.50000000
vt 0.50000000 0.50000000
vt 0.50000000 0.50000000
vt 0.50000000 0.50000000
vt 0.50000000 0.50000000
vt 0.50000000 0.50000000
vt 0.50000000 0.50000000
vt 0.50000000 0.50000000
vt 0.50000000 0.50000000
vt 0.50000000 0.50000000
vt 0.50000000 0.50000000
vt 0.50000000 0.50000000
vt 0.50000000 0.50000000
vt 0.50000000 0.50000000
vt 0.50000000 0.50000000
vt 0.50000000 0.50000000
vt 0.50000000 0.50000000
vt 0.50000000 0.50000000
vt 0.50000000 0.50000000
vt 0.50000000 0.50000000
vt 0.50000000 0.50000000
vt 0.50000000 0.50000000
vt 0.50000000 0.50000000
vt 0.50000000 0.50000000
vt 0.50000000 0.50000000
vt 0.50000000 0.50000000
vt 0.50000000 0.50000000
vt 0.50000000 0.50000000
vt 0.50000000 0.50000000
vt 0.50000000 0.50000000
vt 0.50000000 0.50000000
vt 0.50000000 0.50000000
vt 0.50000000 0.50000000
vt 0.50000000 0.50000000
vt 0.50000000 0.50000000
vt 0.50000000 0.50000000
vt 0.50000000 0.50000000
vt 0.50000000 0.50000000
vt 0.50000000 0.50000000
vt 0.50000000 0.50000000
vt 0.50000000 0.50000000
vt 0.50000000 0.50000000
vt 0.50000000 0.50000000
vt 0.50000000 0.50000000
vt 0.50000000 0.50000000
vt 0.50000000 0.50000000
vt 0.50000000 0.50000000
vt 0.50000000 0.50000000
vt 0.50000000 0.50000000
vt 0.50000000 0.50000000
vt 0.50000000 0.50000000
vt 0.50000000 0.50000000
vt 0.50000000 0.50000000
vt 0.50000000 0.50000000
vt 0.50000000 0.50000000
vt 0.50000000 0.50000000
vt 0.50000000 0.50000000
vt 0.50000000 0.50000000
vt 0.50000000 0.50000000
vt 0.50000000 0.50000000
vt 0.50000000 0.50000000
vt 0.50000000 0.50000000
vt 0.50000000 0.50000000
vt 0.50000000 0.50000000
vt 0.50000000 0.50000000
vt 0.50000000 0.50000000
vt 0.50000000 0.50000000
vt 0.50000000 0.50000000
vt 0.50000000 0.50000000
vt 0.50000000 0.50000000
vt 0.50000000 0.50000000
vt 0.50000000 0.50000000
vt 0.50000000 0.50000000
vt 0.50000000 0.50000000
vt 0.50000000 0.50000000
vt 0.50000000 0.50000000
vt 0.50000000 0.50000000
vt 0.50000000 0.50000000
vt 0.50000000 0.50000000
vt 0.50000000 0.50000000
vt 0.50000000 0.50000000
vt 0.50000000 0.50000000
vt 0.50000000 0.50000000
vt 0.50000000 0.50000000
vt 0.50000000 0.50000000
vt 0.50000000 0.50000000
vt 0.50000000 0.50000000
vt 0.50000000 0.50000000
vt 0.50000000 0.50000000
vt 0.50000000 0.50000000
vt 0.50000000 0.50000000
vt 0.50000000 0.50000000
vt 0.50000000 0.50000000
vt 0.50000000 0.50000000
vt 0.50000000 0.50000000
vt 0.50000000 0.50000000
vt 0.50000000 0.50000000
vt 0.50000000 0.50000000
vt 0.50000000 0.50000000
vt 0.50000000 0.50000000
vt 0.50000000 0.50000000
vt 0.50000000 0.50000000
vt 0.50000000 0.50000000
vt 0.50000000 0.50000000
vt 0.50000000 0.50000000
vt 0.50000000 0.50000000
vt 0.50000000 0.50000000
vt 0.50000000 0.50000000
vt 0.50000000 0.50000000
vt 0.50000000 0.50000000
vt 0.50000000 0.50000000
vt 0.50000000 0.50000000
vt 0.50000000 0.50000000
vt 0.50000000 0.50000000
vt 0.50000000 0.50000000
vt 0.50000000 0.50000000
vt 0.50000000 0.50000000
vt 0.50000000 0.50000000
vt 0.50000000 0.50000000
vt 0.50000000 0.50000000
vt 0.50000000 0.50000000
vt 0.50000000 0.50000000
vt 0.50000000 0.50000000
vt 0.50000000 0.50000000
vt 0.50000000 0.50000000
vt 0.50000000 0.50000000
vt 0.50000000 0.50000000
vt 0.50000000 0.50000000
vt 0.50000000 0.50000000
vt 0.50000000 0.50000000
vt 0.50000000 0.50000000
vt 0.50000000 0.50000000
vt 0.50000000 0.50000000
vt 0.50000000 0.50000000
vt 0.50000000 0.50000000
vt 0.50000000 0.50000000
vt 0.50000000 0.50000000
vt 0.50000000 0.50000000
vt 0.50000000 0.50000000
vt 0.50000000 0.50000000
vt 0.50000000 0.50000000
vt 0.50000000 0.50000000
vt 0.50000000 0.50000000
vt 0.50000000 0.50000000
vt 0.50000000 0.50000000
vt 0.50000000 0.50000000
vt 0.50000000 0.50000000
vt 0.50000000 0.50000000
vt 0.50000000 0.50000000
vt 0.50000000 0.50000000
vt 0.50000000 0.50000000
vt 0.50000000 0.50000000
vt 0.50000000 0.50000000
vt 0.50000000 0.50000000
vt 0.50000000 0.50000000
vt 0.50000000 0.50000000
vt 0.50000000 0.50000000
vt 0.50000000 0.50000000
vt 0.50000000 0.50000000
vt 0.50000000 0.50000000
vt 0.50000000 0.50000000
vt 0.50000000 0.50000000
vt 0.50000000 0.50000000
vt 0.50000000 0.50000000
vt 0.50000000 0.50000000
vt 0.50000000 0.50000000
vt 0.50000000 0.50000000
vt 0.50000000 0.50000000
vt 0.50000000 0.50000000
vt 0.50000000 0.50000000
vt 0.50000000 0.50000000
vt 0.50000000 0.50000000
vt 0.50000000 0.50000000
vt 0.50000000 0.50000000
vt 0.50000000 0.50000000
vt 0.50000000 0.50000000
vt 0.50000000 0.50000000
vt 0.50000000 0.50000000
vt 0.50000000 0.50000000
vt 0.50000000 0.50000000
vt 0.50000000 0.50000000
vt 0.50000000 0.50000000
vt 0.50000000 0.50000000
vt 0.50000000 0.50000000
vt 0.50000000 0.50000000
vt 0.50000000 0.50000000
vt 0.50000000 0.50000000
vt 0.50000000 0.50000000
vt 0.50000000 0.50000000
vt 0.50000000 0.50000000
vt 0.50000000 0.50000000
vt 0.50000000 0.50000000
vt 0.50000000 0.50000000
vt 0.50000000 0.50000000
vt 0.50000000 0.50000000
vt 0.50000000 0.50000000
vt 0.50000000 0.50000000
vt 0.50000000 0.50000000
vt 0.50000000 0.50000000
vt 0.50000000 0.50000000
vt 0.50000000 0.50000000
vt 0.50000000 0.50000000
vt 0.50000000 0.50000000
vt 0.50000000 0.50000000
vt 0.50000000 0.50000000
vt 0.50000000 0.50000000
vt 0.50000000 0.50000000
vt 0.50000000 0.50000000
vt 0.50000000 0.50000000
vt 0.50000000 0.50000000
vt 0.50000000 0.50000000
vt 0.50000000 0.50000000
vt 0.50000000 0.50000000
vt 0.50000000 0.50000000
vt 0.50000000 0.50000000
vt 0.50000000 0.50000000
vt 0.50000000 0.50000000
vt 0.50000000 0.50000000
vt 0.50000000 0.50000000
vt 0.50000000 0.50000000
vt 0.50000000 0.50000000
vt 0.50000000 0.50000000
vt 0.50000000 0.50000000
vt 0.50000000 0.50000000
vt 0.50000000 0.50000000
vt 0.50000000 0.50000000
vt 0.50000000 0.50000000
vt 0.50000000 0.50000000
vt 0.50000000 0.50000000
vt 0.50000000 0.50000000
vt 0.50000000 0.50000000
vt 0.50000000 0.50000000
vt 0.50000000 0.50000000
vt 0.50000000 0.50000000
vt 0.50000000 0.50000000
vt 0.50000000 0.50000000
vt 0.50000000 0.50000000
vt 0.50000000 0.50000000
vt 0.50000000 0.50000000
vt 0.50000000 0.50000000
vt 0.50000000 0.50000000
vt 0.50000000 0.50000000
vt 0.50000000 0.50000000
vt 0.50000000 0.50000000
vt 0.50000000 0.50000000
vt 0.50000000 0.50000000
vt 0.50000000 0.50000000
vt 0.50000000 0.50000000
vt 0.50000000 0.50000000
vt 0.50000000 0.50000000
vt 0.50000000 0.50000000
vt 0.50000000 0.50000000
vt 0.50000000 0.50000000
vt 0.50000000 0.50000000
vt 0.50000000 0.50000000
vt 0.50000000 0.50000000
vt 0.50000000 0.50000000
vt 0.50000000 0.50000000
vt 0.50000000 0.50000000
vt 0.50000000 0.50000000
vt 0.50000000 0.50000000
vt 0.50000000 0.50000000
vt 0.50000000 0.50000000
vt 0.50000000 0.50000000
vt 0.50000000 0.50000000
vt 0.50000000 0.50000000
vt 0.50000000 0.50000000
vt 0.50000000 0.50000000
vt 0.50000000 0.50000000
vt 0.50000000 0.50000000
vt 0.50000000 0.50000000
vt 0.50000000 0.50000000
vt 0.50000000 0.50000000
vt 0.50000000 0.50000000
vt 0.50000000 0.50000000
vt 0.50000000 0.50000000
vt 0.50000000 0.50000000
vt 0.50000000 0.50000000
vt 0.50000000 0.50000000
vt 0.50000000 0.50000000
vt 0.50000000 0.50000000
vt 0.50000000 0.50000000
vt 0.50000000 0.50000000
vt 0.50000000 0.50000000
vt 0.50000000 0.50000000
vt 0.50000000 0.50000000
vt 0.50000000 0.50000000
vt 0.50000000 0.50000000
vt 0.50000000 0.50000000
vt 0.50000000 0.50000000
vt 0.50000000 0.50000000
vt 0.50000000 0.50000000
vt 0.50000000 0.50000000
vt 0.50000000 0.50000000
vt 0.50000000 0.50000000
vt 0.50000000 0.50000000
vt 0.50000000 0.50000000
vt 0.50000000 0.50000000
vt 0.50000000 0.50000000
vt 0.50000000 0.50000000
vt 0.50000000 0.50000000
vt 0.50000000 0.50000000
vt 0.50000000 0.50000000
vt 0.50000000 0.50000000
vt 0.50000000 0.50000000
vt 0.50000000 0.50000000
vt 0.50000000 0.50000000
vt 0.50000000 0.50000000
vt 0.50000000 0.50000000
vt 0.50000000 0.50000000
vt 0.50000000 0.50000000
vt 0.50000000 0.50000000
vt 0.50000000 0.50000000
vt 0.50000000 0.50000000
vt 0.50000000 0.50000000
vt 0.50000000 0.50000000
vt 0.50000000 0.50000000
vt 0.50000000 0.50000000
vt 0.50000000 0.50000000
vt 0.50000000 0.50000000
vt 0.50000000 0.50000000
vt 0.50000000 0.50000000
vt 0.50000000 0.50000000
vt 0.50000000 0.50000000
vt 0.50000000 0.50000000
vt 0.50000000 0.50000000
vt 0.50000000 0.50000000
vt 0.50000000 0.50000000
vt 0.50000000 0.50000000
vt 0.50000000 0.50000000
vt 0.50000000 0.50000000
vt 0.50000000 0.50000000
vt 0.50000000 0.50000000
vt 0.50000000 0.50000000
vt 0.50000000 0.50000000
vt 0.50000000 0.50000000
vt 0.50000000 0.50000000
vt 0.50000000 0.50000000
vt 0.50000000 0.50000000
vt 0.50000000 0.50000000
vt 0.50000000 0.50000000
vt 0.50000000 0.50000000
vt 0.50000000 0.50000000
vt 0.50000000 0.50000000
vt 0.50000000 0.50000000
vt 0.50000000 0.50000000
vt 0.50000000 0.50000000
vt 0.50000000 0.50000000
vt 0.50000000 0.50000000
vt 0.50000000 0.50000000
vt 0.50000000 0.50000000
vt 0.50000000 0.50000000
vt 0.50000000 0.50000000
vt 0.50000000 0.50000000
vt 0.50000000 0.50000000
vt 0.50000000 0.50000000
vt 0.50000000 0.50000000
vt 0.50000000 0.50000000
vt 0.50000000 0.50000000
vt 0.50000000 0.50000000
vt 0.50000000 0.50000000
vt 0.50000000 0.50000000
vt 0.50000000 0.50000000
vt 0.50000000 0.50000000
vt 0.50000000 0.50000000
vt 0.50000000 0.50000000
vt 0.50000000 0.50000000
vt 0.50000000 0.50000000
vt 0.50000000 0.50000000
vt 0.50000000 0.50000000
vt 0.50000000 0.50000000
vt 0.50000000 0.50000000
vt 0.50000000 0.50000000
vt 0.50000000 0.50000000
vt 0.50000000 0.50000000
vt 0.50000000 0.50000000
vt 0.50000000 0.50000000
vt 0.50000000 0.50000000
vt 0.50000000 0.50000000
vt 0.50000000 0.50000000
vt 0.50000000 0.50000000
vt 0.50000000 0.50000000
vt 0.50000000 0.50000000
vt 0.50000000 0.50000000
vt 0.50000000 0.50000000
vt 0.50000000 0.50000000
vt 0.50000000 0.50000000
vt 0.50000000 0.50000000
vt 0.50000000 0.50000000
vt 0.50000000 0.50000000
vt 0.50000000 0.50000000
vt 0.50000000 0.50000000
vt 0.50000000 0.50000000
vt 0.50000000 0.50000000
vt 0.50000000 0.50000000
vt 0.50000000 0.50000000
vt 0.50000000 0.50000000
vt 0.50000000 0.50000000
vt 0.50000000 0.50000000
vt 0.50000000 0.50000000
vt 0.50000000 0.50000000
vt 0.50000000 0.50000000
vt 0.50000000 0.50000000
vt 0.50000000 0.50000000
vt 0.50000000 0.50000000
vt 0.50000000 0.50000000
vt 0.50000000 0.50000000
vt 0.50000000 0.50000000
vt 0.50000000 0.50000000
vt 0.50000000 0.50000000
vt 0.50000000 0.50000000
vt 0.50000000 0.50000000
vt 0.50000000 0.50000000
vt 0.50000000 0.50000000
vt 0.50000000 0.50000000
vt 0.50000000 0.50000000
vt 0.50000000 0.50000000
vt 0.50000000 0.50000000
vt 0.50000000 0.50000000
vt 0.50000000 0.50000000
vt 0.50000000 0.50000000
vt 0.50000000 0.50000000
vt 0.50000000 0.50000000
vt 0.50000000 0.50000000
vt 0.50000000 0.50000000
vt 0.50000000 0.50000000
vt 0.50000000 0.50000000
vt 0.50000000 0.50000000
vt 0.50000000 0.50000000
vt 0.50000000 0.50000000
vt 0.50000000 0.50000000
vt 0.50000000 0.50000000
f 1/1 2/2 3/3
f 3/3 4/4 1/1
f 5/5 6/6 4/4
f 4/4 7/7 5/5
f 3/3 7/7 4/4
f 8/8 9/9 10/10
f 11/11 12/12 8/8
f 12/12 11/11 13/13
f 13/13 14/14 12/12
f 8/8 15/15 11/11
f 10/10 15/15 8/8
f 16/16 17/17 18/18
f 18/18 19/19 16/16
f 20/20 21/21 22/22
f 22/22 23/23 20/20
f 24/24 25/25 26/26
f 27/27 28/28 29/29
f 29/29 26/26 27/27
f 28/28 27/27 30/30
f 31/31 32/32 33/33
f 33/33 30/30 31/31
f 32/32 31/31 34/34
f 35/35 34/34 36/36
f 37/37 38/38 36/36
f 39/39 40/40 41/41
f 41/41 42/42 39/39
f 41/41 37/37 42/42
f 36/36 42/42 37/37
f 36/36 38/38 35/35
f 34/34 35/35 32/32
f 33/33 43/43 30/30
f 30/30 43/43 28/28
f 29/29 44/44 26/26
f 26/26 44/44 24/24
f 45/45 46/46 47/47
f 46/46 48/48 47/47
f 49/49 50/50 48/48
f 51/51 52/52 50/50
f 53/53 54/54 52/52
f 55/55 56/56 54/54
f 57/57 58/58 59/59
f 59/59 55/55 57/57
f 60/60 58/58 57/57
f 61/61 62/62 63/63
f 63/63 64/64 61/61
f 62/62 61/61 65/65
f 65/65 66/66 62/62
f 63/63 60/60 64/64
f 57/57 64/64 60/60
f 59/59 56/56 55/55
f 54/54 53/53 55/55
f 52/52 51/51 53/53
f 50/50 49/49 51/51
f 48/48 46/46 49/49
f 47/47 67/67 45/45
f 68/68 69/69 70/70
f 70/70 71/71 68/68
f 72/72 73/73 74/74
f 74/74 75/75 72/72
f 76/76 77/77 78/78
f 79/79 80/80 81/81
f 81/81 82/82 79/79
f 79/79 83/83 84/84
f 85/85 86/86 84/84
f 87/87 88/88 86/86
f 87/87 89/89 90/90
f 89/89 91/91 90/90
f 91/91 89/89 92/92
f 93/93 94/94 95/95
f 96/96 97/97 94/94
f 96/96 98/98 99/99
f 99/99 97/97 96/96
f 94/94 93/93 96/96
f 95/95 92/92 93/93
f 92/92 95/95 91/91
f 90/90 88/88 87/87
f 86/86 85/85 87/87
f 84/84 83/83 85/85
f 84/84 80/80 79/79
f 81/81 76/76 82/82
f 78/78 82/82 76/76
f 100/100 101/101 102/102
f 103/103 104/104 102/102
f 105/105 106/106 103/103
f 107/107 108/108 106/106
f 108/108 107/107 109/109
f 110/110 111/111 112/112
f 112/112 109/109 110/110
f 113/113 111/111 110/110
f 114/114 115/115 113/113
f 116/116 117/117 118/118
f 118/118 114/114 116/116
f 119/119 120/120 121/121
f 121/121 116/116 119/119
f 121/121 117/117 116/116
f 118/118 115/115 114/114
f 113/113 122/122 114/114
f 110/110 122/122 113/113
f 112/112 123/123 109/109
f 109/109 123/123 108/108
f 106/106 105/105 107/107
f 103/103 124/124 105/105
f 102/102 124/124 103/103
f 102/102 104/104 100/100
f 125/125 126/126 127/127
f 127/127 128/128 125/125
f 129/129 130/130 131/131
f 131/131 132/132 129/129
f 133/133 134/134 135/135
f 136/136 137/137 138/138
f 137/137 139/139 138/138
f 140/140 141/141 139/139
f 141/141 140/140 142/142
f 142/142 143/143 141/141
f 144/144 145/145 143/143
f 146/146 147/147 148/148
f 148/148 144/144 146/146
f 149/149 150/150 147/147
f 151/151 152/152 150/150
f 151/151 153/153 154/154
f 155/155 156/156 157/157
f 157/157 153/153 155/155
f 155/155 158/158 159/159
f 158/158 160/160 159/159
f 161/161 162/162 160/160
f 160/160 158/158 161/161
f 159/159 156/156 155/155
f 157/157 154/154 153/153
f 154/154 152/152 151/151
f 150/150 149/149 151/151
f 147/147 146/146 149/149
f 148/148 145/145 144/144
f 143/143 163/163 144/144
f 142/142 163/163 143/143
f 139/139 137/137 140/140
f 138/138 133/133 136/136
f 135/135 136/136 133/133
f 164/164 165/165 166/166
f 167/167 168/168 169/169
f 169/169 164/164 167/167
f 170/170 171/171 168/168
f 170/170 172/172 173/173
f 174/174 175/175 173/173
f 176/176 177/177 178/178
f 178/178 174/174 176/176
f 176/176 179/179 180/180
f 181/181 182/182 180/180
f 183/183 182/182 181/181
f 184/184 183/183 185/185
f 183/183 186/186 185/185
f 187/187 184/184 188/188
f 187/187 189/189 190/190
f 191/191 192/192 193/193
f 193/193 190/190 191/191
f 190/190 193/193 187/187
f 188/188 189/189 187/187
f 185/185 188/188 184/184
f 181/181 186/186 183/183
f 180/180 179/179 181/181
f 180/180 177/177 176/176
f 178/178 175/175 174/174
f 173/173 172/172 174/174
f 173/173 171/171 170/170
f 168/168 167/167 170/170
f 169/169 165/165 164/164
f 166/166 194/194 164/164
f 195/195 196/196 197/197
f 197/197 198/198 195/195
f 199/199 200/200 201/201
f 201/201 202/202 199/199
f 203/203 204/204 205/205
f 205/205 206/206 203/203
f 207/207 208/208 206/206
f 207/207 209/209 210/210
f 209/209 211/211 212/212
f 213/213 214/214 212/212
f 213/213 215/215 216/216
f 215/215 217/217 218/218
f 217/217 219/219 218/218
f 220/220 221/221 219/219
f 222/222 223/223 224/224
f 224/224 220/220 222/222
f 225/225 226/226 223/223
f 223/223 222/222 225/225
f 224/224 221/221 220/220
f 219/219 217/217 220/220
f 218/218 216/216 215/215
f 216/216 214/214 213/213
f 212/212 211/211 213/213
f 212/212 210/210 209/209
f 210/210 208/208 207/207
f 206/206 227/227 207/207
f 205/205 227/227 206/206
f 228/228 229/229 230/230
f 228/228 231/231 232/232
f 233/233 234/234 235/235
f 235/235 232/232 233/233
f 236/236 237/237 234/234
f 238/238 239/239 237/237
f 240/240 239/239 238/238
f 240/240 241/241 242/242
f 243/243 244/244 245/245
f 246/246 247/247 248/248
f 248/248 243/243 246/246
f 247/247 246/246 249/249
f 249/249 250/250 247/247
f 249/249 251/251 250/250
f 248/248 244/244 243/243
f 245/245 242/242 243/243
f 242/242 245/245 240/240
f 238/238 241/241 240/240
f 237/237 236/236 238/238
f 234/234 233/233 236/236
f 235/235 252/252 232/232
f 232/232 252/252 228/228
f 230/230 231/231 228/228
f 253/253 254/254 255/255
f 255/255 256/256 253/253
f 257/257 258/258 259/259
f 259/259 260/260 257/257
f 261/261 262/262 263/263
f 264/264 265/265 261/261
f 266/266 265/265 264/264
f 267/267 268/268 266/266
f 269/269 268/268 267/267
f 270/270 271/271 269/269
f 272/272 271/271 270/270
f 273/273 274/274 272/272
f 273/273 275/275 276/276
f 276/276 274/274 273/273
f 272/272 277/277 273/273
f 270/270 277/277 272/272
f 269/269 278/278 270/270
f 267/267 278/278 269/269
f 266/266 279/279 267/267
f 264/264 279/279 266/266
f 261/261 280/280 264/264
f 263/263 280/280 261/261
f 281/281 282/282 283/283
f 284/284 285/285 281/281
f 286/286 287/287 285/285
f 288/288 289/289 287/287
f 289/289 288/288 290/290
f 291/291 292/292 293/293
f 294/294 295/295 292/292
f 296/296 295/295 294/294
f 294/294 297/297 296/296
f 292/292 291/291 294/294
f 293/293 290/290 291/291
f 290/290 293/293 289/289
f 287/287 286/286 288/288
f 285/285 284/284 286/286
f 281/281 298/298 284/284
f 283/283 298/298 281/281
f 299/299 300/300 301/301
f 301/301 302/302 299/299
f 303/303 304/304 305/305
f 305/305 306/306 303/303
f 307/307 308/308 309/309
f 310/310 311/311 307/307
f 311/311 310/310 312/312
f 313/313 314/314 315/315
f 316/316 317/317 314/314
f 317/317 316/316 318/318
f 318/318 319/319 317/317
f 318/318 320/320 319/319
f 314/314 313/313 316/316
f 315/315 312/312 313/313
f 312/312 315/315 311/311
f 307/307 321/321 310/310
f 309/309 321/321 307/307
f 322/322 323/323 324/324
f 324/324 325/325 322/322
f 326/326 325/325 327/327
f 328/328 326/326 329/329
f 328/328 330/330 331/331
f 332/332 333/333 331/331
f 331/331 334/334 332/332
f 331/331 333/333 328/328
f 329/329 330/330 328/328
f 327/327 329/329 326/326
f 324/324 327/327 325/325
f 335/335 336/336 337/337
f 335/335 338/338 339/339
f 339/339 340/340 335/335
f 337/337 338/338 335/335
f 341/341 342/342 343/343
f 341/341 344/344 345/345
f 346/346 345/345 347/347
f 347/347 348/348 346/346
f 345/345 346/346 341/341
f 343/343 344/344 341/341
f 349/349 350/350 351/351
f 351/351 352/352 349/349
f 353/353 354/354 355/355
f 355/355 356/356 353/353
f 357/357 358/358 359/359
f 360/360 359/359 361/361
f 362/362 363/363 361/361
f 364/364 362/362 365/365
f 364/364 366/366 367/367
f 368/368 369/369 367/367
f 370/370 371/371 372/372
f 372/372 373/373 370/370
f 374/374 371/371 370/370
f 370/370 375/375 374/374
f 372/372 368/368 373/373
f 367/367 373/373 368/368
f 367/367 369/369 364/364
f 365/365 366/366 364/364
f 361/361 365/365 362/362
f 361/361 363/363 360/360
f 359/359 360/360 357/357
f 376/376 377/377 378/378
f 379/379 380/380 381/381
f 381/381 378/378 379/379
f 380/380 379/379 382/382
f 383/383 384/384 385/385
f 386/386 384/384 383/383
f 387/387 388/388 386/386
f 389/389 390/390 388/388
f 391/391 392/392 390/390
f 393/393 394/394 392/392
f 392/392 391/391 393/393
f 390/390 389/389 391/391
f 388/388 387/387 389/389
f 386/386 395/395 387/387
f 383/383 395/395 386/386
f 385/385 382/382 383/383
f 382/382 385/385 380/380
f 381/381 396/396 378/378
f 378/378 396/396 376/376
f 397/397 398/398 399/399
f 399/399 400/400 397/397
f 401/401 402/402 403/403
f 403/403 404/404 401/401
f 405/405 406/406 407/407
f 406/406 408/408 407/407
f 409/409 410/410 408/408
f 409/409 411/411 412/412
f 413/413 412/412 411/411
f 414/414 415/415 413/413
f 414/414 416/416 417/417
f 418/418 419/419 417/417
f 420/420 421/421 419/419
f 421/421 420/420 422/422
f 422/422 423/423 421/421
f 423/423 424/424 425/425
f 425/425 426/426 423/423
f 422/422 424/424 423/423
f 419/419 418/418 420/420
f 417/417 416/416 418/418
f 417/417 415/415 414/414
f 413/413 427/427 414/414
f 411/411 427/427 413/413
f 412/412 410/410 409/409
f 408/408 406/406 409/409
f 407/407 428/428 405/405
f 429/429 430/430 431/431
f 431/431 432/432 429/429
f 433/433 434/434 435/435
f 435/435 436/436 433/433
f 437/437 434/434 433/433
f 438/438 439/439 437/437
f 440/440 441/441 439/439
f 442/442 441/441 440/440
f 443/443 444/444 442/442
f 445/445 446/446 444/444
f 446/446 445/445 447/447
f 448/448 449/449 450/450
f 450/450 447/447 448/448
f 450/450 451/451 447/447
f 447/447 451/451 446/446
f 444/444 443/443 445/445
f 442/442 452/452 443/443
f 440/440 452/452 442/442
f 439/439 438/438 440/440
f 437/437 453/453 438/438
f 433/433 453/453 437/437
f 435/435 432/432 436/436
f 431/431 436/436 432/432
f 454/454 455/455 456/456
f 456/456 457/457 454/454
f 458/458 459/459 460/460
f 460/460 461/461 458/458
f 462/462 463/463 464/464
f 465/465 466/466 467/467
f 467/467 462/462 465/465
f 468/468 469/469 470/470
f 470/470 465/465 468/468
f 471/471 472/472 469/469
f 471/471 473/473 474/474
f 475/475 476/476 474/474
f 477/477 478/478 479/479
f 479/479 475/475 477/477
f 477/477 480/480 481/481
f 482/482 483/483 484/484
f 484/484 480/480 482/482
f 484/484 481/481 480/480
f 485/485 486/486 483/483
f 487/487 488/488 486/486
f 488/488 487/487 489/489
f 489/489 490/490 488/488
f 486/486 485/485 487/487
f 483/483 491/491 485/485
f 482/482 491/491 483/483
f 481/481 478/478 477/477
f 479/479 476/476 475/475
f 474/474 473/473 475/475
f 474/474 472/472 471/471
f 469/469 468/468 471/471
f 470/470 466/466 465/465
f 467/467 463/463 462/462
f 464/464 492/492 462/462
f 493/493 494/494 495/495
f 496/496 497/497 493/493
f 498/498 499/499 497/497
f 500/500 501/501 502/502
f 499/499 498/498 503/503
f 503/503 502/502 499/499
f 501/501 500/500 504/504
f 505/505 506/506 507/507
f 508/508 509/509 506/506
f 510/510 511/511 512/512
f 512/512 508/508 510/510
f 513/513 514/514 511/511
f 515/515 516/516 514/514
f 515/515 517/517 518/518
f 519/519 520/520 521/521
f 521/521 517/517 519/519
f 520/520 519/519 522/522
f 522/522 523/523 520/520
f 521/521 518/518 517/517
f 518/518 516/516 515/515
f 514/514 513/513 515/515
f 511/511 510/510 513/513
f 512/512 509/509 508/508
f 506/506 505/505 508/508
f 507/507 504/504 505/505
f 504/504 507/507 501/501
f 502/502 503/503 500/500
f 497/497 496/496 498/498
f 493/493 524/524 496/496
f 495/495 524/524 493/493
f 525/525 526/526 527/527
f 527/527 528/528 525/525
f 529/529 530/530 531/531
f 531/531 532/532 529/529
f 533/533 534/534 535/535
f 536/536 537/537 538/538
f 538/538 533/533 536/536
f 536/536 539/539 540/540
f 541/541 542/542 543/543
f 543/543 539/539 541/541
f 544/544 545/545 542/542
f 544/544 546/546 547/547
f 548/548 549/549 547/547
f 550/550 551/551 549/549
f 550/550 552/552 553/553
f 554/554 553/553 552/552
f 552/552 555/555 554/554
f 553/553 551/551 550/550
f 549/549 548/548 550/550
f 547/547 546/546 548/548
f 547/547 545/545 544/544
f 542/542 541/541 544/544
f 543/543 540/540 539/539
f 540/540 537/537 536/536
f 538/538 534/534 533/533
f 535/535 556/556 533/533
f 557/557 558/558 559/559
f 560/560 561/561 562/562
f 561/561 563/563 562/562
f 564/564 565/565 563/563
f 566/566 565/565 564/564
f 567/567 568/568 566/566
f 569/569 570/570 568/568
f 571/571 570/570 569/569
f 572/572 573/573 574/574
f 574/574 575/575 572/572
f 576/576 573/573 572/572
f 576/576 577/577 578/578
f 578/578 579/579 576/576
f 572/572 577/577 576/576
f 574/574 571/571 575/575
f 569/569 575/575 571/571
f 568/568 567/567 569/569
f 566/566 580/580 567/567
f 564/564 580/580 566/566
f 563/563 561/561 564/564
f 562/562 557/557 560/560
f 559/559 560/560 557/557
f 581/581 582/582 583/583
f 583/583 584/584 581/581
f 585/585 586/586 587/587
f 587/587 588/588 585/585
f 589/589 590/590 591/591
f 591/591 592/592 589/589
f 593/593 592/592 594/594
f 595/595 596/596 593/593
f 597/597 596/596 595/595
f 598/598 599/599 597/597
f 600/600 599/599 598/598
f 600/600 601/601 602/602
f 603/603 604/604 605/605
f 604/604 603/603 606/606
f 606/606 607/607 604/604
f 605/605 602/602 603/603
f 602/602 605/605 600/600
f 598/598 601/601 600/600
f 597/597 608/608 598/598
f 595/595 608/608 597/597
f 593/593 609/609 595/595
f 594/594 609/609 593/593
f 591/591 594/594 592/592
f 610/610 611/611 612/612
f 613/613 614/614 615/615
f 616/616 617/617 614/614
f 618/618 617/617 616/616
f 619/619 620/620 618/618
f 621/621 622/622 620/620
f 622/622 621/621 623/623
f 623/623 624/624 622/622
f 625/625 626/626 627/627
f 624/624 628/628 626/626
f 626/626 625/625 624/624
f 627/627 629/629 625/625
f 623/623 628/628 624/624
f 620/620 619/619 621/621
f 618/618 630/630 619/619
f 616/616 630/630 618/618
f 614/614 613/613 616/616
f 615/615 612/612 613/613
f 612/612 615/615 610/610
f 631/631 632/632 633/633
f 633/633 634/634 631/631
f 633/633 635/635 634/634
f 636/636 637/637 638/638
f 638/638 639/639 636/636
f 640/640 641/641 642/642
f 641/641 643/643 642/642
f 644/644 645/645 640/640
f 644/644 646/646 647/647
f 648/648 647/647 646/646
f 648/648 649/649 650/650
f 650/650 651/651 648/648
f 648/648 652/652 649/649
f 651/651 653/653 654/654
f 654/654 655/655 651/651
f 650/650 653/653 651/651
f 646/646 652/652 648/648
f 647/647 645/645 644/644
f 640/640 656/656 644/644
f 642/642 656/656 640/640
f 657/657 658/658 659/659
f 660/660 661/661 659/659
f 660/660 662/662 663/663
f 664/664 663/663 665/665
f 666/666 667/667 668/668
f 667/667 665/665 668/668
f 668/668 669/669 666/666
f 665/665 667/667 664/664
f 663/663 664/664 660/660
f 659/659 662/662 660/660
f 659/659 661/661 657/657
f 670/670 671/671 672/672
f 672/672 673/673 670/670
f 672/672 674/674 673/673
f 670/670 675/675 671/671
f 676/676 677/677 678/678
f 679/679 678/678 677/677
f 677/677 680/680 679/679
f 678/678 681/681 676/676
f 682/682 683/683 684/684
f 685/685 686/686 687/687
f 687/687 684/684 685/685
f 684/684 687/687 682/682
f 688/688 689/689 690/690
f 691/691 692/692 693/693
f 693/693 690/690 691/691
f 690/690 693/693 688/688
f 694/694 695/695 696/696
f 695/695 697/697 696/696
f 698/698 699/699 694/694
f 696/696 698/698 694/694
f 700/700 701/701 702/702
f 701/701 703/703 702/702
f 702/702 704/704 700/700
f 705/705 706/706 707/707
f 708/708 707/707 706/706
f 706/706 709/709 708/708
f 707/707 710/710 705/705
f 711/711 712/712 713/713
f 713/713 714/714 711/711
f 715/715 714/714 716/716
f 716/716 717/717 715/715
f 713/713 716/716 714/714
f 718/718 719/719 720/720
f 720/720 721/721 718/718
f 722/722 723/723 724/724
f 725/725 726/726 727/727
f 727/727 724/724 725/725
f 724/724 727/727 722/722
f 728/728 729/729 730/730
f 731/731 732/732 733/733
f 734/734 730/730 732/732
f 732/732 731/731 734/734
f 733/733 735/735 731/731
f 730/730 734/734 728/728
f 736/736 737/737 738/738
f 739/739 738/738 737/737
f 737/737 740/740 739/739
f 741/741 736/736 742/742
f 742/742 743/743 741/741
f 738/738 742/742 736/736
f 744/744 745/745 746/746
f 747/747 746/746 745/745
f 745/745 748/748 747/747
f 746/746 749/749 744/744
f 750/750 751/751 752/752
f 753/753 754/754 755/755
f 755/755 752/752 753/753
f 756/756 757/757 754/754
f 754/754 753/753 756/756
f 752/752 755/755 750/750
f 758/758 759/759 760/760
f 761/761 762/762 763/763
f 763/763 760/760 761/761
f 760/760 763/763 758/758
f 764/764 765/765 766/766
f 767/767 766/766 765/765
f 765/765 768/768 767/767
f 766/766 769/769 764/764
f 770/770 771/771 772/772
f 772/772 773/773 774/774
f 774/774 775/775 772/772
f 773/773 776/776 774/774
f 772/772 775/775 770/770
f 777/777 778/778 779/779
f 779/779 780/780 777/777
f 781/781 780/780 782/782
f 782/782 783/783 781/781
f 783/783 784/784 781/781
f 779/779 782/782 780/780
f 785/785 786/786 787/787
f 788/788 789/789 790/790
f 789/789 787/787 790/790
f 790/790 791/791 788/788
f 787/787 789/789 785/785
f 792/792 793/793 794/794
f 794/794 795/795 792/792
f 792/792 796/796 793/793
f 797/797 798/798 799/799
f 800/800 799/799 798/798
f 798/798 801/801 800/800
f 799/799 795/795 797/797
f 794/794 797/797 795/795
f 802/802 803/803 804/804
f 804/804 805/805 802/802
f 806/806 807/807 808/808
f 808/808 809/809 806/806
f 808/808 810/810 809/809
f 811/811 812/812 813/813
f 813/813 814/814 811/811
f 815/815 816/816 817/817
f 816/816 818/818 817/817
f 817/817 819/819 815/815
f 820/820 821/821 822/822
f 822/822 823/823 824/824
f 824/824 825/825 822/822
f 823/823 826/826 824/824
f 822/822 825/825 820/820
f 827/827 828/828 829/829
f 829/829 830/830 827/827
f 831/831 832/832 833/833
f 833/833 834/834 831/831
f 830/830 835/835 834/834
f 834/834 836/836 830/830
f 833/833 836/836 834/834
f 829/829 835/835 830/830
f 837/837 838/838 839/839
f 840/840 841/841 842/842
f 842/842 839/839 840/840
f 839/839 842/842 837/837
f 843/843 844/844 845/845
f 845/845 846/846 843/843
f 847/847 848/848 846/846
f 845/845 847/847 846/846
f 849/849 850/850 851/851
f 852/852 851/851 850/850
f 850/850 853/853 852/852
f 851/851 854/854 849/849
f 855/855 856/856 857/857
f 858/858 859/859 860/860
f 860/860 857/857 858/858
f 861/861 862/862 859/859
f 859/859 858/858 861/861
f 857/857 860/860 855/855
f 863/863 864/864 865/865
f 865/865 866/866 863/863
f 863/863 867/867 864/864
f 865/865 868/868 866/866
f 869/869 870/870 871/871
f 871/871 872/872 869/869
f 873/873 871/871 870/870
f 870/870 874/874 873/873
f 872/872 875/875 869/869
f 876/876 877/877 878/878
f 879/879 880/880 876/876
f 877/877 881/881 878/878
f 881/881 877/877 882/882
f 882/882 883/883 881/881
f 882/882 884/884 883/883
f 878/878 879/879 876/876
f 885/885 886/886 887/887
f 888/888 887/887 886/886
f 886/886 889/889 888/888
f 890/890 891/891 892/892
f 892/892 893/893 890/890
f 894/894 895/895 893/893
f 885/885 896/896 895/895
f 895/895 894/894 885/885
f 892/892 894/894 893/893
f 887/887 896/896 885/885
f 897/897 898/898 899/899
f 897/897 900/900 901/901
f 901/901 898/898 897/897
f 899/899 902/902 897/897
f 903/903 904/904 905/905
f 905/905 906/906 903/903
f 907/907 905/905 908/908
f 904/904 900/900 905/905
f 905/905 900/900 908/908
f 908/908 909/909 907/907
f 909/909 910/910 911/911
f 912/912 911/911 910/910
f 910/910 913/913 912/912
f 909/909 914/914 915/915
f 915/915 910/910 909/909
f 915/915 914/914 916/916
f 916/916 917/917 915/915
f 918/918 919/919 917/917
f 920/920 921/921 922/922
f 923/923 924/924 925/925
f 924/924 926/926 925/925
f 926/926 924/924 920/920
f 920/920 927/927 926/926
f 928/928 929/929 930/930
f 931/931 930/930 929/929
f 923/923 932/932 928/928
f 929/929 933/933 931/931
f 933/933 934/934 931/931
f 934/934 935/935 936/936
f 936/936 935/935 937/937
f 937/937 938/938 936/936
f 939/939 940/940 938/938
f 938/938 937/937 941/941
f 939/939 942/942 940/940
f 943/943 944/944 945/945
f 946/946 947/947 948/948
f 948/948 949/949 946/946
f 950/950 951/951 952/952
f 953/953 954/954 955/955
f 956/956 957/957 958/958
f 918/918 959/959 960/960
f 960/960 959/959 961/961
f 962/962 963/963 964/964
f 965/965 964/964 963/963
f 960/960 966/966 918/918
f 959/959 967/967 961/961
f 963/963 959/959 965/965
f 961/961 968/968 960/960
f 959/959 918/918 965/965
f 969/969 970/970 919/919
f 964/964 971/971 962/962
f 966/966 919/919 918/918
f 972/972 973/973 974/974
f 972/972 975/975 973/973
f 974/974 958/958 972/972
f 973/973 975/975 976/976
f 976/976 977/977 973/973
f 976/976 978/978 979/979
f 979/979 977/977 976/976
f 971/971 980/980 981/981
f 980/980 982/982 981/981
f 983/983 984/984 985/985
f 983/983 986/986 984/984
f 987/987 988/988 986/986
f 985/985 989/989 990/990
f 988/988 987/987 991/991
f 985/985 990/990 983/983
f 986/986 983/983 987/987
f 985/985 981/981 989/989
f 991/991 992/992 988/988
f 993/993 994/994 988/988
f 962/962 981/981 985/985
f 988/988 992/992 993/993
f 991/991 975/975 992/992
f 995/995 996/996 997/997
f 993/993 996/996 995/995
f 998/998 999/999 1000/1000
f 995/995 994/994 993/993
f 997/997 1000/1000 995/995
f 1000/1000 997/997 998/998
f 962/962 1001/1001 995/995
f 995/995 963/963 962/962
f 1002/1002 1003/1003 1004/1004
f 1005/1005 1006/1006 1007/1007
f 1008/1008 1009/1009 1002/1002
f 1007/1007 1010/1010 1005/1005
f 1010/1010 1011/1011 1012/1012
f 1011/1011 1009/1009 1008/1008
f 1003/1003 1013/1013 1004/1004
f 1012/1012 1005/1005 1010/1010
f 1004/1004 1008/1008 1002/1002
f 1008/1008 1012/1012 1011/1011
f 1014/1014 1015/1015 1016/1016
f 1017/1017 1018/1018 1014/1014
f 1016/1016 1019/1019 1014/1014
f 1014/1014 1019/1019 1017/1017
f 1017/1017 1020/1020 1018/1018
f 1021/1021 1022/1022 1023/1023
f 1024/1024 1020/1020 1021/1021
f 1025/1025 1026/1026 1027/1027
f 955/955 1027/1027 1026/1026
f 1028/1028 1023/1023 1022/1022
f 1023/1023 1024/1024 1021/1021
f 1026/1026 1029/1029 955/955
f 1026/1026 1025/1025 1023/1023
f 1024/1024 1018/1018 1020/1020
f 1023/1023 1028/1028 1026/1026
f 1027/1027 979/979 1025/1025
f 1030/1030 1028/1028 1031/1031
f 1032/1032 1033/1033 1030/1030
f 1033/1033 952/952 951/951
f 951/951 1030/1030 1033/1033
f 1034/1034 1035/1035 1033/1033
f 1033/1033 1032/1032 1034/1034
f 1034/1034 1036/1036 1037/1037
f 1037/1037 1038/1038 1034/1034
f 1034/1034 1032/1032 1036/1036
f 1013/1013 1039/1039 1040/1040
f 1013/1013 1003/1003 1039/1039
f 982/982 980/980 1041/1041
f 1040/1040 1042/1042 1043/1043
f 1044/1044 1045/1045 1042/1042
f 1041/1041 1040/1040 982/982
f 1042/1042 1040/1040 1044/1044
f 1040/1040 1043/1043 1013/1013
f 1046/1046 1047/1047 1048/1048
f 1046/1046 1049/1049 1047/1047
f 1038/1038 1050/1050 1051/1051
f 1052/1052 1053/1053 1054/1054
f 1049/1049 1046/1046 1052/1052
f 1051/1051 1048/1048 1038/1038
f 1054/1054 1055/1055 1052/1052
f 1048/1048 1051/1051 1046/1046
f 1052/1052 1055/1055 1049/1049
f 1038/1038 1048/1048 1056/1056
f 1057/1057 1058/1058 1059/1059
f 1058/1058 1060/1060 1059/1059
f 1059/1059 1061/1061 1057/1057
f 1061/1061 947/947 1057/1057
f 1038/1038 1062/1062 1060/1060
f 1060/1060 1034/1034 1038/1038
f 1061/1061 1063/1063 1064/1064
f 1064/1064 1063/1063 1065/1065
f 1066/1066 1065/1065 1067/1067
f 1065/1065 1066/1066 1064/1064
f 1064/1064 948/948 1061/1061
f 1068/1068 1069/1069 1070/1070
f 1071/1071 1072/1072 1073/1073
f 1072/1072 1074/1074 1073/1073
f 1068/1068 1075/1075 1073/1073
f 1068/1068 1076/1076 1077/1077
f 1078/1078 1079/1079 1071/1071
f 1077/1077 1075/1075 1068/1068
f 1073/1073 1074/1074 1068/1068
f 1080/1080 1081/1081 1082/1082
f 1082/1082 1083/1083 1080/1080
f 1084/1084 1085/1085 1086/1086
f 1081/1081 1080/1080 1087/1087
f 1088/1088 1089/1089 1083/1083
f 1090/1090 1086/1086 1091/1091
f 1086/1086 1090/1090 1084/1084
f 1092/1092 1093/1093 1087/1087
f 1082/1082 1088/1088 1083/1083
f 1084/1084 1092/1092 1085/1085
f 1087/1087 1093/1093 1081/1081
f 1088/1088 1045/1045 1044/1044
f 1087/1087 1085/1085 1092/1092
f 1079/1079 1078/1078 1088/1088
f 1088/1088 1078/1078 1089/1089
f 1091/1091 1054/1054 1090/1090
f 1094/1094 1095/1095 1096/1096
f 1097/1097 1096/1096 1095/1095
f 1069/1069 1068/1068 1098/1098
f 1095/1095 1099/1099 1097/1097
f 1100/1100 1101/1101 1102/1102
f 1102/1102 1101/1101 1069/1069
f 1102/1102 1094/1094 1100/1100
f 1068/1068 1103/1103 1098/1098
f 1098/1098 1102/1102 1069/1069
f 1099/1099 1104/1104 1097/1097
f 1105/1105 1106/1106 1107/1107
f 1108/1108 1109/1109 1110/1110
f 1111/1111 1105/1105 1112/1112
f 1106/1106 1113/1113 1107/1107
f 1110/1110 1111/1111 1108/1108
f 1113/1113 1106/1106 1114/1114
f 1107/1107 1112/1112 1105/1105
f 1115/1115 1116/1116 1117/1117
f 1118/1118 1117/1117 1116/1116
f 1119/1119 1114/1114 1104/1104
f 1109/1109 1115/1115 1110/1110
f 1112/1112 1108/1108 1111/1111
f 1116/1116 1120/1120 1118/1118
f 1121/1121 1122/1122 1116/1116
f 1104/1104 1099/1099 1123/1123
f 1114/1114 1119/1119 1113/1113
f 1116/1116 1115/1115 1121/1121
f 1115/1115 1066/1066 1110/1110
f 1104/1104 1123/1123 1119/1119
f 1124/1124 1125/1125 1126/1126
f 1126/1126 1127/1127 1124/1124
f 1074/1074 1128/1128 1129/1129
f 1129/1129 1068/1068 1074/1074
f 1129/1129 1130/1130 1068/1068
f 1074/1074 1131/1131 1128/1128
f 1132/1132 1133/1133 1134/1134
f 1135/1135 1136/1136 1132/1132
f 1135/1135 1124/1124 1137/1137
f 1137/1137 1136/1136 1135/1135
f 1124/1124 1138/1138 1137/1137
f 1124/1124 1139/1139 1138/1138
f 1140/1140 1141/1141 1142/1142
f 1143/1143 1135/1135 1140/1140
f 1141/1141 1144/1144 1142/1142
f 1141/1141 1122/1122 1144/1144
f 1124/1124 1145/1145 1146/1146
f 1124/1124 1135/1135 1147/1147
f 1142/1142 1143/1143 1140/1140
f 1147/1147 1145/1145 1124/1124
f 1143/1143 1148/1148 1135/1135
f 1149/1149 1122/1122 1141/1141
f 1150/1150 1151/1151 1149/1149
f 1148/1148 1147/1147 1135/1135
f 1149/1149 1152/1152 1150/1150
f 1122/1122 1121/1121 1144/1144
f 1146/1146 1125/1125 1124/1124
f 1153/1153 1154/1154 1155/1155
f 1150/1150 1152/1152 1154/1154
f 1154/1154 1152/1152 1155/1155
f 1155/1155 1156/1156 1153/1153
f 1157/1157 1158/1158 1159/1159
f 1159/1159 1160/1160 1157/1157
f 1157/1157 1161/1161 1158/1158
f 1161/1161 1162/1162 1158/1158
f 1163/1163 1164/1164 1165/1165
f 1165/1165 1166/1166 1163/1163
f 1167/1167 1168/1168 1164/1164
f 1169/1169 1170/1170 1166/1166
f 1169/1169 1131/1131 1171/1171
f 1168/1168 1167/1167 1139/1139
f 1165/1165 1169/1169 1166/1166
f 1131/1131 1074/1074 1171/1171
f 1164/1164 1163/1163 1167/1167
f 1162/1162 1161/1161 1169/1169
f 1169/1169 1161/1161 1170/1170
f 1139/1139 1124/1124 1168/1168
f 1172/1172 1173/1173 1174/1174
f 1172/1172 1175/1175 1173/1173
f 1176/1176 1177/1177 1178/1178
f 1179/1179 1180/1180 1178/1178
f 1180/1180 1179/1179 1181/1181
f 1182/1182 1183/1183 1184/1184
f 1185/1185 1184/1184 1183/1183
f 1186/1186 1187/1187 1183/1183
f 1178/1178 1172/1172 1176/1176
f 1181/1181 1188/1188 1180/1180
f 1183/1183 1189/1189 1185/1185
f 1186/1186 1190/1190 1187/1187
f 1178/1178 1177/1177 1179/1179
f 1190/1190 1186/1186 1188/1188
f 1175/1175 1172/1172 1191/1191
f 1192/1192 1193/1193 1175/1175
f 1183/1183 1182/1182 1186/1186
f 1190/1190 1194/1194 1195/1195
f 1188/1188 1181/1181 1190/1190
f 1175/1175 1182/1182 1192/1192
f 1196/1196 1181/1181 1197/1197
f 1195/1195 1187/1187 1190/1190
f 1191/1191 1182/1182 1175/1175
f 1197/1197 1160/1160 1196/1196
f 1174/1174 1176/1176 1172/1172
f 1184/1184 1192/1192 1182/1182
f 1198/1198 1199/1199 1200/1200
f 1198/1198 1201/1201 1199/1199
f 1202/1202 1203/1203 1204/1204
f 1205/1205 1204/1204 1203/1203
f 1201/1201 1206/1206 1207/1207
f 1200/1200 1208/1208 1198/1198
f 1203/1203 1209/1209 1205/1205
f 1210/1210 1211/1211 1212/1212
f 1211/1211 1213/1213 1207/1207
f 1198/1198 1206/1206 1201/1201
f 1214/1214 1215/1215 1205/1205
f 1212/1212 1202/1202 1210/1210
f 1207/1207 1213/1213 1201/1201
f 1205/1205 1209/1209 1214/1214
f 1216/1216 1217/1217 1218/1218
f 1219/1219 1220/1220 1221/1221
f 1207/1207 1212/1212 1211/1211
f 1218/1218 1215/1215 1216/1216
f 1221/1221 1222/1222 1219/1219
f 1214/1214 1216/1216 1215/1215
f 1200/1200 1197/1197 1223/1223
f 1220/1220 1216/1216 1221/1221
f 1193/1193 1192/1192 1221/1221
f 1223/1223 1208/1208 1200/1200
f 1153/1153 1156/1156 1217/1217
f 1221/1221 1216/1216 1193/1193
f 1217/1217 1216/1216 1153/1153
f 1160/1160 1197/1197 1200/1200
f 1204/1204 1210/1210 1202/1202
f 1220/1220 1153/1153 1216/1216
f 1224/1224 1225/1225 1226/1226
f 1227/1227 1228/1228 1229/1229
f 1229/1229 1230/1230 1227/1227
f 1230/1230 1231/1231 1227/1227
f 1232/1232 1227/1227 1231/1231
f 1231/1231 1233/1233 1232/1232
f 1234/1234 1235/1235 1236/1236
f 1233/1233 1235/1235 1232/1232
f 1236/1236 1237/1237 1234/1234
f 1228/1228 1238/1238 1229/1229
f 1237/1237 1224/1224 1234/1234
f 1239/1239 1236/1236 1233/1233
f 1235/1235 1233/1233 1236/1236
f 1240/1240 1241/1241 1229/1229
f 1238/1238 1242/1242 1229/1229
f 1241/1241 1243/1243 1229/1229
f 1229/1229 1242/1242 1240/1240
f 1239/1239 1244/1244 1245/1245
f 1245/1245 1246/1246 1247/1247
f 1247/1247 1248/1248 1245/1245
f 1249/1249 1247/1247 1246/1246
f 939/939 1250/1250 1246/1246
f 1245/1245 1251/1251 942/942
f 1241/1241 1251/1251 1245/1245
f 1246/1246 1252/1252 1249/1249
f 939/939 1253/1253 1250/1250
f 1245/1245 1243/1243 1241/1241
f 1246/1246 1245/1245 939/939
f 1245/1245 1248/1248 1239/1239
f 1254/1254 1255/1255 1256/1256
f 1256/1256 1257/1257 1254/1254
f 944/944 943/943 1258/1258
f 1258/1258 1259/1259 944/944
f 1260/1260 1261/1261 1262/1262
f 1262/1262 1263/1263 1260/1260
f 1264/1264 1265/1265 1225/1225
f 1265/1265 1259/1259 1262/1262
f 1266/1266 1267/1267 1261/1261
f 1259/1259 1268/1268 1263/1263
f 1262/1262 1225/1225 1265/1265
f 1263/1263 1262/1262 1259/1259
f 1260/1260 1266/1266 1261/1261
f 1269/1269 1270/1270 1271/1271
f 1270/1270 1272/1272 1271/1271
f 1271/1271 1273/1273 1269/1269
f 1273/1273 1274/1274 1275/1275
f 1276/1276 1277/1277 1278/1278
f 1279/1279 1280/1280 1281/1281
f 1275/1275 1269/1269 1273/1273
f 1282/1282 1283/1283 1275/1275
f 1280/1280 1279/1279 1283/1283
f 1281/1281 1278/1278 1279/1279
f 1284/1284 1277/1277 1276/1276
f 1275/1275 1274/1274 1282/1282
f 1278/1278 1281/1281 1276/1276
f 1267/1267 1266/1266 1284/1284
f 1283/1283 1282/1282 1280/1280
f 1270/1270 1285/1285 1272/1272
f 1286/1286 1242/1242 1272/1272
f 1276/1276 1267/1267 1284/1284
f 1272/1272 1256/1256 1286/1286
f 1286/1286 1240/1240 1242/1242
f 1287/1287 1288/1288 1289/1289
f 1290/1290 1291/1291 1292/1292
f 1290/1290 1293/1293 1289/1289
f 1289/1289 1294/1294 1287/1287
f 1289/1289 1291/1291 1290/1290
f 1289/1289 1293/1293 1294/1294
f 1287/1287 1295/1295 1288/1288
f 1290/1290 1296/1296 1297/1297
f 1298/1298 1299/1299 1300/1300
f 943/943 1298/1298 1301/1301
f 1298/1298 943/943 1299/1299
f 1300/1300 1302/1302 1298/1298
f 1303/1303 1304/1304 1305/1305
f 1306/1306 1307/1307 1308/1308
f 1309/1309 1307/1307 1306/1306
f 1305/1305 1310/1310 1303/1303
f 1311/1311 1312/1312 1313/1313
f 1314/1314 1315/1315 1316/1316
f 1308/1308 943/943 1306/1306
f 1306/1306 1317/1317 1309/1309
f 1303/1303 1318/1318 1304/1304
f 1319/1319 1320/1320 1304/1304
f 1315/1315 1314/1314 1320/1320
f 1316/1316 1313/1313 1314/1314
f 1317/1317 1321/1321 1309/1309
f 1321/1321 1312/1312 1311/1311
f 1304/1304 1318/1318 1319/1319
f 1313/1313 1316/1316 1311/1311
f 1311/1311 1309/1309 1321/1321
f 1320/1320 1319/1319 1315/1315
f 1305/1305 1322/1322 1310/1310
f 1308/1308 1323/1323 943/943
f 1324/1324 1325/1325 1326/1326
f 1326/1326 1322/1322 1324/1324
f 1326/1326 1310/1310 1322/1322
f 1325/1325 1295/1295 1254/1254
f 1324/1324 1327/1327 1325/1325
f 1254/1254 1257/1257 1325/1325
f 1325/1325 1288/1288 1295/1295
f 1328/1328 1329/1329 1330/1330
f 1328/1328 1331/1331 1329/1329
f 1332/1332 1333/1333 1334/1334
f 1335/1335 1336/1336 1337/1337
f 1338/1338 1339/1339 1340/1340
f 1341/1341 1337/1337 1342/1342
f 1337/1337 1341/1341 1335/1335
f 1343/1343 1344/1344 1345/1345
f 1342/1342 1340/1340 1341/1341
f 1345/1345 1336/1336 1343/1343
f 1335/1335 1343/1343 1336/1336
f 1334/1334 1333/1333 1345/1345
f 1300/1300 1344/1344 1343/1343
f 1345/1345 1344/1344 1334/1334
f 1340/1340 1342/1342 1338/1338
f 1346/1346 1347/1347 1348/1348
f 1339/1339 1338/1338 1346/1346
f 1347/1347 1349/1349 1350/1350
f 1349/1349 1351/1351 1352/1352
f 1350/1350 1348/1348 1347/1347
f 1352/1352 1350/1350 1349/1349
f 1351/1351 1353/1353 1352/1352
f 1354/1354 1355/1355 1356/1356
f 1357/1357 1353/1353 1358/1358
f 1359/1359 1360/1360 1361/1361
f 1356/1356 1290/1290 1354/1354
f 1360/1360 1359/1359 1355/1355
f 1361/1361 1358/1358 1359/1359
f 1354/1354 1362/1362 1355/1355
f 1358/1358 1361/1361 1357/1357
f 1355/1355 1362/1362 1360/1360
f 1356/1356 1363/1363 1290/1290
f 1293/1293 1290/1290 1364/1364
f 1290/1290 1365/1365 1364/1364
f 1290/1290 1363/1363 1365/1365
f 1364/1364 1366/1366 1293/1293
f 1367/1367 1368/1368 1369/1369
f 1370/1370 1369/1369 1371/1371
f 1369/1369 1370/1370 1367/1367
f 1367/1367 1372/1372 1368/1368
f 1372/1372 1373/1373 1368/1368
f 1328/1328 1374/1374 1375/1375
f 1328/1328 1376/1376 1377/1377
f 1372/1372 1375/1375 1373/1373
f 1377/1377 1374/1374 1328/1328
f 1375/1375 1372/1372 1328/1328
f 1370/1370 1378/1378 1379/1379
f 1371/1371 1378/1378 1370/1370
f 1380/1380 1381/1381 1370/1370
f 1379/1379 1380/1380 1370/1370
f 1382/1382 1372/1372 1383/1383
f 1372/1372 1384/1384 1385/1385
f 1383/1383 1386/1386 1382/1382
f 1382/1382 1384/1384 1372/1372
f 1385/1385 1328/1328 1372/1372
f 1385/1385 1387/1387 1328/1328
f 1388/1388 1389/1389 1390/1390
f 1389/1389 1391/1391 1390/1390
f 1390/1390 1392/1392 1388/1388
f 1393/1393 1388/1388 1392/1392
f 1392/1392 1331/1331 1393/1393
f 1331/1331 1328/1328 1394/1394
f 1395/1395 1396/1396 1391/1391
f 1391/1391 1397/1397 1398/1398
f 1397/1397 1391/1391 1399/1399
f 1394/1394 1393/1393 1331/1331
f 1391/1391 1400/1400 1395/1395
f 1397/1397 1401/1401 1398/1398
f 1389/1389 1399/1399 1391/1391
f 1398/1398 1400/1400 1391/1391
f 1395/1395 1293/1293 1396/1396
f 1402/1402 1403/1403 1404/1404
f 1403/1403 1405/1405 1404/1404
f 1404/1404 1406/1406 1402/1402
f 1406/1406 1407/1407 1408/1408
f 1409/1409 1410/1410 1411/1411
f 1412/1412 1413/1413 1414/1414
f 1415/1415 1410/1410 1409/1409
f 1408/1408 1402/1402 1406/1406
f 1416/1416 1417/1417 1408/1408
f 1413/1413 1412/1412 1417/1417
f 1414/1414 1411/1411 1412/1412
f 1418/1418 1419/1419 1420/1420
f 1419/1419 1418/1418 1415/1415
f 1408/1408 1407/1407 1416/1416
f 1411/1411 1414/1414 1409/1409
f 1409/1409 1419/1419 1415/1415
f 1417/1417 1416/1416 1413/1413
f 1380/1380 1421/1421 1422/1422
f 1421/1421 1418/1418 1423/1423
f 1405/1405 1424/1424 1425/1425
f 1403/1403 1424/1424 1405/1405
f 1423/1423 1422/1422 1421/1421
f 1420/1420 1423/1423 1418/1418
f 1425/1425 1426/1426 1405/1405
f 1427/1427 1428/1428 1418/1418
f 1418/1418 1421/1421 1427/1427
f 1397/1397 1429/1429 1405/1405
f 1405/1405 1426/1426 1397/1397
f 1430/1430 1431/1431 1432/1432
f 1433/1433 1434/1434 1435/1435
f 1436/1436 1437/1437 1438/1438
f 1435/1435 1430/1430 1433/1433
f 1439/1439 1440/1440 1435/1435
f 1441/1441 1438/1438 1440/1440
f 1438/1438 1441/1441 1436/1436
f 1435/1435 1434/1434 1439/1439
f 1436/1436 1442/1442 1437/1437
f 1428/1428 1427/1427 1443/1443
f 1440/1440 1439/1439 1441/1441
f 1443/1443 1437/1437 1442/1442
f 1432/1432 1433/1433 1430/1430
f 1444/1444 1397/1397 1426/1426
f 1431/1431 1445/1445 1432/1432
f 1446/1446 1447/1447 1437/1437
f 1432/1432 1448/1448 1444/1444
f 1437/1437 1443/1443 1446/1446
f 1426/1426 1432/1432 1444/1444
f 1432/1432 1445/1445 1448/1448
f 1190/1190 1449/1449 1450/1450
f 1190/1190 1451/1451 1449/1449
f 1450/1450 1194/1194 1190/1190
f 1446/1446 1449/1449 1451/1451
f 1451/1451 1447/1447 1446/1446
f 1448/1448 1445/1445 1451/1451
f 1451/1451 1190/1190 1448/1448
f 1449/1449 1452/1452 1450/1450
f 1443/1443 1442/1442 1428/1428
f 1422/1422 1381/1381 1380/1380
f 1399/1399 1429/1429 1397/1397
f 1387/1387 1394/1394 1328/1328
f 1371/1371 1332/1332 1378/1378
f 1366/1366 1396/1396 1293/1293
f 1357/1357 1352/1352 1353/1353
f 1348/1348 1339/1339 1346/1346
f 1343/1343 1302/1302 1300/1300
f 1334/1334 1378/1378 1332/1332
f 1330/1330 1376/1376 1328/1328
f 1327/1327 1288/1288 1325/1325
f 1323/1323 1258/1258 943/943
f 1301/1301 1306/1306 943/943
f 1297/1297 1354/1354 1290/1290
f 1292/1292 1296/1296 1290/1290
f 1285/1285 1256/1256 1272/1272
f 1225/1225 1224/1224 1264/1264
f 1258/1258 1268/1268 1259/1259
f 1255/1255 1286/1286 1256/1256
f 942/942 939/939 1245/1245
f 1233/1233 1244/1244 1239/1239
f 1226/1226 1234/1234 1224/1224
f 1200/1200 1157/1157 1160/1160
f 1196/1196 1190/1190 1181/1181
f 1171/1171 1162/1162 1169/1169
f 1159/1159 1453/1453 1160/1160
f 1154/1154 1454/1454 1150/1150
f 1141/1141 1152/1152 1149/1149
f 1134/1134 1135/1135 1132/1132
f 1130/1130 1103/1103 1068/1068
f 1127/1127 1168/1168 1124/1124
f 1117/1117 1066/1066 1115/1115
f 1096/1096 1100/1100 1094/1094
f 1044/1044 1079/1079 1088/1088
f 1073/1073 1078/1078 1071/1071
f 1070/1070 1076/1076 1068/1068
f 1067/1067 1110/1110 1066/1066
f 1063/1063 1061/1061 1059/1059
f 1058/1058 1034/1034 1060/1060
f 1056/1056 1062/1062 1038/1038
f 1053/1053 1090/1090 1054/1054
f 1041/1041 1044/1044 1040/1040
f 1037/1037 1050/1050 1038/1038
f 1031/1031 1032/1032 1030/1030
f 1022/1022 1031/1031 1028/1028
f 1015/1015 1007/1007 1016/1016
f 1006/1006 1016/1016 1007/1007
f 1000/1000 963/963 995/995
f 985/985 1001/1001 962/962
f 981/981 962/962 971/971
f 978/978 1025/1025 979/979
f 972/972 992/992 975/975
f 919/919 966/966 969/969
f 961/961 967/967 1455/1455
f 958/958 974/974 956/956
f 955/955 1029/1029 953/953
f 952/952 1456/1456 950/950
f 1035/1035 1034/1034 1058/1058
f 947/947 1061/1061 948/948
f 945/945 1299/1299 943/943
f 1264/1264 1224/1224 1237/1237
f 938/938 941/941 939/939
f 936/936 931/931 934/934
f 930/930 923/923 928/928
f 925/925 932/932 923/923
f 922/922 927/927 920/920
f 1294/1294 1293/1293 1395/1395
f 1401/1401 1397/1397 1444/1444
f 1196/1196 1160/1160 1453/1453
f 1171/1171 1074/1074 1072/1072
f 916/916 918/918 917/917
f 911/911 907/907 909/909
f 904/904 901/901 900/900
f 899/899 1457/1457 902/902
f 1458/1458 1459/1459 1460/1460
f 1461/1461 1462/1462 1463/1463
f 1464/1464 1465/1465 1466/1466
f 1467/1467 1463/1463 1464/1464
f 1464/1464 1468/1468 1467/1467
f 1466/1466 1469/1469 1470/1470
f 1470/1470 1468/1468 1466/1466
f 1471/1471 1472/1472 1473/1473
f 1474/1474 1475/1475 1476/1476
f 1476/1476 1477/1477 1478/1478
f 1479/1479 1460/1460 1480/1480
f 1481/1481 1482/1482 1480/1480
f 1480/1480 1460/1460 1481/1481
f 1483/1483 1460/1460 1479/1479
f 1484/1484 1485/1485 1486/1486
f 1485/1485 1487/1487 1486/1486
f 1488/1488 1489/1489 1490/1490
f 1489/1489 1488/1488 1491/1491
f 1490/1490 1492/1492 1488/1488
f 1493/1493 1490/1490 1489/1489
f 1491/1491 1494/1494 1495/1495
f 1496/1496 1495/1495 1494/1494
f 1497/1497 1498/1498 1494/1494
f 1489/1489 1499/1499 1493/1493
f 1494/1494 1500/1500 1496/1496
f 1497/1497 1501/1501 1498/1498
f 1502/1502 1498/1498 1501/1501
f 1491/1491 1495/1495 1489/1489
f 1501/1501 1503/1503 1502/1502
f 1504/1504 1505/1505 1492/1492
f 1494/1494 1491/1491 1497/1497
f 1506/1506 1507/1507 1501/1501
f 1508/1508 1509/1509 1484/1484
f 1508/1508 1488/1488 1505/1505
f 1492/1492 1505/1505 1488/1488
f 1501/1501 1497/1497 1506/1506
f 1505/1505 1509/1509 1508/1508
f 1506/1506 1510/1510 1507/1507
f 1492/1492 1511/1511 1504/1504
f 1512/1512 1513/1513 1514/1514
f 1512/1512 1515/1515 1510/1510
f 1516/1516 1517/1517 1515/1515
f 1512/1512 1518/1518 1513/1513
f 1510/1510 1519/1519 1512/1512
f 1514/1514 1515/1515 1512/1512
f 1515/1515 1514/1514 1516/1516
f 1459/1459 1458/1458 1520/1520
f 1521/1521 1522/1522 1523/1523
f 1524/1524 1525/1525 1526/1526
f 1526/1526 1527/1527 1524/1524
f 1528/1528 1529/1529 1530/1530
f 1524/1524 1531/1531 1525/1525
f 1532/1532 1525/1525 1530/1530
f 1531/1531 1530/1530 1525/1525
f 1530/1530 1531/1531 1528/1528
f 1533/1533 1534/1534 1535/1535
f 1536/1536 1537/1537 1538/1538
f 1539/1539 1540/1540 1537/1537
f 1536/1536 1541/1541 1542/1542
f 1538/1538 1535/1535 1536/1536
f 1542/1542 1537/1537 1536/1536
f 1526/1526 1536/1536 1535/1535
f 1537/1537 1542/1542 1539/1539
f 1535/1535 1538/1538 1533/1533
f 1541/1541 1543/1543 1544/1544
f 1541/1541 1536/1536 1543/1543
f 1545/1545 1543/1543 1536/1536
f 1536/1536 1546/1546 1545/1545
f 1547/1547 1548/1548 1549/1549
f 1547/1547 1550/1550 1551/1551
f 1551/1551 1548/1548 1547/1547
f 1552/1552 1553/1553 1554/1554
f 1553/1553 1552/1552 1555/1555
f 1555/1555 1549/1549 1553/1553
f 1556/1556 1557/1557 1558/1558
f 1559/1559 1560/1560 1557/1557
f 1561/1561 1562/1562 1556/1556
f 1557/1557 1556/1556 1559/1559
f 1556/1556 1554/1554 1563/1563
f 1556/1556 1563/1563 1561/1561
f 1564/1564 1565/1565 1566/1566
f 1567/1567 1468/1468 1568/1568
f 1569/1569 1570/1570 1571/1571
f 1566/1566 1570/1570 1569/1569
f 1571/1571 1568/1568 1569/1569
f 1568/1568 1571/1571 1567/1567
f 1566/1566 1569/1569 1564/1564
f 1468/1468 1567/1567 1572/1572
f 1573/1573 1461/1461 1574/1574
f 1574/1574 1575/1575 1573/1573
f 1461/1461 1576/1576 1574/1574
f 1461/1461 1467/1467 1577/1577
f 1577/1577 1576/1576 1461/1461
f 1575/1575 1578/1578 1573/1573
f 1467/1467 1572/1572 1577/1577
f 1579/1579 1580/1580 1581/1581
f 1573/1573 1582/1582 1579/1579
f 1583/1583 1584/1584 1580/1580
f 1583/1583 1585/1585 1586/1586
f 1586/1586 1584/1584 1583/1583
f 1587/1587 1588/1588 1589/1589
f 1590/1590 1589/1589 1588/1588
f 1462/1462 1591/1591 1588/1588
f 1588/1588 1592/1592 1593/1593
f 1588/1588 1594/1594 1590/1590
f 1595/1595 1596/1596 1587/1587
f 1597/1597 1598/1598 1599/1599
f 1593/1593 1600/1600 1588/1588
f 1601/1601 1593/1593 1592/1592
f 1602/1602 1603/1603 1604/1604
f 1587/1587 1598/1598 1595/1595
f 1598/1598 1589/1589 1599/1599
f 1605/1605 1606/1606 1597/1597
f 1560/1560 1559/1559 1607/1607
f 1592/1592 1608/1608 1601/1601
f 1461/1461 1609/1609 1591/1591
f 1587/1587 1604/1604 1592/1592
f 1604/1604 1587/1587 1610/1610
f 1599/1599 1560/1560 1597/1597
f 1607/1607 1597/1597 1560/1560
f 1591/1591 1462/1462 1461/1461
f 1604/1604 1610/1610 1602/1602
f 1597/1597 1607/1607 1605/1605
f 1592/1592 1588/1588 1587/1587
f 1588/1588 1600/1600 1462/1462
f 1611/1611 1612/1612 1594/1594
f 1461/1461 1613/1613 1614/1614
f 1573/1573 1615/1615 1613/1613
f 1594/1594 1615/1615 1611/1611
f 1613/1613 1461/1461 1573/1573
f 1615/1615 1573/1573 1611/1611
f 1612/1612 1590/1590 1594/1594
f 1616/1616 1617/1617 1618/1618
f 1618/1618 1617/1617 1619/1619
f 1619/1619 1620/1620 1618/1618
f 1621/1621 1622/1622 1623/1623
f 1623/1623 1624/1624 1621/1621
f 1625/1625 1626/1626 1627/1627
f 1622/1622 1628/1628 1623/1623
f 1625/1625 1629/1629 1626/1626
f 1630/1630 1631/1631 1625/1625
f 1624/1624 1481/1481 1621/1621
f 1625/1625 1628/1628 1630/1630
f 1627/1627 1628/1628 1625/1625
f 1632/1632 1633/1633 1634/1634
f 1635/1635 1633/1633 1636/1636
f 1634/1634 1459/1459 1632/1632
f 1632/1632 1636/1636 1633/1633
f 1460/1460 1637/1637 1638/1638
f 1460/1460 1459/1459 1637/1637
f 1638/1638 1639/1639 1460/1460
f 1639/1639 1640/1640 1460/1460
f 1481/1481 1460/1460 1641/1641
f 1459/1459 1634/1634 1637/1637
f 1640/1640 1641/1641 1460/1460
f 1458/1458 1483/1483 1642/1642
f 1643/1643 1644/1644 1645/1645
f 1642/1642 1644/1644 1458/1458
f 1645/1645 1512/1512 1643/1643
f 1642/1642 1646/1646 1644/1644
f 1647/1647 1458/1458 1644/1644
f 1483/1483 1648/1648 1642/1642
f 1642/1642 1649/1649 1646/1646
f 1650/1650 1518/1518 1651/1651
f 1651/1651 1648/1648 1650/1650
f 1652/1652 1653/1653 1650/1650
f 1650/1650 1483/1483 1652/1652
f 1512/1512 1645/1645 1651/1651
f 1651/1651 1518/1518 1512/1512
f 1654/1654 1655/1655 1656/1656
f 1656/1656 1657/1657 1654/1654
f 1658/1658 1659/1659 1660/1660
f 1661/1661 1660/1660 1659/1659
f 1655/1655 1654/1654 1662/1662
f 1663/1663 1664/1664 1657/1657
f 1665/1665 1666/1666 1667/1667
f 1659/1659 1668/1668 1661/1661
f 1669/1669 1670/1670 1671/1671
f 1670/1670 1672/1672 1662/1662
f 1656/1656 1663/1663 1657/1657
f 1673/1673 1674/1674 1661/1661
f 1674/1674 1673/1673 1665/1665
f 1675/1675 1676/1676 1677/1677
f 1671/1671 1658/1658 1669/1669
f 1662/1662 1672/1672 1655/1655
f 1667/1667 1674/1674 1665/1665
f 1677/1677 1678/1678 1675/1675
f 1679/1679 1680/1680 1676/1676
f 1662/1662 1671/1671 1670/1670
f 1661/1661 1668/1668 1673/1673
f 1678/1678 1681/1681 1675/1675
f 1679/1679 1682/1682 1680/1680
f 1666/1666 1675/1675 1667/1667
f 1676/1676 1666/1666 1679/1679
f 1663/1663 1683/1683 1664/1664
f 1631/1631 1630/1630 1667/1667
f 1660/1660 1669/1669 1658/1658
f 1667/1667 1675/1675 1684/1684
f 1635/1635 1683/1683 1663/1663
f 1667/1667 1684/1684 1631/1631
f 1675/1675 1666/1666 1676/1676
f 1685/1685 1686/1686 1687/1687
f 1688/1688 1689/1689 1690/1690
f 1691/1691 1692/1692 1693/1693
f 1694/1694 1682/1682 1695/1695
f 1687/1687 1694/1694 1692/1692
f 1690/1690 1687/1687 1688/1688
f 1692/1692 1696/1696 1693/1693
f 1695/1695 1696/1696 1694/1694
f 1687/1687 1690/1690 1685/1685
f 1696/1696 1692/1692 1694/1694
f 1693/1693 1697/1697 1691/1691
f 1698/1698 1699/1699 1700/1700
f 1700/1700 1701/1701 1698/1698
f 1702/1702 1703/1703 1704/1704
f 1705/1705 1704/1704 1703/1703
f 1699/1699 1698/1698 1706/1706
f 1707/1707 1708/1708 1701/1701
f 1709/1709 1710/1710 1691/1691
f 1703/1703 1711/1711 1705/1705
f 1712/1712 1713/1713 1714/1714
f 1713/1713 1715/1715 1706/1706
f 1700/1700 1707/1707 1701/1701
f 1716/1716 1709/1709 1717/1717
f 1709/1709 1716/1716 1710/1710
f 1714/1714 1702/1702 1712/1712
f 1706/1706 1715/1715 1699/1699
f 1718/1718 1717/1717 1705/1705
f 1691/1691 1697/1697 1709/1709
f 1706/1706 1714/1714 1713/1713
f 1717/1717 1718/1718 1716/1716
f 1719/1719 1720/1720 1707/1707
f 1683/1683 1635/1635 1721/1721
f 1705/1705 1711/1711 1718/1718
f 1721/1721 1707/1707 1683/1683
f 1707/1707 1720/1720 1708/1708
f 1704/1704 1712/1712 1702/1702
f 1722/1722 1723/1723 1724/1724
f 1725/1725 1726/1726 1727/1727
f 1726/1726 1725/1725 1722/1722
f 1723/1723 1728/1728 1729/1729
f 1729/1729 1728/1728 1730/1730
f 1724/1724 1726/1726 1722/1722
f 1730/1730 1731/1731 1729/1729
f 1732/1732 1733/1733 1734/1734
f 1727/1727 1735/1735 1736/1736
f 1729/1729 1724/1724 1723/1723
f 1688/1688 1725/1725 1734/1734
f 1734/1734 1737/1737 1732/1732
f 1727/1727 1737/1737 1725/1725
f 1734/1734 1725/1725 1737/1737
f 1734/1734 1689/1689 1688/1688
f 1738/1738 1739/1739 1740/1740
f 1741/1741 1742/1742 1743/1743
f 1740/1740 1744/1744 1738/1738
f 1735/1735 1738/1738 1743/1743
f 1744/1744 1743/1743 1738/1738
f 1743/1743 1744/1744 1741/1741
f 1745/1745 1746/1746 1747/1747
f 1747/1747 1748/1748 1745/1745
f 1749/1749 1750/1750 1751/1751
f 1752/1752 1751/1751 1750/1750
f 1746/1746 1745/1745 1753/1753
f 1754/1754 1755/1755 1748/1748
f 1730/1730 1756/1756 1757/1757
f 1750/1750 1758/1758 1752/1752
f 1759/1759 1760/1760 1761/1761
f 1760/1760 1762/1762 1753/1753
f 1747/1747 1754/1754 1748/1748
f 1763/1763 1756/1756 1764/1764
f 1756/1756 1763/1763 1757/1757
f 1761/1761 1749/1749 1759/1759
f 1753/1753 1762/1762 1746/1746
f 1765/1765 1764/1764 1752/1752
f 1757/1757 1731/1731 1730/1730
f 1766/1766 1767/1767 1754/1754
f 1753/1753 1761/1761 1760/1760
f 1764/1764 1765/1765 1763/1763
f 1754/1754 1720/1720 1766/1766
f 1752/1752 1758/1758 1765/1765
f 1768/1768 1769/1769 1755/1755
f 1720/1720 1719/1719 1766/1766
f 1755/1755 1754/1754 1768/1768
f 1751/1751 1759/1759 1749/1749
f 1522/1522 1521/1521 1770/1770
f 1771/1771 1772/1772 1522/1522
f 1768/1768 1773/1773 1772/1772
f 1772/1772 1771/1771 1768/1768
f 1774/1774 1775/1775 1776/1776
f 1776/1776 1777/1777 1774/1774
f 1778/1778 1779/1779 1780/1780
f 1781/1781 1782/1782 1783/1783
f 1784/1784 1783/1783 1782/1782
f 1775/1775 1774/1774 1785/1785
f 1786/1786 1787/1787 1777/1777
f 1788/1788 1789/1789 1778/1778
f 1782/1782 1790/1790 1784/1784
f 1791/1791 1792/1792 1793/1793
f 1792/1792 1794/1794 1785/1785
f 1776/1776 1786/1786 1777/1777
f 1789/1789 1788/1788 1795/1795
f 1779/1779 1796/1796 1780/1780
f 1793/1793 1781/1781 1791/1791
f 1785/1785 1794/1794 1775/1775
f 1797/1797 1795/1795 1784/1784
f 1780/1780 1788/1788 1778/1778
f 1785/1785 1793/1793 1792/1792
f 1795/1795 1797/1797 1789/1789
f 1779/1779 1798/1798 1799/1799
f 1784/1784 1790/1790 1797/1797
f 1739/1739 1796/1796 1779/1779
f 1768/1768 1771/1771 1786/1786
f 1786/1786 1771/1771 1787/1787
f 1739/1739 1738/1738 1796/1796
f 1783/1783 1791/1791 1781/1781
f 1786/1786 1769/1769 1768/1768
f 1800/1800 1801/1801 1802/1802
f 1800/1800 1803/1803 1801/1801
f 1804/1804 1805/1805 1801/1801
f 1801/1801 1803/1803 1804/1804
f 1806/1806 1807/1807 1808/1808
f 1808/1808 1804/1804 1806/1806
f 1808/1808 1805/1805 1804/1804
f 1809/1809 1810/1810 1811/1811
f 1812/1812 1811/1811 1810/1810
f 1813/1813 1814/1814 1807/1807
f 1810/1810 1815/1815 1812/1812
f 1816/1816 1817/1817 1818/1818
f 1817/1817 1819/1819 1813/1813
f 1813/1813 1819/1819 1814/1814
f 1820/1820 1821/1821 1812/1812
f 1818/1818 1809/1809 1816/1816
f 1807/1807 1822/1822 1813/1813
f 1812/1812 1815/1815 1820/1820
f 1823/1823 1824/1824 1825/1825
f 1813/1813 1818/1818 1817/1817
f 1825/1825 1821/1821 1823/1823
f 1824/1824 1826/1826 1827/1827
f 1828/1828 1829/1829 1830/1830
f 1820/1820 1823/1823 1821/1821
f 1827/1827 1831/1831 1824/1824
f 1832/1832 1833/1833 1834/1834
f 1830/1830 1835/1835 1828/1828
f 1798/1798 1836/1836 1831/1831
f 1837/1837 1838/1838 1831/1831
f 1824/1824 1823/1823 1826/1826
f 1834/1834 1826/1826 1823/1823
f 1835/1835 1834/1834 1828/1828
f 1831/1831 1799/1799 1798/1798
f 1811/1811 1816/1816 1809/1809
f 1834/1834 1835/1835 1832/1832
f 1831/1831 1827/1827 1837/1837
f 1836/1836 1824/1824 1831/1831
f 1839/1839 1840/1840 1841/1841
f 1829/1829 1828/1828 1840/1840
f 1840/1840 1839/1839 1829/1829
f 1842/1842 1839/1839 1843/1843
f 1844/1844 1845/1845 1846/1846
f 1847/1847 1848/1848 1849/1849
f 1848/1848 1847/1847 1845/1845
f 1846/1846 1800/1800 1844/1844
f 1845/1845 1844/1844 1848/1848
f 1849/1849 1850/1850 1847/1847
f 1851/1851 1852/1852 1853/1853
f 1854/1854 1855/1855 1856/1856
f 1857/1857 1858/1858 1855/1855
f 1859/1859 1860/1860 1861/1861
f 1853/1853 1852/1852 1862/1862
f 1853/1853 1863/1863 1851/1851
f 1864/1864 1865/1865 1856/1856
f 1855/1855 1854/1854 1857/1857
f 1862/1862 1866/1866 1861/1861
f 1861/1861 1866/1866 1859/1859
f 1863/1863 1864/1864 1851/1851
f 1856/1856 1865/1865 1854/1854
f 1859/1859 1867/1867 1860/1860
f 1856/1856 1851/1851 1864/1864
f 1862/1862 1842/1842 1853/1853
f 1868/1868 1869/1869 1870/1870
f 1870/1870 1866/1866 1868/1868
f 1871/1871 1872/1872 1873/1873
f 1532/1532 1874/1874 1875/1875
f 1876/1876 1877/1877 1874/1874
f 1532/1532 1878/1878 1879/1879
f 1875/1875 1873/1873 1532/1532
f 1879/1879 1874/1874 1532/1532
f 1869/1869 1868/1868 1880/1880
f 1881/1881 1532/1532 1873/1873
f 1874/1874 1879/1879 1876/1876
f 1880/1880 1532/1532 1881/1881
f 1873/1873 1875/1875 1871/1871
f 1882/1882 1532/1532 1880/1880
f 1873/1873 1883/1883 1881/1881
f 1880/1880 1881/1881 1869/1869
f 1882/1882 1884/1884 1850/1850
f 1882/1882 1885/1885 1884/1884
f 1882/1882 1886/1886 1885/1885
f 1858/1858 1857/1857 1884/1884
f 1884/1884 1885/1885 1858/1858
f 1546/1546 1887/1887 1888/1888
f 1888/1888 1889/1889 1546/1546
f 1889/1889 1890/1890 1546/1546
f 1891/1891 1892/1892 1889/1889
f 1893/1893 1545/1545 1890/1890
f 1890/1890 1545/1545 1546/1546
f 1889/1889 1894/1894 1891/1891
f 1887/1887 1895/1895 1888/1888
f 1890/1890 1896/1896 1893/1893
f 1897/1897 1898/1898 1899/1899
f 1898/1898 1900/1900 1899/1899
f 1899/1899 1901/1901 1897/1897
f 1901/1901 1902/1902 1903/1903
f 1904/1904 1905/1905 1906/1906
f 1907/1907 1908/1908 1909/1909
f 1910/1910 1911/1911 1912/1912
f 1913/1913 1905/1905 1904/1904
f 1903/1903 1897/1897 1901/1901
f 1914/1914 1915/1915 1903/1903
f 1908/1908 1907/1907 1915/1915
f 1909/1909 1906/1906 1907/1907
f 1912/1912 1916/1916 1910/1910
f 1911/1911 1910/1910 1913/1913
f 1903/1903 1902/1902 1914/1914
f 1906/1906 1909/1909 1904/1904
f 1894/1894 1917/1917 1918/1918
f 1917/1917 1919/1919 1920/1920
f 1921/1921 1922/1922 1923/1923
f 1904/1904 1911/1911 1913/1913
f 1915/1915 1914/1914 1908/1908
f 1924/1924 1925/1925 1926/1926
f 1920/1920 1918/1918 1917/1917
f 1927/1927 1928/1928 1920/1920
f 1929/1929 1923/1923 1928/1928
f 1923/1923 1929/1929 1921/1921
f 1930/1930 1916/1916 1931/1931
f 1900/1900 1932/1932 1933/1933
f 1898/1898 1932/1932 1900/1900
f 1926/1926 1922/1922 1934/1934
f 1926/1926 1910/1910 1916/1916
f 1920/1920 1919/1919 1927/1927
f 1921/1921 1934/1934 1922/1922
f 1935/1935 1936/1936 1937/1937
f 1922/1922 1926/1926 1938/1938
f 1931/1931 1939/1939 1930/1930
f 1912/1912 1931/1931 1916/1916
f 1926/1926 1916/1916 1924/1924
f 1928/1928 1927/1927 1929/1929
f 1896/1896 1922/1922 1937/1937
f 1938/1938 1937/1937 1922/1922
f 1933/1933 1888/1888 1900/1900
f 1477/1477 1476/1476 1930/1930
f 1918/1918 1891/1891 1894/1894
f 1937/1937 1938/1938 1935/1935
f 1930/1930 1940/1940 1477/1477
f 1937/1937 1893/1893 1896/1896
f 1900/1900 1895/1895 1941/1941
f 1934/1934 1910/1910 1926/1926
f 1941/1941 1942/1942 1900/1900
f 1900/1900 1888/1888 1895/1895
f 1943/1943 1944/1944 1945/1945
f 1946/1946 1947/1947 1948/1948
f 1949/1949 1945/1945 1946/1946
f 1945/1945 1949/1949 1943/1943
f 1946/1946 1950/1950 1949/1949
f 1951/1951 1952/1952 1944/1944
f 1953/1953 1954/1954 1955/1955
f 1955/1955 1954/1954 1952/1952
f 1956/1956 1955/1955 1951/1951
f 1616/1616 1957/1957 1956/1956
f 1943/1943 1951/1951 1944/1944
f 1952/1952 1951/1951 1955/1955
f 1956/1956 1617/1617 1616/1616
f 1955/1955 1958/1958 1953/1953
f 1948/1948 1950/1950 1946/1946
f 1959/1959 1960/1960 1961/1961
f 1960/1960 1962/1962 1961/1961
f 1963/1963 1948/1948 1947/1947
f 1961/1961 1964/1964 1959/1959
f 1964/1964 1965/1965 1966/1966
f 1967/1967 1968/1968 1969/1969
f 1970/1970 1971/1971 1972/1972
f 1947/1947 1973/1973 1963/1963
f 1974/1974 1975/1975 1976/1976
f 1966/1966 1959/1959 1964/1964
f 1977/1977 1978/1978 1966/1966
f 1971/1971 1970/1970 1978/1978
f 1972/1972 1969/1969 1970/1970
f 1976/1976 1963/1963 1974/1974
f 1975/1975 1968/1968 1967/1967
f 1966/1966 1965/1965 1977/1977
f 1969/1969 1972/1972 1967/1967
f 1967/1967 1976/1976 1975/1975
f 1978/1978 1977/1977 1971/1971
f 1979/1979 1980/1980 1962/1962
f 1960/1960 1981/1981 1962/1962
f 1962/1962 1982/1982 1979/1979
f 1973/1973 1974/1974 1963/1963
f 1962/1962 1983/1983 1982/1982
f 1979/1979 1984/1984 1980/1980
f 1985/1985 1986/1986 1987/1987
f 1988/1988 1989/1989 1990/1990
f 1986/1986 1991/1991 1987/1987
f 1990/1990 1992/1992 1988/1988
f 1987/1987 1993/1993 1985/1985
f 1993/1993 1994/1994 1995/1995
f 1996/1996 1997/1997 1998/1998
f 1999/1999 2000/2000 2001/2001
f 1990/1990 2002/2002 1992/1992
f 2002/2002 2003/2003 2004/2004
f 1995/1995 1985/1985 1993/1993
f 2005/2005 2006/2006 1995/1995
f 2000/2000 1999/1999 2006/2006
f 2001/2001 1998/1998 1999/1999
f 2004/2004 1992/1992 2002/2002
f 2003/2003 1997/1997 1996/1996
f 1995/1995 1994/1994 2005/2005
f 1998/1998 2001/2001 1996/1996
f 1996/1996 2004/2004 2003/2003
f 2006/2006 2005/2005 2000/2000
f 1941/1941 1991/1991 2007/2007
f 1986/1986 2007/2007 1991/1991
f 1982/1982 1983/1983 1991/1991
f 1988/1988 2008/2008 1989/1989
f 1991/1991 1941/1941 2009/2009
f 1991/1991 2009/2009 1982/1982
f 2010/2010 2011/2011 2012/2012
f 2008/2008 2012/2012 2011/2011
f 2013/2013 1477/1477 2014/2014
f 2011/2011 1989/1989 2008/2008
f 1953/1953 2015/2015 2010/2010
f 2014/2014 2011/2011 2013/2013
f 2010/2010 1954/1954 1953/1953
f 2011/2011 2010/2010 2013/2013
f 2013/2013 1478/1478 1477/1477
f 2016/2016 2017/2017 2018/2018
f 2017/2017 2019/2019 2018/2018
f 2018/2018 2020/2020 2016/2016
f 2020/2020 2021/2021 2022/2022
f 2023/2023 2024/2024 2025/2025
f 2026/2026 2027/2027 2028/2028
f 2029/2029 2030/2030 2031/2031
f 2022/2022 2016/2016 2020/2020
f 2032/2032 2033/2033 2022/2022
f 2027/2027 2026/2026 2033/2033
f 2028/2028 2025/2025 2026/2026
f 2031/2031 2034/2034 2029/2029
f 2035/2035 2024/2024 2023/2023
f 2022/2022 2021/2021 2032/2032
f 2025/2025 2028/2028 2023/2023
f 2023/2023 2030/2030 2035/2035
f 2033/2033 2032/2032 2027/2027
f 2031/2031 2036/2036 2037/2037
f 2017/2017 2038/2038 2019/2019
f 2034/2034 1472/1472 2039/2039
f 2037/2037 1472/1472 2031/2031
f 2029/2029 2035/2035 2030/2030
f 2039/2039 2040/2040 2034/2034
f 2031/2031 1570/1570 2036/2036
f 2034/2034 2031/2031 1472/1472
f 2038/2038 2041/2041 2019/2019
f 1585/1585 1583/1583 2019/2019
f 2019/2019 2041/2041 1585/1585
f 2042/2042 2043/2043 2044/2044
f 2045/2045 2046/2046 2047/2047
f 2043/2043 2048/2048 2044/2044
f 2049/2049 2047/2047 2050/2050
f 2047/2047 2049/2049 2045/2045
f 2044/2044 2051/2051 2042/2042
f 2051/2051 2052/2052 2053/2053
f 2054/2054 2055/2055 2056/2056
f 2057/2057 2058/2058 2059/2059
f 2045/2045 2060/2060 2046/2046
f 2060/2060 2061/2061 2062/2062
f 2053/2053 2042/2042 2051/2051
f 2063/2063 2064/2064 2053/2053
f 2058/2058 2057/2057 2064/2064
f 2059/2059 2056/2056 2057/2057
f 2062/2062 2046/2046 2060/2060
f 2061/2061 2055/2055 2054/2054
f 2053/2053 2052/2052 2063/2063
f 2056/2056 2059/2059 2054/2054
f 2054/2054 2062/2062 2061/2061
f 2064/2064 2063/2063 2058/2058
f 2043/2043 2065/2065 2048/2048
f 2040/2040 2039/2039 2066/2066
f 2050/2050 2066/2066 2049/2049
f 2067/2067 1585/1585 2041/2041
f 2065/2065 1980/1980 2048/2048
f 2049/2049 2066/2066 1620/1620
f 2048/2048 1984/1984 2067/2067
f 1620/1620 1619/1619 2049/2049
f 2041/2041 2048/2048 2067/2067
f 2048/2048 1980/1980 1984/1984
f 2066/2066 2050/2050 2040/2040
f 2037/2037 1473/1473 1472/1472
f 2012/2012 1954/1954 2010/2010
f 2007/2007 1942/1942 1941/1941
f 1981/1981 1983/1983 1962/1962
f 1951/1951 1617/1617 1956/1956
f 1939/1939 1940/1940 1930/1930
f 1892/1892 1890/1890 1889/1889
f 1850/1850 1849/1849 1882/1882
f 1880/1880 1886/1886 1882/1882
f 1870/1870 1859/1859 1866/1866
f 1861/1861 1842/1842 1862/1862
f 1846/1846 1803/1803 1800/1800
f 1843/1843 1853/1853 1842/1842
f 1841/1841 1843/1843 1839/1839
f 1823/1823 1828/1828 1834/1834
f 1806/1806 1822/1822 1807/1807
f 1802/1802 1521/1521 1800/1800
f 1799/1799 1739/1739 1779/1779
f 1770/1770 1771/1771 1522/1522
f 1770/1770 1521/1521 1802/1802
f 1767/1767 1768/1768 1754/1754
f 1743/1743 1736/1736 1735/1735
f 1736/1736 1737/1737 1727/1727
f 1707/1707 1721/1721 1719/1719
f 1692/1692 1688/1688 1687/1687
f 1663/1663 1633/1633 1635/1635
f 1695/1695 1682/1682 1679/1679
f 1648/1648 1483/1483 1650/1650
f 1643/1643 1647/1647 1644/1644
f 1641/1641 1621/1621 1481/1481
f 1636/1636 2068/2068 1635/1635
f 1622/1622 1630/1630 1628/1628
f 2014/2014 1477/1477 1940/1940
f 1618/1618 2069/2069 1616/1616
f 1614/1614 1609/1609 1461/1461
f 1589/1589 1598/1598 1587/1587
f 1580/1580 1579/1579 1583/1583
f 1581/1581 1573/1573 1579/1579
f 1578/1578 1582/1582 1573/1573
f 1572/1572 1467/1467 1468/1468
f 1566/1566 2036/2036 1570/1570
f 1558/1558 1554/1554 1556/1556
f 1554/1554 1558/1558 1552/1552
f 1549/1549 1555/1555 1547/1547
f 1550/1550 1547/1547 2070/2070
f 1611/1611 1573/1573 1581/1581
f 1586/1586 1585/1585 2067/2067
f 1544/1544 2071/2071 1541/1541
f 1535/1535 1527/1527 1526/1526
f 1530/1530 1878/1878 1532/1532
f 1844/1844 1800/1800 1523/1523
f 1523/1523 1800/1800 1521/1521
f 1773/1773 1768/1768 1767/1767
f 1721/1721 1635/1635 2068/2068
f 1520/1520 1632/1632 1459/1459
f 1520/1520 1458/1458 1647/1647
f 1643/1643 1512/1512 1519/1519
f 1515/1515 1507/1507 1510/1510
f 1484/1484 2072/2072 1508/1508
f 1486/1486 2072/2072 1484/1484
f 1486/1486 1487/1487 2073/2073
f 1479/1479 1652/1652 1483/1483
f 1480/1480 2074/2074 1479/1479
f 1482/1482 1481/1481 1624/1624
f 1627/1627 1626/1626 2075/2075
f 1678/1678 1677/1677 2076/2076
f 1680/1680 1682/1682 1694/1694
f 2071/2071 1544/1544 2077/2077
f 1476/1476 1478/1478 1474/1474
f 1473/1473 2078/2078 1471/1471
f 1470/1470 1568/1568 1468/1468
f 1466/1466 1468/1468 1464/1464
f 1463/1463 1467/1467 1461/1461
f 1460/1460 1483/1483 1458/1458
f 2079/2079 2080/2080 2081/2081
f 2081/2081 2082/2082 2079/2079
f 2083/2083 2084/2084 2085/2085
f 2085/2085 2086/2086 2083/2083
f 2087/2087 2088/2088 2089/2089
f 2089/2089 2090/2090 2087/2087
f 2089/2089 2091/2091 2090/2090
f 2092/2092 2093/2093 2094/2094
f 2094/2094 2095/2095 2092/2092
f 2096/2096 2097/2097 2098/2098
f 2096/2096 2099/2099 2097/2097
f 2096/2096 2100/2100 2101/2101
f 2101/2101 2102/2102 2096/2096
f 2098/2098 2100/2100 2096/2096
f 2103/2103 2104/2104 2105/2105
f 2105/2105 2106/2106 2103/2103
f 2107/2107 2108/2108 2109/2109
f 2109/2109 2110/2110 2107/2107
f 2111/2111 2112/2112 2113/2113
f 2113/2113 2114/2114 2111/2111
f 2115/2115 2116/2116 2117/2117
f 2117/2117 2118/2118 2115/2115
f 2119/2119 2120/2120 2121/2121
f 2121/2121 2122/2122 2119/2119
f 2123/2123 2124/2124 2125/2125
f 2126/2126 2127/2127 2125/2125
f 2125/2125 2124/2124 2126/2126
f 2125/2125 2128/2128 2123/2123
f 2129/2129 2130/2130 2131/2131
f 2130/2130 2132/2132 2131/2131
f 2131/2131 2133/2133 2129/2129
f 2134/2134 2135/2135 2136/2136
f 2136/2136 2137/2137 2134/2134
f 2138/2138 2139/2139 2140/2140
f 2140/2140 2141/2141 2138/2138
f 2142/2142 2143/2143 2144/2144
f 2144/2144 2145/2145 2142/2142
f 2146/2146 2147/2147 2148/2148
f 2148/2148 2149/2149 2146/2146
f 2150/2150 2151/2151 2152/2152
f 2150/2150 2153/2153 2154/2154
f 2154/2154 2155/2155 2150/2150
f 2152/2152 2153/2153 2150/2150
f 2156/2156 2157/2157 2158/2158
f 2158/2158 2159/2159 2156/2156
f 2160/2160 2161/2161 2162/2162
f 2162/2162 2163/2163 2160/2160
f 2164/2164 2165/2165 2166/2166
f 2166/2166 2167/2167 2164/2164
f 2168/2168 2169/2169 2170/2170
f 2170/2170 2171/2171 2168/2168
f 2172/2172 2173/2173 2174/2174
f 2173/2173 2175/2175 2174/2174
f 2174/2174 2176/2176 2172/2172
f 2177/2177 2178/2178 2179/2179
f 2177/2177 2180/2180 2181/2181
f 2181/2181 2182/2182 2177/2177
f 2179/2179 2180/2180 2177/2177
f 2183/2183 2184/2184 2185/2185
f 2185/2185 2186/2186 2183/2183
f 2185/2185 2187/2187 2186/2186
f 2188/2188 2189/2189 2190/2190
f 2189/2189 2191/2191 2190/2190
f 2190/2190 2192/2192 2188/2188
f 2193/2193 2194/2194 2195/2195
f 2195/2195 2196/2196 2193/2193
f 2195/2195 2197/2197 2196/2196
f 2198/2198 2199/2199 2200/2200
f 2200/2200 2201/2201 2198/2198
f 2200/2200 2202/2202 2201/2201
f 2203/2203 2204/2204 2205/2205
f 2205/2205 2206/2206 2203/2203
f 2207/2207 2208/2208 2209/2209
f 2207/2207 2210/2210 2211/2211
f 2211/2211 2212/2212 2207/2207
f 2209/2209 2210/2210 2207/2207
f 2213/2213 2214/2214 2215/2215
f 2215/2215 2216/2216 2213/2213
f 2217/2217 2218/2218 2219/2219
f 2219/2219 2220/2220 2217/2217
f 2221/2221 2222/2222 2223/2223
f 2223/2223 2224/2224 2221/2221
f 2225/2225 2226/2226 2227/2227
f 2227/2227 2228/2228 2225/2225
f 2229/2229 2230/2230 2231/2231
f 2231/2231 2232/2232 2229/2229
f 2233/2233 2234/2234 2235/2235
f 2235/2235 2236/2236 2233/2233
f 2233/2233 2237/2237 2234/2234
f 2233/2233 2236/2236 2238/2238
f 2238/2238 2239/2239 2233/2233
f 2235/2235 2240/2240 2236/2236
f 2241/2241 2242/2242 2243/2243
f 2243/2243 2244/2244 2241/2241
f 2245/2245 2246/2246 2247/2247
f 2247/2247 2248/2248 2245/2245
f 2247/2247 2249/2249 2248/2248
f 2250/2250 2251/2251 2252/2252
f 2251/2251 2253/2253 2252/2252
f 2252/2252 2254/2254 2250/2250
f 2255/2255 2256/2256 2257/2257
f 2256/2256 2258/2258 2257/2257
f 2257/2257 2259/2259 2255/2255
f 2260/2260 2261/2261 2262/2262
f 2262/2262 2263/2263 2260/2260
f 2264/2264 2265/2265 2266/2266
f 2267/2267 2268/2268 2266/2266
f 2266/2266 2265/2265 2267/2267
f 2266/2266 2269/2269 2264/2264
f 2270/2270 2271/2271 2272/2272
f 2272/2272 2273/2273 2270/2270
f 2274/2274 2275/2275 2276/2276
f 2276/2276 2277/2277 2274/2274
f 2278/2278 2279/2279 2280/2280
f 2280/2280 2281/2281 2278/2278
f 2282/2282 2283/2283 2284/2284
f 2284/2284 2285/2285 2282/2282
f 2286/2286 2287/2287 2288/2288
f 2288/2288 2289/2289 2286/2286
f 2288/2288 2290/2290 2289/2289
f 2291/2291 2292/2292 2293/2293
f 2294/2294 2295/2295 2293/2293
f 2293/2293 2292/2292 2294/2294
f 2293/2293 2296/2296 2291/2291
f 2297/2297 2298/2298 2299/2299
f 2298/2298 2300/2300 2299/2299
f 2299/2299 2301/2301 2297/2297
f 2302/2302 2303/2303 2304/2304
f 2304/2304 2305/2305 2302/2302
f 2306/2306 2307/2307 2308/2308
f 2308/2308 2309/2309 2306/2306
f 2310/2310 2311/2311 2312/2312
f 2312/2312 2313/2313 2310/2310
f 2314/2314 2315/2315 2316/2316
f 2316/2316 2317/2317 2314/2314
f 2318/2318 2319/2319 2320/2320
f 2318/2318 2321/2321 2319/2319
f 2322/2322 2323/2323 2318/2318
f 2318/2318 2324/2324 2322/2322
f 2320/2320 2324/2324 2318/2318
f 2325/2325 2326/2326 2327/2327
f 2327/2327 2328/2328 2325/2325
f 2327/2327 2329/2329 2328/2328
f 2330/2330 2331/2331 2332/2332
f 2333/2333 2334/2334 2335/2335
f 2336/2336 2337/2337 2333/2333
f 2335/2335 2338/2338 2336/2336
f 2335/2335 2339/2339 2338/2338
f 2331/2331 2335/2335 2334/2334
f 2334/2334 2332/2332 2331/2331
f 2331/2331 2340/2340 2335/2335
f 2341/2341 2342/2342 2340/2340
f 2340/2340 2331/2331 2341/2341
f 2335/2335 2336/2336 2333/2333
f 2343/2343 2342/2342 2341/2341
f 2344/2344 2345/2345 2343/2343
f 2343/2343 2346/2346 2344/2344
f 2341/2341 2346/2346 2343/2343
f 2347/2347 2348/2348 2349/2349
f 2350/2350 2351/2351 2352/2352
f 2352/2352 2353/2353 2350/2350
f 2353/2353 2354/2354 2350/2350
f 2348/2348 2353/2353 2355/2355
f 2355/2355 2349/2349 2348/2348
f 2348/2348 2356/2356 2353/2353
f 2357/2357 2358/2358 2356/2356
f 2356/2356 2348/2348 2357/2357
f 2357/2357 2330/2330 2358/2358
f 2352/2352 2355/2355 2353/2353
f 2359/2359 2360/2360 2361/2361
f 2361/2361 2362/2362 2363/2363
f 2363/2363 2364/2364 2361/2361
f 2365/2365 2366/2366 2367/2367
f 2365/2365 2368/2368 2366/2366
f 2365/2365 2369/2369 2363/2363
f 2363/2363 2362/2362 2365/2365
f 2362/2362 2370/2370 2365/2365
f 2347/2347 2371/2371 2370/2370
f 2370/2370 2362/2362 2347/2347
f 2367/2367 2369/2369 2365/2365
f 2372/2372 2373/2373 2374/2374
f 2374/2374 2375/2375 2372/2372
f 2376/2376 2377/2377 2378/2378
f 2376/2376 2379/2379 2377/2377
f 2379/2379 2376/2376 2380/2380
f 2380/2380 2381/2381 2379/2379
f 2372/2372 2360/2360 2359/2359
f 2376/2376 2382/2382 2373/2373
f 2373/2373 2372/2372 2376/2376
f 2359/2359 2376/2376 2372/2372
f 2378/2378 2382/2382 2376/2376
f 2383/2383 2384/2384 2385/2385
f 2385/2385 2384/2384 2386/2386
f 2386/2386 2387/2387 2385/2385
f 2386/2386 2375/2375 2388/2388
f 2388/2388 2387/2387 2386/2386
f 2389/2389 2390/2390 2391/2391
f 2390/2390 2392/2392 2391/2391
f 2388/2388 2375/2375 2393/2393
f 2393/2393 2390/2390 2388/2388
f 2393/2393 2392/2392 2390/2390
f 2391/2391 2394/2394 2389/2389
f 2395/2395 2396/2396 2397/2397
f 2398/2398 2399/2399 2395/2395
f 2399/2399 2400/2400 2395/2395
f 2401/2401 2384/2384 2402/2402
f 2400/2400 2399/2399 2401/2401
f 2402/2402 2400/2400 2401/2401
f 2403/2403 2404/2404 2405/2405
f 2384/2384 2406/2406 2407/2407
f 2407/2407 2402/2402 2384/2384
f 2407/2407 2403/2403 2402/2402
f 2384/2384 2383/2383 2406/2406
f 2405/2405 2402/2402 2403/2403
f 2408/2408 2409/2409 2410/2410
f 2410/2410 2411/2411 2412/2412
f 2412/2412 2413/2413 2410/2410
f 2409/2409 2414/2414 2410/2410
f 2415/2415 2416/2416 2417/2417
f 2414/2414 2409/2409 2415/2415
f 2417/2417 2414/2414 2415/2415
f 2418/2418 2419/2419 2420/2420
f 2420/2420 2416/2416 2418/2418
f 2416/2416 2421/2421 2418/2418
f 2420/2420 2417/2417 2416/2416
f 2344/2344 2346/2346 2422/2422
f 2422/2422 2423/2423 2424/2424
f 2346/2346 2425/2425 2422/2422
f 2426/2426 2427/2427 2425/2425
f 2425/2425 2346/2346 2426/2426
f 2426/2426 2408/2408 2428/2428
f 2408/2408 2429/2429 2428/2428
f 2428/2428 2427/2427 2426/2426
f 2426/2426 2430/2430 2408/2408
f 2430/2430 2409/2409 2408/2408
f 2422/2422 2424/2424 2344/2344
f 2410/2410 2413/2413 2408/2408
f 2397/2397 2398/2398 2395/2395
f 2385/2385 2431/2431 2383/2383
f 2432/2432 2394/2394 2391/2391
f 2374/2374 2393/2393 2375/2375
f 2433/2433 2381/2381 2380/2380
f 2361/2361 2364/2364 2359/2359
f 2349/2349 2371/2371 2347/2347
f 2355/2355 2352/2352 2434/2434
f 2332/2332 2358/2358 2330/2330
f 2334/2334 2333/2333 2435/2435
f 2436/2436 2437/2437 2438/2438
f 2438/2438 2439/2439 2436/2436
f 2440/2440 2441/2441 2442/2442
f 2442/2442 2443/2443 2440/2440
f 2444/2444 2445/2445 2446/2446
f 2446/2446 2447/2447 2444/2444
f 2448/2448 2449/2449 2450/2450
f 2450/2450 2451/2451 2448/2448
f 2452/2452 2453/2453 2454/2454
f 2455/2455 2456/2456 2452/2452
f 2452/2452 2457/2457 2455/2455
f 2454/2454 2457/2457 2452/2452
f 2458/2458 2459/2459 2460/2460
f 2460/2460 2461/2461 2458/2458
f 2462/2462 2463/2463 2464/2464
f 2464/2464 2465/2465 2462/2462
f 2463/2463 2466/2466 2464/2464
f 2465/2465 2467/2467 2462/2462
f 2468/2468 2469/2469 2470/2470
f 2470/2470 2471/2471 2468/2468
f 2472/2472 2473/2473 2474/2474
f 2474/2474 2475/2475 2472/2472
f 2476/2476 2477/2477 2478/2478
f 2478/2478 2479/2479 2476/2476
f 2480/2480 2481/2481 2482/2482
f 2483/2483 2484/2484 2480/2480
f 2480/2480 2485/2485 2483/2483
f 2482/2482 2485/2485 2480/2480
f 2486/2486 2487/2487 2488/2488
f 2488/2488 2489/2489 2486/2486
f 2490/2490 2491/2491 2492/2492
f 2492/2492 2493/2493 2490/2490
f 2491/2491 2494/2494 2492/2492
f 2493/2493 2495/2495 2490/2490
f 2496/2496 2497/2497 2498/2498
f 2498/2498 2499/2499 2496/2496
f 2500/2500 2501/2501 2502/2502
f 2502/2502 2503/2503 2500/2500
f 2504/2504 2505/2505 2506/2506
f 2506/2506 2507/2507 2504/2504
f 2508/2508 2509/2509 2510/2510
f 2511/2511 2512/2512 2508/2508
f 2508/2508 2513/2513 2511/2511
f 2510/2510 2513/2513 2508/2508
f 2514/2514 2515/2515 2516/2516
f 2516/2516 2517/2517 2514/2514
f 2518/2518 2519/2519 2520/2520
f 2520/2520 2521/2521 2518/2518
f 2522/2522 2523/2523 2524/2524
f 2524/2524 2525/2525 2522/2522
f 2526/2526 2527/2527 2528/2528
f 2528/2528 2529/2529 2526/2526
f 2530/2530 2531/2531 2532/2532
f 2532/2532 2533/2533 2530/2530
f 2534/2534 2535/2535 2536/2536
f 2537/2537 2538/2538 2534/2534
f 2534/2534 2539/2539 2537/2537
f 2536/2536 2539/2539 2534/2534
f 2540/2540 2541/2541 2542/2542
f 2542/2542 2543/2543 2540/2540
f 2544/2544 2545/2545 2546/2546
f 2545/2545 2547/2547 2546/2546
f 2546/2546 2548/2548 2544/2544
f 2549/2549 2550/2550 2551/2551
f 2551/2551 2552/2552 2549/2549
f 2551/2551 2553/2553 2552/2552
f 2554/2554 2555/2555 2556/2556
f 2556/2556 2557/2557 2554/2554
f 2558/2558 2559/2559 2560/2560
f 2560/2560 2561/2561 2558/2558
f 2562/2562 2563/2563 2564/2564
f 2565/2565 2566/2566 2562/2562
f 2562/2562 2567/2567 2565/2565
f 2564/2564 2567/2567 2562/2562
f 2568/2568 2569/2569 2570/2570
f 2570/2570 2571/2571 2568/2568
f 2569/2569 2572/2572 2570/2570
f 2571/2571 2573/2573 2568/2568
f 2574/2574 2575/2575 2576/2576
f 2576/2576 2577/2577 2574/2574
f 2578/2578 2579/2579 2580/2580
f 2578/2578 2581/2581 2582/2582
f 2582/2582 2579/2579 2578/2578
f 2580/2580 2583/2583 2578/2578
f 2584/2584 2585/2585 2586/2586
f 2586/2586 2587/2587 2584/2584
f 2586/2586 2588/2588 2587/2587
f 2584/2584 2589/2589 2590/2590
f 2584/2584 2587/2587 2589/2589
f 2590/2590 2591/2591 2584/2584
f 2587/2587 2592/2592 2580/2580
f 2580/2580 2579/2579 2587/2587
f 2588/2588 2592/2592 2587/2587
f 2593/2593 2594/2594 2595/2595
f 2595/2595 2596/2596 2593/2593
f 2594/2594 2597/2597 2598/2598
f 2594/2594 2599/2599 2597/2597
f 2598/2598 2600/2600 2594/2594
f 2601/2601 2602/2602 2599/2599
f 2599/2599 2594/2594 2601/2601
f 2600/2600 2595/2595 2594/2594
f 2601/2601 2603/2603 2602/2602
f 2596/2596 2604/2604 2593/2593
f 2601/2601 2604/2604 2605/2605
f 2605/2605 2606/2606 2601/2601
f 2582/2582 2581/2581 2604/2604
f 2604/2604 2601/2601 2582/2582
f 2606/2606 2603/2603 2601/2601
f 2604/2604 2607/2607 2605/2605
f 2604/2604 2608/2608 2607/2607
f 2604/2604 2609/2609 2608/2608
f 2604/2604 2610/2610 2609/2609
f 2604/2604 2611/2611 2610/2610
f 2604/2604 2612/2612 2611/2611
f 2604/2604 2596/2596 2612/2612
f 2581/2581 2613/2613 2604/2604
f 2614/2614 2615/2615 2616/2616
f 2616/2616 2581/2581 2614/2614
f 2616/2616 2613/2613 2581/2581
f 2593/2593 2617/2617 2594/2594
f 2618/2618 2619/2619 2620/2620
f 2619/2619 2621/2621 2622/2622
f 2619/2619 2618/2618 2621/2621
f 2622/2622 2623/2623 2619/2619
f 2624/2624 2625/2625 2618/2618
f 2625/2625 2626/2626 2627/2627
f 2627/2627 2628/2628 2625/2625
f 2628/2628 2618/2618 2625/2625
f 2629/2629 2630/2630 2631/2631
f 2631/2631 2632/2632 2629/2629
f 2629/2629 2633/2633 2630/2630
f 2629/2629 2634/2634 2633/2633
f 2635/2635 2636/2636 2634/2634
f 2635/2635 2637/2637 2638/2638
f 2638/2638 2636/2636 2635/2635
f 2634/2634 2629/2629 2635/2635
f 2639/2639 2640/2640 2641/2641
f 2639/2639 2631/2631 2640/2640
f 2641/2641 2642/2642 2639/2639
f 2642/2642 2641/2641 2643/2643
f 2635/2635 2644/2644 2645/2645
f 2635/2635 2642/2642 2646/2646
f 2646/2646 2644/2644 2635/2635
f 2626/2626 2647/2647 2642/2642
f 2642/2642 2627/2627 2626/2626
f 2642/2642 2635/2635 2627/2627
f 2645/2645 2637/2637 2635/2635
f 2642/2642 2648/2648 2646/2646
f 2642/2642 2649/2649 2648/2648
f 2642/2642 2650/2650 2649/2649
f 2642/2642 2651/2651 2650/2650
f 2642/2642 2652/2652 2651/2651
f 2642/2642 2653/2653 2652/2652
f 2642/2642 2654/2654 2653/2653
f 2643/2643 2654/2654 2642/2642
f 2655/2655 2656/2656 2657/2657
f 2656/2656 2655/2655 2658/2658
f 2658/2658 2659/2659 2656/2656
f 2626/2626 2578/2578 2660/2660
f 2655/2655 2661/2661 2647/2647
f 2647/2647 2626/2626 2655/2655
f 2660/2660 2655/2655 2626/2626
f 2657/2657 2661/2661 2655/2655
f 2631/2631 2639/2639 2632/2632
f 2620/2620 2624/2624 2618/2618
f 2583/2583 2660/2660 2578/2578
f 2662/2662 2659/2659 2658/2658
f 2663/2663 2664/2664 2665/2665
f 2665/2665 2666/2666 2663/2663
f 2665/2665 2667/2667 2666/2666
f 2668/2668 2669/2669 2670/2670
f 2671/2671 2669/2669 2668/2668
f 2668/2668 2672/2672 2671/2671
f 2668/2668 2673/2673 2672/2672
f 2670/2670 2674/2674 2668/2668
f 2675/2675 2676/2676 2677/2677
f 2677/2677 2678/2678 2675/2675
f 2679/2679 2680/2680 2681/2681
f 2681/2681 2682/2682 2679/2679
f 2683/2683 2684/2684 2685/2685
f 2686/2686 2687/2687 2683/2683
f 2683/2683 2688/2688 2686/2686
f 2685/2685 2688/2688 2683/2683
f 2689/2689 2690/2690 2691/2691
f 2691/2691 2692/2692 2689/2689
f 2693/2693 2694/2694 2695/2695
f 2695/2695 2696/2696 2693/2693
f 2697/2697 2698/2698 2699/2699
f 2698/2698 2700/2700 2701/2701
f 2701/2701 2699/2699 2698/2698
f 2701/2701 2702/2702 2699/2699
f 2699/2699 2703/2703 2697/2697
f 2704/2704 2705/2705 2706/2706
f 2706/2706 2707/2707 2704/2704
f 2708/2708 2709/2709 2710/2710
f 2710/2710 2711/2711 2708/2708
f 2712/2712 2713/2713 2714/2714
f 2715/2715 2716/2716 2712/2712
f 2712/2712 2717/2717 2715/2715
f 2714/2714 2717/2717 2712/2712
f 2718/2718 2719/2719 2720/2720
f 2720/2720 2721/2721 2718/2718
f 2722/2722 2723/2723 2724/2724
f 2724/2724 2725/2725 2722/2722
f 2726/2726 2727/2727 2728/2728
f 2728/2728 2727/2727 2729/2729
f 2729/2729 2730/2730 2728/2728
f 2730/2730 2731/2731 2728/2728
f 2728/2728 2732/2732 2726/2726
f 2733/2733 2734/2734 2735/2735
f 2735/2735 2736/2736 2733/2733
f 2737/2737 2738/2738 2739/2739
f 2739/2739 2740/2740 2737/2737
f 2739/2739 2741/2741 2740/2740
f 2742/2742 2743/2743 2744/2744
f 2742/2742 2745/2745 2746/2746
f 2744/2744 2747/2747 2742/2742
f 2747/2747 2748/2748 2742/2742
f 2746/2746 2743/2743 2742/2742
f 2749/2749 2750/2750 2751/2751
f 2751/2751 2752/2752 2749/2749
f 2751/2751 2753/2753 2752/2752
f 2754/2754 2755/2755 2756/2756
f 2756/2756 2757/2757 2754/2754
f 2758/2758 2759/2759 2760/2760
f 2759/2759 2761/2761 2762/2762
f 2762/2762 2760/2760 2759/2759
f 2762/2762 2763/2763 2760/2760
f 2760/2760 2764/2764 2758/2758
f 2765/2765 2766/2766 2767/2767
f 2767/2767 2768/2768 2765/2765
f 2769/2769 2770/2770 2771/2771
f 2771/2771 2772/2772 2769/2769
f 2773/2773 2774/2774 2775/2775
f 2773/2773 2776/2776 2774/2774
f 2777/2777 2778/2778 2773/2773
f 2773/2773 2779/2779 2777/2777
f 2775/2775 2779/2779 2773/2773
f 2780/2780 2781/2781 2782/2782
f 2782/2782 2783/2783 2780/2780
f 2784/2784 2785/2785 2786/2786
f 2786/2786 2787/2787 2784/2784
f 2788/2788 2789/2789 2790/2790
f 2790/2790 2789/2789 2791/2791
f 2791/2791 2792/2792 2790/2790
f 2792/2792 2793/2793 2790/2790
f 2790/2790 2794/2794 2788/2788
f 2795/2795 2796/2796 2797/2797
f 2796/2796 2798/2798 2797/2797
f 2797/2797 2799/2799 2795/2795
f 2800/2800 2801/2801 2802/2802
f 2802/2802 2803/2803 2800/2800
f 2804/2804 2805/2805 2806/2806
f 2804/2804 2807/2807 2805/2805
f 2808/2808 2809/2809 2804/2804
f 2804/2804 2810/2810 2808/2808
f 2806/2806 2810/2810 2804/2804
f 2811/2811 2812/2812 2813/2813
f 2813/2813 2814/2814 2811/2811
f 2815/2815 2816/2816 2817/2817
f 2817/2817 2818/2818 2815/2815
f 2817/2817 2819/2819 2818/2818
f 2820/2820 2821/2821 2822/2822
f 2822/2822 2823/2823 2820/2820
f 2820/2820 2823/2823 2824/2824
f 2824/2824 2825/2825 2820/2820
f 2823/2823 2826/2826 2824/2824
f 2825/2825 2827/2827 2820/2820
f 2822/2822 2828/2828 2823/2823
f 2829/2829 2830/2830 2831/2831
f 2830/2830 2832/2832 2831/2831
f 2831/2831 2833/2833 2829/2829
f 2834/2834 2835/2835 2836/2836
f 2835/2835 2837/2837 2838/2838
f 2838/2838 2836/2836 2835/2835
f 2836/2836 2839/2839 2834/2834
f 2840/2840 2841/2841 2842/2842
f 2843/2843 2844/2844 2840/2840
f 2840/2840 2845/2845 2843/2843
f 2842/2842 2845/2845 2840/2840
f 2846/2846 2847/2847 2848/2848
f 2847/2847 2849/2849 2848/2848
f 2848/2848 2850/2850 2846/2846
f 2851/2851 2852/2852 2853/2853
f 2853/2853 2854/2854 2851/2851
f 2853/2853 2855/2855 2854/2854
f 2856/2856 2857/2857 2858/2858
f 2858/2858 2859/2859 2856/2856
f 2859/2859 2860/2860 2861/2861
f 2861/2861 2856/2856 2859/2859
f 2861/2861 2862/2862 2856/2856
f 2858/2858 2863/2863 2859/2859
f 2864/2864 2865/2865 2866/2866
f 2866/2866 2867/2867 2864/2864
f 2866/2866 2868/2868 2867/2867
f 2869/2869 2870/2870 2871/2871
f 2871/2871 2872/2872 2869/2869
f 2873/2873 2874/2874 2875/2875
f 2876/2876 2877/2877 2873/2873
f 2873/2873 2878/2878 2876/2876
f 2875/2875 2878/2878 2873/2873
f 2879/2879 2880/2880 2881/2881
f 2881/2881 2882/2882 2879/2879
f 2883/2883 2884/2884 2885/2885
f 2884/2884 2886/2886 2885/2885
f 2885/2885 2887/2887 2883/2883
f 2888/2888 2889/2889 2890/2890
f 2889/2889 2891/2891 2890/2890
f 2889/2889 2892/2892 2893/2893
f 2888/2888 2894/2894 2892/2892
f 2892/2892 2889/2889 2888/2888
f 2893/2893 2895/2895 2889/2889
f 2890/2890 2896/2896 2888/2888
f 2897/2897 2898/2898 2899/2899
f 2899/2899 2900/2900 2897/2897
f 2899/2899 2901/2901 2900/2900
f 2902/2902 2903/2903 2904/2904
f 2904/2904 2905/2905 2902/2902
f 2906/2906 2907/2907 2908/2908
f 2906/2906 2909/2909 2907/2907
f 2910/2910 2911/2911 2906/2906
f 2906/2906 2912/2912 2910/2910
f 2908/2908 2912/2912 2906/2906
f 2913/2913 2914/2914 2915/2915
f 2915/2915 2916/2916 2913/2913
f 2917/2917 2918/2918 2919/2919
f 2919/2919 2920/2920 2917/2917
f 2919/2919 2921/2921 2920/2920
f 2922/2922 2923/2923 2924/2924
f 2924/2924 2925/2925 2926/2926
f 2924/2924 2927/2927 2925/2925
f 2924/2924 2928/2928 2929/2929
f 2924/2924 2923/2923 2928/2928
f 2929/2929 2930/2930 2924/2924
f 2924/2924 2926/2926 2922/2922
f 2931/2931 2932/2932 2933/2933
f 2933/2933 2934/2934 2931/2931
f 2935/2935 2936/2936 2937/2937
f 2937/2937 2938/2938 2935/2935
f 2939/2939 2940/2940 2941/2941
f 2941/2941 2942/2942 2939/2939
f 2943/2943 2944/2944 2945/2945
f 2945/2945 2946/2946 2943/2943
f 2947/2947 2948/2948 2949/2949
f 2948/2948 2950/2950 2949/2949
f 2949/2949 2951/2951 2947/2947
f 2947/2947 2952/2952 2948/2948
f 2953/2953 2954/2954 2955/2955
f 2955/2955 2956/2956 2953/2953
f 2957/2957 2958/2958 2959/2959
f 2959/2959 2960/2960 2957/2957
f 2959/2959 2961/2961 2960/2960
f 2962/2962 2963/2963 2964/2964
f 2962/2962 2965/2965 2966/2966
f 2964/2964 2967/2967 2962/2962
f 2967/2967 2968/2968 2962/2962
f 2966/2966 2963/2963 2962/2962
f 2969/2969 2970/2970 2971/2971
f 2971/2971 2972/2972 2969/2969
f 2973/2973 2974/2974 2975/2975
f 2975/2975 2976/2976 2973/2973
f 2977/2977 2978/2978 2979/2979
f 2980/2980 2981/2981 2979/2979
f 2979/2979 2978/2978 2980/2980
f 2979/2979 2982/2982 2977/2977
f 2983/2983 2984/2984 2985/2985
f 2985/2985 2986/2986 2983/2983
f 2987/2987 2988/2988 2989/2989
f 2989/2989 2990/2990 2987/2987
f 2991/2991 2992/2992 2993/2993
f 2994/2994 2995/2995 2991/2991
f 2991/2991 2996/2996 2994/2994
f 2993/2993 2996/2996 2991/2991
f 2997/2997 2998/2998 2999/2999
f 2999/2999 3000/3000 2997/2997
f 3001/3001 3002/3002 3003/3003
f 3003/3003 3004/3004 3001/3001
f 3003/3003 3005/3005 3004/3004
f 3006/3006 3007/3007 3008/3008
f 3007/3007 3009/3009 3010/3010
f 3010/3010 3008/3008 3007/3007
f 3010/3010 3011/3011 3008/3008
f 3008/3008 3012/3012 3006/3006
f 3013/3013 3014/3014 3015/3015
f 3015/3015 3016/3016 3013/3013
f 3017/3017 3018/3018 3019/3019
f 3019/3019 3020/3020 3017/3017
f 3021/3021 3022/3022 3023/3023
f 3024/3024 3025/3025 3021/3021
f 3021/3021 3026/3026 3024/3024
f 3023/3023 3026/3026 3021/3021
f 3027/3027 3028/3028 3029/3029
f 3029/3029 3030/3030 3027/3027
f 3031/3031 3032/3032 3033/3033
f 3033/3033 3034/3034 3031/3031
f 3035/3035 3036/3036 3037/3037
f 3035/3035 3038/3038 3036/3036
f 3035/3035 3039/3039 3040/3040
f 3040/3040 3041/3041 3035/3035
f 3041/3041 3042/3042 3035/3035
f 3037/3037 3039/3039 3035/3035
f 3043/3043 3044/3044 3045/3045
f 3045/3045 3046/3046 3043/3043
f 3047/3047 3048/3048 3049/3049
f 3049/3049 3050/3050 3047/3047
f 3051/3051 3052/3052 3053/3053
f 3054/3054 3055/3055 3051/3051
f 3051/3051 3056/3056 3054/3054
f 3053/3053 3056/3056 3051/3051
f 3057/3057 3058/3058 3059/3059
f 3059/3059 3060/3060 3057/3057
f 3061/3061 3062/3062 3063/3063
f 3063/3063 3064/3064 3061/3061
f 3065/3065 3066/3066 3067/3067
f 3068/3068 3069/3069 3065/3065
f 3065/3065 3069/3069 3070/3070
f 3070/3070 3071/3071 3065/3065
f 3067/3067 3068/3068 3065/3065
f 3072/3072 3073/3073 3074/3074
f 3072/3072 3075/3075 3076/3076
f 3076/3076 3077/3077 3072/3072
f 3078/3078 3073/3073 3072/3072
f 3072/3072 3077/3077 3078/3078
f 3077/3077 3079/3079 3080/3080
f 3080/3080 3078/3078 3077/3077
f 3077/3077 3081/3081 3082/3082
f 3082/3082 3079/3079 3077/3077
f 3077/3077 3083/3083 3084/3084
f 3077/3077 3085/3085 3083/3083
f 3084/3084 3081/3081 3077/3077
f 3077/3077 3086/3086 3087/3087
f 3088/3088 3089/3089 3077/3077
f 3090/3090 3091/3091 3088/3088
f 3088/3088 3092/3092 3090/3090
f 3090/3090 3093/3093 3091/3091
f 3094/3094 3095/3095 3091/3091
f 3093/3093 3094/3094 3091/3091
f 3077/3077 3092/3092 3088/3088
f 3094/3094 3096/3096 3097/3097
f 3097/3097 3098/3098 3094/3094
f 3096/3096 3099/3099 3100/3100
f 3100/3100 3097/3097 3096/3096
f 3098/3098 3101/3101 3094/3094
f 3096/3096 3102/3102 3099/3099
f 3103/3103 3104/3104 3105/3105
f 3103/3103 3096/3096 3104/3104
f 3105/3105 3106/3106 3103/3103
f 3106/3106 3107/3107 3085/3085
f 3106/3106 3105/3105 3107/3107
f 3085/3085 3108/3108 3106/3106
f 3085/3085 3109/3109 3108/3108
f 3103/3103 3102/3102 3096/3096
f 3101/3101 3095/3095 3094/3094
f 3085/3085 3110/3110 3109/3109
f 3089/3089 3111/3111 3077/3077
f 3085/3085 3087/3087 3110/3110
f 3111/3111 3086/3086 3077/3077
f 3094/3094 3112/3112 3113/3113
f 3112/3112 3114/3114 3113/3113
f 3113/3113 3096/3096 3094/3094
f 3087/3087 3085/3085 3077/3077
f 3074/3074 3075/3075 3072/3072
f 3115/3115 3116/3116 3117/3117
f 3118/3118 3115/3115 3119/3119
f 3119/3119 3120/3120 3118/3118
f 3121/3121 3117/3117 3116/3116
f 3116/3116 3122/3122 3121/3121
f 3123/3123 3124/3124 3125/3125
f 3124/3124 3126/3126 3127/3127
f 3126/3126 3128/3128 3129/3129
f 3128/3128 3130/3130 3131/3131
f 3130/3130 3132/3132 3133/3133
f 3132/3132 3134/3134 3135/3135
f 3136/3136 3137/3137 3135/3135
f 3138/3138 3139/3139 3137/3137
f 3140/3140 3141/3141 3139/3139
f 3142/3142 3143/3143 3141/3141
f 3144/3144 3145/3145 3143/3143
f 3146/3146 3147/3147 3145/3145
f 3147/3147 3148/3148 3149/3149
f 3147/3147 3146/3146 3148/3148
f 3118/3118 3120/3120 3150/3150
f 3151/3151 3150/3150 3152/3152
f 3152/3152 3149/3149 3151/3151
f 3150/3150 3151/3151 3118/3118
f 3149/3149 3152/3152 3147/3147
f 3145/3145 3144/3144 3146/3146
f 3143/3143 3142/3142 3144/3144
f 3141/3141 3140/3140 3142/3142
f 3139/3139 3138/3138 3140/3140
f 3137/3137 3136/3136 3138/3138
f 3135/3135 3134/3134 3136/3136
f 3135/3135 3133/3133 3132/3132
f 3133/3133 3131/3131 3130/3130
f 3131/3131 3129/3129 3128/3128
f 3129/3129 3127/3127 3126/3126
f 3127/3127 3125/3125 3124/3124
f 3125/3125 3121/3121 3123/3123
f 3122/3122 3123/3123 3121/3121
f 3117/3117 3119/3119 3115/3115
f 3153/3153 3154/3154 3155/3155
f 3155/3155 3156/3156 3153/3153
f 3157/3157 3158/3158 3159/3159
f 3158/3158 3157/3157 3160/3160
f 3160/3160 3161/3161 3158/3158
f 3162/3162 3163/3163 3164/3164
f 3165/3165 3159/3159 3166/3166
f 3166/3166 3164/3164 3165/3165
f 3167/3167 3163/3163 3168/3168
f 3163/3163 3162/3162 3168/3168
f 3169/3169 3170/3170 3167/3167
f 3167/3167 3171/3171 3169/3169
f 3168/3168 3171/3171 3167/3167
f 3164/3164 3166/3166 3162/3162
f 3159/3159 3165/3165 3157/3157
f 3172/3172 3173/3173 3174/3174
f 3174/3174 3175/3175 3172/3172
f 3176/3176 3177/3177 3178/3178
f 3178/3178 3179/3179 3176/3176
f 3178/3178 3175/3175 3179/3179
f 3180/3180 3181/3181 3182/3182
f 3182/3182 3183/3183 3180/3180
f 3182/3182 3177/3177 3183/3183
f 3184/3184 3185/3185 3186/3186
f 3184/3184 3181/3181 3187/3187
f 3187/3187 3185/3185 3184/3184
f 3186/3186 3188/3188 3184/3184
f 3189/3189 3190/3190 3191/3191
f 3192/3192 3193/3193 3190/3190
f 3189/3189 3194/3194 3192/3192
f 3190/3190 3189/3189 3192/3192
f 3191/3191 3188/3188 3189/3189
f 3186/3186 3189/3189 3188/3188
f 3180/3180 3187/3187 3181/3181
f 3176/3176 3183/3183 3177/3177
f 3174/3174 3179/3179 3175/3175
f 3195/3195 3196/3196 3197/3197
f 3198/3198 3195/3195 3199/3199
f 3199/3199 3200/3200 3198/3198
f 3198/3198 3196/3196 3195/3195
f 3201/3201 3202/3202 3203/3203
f 3204/3204 3205/3205 3202/3202
f 3204/3204 3206/3206 3205/3205
f 3202/3202 3201/3201 3204/3204
f 3207/3207 3208/3208 3209/3209
f 3206/3206 3204/3204 3207/3207
f 3209/3209 3206/3206 3207/3207
f 3203/3203 3195/3195 3201/3201
f 3208/3208 3210/3210 3211/3211
f 3211/3211 3212/3212 3213/3213
f 3211/3211 3210/3210 3212/3212
f 3213/3213 3214/3214 3211/3211
f 3211/3211 3215/3215 3208/3208
f 3213/3213 3216/3216 3217/3217
f 3217/3217 3214/3214 3213/3213
f 3215/3215 3218/3218 3208/3208
f 3216/3216 3219/3219 3220/3220
f 3220/3220 3217/3217 3216/3216
f 3219/3219 3221/3221 3222/3222
f 3222/3222 3220/3220 3219/3219
f 3221/3221 3223/3223 3224/3224
f 3225/3225 3224/3224 3223/3223
f 3226/3226 3227/3227 3228/3228
f 3227/3227 3226/3226 3225/3225
f 3225/3225 3229/3229 3227/3227
f 3230/3230 3226/3226 3231/3231
f 3231/3231 3232/3232 3230/3230
f 3233/3233 3230/3230 3234/3234
f 3234/3234 3235/3235 3233/3233
f 3200/3200 3236/3236 3233/3233
f 3235/3235 3200/3200 3233/3233
f 3232/3232 3234/3234 3230/3230
f 3200/3200 3199/3199 3236/3236
f 3228/3228 3231/3231 3226/3226
f 3223/3223 3229/3229 3225/3225
f 3224/3224 3222/3222 3221/3221
f 3218/3218 3209/3209 3208/3208
f 3197/3197 3201/3201 3195/3195
f 3237/3237 3238/3238 3239/3239
f 3239/3239 3240/3240 3237/3237
f 3241/3241 3242/3242 3243/3243
f 3243/3243 3244/3244 3241/3241
f 3245/3245 3246/3246 3247/3247
f 3247/3247 3248/3248 3245/3245
f 3249/3249 3250/3250 3251/3251
f 3251/3251 3252/3252 3249/3249
f 3253/3253 3254/3254 3255/3255
f 3256/3256 3257/3257 3253/3253
f 3253/3253 3258/3258 3256/3256
f 3255/3255 3258/3258 3253/3253
f 3259/3259 3260/3260 3261/3261
f 3261/3261 3262/3262 3259/3259
f 3263/3263 3264/3264 3265/3265
f 3265/3265 3266/3266 3263/3263
f 3265/3265 3267/3267 3266/3266
f 3268/3268 3269/3269 3270/3270
f 3268/3268 3271/3271 3272/3272
f 3272/3272 3273/3273 3268/3268
f 3270/3270 3271/3271 3268/3268
f 3274/3274 3275/3275 3276/3276
f 3276/3276 3277/3277 3274/3274
f 3278/3278 3279/3279 3280/3280
f 3280/3280 3281/3281 3278/3278
f 3282/3282 3283/3283 3284/3284
f 3283/3283 3285/3285 3284/3284
f 3284/3284 3286/3286 3282/3282
f 3287/3287 3288/3288 3289/3289
f 3289/3289 3290/3290 3287/3287
f 3291/3291 3292/3292 3293/3293
f 3293/3293 3292/3292 3294/3294
f 3292/3292 3295/3295 3294/3294
f 3294/3294 3296/3296 3293/3293
f 3293/3293 3297/3297 3291/3291
f 3298/3298 3299/3299 3300/3300
f 3300/3300 3301/3301 3298/3298
f 3302/3302 3303/3303 3304/3304
f 3304/3304 3305/3305 3302/3302
f 3304/3304 3306/3306 3305/3305
f 3307/3307 3308/3308 3309/3309
f 3307/3307 3310/3310 3311/3311
f 3311/3311 3312/3312 3307/3307
f 3309/3309 3310/3310 3307/3307
f 3313/3313 3314/3314 3315/3315
f 3315/3315 3316/3316 3313/3313
f 3317/3317 3318/3318 3319/3319
f 3318/3318 3320/3320 3319/3319
f 3319/3319 3321/3321 3317/3317
f 3322/3322 3323/3323 3324/3324
f 3323/3323 3325/3325 3324/3324
f 3324/3324 3326/3326 3322/3322
f 3327/3327 3328/3328 3329/3329
f 3329/3329 3330/3330 3327/3327
f 3331/3331 3332/3332 3333/3333
f 3333/3333 3332/3332 3334/3334
f 3334/3334 3335/3335 3333/3333
f 3335/3335 3336/3336 3333/3333
f 3333/3333 3337/3337 3331/3331
f 3338/3338 3339/3339 3340/3340
f 3340/3340 3341/3341 3338/3338
f 3342/3342 3343/3343 3344/3344
f 3344/3344 3345/3345 3342/3342
f 3344/3344 3346/3346 3345/3345
f 3347/3347 3348/3348 3349/3349
f 3347/3347 3350/3350 3351/3351
f 3351/3351 3352/3352 3347/3347
f 3349/3349 3350/3350 3347/3347
f 3353/3353 3354/3354 3355/3355
f 3355/3355 3356/3356 3353/3353
f 3357/3357 3358/3358 3359/3359
f 3359/3359 3360/3360 3357/3357
f 3361/3361 3362/3362 3363/3363
f 3362/3362 3364/3364 3363/3363
f 3363/3363 3365/3365 3361/3361
f 3366/3366 3367/3367 3368/3368
f 3368/3368 3369/3369 3366/3366
f 3370/3370 3371/3371 3372/3372
f 3373/3373 3374/3374 3372/3372
f 3372/3372 3371/3371 3373/3373
f 3372/3372 3375/3375 3370/3370
f 3376/3376 3377/3377 3378/3378
f 3378/3378 3379/3379 3376/3376
f 3380/3380 3381/3381 3382/3382
f 3382/3382 3383/3383 3380/3380
f 3382/3382 3384/3384 3383/3383
f 3385/3385 3386/3386 3387/3387
f 3385/3385 3388/3388 3389/3389
f 3389/3389 3390/3390 3385/3385
f 3387/3387 3388/3388 3385/3385
f 3391/3391 3392/3392 3393/3393
f 3393/3393 3394/3394 3391/3391
f 3395/3395 3396/3396 3397/3397
f 3396/3396 3398/3398 3397/3397
f 3397/3397 3399/3399 3395/3395
f 3400/3400 3401/3401 3402/3402
f 3401/3401 3403/3403 3402/3402
f 3402/3402 3404/3404 3400/3400
f 3405/3405 3406/3406 3407/3407
f 3407/3407 3408/3408 3405/3405
f 3409/3409 3410/3410 3411/3411
f 3411/3411 3412/3412 3409/3409
f 3411/3411 3413/3413 3412/3412
f 3414/3414 3415/3415 3416/3416
f 3417/3417 3418/3418 3419/3419
f 3418/3418 3417/3417 3420/3420
f 3420/3420 3421/3421 3418/3418
f 3419/3419 3416/3416 3417/3417
f 3420/3420 3422/3422 3423/3423
f 3420/3420 3424/3424 3422/3422
f 3420/3420 3425/3425 3424/3424
f 3426/3426 3427/3427 3428/3428
f 3426/3426 3420/3420 3427/3427
f 3428/3428 3429/3429 3426/3426
f 3429/3429 3430/3430 3431/3431
f 3429/3429 3428/3428 3430/3430
f 3431/3431 3432/3432 3429/3429
f 3432/3432 3433/3433 3434/3434
f 3432/3432 3431/3431 3433/3433
f 3434/3434 3435/3435 3432/3432
f 3426/3426 3425/3425 3420/3420
f 3436/3436 3437/3437 3438/3438
f 3435/3435 3434/3434 3436/3436
f 3438/3438 3435/3435 3436/3436
f 3437/3437 3439/3439 3440/3440
f 3440/3440 3438/3438 3437/3437
f 3441/3441 3442/3442 3443/3443
f 3444/3444 3442/3442 3441/3441
f 3441/3441 3445/3445 3444/3444
f 3446/3446 3444/3444 3447/3447
f 3447/3447 3448/3448 3446/3446
f 3449/3449 3446/3446 3450/3450
f 3421/3421 3451/3451 3449/3449
f 3450/3450 3421/3421 3449/3449
f 3448/3448 3450/3450 3446/3446
f 3421/3421 3423/3423 3452/3452
f 3452/3452 3453/3453 3421/3421
f 3453/3453 3451/3451 3421/3421
f 3445/3445 3447/3447 3444/3444
f 3443/3443 3439/3439 3441/3441
f 3443/3443 3440/3440 3439/3439
f 3423/3423 3421/3421 3420/3420
f 3416/3416 3419/3419 3414/3414
f 3454/3454 3455/3455 3456/3456
f 3457/3457 3458/3458 3455/3455
f 3459/3459 3460/3460 3458/3458
f 3461/3461 3462/3462 3460/3460
f 3463/3463 3464/3464 3462/3462
f 3465/3465 3466/3466 3464/3464
f 3467/3467 3468/3468 3466/3466
f 3469/3469 3470/3470 3471/3471
f 3472/3472 3471/3471 3468/3468
f 3468/3468 3467/3467 3472/3472
f 3473/3473 3474/3474 3475/3475
f 3469/3469 3473/3473 3476/3476
f 3476/3476 3470/3470 3469/3469
f 3474/3474 3477/3477 3478/3478
f 3477/3477 3479/3479 3480/3480
f 3479/3479 3481/3481 3482/3482
f 3481/3481 3483/3483 3484/3484
f 3483/3483 3485/3485 3486/3486
f 3485/3485 3487/3487 3488/3488
f 3487/3487 3489/3489 3456/3456
f 3456/3456 3488/3488 3487/3487
f 3488/3488 3486/3486 3485/3485
f 3486/3486 3484/3484 3483/3483
f 3484/3484 3482/3482 3481/3481
f 3482/3482 3480/3480 3479/3479
f 3480/3480 3478/3478 3477/3477
f 3478/3478 3475/3475 3474/3474
f 3475/3475 3476/3476 3473/3473
f 3471/3471 3472/3472 3469/3469
f 3466/3466 3465/3465 3467/3467
f 3464/3464 3463/3463 3465/3465
f 3462/3462 3461/3461 3463/3463
f 3460/3460 3459/3459 3461/3461
f 3458/3458 3457/3457 3459/3459
f 3455/3455 3454/3454 3457/3457
f 3456/3456 3489/3489 3454/3454
f 3490/3490 3491/3491 3492/3492
f 3492/3492 3493/3493 3490/3490
f 3494/3494 3495/3495 3496/3496
f 3497/3497 3498/3498 3499/3499
f 3499/3499 3496/3496 3497/3497
f 3500/3500 3501/3501 3502/3502
f 3495/3495 3494/3494 3503/3503
f 3503/3503 3502/3502 3495/3495
f 3504/3504 3505/3505 3506/3506
f 3501/3501 3500/3500 3507/3507
f 3507/3507 3506/3506 3501/3501
f 3508/3508 3509/3509 3510/3510
f 3508/3508 3511/3511 3512/3512
f 3512/3512 3509/3509 3508/3508
f 3505/3505 3504/3504 3513/3513
f 3513/3513 3510/3510 3505/3505
f 3510/3510 3513/3513 3508/3508
f 3506/3506 3507/3507 3504/3504
f 3502/3502 3503/3503 3500/3500
f 3496/3496 3499/3499 3494/3494
f 3514/3514 3515/3515 3516/3516
f 3515/3515 3514/3514 3517/3517
f 3517/3517 3518/3518 3515/3515
f 3518/3518 3519/3519 3515/3515
f 3520/3520 3521/3521 3522/3522
f 3523/3523 3516/3516 3521/3521
f 3521/3521 3520/3520 3523/3523
f 3524/3524 3525/3525 3526/3526
f 3525/3525 3522/3522 3526/3526
f 3524/3524 3527/3527 3528/3528
f 3528/3528 3529/3529 3524/3524
f 3526/3526 3527/3527 3524/3524
f 3522/3522 3525/3525 3520/3520
f 3516/3516 3523/3523 3514/3514
f 3530/3530 3531/3531 3532/3532
f 3533/3533 3534/3534 3531/3531
f 3535/3535 3536/3536 3537/3537
f 3535/3535 3534/3534 3533/3533
f 3533/3533 3536/3536 3535/3535
f 3538/3538 3535/3535 3539/3539
f 3539/3539 3540/3540 3538/3538
f 3541/3541 3538/3538 3542/3542
f 3542/3542 3543/3543 3541/3541
f 3544/3544 3545/3545 3541/3541
f 3543/3543 3544/3544 3541/3541
f 3540/3540 3542/3542 3538/3538
f 3544/3544 3546/3546 3547/3547
f 3547/3547 3548/3548 3544/3544
f 3546/3546 3549/3549 3550/3550
f 3550/3550 3547/3547 3546/3546
f 3548/3548 3551/3551 3544/3544
f 3546/3546 3552/3552 3549/3549
f 3551/3551 3545/3545 3544/3544
f 3553/3553 3546/3546 3554/3554
f 3554/3554 3555/3555 3553/3553
f 3555/3555 3556/3556 3557/3557
f 3555/3555 3554/3554 3556/3556
f 3557/3557 3558/3558 3555/3555
f 3557/3557 3559/3559 3560/3560
f 3560/3560 3558/3558 3557/3557
f 3553/3553 3552/3552 3546/3546
f 3537/3537 3539/3539 3535/3535
f 3559/3559 3561/3561 3562/3562
f 3562/3562 3560/3560 3559/3559
f 3531/3531 3530/3530 3533/3533
f 3561/3561 3532/3532 3562/3562
f 3563/3563 3546/3546 3544/3544
f 3564/3564 3565/3565 3563/3563
f 3564/3564 3566/3566 3567/3567
f 3567/3567 3565/3565 3564/3564
f 3568/3568 3567/3567 3566/3566
f 3566/3566 3569/3569 3568/3568
f 3544/3544 3564/3564 3563/3563
f 3532/3532 3561/3561 3530/3530
f 3570/3570 3571/3571 3572/3572
f 3572/3572 3573/3573 3570/3570
f 3573/3573 3574/3574 3575/3575
f 3575/3575 3576/3576 3573/3573
f 3576/3576 3577/3577 3578/3578
f 3578/3578 3579/3579 3576/3576
f 3580/3580 3581/3581 3582/3582
f 3580/3580 3583/3583 3581/3581
f 3580/3580 3584/3584 3583/3583
f 3585/3585 3586/3586 3584/3584
f 3584/3584 3587/3587 3588/3588
f 3584/3584 3580/3580 3587/3587
f 3584/3584 3588/3588 3585/3585
f 3589/3589 3590/3590 3586/3586
f 3586/3586 3585/3585 3589/3589
f 3582/3582 3591/3591 3580/3580
f 3592/3592 3593/3593 3594/3594
f 3594/3594 3595/3595 3592/3592
f 3589/3589 3593/3593 3592/3592
f 3592/3592 3596/3596 3589/3589
f 3594/3594 3597/3597 3595/3595
f 3597/3597 3598/3598 3595/3595
f 3598/3598 3597/3597 3599/3599
f 3599/3599 3600/3600 3598/3598
f 3601/3601 3602/3602 3600/3600
f 3603/3603 3604/3604 3602/3602
f 3602/3602 3601/3601 3603/3603
f 3605/3605 3606/3606 3607/3607
f 3607/3607 3570/3570 3605/3605
f 3608/3608 3609/3609 3610/3610
f 3608/3608 3611/3611 3609/3609
f 3610/3610 3603/3603 3608/3608
f 3610/3610 3612/3612 3603/3603
f 3612/3612 3604/3604 3603/3603
f 3607/3607 3571/3571 3570/3570
f 3599/3599 3601/3601 3600/3600
f 3596/3596 3590/3590 3589/3589
f 3591/3591 3579/3579 3580/3580
f 3578/3578 3580/3580 3579/3579
f 3575/3575 3577/3577 3576/3576
f 3572/3572 3574/3574 3573/3573
f 3613/3613 3614/3614 3615/3615
f 3614/3614 3616/3616 3615/3615
f 3614/3614 3617/3617 3618/3618
f 3618/3618 3616/3616 3614/3614
f 3617/3617 3619/3619 3618/3618
f 3620/3620 3621/3621 3622/3622
f 3622/3622 3623/3623 3620/3620
f 3620/3620 3624/3624 3621/3621
f 3625/3625 3626/3626 3623/3623
f 3627/3627 3626/3626 3625/3625
f 3625/3625 3613/3613 3627/3627
f 3628/3628 3629/3629 3630/3630
f 3631/3631 3630/3630 3629/3629
f 3629/3629 3632/3632 3631/3631
f 3620/3620 3631/3631 3633/3633
f 3631/3631 3632/3632 3633/3633
f 3633/3633 3624/3624 3620/3620
f 3634/3634 3635/3635 3636/3636
f 3636/3636 3637/3637 3634/3634
f 3638/3638 3635/3635 3639/3639
f 3635/3635 3634/3634 3639/3639
f 3640/3640 3641/3641 3642/3642
f 3638/3638 3643/3643 3644/3644
f 3644/3644 3642/3642 3638/3638
f 3638/3638 3645/3645 3643/3643
f 3646/3646 3647/3647 3648/3648
f 3619/3619 3617/3617 3647/3647
f 3647/3647 3646/3646 3619/3619
f 3640/3640 3649/3649 3650/3650
f 3651/3651 3650/3650 3649/3649
f 3649/3649 3652/3652 3651/3651
f 3650/3650 3641/3641 3640/3640
f 3648/3648 3653/3653 3646/3646
f 3642/3642 3644/3644 3640/3640
f 3639/3639 3645/3645 3638/3638
f 3636/3636 3628/3628 3637/3637
f 3630/3630 3637/3637 3628/3628
f 3622/3622 3625/3625 3623/3623
f 3615/3615 3627/3627 3613/3613
f 3654/3654 3655/3655 3656/3656
f 3655/3655 3657/3657 3658/3658
f 3657/3657 3659/3659 3660/3660
f 3659/3659 3661/3661 3662/3662
f 3661/3661 3663/3663 3664/3664
f 3663/3663 3665/3665 3666/3666
f 3665/3665 3667/3667 3668/3668
f 3667/3667 3669/3669 3670/3670
f 3671/3671 3672/3672 3670/3670
f 3673/3673 3674/3674 3672/3672
f 3675/3675 3676/3676 3674/3674
f 3677/3677 3678/3678 3676/3676
f 3679/3679 3680/3680 3678/3678
f 3681/3681 3682/3682 3680/3680
f 3683/3683 3684/3684 3682/3682
f 3654/3654 3685/3685 3684/3684
f 3684/3684 3683/3683 3654/3654
f 3682/3682 3681/3681 3683/3683
f 3680/3680 3679/3679 3681/3681
f 3678/3678 3677/3677 3679/3679
f 3676/3676 3675/3675 3677/3677
f 3674/3674 3673/3673 3675/3675
f 3672/3672 3671/3671 3673/3673
f 3670/3670 3669/3669 3671/3671
f 3670/3670 3668/3668 3667/3667
f 3668/3668 3666/3666 3665/3665
f 3666/3666 3664/3664 3663/3663
f 3664/3664 3662/3662 3661/3661
f 3662/3662 3660/3660 3659/3659
f 3660/3660 3658/3658 3657/3657
f 3658/3658 3656/3656 3655/3655
f 3656/3656 3685/3685 3654/3654
f 3686/3686 3687/3687 3688/3688
f 3686/3686 3689/3689 3687/3687
f 3686/3686 3690/3690 3689/3689
f 3688/3688 3691/3691 3692/3692
f 3691/3691 3693/3693 3692/3692
f 3691/3691 3694/3694 3693/3693
f 3692/3692 3695/3695 3688/3688
f 3691/3691 3696/3696 3694/3694
f 3695/3695 3697/3697 3688/3688
f 3688/3688 3697/3697 3686/3686
f 3691/3691 3698/3698 3696/3696
f 3699/3699 3700/3700 3698/3698
f 3701/3701 3699/3699 3702/3702
f 3703/3703 3704/3704 3705/3705
f 3705/3705 3702/3702 3703/3703
f 3705/3705 3706/3706 3702/3702
f 3703/3703 3707/3707 3704/3704
f 3702/3702 3706/3706 3701/3701
f 3708/3708 3707/3707 3703/3703
f 3703/3703 3709/3709 3708/3708
f 3709/3709 3710/3710 3708/3708
f 3710/3710 3690/3690 3711/3711
f 3711/3711 3708/3708 3710/3710
f 3701/3701 3700/3700 3699/3699
f 3698/3698 3691/3691 3699/3699
f 3691/3691 3712/3712 3713/3713
f 3691/3691 3714/3714 3712/3712
f 3691/3691 3715/3715 3716/3716
f 3715/3715 3717/3717 3716/3716
f 3715/3715 3718/3718 3717/3717
f 3716/3716 3719/3719 3691/3691
f 3720/3720 3718/3718 3715/3715
f 3715/3715 3721/3721 3720/3720
f 3722/3722 3723/3723 3724/3724
f 3725/3725 3726/3726 3723/3723
f 3725/3725 3727/3727 3726/3726
f 3723/3723 3722/3722 3725/3725
f 3727/3727 3725/3725 3728/3728
f 3728/3728 3729/3729 3727/3727
f 3724/3724 3720/3720 3722/3722
f 3721/3721 3722/3722 3720/3720
f 3729/3729 3728/3728 3730/3730
f 3731/3731 3732/3732 3733/3733
f 3733/3733 3730/3730 3731/3731
f 3733/3733 3734/3734 3730/3730
f 3731/3731 3735/3735 3732/3732
f 3730/3730 3734/3734 3729/3729
f 3719/3719 3714/3714 3691/3691
f 3736/3736 3735/3735 3731/3731
f 3699/3699 3691/3691 3737/3737
f 3737/3737 3738/3738 3699/3699
f 3738/3738 3736/3736 3699/3699
f 3731/3731 3699/3699 3736/3736
f 3713/3713 3737/3737 3691/3691
f 3686/3686 3711/3711 3690/3690
f 3739/3739 3740/3740 3741/3741
f 3742/3742 3739/3739 3743/3743
f 3743/3743 3744/3744 3742/3742
f 3740/3740 3745/3745 3746/3746
f 3745/3745 3747/3747 3748/3748
f 3747/3747 3749/3749 3750/3750
f 3749/3749 3751/3751 3752/3752
f 3751/3751 3753/3753 3754/3754
f 3753/3753 3755/3755 3756/3756
f 3755/3755 3757/3757 3758/3758
f 3757/3757 3759/3759 3760/3760
f 3760/3760 3758/3758 3757/3757
f 3761/3761 3762/3762 3760/3760
f 3763/3763 3764/3764 3762/3762
f 3762/3762 3761/3761 3763/3763
f 3765/3765 3766/3766 3764/3764
f 3767/3767 3768/3768 3766/3766
f 3769/3769 3770/3770 3768/3768
f 3771/3771 3772/3772 3770/3770
f 3773/3773 3774/3774 3772/3772
f 3775/3775 3776/3776 3774/3774
f 3777/3777 3778/3778 3742/3742
f 3778/3778 3777/3777 3776/3776
f 3776/3776 3775/3775 3778/3778
f 3742/3742 3744/3744 3777/3777
f 3774/3774 3773/3773 3775/3775
f 3772/3772 3771/3771 3773/3773
f 3770/3770 3769/3769 3771/3771
f 3768/3768 3767/3767 3769/3769
f 3766/3766 3765/3765 3767/3767
f 3764/3764 3763/3763 3765/3765
f 3760/3760 3759/3759 3761/3761
f 3758/3758 3756/3756 3755/3755
f 3756/3756 3754/3754 3753/3753
f 3754/3754 3752/3752 3751/3751
f 3752/3752 3750/3750 3749/3749
f 3750/3750 3748/3748 3747/3747
f 3748/3748 3746/3746 3745/3745
f 3746/3746 3741/3741 3740/3740
f 3741/3741 3743/3743 3739/3739

