# https://github.com/mikedh/trimesh
mtllib material.mtl
usemtl 0.117647_0.117647_0.117647_0.000000_0.000000
v 0.49797270 0.02900000 0.35493410
v 0.49583882 0.02900000 0.35581797
v 0.49593398 0.02900000 0.35629633
v 0.49620494 0.02900000 0.35493410
v 0.49593398 0.02900000 0.35533965
v 0.49756718 0.02900000 0.35466313
v 0.49620494 0.02900000 0.35670188
v 0.49833882 0.02900000 0.35581797
v 0.49824369 0.02900000 0.35533965
v 0.49797270 0.02900000 0.35670188
v 0.49824369 0.02900000 0.35629633
v 0.49661046 0.02900000 0.35697284
v 0.49708882 0.02900000 0.35456797
v 0.49708882 0.02900000 0.35706797
v 0.49661046 0.02900000 0.35466313
v 0.49756718 0.02900000 0.35697284
v 0.49593398 0.02900000 0.35629633
v 0.49583882 0.02900000 0.35581797
v 0.49583882 0.03199999 0.35581797
v 0.49620494 0.02900000 0.35670188
v 0.49593398 0.03199999 0.35629633
v 0.49661046 0.02900000 0.35697284
v 0.49620494 0.03199999 0.35670188
v 0.49708882 0.02900000 0.35706797
v 0.49661046 0.03199999 0.35697284
v 0.49756718 0.02900000 0.35697284
v 0.49708882 0.03199999 0.35706797
v 0.49797270 0.02900000 0.35670188
v 0.49756718 0.03199999 0.35697284
v 0.49824369 0.02900000 0.35629633
v 0.49797270 0.03199999 0.35670188
v 0.49833882 0.02900000 0.35581797
v 0.49824369 0.03199999 0.35629633
v 0.49833882 0.03199999 0.35581797
v 0.49824369 0.02900000 0.35533965
v 0.49833882 0.02900000 0.35581797
v 0.49833882 0.03199999 0.35581797
v 0.49797270 0.02900000 0.35493410
v 0.49824369 0.03199999 0.35533965
v 0.49756718 0.02900000 0.35466313
v 0.49797270 0.03199999 0.35493410
v 0.49708882 0.02900000 0.35456797
v 0.49756718 0.03199999 0.35466313
v 0.49661046 0.02900000 0.35466313
v 0.49708882 0.03199999 0.35456797
v 0.49620494 0.02900000 0.35493410
v 0.49661046 0.03199999 0.35466313
v 0.49593398 0.02900000 0.35533965
v 0.49620494 0.03199999 0.35493410
v 0.49583882 0.02900000 0.35581797
v 0.49593398 0.03199999 0.35533965
v 0.49583882 0.03199999 0.35581797
v 0.54693395 0.02900000 0.32589477
v 0.54897273 0.02900000 0.32548925
v 0.54856718 0.02900000 0.32521826
v 0.54924369 0.02900000 0.32685149
v 0.54720497 0.02900000 0.32725701
v 0.54761046 0.02900000 0.32752797
v 0.54808885 0.02900000 0.32512313
v 0.54761046 0.02900000 0.32521826
v 0.54720497 0.02900000 0.32548925
v 0.54924369 0.02900000 0.32589477
v 0.54808885 0.02900000 0.32762313
v 0.54856718 0.02900000 0.32752797
v 0.54897273 0.02900000 0.32725701
v 0.54693395 0.02900000 0.32685149
v 0.54683882 0.02900000 0.32637313
v 0.54933882 0.02900000 0.32637313
v 0.54693395 0.02900000 0.32685149
v 0.54683882 0.02900000 0.32637313
v 0.54683882 0.03199999 0.32637313
v 0.54720497 0.02900000 0.32725701
v 0.54693395 0.03199999 0.32685149
v 0.54761046 0.02900000 0.32752797
v 0.54720497 0.03199999 0.32725701
v 0.54808885 0.02900000 0.32762313
v 0.54761046 0.03199999 0.32752797
v 0.54856718 0.02900000 0.32752797
v 0.54808885 0.03199999 0.32762313
v 0.54897273 0.02900000 0.32725701
v 0.54856718 0.03199999 0.32752797
v 0.54924369 0.02900000 0.32685149
v 0.54897273 0.03199999 0.32725701
v 0.54933882 0.02900000 0.32637313
v 0.54924369 0.03199999 0.32685149
v 0.54933882 0.03199999 0.32637313
v 0.54924369 0.02900000 0.32589477
v 0.54933882 0.02900000 0.32637313
v 0.54933882 0.03199999 0.32637313
v 0.54897273 0.02900000 0.32548925
v 0.54924369 0.03199999 0.32589477
v 0.54856718 0.02900000 0.32521826
v 0.54897273 0.03199999 0.32548925
v 0.54808885 0.02900000 0.32512313
v 0.54856718 0.03199999 0.32521826
v 0.54761046 0.02900000 0.32521826
v 0.54808885 0.03199999 0.32512313
v 0.54720497 0.02900000 0.32548925
v 0.54761046 0.03199999 0.32521826
v 0.54693395 0.02900000 0.32589477
v 0.54720497 0.03199999 0.32548925
v 0.54683882 0.02900000 0.32637313
v 0.54693395 0.03199999 0.32589477
v 0.54683882 0.03199999 0.32637313
v 0.54693395 0.02900000 0.38478449
v 0.54897273 0.02900000 0.38437897
v 0.54856718 0.02900000 0.38410801
v 0.54924369 0.02900000 0.38574120
v 0.54720497 0.02900000 0.38614672
v 0.54761046 0.02900000 0.38641769
v 0.54808885 0.02900000 0.38401285
v 0.54761046 0.02900000 0.38410801
v 0.54720497 0.02900000 0.38437897
v 0.54924369 0.02900000 0.38478449
v 0.54808885 0.02900000 0.38651285
v 0.54856718 0.02900000 0.38641769
v 0.54897273 0.02900000 0.38614672
v 0.54693395 0.02900000 0.38574120
v 0.54683882 0.02900000 0.38526285
v 0.54933882 0.02900000 0.38526285
v 0.54693395 0.02900000 0.38574120
v 0.54683882 0.02900000 0.38526285
v 0.54683882 0.03199999 0.38526285
v 0.54720497 0.02900000 0.38614672
v 0.54705036 0.03199999 0.38591543
v 0.54693395 0.03199999 0.38574120
v 0.54761046 0.02900000 0.38641769
v 0.54720497 0.03199999 0.38614672
v 0.54808885 0.02900000 0.38651285
v 0.54761046 0.03199999 0.38641769
v 0.54856718 0.02900000 0.38641769
v 0.54808885 0.03199999 0.38651285
v 0.54897273 0.02900000 0.38614672
v 0.54856718 0.03199999 0.38641769
v 0.54897273 0.03199999 0.38614672
v 0.54912728 0.03199999 0.38591543
v 0.54924369 0.02900000 0.38574120
v 0.54933882 0.02900000 0.38526285
v 0.54924369 0.03199999 0.38574120
v 0.54933882 0.03199999 0.38526285
v 0.54924369 0.02900000 0.38478449
v 0.54933882 0.02900000 0.38526285
v 0.54933882 0.03199999 0.38526285
v 0.54897273 0.02900000 0.38437897
v 0.54924369 0.03199999 0.38478449
v 0.54856718 0.02900000 0.38410801
v 0.54897273 0.03199999 0.38437897
v 0.54808885 0.02900000 0.38401285
v 0.54856718 0.03199999 0.38410801
v 0.54761046 0.02900000 0.38410801
v 0.54808885 0.03199999 0.38401285
v 0.54720497 0.02900000 0.38437897
v 0.54761046 0.03199999 0.38410801
v 0.54693395 0.02900000 0.38478449
v 0.54720497 0.03199999 0.38437897
v 0.54683882 0.02900000 0.38526285
v 0.54693395 0.03199999 0.38478449
v 0.54683882 0.03199999 0.38526285
v 0.56393397 0.02900000 0.35533965
v 0.56597269 0.02900000 0.35493410
v 0.56556720 0.02900000 0.35466313
v 0.56624365 0.02900000 0.35629633
v 0.56420493 0.02900000 0.35670188
v 0.56461048 0.02900000 0.35697284
v 0.56508881 0.02900000 0.35456797
v 0.56461048 0.02900000 0.35466313
v 0.56420493 0.02900000 0.35493410
v 0.56624365 0.02900000 0.35533965
v 0.56508881 0.02900000 0.35706797
v 0.56556720 0.02900000 0.35697284
v 0.56597269 0.02900000 0.35670188
v 0.56393397 0.02900000 0.35629633
v 0.56383884 0.02900000 0.35581797
v 0.56633884 0.02900000 0.35581797
v 0.56393397 0.02900000 0.35629633
v 0.56383884 0.02900000 0.35581797
v 0.56383884 0.03199999 0.35581797
v 0.56420493 0.02900000 0.35670188
v 0.56393397 0.03199999 0.35629633
v 0.56461048 0.02900000 0.35697284
v 0.56420493 0.03199999 0.35670188
v 0.56508881 0.02900000 0.35706797
v 0.56461048 0.03199999 0.35697284
v 0.56556720 0.02900000 0.35697284
v 0.56508881 0.03199999 0.35706797
v 0.56597269 0.02900000 0.35670188
v 0.56556720 0.03199999 0.35697284
v 0.56624365 0.02900000 0.35629633
v 0.56597269 0.03199999 0.35670188
v 0.56633884 0.02900000 0.35581797
v 0.56624365 0.03199999 0.35629633
v 0.56633884 0.03199999 0.35581797
v 0.56624365 0.02900000 0.35533965
v 0.56633884 0.02900000 0.35581797
v 0.56633884 0.03199999 0.35581797
v 0.56597269 0.02900000 0.35493410
v 0.56624365 0.03199999 0.35533965
v 0.56556720 0.02900000 0.35466313
v 0.56597269 0.03199999 0.35493410
v 0.56508881 0.02900000 0.35456797
v 0.56556720 0.03199999 0.35466313
v 0.56461048 0.02900000 0.35466313
v 0.56508881 0.03199999 0.35456797
v 0.56420493 0.02900000 0.35493410
v 0.56461048 0.03199999 0.35466313
v 0.56393397 0.02900000 0.35533965
v 0.56420493 0.03199999 0.35493410
v 0.56383884 0.02900000 0.35581797
v 0.56393397 0.03199999 0.35533965
v 0.56383884 0.03199999 0.35581797
v 0.51293397 0.02900000 0.32589477
v 0.51497269 0.02900000 0.32548925
v 0.51456720 0.02900000 0.32521826
v 0.51524365 0.02900000 0.32685149
v 0.51320493 0.02900000 0.32725701
v 0.51361048 0.02900000 0.32752797
v 0.51408881 0.02900000 0.32512313
v 0.51361048 0.02900000 0.32521826
v 0.51320493 0.02900000 0.32548925
v 0.51524365 0.02900000 0.32589477
v 0.51408881 0.02900000 0.32762313
v 0.51456720 0.02900000 0.32752797
v 0.51497269 0.02900000 0.32725701
v 0.51293397 0.02900000 0.32685149
v 0.51283884 0.02900000 0.32637313
v 0.51533884 0.02900000 0.32637313
v 0.51293397 0.02900000 0.32685149
v 0.51283884 0.02900000 0.32637313
v 0.51283884 0.03199999 0.32637313
v 0.51320493 0.02900000 0.32725701
v 0.51293397 0.03199999 0.32685149
v 0.51361048 0.02900000 0.32752797
v 0.51320493 0.03199999 0.32725701
v 0.51408881 0.02900000 0.32762313
v 0.51361048 0.03199999 0.32752797
v 0.51456720 0.02900000 0.32752797
v 0.51408881 0.03199999 0.32762313
v 0.51497269 0.02900000 0.32725701
v 0.51456720 0.03199999 0.32752797
v 0.51524365 0.02900000 0.32685149
v 0.51497269 0.03199999 0.32725701
v 0.51533884 0.02900000 0.32637313
v 0.51524365 0.03199999 0.32685149
v 0.51533884 0.03199999 0.32637313
v 0.51524365 0.02900000 0.32589477
v 0.51533884 0.02900000 0.32637313
v 0.51533884 0.03199999 0.32637313
v 0.51497269 0.02900000 0.32548925
v 0.51524365 0.03199999 0.32589477
v 0.51456720 0.02900000 0.32521826
v 0.51497269 0.03199999 0.32548925
v 0.51408881 0.02900000 0.32512313
v 0.51456720 0.03199999 0.32521826
v 0.51361048 0.02900000 0.32521826
v 0.51408881 0.03199999 0.32512313
v 0.51320493 0.02900000 0.32548925
v 0.51361048 0.03199999 0.32521826
v 0.51293397 0.02900000 0.32589477
v 0.51320493 0.03199999 0.32548925
v 0.51283884 0.02900000 0.32637313
v 0.51293397 0.03199999 0.32589477
v 0.51283884 0.03199999 0.32637313
v 0.51293397 0.02900000 0.38478449
v 0.51497269 0.02900000 0.38437897
v 0.51456720 0.02900000 0.38410801
v 0.51524365 0.02900000 0.38574120
v 0.51320493 0.02900000 0.38614672
v 0.51361048 0.02900000 0.38641769
v 0.51408881 0.02900000 0.38401285
v 0.51361048 0.02900000 0.38410801
v 0.51320493 0.02900000 0.38437897
v 0.51524365 0.02900000 0.38478449
v 0.51408881 0.02900000 0.38651285
v 0.51456720 0.02900000 0.38641769
v 0.51497269 0.02900000 0.38614672
v 0.51293397 0.02900000 0.38574120
v 0.51283884 0.02900000 0.38526285
v 0.51533884 0.02900000 0.38526285
v 0.51293397 0.02900000 0.38574120
v 0.51283884 0.02900000 0.38526285
v 0.51283884 0.03199999 0.38526285
v 0.51320493 0.02900000 0.38614672
v 0.51305038 0.03199999 0.38591543
v 0.51293397 0.03199999 0.38574120
v 0.51361048 0.02900000 0.38641769
v 0.51320493 0.03199999 0.38614672
v 0.51408881 0.02900000 0.38651285
v 0.51361048 0.03199999 0.38641769
v 0.51456720 0.02900000 0.38641769
v 0.51408881 0.03199999 0.38651285
v 0.51497269 0.02900000 0.38614672
v 0.51456720 0.03199999 0.38641769
v 0.51497269 0.03199999 0.38614672
v 0.51512724 0.03199999 0.38591543
v 0.51524365 0.02900000 0.38574120
v 0.51533884 0.02900000 0.38526285
v 0.51524365 0.03199999 0.38574120
v 0.51533884 0.03199999 0.38526285
v 0.51524365 0.02900000 0.38478449
v 0.51533884 0.02900000 0.38526285
v 0.51533884 0.03199999 0.38526285
v 0.51497269 0.02900000 0.38437897
v 0.51524365 0.03199999 0.38478449
v 0.51456720 0.02900000 0.38410801
v 0.51497269 0.03199999 0.38437897
v 0.51408881 0.02900000 0.38401285
v 0.51456720 0.03199999 0.38410801
v 0.51361048 0.02900000 0.38410801
v 0.51408881 0.03199999 0.38401285
v 0.51320493 0.02900000 0.38437897
v 0.51361048 0.03199999 0.38410801
v 0.51293397 0.02900000 0.38478449
v 0.51320493 0.03199999 0.38437897
v 0.51283884 0.02900000 0.38526285
v 0.51293397 0.03199999 0.38478449
v 0.51283884 0.03199999 0.38526285
v 0.55957764 0.04450000 0.35501984
v 0.53108883 0.04450000 0.38431799
v 0.54217941 0.04450000 0.38207152
v 0.51065606 0.04450000 0.37568635
v 0.51180047 0.04450000 0.33483681
v 0.50515616 0.04450000 0.34399652
v 0.55037719 0.04450000 0.33483681
v 0.54157692 0.04450000 0.32931799
v 0.55152160 0.04450000 0.37568635
v 0.51999825 0.04450000 0.38207152
v 0.50260001 0.04450000 0.35501984
v 0.52060074 0.04450000 0.32931799
v 0.55702150 0.04450000 0.34399652
v 0.55764270 0.04450000 0.36616898
v 0.50453496 0.04450000 0.36616898
v 0.55702150 0.04450000 0.34399652
v 0.55793142 0.04350000 0.34358174
v 0.55248153 0.04350000 0.33606863
v 0.55037719 0.04450000 0.33483681
v 0.55957764 0.04450000 0.35501984
v 0.56057727 0.04350000 0.35499182
v 0.55829734 0.04350000 0.34515986
v 0.55764270 0.04450000 0.36616898
v 0.55857438 0.04350000 0.36653218
v 0.56058884 0.04350000 0.35581797
v 0.55152160 0.04450000 0.37568635
v 0.55223852 0.04350000 0.37638348
v 0.55824518 0.04350000 0.36704406
v 0.54217941 0.04450000 0.38207152
v 0.54256856 0.04350000 0.38299271
v 0.55190378 0.04350000 0.37661228
v 0.54236996 0.04350000 0.38303295
v 0.53108883 0.04450000 0.38431799
v 0.53108883 0.04350000 0.38531798
v 0.51980764 0.04350000 0.38303295
v 0.51999825 0.04450000 0.38207152
v 0.51960909 0.04350000 0.38299271
v 0.51065606 0.04450000 0.37568635
v 0.51027387 0.04350000 0.37661228
v 0.50993913 0.04350000 0.37638348
v 0.50453496 0.04450000 0.36616898
v 0.50393248 0.04350000 0.36704406
v 0.50360328 0.04350000 0.36653218
v 0.50260001 0.04450000 0.35501984
v 0.50158882 0.04350000 0.35581797
v 0.50160038 0.04350000 0.35499182
v 0.50515616 0.04450000 0.34399652
v 0.50388032 0.04350000 0.34515986
v 0.50424623 0.04350000 0.34358174
v 0.51180047 0.04450000 0.33483681
v 0.50969613 0.04350000 0.33606863
v 0.51112372 0.04350000 0.33410063
v 0.51936960 0.04402431 0.32931799
v 0.51812732 0.04350000 0.32931799
v 0.52060074 0.04450000 0.32931799
v 0.55105394 0.04350000 0.33410063
v 0.54405034 0.04350000 0.32931799
v 0.54280806 0.04402431 0.32931799
v 0.54157692 0.04450000 0.32931799
v 0.53108883 0.03199999 0.32931799
v 0.51812732 0.03199999 0.32931799
v 0.51812732 0.04350000 0.32931799
v 0.54280806 0.04402431 0.32931799
v 0.54405034 0.04350000 0.32931799
v 0.52060074 0.04450000 0.32931799
v 0.54157692 0.04450000 0.32931799
v 0.51936960 0.04402431 0.32931799
v 0.54405034 0.03199999 0.32931799
v 0.55857146 0.03199999 0.34509629
v 0.55829734 0.04350000 0.34515986
v 0.56057727 0.04350000 0.35499182
v 0.56058884 0.03199999 0.35581797
v 0.55793142 0.04350000 0.34358174
v 0.55660349 0.03199999 0.34194300
v 0.55496383 0.03199999 0.33931571
v 0.55248153 0.04350000 0.33606863
v 0.55279529 0.03199999 0.33584100
v 0.54405034 0.03199999 0.32931799
v 0.54405034 0.04350000 0.32931799
v 0.55105394 0.04350000 0.33410063
v 0.56058884 0.04350000 0.35581797
v 0.51812732 0.03199999 0.32931799
v 0.50938237 0.03199999 0.33584100
v 0.51112372 0.04350000 0.33410063
v 0.50969613 0.04350000 0.33606863
v 0.50360620 0.03199999 0.34509629
v 0.50388032 0.04350000 0.34515986
v 0.50424623 0.04350000 0.34358174
v 0.50721383 0.03199999 0.33931571
v 0.50557417 0.03199999 0.34194300
v 0.50158882 0.03199999 0.35581797
v 0.50160038 0.04350000 0.35499182
v 0.50158882 0.04350000 0.35581797
v 0.51812732 0.04350000 0.32931799
v 0.50158882 0.03199999 0.35581797
v 0.50383437 0.03199999 0.36710715
v 0.50360328 0.04350000 0.36653218
v 0.50393248 0.04350000 0.36704406
v 0.50612843 0.03199999 0.37054041
v 0.50721383 0.03199999 0.37216485
v 0.50993913 0.04350000 0.37638348
v 0.51022917 0.03199999 0.37667763
v 0.51027387 0.04350000 0.37661228
v 0.51979965 0.03199999 0.38307244
v 0.51960909 0.04350000 0.38299271
v 0.51980764 0.04350000 0.38303295
v 0.53108883 0.03199999 0.38531798
v 0.53108883 0.04350000 0.38531798
v 0.54237801 0.03199999 0.38307244
v 0.55194849 0.03199999 0.37667763
v 0.55190378 0.04350000 0.37661228
v 0.54256856 0.04350000 0.38299271
v 0.55824518 0.04350000 0.36704406
v 0.55223852 0.04350000 0.37638348
v 0.55496383 0.03199999 0.37216485
v 0.55604923 0.03199999 0.37054041
v 0.55834329 0.03199999 0.36710715
v 0.56058884 0.03199999 0.35581797
v 0.56058884 0.04350000 0.35581797
v 0.55857438 0.04350000 0.36653218
v 0.54236996 0.04350000 0.38303295
v 0.50158882 0.04350000 0.35581797
v 0.56221384 0.03199999 0.34194300
v 0.55857146 0.03199999 0.34509629
v 0.56058884 0.03199999 0.35581797
v 0.55660349 0.03199999 0.34194300
v 0.56221384 0.03199999 0.37054041
v 0.55834329 0.03199999 0.36710715
v 0.49996382 0.03199999 0.34194300
v 0.49996382 0.03199999 0.37054041
v 0.50158882 0.03199999 0.35581797
v 0.50360620 0.03199999 0.34509629
v 0.50383437 0.03199999 0.36710715
v 0.50612843 0.03199999 0.37054041
v 0.53108883 0.03199999 0.32847056
v 0.50721383 0.03199999 0.32847056
v 0.51812732 0.03199999 0.32931799
v 0.50721383 0.03199999 0.33931571
v 0.50938237 0.03199999 0.33584100
v 0.55496383 0.03199999 0.32847056
v 0.54405034 0.03199999 0.32931799
v 0.55279529 0.03199999 0.33584100
v 0.53108883 0.03199999 0.32931799
v 0.54524809 0.03199999 0.39000154
v 0.54856718 0.03199999 0.38641769
v 0.54808885 0.03199999 0.38651285
v 0.54720497 0.03199999 0.38614672
v 0.54705036 0.03199999 0.38591543
v 0.54761046 0.03199999 0.38641769
v 0.55136341 0.03199999 0.38591543
v 0.54897273 0.03199999 0.38614672
v 0.53108883 0.03199999 0.38591543
v 0.53108883 0.03199999 0.39281797
v 0.54912728 0.03199999 0.38591543
v 0.55496383 0.03199999 0.38350970
v 0.55496383 0.03199999 0.37216485
v 0.54897273 0.03199999 0.38437897
v 0.54924369 0.03199999 0.38478449
v 0.55194849 0.03199999 0.37667763
v 0.54683882 0.03199999 0.38526285
v 0.54693395 0.03199999 0.38478449
v 0.54237801 0.03199999 0.38307244
v 0.54856718 0.03199999 0.38410801
v 0.54761046 0.03199999 0.38410801
v 0.54808885 0.03199999 0.38401285
v 0.54720497 0.03199999 0.38437897
v 0.53108883 0.03199999 0.38531798
v 0.54933882 0.03199999 0.38526285
v 0.54924369 0.03199999 0.38574120
v 0.54693395 0.03199999 0.38574120
v 0.56221384 0.03199999 0.37455469
v 0.55604923 0.03199999 0.37054041
v 0.55725175 0.03199999 0.38198093
v 0.56393397 0.03199999 0.35629633
v 0.56383884 0.03199999 0.35581797
v 0.56527239 0.03199999 0.36997727
v 0.56508881 0.03199999 0.35706797
v 0.56808883 0.03199999 0.35581797
v 0.56532890 0.03199999 0.34194300
v 0.56597269 0.03199999 0.35493410
v 0.56420493 0.03199999 0.35670188
v 0.56489611 0.03199999 0.37054041
v 0.56624365 0.03199999 0.35629633
v 0.56597269 0.03199999 0.35670188
v 0.56624365 0.03199999 0.35533965
v 0.56461048 0.03199999 0.35466313
v 0.56508881 0.03199999 0.35456797
v 0.56461048 0.03199999 0.35697284
v 0.56556720 0.03199999 0.35697284
v 0.56633884 0.03199999 0.35581797
v 0.56556720 0.03199999 0.35466313
v 0.56393397 0.03199999 0.35533965
v 0.56420493 0.03199999 0.35493410
v 0.56527239 0.03199999 0.34165871
v 0.56221384 0.03199999 0.33708125
v 0.55496383 0.03199999 0.33931571
v 0.55725175 0.03199999 0.32965502
v 0.55547905 0.03199999 0.32847056
v 0.54720497 0.03199999 0.32725701
v 0.54693395 0.03199999 0.32685149
v 0.54808885 0.03199999 0.32762313
v 0.54924369 0.03199999 0.32685149
v 0.55496383 0.03199999 0.32812628
v 0.54897273 0.03199999 0.32548925
v 0.54924369 0.03199999 0.32589477
v 0.54524809 0.03199999 0.32163444
v 0.54856718 0.03199999 0.32521826
v 0.54693395 0.03199999 0.32589477
v 0.54720497 0.03199999 0.32548925
v 0.53108883 0.03199999 0.31881797
v 0.54683882 0.03199999 0.32637313
v 0.54761046 0.03199999 0.32752797
v 0.54856718 0.03199999 0.32752797
v 0.54933882 0.03199999 0.32637313
v 0.54761046 0.03199999 0.32521826
v 0.54808885 0.03199999 0.32512313
v 0.54897273 0.03199999 0.32725701
v 0.51293397 0.03199999 0.32685149
v 0.51283884 0.03199999 0.32637313
v 0.50721383 0.03199999 0.32812628
v 0.51524365 0.03199999 0.32589477
v 0.51533884 0.03199999 0.32637313
v 0.51692957 0.03199999 0.32163444
v 0.51320493 0.03199999 0.32725701
v 0.51456720 0.03199999 0.32752797
v 0.51408881 0.03199999 0.32762313
v 0.51497269 0.03199999 0.32548925
v 0.51361048 0.03199999 0.32752797
v 0.51524365 0.03199999 0.32685149
v 0.51456720 0.03199999 0.32521826
v 0.51361048 0.03199999 0.32521826
v 0.51408881 0.03199999 0.32512313
v 0.51320493 0.03199999 0.32548925
v 0.51293397 0.03199999 0.32589477
v 0.51497269 0.03199999 0.32725701
v 0.49996382 0.03199999 0.33708125
v 0.50557417 0.03199999 0.34194300
v 0.50492585 0.03199999 0.32965502
v 0.50669855 0.03199999 0.32847056
v 0.49690530 0.03199999 0.34165871
v 0.49833882 0.03199999 0.35581797
v 0.49408883 0.03199999 0.35581797
v 0.49690530 0.03199999 0.36997727
v 0.49620494 0.03199999 0.35670188
v 0.49756718 0.03199999 0.35697284
v 0.49708882 0.03199999 0.35706797
v 0.49824369 0.03199999 0.35533965
v 0.49756718 0.03199999 0.35466313
v 0.49797270 0.03199999 0.35493410
v 0.49684873 0.03199999 0.34194300
v 0.49708882 0.03199999 0.35456797
v 0.49661046 0.03199999 0.35697284
v 0.49661046 0.03199999 0.35466313
v 0.49593398 0.03199999 0.35533965
v 0.49620494 0.03199999 0.35493410
v 0.49593398 0.03199999 0.35629633
v 0.49728155 0.03199999 0.37054041
v 0.49824369 0.03199999 0.35629633
v 0.49797270 0.03199999 0.35670188
v 0.49583882 0.03199999 0.35581797
v 0.49996382 0.03199999 0.37455469
v 0.50721383 0.03199999 0.37216485
v 0.50492585 0.03199999 0.38198093
v 0.51533884 0.03199999 0.38526285
v 0.51979965 0.03199999 0.38307244
v 0.51497269 0.03199999 0.38437897
v 0.51524365 0.03199999 0.38478449
v 0.51022917 0.03199999 0.37667763
v 0.51456720 0.03199999 0.38410801
v 0.50721383 0.03199999 0.38350970
v 0.51293397 0.03199999 0.38478449
v 0.51320493 0.03199999 0.38437897
v 0.51361048 0.03199999 0.38410801
v 0.51408881 0.03199999 0.38401285
v 0.51283884 0.03199999 0.38526285
v 0.51524365 0.03199999 0.38574120
v 0.51081425 0.03199999 0.38591543
v 0.51305038 0.03199999 0.38591543
v 0.51293397 0.03199999 0.38574120
v 0.51692957 0.03199999 0.39000154
v 0.51361048 0.03199999 0.38641769
v 0.51512724 0.03199999 0.38591543
v 0.51320493 0.03199999 0.38614672
v 0.51456720 0.03199999 0.38641769
v 0.51408881 0.03199999 0.38651285
v 0.51497269 0.03199999 0.38614672
v 0.53258884 0.00730000 0.35581797
v 0.53166282 0.00730000 0.35443217
v 0.53214949 0.00730000 0.35475734
v 0.53051478 0.00730000 0.35443217
v 0.53108883 0.00730000 0.35431799
v 0.52958882 0.00730000 0.35581797
v 0.52970302 0.00730000 0.35524395
v 0.53051478 0.00730000 0.35720381
v 0.53002816 0.00730000 0.35687864
v 0.53166282 0.00730000 0.35720381
v 0.53108883 0.00730000 0.35731798
v 0.53247464 0.00730000 0.35639203
v 0.53002816 0.00730000 0.35475734
v 0.53214949 0.00730000 0.35687864
v 0.52970302 0.00730000 0.35639203
v 0.53247464 0.00730000 0.35524395
v 0.53247464 0.00730000 0.35639203
v 0.53258884 0.00730000 0.35581797
v 0.53258884 -0.01450000 0.35581797
v 0.53214949 0.00730000 0.35687864
v 0.53247464 -0.01450000 0.35639203
v 0.53166282 0.00730000 0.35720381
v 0.53214949 -0.01450000 0.35687864
v 0.53108883 0.00730000 0.35731798
v 0.53166282 -0.01450000 0.35720381
v 0.53051478 0.00730000 0.35720381
v 0.53108883 -0.01450000 0.35731798
v 0.53002816 0.00730000 0.35687864
v 0.53051478 -0.01450000 0.35720381
v 0.52970302 0.00730000 0.35639203
v 0.53002816 -0.01450000 0.35687864
v 0.52958882 0.00730000 0.35581797
v 0.52970302 -0.01450000 0.35639203
v 0.52958882 -0.01450000 0.35581797
v 0.52970302 0.00730000 0.35524395
v 0.52958882 0.00730000 0.35581797
v 0.52958882 -0.01450000 0.35581797
v 0.53002816 0.00730000 0.35475734
v 0.52970302 -0.01450000 0.35524395
v 0.53051478 0.00730000 0.35443217
v 0.53002816 -0.01450000 0.35475734
v 0.53108883 0.00730000 0.35431799
v 0.53051478 -0.01450000 0.35443217
v 0.53166282 0.00730000 0.35443217
v 0.53108883 -0.01450000 0.35431799
v 0.53214949 0.00730000 0.35475734
v 0.53166282 -0.01450000 0.35443217
v 0.53247464 0.00730000 0.35524395
v 0.53214949 -0.01450000 0.35475734
v 0.53258884 0.00730000 0.35581797
v 0.53247464 -0.01450000 0.35524395
v 0.53258884 -0.01450000 0.35581797
v 0.53250474 -0.01450000 0.35239965
v 0.53166282 -0.01450000 0.35443217
v 0.53108883 -0.01450000 0.35431799
v 0.53370512 -0.01450000 0.35320169
v 0.53214949 -0.01450000 0.35475734
v 0.53250474 -0.01450000 0.35923633
v 0.53166282 -0.01450000 0.35720381
v 0.53214949 -0.01450000 0.35687864
v 0.53108883 -0.01450000 0.35951799
v 0.53108883 -0.01450000 0.35731798
v 0.52967292 -0.01450000 0.35923633
v 0.53051478 -0.01450000 0.35720381
v 0.52847254 -0.01450000 0.35843429
v 0.53002816 -0.01450000 0.35687864
v 0.53450716 -0.01450000 0.35440207
v 0.53247464 -0.01450000 0.35524395
v 0.53478885 -0.01450000 0.35581797
v 0.53258884 -0.01450000 0.35581797
v 0.53450716 -0.01450000 0.35723391
v 0.53247464 -0.01450000 0.35639203
v 0.53370512 -0.01450000 0.35843429
v 0.52767044 -0.01450000 0.35723391
v 0.52970302 -0.01450000 0.35639203
v 0.52967292 -0.01450000 0.35239965
v 0.53051478 -0.01450000 0.35443217
v 0.53002816 -0.01450000 0.35475734
v 0.53108883 -0.01450000 0.35211799
v 0.52738881 -0.01450000 0.35581797
v 0.52958882 -0.01450000 0.35581797
v 0.52767044 -0.01450000 0.35440207
v 0.52970302 -0.01450000 0.35524395
v 0.52847254 -0.01450000 0.35320169
v 0.53508884 -0.01420000 0.35581797
v 0.53478885 -0.01450000 0.35581797
v 0.53450716 -0.01450000 0.35440207
v 0.53478432 -0.01420000 0.35428727
v 0.53370512 -0.01450000 0.35320169
v 0.53391725 -0.01420000 0.35298955
v 0.53250474 -0.01450000 0.35239965
v 0.53261954 -0.01420000 0.35212246
v 0.53108883 -0.01450000 0.35211799
v 0.53108883 -0.01420000 0.35181800
v 0.52967292 -0.01450000 0.35239965
v 0.52955812 -0.01420000 0.35212246
v 0.52847254 -0.01450000 0.35320169
v 0.52826041 -0.01420000 0.35298955
v 0.52767044 -0.01450000 0.35440207
v 0.52739328 -0.01420000 0.35428727
v 0.52738881 -0.01450000 0.35581797
v 0.52708882 -0.01420000 0.35581797
v 0.52708882 -0.01420000 0.35581797
v 0.52738881 -0.01450000 0.35581797
v 0.52767044 -0.01450000 0.35723391
v 0.52739328 -0.01420000 0.35734871
v 0.52847254 -0.01450000 0.35843429
v 0.52826041 -0.01420000 0.35864642
v 0.52967292 -0.01450000 0.35923633
v 0.52955812 -0.01420000 0.35951349
v 0.53108883 -0.01450000 0.35951799
v 0.53108883 -0.01420000 0.35981798
v 0.53250474 -0.01450000 0.35923633
v 0.53261954 -0.01420000 0.35951349
v 0.53370512 -0.01450000 0.35843429
v 0.53391725 -0.01420000 0.35864642
v 0.53450716 -0.01450000 0.35723391
v 0.53478432 -0.01420000 0.35734871
v 0.53478885 -0.01450000 0.35581797
v 0.53508884 -0.01420000 0.35581797
v 0.53508884 -0.01400000 0.35581797
v 0.53508884 -0.01420000 0.35581797
v 0.53478432 -0.01420000 0.35428727
v 0.53478432 -0.01400000 0.35428727
v 0.53391725 -0.01420000 0.35298955
v 0.53391725 -0.01400000 0.35298955
v 0.53261954 -0.01420000 0.35212246
v 0.53261954 -0.01400000 0.35212246
v 0.53108883 -0.01420000 0.35181800
v 0.53108883 -0.01400000 0.35181800
v 0.52955812 -0.01420000 0.35212246
v 0.52955812 -0.01400000 0.35212246
v 0.52826041 -0.01420000 0.35298955
v 0.52826041 -0.01400000 0.35298955
v 0.52739328 -0.01420000 0.35428727
v 0.52739328 -0.01400000 0.35428727
v 0.52708882 -0.01420000 0.35581797
v 0.52708882 -0.01400000 0.35581797
v 0.52708882 -0.01400000 0.35581797
v 0.52708882 -0.01420000 0.35581797
v 0.52739328 -0.01420000 0.35734871
v 0.52739328 -0.01400000 0.35734871
v 0.52826041 -0.01420000 0.35864642
v 0.52826041 -0.01400000 0.35864642
v 0.52955812 -0.01420000 0.35951349
v 0.52955812 -0.01400000 0.35951349
v 0.53108883 -0.01420000 0.35981798
v 0.53108883 -0.01400000 0.35981798
v 0.53261954 -0.01420000 0.35951349
v 0.53261954 -0.01400000 0.35951349
v 0.53391725 -0.01420000 0.35864642
v 0.53391725 -0.01400000 0.35864642
v 0.53478432 -0.01420000 0.35734871
v 0.53478432 -0.01400000 0.35734871
v 0.53508884 -0.01420000 0.35581797
v 0.53508884 -0.01400000 0.35581797
v 0.53894180 -0.01400000 0.35907081
v 0.53478432 -0.01400000 0.35734871
v 0.53508884 -0.01400000 0.35581797
v 0.53709924 -0.01400000 0.36182839
v 0.53391725 -0.01400000 0.35864642
v 0.53434163 -0.01400000 0.36367097
v 0.53261954 -0.01400000 0.35951349
v 0.53108883 -0.01400000 0.36431798
v 0.53108883 -0.01400000 0.35981798
v 0.52783602 -0.01400000 0.36367097
v 0.52955812 -0.01400000 0.35951349
v 0.52507842 -0.01400000 0.36182839
v 0.52826041 -0.01400000 0.35864642
v 0.52323586 -0.01400000 0.35907081
v 0.52739328 -0.01400000 0.35734871
v 0.52507842 -0.01400000 0.34980759
v 0.52826041 -0.01400000 0.35298955
v 0.52739328 -0.01400000 0.35428727
v 0.52783602 -0.01400000 0.34796500
v 0.52955812 -0.01400000 0.35212246
v 0.53709924 -0.01400000 0.34980759
v 0.53391725 -0.01400000 0.35298955
v 0.53261954 -0.01400000 0.35212246
v 0.53894180 -0.01400000 0.35256517
v 0.53478432 -0.01400000 0.35428727
v 0.52258885 -0.01400000 0.35581797
v 0.52708882 -0.01400000 0.35581797
v 0.52323586 -0.01400000 0.35256517
v 0.53958881 -0.01400000 0.35581797
v 0.53108883 -0.01400000 0.34731799
v 0.53108883 -0.01400000 0.35181800
v 0.53434163 -0.01400000 0.34796500
v 0.53894180 -0.01400000 0.35907081
v 0.53958881 -0.01400000 0.35581797
v 0.53958881 -0.01550000 0.35581797
v 0.53709924 -0.01400000 0.36182839
v 0.53894180 -0.01550000 0.35907081
v 0.53434163 -0.01400000 0.36367097
v 0.53709924 -0.01550000 0.36182839
v 0.53108883 -0.01400000 0.36431798
v 0.53434163 -0.01550000 0.36367097
v 0.52783602 -0.01400000 0.36367097
v 0.53108883 -0.01550000 0.36431798
v 0.52507842 -0.01400000 0.36182839
v 0.52783602 -0.01550000 0.36367097
v 0.52323586 -0.01400000 0.35907081
v 0.52507842 -0.01550000 0.36182839
v 0.52258885 -0.01400000 0.35581797
v 0.52323586 -0.01550000 0.35907081
v 0.52258885 -0.01550000 0.35581797
v 0.52323586 -0.01400000 0.35256517
v 0.52258885 -0.01400000 0.35581797
v 0.52258885 -0.01550000 0.35581797
v 0.52507842 -0.01400000 0.34980759
v 0.52323586 -0.01550000 0.35256517
v 0.52783602 -0.01400000 0.34796500
v 0.52507842 -0.01550000 0.34980759
v 0.53108883 -0.01400000 0.34731799
v 0.52783602 -0.01550000 0.34796500
v 0.53434163 -0.01400000 0.34796500
v 0.53108883 -0.01550000 0.34731799
v 0.53709924 -0.01400000 0.34980759
v 0.53434163 -0.01550000 0.34796500
v 0.53894180 -0.01400000 0.35256517
v 0.53709924 -0.01550000 0.34980759
v 0.53958881 -0.01400000 0.35581797
v 0.53894180 -0.01550000 0.35256517
v 0.53958881 -0.01550000 0.35581797
v 0.53894180 -0.01550000 0.35907081
v 0.53958881 -0.01550000 0.35581797
v 0.54001176 -0.01600000 0.35620549
v 0.54008883 -0.01600000 0.35581797
v 0.53940374 -0.01600000 0.35926214
v 0.53745282 -0.01600000 0.36218196
v 0.53709924 -0.01550000 0.36182839
v 0.53434163 -0.01550000 0.36367097
v 0.53658885 -0.01600000 0.36275923
v 0.53453296 -0.01600000 0.36413291
v 0.53108883 -0.01600000 0.36481798
v 0.53108883 -0.01550000 0.36431798
v 0.52764469 -0.01600000 0.36413291
v 0.52783602 -0.01550000 0.36367097
v 0.52558881 -0.01600000 0.36275923
v 0.52507842 -0.01550000 0.36182839
v 0.52472484 -0.01600000 0.36218196
v 0.52277392 -0.01600000 0.35926214
v 0.52323586 -0.01550000 0.35907081
v 0.52216589 -0.01600000 0.35620549
v 0.52258885 -0.01550000 0.35581797
v 0.52208883 -0.01600000 0.35581797
v 0.54555744 -0.01000000 0.36270571
v 0.54346693 -0.01000000 0.36183977
v 0.54407918 -0.01000000 0.36171800
v 0.54260099 -0.01000000 0.36393028
v 0.54469150 -0.01000000 0.36479619
v 0.54407918 -0.01000000 0.36491799
v 0.54469150 -0.01000000 0.36183977
v 0.54260099 -0.01000000 0.36270571
v 0.54294783 -0.01000000 0.36218661
v 0.54346693 -0.01000000 0.36479619
v 0.54555744 -0.01000000 0.36393028
v 0.54521060 -0.01000000 0.36444935
v 0.54567921 -0.01000000 0.36331800
v 0.54247922 -0.01000000 0.36331800
v 0.54521060 -0.01000000 0.36218661
v 0.54294783 -0.01000000 0.36444935
v 0.54555744 -0.01000000 0.36393028
v 0.54567921 -0.01000000 0.36331800
v 0.54567921 -0.01600000 0.36331800
v 0.54521060 -0.01000000 0.36444935
v 0.54555744 -0.01600000 0.36393028
v 0.54469150 -0.01000000 0.36479619
v 0.54521060 -0.01600000 0.36444935
v 0.54469150 -0.01600000 0.36479619
v 0.54433060 -0.01600000 0.36486799
v 0.54407918 -0.01000000 0.36491799
v 0.54346693 -0.01000000 0.36479619
v 0.54382783 -0.01600000 0.36486799
v 0.54407918 -0.01600000 0.36491799
v 0.54294783 -0.01000000 0.36444935
v 0.54346693 -0.01600000 0.36479619
v 0.54260099 -0.01000000 0.36393028
v 0.54294783 -0.01600000 0.36444935
v 0.54247922 -0.01000000 0.36331800
v 0.54260099 -0.01600000 0.36393028
v 0.54247922 -0.01600000 0.36331800
v 0.54260099 -0.01000000 0.36270571
v 0.54247922 -0.01000000 0.36331800
v 0.54247922 -0.01600000 0.36331800
v 0.54294783 -0.01000000 0.36218661
v 0.54260099 -0.01600000 0.36270571
v 0.54346693 -0.01000000 0.36183977
v 0.54294783 -0.01600000 0.36218661
v 0.54407918 -0.01000000 0.36171800
v 0.54346693 -0.01600000 0.36183977
v 0.54469150 -0.01000000 0.36183977
v 0.54407918 -0.01600000 0.36171800
v 0.54521060 -0.01000000 0.36218661
v 0.54469150 -0.01600000 0.36183977
v 0.54555744 -0.01000000 0.36270571
v 0.54521060 -0.01600000 0.36218661
v 0.54567921 -0.01000000 0.36331800
v 0.54555744 -0.01600000 0.36270571
v 0.54567921 -0.01600000 0.36331800
v 0.53256702 -0.01000000 0.34020570
v 0.53047651 -0.01000000 0.33933979
v 0.53108883 -0.01000000 0.33921799
v 0.52961063 -0.01000000 0.34143028
v 0.53170115 -0.01000000 0.34229618
v 0.53108883 -0.01000000 0.34241799
v 0.53170115 -0.01000000 0.33933979
v 0.52961063 -0.01000000 0.34020570
v 0.52995747 -0.01000000 0.33968660
v 0.53047651 -0.01000000 0.34229618
v 0.53256702 -0.01000000 0.34143028
v 0.53222018 -0.01000000 0.34194934
v 0.53268880 -0.01000000 0.34081799
v 0.52948880 -0.01000000 0.34081799
v 0.53222018 -0.01000000 0.33968660
v 0.52995747 -0.01000000 0.34194934
v 0.53256702 -0.01000000 0.34143028
v 0.53268880 -0.01000000 0.34081799
v 0.53268880 -0.01600000 0.34081799
v 0.53222018 -0.01000000 0.34194934
v 0.53256702 -0.01600000 0.34143028
v 0.53170115 -0.01000000 0.34229618
v 0.53222018 -0.01600000 0.34194934
v 0.53108883 -0.01000000 0.34241799
v 0.53170115 -0.01600000 0.34229618
v 0.53047651 -0.01000000 0.34229618
v 0.53108883 -0.01600000 0.34241799
v 0.52995747 -0.01000000 0.34194934
v 0.53047651 -0.01600000 0.34229618
v 0.52961063 -0.01000000 0.34143028
v 0.52995747 -0.01600000 0.34194934
v 0.52948880 -0.01000000 0.34081799
v 0.52961063 -0.01600000 0.34143028
v 0.52948880 -0.01600000 0.34081799
v 0.52961063 -0.01000000 0.34020570
v 0.52948880 -0.01000000 0.34081799
v 0.52948880 -0.01600000 0.34081799
v 0.52995747 -0.01000000 0.33968660
v 0.52961063 -0.01600000 0.34020570
v 0.53047651 -0.01000000 0.33933979
v 0.52995747 -0.01600000 0.33968660
v 0.53108883 -0.01000000 0.33921799
v 0.53047651 -0.01600000 0.33933979
v 0.53170115 -0.01000000 0.33933979
v 0.53108883 -0.01600000 0.33921799
v 0.53222018 -0.01000000 0.33968660
v 0.53170115 -0.01600000 0.33933979
v 0.53256702 -0.01000000 0.34020570
v 0.53222018 -0.01600000 0.33968660
v 0.53268880 -0.01000000 0.34081799
v 0.53256702 -0.01600000 0.34020570
v 0.53268880 -0.01600000 0.34081799
v 0.51957667 -0.01000000 0.36270571
v 0.51748616 -0.01000000 0.36183977
v 0.51809847 -0.01000000 0.36171800
v 0.51662022 -0.01000000 0.36393028
v 0.51871073 -0.01000000 0.36479619
v 0.51809847 -0.01000000 0.36491799
v 0.51871073 -0.01000000 0.36183977
v 0.51662022 -0.01000000 0.36270571
v 0.51696706 -0.01000000 0.36218661
v 0.51748616 -0.01000000 0.36479619
v 0.51957667 -0.01000000 0.36393028
v 0.51922983 -0.01000000 0.36444935
v 0.51969844 -0.01000000 0.36331800
v 0.51649845 -0.01000000 0.36331800
v 0.51922983 -0.01000000 0.36218661
v 0.51696706 -0.01000000 0.36444935
v 0.51957667 -0.01000000 0.36393028
v 0.51969844 -0.01000000 0.36331800
v 0.51969844 -0.01600000 0.36331800
v 0.51922983 -0.01000000 0.36444935
v 0.51957667 -0.01600000 0.36393028
v 0.51871073 -0.01000000 0.36479619
v 0.51922983 -0.01600000 0.36444935
v 0.51871073 -0.01600000 0.36479619
v 0.51834983 -0.01600000 0.36486799
v 0.51809847 -0.01000000 0.36491799
v 0.51748616 -0.01000000 0.36479619
v 0.51784706 -0.01600000 0.36486799
v 0.51809847 -0.01600000 0.36491799
v 0.51696706 -0.01000000 0.36444935
v 0.51748616 -0.01600000 0.36479619
v 0.51696706 -0.01600000 0.36444935
v 0.51662320 -0.01600000 0.36393473
v 0.51662022 -0.01000000 0.36393028
v 0.51649845 -0.01000000 0.36331800
v 0.51662022 -0.01600000 0.36393028
v 0.51649845 -0.01600000 0.36331800
v 0.51662022 -0.01000000 0.36270571
v 0.51649845 -0.01000000 0.36331800
v 0.51649845 -0.01600000 0.36331800
v 0.51662022 -0.01600000 0.36270571
v 0.51662320 -0.01600000 0.36270127
v 0.51696706 -0.01000000 0.36218661
v 0.51748616 -0.01000000 0.36183977
v 0.51696706 -0.01600000 0.36218661
v 0.51809847 -0.01000000 0.36171800
v 0.51748616 -0.01600000 0.36183977
v 0.51871073 -0.01000000 0.36183977
v 0.51809847 -0.01600000 0.36171800
v 0.51922983 -0.01000000 0.36218661
v 0.51871073 -0.01600000 0.36183977
v 0.51957667 -0.01000000 0.36270571
v 0.51922983 -0.01600000 0.36218661
v 0.51969844 -0.01000000 0.36331800
v 0.51957667 -0.01600000 0.36270571
v 0.51969844 -0.01600000 0.36331800
v 0.52208883 -0.01600000 0.35581797
v 0.52277392 -0.01600000 0.35237384
v 0.52323586 -0.01550000 0.35256517
v 0.52472484 -0.01600000 0.34945402
v 0.52507842 -0.01550000 0.34980759
v 0.52783602 -0.01550000 0.34796500
v 0.52558881 -0.01600000 0.34887674
v 0.52764469 -0.01600000 0.34750307
v 0.53108883 -0.01600000 0.34681800
v 0.53108883 -0.01550000 0.34731799
v 0.53453296 -0.01600000 0.34750307
v 0.53434163 -0.01550000 0.34796500
v 0.53658885 -0.01600000 0.34887674
v 0.53709924 -0.01550000 0.34980759
v 0.53745282 -0.01600000 0.34945402
v 0.53940374 -0.01600000 0.35237384
v 0.53894180 -0.01550000 0.35256517
v 0.54008883 -0.01600000 0.35581797
v 0.53958881 -0.01550000 0.35581797
v 0.52258885 -0.01550000 0.35581797
v 0.53293657 -0.01850000 0.36930263
v 0.53032345 -0.01850000 0.36822024
v 0.53108883 -0.01850000 0.36806798
v 0.52924109 -0.01850000 0.37083337
v 0.53185421 -0.01850000 0.37191576
v 0.53108883 -0.01850000 0.37206799
v 0.53185421 -0.01850000 0.36822024
v 0.52924109 -0.01850000 0.36930263
v 0.52967459 -0.01850000 0.36865377
v 0.53032345 -0.01850000 0.37191576
v 0.53293657 -0.01850000 0.37083337
v 0.53250307 -0.01850000 0.37148219
v 0.53308880 -0.01850000 0.37006798
v 0.52908885 -0.01850000 0.37006798
v 0.53250307 -0.01850000 0.36865377
v 0.52967459 -0.01850000 0.37148219
v 0.52908885 -0.01850000 0.37006798
v 0.52908885 -0.01600000 0.37006798
v 0.52924109 -0.01600000 0.36930263
v 0.52924109 -0.01850000 0.36930263
v 0.52967459 -0.01600000 0.36865377
v 0.52967459 -0.01850000 0.36865377
v 0.53032345 -0.01600000 0.36822024
v 0.53032345 -0.01850000 0.36822024
v 0.53108883 -0.01600000 0.36806798
v 0.53108883 -0.01850000 0.36806798
v 0.53185421 -0.01600000 0.36822024
v 0.53185421 -0.01850000 0.36822024
v 0.53250307 -0.01600000 0.36865377
v 0.53250307 -0.01850000 0.36865377
v 0.53293657 -0.01600000 0.36930263
v 0.53293657 -0.01850000 0.36930263
v 0.53308880 -0.01600000 0.37006798
v 0.53308880 -0.01850000 0.37006798
v 0.53308880 -0.01850000 0.37006798
v 0.53308880 -0.01600000 0.37006798
v 0.53293657 -0.01600000 0.37083337
v 0.53293657 -0.01850000 0.37083337
v 0.53250307 -0.01600000 0.37148219
v 0.53250307 -0.01850000 0.37148219
v 0.53185421 -0.01600000 0.37191576
v 0.53185421 -0.01850000 0.37191576
v 0.53108883 -0.01600000 0.37206799
v 0.53108883 -0.01850000 0.37206799
v 0.53032345 -0.01600000 0.37191576
v 0.53032345 -0.01850000 0.37191576
v 0.52967459 -0.01600000 0.37148219
v 0.52967459 -0.01850000 0.37148219
v 0.52924109 -0.01600000 0.37083337
v 0.52924109 -0.01850000 0.37083337
v 0.52908885 -0.01600000 0.37006798
v 0.52908885 -0.01850000 0.37006798
v 0.52059573 -0.01850000 0.34792763
v 0.51798260 -0.01850000 0.34684524
v 0.51874799 -0.01850000 0.34669298
v 0.51690018 -0.01850000 0.34945837
v 0.51951331 -0.01850000 0.35054076
v 0.51874799 -0.01850000 0.35069299
v 0.51951331 -0.01850000 0.34684524
v 0.51690018 -0.01850000 0.34792763
v 0.51733375 -0.01850000 0.34727877
v 0.51798260 -0.01850000 0.35054076
v 0.52059573 -0.01850000 0.34945837
v 0.52016217 -0.01850000 0.35010719
v 0.52074796 -0.01850000 0.34869298
v 0.51674795 -0.01850000 0.34869298
v 0.52016217 -0.01850000 0.34727877
v 0.51733375 -0.01850000 0.35010719
v 0.51674795 -0.01850000 0.34869298
v 0.51674795 -0.01600000 0.34869298
v 0.51690018 -0.01600000 0.34792763
v 0.51690018 -0.01850000 0.34792763
v 0.51733375 -0.01600000 0.34727877
v 0.51733375 -0.01850000 0.34727877
v 0.51798260 -0.01600000 0.34684524
v 0.51798260 -0.01850000 0.34684524
v 0.51843375 -0.01600000 0.34675547
v 0.51874799 -0.01850000 0.34669298
v 0.51951331 -0.01850000 0.34684524
v 0.51906216 -0.01600000 0.34675547
v 0.51874799 -0.01600000 0.34669298
v 0.51951331 -0.01600000 0.34684524
v 0.52016217 -0.01600000 0.34727877
v 0.52016217 -0.01850000 0.34727877
v 0.52059573 -0.01600000 0.34792763
v 0.52059573 -0.01850000 0.34792763
v 0.52074796 -0.01600000 0.34869298
v 0.52074796 -0.01850000 0.34869298
v 0.52074796 -0.01850000 0.34869298
v 0.52074796 -0.01600000 0.34869298
v 0.52059573 -0.01600000 0.34945837
v 0.52059573 -0.01850000 0.34945837
v 0.52016217 -0.01600000 0.35010719
v 0.52016217 -0.01850000 0.35010719
v 0.51951331 -0.01600000 0.35054076
v 0.51951331 -0.01850000 0.35054076
v 0.51874799 -0.01600000 0.35069299
v 0.51874799 -0.01850000 0.35069299
v 0.51798260 -0.01600000 0.35054076
v 0.51798260 -0.01850000 0.35054076
v 0.51733375 -0.01600000 0.35010719
v 0.51733375 -0.01850000 0.35010719
v 0.51690018 -0.01600000 0.34945837
v 0.51690018 -0.01850000 0.34945837
v 0.51674795 -0.01600000 0.34869298
v 0.51674795 -0.01850000 0.34869298
v 0.54527748 -0.01850000 0.34792763
v 0.54266435 -0.01850000 0.34684524
v 0.54342967 -0.01850000 0.34669298
v 0.54158193 -0.01850000 0.34945837
v 0.54419506 -0.01850000 0.35054076
v 0.54342967 -0.01850000 0.35069299
v 0.54419506 -0.01850000 0.34684524
v 0.54158193 -0.01850000 0.34792763
v 0.54201549 -0.01850000 0.34727877
v 0.54266435 -0.01850000 0.35054076
v 0.54527748 -0.01850000 0.34945837
v 0.54484391 -0.01850000 0.35010719
v 0.54542971 -0.01850000 0.34869298
v 0.54142970 -0.01850000 0.34869298
v 0.54484391 -0.01850000 0.34727877
v 0.54201549 -0.01850000 0.35010719
v 0.54142970 -0.01850000 0.34869298
v 0.54142970 -0.01600000 0.34869298
v 0.54158193 -0.01600000 0.34792763
v 0.54158193 -0.01850000 0.34792763
v 0.54195446 -0.01600000 0.34737012
v 0.54201549 -0.01850000 0.34727877
v 0.54201549 -0.01600000 0.34727877
v 0.54266435 -0.01600000 0.34684524
v 0.54266435 -0.01850000 0.34684524
v 0.54311550 -0.01600000 0.34675547
v 0.54342967 -0.01850000 0.34669298
v 0.54419506 -0.01850000 0.34684524
v 0.54374391 -0.01600000 0.34675547
v 0.54342967 -0.01600000 0.34669298
v 0.54419506 -0.01600000 0.34684524
v 0.54484391 -0.01600000 0.34727877
v 0.54484391 -0.01850000 0.34727877
v 0.54527748 -0.01600000 0.34792763
v 0.54527748 -0.01850000 0.34792763
v 0.54542971 -0.01600000 0.34869298
v 0.54542971 -0.01850000 0.34869298
v 0.54542971 -0.01850000 0.34869298
v 0.54542971 -0.01600000 0.34869298
v 0.54527748 -0.01600000 0.34945837
v 0.54527748 -0.01850000 0.34945837
v 0.54484391 -0.01600000 0.35010719
v 0.54484391 -0.01850000 0.35010719
v 0.54419506 -0.01600000 0.35054076
v 0.54419506 -0.01850000 0.35054076
v 0.54342967 -0.01600000 0.35069299
v 0.54342967 -0.01850000 0.35069299
v 0.54266435 -0.01600000 0.35054076
v 0.54266435 -0.01850000 0.35054076
v 0.54201549 -0.01600000 0.35010719
v 0.54158193 -0.01850000 0.34945837
v 0.54201549 -0.01850000 0.35010719
v 0.54195446 -0.01600000 0.35001588
v 0.54158193 -0.01600000 0.34945837
v 0.54142970 -0.01600000 0.34869298
v 0.54142970 -0.01850000 0.34869298
v 0.52558881 -0.01600000 0.36649299
v 0.52141839 -0.01600000 0.36649299
v 0.52141839 -0.01600000 0.36486799
v 0.52558881 -0.01600000 0.34675547
v 0.52141839 -0.01600000 0.34675547
v 0.52141839 -0.01600000 0.34455550
v 0.53658885 -0.01600000 0.36649299
v 0.52558881 -0.01600000 0.36486799
v 0.53658885 -0.01600000 0.34675547
v 0.52558881 -0.01600000 0.34455550
v 0.54075927 -0.01600000 0.36649299
v 0.53658885 -0.01600000 0.36486799
v 0.54075927 -0.01600000 0.34675547
v 0.53658885 -0.01600000 0.34455550
v 0.54195446 -0.01600000 0.36649299
v 0.54075927 -0.01600000 0.36486799
v 0.54195446 -0.01600000 0.36486799
v 0.54075927 -0.01600000 0.35620549
v 0.54195446 -0.01600000 0.34675547
v 0.54075927 -0.01600000 0.34455550
v 0.54311550 -0.01600000 0.34675547
v 0.54266435 -0.01600000 0.34684524
v 0.54201549 -0.01600000 0.34727877
v 0.54158193 -0.01600000 0.34945837
v 0.54195446 -0.01600000 0.35001588
v 0.54142970 -0.01600000 0.34869298
v 0.54195446 -0.01600000 0.34737012
v 0.54158193 -0.01600000 0.34792763
v 0.51906216 -0.01600000 0.34675547
v 0.51874799 -0.01600000 0.34669298
v 0.51662320 -0.01600000 0.34455550
v 0.51843375 -0.01600000 0.34675547
v 0.52141839 -0.01600000 0.35620549
v 0.52059573 -0.01600000 0.34945837
v 0.52074796 -0.01600000 0.34869298
v 0.51662320 -0.01600000 0.35620549
v 0.51874799 -0.01600000 0.35069299
v 0.52059573 -0.01600000 0.34792763
v 0.52016217 -0.01600000 0.35010719
v 0.51951331 -0.01600000 0.35054076
v 0.51733375 -0.01600000 0.35010719
v 0.51798260 -0.01600000 0.35054076
v 0.51662320 -0.01600000 0.34675547
v 0.51674795 -0.01600000 0.34869298
v 0.51690018 -0.01600000 0.34945837
v 0.51733375 -0.01600000 0.34727877
v 0.51690018 -0.01600000 0.34792763
v 0.51798260 -0.01600000 0.34684524
v 0.52016217 -0.01600000 0.34727877
v 0.51951331 -0.01600000 0.34684524
v 0.53453296 -0.01600000 0.34750307
v 0.53108883 -0.01600000 0.34681800
v 0.52764469 -0.01600000 0.34750307
v 0.53658885 -0.01600000 0.34887674
v 0.52277392 -0.01600000 0.35237384
v 0.52208883 -0.01600000 0.35581797
v 0.52472484 -0.01600000 0.34945402
v 0.52558881 -0.01600000 0.34887674
v 0.52216589 -0.01600000 0.35620549
v 0.52277392 -0.01600000 0.35926214
v 0.52472484 -0.01600000 0.36218196
v 0.52558881 -0.01600000 0.36275923
v 0.53108883 -0.01600000 0.36481798
v 0.52764469 -0.01600000 0.36413291
v 0.53453296 -0.01600000 0.36413291
v 0.53940374 -0.01600000 0.35926214
v 0.53745282 -0.01600000 0.36218196
v 0.53658885 -0.01600000 0.36275923
v 0.54008883 -0.01600000 0.35581797
v 0.53940374 -0.01600000 0.35237384
v 0.54001176 -0.01600000 0.35620549
v 0.53745282 -0.01600000 0.34945402
v 0.51662320 -0.01600000 0.36486799
v 0.51696706 -0.01600000 0.36444935
v 0.51748616 -0.01600000 0.36479619
v 0.51662320 -0.01600000 0.36393473
v 0.51662320 -0.01600000 0.36649299
v 0.51834983 -0.01600000 0.36486799
v 0.51809847 -0.01600000 0.36491799
v 0.51784706 -0.01600000 0.36486799
v 0.51871073 -0.01600000 0.36183977
v 0.51809847 -0.01600000 0.36171800
v 0.51748616 -0.01600000 0.36183977
v 0.51922983 -0.01600000 0.36218661
v 0.51969844 -0.01600000 0.36331800
v 0.51957667 -0.01600000 0.36270571
v 0.51922983 -0.01600000 0.36444935
v 0.51957667 -0.01600000 0.36393028
v 0.51696706 -0.01600000 0.36218661
v 0.51871073 -0.01600000 0.36479619
v 0.54195446 -0.01600000 0.35620549
v 0.54260099 -0.01600000 0.36270571
v 0.54247922 -0.01600000 0.36331800
v 0.54260099 -0.01600000 0.36393028
v 0.54294783 -0.01600000 0.36218661
v 0.55151176 -0.01600000 0.35620549
v 0.54469150 -0.01600000 0.36183977
v 0.54294783 -0.01600000 0.36444935
v 0.54346693 -0.01600000 0.36479619
v 0.54407918 -0.01600000 0.36171800
v 0.54346693 -0.01600000 0.36183977
v 0.54521060 -0.01600000 0.36218661
v 0.55002838 -0.01600000 0.36366299
v 0.54567921 -0.01600000 0.36331800
v 0.54555744 -0.01600000 0.36270571
v 0.54922318 -0.01600000 0.36486799
v 0.54521060 -0.01600000 0.36444935
v 0.54555744 -0.01600000 0.36393028
v 0.54433060 -0.01600000 0.36486799
v 0.54469150 -0.01600000 0.36479619
v 0.54813743 -0.01600000 0.36649299
v 0.54407918 -0.01600000 0.36491799
v 0.54382783 -0.01600000 0.36486799
v 0.54558450 -0.01600000 0.37031367
v 0.54195446 -0.01600000 0.37273920
v 0.54075927 -0.01600000 0.37353781
v 0.53893381 -0.01600000 0.37475753
v 0.53658885 -0.01600000 0.37522396
v 0.53293657 -0.01600000 0.37083337
v 0.53308880 -0.01600000 0.37006798
v 0.53108883 -0.01600000 0.37631798
v 0.53185421 -0.01600000 0.37191576
v 0.52558881 -0.01600000 0.37522396
v 0.52967459 -0.01600000 0.37148219
v 0.53032345 -0.01600000 0.37191576
v 0.53293657 -0.01600000 0.36930263
v 0.53250307 -0.01600000 0.37148219
v 0.53108883 -0.01600000 0.37206799
v 0.52908885 -0.01600000 0.37006798
v 0.52924109 -0.01600000 0.37083337
v 0.52967459 -0.01600000 0.36865377
v 0.52924109 -0.01600000 0.36930263
v 0.53108883 -0.01600000 0.36806798
v 0.53032345 -0.01600000 0.36822024
v 0.53250307 -0.01600000 0.36865377
v 0.53185421 -0.01600000 0.36822024
v 0.52324384 -0.01600000 0.37475753
v 0.51662320 -0.01600000 0.37033376
v 0.51659316 -0.01600000 0.37031367
v 0.51404023 -0.01600000 0.36649299
v 0.51295447 -0.01600000 0.36486799
v 0.51662022 -0.01600000 0.36393028
v 0.51649845 -0.01600000 0.36331800
v 0.51214927 -0.01600000 0.36366299
v 0.51066589 -0.01600000 0.35620549
v 0.51662022 -0.01600000 0.36270571
v 0.51662320 -0.01600000 0.36270127
v 0.51058882 -0.01600000 0.35581797
v 0.51214927 -0.01600000 0.34797299
v 0.51296282 -0.01600000 0.34675547
v 0.51443279 -0.01600000 0.34455550
v 0.51659316 -0.01600000 0.34132230
v 0.51662320 -0.01600000 0.34130222
v 0.52324384 -0.01600000 0.33687845
v 0.53658885 -0.01600000 0.33641201
v 0.53268880 -0.01600000 0.34081799
v 0.53222018 -0.01600000 0.33968660
v 0.53170115 -0.01600000 0.33933979
v 0.53256702 -0.01600000 0.34020570
v 0.53222018 -0.01600000 0.34194934
v 0.53256702 -0.01600000 0.34143028
v 0.53108883 -0.01600000 0.34241799
v 0.52558881 -0.01600000 0.33641201
v 0.52961063 -0.01600000 0.34020570
v 0.52948880 -0.01600000 0.34081799
v 0.53108883 -0.01600000 0.33531800
v 0.53170115 -0.01600000 0.34229618
v 0.52995747 -0.01600000 0.34194934
v 0.53047651 -0.01600000 0.34229618
v 0.52961063 -0.01600000 0.34143028
v 0.52995747 -0.01600000 0.33968660
v 0.53047651 -0.01600000 0.33933979
v 0.53108883 -0.01600000 0.33921799
v 0.53893381 -0.01600000 0.33687845
v 0.54075927 -0.01600000 0.33809817
v 0.54195446 -0.01600000 0.33889675
v 0.54195446 -0.01600000 0.34455550
v 0.54558450 -0.01600000 0.34132230
v 0.54774487 -0.01600000 0.34455550
v 0.54921484 -0.01600000 0.34675547
v 0.54374391 -0.01600000 0.34675547
v 0.54342967 -0.01600000 0.34669298
v 0.54542971 -0.01600000 0.34869298
v 0.54527748 -0.01600000 0.34792763
v 0.55002838 -0.01600000 0.34797299
v 0.55158883 -0.01600000 0.35581797
v 0.54527748 -0.01600000 0.34945837
v 0.54484391 -0.01600000 0.35010719
v 0.54342967 -0.01600000 0.35069299
v 0.54419506 -0.01600000 0.35054076
v 0.54484391 -0.01600000 0.34727877
v 0.54419506 -0.01600000 0.34684524
v 0.54201549 -0.01600000 0.35010719
v 0.54266435 -0.01600000 0.35054076
v 0.55208880 -0.01550000 0.35581797
v 0.55158883 -0.01600000 0.35581797
v 0.55002838 -0.01600000 0.34797299
v 0.55049032 -0.01550000 0.34778163
v 0.54921484 -0.01600000 0.34675547
v 0.54774487 -0.01600000 0.34455550
v 0.54593807 -0.01550000 0.34096876
v 0.53912520 -0.01550000 0.33641651
v 0.54195446 -0.01600000 0.33889675
v 0.54075927 -0.01600000 0.33809817
v 0.54558450 -0.01600000 0.34132230
v 0.53108883 -0.01550000 0.33481798
v 0.53658885 -0.01600000 0.33641201
v 0.53893381 -0.01600000 0.33687845
v 0.53108883 -0.01600000 0.33531800
v 0.52558881 -0.01600000 0.33641201
v 0.52305245 -0.01550000 0.33641651
v 0.52324384 -0.01600000 0.33687845
v 0.51662320 -0.01600000 0.34130222
v 0.51623958 -0.01550000 0.34096876
v 0.51168734 -0.01550000 0.34778163
v 0.51443279 -0.01600000 0.34455550
v 0.51296282 -0.01600000 0.34675547
v 0.51659316 -0.01600000 0.34132230
v 0.51214927 -0.01600000 0.34797299
v 0.51058882 -0.01600000 0.35581797
v 0.51008880 -0.01550000 0.35581797
v 0.51168734 -0.01550000 0.36385435
v 0.51008880 -0.01550000 0.35581797
v 0.51066589 -0.01600000 0.35620549
v 0.51058882 -0.01600000 0.35581797
v 0.51623958 -0.01550000 0.37066722
v 0.51404023 -0.01600000 0.36649299
v 0.51295447 -0.01600000 0.36486799
v 0.51214927 -0.01600000 0.36366299
v 0.52305245 -0.01550000 0.37521946
v 0.51662320 -0.01600000 0.37033376
v 0.51659316 -0.01600000 0.37031367
v 0.53108883 -0.01550000 0.37681800
v 0.52558881 -0.01600000 0.37522396
v 0.52324384 -0.01600000 0.37475753
v 0.53108883 -0.01600000 0.37631798
v 0.53658885 -0.01600000 0.37522396
v 0.53912520 -0.01550000 0.37521946
v 0.54593807 -0.01550000 0.37066722
v 0.54195446 -0.01600000 0.37273920
v 0.54075927 -0.01600000 0.37353781
v 0.53893381 -0.01600000 0.37475753
v 0.54558450 -0.01600000 0.37031367
v 0.54813743 -0.01600000 0.36649299
v 0.55049032 -0.01550000 0.36385435
v 0.54922318 -0.01600000 0.36486799
v 0.55002838 -0.01600000 0.36366299
v 0.55151176 -0.01600000 0.35620549
v 0.55208880 -0.01550000 0.35581797
v 0.55158883 -0.01600000 0.35581797
v 0.55208880 -0.01400000 0.35581797
v 0.55208880 -0.01550000 0.35581797
v 0.55049032 -0.01550000 0.34778163
v 0.55049032 -0.01400000 0.34778163
v 0.54593807 -0.01550000 0.34096876
v 0.54593807 -0.01400000 0.34096876
v 0.53912520 -0.01550000 0.33641651
v 0.53912520 -0.01400000 0.33641651
v 0.53108883 -0.01550000 0.33481798
v 0.53108883 -0.01400000 0.33481798
v 0.52305245 -0.01550000 0.33641651
v 0.52305245 -0.01400000 0.33641651
v 0.51623958 -0.01550000 0.34096876
v 0.51623958 -0.01400000 0.34096876
v 0.51168734 -0.01550000 0.34778163
v 0.51168734 -0.01400000 0.34778163
v 0.51008880 -0.01550000 0.35581797
v 0.51008880 -0.01400000 0.35581797
v 0.51008880 -0.01400000 0.35581797
v 0.51008880 -0.01550000 0.35581797
v 0.51168734 -0.01550000 0.36385435
v 0.51168734 -0.01400000 0.36385435
v 0.51623958 -0.01550000 0.37066722
v 0.51623958 -0.01400000 0.37066722
v 0.52305245 -0.01550000 0.37521946
v 0.52305245 -0.01400000 0.37521946
v 0.53108883 -0.01550000 0.37681800
v 0.53108883 -0.01400000 0.37681800
v 0.53912520 -0.01550000 0.37521946
v 0.53912520 -0.01400000 0.37521946
v 0.54593807 -0.01550000 0.37066722
v 0.54593807 -0.01400000 0.37066722
v 0.55049032 -0.01550000 0.36385435
v 0.55049032 -0.01400000 0.36385435
v 0.55208880 -0.01550000 0.35581797
v 0.55208880 -0.01400000 0.35581797
v 0.54607952 -0.01400000 0.34082732
v 0.54593807 -0.01400000 0.34096876
v 0.53912520 -0.01400000 0.33641651
v 0.55067509 -0.01400000 0.34770510
v 0.55049032 -0.01400000 0.34778163
v 0.55067509 -0.01400000 0.36393088
v 0.54607952 -0.01400000 0.37080866
v 0.54593807 -0.01400000 0.37066722
v 0.53920174 -0.01400000 0.37540424
v 0.53912520 -0.01400000 0.37521946
v 0.53108883 -0.01400000 0.37701797
v 0.53108883 -0.01400000 0.37681800
v 0.52297592 -0.01400000 0.37540424
v 0.52305245 -0.01400000 0.37521946
v 0.53920174 -0.01400000 0.33623174
v 0.53108883 -0.01400000 0.33481798
v 0.55228883 -0.01400000 0.35581797
v 0.55208880 -0.01400000 0.35581797
v 0.55049032 -0.01400000 0.36385435
v 0.51609814 -0.01400000 0.37080866
v 0.51623958 -0.01400000 0.37066722
v 0.51150256 -0.01400000 0.36393088
v 0.51168734 -0.01400000 0.36385435
v 0.51150256 -0.01400000 0.34770510
v 0.51168734 -0.01400000 0.34778163
v 0.51008880 -0.01400000 0.35581797
v 0.51609814 -0.01400000 0.34082732
v 0.51623958 -0.01400000 0.34096876
v 0.50988883 -0.01400000 0.35581797
v 0.52297592 -0.01400000 0.33623174
v 0.52305245 -0.01400000 0.33641651
v 0.53108883 -0.01400000 0.33461797
v 0.55067509 -0.01400000 0.36393088
v 0.55228883 -0.01400000 0.35581797
v 0.55228883 -0.01550000 0.35581797
v 0.54607952 -0.01400000 0.37080866
v 0.55067509 -0.01550000 0.36393088
v 0.53920174 -0.01400000 0.37540424
v 0.54607952 -0.01550000 0.37080866
v 0.53108883 -0.01400000 0.37701797
v 0.53920174 -0.01550000 0.37540424
v 0.52297592 -0.01400000 0.37540424
v 0.53108883 -0.01550000 0.37701797
v 0.51609814 -0.01400000 0.37080866
v 0.52297592 -0.01550000 0.37540424
v 0.51150256 -0.01400000 0.36393088
v 0.51609814 -0.01550000 0.37080866
v 0.50988883 -0.01400000 0.35581797
v 0.51150256 -0.01550000 0.36393088
v 0.50988883 -0.01550000 0.35581797
v 0.51150256 -0.01400000 0.34770510
v 0.50988883 -0.01400000 0.35581797
v 0.50988883 -0.01550000 0.35581797
v 0.51609814 -0.01400000 0.34082732
v 0.51150256 -0.01550000 0.34770510
v 0.52297592 -0.01400000 0.33623174
v 0.51609814 -0.01550000 0.34082732
v 0.53108883 -0.01400000 0.33461797
v 0.52297592 -0.01550000 0.33623174
v 0.53920174 -0.01400000 0.33623174
v 0.53108883 -0.01550000 0.33461797
v 0.54607952 -0.01400000 0.34082732
v 0.53920174 -0.01550000 0.33623174
v 0.55067509 -0.01400000 0.34770510
v 0.54607952 -0.01550000 0.34082732
v 0.55228883 -0.01400000 0.35581797
v 0.55067509 -0.01550000 0.34770510
v 0.55228883 -0.01550000 0.35581797
v 0.54218662 -0.01550000 0.32902548
v 0.55159491 -0.01550000 0.33531189
v 0.54607952 -0.01550000 0.34082732
v 0.55788136 -0.01550000 0.34472016
v 0.55067509 -0.01550000 0.34770510
v 0.55159491 -0.01550000 0.37632409
v 0.54607952 -0.01550000 0.37080866
v 0.55067509 -0.01550000 0.36393088
v 0.54218662 -0.01550000 0.38261050
v 0.53920174 -0.01550000 0.37540424
v 0.51058275 -0.01550000 0.37632409
v 0.51609814 -0.01550000 0.37080866
v 0.52297592 -0.01550000 0.37540424
v 0.50429630 -0.01550000 0.36691579
v 0.51150256 -0.01550000 0.36393088
v 0.53920174 -0.01550000 0.33623174
v 0.53108883 -0.01550000 0.33461797
v 0.56008881 -0.01550000 0.35581797
v 0.55228883 -0.01550000 0.35581797
v 0.55788136 -0.01550000 0.36691579
v 0.53108883 -0.01550000 0.38481799
v 0.53108883 -0.01550000 0.37701797
v 0.51999098 -0.01550000 0.38261050
v 0.51058275 -0.01550000 0.33531189
v 0.51609814 -0.01550000 0.34082732
v 0.51150256 -0.01550000 0.34770510
v 0.51999098 -0.01550000 0.32902548
v 0.52297592 -0.01550000 0.33623174
v 0.50208884 -0.01550000 0.35581797
v 0.50988883 -0.01550000 0.35581797
v 0.50429630 -0.01550000 0.34472016
v 0.53108883 -0.01550000 0.32681799
v 0.51807761 0.00590425 0.38722989
v 0.51855594 0.00550000 0.38838473
v 0.51807761 0.00550000 0.38847989
v 0.51807761 0.00590425 0.38722989
v 0.51896149 0.00550000 0.38811377
v 0.51807761 0.00590425 0.38722989
v 0.51923245 0.00550000 0.38770825
v 0.51807761 0.00590425 0.38722989
v 0.51932758 0.00550000 0.38722989
v 0.51807761 0.00590425 0.38722989
v 0.51923245 0.00550000 0.38675153
v 0.51807761 0.00590425 0.38722989
v 0.51896149 0.00550000 0.38634601
v 0.51807761 0.00590425 0.38722989
v 0.51855594 0.00550000 0.38607505
v 0.51807761 0.00590425 0.38722989
v 0.51807761 0.00550000 0.38597989
v 0.51807761 0.00590425 0.38722989
v 0.51759923 0.00550000 0.38607505
v 0.51807761 0.00550000 0.38597989
v 0.51807761 0.00590425 0.38722989
v 0.51719373 0.00550000 0.38634601
v 0.51807761 0.00590425 0.38722989
v 0.51692271 0.00550000 0.38675153
v 0.51807761 0.00590425 0.38722989
v 0.51682758 0.00550000 0.38722989
v 0.51807761 0.00590425 0.38722989
v 0.51692271 0.00550000 0.38770825
v 0.51807761 0.00590425 0.38722989
v 0.51719373 0.00550000 0.38811377
v 0.51807761 0.00590425 0.38722989
v 0.51759923 0.00550000 0.38838473
v 0.51807761 0.00590425 0.38722989
v 0.51807761 0.00550000 0.38847989
v 0.51923245 0.00550000 0.38770825
v 0.51932758 0.00550000 0.38722989
v 0.51932758 0.00000000 0.38722989
v 0.51896149 0.00550000 0.38811377
v 0.51923245 0.00000000 0.38770825
v 0.51855594 0.00550000 0.38838473
v 0.51896149 0.00000000 0.38811377
v 0.51807761 0.00550000 0.38847989
v 0.51855594 0.00000000 0.38838473
v 0.51759923 0.00550000 0.38838473
v 0.51807761 0.00000000 0.38847989
v 0.51719373 0.00550000 0.38811377
v 0.51759923 0.00000000 0.38838473
v 0.51692271 0.00550000 0.38770825
v 0.51719373 0.00000000 0.38811377
v 0.51682758 0.00550000 0.38722989
v 0.51692271 0.00000000 0.38770825
v 0.51682758 0.00000000 0.38722989
v 0.51692271 0.00550000 0.38675153
v 0.51682758 0.00550000 0.38722989
v 0.51682758 0.00000000 0.38722989
v 0.51719373 0.00550000 0.38634601
v 0.51692271 0.00000000 0.38675153
v 0.51759923 0.00550000 0.38607505
v 0.51719373 0.00000000 0.38634601
v 0.51807761 0.00550000 0.38597989
v 0.51759923 0.00000000 0.38607505
v 0.51855594 0.00550000 0.38607505
v 0.51807761 0.00000000 0.38597989
v 0.51896149 0.00550000 0.38634601
v 0.51855594 0.00000000 0.38607505
v 0.51923245 0.00550000 0.38675153
v 0.51896149 0.00000000 0.38634601
v 0.51932758 0.00550000 0.38722989
v 0.51923245 0.00000000 0.38675153
v 0.51932758 0.00000000 0.38722989
v 0.53108883 0.03099999 0.39381799
v 0.53108883 0.03199999 0.39281797
v 0.51692957 0.03199999 0.39000154
v 0.51654685 0.03099999 0.39092541
v 0.51081425 0.03199999 0.38591543
v 0.50421876 0.03099999 0.38268805
v 0.50721383 0.03199999 0.38350970
v 0.50492585 0.03199999 0.38198093
v 0.49996382 0.03199999 0.37455469
v 0.49598140 0.03099999 0.37035996
v 0.49728155 0.03199999 0.37054041
v 0.49690530 0.03199999 0.36997727
v 0.49408883 0.03199999 0.35581797
v 0.49308884 0.03099999 0.35581797
v 0.49684873 0.03199999 0.34194300
v 0.49598140 0.03099999 0.34127602
v 0.50421876 0.03099999 0.32894793
v 0.49996382 0.03199999 0.33708125
v 0.49690530 0.03199999 0.34165871
v 0.51654685 0.03099999 0.32071057
v 0.50721383 0.03199999 0.32812628
v 0.50669855 0.03199999 0.32847056
v 0.50492585 0.03199999 0.32965502
v 0.51692957 0.03199999 0.32163444
v 0.53108883 0.03199999 0.31881797
v 0.53108883 0.03099999 0.31781799
v 0.53108883 0.03099999 0.31781799
v 0.53108883 0.03199999 0.31881797
v 0.54524809 0.03199999 0.32163444
v 0.55795890 0.03099999 0.32894793
v 0.55496383 0.03199999 0.32812628
v 0.55547905 0.03199999 0.32847056
v 0.54563081 0.03099999 0.32071057
v 0.55725175 0.03199999 0.32965502
v 0.56221384 0.03199999 0.33708125
v 0.56619626 0.03099999 0.34127602
v 0.56908882 0.03099999 0.35581797
v 0.56532890 0.03199999 0.34194300
v 0.56527239 0.03199999 0.34165871
v 0.56808883 0.03199999 0.35581797
v 0.56527239 0.03199999 0.36997727
v 0.55795890 0.03099999 0.38268805
v 0.56619626 0.03099999 0.37035996
v 0.56221384 0.03199999 0.37455469
v 0.56489611 0.03199999 0.37054041
v 0.54563081 0.03099999 0.39092541
v 0.55136341 0.03199999 0.38591543
v 0.55496383 0.03199999 0.38350970
v 0.55725175 0.03199999 0.38198093
v 0.54524809 0.03199999 0.39000154
v 0.53108883 0.03199999 0.39281797
v 0.53108883 0.03099999 0.39381799
v 0.56908882 0.03099999 0.35581797
v 0.56908882 0.00100000 0.35581797
v 0.56619626 0.00100000 0.34127602
v 0.56619626 0.03099999 0.34127602
v 0.55795890 0.00100000 0.32894793
v 0.55795890 0.03099999 0.32894793
v 0.54563081 0.00100000 0.32071057
v 0.54563081 0.03099999 0.32071057
v 0.53108883 0.00100000 0.31781799
v 0.53108883 0.03099999 0.31781799
v 0.51654685 0.00100000 0.32071057
v 0.51654685 0.03099999 0.32071057
v 0.50421876 0.00100000 0.32894793
v 0.50421876 0.03099999 0.32894793
v 0.49598140 0.00100000 0.34127602
v 0.49598140 0.03099999 0.34127602
v 0.49308881 0.00100000 0.35581797
v 0.49308884 0.03099999 0.35581797
v 0.49308884 0.03099999 0.35581797
v 0.49308881 0.00100000 0.35581797
v 0.49598140 0.00100000 0.37035996
v 0.49598140 0.03099999 0.37035996
v 0.50421876 0.00100000 0.38268805
v 0.50421876 0.03099999 0.38268805
v 0.51654685 0.00100000 0.39092541
v 0.51654685 0.03099999 0.39092541
v 0.53108883 0.00100000 0.39381799
v 0.53108883 0.03099999 0.39381799
v 0.54563081 0.00100000 0.39092541
v 0.54563081 0.03099999 0.39092541
v 0.55795890 0.00100000 0.38268805
v 0.55795890 0.03099999 0.38268805
v 0.56619626 0.00100000 0.37035996
v 0.56619626 0.03099999 0.37035996
v 0.56908882 0.00100000 0.35581797
v 0.56908882 0.03099999 0.35581797
v 0.51807761 0.00590425 0.32440609
v 0.51692271 0.00550000 0.32488444
v 0.51682758 0.00550000 0.32440609
v 0.51807761 0.00590425 0.32440609
v 0.51719373 0.00550000 0.32528996
v 0.51807761 0.00590425 0.32440609
v 0.51759923 0.00550000 0.32556093
v 0.51807761 0.00590425 0.32440609
v 0.51807761 0.00550000 0.32565609
v 0.51807761 0.00590425 0.32440609
v 0.51855594 0.00550000 0.32556093
v 0.51807761 0.00590425 0.32440609
v 0.51896149 0.00550000 0.32528996
v 0.51807761 0.00590425 0.32440609
v 0.51923245 0.00550000 0.32488444
v 0.51807761 0.00590425 0.32440609
v 0.51932758 0.00550000 0.32440609
v 0.51807761 0.00590425 0.32440609
v 0.51923245 0.00550000 0.32392773
v 0.51932758 0.00550000 0.32440609
v 0.51807761 0.00590425 0.32440609
v 0.51896149 0.00550000 0.32352221
v 0.51807761 0.00590425 0.32440609
v 0.51855594 0.00550000 0.32325125
v 0.51807761 0.00590425 0.32440609
v 0.51807761 0.00550000 0.32315609
v 0.51807761 0.00590425 0.32440609
v 0.51759923 0.00550000 0.32325125
v 0.51807761 0.00590425 0.32440609
v 0.51719373 0.00550000 0.32352221
v 0.51807761 0.00590425 0.32440609
v 0.51692271 0.00550000 0.32392773
v 0.51807761 0.00590425 0.32440609
v 0.51682758 0.00550000 0.32440609
v 0.51923245 0.00550000 0.32488444
v 0.51932758 0.00550000 0.32440609
v 0.51932758 0.00000000 0.32440609
v 0.51896149 0.00550000 0.32528996
v 0.51923245 0.00000000 0.32488444
v 0.51855594 0.00550000 0.32556093
v 0.51896149 0.00000000 0.32528996
v 0.51807761 0.00550000 0.32565609
v 0.51855594 0.00000000 0.32556093
v 0.51759923 0.00550000 0.32556093
v 0.51807761 0.00000000 0.32565609
v 0.51719373 0.00550000 0.32528996
v 0.51759923 0.00000000 0.32556093
v 0.51692271 0.00550000 0.32488444
v 0.51719373 0.00000000 0.32528996
v 0.51682758 0.00550000 0.32440609
v 0.51692271 0.00000000 0.32488444
v 0.51682758 0.00000000 0.32440609
v 0.56250072 0.00590425 0.34280676
v 0.56297910 0.00550000 0.34396160
v 0.56250072 0.00550000 0.34405676
v 0.56250072 0.00590425 0.34280676
v 0.56338459 0.00550000 0.34369063
v 0.56250072 0.00590425 0.34280676
v 0.56365556 0.00550000 0.34328511
v 0.56250072 0.00590425 0.34280676
v 0.56375074 0.00550000 0.34280676
v 0.56250072 0.00590425 0.34280676
v 0.56365556 0.00550000 0.34232840
v 0.56250072 0.00590425 0.34280676
v 0.56338459 0.00550000 0.34192288
v 0.56250072 0.00590425 0.34280676
v 0.56297910 0.00550000 0.34165189
v 0.56250072 0.00590425 0.34280676
v 0.56250072 0.00550000 0.34155676
v 0.56250072 0.00590425 0.34280676
v 0.56202239 0.00550000 0.34165189
v 0.56250072 0.00550000 0.34155676
v 0.56250072 0.00590425 0.34280676
v 0.56161684 0.00550000 0.34192288
v 0.56250072 0.00590425 0.34280676
v 0.56134588 0.00550000 0.34232840
v 0.56250072 0.00590425 0.34280676
v 0.56125075 0.00550000 0.34280676
v 0.56250072 0.00590425 0.34280676
v 0.56134588 0.00550000 0.34328511
v 0.56250072 0.00590425 0.34280676
v 0.56161684 0.00550000 0.34369063
v 0.56250072 0.00590425 0.34280676
v 0.56202239 0.00550000 0.34396160
v 0.56250072 0.00590425 0.34280676
v 0.56250072 0.00550000 0.34405676
v 0.56297910 0.00550000 0.34165189
v 0.56250072 0.00550000 0.34155676
v 0.56250072 0.00000000 0.34155676
v 0.56338459 0.00550000 0.34192288
v 0.56297910 0.00000000 0.34165189
v 0.56365556 0.00550000 0.34232840
v 0.56338459 0.00000000 0.34192288
v 0.56375074 0.00550000 0.34280676
v 0.56365556 0.00000000 0.34232840
v 0.56365556 0.00550000 0.34328511
v 0.56375074 0.00000000 0.34280676
v 0.56338459 0.00550000 0.34369063
v 0.56365556 0.00000000 0.34328511
v 0.56297910 0.00550000 0.34396160
v 0.56338459 0.00000000 0.34369063
v 0.56250072 0.00550000 0.34405676
v 0.56297910 0.00000000 0.34396160
v 0.56250072 0.00000000 0.34405676
v 0.49967691 0.00590425 0.36882922
v 0.50015527 0.00550000 0.36998406
v 0.49967691 0.00550000 0.37007922
v 0.49967691 0.00590425 0.36882922
v 0.50056082 0.00550000 0.36971310
v 0.49967691 0.00590425 0.36882922
v 0.50083178 0.00550000 0.36930758
v 0.49967691 0.00590425 0.36882922
v 0.50092691 0.00550000 0.36882922
v 0.49967691 0.00590425 0.36882922
v 0.50083178 0.00550000 0.36835086
v 0.49967691 0.00590425 0.36882922
v 0.50056082 0.00550000 0.36794534
v 0.49967691 0.00590425 0.36882922
v 0.50015527 0.00550000 0.36767438
v 0.49967691 0.00590425 0.36882922
v 0.49967691 0.00550000 0.36757922
v 0.49967691 0.00590425 0.36882922
v 0.49919856 0.00550000 0.36767438
v 0.49967691 0.00550000 0.36757922
v 0.49967691 0.00590425 0.36882922
v 0.49879304 0.00550000 0.36794534
v 0.49967691 0.00590425 0.36882922
v 0.49852207 0.00550000 0.36835086
v 0.49967691 0.00590425 0.36882922
v 0.49842691 0.00550000 0.36882922
v 0.49967691 0.00590425 0.36882922
v 0.49852207 0.00550000 0.36930758
v 0.49967691 0.00590425 0.36882922
v 0.49879304 0.00550000 0.36971310
v 0.49967691 0.00590425 0.36882922
v 0.49919856 0.00550000 0.36998406
v 0.49967691 0.00590425 0.36882922
v 0.49967691 0.00550000 0.37007922
v 0.50015527 0.00550000 0.36767438
v 0.49967691 0.00550000 0.36757922
v 0.49967691 0.00000000 0.36757922
v 0.50056082 0.00550000 0.36794534
v 0.50015527 0.00000000 0.36767438
v 0.50083178 0.00550000 0.36835086
v 0.50056082 0.00000000 0.36794534
v 0.50092691 0.00550000 0.36882922
v 0.50083178 0.00000000 0.36835086
v 0.50083178 0.00550000 0.36930758
v 0.50092691 0.00000000 0.36882922
v 0.50056082 0.00550000 0.36971310
v 0.50083178 0.00000000 0.36930758
v 0.50015527 0.00550000 0.36998406
v 0.50056082 0.00000000 0.36971310
v 0.49967691 0.00550000 0.37007922
v 0.50015527 0.00000000 0.36998406
v 0.49967691 0.00000000 0.37007922
v 0.54410005 0.00590425 0.38722989
v 0.54294521 0.00550000 0.38770825
v 0.54285008 0.00550000 0.38722989
v 0.54410005 0.00590425 0.38722989
v 0.54321617 0.00550000 0.38811377
v 0.54410005 0.00590425 0.38722989
v 0.54362172 0.00550000 0.38838473
v 0.54410005 0.00590425 0.38722989
v 0.54410005 0.00550000 0.38847989
v 0.54410005 0.00590425 0.38722989
v 0.54457843 0.00550000 0.38838473
v 0.54410005 0.00590425 0.38722989
v 0.54498392 0.00550000 0.38811377
v 0.54410005 0.00590425 0.38722989
v 0.54525489 0.00550000 0.38770825
v 0.54410005 0.00590425 0.38722989
v 0.54535007 0.00550000 0.38722989
v 0.54410005 0.00590425 0.38722989
v 0.54525489 0.00550000 0.38675153
v 0.54535007 0.00550000 0.38722989
v 0.54410005 0.00590425 0.38722989
v 0.54498392 0.00550000 0.38634601
v 0.54410005 0.00590425 0.38722989
v 0.54457843 0.00550000 0.38607505
v 0.54410005 0.00590425 0.38722989
v 0.54410005 0.00550000 0.38597989
v 0.54410005 0.00590425 0.38722989
v 0.54362172 0.00550000 0.38607505
v 0.54410005 0.00590425 0.38722989
v 0.54321617 0.00550000 0.38634601
v 0.54410005 0.00590425 0.38722989
v 0.54294521 0.00550000 0.38675153
v 0.54410005 0.00590425 0.38722989
v 0.54285008 0.00550000 0.38722989
v 0.54525489 0.00550000 0.38770825
v 0.54535007 0.00550000 0.38722989
v 0.54535007 0.00000000 0.38722989
v 0.54498392 0.00550000 0.38811377
v 0.54525489 0.00000000 0.38770825
v 0.54457843 0.00550000 0.38838473
v 0.54498392 0.00000000 0.38811377
v 0.54410005 0.00550000 0.38847989
v 0.54457843 0.00000000 0.38838473
v 0.54362172 0.00550000 0.38838473
v 0.54410005 0.00000000 0.38847989
v 0.54321617 0.00550000 0.38811377
v 0.54362172 0.00000000 0.38838473
v 0.54294521 0.00550000 0.38770825
v 0.54321617 0.00000000 0.38811377
v 0.54285008 0.00550000 0.38722989
v 0.54294521 0.00000000 0.38770825
v 0.54285008 0.00000000 0.38722989
v 0.56250072 0.00590425 0.36882922
v 0.56297910 0.00550000 0.36998406
v 0.56250072 0.00550000 0.37007922
v 0.56250072 0.00590425 0.36882922
v 0.56338459 0.00550000 0.36971310
v 0.56250072 0.00590425 0.36882922
v 0.56365556 0.00550000 0.36930758
v 0.56250072 0.00590425 0.36882922
v 0.56375074 0.00550000 0.36882922
v 0.56250072 0.00590425 0.36882922
v 0.56365556 0.00550000 0.36835086
v 0.56250072 0.00590425 0.36882922
v 0.56338459 0.00550000 0.36794534
v 0.56250072 0.00590425 0.36882922
v 0.56297910 0.00550000 0.36767438
v 0.56250072 0.00590425 0.36882922
v 0.56250072 0.00550000 0.36757922
v 0.56250072 0.00590425 0.36882922
v 0.56202239 0.00550000 0.36767438
v 0.56250072 0.00550000 0.36757922
v 0.56250072 0.00590425 0.36882922
v 0.56161684 0.00550000 0.36794534
v 0.56250072 0.00590425 0.36882922
v 0.56134588 0.00550000 0.36835086
v 0.56250072 0.00590425 0.36882922
v 0.56125075 0.00550000 0.36882922
v 0.56250072 0.00590425 0.36882922
v 0.56134588 0.00550000 0.36930758
v 0.56250072 0.00590425 0.36882922
v 0.56161684 0.00550000 0.36971310
v 0.56250072 0.00590425 0.36882922
v 0.56202239 0.00550000 0.36998406
v 0.56250072 0.00590425 0.36882922
v 0.56250072 0.00550000 0.37007922
v 0.56297910 0.00550000 0.36767438
v 0.56250072 0.00550000 0.36757922
v 0.56250072 0.00000000 0.36757922
v 0.56338459 0.00550000 0.36794534
v 0.56297910 0.00000000 0.36767438
v 0.56365556 0.00550000 0.36835086
v 0.56338459 0.00000000 0.36794534
v 0.56375074 0.00550000 0.36882922
v 0.56365556 0.00000000 0.36835086
v 0.56365556 0.00550000 0.36930758
v 0.56375074 0.00000000 0.36882922
v 0.56338459 0.00550000 0.36971310
v 0.56365556 0.00000000 0.36930758
v 0.56297910 0.00550000 0.36998406
v 0.56338459 0.00000000 0.36971310
v 0.56250072 0.00550000 0.37007922
v 0.56297910 0.00000000 0.36998406
v 0.56250072 0.00000000 0.37007922
v 0.54410005 0.00590425 0.32440609
v 0.54294521 0.00550000 0.32488444
v 0.54285008 0.00550000 0.32440609
v 0.54410005 0.00590425 0.32440609
v 0.54321617 0.00550000 0.32528996
v 0.54410005 0.00590425 0.32440609
v 0.54362172 0.00550000 0.32556093
v 0.54410005 0.00590425 0.32440609
v 0.54410005 0.00550000 0.32565609
v 0.54410005 0.00590425 0.32440609
v 0.54457843 0.00550000 0.32556093
v 0.54410005 0.00590425 0.32440609
v 0.54498392 0.00550000 0.32528996
v 0.54410005 0.00590425 0.32440609
v 0.54525489 0.00550000 0.32488444
v 0.54410005 0.00590425 0.32440609
v 0.54535007 0.00550000 0.32440609
v 0.54410005 0.00590425 0.32440609
v 0.54525489 0.00550000 0.32392773
v 0.54535007 0.00550000 0.32440609
v 0.54410005 0.00590425 0.32440609
v 0.54498392 0.00550000 0.32352221
v 0.54410005 0.00590425 0.32440609
v 0.54457843 0.00550000 0.32325125
v 0.54410005 0.00590425 0.32440609
v 0.54410005 0.00550000 0.32315609
v 0.54410005 0.00590425 0.32440609
v 0.54362172 0.00550000 0.32325125
v 0.54410005 0.00590425 0.32440609
v 0.54321617 0.00550000 0.32352221
v 0.54410005 0.00590425 0.32440609
v 0.54294521 0.00550000 0.32392773
v 0.54410005 0.00590425 0.32440609
v 0.54285008 0.00550000 0.32440609
v 0.54525489 0.00550000 0.32488444
v 0.54535007 0.00550000 0.32440609
v 0.54535007 0.00000000 0.32440609
v 0.54498392 0.00550000 0.32528996
v 0.54525489 0.00000000 0.32488444
v 0.54457843 0.00550000 0.32556093
v 0.54498392 0.00000000 0.32528996
v 0.54410005 0.00550000 0.32565609
v 0.54457843 0.00000000 0.32556093
v 0.54362172 0.00550000 0.32556093
v 0.54410005 0.00000000 0.32565609
v 0.54321617 0.00550000 0.32528996
v 0.54362172 0.00000000 0.32556093
v 0.54294521 0.00550000 0.32488444
v 0.54321617 0.00000000 0.32528996
v 0.54285008 0.00550000 0.32440609
v 0.54294521 0.00000000 0.32488444
v 0.54285008 0.00000000 0.32440609
v 0.56108880 -0.01450000 0.35581797
v 0.56008881 -0.01550000 0.35581797
v 0.55788136 -0.01550000 0.34472016
v 0.55880523 -0.01450000 0.34433749
v 0.55159491 -0.01550000 0.33531189
v 0.55230200 -0.01450000 0.33460477
v 0.54218662 -0.01550000 0.32902548
v 0.54256934 -0.01450000 0.32810161
v 0.53108883 -0.01550000 0.32681799
v 0.53108883 -0.01450000 0.32581797
v 0.51999098 -0.01550000 0.32902548
v 0.51960832 -0.01450000 0.32810161
v 0.51058275 -0.01550000 0.33531189
v 0.50987560 -0.01450000 0.33460477
v 0.50429630 -0.01550000 0.34472016
v 0.50337243 -0.01450000 0.34433749
v 0.50208884 -0.01550000 0.35581797
v 0.50108880 -0.01450000 0.35581797
v 0.50108880 -0.01450000 0.35581797
v 0.50208884 -0.01550000 0.35581797
v 0.50429630 -0.01550000 0.36691579
v 0.50337243 -0.01450000 0.36729848
v 0.51058275 -0.01550000 0.37632409
v 0.50987560 -0.01450000 0.37703118
v 0.51999098 -0.01550000 0.38261050
v 0.51960832 -0.01450000 0.38353437
v 0.53108883 -0.01550000 0.38481799
v 0.53108883 -0.01450000 0.38581797
v 0.54218662 -0.01550000 0.38261050
v 0.54256934 -0.01450000 0.38353437
v 0.55159491 -0.01550000 0.37632409
v 0.55230200 -0.01450000 0.37703118
v 0.55788136 -0.01550000 0.36691579
v 0.55880523 -0.01450000 0.36729848
v 0.56008881 -0.01550000 0.35581797
v 0.56108880 -0.01450000 0.35581797
v 0.56108880 -0.00000000 0.35581797
v 0.56108880 -0.01450000 0.35581797
v 0.55880523 -0.01450000 0.34433749
v 0.55230200 -0.01450000 0.33460477
v 0.55321944 0.00000000 0.33597779
v 0.55230200 -0.00000000 0.33460477
v 0.54256934 -0.01450000 0.32810161
v 0.54256934 -0.00000000 0.32810161
v 0.55092901 0.00000000 0.33368737
v 0.53108883 -0.01450000 0.32581797
v 0.53108883 -0.00000000 0.32581797
v 0.51960832 -0.01450000 0.32810161
v 0.50987560 -0.01450000 0.33460477
v 0.51124865 0.00000000 0.33368737
v 0.50987560 0.00000000 0.33460477
v 0.50337243 -0.01450000 0.34433749
v 0.50337243 0.00000000 0.34433749
v 0.50108880 -0.01450000 0.35581797
v 0.50108880 0.00000000 0.35581797
v 0.51960832 0.00000000 0.32810161
v 0.55880523 -0.00000000 0.34433749
v 0.56908882 0.00100000 0.35581797
v 0.56808883 0.00000000 0.35581797
v 0.56527239 0.00000000 0.34165871
v 0.55795890 0.00100000 0.32894793
v 0.56116980 0.00000000 0.33551875
v 0.55994612 0.00000000 0.33368737
v 0.56619626 0.00100000 0.34127602
v 0.54563081 0.00100000 0.32071057
v 0.55138808 0.00000000 0.32573703
v 0.55725175 0.00000000 0.32965502
v 0.55321944 0.00000000 0.32696071
v 0.54524809 0.00000000 0.32163444
v 0.53108883 0.00000000 0.31881797
v 0.53108883 0.00100000 0.31781799
v 0.51692957 0.00000000 0.32163444
v 0.51654685 0.00100000 0.32071057
v 0.51078957 0.00000000 0.32573703
v 0.50421876 0.00100000 0.32894793
v 0.49598140 0.00100000 0.34127602
v 0.50100785 0.00000000 0.33551875
v 0.50492585 0.00000000 0.32965502
v 0.50223154 0.00000000 0.33368737
v 0.49308881 0.00100000 0.35581797
v 0.49625787 0.00000000 0.34491345
v 0.49690530 0.00000000 0.34165871
v 0.49408883 0.00000000 0.35581797
v 0.51692271 0.00550000 0.32392773
v 0.51682758 0.00550000 0.32440609
v 0.51682758 0.00000000 0.32440609
v 0.51719373 0.00550000 0.32352221
v 0.51692271 0.00000000 0.32392773
v 0.51759923 0.00550000 0.32325125
v 0.51719373 0.00000000 0.32352221
v 0.51807761 0.00550000 0.32315609
v 0.51759923 0.00000000 0.32325125
v 0.51855594 0.00550000 0.32325125
v 0.51807761 0.00000000 0.32315609
v 0.51896149 0.00550000 0.32352221
v 0.51855594 0.00000000 0.32325125
v 0.51923245 0.00550000 0.32392773
v 0.51896149 0.00000000 0.32352221
v 0.51932758 0.00550000 0.32440609
v 0.51923245 0.00000000 0.32392773
v 0.51932758 0.00000000 0.32440609
v 0.56202239 0.00550000 0.34396160
v 0.56250072 0.00550000 0.34405676
v 0.56250072 0.00000000 0.34405676
v 0.56161684 0.00550000 0.34369063
v 0.56202239 0.00000000 0.34396160
v 0.56134588 0.00550000 0.34328511
v 0.56161684 0.00000000 0.34369063
v 0.56125075 0.00550000 0.34280676
v 0.56134588 0.00000000 0.34328511
v 0.56134588 0.00550000 0.34232840
v 0.56125075 0.00000000 0.34280676
v 0.56161684 0.00550000 0.34192288
v 0.56134588 0.00000000 0.34232840
v 0.56202239 0.00550000 0.34165189
v 0.56161684 0.00000000 0.34192288
v 0.56250072 0.00550000 0.34155676
v 0.56202239 0.00000000 0.34165189
v 0.56250072 0.00000000 0.34155676
v 0.49919856 0.00550000 0.36998406
v 0.49967691 0.00550000 0.37007922
v 0.49967691 0.00000000 0.37007922
v 0.49879304 0.00550000 0.36971310
v 0.49919856 0.00000000 0.36998406
v 0.49852207 0.00550000 0.36930758
v 0.49879304 0.00000000 0.36971310
v 0.49842691 0.00550000 0.36882922
v 0.49852207 0.00000000 0.36930758
v 0.49852207 0.00550000 0.36835086
v 0.49842691 0.00000000 0.36882922
v 0.49879304 0.00550000 0.36794534
v 0.49852207 0.00000000 0.36835086
v 0.49919856 0.00550000 0.36767438
v 0.49879304 0.00000000 0.36794534
v 0.49967691 0.00550000 0.36757922
v 0.49919856 0.00000000 0.36767438
v 0.49967691 0.00000000 0.36757922
v 0.54294521 0.00550000 0.38675153
v 0.54285008 0.00550000 0.38722989
v 0.54285008 0.00000000 0.38722989
v 0.54321617 0.00550000 0.38634601
v 0.54294521 0.00000000 0.38675153
v 0.54362172 0.00550000 0.38607505
v 0.54321617 0.00000000 0.38634601
v 0.54410005 0.00550000 0.38597989
v 0.54362172 0.00000000 0.38607505
v 0.54457843 0.00550000 0.38607505
v 0.54410005 0.00000000 0.38597989
v 0.54498392 0.00550000 0.38634601
v 0.54457843 0.00000000 0.38607505
v 0.54525489 0.00550000 0.38675153
v 0.54498392 0.00000000 0.38634601
v 0.54535007 0.00550000 0.38722989
v 0.54525489 0.00000000 0.38675153
v 0.54535007 0.00000000 0.38722989
v 0.56202239 0.00550000 0.36998406
v 0.56250072 0.00550000 0.37007922
v 0.56250072 0.00000000 0.37007922
v 0.56161684 0.00550000 0.36971310
v 0.56202239 0.00000000 0.36998406
v 0.56134588 0.00550000 0.36930758
v 0.56161684 0.00000000 0.36971310
v 0.56125075 0.00550000 0.36882922
v 0.56134588 0.00000000 0.36930758
v 0.56134588 0.00550000 0.36835086
v 0.56125075 0.00000000 0.36882922
v 0.56161684 0.00550000 0.36794534
v 0.56134588 0.00000000 0.36835086
v 0.56202239 0.00550000 0.36767438
v 0.56161684 0.00000000 0.36794534
v 0.56250072 0.00550000 0.36757922
v 0.56202239 0.00000000 0.36767438
v 0.56250072 0.00000000 0.36757922
v 0.54294521 0.00550000 0.32392773
v 0.54285008 0.00550000 0.32440609
v 0.54285008 0.00000000 0.32440609
v 0.54321617 0.00550000 0.32352221
v 0.54294521 0.00000000 0.32392773
v 0.54362172 0.00550000 0.32325125
v 0.54321617 0.00000000 0.32352221
v 0.54410005 0.00550000 0.32315609
v 0.54362172 0.00000000 0.32325125
v 0.54457843 0.00550000 0.32325125
v 0.54410005 0.00000000 0.32315609
v 0.54498392 0.00550000 0.32352221
v 0.54457843 0.00000000 0.32325125
v 0.54525489 0.00550000 0.32392773
v 0.54498392 0.00000000 0.32352221
v 0.54535007 0.00550000 0.32440609
v 0.54525489 0.00000000 0.32392773
v 0.54535007 0.00000000 0.32440609
v 0.50108880 0.00000000 0.35581797
v 0.50108880 -0.01450000 0.35581797
v 0.50337243 -0.01450000 0.36729848
v 0.50337243 0.00000000 0.36729848
v 0.50987560 -0.01450000 0.37703118
v 0.50987560 0.00000000 0.37703118
v 0.51960832 -0.01450000 0.38353437
v 0.51960832 0.00000000 0.38353437
v 0.53108883 -0.01450000 0.38581797
v 0.53108883 -0.00000000 0.38581797
v 0.54256934 -0.01450000 0.38353437
v 0.54256934 -0.00000000 0.38353437
v 0.55230200 -0.01450000 0.37703118
v 0.55880523 -0.01450000 0.36729848
v 0.55880523 -0.00000000 0.36729848
v 0.55321944 0.00000000 0.37565818
v 0.56108880 -0.01450000 0.35581797
v 0.56108880 -0.00000000 0.35581797
v 0.55230200 -0.00000000 0.37703118
v 0.49308881 0.00100000 0.35581797
v 0.49408883 0.00000000 0.35581797
v 0.49625787 0.00000000 0.36672252
v 0.49598140 0.00100000 0.37035996
v 0.49690530 -0.00000000 0.36997727
v 0.50100785 0.00000000 0.37611723
v 0.50421876 0.00100000 0.38268805
v 0.51654685 0.00100000 0.39092541
v 0.51078957 0.00000000 0.38589895
v 0.50492585 -0.00000000 0.38198093
v 0.53108883 0.00100000 0.39381799
v 0.52018428 0.00000000 0.39064893
v 0.51692957 -0.00000000 0.39000154
v 0.53108883 -0.00000000 0.39281797
v 0.54199338 0.00000000 0.39064893
v 0.54563081 0.00100000 0.39092541
v 0.54524809 -0.00000000 0.39000154
v 0.55138808 0.00000000 0.38589895
v 0.55795890 0.00100000 0.38268805
v 0.55321944 0.00000000 0.38467526
v 0.56619626 0.00100000 0.37035996
v 0.56116980 0.00000000 0.37611723
v 0.55725175 -0.00000000 0.38198093
v 0.56527239 -0.00000000 0.36997727
v 0.56808883 0.00000000 0.35581797
v 0.56908882 0.00100000 0.35581797
v 0.55321944 0.00000000 0.33368737
v 0.55321944 0.00000000 0.33597779
v 0.55230200 -0.00000000 0.33460477
v 0.56527239 -0.00000000 0.36997727
v 0.56338459 0.00000000 0.36971310
v 0.56365556 0.00000000 0.36930758
v 0.56116980 0.00000000 0.37611723
v 0.56297910 0.00000000 0.36998406
v 0.56116980 0.00000000 0.35581797
v 0.56134588 0.00000000 0.36835086
v 0.56125075 0.00000000 0.36882922
v 0.56375074 0.00000000 0.36882922
v 0.56365556 0.00000000 0.36835086
v 0.56202239 0.00000000 0.36998406
v 0.56250072 0.00000000 0.37007922
v 0.56134588 0.00000000 0.36930758
v 0.56161684 0.00000000 0.36794534
v 0.56808883 0.00000000 0.35581797
v 0.56161684 0.00000000 0.36971310
v 0.56202239 0.00000000 0.36767438
v 0.56297910 0.00000000 0.36767438
v 0.56250072 0.00000000 0.36757922
v 0.56338459 0.00000000 0.36794534
v 0.55321944 0.00000000 0.37565818
v 0.55880523 -0.00000000 0.36729848
v 0.55725175 -0.00000000 0.38198093
v 0.55321944 0.00000000 0.38467526
v 0.55230200 -0.00000000 0.37703118
v 0.55138808 0.00000000 0.38589895
v 0.53108883 0.00000000 0.38589895
v 0.53108883 -0.00000000 0.38581797
v 0.54256934 -0.00000000 0.38353437
v 0.54524809 -0.00000000 0.39000154
v 0.54498392 0.00000000 0.38811377
v 0.54525489 0.00000000 0.38770825
v 0.54199338 0.00000000 0.39064893
v 0.54362172 0.00000000 0.38838473
v 0.54410005 0.00000000 0.38847989
v 0.53108883 0.00000000 0.39064893
v 0.54294521 0.00000000 0.38770825
v 0.54321617 0.00000000 0.38811377
v 0.54285008 0.00000000 0.38722989
v 0.54535007 0.00000000 0.38722989
v 0.54525489 0.00000000 0.38675153
v 0.54457843 0.00000000 0.38838473
v 0.54498392 0.00000000 0.38634601
v 0.54321617 0.00000000 0.38634601
v 0.54294521 0.00000000 0.38675153
v 0.54457843 0.00000000 0.38607505
v 0.54362172 0.00000000 0.38607505
v 0.54410005 0.00000000 0.38597989
v 0.51923245 0.00000000 0.38770825
v 0.51932758 0.00000000 0.38722989
v 0.52018428 0.00000000 0.39064893
v 0.51896149 0.00000000 0.38811377
v 0.51692957 -0.00000000 0.39000154
v 0.51807761 0.00000000 0.38847989
v 0.51078957 0.00000000 0.38589895
v 0.51692271 0.00000000 0.38770825
v 0.51923245 0.00000000 0.38675153
v 0.51855594 0.00000000 0.38838473
v 0.51759923 0.00000000 0.38838473
v 0.51682758 0.00000000 0.38722989
v 0.51855594 0.00000000 0.38607505
v 0.51807761 0.00000000 0.38597989
v 0.51896149 0.00000000 0.38634601
v 0.51719373 0.00000000 0.38811377
v 0.51719373 0.00000000 0.38634601
v 0.51692271 0.00000000 0.38675153
v 0.51759923 0.00000000 0.38607505
v 0.50987560 0.00000000 0.37703118
v 0.51960832 0.00000000 0.38353437
v 0.50492585 -0.00000000 0.38198093
v 0.50100785 0.00000000 0.37611723
v 0.50337243 0.00000000 0.36729848
v 0.50100785 0.00000000 0.35581797
v 0.50108880 0.00000000 0.35581797
v 0.49690530 -0.00000000 0.36997727
v 0.49879304 0.00000000 0.36971310
v 0.49919856 0.00000000 0.36998406
v 0.49967691 0.00000000 0.37007922
v 0.49852207 0.00000000 0.36930758
v 0.49625787 0.00000000 0.36672252
v 0.49852207 0.00000000 0.36835086
v 0.49842691 0.00000000 0.36882922
v 0.49625787 0.00000000 0.35581797
v 0.49919856 0.00000000 0.36767438
v 0.49879304 0.00000000 0.36794534
v 0.50092691 0.00000000 0.36882922
v 0.50083178 0.00000000 0.36835086
v 0.50056082 0.00000000 0.36971310
v 0.50083178 0.00000000 0.36930758
v 0.49967691 0.00000000 0.36757922
v 0.50056082 0.00000000 0.36794534
v 0.50015527 0.00000000 0.36998406
v 0.50015527 0.00000000 0.36767438
v 0.49919856 0.00000000 0.34396160
v 0.49967691 0.00000000 0.34405676
v 0.49625787 0.00000000 0.34491345
v 0.49879304 0.00000000 0.34369063
v 0.49852207 0.00000000 0.34328511
v 0.49690530 0.00000000 0.34165871
v 0.49842691 0.00000000 0.34280676
v 0.49852207 0.00000000 0.34232840
v 0.50100785 0.00000000 0.33551875
v 0.49919856 0.00000000 0.34165189
v 0.50083178 0.00000000 0.34328511
v 0.50092691 0.00000000 0.34280676
v 0.49879304 0.00000000 0.34192288
v 0.50083178 0.00000000 0.34232840
v 0.50056082 0.00000000 0.34369063
v 0.50056082 0.00000000 0.34192288
v 0.50015527 0.00000000 0.34396160
v 0.49967691 0.00000000 0.34155676
v 0.50015527 0.00000000 0.34165189
v 0.50337243 0.00000000 0.34433749
v 0.50987560 0.00000000 0.33460477
v 0.50223154 0.00000000 0.33368737
v 0.51124865 0.00000000 0.33368737
v 0.50492585 0.00000000 0.32965502
v 0.51078957 0.00000000 0.32573703
v 0.53108883 0.00000000 0.32573703
v 0.53108883 -0.00000000 0.32581797
v 0.51960832 0.00000000 0.32810161
v 0.53108883 0.00000000 0.31881797
v 0.51932758 0.00000000 0.32440609
v 0.51896149 0.00000000 0.32528996
v 0.51923245 0.00000000 0.32488444
v 0.51807761 0.00000000 0.32565609
v 0.51923245 0.00000000 0.32392773
v 0.51855594 0.00000000 0.32556093
v 0.51759923 0.00000000 0.32556093
v 0.51682758 0.00000000 0.32440609
v 0.51692271 0.00000000 0.32488444
v 0.51692957 0.00000000 0.32163444
v 0.51719373 0.00000000 0.32352221
v 0.51692271 0.00000000 0.32392773
v 0.51855594 0.00000000 0.32325125
v 0.51896149 0.00000000 0.32352221
v 0.51719373 0.00000000 0.32528996
v 0.51759923 0.00000000 0.32325125
v 0.51807761 0.00000000 0.32315609
v 0.54524809 0.00000000 0.32163444
v 0.55138808 0.00000000 0.32573703
v 0.54525489 0.00000000 0.32392773
v 0.54498392 0.00000000 0.32528996
v 0.54525489 0.00000000 0.32488444
v 0.54362172 0.00000000 0.32556093
v 0.54410005 0.00000000 0.32565609
v 0.54535007 0.00000000 0.32440609
v 0.54457843 0.00000000 0.32556093
v 0.54285008 0.00000000 0.32440609
v 0.54294521 0.00000000 0.32488444
v 0.54294521 0.00000000 0.32392773
v 0.54498392 0.00000000 0.32352221
v 0.54321617 0.00000000 0.32528996
v 0.54321617 0.00000000 0.32352221
v 0.54457843 0.00000000 0.32325125
v 0.54362172 0.00000000 0.32325125
v 0.54410005 0.00000000 0.32315609
v 0.55092901 0.00000000 0.33368737
v 0.54256934 -0.00000000 0.32810161
v 0.55321944 0.00000000 0.32696071
v 0.55725175 0.00000000 0.32965502
v 0.55994612 0.00000000 0.33368737
v 0.56116980 0.00000000 0.33551875
v 0.55880523 -0.00000000 0.34433749
v 0.56108880 -0.00000000 0.35581797
v 0.56527239 0.00000000 0.34165871
v 0.56365556 0.00000000 0.34328511
v 0.56338459 0.00000000 0.34369063
v 0.56250072 0.00000000 0.34405676
v 0.56125075 0.00000000 0.34280676
v 0.56297910 0.00000000 0.34396160
v 0.56202239 0.00000000 0.34396160
v 0.56134588 0.00000000 0.34328511
v 0.56161684 0.00000000 0.34192288
v 0.56134588 0.00000000 0.34232840
v 0.56338459 0.00000000 0.34192288
v 0.56297910 0.00000000 0.34165189
v 0.56375074 0.00000000 0.34280676
v 0.56365556 0.00000000 0.34232840
v 0.56161684 0.00000000 0.34369063
v 0.56202239 0.00000000 0.34165189
v 0.56250072 0.00000000 0.34155676
v 0.49408883 0.00000000 0.35581797
v 0.53108883 -0.00000000 0.39281797
v 0.50015527 0.00550000 0.34165189
v 0.49967691 0.00550000 0.34155676
v 0.49967691 0.00000000 0.34155676
v 0.50056082 0.00550000 0.34192288
v 0.50015527 0.00000000 0.34165189
v 0.50083178 0.00550000 0.34232840
v 0.50056082 0.00000000 0.34192288
v 0.50092691 0.00550000 0.34280676
v 0.50083178 0.00000000 0.34232840
v 0.50083178 0.00550000 0.34328511
v 0.50092691 0.00000000 0.34280676
v 0.50056082 0.00550000 0.34369063
v 0.50083178 0.00000000 0.34328511
v 0.50015527 0.00550000 0.34396160
v 0.50056082 0.00000000 0.34369063
v 0.49967691 0.00550000 0.34405676
v 0.50015527 0.00000000 0.34396160
v 0.49967691 0.00000000 0.34405676
v 0.49919856 0.00550000 0.34396160
v 0.49967691 0.00550000 0.34405676
v 0.49967691 0.00000000 0.34405676
v 0.49879304 0.00550000 0.34369063
v 0.49919856 0.00000000 0.34396160
v 0.49852207 0.00550000 0.34328511
v 0.49879304 0.00000000 0.34369063
v 0.49842691 0.00550000 0.34280676
v 0.49852207 0.00000000 0.34328511
v 0.49852207 0.00550000 0.34232840
v 0.49842691 0.00000000 0.34280676
v 0.49879304 0.00550000 0.34192288
v 0.49852207 0.00000000 0.34232840
v 0.49919856 0.00550000 0.34165189
v 0.49879304 0.00000000 0.34192288
v 0.49967691 0.00550000 0.34155676
v 0.49919856 0.00000000 0.34165189
v 0.49967691 0.00000000 0.34155676
v 0.49967691 0.00590425 0.34280676
v 0.50015527 0.00550000 0.34396160
v 0.49967691 0.00550000 0.34405676
v 0.49967691 0.00590425 0.34280676
v 0.50056082 0.00550000 0.34369063
v 0.49967691 0.00590425 0.34280676
v 0.50083178 0.00550000 0.34328511
v 0.49967691 0.00590425 0.34280676
v 0.50092691 0.00550000 0.34280676
v 0.49967691 0.00590425 0.34280676
v 0.50083178 0.00550000 0.34232840
v 0.49967691 0.00590425 0.34280676
v 0.50056082 0.00550000 0.34192288
v 0.49967691 0.00590425 0.34280676
v 0.50015527 0.00550000 0.34165189
v 0.49967691 0.00590425 0.34280676
v 0.49967691 0.00550000 0.34155676
v 0.49967691 0.00590425 0.34280676
v 0.49919856 0.00550000 0.34165189
v 0.49967691 0.00550000 0.34155676
v 0.49967691 0.00590425 0.34280676
v 0.49879304 0.00550000 0.34192288
v 0.49967691 0.00590425 0.34280676
v 0.49852207 0.00550000 0.34232840
v 0.49967691 0.00590425 0.34280676
v 0.49842691 0.00550000 0.34280676
v 0.49967691 0.00590425 0.34280676
v 0.49852207 0.00550000 0.34328511
v 0.49967691 0.00590425 0.34280676
v 0.49879304 0.00550000 0.34369063
v 0.49967691 0.00590425 0.34280676
v 0.49919856 0.00550000 0.34396160
v 0.49967691 0.00590425 0.34280676
v 0.49967691 0.00550000 0.34405676
vt 0.50000000 0.50000000
vt 0.50000000 0.50000000
vt 0.50000000 0.50000000
vt 0.50000000 0.50000000
vt 0.50000000 0.50000000
vt 0.50000000 0.50000000
vt 0.50000000 0.50000000
vt 0.50000000 0.50000000
vt 0.50000000 0.50000000
vt 0.50000000 0.50000000
vt 0.50000000 0.50000000
vt 0.50000000 0.50000000
vt 0.50000000 0.50000000
vt 0.50000000 0.50000000
vt 0.50000000 0.50000000
vt 0.50000000 0.50000000
vt 0.50000000 0.50000000
vt 0.50000000 0.50000000
vt 0.50000000 0.50000000
vt 0.50000000 0.50000000
vt 0.50000000 0.50000000
vt 0.50000000 0.50000000
vt 0.50000000 0.50000000
vt 0.50000000 0.50000000
vt 0.50000000 0.50000000
vt 0.50000000 0.50000000
vt 0.50000000 0.50000000
vt 0.50000000 0.50000000
vt 0.50000000 0.50000000
vt 0.50000000 0.50000000
vt 0.50000000 0.50000000
vt 0.50000000 0.50000000
vt 0.50000000 0.50000000
vt 0.50000000 0.50000000
vt 0.50000000 0.50000000
vt 0.50000000 0.50000000
vt 0.50000000 0.50000000
vt 0.50000000 0.50000000
vt 0.50000000 0.50000000
vt 0.50000000 0.50000000
vt 0.50000000 0.50000000
vt 0.50000000 0.50000000
vt 0.50000000 0.50000000
vt 0.50000000 0.50000000
vt 0.50000000 0.50000000
vt 0.50000000 0.50000000
vt 0.50000000 0.50000000
vt 0.50000000 0.50000000
vt 0.50000000 0.50000000
vt 0.50000000 0.50000000
vt 0.50000000 0.50000000
vt 0.50000000 0.50000000
vt 0.50000000 0.50000000
vt 0.50000000 0.50000000
vt 0.50000000 0.50000000
vt 0.50000000 0.50000000
vt 0.50000000 0.50000000
vt 0.50000000 0.50000000
vt 0.50000000 0.50000000
vt 0.50000000 0.50000000
vt 0.50000000 0.50000000
vt 0.50000000 0.50000000
vt 0.50000000 0.50000000
vt 0.50000000 0.50000000
vt 0.50000000 0.50000000
vt 0.50000000 0.50000000
vt 0.50000000 0.50000000
vt 0.50000000 0.50000000
vt 0.50000000 0.50000000
vt 0.50000000 0.50000000
vt 0.50000000 0.50000000
vt 0.50000000 0.50000000
vt 0.50000000 0.50000000
vt 0.50000000 0.50000000
vt 0.50000000 0.50000000
vt 0.50000000 0.50000000
vt 0.50000000 0.50000000
vt 0.50000000 0.50000000
vt 0.50000000 0.50000000
vt 0.50000000 0.50000000
vt 0.50000000 0.50000000
vt 0.50000000 0.50000000
vt 0.50000000 0.50000000
vt 0.50000000 0.50000000
vt 0.50000000 0.50000000
vt 0.50000000 0.50000000
vt 0.50000000 0.50000000
vt 0.50000000 0.50000000
vt 0.50000000 0.50000000
vt 0.50000000 0.50000000
vt 0.50000000 0.50000000
vt 0.50000000 0.50000000
vt 0.50000000 0.50000000
vt 0.50000000 0.50000000
vt 0.50000000 0.50000000
vt 0.50000000 0.50000000
vt 0.50000000 0.50000000
vt 0.50000000 0.50000000
vt 0.50000000 0.50000000
vt 0.50000000 0.50000000
vt 0.50000000 0.50000000
vt 0.50000000 0.50000000
vt 0.50000000 0.50000000
vt 0.50000000 0.50000000
vt 0.50000000 0.50000000
vt 0.50000000 0.50000000
vt 0.50000000 0.50000000
vt 0.50000000 0.50000000
vt 0.50000000 0.50000000
vt 0.50000000 0.50000000
vt 0.50000000 0.50000000
vt 0.50000000 0.50000000
vt 0.50000000 0.50000000
vt 0.50000000 0.50000000
vt 0.50000000 0.50000000
vt 0.50000000 0.50000000
vt 0.50000000 0.50000000
vt 0.50000000 0.50000000
vt 0.50000000 0.50000000
vt 0.50000000 0.50000000
vt 0.50000000 0.50000000
vt 0.50000000 0.50000000
vt 0.50000000 0.50000000
vt 0.50000000 0.50000000
vt 0.50000000 0.50000000
vt 0.50000000 0.50000000
vt 0.50000000 0.50000000
vt 0.50000000 0.50000000
vt 0.50000000 0.50000000
vt 0.50000000 0.50000000
vt 0.50000000 0.50000000
vt 0.50000000 0.50000000
vt 0.50000000 0.50000000
vt 0.50000000 0.50000000
vt 0.50000000 0.50000000
vt 0.50000000 0.50000000
vt 0.50000000 0.50000000
vt 0.50000000 0.50000000
vt 0.50000000 0.50000000
vt 0.50000000 0.50000000
vt 0.50000000 0.50000000
vt 0.50000000 0.50000000
vt 0.50000000 0.50000000
vt 0.50000000 0.50000000
vt 0.50000000 0.50000000
vt 0.50000000 0.50000000
vt 0.50000000 0.50000000
vt 0.50000000 0.50000000
vt 0.50000000 0.50000000
vt 0.50000000 0.50000000
vt 0.50000000 0.50000000
vt 0.50000000 0.50000000
vt 0.50000000 0.50000000
vt 0.50000000 0.50000000
vt 0.50000000 0.50000000
vt 0.50000000 0.50000000
vt 0.50000000 0.50000000
vt 0.50000000 0.50000000
vt 0.50000000 0.50000000
vt 0.50000000 0.50000000
vt 0.50000000 0.50000000
vt 0.50000000 0.50000000
vt 0.50000000 0.50000000
vt 0.50000000 0.50000000
vt 0.50000000 0.50000000
vt 0.50000000 0.50000000
vt 0.50000000 0.50000000
vt 0.50000000 0.50000000
vt 0.50000000 0.50000000
vt 0.50000000 0.50000000
vt 0.50000000 0.50000000
vt 0.50000000 0.50000000
vt 0.50000000 0.50000000
vt 0.50000000 0.50000000
vt 0.50000000 0.50000000
vt 0.50000000 0.50000000
vt 0.50000000 0.50000000
vt 0.50000000 0.50000000
vt 0.50000000 0.50000000
vt 0.50000000 0.50000000
vt 0.50000000 0.50000000
vt 0.50000000 0.50000000
vt 0.50000000 0.50000000
vt 0.50000000 0.50000000
vt 0.50000000 0.50000000
vt 0.50000000 0.50000000
vt 0.50000000 0.50000000
vt 0.50000000 0.50000000
vt 0.50000000 0.50000000
vt 0.50000000 0.50000000
vt 0.50000000 0.50000000
vt 0.50000000 0.50000000
vt 0.50000000 0.50000000
vt 0.50000000 0.50000000
vt 0.50000000 0.50000000
vt 0.50000000 0.50000000
vt 0.50000000 0.50000000
vt 0.50000000 0.50000000
vt 0.50000000 0.50000000
vt 0.50000000 0.50000000
vt 0.50000000 0.50000000
vt 0.50000000 0.50000000
vt 0.50000000 0.50000000
vt 0.50000000 0.50000000
vt 0.50000000 0.50000000
vt 0.50000000 0.50000000
vt 0.50000000 0.50000000
vt 0.50000000 0.50000000
vt 0.50000000 0.50000000
vt 0.50000000 0.50000000
vt 0.50000000 0.50000000
vt 0.50000000 0.50000000
vt 0.50000000 0.50000000
vt 0.50000000 0.50000000
vt 0.50000000 0.50000000
vt 0.50000000 0.50000000
vt 0.50000000 0.50000000
vt 0.50000000 0.50000000
vt 0.50000000 0.50000000
vt 0.50000000 0.50000000
vt 0.50000000 0.50000000
vt 0.50000000 0.50000000
vt 0.50000000 0.50000000
vt 0.50000000 0.50000000
vt 0.50000000 0.50000000
vt 0.50000000 0.50000000
vt 0.50000000 0.50000000
vt 0.50000000 0.50000000
vt 0.50000000 0.50000000
vt 0.50000000 0.50000000
vt 0.50000000 0.50000000
vt 0.50000000 0.50000000
vt 0.50000000 0.50000000
vt 0.50000000 0.50000000
vt 0.50000000 0.50000000
vt 0.50000000 0.50000000
vt 0.50000000 0.50000000
vt 0.50000000 0.50000000
vt 0.50000000 0.50000000
vt 0.50000000 0.50000000
vt 0.50000000 0.50000000
vt 0.50000000 0.50000000
vt 0.50000000 0.50000000
vt 0.50000000 0.50000000
vt 0.50000000 0.50000000
vt 0.50000000 0.50000000
vt 0.50000000 0.50000000
vt 0.50000000 0.50000000
vt 0.50000000 0.50000000
vt 0.50000000 0.50000000
vt 0.50000000 0.50000000
vt 0.50000000 0.50000000
vt 0.50000000 0.50000000
vt 0.50000000 0.50000000
vt 0.50000000 0.50000000
vt 0.50000000 0.50000000
vt 0.50000000 0.50000000
vt 0.50000000 0.50000000
vt 0.50000000 0.50000000
vt 0.50000000 0.50000000
vt 0.50000000 0.50000000
vt 0.50000000 0.50000000
vt 0.50000000 0.50000000
vt 0.50000000 0.50000000
vt 0.50000000 0.50000000
vt 0.50000000 0.50000000
vt 0.50000000 0.50000000
vt 0.50000000 0.50000000
vt 0.50000000 0.50000000
vt 0.50000000 0.50000000
vt 0.50000000 0.50000000
vt 0.50000000 0.50000000
vt 0.50000000 0.50000000
vt 0.50000000 0.50000000
vt 0.50000000 0.50000000
vt 0.50000000 0.50000000
vt 0.50000000 0.50000000
vt 0.50000000 0.50000000
vt 0.50000000 0.50000000
vt 0.50000000 0.50000000
vt 0.50000000 0.50000000
vt 0.50000000 0.50000000
vt 0.50000000 0.50000000
vt 0.50000000 0.50000000
vt 0.50000000 0.50000000
vt 0.50000000 0.50000000
vt 0.50000000 0.50000000
vt 0.50000000 0.50000000
vt 0.50000000 0.50000000
vt 0.50000000 0.50000000
vt 0.50000000 0.50000000
vt 0.50000000 0.50000000
vt 0.50000000 0.50000000
vt 0.50000000 0.50000000
vt 0.50000000 0.50000000
vt 0.50000000 0.50000000
vt 0.50000000 0.50000000
vt 0.50000000 0.50000000
vt 0.50000000 0.50000000
vt 0.50000000 0.50000000
vt 0.50000000 0.50000000
vt 0.50000000 0.50000000
vt 0.50000000 0.50000000
vt 0.50000000 0.50000000
vt 0.50000000 0.50000000
vt 0.50000000 0.50000000
vt 0.50000000 0.50000000
vt 0.50000000 0.50000000
vt 0.50000000 0.50000000
vt 0.50000000 0.50000000
vt 0.50000000 0.50000000
vt 0.50000000 0.50000000
vt 0.50000000 0.50000000
vt 0.50000000 0.50000000
vt 0.50000000 0.50000000
vt 0.50000000 0.50000000
vt 0.50000000 0.50000000
vt 0.50000000 0.50000000
vt 0.50000000 0.50000000
vt 0.50000000 0.50000000
vt 0.50000000 0.50000000
vt 0.50000000 0.50000000
vt 0.50000000 0.50000000
vt 0.50000000 0.50000000
vt 0.50000000 0.50000000
vt 0.50000000 0.50000000
vt 0.50000000 0.50000000
vt 0.50000000 0.50000000
vt 0.50000000 0.50000000
vt 0.50000000 0.50000000
vt 0.50000000 0.50000000
vt 0.50000000 0.50000000
vt 0.50000000 0.50000000
vt 0.50000000 0.50000000
vt 0.50000000 0.50000000
vt 0.50000000 0.50000000
vt 0.50000000 0.50000000
vt 0.50000000 0.50000000
vt 0.50000000 0.50000000
vt 0.50000000 0.50000000
vt 0.50000000 0.50000000
vt 0.50000000 0.50000000
vt 0.50000000 0.50000000
vt 0.50000000 0.50000000
vt 0.50000000 0.50000000
vt 0.50000000 0.50000000
vt 0.50000000 0.50000000
vt 0.50000000 0.50000000
vt 0.50000000 0.50000000
vt 0.50000000 0.50000000
vt 0.50000000 0.50000000
vt 0.50000000 0.50000000
vt 0.50000000 0.50000000
vt 0.50000000 0.50000000
vt 0.50000000 0.50000000
vt 0.50000000 0.50000000
vt 0.50000000 0.50000000
vt 0.50000000 0.50000000
vt 0.50000000 0.50000000
vt 0.50000000 0.50000000
vt 0.50000000 0.50000000
vt 0.50000000 0.50000000
vt 0.50000000 0.50000000
vt 0.50000000 0.50000000
vt 0.50000000 0.50000000
vt 0.50000000 0.50000000
vt 0.50000000 0.50000000
vt 0.50000000 0.50000000
vt 0.50000000 0.50000000
vt 0.50000000 0.50000000
vt 0.50000000 0.50000000
vt 0.50000000 0.50000000
vt 0.50000000 0.50000000
vt 0.50000000 0.50000000
vt 0.50000000 0.50000000
vt 0.50000000 0.50000000
vt 0.50000000 0.50000000
vt 0.50000000 0.50000000
vt 0.50000000 0.50000000
vt 0.50000000 0.50000000
vt 0.50000000 0.50000000
vt 0.50000000 0.50000000
vt 0.50000000 0.50000000
vt 0.50000000 0.50000000
vt 0.50000000 0.50000000
vt 0.50000000 0.50000000
vt 0.50000000 0.50000000
vt 0.50000000 0.50000000
vt 0.50000000 0.50000000
vt 0.50000000 0.50000000
vt 0.50000000 0.50000000
vt 0.50000000 0.50000000
vt 0.50000000 0.50000000
vt 0.50000000 0.50000000
vt 0.50000000 0.50000000
vt 0.50000000 0.50000000
vt 0.50000000 0.50000000
vt 0.50000000 0.50000000
vt 0.50000000 0.50000000
vt 0.50000000 0.50000000
vt 0.50000000 0.50000000
vt 0.50000000 0.50000000
vt 0.50000000 0.50000000
vt 0.50000000 0.50000000
vt 0.50000000 0.50000000
vt 0.50000000 0.50000000
vt 0.50000000 0.50000000
vt 0.50000000 0.50000000
vt 0.50000000 0.50000000
vt 0.50000000 0.50000000
vt 0.50000000 0.50000000
vt 0.50000000 0.50000000
vt 0.50000000 0.50000000
vt 0.50000000 0.50000000
vt 0.50000000 0.50000000
vt 0.50000000 0.50000000
vt 0.50000000 0.50000000
vt 0.50000000 0.50000000
vt 0.50000000 0.50000000
vt 0.50000000 0.50000000
vt 0.50000000 0.50000000
vt 0.50000000 0.50000000
vt 0.50000000 0.50000000
vt 0.50000000 0.50000000
vt 0.50000000 0.50000000
vt 0.50000000 0.50000000
vt 0.50000000 0.50000000
vt 0.50000000 0.50000000
vt 0.50000000 0.50000000
vt 0.50000000 0.50000000
vt 0.50000000 0.50000000
vt 0.50000000 0.50000000
vt 0.50000000 0.50000000
vt 0.50000000 0.50000000
vt 0.50000000 0.50000000
vt 0.50000000 0.50000000
vt 0.50000000 0.50000000
vt 0.50000000 0.50000000
vt 0.50000000 0.50000000
vt 0.50000000 0.50000000
vt 0.50000000 0.50000000
vt 0.50000000 0.50000000
vt 0.50000000 0.50000000
vt 0.50000000 0.50000000
vt 0.50000000 0.50000000
vt 0.50000000 0.50000000
vt 0.50000000 0.50000000
vt 0.50000000 0.50000000
vt 0.50000000 0.50000000
vt 0.50000000 0.50000000
vt 0.50000000 0.50000000
vt 0.50000000 0.50000000
vt 0.50000000 0.50000000
vt 0.50000000 0.50000000
vt 0.50000000 0.50000000
vt 0.50000000 0.50000000
vt 0.50000000 0.50000000
vt 0.50000000 0.50000000
vt 0.50000000 0.50000000
vt 0.50000000 0.50000000
vt 0.50000000 0.50000000
vt 0.50000000 0.50000000
vt 0.50000000 0.50000000
vt 0.50000000 0.50000000
vt 0.50000000 0.50000000
vt 0.50000000 0.50000000
vt 0.50000000 0.50000000
vt 0.50000000 0.50000000
vt 0.50000000 0.50000000
vt 0.50000000 0.50000000
vt 0.50000000 0.50000000
vt 0.50000000 0.50000000
vt 0.50000000 0.50000000
vt 0.50000000 0.50000000
vt 0.50000000 0.50000000
vt 0.50000000 0.50000000
vt 0.50000000 0.50000000
vt 0.50000000 0.50000000
vt 0.50000000 0.50000000
vt 0.50000000 0.50000000
vt 0.50000000 0.50000000
vt 0.50000000 0.50000000
vt 0.50000000 0.50000000
vt 0.50000000 0.50000000
vt 0.50000000 0.50000000
vt 0.50000000 0.50000000
vt 0.50000000 0.50000000
vt 0.50000000 0.50000000
vt 0.50000000 0.50000000
vt 0.50000000 0.50000000
vt 0.50000000 0.50000000
vt 0.50000000 0.50000000
vt 0.50000000 0.50000000
vt 0.50000000 0.50000000
vt 0.50000000 0.50000000
vt 0.50000000 0.50000000
vt 0.50000000 0.50000000
vt 0.50000000 0.50000000
vt 0.50000000 0.50000000
vt 0.50000000 0.50000000
vt 0.50000000 0.50000000
vt 0.50000000 0.50000000
vt 0.50000000 0.50000000
vt 0.50000000 0.50000000
vt 0.50000000 0.50000000
vt 0.50000000 0.50000000
vt 0.50000000 0.50000000
vt 0.50000000 0.50000000
vt 0.50000000 0.50000000
vt 0.50000000 0.50000000
vt 0.50000000 0.50000000
vt 0.50000000 0.50000000
vt 0.50000000 0.50000000
vt 0.50000000 0.50000000
vt 0.50000000 0.50000000
vt 0.50000000 0.50000000
vt 0.50000000 0.50000000
vt 0.50000000 0.50000000
vt 0.50000000 0.50000000
vt 0.50000000 0.50000000
vt 0.50000000 0.50000000
vt 0.50000000 0.50000000
vt 0.50000000 0.50000000
vt 0.50000000 0.50000000
vt 0.50000000 0.50000000
vt 0.50000000 0.50000000
vt 0.50000000 0.50000000
vt 0.50000000 0.50000000
vt 0.50000000 0.50000000
vt 0.50000000 0.50000000
vt 0.50000000 0.50000000
vt 0.50000000 0.50000000
vt 0.50000000 0.50000000
vt 0.50000000 0.50000000
vt 0.50000000 0.50000000
vt 0.50000000 0.50000000
vt 0.50000000 0.50000000
vt 0.50000000 0.50000000
vt 0.50000000 0.50000000
vt 0.50000000 0.50000000
vt 0.50000000 0.50000000
vt 0.50000000 0.50000000
vt 0.50000000 0.50000000
vt 0.50000000 0.50000000
vt 0.50000000 0.50000000
vt 0.50000000 0.50000000
vt 0.50000000 0.50000000
vt 0.50000000 0.50000000
vt 0.50000000 0.50000000
vt 0.50000000 0.50000000
vt 0.50000000 0.50000000
vt 0.50000000 0.50000000
vt 0.50000000 0.50000000
vt 0.50000000 0.50000000
vt 0.50000000 0.50000000
vt 0.50000000 0.50000000
vt 0.50000000 0.50000000
vt 0.50000000 0.50000000
vt 0.50000000 0.50000000
vt 0.50000000 0.50000000
vt 0.50000000 0.50000000
vt 0.50000000 0.50000000
vt 0.50000000 0.50000000
vt 0.50000000 0.50000000
vt 0.50000000 0.50000000
vt 0.50000000 0.50000000
vt 0.50000000 0.50000000
vt 0.50000000 0.50000000
vt 0.50000000 0.50000000
vt 0.50000000 0.50000000
vt 0.50000000 0.50000000
vt 0.50000000 0.50000000
vt 0.50000000 0.50000000
vt 0.50000000 0.50000000
vt 0.50000000 0.50000000
vt 0.50000000 0.50000000
vt 0.50000000 0.50000000
vt 0.50000000 0.50000000
vt 0.50000000 0.50000000
vt 0.50000000 0.50000000
vt 0.50000000 0.50000000
vt 0.50000000 0.50000000
vt 0.50000000 0.50000000
vt 0.50000000 0.50000000
vt 0.50000000 0.50000000
vt 0.50000000 0.50000000
vt 0.50000000 0.50000000
vt 0.50000000 0.50000000
vt 0.50000000 0.50000000
vt 0.50000000 0.50000000
vt 0.50000000 0.50000000
vt 0.50000000 0.50000000
vt 0.50000000 0.50000000
vt 0.50000000 0.50000000
vt 0.50000000 0.50000000
vt 0.50000000 0.50000000
vt 0.50000000 0.50000000
vt 0.50000000 0.50000000
vt 0.50000000 0.50000000
vt 0.50000000 0.50000000
vt 0.50000000 0.50000000
vt 0.50000000 0.50000000
vt 0.50000000 0.50000000
vt 0.50000000 0.50000000
vt 0.50000000 0.50000000
vt 0.50000000 0.50000000
vt 0.50000000 0.50000000
vt 0.50000000 0.50000000
vt 0.50000000 0.50000000
vt 0.50000000 0.50000000
vt 0.50000000 0.50000000
vt 0.50000000 0.50000000
vt 0.50000000 0.50000000
vt 0.50000000 0.50000000
vt 0.50000000 0.50000000
vt 0.50000000 0.50000000
vt 0.50000000 0.50000000
vt 0.50000000 0.50000000
vt 0.50000000 0.50000000
vt 0.50000000 0.50000000
vt 0.50000000 0.50000000
vt 0.50000000 0.50000000
vt 0.50000000 0.50000000
vt 0.50000000 0.50000000
vt 0.50000000 0.50000000
vt 0.50000000 0.50000000
vt 0.50000000 0.50000000
vt 0.50000000 0.50000000
vt 0.50000000 0.50000000
vt 0.50000000 0.50000000
vt 0.50000000 0.50000000
vt 0.50000000 0.50000000
vt 0.50000000 0.50000000
vt 0.50000000 0.50000000
vt 0.50000000 0.50000000
vt 0.50000000 0.50000000
vt 0.50000000 0.50000000
vt 0.50000000 0.50000000
vt 0.50000000 0.50000000
vt 0.50000000 0.50000000
vt 0.50000000 0.50000000
vt 0.50000000 0.50000000
vt 0.50000000 0.50000000
vt 0.50000000 0.50000000
vt 0.50000000 0.50000000
vt 0.50000000 0.50000000
vt 0.50000000 0.50000000
vt 0.50000000 0.50000000
vt 0.50000000 0.50000000
vt 0.50000000 0.50000000
vt 0.50000000 0.50000000
vt 0.50000000 0.50000000
vt 0.50000000 0.50000000
vt 0.50000000 0.50000000
vt 0.50000000 0.50000000
vt 0.50000000 0.50000000
vt 0.50000000 0.50000000
vt 0.50000000 0.50000000
vt 0.50000000 0.50000000
vt 0.50000000 0.50000000
vt 0.50000000 0.50000000
vt 0.50000000 0.50000000
vt 0.50000000 0.50000000
vt 0.50000000 0.50000000
vt 0.50000000 0.50000000
vt 0.50000000 0.50000000
vt 0.50000000 0.50000000
vt 0.50000000 0.50000000
vt 0.50000000 0.50000000
vt 0.50000000 0.50000000
vt 0.50000000 0.50000000
vt 0.50000000 0.50000000
vt 0.50000000 0.50000000
vt 0.50000000 0.50000000
vt 0.50000000 0.50000000
vt 0.50000000 0.50000000
vt 0.50000000 0.50000000
vt 0.50000000 0.50000000
vt 0.50000000 0.50000000
vt 0.50000000 0.50000000
vt 0.50000000 0.50000000
vt 0.50000000 0.50000000
vt 0.50000000 0.50000000
vt 0.50000000 0.50000000
vt 0.50000000 0.50000000
vt 0.50000000 0.50000000
vt 0.50000000 0.50000000
vt 0.50000000 0.50000000
vt 0.50000000 0.50000000
vt 0.50000000 0.50000000
vt 0.50000000 0.50000000
vt 0.50000000 0.50000000
vt 0.50000000 0.50000000
vt 0.50000000 0.50000000
vt 0.50000000 0.50000000
vt 0.50000000 0.50000000
vt 0.50000000 0.50000000
vt 0.50000000 0.50000000
vt 0.50000000 0.50000000
vt 0.50000000 0.50000000
vt 0.50000000 0.50000000
vt 0.50000000 0.50000000
vt 0.50000000 0.50000000
vt 0.50000000 0.50000000
vt 0.50000000 0.50000000
vt 0.50000000 0.50000000
vt 0.50000000 0.50000000
vt 0.50000000 0.50000000
vt 0.50000000 0.50000000
vt 0.50000000 0.50000000
vt 0.50000000 0.50000000
vt 0.50000000 0.50000000
vt 0.50000000 0.50000000
vt 0.50000000 0.50000000
vt 0.50000000 0.50000000
vt 0.50000000 0.50000000
vt 0.50000000 0.50000000
vt 0.50000000 0.50000000
vt 0.50000000 0.50000000
vt 0.50000000 0.50000000
vt 0.50000000 0.50000000
vt 0.50000000 0.50000000
vt 0.50000000 0.50000000
vt 0.50000000 0.50000000
vt 0.50000000 0.50000000
vt 0.50000000 0.50000000
vt 0.50000000 0.50000000
vt 0.50000000 0.50000000
vt 0.50000000 0.50000000
vt 0.50000000 0.50000000
vt 0.50000000 0.50000000
vt 0.50000000 0.50000000
vt 0.50000000 0.50000000
vt 0.50000000 0.50000000
vt 0.50000000 0.50000000
vt 0.50000000 0.50000000
vt 0.50000000 0.50000000
vt 0.50000000 0.50000000
vt 0.50000000 0.50000000
vt 0.50000000 0.50000000
vt 0.50000000 0.50000000
vt 0.50000000 0.50000000
vt 0.50000000 0.50000000
vt 0.50000000 0.50000000
vt 0.50000000 0.50000000
vt 0.50000000 0.50000000
vt 0.50000000 0.50000000
vt 0.50000000 0.50000000
vt 0.50000000 0.50000000
vt 0.50000000 0.50000000
vt 0.50000000 0.50000000
vt 0.50000000 0.50000000
vt 0.50000000 0.50000000
vt 0.50000000 0.50000000
vt 0.50000000 0.50000000
vt 0.50000000 0.50000000
vt 0.50000000 0.50000000
vt 0.50000000 0.50000000
vt 0.50000000 0.50000000
vt 0.50000000 0.50000000
vt 0.50000000 0.50000000
vt 0.50000000 0.50000000
vt 0.50000000 0.50000000
vt 0.50000000 0.50000000
vt 0.50000000 0.50000000
vt 0.50000000 0.50000000
vt 0.50000000 0.50000000
vt 0.50000000 0.50000000
vt 0.50000000 0.50000000
vt 0.50000000 0.50000000
vt 0.50000000 0.50000000
vt 0.50000000 0.50000000
vt 0.50000000 0.50000000
vt 0.50000000 0.50000000
vt 0.50000000 0.50000000
vt 0.50000000 0.50000000
vt 0.50000000 0.50000000
vt 0.50000000 0.50000000
vt 0.50000000 0.50000000
vt 0.50000000 0.50000000
vt 0.50000000 0.50000000
vt 0.50000000 0.50000000
vt 0.50000000 0.50000000
vt 0.50000000 0.50000000
vt 0.50000000 0.50000000
vt 0.50000000 0.50000000
vt 0.50000000 0.50000000
vt 0.50000000 0.50000000
vt 0.50000000 0.50000000
vt 0.50000000 0.50000000
vt 0.50000000 0.50000000
vt 0.50000000 0.50000000
vt 0.50000000 0.50000000
vt 0.50000000 0.50000000
vt 0.50000000 0.50000000
vt 0.50000000 0.50000000
vt 0.50000000 0.50000000
vt 0.50000000 0.50000000
vt 0.50000000 0.50000000
vt 0.50000000 0.50000000
vt 0.50000000 0.50000000
vt 0.50000000 0.50000000
vt 0.50000000 0.50000000
vt 0.50000000 0.50000000
vt 0.50000000 0.50000000
vt 0.50000000 0.50000000
vt 0.50000000 0.50000000
vt 0.50000000 0.50000000
vt 0.50000000 0.50000000
vt 0.50000000 0.50000000
vt 0.50000000 0.50000000
vt 0.50000000 0.50000000
vt 0.50000000 0.50000000
vt 0.50000000 0.50000000
vt 0.50000000 0.50000000
vt 0.50000000 0.50000000
vt 0.50000000 0.50000000
vt 0.50000000 0.50000000
vt 0.50000000 0.50000000
vt 0.50000000 0.50000000
vt 0.50000000 0.50000000
vt 0.50000000 0.50000000
vt 0.50000000 0.50000000
vt 0.50000000 0.50000000
vt 0.50000000 0.50000000
vt 0.50000000 0.50000000
vt 0.50000000 0.50000000
vt 0.50000000 0.50000000
vt 0.50000000 0.50000000
vt 0.50000000 0.50000000
vt 0.50000000 0.50000000
vt 0.50000000 0.50000000
vt 0.50000000 0.50000000
vt 0.50000000 0.50000000
vt 0.50000000 0.50000000
vt 0.50000000 0.50000000
vt 0.50000000 0.50000000
vt 0.50000000 0.50000000
vt 0.50000000 0.50000000
vt 0.50000000 0.50000000
vt 0.50000000 0.50000000
vt 0.50000000 0.50000000
vt 0.50000000 0.50000000
vt 0.50000000 0.50000000
vt 0.50000000 0.50000000
vt 0.50000000 0.50000000
vt 0.50000000 0.50000000
vt 0.50000000 0.50000000
vt 0.50000000 0.50000000
vt 0.50000000 0.50000000
vt 0.50000000 0.50000000
vt 0.50000000 0.50000000
vt 0.50000000 0.50000000
vt 0.50000000 0.50000000
vt 0.50000000 0.50000000
vt 0.50000000 0.50000000
vt 0.50000000 0.50000000
vt 0.50000000 0.50000000
vt 0.50000000 0.50000000
vt 0.50000000 0.50000000
vt 0.50000000 0.50000000
vt 0.50000000 0.50000000
vt 0.50000000 0.50000000
vt 0.50000000 0.50000000
vt 0.50000000 0.50000000
vt 0.50000000 0.50000000
vt 0.50000000 0.50000000
vt 0.50000000 0.50000000
vt 0.50000000 0.50000000
vt 0.50000000 0.50000000
vt 0.50000000 0.50000000
vt 0.50000000 0.50000000
vt 0.50000000 0.50000000
vt 0.50000000 0.50000000
vt 0.50000000 0.50000000
vt 0.50000000 0.50000000
vt 0.50000000 0.50000000
vt 0.50000000 0.50000000
vt 0.50000000 0.50000000
vt 0.50000000 0.50000000
vt 0.50000000 0.50000000
vt 0.50000000 0.50000000
vt 0.50000000 0.50000000
vt 0.50000000 0.50000000
vt 0.50000000 0.50000000
vt 0.50000000 0.50000000
vt 0.50000000 0.50000000
vt 0.50000000 0.50000000
vt 0.50000000 0.50000000
vt 0.50000000 0.50000000
vt 0.50000000 0.50000000
vt 0.50000000 0.50000000
vt 0.50000000 0.50000000
vt 0.50000000 0.50000000
vt 0.50000000 0.50000000
vt 0.50000000 0.50000000
vt 0.50000000 0.50000000
vt 0.50000000 0.50000000
vt 0.50000000 0.50000000
vt 0.50000000 0.50000000
vt 0.50000000 0.50000000
vt 0.50000000 0.50000000
vt 0.50000000 0.50000000
vt 0.50000000 0.50000000
vt 0.50000000 0.50000000
vt 0.50000000 0.50000000
vt 0.50000000 0.50000000
vt 0.50000000 0.50000000
vt 0.50000000 0.50000000
vt 0.50000000 0.50000000
vt 0.50000000 0.50000000
vt 0.50000000 0.50000000
vt 0.50000000 0.50000000
vt 0.50000000 0.50000000
vt 0.50000000 0.50000000
vt 0.50000000 0.50000000
vt 0.50000000 0.50000000
vt 0.50000000 0.50000000
vt 0.50000000 0.50000000
vt 0.50000000 0.50000000
vt 0.50000000 0.50000000
vt 0.50000000 0.50000000
vt 0.50000000 0.50000000
vt 0.50000000 0.50000000
vt 0.50000000 0.50000000
vt 0.50000000 0.50000000
vt 0.50000000 0.50000000
vt 0.50000000 0.50000000
vt 0.50000000 0.50000000
vt 0.50000000 0.50000000
vt 0.50000000 0.50000000
vt 0.50000000 0.50000000
vt 0.50000000 0.50000000
vt 0.50000000 0.50000000
vt 0.50000000 0.50000000
vt 0.50000000 0.50000000
vt 0.50000000 0.50000000
vt 0.50000000 0.50000000
vt 0.50000000 0.50000000
vt 0.50000000 0.50000000
vt 0.50000000 0.50000000
vt 0.50000000 0.50000000
vt 0.50000000 0.50000000
vt 0.50000000 0.50000000
vt 0.50000000 0.50000000
vt 0.50000000 0.50000000
vt 0.50000000 0.50000000
vt 0.50000000 0.50000000
vt 0.50000000 0.50000000
vt 0.50000000 0.50000000
vt 0.50000000 0.50000000
vt 0.50000000 0.50000000
vt 0.50000000 0.50000000
vt 0.50000000 0.50000000
vt 0.50000000 0.50000000
vt 0.50000000 0.50000000
vt 0.50000000 0.50000000
vt 0.50000000 0.50000000
vt 0.50000000 0.50000000
vt 0.50000000 0.50000000
vt 0.50000000 0.50000000
vt 0.50000000 0.50000000
vt 0.50000000 0.50000000
vt 0.50000000 0.50000000
vt 0.50000000 0.50000000
vt 0.50000000 0.50000000
vt 0.50000000 0.50000000
vt 0.50000000 0.50000000
vt 0.50000000 0.50000000
vt 0.50000000 0.50000000
vt 0.50000000 0.50000000
vt 0.50000000 0.50000000
vt 0.50000000 0.50000000
vt 0.50000000 0.50000000
vt 0.50000000 0.50000000
vt 0.50000000 0.50000000
vt 0.50000000 0.50000000
vt 0.50000000 0.50000000
vt 0.50000000 0.50000000
vt 0.50000000 0.50000000
vt 0.50000000 0.50000000
vt 0.50000000 0.50000000
vt 0.50000000 0.50000000
vt 0.50000000 0.50000000
vt 0.50000000 0.50000000
vt 0.50000000 0.50000000
vt 0.50000000 0.50000000
vt 0.50000000 0.50000000
vt 0.50000000 0.50000000
vt 0.50000000 0.50000000
vt 0.50000000 0.50000000
vt 0.50000000 0.50000000
vt 0.50000000 0.50000000
vt 0.50000000 0.50000000
vt 0.50000000 0.50000000
vt 0.50000000 0.50000000
vt 0.50000000 0.50000000
vt 0.50000000 0.50000000
vt 0.50000000 0.50000000
vt 0.50000000 0.50000000
vt 0.50000000 0.50000000
vt 0.50000000 0.50000000
vt 0.50000000 0.50000000
vt 0.50000000 0.50000000
vt 0.50000000 0.50000000
vt 0.50000000 0.50000000
vt 0.50000000 0.50000000
vt 0.50000000 0.50000000
vt 0.50000000 0.50000000
vt 0.50000000 0.50000000
vt 0.50000000 0.50000000
vt 0.50000000 0.50000000
vt 0.50000000 0.50000000
vt 0.50000000 0.50000000
vt 0.50000000 0.50000000
vt 0.50000000 0.50000000
vt 0.50000000 0.50000000
vt 0.50000000 0.50000000
vt 0.50000000 0.50000000
vt 0.50000000 0.50000000
vt 0.50000000 0.50000000
vt 0.50000000 0.50000000
vt 0.50000000 0.50000000
vt 0.50000000 0.50000000
vt 0.50000000 0.50000000
vt 0.50000000 0.50000000
vt 0.50000000 0.50000000
vt 0.50000000 0.50000000
vt 0.50000000 0.50000000
vt 0.50000000 0.50000000
vt 0.50000000 0.50000000
vt 0.50000000 0.50000000
vt 0.50000000 0.50000000
vt 0.50000000 0.50000000
vt 0.50000000 0.50000000
vt 0.50000000 0.50000000
vt 0.50000000 0.50000000
vt 0.50000000 0.50000000
vt 0.50000000 0.50000000
vt 0.50000000 0.50000000
vt 0.50000000 0.50000000
vt 0.50000000 0.50000000
vt 0.50000000 0.50000000
vt 0.50000000 0.50000000
vt 0.50000000 0.50000000
vt 0.50000000 0.50000000
vt 0.50000000 0.50000000
vt 0.50000000 0.50000000
vt 0.50000000 0.50000000
vt 0.50000000 0.50000000
vt 0.50000000 0.50000000
vt 0.50000000 0.50000000
vt 0.50000000 0.50000000
vt 0.50000000 0.50000000
vt 0.50000000 0.50000000
vt 0.50000000 0.50000000
vt 0.50000000 0.50000000
vt 0.50000000 0.50000000
vt 0.50000000 0.50000000
vt 0.50000000 0.50000000
vt 0.50000000 0.50000000
vt 0.50000000 0.50000000
vt 0.50000000 0.50000000
vt 0.50000000 0.50000000
vt 0.50000000 0.50000000
vt 0.50000000 0.50000000
vt 0.50000000 0.50000000
vt 0.50000000 0.50000000
vt 0.50000000 0.50000000
vt 0.50000000 0.50000000
vt 0.50000000 0.50000000
vt 0.50000000 0.50000000
vt 0.50000000 0.50000000
vt 0.50000000 0.50000000
vt 0.50000000 0.50000000
vt 0.50000000 0.50000000
vt 0.50000000 0.50000000
vt 0.50000000 0.50000000
vt 0.50000000 0.50000000
vt 0.50000000 0.50000000
vt 0.50000000 0.50000000
vt 0.50000000 0.50000000
vt 0.50000000 0.50000000
vt 0.50000000 0.50000000
vt 0.50000000 0.50000000
vt 0.50000000 0.50000000
vt 0.50000000 0.50000000
vt 0.50000000 0.50000000
vt 0.50000000 0.50000000
vt 0.50000000 0.50000000
vt 0.50000000 0.50000000
vt 0.50000000 0.50000000
vt 0.50000000 0.50000000
vt 0.50000000 0.50000000
vt 0.50000000 0.50000000
vt 0.50000000 0.50000000
vt 0.50000000 0.50000000
vt 0.50000000 0.50000000
vt 0.50000000 0.50000000
vt 0.50000000 0.50000000
vt 0.50000000 0.50000000
vt 0.50000000 0.50000000
vt 0.50000000 0.50000000
vt 0.50000000 0.50000000
vt 0.50000000 0.50000000
vt 0.50000000 0.50000000
vt 0.50000000 0.50000000
vt 0.50000000 0.50000000
vt 0.50000000 0.50000000
vt 0.50000000 0.50000000
vt 0.50000000 0.50000000
vt 0.50000000 0.50000000
vt 0.50000000 0.50000000
vt 0.50000000 0.50000000
vt 0.50000000 0.50000000
vt 0.50000000 0.50000000
vt 0.50000000 0.50000000
vt 0.50000000 0.50000000
vt 0.50000000 0.50000000
vt 0.50000000 0.50000000
vt 0.50000000 0.50000000
vt 0.50000000 0.50000000
vt 0.50000000 0.50000000
vt 0.50000000 0.50000000
vt 0.50000000 0.50000000
vt 0.50000000 0.50000000
vt 0.50000000 0.50000000
vt 0.50000000 0.50000000
vt 0.50000000 0.50000000
vt 0.50000000 0.50000000
vt 0.50000000 0.50000000
vt 0.50000000 0.50000000
vt 0.50000000 0.50000000
vt 0.50000000 0.50000000
vt 0.50000000 0.50000000
vt 0.50000000 0.50000000
vt 0.50000000 0.50000000
vt 0.50000000 0.50000000
vt 0.50000000 0.50000000
vt 0.50000000 0.50000000
vt 0.50000000 0.50000000
vt 0.50000000 0.50000000
vt 0.50000000 0.50000000
vt 0.50000000 0.50000000
vt 0.50000000 0.50000000
vt 0.50000000 0.50000000
vt 0.50000000 0.50000000
vt 0.50000000 0.50000000
vt 0.50000000 0.50000000
vt 0.50000000 0.50000000
vt 0.50000000 0.50000000
vt 0.50000000 0.50000000
vt 0.50000000 0.50000000
vt 0.50000000 0.50000000
vt 0.50000000 0.50000000
vt 0.50000000 0.50000000
vt 0.50000000 0.50000000
vt 0.50000000 0.50000000
vt 0.50000000 0.50000000
vt 0.50000000 0.50000000
vt 0.50000000 0.50000000
vt 0.50000000 0.50000000
vt 0.50000000 0.50000000
vt 0.50000000 0.50000000
vt 0.50000000 0.50000000
vt 0.50000000 0.50000000
vt 0.50000000 0.50000000
vt 0.50000000 0.50000000
vt 0.50000000 0.50000000
vt 0.50000000 0.50000000
vt 0.50000000 0.50000000
vt 0.50000000 0.50000000
vt 0.50000000 0.50000000
vt 0.50000000 0.50000000
vt 0.50000000 0.50000000
vt 0.50000000 0.50000000
vt 0.50000000 0.50000000
vt 0.50000000 0.50000000
vt 0.50000000 0.50000000
vt 0.50000000 0.50000000
vt 0.50000000 0.50000000
vt 0.50000000 0.50000000
vt 0.50000000 0.50000000
vt 0.50000000 0.50000000
vt 0.50000000 0.50000000
vt 0.50000000 0.50000000
vt 0.50000000 0.50000000
vt 0.50000000 0.50000000
vt 0.50000000 0.50000000
vt 0.50000000 0.50000000
vt 0.50000000 0.50000000
vt 0.50000000 0.50000000
vt 0.50000000 0.50000000
vt 0.50000000 0.50000000
vt 0.50000000 0.50000000
vt 0.50000000 0.50000000
vt 0.50000000 0.50000000
vt 0.50000000 0.50000000
vt 0.50000000 0.50000000
vt 0.50000000 0.50000000
vt 0.50000000 0.50000000
vt 0.50000000 0.50000000
vt 0.50000000 0.50000000
vt 0.50000000 0.50000000
vt 0.50000000 0.50000000
vt 0.50000000 0.50000000
vt 0.50000000 0.50000000
vt 0.50000000 0.50000000
vt 0.50000000 0.50000000
vt 0.50000000 0.50000000
vt 0.50000000 0.50000000
vt 0.50000000 0.50000000
vt 0.50000000 0.50000000
vt 0.50000000 0.50000000
vt 0.50000000 0.50000000
vt 0.50000000 0.50000000
vt 0.50000000 0.50000000
vt 0.50000000 0.50000000
vt 0.50000000 0.50000000
vt 0.50000000 0.50000000
vt 0.50000000 0.50000000
vt 0.50000000 0.50000000
vt 0.50000000 0.50000000
vt 0.50000000 0.50000000
vt 0.50000000 0.50000000
vt 0.50000000 0.50000000
vt 0.50000000 0.50000000
vt 0.50000000 0.50000000
vt 0.50000000 0.50000000
vt 0.50000000 0.50000000
vt 0.50000000 0.50000000
vt 0.50000000 0.50000000
vt 0.50000000 0.50000000
vt 0.50000000 0.50000000
vt 0.50000000 0.50000000
vt 0.50000000 0.50000000
vt 0.50000000 0.50000000
vt 0.50000000 0.50000000
vt 0.50000000 0.50000000
vt 0.50000000 0.50000000
vt 0.50000000 0.50000000
vt 0.50000000 0.50000000
vt 0.50000000 0.50000000
vt 0.50000000 0.50000000
vt 0.50000000 0.50000000
vt 0.50000000 0.50000000
vt 0.50000000 0.50000000
vt 0.50000000 0.50000000
vt 0.50000000 0.50000000
vt 0.50000000 0.50000000
vt 0.50000000 0.50000000
vt 0.50000000 0.50000000
vt 0.50000000 0.50000000
vt 0.50000000 0.50000000
vt 0.50000000 0.50000000
vt 0.50000000 0.50000000
vt 0.50000000 0.50000000
vt 0.50000000 0.50000000
vt 0.50000000 0.50000000
vt 0.50000000 0.50000000
vt 0.50000000 0.50000000
vt 0.50000000 0.50000000
vt 0.50000000 0.50000000
vt 0.50000000 0.50000000
vt 0.50000000 0.50000000
vt 0.50000000 0.50000000
vt 0.50000000 0.50000000
vt 0.50000000 0.50000000
vt 0.50000000 0.50000000
vt 0.50000000 0.50000000
vt 0.50000000 0.50000000
vt 0.50000000 0.50000000
vt 0.50000000 0.50000000
vt 0.50000000 0.50000000
vt 0.50000000 0.50000000
vt 0.50000000 0.50000000
vt 0.50000000 0.50000000
vt 0.50000000 0.50000000
vt 0.50000000 0.50000000
vt 0.50000000 0.50000000
vt 0.50000000 0.50000000
vt 0.50000000 0.50000000
vt 0.50000000 0.50000000
vt 0.50000000 0.50000000
vt 0.50000000 0.50000000
vt 0.50000000 0.50000000
vt 0.50000000 0.50000000
vt 0.50000000 0.50000000
vt 0.50000000 0.50000000
vt 0.50000000 0.50000000
vt 0.50000000 0.50000000
vt 0.50000000 0.50000000
vt 0.50000000 0.50000000
vt 0.50000000 0.50000000
vt 0.50000000 0.50000000
vt 0.50000000 0.50000000
vt 0.50000000 0.50000000
vt 0.50000000 0.50000000
vt 0.50000000 0.50000000
vt 0.50000000 0.50000000
vt 0.50000000 0.50000000
vt 0.50000000 0.50000000
vt 0.50000000 0.50000000
vt 0.50000000 0.50000000
vt 0.50000000 0.50000000
vt 0.50000000 0.50000000
vt 0.50000000 0.50000000
vt 0.50000000 0.50000000
vt 0.50000000 0.50000000
vt 0.50000000 0.50000000
vt 0.50000000 0.50000000
vt 0.50000000 0.50000000
vt 0.50000000 0.50000000
vt 0.50000000 0.50000000
vt 0.50000000 0.50000000
vt 0.50000000 0.50000000
vt 0.50000000 0.50000000
vt 0.50000000 0.50000000
vt 0.50000000 0.50000000
vt 0.50000000 0.50000000
vt 0.50000000 0.50000000
vt 0.50000000 0.50000000
vt 0.50000000 0.50000000
vt 0.50000000 0.50000000
vt 0.50000000 0.50000000
vt 0.50000000 0.50000000
vt 0.50000000 0.50000000
vt 0.50000000 0.50000000
vt 0.50000000 0.50000000
vt 0.50000000 0.50000000
vt 0.50000000 0.50000000
vt 0.50000000 0.50000000
vt 0.50000000 0.50000000
vt 0.50000000 0.50000000
vt 0.50000000 0.50000000
vt 0.50000000 0.50000000
vt 0.50000000 0.50000000
vt 0.50000000 0.50000000
vt 0.50000000 0.50000000
vt 0.50000000 0.50000000
vt 0.50000000 0.50000000
vt 0.50000000 0.50000000
vt 0.50000000 0.50000000
vt 0.50000000 0.50000000
vt 0.50000000 0.50000000
vt 0.50000000 0.50000000
vt 0.50000000 0.50000000
vt 0.50000000 0.50000000
vt 0.50000000 0.50000000
vt 0.50000000 0.50000000
vt 0.50000000 0.50000000
vt 0.50000000 0.50000000
vt 0.50000000 0.50000000
vt 0.50000000 0.50000000
vt 0.50000000 0.50000000
vt 0.50000000 0.50000000
vt 0.50000000 0.50000000
vt 0.50000000 0.50000000
vt 0.50000000 0.50000000
vt 0.50000000 0.50000000
vt 0.50000000 0.50000000
vt 0.50000000 0.50000000
vt 0.50000000 0.50000000
vt 0.50000000 0.50000000
vt 0.50000000 0.50000000
vt 0.50000000 0.50000000
vt 0.50000000 0.50000000
vt 0.50000000 0.50000000
vt 0.50000000 0.50000000
vt 0.50000000 0.50000000
vt 0.50000000 0.50000000
vt 0.50000000 0.50000000
vt 0.50000000 0.50000000
vt 0.50000000 0.50000000
vt 0.50000000 0.50000000
vt 0.50000000 0.50000000
vt 0.50000000 0.50000000
vt 0.50000000 0.50000000
vt 0.50000000 0.50000000
vt 0.50000000 0.50000000
vt 0.50000000 0.50000000
vt 0.50000000 0.50000000
vt 0.50000000 0.50000000
vt 0.50000000 0.50000000
vt 0.50000000 0.50000000
vt 0.50000000 0.50000000
vt 0.50000000 0.50000000
vt 0.50000000 0.50000000
vt 0.50000000 0.50000000
vt 0.50000000 0.50000000
vt 0.50000000 0.50000000
vt 0.50000000 0.50000000
vt 0.50000000 0.50000000
vt 0.50000000 0.50000000
vt 0.50000000 0.50000000
vt 0.50000000 0.50000000
vt 0.50000000 0.50000000
vt 0.50000000 0.50000000
vt 0.50000000 0.50000000
vt 0.50000000 0.50000000
vt 0.50000000 0.50000000
vt 0.50000000 0.50000000
vt 0.50000000 0.50000000
vt 0.50000000 0.50000000
vt 0.50000000 0.50000000
vt 0.50000000 0.50000000
vt 0.50000000 0.50000000
vt 0.50000000 0.50000000
vt 0.50000000 0.50000000
vt 0.50000000 0.50000000
vt 0.50000000 0.50000000
vt 0.50000000 0.50000000
vt 0.50000000 0.50000000
vt 0.50000000 0.50000000
vt 0.50000000 0.50000000
vt 0.50000000 0.50000000
vt 0.50000000 0.50000000
vt 0.50000000 0.50000000
vt 0.50000000 0.50000000
vt 0.50000000 0.50000000
vt 0.50000000 0.50000000
vt 0.50000000 0.50000000
vt 0.50000000 0.50000000
vt 0.50000000 0.50000000
vt 0.50000000 0.50000000
vt 0.50000000 0.50000000
vt 0.50000000 0.50000000
vt 0.50000000 0.50000000
vt 0.50000000 0.50000000
vt 0.50000000 0.50000000
vt 0.50000000 0.50000000
vt 0.50000000 0.50000000
vt 0.50000000 0.50000000
vt 0.50000000 0.50000000
vt 0.50000000 0.50000000
vt 0.50000000 0.50000000
vt 0.50000000 0.50000000
vt 0.50000000 0.50000000
vt 0.50000000 0.50000000
vt 0.50000000 0.50000000
vt 0.50000000 0.50000000
vt 0.50000000 0.50000000
vt 0.50000000 0.50000000
vt 0.50000000 0.50000000
vt 0.50000000 0.50000000
vt 0.50000000 0.50000000
vt 0.50000000 0.50000000
vt 0.50000000 0.50000000
vt 0.50000000 0.50000000
vt 0.50000000 0.50000000
vt 0.50000000 0.50000000
vt 0.50000000 0.50000000
vt 0.50000000 0.50000000
vt 0.50000000 0.50000000
vt 0.50000000 0.50000000
vt 0.50000000 0.50000000
vt 0.50000000 0.50000000
vt 0.50000000 0.50000000
vt 0.50000000 0.50000000
vt 0.50000000 0.50000000
vt 0.50000000 0.50000000
vt 0.50000000 0.50000000
vt 0.50000000 0.50000000
vt 0.50000000 0.50000000
vt 0.50000000 0.50000000
vt 0.50000000 0.50000000
vt 0.50000000 0.50000000
vt 0.50000000 0.50000000
vt 0.50000000 0.50000000
vt 0.50000000 0.50000000
vt 0.50000000 0.50000000
vt 0.50000000 0.50000000
vt 0.50000000 0.50000000
vt 0.50000000 0.50000000
vt 0.50000000 0.50000000
vt 0.50000000 0.50000000
vt 0.50000000 0.50000000
vt 0.50000000 0.50000000
vt 0.50000000 0.50000000
vt 0.50000000 0.50000000
vt 0.50000000 0.50000000
vt 0.50000000 0.50000000
vt 0.50000000 0.50000000
vt 0.50000000 0.50000000
vt 0.50000000 0.50000000
vt 0.50000000 0.50000000
vt 0.50000000 0.50000000
vt 0.50000000 0.50000000
vt 0.50000000 0.50000000
vt 0.50000000 0.50000000
vt 0.50000000 0.50000000
vt 0.50000000 0.50000000
vt 0.50000000 0.50000000
vt 0.50000000 0.50000000
vt 0.50000000 0.50000000
vt 0.50000000 0.50000000
vt 0.50000000 0.50000000
vt 0.50000000 0.50000000
vt 0.50000000 0.50000000
vt 0.50000000 0.50000000
vt 0.50000000 0.50000000
vt 0.50000000 0.50000000
vt 0.50000000 0.50000000
vt 0.50000000 0.50000000
vt 0.50000000 0.50000000
vt 0.50000000 0.50000000
vt 0.50000000 0.50000000
vt 0.50000000 0.50000000
vt 0.50000000 0.50000000
vt 0.50000000 0.50000000
vt 0.50000000 0.50000000
vt 0.50000000 0.50000000
vt 0.50000000 0.50000000
vt 0.50000000 0.50000000
vt 0.50000000 0.50000000
vt 0.50000000 0.50000000
vt 0.50000000 0.50000000
vt 0.50000000 0.50000000
vt 0.50000000 0.50000000
vt 0.50000000 0.50000000
vt 0.50000000 0.50000000
vt 0.50000000 0.50000000
vt 0.50000000 0.50000000
vt 0.50000000 0.50000000
vt 0.50000000 0.50000000
vt 0.50000000 0.50000000
vt 0.50000000 0.50000000
vt 0.50000000 0.50000000
vt 0.50000000 0.50000000
vt 0.50000000 0.50000000
vt 0.50000000 0.50000000
vt 0.50000000 0.50000000
vt 0.50000000 0.50000000
vt 0.50000000 0.50000000
vt 0.50000000 0.50000000
vt 0.50000000 0.50000000
vt 0.50000000 0.50000000
vt 0.50000000 0.50000000
vt 0.50000000 0.50000000
vt 0.50000000 0.50000000
vt 0.50000000 0.50000000
vt 0.50000000 0.50000000
vt 0.50000000 0.50000000
vt 0.50000000 0.50000000
vt 0.50000000 0.50000000
vt 0.50000000 0.50000000
vt 0.50000000 0.50000000
vt 0.50000000 0.50000000
vt 0.50000000 0.50000000
vt 0.50000000 0.50000000
vt 0.50000000 0.50000000
vt 0.50000000 0.50000000
vt 0.50000000 0.50000000
vt 0.50000000 0.50000000
vt 0.50000000 0.50000000
vt 0.50000000 0.50000000
vt 0.50000000 0.50000000
vt 0.50000000 0.50000000
vt 0.50000000 0.50000000
vt 0.50000000 0.50000000
vt 0.50000000 0.50000000
vt 0.50000000 0.50000000
vt 0.50000000 0.50000000
vt 0.50000000 0.50000000
vt 0.50000000 0.50000000
vt 0.50000000 0.50000000
vt 0.50000000 0.50000000
vt 0.50000000 0.50000000
vt 0.50000000 0.50000000
vt 0.50000000 0.50000000
vt 0.50000000 0.50000000
vt 0.50000000 0.50000000
vt 0.50000000 0.50000000
vt 0.50000000 0.50000000
vt 0.50000000 0.50000000
vt 0.50000000 0.50000000
vt 0.50000000 0.50000000
vt 0.50000000 0.50000000
vt 0.50000000 0.50000000
vt 0.50000000 0.50000000
vt 0.50000000 0.50000000
vt 0.50000000 0.50000000
vt 0.50000000 0.50000000
vt 0.50000000 0.50000000
vt 0.50000000 0.50000000
vt 0.50000000 0.50000000
vt 0.50000000 0.50000000
vt 0.50000000 0.50000000
vt 0.50000000 0.50000000
vt 0.50000000 0.50000000
vt 0.50000000 0.50000000
vt 0.50000000 0.50000000
vt 0.50000000 0.50000000
vt 0.50000000 0.50000000
vt 0.50000000 0.50000000
vt 0.50000000 0.50000000
vt 0.50000000 0.50000000
vt 0.50000000 0.50000000
vt 0.50000000 0.50000000
vt 0.50000000 0.50000000
vt 0.50000000 0.50000000
vt 0.50000000 0.50000000
vt 0.50000000 0.50000000
vt 0.50000000 0.50000000
vt 0.50000000 0.50000000
vt 0.50000000 0.50000000
vt 0.50000000 0.50000000
vt 0.50000000 0.50000000
vt 0.50000000 0.50000000
vt 0.50000000 0.50000000
vt 0.50000000 0.50000000
vt 0.50000000 0.50000000
vt 0.50000000 0.50000000
vt 0.50000000 0.50000000
vt 0.50000000 0.50000000
vt 0.50000000 0.50000000
vt 0.50000000 0.50000000
vt 0.50000000 0.50000000
vt 0.50000000 0.50000000
vt 0.50000000 0.50000000
vt 0.50000000 0.50000000
vt 0.50000000 0.50000000
vt 0.50000000 0.50000000
vt 0.50000000 0.50000000
vt 0.50000000 0.50000000
vt 0.50000000 0.50000000
vt 0.50000000 0.50000000
vt 0.50000000 0.50000000
vt 0.50000000 0.50000000
vt 0.50000000 0.50000000
vt 0.50000000 0.50000000
vt 0.50000000 0.50000000
vt 0.50000000 0.50000000
vt 0.50000000 0.50000000
vt 0.50000000 0.50000000
vt 0.50000000 0.50000000
vt 0.50000000 0.50000000
vt 0.50000000 0.50000000
vt 0.50000000 0.50000000
vt 0.50000000 0.50000000
vt 0.50000000 0.50000000
vt 0.50000000 0.50000000
vt 0.50000000 0.50000000
vt 0.50000000 0.50000000
vt 0.50000000 0.50000000
vt 0.50000000 0.50000000
vt 0.50000000 0.50000000
vt 0.50000000 0.50000000
vt 0.50000000 0.50000000
vt 0.50000000 0.50000000
vt 0.50000000 0.50000000
vt 0.50000000 0.50000000
vt 0.50000000 0.50000000
vt 0.50000000 0.50000000
vt 0.50000000 0.50000000
vt 0.50000000 0.50000000
vt 0.50000000 0.50000000
vt 0.50000000 0.50000000
vt 0.50000000 0.50000000
vt 0.50000000 0.50000000
vt 0.50000000 0.50000000
vt 0.50000000 0.50000000
vt 0.50000000 0.50000000
vt 0.50000000 0.50000000
vt 0.50000000 0.50000000
vt 0.50000000 0.50000000
vt 0.50000000 0.50000000
vt 0.50000000 0.50000000
vt 0.50000000 0.50000000
vt 0.50000000 0.50000000
vt 0.50000000 0.50000000
vt 0.50000000 0.50000000
vt 0.50000000 0.50000000
vt 0.50000000 0.50000000
vt 0.50000000 0.50000000
vt 0.50000000 0.50000000
vt 0.50000000 0.50000000
vt 0.50000000 0.50000000
vt 0.50000000 0.50000000
vt 0.50000000 0.50000000
vt 0.50000000 0.50000000
vt 0.50000000 0.50000000
vt 0.50000000 0.50000000
vt 0.50000000 0.50000000
vt 0.50000000 0.50000000
vt 0.50000000 0.50000000
vt 0.50000000 0.50000000
vt 0.50000000 0.50000000
vt 0.50000000 0.50000000
vt 0.50000000 0.50000000
vt 0.50000000 0.50000000
vt 0.50000000 0.50000000
vt 0.50000000 0.50000000
vt 0.50000000 0.50000000
vt 0.50000000 0.50000000
vt 0.50000000 0.50000000
vt 0.50000000 0.50000000
vt 0.50000000 0.50000000
vt 0.50000000 0.50000000
vt 0.50000000 0.50000000
vt 0.50000000 0.50000000
vt 0.50000000 0.50000000
vt 0.50000000 0.50000000
vt 0.50000000 0.50000000
vt 0.50000000 0.50000000
vt 0.50000000 0.50000000
vt 0.50000000 0.50000000
vt 0.50000000 0.50000000
vt 0.50000000 0.50000000
vt 0.50000000 0.50000000
vt 0.50000000 0.50000000
vt 0.50000000 0.50000000
vt 0.50000000 0.50000000
vt 0.50000000 0.50000000
vt 0.50000000 0.50000000
vt 0.50000000 0.50000000
vt 0.50000000 0.50000000
vt 0.50000000 0.50000000
vt 0.50000000 0.50000000
vt 0.50000000 0.50000000
vt 0.50000000 0.50000000
vt 0.50000000 0.50000000
vt 0.50000000 0.50000000
vt 0.50000000 0.50000000
vt 0.50000000 0.50000000
vt 0.50000000 0.50000000
vt 0.50000000 0.50000000
vt 0.50000000 0.50000000
vt 0.50000000 0.50000000
vt 0.50000000 0.50000000
vt 0.50000000 0.50000000
vt 0.50000000 0.50000000
vt 0.50000000 0.50000000
vt 0.50000000 0.50000000
vt 0.50000000 0.50000000
vt 0.50000000 0.50000000
vt 0.50000000 0.50000000
vt 0.50000000 0.50000000
vt 0.50000000 0.50000000
vt 0.50000000 0.50000000
vt 0.50000000 0.50000000
vt 0.50000000 0.50000000
vt 0.50000000 0.50000000
vt 0.50000000 0.50000000
vt 0.50000000 0.50000000
vt 0.50000000 0.50000000
vt 0.50000000 0.50000000
vt 0.50000000 0.50000000
vt 0.50000000 0.50000000
vt 0.50000000 0.50000000
vt 0.50000000 0.50000000
vt 0.50000000 0.50000000
vt 0.50000000 0.50000000
vt 0.50000000 0.50000000
vt 0.50000000 0.50000000
vt 0.50000000 0.50000000
vt 0.50000000 0.50000000
vt 0.50000000 0.50000000
vt 0.50000000 0.50000000
vt 0.50000000 0.50000000
vt 0.50000000 0.50000000
vt 0.50000000 0.50000000
vt 0.50000000 0.50000000
vt 0.50000000 0.50000000
vt 0.50000000 0.50000000
vt 0.50000000 0.50000000
vt 0.50000000 0.50000000
vt 0.50000000 0.50000000
vt 0.50000000 0.50000000
vt 0.50000000 0.50000000
vt 0.50000000 0.50000000
vt 0.50000000 0.50000000
vt 0.50000000 0.50000000
vt 0.50000000 0.50000000
vt 0.50000000 0.50000000
vt 0.50000000 0.50000000
vt 0.50000000 0.50000000
vt 0.50000000 0.50000000
vt 0.50000000 0.50000000
vt 0.50000000 0.50000000
vt 0.50000000 0.50000000
vt 0.50000000 0.50000000
vt 0.50000000 0.50000000
vt 0.50000000 0.50000000
vt 0.50000000 0.50000000
vt 0.50000000 0.50000000
vt 0.50000000 0.50000000
vt 0.50000000 0.50000000
vt 0.50000000 0.50000000
vt 0.50000000 0.50000000
vt 0.50000000 0.50000000
vt 0.50000000 0.50000000
vt 0.50000000 0.50000000
vt 0.50000000 0.50000000
vt 0.50000000 0.50000000
vt 0.50000000 0.50000000
vt 0.50000000 0.50000000
vt 0.50000000 0.50000000
vt 0.50000000 0.50000000
vt 0.50000000 0.50000000
vt 0.50000000 0.50000000
vt 0.50000000 0.50000000
vt 0.50000000 0.50000000
vt 0.50000000 0.50000000
vt 0.50000000 0.50000000
vt 0.50000000 0.50000000
vt 0.50000000 0.50000000
vt 0.50000000 0.50000000
vt 0.50000000 0.50000000
vt 0.50000000 0.50000000
vt 0.50000000 0.50000000
vt 0.50000000 0.50000000
vt 0.50000000 0.50000000
vt 0.50000000 0.50000000
vt 0.50000000 0.50000000
vt 0.50000000 0.50000000
vt 0.50000000 0.50000000
vt 0.50000000 0.50000000
vt 0.50000000 0.50000000
vt 0.50000000 0.50000000
vt 0.50000000 0.50000000
vt 0.50000000 0.50000000
vt 0.50000000 0.50000000
vt 0.50000000 0.50000000
vt 0.50000000 0.50000000
vt 0.50000000 0.50000000
vt 0.50000000 0.50000000
vt 0.50000000 0.50000000
vt 0.50000000 0.50000000
vt 0.50000000 0.50000000
vt 0.50000000 0.50000000
vt 0.50000000 0.50000000
vt 0.50000000 0.50000000
vt 0.50000000 0.50000000
vt 0.50000000 0.50000000
vt 0.50000000 0.50000000
vt 0.50000000 0.50000000
vt 0.50000000 0.50000000
vt 0.50000000 0.50000000
vt 0.50000000 0.50000000
vt 0.50000000 0.50000000
vt 0.50000000 0.50000000
vt 0.50000000 0.50000000
vt 0.50000000 0.50000000
vt 0.50000000 0.50000000
vt 0.50000000 0.50000000
vt 0.50000000 0.50000000
vt 0.50000000 0.50000000
vt 0.50000000 0.50000000
vt 0.50000000 0.50000000
vt 0.50000000 0.50000000
vt 0.50000000 0.50000000
vt 0.50000000 0.50000000
vt 0.50000000 0.50000000
vt 0.50000000 0.50000000
vt 0.50000000 0.50000000
vt 0.50000000 0.50000000
vt 0.50000000 0.50000000
vt 0.50000000 0.50000000
vt 0.50000000 0.50000000
vt 0.50000000 0.50000000
vt 0.50000000 0.50000000
vt 0.50000000 0.50000000
vt 0.50000000 0.50000000
vt 0.50000000 0.50000000
vt 0.50000000 0.50000000
vt 0.50000000 0.50000000
vt 0.50000000 0.50000000
vt 0.50000000 0.50000000
vt 0.50000000 0.50000000
vt 0.50000000 0.50000000
vt 0.50000000 0.50000000
vt 0.50000000 0.50000000
vt 0.50000000 0.50000000
vt 0.50000000 0.50000000
vt 0.50000000 0.50000000
vt 0.50000000 0.50000000
vt 0.50000000 0.50000000
vt 0.50000000 0.50000000
vt 0.50000000 0.50000000
vt 0.50000000 0.50000000
vt 0.50000000 0.50000000
vt 0.50000000 0.50000000
vt 0.50000000 0.50000000
vt 0.50000000 0.50000000
vt 0.50000000 0.50000000
vt 0.50000000 0.50000000
vt 0.50000000 0.50000000
vt 0.50000000 0.50000000
vt 0.50000000 0.50000000
vt 0.50000000 0.50000000
vt 0.50000000 0.50000000
vt 0.50000000 0.50000000
vt 0.50000000 0.50000000
vt 0.50000000 0.50000000
vt 0.50000000 0.50000000
vt 0.50000000 0.50000000
vt 0.50000000 0.50000000
vt 0.50000000 0.50000000
vt 0.50000000 0.50000000
vt 0.50000000 0.50000000
vt 0.50000000 0.50000000
vt 0.50000000 0.50000000
vt 0.50000000 0.50000000
vt 0.50000000 0.50000000
vt 0.50000000 0.50000000
vt 0.50000000 0.50000000
vt 0.50000000 0.50000000
vt 0.50000000 0.50000000
vt 0.50000000 0.50000000
vt 0.50000000 0.50000000
vt 0.50000000 0.50000000
vt 0.50000000 0.50000000
vt 0.50000000 0.50000000
vt 0.50000000 0.50000000
vt 0.50000000 0.50000000
vt 0.50000000 0.50000000
vt 0.50000000 0.50000000
vt 0.50000000 0.50000000
vt 0.50000000 0.50000000
vt 0.50000000 0.50000000
vt 0.50000000 0.50000000
vt 0.50000000 0.50000000
vt 0.50000000 0.50000000
vt 0.50000000 0.50000000
vt 0.50000000 0.50000000
vt 0.50000000 0.50000000
vt 0.50000000 0.50000000
vt 0.50000000 0.50000000
vt 0.50000000 0.50000000
vt 0.50000000 0.50000000
vt 0.50000000 0.50000000
vt 0.50000000 0.50000000
vt 0.50000000 0.50000000
vt 0.50000000 0.50000000
vt 0.50000000 0.50000000
vt 0.50000000 0.50000000
vt 0.50000000 0.50000000
vt 0.50000000 0.50000000
vt 0.50000000 0.50000000
vt 0.50000000 0.50000000
vt 0.50000000 0.50000000
vt 0.50000000 0.50000000
vt 0.50000000 0.50000000
vt 0.50000000 0.50000000
vt 0.50000000 0.50000000
vt 0.50000000 0.50000000
vt 0.50000000 0.50000000
vt 0.50000000 0.50000000
vt 0.50000000 0.50000000
vt 0.50000000 0.50000000
vt 0.50000000 0.50000000
vt 0.50000000 0.50000000
vt 0.50000000 0.50000000
vt 0.50000000 0.50000000
vt 0.50000000 0.50000000
vt 0.50000000 0.50000000
vt 0.50000000 0.50000000
vt 0.50000000 0.50000000
vt 0.50000000 0.50000000
vt 0.50000000 0.50000000
vt 0.50000000 0.50000000
vt 0.50000000 0.50000000
vt 0.50000000 0.50000000
vt 0.50000000 0.50000000
vt 0.50000000 0.50000000
vt 0.50000000 0.50000000
vt 0.50000000 0.50000000
vt 0.50000000 0.50000000
vt 0.50000000 0.50000000
vt 0.50000000 0.50000000
vt 0.50000000 0.50000000
vt 0.50000000 0.50000000
vt 0.50000000 0.50000000
vt 0.50000000 0.50000000
vt 0.50000000 0.50000000
vt 0.50000000 0.50000000
vt 0.50000000 0.50000000
vt 0.50000000 0.50000000
vt 0.50000000 0.50000000
vt 0.50000000 0.50000000
vt 0.50000000 0.50000000
vt 0.50000000 0.50000000
vt 0.50000000 0.50000000
vt 0.50000000 0.50000000
vt 0.50000000 0.50000000
vt 0.50000000 0.50000000
vt 0.50000000 0.50000000
vt 0.50000000 0.50000000
vt 0.50000000 0.50000000
vt 0.50000000 0.50000000
vt 0.50000000 0.50000000
vt 0.50000000 0.50000000
vt 0.50000000 0.50000000
vt 0.50000000 0.50000000
vt 0.50000000 0.50000000
vt 0.50000000 0.50000000
vt 0.50000000 0.50000000
vt 0.50000000 0.50000000
vt 0.50000000 0.50000000
vt 0.50000000 0.50000000
vt 0.50000000 0.50000000
vt 0.50000000 0.50000000
vt 0.50000000 0.50000000
vt 0.50000000 0.50000000
vt 0.50000000 0.50000000
vt 0.50000000 0.50000000
vt 0.50000000 0.50000000
vt 0.50000000 0.50000000
vt 0.50000000 0.50000000
vt 0.50000000 0.50000000
vt 0.50000000 0.50000000
vt 0.50000000 0.50000000
vt 0.50000000 0.50000000
vt 0.50000000 0.50000000
vt 0.50000000 0.50000000
vt 0.50000000 0.50000000
vt 0.50000000 0.50000000
vt 0.50000000 0.50000000
vt 0.50000000 0.50000000
vt 0.50000000 0.50000000
vt 0.50000000 0.50000000
vt 0.50000000 0.50000000
vt 0.50000000 0.50000000
vt 0.50000000 0.50000000
vt 0.50000000 0.50000000
vt 0.50000000 0.50000000
vt 0.50000000 0.50000000
vt 0.50000000 0.50000000
vt 0.50000000 0.50000000
vt 0.50000000 0.50000000
vt 0.50000000 0.50000000
vt 0.50000000 0.50000000
vt 0.50000000 0.50000000
vt 0.50000000 0.50000000
vt 0.50000000 0.50000000
vt 0.50000000 0.50000000
vt 0.50000000 0.50000000
vt 0.50000000 0.50000000
vt 0.50000000 0.50000000
vt 0.50000000 0.50000000
vt 0.50000000 0.50000000
vt 0.50000000 0.50000000
vt 0.50000000 0.50000000
vt 0.50000000 0.50000000
vt 0.50000000 0.50000000
vt 0.50000000 0.50000000
vt 0.50000000 0.50000000
vt 0.50000000 0.50000000
vt 0.50000000 0.50000000
vt 0.50000000 0.50000000
vt 0.50000000 0.50000000
vt 0.50000000 0.50000000
vt 0.50000000 0.50000000
vt 0.50000000 0.50000000
vt 0.50000000 0.50000000
vt 0.50000000 0.50000000
vt 0.50000000 0.50000000
vt 0.50000000 0.50000000
vt 0.50000000 0.50000000
vt 0.50000000 0.50000000
vt 0.50000000 0.50000000
vt 0.50000000 0.50000000
vt 0.50000000 0.50000000
vt 0.50000000 0.50000000
vt 0.50000000 0.50000000
vt 0.50000000 0.50000000
vt 0.50000000 0.50000000
vt 0.50000000 0.50000000
vt 0.50000000 0.50000000
vt 0.50000000 0.50000000
vt 0.50000000 0.50000000
vt 0.50000000 0.50000000
vt 0.50000000 0.50000000
vt 0.50000000 0.50000000
vt 0.50000000 0.50000000
vt 0.50000000 0.50000000
vt 0.50000000 0.50000000
vt 0.50000000 0.50000000
vt 0.50000000 0.50000000
vt 0.50000000 0.50000000
vt 0.50000000 0.50000000
vt 0.50000000 0.50000000
vt 0.50000000 0.50000000
vt 0.50000000 0.50000000
vt 0.50000000 0.50000000
vt 0.50000000 0.50000000
vt 0.50000000 0.50000000
vt 0.50000000 0.50000000
vt 0.50000000 0.50000000
vt 0.50000000 0.50000000
vt 0.50000000 0.50000000
vt 0.50000000 0.50000000
vt 0.50000000 0.50000000
vt 0.50000000 0.50000000
vt 0.50000000 0.50000000
vt 0.50000000 0.50000000
vt 0.50000000 0.50000000
vt 0.50000000 0.50000000
vt 0.50000000 0.50000000
vt 0.50000000 0.50000000
vt 0.50000000 0.50000000
vt 0.50000000 0.50000000
vt 0.50000000 0.50000000
vt 0.50000000 0.50000000
vt 0.50000000 0.50000000
vt 0.50000000 0.50000000
vt 0.50000000 0.50000000
vt 0.50000000 0.50000000
vt 0.50000000 0.50000000
vt 0.50000000 0.50000000
vt 0.50000000 0.50000000
vt 0.50000000 0.50000000
vt 0.50000000 0.50000000
vt 0.50000000 0.50000000
vt 0.50000000 0.50000000
vt 0.50000000 0.50000000
vt 0.50000000 0.50000000
vt 0.50000000 0.50000000
vt 0.50000000 0.50000000
vt 0.50000000 0.50000000
vt 0.50000000 0.50000000
vt 0.50000000 0.50000000
vt 0.50000000 0.50000000
vt 0.50000000 0.50000000
vt 0.50000000 0.50000000
vt 0.50000000 0.50000000
vt 0.50000000 0.50000000
vt 0.50000000 0.50000000
vt 0.50000000 0.50000000
vt 0.50000000 0.50000000
vt 0.50000000 0.50000000
vt 0.50000000 0.50000000
vt 0.50000000 0.50000000
vt 0.50000000 0.50000000
vt 0.50000000 0.50000000
vt 0.50000000 0.50000000
vt 0.50000000 0.50000000
vt 0.50000000 0.50000000
vt 0.50000000 0.50000000
vt 0.50000000 0.50000000
vt 0.50000000 0.50000000
vt 0.50000000 0.50000000
vt 0.50000000 0.50000000
vt 0.50000000 0.50000000
vt 0.50000000 0.50000000
vt 0.50000000 0.50000000
vt 0.50000000 0.50000000
vt 0.50000000 0.50000000
vt 0.50000000 0.50000000
vt 0.50000000 0.50000000
vt 0.50000000 0.50000000
vt 0.50000000 0.50000000
vt 0.50000000 0.50000000
vt 0.50000000 0.50000000
vt 0.50000000 0.50000000
vt 0.50000000 0.50000000
vt 0.50000000 0.50000000
vt 0.50000000 0.50000000
vt 0.50000000 0.50000000
vt 0.50000000 0.50000000
vt 0.50000000 0.50000000
vt 0.50000000 0.50000000
vt 0.50000000 0.50000000
vt 0.50000000 0.50000000
vt 0.50000000 0.50000000
vt 0.50000000 0.50000000
vt 0.50000000 0.50000000
vt 0.50000000 0.50000000
vt 0.50000000 0.50000000
vt 0.50000000 0.50000000
vt 0.50000000 0.50000000
vt 0.50000000 0.50000000
vt 0.50000000 0.50000000
vt 0.50000000 0.50000000
vt 0.50000000 0.50000000
vt 0.50000000 0.50000000
vt 0.50000000 0.50000000
vt 0.50000000 0.50000000
vt 0.50000000 0.50000000
vt 0.50000000 0.50000000
vt 0.50000000 0.50000000
vt 0.50000000 0.50000000
vt 0.50000000 0.50000000
vt 0.50000000 0.50000000
vt 0.50000000 0.50000000
vt 0.50000000 0.50000000
vt 0.50000000 0.50000000
vt 0.50000000 0.50000000
vt 0.50000000 0.50000000
vt 0.50000000 0.50000000
vt 0.50000000 0.50000000
vt 0.50000000 0.50000000
vt 0.50000000 0.50000000
vt 0.50000000 0.50000000
vt 0.50000000 0.50000000
vt 0.50000000 0.50000000
vt 0.50000000 0.50000000
vt 0.50000000 0.50000000
vt 0.50000000 0.50000000
vt 0.50000000 0.50000000
vt 0.50000000 0.50000000
vt 0.50000000 0.50000000
vt 0.50000000 0.50000000
vt 0.50000000 0.50000000
vt 0.50000000 0.50000000
vt 0.50000000 0.50000000
vt 0.50000000 0.50000000
vt 0.50000000 0.50000000
vt 0.50000000 0.50000000
vt 0.50000000 0.50000000
vt 0.50000000 0.50000000
vt 0.50000000 0.50000000
vt 0.50000000 0.50000000
vt 0.50000000 0.50000000
vt 0.50000000 0.50000000
vt 0.50000000 0.50000000
vt 0.50000000 0.50000000
vt 0.50000000 0.50000000
vt 0.50000000 0.50000000
vt 0.50000000 0.50000000
vt 0.50000000 0.50000000
vt 0.50000000 0.50000000
vt 0.50000000 0.50000000
vt 0.50000000 0.50000000
vt 0.50000000 0.50000000
vt 0.50000000 0.50000000
vt 0.50000000 0.50000000
vt 0.50000000 0.50000000
vt 0.50000000 0.50000000
vt 0.50000000 0.50000000
vt 0.50000000 0.50000000
vt 0.50000000 0.50000000
vt 0.50000000 0.50000000
vt 0.50000000 0.50000000
vt 0.50000000 0.50000000
vt 0.50000000 0.50000000
vt 0.50000000 0.50000000
vt 0.50000000 0.50000000
vt 0.50000000 0.50000000
vt 0.50000000 0.50000000
vt 0.50000000 0.50000000
vt 0.50000000 0.50000000
vt 0.50000000 0.50000000
vt 0.50000000 0.50000000
vt 0.50000000 0.50000000
vt 0.50000000 0.50000000
vt 0.50000000 0.50000000
vt 0.50000000 0.50000000
vt 0.50000000 0.50000000
vt 0.50000000 0.50000000
vt 0.50000000 0.50000000
vt 0.50000000 0.50000000
vt 0.50000000 0.50000000
vt 0.50000000 0.50000000
vt 0.50000000 0.50000000
vt 0.50000000 0.50000000
vt 0.50000000 0.50000000
vt 0.50000000 0.50000000
vt 0.50000000 0.50000000
vt 0.50000000 0.50000000
vt 0.50000000 0.50000000
vt 0.50000000 0.50000000
vt 0.50000000 0.50000000
vt 0.50000000 0.50000000
vt 0.50000000 0.50000000
vt 0.50000000 0.50000000
vt 0.50000000 0.50000000
vt 0.50000000 0.50000000
vt 0.50000000 0.50000000
vt 0.50000000 0.50000000
vt 0.50000000 0.50000000
vt 0.50000000 0.50000000
vt 0.50000000 0.50000000
vt 0.50000000 0.50000000
vt 0.50000000 0.50000000
vt 0.50000000 0.50000000
vt 0.50000000 0.50000000
vt 0.50000000 0.50000000
vt 0.50000000 0.50000000
vt 0.50000000 0.50000000
vt 0.50000000 0.50000000
vt 0.50000000 0.50000000
vt 0.50000000 0.50000000
vt 0.50000000 0.50000000
vt 0.50000000 0.50000000
vt 0.50000000 0.50000000
vt 0.50000000 0.50000000
vt 0.50000000 0.50000000
vt 0.50000000 0.50000000
vt 0.50000000 0.50000000
vt 0.50000000 0.50000000
vt 0.50000000 0.50000000
vt 0.50000000 0.50000000
vt 0.50000000 0.50000000
vt 0.50000000 0.50000000
vt 0.50000000 0.50000000
vt 0.50000000 0.50000000
vt 0.50000000 0.50000000
vt 0.50000000 0.50000000
vt 0.50000000 0.50000000
vt 0.50000000 0.50000000
vt 0.50000000 0.50000000
vt 0.50000000 0.50000000
vt 0.50000000 0.50000000
vt 0.50000000 0.50000000
vt 0.50000000 0.50000000
vt 0.50000000 0.50000000
vt 0.50000000 0.50000000
vt 0.50000000 0.50000000
vt 0.50000000 0.50000000
vt 0.50000000 0.50000000
vt 0.50000000 0.50000000
vt 0.50000000 0.50000000
vt 0.50000000 0.50000000
vt 0.50000000 0.50000000
vt 0.50000000 0.50000000
vt 0.50000000 0.50000000
vt 0.50000000 0.50000000
vt 0.50000000 0.50000000
vt 0.50000000 0.50000000
vt 0.50000000 0.50000000
vt 0.50000000 0.50000000
vt 0.50000000 0.50000000
vt 0.50000000 0.50000000
vt 0.50000000 0.50000000
vt 0.50000000 0.50000000
vt 0.50000000 0.50000000
vt 0.50000000 0.50000000
vt 0.50000000 0.50000000
vt 0.50000000 0.50000000
vt 0.50000000 0.50000000
vt 0.50000000 0.50000000
vt 0.50000000 0.50000000
vt 0.50000000 0.50000000
vt 0.50000000 0.50000000
vt 0.50000000 0.50000000
vt 0.50000000 0.50000000
vt 0.50000000 0.50000000
vt 0.50000000 0.50000000
vt 0.50000000 0.50000000
vt 0.50000000 0.50000000
vt 0.50000000 0.50000000
vt 0.50000000 0.50000000
vt 0.50000000 0.50000000
vt 0.50000000 0.50000000
vt 0.50000000 0.50000000
vt 0.50000000 0.50000000
vt 0.50000000 0.50000000
vt 0.50000000 0.50000000
vt 0.50000000 0.50000000
vt 0.50000000 0.50000000
vt 0.50000000 0.50000000
vt 0.50000000 0.50000000
vt 0.50000000 0.50000000
vt 0.50000000 0.50000000
vt 0.50000000 0.50000000
vt 0.50000000 0.50000000
vt 0.50000000 0.50000000
vt 0.50000000 0.50000000
vt 0.50000000 0.50000000
vt 0.50000000 0.50000000
vt 0.50000000 0.50000000
vt 0.50000000 0.50000000
vt 0.50000000 0.50000000
vt 0.50000000 0.50000000
vt 0.50000000 0.50000000
vt 0.50000000 0.50000000
vt 0.50000000 0.50000000
vt 0.50000000 0.50000000
vt 0.50000000 0.50000000
vt 0.50000000 0.50000000
vt 0.50000000 0.50000000
vt 0.50000000 0.50000000
vt 0.50000000 0.50000000
vt 0.50000000 0.50000000
vt 0.50000000 0.50000000
vt 0.50000000 0.50000000
vt 0.50000000 0.50000000
vt 0.50000000 0.50000000
vt 0.50000000 0.50000000
vt 0.50000000 0.50000000
vt 0.50000000 0.50000000
vt 0.50000000 0.50000000
vt 0.50000000 0.50000000
vt 0.50000000 0.50000000
vt 0.50000000 0.50000000
vt 0.50000000 0.50000000
vt 0.50000000 0.50000000
vt 0.50000000 0.50000000
vt 0.50000000 0.50000000
vt 0.50000000 0.50000000
vt 0.50000000 0.50000000
vt 0.50000000 0.50000000
vt 0.50000000 0.50000000
vt 0.50000000 0.50000000
vt 0.50000000 0.50000000
vt 0.50000000 0.50000000
vt 0.50000000 0.50000000
vt 0.50000000 0.50000000
vt 0.50000000 0.50000000
vt 0.50000000 0.50000000
vt 0.50000000 0.50000000
vt 0.50000000 0.50000000
vt 0.50000000 0.50000000
vt 0.50000000 0.50000000
vt 0.50000000 0.50000000
vt 0.50000000 0.50000000
vt 0.50000000 0.50000000
vt 0.50000000 0.50000000
vt 0.50000000 0.50000000
vt 0.50000000 0.50000000
vt 0.50000000 0.50000000
vt 0.50000000 0.50000000
vt 0.50000000 0.50000000
vt 0.50000000 0.50000000
vt 0.50000000 0.50000000
vt 0.50000000 0.50000000
vt 0.50000000 0.50000000
vt 0.50000000 0.50000000
vt 0.50000000 0.50000000
vt 0.50000000 0.50000000
vt 0.50000000 0.50000000
vt 0.50000000 0.50000000
vt 0.50000000 0.50000000
vt 0.50000000 0.50000000
vt 0.50000000 0.50000000
vt 0.50000000 0.50000000
vt 0.50000000 0.50000000
vt 0.50000000 0.50000000
vt 0.50000000 0.50000000
vt 0.50000000 0.50000000
vt 0.50000000 0.50000000
vt 0.50000000 0.50000000
vt 0.50000000 0.50000000
vt 0.50000000 0.50000000
vt 0.50000000 0.50000000
vt 0.50000000 0.50000000
vt 0.50000000 0.50000000
vt 0.50000000 0.50000000
vt 0.50000000 0.50000000
vt 0.50000000 0.50000000
vt 0.50000000 0.50000000
vt 0.50000000 0.50000000
vt 0.50000000 0.50000000
vt 0.50000000 0.50000000
vt 0.50000000 0.50000000
vt 0.50000000 0.50000000
vt 0.50000000 0.50000000
vt 0.50000000 0.50000000
vt 0.50000000 0.50000000
vt 0.50000000 0.50000000
vt 0.50000000 0.50000000
vt 0.50000000 0.50000000
vt 0.50000000 0.50000000
vt 0.50000000 0.50000000
vt 0.50000000 0.50000000
vt 0.50000000 0.50000000
vt 0.50000000 0.50000000
vt 0.50000000 0.50000000
vt 0.50000000 0.50000000
vt 0.50000000 0.50000000
vt 0.50000000 0.50000000
vt 0.50000000 0.50000000
vt 0.50000000 0.50000000
vt 0.50000000 0.50000000
vt 0.50000000 0.50000000
vt 0.50000000 0.50000000
vt 0.50000000 0.50000000
vt 0.50000000 0.50000000
vt 0.50000000 0.50000000
vt 0.50000000 0.50000000
vt 0.50000000 0.50000000
vt 0.50000000 0.50000000
vt 0.50000000 0.50000000
vt 0.50000000 0.50000000
vt 0.50000000 0.50000000
vt 0.50000000 0.50000000
vt 0.50000000 0.50000000
vt 0.50000000 0.50000000
vt 0.50000000 0.50000000
vt 0.50000000 0.50000000
vt 0.50000000 0.50000000
vt 0.50000000 0.50000000
vt 0.50000000 0.50000000
vt 0.50000000 0.50000000
vt 0.50000000 0.50000000
vt 0.50000000 0.50000000
vt 0.50000000 0.50000000
vt 0.50000000 0.50000000
vt 0.50000000 0.50000000
vt 0.50000000 0.50000000
vt 0.50000000 0.50000000
vt 0.50000000 0.50000000
vt 0.50000000 0.50000000
vt 0.50000000 0.50000000
vt 0.50000000 0.50000000
vt 0.50000000 0.50000000
vt 0.50000000 0.50000000
vt 0.50000000 0.50000000
vt 0.50000000 0.50000000
vt 0.50000000 0.50000000
vt 0.50000000 0.50000000
vt 0.50000000 0.50000000
vt 0.50000000 0.50000000
vt 0.50000000 0.50000000
vt 0.50000000 0.50000000
vt 0.50000000 0.50000000
vt 0.50000000 0.50000000
vt 0.50000000 0.50000000
vt 0.50000000 0.50000000
vt 0.50000000 0.50000000
vt 0.50000000 0.50000000
vt 0.50000000 0.50000000
vt 0.50000000 0.50000000
vt 0.50000000 0.50000000
vt 0.50000000 0.50000000
vt 0.50000000 0.50000000
vt 0.50000000 0.50000000
vt 0.50000000 0.50000000
vt 0.50000000 0.50000000
vt 0.50000000 0.50000000
vt 0.50000000 0.50000000
vt 0.50000000 0.50000000
vt 0.50000000 0.50000000
vt 0.50000000 0.50000000
vt 0.50000000 0.50000000
vt 0.50000000 0.50000000
vt 0.50000000 0.50000000
vt 0.50000000 0.50000000
vt 0.50000000 0.50000000
vt 0.50000000 0.50000000
vt 0.50000000 0.50000000
vt 0.50000000 0.50000000
vt 0.50000000 0.50000000
vt 0.50000000 0.50000000
vt 0.50000000 0.50000000
vt 0.50000000 0.50000000
vt 0.50000000 0.50000000
vt 0.50000000 0.50000000
vt 0.50000000 0.50000000
f 1/1 2/2 3/3
f 1/1 4/4 5/5
f 4/4 1/1 6/6
f 7/7 8/8 9/9
f 7/7 10/10 11/11
f 10/10 7/7 12/12
f 5/5 2/2 1/1
f 6/6 13/13 4/4
f 11/11 8/8 7/7
f 12/12 14/14 10/10
f 13/13 15/15 4/4
f 14/14 16/16 10/10
f 9/9 1/1 7/7
f 3/3 7/7 1/1
f 17/17 18/18 19/19
f 20/20 17/17 21/21
f 22/22 20/20 23/23
f 24/24 22/22 25/25
f 26/26 24/24 27/27
f 28/28 26/26 29/29
f 30/30 28/28 31/31
f 32/32 30/30 33/33
f 33/33 34/34 32/32
f 31/31 33/33 30/30
f 29/29 31/31 28/28
f 27/27 29/29 26/26
f 25/25 27/27 24/24
f 23/23 25/25 22/22
f 21/21 23/23 20/20
f 19/19 21/21 17/17
f 35/35 36/36 37/37
f 38/38 35/35 39/39
f 40/40 38/38 41/41
f 42/42 40/40 43/43
f 44/44 42/42 45/45
f 46/46 44/44 47/47
f 48/48 46/46 49/49
f 50/50 48/48 51/51
f 51/51 52/52 50/50
f 49/49 51/51 48/48
f 47/47 49/49 46/46
f 45/45 47/47 44/44
f 43/43 45/45 42/42
f 41/41 43/43 40/40
f 39/39 41/41 38/38
f 37/37 39/39 35/35
f 53/53 54/54 55/55
f 56/56 57/57 58/58
f 59/59 60/60 61/61
f 53/53 62/62 54/54
f 63/63 64/64 65/65
f 56/56 66/66 57/57
f 62/62 53/53 67/67
f 55/55 59/59 53/53
f 66/66 56/56 68/68
f 58/58 63/63 56/56
f 61/61 53/53 59/59
f 65/65 56/56 63/63
f 68/68 62/62 66/66
f 67/67 66/66 62/62
f 69/69 70/70 71/71
f 72/72 69/69 73/73
f 74/74 72/72 75/75
f 76/76 74/74 77/77
f 78/78 76/76 79/79
f 80/80 78/78 81/81
f 82/82 80/80 83/83
f 84/84 82/82 85/85
f 85/85 86/86 84/84
f 83/83 85/85 82/82
f 81/81 83/83 80/80
f 79/79 81/81 78/78
f 77/77 79/79 76/76
f 75/75 77/77 74/74
f 73/73 75/75 72/72
f 71/71 73/73 69/69
f 87/87 88/88 89/89
f 90/90 87/87 91/91
f 92/92 90/90 93/93
f 94/94 92/92 95/95
f 96/96 94/94 97/97
f 98/98 96/96 99/99
f 100/100 98/98 101/101
f 102/102 100/100 103/103
f 103/103 104/104 102/102
f 101/101 103/103 100/100
f 99/99 101/101 98/98
f 97/97 99/99 96/96
f 95/95 97/97 94/94
f 93/93 95/95 92/92
f 91/91 93/93 90/90
f 89/89 91/91 87/87
f 105/105 106/106 107/107
f 108/108 109/109 110/110
f 111/111 112/112 113/113
f 105/105 114/114 106/106
f 115/115 116/116 117/117
f 108/108 118/118 109/109
f 114/114 105/105 119/119
f 107/107 111/111 105/105
f 118/118 108/108 120/120
f 110/110 115/115 108/108
f 113/113 105/105 111/111
f 117/117 108/108 115/115
f 120/120 114/114 118/118
f 119/119 118/118 114/114
f 121/121 122/122 123/123
f 124/124 121/121 125/125
f 121/121 126/126 125/125
f 127/127 124/124 128/128
f 129/129 127/127 130/130
f 131/131 129/129 132/132
f 133/133 131/131 134/134
f 133/133 135/135 136/136
f 136/136 137/137 133/133
f 138/138 137/137 139/139
f 139/139 140/140 138/138
f 136/136 139/139 137/137
f 134/134 135/135 133/133
f 132/132 134/134 131/131
f 130/130 132/132 129/129
f 128/128 130/130 127/127
f 125/125 128/128 124/124
f 123/123 126/126 121/121
f 141/141 142/142 143/143
f 144/144 141/141 145/145
f 146/146 144/144 147/147
f 148/148 146/146 149/149
f 150/150 148/148 151/151
f 152/152 150/150 153/153
f 154/154 152/152 155/155
f 156/156 154/154 157/157
f 157/157 158/158 156/156
f 155/155 157/157 154/154
f 153/153 155/155 152/152
f 151/151 153/153 150/150
f 149/149 151/151 148/148
f 147/147 149/149 146/146
f 145/145 147/147 144/144
f 143/143 145/145 141/141
f 159/159 160/160 161/161
f 162/162 163/163 164/164
f 165/165 166/166 167/167
f 159/159 168/168 160/160
f 169/169 170/170 171/171
f 162/162 172/172 163/163
f 168/168 159/159 173/173
f 161/161 165/165 159/159
f 172/172 162/162 174/174
f 164/164 169/169 162/162
f 167/167 159/159 165/165
f 171/171 162/162 169/169
f 174/174 168/168 172/172
f 173/173 172/172 168/168
f 175/175 176/176 177/177
f 178/178 175/175 179/179
f 180/180 178/178 181/181
f 182/182 180/180 183/183
f 184/184 182/182 185/185
f 186/186 184/184 187/187
f 188/188 186/186 189/189
f 190/190 188/188 191/191
f 191/191 192/192 190/190
f 189/189 191/191 188/188
f 187/187 189/189 186/186
f 185/185 187/187 184/184
f 183/183 185/185 182/182
f 181/181 183/183 180/180
f 179/179 181/181 178/178
f 177/177 179/179 175/175
f 193/193 194/194 195/195
f 196/196 193/193 197/197
f 198/198 196/196 199/199
f 200/200 198/198 201/201
f 202/202 200/200 203/203
f 204/204 202/202 205/205
f 206/206 204/204 207/207
f 208/208 206/206 209/209
f 209/209 210/210 208/208
f 207/207 209/209 206/206
f 205/205 207/207 204/204
f 203/203 205/205 202/202
f 201/201 203/203 200/200
f 199/199 201/201 198/198
f 197/197 199/199 196/196
f 195/195 197/197 193/193
f 211/211 212/212 213/213
f 214/214 215/215 216/216
f 217/217 218/218 219/219
f 211/211 220/220 212/212
f 221/221 222/222 223/223
f 214/214 224/224 215/215
f 220/220 211/211 225/225
f 213/213 217/217 211/211
f 224/224 214/214 226/226
f 216/216 221/221 214/214
f 219/219 211/211 217/217
f 223/223 214/214 221/221
f 226/226 220/220 224/224
f 225/225 224/224 220/220
f 227/227 228/228 229/229
f 230/230 227/227 231/231
f 232/232 230/230 233/233
f 234/234 232/232 235/235
f 236/236 234/234 237/237
f 238/238 236/236 239/239
f 240/240 238/238 241/241
f 242/242 240/240 243/243
f 243/243 244/244 242/242
f 241/241 243/243 240/240
f 239/239 241/241 238/238
f 237/237 239/239 236/236
f 235/235 237/237 234/234
f 233/233 235/235 232/232
f 231/231 233/233 230/230
f 229/229 231/231 227/227
f 245/245 246/246 247/247
f 248/248 245/245 249/249
f 250/250 248/248 251/251
f 252/252 250/250 253/253
f 254/254 252/252 255/255
f 256/256 254/254 257/257
f 258/258 256/256 259/259
f 260/260 258/258 261/261
f 261/261 262/262 260/260
f 259/259 261/261 258/258
f 257/257 259/259 256/256
f 255/255 257/257 254/254
f 253/253 255/255 252/252
f 251/251 253/253 250/250
f 249/249 251/251 248/248
f 247/247 249/249 245/245
f 263/263 264/264 265/265
f 266/266 267/267 268/268
f 269/269 270/270 271/271
f 263/263 272/272 264/264
f 273/273 274/274 275/275
f 266/266 276/276 267/267
f 272/272 263/263 277/277
f 265/265 269/269 263/263
f 276/276 266/266 278/278
f 268/268 273/273 266/266
f 271/271 263/263 269/269
f 275/275 266/266 273/273
f 278/278 272/272 276/276
f 277/277 276/276 272/272
f 279/279 280/280 281/281
f 282/282 279/279 283/283
f 279/279 284/284 283/283
f 285/285 282/282 286/286
f 287/287 285/285 288/288
f 289/289 287/287 290/290
f 291/291 289/289 292/292
f 291/291 293/293 294/294
f 294/294 295/295 291/291
f 296/296 295/295 297/297
f 297/297 298/298 296/296
f 294/294 297/297 295/295
f 292/292 293/293 291/291
f 290/290 292/292 289/289
f 288/288 290/290 287/287
f 286/286 288/288 285/285
f 283/283 286/286 282/282
f 281/281 284/284 279/279
f 299/299 300/300 301/301
f 302/302 299/299 303/303
f 304/304 302/302 305/305
f 306/306 304/304 307/307
f 308/308 306/306 309/309
f 310/310 308/308 311/311
f 312/312 310/310 313/313
f 314/314 312/312 315/315
f 315/315 316/316 314/314
f 313/313 315/315 312/312
f 311/311 313/313 310/310
f 309/309 311/311 308/308
f 307/307 309/309 306/306
f 305/305 307/307 304/304
f 303/303 305/305 302/302
f 301/301 303/303 299/299
f 317/317 318/318 319/319
f 320/320 321/321 322/322
f 320/320 323/323 324/324
f 319/319 325/325 317/317
f 317/317 320/320 326/326
f 322/322 327/327 320/320
f 324/324 328/328 320/320
f 320/320 317/317 329/329
f 326/326 318/318 317/317
f 328/328 321/321 320/320
f 325/325 330/330 317/317
f 329/329 323/323 320/320
f 327/327 331/331 320/320
f 332/332 333/333 334/334
f 334/334 335/335 332/332
f 336/336 337/337 338/338
f 338/338 332/332 336/336
f 339/339 340/340 341/341
f 341/341 336/336 339/339
f 342/342 343/343 344/344
f 344/344 339/339 342/342
f 345/345 346/346 347/347
f 347/347 342/342 345/345
f 348/348 345/345 349/349
f 349/349 350/350 348/348
f 351/351 350/350 349/349
f 352/352 353/353 351/351
f 352/352 354/354 355/355
f 354/354 356/356 355/355
f 354/354 357/357 358/358
f 357/357 359/359 358/358
f 357/357 360/360 361/361
f 360/360 362/362 361/361
f 360/360 363/363 364/364
f 363/363 365/365 364/364
f 363/363 366/366 367/367
f 366/366 368/368 367/367
f 366/366 369/369 370/370
f 366/366 371/371 369/369
f 335/335 372/372 373/373
f 373/373 374/374 335/335
f 374/374 375/375 335/335
f 370/370 368/368 366/366
f 367/367 365/365 363/363
f 364/364 362/362 360/360
f 361/361 359/359 357/357
f 358/358 356/356 354/354
f 355/355 353/353 352/352
f 349/349 352/352 351/351
f 348/348 346/346 345/345
f 347/347 343/343 342/342
f 344/344 340/340 339/339
f 341/341 337/337 336/336
f 338/338 333/333 332/332
f 334/334 372/372 335/335
f 376/376 377/377 378/378
f 376/376 379/379 380/380
f 376/376 381/381 382/382
f 378/378 383/383 376/376
f 382/382 379/379 376/376
f 380/380 384/384 376/376
f 383/383 381/381 376/376
f 385/385 386/386 387/387
f 387/387 388/388 385/385
f 389/389 390/390 391/391
f 391/391 392/392 389/389
f 389/389 385/385 390/390
f 391/391 393/393 392/392
f 394/394 395/395 396/396
f 396/396 393/393 394/394
f 396/396 392/392 393/393
f 389/389 386/386 385/385
f 387/387 397/397 388/388
f 398/398 399/399 400/400
f 399/399 401/401 400/400
f 402/402 403/403 404/404
f 404/404 401/401 405/405
f 405/405 406/406 404/404
f 401/401 399/399 405/405
f 402/402 407/407 408/408
f 407/407 409/409 408/408
f 408/408 403/403 402/402
f 404/404 406/406 402/402
f 400/400 410/410 398/398
f 411/411 412/412 413/413
f 412/412 414/414 413/413
f 414/414 415/415 416/416
f 414/414 412/412 415/415
f 416/416 417/417 414/414
f 418/418 419/419 417/417
f 418/418 420/420 421/421
f 420/420 422/422 421/421
f 422/422 420/420 423/423
f 424/424 423/423 425/425
f 426/426 427/427 428/428
f 428/428 425/425 426/426
f 429/429 430/430 431/431
f 431/431 432/432 429/429
f 430/430 426/426 431/431
f 432/432 433/433 429/429
f 434/434 435/435 436/436
f 436/436 433/433 434/434
f 436/436 429/429 433/433
f 430/430 427/427 426/426
f 428/428 437/437 425/425
f 425/425 437/437 424/424
f 423/423 424/424 422/422
f 421/421 419/419 418/418
f 416/416 418/418 417/417
f 413/413 438/438 411/411
f 439/439 440/440 441/441
f 439/439 442/442 440/440
f 441/441 443/443 439/439
f 441/441 444/444 443/443
f 445/445 446/446 447/447
f 447/447 448/448 445/445
f 446/446 449/449 447/447
f 446/446 450/450 449/449
f 451/451 452/452 453/453
f 452/452 454/454 455/455
f 455/455 453/453 452/452
f 456/456 457/457 458/458
f 451/451 459/459 457/457
f 457/457 456/456 451/451
f 460/460 461/461 462/462
f 460/460 463/463 464/464
f 462/462 465/465 460/460
f 466/466 467/467 461/461
f 468/468 469/469 460/460
f 461/461 460/460 466/466
f 465/465 463/463 460/460
f 466/466 470/470 467/467
f 471/471 472/472 473/473
f 473/473 474/474 471/471
f 473/473 472/472 475/475
f 476/476 477/477 478/478
f 475/475 479/479 473/473
f 475/475 480/480 481/481
f 478/478 482/482 480/480
f 478/478 483/483 476/476
f 484/484 485/485 466/466
f 481/481 479/479 475/475
f 477/477 482/482 478/478
f 466/466 471/471 484/484
f 480/480 475/475 478/478
f 468/468 486/486 476/476
f 474/474 484/484 471/471
f 468/468 464/464 486/486
f 476/476 483/483 468/468
f 487/487 443/443 488/488
f 472/472 489/489 487/487
f 472/472 471/471 489/489
f 443/443 490/490 491/491
f 443/443 492/492 493/493
f 494/494 495/495 496/496
f 443/443 497/497 490/490
f 443/443 498/498 492/492
f 494/494 499/499 500/500
f 496/496 501/501 494/494
f 439/439 502/502 503/503
f 443/443 504/504 497/497
f 492/492 505/505 493/493
f 494/494 506/506 499/499
f 495/495 507/507 496/496
f 503/503 495/495 439/439
f 439/439 491/491 508/508
f 493/493 504/504 443/443
f 500/500 492/492 494/494
f 503/503 507/507 495/495
f 508/508 509/509 439/439
f 500/500 505/505 492/492
f 509/509 502/502 439/439
f 501/501 506/506 494/494
f 439/439 495/495 510/510
f 511/511 512/512 442/442
f 512/512 513/513 514/514
f 442/442 439/439 511/511
f 511/511 513/513 512/512
f 451/451 515/515 516/516
f 451/451 456/456 517/517
f 518/518 456/456 519/519
f 519/519 520/520 521/521
f 522/522 523/523 520/520
f 524/524 525/525 522/522
f 526/526 451/451 527/527
f 451/451 528/528 515/515
f 456/456 529/529 517/517
f 519/519 530/530 518/518
f 520/520 519/519 522/522
f 522/522 531/531 532/532
f 527/527 524/524 526/526
f 517/517 528/528 451/451
f 518/518 533/533 456/456
f 532/532 523/523 522/522
f 522/522 526/526 524/524
f 533/533 529/529 456/456
f 525/525 531/531 522/522
f 521/521 530/530 519/519
f 534/534 535/535 536/536
f 526/526 537/537 538/538
f 537/537 526/526 539/539
f 452/452 540/540 534/534
f 451/451 541/541 542/542
f 539/539 543/543 537/537
f 452/452 544/544 540/540
f 542/542 452/452 451/451
f 451/451 538/538 545/545
f 539/539 546/546 543/543
f 539/539 547/547 548/548
f 539/539 536/536 549/549
f 536/536 535/535 550/550
f 542/542 544/544 452/452
f 545/545 551/551 451/451
f 548/548 546/546 539/539
f 550/550 549/549 536/536
f 551/551 541/541 451/451
f 549/549 547/547 539/539
f 538/538 451/451 526/526
f 552/552 445/445 553/553
f 454/454 554/554 552/552
f 454/454 452/452 555/555
f 555/555 554/554 454/454
f 445/445 552/552 556/556
f 446/446 445/445 557/557
f 558/558 559/559 560/560
f 446/446 561/561 562/562
f 445/445 563/563 557/557
f 445/445 564/564 565/565
f 445/445 566/566 567/567
f 559/559 568/568 560/560
f 562/562 559/559 446/446
f 565/565 563/563 445/445
f 566/566 569/569 567/567
f 558/558 570/570 571/571
f 560/560 572/572 558/558
f 559/559 573/573 446/446
f 567/567 564/564 445/445
f 571/571 566/566 558/558
f 562/562 568/568 559/559
f 446/446 574/574 575/575
f 571/571 569/569 566/566
f 575/575 561/561 446/446
f 558/558 576/576 570/570
f 557/557 574/574 446/446
f 577/577 578/578 450/450
f 450/450 446/446 577/577
f 577/577 579/579 578/578
f 580/580 483/483 581/581
f 581/581 582/582 583/583
f 581/581 584/584 585/585
f 586/586 587/587 588/588
f 585/585 582/582 581/581
f 584/584 589/589 590/590
f 588/588 589/589 584/584
f 586/586 591/591 587/587
f 468/468 483/483 580/580
f 590/590 585/585 584/584
f 588/588 578/578 586/586
f 580/580 592/592 468/468
f 584/584 578/578 588/588
f 591/591 586/586 593/593
f 581/581 583/583 580/580
f 593/593 594/594 595/595
f 593/593 595/595 591/591
f 593/593 596/596 597/597
f 596/596 468/468 598/598
f 597/597 599/599 593/593
f 596/596 600/600 601/601
f 598/598 602/602 596/596
f 601/601 597/597 596/596
f 596/596 469/469 468/468
f 602/602 600/600 596/596
f 599/599 594/594 593/593
f 592/592 598/598 468/468
f 579/579 586/586 578/578
f 577/577 446/446 573/573
f 572/572 576/576 558/558
f 556/556 566/566 445/445
f 553/553 454/454 552/552
f 555/555 452/452 536/536
f 536/536 452/452 534/534
f 516/516 527/527 451/451
f 519/519 456/456 514/514
f 514/514 456/456 512/512
f 510/510 511/511 439/439
f 491/491 439/439 443/443
f 498/498 443/443 487/487
f 488/488 472/472 487/487
f 485/485 470/470 466/466
f 464/464 468/468 460/460
f 458/458 512/512 456/456
f 453/453 459/459 451/451
f 448/448 553/553 445/445
f 444/444 488/488 443/443
f 603/603 604/604 605/605
f 603/603 606/606 607/607
f 603/603 608/608 609/609
f 608/608 610/610 611/611
f 608/608 612/612 613/613
f 608/608 603/603 614/614
f 607/607 604/604 603/603
f 609/609 615/615 603/603
f 613/613 610/610 608/608
f 614/614 616/616 608/608
f 615/615 606/606 603/603
f 616/616 612/612 608/608
f 611/611 617/617 608/608
f 605/605 618/618 603/603
f 619/619 620/620 621/621
f 622/622 619/619 623/623
f 624/624 622/622 625/625
f 626/626 624/624 627/627
f 628/628 626/626 629/629
f 630/630 628/628 631/631
f 632/632 630/630 633/633
f 634/634 632/632 635/635
f 635/635 636/636 634/634
f 633/633 635/635 632/632
f 631/631 633/633 630/630
f 629/629 631/631 628/628
f 627/627 629/629 626/626
f 625/625 627/627 624/624
f 623/623 625/625 622/622
f 621/621 623/623 619/619
f 637/637 638/638 639/639
f 640/640 637/637 641/641
f 642/642 640/640 643/643
f 644/644 642/642 645/645
f 646/646 644/644 647/647
f 648/648 646/646 649/649
f 650/650 648/648 651/651
f 652/652 650/650 653/653
f 653/653 654/654 652/652
f 651/651 653/653 650/650
f 649/649 651/651 648/648
f 647/647 649/649 646/646
f 645/645 647/647 644/644
f 643/643 645/645 642/642
f 641/641 643/643 640/640
f 639/639 641/641 637/637
f 655/655 656/656 657/657
f 655/655 658/658 659/659
f 660/660 661/661 662/662
f 660/660 663/663 664/664
f 665/665 666/666 664/664
f 665/665 667/667 668/668
f 659/659 656/656 655/655
f 658/658 669/669 670/670
f 671/671 672/672 670/670
f 671/671 673/673 674/674
f 675/675 662/662 674/674
f 664/664 661/661 660/660
f 668/668 666/666 665/665
f 667/667 676/676 677/677
f 678/678 679/679 680/680
f 678/678 681/681 657/657
f 670/670 659/659 658/658
f 674/674 672/672 671/671
f 662/662 675/675 660/660
f 677/677 668/668 667/667
f 682/682 683/683 677/677
f 682/682 684/684 685/685
f 686/686 680/680 685/685
f 657/657 679/679 678/678
f 670/670 669/669 671/671
f 664/664 663/663 665/665
f 685/685 683/683 682/682
f 680/680 686/686 678/678
f 674/674 673/673 675/675
f 685/685 684/684 686/686
f 677/677 676/676 682/682
f 657/657 681/681 655/655
f 687/687 688/688 689/689
f 690/690 689/689 691/691
f 692/692 691/691 693/693
f 694/694 693/693 695/695
f 696/696 695/695 697/697
f 698/698 697/697 699/699
f 700/700 699/699 701/701
f 702/702 701/701 703/703
f 703/703 704/704 702/702
f 701/701 702/702 700/700
f 699/699 700/700 698/698
f 697/697 698/698 696/696
f 695/695 696/696 694/694
f 693/693 694/694 692/692
f 691/691 692/692 690/690
f 689/689 690/690 687/687
f 705/705 706/706 707/707
f 708/708 707/707 709/709
f 710/710 709/709 711/711
f 712/712 711/711 713/713
f 714/714 713/713 715/715
f 716/716 715/715 717/717
f 718/718 717/717 719/719
f 720/720 719/719 721/721
f 721/721 722/722 720/720
f 719/719 720/720 718/718
f 717/717 718/718 716/716
f 715/715 716/716 714/714
f 713/713 714/714 712/712
f 711/711 712/712 710/710
f 709/709 710/710 708/708
f 707/707 708/708 705/705
f 723/723 724/724 725/725
f 726/726 725/725 727/727
f 728/728 727/727 729/729
f 730/730 729/729 731/731
f 732/732 731/731 733/733
f 734/734 733/733 735/735
f 736/736 735/735 737/737
f 738/738 737/737 739/739
f 739/739 740/740 738/738
f 737/737 738/738 736/736
f 735/735 736/736 734/734
f 733/733 734/734 732/732
f 731/731 732/732 730/730
f 729/729 730/730 728/728
f 727/727 728/728 726/726
f 725/725 726/726 723/723
f 741/741 742/742 743/743
f 744/744 743/743 745/745
f 746/746 745/745 747/747
f 748/748 747/747 749/749
f 750/750 749/749 751/751
f 752/752 751/751 753/753
f 754/754 753/753 755/755
f 756/756 755/755 757/757
f 757/757 758/758 756/756
f 755/755 756/756 754/754
f 753/753 754/754 752/752
f 751/751 752/752 750/750
f 749/749 750/750 748/748
f 747/747 748/748 746/746
f 745/745 746/746 744/744
f 743/743 744/744 741/741
f 759/759 760/760 761/761
f 759/759 762/762 763/763
f 763/763 760/760 759/759
f 762/762 764/764 765/765
f 766/766 767/767 765/765
f 766/766 768/768 769/769
f 770/770 771/771 769/769
f 770/770 772/772 773/773
f 774/774 775/775 776/776
f 774/774 777/777 778/778
f 779/779 780/780 781/781
f 779/779 782/782 783/783
f 765/765 763/763 762/762
f 769/769 767/767 766/766
f 773/773 771/771 770/770
f 772/772 784/784 785/785
f 786/786 776/776 785/785
f 778/778 775/775 774/774
f 783/783 780/780 779/779
f 782/782 787/787 761/761
f 765/765 764/764 766/766
f 785/785 773/773 772/772
f 776/776 786/786 774/774
f 788/788 789/789 778/778
f 788/788 790/790 781/781
f 761/761 783/783 782/782
f 769/769 768/768 770/770
f 778/778 777/777 788/788
f 781/781 790/790 779/779
f 785/785 784/784 786/786
f 761/761 787/787 759/759
f 781/781 789/789 788/788
f 791/791 792/792 793/793
f 794/794 791/791 795/795
f 796/796 794/794 797/797
f 798/798 796/796 799/799
f 800/800 798/798 801/801
f 802/802 800/800 803/803
f 804/804 802/802 805/805
f 806/806 804/804 807/807
f 807/807 808/808 806/806
f 805/805 807/807 804/804
f 803/803 805/805 802/802
f 801/801 803/803 800/800
f 799/799 801/801 798/798
f 797/797 799/799 796/796
f 795/795 797/797 794/794
f 793/793 795/795 791/791
f 809/809 810/810 811/811
f 812/812 809/809 813/813
f 814/814 812/812 815/815
f 816/816 814/814 817/817
f 818/818 816/816 819/819
f 820/820 818/818 821/821
f 822/822 820/820 823/823
f 824/824 822/822 825/825
f 825/825 826/826 824/824
f 823/823 825/825 822/822
f 821/821 823/823 820/820
f 819/819 821/821 818/818
f 817/817 819/819 816/816
f 815/815 817/817 814/814
f 813/813 815/815 812/812
f 811/811 813/813 809/809
f 827/827 828/828 829/829
f 828/828 830/830 829/829
f 831/831 832/832 833/833
f 834/834 833/833 835/835
f 833/833 832/832 835/835
f 836/836 837/837 838/838
f 837/837 839/839 840/840
f 840/840 839/839 841/841
f 841/841 842/842 840/840
f 843/843 844/844 845/845
f 845/845 844/844 846/846
f 846/846 847/847 845/845
f 846/846 848/848 847/847
f 845/845 842/842 843/843
f 841/841 843/843 842/842
f 840/840 838/838 837/837
f 838/838 834/834 836/836
f 835/835 836/836 834/834
f 833/833 827/827 831/831
f 829/829 831/831 827/827
f 849/849 850/850 851/851
f 852/852 853/853 854/854
f 851/851 855/855 849/849
f 849/849 856/856 857/857
f 854/854 858/858 852/852
f 852/852 859/859 860/860
f 856/856 849/849 861/861
f 857/857 850/850 849/849
f 859/859 852/852 862/862
f 860/860 853/853 852/852
f 855/855 863/863 849/849
f 858/858 864/864 852/852
f 862/862 856/856 859/859
f 861/861 859/859 856/856
f 865/865 866/866 867/867
f 868/868 865/865 869/869
f 870/870 868/868 871/871
f 870/870 872/872 873/873
f 873/873 874/874 870/870
f 875/875 874/874 876/876
f 874/874 877/877 876/876
f 878/878 875/875 879/879
f 880/880 878/878 881/881
f 882/882 880/880 883/883
f 883/883 884/884 882/882
f 881/881 883/883 880/880
f 879/879 881/881 878/878
f 876/876 879/879 875/875
f 873/873 877/877 874/874
f 871/871 872/872 870/870
f 869/869 871/871 868/868
f 867/867 869/869 865/865
f 885/885 886/886 887/887
f 888/888 885/885 889/889
f 890/890 888/888 891/891
f 892/892 890/890 893/893
f 894/894 892/892 895/895
f 896/896 894/894 897/897
f 898/898 896/896 899/899
f 900/900 898/898 901/901
f 901/901 902/902 900/900
f 899/899 901/901 898/898
f 897/897 899/899 896/896
f 895/895 897/897 894/894
f 893/893 895/895 892/892
f 891/891 893/893 890/890
f 889/889 891/891 888/888
f 887/887 889/889 885/885
f 903/903 904/904 905/905
f 906/906 907/907 908/908
f 905/905 909/909 903/903
f 903/903 910/910 911/911
f 908/908 912/912 906/906
f 906/906 913/913 914/914
f 910/910 903/903 915/915
f 911/911 904/904 903/903
f 913/913 906/906 916/916
f 914/914 907/907 906/906
f 909/909 917/917 903/903
f 912/912 918/918 906/906
f 916/916 910/910 913/913
f 915/915 913/913 910/910
f 919/919 920/920 921/921
f 922/922 919/919 923/923
f 924/924 922/922 925/925
f 926/926 924/924 927/927
f 928/928 926/926 929/929
f 930/930 928/928 931/931
f 932/932 930/930 933/933
f 934/934 932/932 935/935
f 935/935 936/936 934/934
f 933/933 935/935 932/932
f 931/931 933/933 930/930
f 929/929 931/931 928/928
f 927/927 929/929 926/926
f 925/925 927/927 924/924
f 923/923 925/925 922/922
f 921/921 923/923 919/919
f 937/937 938/938 939/939
f 940/940 937/937 941/941
f 942/942 940/940 943/943
f 944/944 942/942 945/945
f 946/946 944/944 947/947
f 948/948 946/946 949/949
f 950/950 948/948 951/951
f 952/952 950/950 953/953
f 953/953 954/954 952/952
f 951/951 953/953 950/950
f 949/949 951/951 948/948
f 947/947 949/949 946/946
f 945/945 947/947 944/944
f 943/943 945/945 942/942
f 941/941 943/943 940/940
f 939/939 941/941 937/937
f 955/955 956/956 957/957
f 958/958 959/959 960/960
f 957/957 961/961 955/955
f 955/955 962/962 963/963
f 960/960 964/964 958/958
f 958/958 965/965 966/966
f 962/962 955/955 967/967
f 963/963 956/956 955/955
f 965/965 958/958 968/968
f 966/966 959/959 958/958
f 961/961 969/969 955/955
f 964/964 970/970 958/958
f 968/968 962/962 965/965
f 967/967 965/965 962/962
f 971/971 972/972 973/973
f 974/974 971/971 975/975
f 976/976 974/974 977/977
f 976/976 978/978 979/979
f 979/979 980/980 976/976
f 981/981 980/980 982/982
f 980/980 983/983 982/982
f 984/984 981/981 985/985
f 984/984 986/986 987/987
f 987/987 988/988 984/984
f 989/989 988/988 990/990
f 990/990 991/991 989/989
f 987/987 990/990 988/988
f 985/985 986/986 984/984
f 982/982 985/985 981/981
f 979/979 983/983 980/980
f 977/977 978/978 976/976
f 975/975 977/977 974/974
f 973/973 975/975 971/971
f 992/992 993/993 994/994
f 992/992 995/995 996/996
f 996/996 997/997 992/992
f 998/998 997/997 999/999
f 1000/1000 998/998 1001/1001
f 1002/1002 1000/1000 1003/1003
f 1004/1004 1002/1002 1005/1005
f 1006/1006 1004/1004 1007/1007
f 1008/1008 1006/1006 1009/1009
f 1009/1009 1010/1010 1008/1008
f 1007/1007 1009/1009 1006/1006
f 1005/1005 1007/1007 1004/1004
f 1003/1003 1005/1005 1002/1002
f 1001/1001 1003/1003 1000/1000
f 999/999 1001/1001 998/998
f 996/996 999/999 997/997
f 994/994 995/995 992/992
f 1011/1011 1012/1012 1013/1013
f 1012/1012 1014/1014 1015/1015
f 1016/1016 1015/1015 1017/1017
f 1015/1015 1014/1014 1017/1017
f 1018/1018 1019/1019 1020/1020
f 1019/1019 1021/1021 1022/1022
f 1022/1022 1021/1021 1023/1023
f 1023/1023 1024/1024 1022/1022
f 1025/1025 1026/1026 1027/1027
f 1026/1026 1028/1028 1029/1029
f 1029/1029 1027/1027 1026/1026
f 1027/1027 1024/1024 1025/1025
f 1023/1023 1025/1025 1024/1024
f 1022/1022 1020/1020 1019/1019
f 1020/1020 1016/1016 1018/1018
f 1017/1017 1018/1018 1016/1016
f 1015/1015 1013/1013 1012/1012
f 1013/1013 1030/1030 1011/1011
f 1031/1031 1032/1032 1033/1033
f 1034/1034 1035/1035 1036/1036
f 1033/1033 1037/1037 1031/1031
f 1031/1031 1038/1038 1039/1039
f 1036/1036 1040/1040 1034/1034
f 1034/1034 1041/1041 1042/1042
f 1038/1038 1031/1031 1043/1043
f 1039/1039 1032/1032 1031/1031
f 1041/1041 1034/1034 1044/1044
f 1042/1042 1035/1035 1034/1034
f 1037/1037 1045/1045 1031/1031
f 1040/1040 1046/1046 1034/1034
f 1044/1044 1038/1038 1041/1041
f 1043/1043 1041/1041 1038/1038
f 1047/1047 1048/1048 1049/1049
f 1050/1050 1049/1049 1051/1051
f 1052/1052 1051/1051 1053/1053
f 1054/1054 1053/1053 1055/1055
f 1056/1056 1055/1055 1057/1057
f 1058/1058 1057/1057 1059/1059
f 1060/1060 1059/1059 1061/1061
f 1062/1062 1061/1061 1063/1063
f 1063/1063 1064/1064 1062/1062
f 1061/1061 1062/1062 1060/1060
f 1059/1059 1060/1060 1058/1058
f 1057/1057 1058/1058 1056/1056
f 1055/1055 1056/1056 1054/1054
f 1053/1053 1054/1054 1052/1052
f 1051/1051 1052/1052 1050/1050
f 1049/1049 1050/1050 1047/1047
f 1065/1065 1066/1066 1067/1067
f 1068/1068 1067/1067 1069/1069
f 1070/1070 1069/1069 1071/1071
f 1072/1072 1071/1071 1073/1073
f 1074/1074 1073/1073 1075/1075
f 1076/1076 1075/1075 1077/1077
f 1078/1078 1077/1077 1079/1079
f 1080/1080 1079/1079 1081/1081
f 1081/1081 1082/1082 1080/1080
f 1079/1079 1080/1080 1078/1078
f 1077/1077 1078/1078 1076/1076
f 1075/1075 1076/1076 1074/1074
f 1073/1073 1074/1074 1072/1072
f 1071/1071 1072/1072 1070/1070
f 1069/1069 1070/1070 1068/1068
f 1067/1067 1068/1068 1065/1065
f 1083/1083 1084/1084 1085/1085
f 1086/1086 1087/1087 1088/1088
f 1085/1085 1089/1089 1083/1083
f 1083/1083 1090/1090 1091/1091
f 1088/1088 1092/1092 1086/1086
f 1086/1086 1093/1093 1094/1094
f 1090/1090 1083/1083 1095/1095
f 1091/1091 1084/1084 1083/1083
f 1093/1093 1086/1086 1096/1096
f 1094/1094 1087/1087 1086/1086
f 1089/1089 1097/1097 1083/1083
f 1092/1092 1098/1098 1086/1086
f 1096/1096 1090/1090 1093/1093
f 1095/1095 1093/1093 1090/1090
f 1099/1099 1100/1100 1101/1101
f 1102/1102 1101/1101 1103/1103
f 1104/1104 1103/1103 1105/1105
f 1106/1106 1105/1105 1107/1107
f 1107/1107 1108/1108 1106/1106
f 1109/1109 1108/1108 1110/1110
f 1108/1108 1111/1111 1110/1110
f 1109/1109 1112/1112 1113/1113
f 1114/1114 1113/1113 1115/1115
f 1116/1116 1115/1115 1117/1117
f 1117/1117 1118/1118 1116/1116
f 1115/1115 1116/1116 1114/1114
f 1113/1113 1114/1114 1109/1109
f 1110/1110 1112/1112 1109/1109
f 1107/1107 1111/1111 1108/1108
f 1105/1105 1106/1106 1104/1104
f 1103/1103 1104/1104 1102/1102
f 1101/1101 1102/1102 1099/1099
f 1119/1119 1120/1120 1121/1121
f 1122/1122 1121/1121 1123/1123
f 1124/1124 1123/1123 1125/1125
f 1126/1126 1125/1125 1127/1127
f 1128/1128 1127/1127 1129/1129
f 1130/1130 1129/1129 1131/1131
f 1132/1132 1131/1131 1133/1133
f 1134/1134 1133/1133 1135/1135
f 1135/1135 1136/1136 1134/1134
f 1133/1133 1134/1134 1132/1132
f 1131/1131 1132/1132 1130/1130
f 1129/1129 1130/1130 1128/1128
f 1127/1127 1128/1128 1126/1126
f 1125/1125 1126/1126 1124/1124
f 1123/1123 1124/1124 1122/1122
f 1121/1121 1122/1122 1119/1119
f 1137/1137 1138/1138 1139/1139
f 1140/1140 1141/1141 1142/1142
f 1139/1139 1143/1143 1137/1137
f 1137/1137 1144/1144 1145/1145
f 1142/1142 1146/1146 1140/1140
f 1140/1140 1147/1147 1148/1148
f 1144/1144 1137/1137 1149/1149
f 1145/1145 1138/1138 1137/1137
f 1147/1147 1140/1140 1150/1150
f 1148/1148 1141/1141 1140/1140
f 1143/1143 1151/1151 1137/1137
f 1146/1146 1152/1152 1140/1140
f 1150/1150 1144/1144 1147/1147
f 1149/1149 1147/1147 1144/1144
f 1153/1153 1154/1154 1155/1155
f 1156/1156 1155/1155 1157/1157
f 1157/1157 1158/1158 1156/1156
f 1158/1158 1159/1159 1160/1160
f 1161/1161 1160/1160 1162/1162
f 1162/1162 1163/1163 1161/1161
f 1164/1164 1163/1163 1165/1165
f 1163/1163 1166/1166 1165/1165
f 1164/1164 1167/1167 1168/1168
f 1169/1169 1168/1168 1170/1170
f 1171/1171 1170/1170 1172/1172
f 1172/1172 1173/1173 1171/1171
f 1170/1170 1171/1171 1169/1169
f 1168/1168 1169/1169 1164/1164
f 1165/1165 1167/1167 1164/1164
f 1162/1162 1166/1166 1163/1163
f 1160/1160 1161/1161 1158/1158
f 1157/1157 1159/1159 1158/1158
f 1155/1155 1156/1156 1153/1153
f 1174/1174 1175/1175 1176/1176
f 1177/1177 1176/1176 1178/1178
f 1179/1179 1178/1178 1180/1180
f 1181/1181 1180/1180 1182/1182
f 1183/1183 1182/1182 1184/1184
f 1185/1185 1184/1184 1186/1186
f 1187/1187 1188/1188 1189/1189
f 1188/1188 1186/1186 1189/1189
f 1187/1187 1190/1190 1191/1191
f 1191/1191 1192/1192 1187/1187
f 1189/1189 1190/1190 1187/1187
f 1186/1186 1188/1188 1185/1185
f 1184/1184 1185/1185 1183/1183
f 1182/1182 1183/1183 1181/1181
f 1180/1180 1181/1181 1179/1179
f 1178/1178 1179/1179 1177/1177
f 1176/1176 1177/1177 1174/1174
f 1193/1193 1194/1194 1195/1195
f 1196/1196 1197/1197 1198/1198
f 1199/1199 1193/1193 1200/1200
f 1201/1201 1196/1196 1202/1202
f 1203/1203 1199/1199 1204/1204
f 1205/1205 1201/1201 1206/1206
f 1207/1207 1203/1203 1208/1208
f 1209/1209 1208/1208 1210/1210
f 1211/1211 1205/1205 1212/1212
f 1211/1211 1213/1213 1214/1214
f 1214/1214 1215/1215 1211/1211
f 1210/1210 1216/1216 1217/1217
f 1210/1210 1205/1205 1218/1218
f 1205/1205 1211/1211 1219/1219
f 1218/1218 1216/1216 1210/1210
f 1219/1219 1220/1220 1205/1205
f 1220/1220 1218/1218 1205/1205
f 1198/1198 1221/1221 1222/1222
f 1223/1223 1222/1222 1224/1224
f 1198/1198 1197/1197 1221/1221
f 1222/1222 1223/1223 1198/1198
f 1225/1225 1226/1226 1227/1227
f 1225/1225 1228/1228 1229/1229
f 1197/1197 1227/1227 1230/1230
f 1225/1225 1231/1231 1226/1226
f 1229/1229 1232/1232 1225/1225
f 1228/1228 1233/1233 1234/1234
f 1228/1228 1235/1235 1236/1236
f 1227/1227 1197/1197 1225/1225
f 1234/1234 1229/1229 1228/1228
f 1236/1236 1237/1237 1228/1228
f 1235/1235 1238/1238 1239/1239
f 1232/1232 1231/1231 1225/1225
f 1239/1239 1236/1236 1235/1235
f 1237/1237 1233/1233 1228/1228
f 1235/1235 1224/1224 1240/1240
f 1197/1197 1241/1241 1242/1242
f 1240/1240 1238/1238 1235/1235
f 1230/1230 1241/1241 1197/1197
f 1201/1201 1243/1243 1244/1244
f 1244/1244 1196/1196 1201/1201
f 1244/1244 1245/1245 1196/1196
f 1201/1201 1246/1246 1243/1243
f 1225/1225 1197/1197 1247/1247
f 1247/1247 1248/1248 1225/1225
f 1197/1197 1249/1249 1247/1247
f 1197/1197 1196/1196 1250/1250
f 1250/1250 1249/1249 1197/1197
f 1225/1225 1251/1251 1252/1252
f 1195/1195 1253/1253 1254/1254
f 1252/1252 1195/1195 1225/1225
f 1252/1252 1253/1253 1195/1195
f 1204/1204 1200/1200 1255/1255
f 1200/1200 1256/1256 1255/1255
f 1255/1255 1257/1257 1204/1204
f 1200/1200 1254/1254 1256/1256
f 1210/1210 1208/1208 1258/1258
f 1208/1208 1259/1259 1258/1258
f 1208/1208 1204/1204 1260/1260
f 1260/1260 1259/1259 1208/1208
f 1210/1210 1261/1261 1262/1262
f 1210/1210 1263/1263 1261/1261
f 1205/1205 1264/1264 1246/1246
f 1262/1262 1205/1205 1210/1210
f 1262/1262 1264/1264 1205/1205
f 1265/1265 1266/1266 1267/1267
f 1265/1265 1268/1268 1266/1266
f 1194/1194 1269/1269 1270/1270
f 1269/1269 1271/1271 1270/1270
f 1269/1269 1265/1265 1272/1272
f 1272/1272 1271/1271 1269/1269
f 1225/1225 1273/1273 1274/1274
f 1228/1228 1274/1274 1275/1275
f 1225/1225 1276/1276 1273/1273
f 1195/1195 1277/1277 1278/1278
f 1274/1274 1228/1228 1225/1225
f 1278/1278 1225/1225 1195/1195
f 1195/1195 1279/1279 1280/1280
f 1275/1275 1281/1281 1228/1228
f 1280/1280 1277/1277 1195/1195
f 1278/1278 1276/1276 1225/1225
f 1195/1195 1270/1270 1282/1282
f 1282/1282 1279/1279 1195/1195
f 1283/1283 1284/1284 1285/1285
f 1209/1209 1285/1285 1286/1286
f 1283/1283 1287/1287 1284/1284
f 1283/1283 1288/1288 1289/1289
f 1209/1209 1290/1290 1291/1291
f 1285/1285 1209/1209 1283/1283
f 1283/1283 1292/1292 1293/1293
f 1288/1288 1294/1294 1289/1289
f 1295/1295 1296/1296 1297/1297
f 1296/1296 1295/1295 1298/1298
f 1286/1286 1290/1290 1209/1209
f 1289/1289 1292/1292 1283/1283
f 1297/1297 1288/1288 1295/1295
f 1298/1298 1299/1299 1300/1300
f 1293/1293 1287/1287 1283/1283
f 1298/1298 1300/1300 1296/1296
f 1297/1297 1294/1294 1288/1288
f 1298/1298 1301/1301 1302/1302
f 1302/1302 1299/1299 1298/1298
f 1303/1303 1207/1207 1301/1301
f 1207/1207 1304/1304 1301/1301
f 1207/1207 1209/1209 1305/1305
f 1305/1305 1304/1304 1207/1207
f 1207/1207 1303/1303 1306/1306
f 1203/1203 1207/1207 1307/1307
f 1199/1199 1203/1203 1308/1308
f 1308/1308 1309/1309 1199/1199
f 1310/1310 1311/1311 1312/1312
f 1310/1310 1313/1313 1314/1314
f 1315/1315 1316/1316 1317/1317
f 1199/1199 1312/1312 1318/1318
f 1310/1310 1319/1319 1311/1311
f 1313/1313 1320/1320 1314/1314
f 1317/1317 1313/1313 1315/1315
f 1315/1315 1193/1193 1321/1321
f 1312/1312 1199/1199 1310/1310
f 1317/1317 1320/1320 1313/1313
f 1321/1321 1322/1322 1315/1315
f 1193/1193 1323/1323 1324/1324
f 1314/1314 1319/1319 1310/1310
f 1324/1324 1321/1321 1193/1193
f 1193/1193 1199/1199 1325/1325
f 1322/1322 1316/1316 1315/1315
f 1325/1325 1326/1326 1193/1193
f 1199/1199 1327/1327 1328/1328
f 1326/1326 1323/1323 1193/1193
f 1318/1318 1327/1327 1199/1199
f 1193/1193 1315/1315 1329/1329
f 1194/1194 1329/1329 1330/1330
f 1269/1269 1330/1330 1331/1331
f 1265/1265 1269/1269 1332/1332
f 1333/1333 1334/1334 1268/1268
f 1335/1335 1334/1334 1333/1333
f 1336/1336 1337/1337 1338/1338
f 1337/1337 1228/1228 1339/1339
f 1333/1333 1336/1336 1335/1335
f 1339/1339 1338/1338 1337/1337
f 1338/1338 1335/1335 1336/1336
f 1228/1228 1340/1340 1341/1341
f 1228/1228 1337/1337 1340/1340
f 1341/1341 1235/1235 1228/1228
f 1235/1235 1342/1342 1343/1343
f 1223/1223 1343/1343 1344/1344
f 1198/1198 1223/1223 1345/1345
f 1202/1202 1198/1198 1346/1346
f 1347/1347 1206/1206 1348/1348
f 1347/1347 1349/1349 1350/1350
f 1348/1348 1351/1351 1347/1347
f 1206/1206 1352/1352 1353/1353
f 1206/1206 1202/1202 1354/1354
f 1355/1355 1356/1356 1357/1357
f 1350/1350 1358/1358 1347/1347
f 1353/1353 1348/1348 1206/1206
f 1354/1354 1359/1359 1206/1206
f 1202/1202 1360/1360 1361/1361
f 1202/1202 1357/1357 1362/1362
f 1355/1355 1363/1363 1356/1356
f 1355/1355 1358/1358 1364/1364
f 1351/1351 1349/1349 1347/1347
f 1361/1361 1354/1354 1202/1202
f 1357/1357 1202/1202 1355/1355
f 1358/1358 1365/1365 1364/1364
f 1359/1359 1352/1352 1206/1206
f 1364/1364 1363/1363 1355/1355
f 1362/1362 1360/1360 1202/1202
f 1206/1206 1366/1366 1367/1367
f 1206/1206 1347/1347 1366/1366
f 1212/1212 1367/1367 1368/1368
f 1369/1369 1368/1368 1370/1370
f 1371/1371 1372/1372 1373/1373
f 1369/1369 1374/1374 1213/1213
f 1373/1373 1369/1369 1371/1371
f 1373/1373 1374/1374 1369/1369
f 1375/1375 1376/1376 1372/1372
f 1377/1377 1378/1378 1379/1379
f 1380/1380 1379/1379 1378/1378
f 1372/1372 1377/1377 1375/1375
f 1378/1378 1288/1288 1380/1380
f 1283/1283 1381/1381 1382/1382
f 1372/1372 1383/1383 1384/1384
f 1379/1379 1375/1375 1377/1377
f 1382/1382 1288/1288 1283/1283
f 1283/1283 1385/1385 1386/1386
f 1376/1376 1383/1383 1372/1372
f 1386/1386 1381/1381 1283/1283
f 1382/1382 1380/1380 1288/1288
f 1283/1283 1217/1217 1385/1385
f 1384/1384 1373/1373 1372/1372
f 1213/1213 1211/1211 1369/1369
f 1370/1370 1371/1371 1369/1369
f 1368/1368 1369/1369 1212/1212
f 1367/1367 1212/1212 1206/1206
f 1350/1350 1365/1365 1358/1358
f 1346/1346 1355/1355 1202/1202
f 1345/1345 1346/1346 1198/1198
f 1344/1344 1345/1345 1223/1223
f 1343/1343 1223/1223 1235/1235
f 1341/1341 1342/1342 1235/1235
f 1268/1268 1265/1265 1333/1333
f 1332/1332 1333/1333 1265/1265
f 1331/1331 1332/1332 1269/1269
f 1330/1330 1269/1269 1194/1194
f 1329/1329 1194/1194 1193/1193
f 1328/1328 1325/1325 1199/1199
f 1309/1309 1310/1310 1199/1199
f 1307/1307 1308/1308 1203/1203
f 1306/1306 1307/1307 1207/1207
f 1301/1301 1298/1298 1303/1303
f 1291/1291 1305/1305 1209/1209
f 1281/1281 1339/1339 1228/1228
f 1270/1270 1195/1195 1194/1194
f 1267/1267 1272/1272 1265/1265
f 1246/1246 1201/1201 1205/1205
f 1258/1258 1263/1263 1210/1210
f 1257/1257 1260/1260 1204/1204
f 1254/1254 1200/1200 1195/1195
f 1248/1248 1251/1251 1225/1225
f 1245/1245 1250/1250 1196/1196
f 1242/1242 1221/1221 1197/1197
f 1224/1224 1235/1235 1223/1223
f 1217/1217 1283/1283 1210/1210
f 1215/1215 1219/1219 1211/1211
f 1212/1212 1369/1369 1211/1211
f 1210/1210 1283/1283 1209/1209
f 1208/1208 1209/1209 1207/1207
f 1206/1206 1212/1212 1205/1205
f 1204/1204 1208/1208 1203/1203
f 1202/1202 1206/1206 1201/1201
f 1200/1200 1204/1204 1199/1199
f 1198/1198 1202/1202 1196/1196
f 1195/1195 1200/1200 1193/1193
f 1387/1387 1388/1388 1389/1389
f 1390/1390 1391/1391 1392/1392
f 1390/1390 1389/1389 1391/1391
f 1392/1392 1393/1393 1390/1390
f 1394/1394 1395/1395 1396/1396
f 1393/1393 1397/1397 1395/1395
f 1395/1395 1394/1394 1393/1393
f 1398/1398 1394/1394 1399/1399
f 1394/1394 1400/1400 1399/1399
f 1398/1398 1401/1401 1402/1402
f 1402/1402 1403/1403 1398/1398
f 1403/1403 1404/1404 1405/1405
f 1405/1405 1406/1406 1403/1403
f 1407/1407 1406/1406 1408/1408
f 1408/1408 1409/1409 1407/1407
f 1406/1406 1410/1410 1408/1408
f 1407/1407 1411/1411 1412/1412
f 1412/1412 1413/1413 1407/1407
f 1409/1409 1411/1411 1407/1407
f 1405/1405 1410/1410 1406/1406
f 1402/1402 1404/1404 1403/1403
f 1399/1399 1401/1401 1398/1398
f 1396/1396 1400/1400 1394/1394
f 1392/1392 1397/1397 1393/1393
f 1389/1389 1390/1390 1387/1387
f 1414/1414 1415/1415 1416/1416
f 1415/1415 1417/1417 1416/1416
f 1418/1418 1414/1414 1419/1419
f 1414/1414 1420/1420 1419/1419
f 1414/1414 1421/1421 1420/1420
f 1422/1422 1418/1418 1423/1423
f 1418/1418 1424/1424 1423/1423
f 1425/1425 1422/1422 1426/1426
f 1422/1422 1427/1427 1426/1426
f 1425/1425 1428/1428 1429/1429
f 1429/1429 1430/1430 1425/1425
f 1431/1431 1430/1430 1432/1432
f 1430/1430 1433/1433 1432/1432
f 1430/1430 1434/1434 1433/1433
f 1431/1431 1435/1435 1436/1436
f 1436/1436 1437/1437 1431/1431
f 1436/1436 1438/1438 1437/1437
f 1437/1437 1439/1439 1440/1440
f 1440/1440 1441/1441 1437/1437
f 1440/1440 1442/1442 1441/1441
f 1438/1438 1439/1439 1437/1437
f 1432/1432 1435/1435 1431/1431
f 1429/1429 1434/1434 1430/1430
f 1426/1426 1428/1428 1425/1425
f 1423/1423 1427/1427 1422/1422
f 1419/1419 1424/1424 1418/1418
f 1416/1416 1421/1421 1414/1414
f 1443/1443 1444/1444 1445/1445
f 1446/1446 1445/1445 1447/1447
f 1448/1448 1447/1447 1449/1449
f 1450/1450 1449/1449 1451/1451
f 1452/1452 1451/1451 1453/1453
f 1454/1454 1453/1453 1455/1455
f 1456/1456 1455/1455 1457/1457
f 1458/1458 1457/1457 1459/1459
f 1459/1459 1460/1460 1458/1458
f 1457/1457 1458/1458 1456/1456
f 1455/1455 1456/1456 1454/1454
f 1453/1453 1454/1454 1452/1452
f 1451/1451 1452/1452 1450/1450
f 1449/1449 1450/1450 1448/1448
f 1447/1447 1448/1448 1446/1446
f 1445/1445 1446/1446 1443/1443
f 1461/1461 1462/1462 1463/1463
f 1464/1464 1463/1463 1465/1465
f 1466/1466 1465/1465 1467/1467
f 1468/1468 1467/1467 1469/1469
f 1470/1470 1469/1469 1471/1471
f 1472/1472 1471/1471 1473/1473
f 1474/1474 1473/1473 1475/1475
f 1476/1476 1475/1475 1477/1477
f 1477/1477 1478/1478 1476/1476
f 1475/1475 1476/1476 1474/1474
f 1473/1473 1474/1474 1472/1472
f 1471/1471 1472/1472 1470/1470
f 1469/1469 1470/1470 1468/1468
f 1467/1467 1468/1468 1466/1466
f 1465/1465 1466/1466 1464/1464
f 1463/1463 1464/1464 1461/1461
f 1479/1479 1480/1480 1481/1481
f 1482/1482 1483/1483 1480/1480
f 1484/1484 1485/1485 1486/1486
f 1485/1485 1487/1487 1488/1488
f 1487/1487 1489/1489 1490/1490
f 1491/1491 1492/1492 1490/1490
f 1493/1493 1481/1481 1494/1494
f 1480/1480 1479/1479 1482/1482
f 1495/1495 1496/1496 1483/1483
f 1495/1495 1484/1484 1497/1497
f 1488/1488 1486/1486 1485/1485
f 1490/1490 1489/1489 1491/1491
f 1498/1498 1499/1499 1492/1492
f 1500/1500 1501/1501 1499/1499
f 1502/1502 1503/1503 1504/1504
f 1505/1505 1506/1506 1503/1503
f 1481/1481 1493/1493 1479/1479
f 1497/1497 1496/1496 1495/1495
f 1490/1490 1488/1488 1487/1487
f 1499/1499 1498/1498 1500/1500
f 1507/1507 1504/1504 1501/1501
f 1503/1503 1502/1502 1505/1505
f 1505/1505 1508/1508 1509/1509
f 1508/1508 1510/1510 1494/1494
f 1483/1483 1482/1482 1495/1495
f 1492/1492 1491/1491 1498/1498
f 1504/1504 1507/1507 1502/1502
f 1494/1494 1509/1509 1508/1508
f 1486/1486 1497/1497 1484/1484
f 1509/1509 1506/1506 1505/1505
f 1501/1501 1500/1500 1507/1507
f 1494/1494 1510/1510 1493/1493
f 1511/1511 1512/1512 1513/1513
f 1514/1514 1511/1511 1515/1515
f 1516/1516 1514/1514 1517/1517
f 1518/1518 1516/1516 1519/1519
f 1520/1520 1518/1518 1521/1521
f 1522/1522 1520/1520 1523/1523
f 1524/1524 1522/1522 1525/1525
f 1526/1526 1524/1524 1527/1527
f 1527/1527 1528/1528 1526/1526
f 1525/1525 1527/1527 1524/1524
f 1523/1523 1525/1525 1522/1522
f 1521/1521 1523/1523 1520/1520
f 1519/1519 1521/1521 1518/1518
f 1517/1517 1519/1519 1516/1516
f 1515/1515 1517/1517 1514/1514
f 1513/1513 1515/1515 1511/1511
f 1529/1529 1530/1530 1531/1531
f 1532/1532 1529/1529 1533/1533
f 1534/1534 1532/1532 1535/1535
f 1536/1536 1534/1534 1537/1537
f 1538/1538 1536/1536 1539/1539
f 1540/1540 1538/1538 1541/1541
f 1542/1542 1540/1540 1543/1543
f 1544/1544 1542/1542 1545/1545
f 1545/1545 1546/1546 1544/1544
f 1543/1543 1545/1545 1542/1542
f 1541/1541 1543/1543 1540/1540
f 1539/1539 1541/1541 1538/1538
f 1537/1537 1539/1539 1536/1536
f 1535/1535 1537/1537 1534/1534
f 1533/1533 1535/1535 1532/1532
f 1531/1531 1533/1533 1529/1529
f 1547/1547 1548/1548 1549/1549
f 1548/1548 1550/1550 1551/1551
f 1552/1552 1553/1553 1554/1554
f 1552/1552 1555/1555 1556/1556
f 1557/1557 1558/1558 1559/1559
f 1557/1557 1560/1560 1561/1561
f 1547/1547 1562/1562 1563/1563
f 1551/1551 1549/1549 1548/1548
f 1564/1564 1565/1565 1551/1551
f 1564/1564 1566/1566 1554/1554
f 1556/1556 1553/1553 1552/1552
f 1555/1555 1567/1567 1568/1568
f 1569/1569 1559/1559 1568/1568
f 1561/1561 1558/1558 1557/1557
f 1570/1570 1571/1571 1572/1572
f 1573/1573 1574/1574 1571/1571
f 1549/1549 1562/1562 1547/1547
f 1554/1554 1565/1565 1564/1564
f 1568/1568 1556/1556 1555/1555
f 1559/1559 1569/1569 1557/1557
f 1575/1575 1576/1576 1561/1561
f 1575/1575 1577/1577 1572/1572
f 1571/1571 1570/1570 1573/1573
f 1573/1573 1578/1578 1563/1563
f 1551/1551 1550/1550 1564/1564
f 1568/1568 1567/1567 1569/1569
f 1572/1572 1576/1576 1575/1575
f 1563/1563 1574/1574 1573/1573
f 1554/1554 1566/1566 1552/1552
f 1572/1572 1577/1577 1570/1570
f 1561/1561 1560/1560 1575/1575
f 1563/1563 1578/1578 1547/1547
f 1579/1579 1580/1580 1581/1581
f 1582/1582 1583/1583 1580/1580
f 1584/1584 1585/1585 1583/1583
f 1586/1586 1587/1587 1585/1585
f 1588/1588 1589/1589 1587/1587
f 1590/1590 1591/1591 1589/1589
f 1592/1592 1593/1593 1591/1591
f 1594/1594 1595/1595 1593/1593
f 1596/1596 1597/1597 1598/1598
f 1599/1599 1600/1600 1597/1597
f 1601/1601 1602/1602 1600/1600
f 1603/1603 1604/1604 1602/1602
f 1605/1605 1606/1606 1604/1604
f 1607/1607 1608/1608 1606/1606
f 1609/1609 1610/1610 1608/1608
f 1611/1611 1612/1612 1610/1610
f 1613/1613 1614/1614 1615/1615
f 1616/1616 1613/1613 1617/1617
f 1618/1618 1616/1616 1619/1619
f 1620/1620 1618/1618 1621/1621
f 1622/1622 1620/1620 1623/1623
f 1624/1624 1622/1622 1625/1625
f 1626/1626 1624/1624 1627/1627
f 1628/1628 1626/1626 1629/1629
f 1629/1629 1630/1630 1628/1628
f 1627/1627 1629/1629 1626/1626
f 1625/1625 1627/1627 1624/1624
f 1623/1623 1625/1625 1622/1622
f 1621/1621 1623/1623 1620/1620
f 1619/1619 1621/1621 1618/1618
f 1617/1617 1619/1619 1616/1616
f 1615/1615 1617/1617 1613/1613
f 1631/1631 1632/1632 1633/1633
f 1634/1634 1631/1631 1635/1635
f 1636/1636 1634/1634 1637/1637
f 1638/1638 1636/1636 1639/1639
f 1640/1640 1638/1638 1641/1641
f 1642/1642 1640/1640 1643/1643
f 1644/1644 1642/1642 1645/1645
f 1646/1646 1644/1644 1647/1647
f 1647/1647 1648/1648 1646/1646
f 1645/1645 1647/1647 1644/1644
f 1643/1643 1645/1645 1642/1642
f 1641/1641 1643/1643 1640/1640
f 1639/1639 1641/1641 1638/1638
f 1637/1637 1639/1639 1636/1636
f 1635/1635 1637/1637 1634/1634
f 1633/1633 1635/1635 1631/1631
f 1649/1649 1650/1650 1651/1651
f 1652/1652 1651/1651 1653/1653
f 1653/1653 1654/1654 1652/1652
f 1653/1653 1655/1655 1654/1654
f 1654/1654 1656/1656 1657/1657
f 1657/1657 1658/1658 1654/1654
f 1657/1657 1659/1659 1658/1658
f 1658/1658 1660/1660 1661/1661
f 1662/1662 1661/1661 1663/1663
f 1663/1663 1664/1664 1662/1662
f 1665/1665 1664/1664 1666/1666
f 1664/1664 1667/1667 1666/1666
f 1668/1668 1665/1665 1669/1669
f 1665/1665 1670/1670 1669/1669
f 1665/1665 1671/1671 1670/1670
f 1668/1668 1672/1672 1673/1673
f 1673/1673 1674/1674 1668/1668
f 1669/1669 1672/1672 1668/1668
f 1666/1666 1671/1671 1665/1665
f 1663/1663 1667/1667 1664/1664
f 1661/1661 1662/1662 1658/1658
f 1659/1659 1660/1660 1658/1658
f 1655/1655 1656/1656 1654/1654
f 1651/1651 1652/1652 1649/1649
f 1675/1675 1676/1676 1677/1677
f 1678/1678 1679/1679 1680/1680
f 1681/1681 1677/1677 1679/1679
f 1679/1679 1678/1678 1681/1681
f 1678/1678 1682/1682 1683/1683
f 1683/1683 1684/1684 1678/1678
f 1685/1685 1684/1684 1686/1686
f 1684/1684 1687/1687 1686/1686
f 1685/1685 1688/1688 1689/1689
f 1690/1690 1691/1691 1692/1692
f 1691/1691 1693/1693 1692/1692
f 1691/1691 1689/1689 1693/1693
f 1694/1694 1690/1690 1695/1695
f 1690/1690 1696/1696 1695/1695
f 1690/1690 1697/1697 1696/1696
f 1694/1694 1698/1698 1699/1699
f 1699/1699 1700/1700 1694/1694
f 1695/1695 1698/1698 1694/1694
f 1692/1692 1697/1697 1690/1690
f 1689/1689 1691/1691 1685/1685
f 1686/1686 1688/1688 1685/1685
f 1683/1683 1687/1687 1684/1684
f 1680/1680 1682/1682 1678/1678
f 1677/1677 1681/1681 1675/1675
f 1701/1701 1702/1702 1703/1703
f 1704/1704 1703/1703 1705/1705
f 1706/1706 1705/1705 1707/1707
f 1708/1708 1707/1707 1709/1709
f 1710/1710 1709/1709 1711/1711
f 1712/1712 1711/1711 1713/1713
f 1714/1714 1713/1713 1715/1715
f 1716/1716 1715/1715 1717/1717
f 1717/1717 1718/1718 1716/1716
f 1715/1715 1716/1716 1714/1714
f 1713/1713 1714/1714 1712/1712
f 1711/1711 1712/1712 1710/1710
f 1709/1709 1710/1710 1708/1708
f 1707/1707 1708/1708 1706/1706
f 1705/1705 1706/1706 1704/1704
f 1703/1703 1704/1704 1701/1701
f 1719/1719 1720/1720 1721/1721
f 1722/1722 1721/1721 1723/1723
f 1724/1724 1723/1723 1725/1725
f 1726/1726 1725/1725 1727/1727
f 1728/1728 1727/1727 1729/1729
f 1730/1730 1729/1729 1731/1731
f 1732/1732 1731/1731 1733/1733
f 1734/1734 1733/1733 1735/1735
f 1735/1735 1736/1736 1734/1734
f 1733/1733 1734/1734 1732/1732
f 1731/1731 1732/1732 1730/1730
f 1729/1729 1730/1730 1728/1728
f 1727/1727 1728/1728 1726/1726
f 1725/1725 1726/1726 1724/1724
f 1723/1723 1724/1724 1722/1722
f 1721/1721 1722/1722 1719/1719
f 1737/1737 1738/1738 1739/1739
f 1740/1740 1741/1741 1738/1738
f 1742/1742 1743/1743 1741/1741
f 1744/1744 1745/1745 1743/1743
f 1746/1746 1747/1747 1745/1745
f 1748/1748 1749/1749 1747/1747
f 1750/1750 1751/1751 1749/1749
f 1752/1752 1753/1753 1751/1751
f 1754/1754 1755/1755 1756/1756
f 1757/1757 1758/1758 1755/1755
f 1759/1759 1760/1760 1758/1758
f 1761/1761 1762/1762 1760/1760
f 1763/1763 1764/1764 1762/1762
f 1765/1765 1766/1766 1764/1764
f 1767/1767 1768/1768 1766/1766
f 1769/1769 1770/1770 1768/1768
f 1771/1771 1772/1772 1773/1773
f 1774/1774 1771/1771 1775/1775
f 1776/1776 1774/1774 1777/1777
f 1778/1778 1776/1776 1779/1779
f 1780/1780 1778/1778 1781/1781
f 1782/1782 1780/1780 1783/1783
f 1784/1784 1782/1782 1785/1785
f 1786/1786 1784/1784 1787/1787
f 1787/1787 1788/1788 1786/1786
f 1785/1785 1787/1787 1784/1784
f 1783/1783 1785/1785 1782/1782
f 1781/1781 1783/1783 1780/1780
f 1779/1779 1781/1781 1778/1778
f 1777/1777 1779/1779 1776/1776
f 1775/1775 1777/1777 1774/1774
f 1773/1773 1775/1775 1771/1771
f 1789/1789 1790/1790 1791/1791
f 1792/1792 1793/1793 1790/1790
f 1794/1794 1795/1795 1793/1793
f 1796/1796 1797/1797 1795/1795
f 1798/1798 1799/1799 1797/1797
f 1800/1800 1801/1801 1799/1799
f 1802/1802 1803/1803 1801/1801
f 1804/1804 1805/1805 1803/1803
f 1806/1806 1807/1807 1808/1808
f 1809/1809 1810/1810 1807/1807
f 1811/1811 1812/1812 1810/1810
f 1813/1813 1814/1814 1812/1812
f 1815/1815 1816/1816 1814/1814
f 1817/1817 1818/1818 1816/1816
f 1819/1819 1820/1820 1818/1818
f 1821/1821 1822/1822 1820/1820
f 1823/1823 1824/1824 1825/1825
f 1826/1826 1823/1823 1827/1827
f 1828/1828 1826/1826 1829/1829
f 1830/1830 1828/1828 1831/1831
f 1832/1832 1830/1830 1833/1833
f 1834/1834 1832/1832 1835/1835
f 1836/1836 1834/1834 1837/1837
f 1838/1838 1836/1836 1839/1839
f 1839/1839 1840/1840 1838/1838
f 1837/1837 1839/1839 1836/1836
f 1835/1835 1837/1837 1834/1834
f 1833/1833 1835/1835 1832/1832
f 1831/1831 1833/1833 1830/1830
f 1829/1829 1831/1831 1828/1828
f 1827/1827 1829/1829 1826/1826
f 1825/1825 1827/1827 1823/1823
f 1841/1841 1842/1842 1843/1843
f 1844/1844 1845/1845 1842/1842
f 1846/1846 1847/1847 1845/1845
f 1848/1848 1849/1849 1847/1847
f 1850/1850 1851/1851 1849/1849
f 1852/1852 1853/1853 1851/1851
f 1854/1854 1855/1855 1853/1853
f 1856/1856 1857/1857 1855/1855
f 1858/1858 1859/1859 1860/1860
f 1861/1861 1862/1862 1859/1859
f 1863/1863 1864/1864 1862/1862
f 1865/1865 1866/1866 1864/1864
f 1867/1867 1868/1868 1866/1866
f 1869/1869 1870/1870 1868/1868
f 1871/1871 1872/1872 1870/1870
f 1873/1873 1874/1874 1872/1872
f 1875/1875 1876/1876 1877/1877
f 1878/1878 1875/1875 1879/1879
f 1880/1880 1878/1878 1881/1881
f 1882/1882 1880/1880 1883/1883
f 1884/1884 1882/1882 1885/1885
f 1886/1886 1884/1884 1887/1887
f 1888/1888 1886/1886 1889/1889
f 1890/1890 1888/1888 1891/1891
f 1891/1891 1892/1892 1890/1890
f 1889/1889 1891/1891 1888/1888
f 1887/1887 1889/1889 1886/1886
f 1885/1885 1887/1887 1884/1884
f 1883/1883 1885/1885 1882/1882
f 1881/1881 1883/1883 1880/1880
f 1879/1879 1881/1881 1878/1878
f 1877/1877 1879/1879 1875/1875
f 1893/1893 1894/1894 1895/1895
f 1896/1896 1897/1897 1894/1894
f 1898/1898 1899/1899 1897/1897
f 1900/1900 1901/1901 1899/1899
f 1902/1902 1903/1903 1901/1901
f 1904/1904 1905/1905 1903/1903
f 1906/1906 1907/1907 1905/1905
f 1908/1908 1909/1909 1907/1907
f 1910/1910 1911/1911 1912/1912
f 1913/1913 1914/1914 1911/1911
f 1915/1915 1916/1916 1914/1914
f 1917/1917 1918/1918 1916/1916
f 1919/1919 1920/1920 1918/1918
f 1921/1921 1922/1922 1920/1920
f 1923/1923 1924/1924 1922/1922
f 1925/1925 1926/1926 1924/1924
f 1927/1927 1928/1928 1929/1929
f 1930/1930 1927/1927 1931/1931
f 1932/1932 1930/1930 1933/1933
f 1934/1934 1932/1932 1935/1935
f 1936/1936 1934/1934 1937/1937
f 1938/1938 1936/1936 1939/1939
f 1940/1940 1938/1938 1941/1941
f 1942/1942 1940/1940 1943/1943
f 1943/1943 1944/1944 1942/1942
f 1941/1941 1943/1943 1940/1940
f 1939/1939 1941/1941 1938/1938
f 1937/1937 1939/1939 1936/1936
f 1935/1935 1937/1937 1934/1934
f 1933/1933 1935/1935 1932/1932
f 1931/1931 1933/1933 1930/1930
f 1929/1929 1931/1931 1927/1927
f 1945/1945 1946/1946 1947/1947
f 1948/1948 1949/1949 1946/1946
f 1950/1950 1951/1951 1949/1949
f 1952/1952 1953/1953 1951/1951
f 1954/1954 1955/1955 1953/1953
f 1956/1956 1957/1957 1955/1955
f 1958/1958 1959/1959 1957/1957
f 1960/1960 1961/1961 1959/1959
f 1962/1962 1963/1963 1964/1964
f 1965/1965 1966/1966 1963/1963
f 1967/1967 1968/1968 1966/1966
f 1969/1969 1970/1970 1968/1968
f 1971/1971 1972/1972 1970/1970
f 1973/1973 1974/1974 1972/1972
f 1975/1975 1976/1976 1974/1974
f 1977/1977 1978/1978 1976/1976
f 1979/1979 1980/1980 1981/1981
f 1982/1982 1979/1979 1983/1983
f 1984/1984 1982/1982 1985/1985
f 1986/1986 1984/1984 1987/1987
f 1988/1988 1986/1986 1989/1989
f 1990/1990 1988/1988 1991/1991
f 1992/1992 1990/1990 1993/1993
f 1994/1994 1992/1992 1995/1995
f 1995/1995 1996/1996 1994/1994
f 1993/1993 1995/1995 1992/1992
f 1991/1991 1993/1993 1990/1990
f 1989/1989 1991/1991 1988/1988
f 1987/1987 1989/1989 1986/1986
f 1985/1985 1987/1987 1984/1984
f 1983/1983 1985/1985 1982/1982
f 1981/1981 1983/1983 1979/1979
f 1997/1997 1998/1998 1999/1999
f 2000/2000 2001/2001 1998/1998
f 2002/2002 2003/2003 2001/2001
f 2004/2004 2005/2005 2003/2003
f 2006/2006 2007/2007 2005/2005
f 2008/2008 2009/2009 2007/2007
f 2010/2010 2011/2011 2009/2009
f 2012/2012 2013/2013 2011/2011
f 2014/2014 2015/2015 2016/2016
f 2017/2017 2018/2018 2015/2015
f 2019/2019 2020/2020 2018/2018
f 2021/2021 2022/2022 2020/2020
f 2023/2023 2024/2024 2022/2022
f 2025/2025 2026/2026 2024/2024
f 2027/2027 2028/2028 2026/2026
f 2029/2029 2030/2030 2028/2028
f 2031/2031 2032/2032 2033/2033
f 2034/2034 2031/2031 2035/2035
f 2036/2036 2034/2034 2037/2037
f 2038/2038 2036/2036 2039/2039
f 2040/2040 2038/2038 2041/2041
f 2042/2042 2040/2040 2043/2043
f 2044/2044 2042/2042 2045/2045
f 2046/2046 2044/2044 2047/2047
f 2047/2047 2048/2048 2046/2046
f 2045/2045 2047/2047 2044/2044
f 2043/2043 2045/2045 2042/2042
f 2041/2041 2043/2043 2040/2040
f 2039/2039 2041/2041 2038/2038
f 2037/2037 2039/2039 2036/2036
f 2035/2035 2037/2037 2034/2034
f 2033/2033 2035/2035 2031/2031
f 2049/2049 2050/2050 2051/2051
f 2052/2052 2051/2051 2053/2053
f 2054/2054 2053/2053 2055/2055
f 2056/2056 2055/2055 2057/2057
f 2058/2058 2057/2057 2059/2059
f 2060/2060 2059/2059 2061/2061
f 2062/2062 2061/2061 2063/2063
f 2064/2064 2063/2063 2065/2065
f 2065/2065 2066/2066 2064/2064
f 2063/2063 2064/2064 2062/2062
f 2061/2061 2062/2062 2060/2060
f 2059/2059 2060/2060 2058/2058
f 2057/2057 2058/2058 2056/2056
f 2055/2055 2056/2056 2054/2054
f 2053/2053 2054/2054 2052/2052
f 2051/2051 2052/2052 2049/2049
f 2067/2067 2068/2068 2069/2069
f 2070/2070 2069/2069 2071/2071
f 2072/2072 2071/2071 2073/2073
f 2074/2074 2073/2073 2075/2075
f 2076/2076 2075/2075 2077/2077
f 2078/2078 2077/2077 2079/2079
f 2080/2080 2079/2079 2081/2081
f 2082/2082 2081/2081 2083/2083
f 2083/2083 2084/2084 2082/2082
f 2081/2081 2082/2082 2080/2080
f 2079/2079 2080/2080 2078/2078
f 2077/2077 2078/2078 2076/2076
f 2075/2075 2076/2076 2074/2074
f 2073/2073 2074/2074 2072/2072
f 2071/2071 2072/2072 2070/2070
f 2069/2069 2070/2070 2067/2067
f 2085/2085 2086/2086 2087/2087
f 2087/2087 2088/2088 2089/2089
f 2088/2088 2090/2090 2089/2089
f 2091/2091 2092/2092 2093/2093
f 2093/2093 2088/2088 2091/2091
f 2092/2092 2091/2091 2094/2094
f 2095/2095 2094/2094 2096/2096
f 2096/2096 2097/2097 2098/2098
f 2097/2097 2099/2099 2098/2098
f 2099/2099 2097/2097 2100/2100
f 2101/2101 2100/2100 2102/2102
f 2102/2102 2103/2103 2101/2101
f 2100/2100 2101/2101 2099/2099
f 2098/2098 2104/2104 2096/2096
f 2096/2096 2104/2104 2095/2095
f 2094/2094 2095/2095 2092/2092
f 2093/2093 2090/2090 2088/2088
f 2089/2089 2105/2105 2087/2087
f 2087/2087 2105/2105 2085/2085
f 2106/2106 2107/2107 2108/2108
f 2109/2109 2110/2110 2111/2111
f 2112/2112 2108/2108 2110/2110
f 2110/2110 2109/2109 2112/2112
f 2113/2113 2109/2109 2114/2114
f 2109/2109 2115/2115 2116/2116
f 2116/2116 2114/2114 2109/2109
f 2113/2113 2117/2117 2118/2118
f 2119/2119 2118/2118 2120/2120
f 2121/2121 2120/2120 2122/2122
f 2122/2122 2123/2123 2121/2121
f 2124/2124 2123/2123 2125/2125
f 2123/2123 2126/2126 2127/2127
f 2127/2127 2125/2125 2123/2123
f 2128/2128 2124/2124 2129/2129
f 2124/2124 2130/2130 2129/2129
f 2129/2129 2131/2131 2128/2128
f 2125/2125 2130/2130 2124/2124
f 2122/2122 2126/2126 2123/2123
f 2120/2120 2121/2121 2119/2119
f 2118/2118 2119/2119 2113/2113
f 2114/2114 2117/2117 2113/2113
f 2111/2111 2115/2115 2109/2109
f 2108/2108 2112/2112 2106/2106
f 2132/2132 2133/2133 2134/2134
f 2135/2135 2132/2132 2136/2136
f 2137/2137 2135/2135 2138/2138
f 2139/2139 2137/2137 2140/2140
f 2141/2141 2139/2139 2142/2142
f 2143/2143 2141/2141 2144/2144
f 2145/2145 2143/2143 2146/2146
f 2147/2147 2145/2145 2148/2148
f 2148/2148 2149/2149 2147/2147
f 2146/2146 2148/2148 2145/2145
f 2144/2144 2146/2146 2143/2143
f 2142/2142 2144/2144 2141/2141
f 2140/2140 2142/2142 2139/2139
f 2138/2138 2140/2140 2137/2137
f 2136/2136 2138/2138 2135/2135
f 2134/2134 2136/2136 2132/2132
f 2150/2150 2151/2151 2152/2152
f 2153/2153 2150/2150 2154/2154
f 2155/2155 2153/2153 2156/2156
f 2157/2157 2155/2155 2158/2158
f 2159/2159 2157/2157 2160/2160
f 2161/2161 2159/2159 2162/2162
f 2163/2163 2161/2161 2164/2164
f 2165/2165 2163/2163 2166/2166
f 2166/2166 2167/2167 2165/2165
f 2164/2164 2166/2166 2163/2163
f 2162/2162 2164/2164 2161/2161
f 2160/2160 2162/2162 2159/2159
f 2158/2158 2160/2160 2157/2157
f 2156/2156 2158/2158 2155/2155
f 2154/2154 2156/2156 2153/2153
f 2152/2152 2154/2154 2150/2150
f 2168/2168 2169/2169 2170/2170
f 2171/2171 2168/2168 2172/2172
f 2173/2173 2171/2171 2174/2174
f 2175/2175 2173/2173 2176/2176
f 2177/2177 2175/2175 2178/2178
f 2179/2179 2177/2177 2180/2180
f 2181/2181 2179/2179 2182/2182
f 2183/2183 2181/2181 2184/2184
f 2184/2184 2185/2185 2183/2183
f 2182/2182 2184/2184 2181/2181
f 2180/2180 2182/2182 2179/2179
f 2178/2178 2180/2180 2177/2177
f 2176/2176 2178/2178 2175/2175
f 2174/2174 2176/2176 2173/2173
f 2172/2172 2174/2174 2171/2171
f 2170/2170 2172/2172 2168/2168
f 2186/2186 2187/2187 2188/2188
f 2189/2189 2186/2186 2190/2190
f 2191/2191 2189/2189 2192/2192
f 2193/2193 2191/2191 2194/2194
f 2195/2195 2193/2193 2196/2196
f 2197/2197 2195/2195 2198/2198
f 2199/2199 2197/2197 2200/2200
f 2201/2201 2199/2199 2202/2202
f 2202/2202 2203/2203 2201/2201
f 2200/2200 2202/2202 2199/2199
f 2198/2198 2200/2200 2197/2197
f 2196/2196 2198/2198 2195/2195
f 2194/2194 2196/2196 2193/2193
f 2192/2192 2194/2194 2191/2191
f 2190/2190 2192/2192 2189/2189
f 2188/2188 2190/2190 2186/2186
f 2204/2204 2205/2205 2206/2206
f 2207/2207 2204/2204 2208/2208
f 2209/2209 2207/2207 2210/2210
f 2211/2211 2209/2209 2212/2212
f 2213/2213 2211/2211 2214/2214
f 2215/2215 2213/2213 2216/2216
f 2217/2217 2215/2215 2218/2218
f 2219/2219 2217/2217 2220/2220
f 2220/2220 2221/2221 2219/2219
f 2218/2218 2220/2220 2217/2217
f 2216/2216 2218/2218 2215/2215
f 2214/2214 2216/2216 2213/2213
f 2212/2212 2214/2214 2211/2211
f 2210/2210 2212/2212 2209/2209
f 2208/2208 2210/2210 2207/2207
f 2206/2206 2208/2208 2204/2204
f 2222/2222 2223/2223 2224/2224
f 2225/2225 2222/2222 2226/2226
f 2227/2227 2225/2225 2228/2228
f 2229/2229 2227/2227 2230/2230
f 2231/2231 2229/2229 2232/2232
f 2233/2233 2231/2231 2234/2234
f 2235/2235 2233/2233 2236/2236
f 2237/2237 2235/2235 2238/2238
f 2238/2238 2239/2239 2237/2237
f 2236/2236 2238/2238 2235/2235
f 2234/2234 2236/2236 2233/2233
f 2232/2232 2234/2234 2231/2231
f 2230/2230 2232/2232 2229/2229
f 2228/2228 2230/2230 2227/2227
f 2226/2226 2228/2228 2225/2225
f 2224/2224 2226/2226 2222/2222
f 2240/2240 2241/2241 2242/2242
f 2243/2243 2242/2242 2244/2244
f 2245/2245 2244/2244 2246/2246
f 2247/2247 2246/2246 2248/2248
f 2249/2249 2248/2248 2250/2250
f 2251/2251 2250/2250 2252/2252
f 2253/2253 2254/2254 2255/2255
f 2255/2255 2252/2252 2253/2253
f 2254/2254 2253/2253 2256/2256
f 2256/2256 2257/2257 2254/2254
f 2255/2255 2258/2258 2252/2252
f 2252/2252 2258/2258 2251/2251
f 2250/2250 2251/2251 2249/2249
f 2248/2248 2249/2249 2247/2247
f 2246/2246 2247/2247 2245/2245
f 2244/2244 2245/2245 2243/2243
f 2242/2242 2243/2243 2240/2240
f 2259/2259 2260/2260 2261/2261
f 2261/2261 2262/2262 2259/2259
f 2262/2262 2263/2263 2264/2264
f 2264/2264 2265/2265 2262/2262
f 2266/2266 2265/2265 2267/2267
f 2265/2265 2268/2268 2267/2267
f 2269/2269 2266/2266 2270/2270
f 2266/2266 2271/2271 2270/2270
f 2269/2269 2272/2272 2273/2273
f 2273/2273 2274/2274 2269/2269
f 2274/2274 2275/2275 2276/2276
f 2276/2276 2277/2277 2274/2274
f 2276/2276 2278/2278 2277/2277
f 2279/2279 2277/2277 2280/2280
f 2277/2277 2281/2281 2280/2280
f 2279/2279 2282/2282 2283/2283
f 2283/2283 2284/2284 2279/2279
f 2280/2280 2282/2282 2279/2279
f 2278/2278 2281/2281 2277/2277
f 2273/2273 2275/2275 2274/2274
f 2270/2270 2272/2272 2269/2269
f 2267/2267 2271/2271 2266/2266
f 2264/2264 2268/2268 2265/2265
f 2261/2261 2263/2263 2262/2262
f 2285/2285 2286/2286 2287/2287
f 2288/2288 2289/2289 2290/2290
f 2288/2288 2291/2291 2292/2292
f 2293/2293 2294/2294 2295/2295
f 2288/2288 2296/2296 2297/2297
f 2292/2292 2289/2289 2288/2288
f 2291/2291 2298/2298 2299/2299
f 2291/2291 2295/2295 2300/2300
f 2293/2293 2301/2301 2294/2294
f 2297/2297 2302/2302 2288/2288
f 2299/2299 2292/2292 2291/2291
f 2300/2300 2303/2303 2291/2291
f 2293/2293 2304/2304 2301/2301
f 2302/2302 2305/2305 2306/2306
f 2297/2297 2307/2307 2302/2302
f 2303/2303 2298/2298 2291/2291
f 2293/2293 2306/2306 2304/2304
f 2307/2307 2305/2305 2302/2302
f 2295/2295 2291/2291 2293/2293
f 2290/2290 2296/2296 2288/2288
f 2308/2308 2309/2309 2291/2291
f 2293/2293 2291/2291 2309/2309
f 2291/2291 2310/2310 2308/2308
f 2310/2310 2311/2311 2308/2308
f 2312/2312 2311/2311 2313/2313
f 2314/2314 2315/2315 2316/2316
f 2316/2316 2313/2313 2314/2314
f 2313/2313 2316/2316 2312/2312
f 2317/2317 2318/2318 2319/2319
f 2319/2319 2313/2313 2317/2317
f 2320/2320 2321/2321 2322/2322
f 2323/2323 2324/2324 2325/2325
f 2323/2323 2314/2314 2326/2326
f 2313/2313 2327/2327 2328/2328
f 2317/2317 2329/2329 2318/2318
f 2322/2322 2317/2317 2320/2320
f 2326/2326 2324/2324 2323/2323
f 2328/2328 2330/2330 2313/2313
f 2322/2322 2329/2329 2317/2317
f 2325/2325 2320/2320 2323/2323
f 2314/2314 2331/2331 2332/2332
f 2330/2330 2333/2333 2313/2313
f 2325/2325 2321/2321 2320/2320
f 2314/2314 2334/2334 2331/2331
f 2314/2314 2313/2313 2335/2335
f 2319/2319 2327/2327 2313/2313
f 2335/2335 2334/2334 2314/2314
f 2332/2332 2326/2326 2314/2314
f 2323/2323 2336/2336 2337/2337
f 2323/2323 2338/2338 2339/2339
f 2339/2339 2336/2336 2323/2323
f 2338/2338 2340/2340 2341/2341
f 2340/2340 2342/2342 2343/2343
f 2314/2314 2337/2337 2344/2344
f 2338/2338 2345/2345 2339/2339
f 2340/2340 2346/2346 2341/2341
f 2342/2342 2347/2347 2343/2343
f 2314/2314 2348/2348 2349/2349
f 2344/2344 2350/2350 2314/2314
f 2341/2341 2345/2345 2338/2338
f 2343/2343 2351/2351 2340/2340
f 2342/2342 2352/2352 2353/2353
f 2350/2350 2348/2348 2314/2314
f 2351/2351 2346/2346 2340/2340
f 2342/2342 2354/2354 2352/2352
f 2337/2337 2314/2314 2323/2323
f 2342/2342 2349/2349 2354/2354
f 2353/2353 2347/2347 2342/2342
f 2355/2355 2356/2356 2342/2342
f 2355/2355 2357/2357 2358/2358
f 2314/2314 2342/2342 2356/2356
f 2358/2358 2359/2359 2355/2355
f 2342/2342 2357/2357 2355/2355
f 2360/2360 2361/2361 2359/2359
f 2359/2359 2358/2358 2360/2360
f 2362/2362 2363/2363 2364/2364
f 2358/2358 2364/2364 2365/2365
f 2362/2362 2366/2366 2363/2363
f 2367/2367 2368/2368 2369/2369
f 2364/2364 2358/2358 2362/2362
f 2369/2369 2362/2362 2367/2367
f 2370/2370 2371/2371 2372/2372
f 2360/2360 2358/2358 2373/2373
f 2369/2369 2366/2366 2362/2362
f 2372/2372 2367/2367 2370/2370
f 2373/2373 2374/2374 2360/2360
f 2358/2358 2375/2375 2376/2376
f 2372/2372 2368/2368 2367/2367
f 2370/2370 2360/2360 2377/2377
f 2374/2374 2378/2378 2360/2360
f 2358/2358 2379/2379 2375/2375
f 2377/2377 2371/2371 2370/2370
f 2378/2378 2380/2380 2360/2360
f 2365/2365 2379/2379 2358/2358
f 2376/2376 2373/2373 2358/2358
f 2370/2370 2381/2381 2382/2382
f 2370/2370 2383/2383 2384/2384
f 2382/2382 2360/2360 2370/2370
f 2383/2383 2385/2385 2384/2384
f 2383/2383 2386/2386 2387/2387
f 2384/2384 2381/2381 2370/2370
f 2386/2386 2388/2388 2387/2387
f 2386/2386 2389/2389 2390/2390
f 2360/2360 2391/2391 2392/2392
f 2387/2387 2385/2385 2383/2383
f 2390/2390 2393/2393 2386/2386
f 2389/2389 2392/2392 2394/2394
f 2360/2360 2395/2395 2391/2391
f 2393/2393 2388/2388 2386/2386
f 2394/2394 2396/2396 2389/2389
f 2360/2360 2397/2397 2395/2395
f 2389/2389 2398/2398 2390/2390
f 2396/2396 2399/2399 2389/2389
f 2382/2382 2397/2397 2360/2360
f 2392/2392 2389/2389 2360/2360
f 2360/2360 2389/2389 2400/2400
f 2401/2401 2400/2400 2389/2389
f 2389/2389 2402/2402 2401/2401
f 2402/2402 2403/2403 2401/2401
f 2403/2403 2404/2404 2405/2405
f 2403/2403 2402/2402 2404/2404
f 2406/2406 2407/2407 2408/2408
f 2408/2408 2405/2405 2406/2406
f 2409/2409 2406/2406 2410/2410
f 2406/2406 2411/2411 2412/2412
f 2406/2406 2405/2405 2413/2413
f 2410/2410 2414/2414 2409/2409
f 2406/2406 2415/2415 2411/2411
f 2405/2405 2416/2416 2413/2413
f 2405/2405 2417/2417 2418/2418
f 2419/2419 2420/2420 2421/2421
f 2419/2419 2409/2409 2422/2422
f 2414/2414 2423/2423 2409/2409
f 2413/2413 2415/2415 2406/2406
f 2418/2418 2424/2424 2405/2405
f 2421/2421 2405/2405 2419/2419
f 2423/2423 2422/2422 2409/2409
f 2424/2424 2416/2416 2405/2405
f 2419/2419 2425/2425 2420/2420
f 2412/2412 2410/2410 2406/2406
f 2419/2419 2426/2426 2425/2425
f 2421/2421 2417/2417 2405/2405
f 2427/2427 2428/2428 2429/2429
f 2428/2428 2430/2430 2431/2431
f 2406/2406 2432/2432 2433/2433
f 2428/2428 2434/2434 2429/2429
f 2428/2428 2435/2435 2430/2430
f 2433/2433 2428/2428 2406/2406
f 2406/2406 2436/2436 2437/2437
f 2409/2409 2438/2438 2436/2436
f 2429/2429 2439/2439 2427/2427
f 2433/2433 2435/2435 2428/2428
f 2437/2437 2440/2440 2406/2406
f 2409/2409 2441/2441 2438/2438
f 2439/2439 2442/2442 2427/2427
f 2440/2440 2432/2432 2406/2406
f 2409/2409 2443/2443 2441/2441
f 2427/2427 2444/2444 2443/2443
f 2431/2431 2434/2434 2428/2428
f 2443/2443 2409/2409 2427/2427
f 2436/2436 2406/2406 2409/2409
f 2445/2445 2446/2446 2428/2428
f 2406/2406 2428/2428 2446/2446
f 2447/2447 2285/2285 2445/2445
f 2428/2428 2447/2447 2445/2445
f 2285/2285 2447/2447 2448/2448
f 2286/2286 2449/2449 2450/2450
f 2450/2450 2451/2451 2286/2286
f 2293/2293 2452/2452 2451/2451
f 2451/2451 2450/2450 2293/2293
f 2453/2453 2302/2302 2454/2454
f 2302/2302 2455/2455 2454/2454
f 2302/2302 2293/2293 2456/2456
f 2293/2293 2450/2450 2457/2457
f 2302/2302 2458/2458 2455/2455
f 2293/2293 2459/2459 2456/2456
f 2457/2457 2460/2460 2293/2293
f 2450/2450 2461/2461 2462/2462
f 2453/2453 2463/2463 2464/2464
f 2453/2453 2465/2465 2466/2466
f 2456/2456 2458/2458 2302/2302
f 2460/2460 2467/2467 2293/2293
f 2450/2450 2468/2468 2461/2461
f 2466/2466 2463/2463 2453/2453
f 2467/2467 2459/2459 2293/2293
f 2450/2450 2469/2469 2468/2468
f 2464/2464 2450/2450 2453/2453
f 2462/2462 2457/2457 2450/2450
f 2454/2454 2465/2465 2453/2453
f 2464/2464 2469/2469 2450/2450
f 2286/2286 2285/2285 2449/2449
f 2448/2448 2449/2449 2285/2285
f 2446/2446 2407/2407 2406/2406
f 2442/2442 2444/2444 2427/2427
f 2422/2422 2426/2426 2419/2419
f 2405/2405 2408/2408 2403/2403
f 2400/2400 2361/2361 2360/2360
f 2399/2399 2398/2398 2389/2389
f 2383/2383 2370/2370 2470/2470
f 2470/2470 2370/2370 2367/2367
f 2380/2380 2377/2377 2360/2360
f 2356/2356 2315/2315 2314/2314
f 2349/2349 2342/2342 2314/2314
f 2338/2338 2323/2323 2471/2471
f 2471/2471 2323/2323 2320/2320
f 2333/2333 2335/2335 2313/2313
f 2312/2312 2308/2308 2311/2311
f 2309/2309 2452/2452 2293/2293
f 2306/2306 2293/2293 2302/2302
f 2287/2287 2445/2445 2285/2285
f 2472/2472 2473/2473 2474/2474
f 2475/2475 2472/2472 2476/2476
f 2477/2477 2475/2475 2478/2478
f 2479/2479 2477/2477 2480/2480
f 2481/2481 2479/2479 2482/2482
f 2483/2483 2481/2481 2484/2484
f 2485/2485 2483/2483 2486/2486
f 2487/2487 2485/2485 2488/2488
f 2488/2488 2489/2489 2487/2487
f 2486/2486 2488/2488 2485/2485
f 2484/2484 2486/2486 2483/2483
f 2482/2482 2484/2484 2481/2481
f 2480/2480 2482/2482 2479/2479
f 2478/2478 2480/2480 2477/2477
f 2476/2476 2478/2478 2475/2475
f 2474/2474 2476/2476 2472/2472
f 2490/2490 2491/2491 2492/2492
f 2493/2493 2490/2490 2494/2494
f 2495/2495 2493/2493 2496/2496
f 2497/2497 2495/2495 2498/2498
f 2499/2499 2497/2497 2500/2500
f 2501/2501 2499/2499 2502/2502
f 2503/2503 2501/2501 2504/2504
f 2505/2505 2503/2503 2506/2506
f 2506/2506 2507/2507 2505/2505
f 2504/2504 2506/2506 2503/2503
f 2502/2502 2504/2504 2501/2501
f 2500/2500 2502/2502 2499/2499
f 2498/2498 2500/2500 2497/2497
f 2496/2496 2498/2498 2495/2495
f 2494/2494 2496/2496 2493/2493
f 2492/2492 2494/2494 2490/2490
f 2508/2508 2509/2509 2510/2510
f 2511/2511 2512/2512 2509/2509
f 2513/2513 2514/2514 2512/2512
f 2515/2515 2516/2516 2514/2514
f 2517/2517 2518/2518 2516/2516
f 2519/2519 2520/2520 2518/2518
f 2521/2521 2522/2522 2520/2520
f 2523/2523 2524/2524 2522/2522
f 2525/2525 2526/2526 2527/2527
f 2528/2528 2529/2529 2526/2526
f 2530/2530 2531/2531 2529/2529
f 2532/2532 2533/2533 2531/2531
f 2534/2534 2535/2535 2533/2533
f 2536/2536 2537/2537 2535/2535
f 2538/2538 2539/2539 2537/2537
f 2540/2540 2541/2541 2539/2539

