# https://github.com/mikedh/trimesh

o 92832a176_zinc_plated_steel_button_head_torx_screws.stl
v 0.00124546 -0.00002945 -0.00366669
v 0.00125000 0.00000000 -0.00366250
v 0.00124524 -0.00010894 -0.00366250
v 0.00056165 -0.00077574 -0.00395478
v 0.00052339 -0.00074748 -0.00400000
v 0.00060257 -0.00074754 -0.00395234
v 0.00058654 -0.00069902 -0.00400000
v 0.00066135 -0.00070107 -0.00394871
v 0.00064523 -0.00064523 -0.00400000
v 0.00068793 -0.00067743 -0.00394702
v 0.00069902 -0.00058654 -0.00400000
v 0.00074079 -0.00062462 -0.00394352
v 0.00074748 -0.00052339 -0.00400000
v 0.00078946 -0.00056769 -0.00394012
v 0.00079025 -0.00045625 -0.00400000
v 0.00083385 -0.00050659 -0.00393683
v 0.00087417 -0.00044069 -0.00393353
v 0.00082701 -0.00038564 -0.00400000
v 0.00088421 -0.00042229 -0.00393262
v 0.00085747 -0.00031209 -0.00400000
v 0.00091836 -0.00035163 -0.00392913
v 0.00088141 -0.00023617 -0.00400000
v 0.00094688 -0.00027841 -0.00392554
v 0.00089864 -0.00015845 -0.00400000
v 0.00096971 -0.00020262 -0.00392185
v 0.00098665 -0.00012416 -0.00391806
v 0.00090903 -0.00007953 -0.00400000
v 0.00099030 -0.00010177 -0.00391699
v 0.00091250 -0.00000000 -0.00400000
v 0.00099896 -0.00002378 -0.00391326
v 0.00090903 0.00007953 -0.00400000
v 0.00100147 0.00005475 -0.00390953
v 0.00099776 0.00013383 -0.00390581
v 0.00089864 0.00015845 -0.00400000
v 0.00099331 0.00017515 -0.00390387
v 0.00098761 0.00021348 -0.00390208
v 0.00088141 0.00023617 -0.00400000
v 0.00098082 0.00024968 -0.00390040
v 0.00085747 0.00031209 -0.00400000
v 0.00096194 0.00032582 -0.00389687
v 0.00082701 0.00038564 -0.00400000
v 0.00093709 0.00040041 -0.00389344
v 0.00090617 0.00047342 -0.00389011
v 0.00079025 0.00045625 -0.00400000
v 0.00088694 0.00051207 -0.00388835
v 0.00086881 0.00054514 -0.00388682
v 0.00074748 0.00052339 -0.00400000
v 0.00085771 0.00056409 -0.00388592
v 0.00081268 0.00063287 -0.00388246
v 0.00069902 0.00058654 -0.00400000
v 0.00079030 0.00066314 -0.00388084
v 0.00076233 0.00069799 -0.00387890
v 0.00064523 0.00064523 -0.00400000
v 0.00070660 0.00075938 -0.00387523
v 0.00058654 0.00069902 -0.00400000
v 0.00064530 0.00081693 -0.00387145
v 0.00062856 0.00083113 -0.00387046
v 0.00052339 0.00074748 -0.00400000
v 0.00059869 0.00085501 -0.00386872
v 0.00056329 0.00088110 -0.00386673
v 0.00045625 0.00079025 -0.00400000
v 0.00049422 0.00092585 -0.00386300
v 0.00038564 0.00082701 -0.00400000
v 0.00042129 0.00096531 -0.00385926
v 0.00031209 0.00085747 -0.00400000
v 0.00034439 0.00099930 -0.00385552
v 0.00032389 0.00100715 -0.00385455
v 0.00023617 0.00088141 -0.00400000
v 0.00024574 0.00103268 -0.00385098
v 0.00015845 0.00089864 -0.00400000
v 0.00016573 0.00105202 -0.00384750
v 0.00007953 0.00090903 -0.00400000
v 0.00008384 0.00106510 -0.00384411
v 0.00000000 0.00091250 -0.00400000
v -0.00000000 0.00107169 -0.00384081
v -0.00007953 0.00090903 -0.00400000
v -0.00008521 0.00107165 -0.00383747
v -0.00010813 0.00107051 -0.00383655
v -0.00015845 0.00089864 -0.00400000
v -0.00019365 0.00106196 -0.00383303
v -0.00023617 0.00088141 -0.00400000
v -0.00027832 0.00104670 -0.00382943
v -0.00031209 0.00085747 -0.00400000
v -0.00036215 0.00102466 -0.00382572
v -0.00044511 0.00099560 -0.00382193
v -0.00038564 0.00082701 -0.00400000
v -0.00046889 0.00098586 -0.00382081
v -0.00045625 0.00079025 -0.00400000
v -0.00054664 0.00094927 -0.00381708
v -0.00052339 0.00074748 -0.00400000
v -0.00062138 0.00090664 -0.00381336
v -0.00058654 0.00069902 -0.00400000
v -0.00069306 0.00085787 -0.00380965
v -0.00076159 0.00080278 -0.00380594
v -0.00064523 0.00064523 -0.00400000
v -0.00079019 0.00077693 -0.00380434
v -0.00069902 0.00058654 -0.00400000
v -0.00085055 0.00071580 -0.00380083
v -0.00074748 0.00052339 -0.00400000
v -0.00090604 0.00064998 -0.00379743
v -0.00079025 0.00045625 -0.00400000
v -0.00095658 0.00057940 -0.00379413
v -0.00100236 0.00050341 -0.00379082
v -0.00082701 0.00038564 -0.00400000
v -0.00101369 0.00048231 -0.00378991
v -0.00085747 0.00031209 -0.00400000
v -0.00105214 0.00040130 -0.00378643
v -0.00088141 0.00023617 -0.00400000
v -0.00108414 0.00031742 -0.00378284
v -0.00089864 0.00015845 -0.00400000
v -0.00110962 0.00023064 -0.00377916
v -0.00112837 0.00014087 -0.00377537
v -0.00090903 0.00007953 -0.00400000
v -0.00113232 0.00011550 -0.00377431
v -0.00091250 -0.00000000 -0.00400000
v -0.00114162 0.00002633 -0.00377058
v -0.00090903 -0.00007953 -0.00400000
v -0.00114389 -0.00006342 -0.00376685
v -0.00113905 -0.00015374 -0.00376312
v -0.00089864 -0.00015845 -0.00400000
v -0.00113378 -0.00019992 -0.00376123
v -0.00112685 -0.00024466 -0.00375939
v -0.00088141 -0.00023617 -0.00400000
v -0.00111929 -0.00028376 -0.00375780
v -0.00085747 -0.00031209 -0.00400000
v -0.00109732 -0.00037066 -0.00375427
v -0.00082701 -0.00038564 -0.00400000
v -0.00106854 -0.00045575 -0.00375083
v -0.00103284 -0.00053899 -0.00374749
v -0.00079025 -0.00045625 -0.00400000
v -0.00101047 -0.00058340 -0.00374571
v -0.00098981 -0.00062066 -0.00374419
v -0.00074748 -0.00052339 -0.00400000
v -0.00097710 -0.00064212 -0.00374329
v -0.00092558 -0.00072003 -0.00373984
v -0.00069902 -0.00058654 -0.00400000
v -0.00089957 -0.00075483 -0.00373820
v -0.00086803 -0.00079373 -0.00373628
v -0.00064523 -0.00064523 -0.00400000
v -0.00080439 -0.00086319 -0.00373262
v -0.00058654 -0.00069902 -0.00400000
v -0.00073444 -0.00092825 -0.00372884
v -0.00071535 -0.00094429 -0.00372785
v -0.00052339 -0.00074748 -0.00400000
v -0.00068050 -0.00097186 -0.00372608
v -0.00064093 -0.00100072 -0.00372412
v -0.00045625 -0.00079025 -0.00400000
v -0.00056223 -0.00105120 -0.00372039
v -0.00038564 -0.00082701 -0.00400000
v -0.00047917 -0.00109565 -0.00371665
v -0.00031209 -0.00085747 -0.00400000
v -0.00039162 -0.00113387 -0.00371291
v -0.00007794 -0.00095454 -0.00395478
v -0.00015537 -0.00094503 -0.00395478
v -0.00015845 -0.00089864 -0.00400000
v -0.00036829 -0.00114268 -0.00371194
v -0.00023617 -0.00088141 -0.00400000
v -0.00027938 -0.00117128 -0.00370836
v -0.00020956 -0.00118849 -0.00370567
v -0.00018838 -0.00119284 -0.00370488
v -0.00010443 -0.00096105 -0.00394579
v -0.00009528 -0.00120727 -0.00370147
v -0.00005258 -0.00097400 -0.00393709
v 0.00000000 -0.00121434 -0.00369816
v -0.00000000 -0.00098382 -0.00392868
v 0.00002422 -0.00121492 -0.00369734
v 0.00008558 -0.00099366 -0.00391516
v 0.00012144 -0.00121249 -0.00369394
v 0.00014730 -0.00121056 -0.00369301
v 0.00017043 -0.00099653 -0.00390150
v 0.00024368 -0.00119850 -0.00368948
v 0.00025457 -0.00099266 -0.00388772
v 0.00033893 -0.00117889 -0.00368586
v 0.00033802 -0.00098212 -0.00387384
v 0.00043303 -0.00115163 -0.00368215
v 0.00036017 -0.00097819 -0.00387011
v 0.00044399 -0.00095880 -0.00385589
v 0.00052594 -0.00111648 -0.00367835
v 0.00054970 -0.00110609 -0.00367735
v 0.00052485 -0.00093308 -0.00384194
v 0.00063663 -0.00106279 -0.00367362
v 0.00060284 -0.00090121 -0.00382825
v 0.00072000 -0.00101274 -0.00366990
v 0.00067800 -0.00086327 -0.00381481
v 0.00069754 -0.00085214 -0.00381127
v 0.00079976 -0.00095585 -0.00366620
v 0.00122552 -0.00012548 -0.00368057
v 0.00123101 -0.00021706 -0.00366250
v 0.00119795 -0.00021990 -0.00369454
v 0.00120741 -0.00032352 -0.00366250
v 0.00116260 -0.00031268 -0.00370859
v 0.00117462 -0.00042753 -0.00366250
v 0.00113447 -0.00037380 -0.00371803
v 0.00113288 -0.00052827 -0.00366250
v 0.00108759 -0.00046000 -0.00373163
v 0.00103375 -0.00054265 -0.00374498
v 0.00108253 -0.00062500 -0.00366250
v 0.00100569 -0.00058064 -0.00375123
v 0.00097397 -0.00061997 -0.00375795
v 0.00102394 -0.00071697 -0.00366250
v 0.00095928 -0.00063696 -0.00376101
v 0.00070922 -0.00084523 -0.00380914
v 0.00077016 -0.00080572 -0.00379790
v 0.00087579 -0.00089191 -0.00366250
v 0.00079088 -0.00079089 -0.00379403
v 0.00088388 -0.00088388 -0.00366250
v 0.00083790 -0.00075429 -0.00378510
v 0.00095756 -0.00080348 -0.00366250
v 0.00090092 -0.00069802 -0.00377281
v 0.00094000 -0.00065821 -0.00376496
v -0.00007953 -0.00090903 -0.00400000
v 0.00000000 -0.00091250 -0.00400000
v -0.00000000 -0.00095772 -0.00395478
v 0.00007953 -0.00090903 -0.00400000
v 0.00008347 -0.00095407 -0.00395478
v 0.00015845 -0.00089864 -0.00400000
v 0.00016631 -0.00094317 -0.00395478
v 0.00023617 -0.00088141 -0.00400000
v 0.00024788 -0.00092508 -0.00395478
v 0.00031209 -0.00085747 -0.00400000
v 0.00032756 -0.00089996 -0.00395478
v 0.00038564 -0.00082701 -0.00400000
v 0.00040475 -0.00086799 -0.00395478
v 0.00045625 -0.00079025 -0.00400000
v 0.00047886 -0.00082941 -0.00395478
v 0.00054932 -0.00078452 -0.00395478
v 0.00025121 0.00122450 -0.00221382
v 0.00021706 0.00123101 -0.00221185
v 0.00021706 0.00123101 -0.00215560
v -0.00123148 -0.00021439 -0.00207464
v -0.00123101 -0.00021706 -0.00207448
v -0.00123101 -0.00021706 -0.00201823
v -0.00110138 -0.00059115 -0.00205203
v -0.00108253 -0.00062500 -0.00205000
v -0.00108253 -0.00062500 -0.00199375
v 0.00117707 0.00042073 -0.00183726
v 0.00117462 0.00042752 -0.00183685
v 0.00117462 0.00042752 -0.00178060
v 0.00043279 0.00117269 -0.00177481
v 0.00042753 0.00117462 -0.00177448
v 0.00042753 0.00117462 -0.00171823
v 0.00013272 0.00124293 -0.00175711
v 0.00010895 0.00124524 -0.00175580
v 0.00010894 0.00124524 -0.00169955
v 0.00118240 0.00040551 -0.00093817
v 0.00117462 0.00042752 -0.00093685
v 0.00117462 0.00042752 -0.00088060
v 0.00108762 0.00061611 -0.00092553
v 0.00108253 0.00062500 -0.00092500
v 0.00108253 0.00062500 -0.00086875
v 0.00107247 0.00064211 -0.00086771
v -0.00003432 -0.00124953 -0.00062680
v -0.00000000 -0.00125000 -0.00062500
v -0.00000000 -0.00125000 -0.00056875
v 0.00108568 0.00061952 -0.00047533
v 0.00108253 0.00062500 -0.00047500
v 0.00108253 0.00062500 -0.00041875
v -0.00110333 -0.00058750 -0.00025225
v -0.00108253 -0.00062500 -0.00025000
v -0.00108253 -0.00062500 -0.00019375
v -0.00003514 -0.00124951 -0.00017684
v -0.00000000 -0.00125000 -0.00017500
v -0.00000000 -0.00125000 -0.00011875
v 0.00076733 -0.00098677 -0.00012723
v 0.00080348 -0.00095756 -0.00012448
v 0.00080348 -0.00095756 -0.00006823
v -0.00000123 -0.00125000 0.00072494
v -0.00000000 -0.00125000 0.00072500
v 0.00000000 -0.00125000 0.00078125
v -0.00105926 0.00066368 0.00102263
v -0.00108253 0.00062500 0.00102500
v -0.00108253 0.00062500 0.00108125
v -0.00032381 -0.00120733 0.00205689
v -0.00032352 -0.00120741 0.00205691
v -0.00032352 -0.00120741 0.00211316
v 0.00003878 0.00124940 0.00229797
v 0.00000000 0.00125000 0.00230000
v 0.00000000 0.00125000 0.00235625
v -0.00108757 -0.00061619 0.00244947
v -0.00108253 -0.00062500 0.00245000
v -0.00108253 -0.00062500 0.00250625
v 0.00094886 -0.00081374 0.00258739
v 0.00095756 -0.00080348 0.00258815
v 0.00095756 -0.00080348 0.00264440
v 0.00108205 -0.00062584 0.00259995
v 0.00108253 -0.00062500 0.00260000
v 0.00108253 -0.00062500 0.00265625
v 0.00109716 -0.00059894 0.00265781
v 0.00115192 -0.00048536 0.00260838
v 0.00117462 -0.00042752 0.00261185
v 0.00116374 -0.00045630 0.00266637
v 0.00123311 0.00020480 0.00264979
v 0.00123101 0.00021706 0.00265052
v 0.00123101 0.00021706 0.00270677
v 0.00109181 0.00060865 0.00267402
v 0.00108253 0.00062500 0.00267500
v 0.00108253 0.00062500 0.00273125
v 0.00107523 0.00063748 0.00273200
v 0.00023302 0.00122809 0.00273723
v 0.00021706 0.00123101 0.00273815
v 0.00021706 0.00123101 0.00279440
v 0.00000373 0.00124999 0.00274981
v 0.00000000 0.00125000 0.00275000
v 0.00000000 0.00125000 0.00280625
v -0.00002913 0.00124966 0.00280777
v -0.00015258 0.00124065 0.00275821
v -0.00021706 0.00123101 0.00276185
v -0.00018530 0.00123619 0.00281629
v -0.00003316 -0.00124956 0.00297326
v -0.00000000 -0.00125000 0.00297500
v -0.00000000 -0.00125000 0.00303125
v -0.00043483 -0.00117193 0.00340006
v -0.00042753 -0.00117462 0.00340052
v -0.00042753 -0.00117462 0.00345677
v -0.00124851 -0.00006112 0.00376617
v -0.00124524 -0.00010894 0.00376904
v -0.00124524 -0.00010894 0.00382529
v -0.00110735 -0.00057989 0.00379729
v -0.00108253 -0.00062500 0.00380000
v -0.00108253 -0.00062500 0.00385625
v -0.00105847 -0.00066494 0.00385870
v 0.00123931 0.00016312 0.00399729
v 0.00123252 0.00020833 0.00400000
v 0.00124524 0.00010894 0.00400000
v 0.00125000 -0.00000000 0.00400000
v 0.00125000 0.00000000 0.00398750
v 0.00125000 0.00000083 0.00398755
v 0.00124997 0.00000805 0.00398798
v 0.00124705 0.00008579 0.00399265
v 0.00124524 0.00010894 0.00399404
v 0.00124762 -0.00007716 0.00398287
v 0.00124524 -0.00010894 0.00400000
v 0.00124524 -0.00010894 0.00398096
v 0.00124035 -0.00015500 0.00397820
v 0.00123101 -0.00021706 0.00400000
v 0.00123101 -0.00021706 0.00397448
v 0.00120741 -0.00032352 0.00400000
v 0.00120741 -0.00032352 0.00396809
v 0.00121121 -0.00030899 0.00396896
v 0.00122821 -0.00023238 0.00397356
v 0.00118939 -0.00038452 0.00396443
v 0.00117462 -0.00042753 0.00400000
v 0.00117462 -0.00042752 0.00396185
v 0.00113288 -0.00052827 0.00400000
v 0.00113288 -0.00052827 0.00395580
v 0.00116281 -0.00045867 0.00395998
v 0.00108253 -0.00062500 0.00400000
v 0.00109596 -0.00060114 0.00395143
v 0.00113155 -0.00053113 0.00395563
v 0.00102394 -0.00071697 0.00400000
v 0.00105697 -0.00066731 0.00394740
v 0.00108253 -0.00062500 0.00395000
v 0.00088388 -0.00088388 0.00398816
v 0.00091639 -0.00085014 0.00393461
v 0.00095274 -0.00080919 0.00399398
v 0.00095756 -0.00080348 0.00393815
v 0.00095755 -0.00080348 0.00399440
v 0.00096708 -0.00079200 0.00393899
v 0.00101922 -0.00072367 0.00400000
v 0.00101399 -0.00073097 0.00394326
v 0.00102394 -0.00071697 0.00394420
v 0.00071697 -0.00102394 0.00397529
v 0.00071697 -0.00102394 0.00391904
v 0.00074333 -0.00100497 0.00392098
v 0.00079890 -0.00096138 0.00398142
v 0.00080348 -0.00095756 0.00392552
v 0.00080349 -0.00095756 0.00398177
v 0.00080438 -0.00095680 0.00392559
v 0.00087912 -0.00088862 0.00398777
v 0.00086209 -0.00090515 0.00393014
v 0.00088388 -0.00088388 0.00393191
v 0.00067941 -0.00104924 0.00391633
v 0.00071269 -0.00102692 0.00397498
v 0.00062500 -0.00108253 0.00391250
v 0.00062500 -0.00108254 0.00396875
v 0.00062114 -0.00108475 0.00396848
v 0.00010895 -0.00124524 0.00388080
v 0.00016920 -0.00123850 0.00388414
v 0.00021563 -0.00123126 0.00394302
v 0.00021706 -0.00123101 0.00388685
v 0.00021706 -0.00123100 0.00394310
v 0.00024689 -0.00122537 0.00388857
v 0.00032141 -0.00120797 0.00394921
v 0.00032347 -0.00120742 0.00389309
v 0.00032352 -0.00120740 0.00394934
v 0.00039862 -0.00118474 0.00389767
v 0.00042476 -0.00117562 0.00395555
v 0.00042753 -0.00117462 0.00389948
v 0.00042752 -0.00117461 0.00395573
v 0.00047206 -0.00115744 0.00390231
v 0.00052492 -0.00113444 0.00396199
v 0.00052827 -0.00113288 0.00390596
v 0.00052827 -0.00113289 0.00396221
v 0.00054352 -0.00112565 0.00390697
v 0.00061272 -0.00108953 0.00391165
v 0.00010894 -0.00124524 0.00393705
v 0.00010823 -0.00124531 0.00393701
v 0.00009069 -0.00124671 0.00387981
v -0.00000000 -0.00125000 0.00393125
v -0.00021706 -0.00123101 0.00386315
v -0.00021692 -0.00123103 0.00386316
v -0.00016903 -0.00123852 0.00392212
v -0.00014071 -0.00124205 0.00386745
v -0.00010895 -0.00124524 0.00392545
v -0.00010895 -0.00124524 0.00386920
v -0.00009255 -0.00124657 0.00392634
v -0.00006413 -0.00124835 0.00387162
v -0.00001588 -0.00124990 0.00393042
v -0.00000000 -0.00125000 0.00387500
v 0.00001257 -0.00124994 0.00387565
v -0.00021706 -0.00123101 0.00391940
v -0.00024503 -0.00122575 0.00391779
v -0.00029254 -0.00121529 0.00385876
v -0.00032025 -0.00120828 0.00391336
v -0.00032352 -0.00120741 0.00385691
v -0.00032352 -0.00120741 0.00391316
v -0.00034071 -0.00120267 0.00385588
v -0.00039440 -0.00118615 0.00390884
v -0.00041451 -0.00117927 0.00385134
v -0.00042753 -0.00117462 0.00390677
v -0.00042753 -0.00117462 0.00385052
v -0.00048687 -0.00115129 0.00384674
v -0.00046718 -0.00115941 0.00390426
v -0.00052827 -0.00113288 0.00384404
v -0.00052827 -0.00113288 0.00390029
v -0.00055749 -0.00111880 0.00384210
v -0.00053831 -0.00112815 0.00389962
v -0.00060749 -0.00109246 0.00389496
v -0.00062500 -0.00108253 0.00383750
v -0.00062500 -0.00108253 0.00389375
v -0.00062608 -0.00108191 0.00383743
v -0.00067443 -0.00105244 0.00389028
v -0.00069237 -0.00104073 0.00383275
v -0.00071697 -0.00102394 0.00383096
v -0.00071697 -0.00102394 0.00388721
v -0.00073888 -0.00100825 0.00388560
v -0.00075608 -0.00099541 0.00382808
v -0.00080055 -0.00096001 0.00388095
v -0.00080348 -0.00095756 0.00382448
v -0.00080348 -0.00095756 0.00388073
v -0.00081694 -0.00094610 0.00382343
v -0.00085918 -0.00090791 0.00387634
v -0.00087470 -0.00089297 0.00381884
v -0.00088388 -0.00088388 0.00381809
v -0.00088388 -0.00088388 0.00387434
v -0.00092911 -0.00083622 0.00381431
v -0.00091453 -0.00085213 0.00387179
v -0.00095756 -0.00080349 0.00381185
v -0.00095756 -0.00080348 0.00386810
v -0.00096636 -0.00079287 0.00386732
v -0.00097993 -0.00077603 0.00380986
v -0.00101445 -0.00073034 0.00386295
v -0.00102394 -0.00071697 0.00380580
v -0.00102394 -0.00071697 0.00386205
v -0.00102695 -0.00071265 0.00380552
v -0.00106966 -0.00064679 0.00380132
v -0.00109743 -0.00059845 0.00385466
v -0.00113210 -0.00052996 0.00385055
v -0.00113288 -0.00052827 0.00379420
v -0.00113288 -0.00052827 0.00385045
v -0.00114088 -0.00051079 0.00379315
v -0.00116256 -0.00045931 0.00384631
v -0.00117041 -0.00043892 0.00378884
v -0.00117462 -0.00042752 0.00384440
v -0.00117462 -0.00042752 0.00378815
v -0.00123101 -0.00021706 0.00383177
v -0.00123101 -0.00021706 0.00377552
v -0.00122731 -0.00023708 0.00383297
v -0.00121558 -0.00029131 0.00377998
v -0.00119525 -0.00036589 0.00378445
v -0.00118866 -0.00038677 0.00384196
v -0.00120741 -0.00032352 0.00378191
v -0.00120741 -0.00032352 0.00383816
v -0.00121028 -0.00031260 0.00383751
v -0.00123965 -0.00016050 0.00382838
v -0.00124229 -0.00013863 0.00377082
v -0.00123129 -0.00021546 0.00377543
v -0.00124723 -0.00008315 0.00382374
v -0.00124999 -0.00000533 0.00381907
v -0.00125000 0.00000000 0.00376250
v -0.00125000 -0.00000000 0.00381875
v -0.00124989 0.00001679 0.00376149
v -0.00124789 0.00007266 0.00381439
v -0.00124640 0.00009477 0.00375681
v -0.00124524 0.00010894 0.00375596
v -0.00124524 0.00010894 0.00381221
v -0.00123803 0.00017254 0.00375215
v -0.00124090 0.00015052 0.00380972
v -0.00123101 0.00021706 0.00374948
v -0.00123101 0.00021706 0.00380573
v -0.00122904 0.00022794 0.00380507
v -0.00122479 0.00024977 0.00374751
v -0.00121232 0.00030460 0.00380047
v -0.00120741 0.00032352 0.00374309
v -0.00120741 0.00032352 0.00379934
v -0.00120670 0.00032616 0.00374293
v -0.00119078 0.00038020 0.00379594
v -0.00118380 0.00040141 0.00373842
v -0.00117462 0.00042752 0.00373685
v -0.00117462 0.00042752 0.00379310
v -0.00115615 0.00047520 0.00373399
v -0.00116447 0.00045444 0.00379148
v -0.00113288 0.00052827 0.00373080
v -0.00113348 0.00052700 0.00378713
v -0.00113288 0.00052827 0.00378705
v -0.00112385 0.00054723 0.00372967
v -0.00109810 0.00059722 0.00378292
v -0.00108744 0.00061642 0.00372551
v -0.00100948 0.00073720 0.00371784
v -0.00096989 0.00078855 0.00377049
v -0.00096218 0.00079794 0.00371356
v -0.00095756 0.00080348 0.00376940
v -0.00095756 0.00080348 0.00371315
v -0.00108253 0.00062500 0.00372500
v -0.00108253 0.00062500 0.00378125
v -0.00105286 0.00067379 0.00372199
v -0.00105933 0.00066357 0.00377889
v -0.00102394 0.00071697 0.00371920
v -0.00102394 0.00071697 0.00377545
v -0.00101658 0.00072737 0.00377475
v -0.00085647 0.00091047 0.00370469
v -0.00080780 0.00095392 0.00375711
v -0.00080348 0.00095756 0.00370052
v -0.00080348 0.00095756 0.00375677
v -0.00079843 0.00096177 0.00370013
v -0.00091112 0.00085578 0.00370917
v -0.00091941 0.00084687 0.00376612
v -0.00088388 0.00088388 0.00370691
v -0.00088388 0.00088388 0.00376316
v -0.00086532 0.00090207 0.00376165
v -0.00073719 0.00100948 0.00369552
v -0.00074705 0.00100220 0.00375250
v -0.00071697 0.00102394 0.00369404
v -0.00071697 0.00102394 0.00375029
v -0.00067299 0.00105337 0.00369087
v -0.00068330 0.00104671 0.00374785
v -0.00062500 0.00108253 0.00368750
v -0.00062500 0.00108253 0.00374375
v -0.00061677 0.00108724 0.00374318
v -0.00060605 0.00109326 0.00368619
v -0.00054772 0.00112361 0.00373850
v -0.00053661 0.00112896 0.00368151
v -0.00052827 0.00113288 0.00368096
v -0.00052827 0.00113288 0.00373721
v -0.00046495 0.00116031 0.00367685
v -0.00047639 0.00115566 0.00373383
v -0.00042753 0.00117462 0.00367448
v -0.00042753 0.00117462 0.00373073
v -0.00039133 0.00118717 0.00367222
v -0.00040305 0.00118324 0.00372920
v -0.00032352 0.00120741 0.00366809
v -0.00032800 0.00120620 0.00372461
v -0.00032352 0.00120741 0.00372434
v -0.00031602 0.00120939 0.00366764
v -0.00025150 0.00122444 0.00372009
v -0.00023933 0.00122688 0.00366313
v 0.00021706 0.00123101 0.00369440
v 0.00021381 0.00123158 0.00363834
v 0.00021239 0.00123182 0.00369467
v 0.00013757 0.00124241 0.00364262
v -0.00021706 0.00123101 0.00366185
v -0.00021706 0.00123101 0.00371810
v -0.00016162 0.00123951 0.00365871
v -0.00017386 0.00123785 0.00371565
v -0.00010895 0.00124524 0.00365580
v -0.00010895 0.00124524 0.00371205
v -0.00009393 0.00124647 0.00365499
v -0.00009540 0.00124635 0.00371132
v -0.00001573 0.00124990 0.00365082
v -0.00001716 0.00124988 0.00370715
v 0.00000000 0.00125000 0.00365000
v 0.00000000 0.00125000 0.00370625
v 0.00006098 0.00124851 0.00364679
v 0.00005955 0.00124858 0.00370311
v 0.00010895 0.00124524 0.00364420
v 0.00010895 0.00124524 0.00370045
v 0.00013615 0.00124256 0.00369895
v 0.00042753 -0.00117462 0.00344948
v 0.00047760 -0.00115516 0.00345266
v 0.00050739 -0.00114239 0.00351084
v 0.00052827 -0.00113288 0.00345596
v 0.00052827 -0.00113288 0.00351221
v 0.00054889 -0.00112304 0.00345733
v 0.00057777 -0.00110846 0.00351552
v 0.00060801 -0.00109216 0.00346133
v 0.00062500 -0.00108253 0.00351875
v 0.00062500 -0.00108253 0.00346250
v 0.00064577 -0.00107027 0.00352020
v 0.00067486 -0.00105217 0.00346600
v 0.00071113 -0.00102800 0.00352486
v 0.00071697 -0.00102394 0.00346904
v 0.00071697 -0.00102394 0.00352529
v 0.00073898 -0.00100817 0.00347065
v 0.00077362 -0.00098184 0.00352949
v 0.00080013 -0.00096036 0.00347527
v 0.00080348 -0.00095756 0.00353177
v 0.00080348 -0.00095756 0.00347552
v 0.00083300 -0.00093200 0.00353407
v 0.00085808 -0.00090895 0.00347982
v 0.00088388 -0.00088388 0.00353816
v 0.00088388 -0.00088388 0.00348191
v 0.00088906 -0.00087867 0.00353859
v 0.00091263 -0.00085417 0.00348430
v 0.00094162 -0.00082210 0.00354301
v 0.00095756 -0.00080348 0.00348815
v 0.00095756 -0.00080348 0.00354440
v 0.00096358 -0.00079625 0.00348868
v 0.00099049 -0.00076252 0.00354734
v 0.00101077 -0.00073542 0.00349296
v 0.00102394 -0.00071697 0.00355045
v 0.00102394 -0.00071697 0.00349420
v 0.00103550 -0.00070018 0.00355155
v 0.00105404 -0.00067194 0.00349711
v 0.00107650 -0.00063533 0.00355563
v 0.00108253 -0.00062500 0.00350000
v 0.00108253 -0.00062500 0.00355625
v 0.00109329 -0.00060598 0.00350114
v 0.00111379 -0.00056742 0.00355970
v 0.00112914 -0.00053623 0.00350533
v 0.00113289 -0.00052827 0.00356205
v 0.00113288 -0.00052827 0.00350580
v 0.00114740 -0.00049596 0.00356399
v 0.00116073 -0.00046391 0.00350967
v 0.00117462 -0.00042752 0.00356810
v 0.00117462 -0.00042752 0.00351185
v 0.00117638 -0.00042264 0.00356839
v 0.00118764 -0.00038987 0.00351411
v 0.00120064 -0.00034778 0.00357288
v 0.00120741 -0.00032352 0.00351809
v 0.00120741 -0.00032352 0.00357434
v 0.00120981 -0.00031443 0.00351863
v 0.00122012 -0.00027169 0.00357745
v 0.00122715 -0.00023789 0.00352323
v 0.00123101 -0.00021706 0.00358073
v 0.00123101 -0.00021706 0.00352448
v 0.00123475 -0.00019466 0.00358207
v 0.00123959 -0.00016098 0.00352784
v 0.00124451 -0.00011702 0.00358673
v 0.00124524 -0.00010894 0.00353096
v 0.00124524 -0.00010894 0.00358721
v 0.00124723 -0.00008317 0.00353251
v 0.00124939 -0.00003906 0.00359141
v 0.00124999 -0.00000517 0.00353719
v 0.00125000 0.00000000 0.00359375
v 0.00125000 -0.00000000 0.00353750
v 0.00124939 0.00003889 0.00359608
v 0.00124788 0.00007269 0.00354186
v 0.00124524 0.00010894 0.00360029
v 0.00124524 0.00010894 0.00354404
v 0.00124455 0.00011655 0.00360074
v 0.00124095 0.00015013 0.00354651
v 0.00123492 0.00019361 0.00360537
v 0.00123101 0.00021706 0.00355052
v 0.00123101 0.00021706 0.00360677
v 0.00122925 0.00022683 0.00355111
v 0.00122054 0.00026976 0.00360994
v 0.00121284 0.00030250 0.00355565
v 0.00120741 0.00032352 0.00361316
v 0.00120741 0.00032352 0.00355691
v 0.00120152 0.00034473 0.00361443
v 0.00119183 0.00037687 0.00356011
v 0.00117796 0.00041823 0.00361884
v 0.00117462 0.00042752 0.00356315
v 0.00117462 0.00042752 0.00361940
v 0.00116633 0.00044965 0.00356448
v 0.00114996 0.00048999 0.00362315
v 0.00113645 0.00052056 0.00356873
v 0.00113289 0.00052827 0.00362545
v 0.00113288 0.00052827 0.00356920
v 0.00111767 0.00055974 0.00362733
v 0.00110234 0.00058936 0.00357286
v 0.00108253 0.00062500 0.00363125
v 0.00108253 0.00062500 0.00357500
v 0.00108124 0.00062724 0.00363138
v 0.00106401 0.00065603 0.00357689
v 0.00104007 0.00069336 0.00363551
v 0.00102394 0.00071697 0.00358080
v 0.00102394 0.00071697 0.00363705
v 0.00102062 0.00072169 0.00358112
v 0.00099422 0.00075764 0.00363982
v 0.00097306 0.00078464 0.00358548
v 0.00095756 0.00080348 0.00364310
v 0.00095756 0.00080348 0.00358685
v 0.00094450 0.00081879 0.00364424
v 0.00092172 0.00084435 0.00358994
v 0.00089112 0.00087658 0.00364874
v 0.00089201 0.00087568 0.00359242
v 0.00088388 0.00088388 0.00364934
v 0.00088388 0.00088388 0.00359309
v 0.00083433 0.00093080 0.00365332
v 0.00083542 0.00092983 0.00359699
v 0.00080348 0.00095756 0.00365573
v 0.00080348 0.00095756 0.00359948
v 0.00077436 0.00098126 0.00365795
v 0.00077550 0.00098035 0.00360161
v 0.00071697 0.00102394 0.00366221
v 0.00071697 0.00102394 0.00360596
v 0.00071146 0.00102777 0.00366261
v 0.00071266 0.00102694 0.00360628
v 0.00064591 0.00107019 0.00366729
v 0.00064715 0.00106944 0.00361096
v 0.00062500 0.00108253 0.00366875
v 0.00062500 0.00108253 0.00361250
v 0.00057797 0.00110836 0.00367197
v 0.00057925 0.00110768 0.00361563
v 0.00052827 0.00113288 0.00367529
v 0.00052827 0.00113288 0.00361904
v 0.00050792 0.00114216 0.00367662
v 0.00050924 0.00114157 0.00362029
v 0.00043604 0.00117148 0.00368124
v 0.00043740 0.00117098 0.00362490
v 0.00042753 0.00117462 0.00368177
v 0.00042753 0.00117462 0.00362552
v 0.00036263 0.00119624 0.00368579
v 0.00036401 0.00119582 0.00362946
v 0.00032352 0.00120741 0.00368816
v 0.00032352 0.00120741 0.00363191
v 0.00028798 0.00121637 0.00369028
v 0.00028938 0.00121604 0.00363394
v 0.00021706 0.00123101 0.00363815
v 0.00043489 -0.00117191 0.00350619
v 0.00042753 -0.00117462 0.00350573
v 0.00040430 -0.00118281 0.00344802
v 0.00032926 -0.00120585 0.00344343
v 0.00036054 -0.00119687 0.00350158
v 0.00032352 -0.00120741 0.00344309
v 0.00032352 -0.00120741 0.00349934
v 0.00028527 -0.00121701 0.00349706
v 0.00025279 -0.00122417 0.00343891
v 0.00021706 -0.00123101 0.00349310
v 0.00021706 -0.00123101 0.00343685
v 0.00020810 -0.00123256 0.00349259
v 0.00017517 -0.00123767 0.00343447
v 0.00010895 -0.00124524 0.00343080
v 0.00012995 -0.00124323 0.00348821
v 0.00010895 -0.00124524 0.00348705
v 0.00009671 -0.00124625 0.00343014
v 0.00001845 -0.00124986 0.00342596
v 0.00005128 -0.00124895 0.00348395
v -0.00000000 -0.00125000 0.00342500
v -0.00000000 -0.00125000 0.00348125
v -0.00005827 -0.00124864 0.00342193
v -0.00002587 -0.00124973 0.00347990
v -0.00010895 -0.00124524 0.00341920
v -0.00010252 -0.00124579 0.00347580
v -0.00010894 -0.00124524 0.00347545
v -0.00013487 -0.00124270 0.00341777
v -0.00021112 -0.00123204 0.00341349
v -0.00017896 -0.00123712 0.00347156
v -0.00021706 -0.00123101 0.00346940
v -0.00021706 -0.00123101 0.00341315
v -0.00025487 -0.00122374 0.00346722
v -0.00028673 -0.00121667 0.00340910
v -0.00032352 -0.00120741 0.00346316
v -0.00032352 -0.00120741 0.00340691
v -0.00036140 -0.00119662 0.00340462
v -0.00032997 -0.00120566 0.00346277
v -0.00040396 -0.00118293 0.00345825
v -0.00052827 -0.00113288 0.00345029
v -0.00052827 -0.00113288 0.00339404
v -0.00050674 -0.00114268 0.00339545
v -0.00047655 -0.00115560 0.00345366
v -0.00053725 -0.00112866 0.00339344
v -0.00054744 -0.00112375 0.00344902
v -0.00060646 -0.00109303 0.00338878
v -0.00061634 -0.00108749 0.00344435
v -0.00062500 -0.00108253 0.00338750
v -0.00062500 -0.00108253 0.00344375
v -0.00067344 -0.00105308 0.00338410
v -0.00068298 -0.00104692 0.00343967
v -0.00071697 -0.00102394 0.00338096
v -0.00071697 -0.00102394 0.00343721
v -0.00073792 -0.00100895 0.00337942
v -0.00074707 -0.00100219 0.00343500
v -0.00079963 -0.00096077 0.00337477
v -0.00080348 -0.00095756 0.00343073
v -0.00080348 -0.00095756 0.00337448
v -0.00080836 -0.00095344 0.00343035
v -0.00085832 -0.00090873 0.00337016
v -0.00086658 -0.00090085 0.00342575
v -0.00088388 -0.00088388 0.00336809
v -0.00088388 -0.00088388 0.00342434
v -0.00091372 -0.00085300 0.00336561
v -0.00092149 -0.00084461 0.00342121
v -0.00095756 -0.00080348 0.00336185
v -0.00095756 -0.00080348 0.00341810
v -0.00096561 -0.00079379 0.00336114
v -0.00097284 -0.00078491 0.00341675
v -0.00101375 -0.00073131 0.00335676
v -0.00102042 -0.00072197 0.00341239
v -0.00102394 -0.00071697 0.00335580
v -0.00102394 -0.00071697 0.00341205
v -0.00105784 -0.00066594 0.00335251
v -0.00106383 -0.00065632 0.00340816
v -0.00108253 -0.00062500 0.00335000
v -0.00108253 -0.00062500 0.00340625
v -0.00109688 -0.00059947 0.00334847
v -0.00110218 -0.00058966 0.00340413
v -0.00113160 -0.00053101 0.00334436
v -0.00113288 -0.00052827 0.00340045
v -0.00113288 -0.00052827 0.00334420
v -0.00113631 -0.00052087 0.00340000
v -0.00116213 -0.00046039 0.00334012
v -0.00116621 -0.00044996 0.00339575
v -0.00117462 -0.00042752 0.00333815
v -0.00117462 -0.00042752 0.00339440
v -0.00118830 -0.00038788 0.00333577
v -0.00119173 -0.00037719 0.00339138
v -0.00120741 -0.00032352 0.00333191
v -0.00120741 -0.00032352 0.00338816
v -0.00120999 -0.00031373 0.00333132
v -0.00121276 -0.00030283 0.00338692
v -0.00122716 -0.00023789 0.00332677
v -0.00122919 -0.00022716 0.00338238
v -0.00123101 -0.00021706 0.00332552
v -0.00123101 -0.00021706 0.00338177
v -0.00123955 -0.00016132 0.00332218
v -0.00124091 -0.00015047 0.00337778
v -0.00124524 -0.00010894 0.00331904
v -0.00124524 -0.00010894 0.00337529
v -0.00124718 -0.00008397 0.00331754
v -0.00124786 -0.00007304 0.00337313
v -0.00124998 -0.00000615 0.00331287
v -0.00125000 0.00000000 0.00336875
v -0.00125000 -0.00000000 0.00331250
v -0.00124999 0.00000483 0.00336846
v -0.00124793 0.00007184 0.00330819
v -0.00124725 0.00008282 0.00336378
v -0.00124524 0.00010894 0.00330596
v -0.00124524 0.00010894 0.00336221
v -0.00124100 0.00014970 0.00330352
v -0.00123964 0.00016064 0.00335911
v -0.00123101 0.00021706 0.00329948
v -0.00123101 0.00021706 0.00335573
v -0.00122919 0.00022712 0.00329887
v -0.00122714 0.00023797 0.00335447
v -0.00121252 0.00030380 0.00329427
v -0.00120979 0.00031451 0.00334988
v -0.00120741 0.00032352 0.00329309
v -0.00120741 0.00032352 0.00334934
v -0.00119103 0.00037941 0.00328974
v -0.00118762 0.00038996 0.00334535
v -0.00117462 0.00042752 0.00328685
v -0.00117462 0.00042752 0.00334310
v -0.00116477 0.00045366 0.00328528
v -0.00116069 0.00046399 0.00334091
v -0.00113383 0.00052624 0.00328093
v -0.00113288 0.00052827 0.00333705
v -0.00113288 0.00052827 0.00328080
v -0.00112910 0.00053631 0.00333657
v -0.00109849 0.00059650 0.00327671
v -0.00109325 0.00060606 0.00333239
v -0.00108253 0.00062500 0.00327500
v -0.00108253 0.00062500 0.00333125
v -0.00105976 0.00066288 0.00327268
v -0.00105399 0.00067201 0.00332836
v -0.00102394 0.00071697 0.00326920
v -0.00102394 0.00071697 0.00332545
v -0.00101705 0.00072671 0.00326855
v -0.00101072 0.00073549 0.00332420
v -0.00097031 0.00078803 0.00326428
v -0.00096353 0.00079631 0.00331993
v -0.00095756 0.00080348 0.00326315
v -0.00095756 0.00080348 0.00331940
v -0.00094299 0.00082053 0.00326188
v -0.00088388 0.00088388 0.00331316
v -0.00088388 0.00088388 0.00325691
v -0.00089053 0.00087718 0.00325746
v -0.00091257 0.00085423 0.00331554
v -0.00083456 0.00093060 0.00325295
v -0.00085802 0.00090901 0.00331106
v -0.00080348 0.00095756 0.00325052
v -0.00080348 0.00095756 0.00330677
v -0.00077526 0.00098054 0.00324837
v -0.00080007 0.00096041 0.00330651
v -0.00071697 0.00102394 0.00324404
v -0.00073892 0.00100822 0.00330190
v -0.00071697 0.00102394 0.00330029
v -0.00071286 0.00102681 0.00324374
v -0.00064757 0.00106918 0.00323907
v -0.00067479 0.00105222 0.00329725
v -0.00062500 0.00108253 0.00329375
v -0.00062500 0.00108253 0.00323750
v -0.00060792 0.00109221 0.00329257
v -0.00057964 0.00110748 0.00323439
v -0.00052827 0.00113288 0.00323096
v -0.00053862 0.00112800 0.00328790
v -0.00052827 0.00113288 0.00328721
v -0.00050932 0.00114153 0.00322972
v -0.00049145 0.00114934 0.00328481
v -0.00043687 0.00117117 0.00322507
v -0.00042753 0.00117462 0.00328073
v -0.00042753 0.00117462 0.00322448
v -0.00041851 0.00117786 0.00328016
v -0.00036257 0.00119626 0.00322045
v -0.00034379 0.00120179 0.00327556
v -0.00032352 0.00120741 0.00321809
v -0.00032352 0.00120741 0.00327434
v -0.00028670 0.00121668 0.00321590
v -0.00026757 0.00122103 0.00327102
v -0.00021706 0.00123101 0.00321185
v -0.00021706 0.00123101 0.00326810
v -0.00020954 0.00123231 0.00321142
v -0.00019014 0.00123545 0.00326657
v -0.00013142 0.00124307 0.00320704
v -0.00011182 0.00124499 0.00326221
v -0.00010895 0.00124524 0.00320580
v -0.00010894 0.00124524 0.00326205
v -0.00005273 0.00124889 0.00320277
v -0.00003330 0.00124956 0.00325799
v 0.00000000 0.00125000 0.00320000
v 0.00000000 0.00125000 0.00325625
v 0.00002449 0.00124976 0.00319872
v 0.00004356 0.00124924 0.00325396
v 0.00009300 0.00124654 0.00319506
v 0.00010895 0.00124524 0.00325045
v 0.00010895 0.00124524 0.00319420
v 0.00012019 0.00124421 0.00324983
v 0.00016948 0.00123846 0.00319085
v 0.00019653 0.00123445 0.00324557
v 0.00021706 0.00123101 0.00318815
v 0.00021706 0.00123101 0.00324440
v 0.00024547 0.00122566 0.00318651
v 0.00027229 0.00121998 0.00324120
v 0.00032069 0.00120816 0.00318208
v 0.00032352 0.00120741 0.00323816
v 0.00032352 0.00120741 0.00318191
v 0.00034716 0.00120083 0.00323674
v 0.00039484 0.00118600 0.00317756
v 0.00042085 0.00117702 0.00323219
v 0.00042753 0.00117462 0.00317552
v 0.00042753 0.00117462 0.00323177
v 0.00046761 0.00115924 0.00317298
v 0.00049307 0.00114864 0.00322759
v 0.00052827 0.00113288 0.00316904
v 0.00052827 0.00113288 0.00322529
v 0.00053873 0.00112795 0.00316835
v 0.00056352 0.00111577 0.00322294
v 0.00060789 0.00109223 0.00316368
v 0.00062500 0.00108253 0.00321875
v 0.00062500 0.00108253 0.00316250
v 0.00063193 0.00107850 0.00321827
v 0.00067483 0.00105219 0.00315900
v 0.00069800 0.00103696 0.00321359
v 0.00071697 0.00102394 0.00315596
v 0.00071697 0.00102394 0.00321221
v 0.00073925 0.00100797 0.00315433
v 0.00076147 0.00099129 0.00320892
v 0.00080090 0.00095972 0.00314968
v 0.00080348 0.00095756 0.00320573
v 0.00080348 0.00095756 0.00314948
v 0.00082208 0.00094164 0.00320428
v 0.00085952 0.00090759 0.00314507
v 0.00087955 0.00088819 0.00319969
v 0.00088388 0.00088388 0.00314309
v 0.00088388 0.00088388 0.00319934
v 0.00091485 0.00085179 0.00314052
v 0.00093366 0.00083113 0.00319517
v 0.00095756 0.00080348 0.00313685
v 0.00095756 0.00080349 0.00319310
v 0.00096666 0.00079251 0.00313605
v 0.00098417 0.00077066 0.00319073
v 0.00101472 0.00072997 0.00313167
v 0.00102394 0.00071697 0.00318705
v 0.00102394 0.00071697 0.00313080
v 0.00103084 0.00070702 0.00318640
v 0.00105824 0.00066531 0.00312747
v 0.00107311 0.00064105 0.00318222
v 0.00108253 0.00062500 0.00312500
v 0.00108253 0.00062500 0.00318125
v 0.00109723 0.00059883 0.00312343
v 0.00111042 0.00057400 0.00317819
v 0.00113192 0.00053034 0.00311932
v 0.00113288 0.00052827 0.00317545
v 0.00113288 0.00052827 0.00311920
v 0.00114358 0.00050469 0.00317403
v 0.00116240 0.00045971 0.00311508
v 0.00117249 0.00043333 0.00316975
v 0.00117462 0.00042752 0.00311315
v 0.00117462 0.00042752 0.00316940
v 0.00118853 0.00038718 0.00311073
v 0.00119699 0.00036017 0.00316536
v 0.00120741 0.00032352 0.00310691
v 0.00120741 0.00032352 0.00316316
v 0.00121017 0.00031302 0.00310628
v 0.00121696 0.00028549 0.00316088
v 0.00122723 0.00023751 0.00310175
v 0.00123101 0.00021706 0.00315677
v 0.00123101 0.00021706 0.00310052
v 0.00123231 0.00020955 0.00315632
v 0.00123960 0.00016093 0.00309716
v 0.00124294 0.00013266 0.00315171
v 0.00124524 0.00010894 0.00309404
v 0.00124524 0.00010894 0.00315029
v 0.00124720 0.00008358 0.00309252
v 0.00124878 0.00005511 0.00314706
v 0.00124999 0.00000576 0.00308785
v 0.00125000 -0.00000000 0.00314375
v 0.00125000 0.00000000 0.00308750
v 0.00124985 -0.00001947 0.00314258
v 0.00124791 -0.00007223 0.00308317
v 0.00124619 -0.00009746 0.00313790
v 0.00124524 -0.00010894 0.00308096
v 0.00124524 -0.00010894 0.00313721
v 0.00124096 -0.00015009 0.00307849
v 0.00123766 -0.00017521 0.00313324
v 0.00123101 -0.00021706 0.00307448
v 0.00123101 -0.00021706 0.00313073
v 0.00122912 -0.00022751 0.00307385
v 0.00122425 -0.00025242 0.00312860
v 0.00121243 -0.00030418 0.00306925
v 0.00120741 -0.00032352 0.00312434
v 0.00120741 -0.00032352 0.00306809
v 0.00120599 -0.00032878 0.00312402
v 0.00119096 -0.00037963 0.00306472
v 0.00118292 -0.00040398 0.00311951
v 0.00117462 -0.00042753 0.00306185
v 0.00117462 -0.00042752 0.00311810
v 0.00117387 -0.00042956 0.00306173
v 0.00115511 -0.00047771 0.00311509
v 0.00114445 -0.00050272 0.00305734
v 0.00113289 -0.00052827 0.00305580
v 0.00113288 -0.00052827 0.00311205
v 0.00112266 -0.00054968 0.00311077
v 0.00111044 -0.00057395 0.00305306
v 0.00108617 -0.00061866 0.00310663
v 0.00108253 -0.00062500 0.00305000
v 0.00108253 -0.00062500 0.00310625
v 0.00107285 -0.00064148 0.00304900
v 0.00104618 -0.00068411 0.00310259
v 0.00103146 -0.00070611 0.00304491
v 0.00102394 -0.00071697 0.00310045
v 0.00102394 -0.00071697 0.00304420
v 0.00090260 -0.00086476 0.00308971
v 0.00088397 -0.00088380 0.00303192
v 0.00093686 -0.00082752 0.00303636
v 0.00098608 -0.00076821 0.00304069
v 0.00100216 -0.00074711 0.00309841
v 0.00095756 -0.00080349 0.00303815
v 0.00095756 -0.00080348 0.00309440
v 0.00095425 -0.00080741 0.00309411
v 0.00076790 -0.00098632 0.00302281
v 0.00080348 -0.00095756 0.00302552
v 0.00080348 -0.00095756 0.00308177
v 0.00082759 -0.00093680 0.00302740
v 0.00084740 -0.00091892 0.00308521
v 0.00088388 -0.00088388 0.00308816
v 0.00078883 -0.00096966 0.00308065
v 0.00072711 -0.00101677 0.00307603
v 0.00071697 -0.00102394 0.00301904
v 0.00071697 -0.00102394 0.00307529
v 0.00070514 -0.00103212 0.00301818
v 0.00066245 -0.00106003 0.00307137
v 0.00063952 -0.00107402 0.00301351
v 0.00062500 -0.00108253 0.00306875
v 0.00062500 -0.00108253 0.00301250
v 0.00057129 -0.00111181 0.00300883
v 0.00059509 -0.00109926 0.00306669
v 0.00052827 -0.00113288 0.00300596
v 0.00052827 -0.00113288 0.00306221
v 0.00052528 -0.00113427 0.00306202
v 0.00050070 -0.00114534 0.00300416
v 0.00045329 -0.00116492 0.00305736
v 0.00042802 -0.00117444 0.00299951
v 0.00042753 -0.00117462 0.00299948
v 0.00042753 -0.00117462 0.00305573
v 0.00035402 -0.00119882 0.00299493
v 0.00037937 -0.00119104 0.00305273
v 0.00032352 -0.00120741 0.00299309
v 0.00032352 -0.00120741 0.00304934
v 0.00030383 -0.00121251 0.00304816
v 0.00027798 -0.00121870 0.00299038
v 0.00022694 -0.00122923 0.00304367
v 0.00021706 -0.00123101 0.00298685
v 0.00021706 -0.00123101 0.00304310
v 0.00020070 -0.00123378 0.00298592
v 0.00014900 -0.00124109 0.00303926
v 0.00007033 -0.00124802 0.00303496
v 0.00004385 -0.00124923 0.00297730
v 0.00010895 -0.00124524 0.00303705
v 0.00010895 -0.00124524 0.00298080
v 0.00012248 -0.00124398 0.00298154
v -0.00026206 -0.00122222 0.00296055
v -0.00021706 -0.00123101 0.00296315
v -0.00021706 -0.00123101 0.00301940
v -0.00018621 -0.00123605 0.00296491
v -0.00016042 -0.00123966 0.00302260
v -0.00010981 -0.00124517 0.00296915
v -0.00010895 -0.00124524 0.00302545
v -0.00010894 -0.00124524 0.00296920
v -0.00008390 -0.00124718 0.00302681
v -0.00000724 -0.00124998 0.00303087
v -0.00023649 -0.00122743 0.00301828
v -0.00031181 -0.00121048 0.00301386
v -0.00032352 -0.00120741 0.00295691
v -0.00032352 -0.00120741 0.00301316
v -0.00033707 -0.00120370 0.00295610
v -0.00038610 -0.00118888 0.00300935
v -0.00041094 -0.00118052 0.00295156
v -0.00042753 -0.00117462 0.00300677
v -0.00042753 -0.00117462 0.00295052
v -0.00055408 -0.00112049 0.00294232
v -0.00059991 -0.00109663 0.00299548
v -0.00062278 -0.00108381 0.00293765
v -0.00062500 -0.00108253 0.00299375
v -0.00062500 -0.00108253 0.00293750
v -0.00048337 -0.00115276 0.00294697
v -0.00045905 -0.00116266 0.00300478
v -0.00052827 -0.00113288 0.00294404
v -0.00052827 -0.00113288 0.00300029
v -0.00053051 -0.00113184 0.00300014
v -0.00068912 -0.00104289 0.00293298
v -0.00066712 -0.00105709 0.00299080
v -0.00071697 -0.00102394 0.00293096
v -0.00071697 -0.00102394 0.00298721
v -0.00072536 -0.00101802 0.00293035
v -0.00073186 -0.00101335 0.00298612
v -0.00078764 -0.00097063 0.00292569
v -0.00079385 -0.00096556 0.00298147
v -0.00080348 -0.00095756 0.00292448
v -0.00080348 -0.00095756 0.00298073
v -0.00084694 -0.00091934 0.00292107
v -0.00085283 -0.00091388 0.00297685
v -0.00088388 -0.00088388 0.00291809
v -0.00088388 -0.00088388 0.00297434
v -0.00090301 -0.00086433 0.00291651
v -0.00090856 -0.00085850 0.00297229
v -0.00095561 -0.00080579 0.00291202
v -0.00095756 -0.00080348 0.00296810
v -0.00095756 -0.00080348 0.00291185
v -0.00096079 -0.00079961 0.00296781
v -0.00100452 -0.00074394 0.00290762
v -0.00100930 -0.00073744 0.00296343
v -0.00102394 -0.00071697 0.00290580
v -0.00102394 -0.00071697 0.00296205
v -0.00104948 -0.00067904 0.00290334
v -0.00105382 -0.00067228 0.00295916
v -0.00108253 -0.00062500 0.00290000
v -0.00108253 -0.00062500 0.00295625
v -0.00108950 -0.00061277 0.00289927
v -0.00109333 -0.00060591 0.00295510
v -0.00112505 -0.00054477 0.00289519
v -0.00112845 -0.00053767 0.00295101
v -0.00113288 -0.00052827 0.00289420
v -0.00113288 -0.00052827 0.00295045
v -0.00115642 -0.00047456 0.00289097
v -0.00115939 -0.00046725 0.00294679
v -0.00117462 -0.00042752 0.00288815
v -0.00117462 -0.00042752 0.00294440
v -0.00118346 -0.00040240 0.00288664
v -0.00118598 -0.00039491 0.00294244
v -0.00120605 -0.00032855 0.00288221
v -0.00120741 -0.00032352 0.00293816
v -0.00120741 -0.00032352 0.00288191
v -0.00120811 -0.00032091 0.00293800
v -0.00122407 -0.00025330 0.00287770
v -0.00122565 -0.00024553 0.00293348
v -0.00123101 -0.00021706 0.00287552
v -0.00123101 -0.00021706 0.00293177
v -0.00123742 -0.00017692 0.00287312
v -0.00123852 -0.00016905 0.00292889
v -0.00124524 -0.00010894 0.00286904
v -0.00124524 -0.00010894 0.00292529
v -0.00124602 -0.00009971 0.00286848
v -0.00124663 -0.00009177 0.00292426
v -0.00124981 -0.00002195 0.00286382
v -0.00124992 -0.00001398 0.00291959
v -0.00125000 -0.00000000 0.00286250
v -0.00125000 -0.00000000 0.00291875
v -0.00124874 0.00005603 0.00285914
v -0.00124836 0.00006401 0.00291491
v -0.00124524 0.00010894 0.00285596
v -0.00124524 0.00010894 0.00291221
v -0.00124280 0.00013394 0.00285446
v -0.00124192 0.00014189 0.00291024
v -0.00123198 0.00021148 0.00284981
v -0.00123101 0.00021706 0.00290573
v -0.00123101 0.00021706 0.00284948
v -0.00123060 0.00021936 0.00290559
v -0.00121629 0.00028833 0.00284520
v -0.00121507 0.00029342 0.00290114
v -0.00120741 0.00032352 0.00284309
v -0.00120741 0.00032352 0.00289934
v -0.00119577 0.00036418 0.00284065
v -0.00119423 0.00036920 0.00289660
v -0.00117462 0.00042752 0.00283685
v -0.00117462 0.00042752 0.00289310
v -0.00117048 0.00043873 0.00283618
v -0.00116862 0.00044365 0.00289213
v -0.00114048 0.00051168 0.00283180
v -0.00113831 0.00051648 0.00288776
v -0.00113288 0.00052827 0.00283080
v -0.00113288 0.00052827 0.00288705
v -0.00110594 0.00058257 0.00282755
v -0.00110351 0.00058718 0.00288352
v -0.00108253 0.00062500 0.00282500
v -0.00108253 0.00062500 0.00288125
v -0.00106792 0.00064964 0.00282350
v -0.00106526 0.00065401 0.00287948
v -0.00102603 0.00071397 0.00281940
v -0.00102394 0.00071697 0.00287545
v -0.00102394 0.00071697 0.00281920
v -0.00102310 0.00071818 0.00287537
v -0.00098017 0.00077573 0.00281516
v -0.00097697 0.00077976 0.00287112
v -0.00095756 0.00080349 0.00281315
v -0.00095756 0.00080348 0.00286940
v -0.00093049 0.00083468 0.00281081
v -0.00092704 0.00083851 0.00286677
v -0.00088388 0.00088388 0.00280691
v -0.00088388 0.00088388 0.00286316
v -0.00087715 0.00089057 0.00280636
v -0.00087347 0.00089418 0.00286231
v -0.00082030 0.00094319 0.00280183
v -0.00081644 0.00094654 0.00285778
v -0.00080348 0.00095756 0.00280052
v -0.00080348 0.00095756 0.00285677
v -0.00079158 0.00096742 0.00279961
v -0.00071697 0.00102394 0.00285029
v -0.00071697 0.00102394 0.00279404
v -0.00072999 0.00101470 0.00279499
v -0.00075615 0.00099536 0.00285318
v -0.00066546 0.00105814 0.00279033
v -0.00069282 0.00104043 0.00284854
v -0.00062500 0.00108253 0.00278750
v -0.00062669 0.00108156 0.00284387
v -0.00062500 0.00108253 0.00284375
v -0.00059822 0.00109756 0.00278566
v -0.00052852 0.00113277 0.00278098
v -0.00055799 0.00111855 0.00283919
v -0.00052827 0.00113288 0.00278096
v -0.00052827 0.00113288 0.00283721
v -0.00045662 0.00116362 0.00277632
v -0.00048697 0.00115124 0.00283452
v -0.00042753 0.00117462 0.00277448
v -0.00042753 0.00117462 0.00283073
v -0.00041392 0.00117948 0.00282987
v -0.00038279 0.00118995 0.00277169
v -0.00032352 0.00120741 0.00276809
v -0.00033909 0.00120313 0.00282528
v -0.00032352 0.00120741 0.00282434
v -0.00030731 0.00121164 0.00276712
v -0.00023047 0.00122857 0.00276262
v -0.00026279 0.00122206 0.00282074
v -0.00021706 0.00123101 0.00281810
v -0.00010895 0.00124524 0.00275580
v -0.00010894 0.00124524 0.00281205
v -0.00010694 0.00124542 0.00281194
v -0.00007393 0.00124781 0.00275391
v 0.00010895 0.00124524 0.00280045
v 0.00010895 0.00124524 0.00274420
v 0.00008040 0.00124741 0.00274574
v 0.00004769 0.00124909 0.00280374
v 0.00015693 0.00124011 0.00274155
v 0.00012432 0.00124380 0.00279960
v 0.00020063 0.00123379 0.00279534
v 0.00032352 0.00120741 0.00278816
v 0.00032352 0.00120741 0.00273191
v 0.00030890 0.00121123 0.00273279
v 0.00027635 0.00121907 0.00279096
v 0.00038323 0.00118981 0.00272828
v 0.00035116 0.00119966 0.00278649
v 0.00042753 0.00117462 0.00272552
v 0.00042478 0.00117561 0.00278195
v 0.00042753 0.00117462 0.00278177
v 0.00045624 0.00116376 0.00272371
v 0.00052763 0.00113318 0.00271908
v 0.00049691 0.00114699 0.00277734
v 0.00052827 0.00113288 0.00277529
v 0.00052827 0.00113288 0.00271904
v 0.00059713 0.00109815 0.00271442
v 0.00056726 0.00111387 0.00277269
v 0.00062500 0.00108253 0.00276875
v 0.00062500 0.00108253 0.00271250
v 0.00063555 0.00107637 0.00276802
v 0.00066443 0.00105879 0.00270974
v 0.00071697 0.00102394 0.00270596
v 0.00070149 0.00103461 0.00276334
v 0.00071697 0.00102394 0.00276221
v 0.00072927 0.00101522 0.00270506
v 0.00079138 0.00096759 0.00270041
v 0.00076481 0.00098872 0.00275867
v 0.00080348 0.00095756 0.00269948
v 0.00080348 0.00095756 0.00275573
v 0.00082525 0.00093886 0.00275403
v 0.00085049 0.00091606 0.00269579
v 0.00088388 0.00088388 0.00269309
v 0.00088256 0.00088521 0.00274945
v 0.00088388 0.00088388 0.00274934
v 0.00090635 0.00086083 0.00269123
v 0.00095756 0.00080348 0.00268685
v 0.00093648 0.00082796 0.00274493
v 0.00095756 0.00080349 0.00274310
v 0.00095873 0.00080208 0.00268675
v 0.00100740 0.00074003 0.00268235
v 0.00098678 0.00076731 0.00274049
v 0.00102394 0.00071697 0.00268080
v 0.00102394 0.00071697 0.00273705
v 0.00103324 0.00070350 0.00273617
v 0.00105210 0.00067497 0.00267808
v 0.00114551 0.00050032 0.00266752
v 0.00113288 0.00052827 0.00266920
v 0.00113289 0.00052827 0.00272545
v 0.00112718 0.00054034 0.00266992
v 0.00111231 0.00057032 0.00272797
v 0.00114525 0.00050090 0.00272380
v 0.00117396 0.00042933 0.00271951
v 0.00117414 0.00042884 0.00266323
v 0.00117462 0.00042753 0.00271940
v 0.00117462 0.00042753 0.00266315
v 0.00120741 0.00032352 0.00271316
v 0.00120741 0.00032352 0.00265691
v 0.00119836 0.00035557 0.00265883
v 0.00118926 0.00038491 0.00271684
v 0.00121805 0.00028080 0.00265435
v 0.00121077 0.00031070 0.00271239
v 0.00122768 0.00023516 0.00270786
v 0.00124524 0.00010894 0.00270029
v 0.00124524 0.00010894 0.00264404
v 0.00124344 0.00012785 0.00264517
v 0.00123990 0.00015855 0.00270326
v 0.00124899 0.00005027 0.00264052
v 0.00124736 0.00008119 0.00269862
v 0.00125000 -0.00000000 0.00263750
v 0.00125000 0.00000336 0.00269395
v 0.00125000 0.00000000 0.00269375
v 0.00124969 -0.00002767 0.00263584
v 0.00124553 -0.00010564 0.00263116
v 0.00124777 -0.00007464 0.00268927
v 0.00124524 -0.00010894 0.00263096
v 0.00124524 -0.00010894 0.00268721
v 0.00123648 -0.00018335 0.00262650
v 0.00124066 -0.00015249 0.00268460
v 0.00123101 -0.00021706 0.00262448
v 0.00123101 -0.00021706 0.00268073
v 0.00122868 -0.00022989 0.00267996
v 0.00122256 -0.00026048 0.00262187
v 0.00120741 -0.00032352 0.00261809
v 0.00121183 -0.00030653 0.00267536
v 0.00120741 -0.00032352 0.00267434
v 0.00120379 -0.00033673 0.00261730
v 0.00118022 -0.00041180 0.00261279
v 0.00119017 -0.00038210 0.00267082
v 0.00117462 -0.00042752 0.00266810
v 0.00113289 -0.00052827 0.00260580
v 0.00113288 -0.00052827 0.00266205
v 0.00113263 -0.00052881 0.00266202
v 0.00111898 -0.00055712 0.00260407
v 0.00102394 -0.00071697 0.00265045
v 0.00102394 -0.00071697 0.00259420
v 0.00104163 -0.00069103 0.00259589
v 0.00105830 -0.00066521 0.00265378
v 0.00099718 -0.00075374 0.00259170
v 0.00101545 -0.00072895 0.00264965
v 0.00096866 -0.00079006 0.00264538
v 0.00088388 -0.00088388 0.00263816
v 0.00088388 -0.00088388 0.00258191
v 0.00089682 -0.00087076 0.00258298
v 0.00091809 -0.00084830 0.00264101
v 0.00084124 -0.00092456 0.00257848
v 0.00086390 -0.00090342 0.00263654
v 0.00080348 -0.00095756 0.00257552
v 0.00080630 -0.00095519 0.00263199
v 0.00080348 -0.00095756 0.00263177
v 0.00078233 -0.00097492 0.00257390
v 0.00072027 -0.00102162 0.00256928
v 0.00074548 -0.00100338 0.00262738
v 0.00071697 -0.00102394 0.00262529
v 0.00071697 -0.00102394 0.00256904
v 0.00065531 -0.00106446 0.00256462
v 0.00068165 -0.00104778 0.00262274
v 0.00062500 -0.00108253 0.00261875
v 0.00062500 -0.00108253 0.00256250
v 0.00061510 -0.00108819 0.00261807
v 0.00058767 -0.00110324 0.00255994
v 0.00052827 -0.00113288 0.00255596
v 0.00054598 -0.00112446 0.00261339
v 0.00052827 -0.00113288 0.00261221
v 0.00051762 -0.00113779 0.00255526
v 0.00044540 -0.00116795 0.00255061
v 0.00047460 -0.00115640 0.00260872
v 0.00042753 -0.00117462 0.00254948
v 0.00042753 -0.00117462 0.00260573
v 0.00040122 -0.00118386 0.00260408
v 0.00037130 -0.00119358 0.00254599
v 0.00032352 -0.00120741 0.00254309
v 0.00032612 -0.00120671 0.00259949
v 0.00032352 -0.00120741 0.00259934
v 0.00029559 -0.00121455 0.00254142
v 0.00021872 -0.00123072 0.00253694
v 0.00024960 -0.00122483 0.00259497
v 0.00021706 -0.00123101 0.00253685
v 0.00021706 -0.00123101 0.00259310
v 0.00016024 -0.00123969 0.00253364
v 0.00017193 -0.00123812 0.00259054
v 0.00010895 -0.00124524 0.00253080
v 0.00010895 -0.00124524 0.00258705
v 0.00009345 -0.00124650 0.00258621
v 0.00008166 -0.00124733 0.00252932
v 0.00001526 -0.00124991 0.00258205
v 0.00000378 -0.00124999 0.00252520
v -0.00014945 -0.00124103 0.00251697
v -0.00021427 -0.00123150 0.00256956
v -0.00021706 -0.00123101 0.00251315
v -0.00021706 -0.00123101 0.00256940
v -0.00022560 -0.00122947 0.00251266
v -0.00000000 -0.00125000 0.00252500
v -0.00000000 -0.00125000 0.00258125
v -0.00007289 -0.00124787 0.00252115
v -0.00006144 -0.00124849 0.00257801
v -0.00010895 -0.00124524 0.00251920
v -0.00010895 -0.00124524 0.00257545
v -0.00013804 -0.00124236 0.00257385
v -0.00044867 -0.00116670 0.00249919
v -0.00050993 -0.00114126 0.00255149
v -0.00052024 -0.00113659 0.00249457
v -0.00052827 -0.00113288 0.00255029
v -0.00052827 -0.00113288 0.00249404
v -0.00030105 -0.00121321 0.00250825
v -0.00028984 -0.00121593 0.00256517
v -0.00032352 -0.00120741 0.00250691
v -0.00032352 -0.00120741 0.00256316
v -0.00037550 -0.00119227 0.00250376
v -0.00036446 -0.00119569 0.00256068
v -0.00042753 -0.00117462 0.00250052
v -0.00042753 -0.00117462 0.00255677
v -0.00043810 -0.00117071 0.00255611
v -0.00058995 -0.00110203 0.00248991
v -0.00057992 -0.00110733 0.00254684
v -0.00062500 -0.00108253 0.00248750
v -0.00062500 -0.00108253 0.00254375
v -0.00065750 -0.00106311 0.00248523
v -0.00064780 -0.00106904 0.00254216
v -0.00071697 -0.00102394 0.00248096
v -0.00071329 -0.00102651 0.00253748
v -0.00071697 -0.00102394 0.00253721
v -0.00072261 -0.00101997 0.00248055
v -0.00077610 -0.00097988 0.00253282
v -0.00078501 -0.00097276 0.00247589
v -0.00080348 -0.00095756 0.00247448
v -0.00080348 -0.00095756 0.00253073
v -0.00084445 -0.00092163 0.00247127
v -0.00083599 -0.00092932 0.00252819
v -0.00088388 -0.00088388 0.00246809
v -0.00088388 -0.00088388 0.00252434
v -0.00089269 -0.00087499 0.00252361
v -0.00090023 -0.00086723 0.00246674
v -0.00094596 -0.00081710 0.00251911
v -0.00095301 -0.00080887 0.00246225
v -0.00095756 -0.00080348 0.00246185
v -0.00095756 -0.00080348 0.00251810
v -0.00100211 -0.00074718 0.00245784
v -0.00099558 -0.00075586 0.00251469
v -0.00102394 -0.00071697 0.00245580
v -0.00102394 -0.00071697 0.00251205
v -0.00104729 -0.00068241 0.00245355
v -0.00104131 -0.00069150 0.00251039
v -0.00108232 -0.00062536 0.00250627
v -0.00118218 -0.00040613 0.00243687
v -0.00120176 -0.00034390 0.00248938
v -0.00120500 -0.00033237 0.00243244
v -0.00120741 -0.00032352 0.00248816
v -0.00120741 -0.00032352 0.00243191
v -0.00112333 -0.00054830 0.00244540
v -0.00111864 -0.00055780 0.00250222
v -0.00113288 -0.00052827 0.00244420
v -0.00113289 -0.00052827 0.00250045
v -0.00115491 -0.00047820 0.00244119
v -0.00115081 -0.00048798 0.00249803
v -0.00117462 -0.00042752 0.00243815
v -0.00117462 -0.00042752 0.00249440
v -0.00117824 -0.00041742 0.00249380
v -0.00123685 -0.00018085 0.00242335
v -0.00124464 -0.00011569 0.00247569
v -0.00124524 -0.00010894 0.00241904
v -0.00124524 -0.00010894 0.00247529
v -0.00124569 -0.00010368 0.00241872
v -0.00122326 -0.00025718 0.00242793
v -0.00122073 -0.00026892 0.00248489
v -0.00123101 -0.00021706 0.00242552
v -0.00123101 -0.00021706 0.00248177
v -0.00123505 -0.00019275 0.00248032
v -0.00124973 -0.00002595 0.00241406
v -0.00124942 -0.00003802 0.00247103
v -0.00125000 -0.00000000 0.00241250
v -0.00125000 -0.00000000 0.00246875
v -0.00124892 0.00005203 0.00240938
v -0.00124936 0.00003994 0.00246635
v -0.00124524 0.00010894 0.00240596
v -0.00124524 0.00010894 0.00246221
v -0.00124443 0.00011789 0.00246168
v -0.00124323 0.00012995 0.00240470
v -0.00123461 0.00019553 0.00245702
v -0.00123272 0.00020715 0.00240007
v -0.00123101 0.00021706 0.00239948
v -0.00123101 0.00021706 0.00245573
v -0.00121730 0.00028405 0.00239546
v -0.00121993 0.00027254 0.00245240
v -0.00120741 0.00032352 0.00239309
v -0.00120741 0.00032352 0.00244934
v -0.00119705 0.00035996 0.00239090
v -0.00120040 0.00034863 0.00244783
v -0.00117462 0.00042752 0.00238685
v -0.00117608 0.00042347 0.00244334
v -0.00117462 0.00042753 0.00244310
v -0.00117202 0.00043460 0.00238642
v -0.00114705 0.00049677 0.00243894
v -0.00114228 0.00050764 0.00238204
v -0.00107015 0.00064597 0.00237373
v -0.00103468 0.00070139 0.00242647
v -0.00102849 0.00071043 0.00236963
v -0.00102394 0.00071697 0.00242545
v -0.00102394 0.00071697 0.00236920
v -0.00113288 0.00052827 0.00238080
v -0.00113289 0.00052827 0.00243705
v -0.00110798 0.00057870 0.00237778
v -0.00111339 0.00056821 0.00243466
v -0.00108253 0.00062500 0.00237500
v -0.00108253 0.00062500 0.00243125
v -0.00107576 0.00063658 0.00243055
v -0.00093337 0.00083146 0.00236106
v -0.00088803 0.00087972 0.00241350
v -0.00088388 0.00088388 0.00235691
v -0.00088388 0.00088388 0.00241316
v -0.00088023 0.00088752 0.00235661
v -0.00098284 0.00077235 0.00236540
v -0.00098959 0.00076368 0.00242226
v -0.00095756 0.00080349 0.00236315
v -0.00095756 0.00080348 0.00241940
v -0.00094065 0.00082321 0.00241793
v -0.00070075 0.00103511 0.00234286
v -0.00064450 0.00107104 0.00239511
v -0.00063495 0.00107673 0.00233819
v -0.00062500 0.00108253 0.00239375
v -0.00062500 0.00108253 0.00233750
v -0.00082361 0.00094030 0.00235209
v -0.00083190 0.00093298 0.00240899
v -0.00080348 0.00095756 0.00235052
v -0.00080348 0.00095756 0.00240677
v -0.00076372 0.00098956 0.00234750
v -0.00077245 0.00098276 0.00240441
v -0.00071697 0.00102394 0.00234404
v -0.00071697 0.00102394 0.00240029
v -0.00070991 0.00102885 0.00239977
v -0.00056667 0.00111417 0.00233352
v -0.00057645 0.00110914 0.00239043
v -0.00052827 0.00113288 0.00233096
v -0.00052827 0.00113288 0.00238721
v -0.00049593 0.00114741 0.00232885
v -0.00050603 0.00114299 0.00238575
v -0.00042753 0.00117462 0.00232448
v -0.00043349 0.00117243 0.00238110
v -0.00042753 0.00117462 0.00238073
v -0.00042312 0.00117621 0.00232420
v -0.00035911 0.00119731 0.00237649
v -0.00034850 0.00120044 0.00231960
v -0.00032352 0.00120741 0.00231809
v -0.00032352 0.00120741 0.00237434
v -0.00027236 0.00121997 0.00231505
v -0.00028317 0.00121750 0.00237194
v -0.00021706 0.00123101 0.00231185
v -0.00021706 0.00123101 0.00236810
v -0.00020603 0.00123290 0.00236747
v -0.00019501 0.00123470 0.00231059
v -0.00013672 0.00124250 0.00236358
v -0.00005803 0.00124865 0.00235931
v -0.00003815 0.00124942 0.00230200
v -0.00010895 0.00124524 0.00236205
v -0.00010894 0.00124524 0.00230580
v -0.00011673 0.00124454 0.00230623
v 0.00021706 0.00123101 0.00234440
v 0.00019178 0.00123520 0.00228959
v 0.00017238 0.00123806 0.00234693
v 0.00011542 0.00124466 0.00229384
v 0.00010895 0.00124524 0.00235045
v 0.00010894 0.00124524 0.00229420
v 0.00009592 0.00124631 0.00235116
v 0.00001925 0.00124985 0.00235525
v 0.00042753 0.00117462 0.00233177
v 0.00042753 0.00117462 0.00227552
v 0.00041689 0.00117843 0.00227619
v 0.00039763 0.00118507 0.00233364
v 0.00034313 0.00120198 0.00228073
v 0.00032354 0.00120740 0.00233816
v 0.00032352 0.00120741 0.00228191
v 0.00024835 0.00122508 0.00234260
v 0.00026820 0.00122089 0.00228519
v 0.00021706 0.00123101 0.00228815
v 0.00048919 0.00115030 0.00227159
v 0.00047035 0.00115813 0.00232905
v 0.00052827 0.00113288 0.00226904
v 0.00052827 0.00113288 0.00232529
v 0.00055975 0.00111767 0.00226694
v 0.00054139 0.00112667 0.00232442
v 0.00061048 0.00109079 0.00231975
v 0.00062500 0.00108253 0.00226250
v 0.00062500 0.00108253 0.00231875
v 0.00062828 0.00108063 0.00226227
v 0.00067732 0.00105059 0.00231507
v 0.00069449 0.00103932 0.00225759
v 0.00071697 0.00102394 0.00225596
v 0.00071697 0.00102394 0.00231221
v 0.00075811 0.00099387 0.00225292
v 0.00074165 0.00100621 0.00231040
v 0.00080348 0.00095756 0.00224948
v 0.00080319 0.00095780 0.00230575
v 0.00080348 0.00095756 0.00230573
v 0.00081887 0.00094443 0.00224828
v 0.00086130 0.00090590 0.00230117
v 0.00087652 0.00089118 0.00224369
v 0.00121290 0.00030226 0.00220564
v 0.00122786 0.00023425 0.00225780
v 0.00122929 0.00022658 0.00220109
v 0.00123101 0.00021706 0.00225677
v 0.00123101 0.00021706 0.00220052
v 0.00088388 0.00088388 0.00224309
v 0.00088388 0.00088388 0.00229934
v 0.00093076 0.00083438 0.00223917
v 0.00091653 0.00084999 0.00229663
v 0.00095756 0.00080348 0.00223685
v 0.00095756 0.00080348 0.00229310
v 0.00097322 0.00078444 0.00223546
v 0.00096822 0.00079060 0.00229216
v 0.00102077 0.00072148 0.00223110
v 0.00101616 0.00072795 0.00228779
v 0.00102394 0.00071697 0.00223080
v 0.00102394 0.00071697 0.00228705
v 0.00106414 0.00065582 0.00222688
v 0.00106001 0.00066248 0.00228354
v 0.00108253 0.00062500 0.00222500
v 0.00108253 0.00062500 0.00228125
v 0.00110245 0.00058915 0.00222285
v 0.00109880 0.00059594 0.00227951
v 0.00113288 0.00052827 0.00221920
v 0.00113288 0.00052827 0.00227545
v 0.00113655 0.00052034 0.00221872
v 0.00113331 0.00052736 0.00227539
v 0.00116642 0.00044942 0.00221446
v 0.00116361 0.00045664 0.00227115
v 0.00117462 0.00042752 0.00221315
v 0.00117462 0.00042752 0.00226940
v 0.00119191 0.00037663 0.00221010
v 0.00118955 0.00038403 0.00226679
v 0.00120741 0.00032352 0.00220691
v 0.00120741 0.00032352 0.00226316
v 0.00121100 0.00030981 0.00226234
v 0.00124098 0.00014988 0.00219649
v 0.00124002 0.00015763 0.00225321
v 0.00124524 0.00010894 0.00219404
v 0.00124524 0.00010894 0.00225029
v 0.00124790 0.00007244 0.00219185
v 0.00124742 0.00008026 0.00224857
v 0.00125000 0.00000242 0.00224390
v 0.00125000 -0.00000000 0.00218750
v 0.00125000 0.00000000 0.00224375
v 0.00124999 -0.00000538 0.00218718
v 0.00124772 -0.00007541 0.00223923
v 0.00124722 -0.00008337 0.00218250
v 0.00124524 -0.00010894 0.00218096
v 0.00124524 -0.00010894 0.00223721
v 0.00123956 -0.00016119 0.00217783
v 0.00124057 -0.00015325 0.00223455
v 0.00123101 -0.00021706 0.00217448
v 0.00123101 -0.00021706 0.00223073
v 0.00122854 -0.00023065 0.00222991
v 0.00122703 -0.00023852 0.00217319
v 0.00121164 -0.00030728 0.00222531
v 0.00120965 -0.00031505 0.00216860
v 0.00120741 -0.00032352 0.00216809
v 0.00120741 -0.00032352 0.00222434
v 0.00118744 -0.00039048 0.00216407
v 0.00118993 -0.00038284 0.00222078
v 0.00117462 -0.00042752 0.00216185
v 0.00117462 -0.00042752 0.00221810
v 0.00116049 -0.00046451 0.00215963
v 0.00116346 -0.00045702 0.00221633
v 0.00113288 -0.00052827 0.00215580
v 0.00113288 -0.00052827 0.00221205
v 0.00113230 -0.00052952 0.00221198
v 0.00112886 -0.00053682 0.00215529
v 0.00109680 -0.00059961 0.00220777
v 0.00109299 -0.00060653 0.00215111
v 0.00101040 -0.00073593 0.00214292
v 0.00096818 -0.00079065 0.00219534
v 0.00096274 -0.00079726 0.00213861
v 0.00095756 -0.00080348 0.00219440
v 0.00095756 -0.00080348 0.00213815
v 0.00108253 -0.00062500 0.00215000
v 0.00108253 -0.00062500 0.00220625
v 0.00105370 -0.00067247 0.00214708
v 0.00105790 -0.00066585 0.00220374
v 0.00102394 -0.00071697 0.00214420
v 0.00102394 -0.00071697 0.00220045
v 0.00101501 -0.00072956 0.00219960
v 0.00085712 -0.00090986 0.00212974
v 0.00080572 -0.00095568 0.00218195
v 0.00080348 -0.00095756 0.00212552
v 0.00080348 -0.00095756 0.00218177
v 0.00079911 -0.00096121 0.00212519
v 0.00091173 -0.00085514 0.00213422
v 0.00091757 -0.00084886 0.00219096
v 0.00088388 -0.00088388 0.00213191
v 0.00088388 -0.00088388 0.00218816
v 0.00086336 -0.00090395 0.00218649
v 0.00073792 -0.00100895 0.00212057
v 0.00074468 -0.00100396 0.00217733
v 0.00071697 -0.00102394 0.00211904
v 0.00071697 -0.00102394 0.00217529
v 0.00067374 -0.00105289 0.00211592
v 0.00068082 -0.00104832 0.00217268
v 0.00062500 -0.00108253 0.00211250
v 0.00062500 -0.00108253 0.00216875
v 0.00061420 -0.00108870 0.00216800
v 0.00060683 -0.00109282 0.00211125
v 0.00054505 -0.00112491 0.00216332
v 0.00053742 -0.00112857 0.00210657
v 0.00052827 -0.00113288 0.00210596
v 0.00052827 -0.00113288 0.00216221
v 0.00046599 -0.00115989 0.00210192
v 0.00047364 -0.00115679 0.00215866
v 0.00045625 -0.00116376 0.00210129
v 0.00042753 -0.00117462 0.00215573
v 0.00042753 -0.00117462 0.00209948
v 0.00038241 -0.00119007 0.00209667
v 0.00040023 -0.00118419 0.00215402
v 0.00032352 -0.00120741 0.00209309
v 0.00032511 -0.00120698 0.00214943
v 0.00032352 -0.00120741 0.00214934
v 0.00030692 -0.00121173 0.00209210
v 0.00024857 -0.00122504 0.00214492
v 0.00023008 -0.00122864 0.00208760
v 0.00021706 -0.00123101 0.00208685
v 0.00021706 -0.00123101 0.00214310
v 0.00015218 -0.00124070 0.00208319
v 0.00017090 -0.00123826 0.00214048
v 0.00010895 -0.00124524 0.00208080
v 0.00010895 -0.00124524 0.00213705
v 0.00009240 -0.00124658 0.00213615
v 0.00007353 -0.00124784 0.00207889
v 0.00001424 -0.00124992 0.00213199
v -0.00000000 -0.00125000 0.00207500
v 0.00000000 -0.00125000 0.00213125
v -0.00013905 -0.00124224 0.00212379
v -0.00021527 -0.00123132 0.00211950
v -0.00021706 -0.00123101 0.00206315
v -0.00021706 -0.00123101 0.00211940
v -0.00024863 -0.00122502 0.00206133
v -0.00017267 -0.00123802 0.00206567
v -0.00015762 -0.00124002 0.00206651
v -0.00010895 -0.00124524 0.00212545
v -0.00010895 -0.00124524 0.00206920
v -0.00006246 -0.00124844 0.00212796
v -0.00008079 -0.00124739 0.00207072
v -0.00000412 -0.00124999 0.00207479
v -0.00029130 -0.00121558 0.00211508
v -0.00042753 -0.00117462 0.00210677
v -0.00042753 -0.00117462 0.00205052
v -0.00039791 -0.00118498 0.00205237
v -0.00036590 -0.00119525 0.00211059
v -0.00047062 -0.00115802 0.00204779
v -0.00043924 -0.00117028 0.00210603
v -0.00052827 -0.00113288 0.00204404
v -0.00051104 -0.00114076 0.00210142
v -0.00052827 -0.00113288 0.00210029
v -0.00054166 -0.00112655 0.00204315
v -0.00061074 -0.00109064 0.00203848
v -0.00058101 -0.00110677 0.00209676
v -0.00062500 -0.00108253 0.00209375
v -0.00062500 -0.00108253 0.00203750
v -0.00064885 -0.00106841 0.00209209
v -0.00067757 -0.00105043 0.00203381
v -0.00071697 -0.00102394 0.00203096
v -0.00071429 -0.00102581 0.00208741
v -0.00071697 -0.00102394 0.00208721
v -0.00074189 -0.00100603 0.00202913
v -0.00080312 -0.00095786 0.00202450
v -0.00077706 -0.00097912 0.00208275
v -0.00080348 -0.00095756 0.00202448
v -0.00080348 -0.00095756 0.00208073
v -0.00086162 -0.00090560 0.00201990
v -0.00083690 -0.00092849 0.00207812
v -0.00088388 -0.00088388 0.00201809
v -0.00088388 -0.00088388 0.00207434
v -0.00089337 -0.00087429 0.00207356
v -0.00091683 -0.00084967 0.00201535
v -0.00091708 -0.00084939 0.00207158
v -0.00095756 -0.00080348 0.00201185
v -0.00095756 -0.00080348 0.00206810
v -0.00096850 -0.00079026 0.00201088
v -0.00096874 -0.00078997 0.00206711
v -0.00101642 -0.00072760 0.00200651
v -0.00101664 -0.00072729 0.00206274
v -0.00102394 -0.00071697 0.00200580
v -0.00102394 -0.00071697 0.00206205
v -0.00106024 -0.00066211 0.00200227
v -0.00106044 -0.00066179 0.00205850
v -0.00108253 -0.00062500 0.00200000
v -0.00108253 -0.00062500 0.00205625
v -0.00109900 -0.00059557 0.00199823
v -0.00109917 -0.00059525 0.00205446
v -0.00113288 -0.00052827 0.00199420
v -0.00113288 -0.00052827 0.00205045
v -0.00113352 -0.00052691 0.00199411
v -0.00113364 -0.00052664 0.00205035
v -0.00115813 -0.00047035 0.00199072
v -0.00116390 -0.00045590 0.00204610
v -0.00117462 -0.00042752 0.00198815
v -0.00117462 -0.00042752 0.00204440
v -0.00118492 -0.00039808 0.00198638
v -0.00118979 -0.00038327 0.00204175
v -0.00120724 -0.00032415 0.00198195
v -0.00120741 -0.00032352 0.00203816
v -0.00120741 -0.00032352 0.00198191
v -0.00121120 -0.00030904 0.00203729
v -0.00122499 -0.00024882 0.00197743
v -0.00122802 -0.00023338 0.00203275
v -0.00123101 -0.00021706 0.00197552
v -0.00123101 -0.00021706 0.00203177
v -0.00123237 -0.00020919 0.00203130
v -0.00123806 -0.00017239 0.00197284
v -0.00124298 -0.00013229 0.00202669
v -0.00124524 -0.00010894 0.00196904
v -0.00124524 -0.00010894 0.00202529
v -0.00124637 -0.00009513 0.00196821
v -0.00124880 -0.00005473 0.00202203
v -0.00124988 -0.00001736 0.00196354
v -0.00125000 0.00000000 0.00201875
v -0.00125000 -0.00000000 0.00196250
v -0.00124978 0.00002319 0.00201736
v -0.00124853 0.00006062 0.00195886
v -0.00124590 0.00010117 0.00201268
v -0.00124524 0.00010894 0.00195596
v -0.00124524 0.00010894 0.00201221
v -0.00124230 0.00013852 0.00195419
v -0.00123713 0.00017890 0.00200802
v -0.00123126 0.00021563 0.00194956
v -0.00123101 0.00021706 0.00200573
v -0.00123101 0.00021706 0.00194948
v -0.00122349 0.00025607 0.00200339
v -0.00121531 0.00029244 0.00194495
v -0.00120741 0.00032352 0.00199934
v -0.00120741 0.00032352 0.00194309
v -0.00120500 0.00033238 0.00199881
v -0.00119453 0.00036823 0.00194041
v -0.00118171 0.00040752 0.00199430
v -0.00117462 0.00042752 0.00193685
v -0.00117462 0.00042752 0.00199310
v -0.00116898 0.00044270 0.00193594
v -0.00115370 0.00048111 0.00198988
v -0.00113873 0.00051555 0.00193157
v -0.00113288 0.00052827 0.00198705
v -0.00113288 0.00052827 0.00193080
v -0.00112512 0.00054462 0.00198607
v -0.00110398 0.00058629 0.00192732
v -0.00108886 0.00061390 0.00198192
v -0.00108253 0.00062500 0.00192500
v -0.00108253 0.00062500 0.00198125
v -0.00106577 0.00065317 0.00192328
v -0.00104916 0.00067954 0.00197788
v -0.00102394 0.00071697 0.00191920
v -0.00102394 0.00071697 0.00197545
v -0.00102364 0.00071739 0.00191917
v -0.00100542 0.00074272 0.00197371
v -0.00098226 0.00077309 0.00191535
v -0.00095778 0.00080322 0.00196942
v -0.00095756 0.00080349 0.00191315
v -0.00095756 0.00080348 0.00196940
v -0.00093274 0.00083217 0.00191100
v -0.00090640 0.00086078 0.00196502
v -0.00088388 0.00088388 0.00190691
v -0.00088388 0.00088388 0.00196316
v -0.00087956 0.00088819 0.00190656
v -0.00085144 0.00091518 0.00196054
v -0.00082290 0.00094093 0.00190203
v -0.00080348 0.00095756 0.00195677
v -0.00080348 0.00095756 0.00190052
v -0.00079310 0.00096617 0.00195598
v -0.00076296 0.00099015 0.00189744
v -0.00073160 0.00101354 0.00195136
v -0.00071697 0.00102394 0.00189404
v -0.00071697 0.00102394 0.00195029
v -0.00069996 0.00103564 0.00189280
v -0.00066714 0.00105708 0.00194670
v -0.00063412 0.00107721 0.00188813
v -0.00062500 0.00108253 0.00194375
v -0.00062500 0.00108253 0.00188750
v -0.00060358 0.00109462 0.00194227
v -0.00056569 0.00111467 0.00188345
v -0.00053406 0.00113017 0.00193760
v -0.00052827 0.00113288 0.00188096
v -0.00052827 0.00113288 0.00193721
v -0.00049492 0.00114785 0.00187878
v -0.00046232 0.00116136 0.00193293
v -0.00042753 0.00117462 0.00187448
v -0.00042753 0.00117462 0.00193073
v -0.00042227 0.00117652 0.00187415
v -0.00038863 0.00118805 0.00192830
v -0.00034763 0.00120069 0.00186954
v -0.00032352 0.00120741 0.00192434
v -0.00032352 0.00120741 0.00186809
v -0.00031327 0.00121011 0.00192372
v -0.00027148 0.00122016 0.00186500
v -0.00023653 0.00122742 0.00191922
v -0.00021706 0.00123101 0.00186185
v -0.00021706 0.00123101 0.00191810
v -0.00019411 0.00123484 0.00186054
v -0.00015871 0.00123988 0.00191480
v -0.00011582 0.00124462 0.00185618
v -0.00010895 0.00124524 0.00191205
v -0.00010894 0.00124524 0.00185580
v -0.00008012 0.00124743 0.00191049
v -0.00003726 0.00124944 0.00185195
v -0.00000228 0.00125000 0.00190637
v 0.00000000 0.00125000 0.00185000
v 0.00000000 0.00125000 0.00190625
v 0.00003966 0.00124937 0.00184792
v 0.00007519 0.00124774 0.00190228
v 0.00010894 0.00124524 0.00184420
v 0.00010895 0.00124524 0.00190045
v 0.00011660 0.00124455 0.00184378
v 0.00013632 0.00124254 0.00184269
v 0.00015174 0.00124076 0.00189809
v 0.00021256 0.00123180 0.00183841
v 0.00021706 0.00123101 0.00189440
v 0.00021706 0.00123101 0.00183815
v 0.00022787 0.00122905 0.00189378
v 0.00028815 0.00121633 0.00183402
v 0.00030330 0.00121265 0.00188937
v 0.00032352 0.00120741 0.00183191
v 0.00032352 0.00120741 0.00188816
v 0.00036280 0.00119619 0.00182953
v 0.00037772 0.00119157 0.00188487
v 0.00042753 0.00117462 0.00182552
v 0.00042753 0.00117462 0.00188177
v 0.00043620 0.00117142 0.00182498
v 0.00045084 0.00116587 0.00188030
v 0.00050807 0.00114209 0.00182036
v 0.00052236 0.00113562 0.00187568
v 0.00052827 0.00113288 0.00181904
v 0.00052827 0.00113288 0.00187529
v 0.00057812 0.00110828 0.00181571
v 0.00059201 0.00110092 0.00187102
v 0.00062500 0.00108253 0.00181250
v 0.00062500 0.00108253 0.00186875
v 0.00064606 0.00107010 0.00181103
v 0.00065948 0.00106188 0.00186634
v 0.00071161 0.00102768 0.00180635
v 0.00071697 0.00102394 0.00186221
v 0.00071697 0.00102394 0.00180596
v 0.00072450 0.00101863 0.00186166
v 0.00077424 0.00098136 0.00180171
v 0.00078244 0.00097483 0.00185734
v 0.00080348 0.00095756 0.00179948
v 0.00080348 0.00095756 0.00185573
v 0.00083421 0.00093091 0.00179708
v 0.00084201 0.00092386 0.00185271
v 0.00088388 0.00088388 0.00179309
v 0.00088388 0.00088388 0.00184934
v 0.00089102 0.00087669 0.00179250
v 0.00089837 0.00086916 0.00184814
v 0.00094440 0.00081891 0.00178799
v 0.00095127 0.00081091 0.00184365
v 0.00095756 0.00080348 0.00178685
v 0.00095756 0.00080348 0.00184310
v 0.00099413 0.00075777 0.00178358
v 0.00100050 0.00074934 0.00183924
v 0.00102394 0.00071697 0.00178080
v 0.00102394 0.00071697 0.00183705
v 0.00103998 0.00069349 0.00177927
v 0.00104582 0.00068466 0.00183495
v 0.00108116 0.00062737 0.00177514
v 0.00108253 0.00062500 0.00183125
v 0.00108253 0.00062500 0.00177500
v 0.00108628 0.00061846 0.00183086
v 0.00111760 0.00055988 0.00177109
v 0.00112217 0.00055066 0.00182679
v 0.00113289 0.00052827 0.00176920
v 0.00113288 0.00052827 0.00182545
v 0.00115023 0.00048935 0.00176686
v 0.00115390 0.00048063 0.00182259
v 0.00117462 0.00042752 0.00176315
v 0.00117462 0.00042752 0.00181940
v 0.00117819 0.00041757 0.00176255
v 0.00118151 0.00040808 0.00181823
v 0.00120172 0.00034406 0.00175814
v 0.00120445 0.00033435 0.00181381
v 0.00120741 0.00032352 0.00175691
v 0.00120741 0.00032352 0.00181316
v 0.00122070 0.00026907 0.00175364
v 0.00122283 0.00025920 0.00180930
v 0.00123101 0.00021706 0.00175052
v 0.00123101 0.00021706 0.00180677
v 0.00123502 0.00019291 0.00174907
v 0.00123655 0.00018290 0.00180472
v 0.00124462 0.00011585 0.00174445
v 0.00124524 0.00010894 0.00180029
v 0.00124524 0.00010894 0.00174404
v 0.00124552 0.00010574 0.00180009
v 0.00124942 0.00003818 0.00173979
v 0.00124969 0.00002803 0.00179543
v 0.00125000 0.00000000 0.00173750
v 0.00125000 0.00000000 0.00179375
v 0.00124937 -0.00003977 0.00173511
v 0.00124900 -0.00004995 0.00179075
v 0.00124524 -0.00010894 0.00173096
v 0.00124524 -0.00010894 0.00178721
v 0.00124446 -0.00011754 0.00173045
v 0.00124344 -0.00012788 0.00178608
v 0.00124424 -0.00011986 0.00173031
v 0.00093923 -0.00082483 0.00168656
v 0.00088742 -0.00088033 0.00173845
v 0.00088650 -0.00088126 0.00168213
v 0.00088388 -0.00088388 0.00173816
v 0.00088388 -0.00088388 0.00168191
v 0.00123430 -0.00019749 0.00172565
v 0.00123300 -0.00020545 0.00178142
v 0.00123101 -0.00021706 0.00172448
v 0.00123101 -0.00021706 0.00178073
v 0.00121949 -0.00027449 0.00172103
v 0.00121770 -0.00028232 0.00177681
v 0.00120741 -0.00032352 0.00171809
v 0.00120741 -0.00032352 0.00177434
v 0.00119984 -0.00035054 0.00171647
v 0.00119998 -0.00035006 0.00177275
v 0.00117540 -0.00042535 0.00171198
v 0.00117558 -0.00042488 0.00176826
v 0.00117462 -0.00042753 0.00171185
v 0.00117462 -0.00042753 0.00176810
v 0.00114625 -0.00049861 0.00170758
v 0.00114645 -0.00049815 0.00176386
v 0.00113289 -0.00052827 0.00170580
v 0.00113289 -0.00052827 0.00176205
v 0.00111248 -0.00056999 0.00170330
v 0.00111271 -0.00056954 0.00175958
v 0.00108253 -0.00062500 0.00170000
v 0.00108253 -0.00062500 0.00175625
v 0.00107507 -0.00063774 0.00169923
v 0.00107532 -0.00063732 0.00175551
v 0.00103392 -0.00070250 0.00169515
v 0.00103419 -0.00070210 0.00175143
v 0.00102394 -0.00071697 0.00169420
v 0.00102394 -0.00071697 0.00175045
v 0.00098827 -0.00076539 0.00169089
v 0.00098906 -0.00076436 0.00174721
v 0.00095756 -0.00080348 0.00168815
v 0.00095756 -0.00080348 0.00174440
v 0.00094009 -0.00082386 0.00174288
v -0.00109534 -0.00060227 0.00154864
v -0.00112808 -0.00053845 0.00160106
v -0.00113057 -0.00053321 0.00154449
v -0.00113288 -0.00052827 0.00160045
v -0.00113288 -0.00052827 0.00154420
v 0.00083027 -0.00093442 0.00167761
v 0.00083101 -0.00093377 0.00173392
v 0.00080348 -0.00095756 0.00167552
v 0.00080348 -0.00095756 0.00173177
v 0.00077074 -0.00098410 0.00167303
v 0.00077151 -0.00098350 0.00172933
v 0.00071697 -0.00102394 0.00166904
v 0.00071697 -0.00102394 0.00172529
v 0.00070812 -0.00103008 0.00166839
v 0.00070893 -0.00102953 0.00172470
v 0.00064263 -0.00107216 0.00166373
v 0.00064347 -0.00107165 0.00172004
v 0.00062500 -0.00108253 0.00166250
v 0.00062500 -0.00108253 0.00171875
v 0.00057454 -0.00111014 0.00165905
v 0.00057539 -0.00110970 0.00171536
v 0.00052827 -0.00113288 0.00165596
v 0.00052827 -0.00113288 0.00171221
v 0.00051596 -0.00113855 0.00165515
v 0.00050493 -0.00114348 0.00171068
v 0.00044370 -0.00116860 0.00165050
v 0.00043236 -0.00117285 0.00170603
v 0.00042753 -0.00117462 0.00164948
v 0.00042753 -0.00117462 0.00170573
v 0.00036955 -0.00119412 0.00164588
v 0.00035795 -0.00119765 0.00170142
v 0.00032352 -0.00120741 0.00164309
v 0.00032352 -0.00120741 0.00169934
v 0.00029381 -0.00121498 0.00164132
v 0.00028199 -0.00121778 0.00169687
v 0.00021706 -0.00123101 0.00163685
v 0.00021706 -0.00123101 0.00169310
v 0.00021677 -0.00123106 0.00163683
v 0.00020481 -0.00123311 0.00169240
v 0.00013872 -0.00124228 0.00163244
v 0.00013201 -0.00124301 0.00168832
v 0.00010895 -0.00124524 0.00163080
v 0.00010895 -0.00124524 0.00168705
v 0.00006002 -0.00124856 0.00162816
v 0.00005332 -0.00124886 0.00168405
v -0.00000000 -0.00125000 0.00162500
v -0.00000000 -0.00125000 0.00168125
v -0.00001730 -0.00124988 0.00162410
v -0.00002386 -0.00124977 0.00168000
v -0.00009399 -0.00124646 0.00162001
v -0.00010052 -0.00124595 0.00167591
v -0.00010895 -0.00124524 0.00161920
v -0.00010894 -0.00124524 0.00167545
v -0.00016611 -0.00123891 0.00161604
v -0.00017697 -0.00123741 0.00167168
v -0.00021706 -0.00123101 0.00161315
v -0.00021706 -0.00123101 0.00166940
v -0.00024213 -0.00122633 0.00161171
v -0.00025290 -0.00122415 0.00166733
v -0.00031739 -0.00120903 0.00160728
v -0.00032352 -0.00120741 0.00166316
v -0.00032352 -0.00120741 0.00160691
v -0.00032802 -0.00120619 0.00166289
v -0.00039159 -0.00118708 0.00160276
v -0.00040205 -0.00118358 0.00165837
v -0.00042753 -0.00117462 0.00160052
v -0.00042753 -0.00117462 0.00165677
v -0.00046443 -0.00116052 0.00159818
v -0.00047467 -0.00115637 0.00165378
v -0.00052827 -0.00113288 0.00159404
v -0.00052827 -0.00113288 0.00165029
v -0.00053562 -0.00112943 0.00159355
v -0.00053927 -0.00112769 0.00164956
v -0.00060488 -0.00109390 0.00158889
v -0.00060842 -0.00109194 0.00164489
v -0.00062500 -0.00108253 0.00158750
v -0.00062500 -0.00108253 0.00164375
v -0.00067192 -0.00105405 0.00158421
v -0.00067534 -0.00105187 0.00164021
v -0.00071697 -0.00102394 0.00158096
v -0.00071697 -0.00102394 0.00163721
v -0.00073530 -0.00101086 0.00157962
v -0.00073974 -0.00100761 0.00163554
v -0.00079713 -0.00096285 0.00157497
v -0.00080137 -0.00095933 0.00163089
v -0.00080348 -0.00095756 0.00157448
v -0.00080348 -0.00095756 0.00163073
v -0.00085595 -0.00091097 0.00157035
v -0.00085996 -0.00090717 0.00162628
v -0.00088388 -0.00088388 0.00156809
v -0.00088388 -0.00088388 0.00162434
v -0.00091149 -0.00085539 0.00156580
v -0.00091527 -0.00085134 0.00162173
v -0.00095756 -0.00080348 0.00156185
v -0.00095756 -0.00080348 0.00161810
v -0.00096353 -0.00079632 0.00156132
v -0.00096705 -0.00079203 0.00161726
v -0.00101183 -0.00073397 0.00155694
v -0.00101508 -0.00072946 0.00161289
v -0.00102394 -0.00071697 0.00155580
v -0.00102394 -0.00071697 0.00161205
v -0.00105611 -0.00066868 0.00155268
v -0.00105904 -0.00066403 0.00160864
v -0.00108253 -0.00062500 0.00155000
v -0.00108253 -0.00062500 0.00160625
v -0.00109291 -0.00060666 0.00160515
v -0.00124698 -0.00008678 0.00151771
v -0.00124991 -0.00001486 0.00156964
v -0.00124997 -0.00000897 0.00151304
v -0.00125000 -0.00000000 0.00156875
v -0.00125000 -0.00000000 0.00151250
v -0.00116123 -0.00046265 0.00154026
v -0.00115906 -0.00046805 0.00159683
v -0.00117462 -0.00042752 0.00153815
v -0.00117462 -0.00042752 0.00159440
v -0.00118754 -0.00039019 0.00153591
v -0.00118571 -0.00039573 0.00159249
v -0.00120741 -0.00032352 0.00153191
v -0.00120741 -0.00032352 0.00158816
v -0.00120937 -0.00031610 0.00153147
v -0.00120788 -0.00032174 0.00158805
v -0.00122662 -0.00024064 0.00152694
v -0.00122548 -0.00024638 0.00158353
v -0.00123101 -0.00021706 0.00152552
v -0.00123101 -0.00021706 0.00158177
v -0.00123918 -0.00016410 0.00152235
v -0.00123840 -0.00016991 0.00157894
v -0.00124524 -0.00010894 0.00151904
v -0.00124524 -0.00010894 0.00157529
v -0.00124656 -0.00009264 0.00157431
v -0.00124810 0.00006890 0.00150837
v -0.00124841 0.00006299 0.00156497
v -0.00124719 0.00008384 0.00150747
v -0.00124524 0.00010894 0.00156221
v -0.00124524 0.00010894 0.00150596
v -0.00123950 0.00016165 0.00150280
v -0.00124204 0.00014088 0.00156030
v -0.00123101 0.00021706 0.00149948
v -0.00123101 0.00021706 0.00155573
v -0.00123078 0.00021837 0.00155565
v -0.00122694 0.00023898 0.00149816
v -0.00121466 0.00029514 0.00155104
v -0.00120953 0.00031550 0.00149357
v -0.00120741 0.00032352 0.00149309
v -0.00120741 0.00032352 0.00154934
v -0.00118730 0.00039093 0.00148904
v -0.00119371 0.00037089 0.00154650
v -0.00117462 0.00042752 0.00148685
v -0.00117462 0.00042752 0.00154310
v -0.00116799 0.00044531 0.00154203
v -0.00116031 0.00046494 0.00148460
v -0.00113757 0.00051810 0.00153766
v -0.00113288 0.00052827 0.00148080
v -0.00113288 0.00052827 0.00153705
v -0.00112866 0.00053724 0.00148027
v -0.00110268 0.00058873 0.00153343
v 0.00062500 -0.00108253 0.00126875
v 0.00062500 -0.00108253 0.00121250
v 0.00063380 -0.00107741 0.00121311
v 0.00066606 -0.00105776 0.00127163
v 0.00069961 -0.00103588 0.00121778
v 0.00071697 -0.00102394 0.00127529
v 0.00071697 -0.00102394 0.00121904
v 0.00073056 -0.00101429 0.00127628
v 0.00076263 -0.00099040 0.00122242
v 0.00079212 -0.00096698 0.00128090
v 0.00080348 -0.00095756 0.00122552
v 0.00080348 -0.00095756 0.00128177
v 0.00082258 -0.00094120 0.00122701
v 0.00085051 -0.00091604 0.00128546
v 0.00087926 -0.00088848 0.00123153
v 0.00088388 -0.00088388 0.00128816
v 0.00088388 -0.00088388 0.00123191
v 0.00090552 -0.00086170 0.00128995
v 0.00093246 -0.00083248 0.00123598
v 0.00095697 -0.00080418 0.00129435
v 0.00095756 -0.00080349 0.00123815
v 0.00095756 -0.00080348 0.00129440
v 0.00098200 -0.00077342 0.00124032
v 0.00100467 -0.00074373 0.00129864
v 0.00102394 -0.00071697 0.00124420
v 0.00102394 -0.00071697 0.00130045
v 0.00102771 -0.00071155 0.00124456
v 0.00104847 -0.00068059 0.00130281
v 0.00106614 -0.00065256 0.00124832
v 0.00108253 -0.00062500 0.00130625
v 0.00108253 -0.00062500 0.00125000
v 0.00108824 -0.00061500 0.00130685
v 0.00110433 -0.00058562 0.00125236
v 0.00112455 -0.00054579 0.00131100
v 0.00113288 -0.00052827 0.00125580
v 0.00113288 -0.00052827 0.00131205
v 0.00113905 -0.00051485 0.00125661
v 0.00115676 -0.00047372 0.00131533
v 0.00116925 -0.00044198 0.00126098
v 0.00117462 -0.00042752 0.00131810
v 0.00117462 -0.00042752 0.00126185
v 0.00118431 -0.00039989 0.00131976
v 0.00119476 -0.00036750 0.00126545
v 0.00120711 -0.00032462 0.00132427
v 0.00120741 -0.00032352 0.00126809
v 0.00120741 -0.00032352 0.00132434
v 0.00121549 -0.00029169 0.00127000
v 0.00122500 -0.00024875 0.00132883
v 0.00123101 -0.00021706 0.00127448
v 0.00123101 -0.00021706 0.00133073
v 0.00123139 -0.00021488 0.00127461
v 0.00123818 -0.00017151 0.00133346
v 0.00124243 -0.00013737 0.00127926
v 0.00124524 -0.00010894 0.00133721
v 0.00124524 -0.00010894 0.00128096
v 0.00124648 -0.00009374 0.00133813
v 0.00124858 -0.00005947 0.00128393
v 0.00124990 -0.00001575 0.00134280
v 0.00125000 0.00000000 0.00128750
v 0.00125000 -0.00000000 0.00134375
v 0.00124991 0.00001524 0.00128841
v 0.00124845 0.00006215 0.00134748
v 0.00124653 0.00009302 0.00129308
v 0.00124524 0.00010894 0.00135029
v 0.00124524 0.00010894 0.00129404
v 0.00124217 0.00013966 0.00135213
v 0.00123835 0.00017029 0.00129772
v 0.00123111 0.00021647 0.00135674
v 0.00123101 0.00021706 0.00130052
v 0.00123101 0.00021706 0.00135677
v 0.00122540 0.00024675 0.00130231
v 0.00121534 0.00029231 0.00136129
v 0.00120779 0.00032211 0.00130683
v 0.00120741 0.00032352 0.00136316
v 0.00120741 0.00032352 0.00130691
v 0.00119495 0.00036687 0.00136576
v 0.00118559 0.00039609 0.00131127
v 0.00117462 0.00042752 0.00136940
v 0.00117462 0.00042752 0.00131315
v 0.00117005 0.00043987 0.00137014
v 0.00115892 0.00046840 0.00131560
v 0.00114075 0.00051106 0.00137441
v 0.00113288 0.00052827 0.00131920
v 0.00113288 0.00052827 0.00137545
v 0.00112792 0.00053879 0.00131983
v 0.00110721 0.00058016 0.00137856
v 0.00109232 0.00060774 0.00132396
v 0.00108253 0.00062500 0.00138125
v 0.00108253 0.00062500 0.00132500
v 0.00106950 0.00064705 0.00138259
v 0.00105268 0.00067407 0.00132802
v 0.00102703 0.00071254 0.00138676
v 0.00102394 0.00071697 0.00133080
v 0.00102394 0.00071697 0.00138705
v 0.00100804 0.00073916 0.00133230
v 0.00098002 0.00077593 0.00139110
v 0.00095942 0.00080125 0.00133668
v 0.00095756 0.00080349 0.00139310
v 0.00095756 0.00080348 0.00133685
v 0.00092920 0.00083611 0.00139555
v 0.00090709 0.00086005 0.00134117
v 0.00088388 0.00088388 0.00139934
v 0.00088388 0.00088388 0.00134309
v 0.00087480 0.00089288 0.00140008
v 0.00085127 0.00091533 0.00134573
v 0.00081705 0.00094601 0.00140468
v 0.00080348 0.00095756 0.00134948
v 0.00080348 0.00095756 0.00140573
v 0.00079220 0.00096691 0.00135034
v 0.00075619 0.00099533 0.00140932
v 0.00073014 0.00101459 0.00135500
v 0.00071697 0.00102394 0.00141221
v 0.00071697 0.00102394 0.00135596
v 0.00069249 0.00104065 0.00141399
v 0.00067111 0.00105457 0.00135927
v 0.00062620 0.00108184 0.00141867
v 0.00062500 0.00108253 0.00136250
v 0.00062500 0.00108253 0.00141875
v 0.00060406 0.00109436 0.00136394
v 0.00055761 0.00111874 0.00142334
v 0.00053477 0.00112983 0.00136861
v 0.00052827 0.00113288 0.00142529
v 0.00052827 0.00113288 0.00136904
v 0.00048700 0.00115123 0.00142798
v 0.00046356 0.00116087 0.00137324
v 0.00042753 0.00117462 0.00143177
v 0.00042753 0.00117462 0.00137552
v 0.00041464 0.00117923 0.00143258
v 0.00039070 0.00118737 0.00137782
v 0.00034084 0.00120263 0.00143712
v 0.00032352 0.00120741 0.00138191
v 0.00032352 0.00120741 0.00143816
v 0.00031648 0.00120927 0.00138233
v 0.00027205 0.00122004 0.00144122
v 0.00024122 0.00122651 0.00138676
v 0.00021706 0.00123101 0.00144440
v 0.00021706 0.00123101 0.00138815
v 0.00019627 0.00123449 0.00144559
v 0.00016518 0.00123904 0.00139109
v 0.00011993 0.00124423 0.00144985
v 0.00010895 0.00124524 0.00139420
v 0.00010895 0.00124524 0.00145045
v 0.00008869 0.00124685 0.00139530
v 0.00004330 0.00124925 0.00145398
v 0.00001107 0.00124995 0.00139942
v 0.00000000 0.00125000 0.00145625
v 0.00000000 0.00125000 0.00140000
v -0.00003357 0.00124955 0.00145801
v -0.00006640 0.00124824 0.00140350
v -0.00010894 0.00124524 0.00146205
v -0.00010895 0.00124524 0.00140580
v -0.00011209 0.00124496 0.00146223
v -0.00014508 0.00124155 0.00140779
v -0.00019041 0.00123541 0.00146658
v -0.00021706 0.00123101 0.00141185
v -0.00021706 0.00123101 0.00146810
v -0.00022306 0.00122994 0.00141219
v -0.00026783 0.00122097 0.00147104
v -0.00030001 0.00121346 0.00141669
v -0.00032352 0.00120741 0.00147434
v -0.00032352 0.00120741 0.00141809
v -0.00034404 0.00120172 0.00147558
v -0.00037564 0.00119222 0.00142125
v -0.00041876 0.00117777 0.00148018
v -0.00042753 0.00117462 0.00142448
v -0.00042753 0.00117462 0.00148073
v -0.00044964 0.00116633 0.00142587
v -0.00049132 0.00114939 0.00148480
v -0.00052173 0.00113591 0.00143053
v -0.00052827 0.00113288 0.00148721
v -0.00052827 0.00113288 0.00143096
v -0.00056220 0.00111644 0.00148947
v -0.00059146 0.00110122 0.00143520
v -0.00062500 0.00108253 0.00149375
v -0.00062500 0.00108253 0.00143750
v -0.00063075 0.00107919 0.00149415
v -0.00065895 0.00106221 0.00143987
v -0.00069672 0.00103782 0.00149882
v -0.00071697 0.00102394 0.00144404
v -0.00071697 0.00102394 0.00150029
v -0.00072376 0.00101915 0.00144453
v -0.00075987 0.00099252 0.00150346
v -0.00078565 0.00097224 0.00144916
v -0.00080348 0.00095756 0.00150677
v -0.00080348 0.00095756 0.00145052
v -0.00081997 0.00094348 0.00150805
v -0.00084439 0.00092169 0.00145372
v -0.00087680 0.00089091 0.00151258
v -0.00088388 0.00088388 0.00145691
v -0.00088388 0.00088388 0.00151316
v -0.00089977 0.00086770 0.00145822
v -0.00093016 0.00083505 0.00151703
v -0.00095161 0.00081052 0.00146263
v -0.00095756 0.00080349 0.00151940
v -0.00095756 0.00080348 0.00146315
v -0.00097986 0.00077612 0.00152138
v -0.00099973 0.00075037 0.00146694
v -0.00102208 0.00071962 0.00152527
v -0.00102394 0.00071697 0.00146920
v -0.00102394 0.00071697 0.00152545
v -0.00104395 0.00068750 0.00147112
v -0.00106435 0.00065548 0.00152939
v -0.00105326 0.00067316 0.00147203
v -0.00108253 0.00062500 0.00153125
v -0.00108253 0.00062500 0.00147500
v -0.00109276 0.00060693 0.00147608
v 0.00058977 -0.00110212 0.00121008
v 0.00060089 -0.00109610 0.00126709
v 0.00052827 -0.00113288 0.00120596
v 0.00053128 -0.00113148 0.00126241
v 0.00052827 -0.00113288 0.00126221
v 0.00051978 -0.00113680 0.00120540
v 0.00045946 -0.00116250 0.00125775
v 0.00044763 -0.00116710 0.00120075
v 0.00042753 -0.00117462 0.00119948
v 0.00042753 -0.00117462 0.00125573
v 0.00037358 -0.00119287 0.00119613
v 0.00038570 -0.00118901 0.00125312
v 0.00032352 -0.00120741 0.00119309
v 0.00032352 -0.00120741 0.00124934
v 0.00031028 -0.00121088 0.00124855
v 0.00029792 -0.00121398 0.00119156
v 0.00023349 -0.00122800 0.00124404
v -0.00010895 -0.00124524 0.00122545
v -0.00010895 -0.00124524 0.00116920
v -0.00009845 -0.00124612 0.00116977
v -0.00007741 -0.00124760 0.00122716
v -0.00002179 -0.00124981 0.00117386
v -0.00000000 -0.00125000 0.00123125
v -0.00001365 -0.00124993 0.00117429
v -0.00000000 -0.00125000 0.00117500
v 0.00007701 -0.00124763 0.00123532
v 0.00006424 -0.00124835 0.00117839
v 0.00010895 -0.00124524 0.00123705
v 0.00010895 -0.00124524 0.00118080
v 0.00015563 -0.00124027 0.00123963
v 0.00014293 -0.00124180 0.00118267
v 0.00021706 -0.00123101 0.00124310
v 0.00021706 -0.00123101 0.00118685
v 0.00022094 -0.00123032 0.00118707
v -0.00017490 -0.00123770 0.00116554
v -0.00015394 -0.00124048 0.00122297
v -0.00021706 -0.00123101 0.00116315
v -0.00021706 -0.00123101 0.00121940
v -0.00025086 -0.00122457 0.00116120
v -0.00023013 -0.00122863 0.00121865
v -0.00028654 -0.00121671 0.00121536
v -0.00032352 -0.00120741 0.00115691
v -0.00032352 -0.00120741 0.00121316
v -0.00032601 -0.00120674 0.00115676
v -0.00036121 -0.00119667 0.00121088
v -0.00040006 -0.00118425 0.00115224
v -0.00042753 -0.00117462 0.00120677
v -0.00042753 -0.00117462 0.00115052
v -0.00043465 -0.00117200 0.00120633
v -0.00047273 -0.00115716 0.00114765
v -0.00050656 -0.00114276 0.00120171
v -0.00052827 -0.00113288 0.00114404
v -0.00052827 -0.00113288 0.00120029
v -0.00054371 -0.00112556 0.00114301
v -0.00057664 -0.00110905 0.00119706
v -0.00061273 -0.00108952 0.00113835
v -0.00062500 -0.00108253 0.00119375
v -0.00062500 -0.00108253 0.00113750
v -0.00064463 -0.00107096 0.00119238
v -0.00067937 -0.00104926 0.00113368
v -0.00071023 -0.00102863 0.00118770
v -0.00071697 -0.00102394 0.00113096
v -0.00071697 -0.00102394 0.00118721
v -0.00074362 -0.00100476 0.00112900
v -0.00077318 -0.00098219 0.00118304
v -0.00080348 -0.00095756 0.00112448
v -0.00080348 -0.00095756 0.00118073
v -0.00080507 -0.00095623 0.00112435
v -0.00083321 -0.00093181 0.00117841
v -0.00086346 -0.00090384 0.00111975
v -0.00088388 -0.00088388 0.00117434
v -0.00088388 -0.00088388 0.00111809
v -0.00089007 -0.00087766 0.00117383
v -0.00091856 -0.00084779 0.00111520
v -0.00094351 -0.00081993 0.00116932
v -0.00095756 -0.00080348 0.00111185
v -0.00095756 -0.00080348 0.00116810
v -0.00097011 -0.00078828 0.00111074
v -0.00099331 -0.00075884 0.00116490
v -0.00101791 -0.00072551 0.00110637
v -0.00102394 -0.00071697 0.00116205
v -0.00102394 -0.00071697 0.00110580
v -0.00103921 -0.00069465 0.00116059
v -0.00106158 -0.00065996 0.00110214
v -0.00107864 -0.00063170 0.00115665
v -0.00108253 -0.00062500 0.00110000
v -0.00108253 -0.00062500 0.00115625
v -0.00110061 -0.00059258 0.00109806
v -0.00111535 -0.00056436 0.00115261
v -0.00113288 -0.00052827 0.00109420
v -0.00113289 -0.00052827 0.00115045
v -0.00113492 -0.00052389 0.00109393
v -0.00114792 -0.00049475 0.00114843
v -0.00116500 -0.00045307 0.00108968
v -0.00117462 -0.00042753 0.00114440
v -0.00117462 -0.00042752 0.00108815
v -0.00117621 -0.00042312 0.00114414
v -0.00119072 -0.00038037 0.00108532
v -0.00120008 -0.00034972 0.00113973
v -0.00120741 -0.00032352 0.00108191
v -0.00120741 -0.00032352 0.00113816
v -0.00121195 -0.00030608 0.00108086
v -0.00121941 -0.00027484 0.00113524
v -0.00122857 -0.00023046 0.00107633
v -0.00123101 -0.00021706 0.00113177
v -0.00123101 -0.00021706 0.00107552
v -0.00123410 -0.00019876 0.00113068
v -0.00124050 -0.00015380 0.00107173
v -0.00124406 -0.00012175 0.00112606
v -0.00124524 -0.00010894 0.00106904
v -0.00124524 -0.00010894 0.00112529
v -0.00124766 -0.00007639 0.00106708
v -0.00124922 -0.00004413 0.00112140
v -0.00125000 0.00000000 0.00106250
v -0.00125000 0.00000000 0.00111875
v -0.00125000 0.00000144 0.00106241
v -0.00124954 0.00003382 0.00111672
v -0.00124793 0.00007187 0.00105819
v -0.00124524 0.00010894 0.00111221
v -0.00124524 0.00010894 0.00105596
v -0.00124499 0.00011178 0.00111204
v -0.00124100 0.00014974 0.00105352
v -0.00123556 0.00018946 0.00110738
v -0.00123101 0.00021706 0.00104948
v -0.00123101 0.00021706 0.00110573
v -0.00122919 0.00022716 0.00104887
v -0.00122131 0.00026628 0.00110277
v -0.00121251 0.00030383 0.00104427
v -0.00121606 0.00028929 0.00110139
v -0.00120741 0.00032352 0.00104309
v -0.00120741 0.00032352 0.00109934
v -0.00119102 0.00037944 0.00103973
v -0.00119548 0.00036513 0.00109684
v -0.00117462 0.00042752 0.00103685
v -0.00117462 0.00042752 0.00109310
v -0.00117013 0.00043966 0.00109237
v -0.00116476 0.00045369 0.00103528
v -0.00114007 0.00051259 0.00108799
v -0.00110548 0.00058344 0.00108374
v -0.00109848 0.00059652 0.00102671
v -0.00113288 0.00052827 0.00108705
v -0.00113288 0.00052827 0.00103080
v -0.00113381 0.00052627 0.00103092
v -0.00106742 0.00065047 0.00107970
v -0.00102548 0.00071477 0.00107559
v -0.00102394 0.00071697 0.00101920
v -0.00102394 0.00071697 0.00107545
v -0.00101650 0.00072748 0.00101849
v -0.00097957 0.00077650 0.00107135
v -0.00096980 0.00078866 0.00101423
v -0.00095756 0.00080349 0.00106940
v -0.00095756 0.00080348 0.00101315
v -0.00086522 0.00090216 0.00100539
v -0.00081961 0.00094379 0.00105802
v -0.00080769 0.00095401 0.00100085
v -0.00080348 0.00095756 0.00105677
v -0.00080348 0.00095756 0.00100052
v -0.00091932 0.00084697 0.00100986
v -0.00092984 0.00083541 0.00106700
v -0.00088388 0.00088388 0.00100691
v -0.00088388 0.00088388 0.00106316
v -0.00087646 0.00089125 0.00106255
v -0.00074694 0.00100229 0.00099624
v -0.00075949 0.00099281 0.00105343
v -0.00071697 0.00102394 0.00099404
v -0.00071697 0.00102394 0.00105029
v -0.00068318 0.00104679 0.00099160
v -0.00069633 0.00103809 0.00104879
v -0.00063038 0.00107941 0.00104412
v -0.00062500 0.00108253 0.00098750
v -0.00062500 0.00108253 0.00104375
v -0.00061671 0.00108728 0.00098693
v -0.00056181 0.00111663 0.00103944
v -0.00054765 0.00112364 0.00098225
v -0.00052827 0.00113288 0.00098096
v -0.00052827 0.00113288 0.00103721
v -0.00047632 0.00115569 0.00097758
v -0.00049091 0.00114957 0.00103477
v -0.00042753 0.00117462 0.00097448
v -0.00042753 0.00117462 0.00103073
v -0.00041796 0.00117805 0.00103013
v -0.00040298 0.00118326 0.00097294
v -0.00034323 0.00120195 0.00102553
v -0.00032792 0.00120622 0.00096835
v -0.00032352 0.00120741 0.00096809
v -0.00032352 0.00120741 0.00102434
v -0.00025143 0.00122445 0.00096383
v -0.00026700 0.00122115 0.00102099
v -0.00021706 0.00123101 0.00096185
v -0.00021706 0.00123101 0.00101810
v -0.00017379 0.00123786 0.00095939
v -0.00018957 0.00123554 0.00101653
v -0.00010895 0.00124524 0.00095580
v -0.00011124 0.00124504 0.00101218
v -0.00010894 0.00124524 0.00101205
v -0.00009532 0.00124636 0.00095506
v -0.00003273 0.00124957 0.00100796
v -0.00001705 0.00124988 0.00095089
v 0.00012965 0.00124326 0.00094306
v 0.00019710 0.00123436 0.00099554
v 0.00020593 0.00123292 0.00093879
v 0.00021706 0.00123101 0.00099440
v 0.00021706 0.00123101 0.00093815
v 0.00000000 0.00125000 0.00095000
v 0.00000000 0.00125000 0.00100625
v 0.00005303 0.00124887 0.00094721
v 0.00004413 0.00124922 0.00100393
v 0.00010895 0.00124524 0.00094420
v 0.00010895 0.00124524 0.00100045
v 0.00012076 0.00124415 0.00099980
v 0.00035633 0.00119814 0.00092993
v 0.00041544 0.00117895 0.00098253
v 0.00042753 0.00117462 0.00092552
v 0.00042753 0.00117462 0.00098177
v 0.00042986 0.00117376 0.00092538
v 0.00028159 0.00121787 0.00093440
v 0.00027286 0.00121986 0.00099117
v 0.00032352 0.00120741 0.00093191
v 0.00032352 0.00120741 0.00098816
v 0.00034165 0.00120240 0.00098707
v 0.00050187 0.00114482 0.00092077
v 0.00048777 0.00115090 0.00097793
v 0.00052827 0.00113288 0.00091904
v 0.00052827 0.00113288 0.00097529
v 0.00057209 0.00111140 0.00091612
v 0.00055837 0.00111836 0.00097329
v 0.00062500 0.00108253 0.00091250
v 0.00062500 0.00108253 0.00096875
v 0.00062694 0.00108141 0.00096862
v 0.00064022 0.00107360 0.00091144
v 0.00069319 0.00104018 0.00096394
v 0.00070599 0.00103154 0.00090676
v 0.00071697 0.00102394 0.00090596
v 0.00071697 0.00102394 0.00096221
v 0.00076912 0.00098537 0.00090210
v 0.00075687 0.00099481 0.00095927
v 0.00080348 0.00095756 0.00089948
v 0.00080348 0.00095756 0.00095573
v 0.00081769 0.00094545 0.00095463
v 0.00082901 0.00093554 0.00089749
v 0.00087541 0.00089228 0.00095003
v 0.00088388 0.00088388 0.00089309
v 0.00088388 0.00088388 0.00094934
v 0.00088610 0.00088166 0.00089291
v 0.00092977 0.00083548 0.00094550
v 0.00093980 0.00082418 0.00088839
v 0.00095756 0.00080348 0.00088685
v 0.00095756 0.00080349 0.00094310
v 0.00098986 0.00076333 0.00088397
v 0.00098055 0.00077525 0.00094106
v 0.00102394 0.00071697 0.00088080
v 0.00102394 0.00071697 0.00093705
v 0.00102752 0.00071184 0.00093671
v 0.00103607 0.00069933 0.00087964
v 0.00106994 0.00064632 0.00093254
v 0.00107773 0.00063325 0.00087550
v 0.00114721 0.00049640 0.00086728
v 0.00117035 0.00043907 0.00092009
v 0.00117462 0.00042753 0.00086315
v 0.00117462 0.00042752 0.00091940
v 0.00117560 0.00042482 0.00086299
v 0.00108253 0.00062500 0.00087500
v 0.00108253 0.00062500 0.00093125
v 0.00111454 0.00056596 0.00087146
v 0.00110760 0.00057941 0.00092851
v 0.00113289 0.00052827 0.00086920
v 0.00113288 0.00052827 0.00092545
v 0.00114110 0.00051028 0.00092437
v 0.00123385 0.00020026 0.00084952
v 0.00124227 0.00013880 0.00090208
v 0.00124391 0.00012327 0.00084490
v 0.00124524 0.00010894 0.00090029
v 0.00124524 0.00010894 0.00084404
v 0.00119957 0.00035146 0.00085859
v 0.00119520 0.00036605 0.00091571
v 0.00120741 0.00032352 0.00085691
v 0.00120741 0.00032352 0.00091316
v 0.00121901 0.00027661 0.00085410
v 0.00121554 0.00029147 0.00091124
v 0.00123101 0.00021706 0.00085052
v 0.00123101 0.00021706 0.00090677
v 0.00123126 0.00021563 0.00090669
v 0.00124917 0.00004565 0.00084024
v 0.00124850 0.00006128 0.00089743
v 0.00125000 -0.00000000 0.00083750
v 0.00125000 -0.00000000 0.00089375
v 0.00124989 -0.00001662 0.00089275
v 0.00124958 -0.00003229 0.00083556
v 0.00124641 -0.00009460 0.00088807
v 0.00124524 -0.00010894 0.00083096
v 0.00124524 -0.00010894 0.00088721
v 0.00124513 -0.00011026 0.00083088
v 0.00123806 -0.00017237 0.00088341
v 0.00123579 -0.00018794 0.00082622
v 0.00123101 -0.00021706 0.00082448
v 0.00123101 -0.00021706 0.00088073
v 0.00122158 -0.00026503 0.00082160
v 0.00122483 -0.00024960 0.00087877
v 0.00120741 -0.00032352 0.00081809
v 0.00120741 -0.00032352 0.00087434
v 0.00120689 -0.00032546 0.00087422
v 0.00120253 -0.00034122 0.00081703
v 0.00118403 -0.00040072 0.00086971
v 0.00117868 -0.00041620 0.00081253
v 0.00117462 -0.00042752 0.00081185
v 0.00117462 -0.00042752 0.00086810
v 0.00115010 -0.00048967 0.00080812
v 0.00115643 -0.00047453 0.00086528
v 0.00113289 -0.00052827 0.00080580
v 0.00113288 -0.00052827 0.00086205
v 0.00112417 -0.00054657 0.00086096
v 0.00111688 -0.00056132 0.00080382
v 0.00108782 -0.00061574 0.00085681
v 0.00108253 -0.00062500 0.00080000
v 0.00108253 -0.00062500 0.00085625
v 0.00107969 -0.00062990 0.00079971
v 0.00094577 -0.00081732 0.00078712
v 0.00090493 -0.00086232 0.00083990
v 0.00089351 -0.00087415 0.00078270
v 0.00088388 -0.00088388 0.00083816
v 0.00088388 -0.00088388 0.00078191
v 0.00103901 -0.00069495 0.00079564
v 0.00104801 -0.00068131 0.00085277
v 0.00102394 -0.00071697 0.00079420
v 0.00102394 -0.00071697 0.00085045
v 0.00099433 -0.00075750 0.00079144
v 0.00100416 -0.00074442 0.00084860
v 0.00095756 -0.00080348 0.00078815
v 0.00095756 -0.00080348 0.00084440
v 0.00095642 -0.00080484 0.00084430
v 0.00083772 -0.00092775 0.00077820
v 0.00084988 -0.00091663 0.00083541
v 0.00080348 -0.00095756 0.00077552
v 0.00080348 -0.00095756 0.00083177
v 0.00077861 -0.00097789 0.00077362
v 0.00062500 -0.00108253 0.00076250
v 0.00065124 -0.00106695 0.00076433
v 0.00066534 -0.00105822 0.00082158
v 0.00071697 -0.00102394 0.00082529
v 0.00079146 -0.00096752 0.00083085
v 0.00072986 -0.00101479 0.00082623
v 0.00071697 -0.00102394 0.00076904
v 0.00071637 -0.00102436 0.00076899
v 0.00062500 -0.00108253 0.00081875
v 0.00060632 -0.00109310 0.00081746
v 0.00058345 -0.00110548 0.00075965
v 0.00053690 -0.00112882 0.00081278
v 0.00052827 -0.00113288 0.00075596
v 0.00052827 -0.00113288 0.00081221
v 0.00051331 -0.00113974 0.00075498
v 0.00046524 -0.00116019 0.00080812
v 0.00045899 -0.00116268 0.00075147
v 0.00042753 -0.00117462 0.00074948
v 0.00042753 -0.00117462 0.00080573
v 0.00038522 -0.00118916 0.00074684
v 0.00039162 -0.00118707 0.00080349
v 0.00032352 -0.00120741 0.00074309
v 0.00032352 -0.00120741 0.00079934
v 0.00031633 -0.00120931 0.00079891
v 0.00030979 -0.00121100 0.00074227
v 0.00023964 -0.00122681 0.00079440
v 0.00023299 -0.00122809 0.00073776
v 0.00021706 -0.00123101 0.00073685
v 0.00021706 -0.00123101 0.00079310
v 0.00015512 -0.00124034 0.00073335
v 0.00016185 -0.00123948 0.00078998
v 0.00010895 -0.00124524 0.00073080
v 0.00010895 -0.00124524 0.00078705
v 0.00007650 -0.00124766 0.00072905
v 0.00008328 -0.00124722 0.00078566
v 0.00000535 -0.00124999 0.00078153
v -0.00007790 -0.00124757 0.00072088
v -0.00007132 -0.00124796 0.00077748
v -0.00010895 -0.00124524 0.00071920
v -0.00010895 -0.00124524 0.00077545
v -0.00015448 -0.00124042 0.00071669
v -0.00014788 -0.00124122 0.00077330
v -0.00021706 -0.00123101 0.00071315
v -0.00021706 -0.00123101 0.00076940
v -0.00022147 -0.00123022 0.00071290
v -0.00022404 -0.00122976 0.00076900
v -0.00029697 -0.00121421 0.00070850
v -0.00030003 -0.00121346 0.00076456
v -0.00032352 -0.00120741 0.00070691
v -0.00032352 -0.00120741 0.00076316
v -0.00037148 -0.00119352 0.00070400
v -0.00037450 -0.00119258 0.00076007
v -0.00042753 -0.00117462 0.00070052
v -0.00042753 -0.00117462 0.00075677
v -0.00044472 -0.00116821 0.00069944
v -0.00044768 -0.00116708 0.00075550
v -0.00051640 -0.00113835 0.00069482
v -0.00051928 -0.00113704 0.00075088
v -0.00052827 -0.00113288 0.00069404
v -0.00052827 -0.00113288 0.00075029
v -0.00058621 -0.00110402 0.00069016
v -0.00058901 -0.00110253 0.00074622
v -0.00062500 -0.00108253 0.00068750
v -0.00062500 -0.00108253 0.00074375
v -0.00065388 -0.00106533 0.00068548
v -0.00065659 -0.00106367 0.00074154
v -0.00071697 -0.00102394 0.00068096
v -0.00071697 -0.00102394 0.00073721
v -0.00071909 -0.00102246 0.00068081
v -0.00072174 -0.00102059 0.00073687
v -0.00076736 -0.00098674 0.00067723
v -0.00078418 -0.00097343 0.00073221
v -0.00080348 -0.00095756 0.00067448
v -0.00080348 -0.00095756 0.00073073
v -0.00082767 -0.00093673 0.00067259
v -0.00084366 -0.00092236 0.00072758
v -0.00088388 -0.00088388 0.00066809
v -0.00088388 -0.00088388 0.00072434
v -0.00088484 -0.00088292 0.00066801
v -0.00089992 -0.00086755 0.00072302
v -0.00093862 -0.00082553 0.00066349
v -0.00095272 -0.00080921 0.00071852
v -0.00095756 -0.00080349 0.00066185
v -0.00095756 -0.00080348 0.00071810
v -0.00098877 -0.00076475 0.00065906
v -0.00100184 -0.00074754 0.00071412
v -0.00102394 -0.00071697 0.00065580
v -0.00102394 -0.00071697 0.00071205
v -0.00103507 -0.00070081 0.00065474
v -0.00104705 -0.00068278 0.00070983
v -0.00107684 -0.00063476 0.00065059
v -0.00108253 -0.00062500 0.00070625
v -0.00108253 -0.00062500 0.00065000
v -0.00108758 -0.00061617 0.00070572
v -0.00111374 -0.00056751 0.00064655
v -0.00112333 -0.00054829 0.00070165
v -0.00113289 -0.00052827 0.00064420
v -0.00113288 -0.00052827 0.00070045
v -0.00114651 -0.00049800 0.00064238
v -0.00115492 -0.00047819 0.00069744
v -0.00117462 -0.00042753 0.00063815
v -0.00117462 -0.00042752 0.00069440
v -0.00117469 -0.00042731 0.00063814
v -0.00118219 -0.00040612 0.00069312
v -0.00119882 -0.00035401 0.00063374
v -0.00120501 -0.00033235 0.00068869
v -0.00120741 -0.00032352 0.00063191
v -0.00120741 -0.00032352 0.00068816
v -0.00121842 -0.00027921 0.00062925
v -0.00122326 -0.00025717 0.00068418
v -0.00123101 -0.00021706 0.00062552
v -0.00123101 -0.00021706 0.00068177
v -0.00123338 -0.00020318 0.00062469
v -0.00123685 -0.00018084 0.00067960
v -0.00124361 -0.00012622 0.00062007
v -0.00124524 -0.00010894 0.00067529
v -0.00124524 -0.00010894 0.00061904
v -0.00124569 -0.00010366 0.00067497
v -0.00124905 -0.00004863 0.00061542
v -0.00124973 -0.00002594 0.00067031
v -0.00125000 0.00000000 0.00061250
v -0.00125000 -0.00000000 0.00066875
v -0.00124966 0.00002931 0.00061074
v -0.00124892 0.00005204 0.00066563
v -0.00124539 0.00010728 0.00060606
v -0.00124524 0.00010894 0.00066221
v -0.00124524 0.00010894 0.00060596
v -0.00124323 0.00012997 0.00066095
v -0.00123629 0.00018466 0.00060142
v -0.00123265 0.00020753 0.00065630
v -0.00123101 0.00021706 0.00059948
v -0.00123101 0.00021706 0.00065573
v -0.00122228 0.00026178 0.00059679
v -0.00121722 0.00028437 0.00065169
v -0.00120741 0.00032352 0.00059309
v -0.00120741 0.00032352 0.00064934
v -0.00120343 0.00033801 0.00059222
v -0.00119944 0.00035191 0.00064764
v -0.00117978 0.00041305 0.00058772
v -0.00117492 0.00042670 0.00064315
v -0.00117462 0.00042752 0.00058685
v -0.00117462 0.00042753 0.00064310
v -0.00115140 0.00048659 0.00058330
v -0.00114568 0.00049993 0.00063875
v -0.00113289 0.00052827 0.00058080
v -0.00113289 0.00052827 0.00063705
v -0.00111838 0.00055832 0.00057900
v -0.00111183 0.00057126 0.00063447
v -0.00108253 0.00062500 0.00057500
v -0.00108253 0.00062500 0.00063125
v -0.00108151 0.00062676 0.00057489
v -0.00107436 0.00063894 0.00063041
v -0.00104101 0.00069196 0.00057083
v -0.00103313 0.00070366 0.00062632
v -0.00102394 0.00071697 0.00056920
v -0.00102394 0.00071697 0.00062545
v -0.00100185 0.00074752 0.00056713
v -0.00098791 0.00076586 0.00062211
v -0.00095756 0.00080348 0.00056315
v -0.00095756 0.00080348 0.00061940
v -0.00095392 0.00080780 0.00056283
v -0.00093883 0.00082528 0.00061777
v -0.00090225 0.00086513 0.00055843
v -0.00088608 0.00088168 0.00061334
v -0.00088388 0.00088388 0.00055691
v -0.00088388 0.00088388 0.00061316
v -0.00084702 0.00091927 0.00055393
v -0.00082983 0.00093482 0.00060882
v -0.00080348 0.00095756 0.00055052
v -0.00080348 0.00095756 0.00060677
v -0.00078843 0.00096999 0.00054937
v -0.00077027 0.00098447 0.00060424
v -0.00072668 0.00101707 0.00054475
v -0.00071697 0.00102394 0.00060029
v -0.00071697 0.00102394 0.00054404
v -0.00070763 0.00103042 0.00059961
v -0.00066200 0.00106031 0.00054009
v -0.00065050 0.00106740 0.00059553
v -0.00062500 0.00108253 0.00053750
v -0.00062500 0.00108253 0.00059375
v -0.00059463 0.00109951 0.00053541
v -0.00058268 0.00110589 0.00059085
v -0.00052827 0.00113288 0.00053096
v -0.00052827 0.00113288 0.00058721
v -0.00052481 0.00113450 0.00053073
v -0.00051246 0.00114013 0.00058617
v -0.00045313 0.00116498 0.00052610
v -0.00044010 0.00116996 0.00058152
v -0.00042753 0.00117462 0.00052448
v -0.00042753 0.00117462 0.00058073
v -0.00037921 0.00119109 0.00052147
v -0.00036587 0.00119526 0.00057690
v -0.00032352 0.00120741 0.00051809
v -0.00032352 0.00120741 0.00057434
v -0.00030366 0.00121255 0.00051690
v -0.00029006 0.00121588 0.00057235
v -0.00022677 0.00122926 0.00051241
v -0.00021706 0.00123101 0.00056810
v -0.00021706 0.00123101 0.00051185
v -0.00021296 0.00123173 0.00056786
v -0.00014883 0.00124111 0.00050800
v -0.00013487 0.00124270 0.00056348
v -0.00010895 0.00124524 0.00050580
v -0.00010895 0.00124524 0.00056205
v -0.00007016 0.00124803 0.00050370
v -0.00005617 0.00124874 0.00055921
v 0.00000000 0.00125000 0.00050000
v 0.00000000 0.00125000 0.00055625
v 0.00000740 0.00124998 0.00049961
v 0.00002107 0.00124982 0.00055515
v 0.00008413 0.00124717 0.00049554
v 0.00009773 0.00124617 0.00055106
v 0.00010895 0.00124524 0.00049420
v 0.00010895 0.00124524 0.00055045
v 0.00014999 0.00124097 0.00049194
v 0.00017419 0.00123780 0.00054683
v 0.00021706 0.00123101 0.00048815
v 0.00021706 0.00123101 0.00054440
v 0.00022613 0.00122938 0.00048763
v 0.00025030 0.00122468 0.00054248
v 0.00028146 0.00121790 0.00054066
v 0.00030158 0.00121308 0.00048322
v 0.00032352 0.00120741 0.00053816
v 0.00032352 0.00120741 0.00048191
v 0.00044918 0.00116651 0.00047416
v 0.00050175 0.00114488 0.00052702
v 0.00052074 0.00113637 0.00046953
v 0.00052827 0.00113288 0.00052529
v 0.00052827 0.00113288 0.00046904
v 0.00037602 0.00119210 0.00047872
v 0.00035620 0.00119817 0.00053619
v 0.00042753 0.00117462 0.00047552
v 0.00042753 0.00117462 0.00053177
v 0.00042973 0.00117381 0.00053163
v 0.00059043 0.00110177 0.00046487
v 0.00057197 0.00111146 0.00052237
v 0.00062500 0.00108253 0.00046250
v 0.00062500 0.00108253 0.00051875
v 0.00064011 0.00107367 0.00051770
v 0.00065796 0.00106282 0.00046020
v 0.00070588 0.00103162 0.00051302
v 0.00071697 0.00102394 0.00045596
v 0.00071697 0.00102394 0.00051221
v 0.00072290 0.00101976 0.00045553
v 0.00072413 0.00101889 0.00045544
v 0.00076901 0.00098545 0.00050835
v 0.00078647 0.00097158 0.00045078
v 0.00080348 0.00095756 0.00044948
v 0.00080348 0.00095756 0.00050573
v 0.00084583 0.00092036 0.00044616
v 0.00082925 0.00093533 0.00050372
v 0.00088388 0.00088388 0.00044309
v 0.00088388 0.00088388 0.00049934
v 0.00088594 0.00088182 0.00049917
v 0.00090197 0.00086542 0.00044160
v 0.00093964 0.00082436 0.00049466
v 0.00095464 0.00080695 0.00043710
v 0.00095756 0.00080348 0.00043685
v 0.00095756 0.00080348 0.00049310
v 0.00100361 0.00074516 0.00043271
v 0.00098972 0.00076352 0.00049023
v 0.00102394 0.00071697 0.00043080
v 0.00102394 0.00071697 0.00048705
v 0.00103594 0.00069952 0.00048591
v 0.00104866 0.00068030 0.00042842
v 0.00107761 0.00063345 0.00048176
v 0.00108253 0.00062500 0.00042500
v 0.00108253 0.00062500 0.00048125
v 0.00108878 0.00061405 0.00042434
v 0.00111443 0.00056617 0.00047772
v 0.00112440 0.00054610 0.00042027
v 0.00113289 0.00052827 0.00047545
v 0.00113288 0.00052827 0.00041920
v 0.00118324 0.00040304 0.00041168
v 0.00119964 0.00035122 0.00046482
v 0.00120587 0.00032921 0.00040725
v 0.00120741 0.00032352 0.00046316
v 0.00120741 0.00032352 0.00040691
v 0.00115616 0.00047518 0.00041601
v 0.00114712 0.00049662 0.00047355
v 0.00117462 0.00042752 0.00041315
v 0.00117462 0.00042753 0.00046940
v 0.00117552 0.00042504 0.00046925
v 0.00122393 0.00025397 0.00040274
v 0.00121906 0.00027637 0.00046033
v 0.00123101 0.00021706 0.00040052
v 0.00123101 0.00021706 0.00045677
v 0.00123732 0.00017760 0.00039816
v 0.00123385 0.00020031 0.00045577
v 0.00124390 0.00012332 0.00045115
v 0.00124524 0.00010894 0.00039404
v 0.00124524 0.00010894 0.00045029
v 0.00124596 0.00010039 0.00039352
v 0.00124916 0.00004570 0.00044649
v 0.00124979 0.00002265 0.00038886
v 0.00125000 -0.00000000 0.00044375
v 0.00125000 0.00000000 0.00038750
v 0.00124878 -0.00005530 0.00038418
v 0.00124958 -0.00003224 0.00044182
v 0.00124524 -0.00010894 0.00038096
v 0.00124524 -0.00010894 0.00043721
v 0.00124513 -0.00011021 0.00043714
v 0.00124418 -0.00012052 0.00038027
v 0.00123580 -0.00018789 0.00043248
v 0.00123420 -0.00019814 0.00037561
v 0.00088388 -0.00088388 0.00038816
v 0.00088388 -0.00088388 0.00033191
v 0.00088912 -0.00087861 0.00033234
v 0.00123101 -0.00021706 0.00037448
v 0.00123101 -0.00021706 0.00043073
v 0.00121935 -0.00027513 0.00037099
v 0.00122159 -0.00026498 0.00042785
v 0.00120741 -0.00032352 0.00036809
v 0.00120741 -0.00032352 0.00042434
v 0.00119966 -0.00035118 0.00036643
v 0.00120271 -0.00034057 0.00042332
v 0.00117518 -0.00042598 0.00036194
v 0.00117890 -0.00041556 0.00041882
v 0.00117462 -0.00042753 0.00036185
v 0.00117462 -0.00042752 0.00041810
v 0.00114598 -0.00049922 0.00035755
v 0.00115036 -0.00048904 0.00041441
v 0.00113289 -0.00052827 0.00035580
v 0.00113289 -0.00052827 0.00041205
v 0.00111218 -0.00057057 0.00035327
v 0.00111719 -0.00056071 0.00041011
v 0.00108253 -0.00062500 0.00035000
v 0.00108253 -0.00062500 0.00040625
v 0.00107475 -0.00063830 0.00034920
v 0.00108021 -0.00062901 0.00040601
v 0.00103354 -0.00070305 0.00034511
v 0.00103959 -0.00069409 0.00040195
v 0.00102394 -0.00071697 0.00034420
v 0.00102394 -0.00071697 0.00040045
v 0.00099054 -0.00076245 0.00034110
v 0.00099496 -0.00075668 0.00039775
v 0.00095756 -0.00080348 0.00033815
v 0.00095756 -0.00080348 0.00039440
v 0.00094167 -0.00082204 0.00033677
v 0.00094640 -0.00081660 0.00039343
v 0.00090994 -0.00085704 0.00039032
v 0.00083306 -0.00093194 0.00032783
v 0.00085521 -0.00091165 0.00038584
v 0.00080348 -0.00095756 0.00032552
v 0.00080348 -0.00095756 0.00038177
v 0.00077368 -0.00098179 0.00032325
v 0.00079710 -0.00096288 0.00038128
v 0.00071697 -0.00102394 0.00031904
v 0.00073579 -0.00101050 0.00037667
v 0.00071697 -0.00102394 0.00037529
v 0.00071120 -0.00102796 0.00031862
v 0.00064584 -0.00107023 0.00031395
v 0.00067153 -0.00105430 0.00037201
v 0.00062500 -0.00108253 0.00036875
v 0.00062500 -0.00108253 0.00031250
v 0.00060452 -0.00109410 0.00036734
v 0.00057785 -0.00110842 0.00030927
v 0.00052827 -0.00113288 0.00030596
v 0.00053504 -0.00112970 0.00036266
v 0.00052827 -0.00113288 0.00036221
v 0.00051042 -0.00114104 0.00030479
v 0.00046333 -0.00116096 0.00035800
v 0.00043800 -0.00117075 0.00030014
v 0.00042753 -0.00117462 0.00029948
v 0.00042753 -0.00117462 0.00035573
v 0.00036373 -0.00119591 0.00029552
v 0.00038967 -0.00118771 0.00035337
v 0.00032352 -0.00120741 0.00029309
v 0.00032352 -0.00120741 0.00034934
v 0.00031489 -0.00120969 0.00034882
v 0.00028788 -0.00121640 0.00029097
v 0.00023818 -0.00122710 0.00034431
v 0.00021706 -0.00123101 0.00028685
v 0.00021706 -0.00123101 0.00034310
v 0.00021074 -0.00123211 0.00028649
v 0.00016037 -0.00123967 0.00033989
v 0.00013263 -0.00124294 0.00028210
v 0.00010895 -0.00124524 0.00028080
v 0.00010895 -0.00124524 0.00033705
v 0.00008180 -0.00124732 0.00033558
v 0.00005394 -0.00124884 0.00027784
v 0.00000390 -0.00124999 0.00033145
v -0.00000000 -0.00125000 0.00027500
v -0.00000000 -0.00125000 0.00033125
v -0.00002325 -0.00124978 0.00027379
v -0.00007276 -0.00124788 0.00032741
v -0.00010067 -0.00124594 0.00026965
v -0.00010895 -0.00124524 0.00032545
v -0.00010894 -0.00124524 0.00026920
v -0.00017711 -0.00123739 0.00026542
v -0.00014932 -0.00124105 0.00032322
v -0.00021706 -0.00123101 0.00026315
v -0.00021706 -0.00123101 0.00031940
v -0.00025304 -0.00122412 0.00026108
v -0.00047481 -0.00115631 0.00024752
v -0.00042753 -0.00117462 0.00025052
v -0.00042753 -0.00117462 0.00030677
v -0.00040219 -0.00118353 0.00025211
v -0.00037589 -0.00119214 0.00030998
v -0.00032817 -0.00120615 0.00025663
v -0.00032352 -0.00120741 0.00031316
v -0.00032352 -0.00120741 0.00025691
v -0.00030144 -0.00121311 0.00031448
v -0.00022547 -0.00122950 0.00031892
v -0.00062500 -0.00108253 0.00029375
v -0.00061470 -0.00108842 0.00023821
v -0.00059031 -0.00110183 0.00029613
v -0.00054574 -0.00112457 0.00024288
v -0.00052827 -0.00113288 0.00030029
v -0.00052827 -0.00113288 0.00024404
v -0.00052061 -0.00113642 0.00030079
v -0.00044904 -0.00116656 0.00030541
v -0.00111649 -0.00056210 0.00019623
v -0.00110884 -0.00057704 0.00019712
v -0.00112349 -0.00054796 0.00025163
v -0.00108776 -0.00061586 0.00025570
v -0.00108253 -0.00062500 0.00020000
v -0.00108253 -0.00062500 0.00025625
v -0.00107114 -0.00064433 0.00020117
v -0.00104750 -0.00068209 0.00025978
v -0.00102862 -0.00071024 0.00020536
v -0.00102394 -0.00071697 0.00026205
v -0.00102394 -0.00071697 0.00020580
v -0.00100234 -0.00074687 0.00026407
v -0.00098175 -0.00077374 0.00020970
v -0.00095756 -0.00080348 0.00026810
v -0.00095756 -0.00080349 0.00021185
v -0.00095326 -0.00080857 0.00026847
v -0.00093106 -0.00083404 0.00021414
v -0.00090050 -0.00086695 0.00027297
v -0.00088388 -0.00088388 0.00021809
v -0.00088388 -0.00088388 0.00027434
v -0.00087678 -0.00089093 0.00021867
v -0.00084475 -0.00092136 0.00027750
v -0.00081914 -0.00094420 0.00022326
v -0.00080348 -0.00095756 0.00028073
v -0.00080348 -0.00095756 0.00022448
v -0.00078533 -0.00097250 0.00028212
v -0.00075839 -0.00099365 0.00022790
v -0.00072294 -0.00101973 0.00028678
v -0.00071697 -0.00102394 0.00023096
v -0.00071697 -0.00102394 0.00028721
v -0.00069478 -0.00103912 0.00023257
v -0.00065784 -0.00106289 0.00029145
v -0.00068129 -0.00104802 0.00023354
v -0.00062500 -0.00108253 0.00023750
v -0.00088388 0.00088388 0.00016316
v -0.00088388 0.00088388 0.00010691
v -0.00089041 0.00087731 0.00010745
v -0.00113289 -0.00052827 0.00019420
v -0.00113288 -0.00052827 0.00025045
v -0.00114892 -0.00049242 0.00019205
v -0.00115506 -0.00047785 0.00024742
v -0.00117462 -0.00042752 0.00018815
v -0.00117462 -0.00042752 0.00024440
v -0.00117707 -0.00042073 0.00018774
v -0.00118231 -0.00040578 0.00024310
v -0.00120079 -0.00034728 0.00018334
v -0.00120522 -0.00033158 0.00023864
v -0.00120741 -0.00032352 0.00018191
v -0.00120741 -0.00032352 0.00023816
v -0.00121997 -0.00027235 0.00017884
v -0.00122343 -0.00025638 0.00023413
v -0.00123101 -0.00021706 0.00017552
v -0.00123101 -0.00021706 0.00023177
v -0.00123450 -0.00019623 0.00017427
v -0.00123697 -0.00018004 0.00022955
v -0.00124430 -0.00011920 0.00016965
v -0.00124524 -0.00010894 0.00022529
v -0.00124524 -0.00010894 0.00016904
v -0.00124576 -0.00010286 0.00022492
v -0.00124931 -0.00004156 0.00016499
v -0.00124975 -0.00002513 0.00022026
v -0.00125000 0.00000000 0.00016250
v -0.00125000 -0.00000000 0.00021875
v -0.00124947 0.00003639 0.00016032
v -0.00124888 0.00005285 0.00021558
v -0.00124524 0.00010894 0.00015596
v -0.00124524 0.00010894 0.00021221
v -0.00124478 0.00011413 0.00015565
v -0.00124314 0.00013077 0.00021090
v -0.00123520 0.00019179 0.00015099
v -0.00123252 0.00020833 0.00020625
v -0.00123101 0.00021706 0.00014948
v -0.00123101 0.00021706 0.00020573
v -0.00122075 0.00026884 0.00014637
v -0.00121703 0.00028519 0.00020164
v -0.00120741 0.00032352 0.00014309
v -0.00120741 0.00032352 0.00019934
v -0.00120145 0.00034498 0.00014180
v -0.00119782 0.00035740 0.00019731
v -0.00117737 0.00041989 0.00013731
v -0.00117462 0.00042753 0.00019310
v -0.00117462 0.00042752 0.00013685
v -0.00117295 0.00043208 0.00019283
v -0.00114856 0.00049327 0.00013290
v -0.00114337 0.00050519 0.00018844
v -0.00113289 0.00052827 0.00013080
v -0.00113289 0.00052827 0.00018705
v -0.00111512 0.00056481 0.00012861
v -0.00110921 0.00057633 0.00018417
v -0.00108253 0.00062500 0.00012500
v -0.00108253 0.00062500 0.00018125
v -0.00107795 0.00063287 0.00012453
v -0.00107150 0.00064373 0.00018011
v -0.00103656 0.00069860 0.00012040
v -0.00102997 0.00070828 0.00017602
v -0.00102394 0.00071697 0.00011920
v -0.00102394 0.00071697 0.00017545
v -0.00099165 0.00076101 0.00011620
v -0.00098446 0.00077028 0.00017180
v -0.00095756 0.00080348 0.00011315
v -0.00095756 0.00080349 0.00016940
v -0.00094288 0.00082066 0.00011187
v -0.00093501 0.00082961 0.00016745
v -0.00091352 0.00085321 0.00016562
v -0.00083443 0.00093072 0.00010294
v -0.00085904 0.00090805 0.00016115
v -0.00080348 0.00095756 0.00010052
v -0.00080348 0.00095756 0.00015677
v -0.00077512 0.00098065 0.00009836
v -0.00080114 0.00095951 0.00015659
v -0.00071697 0.00102394 0.00009404
v -0.00074005 0.00100739 0.00015198
v -0.00071697 0.00102394 0.00015029
v -0.00071271 0.00102691 0.00009373
v -0.00064742 0.00106927 0.00008906
v -0.00067598 0.00105145 0.00014733
v -0.00062500 0.00108253 0.00014375
v -0.00062500 0.00108253 0.00008750
v -0.00060915 0.00109153 0.00014266
v -0.00057950 0.00110755 0.00008439
v -0.00052827 0.00113288 0.00008096
v -0.00053983 0.00112742 0.00013798
v -0.00052827 0.00113288 0.00013721
v -0.00051565 0.00113869 0.00008013
v -0.00046826 0.00115898 0.00013331
v -0.00044338 0.00116872 0.00007548
v -0.00042753 0.00117462 0.00007448
v -0.00042753 0.00117462 0.00013073
v -0.00036923 0.00119422 0.00007086
v -0.00039472 0.00118604 0.00012868
v -0.00032352 0.00120741 0.00006809
v -0.00032352 0.00120741 0.00012434
v -0.00032002 0.00120834 0.00012413
v -0.00029348 0.00121506 0.00006630
v -0.00024340 0.00122607 0.00011961
v -0.00021706 0.00123101 0.00006185
v -0.00021706 0.00123101 0.00011810
v -0.00021643 0.00123112 0.00006181
v -0.00016566 0.00123897 0.00011519
v -0.00013837 0.00124232 0.00005742
v -0.00010895 0.00124524 0.00005580
v -0.00010895 0.00124524 0.00011205
v -0.00008712 0.00124696 0.00011087
v -0.00005968 0.00124857 0.00005314
v -0.00000908 0.00124997 0.00010672
v 0.00000000 0.00125000 0.00005000
v 0.00000000 0.00125000 0.00010625
v 0.00001763 0.00124988 0.00004908
v 0.00006760 0.00124817 0.00010268
v 0.00009515 0.00124637 0.00004495
v 0.00010895 0.00124524 0.00010045
v 0.00010895 0.00124524 0.00004420
v 0.00017162 0.00123816 0.00004073
v 0.00014417 0.00124166 0.00009851
v 0.00021706 0.00123101 0.00003815
v 0.00021706 0.00123101 0.00009440
v 0.00024759 0.00122523 0.00003639
v 0.00046963 0.00115843 0.00002285
v 0.00042753 0.00117462 0.00002552
v 0.00042753 0.00117462 0.00008177
v 0.00039690 0.00118532 0.00002744
v 0.00037086 0.00119372 0.00008529
v 0.00032352 0.00120741 0.00003191
v 0.00032352 0.00120741 0.00008816
v 0.00032279 0.00120760 0.00003196
v 0.00029633 0.00121437 0.00008978
v 0.00022035 0.00123042 0.00009421
v 0.00044411 0.00116845 0.00008073
v 0.00051579 0.00113862 0.00007611
v 0.00052827 0.00113288 0.00001904
v 0.00052827 0.00113288 0.00007529
v 0.00054069 0.00112701 0.00001822
v 0.00058563 0.00110433 0.00007145
v 0.00060979 0.00109117 0.00001355
v 0.00062500 0.00108253 0.00006875
v 0.00062500 0.00108253 0.00001250
v 0.00067418 0.00105261 0.00000905
v 0.00065332 0.00106568 0.00006677
v 0.00071697 0.00102394 0.00000596
v 0.00071697 0.00102394 0.00006221
v 0.00071859 0.00102281 0.00006210
v 0.00073863 0.00100843 0.00000437
v 0.00078117 0.00097584 0.00005743
v 0.00080031 0.00096021 -0.00000028
v 0.00080348 0.00095756 -0.00000052
v 0.00080348 0.00095756 0.00005573
v 0.00085896 0.00090813 -0.00000489
v 0.00084080 0.00092496 0.00005281
v 0.00088388 0.00088388 -0.00000691
v 0.00088388 0.00088388 0.00004934
v 0.00089679 0.00087078 0.00004827
v 0.00091432 0.00085236 -0.00000944
v 0.00094980 0.00081264 0.00004378
v 0.00095756 0.00080348 -0.00001315
v 0.00095756 0.00080348 0.00004310
v 0.00096617 0.00079311 -0.00001391
v 0.00099914 0.00075115 0.00003937
v 0.00101427 0.00073059 -0.00001828
v 0.00109731 0.00059868 -0.00002658
v 0.00112120 0.00055264 0.00002691
v 0.00112882 0.00053689 -0.00003029
v 0.00113288 0.00052827 0.00002545
v 0.00113288 0.00052827 -0.00003080
v 0.00102394 0.00071697 -0.00001920
v 0.00102394 0.00071697 0.00003705
v 0.00105831 0.00066520 -0.00002254
v 0.00104457 0.00068656 0.00003507
v 0.00108253 0.00062500 -0.00002500
v 0.00108253 0.00062500 0.00003125
v 0.00108519 0.00062038 0.00003097
v 0.00115971 0.00046645 -0.00003451
v 0.00115305 0.00048267 0.00002271
v 0.00117462 0.00042752 -0.00003685
v 0.00117462 0.00042752 0.00001940
v 0.00118625 0.00039408 -0.00003885
v 0.00118062 0.00041065 0.00001839
v 0.00119738 0.00035885 0.00001528
v 0.00120741 0.00032352 -0.00004309
v 0.00120741 0.00032352 0.00001316
v 0.00120833 0.00032007 -0.00004330
v 0.00121728 0.00028413 0.00001080
v 0.00122582 0.00024467 -0.00004782
v 0.00123101 0.00021706 0.00000677
v 0.00123101 0.00021706 -0.00004948
v 0.00123254 0.00020818 0.00000624
v 0.00123863 0.00016818 -0.00005241
v 0.00124309 0.00013127 0.00000163
v 0.00124524 0.00010894 -0.00005596
v 0.00124524 0.00010894 0.00000029
v 0.00124669 0.00009090 -0.00005705
v 0.00124885 0.00005371 -0.00000303
v 0.00124993 0.00001314 -0.00006171
v 0.00125000 -0.00000000 -0.00000625
v 0.00125000 0.00000000 -0.00006250
v 0.00124940 -0.00003862 -0.00006482
v 0.00124977 -0.00002422 -0.00000770
v 0.00124524 -0.00010894 -0.00006904
v 0.00124582 -0.00010219 -0.00001238
v 0.00124524 -0.00010894 -0.00001279
v 0.00124455 -0.00011658 -0.00006949
v 0.00123698 -0.00017992 -0.00001705
v 0.00123482 -0.00019423 -0.00007415
v 0.00123101 -0.00021706 -0.00007552
v 0.00123101 -0.00021706 -0.00001927
v 0.00122021 -0.00027125 -0.00007878
v 0.00122328 -0.00025708 -0.00002168
v 0.00120741 -0.00032352 -0.00008191
v 0.00120741 -0.00032352 -0.00002566
v 0.00120488 -0.00033282 -0.00002622
v 0.00120077 -0.00034736 -0.00008334
v 0.00118156 -0.00040795 -0.00003073
v 0.00117653 -0.00042223 -0.00008783
v 0.00117462 -0.00042752 -0.00008815
v 0.00117462 -0.00042752 -0.00003190
v 0.00114757 -0.00049556 -0.00009223
v 0.00115350 -0.00048160 -0.00003515
v 0.00113289 -0.00052827 -0.00009420
v 0.00113289 -0.00052827 -0.00003795
v 0.00111399 -0.00056703 -0.00009652
v 0.00112080 -0.00055346 -0.00003946
v 0.00108253 -0.00062500 -0.00010000
v 0.00108414 -0.00062221 -0.00004358
v 0.00108253 -0.00062500 -0.00004375
v 0.00102394 -0.00071697 -0.00004955
v 0.00102394 -0.00071697 -0.00010580
v 0.00103105 -0.00070671 -0.00010513
v 0.00104394 -0.00068753 -0.00004763
v 0.00107248 -0.00064210 -0.00010104
v 0.00107648 -0.00063536 -0.00010063
v 0.00088388 -0.00088388 -0.00006184
v 0.00088388 -0.00088388 -0.00011809
v 0.00089938 -0.00086811 -0.00006056
v 0.00093638 -0.00082806 -0.00011369
v 0.00098564 -0.00076878 -0.00010935
v 0.00099971 -0.00075039 -0.00005182
v 0.00095756 -0.00080349 -0.00011185
v 0.00095756 -0.00080348 -0.00005560
v 0.00095159 -0.00081054 -0.00005612
v 0.00084397 -0.00092207 -0.00006506
v 0.00082704 -0.00093729 -0.00012264
v 0.00088346 -0.00088431 -0.00011812
v 0.00078521 -0.00097260 -0.00006963
v 0.00072330 -0.00101948 -0.00007425
v 0.00071697 -0.00102394 -0.00013096
v 0.00071697 -0.00102394 -0.00007471
v 0.00070454 -0.00103253 -0.00013187
v 0.00065847 -0.00106251 -0.00007891
v 0.00063889 -0.00107439 -0.00013653
v 0.00062500 -0.00108253 -0.00008125
v 0.00062500 -0.00108253 -0.00013750
v 0.00057077 -0.00111208 -0.00014120
v 0.00059096 -0.00110148 -0.00008359
v 0.00052827 -0.00113288 -0.00014404
v 0.00052827 -0.00113288 -0.00008779
v 0.00052101 -0.00113624 -0.00008826
v 0.00050016 -0.00114558 -0.00014588
v 0.00044889 -0.00116662 -0.00009292
v 0.00042745 -0.00117464 -0.00015053
v 0.00042753 -0.00117462 -0.00009427
v 0.00035293 -0.00119914 -0.00015514
v 0.00037488 -0.00119246 -0.00009754
v 0.00032352 -0.00120741 -0.00015691
v 0.00032352 -0.00120741 -0.00010066
v 0.00029987 -0.00121350 -0.00010207
v 0.00027688 -0.00121895 -0.00015968
v 0.00022292 -0.00122996 -0.00010657
v 0.00021706 -0.00123101 -0.00016315
v 0.00021706 -0.00123101 -0.00010690
v 0.00019959 -0.00123396 -0.00016415
v 0.00014494 -0.00124157 -0.00011097
v 0.00006625 -0.00124824 -0.00011525
v 0.00004273 -0.00124927 -0.00017276
v 0.00010895 -0.00124524 -0.00011295
v 0.00010895 -0.00124524 -0.00016920
v 0.00012135 -0.00124410 -0.00016852
v -0.00026401 -0.00122180 -0.00018956
v -0.00021706 -0.00123101 -0.00018685
v -0.00021706 -0.00123101 -0.00013060
v -0.00018818 -0.00123575 -0.00018521
v -0.00016438 -0.00123914 -0.00012762
v -0.00011179 -0.00124499 -0.00018096
v -0.00010895 -0.00124524 -0.00012455
v -0.00010894 -0.00124524 -0.00018080
v -0.00008788 -0.00124691 -0.00012341
v -0.00001122 -0.00124995 -0.00011933
v -0.00024042 -0.00122666 -0.00013194
v -0.00031612 -0.00120937 -0.00013640
v -0.00032352 -0.00120741 -0.00019309
v -0.00032352 -0.00120741 -0.00013684
v -0.00033899 -0.00120316 -0.00019402
v -0.00039034 -0.00118749 -0.00014091
v -0.00041283 -0.00117986 -0.00019856
v -0.00042753 -0.00117462 -0.00014323
v -0.00042753 -0.00117462 -0.00019948
v -0.00055588 -0.00111959 -0.00020780
v -0.00060372 -0.00109454 -0.00015478
v -0.00062452 -0.00108281 -0.00021247
v -0.00062500 -0.00108253 -0.00015625
v -0.00062500 -0.00108253 -0.00021250
v -0.00048522 -0.00115198 -0.00020315
v -0.00046321 -0.00116101 -0.00014549
v -0.00052827 -0.00113288 -0.00020596
v -0.00052827 -0.00113288 -0.00014971
v -0.00053443 -0.00112999 -0.00015012
v -0.00068429 -0.00104606 -0.00021667
v -0.00067080 -0.00105476 -0.00015946
v -0.00071697 -0.00102394 -0.00021904
v -0.00071697 -0.00102394 -0.00016279
v -0.00073539 -0.00101079 -0.00016414
v -0.00074833 -0.00100125 -0.00022135
v -0.00079722 -0.00096278 -0.00016879
v -0.00080348 -0.00095756 -0.00022552
v -0.00080348 -0.00095756 -0.00016927
v -0.00080956 -0.00095242 -0.00022599
v -0.00085601 -0.00091090 -0.00017340
v -0.00086772 -0.00089976 -0.00023060
v -0.00088388 -0.00088388 -0.00023191
v -0.00088388 -0.00088388 -0.00017566
v -0.00092255 -0.00084344 -0.00023513
v -0.00090909 -0.00085794 -0.00017775
v -0.00095756 -0.00080348 -0.00023815
v -0.00095756 -0.00080348 -0.00018190
v -0.00096129 -0.00079902 -0.00018223
v -0.00097384 -0.00078367 -0.00023959
v -0.00100976 -0.00073681 -0.00018661
v -0.00105424 -0.00067163 -0.00019088
v -0.00106465 -0.00065500 -0.00024817
v -0.00102394 -0.00071697 -0.00018795
v -0.00102394 -0.00071697 -0.00024420
v -0.00102134 -0.00072068 -0.00024395
v -0.00109369 -0.00060525 -0.00019493
v -0.00112878 -0.00053699 -0.00019903
v -0.00113288 -0.00052827 -0.00025580
v -0.00113288 -0.00052827 -0.00019955
v -0.00113733 -0.00051864 -0.00025638
v -0.00115967 -0.00046655 -0.00020326
v -0.00116709 -0.00044767 -0.00026064
v -0.00117462 -0.00042752 -0.00020560
v -0.00117462 -0.00042752 -0.00026185
v -0.00118627 -0.00039403 -0.00020761
v -0.00119247 -0.00037484 -0.00026501
v -0.00119585 -0.00036394 -0.00020941
v -0.00120741 -0.00032352 -0.00026809
v -0.00120741 -0.00032352 -0.00021184
v -0.00121336 -0.00030044 -0.00026947
v -0.00121606 -0.00028933 -0.00021389
v -0.00122963 -0.00022473 -0.00027402
v -0.00123101 -0.00021706 -0.00021823
v -0.00123101 -0.00021706 -0.00027448
v -0.00123164 -0.00021345 -0.00021844
v -0.00124121 -0.00014800 -0.00027862
v -0.00124251 -0.00013660 -0.00022305
v -0.00124524 -0.00010894 -0.00028096
v -0.00124524 -0.00010894 -0.00022471
v -0.00124801 -0.00007055 -0.00028327
v -0.00124860 -0.00005907 -0.00022771
v -0.00125000 0.00000000 -0.00028750
v -0.00125000 0.00000000 -0.00023125
v -0.00124999 0.00000529 -0.00028782
v -0.00124986 0.00001884 -0.00023238
v -0.00124722 0.00008329 -0.00029250
v -0.00124624 0.00009682 -0.00023706
v -0.00124524 0.00010894 -0.00029404
v -0.00124524 0.00010894 -0.00023779
v -0.00123957 0.00016110 -0.00029717
v -0.00123775 0.00017458 -0.00024172
v -0.00123101 0.00021706 -0.00030052
v -0.00123101 0.00021706 -0.00024427
v -0.00122705 0.00023843 -0.00030181
v -0.00122438 0.00025179 -0.00024636
v -0.00120967 0.00031497 -0.00030640
v -0.00120741 0.00032352 -0.00025066
v -0.00120741 0.00032352 -0.00030691
v -0.00120630 0.00032762 -0.00025091
v -0.00118747 0.00039040 -0.00031092
v -0.00118331 0.00040284 -0.00025542
v -0.00117462 0.00042752 -0.00031315
v -0.00117462 0.00042752 -0.00025690
v -0.00116052 0.00046443 -0.00031537
v -0.00115557 0.00047660 -0.00025985
v -0.00113288 0.00052827 -0.00031920
v -0.00113288 0.00052827 -0.00026295
v -0.00112890 0.00053674 -0.00031970
v -0.00112319 0.00054859 -0.00026417
v -0.00109304 0.00060644 -0.00032389
v -0.00108675 0.00061764 -0.00026831
v -0.00109148 0.00060924 -0.00032405
v 0.00044884 0.00116664 -0.00042582
v 0.00050852 0.00114189 -0.00037342
v 0.00052042 0.00113652 -0.00043045
v 0.00052827 0.00113288 -0.00037471
v 0.00052827 0.00113288 -0.00043096
v -0.00108253 0.00062500 -0.00032500
v -0.00108253 0.00062500 -0.00026875
v -0.00105204 0.00067506 -0.00032809
v -0.00104682 0.00068313 -0.00027235
v -0.00102394 0.00071697 -0.00033080
v -0.00102394 0.00071697 -0.00027455
v -0.00100858 0.00073842 -0.00033225
v -0.00100286 0.00074617 -0.00027652
v -0.00096121 0.00079911 -0.00033653
v -0.00095756 0.00080348 -0.00028060
v -0.00095756 0.00080348 -0.00033685
v -0.00095501 0.00080651 -0.00028082
v -0.00091008 0.00085689 -0.00034092
v -0.00090309 0.00086425 -0.00028525
v -0.00088388 0.00088388 -0.00034309
v -0.00088388 0.00088388 -0.00028684
v -0.00085536 0.00091151 -0.00034540
v -0.00084792 0.00091844 -0.00028974
v -0.00080348 0.00095756 -0.00034948
v -0.00080348 0.00095756 -0.00029323
v -0.00079725 0.00096275 -0.00034996
v -0.00078938 0.00096922 -0.00029431
v -0.00073596 0.00101038 -0.00035457
v -0.00072768 0.00101636 -0.00029893
v -0.00071697 0.00102394 -0.00035596
v -0.00071697 0.00102394 -0.00029971
v -0.00067170 0.00105419 -0.00035922
v -0.00066305 0.00105966 -0.00030359
v -0.00062500 0.00108253 -0.00036250
v -0.00062500 0.00108253 -0.00030625
v -0.00060477 0.00109396 -0.00036389
v -0.00059571 0.00109892 -0.00030826
v -0.00053530 0.00112958 -0.00036857
v -0.00052827 0.00113288 -0.00031279
v -0.00052827 0.00113288 -0.00036904
v -0.00052592 0.00113398 -0.00031294
v -0.00046359 0.00116085 -0.00037324
v -0.00045395 0.00116466 -0.00031760
v -0.00042753 0.00117462 -0.00037552
v -0.00042753 0.00117462 -0.00031927
v -0.00038994 0.00118762 -0.00037787
v -0.00038005 0.00119082 -0.00032223
v -0.00032352 0.00120741 -0.00038191
v -0.00032352 0.00120741 -0.00032566
v -0.00031460 0.00120976 -0.00038245
v -0.00030513 0.00121219 -0.00032676
v -0.00023788 0.00122716 -0.00038695
v -0.00022826 0.00122898 -0.00033126
v -0.00021706 0.00123101 -0.00038815
v -0.00021706 0.00123101 -0.00033190
v -0.00016008 0.00123971 -0.00039137
v -0.00015033 0.00124093 -0.00033567
v -0.00010895 0.00124524 -0.00039420
v -0.00010895 0.00124524 -0.00033795
v -0.00008149 0.00124734 -0.00039569
v -0.00007168 0.00124794 -0.00033996
v -0.00000359 0.00124999 -0.00039981
v 0.00000000 0.00125000 -0.00034375
v 0.00000000 0.00125000 -0.00040000
v 0.00000593 0.00124999 -0.00034406
v 0.00007308 0.00124786 -0.00040386
v 0.00008260 0.00124727 -0.00034812
v 0.00010895 0.00124524 -0.00040580
v 0.00010895 0.00124524 -0.00034955
v 0.00014963 0.00124101 -0.00040804
v 0.00015912 0.00123983 -0.00035232
v 0.00021706 0.00123101 -0.00041185
v 0.00021706 0.00123101 -0.00035560
v 0.00022578 0.00122944 -0.00041235
v 0.00023527 0.00122766 -0.00035665
v 0.00030123 0.00121316 -0.00041676
v 0.00028863 0.00121622 -0.00035976
v 0.00032352 0.00120741 -0.00041809
v 0.00032352 0.00120741 -0.00036184
v 0.00037568 0.00119221 -0.00042125
v 0.00036327 0.00119605 -0.00036424
v 0.00042753 0.00117462 -0.00042448
v 0.00042753 0.00117462 -0.00036823
v 0.00043666 0.00117125 -0.00036880
v 0.00059011 0.00110194 -0.00043510
v 0.00057856 0.00110805 -0.00037807
v 0.00062500 0.00108253 -0.00043750
v 0.00062500 0.00108253 -0.00038125
v 0.00065364 0.00106548 -0.00043950
v 0.00064648 0.00106984 -0.00038275
v 0.00071697 0.00102394 -0.00044404
v 0.00071201 0.00102739 -0.00038743
v 0.00071697 0.00102394 -0.00038779
v 0.00071890 0.00102258 -0.00044418
v 0.00077488 0.00098084 -0.00039209
v 0.00078147 0.00097560 -0.00044884
v 0.00080348 0.00095756 -0.00045052
v 0.00080348 0.00095756 -0.00039427
v 0.00084109 0.00092470 -0.00045346
v 0.00083483 0.00093036 -0.00039672
v 0.00088388 0.00088388 -0.00045691
v 0.00088388 0.00088388 -0.00040066
v 0.00089119 0.00087652 -0.00040126
v 0.00089750 0.00087006 -0.00045803
v 0.00094456 0.00081873 -0.00040577
v 0.00095046 0.00081186 -0.00046253
v 0.00095756 0.00080348 -0.00046315
v 0.00095756 0.00080348 -0.00040690
v 0.00099975 0.00075034 -0.00046694
v 0.00099428 0.00075757 -0.00041019
v 0.00102394 0.00071697 -0.00046920
v 0.00102394 0.00071697 -0.00041295
v 0.00104513 0.00068571 -0.00047124
v 0.00104012 0.00069329 -0.00041450
v 0.00108128 0.00062716 -0.00041862
v 0.00118092 0.00040978 -0.00048791
v 0.00120169 0.00034414 -0.00043560
v 0.00120409 0.00033567 -0.00049236
v 0.00120741 0.00032352 -0.00043684
v 0.00120741 0.00032352 -0.00049309
v 0.00112164 0.00055175 -0.00047939
v 0.00111771 0.00055967 -0.00042267
v 0.00113288 0.00052827 -0.00048080
v 0.00113289 0.00052827 -0.00042455
v 0.00115343 0.00048176 -0.00048359
v 0.00114999 0.00048991 -0.00042686
v 0.00117462 0.00042752 -0.00048685
v 0.00117462 0.00042752 -0.00043060
v 0.00117798 0.00041816 -0.00043116
v 0.00123635 0.00018426 -0.00050144
v 0.00124461 0.00011593 -0.00044929
v 0.00124524 0.00010894 -0.00050596
v 0.00124524 0.00010894 -0.00044971
v 0.00124540 0.00010711 -0.00050607
v 0.00122255 0.00026054 -0.00049687
v 0.00122068 0.00026916 -0.00044010
v 0.00123101 0.00021706 -0.00049948
v 0.00123101 0.00021706 -0.00044323
v 0.00123501 0.00019299 -0.00044467
v 0.00124965 0.00002940 -0.00051074
v 0.00124941 0.00003827 -0.00045395
v 0.00125000 0.00000000 -0.00051250
v 0.00125000 0.00000000 -0.00045625
v 0.00124906 -0.00004857 -0.00051541
v 0.00124937 -0.00003969 -0.00045863
v 0.00124524 -0.00010894 -0.00051904
v 0.00124524 -0.00010894 -0.00046279
v 0.00124445 -0.00011764 -0.00046331
v 0.00124358 -0.00012650 -0.00052009
v 0.00123465 -0.00019528 -0.00046797
v 0.00123323 -0.00020409 -0.00052475
v 0.00123101 -0.00021706 -0.00052552
v 0.00123101 -0.00021706 -0.00046927
v 0.00121800 -0.00028102 -0.00052936
v 0.00121998 -0.00027229 -0.00047259
v 0.00120741 -0.00032352 -0.00053191
v 0.00120741 -0.00032352 -0.00047566
v 0.00119794 -0.00035698 -0.00053392
v 0.00120065 -0.00034776 -0.00047712
v 0.00117462 -0.00042753 -0.00053815
v 0.00117639 -0.00042262 -0.00048161
v 0.00117462 -0.00042752 -0.00048190
v 0.00117310 -0.00043167 -0.00053840
v 0.00114741 -0.00049594 -0.00048601
v 0.00114354 -0.00050478 -0.00054279
v 0.00107224 -0.00064250 -0.00055106
v 0.00103551 -0.00070016 -0.00049845
v 0.00103079 -0.00070709 -0.00055515
v 0.00102394 -0.00071697 -0.00049955
v 0.00102394 -0.00071697 -0.00055580
v 0.00113289 -0.00052827 -0.00054420
v 0.00113289 -0.00052827 -0.00048795
v 0.00110941 -0.00057594 -0.00054706
v 0.00111380 -0.00056740 -0.00049029
v 0.00108253 -0.00062500 -0.00055000
v 0.00108253 -0.00062500 -0.00049375
v 0.00107652 -0.00063530 -0.00049437
v 0.00093608 -0.00082841 -0.00056371
v 0.00088878 -0.00087896 -0.00051144
v 0.00088388 -0.00088388 -0.00056809
v 0.00088388 -0.00088388 -0.00051184
v 0.00088313 -0.00088464 -0.00056815
v 0.00098535 -0.00076914 -0.00055937
v 0.00099050 -0.00076250 -0.00050266
v 0.00095756 -0.00080349 -0.00056185
v 0.00095756 -0.00080348 -0.00050560
v 0.00094164 -0.00082208 -0.00050698
v 0.00082669 -0.00093760 -0.00057267
v 0.00083269 -0.00093227 -0.00051595
v 0.00080348 -0.00095756 -0.00057448
v 0.00080348 -0.00095756 -0.00051823
v 0.00076696 -0.00098705 -0.00057726
v 0.00077329 -0.00098210 -0.00052053
v 0.00071697 -0.00102394 -0.00058096
v 0.00071697 -0.00102394 -0.00052471
v 0.00070415 -0.00103280 -0.00058190
v 0.00071079 -0.00102824 -0.00052516
v 0.00063849 -0.00107463 -0.00058656
v 0.00064542 -0.00107048 -0.00052983
v 0.00062500 -0.00108253 -0.00058750
v 0.00062500 -0.00108253 -0.00053125
v 0.00057022 -0.00111236 -0.00059124
v 0.00057741 -0.00110865 -0.00053451
v 0.00052827 -0.00113288 -0.00059404
v 0.00052827 -0.00113288 -0.00053779
v 0.00049960 -0.00114582 -0.00059591
v 0.00050701 -0.00114256 -0.00053918
v 0.00042753 -0.00117462 -0.00060052
v 0.00043450 -0.00117205 -0.00054383
v 0.00042753 -0.00117462 -0.00054427
v 0.00042688 -0.00117485 -0.00060056
v 0.00036019 -0.00119698 -0.00054844
v 0.00035288 -0.00119916 -0.00060514
v 0.00032352 -0.00120741 -0.00060691
v 0.00032352 -0.00120741 -0.00055066
v 0.00027682 -0.00121896 -0.00060968
v 0.00029316 -0.00121514 -0.00055247
v 0.00021706 -0.00123101 -0.00061315
v 0.00021706 -0.00123101 -0.00055690
v 0.00021610 -0.00123118 -0.00055696
v 0.00019953 -0.00123397 -0.00061415
v 0.00013804 -0.00124235 -0.00056135
v 0.00005935 -0.00124859 -0.00056562
v 0.00004267 -0.00124927 -0.00062276
v 0.00010895 -0.00124524 -0.00056295
v 0.00010895 -0.00124524 -0.00061920
v 0.00012130 -0.00124410 -0.00061852
v -0.00021706 -0.00123101 -0.00063685
v -0.00018736 -0.00123588 -0.00063516
v -0.00017109 -0.00123824 -0.00057799
v -0.00010895 -0.00124524 -0.00057455
v -0.00001796 -0.00124987 -0.00056969
v -0.00009462 -0.00124641 -0.00057377
v -0.00010894 -0.00124524 -0.00063080
v -0.00011097 -0.00124506 -0.00063091
v -0.00021706 -0.00123101 -0.00058060
v -0.00024721 -0.00122531 -0.00058234
v -0.00026320 -0.00122198 -0.00063952
v -0.00028520 -0.00121703 -0.00058456
v -0.00032352 -0.00120741 -0.00064309
v -0.00032352 -0.00120741 -0.00058684
v -0.00033819 -0.00120338 -0.00064397
v -0.00035989 -0.00119707 -0.00058904
v -0.00041204 -0.00118014 -0.00064851
v -0.00042753 -0.00117462 -0.00059323
v -0.00042753 -0.00117462 -0.00064948
v -0.00043335 -0.00117248 -0.00059359
v -0.00048445 -0.00115230 -0.00065310
v -0.00050529 -0.00114332 -0.00059821
v -0.00052827 -0.00113288 -0.00065596
v -0.00052827 -0.00113288 -0.00059971
v -0.00055514 -0.00111997 -0.00065775
v -0.00057541 -0.00110969 -0.00060286
v -0.00062189 -0.00108432 -0.00066228
v -0.00062500 -0.00108253 -0.00060625
v -0.00062500 -0.00108253 -0.00066250
v -0.00064343 -0.00107168 -0.00060753
v -0.00068833 -0.00104341 -0.00066696
v -0.00070908 -0.00102942 -0.00061221
v -0.00071697 -0.00102394 -0.00066904
v -0.00071697 -0.00102394 -0.00061279
v -0.00075221 -0.00099834 -0.00067164
v -0.00077208 -0.00098305 -0.00061688
v -0.00080348 -0.00095756 -0.00067552
v -0.00080348 -0.00095756 -0.00061927
v -0.00081325 -0.00094927 -0.00067628
v -0.00083216 -0.00093274 -0.00062151
v -0.00087121 -0.00089638 -0.00068088
v -0.00088388 -0.00088388 -0.00062566
v -0.00088388 -0.00088388 -0.00068191
v -0.00088868 -0.00087906 -0.00062606
v -0.00092584 -0.00083984 -0.00068541
v -0.00094221 -0.00082142 -0.00063057
v -0.00095756 -0.00080349 -0.00068815
v -0.00095756 -0.00080348 -0.00063190
v -0.00097689 -0.00077986 -0.00068986
v -0.00099210 -0.00076042 -0.00063499
v -0.00102394 -0.00071697 -0.00069420
v -0.00102394 -0.00071697 -0.00063795
v -0.00102415 -0.00071667 -0.00069422
v -0.00103813 -0.00069627 -0.00063930
v -0.00106716 -0.00065090 -0.00069842
v -0.00107953 -0.00063017 -0.00064344
v -0.00108253 -0.00062500 -0.00070000
v -0.00108253 -0.00062500 -0.00064375
v -0.00110513 -0.00058411 -0.00070245
v -0.00111615 -0.00056278 -0.00064748
v -0.00113288 -0.00052827 -0.00070580
v -0.00113289 -0.00052827 -0.00064955
v -0.00113892 -0.00051513 -0.00070659
v -0.00114862 -0.00049312 -0.00065166
v -0.00116846 -0.00044406 -0.00071086
v -0.00117462 -0.00042752 -0.00065560
v -0.00117462 -0.00042752 -0.00071185
v -0.00117681 -0.00042145 -0.00065596
v -0.00119378 -0.00037067 -0.00071526
v -0.00120071 -0.00034754 -0.00066040
v -0.00120741 -0.00032352 -0.00071809
v -0.00120741 -0.00032352 -0.00066184
v -0.00121440 -0.00029618 -0.00071973
v -0.00121991 -0.00027262 -0.00066489
v -0.00123041 -0.00022041 -0.00072428
v -0.00123101 -0.00021706 -0.00066823
v -0.00123101 -0.00021706 -0.00072448
v -0.00123446 -0.00019650 -0.00066946
v -0.00124172 -0.00014363 -0.00072888
v -0.00124428 -0.00011948 -0.00067408
v -0.00124524 -0.00010894 -0.00073096
v -0.00124524 -0.00010894 -0.00067471
v -0.00124825 -0.00006615 -0.00073353
v -0.00124930 -0.00004184 -0.00067874
v -0.00125000 0.00000000 -0.00073750
v -0.00125000 0.00000000 -0.00068125
v -0.00124994 0.00001173 -0.00073820
v -0.00124948 0.00003612 -0.00068342
v -0.00124678 0.00008973 -0.00074288
v -0.00124524 0.00010894 -0.00068779
v -0.00124524 0.00010894 -0.00074404
v -0.00124478 0.00011408 -0.00068809
v -0.00123872 0.00016751 -0.00074755
v -0.00123521 0.00019174 -0.00069275
v -0.00123101 0.00021706 -0.00075052
v -0.00123101 0.00021706 -0.00069427
v -0.00122580 0.00024479 -0.00075219
v -0.00122076 0.00026879 -0.00069738
v -0.00120802 0.00032125 -0.00075677
v -0.00120741 0.00032352 -0.00070066
v -0.00120741 0.00032352 -0.00075691
v -0.00120147 0.00034493 -0.00070195
v -0.00118542 0.00039658 -0.00076129
v -0.00117738 0.00041984 -0.00070644
v -0.00117462 0.00042752 -0.00076315
v -0.00117462 0.00042752 -0.00070690
v -0.00115808 0.00047047 -0.00076573
v -0.00114860 0.00049318 -0.00071084
v -0.00113288 0.00052827 -0.00076920
v -0.00113288 0.00052827 -0.00071295
v -0.00112610 0.00054259 -0.00077006
v -0.00111802 0.00055904 -0.00071479
v -0.00109189 0.00060851 -0.00077401
v -0.00108253 0.00062500 -0.00071875
v -0.00108253 0.00062500 -0.00077500
v -0.00108112 0.00062744 -0.00071890
v -0.00105249 0.00067436 -0.00077804
v -0.00104060 0.00069257 -0.00072296
v -0.00102394 0.00071697 -0.00078080
v -0.00102394 0.00071697 -0.00072455
v -0.00100907 0.00073775 -0.00078220
v -0.00099606 0.00075523 -0.00072715
v -0.00096174 0.00079847 -0.00078648
v -0.00095756 0.00080348 -0.00073060
v -0.00095756 0.00080348 -0.00078685
v -0.00094764 0.00081515 -0.00073146
v -0.00091065 0.00085628 -0.00079087
v -0.00089552 0.00087210 -0.00073588
v -0.00088388 0.00088388 -0.00079309
v -0.00088388 0.00088388 -0.00073684
v -0.00085597 0.00091094 -0.00079535
v -0.00083986 0.00092582 -0.00074038
v -0.00080348 0.00095756 -0.00079948
v -0.00080348 0.00095756 -0.00074323
v -0.00079790 0.00096222 -0.00079991
v -0.00078086 0.00097609 -0.00074496
v -0.00073664 0.00100988 -0.00080452
v -0.00071873 0.00102270 -0.00074958
v -0.00071697 0.00102394 -0.00080596
v -0.00071697 0.00102394 -0.00074971
v -0.00067241 0.00105374 -0.00080917
v -0.00065371 0.00106544 -0.00075425
v -0.00062500 0.00108253 -0.00081250
v -0.00062500 0.00108253 -0.00075625
v -0.00060544 0.00109359 -0.00081385
v -0.00058609 0.00110408 -0.00075892
v -0.00053599 0.00112926 -0.00081853
v -0.00055878 0.00111815 -0.00076076
v -0.00052827 0.00113288 -0.00081904
v -0.00052827 0.00113288 -0.00076279
v -0.00046431 0.00116057 -0.00082319
v -0.00048780 0.00115089 -0.00076543
v -0.00042753 0.00117462 -0.00082552
v -0.00042753 0.00117462 -0.00076927
v -0.00041476 0.00117918 -0.00077007
v -0.00039112 0.00118724 -0.00082779
v -0.00033996 0.00120288 -0.00077467
v -0.00032352 0.00120741 -0.00083191
v -0.00032352 0.00120741 -0.00077566
v -0.00031581 0.00120945 -0.00083237
v -0.00026367 0.00122188 -0.00077921
v -0.00023911 0.00122692 -0.00083688
v -0.00021706 0.00123101 -0.00083815
v -0.00021706 0.00123101 -0.00078190
v -0.00018619 0.00123606 -0.00078366
v -0.00016132 0.00123955 -0.00084130
v -0.00010894 0.00124524 -0.00078795
v -0.00010895 0.00124524 -0.00084420
v -0.00010783 0.00124534 -0.00078801
v -0.00008275 0.00124726 -0.00084562
v -0.00002937 0.00124965 -0.00079221
v -0.00000483 0.00124999 -0.00084975
v 0.00000000 0.00125000 -0.00085000
v 0.00000000 0.00125000 -0.00079375
v 0.00007184 0.00124793 -0.00085380
v 0.00004745 0.00124910 -0.00079624
v 0.00010895 0.00124524 -0.00085580
v 0.00010895 0.00124524 -0.00079955
v 0.00014840 0.00124116 -0.00085798
v 0.00037449 0.00119258 -0.00087118
v 0.00032352 0.00120741 -0.00086809
v 0.00032352 0.00120741 -0.00081184
v 0.00030002 0.00121346 -0.00086669
v 0.00027612 0.00121912 -0.00080902
v 0.00022456 0.00122966 -0.00086228
v 0.00021706 0.00123101 -0.00080560
v 0.00021706 0.00123101 -0.00086185
v 0.00020039 0.00123383 -0.00080465
v 0.00012407 0.00124383 -0.00080038
v 0.00034686 0.00120091 -0.00081325
v 0.00042056 0.00117713 -0.00081779
v 0.00042753 0.00117462 -0.00087448
v 0.00042753 0.00117462 -0.00081823
v 0.00044767 0.00116709 -0.00087575
v 0.00052827 0.00113288 -0.00082471
v 0.00052827 0.00113288 -0.00088096
v 0.00051976 0.00113682 -0.00088040
v 0.00049278 0.00114877 -0.00082239
v 0.00058948 0.00110228 -0.00088506
v 0.00056325 0.00111591 -0.00082704
v 0.00062500 0.00108253 -0.00088750
v 0.00062500 0.00108253 -0.00083125
v 0.00063166 0.00107866 -0.00083171
v 0.00065704 0.00106339 -0.00088974
v 0.00071697 0.00102394 -0.00089404
v 0.00069775 0.00103714 -0.00083639
v 0.00071697 0.00102394 -0.00083779
v 0.00072217 0.00102028 -0.00089442
v 0.00078459 0.00097309 -0.00089908
v 0.00076123 0.00099148 -0.00084106
v 0.00080348 0.00095756 -0.00090052
v 0.00080348 0.00095756 -0.00084427
v 0.00082184 0.00094185 -0.00084570
v 0.00084405 0.00092200 -0.00090370
v 0.00088388 0.00088388 -0.00090691
v 0.00087933 0.00088841 -0.00085029
v 0.00088388 0.00088388 -0.00085066
v 0.00090029 0.00086717 -0.00090827
v 0.00095307 0.00080880 -0.00091276
v 0.00093345 0.00083136 -0.00085481
v 0.00095756 0.00080348 -0.00091315
v 0.00095756 0.00080349 -0.00085690
v 0.00100216 0.00074711 -0.00091716
v 0.00098397 0.00077091 -0.00085925
v 0.00102394 0.00071697 -0.00091920
v 0.00102394 0.00071697 -0.00086295
v 0.00103012 0.00070806 -0.00086353
v 0.00104734 0.00068234 -0.00092145
v 0.00113288 0.00052827 -0.00087455
v 0.00113288 0.00052827 -0.00093080
v 0.00112337 0.00054822 -0.00092961
v 0.00110985 0.00057509 -0.00087174
v 0.00115495 0.00047812 -0.00093381
v 0.00114309 0.00050582 -0.00087590
v 0.00117206 0.00043449 -0.00088018
v 0.00120741 0.00032352 -0.00088684
v 0.00120741 0.00032352 -0.00094309
v 0.00120518 0.00033173 -0.00094260
v 0.00119663 0.00036136 -0.00088457
v 0.00122339 0.00025654 -0.00094711
v 0.00121668 0.00028669 -0.00088905
v 0.00123101 0.00021706 -0.00094948
v 0.00123101 0.00021706 -0.00089323
v 0.00123694 0.00018020 -0.00095169
v 0.00123210 0.00021078 -0.00089360
v 0.00124524 0.00010894 -0.00095596
v 0.00124281 0.00013390 -0.00089822
v 0.00124524 0.00010894 -0.00089971
v 0.00124575 0.00010302 -0.00095632
v 0.00124974 0.00002529 -0.00096098
v 0.00124873 0.00005635 -0.00090287
v 0.00125000 -0.00000000 -0.00090625
v 0.00125000 0.00000000 -0.00096250
v 0.00124981 -0.00002157 -0.00090754
v 0.00124889 -0.00005269 -0.00096566
v 0.00124524 -0.00010894 -0.00096904
v 0.00124605 -0.00009935 -0.00091221
v 0.00124524 -0.00010894 -0.00091279
v 0.00124316 -0.00013062 -0.00097034
v 0.00123254 -0.00020817 -0.00097499
v 0.00123739 -0.00017709 -0.00091688
v 0.00123101 -0.00021706 -0.00097552
v 0.00123101 -0.00021706 -0.00091927
v 0.00122386 -0.00025428 -0.00092151
v 0.00121706 -0.00028506 -0.00097960
v 0.00120741 -0.00032352 -0.00098191
v 0.00120741 -0.00032352 -0.00092566
v 0.00120548 -0.00033062 -0.00092609
v 0.00119675 -0.00036096 -0.00098416
v 0.00117462 -0.00042752 -0.00098815
v 0.00118230 -0.00040579 -0.00093060
v 0.00117462 -0.00042752 -0.00093190
v 0.00117165 -0.00043558 -0.00098863
v 0.00114188 -0.00050853 -0.00099301
v 0.00115438 -0.00047948 -0.00093502
v 0.00113288 -0.00052827 -0.00099420
v 0.00113288 -0.00052827 -0.00093795
v 0.00112181 -0.00055140 -0.00093933
v 0.00111152 -0.00057185 -0.00099681
v 0.00108524 -0.00062028 -0.00094347
v 0.00108253 -0.00062500 -0.00100000
v 0.00108253 -0.00062500 -0.00094375
v 0.00107403 -0.00063951 -0.00100088
v 0.00104516 -0.00068567 -0.00094751
v 0.00103276 -0.00070420 -0.00100496
v 0.00102394 -0.00071697 -0.00094955
v 0.00102394 -0.00071697 -0.00100580
v 0.00093840 -0.00082578 -0.00101351
v 0.00090097 -0.00086646 -0.00096043
v 0.00088561 -0.00088215 -0.00101795
v 0.00088388 -0.00088388 -0.00096184
v 0.00088388 -0.00088388 -0.00101809
v 0.00098750 -0.00076638 -0.00100918
v 0.00100105 -0.00074860 -0.00095169
v 0.00095756 -0.00080348 -0.00101185
v 0.00095756 -0.00080348 -0.00095560
v 0.00095304 -0.00080883 -0.00095599
v 0.00082933 -0.00093526 -0.00102246
v 0.00084566 -0.00092052 -0.00096492
v 0.00080348 -0.00095756 -0.00102448
v 0.00080348 -0.00095756 -0.00096823
v 0.00076974 -0.00098488 -0.00102705
v 0.00078699 -0.00097116 -0.00096949
v 0.00072517 -0.00101815 -0.00097411
v 0.00071697 -0.00102394 -0.00103096
v 0.00071697 -0.00102394 -0.00097471
v 0.00070707 -0.00103080 -0.00103168
v 0.00066042 -0.00106129 -0.00097877
v 0.00064154 -0.00107281 -0.00103635
v 0.00062500 -0.00108253 -0.00098125
v 0.00062500 -0.00108253 -0.00103750
v 0.00057338 -0.00111074 -0.00104103
v 0.00059299 -0.00110039 -0.00098345
v 0.00052827 -0.00113288 -0.00104404
v 0.00052827 -0.00113288 -0.00098779
v 0.00052311 -0.00113528 -0.00098813
v 0.00050289 -0.00114438 -0.00104570
v 0.00045105 -0.00116578 -0.00099279
v 0.00044189 -0.00116929 -0.00104962
v 0.00042753 -0.00117462 -0.00105052
v 0.00042753 -0.00117462 -0.00099427
v 0.00036771 -0.00119469 -0.00105423
v 0.00037708 -0.00119177 -0.00099741
v 0.00032352 -0.00120741 -0.00105691
v 0.00032352 -0.00120741 -0.00100066
v 0.00029193 -0.00121543 -0.00105879
v 0.00030149 -0.00121310 -0.00100198
v 0.00021706 -0.00123101 -0.00106315
v 0.00022456 -0.00122966 -0.00100647
v 0.00021706 -0.00123101 -0.00100690
v 0.00021486 -0.00123140 -0.00106328
v 0.00014665 -0.00124137 -0.00101087
v 0.00013679 -0.00124249 -0.00106767
v -0.00001919 -0.00124985 -0.00107600
v -0.00008006 -0.00124743 -0.00102299
v -0.00009585 -0.00124632 -0.00108009
v -0.00010895 -0.00124524 -0.00102455
v -0.00010895 -0.00124524 -0.00108080
v 0.00010895 -0.00124524 -0.00106920
v 0.00010895 -0.00124524 -0.00101295
v 0.00005809 -0.00124865 -0.00107194
v 0.00007428 -0.00124779 -0.00101482
v -0.00000000 -0.00125000 -0.00107500
v -0.00000000 -0.00125000 -0.00101875
v -0.00000340 -0.00125000 -0.00101893
v -0.00017232 -0.00123807 -0.00108431
v -0.00015659 -0.00124015 -0.00102718
v -0.00021706 -0.00123101 -0.00108685
v -0.00021706 -0.00123101 -0.00103060
v -0.00024829 -0.00122509 -0.00108865
v -0.00023269 -0.00122815 -0.00103150
v -0.00030806 -0.00121144 -0.00103591
v -0.00032347 -0.00120742 -0.00109309
v -0.00032352 -0.00120741 -0.00103684
v -0.00039757 -0.00118509 -0.00109761
v -0.00038241 -0.00119007 -0.00104042
v -0.00042753 -0.00117462 -0.00109948
v -0.00042753 -0.00117462 -0.00104323
v -0.00047029 -0.00115816 -0.00110219
v -0.00045543 -0.00116408 -0.00104499
v -0.00052685 -0.00113355 -0.00104962
v -0.00052827 -0.00113288 -0.00110596
v -0.00052827 -0.00113288 -0.00104971
v -0.00054146 -0.00112664 -0.00110684
v -0.00059636 -0.00109857 -0.00105428
v -0.00061055 -0.00109075 -0.00111150
v -0.00062500 -0.00108253 -0.00105625
v -0.00062500 -0.00108253 -0.00111250
v -0.00067739 -0.00105055 -0.00111618
v -0.00066362 -0.00105930 -0.00105895
v -0.00068942 -0.00104269 -0.00106079
v -0.00071697 -0.00102394 -0.00111904
v -0.00071697 -0.00102394 -0.00106279
v -0.00074171 -0.00100616 -0.00112086
v -0.00075325 -0.00099755 -0.00106546
v -0.00080325 -0.00095775 -0.00112551
v -0.00080348 -0.00095756 -0.00106927
v -0.00080348 -0.00095756 -0.00112552
v -0.00081425 -0.00094842 -0.00107011
v -0.00086174 -0.00090548 -0.00113011
v -0.00087216 -0.00089546 -0.00107470
v -0.00088388 -0.00088388 -0.00113191
v -0.00088388 -0.00088388 -0.00107566
v -0.00091694 -0.00084954 -0.00113466
v -0.00092672 -0.00083886 -0.00107924
v -0.00095756 -0.00080348 -0.00113815
v -0.00095756 -0.00080349 -0.00108190
v -0.00096861 -0.00079013 -0.00113913
v -0.00097771 -0.00077883 -0.00108369
v -0.00101652 -0.00072746 -0.00114350
v -0.00102394 -0.00071697 -0.00108795
v -0.00102394 -0.00071697 -0.00114420
v -0.00102491 -0.00071559 -0.00108804
v -0.00106033 -0.00066197 -0.00114774
v -0.00106784 -0.00064979 -0.00109224
v -0.00108253 -0.00062500 -0.00115000
v -0.00108253 -0.00062500 -0.00109375
v -0.00109908 -0.00059542 -0.00115177
v -0.00110573 -0.00058297 -0.00109627
v -0.00113288 -0.00052827 -0.00115580
v -0.00113288 -0.00052827 -0.00109955
v -0.00113356 -0.00052683 -0.00115589
v -0.00113945 -0.00051396 -0.00110041
v -0.00116410 -0.00045539 -0.00116018
v -0.00116892 -0.00044286 -0.00110468
v -0.00117462 -0.00042752 -0.00116185
v -0.00117462 -0.00042752 -0.00110560
v -0.00118996 -0.00038275 -0.00116454
v -0.00119401 -0.00036991 -0.00110906
v -0.00120741 -0.00032352 -0.00116809
v -0.00120741 -0.00032352 -0.00111184
v -0.00121133 -0.00030850 -0.00116899
v -0.00121357 -0.00029958 -0.00111328
v -0.00122811 -0.00023292 -0.00117353
v -0.00122979 -0.00022386 -0.00111782
v -0.00123101 -0.00021706 -0.00117448
v -0.00123101 -0.00021706 -0.00111823
v -0.00124019 -0.00015629 -0.00117812
v -0.00124131 -0.00014712 -0.00112242
v -0.00124524 -0.00010894 -0.00118096
v -0.00124524 -0.00010894 -0.00112471
v -0.00124751 -0.00007890 -0.00118277
v -0.00124806 -0.00006967 -0.00112707
v -0.00125000 -0.00000106 -0.00118744
v -0.00125000 0.00000000 -0.00113125
v -0.00125000 -0.00000000 -0.00118750
v -0.00124997 0.00000821 -0.00113174
v -0.00124763 0.00007694 -0.00119212
v -0.00124702 0.00008620 -0.00113642
v -0.00124524 0.00010894 -0.00119404
v -0.00124524 0.00010894 -0.00113779
v -0.00124038 0.00015478 -0.00119679
v -0.00123919 0.00016400 -0.00114109
v -0.00123101 0.00021706 -0.00120052
v -0.00123101 0.00021706 -0.00114427
v -0.00122825 0.00023216 -0.00120143
v -0.00122649 0.00024131 -0.00114573
v -0.00121126 0.00030877 -0.00120603
v -0.00120892 0.00031781 -0.00115032
v -0.00120741 0.00032352 -0.00120691
v -0.00120741 0.00032352 -0.00115066
v -0.00118946 0.00038431 -0.00121056
v -0.00118655 0.00039320 -0.00115484
v -0.00117462 0.00042752 -0.00121315
v -0.00117462 0.00042752 -0.00115690
v -0.00116289 0.00045845 -0.00121501
v -0.00115942 0.00046716 -0.00115928
v -0.00113288 0.00052827 -0.00121920
v -0.00113288 0.00052827 -0.00116295
v -0.00113207 0.00053001 -0.00121930
v -0.00112804 0.00053854 -0.00116356
v -0.00109654 0.00060008 -0.00122350
v -0.00109208 0.00060817 -0.00116774
v -0.00108253 0.00062500 -0.00122500
v -0.00108253 0.00062500 -0.00116875
v -0.00105762 0.00066630 -0.00122753
v -0.00105270 0.00067403 -0.00117177
v -0.00102394 0.00071697 -0.00123080
v -0.00102394 0.00071697 -0.00117455
v -0.00101470 0.00072999 -0.00123167
v -0.00100931 0.00073743 -0.00117593
v -0.00096784 0.00079106 -0.00123594
v -0.00096199 0.00079817 -0.00118021
v -0.00095756 0.00080348 -0.00123685
v -0.00095756 0.00080348 -0.00118060
v -0.00091721 0.00084925 -0.00124032
v -0.00091092 0.00085599 -0.00118460
v -0.00088388 0.00088388 -0.00124309
v -0.00088388 0.00088388 -0.00118684
v -0.00086297 0.00090431 -0.00124479
v -0.00085626 0.00091067 -0.00118908
v -0.00080531 0.00095602 -0.00124934
v -0.00080348 0.00095756 -0.00119323
v -0.00080348 0.00095756 -0.00124948
v -0.00079820 0.00096196 -0.00119363
v -0.00074443 0.00100415 -0.00125394
v -0.00073696 0.00100965 -0.00119825
v -0.00071697 0.00102394 -0.00125596
v -0.00071697 0.00102394 -0.00119971
v -0.00068056 0.00104849 -0.00125859
v -0.00067274 0.00105353 -0.00120290
v -0.00062500 0.00108253 -0.00126250
v -0.00062500 0.00108253 -0.00120625
v -0.00061392 0.00108885 -0.00126327
v -0.00060579 0.00109340 -0.00120757
v -0.00054476 0.00112505 -0.00126794
v -0.00053653 0.00112900 -0.00121224
v -0.00052827 0.00113288 -0.00126904
v -0.00052827 0.00113288 -0.00121279
v -0.00047363 0.00115680 -0.00127259
v -0.00046486 0.00116035 -0.00121691
v -0.00042753 0.00117462 -0.00127552
v -0.00042753 0.00117462 -0.00121927
v -0.00040022 0.00118420 -0.00127723
v -0.00039124 0.00118720 -0.00122154
v -0.00032510 0.00120698 -0.00128182
v -0.00032352 0.00120741 -0.00122566
v -0.00032352 0.00120741 -0.00128191
v -0.00031593 0.00120942 -0.00122612
v -0.00024856 0.00122504 -0.00128634
v -0.00023923 0.00122689 -0.00123063
v -0.00021706 0.00123101 -0.00128815
v -0.00021706 0.00123101 -0.00123190
v -0.00017089 0.00123826 -0.00129077
v -0.00016144 0.00123953 -0.00123505
v -0.00010895 0.00124524 -0.00129420
v -0.00010895 0.00124524 -0.00123795
v -0.00009239 0.00124658 -0.00129510
v -0.00008287 0.00124725 -0.00123936
v -0.00001423 0.00124992 -0.00129926
v -0.00000495 0.00124999 -0.00124349
v 0.00000000 0.00125000 -0.00130000
v 0.00000000 0.00125000 -0.00124375
v 0.00006247 0.00124844 -0.00130329
v 0.00007172 0.00124794 -0.00124754
v 0.00010895 0.00124524 -0.00130580
v 0.00010895 0.00124524 -0.00124955
v 0.00013906 0.00124224 -0.00130746
v 0.00014828 0.00124117 -0.00125172
v 0.00021529 0.00123132 -0.00131175
v 0.00021706 0.00123101 -0.00125560
v 0.00021706 0.00123101 -0.00131185
v 0.00022443 0.00122969 -0.00125602
v 0.00029085 0.00121569 -0.00131614
v 0.00030038 0.00121337 -0.00126046
v 0.00032352 0.00120741 -0.00131809
v 0.00032352 0.00120741 -0.00126184
v 0.00036546 0.00119538 -0.00132063
v 0.00037484 0.00119247 -0.00126495
v 0.00042753 0.00117462 -0.00132448
v 0.00042753 0.00117462 -0.00126823
v 0.00043890 0.00117041 -0.00132519
v 0.00044802 0.00116695 -0.00126952
v 0.00045016 0.00116613 -0.00132591
v 0.00051961 0.00113688 -0.00127414
v 0.00052170 0.00113593 -0.00133053
v 0.00052827 0.00113288 -0.00127471
v 0.00052827 0.00113288 -0.00133096
v 0.00059136 0.00110127 -0.00133519
v 0.00058933 0.00110236 -0.00127880
v 0.00062500 0.00108253 -0.00133750
v 0.00062500 0.00108253 -0.00128125
v 0.00065886 0.00106226 -0.00133987
v 0.00065690 0.00106348 -0.00128348
v 0.00071697 0.00102394 -0.00134404
v 0.00071697 0.00102394 -0.00128779
v 0.00072203 0.00102038 -0.00128816
v 0.00072392 0.00101904 -0.00134454
v 0.00078446 0.00097320 -0.00129282
v 0.00078627 0.00097174 -0.00134920
v 0.00118259 0.00040495 -0.00138820
v 0.00120462 0.00033374 -0.00133623
v 0.00120533 0.00033116 -0.00139263
v 0.00120741 0.00032352 -0.00133684
v 0.00120741 0.00032352 -0.00139309
v 0.00080348 0.00095756 -0.00135052
v 0.00080348 0.00095756 -0.00129427
v 0.00084564 0.00092054 -0.00135382
v 0.00084393 0.00092211 -0.00129744
v 0.00088388 0.00088388 -0.00135691
v 0.00088388 0.00088388 -0.00130066
v 0.00090179 0.00086561 -0.00135839
v 0.00090018 0.00086729 -0.00130201
v 0.00095447 0.00080715 -0.00136288
v 0.00095296 0.00080893 -0.00130650
v 0.00095756 0.00080348 -0.00136315
v 0.00095756 0.00080348 -0.00130690
v 0.00100345 0.00074537 -0.00136728
v 0.00100206 0.00074725 -0.00131090
v 0.00102394 0.00071697 -0.00136920
v 0.00102394 0.00071697 -0.00131295
v 0.00104798 0.00068135 -0.00137151
v 0.00104650 0.00068363 -0.00131512
v 0.00108253 0.00062500 -0.00137500
v 0.00108253 0.00062500 -0.00131875
v 0.00108818 0.00061511 -0.00137559
v 0.00108688 0.00061742 -0.00131921
v 0.00112387 0.00054719 -0.00137967
v 0.00112271 0.00054957 -0.00132328
v 0.00113288 0.00052827 -0.00138080
v 0.00113288 0.00052827 -0.00132455
v 0.00115539 0.00047705 -0.00138388
v 0.00115437 0.00047951 -0.00132748
v 0.00117462 0.00042752 -0.00138685
v 0.00117462 0.00042752 -0.00133060
v 0.00118172 0.00040748 -0.00133180
v 0.00122351 0.00025596 -0.00139714
v 0.00122296 0.00025858 -0.00134074
v 0.00123101 0.00021706 -0.00139948
v 0.00123101 0.00021706 -0.00134323
v 0.00123703 0.00017961 -0.00140172
v 0.00123664 0.00018227 -0.00134531
v 0.00124524 0.00010894 -0.00140596
v 0.00124524 0.00010894 -0.00134971
v 0.00124580 0.00010243 -0.00140635
v 0.00124557 0.00010511 -0.00134994
v 0.00124974 0.00002541 -0.00141098
v 0.00124970 0.00002739 -0.00135461
v 0.00125000 0.00000000 -0.00141250
v 0.00125000 0.00000000 -0.00135625
v 0.00124889 -0.00005257 -0.00141565
v 0.00124898 -0.00005059 -0.00135929
v 0.00124524 -0.00010894 -0.00141904
v 0.00124524 -0.00010894 -0.00136279
v 0.00124317 -0.00013049 -0.00142033
v 0.00124340 -0.00012827 -0.00136395
v 0.00123256 -0.00020805 -0.00142498
v 0.00123294 -0.00020584 -0.00136860
v 0.00123101 -0.00021706 -0.00142552
v 0.00123101 -0.00021706 -0.00136927
v 0.00121709 -0.00028493 -0.00142960
v 0.00121760 -0.00028275 -0.00137321
v 0.00120741 -0.00032352 -0.00143191
v 0.00120741 -0.00032352 -0.00137566
v 0.00119679 -0.00036084 -0.00143415
v 0.00119743 -0.00035869 -0.00137777
v 0.00117462 -0.00042752 -0.00143815
v 0.00117462 -0.00042752 -0.00138190
v 0.00117248 -0.00043334 -0.00138225
v 0.00117170 -0.00043545 -0.00143863
v 0.00114282 -0.00050642 -0.00138664
v 0.00114191 -0.00050848 -0.00144301
v 0.00113288 -0.00052827 -0.00144420
v 0.00113288 -0.00052827 -0.00138795
v 0.00110756 -0.00057950 -0.00144727
v 0.00110859 -0.00057752 -0.00139090
v 0.00108253 -0.00062500 -0.00145000
v 0.00108253 -0.00062500 -0.00139375
v 0.00106944 -0.00064714 -0.00145134
v 0.00107082 -0.00064485 -0.00139495
v 0.00106675 -0.00065158 -0.00145162
v 0.00102923 -0.00070936 -0.00139905
v 0.00102474 -0.00071583 -0.00145573
v 0.00102394 -0.00071697 -0.00139955
v 0.00102394 -0.00071697 -0.00145580
v 0.00069523 -0.00103882 -0.00148254
v 0.00063568 -0.00107629 -0.00143051
v 0.00062920 -0.00108010 -0.00148721
v 0.00062500 -0.00108253 -0.00143125
v 0.00062500 -0.00108253 -0.00148750
v 0.00097876 -0.00077752 -0.00145997
v 0.00098365 -0.00077132 -0.00140328
v 0.00095756 -0.00080349 -0.00146185
v 0.00095756 -0.00080349 -0.00140560
v 0.00092897 -0.00083638 -0.00146432
v 0.00093424 -0.00083048 -0.00140762
v 0.00088388 -0.00088388 -0.00146809
v 0.00088388 -0.00088388 -0.00141184
v 0.00087552 -0.00089217 -0.00146877
v 0.00088083 -0.00088692 -0.00141209
v 0.00081862 -0.00094465 -0.00147330
v 0.00082425 -0.00093974 -0.00141661
v 0.00080348 -0.00095756 -0.00147448
v 0.00080348 -0.00095756 -0.00141823
v 0.00075845 -0.00099361 -0.00147790
v 0.00076439 -0.00098904 -0.00142120
v 0.00071697 -0.00102394 -0.00148096
v 0.00071697 -0.00102394 -0.00142471
v 0.00070146 -0.00103463 -0.00142584
v 0.00056059 -0.00111725 -0.00149189
v 0.00056731 -0.00111385 -0.00143519
v 0.00052827 -0.00113288 -0.00149404
v 0.00052827 -0.00113288 -0.00143779
v 0.00048991 -0.00114999 -0.00149654
v 0.00049659 -0.00114713 -0.00143986
v 0.00042753 -0.00117462 -0.00150052
v 0.00042753 -0.00117462 -0.00144427
v 0.00042379 -0.00117597 -0.00144451
v 0.00041693 -0.00117842 -0.00150119
v 0.00034919 -0.00120024 -0.00144911
v 0.00034218 -0.00120225 -0.00150579
v 0.00032352 -0.00120741 -0.00150691
v 0.00032352 -0.00120741 -0.00145066
v 0.00026593 -0.00122139 -0.00151032
v 0.00027307 -0.00121981 -0.00145366
v 0.00021706 -0.00123101 -0.00151315
v 0.00021706 -0.00123101 -0.00145690
v 0.00018848 -0.00123571 -0.00151478
v 0.00019573 -0.00123458 -0.00145812
v 0.00011014 -0.00124514 -0.00151913
v 0.00011840 -0.00124438 -0.00146243
v 0.00010894 -0.00124524 -0.00151920
v 0.00010895 -0.00124524 -0.00146295
v 0.00003165 -0.00124960 -0.00152334
v 0.00003981 -0.00124937 -0.00146666
v -0.00000000 -0.00125000 -0.00152500
v -0.00000000 -0.00125000 -0.00146875
v -0.00004520 -0.00124918 -0.00152737
v -0.00003714 -0.00124945 -0.00147070
v -0.00010895 -0.00124524 -0.00153080
v -0.00010894 -0.00124524 -0.00147455
v -0.00012186 -0.00124405 -0.00153151
v -0.00011379 -0.00124481 -0.00147482
v -0.00019191 -0.00123518 -0.00153542
v -0.00019016 -0.00123545 -0.00147907
v -0.00021706 -0.00123101 -0.00153685
v -0.00021706 -0.00123101 -0.00148060
v -0.00026770 -0.00122100 -0.00153978
v -0.00026598 -0.00122137 -0.00148343
v -0.00032352 -0.00120741 -0.00154309
v -0.00032352 -0.00120741 -0.00148684
v -0.00034264 -0.00120212 -0.00154424
v -0.00034093 -0.00120261 -0.00148789
v -0.00041641 -0.00117860 -0.00154878
v -0.00041473 -0.00117919 -0.00149242
v -0.00042753 -0.00117462 -0.00154948
v -0.00042753 -0.00117462 -0.00149323
v -0.00048873 -0.00115050 -0.00155338
v -0.00048709 -0.00115119 -0.00149702
v -0.00052827 -0.00113288 -0.00155596
v -0.00052827 -0.00113288 -0.00149971
v -0.00055930 -0.00111789 -0.00155803
v -0.00055394 -0.00112056 -0.00150142
v -0.00062265 -0.00108389 -0.00150609
v -0.00062500 -0.00108253 -0.00156250
v -0.00062500 -0.00108253 -0.00150625
v -0.00062783 -0.00108089 -0.00156270
v -0.00068906 -0.00104293 -0.00151077
v -0.00069406 -0.00103961 -0.00156738
v -0.00071697 -0.00102394 -0.00156904
v -0.00071697 -0.00102394 -0.00151279
v -0.00075770 -0.00099418 -0.00157205
v -0.00075290 -0.00099782 -0.00151544
v -0.00080348 -0.00095756 -0.00157552
v -0.00080348 -0.00095756 -0.00151927
v -0.00081848 -0.00094477 -0.00157669
v -0.00081392 -0.00094870 -0.00152008
v -0.00087575 -0.00089194 -0.00158125
v -0.00087184 -0.00089577 -0.00152468
v -0.00088388 -0.00088388 -0.00158191
v -0.00088388 -0.00088388 -0.00152566
v -0.00093009 -0.00083512 -0.00158578
v -0.00092642 -0.00083919 -0.00152921
v -0.00095756 -0.00080349 -0.00158815
v -0.00095756 -0.00080349 -0.00153190
v -0.00098085 -0.00077488 -0.00159022
v -0.00097732 -0.00077932 -0.00153365
v -0.00102394 -0.00071697 -0.00159420
v -0.00101035 -0.00073599 -0.00153667
v -0.00102394 -0.00071697 -0.00153795
v -0.00102779 -0.00071144 -0.00159456
v -0.00110801 -0.00057862 -0.00160278
v -0.00112920 -0.00053610 -0.00154908
v -0.00113288 -0.00052827 -0.00160580
v -0.00113288 -0.00052827 -0.00154955
v -0.00114146 -0.00050947 -0.00160693
v -0.00107040 -0.00064555 -0.00159875
v -0.00105478 -0.00067078 -0.00154093
v -0.00108253 -0.00062500 -0.00160000
v -0.00108253 -0.00062500 -0.00154375
v -0.00109417 -0.00060440 -0.00154499
v -0.00117462 -0.00042752 -0.00155560
v -0.00117462 -0.00042752 -0.00161185
v -0.00117066 -0.00043824 -0.00161121
v -0.00116004 -0.00046563 -0.00155331
v -0.00124712 -0.00008483 -0.00163241
v -0.00124994 -0.00001209 -0.00158052
v -0.00124998 -0.00000701 -0.00163708
v -0.00125000 -0.00000000 -0.00158125
v -0.00125000 -0.00000000 -0.00163750
v -0.00119548 -0.00036513 -0.00161559
v -0.00118653 -0.00039325 -0.00155766
v -0.00120741 -0.00032352 -0.00161809
v -0.00120741 -0.00032352 -0.00156184
v -0.00120986 -0.00031422 -0.00161865
v -0.00120855 -0.00031921 -0.00156210
v -0.00122699 -0.00023873 -0.00162318
v -0.00122599 -0.00024381 -0.00156662
v -0.00123101 -0.00021706 -0.00162448
v -0.00123101 -0.00021706 -0.00156823
v -0.00123944 -0.00016217 -0.00162777
v -0.00123875 -0.00016731 -0.00157121
v -0.00124524 -0.00010894 -0.00163096
v -0.00124524 -0.00010894 -0.00157471
v -0.00124676 -0.00008988 -0.00157586
v -0.00124798 0.00007098 -0.00164176
v -0.00124826 0.00006590 -0.00158520
v -0.00124524 0.00010894 -0.00164404
v -0.00124524 0.00010894 -0.00158779
v -0.00124111 0.00014885 -0.00164643
v -0.00124170 0.00014379 -0.00158988
v -0.00123101 0.00021706 -0.00165052
v -0.00123101 0.00021706 -0.00159427
v -0.00123026 0.00022125 -0.00159453
v -0.00122935 0.00022627 -0.00165108
v -0.00121396 0.00029799 -0.00159913
v -0.00121273 0.00030296 -0.00165568
v -0.00086710 0.00090036 -0.00169445
v -0.00081363 0.00094895 -0.00164244
v -0.00080968 0.00095232 -0.00169900
v -0.00080348 0.00095756 -0.00164323
v -0.00080348 0.00095756 -0.00169948
v -0.00120741 0.00032352 -0.00165691
v -0.00120741 0.00032352 -0.00160066
v -0.00119129 0.00037858 -0.00166021
v -0.00119283 0.00037370 -0.00160367
v -0.00117462 0.00042752 -0.00166315
v -0.00117462 0.00042752 -0.00160690
v -0.00116538 0.00045209 -0.00166463
v -0.00116694 0.00044806 -0.00160813
v -0.00113454 0.00052471 -0.00166898
v -0.00113675 0.00051991 -0.00161244
v -0.00113288 0.00052827 -0.00166920
v -0.00113288 0.00052827 -0.00161295
v -0.00109929 0.00059504 -0.00167320
v -0.00110175 0.00059046 -0.00161668
v -0.00108253 0.00062500 -0.00167500
v -0.00108253 0.00062500 -0.00161875
v -0.00106063 0.00066149 -0.00167723
v -0.00106333 0.00065713 -0.00162071
v -0.00102394 0.00071697 -0.00168080
v -0.00102394 0.00071697 -0.00162455
v -0.00101801 0.00072537 -0.00168136
v -0.00102098 0.00072118 -0.00162483
v -0.00097144 0.00078664 -0.00168562
v -0.00097467 0.00078263 -0.00162908
v -0.00095756 0.00080348 -0.00168685
v -0.00095756 0.00080348 -0.00163060
v -0.00092108 0.00084505 -0.00168999
v -0.00092456 0.00084124 -0.00163345
v -0.00088388 0.00088388 -0.00169309
v -0.00088388 0.00088388 -0.00163684
v -0.00087082 0.00089676 -0.00163790
v -0.00074885 0.00100086 -0.00170361
v -0.00075319 0.00099760 -0.00164704
v -0.00071697 0.00102394 -0.00170596
v -0.00071697 0.00102394 -0.00164971
v -0.00068519 0.00104548 -0.00170826
v -0.00069328 0.00104013 -0.00165143
v -0.00062716 0.00108128 -0.00165610
v -0.00062500 0.00108253 -0.00171250
v -0.00062500 0.00108253 -0.00165625
v -0.00061874 0.00108612 -0.00171293
v -0.00055847 0.00111830 -0.00166078
v -0.00054975 0.00112262 -0.00171761
v -0.00052827 0.00113288 -0.00171904
v -0.00052827 0.00113288 -0.00166279
v -0.00047848 0.00115480 -0.00172228
v -0.00048748 0.00115103 -0.00166545
v -0.00042753 0.00117462 -0.00172552
v -0.00042753 0.00117462 -0.00166927
v -0.00041443 0.00117930 -0.00167009
v -0.00040520 0.00118250 -0.00172692
v -0.00033962 0.00120298 -0.00167469
v -0.00033019 0.00120560 -0.00173151
v -0.00032352 0.00120741 -0.00173191
v -0.00032352 0.00120741 -0.00167566
v -0.00025373 0.00122398 -0.00173604
v -0.00026333 0.00122195 -0.00167923
v -0.00021706 0.00123101 -0.00173815
v -0.00021706 0.00123101 -0.00168190
v -0.00017612 0.00123753 -0.00174047
v -0.00018603 0.00123608 -0.00168367
v -0.00010895 0.00124524 -0.00174420
v -0.00013192 0.00124302 -0.00168669
v -0.00010895 0.00124524 -0.00168795
v -0.00009768 0.00124618 -0.00174481
v -0.00002062 0.00124983 -0.00174892
v -0.00005324 0.00124887 -0.00169095
v 0.00000000 0.00125000 -0.00175000
v 0.00000000 0.00125000 -0.00169375
v 0.00005612 0.00124874 -0.00175295
v 0.00002394 0.00124977 -0.00169500
v 0.00010060 0.00124595 -0.00169910
v 0.00021706 0.00123101 -0.00170560
v 0.00021706 0.00123101 -0.00176185
v 0.00020899 0.00123241 -0.00176139
v 0.00017705 0.00123740 -0.00170333
v 0.00028462 0.00121717 -0.00176577
v 0.00025298 0.00122413 -0.00170767
v 0.00032352 0.00120741 -0.00176809
v 0.00032352 0.00120741 -0.00171184
v 0.00035932 0.00119724 -0.00177025
v 0.00032810 0.00120617 -0.00171211
v 0.00040212 0.00118355 -0.00171664
v 0.00052827 0.00113288 -0.00172471
v 0.00052827 0.00113288 -0.00178096
v 0.00050474 0.00114357 -0.00177942
v 0.00047475 0.00115634 -0.00172123
v 0.00057487 0.00110996 -0.00178407
v 0.00054580 0.00112455 -0.00172587
v 0.00062500 0.00108253 -0.00178750
v 0.00061475 0.00108838 -0.00173054
v 0.00062500 0.00108253 -0.00173125
v 0.00064285 0.00107203 -0.00178874
v 0.00070852 0.00102981 -0.00179342
v 0.00068144 0.00104792 -0.00173522
v 0.00071697 0.00102394 -0.00179404
v 0.00071697 0.00102394 -0.00173779
v 0.00074560 0.00100328 -0.00173989
v 0.00077154 0.00098347 -0.00179809
v 0.00080348 0.00095756 -0.00180052
v 0.00080348 0.00095756 -0.00174427
v 0.00080696 0.00095463 -0.00174454
v 0.00083165 0.00093319 -0.00180272
v 0.00088388 0.00088388 -0.00180691
v 0.00086526 0.00090213 -0.00174915
v 0.00088388 0.00088388 -0.00175066
v 0.00088860 0.00087914 -0.00180730
v 0.00094214 0.00082151 -0.00181181
v 0.00092024 0.00084596 -0.00175369
v 0.00095756 0.00080348 -0.00181315
v 0.00095756 0.00080348 -0.00175690
v 0.00097168 0.00078635 -0.00175815
v 0.00099203 0.00076051 -0.00181623
v 0.00102394 0.00071697 -0.00181920
v 0.00101880 0.00072426 -0.00176246
v 0.00102394 0.00071697 -0.00176295
v 0.00103806 0.00069637 -0.00182055
v 0.00107947 0.00063027 -0.00182468
v 0.00106238 0.00065868 -0.00176669
v 0.00108253 0.00062500 -0.00182500
v 0.00108253 0.00062500 -0.00176875
v 0.00110089 0.00059206 -0.00177073
v 0.00111649 0.00056210 -0.00182877
v 0.00113288 0.00052827 -0.00177455
v 0.00113289 0.00052827 -0.00183080
v 0.00114892 0.00049242 -0.00183295
v 0.00113517 0.00052335 -0.00177485
v 0.00116522 0.00045252 -0.00177910
v 0.00120741 0.00032352 -0.00178684
v 0.00120741 0.00032352 -0.00184309
v 0.00120079 0.00034728 -0.00184166
v 0.00119090 0.00037981 -0.00178346
v 0.00121997 0.00027236 -0.00184616
v 0.00121209 0.00030550 -0.00178792
v 0.00123101 0.00021706 -0.00184948
v 0.00122868 0.00022987 -0.00179246
v 0.00123101 0.00021706 -0.00179323
v 0.00123450 0.00019623 -0.00185073
v 0.00124430 0.00011920 -0.00185535
v 0.00124058 0.00015320 -0.00179706
v 0.00124524 0.00010894 -0.00179971
v 0.00124524 0.00010894 -0.00185596
v 0.00124743 0.00008011 -0.00180144
v 0.00124931 0.00004156 -0.00186001
v 0.00125000 0.00000227 -0.00180611
v 0.00125000 -0.00000000 -0.00186250
v 0.00125000 0.00000000 -0.00180625
v 0.00124947 -0.00003639 -0.00186468
v 0.00124770 -0.00007572 -0.00181079
v 0.00124524 -0.00010894 -0.00186904
v 0.00124524 -0.00010894 -0.00181279
v 0.00124477 -0.00011419 -0.00186935
v 0.00124053 -0.00015357 -0.00181546
v 0.00124337 -0.00012857 -0.00187021
v 0.00123289 -0.00020614 -0.00187487
v 0.00123101 -0.00021706 -0.00181927
v 0.00123101 -0.00021706 -0.00187552
v 0.00122848 -0.00023096 -0.00182011
v 0.00121753 -0.00028304 -0.00187948
v 0.00121157 -0.00030758 -0.00182471
v 0.00120741 -0.00032352 -0.00188191
v 0.00120741 -0.00032352 -0.00182566
v 0.00119735 -0.00035898 -0.00188404
v 0.00118983 -0.00038314 -0.00182924
v 0.00117462 -0.00042752 -0.00188815
v 0.00117462 -0.00042752 -0.00183190
v 0.00117238 -0.00043363 -0.00188852
v 0.00116341 -0.00045714 -0.00183368
v 0.00114270 -0.00050670 -0.00189290
v 0.00114233 -0.00050752 -0.00183670
v 0.00113288 -0.00052827 -0.00189420
v 0.00113288 -0.00052827 -0.00183795
v 0.00110845 -0.00057778 -0.00189717
v 0.00110804 -0.00057858 -0.00184096
v 0.00108253 -0.00062500 -0.00190000
v 0.00108253 -0.00062500 -0.00184375
v 0.00107067 -0.00064511 -0.00190122
v 0.00107022 -0.00064586 -0.00184502
v 0.00102906 -0.00070960 -0.00190532
v 0.00102856 -0.00071033 -0.00184911
v 0.00102394 -0.00071697 -0.00190580
v 0.00102394 -0.00071697 -0.00184955
v 0.00098347 -0.00077155 -0.00190954
v 0.00098292 -0.00077225 -0.00185334
v 0.00095756 -0.00080349 -0.00191185
v 0.00095756 -0.00080349 -0.00185560
v 0.00093360 -0.00083119 -0.00191392
v 0.00093345 -0.00083136 -0.00185769
v 0.00088388 -0.00088388 -0.00191809
v 0.00088388 -0.00088388 -0.00186184
v 0.00088048 -0.00088727 -0.00191837
v 0.00088032 -0.00088743 -0.00186213
v 0.00082388 -0.00094006 -0.00192289
v 0.00082371 -0.00094021 -0.00186666
v 0.00080348 -0.00095756 -0.00192448
v 0.00080348 -0.00095756 -0.00186823
v 0.00076400 -0.00098935 -0.00192748
v 0.00076382 -0.00098948 -0.00187125
v 0.00071697 -0.00102394 -0.00193096
v 0.00071697 -0.00102394 -0.00187471
v 0.00070105 -0.00103491 -0.00193212
v 0.00070075 -0.00103511 -0.00187589
v 0.00063526 -0.00107655 -0.00193679
v 0.00063495 -0.00107673 -0.00188056
v 0.00062500 -0.00108253 -0.00193750
v 0.00062500 -0.00108253 -0.00188125
v 0.00056687 -0.00111407 -0.00194147
v 0.00056655 -0.00111424 -0.00188524
v 0.00052827 -0.00113288 -0.00194404
v 0.00052827 -0.00113288 -0.00188779
v 0.00049613 -0.00114732 -0.00194614
v 0.00049580 -0.00114747 -0.00188991
v 0.00042753 -0.00117462 -0.00195052
v 0.00042753 -0.00117462 -0.00189427
v 0.00042298 -0.00117626 -0.00189456
v 0.00042335 -0.00117613 -0.00195079
v 0.00034836 -0.00120048 -0.00189916
v -0.00105480 -0.00067074 -0.00199094
v -0.00106293 -0.00065778 -0.00204800
v -0.00102394 -0.00071697 -0.00198795
v -0.00102394 -0.00071697 -0.00204420
v -0.00101038 -0.00073595 -0.00198667
v -0.00101942 -0.00072339 -0.00204377
v -0.00097928 -0.00077686 -0.00198383
v -0.00097175 -0.00078625 -0.00203941
v -0.00095756 -0.00080349 -0.00198190
v -0.00095756 -0.00080348 -0.00203815
v -0.00092855 -0.00083684 -0.00197939
v -0.00092032 -0.00084588 -0.00203494
v -0.00088388 -0.00088388 -0.00197566
v -0.00088388 -0.00088388 -0.00203191
v -0.00087410 -0.00089356 -0.00197486
v -0.00086534 -0.00090205 -0.00203040
v -0.00081631 -0.00094665 -0.00197027
v -0.00080704 -0.00095456 -0.00202580
v -0.00080348 -0.00095756 -0.00196927
v -0.00080348 -0.00095756 -0.00202552
v -0.00075542 -0.00099592 -0.00196562
v -0.00074569 -0.00100322 -0.00202115
v -0.00071697 -0.00102394 -0.00196279
v -0.00071697 -0.00102394 -0.00201904
v -0.00069168 -0.00104119 -0.00196095
v -0.00068154 -0.00104786 -0.00201648
v -0.00062536 -0.00108232 -0.00195628
v -0.00062500 -0.00108253 -0.00201250
v -0.00062500 -0.00108253 -0.00195625
v -0.00061485 -0.00108833 -0.00201180
v -0.00055675 -0.00111917 -0.00195160
v -0.00054590 -0.00112450 -0.00200713
v -0.00052827 -0.00113288 -0.00194971
v -0.00052827 -0.00113288 -0.00200596
v -0.00048787 -0.00115086 -0.00194707
v -0.00047497 -0.00115625 -0.00200249
v -0.00042753 -0.00117462 -0.00194323
v -0.00042753 -0.00117462 -0.00199948
v -0.00041553 -0.00117891 -0.00194247
v -0.00040235 -0.00118348 -0.00199790
v -0.00034175 -0.00120238 -0.00193794
v -0.00033643 -0.00120388 -0.00199387
v -0.00032352 -0.00120741 -0.00193684
v -0.00032352 -0.00120741 -0.00199309
v -0.00026680 -0.00122119 -0.00193348
v -0.00026140 -0.00122236 -0.00198941
v -0.00021706 -0.00123101 -0.00193060
v -0.00021706 -0.00123101 -0.00198685
v -0.00019100 -0.00123532 -0.00192911
v -0.00018554 -0.00123615 -0.00198506
v -0.00011463 -0.00124473 -0.00192486
v -0.00010914 -0.00124523 -0.00198081
v -0.00010894 -0.00124524 -0.00192455
v -0.00010894 -0.00124524 -0.00198080
v -0.00003798 -0.00124942 -0.00192074
v -0.00003249 -0.00124958 -0.00197670
v -0.00000000 -0.00125000 -0.00191875
v -0.00000000 -0.00125000 -0.00197500
v 0.00003896 -0.00124939 -0.00191671
v 0.00004454 -0.00124921 -0.00197266
v 0.00010895 -0.00124524 -0.00191295
v 0.00010895 -0.00124524 -0.00196920
v 0.00011754 -0.00124446 -0.00191248
v 0.00012318 -0.00124392 -0.00196842
v 0.00019487 -0.00123472 -0.00190817
v 0.00020139 -0.00123367 -0.00196405
v 0.00021706 -0.00123101 -0.00190690
v 0.00021706 -0.00123101 -0.00196315
v 0.00027222 -0.00122000 -0.00190370
v 0.00027866 -0.00121854 -0.00195958
v 0.00032352 -0.00120741 -0.00190066
v 0.00032352 -0.00120741 -0.00195691
v 0.00035468 -0.00119863 -0.00195503
v -0.00117462 -0.00042752 -0.00200560
v -0.00117462 -0.00042752 -0.00206185
v -0.00117079 -0.00043790 -0.00206123
v -0.00114161 -0.00050914 -0.00205695
v -0.00113288 -0.00052827 -0.00199955
v -0.00116005 -0.00046559 -0.00200331
v -0.00109419 -0.00060435 -0.00199499
v -0.00112922 -0.00053606 -0.00199909
v -0.00113288 -0.00052827 -0.00205580
v -0.00113574 -0.00052210 -0.00205617
v -0.00119557 -0.00036485 -0.00206561
v -0.00118655 -0.00039320 -0.00200766
v -0.00120741 -0.00032352 -0.00206809
v -0.00120741 -0.00032352 -0.00201184
v -0.00121583 -0.00029025 -0.00207008
v -0.00120857 -0.00031917 -0.00201210
v -0.00122600 -0.00024376 -0.00201662
v -0.00124524 -0.00010894 -0.00202471
v -0.00124524 -0.00010894 -0.00208096
v -0.00124241 -0.00013755 -0.00207925
v -0.00123876 -0.00016726 -0.00202121
v -0.00124856 -0.00006002 -0.00208390
v -0.00124677 -0.00008984 -0.00202586
v -0.00125000 0.00000000 -0.00208750
v -0.00124994 -0.00001204 -0.00203053
v -0.00125000 -0.00000000 -0.00203125
v -0.00124987 0.00001788 -0.00208857
v -0.00124632 0.00009587 -0.00209325
v -0.00124826 0.00006595 -0.00203521
v -0.00124524 0.00010894 -0.00209404
v -0.00124524 0.00010894 -0.00203779
v -0.00124170 0.00014383 -0.00203988
v -0.00123788 0.00017363 -0.00209792
v -0.00123101 0.00021706 -0.00210052
v -0.00123101 0.00021706 -0.00204427
v -0.00123026 0.00022130 -0.00204453
v -0.00122457 0.00025085 -0.00210255
v -0.00120741 0.00032352 -0.00210691
v -0.00121395 0.00029804 -0.00204913
v -0.00120741 0.00032352 -0.00205066
v -0.00120641 0.00032723 -0.00210713
v -0.00118344 0.00040246 -0.00211165
v -0.00119282 0.00037374 -0.00205367
v -0.00117462 0.00042752 -0.00211315
v -0.00117462 0.00042752 -0.00205690
v -0.00116695 0.00044803 -0.00205813
v -0.00115573 0.00047622 -0.00211607
v -0.00113288 0.00052827 -0.00211920
v -0.00114079 0.00051097 -0.00206191
v -0.00113288 0.00052827 -0.00206295
v -0.00112362 0.00054770 -0.00212036
v -0.00110630 0.00058189 -0.00206616
v -0.00027787 0.00121872 -0.00212837
v -0.00029835 0.00121387 -0.00218341
v -0.00032352 0.00120741 -0.00212566
v -0.00032352 0.00120741 -0.00218191
v -0.00035390 0.00119885 -0.00212383
v -0.00037364 0.00119285 -0.00217887
v -0.00042753 0.00117462 -0.00211927
v -0.00042753 0.00117462 -0.00217552
v -0.00042840 0.00117430 -0.00211922
v -0.00044768 0.00116708 -0.00217425
v -0.00050108 0.00114517 -0.00211457
v -0.00051983 0.00113678 -0.00216959
v -0.00052827 0.00113288 -0.00211279
v -0.00052827 0.00113288 -0.00216904
v -0.00056336 0.00111585 -0.00211045
v -0.00058982 0.00110209 -0.00216491
v -0.00062500 0.00108253 -0.00210625
v -0.00062500 0.00108253 -0.00216250
v -0.00063185 0.00107855 -0.00210577
v -0.00065737 0.00106318 -0.00216024
v -0.00069778 0.00103711 -0.00210111
v -0.00071697 0.00102394 -0.00215596
v -0.00071697 0.00102394 -0.00209971
v -0.00072225 0.00102022 -0.00215558
v -0.00076088 0.00099175 -0.00209647
v -0.00078421 0.00097340 -0.00215095
v -0.00080348 0.00095756 -0.00209323
v -0.00080348 0.00095756 -0.00214948
v -0.00082092 0.00094265 -0.00209187
v -0.00084303 0.00092293 -0.00214638
v -0.00087770 0.00089003 -0.00208734
v -0.00088388 0.00088388 -0.00214309
v -0.00088388 0.00088388 -0.00208684
v -0.00089849 0.00086903 -0.00214188
v -0.00093100 0.00083411 -0.00208290
v -0.00095042 0.00081191 -0.00213747
v -0.00095756 0.00080349 -0.00208060
v -0.00095756 0.00080348 -0.00213685
v -0.00098064 0.00077514 -0.00207855
v -0.00099862 0.00075183 -0.00213316
v -0.00102394 0.00071697 -0.00207455
v -0.00102394 0.00071697 -0.00213080
v -0.00102647 0.00071335 -0.00207431
v -0.00104295 0.00068903 -0.00212898
v -0.00106832 0.00064900 -0.00207021
v -0.00108253 0.00062500 -0.00212500
v -0.00108253 0.00062500 -0.00206875
v -0.00108324 0.00062377 -0.00212493
v -0.00111997 0.00055512 -0.00212081
v 0.00018632 0.00123604 -0.00215385
v 0.00017526 0.00123765 -0.00220948
v 0.00010992 0.00124516 -0.00214961
v 0.00010895 0.00124524 -0.00220580
v 0.00010894 0.00124524 -0.00214955
v 0.00009881 0.00124609 -0.00220525
v 0.00003327 0.00124956 -0.00214549
v 0.00002215 0.00124980 -0.00220116
v 0.00000000 0.00125000 -0.00214375
v 0.00000000 0.00125000 -0.00220000
v -0.00004374 0.00124923 -0.00214145
v -0.00005507 0.00124879 -0.00219710
v -0.00010895 0.00124524 -0.00213795
v -0.00010895 0.00124524 -0.00219420
v -0.00012237 0.00124400 -0.00213721
v -0.00013376 0.00124282 -0.00219283
v -0.00020059 0.00123380 -0.00213284
v -0.00021186 0.00123191 -0.00218845
v -0.00021706 0.00123101 -0.00213190
v -0.00021706 0.00123101 -0.00218815
v -0.00028898 0.00121614 -0.00218397
v 0.00026236 0.00122216 -0.00215822
v 0.00028395 0.00121732 -0.00215949
v 0.00032352 0.00120741 -0.00221809
v 0.00032352 0.00120741 -0.00216184
v 0.00032636 0.00120664 -0.00221826
v 0.00035866 0.00119744 -0.00216396
v 0.00040041 0.00118413 -0.00222278
v 0.00042753 0.00117462 -0.00216823
v 0.00042753 0.00117462 -0.00222448
v 0.00043214 0.00117292 -0.00216852
v 0.00047307 0.00115703 -0.00222737
v 0.00050411 0.00114384 -0.00217313
v 0.00052827 0.00113288 -0.00223096
v 0.00052827 0.00113288 -0.00217471
v 0.00054404 0.00112540 -0.00223201
v 0.00057426 0.00111028 -0.00217778
v 0.00061305 0.00108934 -0.00223667
v 0.00062500 0.00108253 -0.00218125
v 0.00062500 0.00108253 -0.00223750
v 0.00064233 0.00107234 -0.00218246
v 0.00067980 0.00104898 -0.00224135
v 0.00070802 0.00103015 -0.00218713
v 0.00071697 0.00102394 -0.00224404
v 0.00071697 0.00102394 -0.00218779
v 0.00074403 0.00100445 -0.00224603
v 0.00077106 0.00098385 -0.00219180
v 0.00080348 0.00095756 -0.00225052
v 0.00080348 0.00095756 -0.00219427
v 0.00080473 0.00095651 -0.00225062
v 0.00083119 0.00093360 -0.00219643
v 0.00086314 0.00090415 -0.00225523
v 0.00088388 0.00088388 -0.00220066
v 0.00088388 0.00088388 -0.00225691
v 0.00088817 0.00087958 -0.00220101
v 0.00091826 0.00084812 -0.00225977
v 0.00094173 0.00082198 -0.00220552
v 0.00095756 0.00080348 -0.00226315
v 0.00095756 0.00080348 -0.00220690
v 0.00096983 0.00078862 -0.00226424
v 0.00099165 0.00076101 -0.00220995
v 0.00101765 0.00072587 -0.00226860
v 0.00102394 0.00071697 -0.00221295
v 0.00102394 0.00071697 -0.00226920
v 0.00103714 0.00069774 -0.00221421
v 0.00106135 0.00066034 -0.00227284
v 0.00107867 0.00063165 -0.00221835
v 0.00108253 0.00062500 -0.00227500
v 0.00108253 0.00062500 -0.00221875
v 0.00109998 0.00059376 -0.00227687
v 0.00111537 0.00056431 -0.00222239
v 0.00113288 0.00052827 -0.00228080
v 0.00113289 0.00052827 -0.00222455
v 0.00113436 0.00052511 -0.00228099
v 0.00114794 0.00049470 -0.00222657
v 0.00116452 0.00045432 -0.00228524
v 0.00117462 0.00042753 -0.00223060
v 0.00117462 0.00042752 -0.00228685
v 0.00117623 0.00042307 -0.00223087
v 0.00119031 0.00038165 -0.00228960
v 0.00120010 0.00034967 -0.00223527
v 0.00120741 0.00032352 -0.00229309
v 0.00120741 0.00032352 -0.00223684
v 0.00121162 0.00030738 -0.00229406
v 0.00121942 0.00027479 -0.00223976
v 0.00122832 0.00023178 -0.00229859
v 0.00123101 0.00021706 -0.00224323
v 0.00123101 0.00021706 -0.00229948
v 0.00123411 0.00019870 -0.00224433
v 0.00124034 0.00015514 -0.00230319
v 0.00124406 0.00012170 -0.00224895
v 0.00124524 0.00010894 -0.00230596
v 0.00124524 0.00010894 -0.00224971
v 0.00124758 0.00007775 -0.00230784
v 0.00124922 0.00004407 -0.00225361
v 0.00124998 0.00000790 -0.00231203
v 0.00125000 -0.00000000 -0.00225625
v 0.00125000 0.00000000 -0.00231250
v 0.00124954 -0.00003386 -0.00225828
v 0.00124803 -0.00007010 -0.00231671
v 0.00124544 -0.00010670 -0.00226265
v 0.00124524 -0.00010894 -0.00231904
v 0.00124524 -0.00010894 -0.00226279
v 0.00124121 -0.00014797 -0.00232138
v 0.00123632 -0.00018441 -0.00226731
v 0.00123101 -0.00021706 -0.00232552
v 0.00123101 -0.00021706 -0.00226927
v 0.00122951 -0.00022540 -0.00232602
v 0.00122233 -0.00026153 -0.00227194
v 0.00121295 -0.00030209 -0.00233063
v 0.00120741 -0.00032352 -0.00227566
v 0.00120741 -0.00032352 -0.00233191
v 0.00120350 -0.00033777 -0.00227652
v 0.00119156 -0.00037773 -0.00233516
v 0.00117987 -0.00041281 -0.00228102
v 0.00117462 -0.00042752 -0.00233815
v 0.00117462 -0.00042752 -0.00228190
v 0.00116541 -0.00045202 -0.00233962
v 0.00115150 -0.00048635 -0.00228543
v 0.00113457 -0.00052464 -0.00234398
v 0.00113289 -0.00052827 -0.00228795
v 0.00113288 -0.00052827 -0.00234420
v 0.00111850 -0.00055809 -0.00228974
v 0.00109932 -0.00059497 -0.00234820
v 0.00108253 -0.00062500 -0.00229375
v 0.00108253 -0.00062500 -0.00235000
v 0.00108164 -0.00062655 -0.00229384
v 0.00106067 -0.00066143 -0.00235223
v 0.00104117 -0.00069171 -0.00229790
v 0.00102394 -0.00071697 -0.00235580
v 0.00102394 -0.00071697 -0.00229955
v 0.00101805 -0.00072531 -0.00235636
v 0.00099668 -0.00075440 -0.00230209
v 0.00097149 -0.00078658 -0.00236062
v 0.00095756 -0.00080348 -0.00230560
v 0.00095756 -0.00080348 -0.00236185
v 0.00094832 -0.00081437 -0.00230640
v 0.00092113 -0.00084500 -0.00236499
v 0.00089624 -0.00087135 -0.00231082
v 0.00088388 -0.00088388 -0.00236809
v 0.00088388 -0.00088388 -0.00231184
v 0.00086702 -0.00090043 -0.00236946
v 0.00086047 -0.00090669 -0.00236999
v 0.00084063 -0.00092512 -0.00231532
v 0.00080348 -0.00095756 -0.00237448
v 0.00080348 -0.00095756 -0.00231823
v 0.00080267 -0.00095824 -0.00237454
v 0.00078168 -0.00097544 -0.00231990
v 0.00074165 -0.00100621 -0.00237915
v 0.00071959 -0.00102210 -0.00232452
v 0.00071697 -0.00102394 -0.00238096
v 0.00071697 -0.00102394 -0.00232471
v 0.00067765 -0.00105038 -0.00238380
v 0.00066299 -0.00105969 -0.00232859
v 0.00062500 -0.00108253 -0.00238750
v 0.00062500 -0.00108253 -0.00233125
v 0.00061089 -0.00109055 -0.00238847
v 0.00059565 -0.00109895 -0.00233327
v 0.00054163 -0.00112656 -0.00239315
v 0.00052827 -0.00113288 -0.00233779
v 0.00052827 -0.00113288 -0.00239404
v 0.00052587 -0.00113400 -0.00233795
v 0.00047011 -0.00115823 -0.00239782
v 0.00045389 -0.00116468 -0.00234261
v 0.00042753 -0.00117462 -0.00240052
v 0.00042753 -0.00117462 -0.00234427
v 0.00039662 -0.00118541 -0.00240245
v 0.00037999 -0.00119084 -0.00234723
v 0.00032352 -0.00120741 -0.00240691
v 0.00032352 -0.00120741 -0.00235066
v 0.00032143 -0.00120797 -0.00240704
v 0.00030445 -0.00121236 -0.00235180
v 0.00024482 -0.00122579 -0.00241155
v 0.00022757 -0.00122911 -0.00235630
v 0.00021706 -0.00123101 -0.00241315
v 0.00021706 -0.00123101 -0.00235690
v 0.00016710 -0.00123878 -0.00241598
v 0.00014964 -0.00124101 -0.00236070
v 0.00010895 -0.00124524 -0.00241920
v 0.00010895 -0.00124524 -0.00236295
v 0.00008857 -0.00124686 -0.00242030
v 0.00007098 -0.00124798 -0.00236500
v 0.00001050 -0.00124996 -0.00242445
v -0.00000000 -0.00125000 -0.00236875
v -0.00000000 -0.00125000 -0.00242500
v -0.00000661 -0.00124998 -0.00236909
v -0.00006618 -0.00124825 -0.00242849
v -0.00008327 -0.00124722 -0.00237316
v -0.00010895 -0.00124524 -0.00243080
v -0.00010895 -0.00124524 -0.00237455
v -0.00014280 -0.00124182 -0.00243267
v -0.00015979 -0.00123974 -0.00237736
v -0.00021102 -0.00123206 -0.00243650
v -0.00021706 -0.00123101 -0.00238060
v -0.00021706 -0.00123101 -0.00243685
v -0.00023586 -0.00122755 -0.00238168
v -0.00028663 -0.00121669 -0.00244089
v -0.00031120 -0.00121064 -0.00238610
v -0.00032352 -0.00120741 -0.00244309
v -0.00032352 -0.00120741 -0.00238684
v -0.00036129 -0.00119665 -0.00244537
v -0.00038550 -0.00118907 -0.00239061
v -0.00042753 -0.00117462 -0.00244948
v -0.00042753 -0.00117462 -0.00239323
v -0.00043473 -0.00117197 -0.00244993
v -0.00045368 -0.00116477 -0.00239488
v -0.00050663 -0.00114273 -0.00245454
v -0.00052513 -0.00113434 -0.00239951
v -0.00052827 -0.00113288 -0.00245596
v -0.00052827 -0.00113288 -0.00239971
v -0.00057672 -0.00110901 -0.00245920
v -0.00059470 -0.00109947 -0.00240417
v -0.00062500 -0.00108253 -0.00246250
v -0.00062500 -0.00108253 -0.00240625
v -0.00064470 -0.00107091 -0.00246387
v -0.00066208 -0.00106026 -0.00240885
v -0.00071030 -0.00102858 -0.00246855
v -0.00071697 -0.00102394 -0.00241279
v -0.00071697 -0.00102394 -0.00246904
v -0.00072702 -0.00101683 -0.00241352
v -0.00077325 -0.00098213 -0.00247322
v -0.00078922 -0.00096934 -0.00241818
v -0.00080348 -0.00095756 -0.00247552
v -0.00080348 -0.00095756 -0.00241927
v -0.00083327 -0.00093175 -0.00247785
v -0.00084845 -0.00091795 -0.00242280
v -0.00088388 -0.00088388 -0.00248191
v -0.00088388 -0.00088388 -0.00242566
v -0.00089013 -0.00087759 -0.00248242
v -0.00090443 -0.00086285 -0.00242736
v -0.00094357 -0.00081987 -0.00248693
v -0.00095694 -0.00080422 -0.00243185
v -0.00095756 -0.00080348 -0.00248815
v -0.00095756 -0.00080348 -0.00243190
v -0.00099336 -0.00075877 -0.00249135
v -0.00100574 -0.00074228 -0.00243624
v -0.00102394 -0.00071697 -0.00249420
v -0.00102394 -0.00071697 -0.00243795
v -0.00103928 -0.00069455 -0.00249567
v -0.00105059 -0.00067731 -0.00244052
v -0.00108053 -0.00062845 -0.00249979
v -0.00108253 -0.00062500 -0.00244375
v -0.00108253 -0.00062500 -0.00250000
v -0.00109048 -0.00061102 -0.00244459
v -0.00111704 -0.00056100 -0.00250384
v -0.00112592 -0.00054296 -0.00244867
v -0.00113289 -0.00052827 -0.00250580
v -0.00113288 -0.00052827 -0.00244955
v -0.00114941 -0.00049129 -0.00250802
v -0.00115718 -0.00047269 -0.00245289
v -0.00117462 -0.00042752 -0.00251185
v -0.00117462 -0.00042752 -0.00245560
v -0.00117748 -0.00041957 -0.00251233
v -0.00118411 -0.00040046 -0.00245722
v -0.00120113 -0.00034610 -0.00251673
v -0.00120451 -0.00033414 -0.00246120
v -0.00120741 -0.00032352 -0.00251809
v -0.00120741 -0.00032352 -0.00246184
v -0.00122024 -0.00027115 -0.00252123
v -0.00122288 -0.00025898 -0.00246571
v -0.00123101 -0.00021706 -0.00252448
v -0.00123101 -0.00021706 -0.00246823
v -0.00123469 -0.00019501 -0.00252580
v -0.00123658 -0.00018268 -0.00247029
v -0.00124442 -0.00011797 -0.00253042
v -0.00124524 -0.00010894 -0.00247471
v -0.00124524 -0.00010894 -0.00253096
v -0.00124554 -0.00010552 -0.00247492
v -0.00124935 -0.00004032 -0.00253508
v -0.00124969 -0.00002780 -0.00247958
v -0.00125000 0.00000000 -0.00253750
v -0.00125000 -0.00000000 -0.00248125
v -0.00124943 0.00003763 -0.00253976
v -0.00124899 0.00005017 -0.00248426
v -0.00124524 0.00010894 -0.00254404
v -0.00124524 0.00010894 -0.00248779
v -0.00124464 0.00011559 -0.00254444
v -0.00124342 0.00012810 -0.00248894
v -0.00123497 0.00019324 -0.00254909
v -0.00123296 0.00020567 -0.00249359
v -0.00123101 0.00021706 -0.00255052
v -0.00123101 0.00021706 -0.00249427
v -0.00122043 0.00027028 -0.00255372
v -0.00121764 0.00028259 -0.00249821
v -0.00120741 0.00032352 -0.00255691
v -0.00120741 0.00032352 -0.00250066
v -0.00120104 0.00034640 -0.00255828
v -0.00119748 0.00035852 -0.00250276
v -0.00117687 0.00042129 -0.00256278
v -0.00117462 0.00042752 -0.00250690
v -0.00117462 0.00042752 -0.00256315
v -0.00117254 0.00043319 -0.00250724
v -0.00114797 0.00049464 -0.00256718
v -0.00114289 0.00050626 -0.00251163
v -0.00113289 0.00052827 -0.00256920
v -0.00113288 0.00052827 -0.00251295
v -0.00111445 0.00056614 -0.00257147
v -0.00110867 0.00057737 -0.00251589
v -0.00108253 0.00062500 -0.00257500
v -0.00108253 0.00062500 -0.00251875
v -0.00107722 0.00063412 -0.00257555
v -0.00107091 0.00064471 -0.00251995
v -0.00103628 0.00069901 -0.00257962
v -0.00102932 0.00070923 -0.00252404
v -0.00102394 0.00071697 -0.00258080
v -0.00102394 0.00071697 -0.00252455
v -0.00099135 0.00076140 -0.00258383
v -0.00098443 0.00077032 -0.00252821
v -0.00095756 0.00080348 -0.00258685
v -0.00095756 0.00080349 -0.00253060
v -0.00094255 0.00082104 -0.00258815
v -0.00093508 0.00082953 -0.00253255
v -0.00089006 0.00087767 -0.00259258
v -0.00088388 0.00088388 -0.00253684
v -0.00088388 0.00088388 -0.00259309
v -0.00088206 0.00088570 -0.00253699
v -0.00083405 0.00093105 -0.00259709
v -0.00082556 0.00093859 -0.00254151
v -0.00080348 0.00095756 -0.00259948
v -0.00080348 0.00095756 -0.00254323
v -0.00077473 0.00098096 -0.00260167
v -0.00076577 0.00098798 -0.00254610
v -0.00071697 0.00102394 -0.00260596
v -0.00071697 0.00102394 -0.00254971
v -0.00071230 0.00102719 -0.00260630
v -0.00070290 0.00103365 -0.00255074
v -0.00064699 0.00106953 -0.00261097
v -0.00063719 0.00107540 -0.00255540
v -0.00062500 0.00108253 -0.00261250
v -0.00062500 0.00108253 -0.00255625
v -0.00057904 0.00110780 -0.00261565
v -0.00056887 0.00111305 -0.00256008
v -0.00052827 0.00113288 -0.00261904
v -0.00052827 0.00113288 -0.00256279
v -0.00050870 0.00114181 -0.00262032
v -0.00049820 0.00114643 -0.00256476
v -0.00043623 0.00117141 -0.00262498
v -0.00042753 0.00117462 -0.00256927
v -0.00042753 0.00117462 -0.00262552
v -0.00042545 0.00117537 -0.00256940
v -0.00036191 0.00119646 -0.00262959
v -0.00035088 0.00119974 -0.00257401
v -0.00032352 0.00120741 -0.00263191
v -0.00032352 0.00120741 -0.00257566
v -0.00028603 0.00121684 -0.00263414
v -0.00027479 0.00121942 -0.00257855
v -0.00021706 0.00123101 -0.00263815
v -0.00021706 0.00123101 -0.00258190
v -0.00020887 0.00123243 -0.00263862
v -0.00019747 0.00123430 -0.00258302
v -0.00013073 0.00124315 -0.00264300
v -0.00011922 0.00124430 -0.00258738
v -0.00010895 0.00124524 -0.00264420
v -0.00010895 0.00124524 -0.00258795
v -0.00005205 0.00124892 -0.00264726
v -0.00004062 0.00124934 -0.00259162
v 0.00000000 0.00125000 -0.00265000
v 0.00000000 0.00125000 -0.00259375
v 0.00002511 0.00124975 -0.00265131
v 0.00003719 0.00124945 -0.00259570
v 0.00010177 0.00124585 -0.00265541
v 0.00010894 0.00124524 -0.00259955
v 0.00010894 0.00124524 -0.00265580
v 0.00011384 0.00124481 -0.00259982
v 0.00017821 0.00123723 -0.00265964
v 0.00019021 0.00123544 -0.00260407
v 0.00021706 0.00123101 -0.00266185
v 0.00021706 0.00123101 -0.00260560
v 0.00025413 0.00122389 -0.00266399
v 0.00026602 0.00122136 -0.00260843
v 0.00032352 0.00120741 -0.00266809
v 0.00032352 0.00120741 -0.00261184
v 0.00032924 0.00120586 -0.00266843
v 0.00034098 0.00120259 -0.00261289
v 0.00040324 0.00118317 -0.00267296
v 0.00041478 0.00117918 -0.00261743
v 0.00042753 0.00117462 -0.00267448
v 0.00042753 0.00117462 -0.00261823
v 0.00047584 0.00115589 -0.00267755
v 0.00048713 0.00115117 -0.00262203
v 0.00052827 0.00113288 -0.00268096
v 0.00052827 0.00113288 -0.00262471
v 0.00054675 0.00112409 -0.00268219
v 0.00055774 0.00111867 -0.00262667
v 0.00061565 0.00108788 -0.00268685
v 0.00062500 0.00108253 -0.00263125
v 0.00062500 0.00108253 -0.00268750
v 0.00062633 0.00108176 -0.00263134
v 0.00068231 0.00104736 -0.00269153
v 0.00069261 0.00104057 -0.00263602
v 0.00071697 0.00102394 -0.00269404
v 0.00071697 0.00102394 -0.00263779
v 0.00074643 0.00100267 -0.00269621
v 0.00075631 0.00099524 -0.00264069
v 0.00080348 0.00095756 -0.00270052
v 0.00080348 0.00095756 -0.00264427
v 0.00080775 0.00095396 -0.00270085
v 0.00081716 0.00094591 -0.00264533
v 0.00086600 0.00090141 -0.00270546
v 0.00087491 0.00089277 -0.00264993
v 0.00088388 0.00088388 -0.00270691
v 0.00088388 0.00088388 -0.00265066
v 0.00092095 0.00084520 -0.00271000
v 0.00092930 0.00083600 -0.00265446
v 0.00095756 0.00080348 -0.00271315
v 0.00095756 0.00080349 -0.00265690
v 0.00097234 0.00078553 -0.00271446
v 0.00098011 0.00077581 -0.00265890
v 0.00101996 0.00072263 -0.00271882
v 0.00102394 0.00071697 -0.00266295
v 0.00102394 0.00071697 -0.00271920
v 0.00102661 0.00071315 -0.00266320
v 0.00106342 0.00065700 -0.00272305
v 0.00106935 0.00064729 -0.00266740
v 0.00108253 0.00062500 -0.00272500
v 0.00108253 0.00062500 -0.00266875
v 0.00110181 0.00059035 -0.00272708
v 0.00110708 0.00058041 -0.00267143
v 0.00113288 0.00052827 -0.00273080
v 0.00113288 0.00052827 -0.00267455
v 0.00113598 0.00052158 -0.00273121
v 0.00114064 0.00051132 -0.00267557
v 0.00116592 0.00045069 -0.00273546
v 0.00116995 0.00044014 -0.00267984
v 0.00117462 0.00042752 -0.00273685
v 0.00117462 0.00042752 -0.00268060
v 0.00119150 0.00037794 -0.00273982
v 0.00119487 0.00036714 -0.00268422
v 0.00120741 0.00032352 -0.00274309
v 0.00120741 0.00032352 -0.00268684
v 0.00121257 0.00030360 -0.00274428
v 0.00121528 0.00029258 -0.00268869
v 0.00122904 0.00022794 -0.00274882
v 0.00123101 0.00021706 -0.00269323
v 0.00123101 0.00021706 -0.00274948
v 0.00123106 0.00021675 -0.00269324
v 0.00124082 0.00015125 -0.00275343
v 0.00124214 0.00013994 -0.00269785
v 0.00124524 0.00010894 -0.00275596
v 0.00124524 0.00010894 -0.00269971
v 0.00124782 0.00007382 -0.00275807
v 0.00124844 0.00006243 -0.00270250
v 0.00125000 -0.00000000 -0.00276250
v 0.00125000 -0.00000000 -0.00270625
v 0.00124999 -0.00000404 -0.00276274
v 0.00124990 -0.00001547 -0.00270718
v 0.00124731 -0.00008203 -0.00276742
v 0.00124650 -0.00009345 -0.00271186
v 0.00124524 -0.00010894 -0.00276904
v 0.00124524 -0.00010894 -0.00271279
v 0.00123974 -0.00015985 -0.00277209
v 0.00123822 -0.00017122 -0.00271652
v 0.00123101 -0.00021706 -0.00277552
v 0.00123101 -0.00021706 -0.00271927
v 0.00122729 -0.00023719 -0.00277673
v 0.00122506 -0.00024847 -0.00272116
v 0.00120999 -0.00031374 -0.00278132
v 0.00120741 -0.00032352 -0.00272566
v 0.00120741 -0.00032352 -0.00278191
v 0.00120705 -0.00032486 -0.00272574
v 0.00118787 -0.00038920 -0.00278585
v 0.00118531 -0.00039690 -0.00273006
v 0.00117462 -0.00042752 -0.00278815
v 0.00117462 -0.00042752 -0.00273190
v 0.00116099 -0.00046325 -0.00279029
v 0.00115795 -0.00047079 -0.00273450
v 0.00113288 -0.00052827 -0.00279420
v 0.00113288 -0.00052827 -0.00273795
v 0.00112944 -0.00053559 -0.00279464
v 0.00112593 -0.00054294 -0.00273883
v 0.00109363 -0.00060537 -0.00279882
v 0.00108976 -0.00061232 -0.00274299
v 0.00108253 -0.00062500 -0.00280000
v 0.00108253 -0.00062500 -0.00274375
v 0.00105441 -0.00067136 -0.00280285
v 0.00105014 -0.00067801 -0.00274702
v 0.00102394 -0.00071697 -0.00280580
v 0.00102394 -0.00071697 -0.00274955
v 0.00101118 -0.00073486 -0.00280700
v 0.00100650 -0.00074125 -0.00275119
v 0.00096402 -0.00079571 -0.00281128
v 0.00095895 -0.00080182 -0.00275548
v 0.00095756 -0.00080348 -0.00281185
v 0.00095756 -0.00080348 -0.00275560
v 0.00091310 -0.00085366 -0.00281566
v 0.00090765 -0.00085946 -0.00275987
v 0.00088388 -0.00088388 -0.00281809
v 0.00088388 -0.00088388 -0.00276184
v 0.00085859 -0.00090847 -0.00282014
v 0.00085278 -0.00091393 -0.00276436
v 0.00080348 -0.00095756 -0.00282448
v 0.00080348 -0.00095756 -0.00276823
v 0.00080067 -0.00095991 -0.00282469
v 0.00079452 -0.00096501 -0.00276892
v 0.00073955 -0.00100775 -0.00282930
v 0.00073308 -0.00101247 -0.00277353
v 0.00071697 -0.00102394 -0.00283096
v 0.00071697 -0.00102394 -0.00277471
v 0.00067545 -0.00105179 -0.00283396
v 0.00066869 -0.00105610 -0.00277819
v 0.00062500 -0.00108253 -0.00283750
v 0.00062500 -0.00108253 -0.00278125
v 0.00060861 -0.00109183 -0.00283863
v 0.00060158 -0.00109572 -0.00278286
v 0.00053926 -0.00112769 -0.00284331
v 0.00053199 -0.00113114 -0.00278754
v 0.00052827 -0.00113288 -0.00284404
v 0.00052827 -0.00113288 -0.00278779
v 0.00046768 -0.00115921 -0.00284798
v 0.00046021 -0.00116220 -0.00279220
v 0.00042753 -0.00117462 -0.00285052
v 0.00042753 -0.00117462 -0.00279427
v 0.00039412 -0.00118624 -0.00285261
v 0.00039170 -0.00118704 -0.00279651
v 0.00032352 -0.00120741 -0.00285691
v 0.00032352 -0.00120741 -0.00280066
v 0.00031888 -0.00120864 -0.00285719
v 0.00031640 -0.00120929 -0.00280109
v 0.00024223 -0.00122631 -0.00286170
v 0.00023972 -0.00122680 -0.00280560
v 0.00021706 -0.00123101 -0.00286315
v 0.00021706 -0.00123101 -0.00280690
v 0.00016448 -0.00123913 -0.00286613
v 0.00016193 -0.00123947 -0.00281002
v 0.00010895 -0.00124524 -0.00286920
v 0.00010895 -0.00124524 -0.00281295
v 0.00008618 -0.00124703 -0.00287043
v 0.00008336 -0.00124722 -0.00281433
v 0.00003618 -0.00124948 -0.00287310
v 0.00000543 -0.00124999 -0.00281847
v -0.00000000 -0.00125000 -0.00287500
v -0.00000000 -0.00125000 -0.00281875
v -0.00004072 -0.00124934 -0.00287714
v -0.00007124 -0.00124797 -0.00282251
v -0.00010895 -0.00124524 -0.00288080
v -0.00010895 -0.00124524 -0.00282455
v -0.00011736 -0.00124448 -0.00288126
v -0.00014780 -0.00124123 -0.00282669
v -0.00019372 -0.00123490 -0.00288552
v -0.00021706 -0.00123101 -0.00283060
v -0.00021706 -0.00123101 -0.00288685
v -0.00022396 -0.00122977 -0.00283099
v -0.00026950 -0.00122060 -0.00288989
v -0.00029943 -0.00121361 -0.00283540
v -0.00032352 -0.00120741 -0.00289309
v -0.00032352 -0.00120741 -0.00283684
v -0.00034441 -0.00120162 -0.00289435
v -0.00037393 -0.00119276 -0.00283990
v -0.00041815 -0.00117799 -0.00289889
v -0.00042753 -0.00117462 -0.00284323
v -0.00042753 -0.00117462 -0.00289948
v -0.00043594 -0.00117152 -0.00284376
v -0.00049042 -0.00114978 -0.00290349
v -0.00050782 -0.00114220 -0.00284837
v -0.00052827 -0.00113288 -0.00290596
v -0.00052827 -0.00113288 -0.00284971
v -0.00056095 -0.00111707 -0.00290814
v -0.00057787 -0.00110841 -0.00285302
v -0.00062500 -0.00108253 -0.00291250
v -0.00062500 -0.00108253 -0.00285625
v -0.00062944 -0.00107996 -0.00291281
v -0.00064582 -0.00107024 -0.00285770
v -0.00069560 -0.00103857 -0.00291749
v -0.00071138 -0.00102783 -0.00286238
v -0.00071697 -0.00102394 -0.00291904
v -0.00071697 -0.00102394 -0.00286279
v -0.00075918 -0.00099305 -0.00292216
v -0.00077427 -0.00098132 -0.00286704
v -0.00080348 -0.00095756 -0.00292552
v -0.00080348 -0.00095756 -0.00286927
v -0.00081989 -0.00094355 -0.00292680
v -0.00083425 -0.00093087 -0.00287167
v -0.00087749 -0.00089023 -0.00293139
v -0.00088388 -0.00088388 -0.00287566
v -0.00088388 -0.00088388 -0.00293191
v -0.00089105 -0.00087666 -0.00287625
v -0.00093172 -0.00083330 -0.00293591
v -0.00094443 -0.00081887 -0.00288076
v -0.00095756 -0.00080349 -0.00293815
v -0.00095756 -0.00080348 -0.00288190
v -0.00098236 -0.00077296 -0.00294036
v -0.00099416 -0.00075773 -0.00288518
v -0.00102394 -0.00071697 -0.00294420
v -0.00102394 -0.00071697 -0.00288795
v -0.00102918 -0.00070942 -0.00294470
v -0.00104001 -0.00069345 -0.00288949
v -0.00107164 -0.00064350 -0.00294888
v -0.00108120 -0.00062730 -0.00289361
v -0.00108253 -0.00062500 -0.00295000
v -0.00108253 -0.00062500 -0.00289375
v -0.00110911 -0.00057651 -0.00295291
v -0.00111530 -0.00056444 -0.00289738
v -0.00113288 -0.00052827 -0.00295580
v -0.00113289 -0.00052827 -0.00289955
v -0.00114243 -0.00050729 -0.00295706
v -0.00114788 -0.00049484 -0.00290156
v -0.00117150 -0.00043600 -0.00296134
v -0.00117462 -0.00042753 -0.00290560
v -0.00117462 -0.00042752 -0.00296185
v -0.00117618 -0.00042321 -0.00290586
v -0.00119616 -0.00036290 -0.00296573
v -0.00120005 -0.00034982 -0.00291026
v -0.00120741 -0.00032352 -0.00296809
v -0.00120741 -0.00032352 -0.00291184
v -0.00121631 -0.00028827 -0.00297020
v -0.00121939 -0.00027494 -0.00291475
v -0.00123101 -0.00021706 -0.00297448
v -0.00123101 -0.00021706 -0.00291823
v -0.00123183 -0.00021238 -0.00297476
v -0.00123408 -0.00019886 -0.00291932
v -0.00124263 -0.00013551 -0.00297937
v -0.00124405 -0.00012185 -0.00292394
v -0.00124524 -0.00010894 -0.00298096
v -0.00124524 -0.00010894 -0.00292471
v -0.00124865 -0.00005798 -0.00298402
v -0.00124922 -0.00004423 -0.00292860
v -0.00125000 0.00000000 -0.00298750
v -0.00125000 0.00000000 -0.00293125
v -0.00124984 0.00001994 -0.00298870
v -0.00124955 0.00003372 -0.00293327
v -0.00124616 0.00009792 -0.00299338
v -0.00124524 0.00010894 -0.00293779
v -0.00124524 0.00010894 -0.00299404
v -0.00124500 0.00011168 -0.00293795
v -0.00123759 0.00017567 -0.00299804
v -0.00123557 0.00018936 -0.00294261
v -0.00123101 0.00021706 -0.00300052
v -0.00123101 0.00021706 -0.00294427
v -0.00122415 0.00025287 -0.00300267
v -0.00122138 0.00026597 -0.00294721
v -0.00120741 0.00032352 -0.00300691
v -0.00120741 0.00032352 -0.00295066
v -0.00120586 0.00032923 -0.00300725
v -0.00120226 0.00034215 -0.00295178
v -0.00118277 0.00040442 -0.00301177
v -0.00117835 0.00041711 -0.00295628
v -0.00117462 0.00042752 -0.00301315
v -0.00117462 0.00042752 -0.00295690
v -0.00115494 0.00047815 -0.00301619
v -0.00114972 0.00049056 -0.00296068
v -0.00113288 0.00052827 -0.00301920
v -0.00113289 0.00052827 -0.00296295
v -0.00112245 0.00055010 -0.00302051
v -0.00111645 0.00056218 -0.00296498
v -0.00108594 0.00061906 -0.00302464
v -0.00108253 0.00062500 -0.00296875
v -0.00108253 0.00062500 -0.00302500
v -0.00107940 0.00063039 -0.00296907
v -0.00104593 0.00068449 -0.00302869
v -0.00103870 0.00069542 -0.00297314
v -0.00102394 0.00071697 -0.00303080
v -0.00102394 0.00071697 -0.00297455
v -0.00100189 0.00074748 -0.00303286
v -0.00099398 0.00075796 -0.00297734
v -0.00095756 0.00080348 -0.00303685
v -0.00095756 0.00080348 -0.00298060
v -0.00095395 0.00080776 -0.00303716
v -0.00094540 0.00081776 -0.00298166
v -0.00090229 0.00086509 -0.00304157
v -0.00089311 0.00087456 -0.00298608
v -0.00088388 0.00088388 -0.00304309
v -0.00088388 0.00088388 -0.00298684
v -0.00084706 0.00091923 -0.00304606
v -0.00083730 0.00092813 -0.00299059
v -0.00080348 0.00095756 -0.00304948
v -0.00080348 0.00095756 -0.00299323
v -0.00078847 0.00096995 -0.00305063
v -0.00077799 0.00097838 -0.00299518
v -0.00072673 0.00101704 -0.00305525
v -0.00071697 0.00102394 -0.00299971
v -0.00071697 0.00102394 -0.00305596
v -0.00071572 0.00102481 -0.00299980
v -0.00066206 0.00106027 -0.00305991
v -0.00065056 0.00106737 -0.00300447
v -0.00062500 0.00108253 -0.00306250
v -0.00062500 0.00108253 -0.00300625
v -0.00059928 0.00109698 -0.00306427
v -0.00058274 0.00110585 -0.00300915
v -0.00052961 0.00113226 -0.00306895
v -0.00052827 0.00113288 -0.00301279
v -0.00052827 0.00113288 -0.00306904
v -0.00051253 0.00114010 -0.00301382
v -0.00045774 0.00116317 -0.00307361
v -0.00044017 0.00116994 -0.00301848
v -0.00042753 0.00117462 -0.00307552
v -0.00042753 0.00117462 -0.00301927
v -0.00038394 0.00118958 -0.00307824
v -0.00036594 0.00119524 -0.00302309
v -0.00032352 0.00120741 -0.00308191
v -0.00032352 0.00120741 -0.00302566
v -0.00030848 0.00121134 -0.00308281
v -0.00029013 0.00121586 -0.00302765
v -0.00023166 0.00122835 -0.00308731
v -0.00021706 0.00123101 -0.00303190
v -0.00021706 0.00123101 -0.00308815
v -0.00021303 0.00123171 -0.00303213
v -0.00015378 0.00124050 -0.00309172
v -0.00013494 0.00124270 -0.00303652
v -0.00010895 0.00124524 -0.00309420
v -0.00010895 0.00124524 -0.00303795
v -0.00007515 0.00124774 -0.00309603
v -0.00005624 0.00124873 -0.00304079
v 0.00000000 0.00125000 -0.00310000
v 0.00000000 0.00125000 -0.00304375
v 0.00000255 0.00125000 -0.00310013
v 0.00002173 0.00124981 -0.00304488
v 0.00007922 0.00124749 -0.00310419
v 0.00009839 0.00124612 -0.00304898
v 0.00010895 0.00124524 -0.00310580
v 0.00010895 0.00124524 -0.00304955
v 0.00015575 0.00124026 -0.00310839
v 0.00017484 0.00123771 -0.00305320
v 0.00021706 0.00123101 -0.00311185
v 0.00021706 0.00123101 -0.00305560
v 0.00023186 0.00122831 -0.00311270
v 0.00025079 0.00122458 -0.00305754
v 0.00030724 0.00121165 -0.00311711
v 0.00032352 0.00120741 -0.00306184
v 0.00032352 0.00120741 -0.00311809
v 0.00032594 0.00120676 -0.00306198
v 0.00038159 0.00119033 -0.00312162
v 0.00040000 0.00118427 -0.00306651
v 0.00042753 0.00117462 -0.00312448
v 0.00042753 0.00117462 -0.00306823
v 0.00045464 0.00116439 -0.00312619
v 0.00047267 0.00115719 -0.00307109
v 0.00052607 0.00113391 -0.00313082
v 0.00052827 0.00113288 -0.00307471
v 0.00052827 0.00113288 -0.00313096
v 0.00054365 0.00112558 -0.00307573
v 0.00059561 0.00109898 -0.00313548
v 0.00061267 0.00108956 -0.00308040
v 0.00062500 0.00108253 -0.00313750
v 0.00062500 0.00108253 -0.00308125
v 0.00066296 0.00105971 -0.00314016
v 0.00067944 0.00104922 -0.00308508
v 0.00071697 0.00102394 -0.00314404
v 0.00071697 0.00102394 -0.00308779
v 0.00072786 0.00101623 -0.00314483
v 0.00074368 0.00100471 -0.00308975
v 0.00079003 0.00096868 -0.00314949
v 0.00080348 0.00095756 -0.00309427
v 0.00080348 0.00095756 -0.00315052
v 0.00080508 0.00095621 -0.00309440
v 0.00084921 0.00091724 -0.00315411
v 0.00085461 0.00091222 -0.00309829
v 0.00088388 0.00088388 -0.00315691
v 0.00088388 0.00088388 -0.00310066
v 0.00090515 0.00086209 -0.00315867
v 0.00091023 0.00085673 -0.00310285
v 0.00095761 0.00080342 -0.00316316
v 0.00069389 -0.00103972 -0.00328264
v 0.00062691 -0.00108143 -0.00323112
v 0.00062780 -0.00108091 -0.00328731
v 0.00062500 -0.00108253 -0.00323125
v 0.00062500 -0.00108253 -0.00328750
v 0.00095756 0.00080348 -0.00310690
v 0.00096235 0.00079773 -0.00310732
v 0.00100636 0.00074144 -0.00316755
v 0.00101074 0.00073546 -0.00311171
v 0.00102394 0.00071697 -0.00316920
v 0.00102394 0.00071697 -0.00311295
v 0.00105116 0.00067643 -0.00317183
v 0.00105513 0.00067023 -0.00311597
v 0.00108253 0.00062500 -0.00317500
v 0.00108253 0.00062500 -0.00311875
v 0.00109098 0.00061013 -0.00317589
v 0.00109448 0.00060383 -0.00312002
v 0.00112636 0.00054204 -0.00317998
v 0.00112948 0.00053552 -0.00312412
v 0.00113288 0.00052827 -0.00318080
v 0.00113288 0.00052827 -0.00312455
v 0.00115757 0.00047174 -0.00318420
v 0.00116028 0.00046504 -0.00312835
v 0.00117462 0.00042752 -0.00318685
v 0.00117462 0.00042752 -0.00313060
v 0.00118444 0.00039951 -0.00318853
v 0.00118673 0.00039264 -0.00313269
v 0.00120685 0.00032561 -0.00319296
v 0.00120741 0.00032352 -0.00313684
v 0.00120741 0.00032352 -0.00319309
v 0.00120872 0.00031859 -0.00313713
v 0.00122468 0.00025031 -0.00319748
v 0.00122612 0.00024317 -0.00314166
v 0.00123101 0.00021706 -0.00319948
v 0.00123101 0.00021706 -0.00314323
v 0.00123785 0.00017389 -0.00320207
v 0.00123887 0.00016642 -0.00314626
v 0.00124524 0.00010894 -0.00320596
v 0.00124524 0.00010894 -0.00314971
v 0.00124626 0.00009665 -0.00320670
v 0.00124682 0.00008912 -0.00315090
v 0.00124986 0.00001889 -0.00321137
v 0.00124995 0.00001132 -0.00315557
v 0.00125000 0.00000000 -0.00321250
v 0.00125000 0.00000000 -0.00315625
v 0.00124860 -0.00005910 -0.00321605
v 0.00124822 -0.00006667 -0.00316025
v 0.00124524 -0.00010894 -0.00321904
v 0.00124524 -0.00010894 -0.00316279
v 0.00124247 -0.00013700 -0.00322072
v 0.00124161 -0.00014455 -0.00316492
v 0.00123146 -0.00021452 -0.00322537
v 0.00123101 -0.00021706 -0.00316927
v 0.00123101 -0.00021706 -0.00322552
v 0.00123013 -0.00022201 -0.00316957
v 0.00121558 -0.00029133 -0.00322998
v 0.00121378 -0.00029874 -0.00317417
v 0.00120741 -0.00032352 -0.00323191
v 0.00120741 -0.00032352 -0.00317566
v 0.00119487 -0.00036714 -0.00323453
v 0.00119260 -0.00037443 -0.00317872
v 0.00117462 -0.00042752 -0.00323815
v 0.00117462 -0.00042752 -0.00318190
v 0.00116938 -0.00044164 -0.00323900
v 0.00116666 -0.00044878 -0.00318318
v 0.00113920 -0.00051451 -0.00324337
v 0.00113602 -0.00052149 -0.00318754
v 0.00113288 -0.00052827 -0.00324420
v 0.00113288 -0.00052827 -0.00318795
v 0.00110451 -0.00058529 -0.00324762
v 0.00110094 -0.00059197 -0.00319177
v 0.00108253 -0.00062500 -0.00325000
v 0.00108253 -0.00062500 -0.00319375
v 0.00106592 -0.00065293 -0.00325170
v 0.00106538 -0.00065381 -0.00319551
v 0.00102394 -0.00071697 -0.00325580
v 0.00102394 -0.00071697 -0.00319955
v 0.00102382 -0.00071714 -0.00325581
v 0.00102323 -0.00071798 -0.00319962
v 0.00097776 -0.00077877 -0.00326006
v 0.00097712 -0.00077958 -0.00320386
v 0.00095756 -0.00080348 -0.00326185
v 0.00095756 -0.00080348 -0.00320560
v 0.00092789 -0.00083756 -0.00326441
v 0.00092720 -0.00083833 -0.00320822
v 0.00088388 -0.00088388 -0.00326809
v 0.00088388 -0.00088388 -0.00321184
v 0.00087438 -0.00089329 -0.00326886
v 0.00087363 -0.00089401 -0.00321267
v 0.00081740 -0.00094570 -0.00327340
v 0.00081661 -0.00094638 -0.00321721
v 0.00080348 -0.00095756 -0.00327448
v 0.00080348 -0.00095756 -0.00321823
v 0.00075717 -0.00099458 -0.00327799
v 0.00075634 -0.00099521 -0.00322181
v 0.00071697 -0.00102394 -0.00328096
v 0.00071697 -0.00102394 -0.00322471
v 0.00069302 -0.00104030 -0.00322645
v 0.00055914 -0.00111797 -0.00329199
v 0.00056626 -0.00111438 -0.00323526
v 0.00052827 -0.00113288 -0.00329404
v 0.00052827 -0.00113288 -0.00323779
v 0.00048816 -0.00115074 -0.00329666
v 0.00049551 -0.00114759 -0.00323993
v 0.00042753 -0.00117462 -0.00330052
v 0.00042753 -0.00117462 -0.00324427
v 0.00042268 -0.00117637 -0.00324458
v 0.00041513 -0.00117905 -0.00330130
v 0.00034805 -0.00120057 -0.00324918
v 0.00034034 -0.00120278 -0.00330590
v 0.00032352 -0.00120741 -0.00330691
v 0.00032352 -0.00120741 -0.00325066
v 0.00026406 -0.00122179 -0.00331043
v 0.00027191 -0.00122007 -0.00325372
v 0.00021706 -0.00123101 -0.00331315
v 0.00021706 -0.00123101 -0.00325690
v 0.00018658 -0.00123600 -0.00331488
v 0.00019454 -0.00123477 -0.00325818
v 0.00010894 -0.00124524 -0.00331920
v 0.00011626 -0.00124458 -0.00326255
v 0.00010894 -0.00124524 -0.00326295
v 0.00010823 -0.00124531 -0.00331924
v 0.00003768 -0.00124943 -0.00326678
v 0.00002976 -0.00124965 -0.00332344
v -0.00012369 -0.00124387 -0.00333161
v -0.00018671 -0.00123598 -0.00327887
v -0.00020001 -0.00123389 -0.00333588
v -0.00021706 -0.00123101 -0.00328060
v -0.00021706 -0.00123101 -0.00333685
v -0.00000000 -0.00125000 -0.00332500
v -0.00000000 -0.00125000 -0.00326875
v -0.00004706 -0.00124911 -0.00332747
v -0.00003367 -0.00124955 -0.00327051
v -0.00010895 -0.00124524 -0.00333080
v -0.00010894 -0.00124524 -0.00327455
v -0.00011032 -0.00124512 -0.00327463
v -0.00035055 -0.00119984 -0.00334472
v -0.00041142 -0.00118035 -0.00329222
v -0.00042418 -0.00117583 -0.00334927
v -0.00042753 -0.00117462 -0.00329323
v -0.00042753 -0.00117462 -0.00334948
v -0.00027573 -0.00121921 -0.00334025
v -0.00026256 -0.00122211 -0.00328323
v -0.00032352 -0.00120741 -0.00334309
v -0.00032352 -0.00120741 -0.00328684
v -0.00033756 -0.00120356 -0.00328768
v -0.00049633 -0.00114724 -0.00335387
v -0.00048384 -0.00115256 -0.00329681
v -0.00052827 -0.00113288 -0.00335596
v -0.00052827 -0.00113288 -0.00329971
v -0.00056669 -0.00111416 -0.00335852
v -0.00055454 -0.00112026 -0.00330146
v -0.00062321 -0.00108356 -0.00330613
v -0.00062500 -0.00108253 -0.00336250
v -0.00062500 -0.00108253 -0.00330625
v -0.00063500 -0.00107670 -0.00336319
v -0.00068206 -0.00104752 -0.00331027
v -0.00070096 -0.00103497 -0.00336787
v -0.00071697 -0.00102394 -0.00336904
v -0.00071697 -0.00102394 -0.00331279
v -0.00076431 -0.00098911 -0.00337254
v -0.00074619 -0.00100284 -0.00331494
v -0.00080348 -0.00095756 -0.00337552
v -0.00080348 -0.00095756 -0.00331927
v -0.00080752 -0.00095415 -0.00331959
v -0.00082477 -0.00093928 -0.00337718
v -0.00086579 -0.00090162 -0.00332419
v -0.00088210 -0.00088566 -0.00338177
v -0.00088388 -0.00088388 -0.00338191
v -0.00088388 -0.00088388 -0.00332566
v -0.00093605 -0.00082844 -0.00338629
v -0.00092074 -0.00084542 -0.00332873
v -0.00095756 -0.00080349 -0.00338815
v -0.00095756 -0.00080348 -0.00333190
v -0.00097215 -0.00078576 -0.00333319
v -0.00098638 -0.00076782 -0.00339072
v -0.00101978 -0.00072287 -0.00333755
v -0.00102394 -0.00071697 -0.00339420
v -0.00102394 -0.00071697 -0.00333795
v -0.00103288 -0.00070403 -0.00339505
v -0.00106327 -0.00065724 -0.00334178
v -0.00107491 -0.00063802 -0.00339921
v -0.00114500 -0.00050148 -0.00340741
v -0.00116379 -0.00045616 -0.00335388
v -0.00117370 -0.00043003 -0.00341170
v -0.00117462 -0.00042752 -0.00335560
v -0.00117462 -0.00042753 -0.00341185
v -0.00108253 -0.00062500 -0.00340000
v -0.00108253 -0.00062500 -0.00334375
v -0.00111202 -0.00057088 -0.00340325
v -0.00109904 -0.00059549 -0.00334552
v -0.00113289 -0.00052827 -0.00340580
v -0.00113288 -0.00052827 -0.00334955
v -0.00113353 -0.00052690 -0.00334964
v -0.00119800 -0.00035679 -0.00341609
v -0.00118970 -0.00038354 -0.00335824
v -0.00120741 -0.00032352 -0.00341809
v -0.00120741 -0.00032352 -0.00336184
v -0.00121777 -0.00028204 -0.00342058
v -0.00124894 -0.00005155 -0.00343441
v -0.00124524 -0.00010894 -0.00343096
v -0.00124524 -0.00010894 -0.00337471
v -0.00124331 -0.00012913 -0.00342975
v -0.00124009 -0.00015712 -0.00337182
v -0.00123290 -0.00020606 -0.00342514
v -0.00123101 -0.00021706 -0.00336823
v -0.00123101 -0.00021706 -0.00342448
v -0.00122795 -0.00023374 -0.00336723
v -0.00121113 -0.00030931 -0.00336269
v 0.00095756 -0.00080348 -0.00365560
v 0.00094234 -0.00082128 -0.00365692
v 0.00088983 -0.00087789 -0.00366135
v 0.00099115 -0.00076166 -0.00365260
v 0.00102394 -0.00071697 -0.00364955
v 0.00108253 -0.00062500 -0.00364375
v 0.00107706 -0.00063439 -0.00364432
v 0.00103611 -0.00069927 -0.00364839
v 0.00116674 -0.00044857 -0.00363316
v 0.00113612 -0.00052128 -0.00363753
v 0.00113288 -0.00052827 -0.00363795
v 0.00110104 -0.00059178 -0.00364176
v 0.00121383 -0.00029852 -0.00362416
v 0.00120741 -0.00032352 -0.00362566
v 0.00119267 -0.00037422 -0.00362870
v 0.00117462 -0.00042752 -0.00363190
v 0.00123017 -0.00022179 -0.00361956
v 0.00123101 -0.00021706 -0.00361927
v 0.00124164 -0.00014433 -0.00361491
v 0.00124524 -0.00010894 -0.00361279
v -0.00124745 -0.00007974 -0.00337647
v -0.00125000 -0.00000192 -0.00338113
v -0.00125000 0.00000000 -0.00343750
v -0.00125000 -0.00000000 -0.00338125
v -0.00124972 0.00002630 -0.00343908
v -0.00124820 0.00006705 -0.00338527
v -0.00124564 0.00010427 -0.00344376
v -0.00124524 0.00010894 -0.00338779
v -0.00124524 0.00010894 -0.00344404
v -0.00124157 0.00014493 -0.00338995
v -0.00123668 0.00018199 -0.00344842
v -0.00123101 0.00021706 -0.00339427
v -0.00123101 0.00021706 -0.00345052
v -0.00123006 0.00022239 -0.00339459
v -0.00122284 0.00025914 -0.00345305
v -0.00121369 0.00029911 -0.00339920
v -0.00120741 0.00032352 -0.00345691
v -0.00120741 0.00032352 -0.00340066
v -0.00120416 0.00033541 -0.00345762
v -0.00119249 0.00037480 -0.00340374
v -0.00118068 0.00041049 -0.00346213
v -0.00117462 0.00042752 -0.00340690
v -0.00117462 0.00042752 -0.00346315
v -0.00116652 0.00044914 -0.00340820
v -0.00115246 0.00048409 -0.00346655
v -0.00113586 0.00052184 -0.00341256
v -0.00113289 0.00052827 -0.00346920
v -0.00113288 0.00052827 -0.00341295
v -0.00111960 0.00055588 -0.00347085
v -0.00110076 0.00059231 -0.00341679
v -0.00108283 0.00062448 -0.00347497
v -0.00108253 0.00062500 -0.00341875
v -0.00108253 0.00062500 -0.00347500
v -0.00106516 0.00065417 -0.00342053
v -0.00104249 0.00068971 -0.00347902
v -0.00102394 0.00071697 -0.00342455
v -0.00102394 0.00071697 -0.00348080
v -0.00102299 0.00071833 -0.00342464
v -0.00099813 0.00075249 -0.00348321
v -0.00097686 0.00077990 -0.00342889
v -0.00095756 0.00080348 -0.00348685
v -0.00095756 0.00080348 -0.00343060
v -0.00094989 0.00081254 -0.00348752
v -0.00092691 0.00083865 -0.00343325
v -0.00089792 0.00086962 -0.00349193
v -0.00088388 0.00088388 -0.00343684
v -0.00088388 0.00088388 -0.00349309
v -0.00087333 0.00089431 -0.00343770
v -0.00084242 0.00092349 -0.00349643
v -0.00081629 0.00094666 -0.00344223
v -0.00080348 0.00095756 -0.00349948
v -0.00080348 0.00095756 -0.00344323
v -0.00078356 0.00097392 -0.00350100
v -0.00075600 0.00099547 -0.00344683
v -0.00072157 0.00102070 -0.00350563
v -0.00071697 0.00102394 -0.00344971
v -0.00071697 0.00102394 -0.00350596
v -0.00069267 0.00104053 -0.00345147
v -0.00065667 0.00106362 -0.00351029
v -0.00062654 0.00108164 -0.00345614
v -0.00062500 0.00108253 -0.00351250
v -0.00062500 0.00108253 -0.00345625
v -0.00058908 0.00110249 -0.00351496
v -0.00056592 0.00111456 -0.00346028
v -0.00052827 0.00113288 -0.00351904
v -0.00052827 0.00113288 -0.00346279
v -0.00051908 0.00113713 -0.00351964
v -0.00049516 0.00114775 -0.00346495
v -0.00044690 0.00116738 -0.00352430
v -0.00042753 0.00117462 -0.00346927
v -0.00042753 0.00117462 -0.00352552
v -0.00042232 0.00117650 -0.00346960
v -0.00037283 0.00119310 -0.00352892
v -0.00034768 0.00120067 -0.00347420
v -0.00032352 0.00120741 -0.00353191
v -0.00032352 0.00120741 -0.00347566
v -0.00029716 0.00121417 -0.00353348
v -0.00027153 0.00122015 -0.00347875
v -0.00022016 0.00123046 -0.00353797
v -0.00021706 0.00123101 -0.00348190
v -0.00021706 0.00123101 -0.00353815
v -0.00019416 0.00123483 -0.00348321
v -0.00014215 0.00124189 -0.00354237
v -0.00011588 0.00124462 -0.00348757
v -0.00010895 0.00124524 -0.00354420
v -0.00010894 0.00124524 -0.00348795
v -0.00006346 0.00124839 -0.00354665
v -0.00003730 0.00124944 -0.00349180
v 0.00000000 0.00125000 -0.00355000
v 0.00000000 0.00125000 -0.00349375
v 0.00001394 0.00124992 -0.00355073
v 0.00003409 0.00124954 -0.00349554
v 0.00009061 0.00124671 -0.00355481
v 0.00010894 0.00124524 -0.00349955
v 0.00010895 0.00124524 -0.00355580
v 0.00011074 0.00124509 -0.00349965
v 0.00016710 0.00123878 -0.00355902
v 0.00018713 0.00123591 -0.00350390
v 0.00021706 0.00123101 -0.00356185
v 0.00021706 0.00123101 -0.00350560
v 0.00024311 0.00122613 -0.00356335
v 0.00026297 0.00122203 -0.00350825
v 0.00031836 0.00120878 -0.00356778
v 0.00032352 0.00120741 -0.00351184
v 0.00032352 0.00120741 -0.00356809
v 0.00033797 0.00120344 -0.00351271
v 0.00039254 0.00118676 -0.00357229
v 0.00041182 0.00118021 -0.00351724
v 0.00042753 0.00117462 -0.00357448
v 0.00042753 0.00117462 -0.00351823
v 0.00046536 0.00116014 -0.00357688
v 0.00048423 0.00115240 -0.00352184
v 0.00052827 0.00113288 -0.00358096
v 0.00052827 0.00113288 -0.00352471
v 0.00053654 0.00112900 -0.00358151
v 0.00055492 0.00112007 -0.00352648
v 0.00060577 0.00109341 -0.00358617
v 0.00062358 0.00108335 -0.00353115
v 0.00062500 0.00108253 -0.00358750
v 0.00062500 0.00108253 -0.00353125
v 0.00067277 0.00105351 -0.00359085
v 0.00068238 0.00104731 -0.00353529
v 0.00071697 0.00102394 -0.00359404
v 0.00071697 0.00102394 -0.00353779
v 0.00073728 0.00100941 -0.00359553
v 0.00074650 0.00100261 -0.00353996
v 0.00079903 0.00096128 -0.00360018
v 0.00080348 0.00095756 -0.00354427
v 0.00080348 0.00095756 -0.00360052
v 0.00080782 0.00095390 -0.00354461
v 0.00085774 0.00090928 -0.00360479
v 0.00086607 0.00090135 -0.00354921
v 0.00088388 0.00088388 -0.00360691
v 0.00088388 0.00088388 -0.00355066
v 0.00091318 0.00085358 -0.00360934
v 0.00092100 0.00084513 -0.00355375
v 0.00095756 0.00080348 -0.00361315
v 0.00095756 0.00080348 -0.00355690
v 0.00096510 0.00079441 -0.00361382
v 0.00097239 0.00078546 -0.00355821
v 0.00101328 0.00073196 -0.00361819
v 0.00102001 0.00072256 -0.00356257
v 0.00102394 0.00071697 -0.00361920
v 0.00102394 0.00071697 -0.00356295
v 0.00105742 0.00066661 -0.00362245
v 0.00106347 0.00065691 -0.00356680
v 0.00108253 0.00062500 -0.00362500
v 0.00108253 0.00062500 -0.00356875
v 0.00109690 0.00059942 -0.00362653
v 0.00109924 0.00059512 -0.00357054
v 0.00113163 0.00053096 -0.00363064
v 0.00113288 0.00052827 -0.00357455
v 0.00113288 0.00052827 -0.00363080
v 0.00113370 0.00052651 -0.00357466
v 0.00116215 0.00046034 -0.00363488
v 0.00116395 0.00045577 -0.00357890
v 0.00117462 0.00042752 -0.00363685
v 0.00117462 0.00042752 -0.00358060
v 0.00118832 0.00038782 -0.00363923
v 0.00118983 0.00038314 -0.00358326
v 0.00120741 0.00032352 -0.00364309
v 0.00120741 0.00032352 -0.00358684
v 0.00121000 0.00031368 -0.00364368
v 0.00121123 0.00030890 -0.00358772
v 0.00122710 0.00023818 -0.00364821
v 0.00122803 0.00023332 -0.00359225
v 0.00123101 0.00021706 -0.00364948
v 0.00123101 0.00021706 -0.00359323
v 0.00123951 0.00016161 -0.00365280
v 0.00124014 0.00015670 -0.00359685
v 0.00124524 0.00010894 -0.00365596
v 0.00124524 0.00010894 -0.00359971
v 0.00124716 0.00008427 -0.00365744
v 0.00124748 0.00007931 -0.00360149
v 0.00124998 0.00000645 -0.00366211
v 0.00125000 0.00000149 -0.00360616
v 0.00125000 0.00000000 -0.00360625
v 0.00124823 -0.00006645 -0.00361024
v -0.00209446 -0.00106570 0.00422500
v -0.00212982 -0.00099315 0.00422500
v -0.00212982 -0.00099315 0.00400000
v -0.00011999 -0.00234693 0.00422500
v -0.00020482 -0.00234106 0.00400000
v -0.00000000 -0.00235000 0.00400000
v -0.00020482 -0.00234106 0.00422500
v -0.00033267 -0.00232633 0.00422500
v -0.00040807 -0.00231430 0.00400000
v -0.00040807 -0.00231430 0.00422500
v -0.00054296 -0.00228642 0.00422500
v -0.00060822 -0.00226993 0.00400000
v -0.00060822 -0.00226993 0.00422500
v -0.00074936 -0.00222732 0.00422500
v -0.00080375 -0.00220828 0.00400000
v -0.00080375 -0.00220828 0.00422500
v -0.00095038 -0.00214925 0.00422500
v -0.00099315 -0.00212982 0.00400000
v -0.00099315 -0.00212982 0.00422500
v -0.00114459 -0.00205242 0.00422500
v -0.00117500 -0.00203516 0.00400000
v -0.00117500 -0.00203516 0.00422500
v -0.00134790 -0.00192501 0.00422500
v -0.00134790 -0.00192501 0.00400000
v -0.00150696 -0.00180321 0.00422500
v -0.00151055 -0.00180020 0.00400000
v -0.00192501 -0.00134790 0.00422500
v -0.00192501 -0.00134790 0.00400000
v -0.00182673 -0.00147836 0.00422500
v -0.00180020 -0.00151055 0.00400000
v -0.00180020 -0.00151055 0.00422500
v -0.00166170 -0.00166170 0.00400000
v -0.00166170 -0.00166170 0.00422500
v -0.00151055 -0.00180020 0.00422500
v -0.00196195 -0.00129354 0.00422500
v -0.00196772 -0.00128475 0.00422500
v -0.00203516 -0.00117500 0.00400000
v -0.00203516 -0.00117500 0.00422500
v -0.00208583 -0.00108251 0.00422500
v -0.00216663 -0.00091007 0.00422500
v -0.00220505 -0.00081256 0.00422500
v -0.00220828 -0.00080375 0.00400000
v -0.00220828 -0.00080375 0.00422500
v -0.00226993 -0.00060822 0.00422500
v -0.00226993 -0.00060822 0.00400000
v -0.00229014 -0.00052704 0.00422500
v -0.00231430 -0.00040807 0.00400000
v -0.00230224 -0.00047140 0.00422500
v -0.00231147 -0.00042383 0.00422500
v -0.00231430 -0.00040807 0.00422500
v -0.00232639 -0.00033225 0.00422500
v -0.00234106 -0.00020482 0.00400000
v -0.00234106 -0.00020482 0.00422500
v -0.00234453 -0.00016026 0.00422500
v -0.00235000 -0.00000000 0.00400000
v -0.00235000 -0.00000000 0.00422500
v -0.00234106 0.00020482 0.00400000
v -0.00235000 0.00000094 0.00422500
v -0.00234860 0.00008115 0.00422500
v -0.00234440 0.00016217 0.00422500
v -0.00234106 0.00020482 0.00422500
v -0.00233709 0.00024600 0.00422500
v -0.00231430 0.00040807 0.00400000
v -0.00231430 0.00040807 0.00422500
v -0.00231102 0.00042622 0.00422500
v -0.00230224 0.00047140 0.00422500
v -0.00228957 0.00052950 0.00422500
v -0.00226993 0.00060822 0.00400000
v -0.00226993 0.00060822 0.00422500
v -0.00220828 0.00080375 0.00422500
v -0.00220828 0.00080375 0.00400000
v -0.00212982 0.00099315 0.00422500
v -0.00212982 0.00099315 0.00400000
v -0.00216508 0.00091375 0.00422500
v -0.00220505 0.00081256 0.00422500
v -0.00209446 0.00106570 0.00422500
v -0.00208349 0.00108700 0.00422500
v -0.00203516 0.00117500 0.00400000
v -0.00203516 0.00117500 0.00422500
v -0.00192501 0.00134790 0.00400000
v -0.00196772 0.00128475 0.00422500
v -0.00195839 0.00129893 0.00422500
v -0.00192501 0.00134790 0.00422500
v -0.00182673 0.00147836 0.00422500
v -0.00180020 0.00151055 0.00400000
v -0.00180020 0.00151055 0.00422500
v -0.00166170 0.00166170 0.00422500
v -0.00166170 0.00166170 0.00400000
v -0.00151055 0.00180020 0.00422500
v -0.00151055 0.00180020 0.00400000
v -0.00150696 0.00180321 0.00422500
v -0.00134790 0.00192501 0.00400000
v -0.00134790 0.00192501 0.00422500
v -0.00117500 0.00203516 0.00422500
v -0.00117500 0.00203516 0.00400000
v -0.00114459 0.00205242 0.00422500
v -0.00099315 0.00212982 0.00400000
v -0.00099315 0.00212982 0.00422500
v -0.00095038 0.00214925 0.00422500
v -0.00080375 0.00220828 0.00400000
v -0.00080375 0.00220828 0.00422500
v -0.00074936 0.00222732 0.00422500
v -0.00060822 0.00226993 0.00400000
v -0.00060822 0.00226993 0.00422500
v -0.00054296 0.00228642 0.00422500
v -0.00040807 0.00231430 0.00400000
v -0.00040807 0.00231430 0.00422500
v -0.00033267 0.00232633 0.00422500
v -0.00020482 0.00234106 0.00400000
v -0.00020482 0.00234106 0.00422500
v -0.00011999 0.00234693 0.00422500
v 0.00000000 0.00235000 0.00400000
v 0.00000000 0.00235000 0.00422500
v 0.00009355 0.00234814 0.00422500
v 0.00020482 0.00234106 0.00400000
v 0.00020482 0.00234106 0.00422500
v 0.00030642 0.00232994 0.00422500
v 0.00040807 0.00231430 0.00400000
v 0.00040807 0.00231430 0.00422500
v 0.00051709 0.00229240 0.00422500
v 0.00060822 0.00226993 0.00400000
v 0.00060822 0.00226993 0.00422500
v 0.00072406 0.00223567 0.00422500
v 0.00080375 0.00220828 0.00400000
v 0.00080375 0.00220828 0.00422500
v 0.00092585 0.00215993 0.00422500
v 0.00099315 0.00212982 0.00400000
v 0.00099315 0.00212982 0.00422500
v 0.00112100 0.00206540 0.00422500
v 0.00117500 0.00203516 0.00400000
v 0.00117500 0.00203516 0.00422500
v 0.00134790 0.00192501 0.00422500
v 0.00134790 0.00192501 0.00400000
v 0.00148580 0.00182068 0.00422500
v 0.00151055 0.00180020 0.00400000
v 0.00151055 0.00180020 0.00422500
v 0.00165278 0.00167057 0.00422500
v 0.00166170 0.00166170 0.00400000
v 0.00166170 0.00166170 0.00422500
v 0.00180020 0.00151055 0.00422500
v 0.00180020 0.00151055 0.00400000
v 0.00180806 0.00150114 0.00422500
v 0.00192501 0.00134790 0.00400000
v 0.00192501 0.00134790 0.00422500
v 0.00203516 0.00117500 0.00422500
v 0.00203516 0.00117500 0.00400000
v 0.00212982 0.00099315 0.00422500
v 0.00212982 0.00099315 0.00400000
v 0.00216508 0.00091375 0.00422500
v 0.00219283 0.00084498 0.00422500
v 0.00220828 0.00080375 0.00400000
v 0.00220828 0.00080375 0.00422500
v 0.00222153 0.00076637 0.00422500
v 0.00226993 0.00060822 0.00400000
v 0.00226993 0.00060822 0.00422500
v 0.00228957 0.00052950 0.00422500
v 0.00229150 0.00052110 0.00422500
v 0.00231102 0.00042622 0.00422500
v 0.00231430 0.00040807 0.00400000
v 0.00234106 0.00020482 0.00422500
v 0.00234106 0.00020482 0.00400000
v 0.00232609 0.00033435 0.00422500
v 0.00231430 0.00040807 0.00422500
v 0.00234440 0.00016217 0.00422500
v 0.00234860 0.00008115 0.00422500
v 0.00235000 -0.00000000 0.00400000
v 0.00235000 -0.00000000 0.00422500
v 0.00234866 -0.00007925 0.00422500
v 0.00234106 -0.00020482 0.00400000
v 0.00234106 -0.00020482 0.00422500
v 0.00233730 -0.00024394 0.00422500
v 0.00231430 -0.00040807 0.00400000
v 0.00231430 -0.00040807 0.00422500
v 0.00231147 -0.00042383 0.00422500
v 0.00226993 -0.00060822 0.00400000
v 0.00229150 -0.00052110 0.00422500
v 0.00229014 -0.00052704 0.00422500
v 0.00220828 -0.00080375 0.00422500
v 0.00220828 -0.00080375 0.00400000
v 0.00226207 -0.00063683 0.00422500
v 0.00226993 -0.00060822 0.00422500
v 0.00219283 -0.00084498 0.00422500
v 0.00216663 -0.00091007 0.00422500
v 0.00212982 -0.00099315 0.00400000
v 0.00212982 -0.00099315 0.00422500
v 0.00203516 -0.00117500 0.00422500
v 0.00203516 -0.00117500 0.00400000
v 0.00192501 -0.00134790 0.00422500
v 0.00192501 -0.00134790 0.00400000
v 0.00180806 -0.00150114 0.00422500
v 0.00180020 -0.00151055 0.00400000
v 0.00180020 -0.00151055 0.00422500
v 0.00166170 -0.00166170 0.00422500
v 0.00166170 -0.00166170 0.00400000
v 0.00165278 -0.00167057 0.00422500
v 0.00151055 -0.00180020 0.00400000
v 0.00151055 -0.00180020 0.00422500
v 0.00148580 -0.00182068 0.00422500
v 0.00134790 -0.00192501 0.00400000
v 0.00134790 -0.00192501 0.00422500
v 0.00117500 -0.00203516 0.00422500
v 0.00117500 -0.00203516 0.00400000
v 0.00112100 -0.00206540 0.00422500
v 0.00099315 -0.00212982 0.00400000
v 0.00099315 -0.00212982 0.00422500
v 0.00092585 -0.00215993 0.00422500
v 0.00080375 -0.00220828 0.00400000
v 0.00080375 -0.00220828 0.00422500
v 0.00072406 -0.00223567 0.00422500
v 0.00060822 -0.00226993 0.00400000
v 0.00060822 -0.00226993 0.00422500
v 0.00051709 -0.00229240 0.00422500
v 0.00040807 -0.00231430 0.00400000
v 0.00040807 -0.00231430 0.00422500
v 0.00030642 -0.00232994 0.00422500
v 0.00020482 -0.00234106 0.00400000
v 0.00020482 -0.00234106 0.00422500
v 0.00009355 -0.00234814 0.00422500
v 0.00000000 -0.00235000 0.00422500
v -0.00167258 -0.00162806 0.00426477
v -0.00150693 -0.00174425 0.00433294
v -0.00150693 -0.00164900 0.00448025
v -0.00074928 -0.00207703 0.00452819
v -0.00054290 -0.00212425 0.00455590
v -0.00054290 -0.00200825 0.00473530
v -0.00033263 -0.00215624 0.00457467
v -0.00033263 -0.00203850 0.00475677
v -0.00011998 -0.00217278 0.00458437
v 0.00009353 -0.00217375 0.00458494
v 0.00009353 -0.00205505 0.00476852
v 0.00195015 0.00122098 0.00434235
v 0.00193585 0.00130746 0.00426012
v 0.00180789 0.00143591 0.00432456
v 0.00207843 0.00100661 0.00432316
v 0.00206264 0.00109001 0.00426766
v 0.00206309 -0.00108828 0.00426865
v 0.00207843 -0.00100454 0.00432522
v 0.00195015 -0.00112456 0.00444657
v -0.00071697 -0.00102394 0.00550000
v -0.00074928 -0.00101005 0.00549563
v -0.00074928 -0.00119569 0.00539988
v -0.00080348 -0.00095756 0.00550000
v -0.00088388 -0.00088388 0.00550000
v -0.00095057 -0.00081173 0.00550000
v -0.00095028 -0.00097985 0.00543027
v 0.00113288 0.00052827 0.00550000
v 0.00112083 0.00058371 0.00549212
v 0.00108253 0.00062500 0.00550000
v 0.00117462 0.00042753 0.00550000
v 0.00118867 0.00038675 0.00550000
v 0.00130791 0.00037450 0.00543315
v 0.00123101 0.00021706 0.00550000
v 0.00123502 0.00019295 0.00550000
v 0.00130791 0.00018907 0.00545762
v 0.00124524 -0.00010894 0.00550000
v 0.00123571 -0.00018845 0.00550000
v 0.00130791 -0.00018467 0.00545800
v 0.00219181 0.00062167 0.00439123
v 0.00112083 0.00204235 0.00427551
v -0.00220479 -0.00069783 0.00431579
v -0.00220479 -0.00060800 0.00437247
v -0.00011998 -0.00227508 0.00439129
v 0.00009353 -0.00227610 0.00439177
v -0.00033263 -0.00225777 0.00438305
v -0.00054290 -0.00222426 0.00436712
v -0.00074928 -0.00217482 0.00434361
v -0.00095028 -0.00210979 0.00431269
v -0.00114448 -0.00202964 0.00427458
v -0.00182625 -0.00141828 0.00431645
v -0.00196683 -0.00120320 0.00433153
v -0.00209331 -0.00098914 0.00430965
v -0.00209331 -0.00089876 0.00439161
v -0.00220479 -0.00078240 0.00425153
v -0.00230046 0.00017952 0.00432749
v -0.00230046 0.00009063 0.00433922
v -0.00230046 0.00000106 0.00434320
v -0.00230046 -0.00008852 0.00433940
v -0.00230046 -0.00017744 0.00432786
v -0.00230046 -0.00026501 0.00430865
v -0.00230046 -0.00035060 0.00428193
v -0.00230046 -0.00043354 0.00424789
v -0.00230046 0.00043546 0.00424700
v -0.00230046 0.00035258 0.00428121
v -0.00230046 0.00026706 0.00430811
v -0.00220479 0.00061018 0.00437123
v -0.00220479 0.00051588 0.00442011
v -0.00209331 0.00090097 0.00438977
v -0.00220479 0.00078433 0.00424992
v -0.00196683 0.00111240 0.00442969
v -0.00209331 0.00099119 0.00430763
v -0.00182625 0.00132799 0.00443286
v -0.00196683 0.00120529 0.00432907
v -0.00167258 0.00154139 0.00439912
v -0.00182625 0.00142033 0.00431355
v -0.00167258 0.00163001 0.00426144
v -0.00150693 0.00174633 0.00432937
v -0.00114448 0.00203161 0.00427043
v -0.00131730 0.00193744 0.00424315
v -0.00095028 0.00211184 0.00430838
v -0.00074928 0.00217693 0.00433916
v -0.00054290 0.00222642 0.00436257
v -0.00033263 0.00225996 0.00437843
v -0.00011998 0.00227729 0.00438663
v 0.00009353 0.00227830 0.00438711
v 0.00030638 0.00226299 0.00437987
v 0.00051702 0.00223145 0.00436495
v 0.00072396 0.00218392 0.00434247
v 0.00092571 0.00212074 0.00431259
v 0.00128625 0.00195155 0.00425694
v 0.00130791 0.00186210 0.00439698
v 0.00148562 0.00175990 0.00433729
v 0.00165268 0.00164508 0.00427024
v 0.00219181 0.00079910 0.00426764
v 0.00207843 0.00091499 0.00440658
v 0.00228949 -0.00044365 0.00426975
v 0.00219181 -0.00052328 0.00444211
v 0.00219181 -0.00061946 0.00439250
v 0.00219181 -0.00079714 0.00426927
v 0.00207843 -0.00091274 0.00440845
v 0.00180789 -0.00134022 0.00444792
v 0.00193625 -0.00130573 0.00426167
v 0.00195015 -0.00121887 0.00434484
v 0.00165268 -0.00155338 0.00441237
v 0.00180789 -0.00143383 0.00432749
v 0.00148562 -0.00175779 0.00434089
v 0.00165268 -0.00164311 0.00427360
v 0.00112083 -0.00194863 0.00445286
v 0.00128658 -0.00195083 0.00425798
v 0.00130791 -0.00185987 0.00440078
v 0.00092571 -0.00211868 0.00431692
v 0.00112083 -0.00204037 0.00427969
v 0.00072396 -0.00218180 0.00434693
v 0.00051702 -0.00222929 0.00436951
v 0.00030638 -0.00226079 0.00438449
v 0.00009356 -0.00125137 0.00549722
v 0.00009355 -0.00124649 0.00550000
v 0.00000000 -0.00125000 0.00550000
v 0.00030648 -0.00121184 0.00550000
v 0.00021706 -0.00123101 0.00550000
v 0.00030638 -0.00124296 0.00548251
v 0.00010894 -0.00124524 0.00550000
v 0.00051702 -0.00122564 0.00545223
v 0.00051717 -0.00113800 0.00550000
v 0.00042753 -0.00117462 0.00550000
v 0.00032352 -0.00120741 0.00550000
v 0.00071697 -0.00102394 0.00550000
v 0.00062500 -0.00108253 0.00550000
v 0.00072396 -0.00119953 0.00540659
v 0.00052827 -0.00113288 0.00550000
v 0.00092571 -0.00116483 0.00534592
v 0.00073274 -0.00101271 0.00550000
v 0.00072415 -0.00101888 0.00550000
v 0.00080348 -0.00095756 0.00550000
v 0.00092571 -0.00098398 0.00543920
v 0.00088388 -0.00088388 0.00550000
v 0.00092652 -0.00083909 0.00550000
v 0.00095756 -0.00080348 0.00550000
v 0.00112083 -0.00094761 0.00536049
v 0.00096849 -0.00079027 0.00550000
v 0.00108253 -0.00062500 0.00550000
v 0.00102394 -0.00071697 0.00550000
v 0.00112083 -0.00076631 0.00543489
v 0.00119015 -0.00038214 0.00550000
v 0.00117462 -0.00042753 0.00550000
v 0.00130791 -0.00055286 0.00539384
v 0.00113288 -0.00052827 0.00550000
v 0.00112083 -0.00057925 0.00549331
v 0.00123101 -0.00021706 0.00550000
v 0.00120741 -0.00032352 0.00550000
v 0.00130791 -0.00037016 0.00543391
v 0.00125000 -0.00000000 0.00550000
v 0.00120741 0.00032352 0.00550000
v 0.00130791 0.00055713 0.00539271
v 0.00095756 0.00080348 0.00550000
v 0.00096446 0.00079518 0.00550000
v 0.00112083 0.00077066 0.00543332
v 0.00102394 0.00071697 0.00550000
v 0.00092571 0.00098833 0.00543719
v 0.00072553 0.00101789 0.00550000
v 0.00080348 0.00095756 0.00550000
v 0.00088388 0.00088388 0.00550000
v 0.00092652 0.00083909 0.00550000
v 0.00112083 0.00095180 0.00535855
v 0.00042753 0.00117462 0.00550000
v 0.00051717 0.00113800 0.00550000
v 0.00051702 0.00123002 0.00544972
v 0.00052827 0.00113288 0.00550000
v 0.00072396 0.00120382 0.00540413
v 0.00062500 0.00108253 0.00550000
v 0.00071697 0.00102394 0.00550000
v 0.00032352 0.00120741 0.00550000
v 0.00030638 0.00124740 0.00547996
v 0.00030648 0.00121184 0.00550000
v 0.00009353 0.00125584 0.00549465
v 0.00010894 0.00124524 0.00550000
v 0.00021706 0.00123101 0.00550000
v -0.00012002 0.00124422 0.00550000
v -0.00010894 0.00124524 0.00550000
v -0.00011998 0.00125529 0.00549368
v 0.00000000 0.00125000 0.00550000
v 0.00009355 0.00124649 0.00550000
v -0.00021706 0.00123101 0.00550000
v -0.00033263 0.00124573 0.00547706
v -0.00032352 0.00120741 0.00550000
v -0.00054313 0.00112584 0.00550000
v -0.00052827 0.00113288 0.00550000
v -0.00054290 0.00122725 0.00544489
v -0.00042753 0.00117462 0.00550000
v -0.00033272 0.00120491 0.00550000
v -0.00062500 0.00108253 0.00550000
v -0.00074928 0.00119997 0.00539743
v -0.00071697 0.00102394 0.00550000
v -0.00074928 0.00101452 0.00549356
v -0.00095028 0.00098418 0.00542826
v -0.00080348 0.00095756 0.00550000
v -0.00088388 0.00088388 0.00550000
v -0.00114448 0.00076660 0.00542215
v -0.00096446 0.00079518 0.00550000
v -0.00114448 0.00094679 0.00534777
v -0.00095756 0.00080348 0.00550000
v -0.00095057 0.00081173 0.00550000
v -0.00117462 0.00042753 0.00550000
v -0.00113288 0.00052827 0.00550000
v -0.00114448 0.00058064 0.00548063
v -0.00108253 0.00062500 0.00550000
v -0.00102394 0.00071697 0.00550000
v -0.00118867 0.00038675 0.00550000
v -0.00133047 0.00037210 0.00541952
v -0.00133047 0.00055355 0.00537933
v -0.00124524 0.00010894 0.00550000
v -0.00123502 0.00019295 0.00550000
v -0.00133047 0.00018785 0.00544383
v -0.00123101 0.00021706 0.00550000
v -0.00120741 0.00032352 0.00550000
v -0.00125000 -0.00000000 0.00550000
v -0.00133047 0.00000219 0.00545208
v -0.00124524 -0.00010894 0.00550000
v -0.00133047 -0.00018349 0.00544421
v -0.00123571 -0.00018845 0.00550000
v -0.00133047 -0.00036778 0.00542027
v -0.00119015 -0.00038214 0.00550000
v -0.00120741 -0.00032352 0.00550000
v -0.00123101 -0.00021706 0.00550000
v -0.00117462 -0.00042753 0.00550000
v -0.00114448 -0.00057620 0.00548182
v -0.00113288 -0.00052827 0.00550000
v -0.00108253 -0.00062500 0.00550000
v -0.00102394 -0.00071697 0.00550000
v -0.00114448 -0.00076228 0.00542371
v -0.00096849 -0.00079027 0.00550000
v -0.00095756 -0.00080348 0.00550000
v -0.00114448 -0.00094262 0.00534970
v -0.00042753 -0.00117462 0.00550000
v -0.00054290 -0.00122288 0.00544740
v -0.00033272 -0.00120491 0.00550000
v -0.00033263 -0.00124130 0.00547960
v -0.00032352 -0.00120741 0.00550000
v -0.00052827 -0.00113288 0.00550000
v -0.00054313 -0.00112584 0.00550000
v -0.00062500 -0.00108253 0.00550000
v -0.00010894 -0.00124524 0.00550000
v -0.00012002 -0.00124422 0.00550000
v -0.00012003 -0.00125081 0.00549625
v -0.00021706 -0.00123101 0.00550000
v 0.00228949 -0.00027119 0.00433193
v 0.00228949 -0.00018157 0.00435159
v 0.00219181 -0.00031987 0.00451545
v 0.00219181 -0.00021416 0.00453863
v 0.00207843 -0.00036625 0.00469033
v 0.00207843 -0.00024522 0.00471687
v 0.00195015 -0.00041001 0.00485530
v 0.00195015 -0.00027452 0.00488502
v 0.00180789 -0.00045084 0.00500920
v 0.00180789 -0.00030185 0.00504188
v 0.00165268 -0.00048843 0.00515092
v 0.00165268 -0.00032702 0.00518632
v 0.00148562 -0.00052252 0.00527944
v 0.00148562 -0.00034984 0.00531731
v 0.00228949 -0.00009058 0.00436340
v 0.00219181 -0.00010684 0.00455257
v 0.00207843 -0.00012234 0.00473283
v 0.00195015 -0.00013696 0.00490288
v 0.00180789 -0.00015059 0.00506152
v 0.00165268 -0.00016315 0.00520760
v 0.00148562 -0.00017454 0.00534008
v 0.00228949 0.00000108 0.00436729
v 0.00219181 0.00000128 0.00455715
v 0.00207843 0.00000146 0.00473807
v 0.00195015 0.00000164 0.00490876
v 0.00180789 0.00000180 0.00506798
v 0.00165268 0.00000195 0.00521460
v 0.00148562 0.00000208 0.00534756
v 0.00130791 0.00000221 0.00546592
v 0.00124524 0.00010894 0.00550000
v 0.00228949 0.00009274 0.00436321
v 0.00219181 0.00010939 0.00455235
v 0.00207843 0.00012525 0.00473257
v 0.00195015 0.00014022 0.00490260
v 0.00180789 0.00015418 0.00506121
v 0.00165268 0.00016703 0.00520726
v 0.00148562 0.00017869 0.00533972
v 0.00228949 0.00018370 0.00435121
v 0.00219181 0.00021667 0.00453819
v 0.00207843 0.00024810 0.00471637
v 0.00195015 0.00027774 0.00488446
v 0.00180789 0.00030539 0.00504126
v 0.00165268 0.00033086 0.00518565
v 0.00148562 0.00035395 0.00531659
v 0.00228949 0.00027328 0.00433138
v 0.00219181 0.00032233 0.00451479
v 0.00207843 0.00036908 0.00468957
v 0.00195015 0.00041318 0.00485446
v 0.00180789 0.00045431 0.00500828
v 0.00165268 0.00049219 0.00514992
v 0.00148562 0.00052655 0.00527837
v 0.00228949 -0.00035877 0.00430458
v 0.00219181 -0.00042317 0.00448319
v 0.00207843 -0.00059917 0.00460635
v 0.00207843 -0.00048453 0.00465339
v 0.00195015 -0.00067076 0.00476129
v 0.00195015 -0.00054243 0.00481396
v 0.00180789 -0.00073754 0.00490583
v 0.00180789 -0.00059643 0.00496374
v 0.00165268 -0.00079904 0.00503893
v 0.00165268 -0.00064616 0.00510167
v 0.00148562 -0.00085481 0.00515963
v 0.00148562 -0.00069126 0.00522675
v 0.00130791 -0.00090445 0.00526708
v 0.00130791 -0.00073141 0.00533809
v 0.00228949 0.00036080 0.00430385
v 0.00219181 0.00042557 0.00448233
v 0.00207843 0.00048728 0.00465240
v 0.00195015 0.00054550 0.00481285
v 0.00180789 0.00059981 0.00496252
v 0.00165268 0.00064983 0.00510034
v 0.00148562 0.00069518 0.00522533
v 0.00130791 0.00073555 0.00533659
v 0.00228949 0.00044561 0.00426884
v 0.00219181 0.00052560 0.00444103
v 0.00207843 0.00060182 0.00460512
v 0.00195015 0.00067372 0.00475992
v 0.00180789 0.00074080 0.00490432
v 0.00165268 0.00080257 0.00503729
v 0.00148562 0.00085859 0.00515788
v 0.00130791 0.00090845 0.00526522
v 0.00112083 0.00195096 0.00444887
v 0.00207843 -0.00070929 0.00454955
v 0.00195015 -0.00079404 0.00469770
v 0.00180789 -0.00087310 0.00483591
v 0.00165268 -0.00094590 0.00496318
v 0.00148562 -0.00101192 0.00507860
v 0.00130791 -0.00107068 0.00518133
v 0.00112083 -0.00112178 0.00527065
v 0.00207843 0.00071183 0.00454809
v 0.00195015 0.00079688 0.00469608
v 0.00180789 0.00087622 0.00483412
v 0.00165268 0.00094928 0.00496124
v 0.00148562 0.00101553 0.00507652
v 0.00130791 0.00107451 0.00517914
v 0.00112083 0.00112578 0.00526836
v 0.00092571 0.00116899 0.00534353
v 0.00072415 0.00101888 0.00550000
v 0.00148562 -0.00166180 0.00448934
v 0.00130791 -0.00175831 0.00455785
v 0.00112083 -0.00184222 0.00461742
v 0.00092571 -0.00202341 0.00449674
v 0.00092571 -0.00191292 0.00466762
v 0.00072396 -0.00208370 0.00453211
v 0.00072396 -0.00196991 0.00470808
v 0.00051702 -0.00212905 0.00455871
v 0.00051702 -0.00201279 0.00473852
v 0.00030638 -0.00215914 0.00457637
v 0.00030638 -0.00204123 0.00475871
v 0.00030638 -0.00190797 0.00493015
v 0.00051702 -0.00188138 0.00490757
v 0.00072396 -0.00184131 0.00487353
v 0.00092571 -0.00178804 0.00482828
v 0.00112083 -0.00172195 0.00477215
v 0.00130791 -0.00164352 0.00470553
v 0.00148562 -0.00155331 0.00462891
v 0.00165268 -0.00145197 0.00454283
v 0.00180789 -0.00123653 0.00455978
v 0.00165268 -0.00133963 0.00466402
v 0.00148562 -0.00143313 0.00475856
v 0.00130791 -0.00151636 0.00484271
v 0.00112083 -0.00158872 0.00491587
v 0.00092571 -0.00164970 0.00497752
v 0.00072396 -0.00169885 0.00502721
v 0.00051702 -0.00173582 0.00506460
v 0.00030638 -0.00176035 0.00508940
v 0.00195015 -0.00102180 0.00453975
v 0.00180789 -0.00112353 0.00466223
v 0.00165268 -0.00121722 0.00477502
v 0.00148562 -0.00130217 0.00487730
v 0.00130791 -0.00137780 0.00496835
v 0.00112083 -0.00144354 0.00504750
v 0.00092571 -0.00149895 0.00511421
v 0.00072396 -0.00154360 0.00516797
v 0.00051702 -0.00157720 0.00520842
v 0.00030638 -0.00159949 0.00523525
v 0.00219181 -0.00071098 0.00433474
v 0.00207843 -0.00081408 0.00448341
v 0.00195015 -0.00091135 0.00462367
v 0.00180789 -0.00100209 0.00475451
v 0.00165268 -0.00108564 0.00487499
v 0.00148562 -0.00116141 0.00498425
v 0.00130791 -0.00122886 0.00508151
v 0.00112083 -0.00128750 0.00516606
v 0.00092571 -0.00133692 0.00523731
v 0.00072396 -0.00137675 0.00529475
v 0.00051702 -0.00140671 0.00533795
v 0.00030638 -0.00142659 0.00536662
v 0.00009353 -0.00192088 0.00494112
v 0.00009353 -0.00177227 0.00510145
v 0.00009353 -0.00161031 0.00524829
v 0.00009353 -0.00143625 0.00538054
v -0.00011998 -0.00205413 0.00476787
v -0.00011998 -0.00192003 0.00494039
v -0.00011998 -0.00177148 0.00510065
v -0.00011998 -0.00160960 0.00524743
v -0.00011998 -0.00143561 0.00537962
v -0.00033263 -0.00190541 0.00492798
v -0.00054290 -0.00187714 0.00490397
v -0.00033263 -0.00175799 0.00508701
v -0.00054290 -0.00173191 0.00506064
v -0.00033263 -0.00159735 0.00523267
v -0.00054290 -0.00157364 0.00520414
v -0.00033263 -0.00142468 0.00536387
v -0.00054290 -0.00140354 0.00533338
v -0.00074928 -0.00196361 0.00470360
v -0.00074928 -0.00183541 0.00486852
v -0.00074928 -0.00169341 0.00502172
v -0.00074928 -0.00153866 0.00516202
v -0.00074928 -0.00137234 0.00528840
v -0.00095028 -0.00115994 0.00533737
v -0.00095028 -0.00133131 0.00522923
v -0.00095028 -0.00149266 0.00510663
v -0.00095028 -0.00164277 0.00497052
v -0.00095028 -0.00178053 0.00482191
v -0.00095028 -0.00190489 0.00466192
v -0.00095028 -0.00201492 0.00449175
v 0.00092571 0.00202584 0.00449260
v 0.00072396 0.00208619 0.00452784
v 0.00051702 0.00213160 0.00455436
v 0.00030638 0.00216172 0.00457195
v 0.00009353 0.00217635 0.00458049
v -0.00011998 0.00217539 0.00457993
v -0.00033263 0.00215883 0.00457026
v -0.00054290 0.00212679 0.00455155
v -0.00074928 0.00207952 0.00452394
v -0.00095028 0.00201734 0.00448763
v -0.00114448 0.00194070 0.00444287
v -0.00114448 -0.00111587 0.00526034
v -0.00114448 -0.00128073 0.00515630
v -0.00114448 -0.00143595 0.00503836
v -0.00114448 -0.00158036 0.00490742
v -0.00114448 -0.00171289 0.00476445
v -0.00114448 -0.00183253 0.00461054
v -0.00114448 -0.00193837 0.00444684
v -0.00133047 -0.00184793 0.00439378
v -0.00131793 -0.00193686 0.00424347
v -0.00133047 -0.00054931 0.00538046
v -0.00133047 -0.00072671 0.00532507
v -0.00133047 -0.00089864 0.00525451
v -0.00133047 -0.00106381 0.00516932
v -0.00133047 -0.00122097 0.00507013
v -0.00133047 -0.00136895 0.00495770
v -0.00133047 -0.00150663 0.00483286
v -0.00133047 -0.00163297 0.00469657
v -0.00133047 -0.00174702 0.00454984
v -0.00133047 0.00073083 0.00532358
v -0.00133047 0.00090262 0.00525267
v -0.00095028 0.00116409 0.00533500
v -0.00114448 0.00111986 0.00525805
v -0.00133047 0.00106761 0.00516714
v -0.00133047 0.00185015 0.00439000
v -0.00150693 -0.00154134 0.00461875
v -0.00150693 -0.00142209 0.00474739
v -0.00150693 -0.00129214 0.00486522
v -0.00150693 -0.00115246 0.00497134
v -0.00150693 -0.00100412 0.00506497
v -0.00150693 -0.00084822 0.00514538
v -0.00150693 -0.00068594 0.00521198
v -0.00150693 -0.00051849 0.00526426
v -0.00150693 -0.00034715 0.00530184
v -0.00150693 -0.00017319 0.00532443
v -0.00150693 0.00000207 0.00533186
v -0.00150693 0.00017731 0.00532407
v -0.00150693 0.00035122 0.00530113
v -0.00150693 0.00052249 0.00526320
v -0.00150693 0.00068983 0.00521057
v -0.00150693 0.00085197 0.00514364
v -0.00150693 0.00100771 0.00506291
v -0.00167258 -0.00153915 0.00440227
v -0.00167258 -0.00143867 0.00453154
v -0.00167258 -0.00132736 0.00465161
v -0.00167258 -0.00120607 0.00476159
v -0.00167258 -0.00107570 0.00486065
v -0.00167258 -0.00093723 0.00494803
v -0.00167258 -0.00079172 0.00502309
v -0.00167258 -0.00064024 0.00508525
v -0.00167258 -0.00048395 0.00513406
v -0.00167258 -0.00032402 0.00516913
v -0.00167258 -0.00016165 0.00519022
v -0.00167258 0.00000193 0.00519715
v -0.00167258 0.00016550 0.00518988
v -0.00167258 0.00032783 0.00516847
v -0.00167258 0.00048769 0.00513306
v -0.00167258 0.00064387 0.00508394
v -0.00167258 0.00079522 0.00502147
v -0.00167258 0.00094058 0.00494611
v 0.00165268 0.00155563 0.00440919
v 0.00148562 0.00166421 0.00448594
v 0.00130791 0.00176086 0.00455426
v 0.00112083 0.00184489 0.00461365
v 0.00092571 0.00191569 0.00466370
v 0.00072396 0.00197277 0.00470405
v 0.00051702 0.00201570 0.00473440
v 0.00030638 0.00204419 0.00475453
v 0.00009353 0.00205803 0.00476431
v -0.00011998 0.00205711 0.00476367
v -0.00033263 0.00204145 0.00475260
v -0.00054290 0.00201116 0.00473119
v -0.00074928 0.00196646 0.00469958
v -0.00095028 0.00190766 0.00465802
v -0.00114448 0.00183518 0.00460679
v -0.00133047 0.00174956 0.00454626
v -0.00150693 0.00165139 0.00447687
v -0.00182625 -0.00132569 0.00443557
v -0.00182625 -0.00122312 0.00454622
v -0.00182625 -0.00111135 0.00464756
v -0.00182625 -0.00099122 0.00473884
v -0.00182625 -0.00086363 0.00481936
v -0.00182625 -0.00072954 0.00488852
v -0.00182625 -0.00058996 0.00494580
v -0.00182625 -0.00044595 0.00499077
v -0.00182625 -0.00029858 0.00502309
v -0.00182625 -0.00014896 0.00504252
v -0.00182625 0.00000178 0.00504891
v -0.00182625 0.00015250 0.00504221
v -0.00182625 0.00030208 0.00502248
v -0.00182625 0.00044939 0.00498986
v -0.00182625 0.00059331 0.00494459
v -0.00182625 0.00073277 0.00488702
v -0.00182625 0.00086671 0.00481759
v -0.00167258 0.00144117 0.00452859
v -0.00150693 0.00154402 0.00461559
v -0.00133047 0.00163580 0.00469323
v -0.00114448 0.00171586 0.00476095
v -0.00095028 0.00178362 0.00481826
v -0.00074928 0.00183860 0.00486477
v -0.00054290 0.00188040 0.00490012
v -0.00033263 0.00190872 0.00492408
v -0.00011998 0.00192336 0.00493646
v 0.00009353 0.00192422 0.00493719
v 0.00030638 0.00191128 0.00492625
v 0.00051702 0.00188464 0.00490372
v 0.00072396 0.00184450 0.00486976
v 0.00092571 0.00179114 0.00482462
v 0.00112083 0.00172494 0.00476862
v 0.00130791 0.00164637 0.00470217
v 0.00148562 0.00155601 0.00462573
v 0.00165268 0.00145449 0.00453986
v 0.00180789 0.00134255 0.00444517
v -0.00196683 -0.00111011 0.00443196
v -0.00196683 -0.00100867 0.00452394
v -0.00196683 -0.00089963 0.00460678
v -0.00196683 -0.00078383 0.00467986
v -0.00196683 -0.00066214 0.00474263
v -0.00196683 -0.00053545 0.00479462
v -0.00196683 -0.00040474 0.00483544
v -0.00196683 -0.00027099 0.00486477
v -0.00196683 -0.00013520 0.00488241
v -0.00196683 0.00000161 0.00488820
v -0.00196683 0.00013841 0.00488213
v -0.00196683 0.00027417 0.00486421
v -0.00196683 0.00040786 0.00483461
v -0.00196683 0.00053849 0.00479352
v -0.00196683 0.00066506 0.00474128
v -0.00196683 0.00078663 0.00467826
v -0.00182625 0.00122565 0.00454371
v -0.00167258 0.00133010 0.00464890
v -0.00150693 0.00142503 0.00474448
v -0.00133047 0.00150974 0.00482978
v -0.00114448 0.00158363 0.00490418
v -0.00095028 0.00164617 0.00496716
v -0.00074928 0.00169691 0.00501825
v -0.00054290 0.00173549 0.00505710
v -0.00033263 0.00176163 0.00508342
v -0.00011998 0.00177514 0.00509702
v 0.00009353 0.00177593 0.00509782
v 0.00030638 0.00176399 0.00508579
v 0.00051702 0.00173941 0.00506104
v 0.00072396 0.00170236 0.00502373
v 0.00092571 0.00165310 0.00497414
v 0.00112083 0.00159200 0.00491262
v 0.00130791 0.00151949 0.00483960
v 0.00148562 0.00143609 0.00475562
v 0.00165268 0.00134240 0.00466128
v 0.00180789 0.00123908 0.00455725
v 0.00195015 0.00112689 0.00444427
v -0.00209331 -0.00080160 0.00446542
v -0.00209331 -0.00069842 0.00453054
v -0.00209331 -0.00058998 0.00458647
v -0.00209331 -0.00047711 0.00463280
v -0.00209331 -0.00036064 0.00466917
v -0.00209331 -0.00024146 0.00469530
v -0.00209331 -0.00012046 0.00471102
v -0.00209331 0.00000144 0.00471618
v -0.00209331 0.00012333 0.00471077
v -0.00209331 0.00024429 0.00469481
v -0.00209331 0.00036342 0.00466843
v -0.00209331 0.00047981 0.00463182
v -0.00209331 0.00059259 0.00458527
v -0.00209331 0.00070092 0.00452911
v 0.00195015 0.00102431 0.00453766
v 0.00180789 0.00112630 0.00465993
v 0.00165268 0.00122021 0.00477253
v 0.00148562 0.00130538 0.00487463
v 0.00130791 0.00138119 0.00496553
v 0.00112083 0.00144710 0.00504455
v 0.00092571 0.00150263 0.00511114
v 0.00072396 0.00154740 0.00516481
v 0.00051702 0.00158108 0.00520519
v 0.00030638 0.00160342 0.00523198
v 0.00009353 0.00161428 0.00524499
v -0.00011998 0.00161356 0.00524413
v -0.00033263 0.00160128 0.00522940
v -0.00054290 0.00157752 0.00520092
v -0.00074928 0.00154245 0.00515887
v -0.00095028 0.00149633 0.00510358
v -0.00114448 0.00143948 0.00503542
v -0.00133047 0.00137232 0.00495489
v -0.00150693 0.00129532 0.00486258
v -0.00167258 0.00120903 0.00475913
v -0.00182625 0.00111408 0.00464529
v -0.00196683 0.00101115 0.00452187
v -0.00220479 -0.00051360 0.00442116
v -0.00220479 -0.00041534 0.00446149
v -0.00220479 -0.00031395 0.00449315
v -0.00220479 -0.00021020 0.00451590
v -0.00220479 -0.00010487 0.00452958
v -0.00220479 0.00000125 0.00453408
v -0.00220479 0.00010736 0.00452937
v -0.00220479 0.00021267 0.00451547
v -0.00220479 0.00031637 0.00449251
v -0.00220479 0.00041770 0.00446064
v 0.00219181 0.00071307 0.00433329
v 0.00207843 0.00081648 0.00448175
v 0.00195015 0.00091403 0.00462180
v 0.00180789 0.00100504 0.00475245
v 0.00165268 0.00108884 0.00487276
v 0.00148562 0.00116484 0.00498187
v 0.00130791 0.00123248 0.00507899
v 0.00112083 0.00129130 0.00516343
v 0.00092571 0.00134086 0.00523458
v 0.00072396 0.00138080 0.00529193
v 0.00051702 0.00141086 0.00533507
v 0.00030638 0.00143080 0.00536370
v 0.00009353 0.00144048 0.00537760
v -0.00011998 0.00143984 0.00537668
v -0.00033263 0.00142888 0.00536095
v -0.00054290 0.00140768 0.00533051
v -0.00074928 0.00137639 0.00528559
v -0.00095028 0.00133523 0.00522650
v -0.00114448 0.00128450 0.00515367
v -0.00133047 0.00122457 0.00506763
v -0.00150693 0.00115586 0.00496898
v -0.00167258 0.00107887 0.00485845
v -0.00182625 0.00099414 0.00473681
v -0.00196683 0.00090229 0.00460494
v -0.00209331 0.00080397 0.00446378
v -0.00220479 0.00069988 0.00431436
v -0.00089948 -0.00067468 0.00445000
v -0.00089948 -0.00067468 0.00550000
v -0.00083262 -0.00067310 0.00550000
v -0.00083262 -0.00067310 0.00445000
v -0.00076587 -0.00067715 0.00550000
v -0.00076587 -0.00067715 0.00445000
v -0.00069969 -0.00068680 0.00550000
v -0.00069969 -0.00068680 0.00445000
v -0.00063456 -0.00070197 0.00550000
v -0.00063456 -0.00070197 0.00445000
v -0.00057094 -0.00072257 0.00550000
v -0.00057094 -0.00072257 0.00445000
v -0.00050927 -0.00074845 0.00550000
v -0.00050927 -0.00074845 0.00445000
v -0.00045000 -0.00077942 0.00550000
v -0.00045000 -0.00077942 0.00445000
v -0.00039354 -0.00081527 0.00550000
v -0.00039354 -0.00081527 0.00445000
v -0.00034030 -0.00085573 0.00550000
v -0.00034030 -0.00085573 0.00445000
v -0.00029065 -0.00090053 0.00550000
v -0.00029065 -0.00090053 0.00445000
v -0.00024494 -0.00094935 0.00550000
v -0.00024494 -0.00094935 0.00445000
v -0.00020349 -0.00100184 0.00550000
v -0.00020349 -0.00100184 0.00445000
v -0.00016661 -0.00105762 0.00550000
v -0.00016661 -0.00105762 0.00445000
v -0.00013455 -0.00111631 0.00550000
v -0.00013455 -0.00111631 0.00445000
v -0.00103403 0.00044163 0.00445000
v -0.00103403 0.00044163 0.00550000
v -0.00099923 0.00038452 0.00550000
v -0.00099923 0.00038452 0.00445000
v -0.00096936 0.00032469 0.00550000
v -0.00096936 0.00032469 0.00445000
v -0.00094463 0.00026255 0.00550000
v -0.00094463 0.00026255 0.00445000
v -0.00092521 0.00019856 0.00550000
v -0.00092521 0.00019856 0.00445000
v -0.00091124 0.00013316 0.00550000
v -0.00091124 0.00013316 0.00445000
v -0.00090281 0.00006682 0.00550000
v -0.00090281 0.00006682 0.00445000
v -0.00090000 0.00000000 0.00550000
v -0.00090000 0.00000000 0.00445000
v -0.00090281 -0.00006682 0.00550000
v -0.00090281 -0.00006682 0.00445000
v -0.00091124 -0.00013316 0.00550000
v -0.00091124 -0.00013316 0.00445000
v -0.00092521 -0.00019856 0.00550000
v -0.00092521 -0.00019856 0.00445000
v -0.00094463 -0.00026255 0.00550000
v -0.00094463 -0.00026255 0.00445000
v -0.00096936 -0.00032469 0.00550000
v -0.00096936 -0.00032469 0.00445000
v -0.00099923 -0.00038452 0.00550000
v -0.00099923 -0.00038452 0.00445000
v -0.00103403 -0.00044163 0.00550000
v -0.00103403 -0.00044163 0.00445000
v -0.00013455 0.00111631 0.00445000
v -0.00013455 0.00111631 0.00550000
v -0.00016661 0.00105762 0.00550000
v -0.00016661 0.00105762 0.00445000
v -0.00020349 0.00100184 0.00550000
v -0.00020349 0.00100184 0.00445000
v -0.00024494 0.00094935 0.00550000
v -0.00024494 0.00094935 0.00445000
v -0.00029065 0.00090053 0.00550000
v -0.00029065 0.00090053 0.00445000
v -0.00034030 0.00085573 0.00550000
v -0.00034030 0.00085573 0.00445000
v -0.00039354 0.00081527 0.00550000
v -0.00039354 0.00081527 0.00445000
v -0.00045000 0.00077942 0.00550000
v -0.00045000 0.00077942 0.00445000
v -0.00050927 0.00074845 0.00550000
v -0.00050927 0.00074845 0.00445000
v -0.00057094 0.00072257 0.00550000
v -0.00057094 0.00072257 0.00445000
v -0.00063456 0.00070197 0.00550000
v -0.00063456 0.00070197 0.00445000
v -0.00069969 0.00068680 0.00550000
v -0.00069969 0.00068680 0.00445000
v -0.00076587 0.00067715 0.00550000
v -0.00076587 0.00067715 0.00445000
v -0.00083262 0.00067310 0.00550000
v -0.00083262 0.00067310 0.00445000
v -0.00089948 0.00067468 0.00550000
v -0.00089948 0.00067468 0.00445000
v 0.00013455 -0.00111631 0.00550000
v 0.00012838 -0.00112757 0.00550000
v -0.00105687 -0.00055203 0.00550000
v -0.00105864 -0.00053931 0.00550000
v -0.00001283 0.00119945 0.00550000
v -0.00000000 0.00120000 0.00550000
v -0.00011329 -0.00114831 0.00550000
v -0.00012128 -0.00113827 0.00550000
v 0.00104517 -0.00058862 0.00550000
v 0.00103923 -0.00060000 0.00550000
v 0.00000000 -0.00120000 0.00550000
v 0.00001283 -0.00119945 0.00550000
v 0.00002556 -0.00119781 0.00550000
v -0.00001283 -0.00119945 0.00550000
v -0.00002556 -0.00119781 0.00550000
v -0.00003810 -0.00119508 0.00550000
v -0.00005037 -0.00119129 0.00550000
v -0.00105738 -0.00050092 0.00550000
v -0.00105890 -0.00051366 0.00550000
v -0.00105932 -0.00052649 0.00550000
v -0.00105478 -0.00048835 0.00550000
v -0.00105111 -0.00047604 0.00550000
v -0.00105111 0.00047604 0.00550000
v -0.00104641 0.00046410 0.00550000
v -0.00105932 0.00052649 0.00550000
v -0.00105864 0.00053931 0.00550000
v -0.00104517 0.00058862 0.00550000
v -0.00103923 0.00060000 0.00550000
v -0.00012128 0.00113827 0.00550000
v -0.00012838 0.00112757 0.00550000
v 0.00105932 -0.00052649 0.00550000
v 0.00105864 -0.00053931 0.00550000
v 0.00003810 -0.00119508 0.00550000
v 0.00005037 -0.00119129 0.00550000
v -0.00006226 -0.00118647 0.00550000
v -0.00007370 -0.00118064 0.00550000
v -0.00105687 0.00055203 0.00550000
v -0.00105402 0.00056454 0.00550000
v -0.00105011 0.00057677 0.00550000
v 0.00005037 0.00119129 0.00550000
v 0.00006226 0.00118647 0.00550000
v 0.00104641 -0.00046410 0.00550000
v 0.00105111 -0.00047604 0.00550000
v 0.00100651 -0.00063926 0.00550000
v 0.00099638 -0.00064715 0.00550000
v 0.00012128 -0.00113827 0.00550000
v 0.00011329 -0.00114831 0.00550000
v 0.00007370 -0.00118064 0.00550000
v 0.00006226 -0.00118647 0.00550000
v -0.00008460 -0.00117386 0.00550000
v -0.00009488 -0.00116618 0.00550000
v -0.00010447 -0.00115764 0.00550000
v -0.00096250 -0.00066526 0.00550000
v -0.00097429 -0.00066020 0.00550000
v -0.00098562 -0.00065415 0.00550000
v -0.00099638 -0.00064715 0.00550000
v -0.00103234 -0.00061083 0.00550000
v -0.00103923 -0.00060000 0.00550000
v -0.00105478 0.00048835 0.00550000
v -0.00105738 0.00050092 0.00550000
v -0.00105890 0.00051366 0.00550000
v -0.00097429 0.00066020 0.00550000
v -0.00096250 0.00066526 0.00550000
v -0.00008460 0.00117386 0.00550000
v -0.00007370 0.00118064 0.00550000
v -0.00006226 0.00118647 0.00550000
v -0.00005037 0.00119129 0.00550000
v -0.00003810 0.00119508 0.00550000
v -0.00002556 0.00119781 0.00550000
v 0.00103234 -0.00061083 0.00550000
v 0.00102455 -0.00062104 0.00550000
v 0.00101592 -0.00063054 0.00550000
v 0.00098562 -0.00065415 0.00550000
v 0.00097429 -0.00066020 0.00550000
v 0.00010447 -0.00115764 0.00550000
v 0.00009488 -0.00116618 0.00550000
v 0.00008460 -0.00117386 0.00550000
v -0.00091231 -0.00067497 0.00550000
v -0.00092513 -0.00067417 0.00550000
v -0.00093782 -0.00067227 0.00550000
v -0.00095031 -0.00066929 0.00550000
v -0.00104517 -0.00058862 0.00550000
v -0.00105011 -0.00057677 0.00550000
v -0.00105402 -0.00056454 0.00550000
v -0.00100651 0.00063926 0.00550000
v -0.00099638 0.00064715 0.00550000
v -0.00098562 0.00065415 0.00550000
v -0.00095031 0.00066929 0.00550000
v -0.00093782 0.00067227 0.00550000
v -0.00092513 0.00067417 0.00550000
v -0.00011329 0.00114831 0.00550000
v -0.00010447 0.00115764 0.00550000
v -0.00009488 0.00116618 0.00550000
v 0.00001283 0.00119945 0.00550000
v 0.00002556 0.00119781 0.00550000
v 0.00003810 0.00119508 0.00550000
v 0.00010447 0.00115764 0.00550000
v 0.00011329 0.00114831 0.00550000
v 0.00012128 0.00113827 0.00550000
v 0.00105478 0.00048835 0.00550000
v 0.00105111 0.00047604 0.00550000
v 0.00092521 -0.00019856 0.00550000
v 0.00094463 -0.00026255 0.00550000
v 0.00096936 0.00032469 0.00550000
v 0.00094463 0.00026255 0.00550000
v 0.00092521 0.00019856 0.00550000
v 0.00091124 0.00013316 0.00550000
v 0.00105687 -0.00055203 0.00550000
v 0.00105402 -0.00056454 0.00550000
v 0.00105011 -0.00057677 0.00550000
v 0.00096250 -0.00066526 0.00550000
v 0.00095031 -0.00066929 0.00550000
v 0.00093782 -0.00067227 0.00550000
v -0.00012838 -0.00112757 0.00550000
v -0.00100651 -0.00063926 0.00550000
v -0.00101592 -0.00063054 0.00550000
v -0.00102455 -0.00062104 0.00550000
v -0.00104070 0.00045260 0.00550000
v -0.00103234 0.00061083 0.00550000
v -0.00102455 0.00062104 0.00550000
v -0.00101592 0.00063054 0.00550000
v 0.00098562 0.00065415 0.00550000
v 0.00099638 0.00064715 0.00550000
v 0.00091124 -0.00013316 0.00550000
v 0.00090281 -0.00006682 0.00550000
v 0.00090000 0.00000000 0.00550000
v 0.00090281 0.00006682 0.00550000
v 0.00105478 -0.00048835 0.00550000
v 0.00105738 -0.00050092 0.00550000
v 0.00105890 -0.00051366 0.00550000
v -0.00104641 -0.00046410 0.00550000
v -0.00104070 -0.00045260 0.00550000
v 0.00007370 0.00118064 0.00550000
v 0.00008460 0.00117386 0.00550000
v 0.00009488 0.00116618 0.00550000
v 0.00093782 0.00067227 0.00550000
v 0.00092513 0.00067417 0.00550000
v 0.00104641 0.00046410 0.00550000
v 0.00104070 0.00045260 0.00550000
v 0.00103403 0.00044163 0.00550000
v 0.00099923 0.00038452 0.00550000
v -0.00091231 0.00067497 0.00550000
v 0.00095031 0.00066929 0.00550000
v 0.00096250 0.00066526 0.00550000
v 0.00097429 0.00066020 0.00550000
v 0.00105890 0.00051366 0.00550000
v 0.00105738 0.00050092 0.00550000
v 0.00096936 -0.00032469 0.00550000
v 0.00099923 -0.00038452 0.00550000
v 0.00103403 -0.00044163 0.00550000
v 0.00104070 -0.00045260 0.00550000
v 0.00103234 0.00061083 0.00550000
v 0.00103923 0.00060000 0.00550000
v 0.00105687 0.00055203 0.00550000
v 0.00105864 0.00053931 0.00550000
v 0.00105932 0.00052649 0.00550000
v 0.00057094 -0.00072257 0.00550000
v 0.00050927 -0.00074845 0.00550000
v 0.00050927 0.00074845 0.00550000
v 0.00100651 0.00063926 0.00550000
v 0.00101592 0.00063054 0.00550000
v 0.00102455 0.00062104 0.00550000
v 0.00104517 0.00058862 0.00550000
v 0.00105011 0.00057677 0.00550000
v 0.00105402 0.00056454 0.00550000
v 0.00016661 -0.00105762 0.00550000
v 0.00020349 -0.00100184 0.00550000
v 0.00092513 -0.00067417 0.00550000
v 0.00091231 -0.00067497 0.00550000
v 0.00089948 -0.00067468 0.00550000
v 0.00083262 -0.00067310 0.00550000
v 0.00076587 -0.00067715 0.00550000
v 0.00039354 -0.00081527 0.00550000
v 0.00034030 -0.00085573 0.00550000
v 0.00029065 -0.00090053 0.00550000
v 0.00024494 -0.00094935 0.00550000
v 0.00045000 -0.00077942 0.00550000
v 0.00069969 -0.00068680 0.00550000
v 0.00063456 -0.00070197 0.00550000
v 0.00057094 0.00072257 0.00550000
v 0.00063456 0.00070197 0.00550000
v 0.00069969 0.00068680 0.00550000
v 0.00039354 0.00081527 0.00550000
v 0.00034030 0.00085573 0.00550000
v 0.00029065 0.00090053 0.00550000
v 0.00024494 0.00094935 0.00550000
v 0.00020349 0.00100184 0.00550000
v 0.00045000 0.00077942 0.00550000
v 0.00012838 0.00112757 0.00550000
v 0.00013455 0.00111631 0.00550000
v 0.00016661 0.00105762 0.00550000
v 0.00076587 0.00067715 0.00550000
v 0.00083262 0.00067310 0.00550000
v 0.00089948 0.00067468 0.00550000
v 0.00091231 0.00067497 0.00550000
v -0.00095772 0.00000000 0.00400000
v 0.00119828 0.00031396 0.00400000
v 0.00116643 0.00039134 0.00400000
v 0.00112208 0.00048026 0.00400000
v 0.00107057 0.00056592 0.00400000
v 0.00122935 0.00021960 0.00400000
v 0.00101256 0.00064693 0.00400000
v 0.00099853 0.00066449 0.00400000
v 0.00093936 0.00073152 0.00400000
v 0.00087509 0.00079374 0.00400000
v 0.00080563 0.00085108 0.00400000
v 0.00030726 0.00106710 0.00400000
v 0.00021893 0.00107848 0.00400000
v 0.00012947 0.00108290 0.00400000
v 0.00003884 0.00108018 0.00400000
v 0.00002777 0.00107935 0.00400000
v -0.00005481 0.00106955 0.00400000
v -0.00013454 0.00105346 0.00400000
v -0.00021260 0.00103105 0.00400000
v -0.00095407 0.00008347 0.00400000
v -0.00094317 0.00016631 0.00400000
v -0.00092508 0.00024788 0.00400000
v -0.00089996 0.00032756 0.00400000
v -0.00086799 0.00040475 0.00400000
v -0.00082941 0.00047886 0.00400000
v -0.00078452 0.00054932 0.00400000
v -0.00078090 0.00055446 0.00400000
v 0.00073083 0.00090341 0.00400000
v 0.00071049 0.00091615 0.00400000
v 0.00063276 0.00095961 0.00400000
v 0.00055177 0.00099688 0.00400000
v 0.00046750 0.00102788 0.00400000
v 0.00037981 0.00105240 0.00400000
v -0.00028928 0.00100213 0.00400000
v -0.00030827 0.00099384 0.00400000
v -0.00037892 0.00095873 0.00400000
v -0.00044666 0.00091816 0.00400000
v -0.00051144 0.00087205 0.00400000
v -0.00057317 0.00082022 0.00400000
v -0.00058877 0.00080571 0.00400000
v -0.00064367 0.00074930 0.00400000
v -0.00069404 0.00068867 0.00400000
v -0.00073983 0.00062377 0.00400000
v -0.00043452 -0.00098893 0.00400000
v -0.00038237 -0.00101775 0.00400000
v -0.00030711 -0.00105295 0.00400000
v -0.00022903 -0.00108225 0.00400000
v -0.00014807 -0.00110554 0.00400000
v 0.00036042 -0.00111182 0.00400000
v 0.00045091 -0.00108925 0.00400000
v 0.00053946 -0.00105961 0.00400000
v 0.00062604 -0.00102282 0.00400000
v 0.00071060 -0.00097864 0.00400000
v 0.00073250 -0.00096574 0.00400000
v 0.00081048 -0.00091440 0.00400000
v 0.00088431 -0.00085702 0.00400000
v 0.00095393 -0.00079351 0.00400000
v -0.00095407 -0.00008347 0.00400000
v -0.00094432 -0.00015962 0.00400000
v -0.00093834 -0.00023756 0.00400000
v -0.00092686 -0.00030970 0.00400000
v -0.00090962 -0.00038123 0.00400000
v -0.00069146 -0.00077638 0.00400000
v -0.00063423 -0.00083650 0.00400000
v -0.00057240 -0.00089202 0.00400000
v -0.00050588 -0.00094288 0.00400000
v -0.00006413 -0.00112257 0.00400000
v -0.00002765 -0.00112781 0.00400000
v 0.00006006 -0.00113537 0.00400000
v 0.00015045 -0.00113633 0.00400000
v 0.00024226 -0.00113027 0.00400000
v 0.00033510 -0.00111680 0.00400000
v -0.00088645 -0.00045212 0.00400000
v -0.00087441 -0.00048283 0.00400000
v -0.00084177 -0.00055398 0.00400000
v -0.00080284 -0.00062434 0.00400000
v -0.00075785 -0.00069274 0.00400000
v -0.00070668 -0.00075868 0.00400000
v 0.00000000 -0.00000000 -0.00400000
v 0.00056188 -0.00077557 -0.00395476
v -0.00078700 -0.00054575 -0.00361951
v -0.00081976 -0.00049520 -0.00362371
v -0.00094979 -0.00012297 0.00399713
v -0.00095407 -0.00008347 0.00399404
v -0.00095560 -0.00006371 0.00399249
v -0.00095771 -0.00000408 0.00398782
v -0.00095772 -0.00000000 0.00398750
v -0.00095610 0.00005567 0.00398314
v -0.00095407 0.00008347 0.00398096
v -0.00095075 0.00011533 0.00397847
v -0.00094317 0.00016631 0.00397448
v -0.00094166 0.00017464 0.00397382
v -0.00092885 0.00023338 0.00396922
v -0.00092508 0.00024787 0.00396809
v -0.00091234 0.00029130 0.00396469
v -0.00089996 0.00032756 0.00396185
v -0.00089218 0.00034818 0.00396023
v -0.00086844 0.00040377 0.00395588
v -0.00086799 0.00040475 0.00395580
v -0.00084134 0.00045757 0.00395167
v -0.00082941 0.00047886 0.00395000
v -0.00081163 0.00050841 0.00394764
v -0.00078452 0.00054932 0.00394420
v -0.00077888 0.00055729 0.00394350
v -0.00074310 0.00060417 0.00393924
v -0.00073365 0.00061561 0.00393815
v -0.00070443 0.00064885 0.00393487
v -0.00067721 0.00067721 0.00393191
v -0.00066298 0.00069114 0.00393040
v -0.00061891 0.00073087 0.00392586
v -0.00061561 0.00073365 0.00392552
v -0.00057237 0.00076786 0.00392125
v -0.00054932 0.00078452 0.00391904
v -0.00052353 0.00080196 0.00391660
v -0.00047886 0.00082941 0.00391250
v -0.00047256 0.00083301 0.00391193
v -0.00041965 0.00086088 0.00390725
v -0.00040475 0.00086799 0.00390596
v -0.00036500 0.00088544 0.00390258
v -0.00032756 0.00089996 0.00389948
v -0.00030881 0.00090656 0.00389795
v -0.00025130 0.00092416 0.00389336
v -0.00024788 0.00092508 0.00389309
v -0.00019269 0.00093813 0.00388884
v -0.00016631 0.00094317 0.00388685
v -0.00013321 0.00094841 0.00388440
v -0.00008347 0.00095407 0.00388080
v -0.00007309 0.00095492 0.00388007
v -0.00001315 0.00095763 0.00387590
v 0.00000000 0.00095772 0.00387500
v 0.00004563 0.00095663 0.00387186
v 0.00008347 0.00095407 0.00386920
v 0.00010431 0.00095202 0.00386770
v 0.00016273 0.00094379 0.00386342
v 0.00016631 0.00094317 0.00386315
v 0.00022065 0.00093195 0.00385903
v 0.00024788 0.00092508 0.00385691
v 0.00027784 0.00091653 0.00385454
v 0.00032756 0.00089996 0.00385052
v 0.00033408 0.00089756 0.00384999
v 0.00038915 0.00087509 0.00384537
v 0.00040475 0.00086799 0.00384404
v 0.00044282 0.00084919 0.00384072
v 0.00047886 0.00082941 0.00383750
v 0.00049488 0.00081995 0.00383604
v 0.00054510 0.00078745 0.00383136
v 0.00054932 0.00078452 0.00383096
v 0.00059329 0.00075181 0.00382670
v 0.00061561 0.00073365 0.00382448
v 0.00063924 0.00071316 0.00382207
v 0.00067721 0.00067721 0.00381809
v 0.00068276 0.00067161 0.00381749
v 0.00072365 0.00062734 0.00381299
v 0.00073365 0.00061561 0.00381185
v 0.00076175 0.00058048 0.00380857
v 0.00078451 0.00054932 0.00380580
v 0.00079687 0.00053124 0.00380426
v 0.00082841 0.00048057 0.00380013
v 0.00082941 0.00047886 0.00380000
v 0.00085633 0.00042886 0.00379608
v 0.00086799 0.00040475 0.00379420
v 0.00088107 0.00037542 0.00379190
v 0.00089996 0.00032756 0.00378815
v 0.00090252 0.00032044 0.00378759
v 0.00092057 0.00026413 0.00378318
v 0.00092508 0.00024787 0.00378191
v 0.00093515 0.00020669 0.00377869
v 0.00094317 0.00016631 0.00377552
v 0.00094616 0.00014834 0.00377412
v 0.00095354 0.00008930 0.00376949
v 0.00095407 0.00008347 0.00376904
v 0.00095725 0.00002980 0.00376483
v 0.00095772 0.00000000 0.00376250
v 0.00095725 -0.00002993 0.00376016
v 0.00095407 -0.00008347 0.00375596
v 0.00095351 -0.00008966 0.00375548
v 0.00094603 -0.00014914 0.00375082
v 0.00094317 -0.00016631 0.00374948
v 0.00093482 -0.00020816 0.00374620
v 0.00092508 -0.00024787 0.00374309
v 0.00091990 -0.00026646 0.00374163
v 0.00090131 -0.00032382 0.00373714
v 0.00089996 -0.00032756 0.00373685
v 0.00087910 -0.00037999 0.00373274
v 0.00086799 -0.00040475 0.00373080
v 0.00085336 -0.00043474 0.00372845
v 0.00082941 -0.00047886 0.00372500
v 0.00082479 -0.00048677 0.00372438
v 0.00079337 -0.00053646 0.00372030
v 0.00078451 -0.00054932 0.00371920
v 0.00075888 -0.00058422 0.00371609
v 0.00073365 -0.00061561 0.00371315
v 0.00072144 -0.00062987 0.00371176
v 0.00068118 -0.00067322 0.00370734
v 0.00067721 -0.00067721 0.00370691
v 0.00063822 -0.00071407 0.00370282
v 0.00061561 -0.00073365 0.00370052
v 0.00059272 -0.00075226 0.00369824
v 0.00054932 -0.00078452 0.00369404
v 0.00054485 -0.00078763 0.00369361
v 0.00049477 -0.00082001 0.00368895
v 0.00047886 -0.00082941 0.00368750
v 0.00044267 -0.00084927 0.00368427
v 0.00040475 -0.00086799 0.00368096
v 0.00038875 -0.00087527 0.00367959
v 0.00033320 -0.00089789 0.00367494
v 0.00032756 -0.00089996 0.00367448
v 0.00027624 -0.00091701 0.00367033
v 0.00024788 -0.00092508 0.00366809
v 0.00021857 -0.00093244 0.00366581
v 0.00016631 -0.00094317 0.00366185
v 0.00015944 -0.00094435 0.00366134
v 0.00009957 -0.00095253 0.00365696
v 0.00008347 -0.00095407 0.00365580
v 0.00003929 -0.00095691 0.00365270
v 0.00000000 -0.00095772 0.00365000
v -0.00001982 -0.00095751 0.00364865
v -0.00007855 -0.00095449 0.00364455
v -0.00008347 -0.00095407 0.00364420
v -0.00013711 -0.00094785 0.00364031
v -0.00016631 -0.00094317 0.00363815
v -0.00019528 -0.00093760 0.00363597
v -0.00024788 -0.00092508 0.00363191
v -0.00025282 -0.00092374 0.00363152
v -0.00030951 -0.00090633 0.00362700
v -0.00032756 -0.00089996 0.00362552
v -0.00036512 -0.00088539 0.00362241
v -0.00040475 -0.00086799 0.00361904
v -0.00041943 -0.00086099 0.00361777
v -0.00047222 -0.00083320 0.00361310
v -0.00047886 -0.00082941 0.00361250
v -0.00052328 -0.00080212 0.00360842
v -0.00054932 -0.00078452 0.00360596
v -0.00057239 -0.00076785 0.00360375
v -0.00061561 -0.00073365 0.00359948
v -0.00061934 -0.00073050 0.00359910
v -0.00066395 -0.00069021 0.00359450
v -0.00067721 -0.00067721 0.00359309
v -0.00070602 -0.00064712 0.00358996
v -0.00073365 -0.00061561 0.00358685
v -0.00074537 -0.00060137 0.00358550
v -0.00078182 -0.00055315 0.00358114
v -0.00078452 -0.00054932 0.00358080
v -0.00081508 -0.00050286 0.00357691
v -0.00082941 -0.00047886 0.00357500
v -0.00084446 -0.00045178 0.00357288
v -0.00086799 -0.00040475 0.00356920
v -0.00087061 -0.00039908 0.00356875
v -0.00089351 -0.00034475 0.00356450
v -0.00089996 -0.00032756 0.00356315
v -0.00091307 -0.00028900 0.00356013
v -0.00092508 -0.00024787 0.00355691
v -0.00092919 -0.00023202 0.00355567
v -0.00094177 -0.00017405 0.00355113
v -0.00094317 -0.00016631 0.00355052
v -0.00095075 -0.00011528 0.00354653
v -0.00095407 -0.00008347 0.00354404
v -0.00095608 -0.00005596 0.00354188
v -0.00095772 0.00000000 0.00353750
v -0.00095771 0.00000370 0.00353721
v -0.00095561 0.00006346 0.00353253
v -0.00095407 0.00008347 0.00353096
v -0.00094978 0.00012308 0.00352786
v -0.00094317 0.00016631 0.00352448
v -0.00094020 0.00018233 0.00352322
v -0.00092691 0.00024097 0.00351863
v -0.00092508 0.00024787 0.00351809
v -0.00090992 0.00029877 0.00351410
v -0.00089996 0.00032756 0.00351185
v -0.00088929 0.00035550 0.00350966
v -0.00086799 0.00040475 0.00350580
v -0.00086509 0.00041091 0.00350532
v -0.00083762 0.00046434 0.00350114
v -0.00082941 0.00047886 0.00350000
v -0.00080754 0.00051488 0.00349711
v -0.00078451 0.00054932 0.00349420
v -0.00077439 0.00056351 0.00349295
v -0.00073823 0.00061011 0.00348868
v -0.00073365 0.00061561 0.00348815
v -0.00069919 0.00065449 0.00348429
v -0.00067721 0.00067721 0.00348191
v -0.00065739 0.00069646 0.00347981
v -0.00061561 0.00073365 0.00347552
v -0.00061299 0.00073584 0.00347526
v -0.00056614 0.00077247 0.00347065
v -0.00054932 0.00078452 0.00346904
v -0.00051701 0.00080618 0.00346600
v -0.00047886 0.00082941 0.00346250
v -0.00046577 0.00083683 0.00346132
v -0.00041268 0.00086424 0.00345665
v -0.00040475 0.00086799 0.00345596
v -0.00037653 0.00088059 0.00345356
v -0.00032756 0.00089996 0.00344948
v -0.00032065 0.00090244 0.00344891
v -0.00026340 0.00092078 0.00344431
v -0.00024788 0.00092508 0.00344309
v -0.00020500 0.00093552 0.00343977
v -0.00016631 0.00094317 0.00343685
v -0.00014568 0.00094657 0.00343532
v -0.00008567 0.00095388 0.00343096
v -0.00008347 0.00095407 0.00343080
v -0.00002552 0.00095738 0.00342674
v 0.00000000 0.00095772 0.00342500
v 0.00003338 0.00095713 0.00342271
v 0.00008347 0.00095407 0.00341920
v 0.00009209 0.00095328 0.00341858
v 0.00015058 0.00094580 0.00341432
v 0.00016631 0.00094317 0.00341315
v 0.00020862 0.00093472 0.00340995
v 0.00024788 0.00092508 0.00340691
v 0.00026598 0.00092004 0.00340549
v 0.00032244 0.00090180 0.00340094
v 0.00032756 0.00089996 0.00340052
v 0.00037777 0.00088006 0.00339634
v 0.00040475 0.00086799 0.00339404
v 0.00043176 0.00085487 0.00339169
v 0.00047886 0.00082941 0.00338750
v 0.00048417 0.00082632 0.00338702
v 0.00053479 0.00079449 0.00338234
v 0.00054932 0.00078452 0.00338096
v 0.00058342 0.00075950 0.00337767
v 0.00061561 0.00073365 0.00337448
v 0.00062985 0.00072146 0.00337303
v 0.00067389 0.00068051 0.00336844
v 0.00067721 0.00067721 0.00336809
v 0.00071535 0.00063679 0.00336392
v 0.00073365 0.00061561 0.00336185
v 0.00075404 0.00059046 0.00335948
v 0.00078452 0.00054932 0.00335580
v 0.00078980 0.00054170 0.00335515
v 0.00082219 0.00049115 0.00335097
v 0.00082941 0.00047886 0.00335000
v 0.00085077 0.00043978 0.00334694
v 0.00086799 0.00040475 0.00334420
v 0.00087618 0.00038668 0.00334278
v 0.00089833 0.00033201 0.00333850
v 0.00089996 0.00032756 0.00333815
v 0.00091710 0.00027595 0.00333411
v 0.00092508 0.00024787 0.00333191
v 0.00093240 0.00021873 0.00332963
v 0.00094317 0.00016631 0.00332552
v 0.00094416 0.00016055 0.00332507
v 0.00095231 0.00010164 0.00332046
v 0.00095407 0.00008347 0.00331904
v 0.00095679 0.00004222 0.00331581
v 0.00095772 -0.00000000 0.00331250
v 0.00095760 -0.00001492 0.00331133
v 0.00095480 -0.00007467 0.00330665
v 0.00095407 -0.00008347 0.00330596
v 0.00094826 -0.00013424 0.00330199
v 0.00094317 -0.00016631 0.00329948
v 0.00093799 -0.00019340 0.00329736
v 0.00092508 -0.00024788 0.00329309
v 0.00092400 -0.00025190 0.00329277
v 0.00090632 -0.00030952 0.00328826
v 0.00089996 -0.00032756 0.00328685
v 0.00088502 -0.00036601 0.00328384
v 0.00086799 -0.00040475 0.00328080
v 0.00086015 -0.00042115 0.00327952
v 0.00083219 -0.00047400 0.00327538
v 0.00082941 -0.00047886 0.00327500
v 0.00080155 -0.00052415 0.00327134
v 0.00078451 -0.00054932 0.00326920
v 0.00076783 -0.00057242 0.00326716
v 0.00073365 -0.00061561 0.00326315
v 0.00073112 -0.00061861 0.00326286
v 0.00069155 -0.00066255 0.00325846
v 0.00067721 -0.00067721 0.00325691
v 0.00064926 -0.00070405 0.00325396
v 0.00061561 -0.00073365 0.00325052
v 0.00060438 -0.00074293 0.00324940
v 0.00055709 -0.00077902 0.00324478
v 0.00054932 -0.00078452 0.00324404
v 0.00050755 -0.00081217 0.00324012
v 0.00047886 -0.00082941 0.00323750
v 0.00045594 -0.00084222 0.00323544
v 0.00040475 -0.00086799 0.00323096
v 0.00040246 -0.00086905 0.00323077
v 0.00034730 -0.00089253 0.00322611
v 0.00032756 -0.00089996 0.00322448
v 0.00029067 -0.00091254 0.00322148
v 0.00024788 -0.00092508 0.00321809
v 0.00023278 -0.00092900 0.00321691
v 0.00017387 -0.00094180 0.00321242
v 0.00016631 -0.00094317 0.00321185
v 0.00011416 -0.00095089 0.00320801
v 0.00008347 -0.00095407 0.00320580
v 0.00005389 -0.00095620 0.00320371
v 0.00000000 -0.00095772 0.00320000
v -0.00000554 -0.00095770 0.00319962
v -0.00006429 -0.00095556 0.00319556
v -0.00008347 -0.00095407 0.00319420
v -0.00012291 -0.00094980 0.00319135
v -0.00016631 -0.00094317 0.00318815
v -0.00018119 -0.00094042 0.00318703
v -0.00023890 -0.00092744 0.00318261
v -0.00024788 -0.00092508 0.00318191
v -0.00029582 -0.00091088 0.00317810
v -0.00032756 -0.00089996 0.00317552
v -0.00035171 -0.00089080 0.00317353
v -0.00040475 -0.00086799 0.00316904
v -0.00040646 -0.00086719 0.00316889
v -0.00045964 -0.00084021 0.00316423
v -0.00047886 -0.00082941 0.00316250
v -0.00051113 -0.00080992 0.00315955
v -0.00054932 -0.00078452 0.00315596
v -0.00056073 -0.00077640 0.00315487
v -0.00060822 -0.00073979 0.00315022
v -0.00061561 -0.00073365 0.00314948
v -0.00065342 -0.00070019 0.00314560
v -0.00067721 -0.00067721 0.00314309
v -0.00069611 -0.00065776 0.00314104
v -0.00073365 -0.00061561 0.00313685
v -0.00073613 -0.00061264 0.00313656
v -0.00077330 -0.00056500 0.00313218
v -0.00078451 -0.00054932 0.00313080
v -0.00080741 -0.00051508 0.00312791
v -0.00082941 -0.00047886 0.00312500
v -0.00083768 -0.00046424 0.00312385
v -0.00086459 -0.00041195 0.00311976
v -0.00086799 -0.00040475 0.00311920
v -0.00088829 -0.00035800 0.00311554
v -0.00089996 -0.00032756 0.00311315
v -0.00090867 -0.00030257 0.00311119
v -0.00092508 -0.00024788 0.00310691
v -0.00092562 -0.00024587 0.00310675
v -0.00093906 -0.00018812 0.00310223
v -0.00094317 -0.00016631 0.00310052
v -0.00094892 -0.00012952 0.00309764
v -0.00095407 -0.00008347 0.00309404
v -0.00095513 -0.00007031 0.00309301
v -0.00095766 -0.00001071 0.00308834
v -0.00095772 -0.00000000 0.00308750
v -0.00095646 0.00004904 0.00308366
v -0.00095407 0.00008347 0.00308096
v -0.00095153 0.00010872 0.00307899
v -0.00094317 0.00016631 0.00307448
v -0.00094285 0.00016807 0.00307434
v -0.00093096 0.00022481 0.00306989
v -0.00092508 0.00024787 0.00306809
v -0.00091499 0.00028287 0.00306535
v -0.00089996 0.00032756 0.00306185
v -0.00089536 0.00033992 0.00306088
v -0.00087214 0.00039571 0.00305651
v -0.00086799 0.00040475 0.00305580
v -0.00084548 0.00044988 0.00305227
v -0.00082941 0.00047886 0.00305000
v -0.00081617 0.00050109 0.00304823
v -0.00078452 0.00054932 0.00304420
v -0.00078387 0.00055025 0.00304412
v -0.00074853 0.00059743 0.00303987
v -0.00073365 0.00061561 0.00303815
v -0.00071027 0.00064244 0.00303552
v -0.00067721 0.00067721 0.00303191
v -0.00066923 0.00068510 0.00303106
v -0.00062553 0.00072521 0.00302653
v -0.00061561 0.00073365 0.00302552
v -0.00057934 0.00076262 0.00302193
v -0.00054932 0.00078452 0.00301904
v -0.00053082 0.00079715 0.00301729
v -0.00048015 0.00082866 0.00301262
v -0.00047886 0.00082941 0.00301250
v -0.00042751 0.00085700 0.00300794
v -0.00040475 0.00086799 0.00300596
v -0.00037311 0.00088205 0.00300327
v -0.00032756 0.00089996 0.00299948
v -0.00031713 0.00090369 0.00299862
v -0.00025980 0.00092180 0.00299403
v -0.00024788 0.00092508 0.00299309
v -0.00020134 0.00093631 0.00298949
v -0.00016631 0.00094317 0.00298685
v -0.00014197 0.00094713 0.00298504
v -0.00008347 0.00095407 0.00298080
v -0.00008193 0.00095421 0.00298069
v -0.00002232 0.00095746 0.00297652
v 0.00000000 0.00095772 0.00297500
v 0.00003654 0.00095702 0.00297249
v 0.00008347 0.00095407 0.00296920
v 0.00009525 0.00095297 0.00296835
v 0.00015372 0.00094530 0.00296409
v 0.00016631 0.00094317 0.00296315
v 0.00021173 0.00093402 0.00295971
v 0.00024788 0.00092508 0.00295691
v 0.00026905 0.00091915 0.00295524
v 0.00032545 0.00090072 0.00295070
v 0.00032756 0.00089996 0.00295052
v 0.00038072 0.00087879 0.00294609
v 0.00040475 0.00086799 0.00294404
v 0.00043462 0.00085342 0.00294144
v 0.00047886 0.00082941 0.00293750
v 0.00048694 0.00082469 0.00293677
v 0.00053746 0.00079269 0.00293209
v 0.00054932 0.00078452 0.00293096
v 0.00058598 0.00075753 0.00292742
v 0.00061561 0.00073365 0.00292448
v 0.00063229 0.00071933 0.00292278
v 0.00067619 0.00067822 0.00291820
v 0.00067721 0.00067721 0.00291809
v 0.00071750 0.00063436 0.00291368
v 0.00073365 0.00061561 0.00291185
v 0.00075604 0.00058789 0.00290924
v 0.00078451 0.00054932 0.00290580
v 0.00079164 0.00053900 0.00290492
v 0.00082381 0.00048842 0.00290075
v 0.00082941 0.00047886 0.00290000
v 0.00085222 0.00043697 0.00289672
v 0.00086799 0.00040475 0.00289420
v 0.00087746 0.00038378 0.00289255
v 0.00089945 0.00032894 0.00288826
v 0.00089996 0.00032756 0.00288815
v 0.00091118 0.00029491 0.00288559
v 0.00092508 0.00024787 0.00288191
v 0.00092766 0.00023805 0.00288114
v 0.00094062 0.00018017 0.00287661
v 0.00094317 0.00016631 0.00287552
v 0.00094998 0.00012148 0.00287201
v 0.00095407 0.00008347 0.00286904
v 0.00095569 0.00006220 0.00286737
v 0.00095771 0.00000257 0.00286270
v 0.00095772 0.00000000 0.00286250
v 0.00095601 -0.00005719 0.00285802
v 0.00095407 -0.00008347 0.00285596
v 0.00095056 -0.00011683 0.00285335
v 0.00094317 -0.00016631 0.00284948
v 0.00094138 -0.00017613 0.00284871
v 0.00092847 -0.00023485 0.00284411
v 0.00092508 -0.00024787 0.00284309
v 0.00091187 -0.00029275 0.00283957
v 0.00089996 -0.00032756 0.00283685
v 0.00089163 -0.00034960 0.00283512
v 0.00086799 -0.00040475 0.00283080
v 0.00086779 -0.00040516 0.00283077
v 0.00084062 -0.00045889 0.00282656
v 0.00082941 -0.00047886 0.00282500
v 0.00081084 -0.00050967 0.00282253
v 0.00078451 -0.00054932 0.00281920
v 0.00077801 -0.00055850 0.00281840
v 0.00074216 -0.00060533 0.00281413
v 0.00073365 -0.00061561 0.00281315
v 0.00070341 -0.00064995 0.00280976
v 0.00067721 -0.00067721 0.00280691
v 0.00066190 -0.00069218 0.00280529
v 0.00061777 -0.00073184 0.00280074
v 0.00061561 -0.00073365 0.00280052
v 0.00057116 -0.00076876 0.00279613
v 0.00054932 -0.00078452 0.00279404
v 0.00052226 -0.00080278 0.00279149
v 0.00047886 -0.00082941 0.00278750
v 0.00047127 -0.00083374 0.00278682
v 0.00041832 -0.00086153 0.00278214
v 0.00040475 -0.00086799 0.00278096
v 0.00036363 -0.00088600 0.00277747
v 0.00032756 -0.00089996 0.00277448
v 0.00030740 -0.00090704 0.00277283
v 0.00024987 -0.00092455 0.00276824
v 0.00024788 -0.00092508 0.00276809
v 0.00019123 -0.00093843 0.00276372
v 0.00016631 -0.00094317 0.00276185
v 0.00013173 -0.00094861 0.00275929
v 0.00008347 -0.00095407 0.00275580
v 0.00007160 -0.00095504 0.00275496
v 0.00001169 -0.00095765 0.00275080
v -0.00000000 -0.00095772 0.00275000
v -0.00004708 -0.00095656 0.00274676
v -0.00008347 -0.00095407 0.00274420
v -0.00010576 -0.00095186 0.00274260
v -0.00016416 -0.00094354 0.00273831
v -0.00016631 -0.00094317 0.00273815
v -0.00022207 -0.00093162 0.00273392
v -0.00024788 -0.00092508 0.00273191
v -0.00027924 -0.00091610 0.00272943
v -0.00032756 -0.00089996 0.00272552
v -0.00033566 -0.00089697 0.00272486
v -0.00039069 -0.00087440 0.00272024
v -0.00040475 -0.00086799 0.00271904
v -0.00044432 -0.00084841 0.00271559
v -0.00047886 -0.00082941 0.00271250
v -0.00049633 -0.00081907 0.00271091
v -0.00054650 -0.00078648 0.00270623
v -0.00054932 -0.00078452 0.00270596
v -0.00059463 -0.00075076 0.00270157
v -0.00061561 -0.00073365 0.00269948
v -0.00064051 -0.00071202 0.00269694
v -0.00067721 -0.00067721 0.00269309
v -0.00068395 -0.00067040 0.00269236
v -0.00072477 -0.00062604 0.00268786
v -0.00073365 -0.00061561 0.00268685
v -0.00076278 -0.00057912 0.00268344
v -0.00078451 -0.00054932 0.00268080
v -0.00079782 -0.00052981 0.00267914
v -0.00082925 -0.00047913 0.00267502
v -0.00082941 -0.00047886 0.00267500
v -0.00085707 -0.00042737 0.00267097
v -0.00086799 -0.00040475 0.00266920
v -0.00088172 -0.00037388 0.00266678
v -0.00089996 -0.00032756 0.00266315
v -0.00090274 -0.00031982 0.00266255
v -0.00092076 -0.00026349 0.00265813
v -0.00092508 -0.00024787 0.00265691
v -0.00093529 -0.00020604 0.00265364
v -0.00094317 -0.00016631 0.00265052
v -0.00094626 -0.00014768 0.00264906
v -0.00095361 -0.00008864 0.00264444
v -0.00095407 -0.00008347 0.00264404
v -0.00095727 -0.00002913 0.00263978
v -0.00095772 -0.00000000 0.00263750
v -0.00095723 0.00003060 0.00263510
v -0.00095407 0.00008347 0.00263096
v -0.00095345 0.00009032 0.00263043
v -0.00094593 0.00014981 0.00262577
v -0.00094317 0.00016631 0.00262448
v -0.00093468 0.00020881 0.00262115
v -0.00092508 0.00024787 0.00261809
v -0.00091971 0.00026711 0.00261658
v -0.00090108 0.00032445 0.00261209
v -0.00089996 0.00032756 0.00261185
v -0.00087884 0.00038062 0.00260769
v -0.00086799 0.00040475 0.00260580
v -0.00085305 0.00043535 0.00260341
v -0.00082941 0.00047886 0.00260000
v -0.00082422 0.00048773 0.00259930
v -0.00079274 0.00053739 0.00259522
v -0.00078451 0.00054932 0.00259420
v -0.00075820 0.00058511 0.00259101
v -0.00073365 0.00061561 0.00258815
v -0.00072070 0.00063072 0.00258668
v -0.00068038 0.00067402 0.00258225
v -0.00067721 0.00067721 0.00258191
v -0.00063738 0.00071482 0.00257774
v -0.00061561 0.00073365 0.00257552
v -0.00059183 0.00075296 0.00257316
v -0.00054932 0.00078452 0.00256904
v -0.00054392 0.00078827 0.00256852
v -0.00049380 0.00082060 0.00256386
v -0.00047886 0.00082941 0.00256250
v -0.00044166 0.00084980 0.00255918
v -0.00040475 0.00086799 0.00255596
v -0.00038771 0.00087573 0.00255450
v -0.00033213 0.00089828 0.00254985
v -0.00032756 0.00089996 0.00254948
v -0.00027514 0.00091734 0.00254524
v -0.00024788 0.00092508 0.00254309
v -0.00021696 0.00093282 0.00254069
v -0.00016631 0.00094317 0.00253685
v -0.00015786 0.00094462 0.00253622
v -0.00010475 0.00095197 0.00253233
v -0.00008347 0.00095407 0.00253080
v -0.00004446 0.00095668 0.00252806
v -0.00000000 0.00095772 0.00252500
v 0.00001475 0.00095760 0.00252400
v 0.00007349 0.00095489 0.00251991
v 0.00008347 0.00095407 0.00251920
v 0.00013207 0.00094857 0.00251568
v 0.00016631 0.00094317 0.00251315
v 0.00019028 0.00093862 0.00251135
v 0.00024788 0.00092508 0.00250691
v 0.00030466 0.00090797 0.00250239
v 0.00032756 0.00089996 0.00250052
v 0.00036037 0.00088733 0.00249780
v 0.00040475 0.00086799 0.00249404
v 0.00041480 0.00086323 0.00249317
v 0.00046773 0.00083573 0.00248850
v 0.00047886 0.00082941 0.00248750
v 0.00051895 0.00080493 0.00248382
v 0.00054932 0.00078452 0.00248096
v 0.00056823 0.00077093 0.00247915
v 0.00061538 0.00073384 0.00247450
v 0.00061561 0.00073365 0.00247448
v 0.00065991 0.00069408 0.00246992
v 0.00067721 0.00067721 0.00246809
v 0.00070222 0.00065124 0.00246538
v 0.00073365 0.00061561 0.00246185
v 0.00074183 0.00060573 0.00246091
v 0.00077856 0.00055774 0.00245654
v 0.00078451 0.00054932 0.00245580
v 0.00081215 0.00050757 0.00245229
v 0.00082941 0.00047886 0.00245000
v 0.00084187 0.00045659 0.00244826
v 0.00086799 0.00040475 0.00244420
v 0.00086831 0.00040405 0.00244414
v 0.00089152 0.00034986 0.00243990
v 0.00089996 0.00032756 0.00243815
v 0.00091140 0.00029423 0.00243554
v 0.00092508 0.00024787 0.00243191
v 0.00092783 0.00023737 0.00243109
v 0.00094075 0.00017947 0.00242655
v 0.00094317 0.00016631 0.00242552
v 0.00095007 0.00012077 0.00242196
v 0.00095407 0.00008347 0.00241904
v 0.00095574 0.00006149 0.00241732
v 0.00095771 0.00000186 0.00241265
v 0.00095772 0.00000000 0.00241250
v 0.00095597 -0.00005777 0.00240798
v 0.00095407 -0.00008347 0.00240596
v 0.00095049 -0.00011742 0.00240330
v 0.00094317 -0.00016631 0.00239948
v 0.00094127 -0.00017672 0.00239866
v 0.00092833 -0.00023543 0.00239406
v 0.00092508 -0.00024787 0.00239309
v 0.00091169 -0.00029332 0.00238953
v 0.00089996 -0.00032756 0.00238685
v 0.00089141 -0.00035015 0.00238508
v 0.00086799 -0.00040475 0.00238080
v 0.00086754 -0.00040570 0.00238073
v 0.00084034 -0.00045940 0.00237652
v 0.00082941 -0.00047886 0.00237500
v 0.00081053 -0.00051016 0.00237249
v 0.00078451 -0.00054932 0.00236920
v 0.00077767 -0.00055897 0.00236835
v 0.00074179 -0.00060578 0.00236409
v 0.00073365 -0.00061561 0.00236315
v 0.00070302 -0.00065037 0.00235971
v 0.00067721 -0.00067721 0.00235691
v 0.00066148 -0.00069258 0.00235524
v 0.00061732 -0.00073221 0.00235070
v 0.00061561 -0.00073365 0.00235052
v 0.00057056 -0.00076921 0.00234608
v 0.00054932 -0.00078452 0.00234404
v 0.00052163 -0.00080320 0.00234143
v 0.00047886 -0.00082941 0.00233750
v 0.00047058 -0.00083413 0.00233675
v 0.00041760 -0.00086188 0.00233207
v 0.00040475 -0.00086799 0.00233096
v 0.00036289 -0.00088630 0.00232741
v 0.00032756 -0.00089996 0.00232448
v 0.00030665 -0.00090730 0.00232277
v 0.00024909 -0.00092476 0.00231818
v 0.00024788 -0.00092508 0.00231809
v 0.00019045 -0.00093859 0.00231367
v 0.00016631 -0.00094317 0.00231185
v 0.00013094 -0.00094872 0.00230923
v 0.00008347 -0.00095407 0.00230580
v 0.00007080 -0.00095510 0.00230490
v 0.00001091 -0.00095765 0.00230074
v -0.00000000 -0.00095772 0.00230000
v -0.00004786 -0.00095652 0.00229671
v -0.00008347 -0.00095407 0.00229420
v -0.00010654 -0.00095177 0.00229254
v -0.00016494 -0.00094341 0.00228825
v -0.00016631 -0.00094317 0.00228815
v -0.00022318 -0.00093135 0.00228383
v -0.00024788 -0.00092508 0.00228191
v -0.00028034 -0.00091577 0.00227934
v -0.00032756 -0.00089996 0.00227552
v -0.00033654 -0.00089664 0.00227478
v -0.00039155 -0.00087402 0.00227017
v -0.00040475 -0.00086799 0.00226904
v -0.00044515 -0.00084797 0.00226551
v -0.00047886 -0.00082941 0.00226250
v -0.00049713 -0.00081858 0.00226084
v -0.00054727 -0.00078595 0.00225616
v -0.00054932 -0.00078452 0.00225596
v -0.00059537 -0.00075017 0.00225150
v -0.00061561 -0.00073365 0.00224948
v -0.00064121 -0.00071139 0.00224687
v -0.00067721 -0.00067721 0.00224309
v -0.00068448 -0.00066986 0.00224231
v -0.00070264 -0.00065078 0.00224033
v -0.00073365 -0.00061561 0.00223685
v -0.00074222 -0.00060525 0.00223586
v -0.00077892 -0.00055723 0.00223149
v -0.00078451 -0.00054932 0.00223080
v -0.00081248 -0.00050705 0.00222725
v -0.00082941 -0.00047886 0.00222500
v -0.00084216 -0.00045606 0.00222321
v -0.00086799 -0.00040475 0.00221920
v -0.00086857 -0.00040350 0.00221910
v -0.00089175 -0.00034930 0.00221485
v -0.00089996 -0.00032756 0.00221315
v -0.00091159 -0.00029365 0.00221050
v -0.00092508 -0.00024787 0.00220691
v -0.00092799 -0.00023677 0.00220604
v -0.00094088 -0.00017881 0.00220150
v -0.00094317 -0.00016631 0.00220052
v -0.00094421 -0.00016027 0.00220005
v -0.00095234 -0.00010136 0.00219544
v -0.00095407 -0.00008347 0.00219404
v -0.00095680 -0.00004194 0.00219078
v -0.00095772 0.00000000 0.00218750
v -0.00095755 0.00001777 0.00218611
v -0.00095457 0.00007751 0.00218143
v -0.00095407 0.00008347 0.00218096
v -0.00094786 0.00013707 0.00217677
v -0.00094317 0.00016631 0.00217448
v -0.00093740 0.00019620 0.00217214
v -0.00092508 0.00024787 0.00216809
v -0.00092324 0.00025466 0.00216756
v -0.00090539 0.00031223 0.00216305
v -0.00089996 0.00032756 0.00216185
v -0.00088394 0.00036861 0.00215863
v -0.00086799 0.00040475 0.00215580
v -0.00086204 0.00041727 0.00215482
v -0.00083426 0.00047036 0.00215067
v -0.00082941 0.00047886 0.00215000
v -0.00080384 0.00052064 0.00214663
v -0.00078451 0.00054932 0.00214420
v -0.00077033 0.00056905 0.00214246
v -0.00073383 0.00061540 0.00213817
v -0.00073365 0.00061561 0.00213815
v -0.00069446 0.00065951 0.00213377
v -0.00067721 0.00067721 0.00213191
v -0.00065235 0.00070118 0.00212929
v -0.00061561 0.00073365 0.00212552
v -0.00060765 0.00074025 0.00212473
v -0.00056053 0.00077655 0.00212011
v -0.00054932 0.00078452 0.00211904
v -0.00051115 0.00080991 0.00211545
v -0.00047886 0.00082941 0.00211250
v -0.00046244 0.00083867 0.00211102
v -0.00040918 0.00086590 0.00210635
v -0.00040475 0.00086799 0.00210596
v -0.00035422 0.00088980 0.00210168
v -0.00032756 0.00089996 0.00209948
v -0.00029776 0.00091025 0.00209705
v -0.00024788 0.00092508 0.00209309
v -0.00024002 0.00092715 0.00209247
v -0.00018122 0.00094041 0.00208797
v -0.00016631 0.00094317 0.00208685
v -0.00012160 0.00094997 0.00208355
v -0.00008347 0.00095407 0.00208080
v -0.00006138 0.00095575 0.00207924
v -0.00000174 0.00095771 0.00207512
v 0.00000000 0.00095772 0.00207500
v 0.00005761 0.00095598 0.00207103
v 0.00008347 0.00095407 0.00206920
v 0.00011626 0.00095063 0.00206684
v 0.00016631 0.00094317 0.00206315
v 0.00017459 0.00094167 0.00206253
v 0.00023238 0.00092910 0.00205812
v 0.00024788 0.00092508 0.00205691
v 0.00028940 0.00091295 0.00205362
v 0.00032756 0.00089996 0.00205052
v 0.00034542 0.00089326 0.00204905
v 0.00040022 0.00087008 0.00204443
v 0.00040475 0.00086799 0.00204404
v 0.00045358 0.00084350 0.00203977
v 0.00047886 0.00082941 0.00203750
v 0.00050528 0.00081358 0.00203509
v 0.00054932 0.00078452 0.00203096
v 0.00055509 0.00078044 0.00203041
v 0.00059949 0.00074689 0.00202609
v 0.00061561 0.00073365 0.00202448
v 0.00064512 0.00070784 0.00202146
v 0.00067721 0.00067721 0.00201809
v 0.00068830 0.00066593 0.00201689
v 0.00072884 0.00062130 0.00201240
v 0.00073365 0.00061561 0.00201185
v 0.00076655 0.00057412 0.00200799
v 0.00078451 0.00054932 0.00200580
v 0.00080128 0.00052457 0.00200370
v 0.00082941 0.00047886 0.00200000
v 0.00083228 0.00047385 0.00199961
v 0.00085978 0.00042190 0.00199554
v 0.00086799 0.00040475 0.00199420
v 0.00088409 0.00036825 0.00199134
v 0.00089996 0.00032756 0.00198815
v 0.00090524 0.00031266 0.00198698
v 0.00092282 0.00025617 0.00198256
v 0.00092508 0.00024787 0.00198191
v 0.00093690 0.00019859 0.00197805
v 0.00094317 0.00016631 0.00197552
v 0.00094741 0.00014013 0.00197347
v 0.00095407 0.00008347 0.00196904
v 0.00095428 0.00008102 0.00196884
v 0.00095748 0.00002147 0.00196418
v 0.00095772 0.00000000 0.00196250
v 0.00095695 -0.00003827 0.00195950
v 0.00095407 -0.00008347 0.00195596
v 0.00095269 -0.00009798 0.00195483
v 0.00094469 -0.00015741 0.00195017
v 0.00094317 -0.00016631 0.00194948
v 0.00093297 -0.00021631 0.00194556
v 0.00092508 -0.00024787 0.00194309
v 0.00091939 -0.00026821 0.00194150
v 0.00090069 -0.00032553 0.00193701
v 0.00089996 -0.00032756 0.00193685
v 0.00087838 -0.00038167 0.00193261
v 0.00086799 -0.00040475 0.00193080
v 0.00085253 -0.00043637 0.00192833
v 0.00082941 -0.00047886 0.00192500
v 0.00082388 -0.00048830 0.00192426
v 0.00079237 -0.00053793 0.00192018
v 0.00078451 -0.00054932 0.00191920
v 0.00075780 -0.00058563 0.00191596
v 0.00073365 -0.00061561 0.00191315
v 0.00072027 -0.00063122 0.00191163
v 0.00067992 -0.00067449 0.00190720
v 0.00067721 -0.00067721 0.00190691
v 0.00063669 -0.00071543 0.00190267
v 0.00061561 -0.00073365 0.00190052
v 0.00059111 -0.00075353 0.00189808
v 0.00054932 -0.00078452 0.00189404
v 0.00054316 -0.00078879 0.00189345
v 0.00049301 -0.00082107 0.00188879
v 0.00047886 -0.00082941 0.00188750
v 0.00044085 -0.00085022 0.00188411
v 0.00040475 -0.00086799 0.00188096
v 0.00038686 -0.00087610 0.00187943
v 0.00033126 -0.00089860 0.00187478
v 0.00032756 -0.00089996 0.00187448
v 0.00027425 -0.00091761 0.00187017
v 0.00024788 -0.00092508 0.00186809
v 0.00021605 -0.00093303 0.00186562
v 0.00016631 -0.00094317 0.00186185
v 0.00015692 -0.00094477 0.00186115
v 0.00010114 -0.00095236 0.00185707
v 0.00008347 -0.00095407 0.00185580
v 0.00004085 -0.00095684 0.00185280
v 0.00000000 -0.00095772 0.00185000
v -0.00001828 -0.00095754 0.00184875
v -0.00007702 -0.00095461 0.00184466
v -0.00008347 -0.00095407 0.00184420
v -0.00013559 -0.00094807 0.00184043
v -0.00016631 -0.00094317 0.00183815
v -0.00019376 -0.00093791 0.00183608
v -0.00024788 -0.00092508 0.00183191
v -0.00025132 -0.00092415 0.00183164
v -0.00030804 -0.00090683 0.00182712
v -0.00032756 -0.00089996 0.00182552
v -0.00036368 -0.00088598 0.00182253
v -0.00040475 -0.00086799 0.00181904
v -0.00041317 -0.00086401 0.00181831
v -0.00046616 -0.00083661 0.00181364
v -0.00047886 -0.00082941 0.00181250
v -0.00051742 -0.00080591 0.00180896
v -0.00054932 -0.00078452 0.00180596
v -0.00056677 -0.00077201 0.00180429
v -0.00061399 -0.00073501 0.00179964
v -0.00061561 -0.00073365 0.00179948
v -0.00065888 -0.00069505 0.00179503
v -0.00067721 -0.00067721 0.00179309
v -0.00070125 -0.00065228 0.00179048
v -0.00073365 -0.00061561 0.00178685
v -0.00074093 -0.00060684 0.00178601
v -0.00077773 -0.00055890 0.00178164
v -0.00078451 -0.00054932 0.00178080
v -0.00081141 -0.00050876 0.00177739
v -0.00082941 -0.00047886 0.00177500
v -0.00083736 -0.00046481 0.00177390
v -0.00086431 -0.00041255 0.00176981
v -0.00086799 -0.00040475 0.00176920
v -0.00088804 -0.00035861 0.00176558
v -0.00089996 -0.00032756 0.00176315
v -0.00090846 -0.00030320 0.00176124
v -0.00092508 -0.00024788 0.00175691
v -0.00092545 -0.00024651 0.00175680
v -0.00093893 -0.00018877 0.00175228
v -0.00094317 -0.00016631 0.00175052
v -0.00094883 -0.00013018 0.00174769
v -0.00095407 -0.00008347 0.00174404
v -0.00095508 -0.00007098 0.00174306
v -0.00095765 -0.00001138 0.00173839
v -0.00095772 -0.00000000 0.00173750
v -0.00095650 0.00004826 0.00173372
v -0.00095407 0.00008347 0.00173096
v -0.00095161 0.00010794 0.00172905
v -0.00094317 0.00016631 0.00172448
v -0.00094299 0.00016731 0.00172440
v -0.00093064 0.00022613 0.00171979
v -0.00092508 0.00024787 0.00171809
v -0.00091459 0.00028417 0.00171525
v -0.00089996 0.00032756 0.00171185
v -0.00089488 0.00034119 0.00171078
v -0.00087158 0.00039696 0.00170641
v -0.00086799 0.00040475 0.00170580
v -0.00084484 0.00045107 0.00170218
v -0.00082941 0.00047886 0.00170000
v -0.00081548 0.00050221 0.00169814
v -0.00078452 0.00054932 0.00169420
v -0.00078309 0.00055135 0.00169402
v -0.00075075 0.00059464 0.00169013
v -0.00073365 0.00061561 0.00168815
v -0.00071266 0.00063979 0.00168578
v -0.00067721 0.00067721 0.00168191
v -0.00067178 0.00068259 0.00168133
v -0.00062824 0.00072287 0.00167680
v -0.00061561 0.00073365 0.00167552
v -0.00058219 0.00076044 0.00167221
v -0.00054932 0.00078452 0.00166904
v -0.00053381 0.00079515 0.00166757
v -0.00048326 0.00082685 0.00166290
v -0.00047886 0.00082941 0.00166250
v -0.00043074 0.00085538 0.00165822
v -0.00040475 0.00086799 0.00165596
v -0.00037643 0.00088063 0.00165355
v -0.00032756 0.00089996 0.00164948
v -0.00032084 0.00090237 0.00164893
v -0.00026360 0.00092073 0.00164433
v -0.00024788 0.00092508 0.00164309
v -0.00020520 0.00093547 0.00163979
v -0.00016631 0.00094317 0.00163685
v -0.00014589 0.00094654 0.00163533
v -0.00008588 0.00095386 0.00163098
v -0.00008347 0.00095407 0.00163080
v -0.00002572 0.00095737 0.00162676
v 0.00000000 0.00095772 0.00162500
v 0.00003318 0.00095714 0.00162273
v 0.00008347 0.00095407 0.00161920
v 0.00009189 0.00095330 0.00161860
v 0.00015038 0.00094584 0.00161434
v 0.00016631 0.00094317 0.00161315
v 0.00020844 0.00093476 0.00160997
v 0.00024788 0.00092508 0.00160691
v 0.00026114 0.00092143 0.00160587
v 0.00031769 0.00090349 0.00160133
v 0.00032756 0.00089996 0.00160052
v 0.00037312 0.00088204 0.00159673
v 0.00040475 0.00086799 0.00159404
v 0.00042723 0.00085714 0.00159209
v 0.00047886 0.00082941 0.00158750
v 0.00047978 0.00082887 0.00158742
v 0.00053056 0.00079732 0.00158274
v 0.00054932 0.00078452 0.00158096
v 0.00057937 0.00076259 0.00157807
v 0.00061561 0.00073365 0.00157448
v 0.00062600 0.00072481 0.00157343
v 0.00067025 0.00068410 0.00156883
v 0.00067721 0.00067721 0.00156809
v 0.00071193 0.00064061 0.00156430
v 0.00073365 0.00061561 0.00156185
v 0.00075087 0.00059449 0.00155985
v 0.00078452 0.00054932 0.00155580
v 0.00078688 0.00054593 0.00155551
v 0.00081942 0.00049575 0.00155134
v 0.00082941 0.00047886 0.00155000
v 0.00084831 0.00044450 0.00154731
v 0.00086799 0.00040475 0.00154420
v 0.00087401 0.00039156 0.00154316
v 0.00089646 0.00033702 0.00153889
v 0.00089996 0.00032756 0.00153815
v 0.00091554 0.00028108 0.00153451
v 0.00092508 0.00024787 0.00153191
v 0.00093116 0.00022396 0.00153004
v 0.00094317 0.00016631 0.00152552
v 0.00094325 0.00016586 0.00152549
v 0.00095172 0.00010700 0.00152088
v 0.00095407 0.00008347 0.00151904
v 0.00095653 0.00004762 0.00151623
v 0.00095772 -0.00000000 0.00151250
v 0.00095764 -0.00001207 0.00151155
v 0.00095502 -0.00007182 0.00150688
v 0.00095407 -0.00008347 0.00150596
v 0.00094866 -0.00013141 0.00150221
v 0.00094317 -0.00016631 0.00149948
v 0.00093856 -0.00019058 0.00149758
v 0.00092508 -0.00024788 0.00149309
v 0.00092486 -0.00024872 0.00149302
v 0.00090739 -0.00030639 0.00148851
v 0.00089996 -0.00032756 0.00148685
v 0.00088628 -0.00036295 0.00148408
v 0.00086799 -0.00040475 0.00148080
v 0.00086160 -0.00041817 0.00147975
v 0.00083378 -0.00047120 0.00147560
v 0.00082941 -0.00047886 0.00147500
v 0.00080331 -0.00052145 0.00147156
v 0.00078451 -0.00054932 0.00146920
v 0.00076975 -0.00056983 0.00146739
v 0.00073365 -0.00061561 0.00146315
v 0.00073320 -0.00061614 0.00146310
v 0.00069379 -0.00066021 0.00145870
v 0.00067721 -0.00067721 0.00145691
v 0.00065164 -0.00070185 0.00145421
v 0.00061561 -0.00073365 0.00145052
v 0.00060690 -0.00074087 0.00144965
v 0.00055974 -0.00077712 0.00144503
v 0.00054932 -0.00078452 0.00144404
v 0.00051032 -0.00081043 0.00144038
v 0.00047886 -0.00082941 0.00143750
v 0.00046038 -0.00083980 0.00143584
v 0.00040705 -0.00086691 0.00143116
v 0.00040475 -0.00086799 0.00143096
v 0.00035202 -0.00089067 0.00142650
v 0.00032756 -0.00089996 0.00142448
v 0.00029551 -0.00091099 0.00142187
v 0.00024788 -0.00092508 0.00141809
v 0.00023773 -0.00092774 0.00141730
v 0.00017889 -0.00094086 0.00141279
v 0.00016631 -0.00094317 0.00141185
v 0.00011924 -0.00095026 0.00140838
v 0.00000000 -0.00095772 0.00140000
v 0.00005900 -0.00095590 0.00140407
v 0.00008347 -0.00095407 0.00140580
v -0.00000057 -0.00095772 0.00139996
v -0.00005931 -0.00095588 0.00139591
v -0.00008347 -0.00095407 0.00139420
v -0.00011795 -0.00095043 0.00139172
v -0.00016631 -0.00094317 0.00138815
v -0.00017632 -0.00094135 0.00138740
v -0.00021954 -0.00093221 0.00138411
v -0.00024788 -0.00092508 0.00138191
v -0.00027675 -0.00091686 0.00137963
v -0.00032756 -0.00089996 0.00137552
v -0.00033302 -0.00089795 0.00137507
v -0.00038811 -0.00087555 0.00137046
v -0.00040475 -0.00086799 0.00136904
v -0.00044181 -0.00084972 0.00136581
v -0.00047886 -0.00082941 0.00136250
v -0.00049390 -0.00082054 0.00136113
v -0.00054416 -0.00078811 0.00135645
v -0.00054932 -0.00078452 0.00135596
v -0.00059239 -0.00075253 0.00135179
v -0.00061561 -0.00073365 0.00134948
v -0.00063838 -0.00071392 0.00134716
v -0.00067721 -0.00067721 0.00134309
v -0.00068195 -0.00067244 0.00134258
v -0.00072289 -0.00062821 0.00133807
v -0.00073365 -0.00061561 0.00133685
v -0.00076104 -0.00058141 0.00133365
v -0.00078451 -0.00054932 0.00133080
v -0.00079621 -0.00053222 0.00132934
v -0.00082642 -0.00048399 0.00132540
v -0.00082941 -0.00047886 0.00132500
v -0.00085455 -0.00043239 0.00132136
v -0.00086799 -0.00040475 0.00131920
v -0.00087951 -0.00037906 0.00131718
v -0.00089996 -0.00032756 0.00131315
v -0.00090118 -0.00032418 0.00131289
v -0.00091947 -0.00026795 0.00130848
v -0.00092508 -0.00024787 0.00130691
v -0.00093428 -0.00021058 0.00130399
v -0.00094317 -0.00016631 0.00130052
v -0.00094553 -0.00015228 0.00129943
v -0.00095316 -0.00009328 0.00129481
v -0.00095407 -0.00008347 0.00129404
v -0.00095712 -0.00003381 0.00129015
v -0.00095772 0.00000000 0.00128750
v -0.00095737 0.00002591 0.00128547
v -0.00095407 0.00008347 0.00128096
v -0.00095388 0.00008565 0.00128079
v -0.00094665 0.00014516 0.00127613
v -0.00094317 0.00016631 0.00127448
v -0.00093573 0.00020402 0.00127152
v -0.00093172 0.00022165 0.00127014
v -0.00092508 0.00024787 0.00126809
v -0.00091595 0.00027975 0.00126559
v -0.00089996 0.00032756 0.00126185
v -0.00089652 0.00033686 0.00126112
v -0.00087349 0.00039273 0.00125674
v -0.00086799 0.00040475 0.00125580
v -0.00084699 0.00044702 0.00125249
v -0.00082941 0.00047886 0.00125000
v -0.00081783 0.00049837 0.00124845
v -0.00078570 0.00054763 0.00124434
v -0.00078452 0.00054932 0.00124420
v -0.00075052 0.00059493 0.00124011
v -0.00073365 0.00061561 0.00123815
v -0.00071242 0.00064007 0.00123575
v -0.00067721 0.00067721 0.00123191
v -0.00067152 0.00068285 0.00123130
v -0.00062796 0.00072311 0.00122677
v -0.00061561 0.00073365 0.00122552
v -0.00058190 0.00076066 0.00122218
v -0.00054932 0.00078452 0.00121904
v -0.00053351 0.00079536 0.00121754
v -0.00048298 0.00082702 0.00121287
v -0.00047886 0.00082941 0.00121250
v -0.00043044 0.00085554 0.00120819
v -0.00040475 0.00086799 0.00120596
v -0.00037613 0.00088077 0.00120352
v -0.00032756 0.00089996 0.00119948
v -0.00032023 0.00090259 0.00119888
v -0.00026297 0.00092091 0.00119428
v -0.00024788 0.00092508 0.00119309
v -0.00020457 0.00093561 0.00118974
v -0.00016631 0.00094317 0.00118685
v -0.00014524 0.00094664 0.00118528
v -0.00008523 0.00095392 0.00118093
v -0.00008347 0.00095407 0.00118080
v -0.00002508 0.00095739 0.00117671
v 0.00000000 0.00095772 0.00117500
v 0.00003381 0.00095712 0.00117268
v 0.00008347 0.00095407 0.00116920
v 0.00009252 0.00095324 0.00116855
v 0.00015101 0.00094574 0.00116429
v 0.00016631 0.00094317 0.00116315
v 0.00020906 0.00093462 0.00115992
v 0.00024788 0.00092508 0.00115691
v 0.00026176 0.00092125 0.00115582
v 0.00031830 0.00090328 0.00115128
v 0.00032756 0.00089996 0.00115052
v 0.00037372 0.00088179 0.00114668
v 0.00040475 0.00086799 0.00114404
v 0.00042781 0.00085686 0.00114204
v 0.00047886 0.00082941 0.00113750
v 0.00048034 0.00082855 0.00113737
v 0.00053111 0.00079696 0.00113269
v 0.00054932 0.00078452 0.00113096
v 0.00057989 0.00076220 0.00112802
v 0.00061561 0.00073365 0.00112448
v 0.00062649 0.00072438 0.00112338
v 0.00067072 0.00068364 0.00111878
v 0.00067721 0.00067721 0.00111809
v 0.00071237 0.00064012 0.00111425
v 0.00073365 0.00061561 0.00111185
v 0.00075127 0.00059398 0.00110981
v 0.00078452 0.00054932 0.00110580
v 0.00078726 0.00054539 0.00110546
v 0.00081976 0.00049519 0.00110129
v 0.00082941 0.00047886 0.00110000
v 0.00084862 0.00044393 0.00109726
v 0.00086799 0.00040475 0.00109420
v 0.00087428 0.00039096 0.00109312
v 0.00089669 0.00033641 0.00108884
v 0.00089996 0.00032756 0.00108815
v 0.00091573 0.00028046 0.00108446
v 0.00092508 0.00024787 0.00108191
v 0.00093132 0.00022332 0.00107999
v 0.00094317 0.00016631 0.00107552
v 0.00094336 0.00016521 0.00107544
v 0.00095179 0.00010634 0.00107083
v 0.00095407 0.00008347 0.00106904
v 0.00095656 0.00004695 0.00106618
v 0.00095772 -0.00000000 0.00106250
v 0.00095763 -0.00001273 0.00106150
v 0.00095497 -0.00007248 0.00105682
v 0.00095407 -0.00008347 0.00105596
v 0.00094857 -0.00013206 0.00105216
v 0.00094317 -0.00016631 0.00104948
v 0.00093843 -0.00019124 0.00104752
v 0.00092508 -0.00024788 0.00104309
v 0.00092468 -0.00024936 0.00104297
v 0.00090717 -0.00030702 0.00103846
v 0.00089996 -0.00032756 0.00103685
v 0.00088602 -0.00036357 0.00103403
v 0.00086799 -0.00040475 0.00103080
v 0.00086131 -0.00041877 0.00102971
v 0.00083346 -0.00047177 0.00102556
v 0.00082941 -0.00047886 0.00102500
v 0.00080296 -0.00052200 0.00102152
v 0.00078451 -0.00054932 0.00101920
v 0.00076936 -0.00057035 0.00101735
v 0.00073365 -0.00061561 0.00101315
v 0.00073278 -0.00061664 0.00101305
v 0.00069334 -0.00066069 0.00100865
v 0.00067721 -0.00067721 0.00100691
v 0.00065116 -0.00070229 0.00100416
v 0.00061561 -0.00073365 0.00100052
v 0.00060639 -0.00074129 0.00099960
v 0.00055920 -0.00077750 0.00099498
v 0.00054932 -0.00078452 0.00099404
v 0.00050976 -0.00081078 0.00099033
v 0.00047886 -0.00082941 0.00098750
v 0.00046455 -0.00083751 0.00098621
v 0.00041135 -0.00086487 0.00098153
v 0.00040475 -0.00086799 0.00098096
v 0.00035645 -0.00088891 0.00097687
v 0.00032756 -0.00089996 0.00097448
v 0.00030005 -0.00090950 0.00097224
v 0.00024788 -0.00092508 0.00096809
v 0.00024236 -0.00092654 0.00096766
v 0.00018360 -0.00093995 0.00096315
v 0.00016631 -0.00094317 0.00096185
v 0.00012400 -0.00094965 0.00095873
v 0.00008347 -0.00095407 0.00095580
v 0.00006381 -0.00095559 0.00095441
v 0.00000410 -0.00095771 0.00095028
v -0.00000000 -0.00095772 0.00095000
v -0.00005464 -0.00095616 0.00094623
v -0.00008347 -0.00095407 0.00094420
v -0.00011330 -0.00095099 0.00094205
v -0.00016631 -0.00094317 0.00093815
v -0.00017165 -0.00094221 0.00093775
v -0.00022987 -0.00092972 0.00093331
v -0.00024788 -0.00092508 0.00093191
v -0.00028693 -0.00091372 0.00092882
v -0.00032756 -0.00089996 0.00092552
v -0.00034300 -0.00089419 0.00092425
v -0.00039786 -0.00087117 0.00091963
v -0.00040475 -0.00086799 0.00091904
v -0.00045128 -0.00084473 0.00091497
v -0.00047886 -0.00082941 0.00091250
v -0.00050306 -0.00081495 0.00091029
v -0.00054932 -0.00078452 0.00090596
v -0.00055297 -0.00078195 0.00090562
v -0.00060082 -0.00074582 0.00090096
v -0.00061561 -0.00073365 0.00089948
v -0.00064639 -0.00070668 0.00089633
v -0.00067721 -0.00067721 0.00089309
v -0.00068949 -0.00066469 0.00089177
v -0.00072995 -0.00061999 0.00088727
v -0.00073365 -0.00061561 0.00088685
v -0.00076758 -0.00057274 0.00088287
v -0.00078451 -0.00054932 0.00088080
v -0.00080222 -0.00052313 0.00087858
v -0.00082941 -0.00047886 0.00087500
v -0.00083327 -0.00047210 0.00087447
v -0.00086067 -0.00042008 0.00087040
v -0.00086799 -0.00040475 0.00086920
v -0.00088487 -0.00036637 0.00086619
v -0.00089996 -0.00032756 0.00086315
v -0.00090576 -0.00031116 0.00086187
v -0.00092324 -0.00025464 0.00085744
v -0.00092508 -0.00024787 0.00085691
v -0.00093723 -0.00019703 0.00085293
v -0.00094317 -0.00016631 0.00085052
v -0.00094764 -0.00013855 0.00084835
v -0.00095407 -0.00008347 0.00084404
v -0.00095442 -0.00007942 0.00084372
v -0.00095751 -0.00001987 0.00083906
v -0.00095772 -0.00000000 0.00083750
v -0.00095689 0.00003987 0.00083438
v -0.00095407 0.00008347 0.00083096
v -0.00095253 0.00009958 0.00082970
v -0.00094443 0.00015900 0.00082505
v -0.00094317 0.00016631 0.00082448
v -0.00093260 0.00021788 0.00082044
v -0.00092508 0.00024787 0.00081809
v -0.00091898 0.00026963 0.00081639
v -0.00090019 0.00032693 0.00081190
v -0.00089996 0.00032756 0.00081185
v -0.00087779 0.00038303 0.00080750
v -0.00086799 0.00040475 0.00080580
v -0.00085185 0.00043768 0.00080322
v -0.00082941 0.00047886 0.00080000
v -0.00082315 0.00048954 0.00079916
v -0.00079156 0.00053913 0.00079507
v -0.00078451 0.00054932 0.00079420
v -0.00075691 0.00058678 0.00079086
v -0.00073365 0.00061561 0.00078815
v -0.00071931 0.00063231 0.00078652
v -0.00067889 0.00067552 0.00078209
v -0.00067721 0.00067721 0.00078191
v -0.00063579 0.00071623 0.00077757
v -0.00061561 0.00073365 0.00077552
v -0.00059016 0.00075428 0.00077299
v -0.00054932 0.00078452 0.00076904
v -0.00054216 0.00078948 0.00076836
v -0.00049840 0.00081782 0.00076428
v -0.00047886 0.00082941 0.00076250
v -0.00044643 0.00084730 0.00075960
v -0.00040475 0.00086799 0.00075596
v -0.00039263 0.00087353 0.00075492
v -0.00033719 0.00089639 0.00075027
v -0.00032756 0.00089996 0.00074948
v -0.00028032 0.00091577 0.00074565
v -0.00024788 0.00092508 0.00074309
v -0.00022224 0.00093158 0.00074110
v -0.00016631 0.00094317 0.00073685
v -0.00016316 0.00094372 0.00073661
v -0.00010333 0.00095213 0.00073223
v -0.00008347 0.00095407 0.00073080
v -0.00004304 0.00095675 0.00072796
v -0.00000000 0.00095772 0.00072500
v 0.00001614 0.00095758 0.00072390
v 0.00007488 0.00095478 0.00071981
v 0.00008347 0.00095407 0.00071920
v 0.00013346 0.00094837 0.00071558
v 0.00016631 0.00094317 0.00071315
v 0.00019177 0.00093832 0.00071123
v 0.00021565 0.00093312 0.00070941
v 0.00024788 0.00092508 0.00070691
v 0.00027291 0.00091801 0.00070494
v 0.00032756 0.00089996 0.00070052
v 0.00032925 0.00089934 0.00070038
v 0.00038443 0.00087718 0.00069577
v 0.00040475 0.00086799 0.00069404
v 0.00043823 0.00085157 0.00069112
v 0.00047886 0.00082941 0.00068750
v 0.00049043 0.00082262 0.00068645
v 0.00054083 0.00079040 0.00068177
v 0.00054932 0.00078452 0.00068096
v 0.00058920 0.00075503 0.00067710
v 0.00061561 0.00073365 0.00067448
v 0.00063535 0.00071663 0.00067247
v 0.00067721 0.00067721 0.00066809
v 0.00067878 0.00067563 0.00066792
v 0.00071993 0.00063160 0.00066341
v 0.00073365 0.00061561 0.00066185
v 0.00075830 0.00058499 0.00065898
v 0.00078451 0.00054932 0.00065580
v 0.00079371 0.00053595 0.00065466
v 0.00082563 0.00048533 0.00065051
v 0.00082941 0.00047886 0.00065000
v 0.00085385 0.00043378 0.00064647
v 0.00086799 0.00040475 0.00064420
v 0.00087889 0.00038049 0.00064230
v 0.00089996 0.00032756 0.00063815
v 0.00090065 0.00032565 0.00063800
v 0.00091913 0.00026910 0.00063357
v 0.00092508 0.00024787 0.00063191
v 0.00093401 0.00021175 0.00062908
v 0.00094317 0.00016631 0.00062552
v 0.00094534 0.00015347 0.00062452
v 0.00095304 0.00009448 0.00061990
v 0.00095407 0.00008347 0.00061904
v 0.00095708 0.00003502 0.00061524
v 0.00095772 -0.00000000 0.00061250
v 0.00095740 -0.00002470 0.00061057
v 0.00095407 -0.00008347 0.00060596
v 0.00095399 -0.00008444 0.00060589
v 0.00094684 -0.00014396 0.00060123
v 0.00094317 -0.00016631 0.00059948
v 0.00093595 -0.00020302 0.00059660
v 0.00092508 -0.00024787 0.00059309
v 0.00092148 -0.00026094 0.00059207
v 0.00090324 -0.00031839 0.00058757
v 0.00089996 -0.00032756 0.00058685
v 0.00088138 -0.00037469 0.00058316
v 0.00086799 -0.00040475 0.00058080
v 0.00085596 -0.00042960 0.00057886
v 0.00082941 -0.00047886 0.00057500
v 0.00082763 -0.00048193 0.00057476
v 0.00079651 -0.00053179 0.00057070
v 0.00078451 -0.00054932 0.00056920
v 0.00076231 -0.00057975 0.00056650
v 0.00073365 -0.00061561 0.00056315
v 0.00072511 -0.00062565 0.00056218
v 0.00069717 -0.00065664 0.00055907
v 0.00067721 -0.00067721 0.00055691
v 0.00065524 -0.00069848 0.00055459
v 0.00061561 -0.00073365 0.00055052
v 0.00061071 -0.00073773 0.00055003
v 0.00056375 -0.00077422 0.00054542
v 0.00054932 -0.00078452 0.00054404
v 0.00051450 -0.00080778 0.00054076
v 0.00047886 -0.00082941 0.00053750
v 0.00046317 -0.00083827 0.00053609
v 0.00040993 -0.00086555 0.00053141
v 0.00040475 -0.00086799 0.00053096
v 0.00035499 -0.00088950 0.00052675
v 0.00032756 -0.00089996 0.00052448
v 0.00029855 -0.00090999 0.00052212
v 0.00024788 -0.00092508 0.00051809
v 0.00024126 -0.00092683 0.00051757
v 0.00018249 -0.00094017 0.00051306
v 0.00016631 -0.00094317 0.00051185
v 0.00012287 -0.00094980 0.00050864
v 0.00008347 -0.00095407 0.00050580
v 0.00006267 -0.00095566 0.00050433
v 0.00000299 -0.00095771 0.00050020
v -0.00000000 -0.00095772 0.00050000
v -0.00005575 -0.00095609 0.00049616
v -0.00008347 -0.00095407 0.00049420
v -0.00011440 -0.00095086 0.00049197
v -0.00016631 -0.00094317 0.00048815
v -0.00017275 -0.00094201 0.00048767
v -0.00023096 -0.00092945 0.00048323
v -0.00024788 -0.00092508 0.00048191
v -0.00028800 -0.00091339 0.00047873
v -0.00032756 -0.00089996 0.00047552
v -0.00034405 -0.00089379 0.00047416
v -0.00039888 -0.00087070 0.00046954
v -0.00040475 -0.00086799 0.00046904
v -0.00045228 -0.00084420 0.00046488
v -0.00047886 -0.00082941 0.00046250
v -0.00050402 -0.00081436 0.00046020
v -0.00054932 -0.00078452 0.00045596
v -0.00055390 -0.00078129 0.00045553
v -0.00060170 -0.00074510 0.00045087
v -0.00061561 -0.00073365 0.00044948
v -0.00064722 -0.00070592 0.00044625
v -0.00067721 -0.00067721 0.00044309
v -0.00068994 -0.00066423 0.00044172
v -0.00073037 -0.00061951 0.00043722
v -0.00073365 -0.00061561 0.00043685
v -0.00076797 -0.00057223 0.00043282
v -0.00078451 -0.00054932 0.00043080
v -0.00080257 -0.00052260 0.00042853
v -0.00082941 -0.00047886 0.00042500
v -0.00083341 -0.00047185 0.00042445
v -0.00086079 -0.00041983 0.00042038
v -0.00086799 -0.00040475 0.00041920
v -0.00088497 -0.00036612 0.00041617
v -0.00089996 -0.00032756 0.00041315
v -0.00090585 -0.00031089 0.00041185
v -0.00092341 -0.00025405 0.00040739
v -0.00092508 -0.00024787 0.00040691
v -0.00093736 -0.00019643 0.00040288
v -0.00094317 -0.00016631 0.00040052
v -0.00094773 -0.00013794 0.00039830
v -0.00095407 -0.00008347 0.00039404
v -0.00095447 -0.00007881 0.00039367
v -0.00095752 -0.00001925 0.00038901
v -0.00095772 -0.00000000 0.00038750
v -0.00095686 0.00004049 0.00038433
v -0.00095407 0.00008347 0.00038096
v -0.00095246 0.00010020 0.00037965
v -0.00094432 0.00015962 0.00037500
v -0.00094317 0.00016631 0.00037448
v -0.00093246 0.00021851 0.00037039
v -0.00092508 0.00024787 0.00036809
v -0.00091773 0.00027383 0.00036606
v -0.00089996 0.00032756 0.00036185
v -0.00089868 0.00033105 0.00036158
v -0.00087602 0.00038706 0.00035719
v -0.00086799 0.00040475 0.00035580
v -0.00084985 0.00044157 0.00035292
v -0.00082941 0.00047886 0.00035000
v -0.00082095 0.00049321 0.00034886
v -0.00078914 0.00054266 0.00034477
v -0.00078452 0.00054932 0.00034420
v -0.00075427 0.00059017 0.00034055
v -0.00073365 0.00061561 0.00033815
v -0.00071638 0.00063563 0.00033620
v -0.00069992 0.00065371 0.00033437
v -0.00067721 0.00067721 0.00033191
v -0.00065817 0.00069572 0.00032990
v -0.00061561 0.00073365 0.00032552
v -0.00061381 0.00073515 0.00032534
v -0.00056701 0.00077183 0.00032073
v -0.00054932 0.00078452 0.00031904
v -0.00051791 0.00080560 0.00031608
v -0.00047886 0.00082941 0.00031250
v -0.00046672 0.00083630 0.00031141
v -0.00041360 0.00086380 0.00030673
v -0.00040475 0.00086799 0.00030596
v -0.00035877 0.00088798 0.00030206
v -0.00032756 0.00089996 0.00029948
v -0.00030243 0.00090871 0.00029743
v -0.00024788 0.00092508 0.00029309
v -0.00024519 0.00092580 0.00029288
v -0.00018648 0.00093939 0.00028836
v -0.00016631 0.00094317 0.00028685
v -0.00012692 0.00094927 0.00028394
v -0.00008347 0.00095407 0.00028080
v -0.00006675 0.00095539 0.00027962
v -0.00000696 0.00095769 0.00027547
v 0.00000000 0.00095772 0.00027500
v 0.00005179 0.00095632 0.00027143
v 0.00008347 0.00095407 0.00026920
v 0.00011046 0.00095133 0.00026726
v 0.00016631 0.00094317 0.00026315
v 0.00016883 0.00094272 0.00026296
v 0.00022704 0.00093042 0.00025853
v 0.00024788 0.00092508 0.00025691
v 0.00028414 0.00091460 0.00025404
v 0.00032756 0.00089996 0.00025052
v 0.00034026 0.00089523 0.00024948
v 0.00039519 0.00087238 0.00024486
v 0.00040475 0.00086799 0.00024404
v 0.00044869 0.00084611 0.00024020
v 0.00047886 0.00082941 0.00023750
v 0.00050055 0.00081650 0.00023552
v 0.00054932 0.00078452 0.00023096
v 0.00055056 0.00078365 0.00023085
v 0.00059851 0.00074767 0.00022618
v 0.00061561 0.00073365 0.00022448
v 0.00064420 0.00070868 0.00022156
v 0.00067721 0.00067721 0.00021809
v 0.00068710 0.00066717 0.00021702
v 0.00072771 0.00062262 0.00021253
v 0.00073365 0.00061561 0.00021185
v 0.00076551 0.00057551 0.00020812
v 0.00078451 0.00054932 0.00020580
v 0.00080032 0.00052603 0.00020382
v 0.00082941 0.00047886 0.00020000
v 0.00083144 0.00047532 0.00019972
v 0.00085903 0.00042342 0.00019566
v 0.00086799 0.00040475 0.00019420
v 0.00088344 0.00036981 0.00019146
v 0.00089996 0.00032756 0.00018815
v 0.00090456 0.00031463 0.00018714
v 0.00091740 0.00027494 0.00018403
v 0.00092508 0.00024787 0.00018191
v 0.00093265 0.00021770 0.00017955
v 0.00094317 0.00016631 0.00017552
v 0.00094434 0.00015950 0.00017499
v 0.00095242 0.00010058 0.00017038
v 0.00095407 0.00008347 0.00016904
v 0.00095683 0.00004115 0.00016572
v 0.00095772 -0.00000000 0.00016250
v 0.00095754 -0.00001855 0.00016105
v 0.00095451 -0.00007830 0.00015637
v 0.00095407 -0.00008347 0.00015596
v 0.00094774 -0.00013785 0.00015170
v 0.00094317 -0.00016631 0.00014948
v 0.00093724 -0.00019697 0.00014707
v 0.00092508 -0.00024787 0.00014309
v 0.00092315 -0.00025500 0.00014253
v 0.00090528 -0.00031256 0.00013802
v 0.00089996 -0.00032756 0.00013685
v 0.00088378 -0.00036899 0.00013360
v 0.00086799 -0.00040475 0.00013080
v 0.00085872 -0.00042405 0.00012929
v 0.00083064 -0.00047672 0.00012517
v 0.00082941 -0.00047886 0.00012500
v 0.00079984 -0.00052677 0.00012112
v 0.00078451 -0.00054932 0.00011920
v 0.00076595 -0.00057493 0.00011693
v 0.00073365 -0.00061561 0.00011315
v 0.00072909 -0.00062101 0.00011263
v 0.00068908 -0.00066512 0.00010819
v 0.00067721 -0.00067721 0.00010691
v 0.00064663 -0.00070647 0.00010369
v 0.00061561 -0.00073365 0.00010052
v 0.00060160 -0.00074518 0.00009912
v 0.00055417 -0.00078110 0.00009450
v 0.00054932 -0.00078452 0.00009404
v 0.00050450 -0.00081406 0.00008984
v 0.00047886 -0.00082941 0.00008750
v 0.00045278 -0.00084393 0.00008516
v 0.00040475 -0.00086799 0.00008096
v 0.00039918 -0.00087056 0.00008049
v 0.00034393 -0.00089383 0.00007583
v 0.00032756 -0.00089996 0.00007448
v 0.00028722 -0.00091363 0.00007121
v 0.00024788 -0.00092508 0.00006809
v 0.00022975 -0.00092975 0.00006668
v 0.00017080 -0.00094236 0.00006218
v 0.00016631 -0.00094317 0.00006185
v 0.00011105 -0.00095126 0.00005778
v 0.00008347 -0.00095407 0.00005580
v 0.00005076 -0.00095637 0.00005350
v 0.00000000 -0.00095772 0.00005000
v -0.00000859 -0.00095768 0.00004942
v -0.00006733 -0.00095535 0.00004534
v -0.00008347 -0.00095407 0.00004420
v -0.00012594 -0.00094940 0.00004113
v -0.00016631 -0.00094317 0.00003815
v -0.00018420 -0.00093984 0.00003681
v -0.00024220 -0.00092658 0.00003235
v -0.00024788 -0.00092508 0.00003191
v -0.00029907 -0.00090982 0.00002784
v -0.00032756 -0.00089996 0.00002552
v -0.00035490 -0.00088953 0.00002326
v -0.00040475 -0.00086799 0.00001904
v -0.00040947 -0.00086577 0.00001863
v -0.00046256 -0.00083861 0.00001397
v -0.00047886 -0.00082941 0.00001250
v -0.00051395 -0.00080813 0.00000929
v -0.00054932 -0.00078452 0.00000596
v -0.00056344 -0.00077444 0.00000461
v -0.00061081 -0.00073766 -0.00000004
v -0.00061561 -0.00073365 -0.00000052
v -0.00065585 -0.00069791 -0.00000465
v -0.00067721 -0.00067721 -0.00000691
v -0.00069652 -0.00065733 -0.00000900
v -0.00073365 -0.00061561 -0.00001315
v -0.00073651 -0.00061218 -0.00001348
v -0.00077365 -0.00056452 -0.00001786
v -0.00078451 -0.00054932 -0.00001920
v -0.00080773 -0.00051458 -0.00002213
v -0.00082941 -0.00047886 -0.00002500
v -0.00083796 -0.00046373 -0.00002618
v -0.00086484 -0.00041143 -0.00003028
v -0.00086799 -0.00040475 -0.00003080
v -0.00088851 -0.00035746 -0.00003451
v -0.00089996 -0.00032756 -0.00003685
v -0.00090889 -0.00030190 -0.00003886
v -0.00091622 -0.00027884 -0.00004066
v -0.00092508 -0.00024787 -0.00004309
v -0.00093171 -0.00022167 -0.00004514
v -0.00094317 -0.00016631 -0.00004948
v -0.00094365 -0.00016354 -0.00004969
v -0.00095198 -0.00010466 -0.00005430
v -0.00095407 -0.00008347 -0.00005596
v -0.00095665 -0.00004526 -0.00005896
v -0.00095772 0.00000000 -0.00006250
v -0.00095761 0.00001443 -0.00006363
v -0.00095484 0.00007418 -0.00006831
v -0.00095407 0.00008347 -0.00006904
v -0.00094833 0.00013376 -0.00007297
v -0.00094317 0.00016631 -0.00007552
v -0.00093809 0.00019291 -0.00007761
v -0.00092508 0.00024788 -0.00008191
v -0.00092424 0.00025101 -0.00008216
v -0.00090662 0.00030864 -0.00008667
v -0.00089996 0.00032756 -0.00008815
v -0.00088537 0.00036516 -0.00009110
v -0.00086799 0.00040475 -0.00009420
v -0.00086055 0.00042032 -0.00009542
v -0.00083264 0.00047322 -0.00009956
v -0.00082941 0.00047886 -0.00010000
v -0.00080204 0.00052340 -0.00010360
v -0.00078451 0.00054932 -0.00010580
v -0.00076837 0.00057169 -0.00010777
v -0.00073365 0.00061561 -0.00011185
v -0.00073170 0.00061793 -0.00011207
v -0.00069192 0.00066217 -0.00011650
v -0.00067721 0.00067721 -0.00011809
v -0.00064965 0.00070369 -0.00012099
v -0.00061561 0.00073365 -0.00012448
v -0.00060480 0.00074259 -0.00012556
v -0.00055753 0.00077871 -0.00013018
v -0.00054932 0.00078452 -0.00013096
v -0.00050801 0.00081188 -0.00013484
v -0.00047886 0.00082941 -0.00013750
v -0.00045642 0.00084196 -0.00013951
v -0.00040475 0.00086799 -0.00014404
v -0.00040295 0.00086882 -0.00014419
v -0.00034780 0.00089233 -0.00014885
v -0.00032756 0.00089996 -0.00015052
v -0.00029119 0.00091238 -0.00015348
v -0.00024788 0.00092508 -0.00015691
v -0.00023378 0.00092875 -0.00015801
v -0.00017488 0.00094161 -0.00016251
v -0.00016631 0.00094317 -0.00016315
v -0.00011518 0.00095076 -0.00016692
v -0.00008347 0.00095407 -0.00016920
v -0.00005492 0.00095614 -0.00017121
v -0.00000000 0.00095772 -0.00017500
v 0.00000454 0.00095771 -0.00017531
v 0.00006328 0.00095562 -0.00017937
v 0.00008347 0.00095407 -0.00018080
v 0.00012191 0.00094993 -0.00018357
v 0.00016631 0.00094317 -0.00018685
v 0.00018026 0.00094060 -0.00018790
v 0.00022114 0.00093184 -0.00019101
v 0.00024788 0.00092508 -0.00019309
v 0.00027833 0.00091638 -0.00019549
v 0.00032756 0.00089996 -0.00019948
v 0.00033456 0.00089738 -0.00020005
v 0.00038962 0.00087488 -0.00020467
v 0.00040475 0.00086799 -0.00020596
v 0.00044328 0.00084896 -0.00020932
v 0.00047886 0.00082941 -0.00021250
v 0.00049532 0.00081968 -0.00021400
v 0.00054553 0.00078716 -0.00021868
v 0.00054932 0.00078452 -0.00021904
v 0.00059370 0.00075150 -0.00022334
v 0.00061561 0.00073365 -0.00022552
v 0.00063962 0.00071281 -0.00022797
v 0.00067721 0.00067721 -0.00023191
v 0.00068280 0.00067157 -0.00023251
v 0.00072369 0.00062729 -0.00023702
v 0.00073365 0.00061561 -0.00023815
v 0.00076179 0.00058043 -0.00024144
v 0.00078451 0.00054932 -0.00024420
v 0.00079691 0.00053118 -0.00024575
v 0.00082845 0.00048052 -0.00024987
v 0.00082941 0.00047886 -0.00025000
v 0.00085636 0.00042880 -0.00025392
v 0.00086799 0.00040475 -0.00025580
v 0.00088109 0.00037536 -0.00025811
v 0.00089996 0.00032756 -0.00026185
v 0.00090254 0.00032038 -0.00026241
v 0.00092071 0.00026367 -0.00026685
v 0.00092508 0.00024787 -0.00026809
v 0.00093525 0.00020622 -0.00027135
v 0.00094317 0.00016631 -0.00027448
v 0.00094623 0.00014787 -0.00027592
v 0.00095359 0.00008882 -0.00028054
v 0.00095407 0.00008347 -0.00028096
v 0.00095727 0.00002932 -0.00028520
v 0.00095772 0.00000000 -0.00028750
v 0.00095723 -0.00003041 -0.00028988
v 0.00095407 -0.00008347 -0.00029404
v 0.00095347 -0.00009013 -0.00029456
v 0.00094596 -0.00014962 -0.00029922
v 0.00094317 -0.00016631 -0.00030052
v 0.00093472 -0.00020862 -0.00030384
v 0.00092508 -0.00024787 -0.00030691
v 0.00091991 -0.00026644 -0.00030837
v 0.00090132 -0.00032380 -0.00031286
v 0.00089996 -0.00032756 -0.00031315
v 0.00087911 -0.00037998 -0.00031726
v 0.00086799 -0.00040475 -0.00031920
v 0.00085337 -0.00043473 -0.00032154
v 0.00082941 -0.00047886 -0.00032500
v 0.00082480 -0.00048675 -0.00032562
v 0.00079338 -0.00053644 -0.00032970
v 0.00078451 -0.00054932 -0.00033080
v 0.00075890 -0.00058421 -0.00033391
v 0.00073365 -0.00061561 -0.00033685
v 0.00072146 -0.00062986 -0.00033823
v 0.00068096 -0.00067344 -0.00034269
v 0.00067721 -0.00067721 -0.00034309
v 0.00063798 -0.00071428 -0.00034720
v 0.00061561 -0.00073365 -0.00034948
v 0.00059248 -0.00075246 -0.00035178
v 0.00054932 -0.00078452 -0.00035596
v 0.00054459 -0.00078781 -0.00035641
v 0.00049450 -0.00082018 -0.00036108
v 0.00047886 -0.00082941 -0.00036250
v 0.00044239 -0.00084942 -0.00036576
v 0.00040475 -0.00086799 -0.00036904
v 0.00038846 -0.00087540 -0.00037043
v 0.00033290 -0.00089800 -0.00037508
v 0.00032756 -0.00089996 -0.00037552
v 0.00027597 -0.00091710 -0.00037969
v 0.00024788 -0.00092508 -0.00038191
v 0.00022461 -0.00093101 -0.00038372
v 0.00016631 -0.00094317 -0.00038815
v 0.00016557 -0.00094330 -0.00038821
v 0.00010577 -0.00095186 -0.00039260
v 0.00008347 -0.00095407 -0.00039420
v 0.00004547 -0.00095664 -0.00039687
v 0.00000000 -0.00095772 -0.00040000
v -0.00001376 -0.00095762 -0.00040094
v -0.00007250 -0.00095497 -0.00040502
v -0.00008347 -0.00095407 -0.00040580
v -0.00013109 -0.00094870 -0.00040924
v -0.00016631 -0.00094317 -0.00041185
v -0.00018940 -0.00093880 -0.00041359
v -0.00021851 -0.00093246 -0.00041581
v -0.00024788 -0.00092508 -0.00041809
v -0.00027574 -0.00091716 -0.00042029
v -0.00032756 -0.00089996 -0.00042448
v -0.00033202 -0.00089832 -0.00042484
v -0.00038714 -0.00087598 -0.00042946
v -0.00040475 -0.00086799 -0.00043096
v -0.00044086 -0.00085021 -0.00043411
v -0.00047886 -0.00082941 -0.00043750
v -0.00049298 -0.00082109 -0.00043878
v -0.00054328 -0.00078871 -0.00044346
v -0.00054932 -0.00078452 -0.00044404
v -0.00059155 -0.00075319 -0.00044813
v -0.00061561 -0.00073365 -0.00045052
v -0.00063758 -0.00071464 -0.00045276
v -0.00067721 -0.00067721 -0.00045691
v -0.00068088 -0.00067351 -0.00045731
v -0.00072190 -0.00062935 -0.00046182
v -0.00073365 -0.00061561 -0.00046315
v -0.00076012 -0.00058261 -0.00046624
v -0.00078451 -0.00054932 -0.00046920
v -0.00079538 -0.00053347 -0.00047055
v -0.00082711 -0.00048282 -0.00047469
v -0.00082941 -0.00047886 -0.00047500
v -0.00085516 -0.00043118 -0.00047873
v -0.00086799 -0.00040475 -0.00048080
v -0.00088004 -0.00037781 -0.00048291
v -0.00089996 -0.00032756 -0.00048685
v -0.00090164 -0.00032290 -0.00048721
v -0.00091996 -0.00026628 -0.00049165
v -0.00092508 -0.00024787 -0.00049309
v -0.00093466 -0.00020887 -0.00049614
v -0.00094317 -0.00016631 -0.00049948
v -0.00094581 -0.00015055 -0.00050071
v -0.00095333 -0.00009154 -0.00050533
v -0.00095407 -0.00008347 -0.00050596
v -0.00095718 -0.00003205 -0.00050999
v -0.00095772 0.00000000 -0.00051250
v -0.00095732 0.00002767 -0.00051467
v -0.00095407 0.00008347 -0.00051904
v -0.00095372 0.00008740 -0.00051934
v -0.00094638 0.00014690 -0.00052400
v -0.00094317 0.00016631 -0.00052552
v -0.00093531 0.00020594 -0.00052863
v -0.00092508 0.00024787 -0.00053191
v -0.00092053 0.00026427 -0.00053320
v -0.00090208 0.00032167 -0.00053769
v -0.00089996 0.00032756 -0.00053815
v -0.00088002 0.00037786 -0.00054209
v -0.00086799 0.00040475 -0.00054420
v -0.00085660 0.00042832 -0.00054604
v -0.00082941 0.00047886 -0.00055000
v -0.00082832 0.00048073 -0.00055015
v -0.00079728 0.00053063 -0.00055421
v -0.00078451 0.00054932 -0.00055580
v -0.00076315 0.00057864 -0.00055840
v -0.00073365 0.00061561 -0.00056185
v -0.00072606 0.00062455 -0.00056271
v -0.00068612 0.00066818 -0.00056713
v -0.00067721 0.00067721 -0.00056809
v -0.00064348 0.00070934 -0.00057163
v -0.00061561 0.00073365 -0.00057448
v -0.00059827 0.00074786 -0.00057621
v -0.00055068 0.00078357 -0.00058083
v -0.00054932 0.00078452 -0.00058096
v -0.00050085 0.00081631 -0.00058550
v -0.00047886 0.00082941 -0.00058750
v -0.00044905 0.00084592 -0.00059017
v -0.00042813 0.00085670 -0.00059201
v -0.00040475 0.00086799 -0.00059404
v -0.00037374 0.00088178 -0.00059668
v -0.00032756 0.00089996 -0.00060052
v -0.00031778 0.00090346 -0.00060132
v -0.00026047 0.00092162 -0.00060592
v -0.00024788 0.00092508 -0.00060691
v -0.00020202 0.00093617 -0.00061046
v -0.00016631 0.00094317 -0.00061315
v -0.00014266 0.00094703 -0.00061491
v -0.00008347 0.00095407 -0.00061920
v -0.00008262 0.00095415 -0.00061926
v -0.00002250 0.00095745 -0.00062346
v 0.00000000 0.00095772 -0.00062500
v 0.00003635 0.00095703 -0.00062749
v 0.00008347 0.00095407 -0.00063080
v 0.00009506 0.00095299 -0.00063163
v 0.00015353 0.00094533 -0.00063590
v 0.00016631 0.00094317 -0.00063685
v 0.00021155 0.00093406 -0.00064027
v 0.00024788 0.00092508 -0.00064309
v 0.00026576 0.00092011 -0.00064450
v 0.00032222 0.00090188 -0.00064904
v 0.00032756 0.00089996 -0.00064948
v 0.00037756 0.00088015 -0.00065364
v 0.00040475 0.00086799 -0.00065596
v 0.00043154 0.00085498 -0.00065829
v 0.00047886 0.00082941 -0.00066250
v 0.00048396 0.00082644 -0.00066296
v 0.00053459 0.00079463 -0.00066764
v 0.00054932 0.00078452 -0.00066904
v 0.00058323 0.00075964 -0.00067231
v 0.00061561 0.00073365 -0.00067552
v 0.00062967 0.00072162 -0.00067695
v 0.00067372 0.00068068 -0.00068154
v 0.00067721 0.00067721 -0.00068191
v 0.00071519 0.00063697 -0.00068606
v 0.00073365 0.00061561 -0.00068815
v 0.00075389 0.00059065 -0.00069050
v 0.00078452 0.00054932 -0.00069420
v 0.00078925 0.00054250 -0.00069478
v 0.00082170 0.00049197 -0.00069896
v 0.00082941 0.00047886 -0.00070000
v 0.00085034 0.00044062 -0.00070299
v 0.00086799 0.00040475 -0.00070580
v 0.00087580 0.00038755 -0.00070715
v 0.00089800 0.00033289 -0.00071143
v 0.00089996 0.00032756 -0.00071185
v 0.00091683 0.00027686 -0.00071582
v 0.00092508 0.00024787 -0.00071809
v 0.00093219 0.00021966 -0.00072030
v 0.00094317 0.00016631 -0.00072448
v 0.00094400 0.00016149 -0.00072485
v 0.00095221 0.00010259 -0.00072947
v 0.00095407 0.00008347 -0.00073096
v 0.00095674 0.00004317 -0.00073412
v 0.00095772 -0.00000000 -0.00073750
v 0.00095757 -0.00001652 -0.00073879
v 0.00095469 -0.00007612 -0.00074346
v 0.00095407 -0.00008347 -0.00074404
v 0.00094806 -0.00013568 -0.00074813
v 0.00094317 -0.00016631 -0.00075052
v 0.00093769 -0.00019482 -0.00075276
v 0.00092508 -0.00024788 -0.00075691
v 0.00092361 -0.00025331 -0.00075734
v 0.00090585 -0.00031090 -0.00076185
v 0.00089996 -0.00032756 -0.00076315
v 0.00088446 -0.00036737 -0.00076627
v 0.00086799 -0.00040475 -0.00076920
v 0.00085950 -0.00042247 -0.00077058
v 0.00083148 -0.00047524 -0.00077472
v 0.00082941 -0.00047886 -0.00077500
v 0.00080077 -0.00052534 -0.00077876
v 0.00078451 -0.00054932 -0.00078080
v 0.00076697 -0.00057356 -0.00078294
v 0.00073365 -0.00061561 -0.00078685
v 0.00073020 -0.00061971 -0.00078724
v 0.00069030 -0.00066386 -0.00079168
v 0.00067721 -0.00067721 -0.00079309
v 0.00064792 -0.00070528 -0.00079617
v 0.00061561 -0.00073365 -0.00079948
v 0.00060297 -0.00074408 -0.00080074
v 0.00055561 -0.00078008 -0.00080536
v 0.00054932 -0.00078452 -0.00080596
v 0.00050600 -0.00081313 -0.00081002
v 0.00047886 -0.00082941 -0.00081250
v 0.00045433 -0.00084309 -0.00081470
v 0.00040475 -0.00086799 -0.00081904
v 0.00040079 -0.00086982 -0.00081938
v 0.00034558 -0.00089319 -0.00082404
v 0.00032756 -0.00089996 -0.00082552
v 0.00028891 -0.00091310 -0.00082866
v 0.00024788 -0.00092508 -0.00083191
v 0.00023099 -0.00092944 -0.00083323
v 0.00017206 -0.00094213 -0.00083772
v 0.00016631 -0.00094317 -0.00083815
v 0.00011236 -0.00095110 -0.00084212
v 0.00008347 -0.00095407 -0.00084420
v 0.00005691 -0.00095602 -0.00084607
v 0.00000000 -0.00095772 -0.00085000
v -0.00000260 -0.00095771 -0.00085018
v -0.00006134 -0.00095575 -0.00085424
v -0.00008347 -0.00095407 -0.00085580
v -0.00011998 -0.00095017 -0.00085843
v -0.00016631 -0.00094317 -0.00086185
v -0.00017828 -0.00094098 -0.00086275
v -0.00023603 -0.00092818 -0.00086716
v -0.00024788 -0.00092508 -0.00086809
v -0.00029299 -0.00091180 -0.00087167
v -0.00032756 -0.00089996 -0.00087448
v -0.00034894 -0.00089189 -0.00087624
v -0.00040366 -0.00086849 -0.00088087
v -0.00040475 -0.00086799 -0.00088096
v -0.00045692 -0.00084169 -0.00088553
v -0.00047886 -0.00082941 -0.00088750
v -0.00050845 -0.00081161 -0.00089020
v -0.00052822 -0.00079888 -0.00089204
v -0.00054932 -0.00078452 -0.00089404
v -0.00057712 -0.00076430 -0.00089671
v -0.00061561 -0.00073365 -0.00090052
v -0.00062386 -0.00072665 -0.00090136
v -0.00066822 -0.00068608 -0.00090595
v -0.00067721 -0.00067721 -0.00090691
v -0.00071003 -0.00064271 -0.00091049
v -0.00073365 -0.00061561 -0.00091315
v -0.00074910 -0.00059672 -0.00091494
v -0.00078452 -0.00054932 -0.00091920
v -0.00078526 -0.00054827 -0.00091929
v -0.00081815 -0.00049785 -0.00092349
v -0.00082941 -0.00047886 -0.00092500
v -0.00084718 -0.00044666 -0.00092752
v -0.00086799 -0.00040475 -0.00093080
v -0.00087302 -0.00039378 -0.00093166
v -0.00089560 -0.00033930 -0.00093593
v -0.00089996 -0.00032756 -0.00093685
v -0.00091482 -0.00028341 -0.00094031
v -0.00092508 -0.00024787 -0.00094309
v -0.00092980 -0.00022953 -0.00094453
v -0.00094223 -0.00017151 -0.00094907
v -0.00094317 -0.00016631 -0.00094948
v -0.00095106 -0.00011272 -0.00095367
v -0.00095407 -0.00008347 -0.00095596
v -0.00095623 -0.00005338 -0.00095832
v -0.00095772 0.00000000 -0.00096250
v -0.00095770 0.00000629 -0.00096299
v -0.00095544 0.00006604 -0.00096767
v -0.00095407 0.00008347 -0.00096904
v -0.00094944 0.00012565 -0.00097234
v -0.00094317 0.00016631 -0.00097552
v -0.00093970 0.00018488 -0.00097698
v -0.00092625 0.00024350 -0.00098157
v -0.00092508 0.00024788 -0.00098191
v -0.00090910 0.00030126 -0.00098609
v -0.00089996 0.00032756 -0.00098815
v -0.00088832 0.00035792 -0.00099053
v -0.00086799 0.00040475 -0.00099420
v -0.00086427 0.00041262 -0.00099481
v -0.00083672 0.00046596 -0.00099899
v -0.00082941 0.00047886 -0.00100000
v -0.00080655 0.00051643 -0.00100302
v -0.00078451 0.00054932 -0.00100580
v -0.00077330 0.00056500 -0.00100718
v -0.00073705 0.00061153 -0.00101146
v -0.00073365 0.00061561 -0.00101185
v -0.00069792 0.00065584 -0.00101585
v -0.00067721 0.00067721 -0.00101809
v -0.00065604 0.00069773 -0.00102033
v -0.00061561 0.00073365 -0.00102448
v -0.00061156 0.00073703 -0.00102488
v -0.00056464 0.00077357 -0.00102950
v -0.00054932 0.00078452 -0.00103096
v -0.00051544 0.00080718 -0.00103415
v -0.00047886 0.00082941 -0.00103750
v -0.00046414 0.00083773 -0.00103882
v -0.00041107 0.00086501 -0.00104349
v -0.00040475 0.00086799 -0.00104404
v -0.00035617 0.00088903 -0.00104816
v -0.00032756 0.00089996 -0.00105052
v -0.00029976 0.00090960 -0.00105279
v -0.00024788 0.00092508 -0.00105691
v -0.00024206 0.00092662 -0.00105737
v -0.00018330 0.00094001 -0.00106188
v -0.00016631 0.00094317 -0.00106315
v -0.00012369 0.00094969 -0.00106630
v -0.00008347 0.00095407 -0.00106920
v -0.00006350 0.00095561 -0.00107061
v -0.00000379 0.00095771 -0.00107474
v 0.00000000 0.00095772 -0.00107500
v 0.00005495 0.00095614 -0.00107879
v 0.00008347 0.00095407 -0.00108080
v 0.00011361 0.00095095 -0.00108297
v 0.00016631 0.00094317 -0.00108685
v 0.00017196 0.00094215 -0.00108727
v 0.00023014 0.00092965 -0.00109171
v 0.00024788 0.00092508 -0.00109309
v 0.00028719 0.00091364 -0.00109620
v 0.00032756 0.00089996 -0.00109948
v 0.00034326 0.00089409 -0.00110077
v 0.00039811 0.00087105 -0.00110539
v 0.00040475 0.00086799 -0.00110596
v 0.00045153 0.00084460 -0.00111005
v 0.00047886 0.00082941 -0.00111250
v 0.00050330 0.00081481 -0.00111473
v 0.00054932 0.00078452 -0.00111904
v 0.00055320 0.00078178 -0.00111941
v 0.00060104 0.00074564 -0.00112407
v 0.00061561 0.00073365 -0.00112552
v 0.00064660 0.00070649 -0.00112869
v 0.00067721 0.00067721 -0.00113191
v 0.00068969 0.00066449 -0.00113326
v 0.00073013 0.00061978 -0.00113775
v 0.00073365 0.00061561 -0.00113815
v 0.00076775 0.00057252 -0.00114215
v 0.00078451 0.00054932 -0.00114420
v 0.00080180 0.00052378 -0.00114637
v 0.00082941 0.00047886 -0.00115000
v 0.00083273 0.00047305 -0.00115046
v 0.00086019 0.00042107 -0.00115453
v 0.00086799 0.00040475 -0.00115580
v 0.00088445 0.00036739 -0.00115873
v 0.00089996 0.00032756 -0.00116185
v 0.00090540 0.00031220 -0.00116305
v 0.00092295 0.00025570 -0.00116748
v 0.00092508 0.00024787 -0.00116809
v 0.00093700 0.00019812 -0.00117199
v 0.00094317 0.00016631 -0.00117448
v 0.00094748 0.00013965 -0.00117656
v 0.00095407 0.00008347 -0.00118096
v 0.00095432 0.00008053 -0.00118119
v 0.00095749 0.00002098 -0.00118586
v 0.00095772 0.00000000 -0.00118750
v 0.00095693 -0.00003876 -0.00119054
v 0.00095407 -0.00008347 -0.00119404
v 0.00095266 -0.00009827 -0.00119520
v 0.00094464 -0.00015771 -0.00119985
v 0.00094317 -0.00016631 -0.00120052
v 0.00093289 -0.00021663 -0.00120446
v 0.00092508 -0.00024787 -0.00120691
v 0.00091744 -0.00027482 -0.00120902
v 0.00089996 -0.00032756 -0.00121315
v 0.00089832 -0.00033202 -0.00121350
v 0.00087560 -0.00038800 -0.00121789
v 0.00086799 -0.00040475 -0.00121920
v 0.00084937 -0.00044248 -0.00122215
v 0.00082941 -0.00047886 -0.00122500
v 0.00082044 -0.00049407 -0.00122620
v 0.00078857 -0.00054349 -0.00123030
v 0.00078452 -0.00054932 -0.00123080
v 0.00075365 -0.00059096 -0.00123453
v 0.00073365 -0.00061561 -0.00123685
v 0.00071579 -0.00063629 -0.00123887
v 0.00067721 -0.00067721 -0.00124309
v 0.00067487 -0.00067954 -0.00124334
v 0.00063152 -0.00072000 -0.00124786
v 0.00061561 -0.00073365 -0.00124948
v 0.00058566 -0.00075778 -0.00125245
v 0.00054932 -0.00078452 -0.00125596
v 0.00053744 -0.00079270 -0.00125709
v 0.00048704 -0.00082463 -0.00126176
v 0.00047886 -0.00082941 -0.00126250
v 0.00043466 -0.00085340 -0.00126644
v 0.00040475 -0.00086799 -0.00126904
v 0.00038048 -0.00087890 -0.00127111
v 0.00032756 -0.00089996 -0.00127552
v 0.00032470 -0.00090099 -0.00127576
v 0.00026754 -0.00091959 -0.00128036
v 0.00024788 -0.00092508 -0.00128191
v 0.00020922 -0.00093459 -0.00128491
v 0.00016631 -0.00094317 -0.00128815
v 0.00014996 -0.00094590 -0.00128937
v 0.00009072 -0.00095341 -0.00129368
v 0.00008347 -0.00095407 -0.00129420
v 0.00003050 -0.00095723 -0.00129791
v 0.00000000 -0.00095772 -0.00130000
v -0.00002846 -0.00095729 -0.00130195
v -0.00008347 -0.00095407 -0.00130580
v -0.00008718 -0.00095374 -0.00130607
v -0.00014570 -0.00094657 -0.00131032
v -0.00016631 -0.00094317 -0.00131185
v -0.00020378 -0.00093578 -0.00131468
v -0.00024788 -0.00092508 -0.00131809
v -0.00026121 -0.00092141 -0.00131914
v -0.00031776 -0.00090347 -0.00132367
v -0.00032756 -0.00089996 -0.00132448
v -0.00037319 -0.00088201 -0.00132827
v -0.00040475 -0.00086799 -0.00133096
v -0.00042442 -0.00085854 -0.00133267
v -0.00047705 -0.00083045 -0.00133734
v -0.00047886 -0.00082941 -0.00133750
v -0.00052794 -0.00079906 -0.00134202
v -0.00054932 -0.00078452 -0.00134404
v -0.00057685 -0.00076450 -0.00134669
v -0.00061561 -0.00073365 -0.00135052
v -0.00062360 -0.00072687 -0.00135133
v -0.00066798 -0.00068631 -0.00135593
v -0.00067721 -0.00067721 -0.00135691
v -0.00070980 -0.00064296 -0.00136046
v -0.00073365 -0.00061561 -0.00136315
v -0.00074880 -0.00059710 -0.00136490
v -0.00077411 -0.00056390 -0.00136792
v -0.00078451 -0.00054932 -0.00136920
v -0.00080814 -0.00051393 -0.00137218
v -0.00082941 -0.00047886 -0.00137500
v -0.00083832 -0.00046307 -0.00137624
v -0.00086516 -0.00041075 -0.00138033
v -0.00086799 -0.00040475 -0.00138080
v -0.00088879 -0.00035676 -0.00138456
v -0.00089996 -0.00032756 -0.00138685
v -0.00090909 -0.00030130 -0.00138890
v -0.00092508 -0.00024788 -0.00139309
v -0.00092596 -0.00024457 -0.00139335
v -0.00093932 -0.00018680 -0.00139787
v -0.00094317 -0.00016631 -0.00139948
v -0.00094910 -0.00012819 -0.00140246
v -0.00095407 -0.00008347 -0.00140596
v -0.00095524 -0.00006887 -0.00140711
v -0.00095767 -0.00000926 -0.00141177
v -0.00095772 -0.00000000 -0.00141250
v -0.00095638 0.00005049 -0.00141645
v -0.00095407 0.00008347 -0.00141904
v -0.00095136 0.00011017 -0.00142113
v -0.00094317 0.00016631 -0.00142552
v -0.00094259 0.00016952 -0.00142578
v -0.00093010 0.00022831 -0.00143038
v -0.00092508 0.00024787 -0.00143191
v -0.00091392 0.00028632 -0.00143492
v -0.00089996 0.00032756 -0.00143815
v -0.00089408 0.00034329 -0.00143938
v -0.00087094 0.00039834 -0.00144369
v -0.00086799 0.00040475 -0.00144420
v -0.00084413 0.00045239 -0.00144793
v -0.00082941 0.00047886 -0.00145000
v -0.00081470 0.00050348 -0.00145196
v -0.00078452 0.00054932 -0.00145580
v -0.00078225 0.00055255 -0.00145608
v -0.00074677 0.00059963 -0.00146033
v -0.00073365 0.00061561 -0.00146185
v -0.00070838 0.00064453 -0.00146470
v -0.00067721 0.00067721 -0.00146809
v -0.00066720 0.00068707 -0.00146915
v -0.00062338 0.00072706 -0.00147369
v -0.00061561 0.00073365 -0.00147448
v -0.00057708 0.00076433 -0.00147829
v -0.00054932 0.00078452 -0.00148096
v -0.00053117 0.00079692 -0.00148268
v -0.00048051 0.00082845 -0.00148735
v -0.00047886 0.00082941 -0.00148750
v -0.00042789 0.00085682 -0.00149203
v -0.00040475 0.00086799 -0.00149404
v -0.00037349 0.00088189 -0.00149670
v -0.00032756 0.00089996 -0.00150052
v -0.00031753 0.00090355 -0.00150134
v -0.00026021 0.00092169 -0.00150594
v -0.00024788 0.00092508 -0.00150691
v -0.00020176 0.00093622 -0.00151048
v -0.00016631 0.00094317 -0.00151315
v -0.00014253 0.00094705 -0.00151492
v -0.00010108 0.00095237 -0.00151794
v -0.00008347 0.00095407 -0.00151920
v -0.00004079 0.00095685 -0.00152220
v -0.00000000 0.00095772 -0.00152500
v 0.00001835 0.00095754 -0.00152625
v 0.00007708 0.00095461 -0.00153035
v 0.00008347 0.00095407 -0.00153080
v 0.00013565 0.00094806 -0.00153458
v 0.00016631 0.00094317 -0.00153685
v 0.00019382 0.00093790 -0.00153892
v 0.00024788 0.00092508 -0.00154309
v 0.00025138 0.00092414 -0.00154336
v 0.00030810 0.00090681 -0.00154789
v 0.00032756 0.00089996 -0.00154948
v 0.00036374 0.00088595 -0.00155248
v 0.00040475 0.00086799 -0.00155596
v 0.00041818 0.00086160 -0.00155712
v 0.00047101 0.00083389 -0.00156179
v 0.00047886 0.00082941 -0.00156250
v 0.00052210 0.00080289 -0.00156647
v 0.00054932 0.00078452 -0.00156904
v 0.00057126 0.00076869 -0.00157114
v 0.00061561 0.00073365 -0.00157552
v 0.00061827 0.00073141 -0.00157579
v 0.00066294 0.00069119 -0.00158040
v 0.00067721 0.00067721 -0.00158191
v 0.00070506 0.00064815 -0.00158494
v 0.00073365 0.00061561 -0.00158815
v 0.00074447 0.00060248 -0.00158940
v 0.00078058 0.00055491 -0.00159371
v 0.00078452 0.00054932 -0.00159420
v 0.00081397 0.00050466 -0.00159794
v 0.00082941 0.00047886 -0.00160000
v 0.00084347 0.00045362 -0.00160198
v 0.00086799 0.00040475 -0.00160580
v 0.00086973 0.00040098 -0.00160610
v 0.00089276 0.00034670 -0.00161035
v 0.00089996 0.00032756 -0.00161185
v 0.00091244 0.00029100 -0.00161471
v 0.00092508 0.00024787 -0.00161809
v 0.00092867 0.00023407 -0.00161917
v 0.00094138 0.00017612 -0.00162371
v 0.00094317 0.00016631 -0.00162448
v 0.00095050 0.00011738 -0.00162831
v 0.00095407 0.00008347 -0.00163096
v 0.00095575 0.00006138 -0.00163269
v 0.00095771 0.00000174 -0.00163736
v 0.00095772 0.00000000 -0.00163750
v 0.00095596 -0.00005801 -0.00164204
v 0.00095407 -0.00008347 -0.00164404
v 0.00095046 -0.00011766 -0.00164671
v 0.00094317 -0.00016631 -0.00165052
v 0.00094123 -0.00017695 -0.00165136
v 0.00092827 -0.00023566 -0.00165595
v 0.00092508 -0.00024787 -0.00165691
v 0.00091162 -0.00029355 -0.00166049
v 0.00089996 -0.00032756 -0.00166315
v 0.00089137 -0.00035025 -0.00166493
v 0.00087522 -0.00038885 -0.00166795
v 0.00086799 -0.00040475 -0.00166920
v 0.00084895 -0.00044329 -0.00167221
v 0.00082941 -0.00047886 -0.00167500
v 0.00081997 -0.00049484 -0.00167627
v 0.00078805 -0.00054423 -0.00168036
v 0.00078452 -0.00054932 -0.00168080
v 0.00075309 -0.00059168 -0.00168459
v 0.00073365 -0.00061561 -0.00168685
v 0.00071519 -0.00063697 -0.00168894
v 0.00067721 -0.00067721 -0.00169309
v 0.00067448 -0.00067993 -0.00169338
v 0.00063111 -0.00072037 -0.00169791
v 0.00061561 -0.00073365 -0.00169948
v 0.00058522 -0.00075812 -0.00170250
v 0.00054932 -0.00078452 -0.00170596
v 0.00053690 -0.00079307 -0.00170714
v 0.00048648 -0.00082496 -0.00171181
v 0.00047886 -0.00082941 -0.00171250
v 0.00043407 -0.00085370 -0.00171649
v 0.00040475 -0.00086799 -0.00171904
v 0.00037987 -0.00087916 -0.00172116
v 0.00032756 -0.00089996 -0.00172552
v 0.00032408 -0.00090122 -0.00172581
v 0.00026690 -0.00091977 -0.00173041
v 0.00024788 -0.00092508 -0.00173191
v 0.00020857 -0.00093473 -0.00173495
v 0.00016631 -0.00094317 -0.00173815
v 0.00014931 -0.00094601 -0.00173942
v 0.00009006 -0.00095347 -0.00174373
v 0.00008347 -0.00095407 -0.00174420
v 0.00002985 -0.00095725 -0.00174796
v 0.00000000 -0.00095772 -0.00175000
v -0.00002910 -0.00095727 -0.00175199
v -0.00008347 -0.00095407 -0.00175580
v -0.00008782 -0.00095368 -0.00175611
v -0.00014634 -0.00094647 -0.00176036
v -0.00016631 -0.00094317 -0.00176185
v -0.00020442 -0.00093565 -0.00176473
v -0.00024788 -0.00092508 -0.00176809
v -0.00026184 -0.00092123 -0.00176919
v -0.00031837 -0.00090325 -0.00177372
v -0.00032756 -0.00089996 -0.00177448
v -0.00037379 -0.00088176 -0.00177832
v -0.00040475 -0.00086799 -0.00178096
v -0.00042656 -0.00085747 -0.00178285
v -0.00047886 -0.00082941 -0.00178750
v -0.00047914 -0.00082925 -0.00178753
v -0.00052995 -0.00079773 -0.00179220
v -0.00054932 -0.00078452 -0.00179404
v -0.00057878 -0.00076304 -0.00179688
v -0.00061561 -0.00073365 -0.00180052
v -0.00062543 -0.00072530 -0.00180152
v -0.00066971 -0.00068462 -0.00180611
v -0.00067721 -0.00067721 -0.00180691
v -0.00071143 -0.00064116 -0.00181064
v -0.00073365 -0.00061561 -0.00181315
v -0.00075030 -0.00059521 -0.00181508
v -0.00077413 -0.00056387 -0.00181792
v -0.00078451 -0.00054932 -0.00181920
v -0.00080816 -0.00051390 -0.00182219
v -0.00082941 -0.00047886 -0.00182500
v -0.00083834 -0.00046304 -0.00182624
v -0.00086518 -0.00041071 -0.00183034
v -0.00086799 -0.00040475 -0.00183080
v -0.00088880 -0.00035672 -0.00183456
v -0.00089996 -0.00032756 -0.00183685
v -0.00090910 -0.00030126 -0.00183891
v -0.00092508 -0.00024788 -0.00184309
v -0.00092597 -0.00024454 -0.00184335
v -0.00093933 -0.00018676 -0.00184787
v -0.00094317 -0.00016631 -0.00184948
v -0.00094910 -0.00012815 -0.00185246
v -0.00095407 -0.00008347 -0.00185596
v -0.00095524 -0.00006883 -0.00185711
v -0.00095767 -0.00000923 -0.00186178
v -0.00095772 -0.00000000 -0.00186250
v -0.00095638 0.00005053 -0.00186646
v -0.00095407 0.00008347 -0.00186904
v -0.00095136 0.00011020 -0.00187113
v -0.00094317 0.00016631 -0.00187552
v -0.00094259 0.00016955 -0.00187578
v -0.00093010 0.00022835 -0.00188038
v -0.00092508 0.00024787 -0.00188191
v -0.00091391 0.00028635 -0.00188492
v -0.00089996 0.00032756 -0.00188815
v -0.00089409 0.00034327 -0.00188938
v -0.00087405 0.00039149 -0.00189316
v -0.00086799 0.00040475 -0.00189420
v -0.00084762 0.00044583 -0.00189741
v -0.00082941 0.00047886 -0.00190000
v -0.00081852 0.00049724 -0.00190146
v -0.00078645 0.00054655 -0.00190556
v -0.00078452 0.00054932 -0.00190580
v -0.00075134 0.00059389 -0.00190980
v -0.00073365 0.00061561 -0.00191185
v -0.00071330 0.00063908 -0.00191415
v -0.00067721 0.00067721 -0.00191809
v -0.00067247 0.00068192 -0.00191859
v -0.00062897 0.00072223 -0.00192312
v -0.00061561 0.00073365 -0.00192448
v -0.00058296 0.00075985 -0.00192772
v -0.00054932 0.00078452 -0.00193096
v -0.00053462 0.00079461 -0.00193236
v -0.00048411 0.00082635 -0.00193702
v -0.00047886 0.00082941 -0.00193750
v -0.00043163 0.00085494 -0.00194170
v -0.00040475 0.00086799 -0.00194404
v -0.00038391 0.00087740 -0.00194582
v -0.00032823 0.00089971 -0.00195047
v -0.00032756 0.00089996 -0.00195052
v -0.00027115 0.00091853 -0.00195508
v -0.00024788 0.00092508 -0.00195691
v -0.00021290 0.00093375 -0.00195962
v -0.00016631 0.00094317 -0.00196315
v -0.00015369 0.00094530 -0.00196409
v -0.00009376 0.00095312 -0.00196846
v -0.00008347 0.00095407 -0.00196920
v -0.00003351 0.00095713 -0.00197270
v -0.00000000 0.00095772 -0.00197500
v 0.00002549 0.00095738 -0.00197674
v 0.00008347 0.00095407 -0.00198080
v 0.00008422 0.00095401 -0.00198086
v 0.00014275 0.00094702 -0.00198510
v 0.00016631 0.00094317 -0.00198685
v 0.00020101 0.00093638 -0.00198947
v 0.00021756 0.00093268 -0.00199074
v 0.00024788 0.00092508 -0.00199309
v 0.00027480 0.00091745 -0.00199521
v 0.00032756 0.00089996 -0.00199948
v 0.00033110 0.00089866 -0.00199977
v 0.00038623 0.00087638 -0.00200438
v 0.00040475 0.00086799 -0.00200596
v 0.00043999 0.00085067 -0.00200903
v 0.00047886 0.00082941 -0.00201250
v 0.00049213 0.00082160 -0.00201371
v 0.00054246 0.00078928 -0.00201838
v 0.00054932 0.00078452 -0.00201904
v 0.00059076 0.00075380 -0.00202305
v 0.00061561 0.00073365 -0.00202552
v 0.00063684 0.00071530 -0.00202768
v 0.00067721 0.00067721 -0.00203191
v 0.00068049 0.00067391 -0.00203226
v 0.00072153 0.00062978 -0.00203677
v 0.00073365 0.00061561 -0.00203815
v 0.00075977 0.00058306 -0.00204120
v 0.00078451 0.00054932 -0.00204420
v 0.00079463 0.00053459 -0.00204546
v 0.00082644 0.00048395 -0.00204960
v 0.00082941 0.00047886 -0.00205000
v 0.00085457 0.00043236 -0.00205364
v 0.00086799 0.00040475 -0.00205580
v 0.00087952 0.00037902 -0.00205782
v 0.00089996 0.00032756 -0.00206185
v 0.00090120 0.00032414 -0.00206212
v 0.00091948 0.00026791 -0.00206652
v 0.00092508 0.00024787 -0.00206809
v 0.00093429 0.00021054 -0.00207101
v 0.00094317 0.00016631 -0.00207448
v 0.00094554 0.00015224 -0.00207558
v 0.00095317 0.00009324 -0.00208020
v 0.00095407 0.00008347 -0.00208096
v 0.00095712 0.00003377 -0.00208486
v 0.00095772 -0.00000000 -0.00208750
v 0.00095736 -0.00002594 -0.00208953
v 0.00095422 -0.00008175 -0.00209390
v 0.00095407 -0.00008347 -0.00209404
v 0.00094724 -0.00014129 -0.00209856
v 0.00094317 -0.00016631 -0.00210052
v 0.00093652 -0.00020038 -0.00210319
v 0.00092508 -0.00024787 -0.00210691
v 0.00092209 -0.00025879 -0.00210777
v 0.00090398 -0.00031628 -0.00211227
v 0.00089996 -0.00032756 -0.00211315
v 0.00088225 -0.00037263 -0.00211668
v 0.00086799 -0.00040475 -0.00211920
v 0.00085696 -0.00042759 -0.00212099
v 0.00082941 -0.00047886 -0.00212500
v 0.00082872 -0.00048004 -0.00212509
v 0.00079772 -0.00052997 -0.00212915
v 0.00078451 -0.00054932 -0.00213080
v 0.00076363 -0.00057800 -0.00213334
v 0.00073365 -0.00061561 -0.00213685
v 0.00072658 -0.00062394 -0.00213765
v 0.00068668 -0.00066760 -0.00214207
v 0.00067721 -0.00067721 -0.00214309
v 0.00064407 -0.00070880 -0.00214657
v 0.00061561 -0.00073365 -0.00214948
v 0.00059890 -0.00074736 -0.00215115
v 0.00055133 -0.00078310 -0.00215577
v 0.00054932 -0.00078452 -0.00215596
v 0.00050797 -0.00081191 -0.00215984
v 0.00047886 -0.00082941 -0.00216250
v 0.00045637 -0.00084199 -0.00216452
v 0.00040475 -0.00086799 -0.00216904
v 0.00040290 -0.00086884 -0.00216920
v 0.00034776 -0.00089235 -0.00217386
v 0.00032756 -0.00089996 -0.00217552
v 0.00029114 -0.00091239 -0.00217848
v 0.00024788 -0.00092508 -0.00218191
v 0.00023326 -0.00092887 -0.00218305
v 0.00017436 -0.00094171 -0.00218755
v 0.00016631 -0.00094317 -0.00218815
v 0.00011465 -0.00095083 -0.00219195
v 0.00008347 -0.00095407 -0.00219420
v 0.00005438 -0.00095617 -0.00219625
v 0.00000000 -0.00095772 -0.00220000
v -0.00000506 -0.00095770 -0.00220034
v -0.00006380 -0.00095559 -0.00220441
v -0.00008347 -0.00095407 -0.00220580
v -0.00012243 -0.00094986 -0.00220861
v -0.00016631 -0.00094317 -0.00221185
v -0.00018071 -0.00094051 -0.00221293
v -0.00023843 -0.00092756 -0.00221735
v -0.00024788 -0.00092508 -0.00221809
v -0.00029536 -0.00091103 -0.00222186
v -0.00032756 -0.00089996 -0.00222448
v -0.00034759 -0.00089241 -0.00222613
v -0.00040234 -0.00086910 -0.00223076
v -0.00040475 -0.00086799 -0.00223096
v -0.00045564 -0.00084238 -0.00223542
v -0.00047886 -0.00082941 -0.00223750
v -0.00050727 -0.00081234 -0.00224010
v -0.00054932 -0.00078452 -0.00224404
v -0.00055702 -0.00077907 -0.00224477
v -0.00060468 -0.00074268 -0.00224943
v -0.00061561 -0.00073365 -0.00225052
v -0.00065006 -0.00070331 -0.00225405
v -0.00067721 -0.00067721 -0.00225691
v -0.00069295 -0.00066109 -0.00225861
v -0.00073318 -0.00061617 -0.00226310
v -0.00073365 -0.00061561 -0.00226315
v -0.00077057 -0.00056872 -0.00226749
v -0.00078451 -0.00054932 -0.00226920
v -0.00080494 -0.00051894 -0.00227177
v -0.00082941 -0.00047886 -0.00227500
v -0.00083550 -0.00046815 -0.00227584
v -0.00086265 -0.00041600 -0.00227992
v -0.00086799 -0.00040475 -0.00228080
v -0.00088660 -0.00036217 -0.00228414
v -0.00089996 -0.00032756 -0.00228685
v -0.00090724 -0.00030683 -0.00228847
v -0.00092286 -0.00025601 -0.00229245
v -0.00092508 -0.00024787 -0.00229309
v -0.00093694 -0.00019843 -0.00229696
v -0.00094317 -0.00016631 -0.00229948
v -0.00094743 -0.00013997 -0.00230154
v -0.00095407 -0.00008347 -0.00230596
v -0.00095430 -0.00008085 -0.00230617
v -0.00095748 -0.00002130 -0.00231083
v -0.00095772 -0.00000000 -0.00231250
v -0.00095694 0.00003844 -0.00231551
v -0.00095407 0.00008347 -0.00231904
v -0.00095267 0.00009815 -0.00232019
v -0.00094466 0.00015758 -0.00232484
v -0.00094317 0.00016631 -0.00232552
v -0.00093292 0.00021651 -0.00232946
v -0.00092508 0.00024787 -0.00233191
v -0.00091748 0.00027469 -0.00233401
v -0.00089996 0.00032756 -0.00233815
v -0.00089837 0.00033190 -0.00233849
v -0.00087565 0.00038789 -0.00234288
v -0.00086799 0.00040475 -0.00234420
v -0.00084943 0.00044236 -0.00234714
v -0.00082941 0.00047886 -0.00235000
v -0.00082050 0.00049396 -0.00235120
v -0.00078864 0.00054339 -0.00235529
v -0.00078452 0.00054932 -0.00235580
v -0.00075424 0.00059020 -0.00235946
v -0.00073365 0.00061561 -0.00236185
v -0.00071643 0.00063556 -0.00236380
v -0.00067721 0.00067721 -0.00236809
v -0.00067581 0.00067860 -0.00236824
v -0.00063252 0.00071912 -0.00237276
v -0.00061561 0.00073365 -0.00237448
v -0.00058671 0.00075696 -0.00237735
v -0.00054932 0.00078452 -0.00238096
v -0.00053855 0.00079195 -0.00238199
v -0.00048820 0.00082394 -0.00238665
v -0.00047886 0.00082941 -0.00238750
v -0.00043586 0.00085279 -0.00239133
v -0.00040475 0.00086799 -0.00239404
v -0.00038171 0.00087836 -0.00239601
v -0.00032756 0.00089996 -0.00240052
v -0.00032597 0.00090054 -0.00240065
v -0.00026884 0.00091921 -0.00240526
v -0.00024788 0.00092508 -0.00240691
v -0.00021054 0.00093429 -0.00240980
v -0.00016631 0.00094317 -0.00241315
v -0.00015130 0.00094569 -0.00241427
v -0.00009134 0.00095335 -0.00241863
v -0.00008347 0.00095407 -0.00241920
v -0.00003112 0.00095721 -0.00242287
v -0.00000000 0.00095772 -0.00242500
v 0.00002850 0.00095729 -0.00242695
v 0.00008347 0.00095407 -0.00243080
v 0.00008722 0.00095374 -0.00243107
v 0.00014573 0.00094656 -0.00243532
v 0.00016631 0.00094317 -0.00243685
v 0.00020382 0.00093578 -0.00243968
v 0.00024788 0.00092508 -0.00244309
v 0.00026125 0.00092140 -0.00244414
v 0.00031779 0.00090345 -0.00244868
v 0.00032756 0.00089996 -0.00244948
v 0.00037323 0.00088200 -0.00245328
v 0.00040475 0.00086799 -0.00245596
v 0.00042733 0.00085709 -0.00245792
v 0.00047886 0.00082941 -0.00246250
v 0.00047988 0.00082882 -0.00246259
v 0.00053066 0.00079726 -0.00246727
v 0.00054932 0.00078452 -0.00246904
v 0.00057946 0.00076252 -0.00247194
v 0.00061561 0.00073365 -0.00247552
v 0.00062608 0.00072473 -0.00247658
v 0.00067033 0.00068402 -0.00248118
v 0.00067721 0.00067721 -0.00248191
v 0.00071201 0.00064052 -0.00248571
v 0.00073365 0.00061561 -0.00248815
v 0.00075093 0.00059441 -0.00249015
v 0.00078452 0.00054932 -0.00249420
v 0.00078656 0.00054639 -0.00249445
v 0.00081931 0.00049594 -0.00249865
v 0.00082941 0.00047886 -0.00250000
v 0.00084821 0.00044470 -0.00250268
v 0.00086799 0.00040475 -0.00250580
v 0.00087393 0.00039176 -0.00250682
v 0.00089638 0.00033722 -0.00251109
v 0.00089996 0.00032756 -0.00251185
v 0.00091548 0.00028129 -0.00251547
v 0.00092508 0.00024787 -0.00251809
v 0.00093111 0.00022417 -0.00251995
v 0.00094317 0.00016631 -0.00252448
v 0.00094321 0.00016607 -0.00252449
v 0.00095170 0.00010722 -0.00252910
v 0.00095407 0.00008347 -0.00253096
v 0.00095652 0.00004783 -0.00253375
v 0.00095772 -0.00000000 -0.00253750
v 0.00095764 -0.00001185 -0.00253843
v 0.00095504 -0.00007160 -0.00254311
v 0.00095407 -0.00008347 -0.00254404
v 0.00094869 -0.00013119 -0.00254777
v 0.00094317 -0.00016631 -0.00255052
v 0.00093861 -0.00019037 -0.00255241
v 0.00092508 -0.00024788 -0.00255691
v 0.00092481 -0.00024890 -0.00255699
v 0.00090816 -0.00030410 -0.00256131
v 0.00089996 -0.00032756 -0.00256315
v 0.00088719 -0.00036071 -0.00256575
v 0.00086799 -0.00040475 -0.00256920
v 0.00086266 -0.00041598 -0.00257008
v 0.00083494 -0.00046914 -0.00257424
v 0.00082941 -0.00047886 -0.00257500
v 0.00080459 -0.00051948 -0.00257827
v 0.00078451 -0.00054932 -0.00258080
v 0.00077115 -0.00056793 -0.00258244
v 0.00073472 -0.00061433 -0.00258673
v 0.00073365 -0.00061561 -0.00258685
v 0.00069542 -0.00065849 -0.00259112
v 0.00067721 -0.00067721 -0.00259309
v 0.00065337 -0.00070023 -0.00259561
v 0.00061561 -0.00073365 -0.00259948
v 0.00060874 -0.00073936 -0.00260017
v 0.00056167 -0.00077573 -0.00260478
v 0.00054932 -0.00078452 -0.00260596
v 0.00051233 -0.00080916 -0.00260944
v 0.00047886 -0.00082941 -0.00261250
v 0.00046091 -0.00083951 -0.00261411
v 0.00040760 -0.00086665 -0.00261879
v 0.00040475 -0.00086799 -0.00261904
v 0.00035260 -0.00089045 -0.00262345
v 0.00032756 -0.00089996 -0.00262552
v 0.00030011 -0.00090948 -0.00262776
v 0.00024788 -0.00092508 -0.00263191
v 0.00024242 -0.00092653 -0.00263234
v 0.00018366 -0.00093994 -0.00263685
v 0.00016631 -0.00094317 -0.00263815
v 0.00012407 -0.00094965 -0.00264127
v 0.00008347 -0.00095407 -0.00264420
v 0.00006387 -0.00095558 -0.00264558
v 0.00000416 -0.00095771 -0.00264972
v -0.00000000 -0.00095772 -0.00265000
v -0.00005458 -0.00095616 -0.00265376
v -0.00008347 -0.00095407 -0.00265580
v -0.00011324 -0.00095100 -0.00265794
v -0.00016631 -0.00094317 -0.00266185
v -0.00017160 -0.00094222 -0.00266224
v -0.00022942 -0.00092983 -0.00266665
v -0.00024788 -0.00092508 -0.00266809
v -0.00028650 -0.00091386 -0.00267115
v -0.00032756 -0.00089996 -0.00267448
v -0.00033401 -0.00089759 -0.00267501
v -0.00038908 -0.00087512 -0.00267962
v -0.00040475 -0.00086799 -0.00268096
v -0.00044275 -0.00084923 -0.00268427
v -0.00047886 -0.00082941 -0.00268750
v -0.00049481 -0.00081999 -0.00268895
v -0.00054504 -0.00078750 -0.00269363
v -0.00054932 -0.00078452 -0.00269404
v -0.00059323 -0.00075186 -0.00269829
v -0.00061561 -0.00073365 -0.00270052
v -0.00063918 -0.00071321 -0.00270292
v -0.00067721 -0.00067721 -0.00270691
v -0.00068270 -0.00067167 -0.00270750
v -0.00072360 -0.00062740 -0.00271201
v -0.00073365 -0.00061561 -0.00271315
v -0.00076170 -0.00058055 -0.00271643
v -0.00078451 -0.00054932 -0.00271920
v -0.00079683 -0.00053131 -0.00272074
v -0.00082839 -0.00048062 -0.00272486
v -0.00082941 -0.00047886 -0.00272500
v -0.00085452 -0.00043246 -0.00272863
v -0.00086799 -0.00040475 -0.00273080
v -0.00087948 -0.00037913 -0.00273281
v -0.00089996 -0.00032756 -0.00273685
v -0.00090116 -0.00032425 -0.00273711
v -0.00091945 -0.00026802 -0.00274151
v -0.00092508 -0.00024787 -0.00274309
v -0.00093426 -0.00021065 -0.00274600
v -0.00094317 -0.00016631 -0.00274948
v -0.00094552 -0.00015236 -0.00275057
v -0.00095316 -0.00009336 -0.00275519
v -0.00095407 -0.00008347 -0.00275596
v -0.00095712 -0.00003389 -0.00275985
v -0.00095772 0.00000000 -0.00276250
v -0.00095737 0.00002583 -0.00276452
v -0.00095407 0.00008347 -0.00276904
v -0.00095389 0.00008557 -0.00276920
v -0.00094666 0.00014508 -0.00277386
v -0.00094317 0.00016631 -0.00277552
v -0.00093579 0.00020378 -0.00277846
v -0.00092508 0.00024787 -0.00278191
v -0.00092114 0.00026215 -0.00278303
v -0.00090282 0.00031958 -0.00278753
v -0.00089996 0.00032756 -0.00278815
v -0.00088088 0.00037585 -0.00279193
v -0.00086799 0.00040475 -0.00279420
v -0.00085539 0.00043073 -0.00279623
v -0.00082941 0.00047886 -0.00280000
v -0.00082701 0.00048299 -0.00280032
v -0.00079582 0.00053281 -0.00280439
v -0.00078451 0.00054932 -0.00280580
v -0.00076156 0.00058073 -0.00280859
v -0.00073365 0.00061561 -0.00281185
v -0.00072434 0.00062654 -0.00281291
v -0.00068428 0.00067006 -0.00281733
v -0.00067721 0.00067721 -0.00281809
v -0.00064151 0.00071111 -0.00282184
v -0.00061561 0.00073365 -0.00282448
v -0.00059608 0.00074961 -0.00282643
v -0.00054932 0.00078452 -0.00283096
v -0.00054837 0.00078518 -0.00283105
v -0.00049844 0.00081779 -0.00283572
v -0.00047886 0.00082941 -0.00283750
v -0.00044648 0.00084727 -0.00284040
v -0.00040475 0.00086799 -0.00284404
v -0.00039268 0.00087351 -0.00284507
v -0.00033724 0.00089637 -0.00284973
v -0.00032756 0.00089996 -0.00285052
v -0.00028037 0.00091576 -0.00285434
v -0.00024788 0.00092508 -0.00285691
v -0.00022229 0.00093156 -0.00285890
v -0.00016631 0.00094317 -0.00286315
v -0.00016322 0.00094371 -0.00286338
v -0.00010339 0.00095212 -0.00286777
v -0.00008347 0.00095407 -0.00286920
v -0.00004309 0.00095675 -0.00287204
v -0.00000000 0.00095772 -0.00287500
v 0.00001665 0.00095757 -0.00287613
v 0.00007538 0.00095475 -0.00288023
v 0.00008347 0.00095407 -0.00288080
v 0.00013396 0.00094830 -0.00288445
v 0.00016631 0.00094317 -0.00288685
v 0.00019215 0.00093824 -0.00288879
v 0.00024788 0.00092508 -0.00289309
v 0.00024973 0.00092458 -0.00289323
v 0.00030647 0.00090736 -0.00289776
v 0.00032756 0.00089996 -0.00289948
v 0.00036215 0.00088661 -0.00290234
v 0.00040475 0.00086799 -0.00290596
v 0.00041653 0.00086239 -0.00290698
v 0.00046941 0.00083479 -0.00291165
v 0.00047886 0.00082941 -0.00291250
v 0.00052057 0.00080388 -0.00291633
v 0.00054932 0.00078452 -0.00291904
v 0.00056979 0.00076978 -0.00292100
v 0.00061561 0.00073365 -0.00292552
v 0.00061683 0.00073262 -0.00292565
v 0.00065478 0.00069892 -0.00292954
v 0.00067721 0.00067721 -0.00293191
v 0.00069739 0.00065640 -0.00293410
v 0.00073365 0.00061561 -0.00293815
v 0.00073733 0.00061120 -0.00293857
v 0.00077440 0.00056349 -0.00294296
v 0.00078451 0.00054932 -0.00294420
v 0.00080841 0.00051351 -0.00294722
v 0.00082941 0.00047886 -0.00295000
v 0.00083856 0.00046264 -0.00295127
v 0.00086537 0.00041030 -0.00295537
v 0.00086799 0.00040475 -0.00295580
v 0.00088897 0.00035630 -0.00295960
v 0.00089996 0.00032756 -0.00296185
v 0.00090924 0.00030083 -0.00296394
v 0.00092508 0.00024788 -0.00296809
v 0.00092609 0.00024410 -0.00296838
v 0.00093942 0.00018631 -0.00297291
v 0.00094317 0.00016631 -0.00297448
v 0.00094919 0.00012751 -0.00297751
v 0.00095407 0.00008347 -0.00298096
v 0.00095528 0.00006828 -0.00298215
v 0.00095768 0.00000868 -0.00298682
v 0.00095772 0.00000000 -0.00298750
v 0.00095635 -0.00005108 -0.00299150
v 0.00095407 -0.00008347 -0.00299404
v 0.00095129 -0.00011075 -0.00299617
v 0.00094317 -0.00016631 -0.00300052
v 0.00094249 -0.00017010 -0.00300082
v 0.00092996 -0.00022888 -0.00300542
v 0.00092508 -0.00024787 -0.00300691
v 0.00091374 -0.00028688 -0.00300997
v 0.00089996 -0.00032756 -0.00301315
v 0.00089386 -0.00034385 -0.00301443
v 0.00087039 -0.00039955 -0.00301879
v 0.00086799 -0.00040475 -0.00301920
v 0.00084351 -0.00045355 -0.00302302
v 0.00082941 -0.00047886 -0.00302500
v 0.00081626 -0.00050093 -0.00302676
v 0.00078452 -0.00054932 -0.00303080
v 0.00078397 -0.00055010 -0.00303087
v 0.00074864 -0.00059729 -0.00303511
v 0.00073365 -0.00061561 -0.00303685
v 0.00071039 -0.00064231 -0.00303947
v 0.00067721 -0.00067721 -0.00304309
v 0.00066936 -0.00068497 -0.00304392
v 0.00062567 -0.00072509 -0.00304846
v 0.00061561 -0.00073365 -0.00304948
v 0.00057949 -0.00076251 -0.00305306
v 0.00054932 -0.00078452 -0.00305596
v 0.00053097 -0.00079705 -0.00305770
v 0.00048032 -0.00082856 -0.00306237
v 0.00047886 -0.00082941 -0.00306250
v 0.00043385 -0.00085381 -0.00306651
v 0.00040475 -0.00086799 -0.00306904
v 0.00037964 -0.00087926 -0.00307118
v 0.00032756 -0.00089996 -0.00307552
v 0.00032385 -0.00090130 -0.00307583
v 0.00026667 -0.00091984 -0.00308043
v 0.00024788 -0.00092508 -0.00308191
v 0.00020833 -0.00093478 -0.00308497
v 0.00016631 -0.00094317 -0.00308815
v 0.00014905 -0.00094605 -0.00308943
v 0.00008908 -0.00095356 -0.00309380
v 0.00008347 -0.00095407 -0.00309420
v 0.00002887 -0.00095728 -0.00309803
v 0.00000000 -0.00095772 -0.00310000
v -0.00002580 -0.00095737 -0.00310176
v -0.00008347 -0.00095407 -0.00310580
v -0.00008452 -0.00095398 -0.00310588
v -0.00014305 -0.00094697 -0.00311012
v -0.00016631 -0.00094317 -0.00311185
v -0.00020116 -0.00093635 -0.00311448
v -0.00024788 -0.00092508 -0.00311809
v -0.00025863 -0.00092213 -0.00311893
v -0.00031522 -0.00090436 -0.00312347
v -0.00032756 -0.00089996 -0.00312448
v -0.00037071 -0.00088306 -0.00312806
v -0.00040475 -0.00086799 -0.00313096
v -0.00042487 -0.00085831 -0.00313271
v -0.00047749 -0.00083020 -0.00313738
v -0.00047886 -0.00082941 -0.00313750
v -0.00052258 -0.00080258 -0.00314152
v -0.00054932 -0.00078452 -0.00314404
v -0.00057171 -0.00076835 -0.00314619
v -0.00061561 -0.00073365 -0.00315052
v -0.00061870 -0.00073105 -0.00315084
v -0.00066334 -0.00069079 -0.00315544
v -0.00067721 -0.00067721 -0.00315691
v -0.00070545 -0.00064774 -0.00315998
v -0.00073365 -0.00061561 -0.00316315
v -0.00074483 -0.00060203 -0.00316444
v -0.00078133 -0.00055385 -0.00316880
v -0.00078452 -0.00054932 -0.00316920
v -0.00081465 -0.00050356 -0.00317303
v -0.00082941 -0.00047886 -0.00317500
v -0.00084205 -0.00045625 -0.00317677
v -0.00086799 -0.00040475 -0.00318080
v -0.00086848 -0.00040369 -0.00318089
v -0.00089167 -0.00034950 -0.00318513
v -0.00089996 -0.00032756 -0.00318685
v -0.00091152 -0.00029386 -0.00318949
v -0.00092508 -0.00024787 -0.00319309
v -0.00092793 -0.00023698 -0.00319394
v -0.00094082 -0.00017909 -0.00319848
v -0.00094317 -0.00016631 -0.00319948
v -0.00095012 -0.00012038 -0.00320307
v -0.00095407 -0.00008347 -0.00320596
v -0.00095577 -0.00006110 -0.00320772
v -0.00095772 -0.00000147 -0.00321238
v -0.00095772 -0.00000000 -0.00321250
v -0.00095634 0.00005137 -0.00321652
v -0.00095407 0.00008347 -0.00321904
v -0.00095126 0.00011104 -0.00322120
v -0.00094317 0.00016631 -0.00322552
v -0.00094244 0.00017039 -0.00322584
v -0.00092989 0.00022917 -0.00323045
v -0.00092508 0.00024787 -0.00323191
v -0.00091365 0.00028716 -0.00323499
v -0.00089996 0.00032756 -0.00323815
v -0.00089376 0.00034412 -0.00323945
v -0.00087027 0.00039982 -0.00324381
v -0.00086799 0.00040475 -0.00324420
v -0.00084337 0.00045381 -0.00324804
v -0.00082941 0.00047886 -0.00325000
v -0.00081610 0.00050121 -0.00325178
v -0.00078452 0.00054932 -0.00325580
v -0.00078379 0.00055036 -0.00325589
v -0.00074844 0.00059754 -0.00326014
v -0.00073365 0.00061561 -0.00326185
v -0.00071018 0.00064255 -0.00326450
v -0.00067721 0.00067721 -0.00326809
v -0.00066912 0.00068520 -0.00326895
v -0.00062542 0.00072531 -0.00327348
v -0.00061561 0.00073365 -0.00327448
v -0.00057923 0.00076270 -0.00327808
v -0.00054932 0.00078452 -0.00328096
v -0.00053070 0.00079723 -0.00328272
v -0.00048004 0.00082872 -0.00328739
v -0.00047886 0.00082941 -0.00328750
v -0.00043359 0.00085394 -0.00329153
v -0.00040475 0.00086799 -0.00329404
v -0.00037937 0.00087937 -0.00329620
v -0.00032756 0.00089996 -0.00330052
v -0.00032357 0.00090140 -0.00330085
v -0.00026638 0.00091992 -0.00330545
v -0.00024788 0.00092508 -0.00330691
v -0.00020804 0.00093485 -0.00331000
v -0.00016631 0.00094317 -0.00331315
v -0.00014876 0.00094609 -0.00331446
v -0.00008878 0.00095359 -0.00331882
v -0.00008347 0.00095407 -0.00331920
v -0.00002858 0.00095729 -0.00332305
v -0.00000000 0.00095772 -0.00332500
v 0.00002612 0.00095736 -0.00332679
v 0.00008347 0.00095407 -0.00333080
v 0.00008484 0.00095395 -0.00333090
v 0.00014337 0.00094692 -0.00333515
v 0.00016631 0.00094317 -0.00333685
v 0.00020148 0.00093628 -0.00333950
v 0.00024788 0.00092508 -0.00334309
v 0.00025894 0.00092205 -0.00334396
v 0.00031552 0.00090425 -0.00334849
v 0.00032756 0.00089996 -0.00334948
v 0.00037101 0.00088293 -0.00335309
v 0.00040475 0.00086799 -0.00335596
v 0.00042517 0.00085817 -0.00335773
v 0.00047777 0.00083003 -0.00336240
v 0.00047886 0.00082941 -0.00336250
v 0.00052282 0.00080242 -0.00336654
v 0.00054932 0.00078452 -0.00336904
v 0.00057195 0.00076818 -0.00337121
v 0.00061561 0.00073365 -0.00337552
v 0.00061893 0.00073086 -0.00337586
v 0.00066356 0.00069059 -0.00338046
v 0.00067721 0.00067721 -0.00338191
v 0.00070565 0.00064752 -0.00338500
v 0.00073365 0.00061561 -0.00338815
v 0.00074502 0.00060180 -0.00338946
v 0.00078150 0.00055360 -0.00339382
v 0.00078452 0.00054932 -0.00339420
v 0.00081480 0.00050331 -0.00339805
v 0.00082941 0.00047886 -0.00340000
v 0.00084221 0.00045597 -0.00340179
v 0.00086799 0.00040475 -0.00340580
v 0.00086861 0.00040340 -0.00340591
v 0.00089179 0.00034920 -0.00341015
v 0.00089996 0.00032756 -0.00341185
v 0.00091162 0.00029355 -0.00341451
v 0.00092508 0.00024787 -0.00341809
v 0.00092801 0.00023667 -0.00341897
v 0.00094088 0.00017876 -0.00342350
v 0.00094317 0.00016631 -0.00342448
v 0.00095016 0.00012006 -0.00342810
v 0.00095407 0.00008347 -0.00343096
v 0.00095579 0.00006077 -0.00343274
v 0.00095772 0.00000114 -0.00343741
v 0.00095772 0.00000000 -0.00343750
v 0.00095636 -0.00005091 -0.00344149
v 0.00095407 -0.00008347 -0.00344404
v 0.00095131 -0.00011058 -0.00344616
v 0.00094317 -0.00016631 -0.00345052
v 0.00094252 -0.00016993 -0.00345081
v 0.00093000 -0.00022872 -0.00345541
v 0.00092508 -0.00024787 -0.00345691
v 0.00091379 -0.00028672 -0.00345995
v 0.00089996 -0.00032756 -0.00346315
v 0.00089392 -0.00034369 -0.00346441
v 0.00087046 -0.00039939 -0.00346878
v 0.00086799 -0.00040475 -0.00346920
v 0.00084359 -0.00045341 -0.00347301
v 0.00082941 -0.00047886 -0.00347500
v 0.00082521 -0.00048605 -0.00347557
v 0.00079384 -0.00053576 -0.00347964
v 0.00078451 -0.00054932 -0.00348080
v 0.00075939 -0.00058356 -0.00348385
v 0.00073365 -0.00061561 -0.00348685
v 0.00072200 -0.00062924 -0.00348817
v 0.00068177 -0.00067262 -0.00349260
v 0.00067721 -0.00067721 -0.00349309
v 0.00063885 -0.00071351 -0.00349711
v 0.00061561 -0.00073365 -0.00349948
v 0.00059339 -0.00075174 -0.00350169
v 0.00054932 -0.00078452 -0.00350596
v 0.00054554 -0.00078715 -0.00350632
v 0.00049550 -0.00081957 -0.00351099
v 0.00047886 -0.00082941 -0.00351250
v 0.00044351 -0.00084883 -0.00351566
v 0.00040475 -0.00086799 -0.00351904
v 0.00038961 -0.00087488 -0.00352033
v 0.00033409 -0.00089756 -0.00352499
v 0.00032756 -0.00089996 -0.00352552
v 0.00021900 -0.00093234 -0.00353415
v 0.00024788 -0.00092508 -0.00353191
v 0.00027714 -0.00091674 -0.00352960
v 0.00016631 -0.00094317 -0.00353815
v 0.00015988 -0.00094428 -0.00353863
v 0.00010001 -0.00095248 -0.00354301
v 0.00008347 -0.00095407 -0.00354420
v 0.00003973 -0.00095689 -0.00354727
v 0.00000000 -0.00095772 -0.00355000
v -0.00019543 -0.00093756 -0.00356404
v -0.00016631 -0.00094317 -0.00356185
v -0.00013727 -0.00094783 -0.00355970
v -0.00008347 -0.00095407 -0.00355580
v -0.00007871 -0.00095448 -0.00355547
v -0.00001998 -0.00095751 -0.00355136
v -0.00024788 -0.00092508 -0.00356809
v -0.00025297 -0.00092370 -0.00356849
v -0.00030966 -0.00090627 -0.00357302
v -0.00032756 -0.00089996 -0.00357448
v -0.00041957 -0.00086092 -0.00358225
v -0.00040475 -0.00086799 -0.00358096
v -0.00036527 -0.00088533 -0.00357761
v -0.00047232 -0.00083315 -0.00358691
v -0.00047886 -0.00082941 -0.00358750
v -0.00062616 -0.00072467 -0.00360159
v -0.00061561 -0.00073365 -0.00360052
v -0.00057954 -0.00076246 -0.00359695
v -0.00054932 -0.00078452 -0.00359404
v -0.00053074 -0.00079720 -0.00359228
v -0.00047996 -0.00082877 -0.00358760
v -0.00067040 -0.00068395 -0.00360619
v -0.00067721 -0.00067721 -0.00360691
v -0.00071207 -0.00064045 -0.00361072
v -0.00073365 -0.00061561 -0.00361315
v -0.00075100 -0.00059433 -0.00361516
v -0.00078452 -0.00054932 -0.00361920
v -0.00083201 -0.00047432 -0.00362536
v -0.00082941 -0.00047886 -0.00362500
v -0.00085954 -0.00042239 -0.00362942
v -0.00086799 -0.00040475 -0.00363080
v -0.00088388 -0.00036875 -0.00363362
v -0.00089996 -0.00032756 -0.00363685
v -0.00090492 -0.00031360 -0.00363794
v -0.00092255 -0.00025713 -0.00364236
v -0.00092508 -0.00024787 -0.00364309
v -0.00093669 -0.00019957 -0.00364687
v -0.00094317 -0.00016631 -0.00364948
v -0.00094726 -0.00014112 -0.00365145
v -0.00095407 -0.00008347 -0.00365596
v -0.00095420 -0.00008202 -0.00365608
v -0.00095745 -0.00002248 -0.00366074
v -0.00095772 -0.00000000 -0.00366250
v -0.00095699 0.00003717 -0.00366541
v -0.00095407 0.00008347 -0.00366904
v -0.00095280 0.00009688 -0.00367009
v -0.00094487 0.00015633 -0.00367474
v -0.00094317 0.00016631 -0.00367552
v -0.00093321 0.00021527 -0.00367936
v -0.00092508 0.00024787 -0.00368191
v -0.00091784 0.00027347 -0.00368392
v -0.00089996 0.00032756 -0.00368815
v -0.00089881 0.00033069 -0.00368840
v -0.00087617 0.00038671 -0.00369278
v -0.00086799 0.00040475 -0.00369420
v -0.00085002 0.00044123 -0.00369705
v -0.00082941 0.00047886 -0.00370000
v -0.00075415 0.00059033 -0.00370947
v -0.00078452 0.00054932 -0.00370580
v -0.00078902 0.00054283 -0.00370524
v -0.00082085 0.00049338 -0.00370115
v -0.00073365 0.00061561 -0.00371185
v -0.00071633 0.00063568 -0.00371381
v -0.00067721 0.00067721 -0.00371809
v -0.00067570 0.00067871 -0.00371825
v -0.00063240 0.00071923 -0.00372277
v -0.00061561 0.00073365 -0.00372448
v -0.00058658 0.00075706 -0.00372736
v -0.00054932 0.00078452 -0.00373096
v -0.00053841 0.00079204 -0.00373200
v -0.00048810 0.00082400 -0.00373666
v -0.00047886 0.00082941 -0.00373750
v -0.00047658 0.00083072 -0.00373771
v -0.00042382 0.00085884 -0.00374239
v -0.00040475 0.00086799 -0.00374404
v -0.00036929 0.00088365 -0.00374705
v -0.00032756 0.00089996 -0.00375052
v -0.00019728 0.00093718 -0.00376082
v -0.00024788 0.00092508 -0.00375691
v -0.00025581 0.00092292 -0.00375629
v -0.00031322 0.00090505 -0.00375170
v -0.00016631 0.00094317 -0.00376315
v -0.00013785 0.00094774 -0.00376526
v -0.00008347 0.00095407 -0.00376920
v -0.00007777 0.00095455 -0.00376960
v -0.00001774 0.00095755 -0.00377379
v 0.00000000 0.00095772 -0.00377500
v 0.00004179 0.00095680 -0.00377787
v 0.00008347 0.00095407 -0.00378080
v 0.00010049 0.00095243 -0.00378202
v 0.00015892 0.00094444 -0.00378630
v 0.00016631 0.00094317 -0.00378685
v 0.00021688 0.00093284 -0.00379068
v 0.00024788 0.00092508 -0.00379309
v 0.00027413 0.00091765 -0.00379516
v 0.00032756 0.00089996 -0.00379948
v 0.00033044 0.00089890 -0.00379971
v 0.00038559 0.00087666 -0.00380432
v 0.00040475 0.00086799 -0.00380596
v 0.00043936 0.00085099 -0.00380898
v 0.00047886 0.00082941 -0.00381250
v 0.00049148 0.00082199 -0.00381365
v 0.00054183 0.00078971 -0.00381833
v 0.00054932 0.00078452 -0.00381904
v 0.00059016 0.00075428 -0.00382299
v 0.00061561 0.00073365 -0.00382552
v 0.00063626 0.00071581 -0.00382762
v 0.00067721 0.00067721 -0.00383191
v 0.00067995 0.00067446 -0.00383220
v 0.00072102 0.00063036 -0.00383672
v 0.00073365 0.00061561 -0.00383815
v 0.00075931 0.00058367 -0.00384114
v 0.00078451 0.00054932 -0.00384420
v 0.00079464 0.00053458 -0.00384546
v 0.00082661 0.00048367 -0.00384962
v 0.00082941 0.00047886 -0.00385000
v 0.00082999 0.00047784 -0.00385008
v 0.00085774 0.00042603 -0.00385414
v 0.00086799 0.00040475 -0.00385580
v 0.00088231 0.00037250 -0.00385833
v 0.00089996 0.00032756 -0.00386185
v 0.00090358 0.00031745 -0.00386264
v 0.00092145 0.00026107 -0.00386706
v 0.00092508 0.00024787 -0.00386809
v 0.00093583 0.00020357 -0.00387156
v 0.00094317 0.00016631 -0.00387448
v 0.00094665 0.00014518 -0.00387613
v 0.00095384 0.00008611 -0.00388076
v 0.00095407 0.00008347 -0.00388096
v 0.00095735 0.00002662 -0.00388542
v 0.00095772 -0.00000000 -0.00388750
v 0.00095768 -0.00000822 -0.00388814
v 0.00095530 -0.00006798 -0.00389282
v 0.00095407 -0.00008347 -0.00389404
v 0.00094918 -0.00012758 -0.00389749
v 0.00094317 -0.00016631 -0.00390052
v 0.00093932 -0.00018679 -0.00390213
v 0.00092575 -0.00024538 -0.00390672
v 0.00092508 -0.00024788 -0.00390691
v 0.00090849 -0.00030311 -0.00391124
v 0.00089996 -0.00032756 -0.00391315
v 0.00088759 -0.00035974 -0.00391567
v 0.00086311 -0.00041504 -0.00392000
v 0.00083544 -0.00046825 -0.00392417
v 0.00086799 -0.00040475 -0.00391920
v 0.00082941 -0.00047886 -0.00392500
v 0.00080473 -0.00051926 -0.00392826
v 0.00078451 -0.00054932 -0.00393080
v 0.00077131 -0.00056772 -0.00393242
v 0.00073489 -0.00061413 -0.00393671
v 0.00073365 -0.00061561 -0.00393685
v 0.00069560 -0.00065830 -0.00394110
v 0.00067721 -0.00067721 -0.00394309
v 0.00065357 -0.00070005 -0.00394559
v 0.00061561 -0.00073365 -0.00394948
v 0.00060894 -0.00073920 -0.00395015
v -0.00076328 0.00057847 0.00399786
v 0.00093995 0.00018363 0.00383313
v 0.00092678 0.00024146 0.00383766
v -0.00010348 -0.00095211 -0.00395099
v -0.00008347 -0.00095407 -0.00394955
v -0.00004479 -0.00095667 -0.00394683
v -0.00000000 -0.00095772 -0.00394375
v 0.00013407 -0.00094829 -0.00393429
v 0.00008347 -0.00095407 -0.00393795
v 0.00007395 -0.00095486 -0.00393862
v 0.00001399 -0.00095761 -0.00394280
v 0.00016631 -0.00094317 -0.00393190
v 0.00019354 -0.00093796 -0.00392985
v 0.00024788 -0.00092508 -0.00392566
v 0.00025213 -0.00092393 -0.00392533
v 0.00030962 -0.00090629 -0.00392074
v 0.00032756 -0.00089996 -0.00391927
v 0.00036579 -0.00088511 -0.00391610
v 0.00040475 -0.00086799 -0.00391279
v 0.00042042 -0.00086051 -0.00391143
v 0.00047330 -0.00083259 -0.00390675
v 0.00047886 -0.00082941 -0.00390625
v 0.00052424 -0.00080149 -0.00390208
v 0.00054932 -0.00078452 -0.00389971
v 0.00057306 -0.00076735 -0.00389743
v 0.00061561 -0.00073365 -0.00389323
v 0.00061956 -0.00073032 -0.00389283
v 0.00066360 -0.00069055 -0.00388828
v 0.00067721 -0.00067721 -0.00388684
v 0.00070500 -0.00064822 -0.00388382
v 0.00073365 -0.00061561 -0.00388060
v 0.00074364 -0.00060351 -0.00387945
v 0.00077937 -0.00055660 -0.00387519
v 0.00078452 -0.00054932 -0.00387455
v 0.00081208 -0.00050769 -0.00387105
v 0.00082941 -0.00047886 -0.00386875
v 0.00084175 -0.00045682 -0.00386702
v 0.00086799 -0.00040475 -0.00386295
v 0.00086881 -0.00040299 -0.00386281
v 0.00089250 -0.00034737 -0.00385845
v 0.00089996 -0.00032756 -0.00385690
v 0.00091260 -0.00029048 -0.00385400
v 0.00092508 -0.00024787 -0.00385066
v 0.00092906 -0.00023254 -0.00384946
v 0.00094182 -0.00017379 -0.00384486
v 0.00094317 -0.00016631 -0.00384427
v 0.00095085 -0.00011447 -0.00384021
v 0.00095407 -0.00008347 -0.00383779
v 0.00095615 -0.00005482 -0.00383554
v 0.00095772 0.00000000 -0.00383125
v 0.00095770 0.00000494 -0.00383086
v 0.00092508 0.00024787 0.00383816
v 0.00091009 0.00029824 0.00384211
v 0.00089996 0.00032756 0.00384440
v 0.00088998 0.00035378 0.00384645
v 0.00086799 0.00040475 0.00385045
v 0.00077604 0.00056124 0.00386310
v 0.00078451 0.00054932 0.00386205
v 0.00080988 0.00051118 0.00385884
v 0.00082941 0.00047886 0.00385625
v 0.00083986 0.00046027 0.00385479
v 0.00086653 0.00040785 0.00385069
v 0.00073910 0.00060906 0.00386747
v 0.00073365 0.00061561 0.00386810
v 0.00069929 0.00065438 0.00387195
v 0.00067721 0.00067721 0.00387434
v 0.00065679 0.00069703 0.00387650
v 0.00061561 0.00073365 0.00388073
v 0.00061179 0.00073684 0.00388111
v 0.00056470 0.00077352 0.00388574
v 0.00054932 0.00078452 0.00388721
v 0.00051527 0.00080729 0.00389041
v 0.00047886 0.00082941 0.00389375
v 0.00035634 0.00088896 0.00390439
v 0.00040475 0.00086799 0.00390029
v 0.00041087 0.00086510 0.00389976
v 0.00046392 0.00083785 0.00389509
v 0.00032756 0.00089996 0.00390677
v 0.00030054 0.00090934 0.00390897
v 0.00024788 0.00092508 0.00391316
v 0.00024370 0.00092619 0.00391349
v 0.00018604 0.00093947 0.00391792
v 0.00016631 0.00094317 0.00391940
v 0.00012780 0.00094915 0.00392225
v 0.00008347 0.00095407 0.00392545
v 0.00006920 0.00095521 0.00392646
v 0.00001046 0.00095766 0.00393054
v -0.00000000 0.00095772 0.00393125
v -0.00004885 0.00095647 0.00393461
v -0.00008347 0.00095407 0.00393705
v -0.00010914 0.00095148 0.00393890
v -0.00016631 0.00094317 0.00394310
v -0.00016891 0.00094270 0.00394329
v -0.00022790 0.00093021 0.00394778
v -0.00024788 0.00092508 0.00394934
v -0.00028331 0.00091485 0.00395214
v -0.00032756 0.00089996 0.00395573
v -0.00034010 0.00089530 0.00395676
v -0.00039546 0.00087226 0.00396142
v -0.00040475 0.00086799 0.00396221
v -0.00044917 0.00084585 0.00396609
v -0.00047886 0.00082941 0.00396875
v -0.00050103 0.00081620 0.00397077
v -0.00055085 0.00078345 0.00397543
v -0.00059844 0.00074772 0.00398006
v -0.00054932 0.00078452 0.00397529
v -0.00061561 0.00073365 0.00398177
v -0.00064363 0.00070920 0.00398463
v -0.00067721 0.00067721 0.00398816
v -0.00068627 0.00066803 0.00398914
v -0.00072619 0.00062439 0.00399355
v -0.00073365 0.00061561 0.00399440
v 0.00094317 0.00016631 0.00383177
v 0.00094953 0.00012498 0.00382854
v 0.00095407 0.00008347 0.00382529
v 0.00095546 0.00006573 0.00382390
v 0.00095770 0.00000617 0.00381923
v 0.00095772 0.00000064 0.00381880
v 0.00095772 0.00000000 0.00381875
v 0.00095589 -0.00005912 0.00381412
v 0.00095407 -0.00008347 0.00381221
v 0.00095032 -0.00011876 0.00380945
v 0.00094317 -0.00016631 0.00380573
v 0.00094102 -0.00017804 0.00380481
v 0.00092799 -0.00023674 0.00380021
v 0.00092508 -0.00024787 0.00379934
v 0.00091128 -0.00029461 0.00379568
v 0.00089996 -0.00032756 0.00379310
v 0.00089091 -0.00035142 0.00379123
v 0.00086799 -0.00040475 0.00378705
v 0.00086696 -0.00040694 0.00378688
v 0.00083970 -0.00046058 0.00378268
v 0.00082941 -0.00047886 0.00378125
v 0.00080983 -0.00051128 0.00377865
v 0.00078451 -0.00054932 0.00377545
v 0.00077689 -0.00056005 0.00377451
v 0.00074095 -0.00060681 0.00377024
v 0.00073365 -0.00061561 0.00376940
v 0.00070211 -0.00065135 0.00376586
v 0.00067721 -0.00067721 0.00376316
v 0.00066051 -0.00069350 0.00376139
v 0.00061629 -0.00073308 0.00375684
v 0.00061561 -0.00073365 0.00375677
v 0.00056952 -0.00076998 0.00375223
v 0.00054932 -0.00078452 0.00375029
v 0.00052054 -0.00080390 0.00374758
v 0.00047886 -0.00082941 0.00374375
v 0.00046945 -0.00083477 0.00374290
v 0.00041643 -0.00086244 0.00373822
v 0.00040475 -0.00086799 0.00373721
v 0.00036168 -0.00088680 0.00373356
v 0.00032756 -0.00089996 0.00373073
v 0.00030541 -0.00090771 0.00372892
v 0.00024783 -0.00092509 0.00372433
v 0.00018916 -0.00093885 0.00371982
v 0.00016631 -0.00094317 0.00371810
v 0.00012963 -0.00094890 0.00371539
v 0.00008347 -0.00095407 0.00371205
v 0.00006948 -0.00095519 0.00371106
v 0.00000963 -0.00095767 0.00370690
v -0.00000000 -0.00095772 0.00370625
v -0.00004913 -0.00095646 0.00370287
v -0.00008347 -0.00095407 0.00370045
v -0.00010781 -0.00095163 0.00369870
v -0.00016620 -0.00094319 0.00369441
v -0.00016631 -0.00094317 0.00369440
v -0.00022414 -0.00093112 0.00369001
v -0.00024788 -0.00092508 0.00368816
v -0.00026104 -0.00092145 0.00368713
v -0.00031759 -0.00090353 0.00368259
v -0.00032756 -0.00089996 0.00368177
v -0.00037303 -0.00088208 0.00367799
v -0.00040475 -0.00086799 0.00367529
v -0.00042713 -0.00085719 0.00367335
v -0.00047886 -0.00082941 0.00366875
v -0.00047969 -0.00082893 0.00366867
v -0.00053048 -0.00079738 0.00366400
v -0.00054932 -0.00078452 0.00366221
v -0.00057929 -0.00076266 0.00365933
v -0.00061561 -0.00073365 0.00365573
v -0.00062592 -0.00072488 0.00365468
v -0.00067017 -0.00068417 0.00365009
v -0.00067721 -0.00067721 0.00364934
v -0.00071186 -0.00064069 0.00364556
v -0.00073365 -0.00061561 0.00364310
v -0.00075080 -0.00059458 0.00364111
v -0.00078452 -0.00054932 0.00363705
v -0.00078682 -0.00054602 0.00363677
v -0.00081954 -0.00049555 0.00363257
v -0.00082941 -0.00047886 0.00363125
v -0.00084842 -0.00044430 0.00362854
v -0.00086799 -0.00040475 0.00362545
v -0.00087411 -0.00039135 0.00362440
v -0.00089673 -0.00033629 0.00362009
v -0.00089996 -0.00032756 0.00361940
v -0.00091577 -0.00028033 0.00361570
v -0.00092508 -0.00024787 0.00361316
v -0.00093135 -0.00022319 0.00361123
v -0.00094317 -0.00016631 0.00360677
v -0.00094338 -0.00016508 0.00360668
v -0.00095181 -0.00010622 0.00360207
v -0.00095407 -0.00008347 0.00360029
v -0.00095657 -0.00004683 0.00359742
v -0.00095772 0.00000000 0.00359375
v -0.00095763 0.00001286 0.00359274
v -0.00095496 0.00007261 0.00358806
v -0.00095407 0.00008347 0.00358721
v -0.00094855 0.00013219 0.00358340
v -0.00094317 0.00016631 0.00358073
v -0.00093840 0.00019137 0.00357876
v -0.00092508 0.00024788 0.00357434
v -0.00092454 0.00024990 0.00357418
v -0.00090699 0.00030755 0.00356967
v -0.00089996 0.00032756 0.00356810
v -0.00088581 0.00036409 0.00356524
v -0.00086799 0.00040475 0.00356205
v -0.00086106 0.00041927 0.00356092
v -0.00083317 0.00047228 0.00355676
v -0.00082941 0.00047886 0.00355625
v -0.00080667 0.00051624 0.00355324
v -0.00078451 0.00054932 0.00355045
v -0.00077343 0.00056482 0.00354909
v -0.00073719 0.00061136 0.00354481
v -0.00073365 0.00061561 0.00354440
v -0.00069807 0.00065568 0.00354042
v -0.00067721 0.00067721 0.00353816
v -0.00065621 0.00069758 0.00353594
v -0.00061561 0.00073365 0.00353177
v -0.00061173 0.00073689 0.00353138
v -0.00056482 0.00077343 0.00352677
v -0.00054932 0.00078452 0.00352529
v -0.00051563 0.00080706 0.00352212
v -0.00047886 0.00082941 0.00351875
v -0.00046434 0.00083762 0.00351744
v -0.00041114 0.00086498 0.00351276
v -0.00040475 0.00086799 0.00351221
v -0.00035623 0.00088900 0.00350810
v -0.00032756 0.00089996 0.00350573
v -0.00029982 0.00090958 0.00350347
v -0.00024788 0.00092508 0.00349934
v -0.00024213 0.00092660 0.00349889
v -0.00018337 0.00094000 0.00349438
v -0.00016631 0.00094317 0.00349310
v -0.00012383 0.00094968 0.00348996
v -0.00008347 0.00095407 0.00348705
v -0.00007196 0.00095501 0.00348624
v -0.00001205 0.00095764 0.00348207
v 0.00000000 0.00095772 0.00348125
v 0.00004672 0.00095658 0.00347804
v 0.00008347 0.00095407 0.00347545
v 0.00010540 0.00095190 0.00347387
v 0.00016381 0.00094360 0.00346959
v 0.00016631 0.00094317 0.00346940
v 0.00022172 0.00093170 0.00346519
v 0.00024788 0.00092508 0.00346316
v 0.00027890 0.00091621 0.00346071
v 0.00032756 0.00089996 0.00345677
v 0.00033512 0.00089717 0.00345615
v 0.00039017 0.00087464 0.00345154
v 0.00040475 0.00086799 0.00345029
v 0.00044381 0.00084868 0.00344688
v 0.00047886 0.00082941 0.00344375
v 0.00049583 0.00081937 0.00344221
v 0.00054602 0.00078682 0.00343753
v 0.00054932 0.00078452 0.00343721
v 0.00059417 0.00075112 0.00343286
v 0.00061561 0.00073365 0.00343073
v 0.00064008 0.00071241 0.00342824
v 0.00067721 0.00067721 0.00342434
v 0.00068343 0.00067092 0.00342367
v 0.00070620 0.00064692 0.00342119
v 0.00073365 0.00061561 0.00341810
v 0.00074553 0.00060117 0.00341673
v 0.00078197 0.00055294 0.00341237
v 0.00078452 0.00054932 0.00341205
v 0.00081522 0.00050264 0.00340814
v 0.00082941 0.00047886 0.00340625
v 0.00084458 0.00045156 0.00340411
v 0.00086799 0.00040475 0.00340045
v 0.00087072 0.00039884 0.00339998
v 0.00089361 0.00034451 0.00339573
v 0.00089996 0.00032756 0.00339440
v 0.00091315 0.00028875 0.00339136
v 0.00092508 0.00024787 0.00338816
v 0.00092925 0.00023177 0.00338690
v 0.00094182 0.00017379 0.00338236
v 0.00094317 0.00016631 0.00338177
v 0.00095078 0.00011502 0.00337776
v 0.00095407 0.00008347 0.00337529
v 0.00095610 0.00005570 0.00337311
v 0.00095772 -0.00000000 0.00336875
v 0.00095771 -0.00000396 0.00336844
v 0.00095559 -0.00006372 0.00336376
v 0.00095407 -0.00008347 0.00336221
v 0.00094974 -0.00012334 0.00335909
v 0.00094317 -0.00016631 0.00335573
v 0.00094021 -0.00018226 0.00335448
v 0.00092692 -0.00024091 0.00334988
v 0.00092508 -0.00024787 0.00334934
v 0.00090994 -0.00029871 0.00334536
v 0.00089996 -0.00032756 0.00334310
v 0.00088932 -0.00035544 0.00334092
v 0.00086799 -0.00040475 0.00333705
v 0.00086512 -0.00041085 0.00333658
v 0.00083765 -0.00046429 0.00333239
v 0.00082941 -0.00047886 0.00333125
v 0.00080757 -0.00051482 0.00332836
v 0.00078451 -0.00054932 0.00332545
v 0.00077442 -0.00056346 0.00332421
v 0.00073827 -0.00061006 0.00331993
v 0.00073365 -0.00061561 0.00331940
v 0.00069923 -0.00065445 0.00331555
v 0.00067721 -0.00067721 0.00331316
v 0.00065744 -0.00069642 0.00331107
v 0.00061561 -0.00073365 0.00330677
v 0.00061304 -0.00073580 0.00330652
v 0.00056619 -0.00077243 0.00330190
v 0.00054932 -0.00078452 0.00330029
v 0.00051706 -0.00080614 0.00329725
v 0.00047886 -0.00082941 0.00329375
v 0.00046584 -0.00083679 0.00329258
v 0.00042055 -0.00086044 0.00328858
v 0.00040475 -0.00086799 0.00328721
v 0.00036592 -0.00088505 0.00328391
v 0.00032756 -0.00089996 0.00328073
v 0.00030976 -0.00090624 0.00327927
v 0.00025227 -0.00092389 0.00327468
v 0.00024788 -0.00092508 0.00327434
v 0.00019368 -0.00093793 0.00327016
v 0.00016631 -0.00094317 0.00326810
v 0.00013421 -0.00094827 0.00326572
v 0.00008347 -0.00095407 0.00326205
v 0.00007410 -0.00095485 0.00326139
v 0.00001414 -0.00095761 0.00325721
v -0.00000000 -0.00095772 0.00325625
v -0.00004465 -0.00095668 0.00325318
v -0.00008347 -0.00095407 0.00325045
v -0.00010334 -0.00095213 0.00324902
v -0.00016176 -0.00094396 0.00324474
v -0.00016631 -0.00094317 0.00324440
v -0.00021969 -0.00093218 0.00324035
v -0.00024788 -0.00092508 0.00323816
v -0.00027689 -0.00091682 0.00323587
v -0.00032756 -0.00089996 0.00323177
v -0.00033316 -0.00089790 0.00323131
v -0.00038825 -0.00087549 0.00322670
v -0.00040475 -0.00086799 0.00322529
v -0.00041162 -0.00086475 0.00322469
v -0.00046465 -0.00083745 0.00322003
v -0.00047886 -0.00082941 0.00321875
v -0.00051597 -0.00080684 0.00321535
v -0.00054932 -0.00078452 0.00321221
v -0.00056538 -0.00077303 0.00321067
v -0.00061266 -0.00073612 0.00320602
v -0.00061561 -0.00073365 0.00320573
v -0.00065762 -0.00069625 0.00320141
v -0.00067721 -0.00067721 0.00319934
v -0.00070007 -0.00065355 0.00319686
v -0.00073365 -0.00061561 0.00319310
v -0.00073982 -0.00060818 0.00319239
v -0.00077671 -0.00056031 0.00318801
v -0.00078451 -0.00054932 0.00318705
v -0.00081049 -0.00051023 0.00318376
v -0.00082941 -0.00047886 0.00318125
v -0.00084040 -0.00045930 0.00317972
v -0.00086700 -0.00040685 0.00317561
v -0.00086799 -0.00040475 0.00317545
v -0.00089039 -0.00035274 0.00317137
v -0.00089996 -0.00032756 0.00316940
v -0.00091044 -0.00029718 0.00316702
v -0.00092508 -0.00024787 0.00316316
v -0.00092706 -0.00024037 0.00316257
v -0.00094021 -0.00018226 0.00315802
v -0.00094317 -0.00016631 0.00315677
v -0.00094971 -0.00012360 0.00315343
v -0.00095407 -0.00008347 0.00315029
v -0.00095555 -0.00006434 0.00314879
v -0.00095770 -0.00000471 0.00314412
v -0.00095772 -0.00000000 0.00314375
v -0.00095613 0.00005504 0.00313944
v -0.00095407 0.00008347 0.00313721
v -0.00095082 0.00011470 0.00313477
v -0.00094317 0.00016631 0.00313073
v -0.00094177 0.00017402 0.00313012
v -0.00092900 0.00023276 0.00312552
v -0.00092508 0.00024787 0.00312434
v -0.00091253 0.00029069 0.00312099
v -0.00089996 0.00032756 0.00311810
v -0.00089242 0.00034758 0.00311653
v -0.00086871 0.00040319 0.00311218
v -0.00086799 0.00040475 0.00311205
v -0.00084164 0.00045702 0.00310796
v -0.00082941 0.00047886 0.00310625
v -0.00081196 0.00050788 0.00310393
v -0.00078452 0.00054932 0.00310045
v -0.00077924 0.00055679 0.00309980
v -0.00074343 0.00060377 0.00309553
v -0.00073365 0.00061561 0.00309440
v -0.00072250 0.00062867 0.00309313
v -0.00068230 0.00067207 0.00308871
v -0.00067721 0.00067721 0.00308816
v -0.00063942 0.00071300 0.00308420
v -0.00061561 0.00073365 0.00308177
v -0.00059399 0.00075127 0.00307962
v -0.00054932 0.00078452 0.00307529
v -0.00054617 0.00078671 0.00307499
v -0.00049615 0.00081918 0.00307032
v -0.00047886 0.00082941 0.00306875
v -0.00044411 0.00084852 0.00306564
v -0.00040475 0.00086799 0.00306221
v -0.00039023 0.00087461 0.00306097
v -0.00033472 0.00089732 0.00305632
v -0.00032756 0.00089996 0.00305573
v -0.00027779 0.00091654 0.00305170
v -0.00024788 0.00092508 0.00304934
v -0.00021966 0.00093219 0.00304715
v -0.00016631 0.00094317 0.00304310
v -0.00016055 0.00094416 0.00304267
v -0.00010069 0.00095241 0.00303829
v -0.00008347 0.00095407 0.00303705
v -0.00004040 0.00095686 0.00303402
v -0.00000000 0.00095772 0.00303125
v 0.00001876 0.00095753 0.00302997
v 0.00007125 0.00095506 0.00302631
v 0.00008347 0.00095407 0.00302545
v 0.00012985 0.00094887 0.00302210
v 0.00016631 0.00094317 0.00301940
v 0.00018808 0.00093907 0.00301776
v 0.00024571 0.00092566 0.00301333
v 0.00024788 0.00092508 0.00301316
v 0.00030251 0.00090868 0.00300881
v 0.00032756 0.00089996 0.00300677
v 0.00035827 0.00088818 0.00300423
v 0.00040475 0.00086799 0.00300029
v 0.00041276 0.00086421 0.00299960
v 0.00046575 0.00083684 0.00299493
v 0.00047886 0.00082941 0.00299375
v 0.00051703 0.00080616 0.00299025
v 0.00054932 0.00078452 0.00298721
v 0.00056640 0.00077228 0.00298558
v 0.00061363 0.00073531 0.00298093
v 0.00061561 0.00073365 0.00298073
v 0.00065854 0.00069537 0.00297632
v 0.00067721 0.00067721 0.00297434
v 0.00070093 0.00065262 0.00297177
v 0.00073365 0.00061561 0.00296810
v 0.00074063 0.00060720 0.00296730
v 0.00077745 0.00055928 0.00296292
v 0.00078451 0.00054932 0.00296205
v 0.00081079 0.00050974 0.00295872
v 0.00082941 0.00047886 0.00295625
v 0.00084067 0.00045880 0.00295468
v 0.00086724 0.00040634 0.00295057
v 0.00086799 0.00040475 0.00295045
v 0.00089060 0.00035222 0.00294633
v 0.00089996 0.00032756 0.00294440
v 0.00091062 0.00029664 0.00294198
v 0.00092508 0.00024787 0.00293816
v 0.00092720 0.00023982 0.00293753
v 0.00094027 0.00018197 0.00293300
v 0.00094317 0.00016631 0.00293177
v 0.00094975 0.00012330 0.00292841
v 0.00095407 0.00008347 0.00292529
v 0.00095557 0.00006404 0.00292376
v 0.00095771 0.00000441 0.00291910
v 0.00095772 0.00000000 0.00291875
v 0.00095612 -0.00005534 0.00291442
v 0.00095407 -0.00008347 0.00291221
v 0.00095079 -0.00011500 0.00290974
v 0.00094317 -0.00016631 0.00290573
v 0.00094172 -0.00017431 0.00290510
v 0.00092893 -0.00023305 0.00290050
v 0.00092508 -0.00024787 0.00289934
v 0.00091248 -0.00029086 0.00289597
v 0.00089996 -0.00032756 0.00289310
v 0.00089939 -0.00032911 0.00289298
v 0.00087685 -0.00038517 0.00288859
v 0.00086799 -0.00040475 0.00288705
v 0.00085079 -0.00043975 0.00288431
v 0.00082941 -0.00047886 0.00288125
v 0.00082199 -0.00049149 0.00288025
v 0.00079028 -0.00054100 0.00287616
v 0.00078452 -0.00054932 0.00287545
v 0.00075551 -0.00058858 0.00287194
v 0.00073365 -0.00061561 0.00286940
v 0.00071780 -0.00063402 0.00286761
v 0.00067727 -0.00067714 0.00286317
v 0.00063407 -0.00071775 0.00285865
v 0.00061561 -0.00073365 0.00285677
v 0.00058835 -0.00075569 0.00285406
v 0.00054932 -0.00078452 0.00285029
v 0.00054026 -0.00079078 0.00284943
v 0.00048999 -0.00082288 0.00284476
v 0.00047886 -0.00082941 0.00284375
v 0.00043771 -0.00085184 0.00284008
v 0.00040475 -0.00086799 0.00283721
v 0.00038362 -0.00087753 0.00283541
v 0.00032793 -0.00089982 0.00283076
v 0.00032756 -0.00089996 0.00283073
v 0.00027124 -0.00091850 0.00282618
v 0.00024788 -0.00092508 0.00282434
v 0.00021298 -0.00093373 0.00282163
v 0.00016631 -0.00094317 0.00281810
v 0.00015377 -0.00094529 0.00281717
v 0.00009384 -0.00095311 0.00281279
v 0.00008347 -0.00095407 0.00281205
v 0.00003360 -0.00095713 0.00280855
v 0.00000000 -0.00095772 0.00280625
v -0.00002541 -0.00095738 0.00280451
v -0.00008347 -0.00095407 0.00280045
v -0.00008413 -0.00095401 0.00280040
v -0.00014267 -0.00094703 0.00279616
v -0.00016631 -0.00094317 0.00279440
v -0.00020078 -0.00093643 0.00279180
v -0.00024788 -0.00092508 0.00278816
v -0.00025825 -0.00092224 0.00278735
v -0.00031485 -0.00090448 0.00278281
v -0.00032756 -0.00089996 0.00278177
v -0.00037035 -0.00088321 0.00277822
v -0.00040475 -0.00086799 0.00277529
v -0.00042452 -0.00085849 0.00277357
v -0.00047716 -0.00083039 0.00276890
v -0.00047886 -0.00082941 0.00276875
v -0.00052798 -0.00079903 0.00276423
v -0.00054932 -0.00078452 0.00276221
v -0.00055575 -0.00077998 0.00276160
v -0.00060347 -0.00074367 0.00275694
v -0.00061561 -0.00073365 0.00275573
v -0.00064890 -0.00070438 0.00275232
v -0.00067721 -0.00067721 0.00274934
v -0.00069186 -0.00066223 0.00274776
v -0.00073217 -0.00061738 0.00274327
v -0.00073365 -0.00061561 0.00274310
v -0.00076963 -0.00056999 0.00273887
v -0.00078451 -0.00054932 0.00273705
v -0.00080408 -0.00052026 0.00273459
v -0.00082941 -0.00047886 0.00273125
v -0.00083475 -0.00046949 0.00273052
v -0.00086198 -0.00041738 0.00272644
v -0.00086799 -0.00040475 0.00272545
v -0.00088601 -0.00036359 0.00272222
v -0.00089996 -0.00032756 0.00271940
v -0.00090674 -0.00030830 0.00271789
v -0.00092404 -0.00025173 0.00271346
v -0.00092508 -0.00024788 0.00271316
v -0.00093785 -0.00019407 0.00270895
v -0.00094317 -0.00016631 0.00270677
v -0.00094808 -0.00013555 0.00270437
v -0.00095407 -0.00008347 0.00270029
v -0.00095466 -0.00007639 0.00269973
v -0.00095757 -0.00001682 0.00269507
v -0.00095772 -0.00000000 0.00269375
v -0.00095675 0.00004293 0.00269039
v -0.00095407 0.00008347 0.00268721
v -0.00095220 0.00010262 0.00268571
v -0.00094391 0.00016203 0.00268106
v -0.00094317 0.00016631 0.00268073
v -0.00093189 0.00022091 0.00267645
v -0.00092508 0.00024787 0.00267434
v -0.00091617 0.00027903 0.00267190
v -0.00089996 0.00032756 0.00266810
v -0.00089679 0.00033615 0.00266743
v -0.00087380 0.00039203 0.00266305
v -0.00086799 0.00040475 0.00266205
v -0.00084734 0.00044635 0.00265880
v -0.00082941 0.00047886 0.00265625
v -0.00081822 0.00049774 0.00265475
v -0.00078612 0.00054703 0.00265065
v -0.00078452 0.00054932 0.00265045
v -0.00075098 0.00059435 0.00264641
v -0.00073365 0.00061561 0.00264440
v -0.00071291 0.00063951 0.00264206
v -0.00067721 0.00067721 0.00263816
v -0.00067205 0.00068233 0.00263761
v -0.00062849 0.00072265 0.00263308
v -0.00061561 0.00073365 0.00263177
v -0.00060649 0.00074121 0.00263086
v -0.00055930 0.00077743 0.00262624
v -0.00054932 0.00078452 0.00262529
v -0.00050986 0.00081072 0.00262158
v -0.00047886 0.00082941 0.00261875
v -0.00045834 0.00084092 0.00261691
v -0.00040494 0.00086790 0.00261223
v -0.00040475 0.00086799 0.00261221
v -0.00034985 0.00089153 0.00260757
v -0.00032756 0.00089996 0.00260573
v -0.00029328 0.00091171 0.00260294
v -0.00024788 0.00092508 0.00259934
v -0.00023545 0.00092832 0.00259837
v -0.00017658 0.00094130 0.00259387
v -0.00016631 0.00094317 0.00259310
v -0.00011690 0.00095056 0.00258946
v -0.00008347 0.00095407 0.00258705
v -0.00005665 0.00095604 0.00258516
v -0.00000000 0.00095772 0.00258125
v 0.00000286 0.00095771 0.00258106
v 0.00006160 0.00095573 0.00257699
v 0.00008347 0.00095407 0.00257545
v 0.00012023 0.00095014 0.00257280
v 0.00016631 0.00094317 0.00256940
v 0.00017854 0.00094093 0.00256848
v 0.00023667 0.00092801 0.00256404
v 0.00024788 0.00092508 0.00256316
v 0.00029362 0.00091160 0.00255953
v 0.00032756 0.00089996 0.00255677
v 0.00034956 0.00089164 0.00255496
v 0.00040426 0.00086821 0.00255033
v 0.00040475 0.00086799 0.00255029
v 0.00045750 0.00084138 0.00254567
v 0.00047886 0.00082941 0.00254375
v 0.00050907 0.00081121 0.00254099
v 0.00054932 0.00078452 0.00253721
v 0.00055875 0.00077783 0.00253631
v 0.00060633 0.00074134 0.00253166
v 0.00061561 0.00073365 0.00253073
v 0.00065162 0.00070186 0.00252704
v 0.00067721 0.00067721 0.00252434
v 0.00069442 0.00065954 0.00252248
v 0.00073365 0.00061561 0.00251810
v 0.00073456 0.00061453 0.00251799
v 0.00077184 0.00056699 0.00251360
v 0.00078451 0.00054932 0.00251205
v 0.00080609 0.00051714 0.00250933
v 0.00082941 0.00047886 0.00250625
v 0.00083652 0.00046633 0.00250527
v 0.00086361 0.00041400 0.00250117
v 0.00086799 0.00040475 0.00250045
v 0.00087766 0.00038333 0.00249877
v 0.00089959 0.00032856 0.00249448
v 0.00089996 0.00032756 0.00249440
v 0.00091815 0.00027243 0.00249008
v 0.00092508 0.00024787 0.00248816
v 0.00093324 0.00021514 0.00248560
v 0.00094317 0.00016631 0.00248177
v 0.00094478 0.00015691 0.00248104
v 0.00095269 0.00009796 0.00247642
v 0.00095407 0.00008347 0.00247529
v 0.00095694 0.00003851 0.00247177
v 0.00095772 -0.00000000 0.00246875
v 0.00095748 -0.00002120 0.00246709
v 0.00095429 -0.00008094 0.00246241
v 0.00095407 -0.00008347 0.00246221
v 0.00094736 -0.00014048 0.00245775
v 0.00094317 -0.00016631 0.00245573
v 0.00093669 -0.00019958 0.00245312
v 0.00092508 -0.00024787 0.00244934
v 0.00092231 -0.00025800 0.00244855
v 0.00090425 -0.00031551 0.00244404
v 0.00089996 -0.00032756 0.00244310
v 0.00088257 -0.00037187 0.00243963
v 0.00086799 -0.00040475 0.00243705
v 0.00085733 -0.00042685 0.00243532
v 0.00082941 -0.00047886 0.00243125
v 0.00082904 -0.00047950 0.00243120
v 0.00079807 -0.00052945 0.00242714
v 0.00078451 -0.00054932 0.00242545
v 0.00076401 -0.00057750 0.00242295
v 0.00073365 -0.00061561 0.00241940
v 0.00072699 -0.00062346 0.00241864
v 0.00068712 -0.00066715 0.00241423
v 0.00067721 -0.00067721 0.00241316
v 0.00064454 -0.00070837 0.00240973
v 0.00061561 -0.00073365 0.00240677
v 0.00059940 -0.00074696 0.00240515
v 0.00055185 -0.00078274 0.00240053
v 0.00054932 -0.00078452 0.00240029
v 0.00050208 -0.00081556 0.00239587
v 0.00047886 -0.00082941 0.00239375
v 0.00045026 -0.00084527 0.00239119
v 0.00040475 -0.00086799 0.00238721
v 0.00039659 -0.00087175 0.00238651
v 0.00034126 -0.00089486 0.00238186
v 0.00032756 -0.00089996 0.00238073
v 0.00028448 -0.00091449 0.00237724
v 0.00024788 -0.00092508 0.00237434
v 0.00022648 -0.00093055 0.00237267
v 0.00016758 -0.00094294 0.00236819
v 0.00016631 -0.00094317 0.00236810
v 0.00012277 -0.00094981 0.00236489
v 0.00008347 -0.00095407 0.00236205
v 0.00006257 -0.00095567 0.00236057
v 0.00000289 -0.00095771 0.00235645
v -0.00000000 -0.00095772 0.00235625
v -0.00005585 -0.00095609 0.00235240
v -0.00008347 -0.00095407 0.00235045
v -0.00011450 -0.00095085 0.00234822
v -0.00016631 -0.00094317 0.00234440
v -0.00017285 -0.00094199 0.00234391
v -0.00023066 -0.00092953 0.00233950
v -0.00024788 -0.00092508 0.00233816
v -0.00028770 -0.00091348 0.00233501
v -0.00032756 -0.00089996 0.00233177
v -0.00034376 -0.00089390 0.00233044
v -0.00039860 -0.00087083 0.00232582
v -0.00040475 -0.00086799 0.00232529
v -0.00045200 -0.00084434 0.00232116
v -0.00047886 -0.00082941 0.00231875
v -0.00050376 -0.00081453 0.00231648
v -0.00054932 -0.00078452 0.00231221
v -0.00055364 -0.00078147 0.00231180
v -0.00060145 -0.00074530 0.00230714
v -0.00061561 -0.00073365 0.00230573
v -0.00064699 -0.00070613 0.00230252
v -0.00067721 -0.00067721 0.00229934
v -0.00068973 -0.00066445 0.00229799
v -0.00073017 -0.00061973 0.00229350
v -0.00073365 -0.00061561 0.00229310
v -0.00076779 -0.00057247 0.00228909
v -0.00078451 -0.00054932 0.00228705
v -0.00080240 -0.00052285 0.00228480
v -0.00082941 -0.00047886 0.00228125
v -0.00083327 -0.00047211 0.00228072
v -0.00086066 -0.00042009 0.00227665
v -0.00086799 -0.00040475 0.00227545
v -0.00088486 -0.00036638 0.00227244
v -0.00089996 -0.00032756 0.00226940
v -0.00090576 -0.00031117 0.00226812
v -0.00092324 -0.00025465 0.00226369
v -0.00092508 -0.00024787 0.00226316
v -0.00093723 -0.00019704 0.00225918
v -0.00094317 -0.00016631 0.00225677
v -0.00094764 -0.00013857 0.00225460
v -0.00095407 -0.00008347 0.00225029
v -0.00095442 -0.00007943 0.00224997
v -0.00095751 -0.00001988 0.00224531
v -0.00095772 -0.00000000 0.00224375
v -0.00095689 0.00003986 0.00224063
v -0.00095407 0.00008347 0.00223721
v -0.00095253 0.00009957 0.00223595
v -0.00094447 0.00015871 0.00223132
v -0.00094317 0.00016631 0.00223073
v -0.00093266 0.00021763 0.00222671
v -0.00092508 0.00024787 0.00222434
v -0.00091715 0.00027580 0.00222215
v -0.00089996 0.00032756 0.00221810
v -0.00089797 0.00033298 0.00221767
v -0.00087518 0.00038894 0.00221329
v -0.00086799 0.00040475 0.00221205
v -0.00084890 0.00044338 0.00220903
v -0.00082941 0.00047886 0.00220625
v -0.00081992 0.00049492 0.00220498
v -0.00078800 0.00054431 0.00220088
v -0.00078452 0.00054932 0.00220045
v -0.00075303 0.00059175 0.00219665
v -0.00073365 0.00061561 0.00219440
v -0.00071512 0.00063704 0.00219231
v -0.00067721 0.00067721 0.00218816
v -0.00067441 0.00067999 0.00218786
v -0.00063103 0.00072043 0.00218334
v -0.00061561 0.00073365 0.00218177
v -0.00058514 0.00075818 0.00217875
v -0.00054932 0.00078452 0.00217529
v -0.00053690 0.00079307 0.00217411
v -0.00048648 0.00082496 0.00216944
v -0.00047886 0.00082941 0.00216875
v -0.00043417 0.00085365 0.00216477
v -0.00040475 0.00086799 0.00216221
v -0.00037997 0.00087911 0.00216010
v -0.00032756 0.00089996 0.00215573
v -0.00032418 0.00090118 0.00215545
v -0.00026701 0.00091974 0.00215085
v -0.00024788 0.00092508 0.00214934
v -0.00020868 0.00093471 0.00214630
v -0.00016631 0.00094317 0.00214310
v -0.00014941 0.00094599 0.00214184
v -0.00008944 0.00095353 0.00213748
v -0.00008347 0.00095407 0.00213705
v -0.00002923 0.00095727 0.00213325
v 0.00000000 0.00095772 0.00213125
v 0.00002971 0.00095726 0.00212922
v 0.00008347 0.00095407 0.00212545
v 0.00008843 0.00095363 0.00212509
v 0.00014694 0.00094638 0.00212084
v 0.00016631 0.00094317 0.00211940
v 0.00020549 0.00093541 0.00211644
v 0.00024788 0.00092508 0.00211316
v 0.00026289 0.00092093 0.00211198
v 0.00031941 0.00090288 0.00210744
v 0.00032756 0.00089996 0.00210677
v 0.00037481 0.00088133 0.00210284
v 0.00040475 0.00086799 0.00210029
v 0.00042887 0.00085633 0.00209819
v 0.00047886 0.00082941 0.00209375
v 0.00048137 0.00082795 0.00209352
v 0.00053210 0.00079630 0.00208884
v 0.00054932 0.00078452 0.00208721
v 0.00058084 0.00076148 0.00208417
v 0.00061561 0.00073365 0.00208073
v 0.00062740 0.00072360 0.00207953
v 0.00067157 0.00068280 0.00207494
v 0.00067721 0.00067721 0.00207434
v 0.00071312 0.00063928 0.00207042
v 0.00073365 0.00061561 0.00206810
v 0.00074565 0.00060102 0.00206671
v 0.00078208 0.00055278 0.00206235
v 0.00078452 0.00054932 0.00206205
v 0.00081532 0.00050247 0.00205813
v 0.00082941 0.00047886 0.00205625
v 0.00084467 0.00045139 0.00205410
v 0.00086799 0.00040475 0.00205045
v 0.00087079 0.00039867 0.00204997
v 0.00089368 0.00034433 0.00204571
v 0.00089996 0.00032756 0.00204440
v 0.00091321 0.00028857 0.00204135
v 0.00092508 0.00024787 0.00203816
v 0.00092929 0.00023159 0.00203689
v 0.00094185 0.00017360 0.00203234
v 0.00094317 0.00016631 0.00203177
v 0.00095081 0.00011483 0.00202774
v 0.00095407 0.00008347 0.00202529
v 0.00095611 0.00005550 0.00202310
v 0.00095772 -0.00000000 0.00201875
v 0.00095771 -0.00000412 0.00201843
v 0.00095558 -0.00006388 0.00201375
v 0.00095407 -0.00008347 0.00201221
v 0.00094972 -0.00012350 0.00200908
v 0.00094317 -0.00016631 0.00200573
v 0.00094012 -0.00018275 0.00200444
v 0.00092680 -0.00024138 0.00199985
v 0.00092508 -0.00024787 0.00199934
v 0.00090979 -0.00029918 0.00199532
v 0.00089996 -0.00032756 0.00199310
v 0.00088913 -0.00035589 0.00199088
v 0.00086799 -0.00040475 0.00198705
v 0.00086490 -0.00041129 0.00198654
v 0.00083742 -0.00046471 0.00198236
v 0.00082941 -0.00047886 0.00198125
v 0.00080732 -0.00051523 0.00197833
v 0.00078451 -0.00054932 0.00197545
v 0.00077414 -0.00056385 0.00197417
v 0.00073763 -0.00061084 0.00196986
v 0.00073365 -0.00061561 0.00196940
v 0.00069854 -0.00065518 0.00196547
v 0.00067721 -0.00067721 0.00196316
v 0.00065670 -0.00069711 0.00196099
v 0.00061561 -0.00073365 0.00195677
v 0.00061226 -0.00073645 0.00195644
v 0.00056537 -0.00077303 0.00195182
v 0.00054932 -0.00078452 0.00195029
v 0.00051620 -0.00080669 0.00194717
v 0.00047886 -0.00082941 0.00194375
v 0.00046494 -0.00083729 0.00194250
v 0.00041176 -0.00086468 0.00193782
v 0.00040475 -0.00086799 0.00193721
v 0.00035703 -0.00088868 0.00193317
v 0.00034957 -0.00089164 0.00193254
v 0.00032756 -0.00089996 0.00193073
v 0.00029299 -0.00091180 0.00192792
v 0.00024788 -0.00092508 0.00192434
v 0.00023516 -0.00092840 0.00192335
v 0.00017628 -0.00094135 0.00191885
v 0.00016631 -0.00094317 0.00191810
v 0.00011660 -0.00095059 0.00191444
v 0.00008347 -0.00095407 0.00191205
v 0.00005634 -0.00095606 0.00191014
v 0.00000000 -0.00095772 0.00190625
v -0.00000316 -0.00095771 0.00190604
v -0.00006190 -0.00095571 0.00190197
v -0.00008347 -0.00095407 0.00190045
v -0.00012076 -0.00095007 0.00189776
v -0.00013229 -0.00094854 0.00189692
v -0.00016631 -0.00094317 0.00189440
v -0.00019050 -0.00093858 0.00189258
v -0.00024788 -0.00092508 0.00188816
v -0.00024810 -0.00092502 0.00188814
v -0.00030487 -0.00090790 0.00188362
v -0.00032756 -0.00089996 0.00188177
v -0.00036058 -0.00088725 0.00187904
v -0.00040475 -0.00086799 0.00187529
v -0.00041500 -0.00086313 0.00187440
v -0.00046793 -0.00083562 0.00186973
v -0.00047886 -0.00082941 0.00186875
v -0.00051914 -0.00080481 0.00186506
v -0.00054932 -0.00078452 0.00186221
v -0.00056841 -0.00077080 0.00186038
v -0.00061533 -0.00073389 0.00185575
v -0.00061561 -0.00073365 0.00185573
v -0.00066015 -0.00069385 0.00185115
v -0.00067721 -0.00067721 0.00184934
v -0.00070245 -0.00065099 0.00184660
v -0.00073365 -0.00061561 0.00184310
v -0.00074204 -0.00060547 0.00184213
v -0.00077875 -0.00055746 0.00183776
v -0.00078451 -0.00054932 0.00183705
v -0.00081233 -0.00050729 0.00183352
v -0.00082941 -0.00047886 0.00183125
v -0.00084202 -0.00045631 0.00182948
v -0.00086799 -0.00040475 0.00182545
v -0.00086847 -0.00040370 0.00182536
v -0.00088733 -0.00036037 0.00182197
v -0.00089996 -0.00032756 0.00181940
v -0.00090785 -0.00030500 0.00181763
v -0.00092495 -0.00024835 0.00181320
v -0.00092508 -0.00024788 0.00181316
v -0.00093855 -0.00019064 0.00180868
v -0.00094317 -0.00016631 0.00180677
v -0.00094857 -0.00013208 0.00180409
v -0.00095407 -0.00008347 0.00180029
v -0.00095494 -0.00007289 0.00179946
v -0.00095762 -0.00001330 0.00179479
v -0.00095772 -0.00000000 0.00179375
v -0.00095659 0.00004645 0.00179011
v -0.00095407 0.00008347 0.00178721
v -0.00095182 0.00010613 0.00178544
v -0.00094336 0.00016521 0.00178081
v -0.00094317 0.00016631 0.00178073
v -0.00093114 0.00022406 0.00177620
v -0.00092508 0.00024787 0.00177434
v -0.00091522 0.00028213 0.00177166
v -0.00089996 0.00032756 0.00176810
v -0.00089564 0.00033919 0.00176719
v -0.00087246 0.00039500 0.00176282
v -0.00086799 0.00040475 0.00176205
v -0.00084584 0.00044920 0.00175857
v -0.00082941 0.00047886 0.00175625
v -0.00081657 0.00050044 0.00175453
v -0.00078452 0.00054932 0.00175045
v -0.00078429 0.00054965 0.00175042
v -0.00075258 0.00059232 0.00174660
v -0.00073365 0.00061561 0.00174440
v -0.00071464 0.00063758 0.00174225
v -0.00067721 0.00067721 0.00173816
v -0.00067389 0.00068051 0.00173781
v -0.00063048 0.00072091 0.00173328
v -0.00061561 0.00073365 0.00173177
v -0.00058456 0.00075862 0.00172869
v -0.00054932 0.00078452 0.00172529
v -0.00053629 0.00079348 0.00172405
v -0.00048585 0.00082533 0.00171938
v -0.00047886 0.00082941 0.00171875
v -0.00043342 0.00085403 0.00171470
v -0.00040475 0.00086799 0.00171221
v -0.00037919 0.00087945 0.00171003
v -0.00032756 0.00089996 0.00170573
v -0.00032353 0.00090142 0.00170540
v -0.00026634 0.00091994 0.00170079
v -0.00024788 0.00092508 0.00169934
v -0.00020800 0.00093486 0.00169625
v -0.00016631 0.00094317 0.00169310
v -0.00014872 0.00094610 0.00169179
v -0.00008874 0.00095360 0.00168743
v -0.00008347 0.00095407 0.00168705
v -0.00002854 0.00095729 0.00168320
v 0.00000000 0.00095772 0.00168125
v 0.00003039 0.00095723 0.00167917
v 0.00008347 0.00095407 0.00167545
v 0.00008934 0.00095354 0.00167503
v 0.00010444 0.00095200 0.00167394
v 0.00016286 0.00094377 0.00166966
v 0.00016631 0.00094317 0.00166940
v 0.00022077 0.00093192 0.00166527
v 0.00024788 0.00092508 0.00166316
v 0.00027796 0.00091649 0.00166078
v 0.00032756 0.00089996 0.00165677
v 0.00033421 0.00089751 0.00165623
v 0.00038927 0.00087504 0.00165161
v 0.00040475 0.00086799 0.00165029
v 0.00044294 0.00084913 0.00164696
v 0.00047886 0.00082941 0.00164375
v 0.00049499 0.00081988 0.00164228
v 0.00054521 0.00078738 0.00163760
v 0.00054932 0.00078452 0.00163721
v 0.00059320 0.00075189 0.00163296
v 0.00061561 0.00073365 0.00163073
v 0.00063915 0.00071324 0.00162833
v 0.00067721 0.00067721 0.00162434
v 0.00068267 0.00067170 0.00162375
v 0.00072357 0.00062743 0.00161925
v 0.00073365 0.00061561 0.00161810
v 0.00076167 0.00058058 0.00161483
v 0.00078451 0.00054932 0.00161205
v 0.00079681 0.00053134 0.00161052
v 0.00082836 0.00048067 0.00160639
v 0.00082941 0.00047886 0.00160625
v 0.00085628 0.00042897 0.00160234
v 0.00086799 0.00040475 0.00160045
v 0.00088128 0.00037493 0.00159811
v 0.00089996 0.00032756 0.00159440
v 0.00090270 0.00031993 0.00159380
v 0.00092072 0.00026361 0.00158939
v 0.00092508 0.00024787 0.00158816
v 0.00093526 0.00020616 0.00158489
v 0.00094317 0.00016631 0.00158177
v 0.00094624 0.00014780 0.00158032
v 0.00095359 0.00008876 0.00157570
v 0.00095407 0.00008347 0.00157529
v 0.00095727 0.00002926 0.00157104
v 0.00095772 0.00000000 0.00156875
v 0.00095723 -0.00003047 0.00156636
v 0.00095407 -0.00008347 0.00156221
v 0.00095347 -0.00009006 0.00156170
v 0.00095330 -0.00009184 0.00156156
v 0.00094569 -0.00015131 0.00155690
v 0.00094317 -0.00016631 0.00155573
v 0.00093434 -0.00021030 0.00155228
v 0.00092508 -0.00024787 0.00154934
v 0.00091929 -0.00026858 0.00154772
v 0.00090056 -0.00032590 0.00154323
v 0.00089996 -0.00032756 0.00154310
v 0.00087822 -0.00038202 0.00153883
v 0.00086799 -0.00040475 0.00153705
v 0.00085235 -0.00043671 0.00153455
v 0.00082941 -0.00047886 0.00153125
v 0.00082369 -0.00048862 0.00153048
v 0.00079216 -0.00053824 0.00152640
v 0.00078451 -0.00054932 0.00152545
v 0.00075719 -0.00058642 0.00152214
v 0.00073365 -0.00061561 0.00151940
v 0.00071961 -0.00063197 0.00151781
v 0.00067921 -0.00067520 0.00151338
v 0.00067721 -0.00067721 0.00151316
v 0.00063613 -0.00071593 0.00150886
v 0.00061561 -0.00073365 0.00150677
v 0.00059052 -0.00075399 0.00150428
v 0.00054932 -0.00078452 0.00150029
v 0.00054254 -0.00078922 0.00149964
v 0.00049236 -0.00082146 0.00149498
v 0.00047886 -0.00082941 0.00149375
v 0.00044020 -0.00085056 0.00149030
v 0.00040475 -0.00086799 0.00148721
v 0.00039531 -0.00087232 0.00148640
v 0.00033995 -0.00089535 0.00148175
v 0.00032756 -0.00089996 0.00148073
v 0.00028314 -0.00091490 0.00147713
v 0.00024788 -0.00092508 0.00147434
v 0.00022511 -0.00093088 0.00147257
v 0.00016631 -0.00094317 0.00146810
v 0.00016608 -0.00094321 0.00146808
v 0.00010628 -0.00095180 0.00146369
v 0.00008347 -0.00095407 0.00146205
v 0.00004599 -0.00095661 0.00145941
v 0.00000000 -0.00095772 0.00145625
v -0.00001326 -0.00095762 0.00145535
v -0.00007201 -0.00095501 0.00145126
v -0.00008347 -0.00095407 0.00145045
v -0.00012727 -0.00094922 0.00144729
v -0.00016631 -0.00094317 0.00144440
v -0.00018551 -0.00093958 0.00144296
v -0.00024317 -0.00092633 0.00143853
v -0.00024788 -0.00092508 0.00143816
v -0.00030002 -0.00090951 0.00143401
v -0.00032756 -0.00089996 0.00143177
v -0.00035583 -0.00088916 0.00142943
v -0.00040475 -0.00086799 0.00142529
v -0.00041038 -0.00086534 0.00142480
v -0.00046344 -0.00083812 0.00142014
v -0.00047886 -0.00082941 0.00141875
v -0.00051480 -0.00080759 0.00141546
v -0.00054932 -0.00078452 0.00141221
v -0.00056337 -0.00077449 0.00141087
v -0.00061074 -0.00073771 0.00140622
v -0.00061561 -0.00073365 0.00140573
v -0.00065580 -0.00069796 0.00140160
v -0.00067721 -0.00067721 0.00139934
v -0.00069836 -0.00065537 0.00139705
v -0.00073365 -0.00061561 0.00139310
v -0.00073823 -0.00061012 0.00139257
v -0.00077523 -0.00056235 0.00138819
v -0.00078451 -0.00054932 0.00138705
v -0.00080916 -0.00051233 0.00138393
v -0.00082941 -0.00047886 0.00138125
v -0.00083922 -0.00046144 0.00137989
v -0.00086621 -0.00040853 0.00137574
v -0.00086799 -0.00040475 0.00137545
v -0.00088970 -0.00035447 0.00137151
v -0.00089996 -0.00032756 0.00136940
v -0.00090986 -0.00029896 0.00136716
v -0.00092508 -0.00024787 0.00136316
v -0.00092659 -0.00024218 0.00136272
v -0.00093980 -0.00018437 0.00135819
v -0.00094317 -0.00016631 0.00135677
v -0.00094943 -0.00012573 0.00135360
v -0.00095407 -0.00008347 0.00135029
v -0.00095541 -0.00006649 0.00134896
v -0.00095769 -0.00000687 0.00134429
v -0.00095772 -0.00000000 0.00134375
v -0.00095626 0.00005279 0.00133962
v -0.00095556 0.00006423 0.00133872
v -0.00095407 0.00008347 0.00133721
v -0.00094967 0.00012385 0.00133405
v -0.00094317 0.00016631 0.00133073
v -0.00094005 0.00018310 0.00132941
v -0.00092671 0.00024173 0.00132482
v -0.00092508 0.00024787 0.00132434
v -0.00090967 0.00029952 0.00132029
v -0.00089996 0.00032756 0.00131810
v -0.00088900 0.00035623 0.00131585
v -0.00086799 0.00040475 0.00131205
v -0.00086475 0.00041162 0.00131152
v -0.00083725 0.00046502 0.00130733
v -0.00082941 0.00047886 0.00130625
v -0.00080698 0.00051576 0.00130328
v -0.00079985 0.00052675 0.00130237
v -0.00078451 0.00054932 0.00130045
v -0.00076596 0.00057491 0.00129819
v -0.00073365 0.00061561 0.00129440
v -0.00072910 0.00062100 0.00129388
v -0.00068938 0.00066481 0.00128947
v -0.00067721 0.00067721 0.00128816
v -0.00064695 0.00070617 0.00128497
v -0.00061561 0.00073365 0.00128177
v -0.00060194 0.00074491 0.00128041
v -0.00055453 0.00078085 0.00127578
v -0.00054932 0.00078452 0.00127529
v -0.00050487 0.00081383 0.00127112
v -0.00047886 0.00082941 0.00126875
v -0.00045316 0.00084372 0.00126645
v -0.00040475 0.00086799 0.00126221
v -0.00039974 0.00087030 0.00126178
v -0.00034450 0.00089361 0.00125712
v -0.00032756 0.00089996 0.00125573
v -0.00028780 0.00091345 0.00125250
v -0.00024788 0.00092508 0.00124934
v -0.00022986 0.00092972 0.00124794
v -0.00017091 0.00094234 0.00124344
v -0.00016631 0.00094317 0.00124310
v -0.00011116 0.00095124 0.00123904
v -0.00008347 0.00095407 0.00123705
v -0.00005087 0.00095636 0.00123475
v -0.00000000 0.00095772 0.00123125
v 0.00000848 0.00095768 0.00123067
v 0.00006795 0.00095530 0.00122655
v 0.00008347 0.00095407 0.00122545
v 0.00012656 0.00094932 0.00122234
v 0.00016631 0.00094317 0.00121940
v 0.00018481 0.00093972 0.00121801
v 0.00024248 0.00092651 0.00121358
v 0.00024788 0.00092508 0.00121316
v 0.00029934 0.00090973 0.00120907
v 0.00032756 0.00089996 0.00120677
v 0.00035516 0.00088943 0.00120449
v 0.00040475 0.00086799 0.00120029
v 0.00040973 0.00086565 0.00119986
v 0.00046281 0.00083847 0.00119519
v 0.00047886 0.00082941 0.00119375
v 0.00051419 0.00080798 0.00119052
v 0.00054932 0.00078452 0.00118721
v 0.00055941 0.00077735 0.00118625
v 0.00060697 0.00074082 0.00118159
v 0.00061561 0.00073365 0.00118073
v 0.00065222 0.00070130 0.00117698
v 0.00067721 0.00067721 0.00117434
v 0.00069499 0.00065895 0.00117242
v 0.00073365 0.00061561 0.00116810
v 0.00073508 0.00061390 0.00116793
v 0.00077233 0.00056633 0.00116355
v 0.00078451 0.00054932 0.00116205
v 0.00080653 0.00051645 0.00115927
v 0.00082941 0.00047886 0.00115625
v 0.00083690 0.00046563 0.00115521
v 0.00086418 0.00041281 0.00115108
v 0.00086799 0.00040475 0.00115045
v 0.00088793 0.00035888 0.00114685
v 0.00089996 0.00032756 0.00114440
v 0.00090836 0.00030347 0.00114252
v 0.00092508 0.00024788 0.00113816
v 0.00092537 0.00024679 0.00113808
v 0.00093887 0.00018905 0.00113355
v 0.00094317 0.00016631 0.00113177
v 0.00094879 0.00013047 0.00112897
v 0.00095407 0.00008347 0.00112529
v 0.00095506 0.00007127 0.00112433
v 0.00095765 0.00001168 0.00111966
v 0.00095772 0.00000000 0.00111875
v 0.00095663 -0.00004556 0.00111518
v 0.00095407 -0.00008347 0.00111221
v 0.00095192 -0.00010525 0.00111051
v 0.00094346 -0.00016464 0.00110586
v 0.00094317 -0.00016631 0.00110573
v 0.00093128 -0.00022349 0.00110125
v 0.00092508 -0.00024787 0.00109934
v 0.00091539 -0.00028157 0.00109670
v 0.00089996 -0.00032756 0.00109310
v 0.00089585 -0.00033864 0.00109223
v 0.00087271 -0.00039447 0.00108786
v 0.00086799 -0.00040475 0.00108705
v 0.00084611 -0.00044868 0.00108361
v 0.00082941 -0.00047886 0.00108125
v 0.00081685 -0.00049997 0.00107957
v 0.00078741 -0.00054517 0.00107581
v 0.00078452 -0.00054932 0.00107545
v 0.00075238 -0.00059257 0.00107157
v 0.00073365 -0.00061561 0.00106940
v 0.00071443 -0.00063782 0.00106723
v 0.00067721 -0.00067721 0.00106316
v 0.00067367 -0.00068073 0.00106278
v 0.00063024 -0.00072112 0.00105826
v 0.00061561 -0.00073365 0.00105677
v 0.00058431 -0.00075882 0.00105367
v 0.00054932 -0.00078452 0.00105029
v 0.00053602 -0.00079366 0.00104903
v 0.00048560 -0.00082548 0.00104436
v 0.00047886 -0.00082941 0.00104375
v 0.00045187 -0.00084442 0.00104133
v 0.00040475 -0.00086799 0.00103721
v 0.00039825 -0.00087099 0.00103665
v 0.00034296 -0.00089420 0.00103200
v 0.00032756 -0.00089996 0.00103073
v 0.00028623 -0.00091394 0.00102738
v 0.00024788 -0.00092508 0.00102434
v 0.00022826 -0.00093012 0.00102281
v 0.00016928 -0.00094264 0.00101832
v 0.00016631 -0.00094317 0.00101810
v 0.00010951 -0.00095143 0.00101392
v 0.00008347 -0.00095407 0.00101205
v 0.00004922 -0.00095645 0.00100964
v 0.00000000 -0.00095772 0.00100625
v -0.00001046 -0.00095766 0.00100554
v -0.00001670 -0.00095757 0.00100511
v -0.00007543 -0.00095474 0.00100102
v -0.00008347 -0.00095407 0.00100045
v -0.00013401 -0.00094829 0.00099679
v -0.00016631 -0.00094317 0.00099440
v -0.00019220 -0.00093823 0.00099245
v -0.00024788 -0.00092508 0.00098816
v -0.00024978 -0.00092457 0.00098801
v -0.00030652 -0.00090734 0.00098349
v -0.00032756 -0.00089996 0.00098177
v -0.00036219 -0.00088659 0.00097890
v -0.00040475 -0.00086799 0.00097529
v -0.00041658 -0.00086237 0.00097426
v -0.00046946 -0.00083476 0.00096960
v -0.00047886 -0.00082941 0.00096875
v -0.00052052 -0.00080392 0.00096493
v -0.00054932 -0.00078452 0.00096221
v -0.00056974 -0.00076982 0.00096025
v -0.00061561 -0.00073365 0.00095573
v -0.00061682 -0.00073263 0.00095560
v -0.00066156 -0.00069250 0.00095100
v -0.00067721 -0.00067721 0.00094934
v -0.00070377 -0.00064956 0.00094645
v -0.00073365 -0.00061561 0.00094310
v -0.00074328 -0.00060396 0.00094199
v -0.00077989 -0.00055587 0.00093762
v -0.00078452 -0.00054932 0.00093705
v -0.00081335 -0.00050565 0.00093339
v -0.00082941 -0.00047886 0.00093125
v -0.00084326 -0.00045402 0.00092931
v -0.00086799 -0.00040475 0.00092545
v -0.00086954 -0.00040139 0.00092518
v -0.00089259 -0.00034713 0.00092093
v -0.00089996 -0.00032756 0.00091940
v -0.00091230 -0.00029143 0.00091657
v -0.00092508 -0.00024787 0.00091316
v -0.00092856 -0.00023451 0.00091211
v -0.00094130 -0.00017657 0.00090758
v -0.00094317 -0.00016631 0.00090677
v -0.00095044 -0.00011784 0.00090298
v -0.00095407 -0.00008347 0.00090029
v -0.00095593 -0.00005853 0.00089833
v -0.00095772 0.00000000 0.00089375
v -0.00095772 0.00000111 0.00089366
v -0.00095613 0.00005507 0.00088944
v -0.00095407 0.00008347 0.00088721
v -0.00095082 0.00011472 0.00088477
v -0.00094317 0.00016631 0.00088073
v -0.00094177 0.00017404 0.00088012
v -0.00092900 0.00023279 0.00087552
v -0.00092508 0.00024787 0.00087434
v -0.00091253 0.00029072 0.00087098
v -0.00089996 0.00032756 0.00086810
v -0.00089241 0.00034761 0.00086653
v -0.00086870 0.00040322 0.00086217
v -0.00086799 0.00040475 0.00086205
v -0.00084163 0.00045704 0.00085796
v -0.00082941 0.00047886 0.00085625
v -0.00081157 0.00050849 0.00085388
v -0.00078451 0.00054932 0.00085045
v -0.00077882 0.00055738 0.00084974
v -0.00074304 0.00060425 0.00084548
v -0.00073365 0.00061561 0.00084440
v -0.00070436 0.00064892 0.00084111
v -0.00067721 0.00067721 0.00083816
v -0.00066291 0.00069121 0.00083664
v -0.00061883 0.00073094 0.00083210
v -0.00061561 0.00073365 0.00083177
v -0.00057229 0.00076792 0.00082749
v -0.00054932 0.00078452 0.00082529
v -0.00052344 0.00080202 0.00082285
v -0.00047886 0.00082941 0.00081875
v -0.00047251 0.00083304 0.00081818
v -0.00041960 0.00086091 0.00081350
v -0.00040475 0.00086799 0.00081221
v -0.00036494 0.00088546 0.00080883
v -0.00032756 0.00089996 0.00080573
v -0.00030876 0.00090658 0.00080419
v -0.00025125 0.00092417 0.00079960
v -0.00024788 0.00092508 0.00079934
v -0.00019264 0.00093814 0.00079508
v -0.00016631 0.00094317 0.00079310
v -0.00013315 0.00094842 0.00079064
v -0.00008347 0.00095407 0.00078705
v -0.00007303 0.00095493 0.00078631
v -0.00001306 0.00095763 0.00078214
v 0.00000000 0.00095772 0.00078125
v 0.00004063 0.00095685 0.00077846
v 0.00008347 0.00095407 0.00077545
v 0.00009933 0.00095255 0.00077431
v 0.00015778 0.00094463 0.00077004
v 0.00016631 0.00094317 0.00076940
v 0.00021575 0.00093310 0.00076565
v 0.00024788 0.00092508 0.00076316
v 0.00027301 0.00091798 0.00076118
v 0.00032756 0.00089996 0.00075677
v 0.00032934 0.00089931 0.00075663
v 0.00038452 0.00087713 0.00075202
v 0.00040475 0.00086799 0.00075029
v 0.00043832 0.00085153 0.00074737
v 0.00047886 0.00082941 0.00074375
v 0.00049052 0.00082256 0.00074269
v 0.00054091 0.00079034 0.00073801
v 0.00054932 0.00078452 0.00073721
v 0.00058928 0.00075496 0.00073335
v 0.00061561 0.00073365 0.00073073
v 0.00063516 0.00071679 0.00072874
v 0.00067721 0.00067721 0.00072434
v 0.00067891 0.00067550 0.00072416
v 0.00072005 0.00063147 0.00071964
v 0.00073365 0.00061561 0.00071810
v 0.00075841 0.00058484 0.00071522
v 0.00078451 0.00054932 0.00071205
v 0.00079381 0.00053580 0.00071089
v 0.00082572 0.00048518 0.00070675
v 0.00082941 0.00047886 0.00070625
v 0.00085393 0.00043362 0.00070271
v 0.00086799 0.00040475 0.00070045
v 0.00087896 0.00038033 0.00069853
v 0.00089996 0.00032756 0.00069440
v 0.00090071 0.00032548 0.00069424
v 0.00091908 0.00026928 0.00068984
v 0.00092508 0.00024787 0.00068816
v 0.00093397 0.00021193 0.00068535
v 0.00094317 0.00016631 0.00068177
v 0.00094535 0.00015343 0.00068077
v 0.00095305 0.00009445 0.00067615
v 0.00095407 0.00008347 0.00067529
v 0.00095708 0.00003498 0.00067149
v 0.00095772 -0.00000000 0.00066875
v 0.00095740 -0.00002474 0.00066681
v 0.00095407 -0.00008347 0.00066221
v 0.00095398 -0.00008448 0.00066213
v 0.00094683 -0.00014399 0.00065747
v 0.00094317 -0.00016631 0.00065573
v 0.00093594 -0.00020306 0.00065285
v 0.00092508 -0.00024787 0.00064934
v 0.00092134 -0.00026143 0.00064828
v 0.00090307 -0.00031888 0.00064378
v 0.00089996 -0.00032756 0.00064310
v 0.00088117 -0.00037517 0.00063937
v 0.00086799 -0.00040475 0.00063705
v 0.00085572 -0.00043007 0.00063507
v 0.00082941 -0.00047886 0.00063125
v 0.00082723 -0.00048261 0.00063096
v 0.00079606 -0.00053245 0.00062689
v 0.00078451 -0.00054932 0.00062545
v 0.00076183 -0.00058038 0.00062269
v 0.00073365 -0.00061561 0.00061940
v 0.00072462 -0.00062621 0.00061837
v 0.00068458 -0.00066975 0.00061395
v 0.00067721 -0.00067721 0.00061316
v 0.00064184 -0.00071082 0.00060945
v 0.00061561 -0.00073365 0.00060677
v 0.00059655 -0.00074923 0.00060487
v 0.00054932 -0.00078452 0.00060029
v 0.00054886 -0.00078484 0.00060024
v 0.00049896 -0.00081747 0.00059558
v 0.00047886 -0.00082941 0.00059375
v 0.00044702 -0.00084699 0.00059090
v 0.00040475 -0.00086799 0.00058721
v 0.00039328 -0.00087324 0.00058623
v 0.00035166 -0.00089082 0.00058272
v 0.00032756 -0.00089996 0.00058073
v 0.00029514 -0.00091110 0.00057809
v 0.00024788 -0.00092508 0.00057434
v 0.00023735 -0.00092784 0.00057352
v 0.00017851 -0.00094093 0.00056901
v 0.00016631 -0.00094317 0.00056810
v 0.00011885 -0.00095031 0.00056460
v 0.00008347 -0.00095407 0.00056205
v 0.00005861 -0.00095592 0.00056030
v 0.00000000 -0.00095772 0.00055625
v -0.00000095 -0.00095772 0.00055619
v -0.00005969 -0.00095585 0.00055213
v -0.00008347 -0.00095407 0.00055045
v -0.00011836 -0.00095037 0.00054794
v -0.00016631 -0.00094317 0.00054440
v -0.00016969 -0.00094256 0.00054415
v -0.00022753 -0.00093030 0.00053975
v -0.00024788 -0.00092508 0.00053816
v -0.00028462 -0.00091445 0.00053525
v -0.00032756 -0.00089996 0.00053177
v -0.00034074 -0.00089505 0.00053069
v -0.00039565 -0.00087217 0.00052607
v -0.00040475 -0.00086799 0.00052529
v -0.00044914 -0.00084587 0.00052141
v -0.00047886 -0.00082941 0.00051875
v -0.00050099 -0.00081623 0.00051673
v -0.00054932 -0.00078452 0.00051221
v -0.00055094 -0.00078338 0.00051206
v -0.00058793 -0.00075602 0.00050848
v -0.00061561 -0.00073365 0.00050573
v -0.00063414 -0.00071769 0.00050384
v -0.00067721 -0.00067721 0.00049934
v -0.00067794 -0.00067647 0.00049926
v -0.00071914 -0.00063250 0.00049474
v -0.00073365 -0.00061561 0.00049310
v -0.00075757 -0.00058593 0.00049031
v -0.00078451 -0.00054932 0.00048705
v -0.00079304 -0.00053694 0.00048599
v -0.00082505 -0.00048633 0.00048184
v -0.00082941 -0.00047886 0.00048125
v -0.00085332 -0.00043481 0.00047780
v -0.00086799 -0.00040475 0.00047545
v -0.00087843 -0.00038156 0.00047363
v -0.00089996 -0.00032756 0.00046940
v -0.00090002 -0.00032739 0.00046939
v -0.00091851 -0.00027123 0.00046499
v -0.00092508 -0.00024787 0.00046316
v -0.00093352 -0.00021392 0.00046050
v -0.00094317 -0.00016631 0.00045677
v -0.00094498 -0.00015567 0.00045594
v -0.00095282 -0.00009671 0.00045132
v -0.00095407 -0.00008347 0.00045029
v -0.00095699 -0.00003726 0.00044667
v -0.00095772 0.00000000 0.00044375
v -0.00095745 0.00002246 0.00044199
v -0.00095418 0.00008220 0.00043731
v -0.00095407 0.00008347 0.00043721
v -0.00094721 0.00014148 0.00043267
v -0.00094317 0.00016631 0.00043073
v -0.00093648 0.00020057 0.00042804
v -0.00092508 0.00024787 0.00042434
v -0.00092204 0.00025898 0.00042347
v -0.00090392 0.00031647 0.00041897
v -0.00089996 0.00032756 0.00041810
v -0.00088218 0.00037281 0.00041455
v -0.00086799 0.00040475 0.00041205
v -0.00085688 0.00042777 0.00041025
v -0.00082941 0.00047886 0.00040625
v -0.00082863 0.00048021 0.00040614
v -0.00079759 0.00053016 0.00040208
v -0.00078451 0.00054932 0.00040045
v -0.00076759 0.00057273 0.00039838
v -0.00073365 0.00061561 0.00039440
v -0.00073086 0.00061892 0.00039408
v -0.00069128 0.00066284 0.00038968
v -0.00067721 0.00067721 0.00038816
v -0.00064896 0.00070432 0.00038518
v -0.00061561 0.00073365 0.00038177
v -0.00060407 0.00074318 0.00038062
v -0.00055676 0.00077925 0.00037600
v -0.00054932 0.00078452 0.00037529
v -0.00050721 0.00081238 0.00037134
v -0.00047886 0.00082941 0.00036875
v -0.00045559 0.00084241 0.00036666
v -0.00040475 0.00086799 0.00036221
v -0.00040209 0.00086922 0.00036198
v -0.00034718 0.00089258 0.00035735
v -0.00032756 0.00089996 0.00035573
v -0.00029054 0.00091258 0.00035272
v -0.00024788 0.00092508 0.00034934
v -0.00023266 0.00092903 0.00034815
v -0.00017374 0.00094182 0.00034366
v -0.00016631 0.00094317 0.00034310
v -0.00011403 0.00095090 0.00033925
v -0.00008347 0.00095407 0.00033705
v -0.00005376 0.00095621 0.00033495
v -0.00000000 0.00095772 0.00033125
v 0.00000567 0.00095770 0.00033086
v 0.00006446 0.00095555 0.00032679
v 0.00008347 0.00095407 0.00032545
v 0.00011491 0.00095080 0.00032319
v 0.00016631 0.00094317 0.00031940
v 0.00017326 0.00094191 0.00031888
v 0.00023106 0.00092943 0.00031447
v 0.00024788 0.00092508 0.00031316
v 0.00028810 0.00091336 0.00030997
v 0.00032756 0.00089996 0.00030677
v 0.00034415 0.00089375 0.00030541
v 0.00039898 0.00087065 0.00030078
v 0.00040475 0.00086799 0.00030029
v 0.00045237 0.00084414 0.00029612
v 0.00047886 0.00082941 0.00029375
v 0.00050411 0.00081430 0.00029145
v 0.00054932 0.00078452 0.00028721
v 0.00055387 0.00078131 0.00028678
v 0.00055481 0.00078065 0.00028669
v 0.00060257 0.00074440 0.00028203
v 0.00061561 0.00073365 0.00028073
v 0.00064805 0.00070516 0.00027741
v 0.00067721 0.00067721 0.00027434
v 0.00069106 0.00066306 0.00027285
v 0.00073142 0.00061826 0.00026835
v 0.00073365 0.00061561 0.00026810
v 0.00076894 0.00057092 0.00026396
v 0.00078451 0.00054932 0.00026205
v 0.00080345 0.00052123 0.00025967
v 0.00082941 0.00047886 0.00025625
v 0.00083419 0.00047047 0.00025559
v 0.00086149 0.00041841 0.00025152
v 0.00086799 0.00040475 0.00025045
v 0.00088582 0.00036407 0.00024726
v 0.00089996 0.00032756 0.00024440
v 0.00090657 0.00030880 0.00024293
v 0.00092391 0.00025223 0.00023850
v 0.00092508 0.00024788 0.00023816
v 0.00093774 0.00019458 0.00023399
v 0.00094317 0.00016631 0.00023177
v 0.00094800 0.00013607 0.00022941
v 0.00095407 0.00008347 0.00022529
v 0.00095462 0.00007692 0.00022477
v 0.00095756 0.00001735 0.00022011
v 0.00095772 0.00000000 0.00021875
v 0.00095678 -0.00004237 0.00021543
v 0.00095407 -0.00008347 0.00021221
v 0.00095325 -0.00009234 0.00021152
v 0.00094561 -0.00015181 0.00020686
v 0.00094317 -0.00016631 0.00020573
v 0.00093423 -0.00021080 0.00020224
v 0.00092508 -0.00024787 0.00019934
v 0.00091914 -0.00026906 0.00019768
v 0.00090039 -0.00032637 0.00019319
v 0.00089996 -0.00032756 0.00019310
v 0.00087802 -0.00038249 0.00018880
v 0.00086799 -0.00040475 0.00018705
v 0.00085212 -0.00043716 0.00018452
v 0.00082941 -0.00047886 0.00018125
v 0.00082344 -0.00048905 0.00018045
v 0.00079187 -0.00053866 0.00017636
v 0.00078451 -0.00054932 0.00017545
v 0.00075892 -0.00058417 0.00017235
v 0.00073365 -0.00061561 0.00016940
v 0.00072149 -0.00062982 0.00016802
v 0.00068122 -0.00067317 0.00016359
v 0.00067721 -0.00067721 0.00016316
v 0.00063827 -0.00071403 0.00015908
v 0.00061561 -0.00073365 0.00015677
v 0.00059277 -0.00075222 0.00015450
v 0.00054932 -0.00078452 0.00015029
v 0.00054490 -0.00078759 0.00014987
v 0.00049483 -0.00081998 0.00014520
v 0.00047886 -0.00082941 0.00014375
v 0.00044274 -0.00084924 0.00014052
v 0.00040475 -0.00086799 0.00013721
v 0.00039107 -0.00087423 0.00013604
v 0.00033559 -0.00089700 0.00013139
v 0.00032756 -0.00089996 0.00013073
v 0.00027868 -0.00091627 0.00012677
v 0.00024788 -0.00092508 0.00012434
v 0.00022056 -0.00093197 0.00012222
v 0.00016631 -0.00094317 0.00011810
v 0.00016146 -0.00094401 0.00011774
v 0.00010161 -0.00095231 0.00011335
v 0.00008347 -0.00095407 0.00011205
v 0.00004133 -0.00095682 0.00010909
v 0.00000000 -0.00095772 0.00010625
v -0.00001782 -0.00095755 0.00010504
v -0.00007713 -0.00095461 0.00010090
v -0.00008347 -0.00095407 0.00010045
v -0.00013570 -0.00094805 0.00009667
v -0.00016631 -0.00094317 0.00009440
v -0.00019387 -0.00093789 0.00009233
v -0.00024788 -0.00092508 0.00008816
v -0.00025143 -0.00092412 0.00008788
v -0.00030814 -0.00090679 0.00008336
v -0.00032756 -0.00089996 0.00008177
v -0.00036379 -0.00088593 0.00007877
v -0.00040475 -0.00086799 0.00007529
v -0.00041813 -0.00086162 0.00007413
v -0.00047096 -0.00083391 0.00006946
v -0.00047886 -0.00082941 0.00006875
v -0.00052199 -0.00080296 0.00006479
v -0.00053233 -0.00079615 0.00006382
v -0.00054932 -0.00078452 0.00006221
v -0.00058106 -0.00076131 0.00005915
v -0.00061561 -0.00073365 0.00005573
v -0.00062761 -0.00072342 0.00005451
v -0.00067177 -0.00068261 0.00004992
v -0.00067721 -0.00067721 0.00004934
v -0.00071335 -0.00063902 0.00004539
v -0.00073365 -0.00061561 0.00004310
v -0.00075219 -0.00059282 0.00004095
v -0.00078452 -0.00054932 0.00003705
v -0.00078810 -0.00054417 0.00003661
v -0.00082068 -0.00049367 0.00003242
v -0.00082941 -0.00047886 0.00003125
v -0.00084956 -0.00044211 0.00002837
v -0.00085542 -0.00043066 0.00002748
v -0.00086799 -0.00040475 0.00002545
v -0.00088027 -0.00037728 0.00002330
v -0.00089996 -0.00032756 0.00001940
v -0.00090184 -0.00032235 0.00001899
v -0.00092001 -0.00026608 0.00001459
v -0.00092508 -0.00024787 0.00001316
v -0.00093471 -0.00020867 0.00001009
v -0.00094317 -0.00016631 0.00000677
v -0.00094584 -0.00015035 0.00000552
v -0.00095335 -0.00009133 0.00000090
v -0.00095407 -0.00008347 0.00000029
v -0.00095719 -0.00003184 -0.00000376
v -0.00095772 0.00000000 -0.00000625
v -0.00095731 0.00002788 -0.00000843
v -0.00095407 0.00008347 -0.00001279
v -0.00095372 0.00008744 -0.00001310
v -0.00094638 0.00014694 -0.00001776
v -0.00094317 0.00016631 -0.00001927
v -0.00093530 0.00020598 -0.00002238
v -0.00092508 0.00024787 -0.00002566
v -0.00092052 0.00026431 -0.00002695
v -0.00090207 0.00032171 -0.00003144
v -0.00089996 0.00032756 -0.00003190
v -0.00087999 0.00037793 -0.00003585
v -0.00086799 0.00040475 -0.00003795
v -0.00085437 0.00043275 -0.00004014
v -0.00082941 0.00047886 -0.00004375
v -0.00082590 0.00048488 -0.00004422
v -0.00079419 0.00053525 -0.00004835
v -0.00078451 0.00054932 -0.00004955
v -0.00075977 0.00058306 -0.00005255
v -0.00073365 0.00061561 -0.00005560
v -0.00072241 0.00062877 -0.00005688
v -0.00068221 0.00067217 -0.00006130
v -0.00067721 0.00067721 -0.00006184
v -0.00063931 0.00071309 -0.00006581
v -0.00061561 0.00073365 -0.00006823
v -0.00059388 0.00075135 -0.00007039
v -0.00054932 0.00078452 -0.00007471
v -0.00054606 0.00078679 -0.00007502
v -0.00049604 0.00081925 -0.00007969
v -0.00047886 0.00082941 -0.00008125
v -0.00044400 0.00084858 -0.00008436
v -0.00040475 0.00086799 -0.00008779
v -0.00039508 0.00087243 -0.00008862
v -0.00033970 0.00089545 -0.00009327
v -0.00032756 0.00089996 -0.00009427
v -0.00028289 0.00091498 -0.00009789
v -0.00024788 0.00092508 -0.00010066
v -0.00022486 0.00093095 -0.00010245
v -0.00016631 0.00094317 -0.00010690
v -0.00016582 0.00094325 -0.00010694
v -0.00010602 0.00095183 -0.00011133
v -0.00008347 0.00095407 -0.00011295
v -0.00004572 0.00095662 -0.00011561
v -0.00000000 0.00095772 -0.00011875
v 0.00001351 0.00095762 -0.00011967
v 0.00007290 0.00095494 -0.00012380
v 0.00008347 0.00095407 -0.00012455
v 0.00013149 0.00094865 -0.00012802
v 0.00016631 0.00094317 -0.00013060
v 0.00018970 0.00093874 -0.00013236
v 0.00024731 0.00092523 -0.00013679
v 0.00024788 0.00092508 -0.00013684
v 0.00030409 0.00090816 -0.00014131
v 0.00032756 0.00089996 -0.00014323
v 0.00035982 0.00088755 -0.00014590
v 0.00040475 0.00086799 -0.00014971
v 0.00041426 0.00086349 -0.00015053
v 0.00046721 0.00083602 -0.00015520
v 0.00047886 0.00082941 -0.00015625
v 0.00051654 0.00080648 -0.00015970
v 0.00054932 0.00078452 -0.00016279
v 0.00056592 0.00077263 -0.00016438
v 0.00061318 0.00073569 -0.00016903
v 0.00061561 0.00073365 -0.00016927
v 0.00065811 0.00069578 -0.00017364
v 0.00067721 0.00067721 -0.00017566
v 0.00070053 0.00065305 -0.00017819
v 0.00073365 0.00061561 -0.00018190
v 0.00074025 0.00060766 -0.00018266
v 0.00077710 0.00055976 -0.00018703
v 0.00078451 0.00054932 -0.00018795
v 0.00081085 0.00050966 -0.00019129
v 0.00082941 0.00047886 -0.00019375
v 0.00084073 0.00045869 -0.00019533
v 0.00086488 0.00041135 -0.00019904
v 0.00086799 0.00040475 -0.00019955
v 0.00088854 0.00035738 -0.00020326
v 0.00089996 0.00032756 -0.00020560
v 0.00090888 0.00030194 -0.00020760
v 0.00092508 0.00024788 -0.00021184
v 0.00092579 0.00024523 -0.00021205
v 0.00093919 0.00018746 -0.00021657
v 0.00094317 0.00016631 -0.00021823
v 0.00094901 0.00012886 -0.00022116
v 0.00095407 0.00008347 -0.00022471
v 0.00095518 0.00006964 -0.00022580
v 0.00095766 0.00001007 -0.00023046
v 0.00095772 0.00000000 -0.00023125
v 0.00095726 -0.00002959 -0.00023357
v 0.00095407 -0.00008347 -0.00023779
v 0.00095354 -0.00008932 -0.00023824
v 0.00094608 -0.00014881 -0.00024290
v 0.00094317 -0.00016631 -0.00024427
v 0.00093489 -0.00020783 -0.00024753
v 0.00092508 -0.00024787 -0.00025066
v 0.00092000 -0.00026614 -0.00025209
v 0.00090143 -0.00032350 -0.00025658
v 0.00089996 -0.00032756 -0.00025690
v 0.00087924 -0.00037968 -0.00026098
v 0.00086799 -0.00040475 -0.00026295
v 0.00085351 -0.00043444 -0.00026527
v 0.00082941 -0.00047886 -0.00026875
v 0.00082477 -0.00048680 -0.00026938
v 0.00082170 -0.00049196 -0.00026979
v 0.00078996 -0.00054146 -0.00027388
v 0.00078452 -0.00054932 -0.00027455
v 0.00075517 -0.00058902 -0.00027810
v 0.00073365 -0.00061561 -0.00028060
v 0.00071743 -0.00063444 -0.00028244
v 0.00067721 -0.00067721 -0.00028684
v 0.00067688 -0.00067754 -0.00028687
v 0.00063365 -0.00071812 -0.00029139
v 0.00061561 -0.00073365 -0.00029323
v 0.00058791 -0.00075603 -0.00029598
v 0.00054932 -0.00078452 -0.00029971
v 0.00053980 -0.00079110 -0.00030062
v 0.00048950 -0.00082317 -0.00030528
v 0.00047886 -0.00082941 -0.00030625
v 0.00043731 -0.00085205 -0.00030995
v 0.00040475 -0.00086799 -0.00031279
v 0.00038321 -0.00087771 -0.00031463
v 0.00032750 -0.00089998 -0.00031928
v 0.00027041 -0.00091875 -0.00032389
v 0.00024788 -0.00092508 -0.00032566
v 0.00021214 -0.00093393 -0.00032843
v 0.00016631 -0.00094317 -0.00033190
v 0.00015292 -0.00094543 -0.00033290
v 0.00009298 -0.00095319 -0.00033727
v 0.00008347 -0.00095407 -0.00033795
v 0.00003274 -0.00095716 -0.00034151
v 0.00000000 -0.00095772 -0.00034375
v -0.00002693 -0.00095734 -0.00034559
v -0.00008347 -0.00095407 -0.00034955
v -0.00008565 -0.00095388 -0.00034971
v -0.00014418 -0.00094680 -0.00035396
v -0.00016631 -0.00094317 -0.00035560
v -0.00020228 -0.00093611 -0.00035831
v -0.00024788 -0.00092508 -0.00036184
v -0.00025973 -0.00092183 -0.00036277
v -0.00031630 -0.00090398 -0.00036731
v -0.00032756 -0.00089996 -0.00036823
v -0.00037176 -0.00088262 -0.00037190
v -0.00040475 -0.00086799 -0.00037471
v -0.00042590 -0.00085780 -0.00037655
v -0.00047849 -0.00082962 -0.00038122
v -0.00047886 -0.00082941 -0.00038125
v -0.00052428 -0.00080147 -0.00038542
v -0.00054932 -0.00078452 -0.00038779
v -0.00057335 -0.00076713 -0.00039010
v -0.00061561 -0.00073365 -0.00039427
v -0.00062026 -0.00072972 -0.00039474
v -0.00066482 -0.00068937 -0.00039935
v -0.00067721 -0.00067721 -0.00040066
v -0.00070684 -0.00064622 -0.00040388
v -0.00073365 -0.00061561 -0.00040690
v -0.00074613 -0.00060043 -0.00040834
v -0.00078252 -0.00055216 -0.00041270
v -0.00078452 -0.00054932 -0.00041295
v -0.00081571 -0.00050184 -0.00041692
v -0.00082941 -0.00047886 -0.00041875
v -0.00084534 -0.00045013 -0.00042100
v -0.00086799 -0.00040475 -0.00042455
v -0.00087139 -0.00039737 -0.00042513
v -0.00089419 -0.00034299 -0.00042939
v -0.00089996 -0.00032756 -0.00043060
v -0.00091364 -0.00028719 -0.00043376
v -0.00092508 -0.00024787 -0.00043684
v -0.00092964 -0.00023019 -0.00043822
v -0.00094211 -0.00017218 -0.00044277
v -0.00094317 -0.00016631 -0.00044323
v -0.00095098 -0.00011339 -0.00044737
v -0.00095407 -0.00008347 -0.00044971
v -0.00095619 -0.00005406 -0.00045202
v -0.00095772 0.00000000 -0.00045625
v -0.00095771 0.00000406 -0.00045657
v -0.00095559 0.00006381 -0.00046125
v -0.00095407 0.00008347 -0.00046279
v -0.00094973 0.00012343 -0.00046592
v -0.00094317 0.00016631 -0.00046927
v -0.00094013 0.00018268 -0.00047056
v -0.00092681 0.00024132 -0.00047515
v -0.00092508 0.00024787 -0.00047566
v -0.00090981 0.00029912 -0.00047967
v -0.00089996 0.00032756 -0.00048190
v -0.00088916 0.00035583 -0.00048412
v -0.00086799 0.00040475 -0.00048795
v -0.00086493 0.00041124 -0.00048845
v -0.00083746 0.00046463 -0.00049264
v -0.00083626 0.00046678 -0.00049280
v -0.00082941 0.00047886 -0.00049375
v -0.00080605 0.00051721 -0.00049684
v -0.00078451 0.00054932 -0.00049955
v -0.00077275 0.00056576 -0.00050100
v -0.00073645 0.00061226 -0.00050528
v -0.00073365 0.00061561 -0.00050560
v -0.00069728 0.00065653 -0.00050967
v -0.00067721 0.00067721 -0.00051184
v -0.00065536 0.00069838 -0.00051415
v -0.00061561 0.00073365 -0.00051823
v -0.00061083 0.00073763 -0.00051871
v -0.00056387 0.00077412 -0.00052332
v -0.00054932 0.00078452 -0.00052471
v -0.00051464 0.00080769 -0.00052797
v -0.00047886 0.00082941 -0.00053125
v -0.00046336 0.00083816 -0.00053264
v -0.00041013 0.00086546 -0.00053732
v -0.00040475 0.00086799 -0.00053779
v -0.00035519 0.00088941 -0.00054199
v -0.00032756 0.00089996 -0.00054427
v -0.00029876 0.00090993 -0.00054662
v -0.00024788 0.00092508 -0.00055066
v -0.00024104 0.00092689 -0.00055120
v -0.00018226 0.00094021 -0.00055570
v -0.00016631 0.00094317 -0.00055690
v -0.00012265 0.00094983 -0.00056012
v -0.00008347 0.00095407 -0.00056295
v -0.00006244 0.00095568 -0.00056444
v -0.00000275 0.00095771 -0.00056856
v 0.00000000 0.00095772 -0.00056875
v 0.00005599 0.00095608 -0.00057261
v 0.00008347 0.00095407 -0.00057455
v 0.00011464 0.00095083 -0.00057679
v 0.00016631 0.00094317 -0.00058060
v 0.00017299 0.00094196 -0.00058110
v 0.00023080 0.00092949 -0.00058551
v 0.00024788 0.00092508 -0.00058684
v 0.00028784 0.00091344 -0.00059000
v 0.00032756 0.00089996 -0.00059323
v 0.00034389 0.00089385 -0.00059457
v 0.00039873 0.00087077 -0.00059920
v 0.00040475 0.00086799 -0.00059971
v 0.00045213 0.00084428 -0.00060385
v 0.00047886 0.00082941 -0.00060625
v 0.00050080 0.00081634 -0.00060825
v 0.00054932 0.00078452 -0.00061279
v 0.00055080 0.00078348 -0.00061293
v 0.00059874 0.00074748 -0.00061759
v 0.00061561 0.00073365 -0.00061927
v 0.00064442 0.00070848 -0.00062221
v 0.00067721 0.00067721 -0.00062566
v 0.00068764 0.00066661 -0.00062678
v 0.00072822 0.00062203 -0.00063128
v 0.00073365 0.00061561 -0.00063190
v 0.00076598 0.00057489 -0.00063569
v 0.00078451 0.00054932 -0.00063795
v 0.00080075 0.00052537 -0.00063999
v 0.00082941 0.00047886 -0.00064375
v 0.00083182 0.00047466 -0.00064408
v 0.00085937 0.00042274 -0.00064814
v 0.00086799 0.00040475 -0.00064955
v 0.00088373 0.00036911 -0.00065234
v 0.00089996 0.00032756 -0.00065560
v 0.00090479 0.00031396 -0.00065666
v 0.00092254 0.00025718 -0.00066111
v 0.00092508 0.00024787 -0.00066184
v 0.00093668 0.00019962 -0.00066562
v 0.00094317 0.00016631 -0.00066823
v 0.00094725 0.00014117 -0.00067019
v 0.00095407 0.00008347 -0.00067471
v 0.00095419 0.00008207 -0.00067482
v 0.00095745 0.00002253 -0.00067949
v 0.00095772 0.00000000 -0.00068125
v 0.00095699 -0.00003721 -0.00068416
v 0.00095407 -0.00008347 -0.00068779
v 0.00095280 -0.00009692 -0.00068884
v 0.00094487 -0.00015637 -0.00069350
v 0.00094317 -0.00016631 -0.00069427
v 0.00093320 -0.00021531 -0.00069811
v 0.00092508 -0.00024787 -0.00070066
v 0.00091783 -0.00027351 -0.00070267
v 0.00089996 -0.00032756 -0.00070690
v 0.00089880 -0.00033073 -0.00070715
v 0.00087615 -0.00038675 -0.00071154
v 0.00086799 -0.00040475 -0.00071295
v 0.00085000 -0.00044127 -0.00071581
v 0.00082941 -0.00047886 -0.00071875
v 0.00082152 -0.00049227 -0.00071981
v 0.00078976 -0.00054175 -0.00072390
v 0.00078452 -0.00054932 -0.00072455
v 0.00075495 -0.00058930 -0.00072812
v 0.00073365 -0.00061561 -0.00073060
v 0.00071720 -0.00063471 -0.00073246
v 0.00067721 -0.00067721 -0.00073684
v 0.00067663 -0.00067779 -0.00073690
v 0.00063339 -0.00071836 -0.00074142
v 0.00061561 -0.00073365 -0.00074323
v 0.00058762 -0.00075625 -0.00074601
v 0.00054932 -0.00078452 -0.00074971
v 0.00053950 -0.00079130 -0.00075065
v 0.00048920 -0.00082335 -0.00075531
v 0.00047886 -0.00082941 -0.00075625
v 0.00043689 -0.00085226 -0.00075999
v 0.00040475 -0.00086799 -0.00076279
v 0.00038278 -0.00087790 -0.00076466
v 0.00032756 -0.00089996 -0.00076927
v 0.00032706 -0.00090014 -0.00076931
v 0.00027036 -0.00091876 -0.00077389
v 0.00024788 -0.00092508 -0.00077566
v 0.00021209 -0.00093394 -0.00077843
v 0.00016631 -0.00094317 -0.00078190
v 0.00015287 -0.00094544 -0.00078290
v 0.00009293 -0.00095320 -0.00078727
v 0.00008347 -0.00095407 -0.00078795
v 0.00003270 -0.00095716 -0.00079151
v 0.00000000 -0.00095772 -0.00079375
v -0.00002630 -0.00095736 -0.00079555
v -0.00008347 -0.00095407 -0.00079955
v -0.00008502 -0.00095394 -0.00079966
v -0.00014355 -0.00094690 -0.00080391
v -0.00016631 -0.00094317 -0.00080560
v -0.00020166 -0.00093625 -0.00080827
v -0.00024788 -0.00092508 -0.00081184
v -0.00025911 -0.00092200 -0.00081272
v -0.00031570 -0.00090419 -0.00081726
v -0.00032756 -0.00089996 -0.00081823
v -0.00037118 -0.00088286 -0.00082185
v -0.00040475 -0.00086799 -0.00082471
v -0.00042533 -0.00085809 -0.00082650
v -0.00047648 -0.00083078 -0.00083103
v -0.00047886 -0.00082941 -0.00083125
v -0.00052738 -0.00079943 -0.00083571
v -0.00054932 -0.00078452 -0.00083779
v -0.00057632 -0.00076490 -0.00084039
v -0.00061561 -0.00073365 -0.00084427
v -0.00062309 -0.00072731 -0.00084503
v -0.00066750 -0.00068678 -0.00084963
v -0.00067721 -0.00067721 -0.00085066
v -0.00070935 -0.00064346 -0.00085416
v -0.00073365 -0.00061561 -0.00085690
v -0.00074847 -0.00059751 -0.00085861
v -0.00078452 -0.00054932 -0.00086295
v -0.00078467 -0.00054910 -0.00086297
v -0.00081763 -0.00049870 -0.00086717
v -0.00082941 -0.00047886 -0.00086875
v -0.00084672 -0.00044753 -0.00087120
v -0.00086799 -0.00040475 -0.00087455
v -0.00087261 -0.00039468 -0.00087534
v -0.00089525 -0.00034023 -0.00087961
v -0.00089996 -0.00032756 -0.00088060
v -0.00091464 -0.00028400 -0.00088401
v -0.00092508 -0.00024787 -0.00088684
v -0.00093044 -0.00022693 -0.00088848
v -0.00094271 -0.00016887 -0.00089303
v -0.00094317 -0.00016631 -0.00089323
v -0.00095137 -0.00011005 -0.00089763
v -0.00095407 -0.00008347 -0.00089971
v -0.00095637 -0.00005068 -0.00090228
v -0.00095772 0.00000000 -0.00090625
v -0.00095767 0.00000899 -0.00090695
v -0.00095525 0.00006875 -0.00091163
v -0.00095407 0.00008347 -0.00091279
v -0.00094908 0.00012834 -0.00091630
v -0.00094317 0.00016631 -0.00091927
v -0.00093917 0.00018755 -0.00092094
v -0.00092555 0.00024613 -0.00092552
v -0.00092508 0.00024788 -0.00092566
v -0.00090824 0.00030385 -0.00093004
v -0.00089996 0.00032756 -0.00093190
v -0.00088729 0.00036046 -0.00093448
v -0.00086799 0.00040475 -0.00093795
v -0.00086279 0.00041572 -0.00093881
v -0.00083657 0.00046622 -0.00094276
v -0.00082941 0.00047886 -0.00094375
v -0.00080639 0.00051668 -0.00094679
v -0.00078451 0.00054932 -0.00094955
v -0.00077312 0.00056524 -0.00095095
v -0.00073686 0.00061177 -0.00095523
v -0.00073365 0.00061561 -0.00095560
v -0.00069771 0.00065606 -0.00095962
v -0.00067721 0.00067721 -0.00096184
v -0.00065582 0.00069794 -0.00096410
v -0.00061561 0.00073365 -0.00096823
v -0.00061133 0.00073722 -0.00096866
v -0.00056439 0.00077375 -0.00097327
v -0.00054932 0.00078452 -0.00097471
v -0.00051518 0.00080735 -0.00097792
v -0.00047886 0.00082941 -0.00098125
v -0.00046387 0.00083788 -0.00098260
v -0.00041066 0.00086521 -0.00098728
v -0.00040475 0.00086799 -0.00098779
v -0.00035574 0.00088920 -0.00099194
v -0.00032756 0.00089996 -0.00099427
v -0.00029966 0.00090963 -0.00099654
v -0.00024788 0.00092508 -0.00100066
v -0.00024196 0.00092665 -0.00100112
v -0.00018320 0.00094003 -0.00100563
v -0.00016631 0.00094317 -0.00100690
v -0.00012360 0.00094971 -0.00101005
v -0.00008347 0.00095407 -0.00101295
v -0.00006340 0.00095562 -0.00101437
v -0.00000370 0.00095771 -0.00101850
v 0.00000000 0.00095772 -0.00101875
v 0.00005504 0.00095613 -0.00102255
v 0.00008347 0.00095407 -0.00102455
v 0.00011370 0.00095094 -0.00102673
v 0.00016631 0.00094317 -0.00103060
v 0.00017205 0.00094214 -0.00103103
v 0.00022987 0.00092972 -0.00103544
v 0.00024788 0.00092508 -0.00103684
v 0.00028693 0.00091373 -0.00103993
v 0.00032756 0.00089996 -0.00104323
v 0.00034300 0.00089419 -0.00104450
v 0.00039823 0.00087100 -0.00104915
v 0.00040475 0.00086799 -0.00104971
v 0.00045164 0.00084454 -0.00105381
v 0.00047886 0.00082941 -0.00105625
v 0.00050341 0.00081474 -0.00105849
v 0.00054932 0.00078452 -0.00106279
v 0.00055331 0.00078171 -0.00106317
v 0.00060113 0.00074556 -0.00106783
v 0.00061561 0.00073365 -0.00106927
v 0.00064669 0.00070641 -0.00107245
v 0.00067721 0.00067721 -0.00107566
v 0.00068978 0.00066440 -0.00107702
v 0.00073022 0.00061968 -0.00108151
v 0.00073365 0.00061561 -0.00108190
v 0.00076783 0.00057241 -0.00108591
v 0.00078451 0.00054932 -0.00108795
v 0.00080244 0.00052279 -0.00109020
v 0.00082941 0.00047886 -0.00109375
v 0.00083330 0.00047205 -0.00109428
v 0.00086069 0.00042003 -0.00109836
v 0.00086799 0.00040475 -0.00109955
v 0.00088489 0.00036632 -0.00110256
v 0.00089996 0.00032756 -0.00110560
v 0.00090592 0.00031069 -0.00110692
v 0.00092337 0.00025417 -0.00111135
v 0.00092508 0.00024787 -0.00111184
v 0.00093733 0.00019655 -0.00111586
v 0.00094317 0.00016631 -0.00111823
v 0.00094771 0.00013806 -0.00112044
v 0.00095407 0.00008347 -0.00112471
v 0.00095446 0.00007893 -0.00112507
v 0.00095752 0.00001937 -0.00112973
v 0.00095772 0.00000000 -0.00113125
v 0.00095687 -0.00004037 -0.00113441
v 0.00095407 -0.00008347 -0.00113779
v 0.00095247 -0.00010007 -0.00113909
v 0.00094434 -0.00015950 -0.00114374
v 0.00094317 -0.00016631 -0.00114427
v 0.00093248 -0.00021840 -0.00114835
v 0.00092508 -0.00024787 -0.00115066
v 0.00091692 -0.00027656 -0.00115291
v 0.00089996 -0.00032756 -0.00115690
v 0.00089769 -0.00033373 -0.00115738
v 0.00087488 -0.00038962 -0.00116176
v 0.00086799 -0.00040475 -0.00116295
v 0.00085162 -0.00043814 -0.00116556
v 0.00082941 -0.00047886 -0.00116875
v 0.00082289 -0.00048997 -0.00116963
v 0.00079127 -0.00053954 -0.00117371
v 0.00078451 -0.00054932 -0.00117455
v 0.00075660 -0.00058718 -0.00117793
v 0.00073365 -0.00061561 -0.00118060
v 0.00071897 -0.00063269 -0.00118226
v 0.00067853 -0.00067588 -0.00118670
v 0.00067721 -0.00067721 -0.00118684
v 0.00063541 -0.00071657 -0.00119121
v 0.00061561 -0.00073365 -0.00119323
v 0.00058976 -0.00075459 -0.00119580
v 0.00054932 -0.00078452 -0.00119971
v 0.00054174 -0.00078977 -0.00120043
v 0.00049153 -0.00082196 -0.00120510
v 0.00047886 -0.00082941 -0.00120625
v 0.00043931 -0.00085102 -0.00120978
v 0.00040475 -0.00086799 -0.00121279
v 0.00038530 -0.00087679 -0.00121445
v 0.00033857 -0.00089588 -0.00121837
v 0.00032756 -0.00089996 -0.00121927
v 0.00028173 -0.00091534 -0.00122298
v 0.00024788 -0.00092508 -0.00122566
v 0.00022367 -0.00093123 -0.00122754
v 0.00016631 -0.00094317 -0.00123190
v 0.00016462 -0.00094346 -0.00123203
v 0.00010480 -0.00095196 -0.00123642
v 0.00008347 -0.00095407 -0.00123795
v 0.00004451 -0.00095668 -0.00124069
v 0.00000000 -0.00095772 -0.00124375
v -0.00001470 -0.00095760 -0.00124475
v -0.00007344 -0.00095490 -0.00124884
v -0.00008347 -0.00095407 -0.00124955
v -0.00013203 -0.00094857 -0.00125306
v -0.00016631 -0.00094317 -0.00125560
v -0.00019023 -0.00093863 -0.00125740
v -0.00024784 -0.00092509 -0.00126184
v -0.00030461 -0.00090798 -0.00126636
v -0.00032756 -0.00089996 -0.00126823
v -0.00036032 -0.00088735 -0.00127094
v -0.00040475 -0.00086799 -0.00127471
v -0.00041485 -0.00086320 -0.00127559
v -0.00046778 -0.00083570 -0.00128025
v -0.00047886 -0.00082941 -0.00128125
v -0.00051900 -0.00080490 -0.00128493
v -0.00054932 -0.00078452 -0.00128779
v -0.00056828 -0.00077090 -0.00128961
v -0.00061543 -0.00073380 -0.00129426
v -0.00061561 -0.00073365 -0.00129427
v -0.00066024 -0.00069376 -0.00129886
v -0.00067721 -0.00067721 -0.00130066
v -0.00070253 -0.00065090 -0.00130341
v -0.00073365 -0.00061561 -0.00130690
v -0.00074212 -0.00060537 -0.00130788
v -0.00077883 -0.00055736 -0.00131225
v -0.00078451 -0.00054932 -0.00131295
v -0.00081240 -0.00050718 -0.00131649
v -0.00082941 -0.00047886 -0.00131875
v -0.00084208 -0.00045620 -0.00132052
v -0.00086799 -0.00040475 -0.00132455
v -0.00086850 -0.00040364 -0.00132464
v -0.00089190 -0.00034890 -0.00132893
v -0.00089996 -0.00032756 -0.00133060
v -0.00091172 -0.00029325 -0.00133329
v -0.00092508 -0.00024787 -0.00133684
v -0.00092809 -0.00023636 -0.00133774
v -0.00094094 -0.00017845 -0.00134228
v -0.00094317 -0.00016631 -0.00134323
v -0.00095020 -0.00011974 -0.00134687
v -0.00095407 -0.00008347 -0.00134971
v -0.00095581 -0.00006045 -0.00135152
v -0.00095772 -0.00000081 -0.00135619
v -0.00095772 -0.00000000 -0.00135625
v -0.00095590 0.00005895 -0.00136087
v -0.00095407 0.00008347 -0.00136279
v -0.00095035 0.00011859 -0.00136554
v -0.00094317 0.00016631 -0.00136927
v -0.00094105 0.00017787 -0.00137018
v -0.00092804 0.00023657 -0.00137478
v -0.00092508 0.00024787 -0.00137566
v -0.00091133 0.00029444 -0.00137931
v -0.00089996 0.00032756 -0.00138190
v -0.00089098 0.00035125 -0.00138376
v -0.00086799 0.00040475 -0.00138795
v -0.00086737 0.00040608 -0.00138805
v -0.00084014 0.00045976 -0.00139225
v -0.00082941 0.00047886 -0.00139375
v -0.00081032 0.00051050 -0.00139628
v -0.00078451 0.00054932 -0.00139955
v -0.00077743 0.00055930 -0.00140042
v -0.00074154 0.00060609 -0.00140469
v -0.00073365 0.00061561 -0.00140560
v -0.00070274 0.00065067 -0.00140907
v -0.00067721 0.00067721 -0.00141184
v -0.00066118 0.00069286 -0.00141354
v -0.00061701 0.00073248 -0.00141809
v -0.00061561 0.00073365 -0.00141823
v -0.00057036 0.00076935 -0.00142269
v -0.00054932 0.00078452 -0.00142471
v -0.00052143 0.00080333 -0.00142734
v -0.00047886 0.00082941 -0.00143125
v -0.00047037 0.00083425 -0.00143202
v -0.00041738 0.00086198 -0.00143669
v -0.00040475 0.00086799 -0.00143779
v -0.00036288 0.00088631 -0.00144134
v -0.00032756 0.00089996 -0.00144427
v -0.00030664 0.00090730 -0.00144598
v -0.00024909 0.00092476 -0.00145057
v -0.00024788 0.00092508 -0.00145066
v -0.00019044 0.00093859 -0.00145509
v -0.00016631 0.00094317 -0.00145690
v -0.00013093 0.00094872 -0.00145952
v -0.00008347 0.00095407 -0.00146295
v -0.00007079 0.00095510 -0.00146385
v -0.00001090 0.00095765 -0.00146801
v 0.00000000 0.00095772 -0.00146875
v 0.00004787 0.00095652 -0.00147204
v 0.00008347 0.00095407 -0.00147455
v 0.00010655 0.00095177 -0.00147621
v 0.00016495 0.00094341 -0.00148050
v 0.00016631 0.00094317 -0.00148060
v 0.00022284 0.00093143 -0.00148489
v 0.00024788 0.00092508 -0.00148684
v 0.00028000 0.00091587 -0.00148938
v 0.00032756 0.00089996 -0.00149323
v 0.00033627 0.00089674 -0.00149394
v 0.00034490 0.00089346 -0.00149466
v 0.00039971 0.00087032 -0.00149928
v 0.00040475 0.00086799 -0.00149971
v 0.00045309 0.00084376 -0.00150394
v 0.00047886 0.00082941 -0.00150625
v 0.00050480 0.00081388 -0.00150862
v 0.00054932 0.00078452 -0.00151279
v 0.00055465 0.00078076 -0.00151329
v 0.00060242 0.00074452 -0.00151795
v 0.00061561 0.00073365 -0.00151927
v 0.00064791 0.00070529 -0.00152257
v 0.00067721 0.00067721 -0.00152566
v 0.00069093 0.00066321 -0.00152714
v 0.00073129 0.00061841 -0.00153163
v 0.00073365 0.00061561 -0.00153190
v 0.00076882 0.00057109 -0.00153603
v 0.00078451 0.00054932 -0.00153795
v 0.00080294 0.00052203 -0.00154026
v 0.00082941 0.00047886 -0.00154375
v 0.00083374 0.00047128 -0.00154434
v 0.00086108 0.00041924 -0.00154842
v 0.00086799 0.00040475 -0.00154955
v 0.00088523 0.00036550 -0.00155263
v 0.00089996 0.00032756 -0.00155560
v 0.00090607 0.00031026 -0.00155695
v 0.00092349 0.00025373 -0.00156138
v 0.00092508 0.00024788 -0.00156184
v 0.00093742 0.00019611 -0.00156589
v 0.00094317 0.00016631 -0.00156823
v 0.00094778 0.00013761 -0.00157047
v 0.00095407 0.00008347 -0.00157471
v 0.00095450 0.00007848 -0.00157510
v 0.00095752 0.00001947 -0.00157973
v 0.00095772 0.00000000 -0.00158125
v 0.00095687 -0.00004027 -0.00158440
v 0.00095407 -0.00008347 -0.00158779
v 0.00095248 -0.00009998 -0.00158908
v 0.00094436 -0.00015940 -0.00159373
v 0.00094317 -0.00016631 -0.00159427
v 0.00093250 -0.00021831 -0.00159835
v 0.00092508 -0.00024787 -0.00160066
v 0.00091695 -0.00027646 -0.00160290
v 0.00089996 -0.00032756 -0.00160690
v 0.00089772 -0.00033363 -0.00160738
v 0.00087490 -0.00038958 -0.00161176
v 0.00086799 -0.00040475 -0.00161295
v 0.00084858 -0.00044400 -0.00161602
v 0.00082941 -0.00047886 -0.00161875
v 0.00081938 -0.00049582 -0.00162009
v 0.00081731 -0.00049922 -0.00162037
v 0.00078513 -0.00054845 -0.00162448
v 0.00078452 -0.00054932 -0.00162455
v 0.00074990 -0.00059571 -0.00162872
v 0.00073365 -0.00061561 -0.00163060
v 0.00071175 -0.00064081 -0.00163307
v 0.00067721 -0.00067721 -0.00163684
v 0.00067080 -0.00068355 -0.00163752
v 0.00062720 -0.00072377 -0.00164205
v 0.00061561 -0.00073365 -0.00164323
v 0.00058110 -0.00076128 -0.00164665
v 0.00054932 -0.00078452 -0.00164971
v 0.00053267 -0.00079592 -0.00165129
v 0.00048207 -0.00082754 -0.00165596
v 0.00047886 -0.00082941 -0.00165625
v 0.00042951 -0.00085601 -0.00166064
v 0.00040475 -0.00086799 -0.00166279
v 0.00037536 -0.00088109 -0.00166529
v 0.00032756 -0.00089996 -0.00166927
v 0.00031944 -0.00090287 -0.00166994
v 0.00026217 -0.00092114 -0.00167454
v 0.00024788 -0.00092508 -0.00167566
v 0.00020375 -0.00093579 -0.00167907
v 0.00016631 -0.00094317 -0.00168190
v 0.00014441 -0.00094677 -0.00168353
v 0.00008439 -0.00095399 -0.00168788
v 0.00008347 -0.00095407 -0.00168795
v 0.00002425 -0.00095741 -0.00169209
v -0.00000000 -0.00095772 -0.00169375
v -0.00003463 -0.00095709 -0.00169612
v -0.00008347 -0.00095407 -0.00169955
v -0.00009336 -0.00095315 -0.00170026
v -0.00014703 -0.00094636 -0.00170417
v -0.00016631 -0.00094317 -0.00170560
v -0.00020511 -0.00093550 -0.00170853
v -0.00024788 -0.00092508 -0.00171184
v -0.00026252 -0.00092103 -0.00171299
v -0.00031904 -0.00090301 -0.00171753
v -0.00032756 -0.00089996 -0.00171823
v -0.00037445 -0.00088148 -0.00172213
v -0.00040475 -0.00086799 -0.00172471
v -0.00042852 -0.00085650 -0.00172678
v -0.00047886 -0.00082941 -0.00173125
v -0.00048103 -0.00082815 -0.00173145
v -0.00053177 -0.00079652 -0.00173613
v -0.00054932 -0.00078452 -0.00173779
v -0.00058053 -0.00076171 -0.00174080
v -0.00061561 -0.00073365 -0.00174427
v -0.00062710 -0.00072386 -0.00174544
v -0.00067098 -0.00068338 -0.00175000
v -0.00067721 -0.00067721 -0.00175066
v -0.00071261 -0.00063985 -0.00175453
v -0.00073365 -0.00061561 -0.00175690
v -0.00075150 -0.00059369 -0.00175897
v -0.00078452 -0.00054932 -0.00176295
v -0.00078747 -0.00054508 -0.00176331
v -0.00082011 -0.00049460 -0.00176750
v -0.00082941 -0.00047886 -0.00176875
v -0.00084893 -0.00044333 -0.00177153
v -0.00086799 -0.00040475 -0.00177455
v -0.00087456 -0.00039034 -0.00177568
v -0.00089693 -0.00033577 -0.00177996
v -0.00089996 -0.00032756 -0.00178060
v -0.00091595 -0.00027975 -0.00178434
v -0.00092508 -0.00024788 -0.00178684
v -0.00092696 -0.00024074 -0.00178740
v -0.00094009 -0.00018291 -0.00179193
v -0.00094317 -0.00016631 -0.00179323
v -0.00094962 -0.00012425 -0.00179652
v -0.00095407 -0.00008347 -0.00179971
v -0.00095551 -0.00006499 -0.00180116
v -0.00095770 -0.00000537 -0.00180583
v -0.00095772 -0.00000000 -0.00180625
v -0.00095617 0.00005438 -0.00181051
v -0.00095407 0.00008347 -0.00181279
v -0.00095090 0.00011404 -0.00181518
v -0.00094317 0.00016631 -0.00181927
v -0.00094189 0.00017337 -0.00181983
v -0.00092916 0.00023212 -0.00182443
v -0.00092508 0.00024787 -0.00182566
v -0.00091274 0.00029006 -0.00182896
v -0.00089996 0.00032756 -0.00183190
v -0.00089288 0.00034638 -0.00183338
v -0.00086925 0.00040202 -0.00183773
v -0.00086799 0.00040475 -0.00183795
v -0.00084224 0.00045590 -0.00184195
v -0.00082941 0.00047886 -0.00184375
v -0.00081262 0.00050682 -0.00184598
v -0.00078452 0.00054932 -0.00184955
v -0.00077997 0.00055576 -0.00185011
v -0.00074429 0.00060271 -0.00185437
v -0.00073365 0.00061561 -0.00185560
v -0.00070571 0.00064746 -0.00185874
v -0.00067721 0.00067721 -0.00186184
v -0.00066435 0.00068983 -0.00186320
v -0.00062036 0.00072964 -0.00186775
v -0.00061561 0.00073365 -0.00186823
v -0.00057375 0.00076683 -0.00187236
v -0.00054932 0.00078452 -0.00187471
v -0.00052497 0.00080102 -0.00187701
v -0.00047886 0.00082941 -0.00188125
v -0.00047406 0.00083216 -0.00188168
v -0.00042120 0.00086012 -0.00188636
v -0.00040475 0.00086799 -0.00188779
v -0.00036660 0.00088477 -0.00189103
v -0.00032756 0.00089996 -0.00189427
v -0.00031045 0.00090600 -0.00189567
v -0.00025298 0.00092370 -0.00190026
v -0.00024788 0.00092508 -0.00190066
v -0.00019440 0.00093778 -0.00190479
v -0.00016631 0.00094317 -0.00190690
v -0.00013494 0.00094816 -0.00190922
v -0.00008347 0.00095407 -0.00191295
v -0.00007484 0.00095479 -0.00191356
v -0.00001580 0.00095759 -0.00191767
v 0.00000000 0.00095772 -0.00191875
v 0.00004300 0.00095675 -0.00192170
v 0.00008347 0.00095407 -0.00192455
v 0.00010169 0.00095230 -0.00192586
v 0.00016012 0.00094424 -0.00193014
v 0.00016631 0.00094317 -0.00193060
v 0.00021807 0.00093256 -0.00193452
v 0.00024788 0.00092508 -0.00193684
v 0.00027530 0.00091730 -0.00193900
v 0.00032756 0.00089996 -0.00194323
v 0.00033159 0.00089848 -0.00194356
v 0.00038672 0.00087617 -0.00194817
v 0.00040475 0.00086799 -0.00194971
v 0.00044045 0.00085042 -0.00195282
v 0.00047886 0.00082941 -0.00195625
v 0.00049253 0.00082136 -0.00195749
v 0.00054285 0.00078901 -0.00196217
v 0.00054932 0.00078452 -0.00196279
v 0.00059114 0.00075351 -0.00196684
v 0.00061561 0.00073365 -0.00196927
v 0.00063719 0.00071499 -0.00197147
v 0.00067721 0.00067721 -0.00197566
v 0.00068082 0.00067358 -0.00197605
v 0.00072184 0.00062942 -0.00198056
v 0.00073365 0.00061561 -0.00198190
v 0.00076007 0.00058268 -0.00198498
v 0.00078451 0.00054932 -0.00198795
v 0.00079533 0.00053354 -0.00198930
v 0.00082706 0.00048290 -0.00199343
v 0.00082941 0.00047886 -0.00199375
v 0.00085542 0.00043066 -0.00199752
v 0.00086799 0.00040475 -0.00199955
v 0.00088027 0.00037728 -0.00200170
v 0.00089996 0.00032756 -0.00200560
v 0.00090184 0.00032235 -0.00200601
v 0.00092001 0.00026608 -0.00201041
v 0.00092508 0.00024787 -0.00201184
v 0.00093471 0.00020867 -0.00201491
v 0.00094317 0.00016631 -0.00201823
v 0.00094584 0.00015035 -0.00201948
v 0.00095335 0.00009133 -0.00202410
v 0.00095407 0.00008347 -0.00202471
v 0.00095719 0.00003184 -0.00202876
v 0.00095772 -0.00000000 -0.00203125
v 0.00095731 -0.00002788 -0.00203343
v 0.00095407 -0.00008347 -0.00203779
v 0.00095371 -0.00008749 -0.00203810
v 0.00095264 -0.00009850 -0.00203896
v 0.00094460 -0.00015794 -0.00204362
v 0.00094317 -0.00016631 -0.00204427
v 0.00093284 -0.00021686 -0.00204823
v 0.00092508 -0.00024787 -0.00205066
v 0.00091737 -0.00027504 -0.00205279
v 0.00089996 -0.00032756 -0.00205690
v 0.00089824 -0.00033223 -0.00205727
v 0.00087550 -0.00038822 -0.00206165
v 0.00086799 -0.00040475 -0.00206295
v 0.00084927 -0.00044268 -0.00206592
v 0.00082941 -0.00047886 -0.00206875
v 0.00082032 -0.00049426 -0.00206997
v 0.00078844 -0.00054368 -0.00207407
v 0.00078452 -0.00054932 -0.00207455
v 0.00075351 -0.00059114 -0.00207829
v 0.00073365 -0.00061561 -0.00208060
v 0.00071530 -0.00063684 -0.00208267
v 0.00067721 -0.00067721 -0.00208684
v 0.00067460 -0.00067980 -0.00208712
v 0.00063124 -0.00072025 -0.00209164
v 0.00061561 -0.00073365 -0.00209323
v 0.00058536 -0.00075801 -0.00209623
v 0.00054932 -0.00078452 -0.00209971
v 0.00053712 -0.00079292 -0.00210087
v 0.00048672 -0.00082482 -0.00210554
v 0.00047886 -0.00082941 -0.00210625
v 0.00043432 -0.00085357 -0.00211022
v 0.00040475 -0.00086799 -0.00211279
v 0.00038012 -0.00087905 -0.00211489
v 0.00032756 -0.00089996 -0.00211927
v 0.00032436 -0.00090112 -0.00211954
v 0.00027174 -0.00091835 -0.00212378
v 0.00024788 -0.00092508 -0.00212566
v 0.00021350 -0.00093362 -0.00212833
v 0.00016631 -0.00094317 -0.00213190
v 0.00015430 -0.00094521 -0.00213280
v 0.00009437 -0.00095306 -0.00213717
v 0.00008347 -0.00095407 -0.00213795
v 0.00003412 -0.00095711 -0.00214141
v 0.00000000 -0.00095772 -0.00214375
v -0.00002489 -0.00095739 -0.00214545
v -0.00008347 -0.00095407 -0.00214955
v -0.00008362 -0.00095406 -0.00214956
v -0.00014215 -0.00094711 -0.00215381
v -0.00016631 -0.00094317 -0.00215560
v -0.00020027 -0.00093654 -0.00215816
v -0.00024788 -0.00092508 -0.00216184
v -0.00025776 -0.00092238 -0.00216262
v -0.00030827 -0.00090675 -0.00216665
v -0.00032756 -0.00089996 -0.00216823
v -0.00036391 -0.00088589 -0.00217124
v -0.00040475 -0.00086799 -0.00217471
v -0.00041825 -0.00086156 -0.00217588
v -0.00047108 -0.00083385 -0.00218055
v -0.00047886 -0.00082941 -0.00218125
v -0.00052217 -0.00080284 -0.00218523
v -0.00054932 -0.00078452 -0.00218779
v -0.00057133 -0.00076864 -0.00218990
v -0.00061561 -0.00073365 -0.00219427
v -0.00061834 -0.00073136 -0.00219455
v -0.00066300 -0.00069113 -0.00219915
v -0.00067721 -0.00067721 -0.00220066
v -0.00070512 -0.00064809 -0.00220369
v -0.00073365 -0.00061561 -0.00220690
v -0.00074453 -0.00060241 -0.00220816
v -0.00078105 -0.00055424 -0.00221252
v -0.00078452 -0.00054932 -0.00221295
v -0.00081439 -0.00050397 -0.00221675
v -0.00082941 -0.00047886 -0.00221875
v -0.00084385 -0.00045292 -0.00222078
v -0.00086799 -0.00040475 -0.00222455
v -0.00087018 -0.00040002 -0.00222492
v -0.00087467 -0.00039009 -0.00222570
v -0.00089702 -0.00033551 -0.00222998
v -0.00089996 -0.00032756 -0.00223060
v -0.00091601 -0.00027954 -0.00223436
v -0.00092508 -0.00024787 -0.00223684
v -0.00093154 -0.00022238 -0.00223883
v -0.00094317 -0.00016631 -0.00224323
v -0.00094353 -0.00016426 -0.00224339
v -0.00095190 -0.00010538 -0.00224800
v -0.00095407 -0.00008347 -0.00224971
v -0.00095661 -0.00004599 -0.00225265
v -0.00095772 0.00000000 -0.00225625
v -0.00095762 0.00001370 -0.00225732
v -0.00095490 0.00007345 -0.00226200
v -0.00095407 0.00008347 -0.00226279
v -0.00094843 0.00013303 -0.00226667
v -0.00094317 0.00016631 -0.00226927
v -0.00093823 0.00019220 -0.00227130
v -0.00092508 0.00024788 -0.00227566
v -0.00092432 0.00025071 -0.00227588
v -0.00090672 0.00030835 -0.00228040
v -0.00089996 0.00032756 -0.00228190
v -0.00088549 0.00036487 -0.00228482
v -0.00086799 0.00040475 -0.00228795
v -0.00086089 0.00041964 -0.00228911
v -0.00085809 0.00042532 -0.00228956
v -0.00082995 0.00047791 -0.00229368
v -0.00082941 0.00047886 -0.00229375
v -0.00079908 0.00052792 -0.00229773
v -0.00078451 0.00054932 -0.00229955
v -0.00076512 0.00057603 -0.00230191
v -0.00073365 0.00061561 -0.00230560
v -0.00072819 0.00062207 -0.00230622
v -0.00068840 0.00066582 -0.00231063
v -0.00067721 0.00067721 -0.00231184
v -0.00064590 0.00070713 -0.00231513
v -0.00061561 0.00073365 -0.00231823
v -0.00060084 0.00074580 -0.00231970
v -0.00055337 0.00078167 -0.00232433
v -0.00054932 0.00078452 -0.00232471
v -0.00050366 0.00081458 -0.00232899
v -0.00047886 0.00082941 -0.00233125
v -0.00045190 0.00084440 -0.00233367
v -0.00040475 0.00086799 -0.00233779
v -0.00039828 0.00087097 -0.00233834
v -0.00034300 0.00089419 -0.00234300
v -0.00032756 0.00089996 -0.00234427
v -0.00028627 0.00091393 -0.00234762
v -0.00024788 0.00092508 -0.00235066
v -0.00022858 0.00093004 -0.00235216
v -0.00022141 0.00093177 -0.00235272
v -0.00016631 0.00094317 -0.00235690
v -0.00016232 0.00094386 -0.00235720
v -0.00010248 0.00095222 -0.00236158
v -0.00008347 0.00095407 -0.00236295
v -0.00004219 0.00095679 -0.00236585
v -0.00000000 0.00095772 -0.00236875
v 0.00001697 0.00095757 -0.00236991
v 0.00007571 0.00095472 -0.00237400
v 0.00008347 0.00095407 -0.00237455
v 0.00013428 0.00094826 -0.00237823
v 0.00016631 0.00094317 -0.00238060
v 0.00019247 0.00093818 -0.00238257
v 0.00024788 0.00092508 -0.00238684
v 0.00025005 0.00092450 -0.00238701
v 0.00030678 0.00090725 -0.00239153
v 0.00032756 0.00089996 -0.00239323
v 0.00036245 0.00088648 -0.00239612
v 0.00040475 0.00086799 -0.00239971
v 0.00041683 0.00086225 -0.00240076
v 0.00046970 0.00083463 -0.00240542
v 0.00047886 0.00082941 -0.00240625
v 0.00052085 0.00080370 -0.00241010
v 0.00054932 0.00078452 -0.00241279
v 0.00057005 0.00076958 -0.00241478
v 0.00061561 0.00073365 -0.00241927
v 0.00061656 0.00073285 -0.00241937
v 0.00066132 0.00069273 -0.00242398
v 0.00067721 0.00067721 -0.00242566
v 0.00070354 0.00064981 -0.00242852
v 0.00073365 0.00061561 -0.00243190
v 0.00074306 0.00060422 -0.00243299
v 0.00077969 0.00055615 -0.00243735
v 0.00078452 0.00054932 -0.00243795
v 0.00081318 0.00050593 -0.00244159
v 0.00082941 0.00047886 -0.00244375
v 0.00084277 0.00045492 -0.00244562
v 0.00086799 0.00040475 -0.00244955
v 0.00086911 0.00040232 -0.00244974
v 0.00089222 0.00034809 -0.00245399
v 0.00089996 0.00032756 -0.00245560
v 0.00091198 0.00029241 -0.00245835
v 0.00092508 0.00024787 -0.00246184
v 0.00092831 0.00023551 -0.00246281
v 0.00094111 0.00017758 -0.00246734
v 0.00094317 0.00016631 -0.00246823
v 0.00095031 0.00011886 -0.00247194
v 0.00095407 0.00008347 -0.00247471
v 0.00095586 0.00005957 -0.00247658
v 0.00095770 0.00000605 -0.00248078
v 0.00095772 0.00000000 -0.00248125
v 0.00095621 -0.00005371 -0.00248546
v 0.00095407 -0.00008347 -0.00248779
v 0.00095098 -0.00011337 -0.00249013
v 0.00094317 -0.00016631 -0.00249427
v 0.00094202 -0.00017270 -0.00249477
v 0.00092933 -0.00023145 -0.00249938
v 0.00092508 -0.00024787 -0.00250066
v 0.00091294 -0.00028941 -0.00250391
v 0.00089996 -0.00032756 -0.00250690
v 0.00089291 -0.00034632 -0.00250837
v 0.00086928 -0.00040197 -0.00251273
v 0.00086799 -0.00040475 -0.00251295
v 0.00084227 -0.00045585 -0.00251695
v 0.00082941 -0.00047886 -0.00251875
v 0.00081265 -0.00050677 -0.00252098
v 0.00078452 -0.00054932 -0.00252455
v 0.00078000 -0.00055571 -0.00252511
v 0.00074433 -0.00060266 -0.00252937
v 0.00073365 -0.00061561 -0.00253060
v 0.00070575 -0.00064741 -0.00253374
v 0.00067721 -0.00067721 -0.00253684
v 0.00066429 -0.00068988 -0.00253821
v 0.00065927 -0.00069468 -0.00253874
v 0.00061561 -0.00073365 -0.00254323
v 0.00061498 -0.00073418 -0.00254329
v 0.00056823 -0.00077093 -0.00254790
v 0.00054932 -0.00078452 -0.00254971
v 0.00051920 -0.00080477 -0.00255255
v 0.00047886 -0.00082941 -0.00255625
v 0.00046805 -0.00083555 -0.00255722
v 0.00041498 -0.00086314 -0.00256190
v 0.00040475 -0.00086799 -0.00256279
v 0.00036019 -0.00088740 -0.00256657
v 0.00032756 -0.00089996 -0.00256927
v 0.00030388 -0.00090823 -0.00257120
v 0.00024788 -0.00092508 -0.00257566
v 0.00024627 -0.00092551 -0.00257579
v 0.00018757 -0.00093917 -0.00258030
v 0.00016631 -0.00094317 -0.00258190
v 0.00012803 -0.00094912 -0.00258473
v 0.00008347 -0.00095407 -0.00258795
v 0.00006786 -0.00095531 -0.00258905
v 0.00000804 -0.00095768 -0.00259320
v -0.00000000 -0.00095772 -0.00259375
v -0.00005071 -0.00095637 -0.00259724
v -0.00008347 -0.00095407 -0.00259955
v -0.00010941 -0.00095145 -0.00260142
v -0.00016168 -0.00094397 -0.00260525
v -0.00016631 -0.00094317 -0.00260560
v -0.00021960 -0.00093220 -0.00260964
v -0.00024788 -0.00092508 -0.00261184
v -0.00027681 -0.00091684 -0.00261412
v -0.00032756 -0.00089996 -0.00261823
v -0.00033308 -0.00089793 -0.00261868
v -0.00038817 -0.00087553 -0.00262329
v -0.00040475 -0.00086799 -0.00262471
v -0.00044187 -0.00084969 -0.00262795
v -0.00047886 -0.00082941 -0.00263125
v -0.00049395 -0.00082051 -0.00263262
v -0.00054421 -0.00078807 -0.00263730
v -0.00054932 -0.00078452 -0.00263779
v -0.00059244 -0.00075248 -0.00264197
v -0.00061561 -0.00073365 -0.00264427
v -0.00063843 -0.00071388 -0.00264660
v -0.00067721 -0.00067721 -0.00265066
v -0.00068199 -0.00067239 -0.00265117
v -0.00072294 -0.00062816 -0.00265568
v -0.00073365 -0.00061561 -0.00265690
v -0.00076109 -0.00058135 -0.00266010
v -0.00078451 -0.00054932 -0.00266295
v -0.00079627 -0.00053215 -0.00266442
v -0.00082787 -0.00048150 -0.00266854
v -0.00082941 -0.00047886 -0.00266875
v -0.00085584 -0.00042983 -0.00267259
v -0.00086799 -0.00040475 -0.00267455
v -0.00088064 -0.00037641 -0.00267677
v -0.00089996 -0.00032756 -0.00268060
v -0.00090215 -0.00032146 -0.00268108
v -0.00092027 -0.00026517 -0.00268548
v -0.00092508 -0.00024787 -0.00268684
v -0.00093491 -0.00020775 -0.00268998
v -0.00094317 -0.00016631 -0.00269323
v -0.00094599 -0.00014941 -0.00269455
v -0.00095344 -0.00009039 -0.00269917
v -0.00095407 -0.00008347 -0.00269971
v -0.00095722 -0.00003089 -0.00270383
v -0.00095772 0.00000000 -0.00270625
v -0.00095728 0.00002883 -0.00270851
v -0.00095407 0.00008347 -0.00271279
v -0.00095361 0.00008856 -0.00271319
v -0.00094620 0.00014806 -0.00271784
v -0.00094317 0.00016631 -0.00271927
v -0.00093506 0.00020708 -0.00272247
v -0.00092508 0.00024787 -0.00272566
v -0.00092021 0.00026540 -0.00272703
v -0.00090168 0.00032278 -0.00273153
v -0.00089996 0.00032756 -0.00273190
v -0.00087954 0.00037898 -0.00273593
v -0.00086799 0.00040475 -0.00273795
v -0.00085386 0.00043376 -0.00274022
v -0.00082941 0.00047886 -0.00274375
v -0.00082533 0.00048584 -0.00274430
v -0.00079397 0.00053556 -0.00274837
v -0.00078451 0.00054932 -0.00274955
v -0.00075954 0.00058337 -0.00275258
v -0.00073365 0.00061561 -0.00275560
v -0.00072216 0.00062906 -0.00275690
v -0.00068194 0.00067244 -0.00276133
v -0.00067721 0.00067721 -0.00276184
v -0.00063903 0.00071335 -0.00276584
v -0.00061561 0.00073365 -0.00276823
v -0.00059358 0.00075159 -0.00277042
v -0.00054932 0.00078452 -0.00277471
v -0.00054575 0.00078701 -0.00277505
v -0.00049571 0.00081945 -0.00277972
v -0.00047886 0.00082941 -0.00278125
v -0.00044364 0.00084876 -0.00278440
v -0.00040475 0.00086799 -0.00278779
v -0.00038975 0.00087482 -0.00278907
v -0.00033423 0.00089750 -0.00279373
v -0.00032756 0.00089996 -0.00279427
v -0.00027729 0.00091670 -0.00279834
v -0.00024788 0.00092508 -0.00280066
v -0.00021915 0.00093231 -0.00280289
v -0.00016631 0.00094317 -0.00280690
v -0.00016003 0.00094425 -0.00280737
v -0.00010016 0.00095246 -0.00281175
v -0.00008347 0.00095407 -0.00281295
v -0.00003988 0.00095689 -0.00281601
v -0.00000000 0.00095772 -0.00281875
v 0.00001924 0.00095752 -0.00282006
v 0.00007797 0.00095454 -0.00282416
v 0.00008347 0.00095407 -0.00282455
v 0.00013654 0.00094793 -0.00282839
v 0.00016631 0.00094317 -0.00283060
v 0.00019471 0.00093772 -0.00283274
v 0.00024788 0.00092508 -0.00283684
v 0.00025225 0.00092390 -0.00283718
v 0.00030895 0.00090651 -0.00284171
v 0.00032756 0.00089996 -0.00284323
v 0.00036458 0.00088561 -0.00284630
v 0.00040475 0.00086799 -0.00284971
v 0.00041890 0.00086124 -0.00285094
v 0.00047169 0.00083350 -0.00285560
v 0.00047886 0.00082941 -0.00285625
v 0.00052277 0.00080246 -0.00286028
v 0.00054932 0.00078452 -0.00286279
v 0.00057190 0.00076822 -0.00286496
v 0.00061561 0.00073365 -0.00286927
v 0.00061888 0.00073090 -0.00286960
v 0.00066351 0.00069063 -0.00287421
v 0.00067721 0.00067721 -0.00287566
v 0.00070560 0.00064757 -0.00287875
v 0.00073365 0.00061561 -0.00288190
v 0.00074498 0.00060185 -0.00288321
v 0.00078146 0.00055366 -0.00288757
v 0.00078452 0.00054932 -0.00288795
v 0.00081476 0.00050337 -0.00289180
v 0.00082941 0.00047886 -0.00289375
v 0.00084418 0.00045231 -0.00289583
v 0.00086799 0.00040475 -0.00289955
v 0.00087036 0.00039962 -0.00289996
v 0.00089330 0.00034531 -0.00290421
v 0.00089996 0.00032756 -0.00290560
v 0.00091289 0.00028957 -0.00290857
v 0.00092508 0.00024787 -0.00291184
v 0.00092904 0.00023261 -0.00291303
v 0.00094166 0.00017464 -0.00291757
v 0.00094317 0.00016631 -0.00291823
v 0.00095068 0.00011588 -0.00292218
v 0.00095407 0.00008347 -0.00292471
v 0.00095604 0.00005656 -0.00292682
v 0.00095772 -0.00000000 -0.00293125
v 0.00095771 -0.00000309 -0.00293149
v 0.00095565 -0.00006285 -0.00293617
v 0.00095407 -0.00008347 -0.00293779
v 0.00094985 -0.00012247 -0.00294084
v 0.00094317 -0.00016631 -0.00294427
v 0.00094032 -0.00018173 -0.00294548
v 0.00092706 -0.00024038 -0.00295007
v 0.00092508 -0.00024787 -0.00295066
v 0.00091011 -0.00029819 -0.00295460
v 0.00089996 -0.00032756 -0.00295690
v 0.00088952 -0.00035493 -0.00295904
v 0.00086799 -0.00040475 -0.00296295
v 0.00086535 -0.00041035 -0.00296339
v 0.00083791 -0.00046382 -0.00296757
v 0.00082941 -0.00047886 -0.00296875
v 0.00080786 -0.00051438 -0.00297160
v 0.00078451 -0.00054932 -0.00297455
v 0.00077474 -0.00056303 -0.00297575
v 0.00073861 -0.00060965 -0.00298003
v 0.00073365 -0.00061561 -0.00298060
v 0.00069959 -0.00065405 -0.00298441
v 0.00067721 -0.00067721 -0.00298684
v 0.00065783 -0.00069605 -0.00298889
v 0.00061561 -0.00073365 -0.00299323
v 0.00061345 -0.00073546 -0.00299344
v 0.00056662 -0.00077211 -0.00299805
v 0.00054932 -0.00078452 -0.00299971
v 0.00051751 -0.00080585 -0.00300271
v 0.00047886 -0.00082941 -0.00300625
v 0.00046630 -0.00083653 -0.00300738
v 0.00041317 -0.00086401 -0.00301206
v 0.00040475 -0.00086799 -0.00301279
v 0.00035832 -0.00088816 -0.00301673
v 0.00032756 -0.00089996 -0.00301927
v 0.00030197 -0.00090887 -0.00302136
v 0.00024788 -0.00092508 -0.00302566
v 0.00024432 -0.00092603 -0.00302594
v 0.00018559 -0.00093956 -0.00303045
v 0.00016631 -0.00094317 -0.00303190
v 0.00012602 -0.00094939 -0.00303488
v 0.00008347 -0.00095407 -0.00303795
v 0.00006603 -0.00095544 -0.00303918
v 0.00002772 -0.00095732 -0.00304185
v -0.00000000 -0.00095772 -0.00304375
v -0.00003120 -0.00095721 -0.00304589
v -0.00008347 -0.00095407 -0.00304955
v -0.00008992 -0.00095349 -0.00305001
v -0.00014842 -0.00094615 -0.00305427
v -0.00016631 -0.00094317 -0.00305560
v -0.00020648 -0.00093519 -0.00305864
v -0.00024788 -0.00092508 -0.00306184
v -0.00026387 -0.00092065 -0.00306310
v -0.00032037 -0.00090254 -0.00306764
v -0.00032756 -0.00089996 -0.00306823
v -0.00037575 -0.00088093 -0.00307224
v -0.00040475 -0.00086799 -0.00307471
v -0.00042978 -0.00085587 -0.00307689
v -0.00047886 -0.00082941 -0.00308125
v -0.00048226 -0.00082744 -0.00308156
v -0.00053295 -0.00079573 -0.00308624
v -0.00054932 -0.00078452 -0.00308779
v -0.00058166 -0.00076085 -0.00309091
v -0.00061561 -0.00073365 -0.00309427
v -0.00062818 -0.00072292 -0.00309555
v -0.00067231 -0.00068207 -0.00310014
v -0.00067721 -0.00067721 -0.00310066
v -0.00071386 -0.00063845 -0.00310466
v -0.00073365 -0.00061561 -0.00310690
v -0.00075266 -0.00059222 -0.00310911
v -0.00078452 -0.00054932 -0.00311295
v -0.00078853 -0.00054354 -0.00311345
v -0.00082106 -0.00049303 -0.00311763
v -0.00082941 -0.00047886 -0.00311875
v -0.00084977 -0.00044171 -0.00312166
v -0.00086799 -0.00040475 -0.00312455
v -0.00087530 -0.00038867 -0.00312581
v -0.00089757 -0.00033405 -0.00313009
v -0.00089996 -0.00032756 -0.00313060
v -0.00091647 -0.00027805 -0.00313448
v -0.00092508 -0.00024787 -0.00313684
v -0.00093190 -0.00022086 -0.00313895
v -0.00094317 -0.00016631 -0.00314323
v -0.00094379 -0.00016272 -0.00314351
v -0.00095207 -0.00010383 -0.00314812
v -0.00095407 -0.00008347 -0.00314971
v -0.00095669 -0.00004442 -0.00315277
v -0.00095772 0.00000000 -0.00315625
v -0.00095759 0.00001528 -0.00315745
v -0.00095477 0.00007502 -0.00316213
v -0.00095407 0.00008347 -0.00316279
v -0.00094821 0.00013459 -0.00316679
v -0.00094317 0.00016631 -0.00316927
v -0.00093791 0.00019375 -0.00317142
v -0.00092508 0.00024788 -0.00317566
v -0.00092390 0.00025224 -0.00317600
v -0.00090621 0.00030986 -0.00318052
v -0.00089996 0.00032756 -0.00318190
v -0.00088488 0.00036634 -0.00318494
v -0.00086799 0.00040475 -0.00318795
v -0.00085999 0.00042147 -0.00318926
v -0.00083202 0.00047431 -0.00319339
v -0.00082941 0.00047886 -0.00319375
v -0.00080136 0.00052444 -0.00319744
v -0.00078451 0.00054932 -0.00319955
v -0.00076762 0.00057270 -0.00320161
v -0.00073365 0.00061561 -0.00320560
v -0.00073089 0.00061888 -0.00320591
v -0.00069131 0.00066281 -0.00321032
v -0.00067721 0.00067721 -0.00321184
v -0.00064900 0.00070429 -0.00321481
v -0.00061561 0.00073365 -0.00321823
v -0.00060411 0.00074315 -0.00321938
v -0.00055680 0.00077923 -0.00322400
v -0.00054932 0.00078452 -0.00322471
v -0.00050725 0.00081235 -0.00322866
v -0.00047886 0.00082941 -0.00323125
v -0.00045915 0.00084048 -0.00323302
v -0.00040577 0.00086751 -0.00323770
v -0.00040475 0.00086799 -0.00323779
v -0.00035071 0.00089119 -0.00324236
v -0.00032756 0.00089996 -0.00324427
v -0.00029416 0.00091142 -0.00324699
v -0.00024788 0.00092508 -0.00325066
v -0.00023635 0.00092809 -0.00325156
v -0.00017749 0.00094113 -0.00325606
v -0.00016631 0.00094317 -0.00325690
v -0.00011782 0.00095044 -0.00326047
v -0.00008347 0.00095407 -0.00326295
v -0.00005758 0.00095598 -0.00326478
v -0.00000000 0.00095772 -0.00326875
v 0.00000195 0.00095771 -0.00326888
v 0.00006069 0.00095579 -0.00327294
v 0.00008347 0.00095407 -0.00327455
v 0.00011933 0.00095025 -0.00327714
v 0.00016631 0.00094317 -0.00328060
v 0.00017764 0.00094110 -0.00328145
v 0.00023540 0.00092834 -0.00328586
v 0.00024788 0.00092508 -0.00328684
v 0.00029237 0.00091200 -0.00329037
v 0.00032756 0.00089996 -0.00329323
v 0.00034833 0.00089212 -0.00329494
v 0.00040306 0.00086877 -0.00329957
v 0.00040475 0.00086799 -0.00329971
v 0.00045634 0.00084201 -0.00330423
v 0.00047886 0.00082941 -0.00330625
v 0.00050795 0.00081192 -0.00330891
v 0.00054932 0.00078452 -0.00331279
v 0.00055767 0.00077861 -0.00331358
v 0.00060530 0.00074218 -0.00331824
v 0.00061561 0.00073365 -0.00331927
v 0.00065064 0.00070277 -0.00332286
v 0.00067721 0.00067721 -0.00332566
v 0.00069350 0.00066051 -0.00332742
v 0.00073370 0.00061556 -0.00333191
v 0.00077105 0.00056807 -0.00333630
v 0.00078451 0.00054932 -0.00333795
v 0.00080537 0.00051826 -0.00334058
v 0.00082941 0.00047886 -0.00334375
v 0.00083588 0.00046747 -0.00334464
v 0.00086299 0.00041529 -0.00334873
v 0.00086799 0.00040475 -0.00334955
v 0.00088690 0.00036144 -0.00335295
v 0.00089996 0.00032756 -0.00335560
v 0.00090748 0.00030610 -0.00335728
v 0.00092465 0.00024947 -0.00336171
v 0.00092508 0.00024788 -0.00336184
v 0.00093832 0.00019178 -0.00336623
v 0.00094317 0.00016631 -0.00336823
v 0.00094840 0.00013323 -0.00337082
v 0.00095407 0.00008347 -0.00337471
v 0.00095485 0.00007405 -0.00337545
v 0.00095761 0.00001447 -0.00338012
v 0.00095772 0.00000000 -0.00338125
v 0.00095665 -0.00004528 -0.00338480
v 0.00095407 -0.00008347 -0.00338779
v 0.00095195 -0.00010497 -0.00338947
v 0.00094351 -0.00016436 -0.00339412
v 0.00094317 -0.00016631 -0.00339427
v 0.00093134 -0.00022321 -0.00339873
v 0.00092508 -0.00024787 -0.00340066
v 0.00091548 -0.00028129 -0.00340328
v 0.00089996 -0.00032756 -0.00340690
v 0.00089595 -0.00033837 -0.00340775
v 0.00087282 -0.00039421 -0.00341212
v 0.00086799 -0.00040475 -0.00341295
v 0.00084624 -0.00044843 -0.00341637
v 0.00082941 -0.00047886 -0.00341875
v 0.00081668 -0.00050026 -0.00342045
v 0.00078452 -0.00054932 -0.00342455
v 0.00078443 -0.00054945 -0.00342456
v 0.00074914 -0.00059667 -0.00342881
v 0.00073365 -0.00061561 -0.00343060
v 0.00071093 -0.00064172 -0.00343316
v 0.00067721 -0.00067721 -0.00343684
v 0.00066992 -0.00068441 -0.00343761
v 0.00062627 -0.00072457 -0.00344215
v 0.00061561 -0.00073365 -0.00344323
v 0.00058012 -0.00076202 -0.00344674
v 0.00054932 -0.00078452 -0.00344971
v 0.00053164 -0.00079661 -0.00345139
v 0.00048100 -0.00082817 -0.00345606
v 0.00047886 -0.00082941 -0.00345625
v 0.00042840 -0.00085656 -0.00346074
v 0.00040475 -0.00086799 -0.00346279
v 0.00037401 -0.00088167 -0.00346541
v 0.00032756 -0.00089996 -0.00346927
v 0.00031806 -0.00090336 -0.00347005
v 0.00026076 -0.00092153 -0.00347465
v 0.00024788 -0.00092508 -0.00347566
v 0.00020231 -0.00093610 -0.00347918
v 0.00016631 -0.00094317 -0.00348190
v 0.00014296 -0.00094699 -0.00348363
v 0.00008347 -0.00095407 -0.00348795
v 0.00008292 -0.00095412 -0.00348799
v 0.00002280 -0.00095744 -0.00349219
v -0.00000000 -0.00095772 -0.00349375
v -0.00003606 -0.00095704 -0.00349622
v -0.00008347 -0.00095407 -0.00349955
v -0.00009477 -0.00095302 -0.00350036
v -0.00015324 -0.00094538 -0.00350463
v -0.00016631 -0.00094317 -0.00350560
v -0.00021126 -0.00093413 -0.00350900
v -0.00024788 -0.00092508 -0.00351184
v -0.00026858 -0.00091928 -0.00351347
v -0.00032500 -0.00090089 -0.00351802
v -0.00032756 -0.00089996 -0.00351823
v -0.00038027 -0.00087898 -0.00352262
v -0.00040475 -0.00086799 -0.00352471
v -0.00043419 -0.00085364 -0.00352727
v -0.00047886 -0.00082941 -0.00353125
v -0.00048652 -0.00082494 -0.00353194
v -0.00053706 -0.00079296 -0.00353662
v -0.00054932 -0.00078452 -0.00353779
v -0.00058559 -0.00075783 -0.00354129
v -0.00061561 -0.00073365 -0.00354427
v -0.00063192 -0.00071965 -0.00354593
v -0.00067584 -0.00067857 -0.00355052
v -0.00067721 -0.00067721 -0.00355066
v -0.00071718 -0.00063473 -0.00355504
v -0.00073365 -0.00061561 -0.00355690
v -0.00075574 -0.00058828 -0.00355947
v -0.00078451 -0.00054932 -0.00356295
v -0.00079136 -0.00053941 -0.00356380
v -0.00082357 -0.00048883 -0.00356796
v -0.00082941 -0.00047886 -0.00356875
v -0.00085200 -0.00043739 -0.00357200
v -0.00086799 -0.00040475 -0.00357455
v -0.00087727 -0.00038422 -0.00357616
v -0.00089926 -0.00032948 -0.00358045
v -0.00089996 -0.00032756 -0.00358060
v -0.00091787 -0.00027336 -0.00358484
v -0.00092508 -0.00024787 -0.00358684
v -0.00093302 -0.00021609 -0.00358933
v -0.00094317 -0.00016631 -0.00359323
v -0.00094461 -0.00015788 -0.00359389
v -0.00095259 -0.00009893 -0.00359850
v -0.00095407 -0.00008347 -0.00359971
v -0.00095690 -0.00003949 -0.00360316
v -0.00095772 0.00000000 -0.00360625
v -0.00095750 0.00002015 -0.00360783
v -0.00095438 0.00007989 -0.00361251
v -0.00095407 0.00008347 -0.00361279
v -0.00094751 0.00013944 -0.00361717
v -0.00094317 0.00016631 -0.00361927
v -0.00093691 0.00019854 -0.00362180
v -0.00092508 0.00024787 -0.00362566
v -0.00092260 0.00025698 -0.00362637
v -0.00090460 0.00031451 -0.00363088
v -0.00089996 0.00032756 -0.00363190
v -0.00088298 0.00037089 -0.00363530
v -0.00086799 0.00040475 -0.00363795
v -0.00085781 0.00042590 -0.00363960
v -0.00082964 0.00047846 -0.00364372
v -0.00082941 0.00047886 -0.00364375
v -0.00079873 0.00052844 -0.00364777
v -0.00078451 0.00054932 -0.00364955
v -0.00076474 0.00057654 -0.00365196
v -0.00073365 0.00061561 -0.00365560
v -0.00072778 0.00062254 -0.00365627
v -0.00068796 0.00066628 -0.00366068
v -0.00067721 0.00067721 -0.00366184
v -0.00064544 0.00070755 -0.00366518
v -0.00061561 0.00073365 -0.00366823
v -0.00060035 0.00074619 -0.00366975
v -0.00055285 0.00078203 -0.00367438
v -0.00054932 0.00078452 -0.00367471
v -0.00050312 0.00081492 -0.00367904
v -0.00047886 0.00082941 -0.00368125
v -0.00045134 0.00084470 -0.00368371
v -0.00040475 0.00086799 -0.00368779
v -0.00039770 0.00087124 -0.00368839
v -0.00034240 0.00089442 -0.00369305
v -0.00032756 0.00089996 -0.00369427
v -0.00028566 0.00091412 -0.00369767
v -0.00024788 0.00092508 -0.00370066
v -0.00022767 0.00093026 -0.00370223
v -0.00016868 0.00094274 -0.00370672
v -0.00016631 0.00094317 -0.00370690
v -0.00010891 0.00095150 -0.00371112
v -0.00008347 0.00095407 -0.00371295
v -0.00004862 0.00095648 -0.00371540
v -0.00000000 0.00095772 -0.00371875
v 0.00001068 0.00095766 -0.00371948
v 0.00006942 0.00095520 -0.00372356
v 0.00008347 0.00095407 -0.00372455
v 0.00012803 0.00094912 -0.00372777
v 0.00016631 0.00094317 -0.00373060
v 0.00018627 0.00093943 -0.00373210
v 0.00024392 0.00092613 -0.00373653
v 0.00024788 0.00092508 -0.00373684
v 0.00030076 0.00090927 -0.00374104
v 0.00032756 0.00089996 -0.00374323
v 0.00035655 0.00088887 -0.00374563
v 0.00040475 0.00086799 -0.00374971
v 0.00041108 0.00086501 -0.00375026
v 0.00046412 0.00083774 -0.00375492
v 0.00047886 0.00082941 -0.00375625
v 0.00051546 0.00080717 -0.00375960
v 0.00054932 0.00078452 -0.00376279
v 0.00056489 0.00077338 -0.00376428
v 0.00061219 0.00073651 -0.00376893
v 0.00061561 0.00073365 -0.00376927
v 0.00065718 0.00069666 -0.00377354
v 0.00067721 0.00067721 -0.00377566
v 0.00069965 0.00065399 -0.00377809
v 0.00073365 0.00061561 -0.00378190
v 0.00073943 0.00060865 -0.00378257
v 0.00077635 0.00056081 -0.00378694
v 0.00078451 0.00054932 -0.00378795
v 0.00081017 0.00051074 -0.00379120
v 0.00082941 0.00047886 -0.00379375
v 0.00084042 0.00045926 -0.00379528
v 0.00086702 0.00040681 -0.00379939
v 0.00086799 0.00040475 -0.00379955
v 0.00089041 0.00035270 -0.00380363
v 0.00089996 0.00032756 -0.00380560
v 0.00091046 0.00029714 -0.00380798
v 0.00092508 0.00024787 -0.00381184
v 0.00095554 0.00006456 -0.00382619
v 0.00095407 0.00008347 -0.00382471
v 0.00094968 0.00012382 -0.00382155
v 0.00094317 0.00016631 -0.00381823
v 0.00094017 0.00018249 -0.00381696
v 0.00092707 0.00024033 -0.00381243
v -0.00104070 -0.00045260 0.00445000
v -0.00104641 -0.00046410 0.00445000
v -0.00105111 -0.00047604 0.00445000
v -0.00105478 -0.00048835 0.00445000
v -0.00105738 -0.00050092 0.00445000
v -0.00105890 -0.00051366 0.00445000
v -0.00105932 -0.00052649 0.00445000
v -0.00105864 -0.00053931 0.00445000
v -0.00105687 -0.00055203 0.00445000
v -0.00105402 -0.00056454 0.00445000
v -0.00105011 -0.00057677 0.00445000
v -0.00104517 -0.00058862 0.00445000
v -0.00103923 -0.00060000 0.00445000
v -0.00103234 -0.00061083 0.00445000
v -0.00102455 -0.00062104 0.00445000
v -0.00101592 -0.00063054 0.00445000
v -0.00100651 -0.00063926 0.00445000
v -0.00099638 -0.00064715 0.00445000
v -0.00098562 -0.00065415 0.00445000
v -0.00097429 -0.00066020 0.00445000
v -0.00096250 -0.00066526 0.00445000
v -0.00095031 -0.00066929 0.00445000
v -0.00093782 -0.00067227 0.00445000
v -0.00092513 -0.00067417 0.00445000
v -0.00091231 -0.00067497 0.00445000
v -0.00091231 0.00067497 0.00445000
v -0.00092513 0.00067417 0.00445000
v -0.00093782 0.00067227 0.00445000
v -0.00095031 0.00066929 0.00445000
v -0.00096250 0.00066526 0.00445000
v -0.00097429 0.00066020 0.00445000
v -0.00098562 0.00065415 0.00445000
v -0.00099638 0.00064715 0.00445000
v -0.00100651 0.00063926 0.00445000
v -0.00101592 0.00063054 0.00445000
v -0.00102455 0.00062104 0.00445000
v -0.00103234 0.00061083 0.00445000
v -0.00103923 0.00060000 0.00445000
v -0.00104517 0.00058862 0.00445000
v -0.00105011 0.00057677 0.00445000
v -0.00105402 0.00056454 0.00445000
v -0.00105687 0.00055203 0.00445000
v -0.00105864 0.00053931 0.00445000
v -0.00105932 0.00052649 0.00445000
v -0.00105890 0.00051366 0.00445000
v -0.00105738 0.00050092 0.00445000
v -0.00105478 0.00048835 0.00445000
v -0.00105111 0.00047604 0.00445000
v -0.00104641 0.00046410 0.00445000
v -0.00104070 0.00045260 0.00445000
v 0.00013455 0.00111631 0.00445000
v 0.00012838 0.00112757 0.00445000
v 0.00012128 0.00113827 0.00445000
v 0.00011329 0.00114831 0.00445000
v 0.00010447 0.00115764 0.00445000
v 0.00009488 0.00116618 0.00445000
v 0.00008460 0.00117386 0.00445000
v 0.00007370 0.00118064 0.00445000
v 0.00006226 0.00118647 0.00445000
v 0.00005037 0.00119129 0.00445000
v 0.00003810 0.00119508 0.00445000
v 0.00002556 0.00119781 0.00445000
v 0.00001283 0.00119945 0.00445000
v -0.00000000 0.00120000 0.00445000
v -0.00001283 0.00119945 0.00445000
v -0.00002556 0.00119781 0.00445000
v -0.00003810 0.00119508 0.00445000
v -0.00005037 0.00119129 0.00445000
v -0.00006226 0.00118647 0.00445000
v -0.00007370 0.00118064 0.00445000
v -0.00008460 0.00117386 0.00445000
v -0.00009488 0.00116618 0.00445000
v -0.00010447 0.00115764 0.00445000
v -0.00011329 0.00114831 0.00445000
v -0.00012128 0.00113827 0.00445000
v -0.00012838 0.00112757 0.00445000
v 0.00103403 0.00044163 0.00445000
v 0.00104070 0.00045260 0.00445000
v 0.00104641 0.00046410 0.00445000
v 0.00105111 0.00047604 0.00445000
v 0.00105478 0.00048835 0.00445000
v 0.00105738 0.00050092 0.00445000
v 0.00105890 0.00051366 0.00445000
v 0.00105932 0.00052649 0.00445000
v 0.00105864 0.00053931 0.00445000
v 0.00105687 0.00055203 0.00445000
v 0.00105402 0.00056454 0.00445000
v 0.00105011 0.00057677 0.00445000
v 0.00104517 0.00058862 0.00445000
v 0.00103923 0.00060000 0.00445000
v 0.00103234 0.00061083 0.00445000
v 0.00102455 0.00062104 0.00445000
v 0.00101592 0.00063054 0.00445000
v 0.00100651 0.00063926 0.00445000
v 0.00099638 0.00064715 0.00445000
v 0.00098562 0.00065415 0.00445000
v 0.00097429 0.00066020 0.00445000
v 0.00096250 0.00066526 0.00445000
v 0.00095031 0.00066929 0.00445000
v 0.00093782 0.00067227 0.00445000
v 0.00092513 0.00067417 0.00445000
v 0.00091231 0.00067497 0.00445000
v 0.00089948 0.00067468 0.00445000
v 0.00089948 -0.00067468 0.00445000
v 0.00091231 -0.00067497 0.00445000
v 0.00092513 -0.00067417 0.00445000
v 0.00093782 -0.00067227 0.00445000
v 0.00095031 -0.00066929 0.00445000
v 0.00096250 -0.00066526 0.00445000
v 0.00097429 -0.00066020 0.00445000
v 0.00098562 -0.00065415 0.00445000
v 0.00099638 -0.00064715 0.00445000
v 0.00100651 -0.00063926 0.00445000
v 0.00101592 -0.00063054 0.00445000
v 0.00102455 -0.00062104 0.00445000
v 0.00103234 -0.00061083 0.00445000
v 0.00103923 -0.00060000 0.00445000
v 0.00104517 -0.00058862 0.00445000
v 0.00105011 -0.00057677 0.00445000
v 0.00105402 -0.00056454 0.00445000
v 0.00105687 -0.00055203 0.00445000
v 0.00105864 -0.00053931 0.00445000
v 0.00105932 -0.00052649 0.00445000
v 0.00105890 -0.00051366 0.00445000
v 0.00105738 -0.00050092 0.00445000
v 0.00105478 -0.00048835 0.00445000
v 0.00105111 -0.00047604 0.00445000
v 0.00104641 -0.00046410 0.00445000
v 0.00104070 -0.00045260 0.00445000
v 0.00103403 -0.00044163 0.00445000
v -0.00012838 -0.00112757 0.00445000
v -0.00012128 -0.00113827 0.00445000
v -0.00011329 -0.00114831 0.00445000
v -0.00010447 -0.00115764 0.00445000
v -0.00009488 -0.00116618 0.00445000
v -0.00008460 -0.00117386 0.00445000
v -0.00007370 -0.00118064 0.00445000
v -0.00006226 -0.00118647 0.00445000
v -0.00005037 -0.00119129 0.00445000
v -0.00003810 -0.00119508 0.00445000
v -0.00002556 -0.00119781 0.00445000
v -0.00001283 -0.00119945 0.00445000
v 0.00000000 -0.00120000 0.00445000
v 0.00001283 -0.00119945 0.00445000
v 0.00002556 -0.00119781 0.00445000
v 0.00003810 -0.00119508 0.00445000
v 0.00005037 -0.00119129 0.00445000
v 0.00006226 -0.00118647 0.00445000
v 0.00007370 -0.00118064 0.00445000
v 0.00008460 -0.00117386 0.00445000
v 0.00009488 -0.00116618 0.00445000
v 0.00010447 -0.00115764 0.00445000
v 0.00011329 -0.00114831 0.00445000
v 0.00012128 -0.00113827 0.00445000
v 0.00012838 -0.00112757 0.00445000
v 0.00013455 -0.00111631 0.00445000
v 0.00020349 -0.00100184 0.00445000
v 0.00024494 -0.00094935 0.00445000
v 0.00016661 -0.00105762 0.00445000
v 0.00020349 0.00100184 0.00445000
v 0.00016661 0.00105762 0.00445000
v 0.00094463 0.00026255 0.00445000
v 0.00096936 0.00032469 0.00445000
v 0.00096936 -0.00032469 0.00445000
v 0.00045000 -0.00077942 0.00445000
v 0.00050927 -0.00074845 0.00445000
v 0.00099923 -0.00038452 0.00445000
v 0.00029065 -0.00090053 0.00445000
v 0.00034030 -0.00085573 0.00445000
v 0.00039354 -0.00081527 0.00445000
v 0.00090281 0.00006682 0.00445000
v 0.00090000 0.00000000 0.00445000
v 0.00090281 -0.00006682 0.00445000
v 0.00099923 0.00038452 0.00445000
v 0.00092521 -0.00019856 0.00445000
v 0.00091124 -0.00013316 0.00445000
v 0.00076587 0.00067715 0.00445000
v 0.00083262 0.00067310 0.00445000
v 0.00057094 -0.00072257 0.00445000
v 0.00063456 -0.00070197 0.00445000
v 0.00069969 -0.00068680 0.00445000
v 0.00091124 0.00013316 0.00445000
v 0.00092521 0.00019856 0.00445000
v 0.00094463 -0.00026255 0.00445000
v 0.00069969 0.00068680 0.00445000
v 0.00063456 0.00070197 0.00445000
v 0.00057094 0.00072257 0.00445000
v 0.00050927 0.00074845 0.00445000
v 0.00045000 0.00077942 0.00445000
v 0.00039354 0.00081527 0.00445000
v 0.00034030 0.00085573 0.00445000
v 0.00029065 0.00090053 0.00445000
v 0.00024494 0.00094935 0.00445000
v 0.00076587 -0.00067715 0.00445000
v 0.00083262 -0.00067310 0.00445000
f 1 2 3
f 4 5 6
f 5 7 6
f 6 7 8
f 7 9 8
f 8 9 10
f 9 11 10
f 10 11 12
f 11 13 12
f 12 13 14
f 13 15 14
f 14 15 16
f 16 15 17
f 15 18 17
f 17 18 19
f 18 20 19
f 19 20 21
f 20 22 21
f 21 22 23
f 22 24 23
f 23 24 25
f 25 24 26
f 24 27 26
f 26 27 28
f 27 29 28
f 28 29 30
f 29 31 30
f 30 31 32
f 32 31 33
f 31 34 33
f 33 34 35
f 35 34 36
f 34 37 36
f 36 37 38
f 37 39 38
f 38 39 40
f 39 41 40
f 40 41 42
f 42 41 43
f 41 44 43
f 43 44 45
f 45 44 46
f 44 47 46
f 46 47 48
f 48 47 49
f 47 50 49
f 49 50 51
f 51 50 52
f 50 53 52
f 52 53 54
f 53 55 54
f 54 55 56
f 56 55 57
f 55 58 57
f 57 58 59
f 59 58 60
f 58 61 60
f 60 61 62
f 61 63 62
f 62 63 64
f 63 65 64
f 64 65 66
f 66 65 67
f 65 68 67
f 67 68 69
f 68 70 69
f 69 70 71
f 70 72 71
f 71 72 73
f 72 74 73
f 73 74 75
f 74 76 75
f 75 76 77
f 77 76 78
f 76 79 78
f 78 79 80
f 79 81 80
f 80 81 82
f 81 83 82
f 82 83 84
f 84 83 85
f 83 86 85
f 85 86 87
f 86 88 87
f 87 88 89
f 88 90 89
f 89 90 91
f 90 92 91
f 91 92 93
f 93 92 94
f 92 95 94
f 94 95 96
f 95 97 96
f 96 97 98
f 97 99 98
f 98 99 100
f 99 101 100
f 100 101 102
f 102 101 103
f 101 104 103
f 103 104 105
f 104 106 105
f 105 106 107
f 106 108 107
f 107 108 109
f 108 110 109
f 109 110 111
f 111 110 112
f 110 113 112
f 112 113 114
f 113 115 114
f 114 115 116
f 115 117 116
f 116 117 118
f 118 117 119
f 117 120 119
f 119 120 121
f 121 120 122
f 120 123 122
f 122 123 124
f 123 125 124
f 124 125 126
f 125 127 126
f 126 127 128
f 128 127 129
f 127 130 129
f 129 130 131
f 131 130 132
f 130 133 132
f 132 133 134
f 134 133 135
f 133 136 135
f 135 136 137
f 137 136 138
f 136 139 138
f 138 139 140
f 139 141 140
f 140 141 142
f 142 141 143
f 141 144 143
f 143 144 145
f 145 144 146
f 144 147 146
f 146 147 148
f 147 149 148
f 148 149 150
f 149 151 150
f 150 151 152
f 153 154 155
f 152 151 156
f 151 157 156
f 156 157 158
f 157 155 158
f 158 155 159
f 155 154 159
f 159 154 160
f 154 161 160
f 160 161 162
f 161 163 162
f 162 163 164
f 163 165 164
f 164 165 166
f 165 167 166
f 166 167 168
f 168 167 169
f 167 170 169
f 169 170 171
f 170 172 171
f 171 172 173
f 172 174 173
f 173 174 175
f 174 176 175
f 176 177 175
f 175 177 178
f 178 177 179
f 177 180 179
f 179 180 181
f 180 182 181
f 181 182 183
f 182 184 183
f 184 185 183
f 183 185 186
f 1 3 187
f 3 188 187
f 187 188 189
f 188 190 189
f 189 190 191
f 190 192 191
f 191 192 193
f 192 194 193
f 193 194 195
f 195 194 196
f 194 197 196
f 196 197 198
f 198 197 199
f 197 200 199
f 199 200 201
f 185 202 186
f 202 203 186
f 186 203 204
f 203 205 204
f 204 205 206
f 205 207 206
f 206 207 208
f 207 209 208
f 208 209 200
f 209 210 200
f 200 210 201
f 155 211 153
f 211 212 153
f 153 212 213
f 212 214 213
f 213 214 215
f 214 216 215
f 215 216 217
f 216 218 217
f 217 218 219
f 218 220 219
f 219 220 221
f 220 222 221
f 221 222 223
f 222 224 223
f 223 224 225
f 224 5 225
f 225 5 226
f 5 4 226
f 227 228 229
f 230 231 232
f 233 234 235
f 236 237 238
f 239 240 241
f 242 243 244
f 245 246 247
f 248 249 250
f 250 249 251
f 252 253 254
f 255 256 257
f 258 259 260
f 261 262 263
f 264 265 266
f 267 268 269
f 270 271 272
f 273 274 275
f 276 277 278
f 279 280 281
f 282 283 284
f 285 286 287
f 287 286 288
f 289 290 291
f 292 293 294
f 295 296 297
f 297 296 298
f 299 300 301
f 302 303 304
f 304 303 305
f 306 307 308
f 309 310 311
f 312 313 314
f 315 316 317
f 318 319 320
f 320 319 321
f 322 323 324
f 325 326 327
f 327 328 325
f 328 329 325
f 325 329 324
f 329 330 324
f 324 330 322
f 326 325 331
f 325 332 331
f 331 332 333
f 333 332 334
f 332 335 334
f 334 335 336
f 337 338 339
f 337 339 335
f 339 340 335
f 335 340 336
f 338 337 341
f 337 342 341
f 341 342 343
f 344 345 342
f 345 346 342
f 342 346 343
f 347 348 344
f 348 349 344
f 344 349 345
f 350 351 347
f 351 352 347
f 347 352 348
f 353 354 355
f 354 356 355
f 355 356 357
f 356 358 357
f 357 358 359
f 358 360 359
f 359 360 350
f 360 361 350
f 350 361 351
f 362 363 364
f 362 364 365
f 364 366 365
f 365 366 367
f 366 368 367
f 367 368 369
f 368 370 369
f 369 370 353
f 370 371 353
f 353 371 354
f 363 362 372
f 362 373 372
f 372 373 374
f 373 375 374
f 374 375 376
f 377 378 379
f 378 380 379
f 379 380 381
f 380 382 381
f 381 382 383
f 382 384 383
f 383 384 385
f 384 386 385
f 385 386 387
f 386 388 387
f 387 388 389
f 388 390 389
f 389 390 391
f 390 392 391
f 391 392 393
f 392 394 393
f 393 394 376
f 394 395 376
f 376 395 374
f 379 396 377
f 396 397 377
f 377 397 398
f 397 399 398
f 400 401 402
f 401 403 402
f 402 403 404
f 403 405 404
f 404 405 406
f 405 407 406
f 406 407 408
f 407 409 408
f 408 409 399
f 409 410 399
f 399 410 398
f 402 411 400
f 411 412 400
f 400 412 413
f 412 414 413
f 413 414 415
f 414 416 415
f 415 416 417
f 416 418 417
f 417 418 419
f 418 420 419
f 419 420 421
f 421 420 422
f 420 423 422
f 422 423 424
f 423 425 424
f 424 425 426
f 425 427 426
f 427 428 426
f 426 428 429
f 428 430 429
f 429 430 431
f 430 432 431
f 431 432 433
f 432 434 433
f 432 435 434
f 435 436 434
f 434 436 437
f 436 438 437
f 437 438 439
f 438 440 439
f 439 440 441
f 440 442 441
f 441 442 443
f 443 442 444
f 442 445 444
f 444 445 446
f 445 447 446
f 446 447 448
f 447 449 448
f 449 450 448
f 448 450 451
f 450 452 451
f 451 452 453
f 452 454 453
f 453 454 455
f 454 321 455
f 455 321 456
f 321 319 456
f 320 457 318
f 457 458 318
f 318 458 459
f 458 460 459
f 459 460 461
f 460 462 461
f 461 462 463
f 462 464 463
f 463 464 465
f 466 467 468
f 467 469 468
f 465 464 470
f 464 471 470
f 470 471 472
f 471 473 472
f 472 473 469
f 473 474 469
f 469 474 468
f 317 316 475
f 316 476 475
f 475 476 466
f 476 477 466
f 466 477 467
f 317 478 315
f 478 479 315
f 315 479 480
f 479 481 480
f 480 481 482
f 481 483 482
f 482 483 484
f 484 483 485
f 483 486 485
f 485 486 487
f 486 488 487
f 487 488 489
f 488 490 489
f 490 491 489
f 489 491 492
f 491 493 492
f 492 493 494
f 493 495 494
f 494 495 496
f 495 497 496
f 496 497 498
f 498 497 499
f 497 500 499
f 499 500 501
f 500 502 501
f 501 502 503
f 502 504 503
f 504 505 503
f 503 505 506
f 505 507 506
f 506 507 508
f 509 510 511
f 510 512 511
f 511 512 513
f 508 507 514
f 507 515 514
f 514 515 516
f 515 517 516
f 516 517 518
f 517 519 518
f 518 519 509
f 519 520 509
f 509 520 510
f 521 522 523
f 522 524 523
f 523 524 525
f 513 512 526
f 512 527 526
f 526 527 528
f 527 529 528
f 528 529 521
f 529 530 521
f 521 530 522
f 525 524 531
f 524 532 531
f 531 532 533
f 532 534 533
f 533 534 535
f 534 536 535
f 535 536 537
f 536 538 537
f 538 539 537
f 537 539 540
f 539 541 540
f 540 541 542
f 542 541 543
f 541 544 543
f 543 544 545
f 544 546 545
f 545 546 547
f 546 548 547
f 547 548 549
f 548 550 549
f 549 550 551
f 550 552 551
f 552 553 551
f 551 553 554
f 553 555 554
f 554 555 556
f 557 558 559
f 558 560 559
f 556 555 561
f 555 562 561
f 561 562 563
f 562 564 563
f 563 564 565
f 564 566 565
f 565 566 567
f 566 568 567
f 567 568 569
f 568 570 569
f 569 570 571
f 570 572 571
f 571 572 573
f 572 574 573
f 573 574 575
f 574 576 575
f 575 576 560
f 576 577 560
f 560 577 559
f 578 579 580
f 579 581 580
f 580 581 582
f 581 583 582
f 582 583 584
f 583 585 584
f 584 585 586
f 585 587 586
f 586 587 588
f 587 589 588
f 588 589 590
f 589 591 590
f 590 591 592
f 591 593 592
f 592 593 594
f 593 595 594
f 594 595 596
f 595 597 596
f 596 597 598
f 597 599 598
f 598 599 600
f 599 601 600
f 600 601 602
f 601 603 602
f 602 603 604
f 603 605 604
f 604 605 606
f 605 607 606
f 606 607 608
f 607 609 608
f 608 609 610
f 609 611 610
f 610 611 612
f 611 613 612
f 612 613 614
f 613 615 614
f 614 615 616
f 615 617 616
f 616 617 618
f 617 619 618
f 618 619 620
f 619 621 620
f 620 621 622
f 621 623 622
f 622 623 624
f 623 625 624
f 624 625 626
f 625 627 626
f 626 627 628
f 627 629 628
f 628 629 630
f 629 631 630
f 630 631 632
f 631 633 632
f 632 633 634
f 633 635 634
f 634 635 636
f 635 637 636
f 636 637 638
f 637 639 638
f 638 639 640
f 639 641 640
f 640 641 642
f 641 643 642
f 642 643 644
f 643 645 644
f 644 645 646
f 645 647 646
f 646 647 648
f 647 649 648
f 648 649 650
f 649 651 650
f 650 651 652
f 651 653 652
f 652 653 654
f 653 655 654
f 654 655 656
f 655 657 656
f 656 657 658
f 657 659 658
f 658 659 660
f 659 661 660
f 660 661 662
f 661 663 662
f 662 663 664
f 663 665 664
f 664 665 666
f 665 667 666
f 666 667 668
f 667 669 668
f 668 669 670
f 669 671 670
f 670 671 672
f 671 673 672
f 672 673 674
f 673 675 674
f 674 675 676
f 675 677 676
f 676 677 678
f 677 679 678
f 678 679 680
f 679 681 680
f 680 681 682
f 681 683 682
f 682 683 684
f 683 685 684
f 684 685 686
f 685 687 686
f 686 687 688
f 687 689 688
f 688 689 690
f 689 691 690
f 690 691 692
f 691 693 692
f 692 693 694
f 693 695 694
f 694 695 696
f 695 697 696
f 696 697 698
f 697 699 698
f 698 699 700
f 699 701 700
f 700 701 702
f 701 703 702
f 702 703 704
f 703 705 704
f 704 705 706
f 705 707 706
f 706 707 708
f 707 709 708
f 708 709 710
f 709 711 710
f 710 711 712
f 711 713 712
f 712 713 714
f 713 715 714
f 714 715 716
f 715 717 716
f 716 717 718
f 717 719 718
f 718 719 557
f 719 720 557
f 557 720 558
f 580 721 578
f 721 722 578
f 578 722 723
f 723 722 724
f 722 725 724
f 724 725 726
f 725 727 726
f 727 728 726
f 726 728 729
f 728 730 729
f 729 730 731
f 730 732 731
f 731 732 733
f 732 734 733
f 732 735 734
f 735 736 734
f 734 736 737
f 737 736 738
f 736 739 738
f 738 739 740
f 739 741 740
f 740 741 742
f 741 743 742
f 742 743 744
f 743 745 744
f 745 746 744
f 744 746 747
f 746 748 747
f 746 749 748
f 749 750 748
f 748 750 751
f 750 752 751
f 751 752 753
f 752 754 753
f 753 754 755
f 755 754 756
f 754 757 756
f 756 757 313
f 757 758 313
f 313 758 314
f 759 760 761
f 312 314 761
f 314 762 761
f 761 762 759
f 760 759 763
f 759 764 763
f 763 764 765
f 764 766 765
f 765 766 767
f 766 768 767
f 767 768 769
f 768 770 769
f 769 770 771
f 770 772 771
f 771 772 773
f 772 774 773
f 773 774 775
f 774 776 775
f 775 776 777
f 776 778 777
f 777 778 779
f 778 780 779
f 779 780 781
f 780 782 781
f 781 782 783
f 782 784 783
f 783 784 785
f 784 786 785
f 785 786 787
f 786 788 787
f 787 788 789
f 788 790 789
f 789 790 791
f 790 792 791
f 791 792 793
f 792 794 793
f 793 794 795
f 794 796 795
f 795 796 797
f 796 798 797
f 797 798 799
f 798 800 799
f 799 800 801
f 800 802 801
f 801 802 803
f 802 804 803
f 803 804 805
f 804 806 805
f 805 806 807
f 806 808 807
f 807 808 809
f 808 810 809
f 809 810 811
f 810 812 811
f 811 812 813
f 812 814 813
f 813 814 815
f 814 816 815
f 815 816 817
f 816 818 817
f 817 818 819
f 818 820 819
f 819 820 821
f 820 822 821
f 821 822 823
f 822 824 823
f 823 824 825
f 824 826 825
f 825 826 827
f 826 828 827
f 827 828 829
f 828 830 829
f 829 830 831
f 830 832 831
f 831 832 833
f 832 834 833
f 833 834 835
f 834 836 835
f 835 836 837
f 836 838 837
f 837 838 839
f 838 840 839
f 839 840 841
f 840 842 841
f 841 842 843
f 842 844 843
f 843 844 845
f 844 846 845
f 845 846 847
f 846 848 847
f 847 848 849
f 848 850 849
f 849 850 851
f 850 852 851
f 851 852 853
f 852 854 853
f 853 854 855
f 854 856 855
f 855 856 857
f 856 858 857
f 857 858 859
f 858 860 859
f 859 860 861
f 860 862 861
f 861 862 863
f 862 864 863
f 863 864 865
f 866 867 868
f 865 864 868
f 864 869 868
f 868 869 866
f 867 866 870
f 866 871 870
f 870 871 872
f 871 873 872
f 872 873 874
f 873 875 874
f 874 875 876
f 875 877 876
f 877 878 876
f 876 878 879
f 878 880 879
f 878 881 880
f 881 882 880
f 880 882 883
f 882 884 883
f 883 884 885
f 884 886 885
f 884 887 886
f 887 888 886
f 886 888 889
f 888 890 889
f 889 890 891
f 890 892 891
f 891 892 893
f 892 894 893
f 893 894 895
f 894 896 895
f 895 896 897
f 896 898 897
f 897 898 899
f 898 900 899
f 899 900 901
f 900 902 901
f 901 902 903
f 902 904 903
f 903 904 905
f 904 906 905
f 905 906 907
f 906 908 907
f 907 908 909
f 908 910 909
f 909 910 911
f 910 912 911
f 911 912 913
f 912 914 913
f 913 914 915
f 914 916 915
f 915 916 917
f 916 918 917
f 917 918 919
f 918 920 919
f 919 920 921
f 920 922 921
f 921 922 923
f 922 924 923
f 923 924 925
f 924 926 925
f 925 926 927
f 926 928 927
f 927 928 929
f 928 930 929
f 929 930 931
f 930 932 931
f 931 932 933
f 932 934 933
f 933 934 935
f 934 936 935
f 935 936 937
f 936 938 937
f 937 938 939
f 938 940 939
f 939 940 941
f 940 942 941
f 941 942 943
f 942 944 943
f 943 944 945
f 944 946 945
f 945 946 947
f 946 948 947
f 947 948 949
f 948 950 949
f 949 950 951
f 950 952 951
f 951 952 953
f 952 954 953
f 953 954 955
f 954 956 955
f 955 956 957
f 956 958 957
f 957 958 959
f 958 960 959
f 959 960 961
f 960 962 961
f 961 962 963
f 962 964 963
f 963 964 965
f 964 966 965
f 965 966 967
f 966 968 967
f 967 968 969
f 968 970 969
f 969 970 971
f 970 972 971
f 971 972 973
f 972 974 973
f 973 974 975
f 974 976 975
f 975 976 977
f 976 978 977
f 977 978 979
f 978 980 979
f 979 980 981
f 980 982 981
f 981 982 983
f 982 984 983
f 983 984 985
f 984 986 985
f 985 986 987
f 986 988 987
f 987 988 989
f 988 990 989
f 989 990 991
f 990 992 991
f 991 992 993
f 992 994 993
f 993 994 995
f 994 996 995
f 995 996 997
f 996 998 997
f 997 998 999
f 998 1000 999
f 999 1000 1001
f 1000 1002 1001
f 1001 1002 1003
f 1002 1004 1003
f 1003 1004 1005
f 1004 1006 1005
f 1005 1006 1007
f 1006 1008 1007
f 1007 1008 1009
f 1008 1010 1009
f 1009 1010 1011
f 1010 1012 1011
f 1011 1012 1013
f 1012 1014 1013
f 1013 1014 1015
f 1014 1016 1015
f 1015 1016 1017
f 1016 1018 1017
f 1017 1018 1019
f 1018 1020 1019
f 1019 1020 1021
f 1020 1022 1021
f 1020 1023 1022
f 1023 1024 1022
f 1022 1024 1025
f 1024 1026 1025
f 1025 1026 1027
f 1026 1028 1027
f 1027 1028 1029
f 1028 1030 1029
f 1029 1030 1031
f 1030 1032 1031
f 1031 1032 1033
f 1034 1035 1036
f 1033 1032 1037
f 1032 1038 1037
f 1037 1038 1039
f 1038 1040 1039
f 1039 1040 1036
f 1040 1041 1036
f 1036 1041 1034
f 1042 1043 1044
f 1043 1045 1044
f 1044 1045 1046
f 1045 1035 1046
f 1046 1035 1047
f 1035 1034 1047
f 1044 1048 1042
f 1048 1049 1042
f 1042 1049 1050
f 1049 1051 1050
f 1050 1051 1052
f 1051 1053 1052
f 1052 1053 1054
f 1053 1055 1054
f 1054 1055 1056
f 1056 1055 1057
f 1055 1058 1057
f 1057 1058 1059
f 1058 1060 1059
f 1060 1061 1059
f 1059 1061 1062
f 1061 1063 1062
f 1062 1063 1064
f 1064 1063 1065
f 1063 1066 1065
f 1065 1066 1067
f 1066 1068 1067
f 1067 1068 1069
f 1068 1070 1069
f 1070 1071 1069
f 1069 1071 1072
f 1071 1073 1072
f 1072 1073 1074
f 1073 1075 1074
f 1074 1075 1076
f 1075 1077 1076
f 311 310 1078
f 310 1079 1078
f 1078 1079 1080
f 1079 1081 1080
f 1080 1081 1077
f 1081 1082 1077
f 1077 1082 1076
f 1083 1084 1085
f 1084 1086 1085
f 1085 1086 1087
f 1086 1088 1087
f 1087 1088 1089
f 1088 1090 1089
f 1089 1090 1091
f 1090 309 1091
f 1091 309 1092
f 309 311 1092
f 1085 1093 1083
f 1093 1094 1083
f 1083 1094 1095
f 1094 1096 1095
f 1095 1096 1097
f 1096 1098 1097
f 1097 1098 1099
f 1098 1100 1099
f 1099 1100 1101
f 1102 1103 1104
f 1103 1105 1104
f 1104 1105 1106
f 1101 1100 1107
f 1100 1108 1107
f 1107 1108 1109
f 1108 1110 1109
f 1109 1110 1102
f 1110 1111 1102
f 1102 1111 1103
f 1106 1105 1112
f 1105 1113 1112
f 1112 1113 1114
f 1113 1115 1114
f 1114 1115 1116
f 1115 1117 1116
f 1116 1117 1118
f 1117 1119 1118
f 1118 1119 1120
f 1119 1121 1120
f 1120 1121 1122
f 1121 1123 1122
f 1122 1123 1124
f 1123 1125 1124
f 1124 1125 1126
f 1125 1127 1126
f 1126 1127 1128
f 1127 1129 1128
f 1128 1129 1130
f 1129 1131 1130
f 1130 1131 1132
f 1131 1133 1132
f 1132 1133 1134
f 1133 1135 1134
f 1134 1135 1136
f 1135 1137 1136
f 1136 1137 1138
f 1137 1139 1138
f 1138 1139 1140
f 1139 1141 1140
f 1140 1141 1142
f 1141 1143 1142
f 1142 1143 1144
f 1143 1145 1144
f 1144 1145 1146
f 1145 1147 1146
f 1146 1147 1148
f 1147 1149 1148
f 1148 1149 1150
f 1149 1151 1150
f 1150 1151 1152
f 1151 1153 1152
f 1152 1153 1154
f 1153 1155 1154
f 1154 1155 1156
f 1155 1157 1156
f 1156 1157 1158
f 1157 1159 1158
f 1158 1159 1160
f 1159 1161 1160
f 1160 1161 1162
f 1161 1163 1162
f 1162 1163 1164
f 1163 1165 1164
f 1164 1165 1166
f 1165 1167 1166
f 1166 1167 1168
f 1167 1169 1168
f 1168 1169 1170
f 1169 1171 1170
f 1170 1171 1172
f 1171 1173 1172
f 1172 1173 1174
f 1173 1175 1174
f 1174 1175 1176
f 1175 1177 1176
f 1176 1177 1178
f 1177 1179 1178
f 1178 1179 1180
f 1179 1181 1180
f 1180 1181 1182
f 1181 1183 1182
f 1182 1183 1184
f 1183 1185 1184
f 1184 1185 1186
f 1185 1187 1186
f 1186 1187 1188
f 1187 1189 1188
f 1188 1189 1190
f 1189 1191 1190
f 1190 1191 1192
f 1191 1193 1192
f 1192 1193 1194
f 1193 1195 1194
f 1194 1195 1196
f 1195 1197 1196
f 1196 1197 1198
f 1197 1199 1198
f 1198 1199 1200
f 1199 1201 1200
f 1200 1201 1202
f 1201 1203 1202
f 1202 1203 1204
f 1203 1205 1204
f 1204 1205 1206
f 1205 1207 1206
f 1206 1207 1208
f 1207 1209 1208
f 1208 1209 1210
f 1209 1211 1210
f 1210 1211 1212
f 1211 1213 1212
f 1212 1213 1214
f 1213 1215 1214
f 1214 1215 1216
f 1215 1217 1216
f 1216 1217 1218
f 1219 1220 1221
f 1218 1217 1221
f 1217 1222 1221
f 1221 1222 1219
f 1220 1219 1223
f 1219 1224 1223
f 1223 1224 1225
f 1224 1226 1225
f 1226 1227 1225
f 1225 1227 1228
f 1228 1227 1229
f 1227 1230 1229
f 1229 1230 1231
f 1230 1232 1231
f 1231 1232 1233
f 1232 1234 1233
f 1233 1234 1235
f 1234 1236 1235
f 1236 1237 1235
f 1235 1237 1238
f 1237 1239 1238
f 1237 1240 1239
f 1240 1241 1239
f 1239 1241 1242
f 1242 1241 1243
f 1241 1244 1243
f 1243 1244 307
f 1244 1245 307
f 307 1245 308
f 306 308 1246
f 308 1247 1246
f 1246 1247 1248
f 305 303 1248
f 303 1249 1248
f 1248 1249 1246
f 1250 1251 1252
f 302 304 1252
f 304 1253 1252
f 1252 1253 1250
f 1251 1250 1254
f 1250 1255 1254
f 1254 1255 300
f 1255 1256 300
f 300 1256 301
f 1257 1258 1259
f 299 301 1259
f 301 1260 1259
f 1259 1260 1257
f 1258 1257 1261
f 1257 1262 1261
f 1261 1262 1263
f 1262 1264 1263
f 1264 1265 1263
f 1263 1265 1266
f 1265 1267 1266
f 1265 1268 1267
f 1268 1269 1267
f 1267 1269 1270
f 1269 1271 1270
f 1269 1272 1271
f 1272 1273 1271
f 1271 1273 1274
f 1273 1275 1274
f 1274 1275 1276
f 1275 1277 1276
f 1275 1278 1277
f 1278 1279 1277
f 1277 1279 1280
f 1280 1279 1281
f 1279 1282 1281
f 1281 1282 1283
f 1282 1284 1283
f 1284 1285 1283
f 1283 1285 1286
f 1285 1287 1286
f 1285 1288 1287
f 1288 1289 1287
f 1287 1289 1290
f 1289 1291 1290
f 1289 1292 1291
f 1292 1293 1291
f 1291 1293 1294
f 1294 1293 1295
f 1293 1296 1295
f 1295 1296 1297
f 1296 1298 1297
f 1297 1298 1299
f 298 296 1299
f 296 1300 1299
f 1299 1300 1297
f 1301 1302 1303
f 1302 1304 1303
f 295 297 1304
f 297 1305 1304
f 1304 1305 1303
f 1303 1306 1301
f 1306 1307 1301
f 1301 1307 1308
f 1307 1309 1308
f 1308 1309 1310
f 1311 1312 1313
f 1310 1309 1313
f 1309 1314 1313
f 1313 1314 1311
f 1312 1311 1315
f 1311 1316 1315
f 1315 1316 293
f 1316 1317 293
f 293 1317 294
f 1318 1319 1320
f 292 294 1320
f 294 1321 1320
f 1320 1321 1318
f 1319 1318 1322
f 1318 1323 1322
f 1322 1323 1324
f 1323 1325 1324
f 1325 1326 1324
f 1324 1326 1327
f 1327 1326 1328
f 1326 1329 1328
f 1328 1329 1330
f 1329 1331 1330
f 1330 1331 1332
f 1331 1333 1332
f 1332 1333 1334
f 1333 1335 1334
f 1335 1336 1334
f 1334 1336 1337
f 1336 1338 1337
f 1336 1339 1338
f 1339 1340 1338
f 1338 1340 1341
f 1341 1340 1342
f 1340 1343 1342
f 1342 1343 290
f 1343 1344 290
f 290 1344 291
f 289 291 1345
f 291 1346 1345
f 1345 1346 1347
f 288 286 1347
f 286 1348 1347
f 1347 1348 1345
f 1349 1350 1351
f 285 287 1351
f 287 1352 1351
f 1351 1352 1349
f 1350 1349 1353
f 1349 1354 1353
f 1353 1354 283
f 1354 1355 283
f 283 1355 284
f 1356 1357 1358
f 282 284 1358
f 284 1359 1358
f 1358 1359 1356
f 1357 1356 1360
f 1356 1361 1360
f 1360 1361 1362
f 1361 1363 1362
f 1363 1364 1362
f 1362 1364 1365
f 1364 1366 1365
f 1364 1367 1366
f 1367 1368 1366
f 1366 1368 1369
f 1368 1370 1369
f 1368 1371 1370
f 1371 1372 1370
f 1370 1372 1373
f 1372 1374 1373
f 1373 1374 1375
f 1374 1376 1375
f 1374 1377 1376
f 1377 1378 1376
f 1376 1378 1379
f 1379 1378 1380
f 1378 1381 1380
f 1380 1381 1382
f 1381 1383 1382
f 1383 1384 1382
f 1382 1384 1385
f 1384 1386 1385
f 1384 1387 1386
f 1387 1388 1386
f 1386 1388 1389
f 1389 1388 1390
f 1388 1391 1390
f 1390 1391 1392
f 1391 1393 1392
f 1392 1393 1394
f 1393 1395 1394
f 1394 1395 1396
f 1395 1397 1396
f 1397 1398 1396
f 1396 1398 1399
f 1398 1400 1399
f 1399 1400 1401
f 1402 1403 1404
f 1403 1405 1404
f 1404 1405 1406
f 1401 1400 1407
f 1400 1408 1407
f 1407 1408 1409
f 1408 1410 1409
f 1409 1410 1411
f 1410 1412 1411
f 1411 1412 1402
f 1412 1413 1402
f 1402 1413 1403
f 1414 1415 1416
f 1415 1417 1416
f 1416 1417 1418
f 1406 1405 1419
f 1405 1420 1419
f 1419 1420 1421
f 1420 1422 1421
f 1421 1422 1423
f 1422 1424 1423
f 1423 1424 1425
f 1424 1426 1425
f 1425 1426 1414
f 1426 1427 1414
f 1414 1427 1415
f 1418 1417 1428
f 1417 1429 1428
f 1428 1429 1430
f 1429 1431 1430
f 1430 1431 1432
f 1431 1433 1432
f 1432 1433 1434
f 1433 1435 1434
f 1435 1436 1434
f 1434 1436 1437
f 1436 1438 1437
f 1437 1438 1439
f 1439 1438 1440
f 1438 1441 1440
f 1440 1441 1442
f 1441 1443 1442
f 1442 1443 1444
f 1443 1445 1444
f 1445 1446 1444
f 1444 1446 1447
f 1446 1448 1447
f 1447 1448 1449
f 1449 1448 1450
f 1448 1451 1450
f 1450 1451 1452
f 1451 1453 1452
f 1452 1453 1454
f 1453 1455 1454
f 1454 1455 1456
f 1455 1457 1456
f 1456 1457 280
f 1457 1458 280
f 280 1458 281
f 1459 1460 1461
f 1460 1462 1461
f 1461 1462 1463
f 279 281 1464
f 281 1465 1464
f 1464 1465 1466
f 1465 1467 1466
f 1466 1467 1468
f 1467 1469 1468
f 1468 1469 1470
f 1469 1471 1470
f 1470 1471 1459
f 1471 1472 1459
f 1459 1472 1460
f 1473 1474 1475
f 1474 1476 1475
f 1475 1476 1477
f 1463 1462 1478
f 1462 1479 1478
f 1478 1479 1480
f 1479 1481 1480
f 1480 1481 1473
f 1481 1482 1473
f 1473 1482 1474
f 1477 1476 1483
f 1476 1484 1483
f 1483 1484 1485
f 1484 1486 1485
f 1485 1486 1487
f 1486 1488 1487
f 1487 1488 1489
f 1488 1490 1489
f 1490 1491 1489
f 1489 1491 1492
f 1491 1493 1492
f 1492 1493 1494
f 1494 1493 1495
f 1493 1496 1495
f 1495 1496 1497
f 1496 1498 1497
f 1497 1498 1499
f 1498 1500 1499
f 1499 1500 1501
f 1500 1502 1501
f 1501 1502 1503
f 1502 1504 1503
f 1504 1505 1503
f 1503 1505 1506
f 1505 1507 1506
f 1506 1507 1508
f 1509 1510 1511
f 1510 1512 1511
f 1511 1512 1513
f 1508 1507 1514
f 1507 1515 1514
f 1514 1515 1516
f 1515 1517 1516
f 1516 1517 1518
f 1517 1519 1518
f 1518 1519 1509
f 1519 1520 1509
f 1509 1520 1510
f 1521 1522 1523
f 1522 1524 1523
f 1523 1524 1525
f 1513 1512 1526
f 1512 1527 1526
f 1526 1527 1528
f 1527 1529 1528
f 1528 1529 1521
f 1529 1530 1521
f 1521 1530 1522
f 1531 1532 1533
f 1532 1534 1533
f 1533 1534 1535
f 1525 1524 1536
f 1524 1537 1536
f 1536 1537 1538
f 1537 1539 1538
f 1538 1539 1540
f 1539 1541 1540
f 1540 1541 1542
f 1541 1543 1542
f 1542 1543 1531
f 1543 1544 1531
f 1531 1544 1532
f 1535 1534 1545
f 1534 1546 1545
f 1545 1546 1547
f 1546 1548 1547
f 1547 1548 1549
f 1548 1550 1549
f 1549 1550 1551
f 1550 1552 1551
f 1552 1553 1551
f 1551 1553 1554
f 1553 1555 1554
f 1554 1555 1556
f 1556 1555 1557
f 1555 1558 1557
f 1557 1558 1559
f 1558 1560 1559
f 1559 1560 1561
f 1560 1562 1561
f 1562 1563 1561
f 1561 1563 1564
f 1563 1565 1564
f 278 277 1566
f 277 1567 1566
f 1566 1567 1568
f 1567 1569 1568
f 1568 1569 1565
f 1569 1570 1565
f 1565 1570 1564
f 1571 1572 1573
f 1572 1574 1573
f 1573 1574 1575
f 1574 1576 1575
f 1575 1576 1577
f 1576 276 1577
f 1577 276 1578
f 276 278 1578
f 1579 1580 1581
f 1579 1581 1582
f 1581 1583 1582
f 1582 1583 1584
f 1583 1585 1584
f 1584 1585 1586
f 1585 1587 1586
f 1586 1587 1571
f 1587 1588 1571
f 1571 1588 1572
f 1580 1579 1589
f 1579 1590 1589
f 1589 1590 1591
f 1590 1592 1591
f 1591 1592 1593
f 1592 1594 1593
f 1594 1595 1593
f 1593 1595 1596
f 1595 1597 1596
f 1596 1597 1598
f 1597 1599 1598
f 1598 1599 1600
f 1600 1599 1601
f 1599 1602 1601
f 1601 1602 1603
f 1602 1604 1603
f 1603 1604 1605
f 1604 1606 1605
f 1606 1607 1605
f 1605 1607 1608
f 1607 1609 1608
f 1608 1609 1610
f 1611 1612 1613
f 1612 1614 1613
f 1613 1614 1615
f 1610 1609 1616
f 1609 1617 1616
f 1616 1617 1618
f 1617 1619 1618
f 1618 1619 1620
f 1619 1621 1620
f 1620 1621 1622
f 1621 1623 1622
f 1622 1623 1624
f 1623 1625 1624
f 1624 1625 1626
f 1625 1627 1626
f 1626 1627 1628
f 1627 1629 1628
f 1628 1629 1630
f 1629 1631 1630
f 1630 1631 1632
f 1631 1633 1632
f 1632 1633 1634
f 1633 1635 1634
f 1634 1635 1636
f 1635 1637 1636
f 1636 1637 1638
f 1637 1639 1638
f 1638 1639 1640
f 1639 1641 1640
f 1640 1641 1642
f 1641 1643 1642
f 1642 1643 1644
f 1643 1645 1644
f 1644 1645 1611
f 1645 1646 1611
f 1611 1646 1612
f 1615 1614 1647
f 1614 1648 1647
f 1647 1648 1649
f 1648 1650 1649
f 1649 1650 1651
f 1650 1652 1651
f 1652 1653 1651
f 1651 1653 1654
f 1653 1655 1654
f 1654 1655 1656
f 1655 1657 1656
f 1656 1657 1658
f 1658 1657 1659
f 1657 1660 1659
f 1659 1660 1661
f 1660 1662 1661
f 1661 1662 1663
f 1662 1664 1663
f 1664 1665 1663
f 1663 1665 1666
f 1665 1667 1666
f 1666 1667 1668
f 1668 1667 1669
f 1667 1670 1669
f 1669 1670 1671
f 1670 1672 1671
f 1671 1672 1673
f 1672 1674 1673
f 1673 1674 1675
f 1674 1676 1675
f 1675 1676 1677
f 1676 1678 1677
f 1678 1679 1677
f 1677 1679 1680
f 1679 1681 1680
f 1680 1681 1682
f 1683 1684 1685
f 1684 1686 1685
f 1685 1686 1687
f 1682 1681 1688
f 1681 1689 1688
f 1688 1689 1690
f 1689 1691 1690
f 1690 1691 1692
f 1691 1693 1692
f 1692 1693 1683
f 1693 1694 1683
f 1683 1694 1684
f 1695 1696 1697
f 1696 1698 1697
f 1697 1698 1699
f 1687 1686 1700
f 1686 1701 1700
f 1700 1701 1702
f 1701 1703 1702
f 1702 1703 1695
f 1703 1704 1695
f 1695 1704 1696
f 1699 1698 1705
f 1698 1706 1705
f 1705 1706 1707
f 1706 1708 1707
f 1707 1708 1709
f 1708 1710 1709
f 1709 1710 1711
f 1710 1712 1711
f 1712 1713 1711
f 1711 1713 1714
f 1713 1715 1714
f 1714 1715 1716
f 1716 1715 1717
f 1715 1718 1717
f 1717 1718 1719
f 1718 1720 1719
f 1719 1720 1721
f 1720 1722 1721
f 1721 1722 1723
f 1723 1722 1724
f 1722 1725 1724
f 1724 1725 1726
f 1725 1727 1726
f 1727 1728 1726
f 1726 1728 1729
f 1728 1730 1729
f 1729 1730 1731
f 1731 1730 1732
f 1730 1733 1732
f 1732 1733 1734
f 1733 1735 1734
f 1734 1735 1736
f 1735 1737 1736
f 1737 1738 1736
f 1736 1738 1739
f 1738 1740 1739
f 1739 1740 1741
f 1740 1742 1741
f 1743 1744 1745
f 1744 1746 1745
f 1745 1746 1747
f 1745 1748 1743
f 1748 1749 1743
f 1743 1749 1750
f 1749 1751 1750
f 1750 1751 1752
f 1751 1753 1752
f 1752 1753 1742
f 1753 1754 1742
f 1742 1754 1741
f 1747 1746 274
f 1746 1755 274
f 274 1755 275
f 1756 1757 1758
f 273 275 1758
f 275 1759 1758
f 1758 1759 1756
f 1757 1756 1760
f 1756 1761 1760
f 1760 1761 1762
f 1761 1763 1762
f 1763 1764 1762
f 1762 1764 1765
f 1764 1766 1765
f 1764 1767 1766
f 1767 1768 1766
f 1766 1768 1769
f 1768 1770 1769
f 1769 1770 1771
f 1770 1772 1771
f 1770 1773 1772
f 1773 1774 1772
f 1772 1774 1775
f 1775 1774 1776
f 1774 1777 1776
f 1776 1777 1778
f 1777 1779 1778
f 1778 1779 1780
f 1779 1781 1780
f 1780 1781 1782
f 1781 1783 1782
f 1783 1784 1782
f 1782 1784 1785
f 1784 1786 1785
f 1785 1786 1787
f 1786 1788 1787
f 1787 1788 1789
f 1788 1790 1789
f 1789 1790 1791
f 1790 1792 1791
f 1791 1792 1793
f 1792 1794 1793
f 1793 1794 1795
f 1794 1796 1795
f 1795 1796 1797
f 1796 1798 1797
f 1797 1798 1799
f 1798 1800 1799
f 1799 1800 1801
f 1800 1802 1801
f 1801 1802 1803
f 1802 1804 1803
f 1803 1804 1805
f 1804 1806 1805
f 1805 1806 1807
f 1806 1808 1807
f 1807 1808 1809
f 1808 1810 1809
f 1809 1810 1811
f 1810 1812 1811
f 1811 1812 1813
f 1812 1814 1813
f 1813 1814 1815
f 1814 1816 1815
f 1815 1816 1817
f 1816 1818 1817
f 1818 1819 1817
f 1817 1819 1820
f 1819 1821 1820
f 1820 1821 1822
f 1821 1823 1822
f 1822 1823 1824
f 1823 1825 1824
f 1824 1825 1826
f 1825 1827 1826
f 1826 1827 1828
f 1827 1829 1828
f 1828 1829 1830
f 1829 1831 1830
f 1830 1831 1832
f 1831 1833 1832
f 1832 1833 1834
f 1833 1835 1834
f 1834 1835 1836
f 1835 1837 1836
f 1836 1837 1838
f 1837 1839 1838
f 1838 1839 1840
f 1839 1841 1840
f 1840 1841 1842
f 1841 1843 1842
f 1842 1843 1844
f 1843 1845 1844
f 1844 1845 1846
f 1845 1847 1846
f 1846 1847 1848
f 1847 1849 1848
f 1848 1849 1850
f 1849 1851 1850
f 1850 1851 1852
f 1851 1853 1852
f 1852 1853 1854
f 1853 1855 1854
f 1854 1855 1856
f 1855 1857 1856
f 1856 1857 1858
f 1857 1859 1858
f 1858 1859 1860
f 1859 1861 1860
f 1860 1861 1862
f 1861 1863 1862
f 1862 1863 1864
f 1863 1865 1864
f 1864 1865 1866
f 1865 1867 1866
f 1866 1867 1868
f 1867 1869 1868
f 1868 1869 1870
f 1869 1871 1870
f 1870 1871 1872
f 1871 1873 1872
f 1872 1873 1874
f 1873 1875 1874
f 1874 1875 1876
f 1875 1877 1876
f 1876 1877 1878
f 1877 1879 1878
f 1878 1879 1880
f 1879 1881 1880
f 1880 1881 1882
f 1881 1883 1882
f 1882 1883 1884
f 1883 1885 1884
f 1884 1885 1886
f 1885 1887 1886
f 1886 1887 1888
f 1887 1889 1888
f 1888 1889 1890
f 1889 1891 1890
f 1890 1891 1892
f 1891 1893 1892
f 1892 1893 1894
f 1893 1895 1894
f 1894 1895 1896
f 1895 1897 1896
f 1896 1897 1898
f 1897 1899 1898
f 1898 1899 1900
f 1899 1901 1900
f 1900 1901 1902
f 1901 1903 1902
f 1902 1903 1904
f 1903 1905 1904
f 1904 1905 1906
f 1905 1907 1906
f 1906 1907 1908
f 1907 1909 1908
f 1908 1909 1910
f 1909 1911 1910
f 1910 1911 1912
f 1911 1913 1912
f 1912 1913 1914
f 1913 1915 1914
f 1914 1915 1916
f 1915 1917 1916
f 1916 1917 1918
f 1917 1919 1918
f 1918 1919 1920
f 1920 1919 1921
f 1919 1922 1921
f 1921 1922 1923
f 1922 1924 1923
f 1923 1924 1925
f 1924 1926 1925
f 1925 1926 1927
f 1926 1928 1927
f 1927 1928 1929
f 1928 1930 1929
f 1929 1930 1931
f 1930 1932 1931
f 1931 1932 1933
f 1932 1934 1933
f 1933 1934 1935
f 1934 1936 1935
f 1935 1936 1937
f 1936 1938 1937
f 1937 1938 1939
f 1938 1940 1939
f 1939 1940 1941
f 1940 1942 1941
f 1941 1942 1943
f 1942 1944 1943
f 1943 1944 1945
f 1944 1946 1945
f 1945 1946 1947
f 1946 1948 1947
f 1947 1948 1949
f 1948 1950 1949
f 1949 1950 1951
f 1950 1952 1951
f 1951 1952 1953
f 1952 1954 1953
f 1953 1954 1955
f 1954 1956 1955
f 1955 1956 1957
f 1956 1958 1957
f 1957 1958 1959
f 1958 1960 1959
f 1959 1960 1961
f 1960 1962 1961
f 1961 1962 1963
f 1962 1964 1963
f 1963 1964 1965
f 1964 1966 1965
f 1965 1966 1967
f 1966 1968 1967
f 1967 1968 1969
f 1968 1970 1969
f 1969 1970 1971
f 1970 1972 1971
f 1971 1972 1973
f 1972 1974 1973
f 1973 1974 1975
f 1974 1976 1975
f 1975 1976 1977
f 1976 1978 1977
f 1977 1978 1979
f 1978 1980 1979
f 1979 1980 1981
f 1980 1982 1981
f 1981 1982 1983
f 1982 1984 1983
f 1983 1984 1985
f 1984 1986 1985
f 1985 1986 1987
f 1986 1988 1987
f 1987 1988 1989
f 1988 1990 1989
f 1989 1990 1991
f 1990 1992 1991
f 1991 1992 1993
f 1992 1994 1993
f 1993 1994 1995
f 1994 1996 1995
f 1995 1996 1997
f 1996 1998 1997
f 1997 1998 1999
f 1998 2000 1999
f 1999 2000 2001
f 2000 2002 2001
f 2001 2002 2003
f 2002 2004 2003
f 2003 2004 2005
f 2004 2006 2005
f 2005 2006 2007
f 2006 2008 2007
f 2007 2008 2009
f 2010 2011 2012
f 2011 2013 2012
f 2012 2013 2014
f 2009 2008 2015
f 2008 2016 2015
f 2015 2016 2017
f 2016 2018 2017
f 2017 2018 2019
f 2018 2020 2019
f 2019 2020 2021
f 2020 2022 2021
f 2021 2022 2023
f 2022 2024 2023
f 2023 2024 2025
f 2024 2026 2025
f 2025 2026 2027
f 2026 2028 2027
f 2027 2028 2029
f 2028 2030 2029
f 2029 2030 2031
f 2030 2032 2031
f 2031 2032 2033
f 2032 2034 2033
f 2033 2034 2035
f 2034 2036 2035
f 2035 2036 2037
f 2036 2038 2037
f 2037 2038 2039
f 2038 2040 2039
f 2039 2040 2041
f 2040 2042 2041
f 2041 2042 2043
f 2042 2044 2043
f 2043 2044 2045
f 2044 2046 2045
f 2045 2046 2010
f 2046 2047 2010
f 2010 2047 2011
f 2048 2049 2050
f 2049 2051 2050
f 2050 2051 2052
f 2014 2013 2053
f 2013 2054 2053
f 2053 2054 2055
f 2054 2056 2055
f 2055 2056 2057
f 2056 2058 2057
f 2057 2058 2059
f 2058 2060 2059
f 2059 2060 2061
f 2060 2062 2061
f 2061 2062 2063
f 2062 2064 2063
f 2063 2064 2065
f 2064 2066 2065
f 2065 2066 2067
f 2066 2068 2067
f 2067 2068 2069
f 2068 2070 2069
f 2069 2070 2071
f 2070 2072 2071
f 2071 2072 2073
f 2072 2074 2073
f 2073 2074 2075
f 2074 2076 2075
f 2075 2076 2077
f 2076 2078 2077
f 2077 2078 2079
f 2078 2080 2079
f 2079 2080 2081
f 2080 2082 2081
f 2081 2082 2083
f 2082 2084 2083
f 2083 2084 2085
f 2084 2086 2085
f 2085 2086 2087
f 2086 2088 2087
f 2087 2088 2089
f 2088 2090 2089
f 2089 2090 2091
f 2090 2092 2091
f 2091 2092 2093
f 2092 2094 2093
f 2093 2094 2095
f 2094 2096 2095
f 2095 2096 2097
f 2096 2098 2097
f 2097 2098 2099
f 2098 2100 2099
f 2099 2100 2101
f 2100 2102 2101
f 2101 2102 2103
f 2102 2104 2103
f 2103 2104 2105
f 2104 2106 2105
f 2105 2106 2107
f 2106 2108 2107
f 2107 2108 2109
f 2108 2110 2109
f 2109 2110 2111
f 2110 2112 2111
f 2111 2112 2113
f 2112 2114 2113
f 2113 2114 2115
f 2114 2116 2115
f 2115 2116 2117
f 2116 2118 2117
f 2117 2118 2119
f 2118 2120 2119
f 2119 2120 2121
f 2120 2122 2121
f 2121 2122 2123
f 2122 2124 2123
f 2123 2124 2125
f 2124 2126 2125
f 2125 2126 2127
f 2126 2128 2127
f 2127 2128 2129
f 2128 2130 2129
f 2129 2130 2131
f 2130 2132 2131
f 2131 2132 2133
f 2132 2134 2133
f 2133 2134 2135
f 2134 2136 2135
f 2135 2136 2137
f 2136 2138 2137
f 2137 2138 2139
f 2138 2140 2139
f 2139 2140 2141
f 2140 2142 2141
f 2141 2142 2143
f 2142 2144 2143
f 2143 2144 2145
f 2144 2146 2145
f 2145 2146 2147
f 2146 2148 2147
f 2147 2148 2149
f 2148 2150 2149
f 2149 2150 2151
f 2150 2152 2151
f 2151 2152 2048
f 2152 2153 2048
f 2048 2153 2049
f 2154 2155 2156
f 2155 2157 2156
f 2156 2157 2158
f 2052 2051 2159
f 2051 2160 2159
f 2159 2160 2161
f 2160 2162 2161
f 2161 2162 2163
f 2162 2164 2163
f 2163 2164 2165
f 2164 2166 2165
f 2165 2166 2167
f 2166 2168 2167
f 2167 2168 2169
f 2168 2170 2169
f 2169 2170 2171
f 2170 2172 2171
f 2171 2172 2173
f 2172 2174 2173
f 2173 2174 2175
f 2174 2176 2175
f 2175 2176 2154
f 2176 2177 2154
f 2154 2177 2155
f 2158 2157 2178
f 2157 2179 2178
f 2178 2179 2180
f 2179 2181 2180
f 2180 2181 2182
f 2182 2181 2183
f 2181 2184 2183
f 2183 2184 2185
f 2184 2186 2185
f 2186 2187 2185
f 2185 2187 2188
f 2187 2189 2188
f 2188 2189 2190
f 2190 2189 2191
f 2189 2192 2191
f 2191 2192 2193
f 2192 2194 2193
f 2193 2194 2195
f 2194 2196 2195
f 2196 2197 2195
f 2195 2197 2198
f 2197 2199 2198
f 2198 2199 2200
f 2199 2201 2200
f 2200 2201 2202
f 2201 2203 2202
f 2204 2205 2206
f 2204 2206 2207
f 2206 2208 2207
f 2207 2208 2209
f 2208 2210 2209
f 2209 2210 2211
f 2210 2212 2211
f 2211 2212 2213
f 2212 2214 2213
f 2213 2214 2215
f 2214 2216 2215
f 2215 2216 2217
f 2216 2218 2217
f 2217 2218 2219
f 2218 2220 2219
f 2219 2220 2221
f 2220 2222 2221
f 2221 2222 2223
f 2222 2224 2223
f 2223 2224 2225
f 2224 2226 2225
f 2225 2226 2227
f 2226 2228 2227
f 2227 2228 2229
f 2228 2230 2229
f 2229 2230 2231
f 2230 2232 2231
f 2231 2232 2233
f 2232 2234 2233
f 2233 2234 2235
f 2234 2236 2235
f 2235 2236 2237
f 2236 2238 2237
f 2237 2238 2239
f 2238 2240 2239
f 2239 2240 2241
f 2240 2242 2241
f 2241 2242 2243
f 2242 2244 2243
f 2243 2244 2245
f 2244 2246 2245
f 2245 2246 2247
f 2246 2248 2247
f 2247 2248 2249
f 2248 2250 2249
f 2249 2250 2251
f 2250 2252 2251
f 2251 2252 2253
f 2252 2254 2253
f 2253 2254 2255
f 2254 2256 2255
f 2255 2256 2257
f 2256 2258 2257
f 2257 2258 2259
f 2258 2260 2259
f 2259 2260 2261
f 2260 2262 2261
f 2261 2262 2263
f 2262 2264 2263
f 2263 2264 2265
f 2264 2266 2265
f 2265 2266 2267
f 2266 2268 2267
f 2267 2268 2269
f 2268 2270 2269
f 2269 2270 2271
f 2270 2272 2271
f 2271 2272 2273
f 2272 2274 2273
f 2273 2274 2275
f 2274 2276 2275
f 2275 2276 2277
f 2276 2278 2277
f 2277 2278 2279
f 2278 2280 2279
f 2279 2280 2281
f 2280 2282 2281
f 2281 2282 2283
f 2282 2284 2283
f 2283 2284 2285
f 2284 2286 2285
f 2285 2286 2287
f 2286 2288 2287
f 2287 2288 2289
f 2288 2290 2289
f 2289 2290 2291
f 2290 2292 2291
f 2291 2292 2293
f 2292 2294 2293
f 2293 2294 2295
f 2294 2296 2295
f 2295 2296 2297
f 2296 2298 2297
f 2297 2298 2299
f 2298 2300 2299
f 2299 2300 2301
f 2300 2302 2301
f 2301 2302 2303
f 2302 2304 2303
f 2303 2304 2305
f 2304 2306 2305
f 2305 2306 2307
f 2306 2308 2307
f 2307 2308 2309
f 2308 2310 2309
f 2309 2310 2311
f 2310 2312 2311
f 2311 2312 2313
f 2312 2314 2313
f 2313 2314 2315
f 2314 2316 2315
f 2315 2316 2317
f 2316 2318 2317
f 2317 2318 2319
f 2318 2320 2319
f 2319 2320 2321
f 2320 2322 2321
f 2321 2322 2323
f 2322 2324 2323
f 2323 2324 2325
f 2324 2326 2325
f 2325 2326 2327
f 2326 2328 2327
f 2327 2328 2329
f 2328 2330 2329
f 2329 2330 2331
f 2330 2332 2331
f 2331 2332 2333
f 2332 2334 2333
f 2333 2334 2335
f 2334 2336 2335
f 2335 2336 2337
f 2336 2338 2337
f 2337 2338 2339
f 2338 2340 2339
f 2339 2340 2341
f 2340 2342 2341
f 2341 2342 2343
f 2342 2344 2343
f 2343 2344 2345
f 2344 2346 2345
f 2345 2346 2347
f 2346 2348 2347
f 2347 2348 2349
f 2348 2350 2349
f 2349 2350 2351
f 2350 2352 2351
f 2351 2352 2353
f 2352 2354 2353
f 2353 2354 2355
f 2354 2356 2355
f 2355 2356 2357
f 2356 2358 2357
f 2357 2358 2359
f 2358 2360 2359
f 2359 2360 2361
f 2360 2362 2361
f 2361 2362 2363
f 2362 2364 2363
f 2363 2364 2365
f 2364 2366 2365
f 2365 2366 2367
f 2366 2368 2367
f 2367 2368 2369
f 2368 2370 2369
f 2369 2370 2371
f 2370 2372 2371
f 2371 2372 2373
f 2372 2374 2373
f 2373 2374 2375
f 2374 2376 2375
f 2375 2376 2377
f 2376 2378 2377
f 2377 2378 2379
f 2378 2380 2379
f 2379 2380 2381
f 2380 2382 2381
f 2381 2382 2383
f 2382 2384 2383
f 2383 2384 2385
f 2384 2386 2385
f 2385 2386 2387
f 2386 2388 2387
f 2387 2388 2389
f 2388 2390 2389
f 2389 2390 2391
f 2390 2392 2391
f 2391 2392 2393
f 2392 2394 2393
f 2393 2394 2395
f 2394 2396 2395
f 2395 2396 2397
f 2396 2398 2397
f 2397 2398 2399
f 2398 2400 2399
f 2399 2400 2401
f 2400 2402 2401
f 2401 2402 2403
f 2402 2404 2403
f 2403 2404 2405
f 2404 2406 2405
f 2405 2406 2407
f 2406 2408 2407
f 2407 2408 2203
f 2408 2409 2203
f 2203 2409 2202
f 2205 2204 2410
f 2204 2411 2410
f 2410 2411 2412
f 2411 2413 2412
f 2413 2414 2412
f 2412 2414 2415
f 2414 2416 2415
f 2415 2416 2417
f 2417 2416 2418
f 2416 2419 2418
f 2418 2419 2420
f 2419 2421 2420
f 2420 2421 2422
f 2421 2423 2422
f 2423 2424 2422
f 2422 2424 2425
f 2424 2426 2425
f 2427 2428 2429
f 2427 2429 2430
f 2429 2431 2430
f 2430 2431 2432
f 2431 2433 2432
f 2433 2434 2432
f 2432 2434 2435
f 2434 2436 2435
f 2435 2436 2437
f 2436 2438 2437
f 2437 2438 2439
f 2438 2440 2439
f 2439 2440 2441
f 2440 2442 2441
f 2441 2442 2426
f 2442 2443 2426
f 2426 2443 2425
f 2428 2427 2444
f 2427 2445 2444
f 2444 2445 2446
f 2445 2447 2446
f 2446 2447 2448
f 2447 2449 2448
f 2449 2450 2448
f 2448 2450 2451
f 2450 2452 2451
f 2451 2452 2453
f 2452 2454 2453
f 2453 2454 2455
f 2454 2456 2455
f 2455 2456 2457
f 2456 2458 2457
f 2457 2458 2459
f 2458 2460 2459
f 2459 2460 2461
f 2460 2462 2461
f 2461 2462 2463
f 2462 2464 2463
f 2463 2464 2465
f 2464 2466 2465
f 2465 2466 2467
f 2466 2468 2467
f 2467 2468 2469
f 2468 2470 2469
f 2469 2470 2471
f 2470 2472 2471
f 2471 2472 2473
f 2472 2474 2473
f 2473 2474 2475
f 2474 2476 2475
f 2475 2476 2477
f 2476 2478 2477
f 2477 2478 2479
f 2478 2480 2479
f 2479 2480 2481
f 2480 2482 2481
f 2481 2482 2483
f 2482 2484 2483
f 2483 2484 2485
f 2484 2486 2485
f 2485 2486 2487
f 2486 2488 2487
f 2487 2488 2489
f 2488 2490 2489
f 2489 2490 2491
f 2490 2492 2491
f 2491 2492 2493
f 2492 2494 2493
f 2493 2494 2495
f 2494 2496 2495
f 2495 2496 2497
f 2496 2498 2497
f 2497 2498 2499
f 2498 2500 2499
f 2499 2500 2501
f 2500 2502 2501
f 2501 2502 2503
f 2502 2504 2503
f 2503 2504 2505
f 2504 2506 2505
f 2505 2506 2507
f 2506 2508 2507
f 2507 2508 2509
f 2508 2510 2509
f 2509 2510 2511
f 2510 2512 2511
f 2511 2512 2513
f 2512 2514 2513
f 2513 2514 2515
f 2514 2516 2515
f 2515 2516 2517
f 2516 2518 2517
f 2517 2518 2519
f 2518 2520 2519
f 2519 2520 2521
f 2520 2522 2521
f 2521 2522 2523
f 2522 2524 2523
f 2523 2524 2525
f 2524 2526 2525
f 2525 2526 2527
f 2526 2528 2527
f 2527 2528 2529
f 2528 2530 2529
f 2529 2530 2531
f 2530 2532 2531
f 2531 2532 2533
f 2532 2534 2533
f 2533 2534 2535
f 2534 2536 2535
f 2535 2536 2537
f 2536 2538 2537
f 2537 2538 2539
f 2538 2540 2539
f 2539 2540 2541
f 2540 2542 2541
f 2541 2542 2543
f 2542 2544 2543
f 2544 2545 2543
f 2543 2545 2546
f 2545 2547 2546
f 272 271 2548
f 271 2549 2548
f 2548 2549 2550
f 2549 2551 2550
f 2550 2551 2547
f 2551 2552 2547
f 2547 2552 2546
f 272 2553 270
f 2553 2554 270
f 270 2554 2555
f 2554 2556 2555
f 2555 2556 2557
f 2556 2558 2557
f 2557 2558 2559
f 2558 2560 2559
f 2559 2560 2561
f 2562 2563 2564
f 2563 2565 2564
f 2564 2565 2566
f 2561 2560 2567
f 2560 2568 2567
f 2567 2568 2569
f 2568 2570 2569
f 2569 2570 2562
f 2570 2571 2562
f 2562 2571 2563
f 2566 2565 2572
f 2565 2573 2572
f 2572 2573 2574
f 2573 2575 2574
f 2574 2575 2576
f 2575 2577 2576
f 2577 2578 2576
f 2576 2578 2579
f 2578 2580 2579
f 2579 2580 2581
f 2580 2582 2581
f 2581 2582 2583
f 2583 2582 2584
f 2582 2585 2584
f 2584 2585 2586
f 2585 2587 2586
f 2586 2587 2588
f 2587 2589 2588
f 2589 2590 2588
f 2588 2590 2591
f 2590 2592 2591
f 2591 2592 2593
f 2593 2592 2594
f 2592 2595 2594
f 2594 2595 2596
f 2595 2597 2596
f 2596 2597 2598
f 2597 2599 2598
f 2598 2599 2600
f 2599 2601 2600
f 2600 2601 2602
f 2601 2603 2602
f 2603 2604 2602
f 2602 2604 2605
f 2604 2606 2605
f 2605 2606 2607
f 2608 2609 2610
f 2609 2611 2610
f 2610 2611 2612
f 2607 2606 2613
f 2606 2614 2613
f 2613 2614 2615
f 2614 2616 2615
f 2615 2616 2617
f 2616 2618 2617
f 2617 2618 2608
f 2618 2619 2608
f 2608 2619 2609
f 2620 2621 2622
f 2621 2623 2622
f 2622 2623 2624
f 2612 2611 2625
f 2611 2626 2625
f 2625 2626 2627
f 2626 2628 2627
f 2627 2628 2620
f 2628 2629 2620
f 2620 2629 2621
f 2624 2623 2630
f 2623 2631 2630
f 2630 2631 2632
f 2631 2633 2632
f 2632 2633 2634
f 2633 2635 2634
f 2634 2635 2636
f 2635 2637 2636
f 2637 2638 2636
f 2636 2638 2639
f 2638 2640 2639
f 2639 2640 2641
f 2641 2640 2642
f 2640 2643 2642
f 2642 2643 2644
f 2643 2645 2644
f 2644 2645 2646
f 2645 2647 2646
f 2647 2648 2646
f 2646 2648 2649
f 2648 2650 2649
f 2649 2650 2651
f 2650 2652 2651
f 2651 2652 2653
f 2652 2654 2653
f 2653 2654 2655
f 2655 2654 2656
f 2654 2657 2656
f 2656 2657 2658
f 2657 2659 2658
f 2658 2659 2660
f 2659 2661 2660
f 2661 2662 2660
f 2660 2662 2663
f 2662 2664 2663
f 2663 2664 2665
f 2666 2667 2668
f 2667 2669 2668
f 2668 2669 2670
f 2665 2664 2671
f 2664 2672 2671
f 2671 2672 2673
f 2672 2674 2673
f 2673 2674 2675
f 2674 2676 2675
f 2675 2676 2666
f 2676 2677 2666
f 2666 2677 2667
f 2678 2679 2680
f 2679 2681 2680
f 2680 2681 2682
f 2670 2669 2683
f 2669 2684 2683
f 2683 2684 2685
f 2684 2686 2685
f 2685 2686 2687
f 2686 2688 2687
f 2687 2688 2689
f 2688 2690 2689
f 2689 2690 2678
f 2690 2691 2678
f 2678 2691 2679
f 2682 2681 2692
f 2681 2693 2692
f 2692 2693 2694
f 2693 2695 2694
f 2695 2696 2694
f 2694 2696 2697
f 2696 2698 2697
f 2697 2698 2699
f 2698 2700 2699
f 2699 2700 2701
f 2700 2702 2701
f 2701 2702 2703
f 2703 2702 2704
f 2702 2705 2704
f 2704 2705 2706
f 2705 2707 2706
f 2706 2707 2708
f 2707 2709 2708
f 2709 2710 2708
f 2708 2710 2711
f 2710 2712 2711
f 2711 2712 2713
f 2713 2712 2714
f 2712 2715 2714
f 2714 2715 2716
f 2715 2717 2716
f 2716 2717 2718
f 2717 2719 2718
f 2719 2720 2718
f 2718 2720 2721
f 2720 2722 2721
f 2721 2722 2723
f 2722 2724 2723
f 2723 2724 2725
f 2726 2727 2728
f 2727 2729 2728
f 2728 2729 2730
f 2725 2724 2731
f 2724 2732 2731
f 2731 2732 2733
f 2732 2734 2733
f 2733 2734 2735
f 2734 2736 2735
f 2735 2736 2737
f 2736 2738 2737
f 2737 2738 2726
f 2738 2739 2726
f 2726 2739 2727
f 2730 2729 2740
f 2729 2741 2740
f 2740 2741 2742
f 2741 2743 2742
f 2742 2743 2744
f 2745 2746 2747
f 2747 2746 2748
f 2743 2749 2744
f 2749 2750 2744
f 2744 2750 2751
f 2750 2748 2751
f 2751 2748 2752
f 2748 2746 2752
f 2747 2753 2745
f 2753 2754 2745
f 2745 2754 2755
f 2754 2756 2755
f 2755 2756 2757
f 2756 2758 2757
f 2757 2758 2759
f 2758 2760 2759
f 2759 2760 2761
f 2761 2760 2762
f 2760 2763 2762
f 2762 2763 2764
f 2763 2765 2764
f 2764 2765 2766
f 2765 2767 2766
f 2767 2768 2766
f 2766 2768 2769
f 2768 2770 2769
f 2769 2770 2771
f 2771 2770 2772
f 2770 2773 2772
f 2772 2773 2774
f 2773 2775 2774
f 2774 2775 2776
f 2775 2777 2776
f 2776 2777 2778
f 2777 2779 2778
f 2778 2779 268
f 2779 2780 268
f 268 2780 269
f 267 269 2781
f 269 2782 2781
f 2781 2782 2783
f 2782 2784 2783
f 2783 2784 2785
f 2784 2786 2785
f 2785 2786 2787
f 2786 2788 2787
f 2787 2788 2789
f 2788 2790 2789
f 2789 2790 2791
f 2790 2792 2791
f 2791 2792 2793
f 2792 2794 2793
f 2793 2794 2795
f 2794 2796 2795
f 2795 2796 2797
f 2796 2798 2797
f 2797 2798 2799
f 2798 2800 2799
f 2799 2800 2801
f 2800 2802 2801
f 2801 2802 2803
f 2802 2804 2803
f 2803 2804 2805
f 2804 2806 2805
f 2805 2806 2807
f 2806 2808 2807
f 2807 2808 2809
f 2808 2810 2809
f 2809 2810 2811
f 2810 2812 2811
f 2811 2812 2813
f 2812 2814 2813
f 2813 2814 2815
f 2814 2816 2815
f 2815 2816 2817
f 2816 2818 2817
f 2817 2818 2819
f 2818 2820 2819
f 2819 2820 2821
f 2820 2822 2821
f 2821 2822 2823
f 2822 2824 2823
f 2823 2824 2825
f 2824 2826 2825
f 2825 2826 2827
f 2826 2828 2827
f 2827 2828 2829
f 2828 2830 2829
f 2829 2830 2831
f 2830 2832 2831
f 2831 2832 2833
f 2832 2834 2833
f 2833 2834 2835
f 2834 2836 2835
f 2835 2836 2837
f 2836 2838 2837
f 2837 2838 2839
f 2838 2840 2839
f 2839 2840 2841
f 2840 2842 2841
f 2841 2842 2843
f 2842 2844 2843
f 2843 2844 2845
f 2844 2846 2845
f 2845 2846 2847
f 2846 2848 2847
f 2847 2848 2849
f 2848 2850 2849
f 2849 2850 2851
f 2850 2852 2851
f 2851 2852 2853
f 2852 2854 2853
f 2853 2854 2855
f 2854 2856 2855
f 2855 2856 2857
f 2856 2858 2857
f 2857 2858 2859
f 2858 2860 2859
f 2859 2860 2861
f 2860 2862 2861
f 2861 2862 2863
f 2862 2864 2863
f 2863 2864 2865
f 2864 2866 2865
f 2865 2866 2867
f 2866 2868 2867
f 2867 2868 2869
f 2868 2870 2869
f 2869 2870 2871
f 2870 2872 2871
f 2871 2872 2873
f 2872 2874 2873
f 2873 2874 2875
f 2874 2876 2875
f 2875 2876 2877
f 2876 2878 2877
f 2877 2878 2879
f 2878 2880 2879
f 2879 2880 2881
f 2880 2882 2881
f 2881 2882 2883
f 2882 2884 2883
f 2883 2884 2885
f 2884 2886 2885
f 2885 2886 2887
f 2886 2888 2887
f 2887 2888 2889
f 2888 2890 2889
f 2889 2890 2891
f 2890 2892 2891
f 2891 2892 2893
f 2892 2894 2893
f 2893 2894 2895
f 2894 2896 2895
f 2895 2896 2897
f 2896 2898 2897
f 2897 2898 2899
f 2898 2900 2899
f 2899 2900 2901
f 2900 2902 2901
f 2901 2902 2903
f 2902 2904 2903
f 2903 2904 2905
f 2904 2906 2905
f 2905 2906 2907
f 2906 2908 2907
f 2907 2908 2909
f 2908 2910 2909
f 2909 2910 2911
f 2910 2912 2911
f 2911 2912 2913
f 2912 2914 2913
f 2913 2914 2915
f 2914 2916 2915
f 2915 2916 2917
f 2916 2918 2917
f 2917 2918 2919
f 2918 2920 2919
f 2919 2920 2921
f 2920 2922 2921
f 2921 2922 2923
f 2922 2924 2923
f 2923 2924 2925
f 2924 2926 2925
f 2925 2926 2927
f 2926 2928 2927
f 2927 2928 2929
f 2928 2930 2929
f 2929 2930 2931
f 2930 2932 2931
f 2931 2932 2933
f 2932 2934 2933
f 2933 2934 2935
f 2934 2936 2935
f 2935 2936 2937
f 2936 2938 2937
f 2937 2938 2939
f 2938 2940 2939
f 2939 2940 2941
f 2940 2942 2941
f 2941 2942 2943
f 2942 2944 2943
f 2943 2944 2945
f 2944 2946 2945
f 2945 2946 2947
f 2946 2948 2947
f 2947 2948 2949
f 2948 2950 2949
f 2949 2950 2951
f 2950 2952 2951
f 2951 2952 2953
f 2952 2954 2953
f 2953 2954 2955
f 2954 2956 2955
f 2955 2956 2957
f 2956 2958 2957
f 2957 2958 2959
f 2958 2960 2959
f 2959 2960 2961
f 2960 2962 2961
f 2961 2962 2963
f 2962 2964 2963
f 2964 2965 2963
f 2963 2965 2966
f 2965 2967 2966
f 2966 2967 2968
f 2969 2970 2971
f 2970 2972 2971
f 2971 2972 2973
f 2968 2967 2974
f 2967 2975 2974
f 2974 2975 2976
f 2975 2977 2976
f 2976 2977 2969
f 2977 2978 2969
f 2969 2978 2970
f 2973 2972 2979
f 2972 2980 2979
f 2979 2980 2981
f 2980 2982 2981
f 2982 2983 2981
f 2981 2983 2984
f 2983 2985 2984
f 2984 2985 2986
f 2985 2987 2986
f 2986 2987 2988
f 2988 2987 2989
f 2987 2990 2989
f 2989 2990 2991
f 2991 2990 2992
f 2990 2993 2992
f 2992 2993 2994
f 2993 2995 2994
f 2994 2995 2996
f 2995 2997 2996
f 2997 2998 2996
f 2996 2998 2999
f 2998 3000 2999
f 2999 3000 3001
f 3001 3000 3002
f 3000 3003 3002
f 3002 3003 3004
f 3003 3005 3004
f 3004 3005 3006
f 3005 3007 3006
f 3007 3008 3006
f 3006 3008 3009
f 3008 3010 3009
f 3009 3010 3011
f 3010 3012 3011
f 3011 3012 3013
f 3012 3014 3013
f 3013 3014 3015
f 3014 3016 3015
f 3015 3016 3017
f 3018 3019 3020
f 3019 3021 3020
f 3020 3021 3022
f 3017 3016 3023
f 3016 3024 3023
f 3023 3024 3025
f 3024 3026 3025
f 3025 3026 3018
f 3026 3027 3018
f 3018 3027 3019
f 3022 3021 3028
f 3021 3029 3028
f 3028 3029 3030
f 3029 3031 3030
f 3030 3031 3032
f 3031 3033 3032
f 3033 3034 3032
f 3032 3034 3035
f 3034 3036 3035
f 3035 3036 3037
f 3036 3038 3037
f 3037 3038 3039
f 3038 3040 3039
f 3039 3040 3041
f 3041 3040 3042
f 3040 3043 3042
f 3042 3043 3044
f 3043 3045 3044
f 3045 3046 3044
f 3044 3046 3047
f 3046 3048 3047
f 3047 3048 3049
f 3050 3051 3052
f 3049 3048 3053
f 3048 3054 3053
f 3053 3054 3055
f 3054 3056 3055
f 3055 3056 3057
f 3056 3058 3057
f 3057 3058 3059
f 3058 3060 3059
f 3059 3060 3061
f 3060 3062 3061
f 3061 3062 3063
f 3062 3064 3063
f 3063 3064 3065
f 3064 3066 3065
f 3065 3066 3067
f 3066 3068 3067
f 3067 3068 3069
f 3068 3070 3069
f 3069 3070 3071
f 3070 3072 3071
f 3071 3072 3073
f 3072 3074 3073
f 3073 3074 3075
f 3074 3076 3075
f 3075 3076 3077
f 3076 3078 3077
f 3077 3078 3079
f 3078 3080 3079
f 3079 3080 3081
f 3080 3082 3081
f 3081 3082 3083
f 3082 3084 3083
f 3083 3084 3052
f 3084 3085 3052
f 3052 3085 3050
f 3051 3050 3086
f 3050 3087 3086
f 3086 3087 3088
f 3087 3089 3088
f 3088 3089 3090
f 3089 3091 3090
f 3090 3091 3092
f 3091 3093 3092
f 3093 3094 3092
f 3092 3094 3095
f 3094 3096 3095
f 3094 3097 3096
f 3097 3098 3096
f 3096 3098 3099
f 3098 3100 3099
f 3099 3100 3101
f 3100 3102 3101
f 3100 3103 3102
f 3103 3104 3102
f 3102 3104 3105
f 3104 3106 3105
f 3105 3106 3107
f 3107 3106 3108
f 3106 3109 3108
f 3108 3109 3110
f 3109 3111 3110
f 3110 3111 3112
f 3111 3113 3112
f 3113 3114 3112
f 3112 3114 3115
f 3114 3116 3115
f 3115 3116 3117
f 3116 3118 3117
f 3117 3118 3119
f 3118 3120 3119
f 3119 3120 3121
f 3120 3122 3121
f 3120 3123 3122
f 3123 3124 3122
f 3122 3124 3125
f 3124 3126 3125
f 3125 3126 3127
f 3126 3128 3127
f 3127 3128 3129
f 3128 3130 3129
f 3129 3130 3131
f 3130 3132 3131
f 3131 3132 3133
f 3133 3132 3134
f 3132 3135 3134
f 3134 3135 3136
f 3135 3137 3136
f 3136 3137 3138
f 3139 3140 3141
f 3140 3142 3141
f 3141 3142 3143
f 3142 3144 3143
f 3143 3144 3145
f 3144 3146 3145
f 3145 3146 3147
f 3146 3138 3147
f 3147 3138 3148
f 3138 3137 3148
f 3149 3150 3151
f 3150 3152 3151
f 3151 3152 3153
f 3152 3154 3153
f 3153 3154 3155
f 3154 3139 3155
f 3155 3139 3156
f 3139 3141 3156
f 3157 3158 3159
f 3159 3158 3160
f 3158 3161 3160
f 3160 3161 3162
f 3161 3163 3162
f 3162 3163 3164
f 3163 3165 3164
f 3164 3165 3166
f 3165 3167 3166
f 3166 3167 3168
f 3167 3169 3168
f 3168 3169 3170
f 3169 3171 3170
f 3170 3171 3172
f 3171 3173 3172
f 3172 3173 3174
f 3173 3175 3174
f 3174 3175 3176
f 3175 3177 3176
f 3176 3177 3178
f 3177 3179 3178
f 3178 3179 3180
f 3179 3181 3180
f 3180 3181 3182
f 3181 3183 3182
f 3182 3183 3184
f 3183 3185 3184
f 3184 3185 3186
f 3185 3187 3186
f 3186 3187 3188
f 3187 3189 3188
f 3188 3189 3149
f 3189 3190 3149
f 3149 3190 3150
f 3191 3192 3193
f 3157 3159 3194
f 3159 3195 3194
f 3194 3195 3196
f 3195 3197 3196
f 3196 3197 3198
f 3197 3199 3198
f 3198 3199 3200
f 3199 3201 3200
f 3200 3201 3202
f 3201 3203 3202
f 3202 3203 3204
f 3203 3205 3204
f 3204 3205 3206
f 3205 3207 3206
f 3206 3207 3208
f 3207 3209 3208
f 3208 3209 3210
f 3209 3211 3210
f 3210 3211 3212
f 3211 3213 3212
f 3212 3213 3214
f 3213 3215 3214
f 3214 3215 3216
f 3215 3217 3216
f 3216 3217 3218
f 3217 3219 3218
f 3218 3219 3220
f 3219 3221 3220
f 3220 3221 3222
f 3221 3223 3222
f 3222 3223 3224
f 3223 3225 3224
f 3224 3225 3226
f 3225 3227 3226
f 3226 3227 3228
f 3227 3229 3228
f 3228 3229 3230
f 3229 3231 3230
f 3230 3231 3232
f 3231 3233 3232
f 3232 3233 3234
f 3233 3235 3234
f 3234 3235 3236
f 3235 3237 3236
f 3236 3237 3238
f 3237 3239 3238
f 3238 3239 3240
f 3239 3241 3240
f 3240 3241 3242
f 3241 3243 3242
f 3242 3243 3244
f 3243 3245 3244
f 3244 3245 3246
f 3245 3247 3246
f 3246 3247 3248
f 3247 3249 3248
f 3248 3249 3250
f 3249 3251 3250
f 3250 3251 3252
f 3251 3253 3252
f 3252 3253 3254
f 3253 3255 3254
f 3254 3255 3256
f 3255 3257 3256
f 3256 3257 3258
f 3257 3259 3258
f 3258 3259 3193
f 3259 3260 3193
f 3193 3260 3191
f 3192 3191 3261
f 3191 3262 3261
f 3261 3262 3263
f 3262 3264 3263
f 3263 3264 3265
f 3264 3266 3265
f 3265 3266 3267
f 3266 3268 3267
f 3268 3269 3267
f 3267 3269 3270
f 3269 3271 3270
f 3269 3272 3271
f 3272 3273 3271
f 3271 3273 3274
f 3273 3275 3274
f 3274 3275 3276
f 3275 3277 3276
f 3275 3278 3277
f 3278 3279 3277
f 3277 3279 3280
f 3279 3281 3280
f 3280 3281 3282
f 3282 3281 3283
f 3281 3284 3283
f 3283 3284 3285
f 3284 3286 3285
f 3285 3286 3287
f 3286 3288 3287
f 3288 3289 3287
f 3287 3289 3290
f 3289 3291 3290
f 3290 3291 3292
f 3291 3293 3292
f 3292 3293 3294
f 3293 3295 3294
f 3294 3295 3296
f 3295 3297 3296
f 3295 3298 3297
f 3298 3299 3297
f 3297 3299 3300
f 3299 3301 3300
f 3300 3301 3302
f 3301 3303 3302
f 3302 3303 3304
f 3303 3305 3304
f 3304 3305 3306
f 3305 3307 3306
f 3306 3307 3308
f 3308 3307 3309
f 3307 3310 3309
f 3309 3310 3311
f 3310 3312 3311
f 3311 3312 3313
f 3314 3315 3316
f 3315 3317 3316
f 3316 3317 3318
f 3317 3319 3318
f 3318 3319 3320
f 3319 3321 3320
f 3320 3321 3322
f 3321 3313 3322
f 3322 3313 3323
f 3313 3312 3323
f 3316 3324 3314
f 3324 3325 3314
f 3314 3325 3326
f 3325 3327 3326
f 3326 3327 3328
f 3327 3329 3328
f 3328 3329 3330
f 3329 3331 3330
f 3330 3331 3332
f 3332 3331 3333
f 3331 3334 3333
f 3333 3334 3335
f 3334 3336 3335
f 3336 3337 3335
f 3335 3337 3338
f 3337 3339 3338
f 3338 3339 3340
f 3340 3339 3341
f 3339 3342 3341
f 3341 3342 3343
f 3342 3344 3343
f 3343 3344 3345
f 3344 3346 3345
f 3346 3347 3345
f 3345 3347 3348
f 3347 3349 3348
f 3348 3349 3350
f 3349 3351 3350
f 3350 3351 3352
f 3351 3353 3352
f 3352 3353 3354
f 3355 3356 3357
f 3356 3358 3357
f 3357 3358 3359
f 3354 3353 3360
f 3353 3361 3360
f 3360 3361 3362
f 3361 3363 3362
f 3362 3363 3364
f 3363 3365 3364
f 3364 3365 3355
f 3365 3366 3355
f 3355 3366 3356
f 3359 3358 3367
f 3358 3368 3367
f 3367 3368 3369
f 3368 3370 3369
f 3369 3370 3371
f 3370 3372 3371
f 3372 3373 3371
f 3371 3373 3374
f 3373 3375 3374
f 3374 3375 3376
f 3375 3377 3376
f 3376 3377 3378
f 3377 3379 3378
f 3378 3379 3380
f 3379 3381 3380
f 3380 3381 3382
f 3381 3383 3382
f 3382 3383 3384
f 3383 3385 3384
f 3384 3385 3386
f 3385 3387 3386
f 3386 3387 3388
f 3387 3389 3388
f 3388 3389 3390
f 3390 3389 3391
f 3389 3392 3391
f 3391 3392 3393
f 3392 3394 3393
f 3394 3395 3393
f 3393 3395 3396
f 3395 3397 3396
f 3396 3397 3398
f 3398 3397 3399
f 3397 3400 3399
f 3399 3400 3401
f 3400 3402 3401
f 3401 3402 3403
f 3402 3404 3403
f 3404 3405 3403
f 3403 3405 3406
f 3405 3407 3406
f 3406 3407 3408
f 3408 3407 3409
f 3407 3410 3409
f 3409 3410 3411
f 3410 3412 3411
f 3411 3412 3413
f 3412 3414 3413
f 3413 3414 3415
f 3414 3416 3415
f 3415 3416 3417
f 3416 3418 3417
f 3417 3418 3419
f 3420 3421 3422
f 3420 3422 3423
f 3422 3424 3423
f 3423 3424 3419
f 3424 3425 3419
f 3419 3425 3417
f 3426 3427 3428
f 3427 3429 3428
f 3421 3420 3430
f 3420 3431 3430
f 3430 3431 3432
f 3431 3433 3432
f 3432 3433 3429
f 3433 3434 3429
f 3429 3434 3428
f 266 265 3435
f 265 3436 3435
f 3435 3436 3426
f 3436 3437 3426
f 3426 3437 3427
f 266 3438 264
f 3438 3439 264
f 264 3439 3440
f 3439 3441 3440
f 3440 3441 3442
f 3441 3443 3442
f 3442 3443 3444
f 3443 3445 3444
f 3444 3445 3446
f 3446 3445 3447
f 3445 3448 3447
f 3447 3448 3449
f 3448 3450 3449
f 3450 3451 3449
f 3449 3451 3452
f 3451 3453 3452
f 3452 3453 3454
f 3453 3455 3454
f 3454 3455 3456
f 3455 3457 3456
f 3456 3457 3458
f 3457 3459 3458
f 3459 3460 3458
f 3458 3460 3461
f 3460 3462 3461
f 3461 3462 3463
f 3462 3464 3463
f 3463 3464 3465
f 3464 3466 3465
f 263 262 3467
f 262 3468 3467
f 3467 3468 3469
f 3468 3470 3469
f 3469 3470 3466
f 3470 3471 3466
f 3466 3471 3465
f 3472 3473 3474
f 3473 3475 3474
f 3474 3475 3476
f 3475 3477 3476
f 3476 3477 3478
f 3477 3479 3478
f 3478 3479 3480
f 3479 261 3480
f 3480 261 3481
f 261 263 3481
f 3474 3482 3472
f 3482 3483 3472
f 3472 3483 3484
f 3483 3485 3484
f 3484 3485 3486
f 3485 3487 3486
f 3486 3487 3488
f 3487 3489 3488
f 3488 3489 3490
f 3491 3492 3493
f 3492 3494 3493
f 3493 3494 3495
f 3490 3489 3496
f 3489 3497 3496
f 3496 3497 3498
f 3497 3499 3498
f 3498 3499 3491
f 3499 3500 3491
f 3491 3500 3492
f 3495 3494 3501
f 3494 3502 3501
f 3501 3502 3503
f 3502 3504 3503
f 3504 3505 3503
f 3503 3505 3506
f 3505 3507 3506
f 3506 3507 3508
f 3507 3509 3508
f 3508 3509 3510
f 3509 3511 3510
f 3510 3511 3512
f 3512 3511 3513
f 3511 3514 3513
f 3513 3514 3515
f 3514 3516 3515
f 3515 3516 3517
f 3516 3518 3517
f 3518 3519 3517
f 3517 3519 3520
f 3519 3521 3520
f 260 259 3522
f 259 3523 3522
f 3522 3523 3524
f 3523 3525 3524
f 3524 3525 3521
f 3525 3526 3521
f 3521 3526 3520
f 260 3527 258
f 3527 3528 258
f 258 3528 3529
f 3528 3530 3529
f 3529 3530 3531
f 3530 3532 3531
f 3531 3532 3533
f 3532 3534 3533
f 3533 3534 3535
f 3534 3536 3535
f 3535 3536 3537
f 3536 3538 3537
f 3537 3538 3539
f 3538 3540 3539
f 3539 3540 3541
f 3540 3542 3541
f 3541 3542 3543
f 3542 3544 3543
f 3543 3544 3545
f 3544 3546 3545
f 3545 3546 3547
f 3546 3548 3547
f 3547 3548 3549
f 3548 3550 3549
f 3549 3550 3551
f 3550 3552 3551
f 3551 3552 3553
f 3552 3554 3553
f 3553 3554 3555
f 3554 3556 3555
f 3555 3556 3557
f 3556 3558 3557
f 3557 3558 3559
f 3558 3560 3559
f 3559 3560 3561
f 3560 3562 3561
f 3561 3562 3563
f 3562 3564 3563
f 3563 3564 3565
f 3564 3566 3565
f 3565 3566 3567
f 3566 3568 3567
f 3567 3568 3569
f 3568 3570 3569
f 3569 3570 3571
f 3570 3572 3571
f 3571 3572 3573
f 3572 3574 3573
f 3573 3574 3575
f 3574 3576 3575
f 3575 3576 3577
f 3576 3578 3577
f 3577 3578 3579
f 3578 3580 3579
f 3579 3580 3581
f 3580 3582 3581
f 3581 3582 3583
f 3584 3585 3586
f 3585 3587 3586
f 3586 3587 3588
f 3583 3582 3589
f 3582 3590 3589
f 3589 3590 3591
f 3590 3592 3591
f 3591 3592 3593
f 3592 3594 3593
f 3593 3594 3595
f 3594 3596 3595
f 3595 3596 3597
f 3596 3598 3597
f 3597 3598 3599
f 3598 3600 3599
f 3599 3600 3601
f 3600 3602 3601
f 3601 3602 3603
f 3602 3604 3603
f 3603 3604 3605
f 3604 3606 3605
f 3605 3606 3607
f 3606 3608 3607
f 3607 3608 3609
f 3608 3610 3609
f 3609 3610 3611
f 3610 3612 3611
f 3611 3612 3613
f 3612 3614 3613
f 3613 3614 3615
f 3614 3616 3615
f 3615 3616 3617
f 3616 3618 3617
f 3617 3618 3619
f 3618 3620 3619
f 3619 3620 3621
f 3620 3622 3621
f 3621 3622 3623
f 3622 3624 3623
f 3623 3624 3625
f 3624 3626 3625
f 3625 3626 3627
f 3626 3628 3627
f 3627 3628 3629
f 3628 3630 3629
f 3629 3630 3631
f 3630 3632 3631
f 3631 3632 3633
f 3632 3634 3633
f 3633 3634 3635
f 3634 3636 3635
f 3635 3636 3637
f 3636 3638 3637
f 3637 3638 3639
f 3638 3640 3639
f 3639 3640 3641
f 3640 3642 3641
f 3641 3642 3643
f 3642 3644 3643
f 3643 3644 3645
f 3644 3646 3645
f 3645 3646 3647
f 3646 3648 3647
f 3647 3648 3649
f 3648 3650 3649
f 3649 3650 3651
f 3650 3652 3651
f 3651 3652 3653
f 3652 3654 3653
f 3653 3654 3655
f 3654 3656 3655
f 3655 3656 3657
f 3656 3658 3657
f 3657 3658 3659
f 3658 3660 3659
f 3659 3660 3661
f 3660 3662 3661
f 3661 3662 3663
f 3662 3664 3663
f 3663 3664 3665
f 3664 3666 3665
f 3665 3666 3584
f 3666 3667 3584
f 3584 3667 3585
f 3588 3587 3668
f 3587 3669 3668
f 3668 3669 3670
f 3669 3671 3670
f 3670 3671 3672
f 3671 3673 3672
f 3672 3673 3674
f 3673 3675 3674
f 3675 3676 3674
f 3674 3676 3677
f 3676 3678 3677
f 3677 3678 3679
f 3679 3678 3680
f 3678 3681 3680
f 3680 3681 3682
f 3681 3683 3682
f 3682 3683 3684
f 3683 3685 3684
f 3685 3686 3684
f 3684 3686 3687
f 3686 3688 3687
f 3687 3688 3689
f 3689 3688 3690
f 3688 3691 3690
f 3690 3691 3692
f 3691 3693 3692
f 3692 3693 3694
f 3693 3695 3694
f 3694 3695 3696
f 3695 3697 3696
f 3696 3697 256
f 3697 3698 256
f 256 3698 257
f 3699 3700 3701
f 3700 3702 3701
f 3701 3702 3703
f 255 257 3704
f 257 3705 3704
f 3704 3705 3706
f 3705 3707 3706
f 3706 3707 3708
f 3707 3709 3708
f 3708 3709 3710
f 3709 3711 3710
f 3710 3711 3699
f 3711 3712 3699
f 3699 3712 3700
f 3713 3714 3715
f 3714 3716 3715
f 3715 3716 3717
f 3703 3702 3718
f 3702 3719 3718
f 3718 3719 3720
f 3719 3721 3720
f 3720 3721 3713
f 3721 3722 3713
f 3713 3722 3714
f 3717 3716 3723
f 3716 3724 3723
f 3723 3724 3725
f 3724 3726 3725
f 3725 3726 3727
f 3726 3728 3727
f 3727 3728 3729
f 3728 3730 3729
f 3730 3731 3729
f 3729 3731 3732
f 3731 3733 3732
f 3732 3733 3734
f 3734 3733 3735
f 3733 3736 3735
f 3735 3736 3737
f 3736 3738 3737
f 3737 3738 3739
f 3738 3740 3739
f 3739 3740 3741
f 3740 3742 3741
f 3741 3742 3743
f 3742 3744 3743
f 3744 3745 3743
f 3743 3745 3746
f 3745 3747 3746
f 3746 3747 3748
f 3749 3750 3751
f 3750 3752 3751
f 3751 3752 3753
f 3748 3747 3754
f 3747 3755 3754
f 3754 3755 3756
f 3755 3757 3756
f 3756 3757 3758
f 3757 3759 3758
f 3758 3759 3749
f 3759 3760 3749
f 3749 3760 3750
f 3761 3762 3763
f 3762 3764 3763
f 3763 3764 3765
f 3753 3752 3766
f 3752 3767 3766
f 3766 3767 3768
f 3767 3769 3768
f 3768 3769 3761
f 3769 3770 3761
f 3761 3770 3762
f 3765 3764 3771
f 3764 3772 3771
f 3771 3772 3773
f 3772 3774 3773
f 3773 3774 3775
f 3774 3776 3775
f 3775 3776 3777
f 3776 3778 3777
f 3777 3778 3779
f 3778 3780 3779
f 3779 3780 3781
f 3780 3782 3781
f 3781 3782 3783
f 3782 3784 3783
f 3783 3784 3785
f 3784 3786 3785
f 3785 3786 3787
f 3786 3788 3787
f 3787 3788 3789
f 3788 3790 3789
f 3789 3790 3791
f 3790 3792 3791
f 3792 3793 3791
f 3791 3793 3794
f 3793 3795 3794
f 3794 3795 3796
f 3796 3795 3797
f 3795 3798 3797
f 3797 3798 3799
f 3798 3800 3799
f 3799 3800 3801
f 3800 3802 3801
f 3802 3803 3801
f 3801 3803 3804
f 3803 3805 3804
f 254 253 3806
f 253 3807 3806
f 3806 3807 3808
f 3807 3809 3808
f 3808 3809 3805
f 3809 3810 3805
f 3805 3810 3804
f 3811 3812 3813
f 3813 3812 3814
f 254 3815 252
f 3815 3816 252
f 252 3816 3817
f 3816 3814 3817
f 3817 3814 3818
f 3814 3812 3818
f 3813 3819 3811
f 3819 3820 3811
f 3811 3820 3821
f 3820 3822 3821
f 3821 3822 3823
f 3822 3824 3823
f 3823 3824 3825
f 3824 3826 3825
f 3825 3826 3827
f 3826 3828 3827
f 3827 3828 3829
f 3828 3830 3829
f 3829 3830 3831
f 3830 3832 3831
f 3831 3832 3833
f 3832 3834 3833
f 3833 3834 3835
f 3834 3836 3835
f 3835 3836 3837
f 3836 3838 3837
f 3837 3838 3839
f 3838 3840 3839
f 3839 3840 3841
f 3840 3842 3841
f 3841 3842 3843
f 3842 3844 3843
f 3843 3844 3845
f 3844 3846 3845
f 3845 3846 3847
f 3846 3848 3847
f 3847 3848 3849
f 3848 3850 3849
f 3849 3850 3851
f 3850 3852 3851
f 3851 3852 3853
f 3852 3854 3853
f 3853 3854 3855
f 3854 3856 3855
f 3855 3856 3857
f 3856 3858 3857
f 3857 3858 3859
f 3858 3860 3859
f 3859 3860 3861
f 3860 3862 3861
f 3861 3862 3863
f 3862 3864 3863
f 3863 3864 3865
f 3864 3866 3865
f 3865 3866 3867
f 3866 3868 3867
f 3867 3868 3869
f 3868 3870 3869
f 3869 3870 3871
f 3870 3872 3871
f 3871 3872 3873
f 3872 3874 3873
f 3873 3874 3875
f 3874 3876 3875
f 3875 3876 3877
f 3876 3878 3877
f 3877 3878 3879
f 3878 3880 3879
f 3879 3880 3881
f 3880 3882 3881
f 3881 3882 3883
f 3882 3884 3883
f 3883 3884 3885
f 3884 3886 3885
f 3885 3886 3887
f 3886 3888 3887
f 3887 3888 3889
f 3888 3890 3889
f 3889 3890 3891
f 3890 3892 3891
f 3891 3892 3893
f 3892 3894 3893
f 3893 3894 3895
f 3894 3896 3895
f 3895 3896 3897
f 3896 3898 3897
f 3897 3898 3899
f 3898 3900 3899
f 3899 3900 3901
f 3900 3902 3901
f 3901 3902 3903
f 3902 3904 3903
f 3903 3904 3905
f 3904 3906 3905
f 3905 3906 3907
f 3906 3908 3907
f 3907 3908 3909
f 3908 3910 3909
f 3909 3910 3911
f 3910 3912 3911
f 3911 3912 3913
f 3912 3914 3913
f 3913 3914 3915
f 3914 3916 3915
f 3915 3916 3917
f 3916 3918 3917
f 3917 3918 3919
f 3918 3920 3919
f 3919 3920 3921
f 3920 3922 3921
f 3921 3922 3923
f 3922 3924 3923
f 3923 3924 3925
f 3924 3926 3925
f 3925 3926 3927
f 3926 3928 3927
f 3927 3928 3929
f 3928 3930 3929
f 3929 3930 3931
f 3930 3932 3931
f 3931 3932 3933
f 3932 3934 3933
f 3933 3934 3935
f 3934 3936 3935
f 3935 3936 3937
f 3936 3938 3937
f 3937 3938 3939
f 3938 3940 3939
f 3939 3940 3941
f 3940 3942 3941
f 3941 3942 3943
f 3942 3944 3943
f 3943 3944 3945
f 3944 3946 3945
f 3945 3946 3947
f 3946 3948 3947
f 3947 3948 3949
f 3948 3950 3949
f 3949 3950 3951
f 3950 3952 3951
f 3951 3952 3953
f 3952 3954 3953
f 3953 3954 3955
f 3954 3956 3955
f 3955 3956 3957
f 3956 3958 3957
f 3957 3958 3959
f 3958 3960 3959
f 3959 3960 3961
f 3960 3962 3961
f 3961 3962 3963
f 3962 3964 3963
f 3964 3965 3963
f 3963 3965 3966
f 3965 3967 3966
f 3966 3967 3968
f 3967 3969 3968
f 3968 3969 3970
f 3969 3971 3970
f 3970 3971 3972
f 3971 3973 3972
f 3971 3974 3973
f 3974 3975 3973
f 3973 3975 3976
f 3975 3977 3976
f 3976 3977 3978
f 3977 3979 3978
f 3978 3979 3980
f 3979 3981 3980
f 3980 3981 3982
f 3982 3981 3983
f 3981 3984 3983
f 3983 3984 3985
f 3984 3986 3985
f 3985 3986 3987
f 3986 3988 3987
f 3987 3988 3989
f 3990 3991 3992
f 3991 3993 3992
f 3992 3993 3994
f 3993 3995 3994
f 3994 3995 3996
f 3995 3997 3996
f 3996 3997 3998
f 3997 3989 3998
f 3998 3989 3999
f 3989 3988 3999
f 3992 4000 3990
f 4000 4001 3990
f 3990 4001 4002
f 4001 4003 4002
f 4002 4003 4004
f 4005 4006 4007
f 4004 4003 4007
f 4003 4008 4007
f 4007 4008 4005
f 4006 4005 4009
f 4005 4010 4009
f 4009 4010 4011
f 4010 4012 4011
f 4012 4013 4011
f 4011 4013 4014
f 4013 4015 4014
f 4013 4016 4015
f 4016 4017 4015
f 4015 4017 4018
f 4018 4017 4019
f 4017 4020 4019
f 4019 4020 4021
f 4020 4022 4021
f 4022 4023 4021
f 4021 4023 4024
f 4023 4025 4024
f 4023 4026 4025
f 4026 4027 4025
f 4025 4027 4028
f 4028 4027 4029
f 4027 4030 4029
f 4029 4030 4031
f 4030 4032 4031
f 4031 4032 4033
f 4032 4034 4033
f 4033 4034 4035
f 4034 4036 4035
f 4035 4036 4037
f 251 249 4037
f 249 4038 4037
f 4037 4038 4035
f 4039 4040 4041
f 248 250 4041
f 250 4042 4041
f 4041 4042 4039
f 4040 4039 4043
f 4039 4044 4043
f 4043 4044 246
f 4044 4045 246
f 246 4045 247
f 4046 4047 4048
f 245 247 4048
f 247 4049 4048
f 4048 4049 4046
f 4047 4046 4050
f 4046 4051 4050
f 4050 4051 4052
f 4051 4053 4052
f 4052 4053 4054
f 4053 4055 4054
f 4054 4055 4056
f 4055 4057 4056
f 4057 4058 4056
f 4056 4058 4059
f 4058 4060 4059
f 4058 4061 4060
f 4061 4062 4060
f 4060 4062 4063
f 4062 4064 4063
f 4063 4064 4065
f 4064 4066 4065
f 4064 4067 4066
f 4067 4068 4066
f 4066 4068 4069
f 4069 4068 4070
f 4068 4071 4070
f 4070 4071 4072
f 4071 4073 4072
f 4073 4074 4072
f 4072 4074 4075
f 4074 4076 4075
f 4074 4077 4076
f 4077 4078 4076
f 4076 4078 4079
f 4078 4080 4079
f 4078 4081 4080
f 4081 4082 4080
f 4080 4082 4083
f 4083 4082 4084
f 4082 4085 4084
f 4084 4085 4086
f 4085 4087 4086
f 4087 4088 4086
f 4086 4088 4089
f 4088 4090 4089
f 4089 4090 4091
f 4090 4092 4091
f 4091 4092 4093
f 4092 4094 4093
f 4093 4094 4095
f 4094 4096 4095
f 4095 4096 4097
f 4098 4099 4100
f 4099 4101 4100
f 4100 4101 4102
f 4097 4096 4103
f 4096 4104 4103
f 4103 4104 4105
f 4104 4106 4105
f 4105 4106 4098
f 4106 4107 4098
f 4098 4107 4099
f 4102 4101 4108
f 4101 4109 4108
f 4108 4109 4110
f 4109 4111 4110
f 4110 4111 4112
f 4111 4113 4112
f 4113 4114 4112
f 4112 4114 4115
f 4114 4116 4115
f 4115 4116 4117
f 4116 4118 4117
f 4117 4118 4119
f 4118 4120 4119
f 4119 4120 4121
f 4121 4120 4122
f 4120 4123 4122
f 4122 4123 4124
f 4123 4125 4124
f 4125 4126 4124
f 4124 4126 4127
f 4126 4128 4127
f 4127 4128 4129
f 4129 4128 4130
f 4128 4131 4130
f 4130 4131 4132
f 4131 4133 4132
f 4132 4133 4134
f 4133 4135 4134
f 4134 4135 4136
f 4135 4137 4136
f 4136 4137 4138
f 4137 4139 4138
f 4139 4140 4138
f 4138 4140 4141
f 4140 4142 4141
f 4141 4142 4143
f 4144 4145 4146
f 4145 4147 4146
f 4146 4147 4148
f 4143 4142 4149
f 4142 4150 4149
f 4149 4150 4151
f 4150 4152 4151
f 4151 4152 4153
f 4152 4154 4153
f 4153 4154 4144
f 4154 4155 4144
f 4144 4155 4145
f 4148 4147 4156
f 4147 4157 4156
f 4156 4157 4158
f 4157 4159 4158
f 4158 4159 4160
f 4159 4161 4160
f 4161 4162 4160
f 4160 4162 4163
f 4162 4164 4163
f 4163 4164 4165
f 4164 4166 4165
f 4165 4166 4167
f 4166 4168 4167
f 4167 4168 4169
f 4168 4170 4169
f 4170 4171 4169
f 4169 4171 4172
f 4171 4173 4172
f 4172 4173 4174
f 4173 4175 4174
f 4174 4175 4176
f 4175 4177 4176
f 4176 4177 4178
f 4177 4179 4178
f 4177 4180 4179
f 4180 4181 4179
f 4179 4181 4182
f 4181 4183 4182
f 4182 4183 4184
f 4183 4185 4184
f 4184 4185 4186
f 4185 4187 4186
f 4186 4187 4188
f 4187 4189 4188
f 4188 4189 4190
f 4189 4191 4190
f 4190 4191 4192
f 4191 4193 4192
f 4192 4193 4194
f 4193 4195 4194
f 4194 4195 4196
f 4195 4197 4196
f 4196 4197 4198
f 4197 4199 4198
f 4198 4199 4200
f 4199 4201 4200
f 4200 4201 4202
f 4201 4203 4202
f 4202 4203 4204
f 4203 4205 4204
f 4204 4205 4206
f 4205 4207 4206
f 4206 4207 4208
f 4207 4209 4208
f 4208 4209 4210
f 4209 4211 4210
f 4210 4211 4212
f 4211 4213 4212
f 4212 4213 4214
f 4213 4215 4214
f 4214 4215 4216
f 4215 4217 4216
f 4216 4217 4218
f 4217 4219 4218
f 4218 4219 4220
f 4219 4221 4220
f 4220 4221 4222
f 4221 4223 4222
f 4222 4223 4224
f 4223 4225 4224
f 4224 4225 4226
f 4225 4227 4226
f 4226 4227 4228
f 4227 4229 4228
f 4228 4229 4230
f 4229 4231 4230
f 4230 4231 4232
f 4231 4233 4232
f 4232 4233 4234
f 4233 4235 4234
f 4234 4235 4236
f 4235 4237 4236
f 4236 4237 4238
f 4237 4239 4238
f 4238 4239 4240
f 4239 4241 4240
f 4240 4241 4242
f 4241 4243 4242
f 4242 4243 4244
f 4243 4245 4244
f 4244 4245 4246
f 4245 4247 4246
f 4246 4247 4248
f 4247 4249 4248
f 4248 4249 4250
f 4249 4251 4250
f 4250 4251 4252
f 4251 4253 4252
f 4252 4253 4254
f 4253 4255 4254
f 4254 4255 4256
f 4255 4257 4256
f 4256 4257 4258
f 4257 4259 4258
f 4258 4259 4260
f 4259 4261 4260
f 4260 4261 4262
f 4261 4263 4262
f 4262 4263 4264
f 4263 4265 4264
f 4264 4265 4266
f 4265 4267 4266
f 4266 4267 4268
f 4267 4269 4268
f 4268 4269 4270
f 4269 4271 4270
f 4270 4271 4272
f 4271 4273 4272
f 4272 4273 4274
f 4273 4275 4274
f 4274 4275 4276
f 4275 4277 4276
f 4276 4277 4278
f 4277 4279 4278
f 4278 4279 4280
f 4279 4281 4280
f 4280 4281 4282
f 4281 4283 4282
f 4282 4283 4284
f 4283 4285 4284
f 4284 4285 4286
f 4285 4287 4286
f 4286 4287 4288
f 4287 4289 4288
f 4288 4289 4290
f 4289 4291 4290
f 4290 4291 4292
f 4291 4293 4292
f 4292 4293 4294
f 4293 4295 4294
f 4294 4295 4296
f 4295 4297 4296
f 4296 4297 4298
f 4297 4299 4298
f 4298 4299 4300
f 4299 4301 4300
f 4300 4301 4302
f 4301 4303 4302
f 4302 4303 4304
f 4303 4305 4304
f 4304 4305 4306
f 4305 4307 4306
f 4306 4307 4308
f 4307 4309 4308
f 4308 4309 4310
f 4309 4311 4310
f 4310 4311 4312
f 4311 4313 4312
f 4312 4313 4314
f 4313 4315 4314
f 4314 4315 4316
f 4315 4317 4316
f 4316 4317 4318
f 4317 4319 4318
f 4318 4319 4320
f 4319 4321 4320
f 4320 4321 4322
f 4321 4323 4322
f 4322 4323 4324
f 4323 4325 4324
f 4324 4325 4326
f 4325 4327 4326
f 4326 4327 4328
f 4327 4329 4328
f 4328 4329 4330
f 4329 4331 4330
f 4330 4331 4332
f 4331 4333 4332
f 4332 4333 4334
f 4333 4335 4334
f 4334 4335 4336
f 4335 4337 4336
f 4336 4337 4338
f 4337 4339 4338
f 4338 4339 4340
f 4339 4341 4340
f 4340 4341 4342
f 4341 4343 4342
f 4342 4343 4344
f 4343 4345 4344
f 4344 4345 4346
f 4345 4347 4346
f 4346 4347 4348
f 4348 4347 4349
f 4347 4350 4349
f 4349 4350 4351
f 4350 4352 4351
f 4351 4352 4353
f 4352 4354 4353
f 4353 4354 4355
f 4354 4356 4355
f 4356 4357 4355
f 4355 4357 4358
f 4357 4359 4358
f 4358 4359 4360
f 4361 4362 4363
f 4362 4364 4363
f 4363 4364 4365
f 4360 4359 4366
f 4359 4367 4366
f 4366 4367 4368
f 4367 4369 4368
f 4368 4369 4370
f 4369 4371 4370
f 4370 4371 4372
f 4371 4373 4372
f 4372 4373 4374
f 4373 4375 4374
f 4374 4375 4376
f 4375 4377 4376
f 4376 4377 4378
f 4377 4379 4378
f 4378 4379 4380
f 4379 4381 4380
f 4380 4381 4382
f 4381 4383 4382
f 4382 4383 4384
f 4383 4385 4384
f 4384 4385 4386
f 4385 4387 4386
f 4386 4387 4388
f 4387 4389 4388
f 4388 4389 4390
f 4389 4391 4390
f 4390 4391 4392
f 4391 4393 4392
f 4392 4393 4394
f 4393 4395 4394
f 4394 4395 4361
f 4395 4396 4361
f 4361 4396 4362
f 4365 4364 4397
f 4364 4398 4397
f 4397 4398 4399
f 4398 4400 4399
f 4399 4400 4401
f 4400 4402 4401
f 4401 4402 4403
f 4402 4404 4403
f 4403 4404 4405
f 4404 4406 4405
f 4405 4406 4407
f 4406 4408 4407
f 4407 4408 4409
f 4408 4410 4409
f 4409 4410 4411
f 4410 4412 4411
f 4411 4412 4413
f 4412 4414 4413
f 4413 4414 4415
f 4414 4416 4415
f 4415 4416 4417
f 4416 4418 4417
f 4417 4418 4419
f 4418 4420 4419
f 4419 4420 4421
f 4420 4422 4421
f 4421 4422 4423
f 4422 4424 4423
f 4423 4424 4425
f 4424 4426 4425
f 4425 4426 4427
f 4426 4428 4427
f 4428 4429 4427
f 4427 4429 4430
f 4429 4431 4430
f 4430 4431 4432
f 4432 4431 4433
f 4431 4434 4433
f 4433 4434 4435
f 4434 4436 4435
f 4435 4436 4437
f 4436 4438 4437
f 4437 4438 4439
f 4438 4440 4439
f 4439 4440 4441
f 4440 4442 4441
f 4441 4442 4443
f 4442 4444 4443
f 4443 4444 4445
f 4446 4447 4448
f 4447 4449 4448
f 4448 4449 4450
f 4445 4444 4451
f 4444 4452 4451
f 4451 4452 4453
f 4452 4454 4453
f 4453 4454 4455
f 4454 4456 4455
f 4455 4456 4457
f 4456 4458 4457
f 4457 4458 4459
f 4458 4460 4459
f 4459 4460 4461
f 4460 4462 4461
f 4461 4462 4463
f 4462 4464 4463
f 4463 4464 4465
f 4464 4466 4465
f 4465 4466 4467
f 4466 4468 4467
f 4467 4468 4446
f 4468 4469 4446
f 4446 4469 4447
f 4450 4449 4470
f 4449 4471 4470
f 4470 4471 4472
f 4471 4473 4472
f 4472 4473 4474
f 4473 4475 4474
f 4474 4475 4476
f 4475 4477 4476
f 4477 4478 4476
f 4476 4478 4479
f 4478 4480 4479
f 4479 4480 4481
f 4481 4480 4482
f 4480 4483 4482
f 4482 4483 4484
f 4483 4485 4484
f 4484 4485 4486
f 4485 4487 4486
f 4486 4487 4488
f 4487 4489 4488
f 4488 4489 4490
f 4489 4491 4490
f 4490 4491 4492
f 4491 4493 4492
f 4492 4493 4494
f 4493 4495 4494
f 4494 4495 4496
f 4495 4497 4496
f 4496 4497 4498
f 4497 4499 4498
f 4498 4499 4500
f 4499 4501 4500
f 4500 4501 4502
f 4501 4503 4502
f 4502 4503 4504
f 4503 4505 4504
f 4504 4505 4506
f 4505 4507 4506
f 4506 4507 4508
f 4507 4509 4508
f 4508 4509 4510
f 4509 4511 4510
f 4510 4511 4512
f 4511 4513 4512
f 4512 4513 4514
f 4513 4515 4514
f 4514 4515 4516
f 4515 4517 4516
f 4516 4517 4518
f 4517 4519 4518
f 4518 4519 4520
f 4519 4521 4520
f 4520 4521 4522
f 4521 4523 4522
f 4523 4524 4522
f 4522 4524 4525
f 4524 4526 4525
f 4525 4526 4527
f 4526 4528 4527
f 4527 4528 4529
f 4529 4528 4530
f 4528 4531 4530
f 4530 4531 4532
f 4531 4533 4532
f 4532 4533 4534
f 4533 4535 4534
f 4534 4535 4536
f 4535 4537 4536
f 4536 4537 4538
f 4537 4539 4538
f 4538 4539 4540
f 4539 4541 4540
f 4540 4541 4542
f 4541 4543 4542
f 4542 4543 4544
f 4543 4545 4544
f 4544 4545 4546
f 4545 4547 4546
f 4546 4547 4548
f 4547 4549 4548
f 4549 4550 4548
f 4548 4550 4551
f 4552 4553 4554
f 4553 4555 4554
f 4554 4555 4556
f 4551 4550 4557
f 4550 4558 4557
f 4557 4558 4559
f 4558 4560 4559
f 4559 4560 4552
f 4560 4561 4552
f 4552 4561 4553
f 4562 4563 4564
f 4556 4555 4564
f 4555 4565 4564
f 4564 4565 4562
f 4566 4567 4568
f 4567 4569 4568
f 4568 4569 4570
f 4563 4562 4571
f 4562 4572 4571
f 4571 4572 4573
f 4572 4574 4573
f 4573 4574 4575
f 4574 4576 4575
f 4575 4576 4577
f 4576 4578 4577
f 4577 4578 4579
f 4578 4580 4579
f 4579 4580 4581
f 4580 4582 4581
f 4581 4582 4583
f 4582 4584 4583
f 4583 4584 4566
f 4584 4585 4566
f 4566 4585 4567
f 4570 4569 4586
f 4569 4587 4586
f 4586 4587 4588
f 4587 4589 4588
f 4588 4589 4590
f 4589 4591 4590
f 4590 4591 4592
f 4591 4593 4592
f 4593 4594 4592
f 4592 4594 4595
f 4594 4596 4595
f 4595 4596 4597
f 4598 4599 4600
f 4599 4601 4600
f 4600 4601 4602
f 4597 4596 4603
f 4596 4604 4603
f 4603 4604 4605
f 4604 4606 4605
f 4605 4606 4607
f 4606 4608 4607
f 4607 4608 4609
f 4608 4610 4609
f 4609 4610 4611
f 4610 4612 4611
f 4611 4612 4613
f 4612 4614 4613
f 4613 4614 4615
f 4614 4616 4615
f 4615 4616 4617
f 4616 4618 4617
f 4617 4618 4619
f 4618 4620 4619
f 4619 4620 4621
f 4620 4622 4621
f 4621 4622 4623
f 4622 4624 4623
f 4623 4624 4625
f 4624 4626 4625
f 4625 4626 4627
f 4626 4628 4627
f 4627 4628 4629
f 4628 4630 4629
f 4629 4630 4631
f 4630 4632 4631
f 4631 4632 4598
f 4632 4633 4598
f 4598 4633 4599
f 4602 4601 4634
f 4601 4635 4634
f 4634 4635 4636
f 4635 4637 4636
f 4636 4637 4638
f 4637 4639 4638
f 4639 4640 4638
f 4638 4640 4641
f 4640 4642 4641
f 4641 4642 4643
f 4642 4644 4643
f 4643 4644 4645
f 4645 4644 4646
f 4644 4647 4646
f 4646 4647 4648
f 4647 4649 4648
f 4648 4649 4650
f 4649 4651 4650
f 4651 4652 4650
f 4650 4652 4653
f 4652 4654 4653
f 4653 4654 4655
f 4655 4654 4656
f 4654 4657 4656
f 4656 4657 4658
f 4657 4659 4658
f 4658 4659 4660
f 4659 4661 4660
f 4660 4661 4662
f 4661 4663 4662
f 4662 4663 4664
f 4663 4665 4664
f 4665 4666 4664
f 4664 4666 4667
f 4667 4666 4668
f 4666 4669 4668
f 4668 4669 4670
f 4669 4671 4670
f 4670 4671 4672
f 4671 4673 4672
f 4672 4673 243
f 4673 4674 243
f 243 4674 244
f 4675 4676 4677
f 242 244 4677
f 244 4678 4677
f 4677 4678 4675
f 4676 4675 4679
f 4675 4680 4679
f 4679 4680 4681
f 4680 4682 4681
f 4681 4682 4683
f 4682 4684 4683
f 4683 4684 240
f 4684 4685 240
f 240 4685 241
f 4686 4687 4688
f 239 241 4688
f 241 4689 4688
f 4688 4689 4686
f 4687 4686 4690
f 4686 4691 4690
f 4690 4691 4692
f 4691 4693 4692
f 4693 4694 4692
f 4692 4694 4695
f 4695 4694 4696
f 4694 4697 4696
f 4696 4697 4698
f 4697 4699 4698
f 4699 4700 4698
f 4698 4700 4701
f 4700 4702 4701
f 4700 4703 4702
f 4703 4704 4702
f 4702 4704 4705
f 4704 4706 4705
f 4704 4707 4706
f 4707 4708 4706
f 4706 4708 4709
f 4709 4708 4710
f 4708 4711 4710
f 4710 4711 4712
f 4711 4713 4712
f 4713 4714 4712
f 4712 4714 4715
f 4714 4716 4715
f 4714 4717 4716
f 4717 4718 4716
f 4716 4718 4719
f 4719 4718 4720
f 4718 4721 4720
f 4720 4721 4722
f 4721 4723 4722
f 4723 4724 4722
f 4722 4724 4725
f 4724 4726 4725
f 4725 4726 4727
f 4727 4726 4728
f 4726 4729 4728
f 4728 4729 237
f 4729 4730 237
f 237 4730 238
f 4731 4732 4733
f 236 238 4733
f 238 4734 4733
f 4733 4734 4731
f 4732 4731 4735
f 4731 4736 4735
f 4735 4736 4737
f 4736 4738 4737
f 4738 4739 4737
f 4737 4739 4740
f 4739 4741 4740
f 4739 4742 4741
f 4742 4743 4741
f 4741 4743 4744
f 4743 4745 4744
f 4744 4745 4746
f 4745 4747 4746
f 4746 4747 4748
f 4747 4749 4748
f 4748 4749 4750
f 4749 4751 4750
f 4750 4751 4752
f 4751 4753 4752
f 4752 4753 4754
f 4753 4755 4754
f 4754 4755 4756
f 4756 4755 4757
f 4755 4758 4757
f 4757 4758 4759
f 4758 4760 4759
f 4759 4760 4761
f 4760 4762 4761
f 4761 4762 4763
f 4762 4764 4763
f 4763 4764 4765
f 4764 4766 4765
f 4765 4766 4767
f 4766 4768 4767
f 4767 4768 4769
f 4768 4770 4769
f 4769 4770 4771
f 4770 4772 4771
f 4771 4772 4773
f 4772 4774 4773
f 4773 4774 4775
f 4774 4776 4775
f 4775 4776 4777
f 4776 4778 4777
f 4777 4778 4779
f 4778 4780 4779
f 4779 4780 4781
f 4780 4782 4781
f 4781 4782 4783
f 4782 4784 4783
f 4783 4784 4785
f 4784 4786 4785
f 4785 4786 4787
f 4786 4788 4787
f 4787 4788 4789
f 4788 4790 4789
f 4789 4790 4791
f 4790 4792 4791
f 4791 4792 4793
f 4792 4794 4793
f 4793 4794 4795
f 4794 4796 4795
f 4795 4796 4797
f 4796 4798 4797
f 4797 4798 4799
f 4798 4800 4799
f 4799 4800 4801
f 4800 4802 4801
f 4801 4802 4803
f 4802 4804 4803
f 4803 4804 4805
f 4804 4806 4805
f 4805 4806 4807
f 4806 4808 4807
f 4807 4808 4809
f 4808 4810 4809
f 4809 4810 4811
f 4810 4812 4811
f 4811 4812 4813
f 4812 4814 4813
f 4813 4814 4815
f 4814 4816 4815
f 4816 4817 4815
f 4815 4817 4818
f 4817 4819 4818
f 235 234 4820
f 234 4821 4820
f 4820 4821 4822
f 4821 4823 4822
f 4822 4823 4824
f 4823 4825 4824
f 4824 4825 4826
f 4825 4827 4826
f 4826 4827 4828
f 4827 4829 4828
f 4828 4829 4830
f 4829 4831 4830
f 4830 4831 4832
f 4831 4833 4832
f 4832 4833 4834
f 4833 4835 4834
f 4834 4835 4836
f 4835 4837 4836
f 4836 4837 4838
f 4837 4839 4838
f 4838 4839 4840
f 4839 4841 4840
f 4840 4841 4842
f 4841 4843 4842
f 4842 4843 4844
f 4843 4845 4844
f 4844 4845 4846
f 4845 4847 4846
f 4846 4847 4848
f 4847 4849 4848
f 4848 4849 4850
f 4849 4851 4850
f 4850 4851 4852
f 4851 4853 4852
f 4852 4853 4854
f 4853 4855 4854
f 4854 4855 4856
f 4855 4857 4856
f 4856 4857 4858
f 4857 4859 4858
f 4858 4859 4860
f 4859 4861 4860
f 4860 4861 4862
f 4861 4863 4862
f 4862 4863 4864
f 4863 4865 4864
f 4864 4865 4866
f 4865 4867 4866
f 4866 4867 4868
f 4867 4869 4868
f 4868 4869 4870
f 4869 4871 4870
f 4870 4871 4872
f 4871 4873 4872
f 4872 4873 4874
f 4873 4875 4874
f 4874 4875 4876
f 4875 4877 4876
f 4876 4877 4878
f 4877 4879 4878
f 4878 4879 4880
f 4879 4881 4880
f 4880 4881 4882
f 4881 4883 4882
f 4882 4883 4884
f 4883 4885 4884
f 4884 4885 4886
f 4885 4887 4886
f 4886 4887 4888
f 4887 4889 4888
f 4888 4889 4890
f 4889 4891 4890
f 4890 4891 4819
f 4891 4892 4819
f 4819 4892 4818
f 4893 4894 4895
f 4896 4897 4895
f 4897 4898 4895
f 4895 4898 4893
f 235 4899 233
f 4899 4900 233
f 233 4900 4901
f 4900 4897 4901
f 4901 4897 4902
f 4897 4896 4902
f 4894 4893 4903
f 4893 4904 4903
f 4903 4904 4905
f 4904 4906 4905
f 4905 4906 4907
f 4906 4908 4907
f 4907 4908 231
f 4908 4909 231
f 231 4909 232
f 4910 4911 4912
f 230 232 4912
f 232 4913 4912
f 4912 4913 4910
f 4911 4910 4914
f 4910 4915 4914
f 4914 4915 4916
f 4915 4917 4916
f 4917 4918 4916
f 4916 4918 4919
f 4919 4918 4920
f 4918 4921 4920
f 4920 4921 4922
f 4921 4923 4922
f 4923 4924 4922
f 4922 4924 4925
f 4924 4926 4925
f 4924 4927 4926
f 4927 4928 4926
f 4926 4928 4929
f 4928 4930 4929
f 4928 4931 4930
f 4931 4932 4930
f 4930 4932 4933
f 4933 4932 4934
f 4932 4935 4934
f 4934 4935 4936
f 4935 4937 4936
f 4937 4938 4936
f 4936 4938 4939
f 4938 4940 4939
f 4938 4941 4940
f 4941 4942 4940
f 4940 4942 4943
f 4942 4944 4943
f 4945 4946 4947
f 4946 4948 4947
f 4947 4948 4949
f 4948 4950 4949
f 4949 4950 4951
f 4950 4952 4951
f 4951 4952 4953
f 4952 4954 4953
f 4953 4954 4955
f 4954 4956 4955
f 4955 4956 4957
f 4956 4958 4957
f 4957 4958 4959
f 4958 4960 4959
f 4959 4960 4961
f 4960 4962 4961
f 4961 4962 4963
f 4962 4964 4963
f 4963 4964 4965
f 4964 4966 4965
f 4965 4966 4967
f 4966 4968 4967
f 4967 4968 4969
f 4968 4970 4969
f 4969 4970 4971
f 4970 4972 4971
f 4971 4972 4973
f 4972 4974 4973
f 4973 4974 4975
f 4974 4976 4975
f 4975 4976 4977
f 4976 4978 4977
f 4977 4978 4979
f 4978 4980 4979
f 4979 4980 4981
f 4980 4982 4981
f 4981 4982 4983
f 4982 4984 4983
f 4983 4984 4985
f 4984 4986 4985
f 4985 4986 4987
f 4986 4988 4987
f 4987 4988 4989
f 4988 4990 4989
f 4989 4990 4991
f 4990 4992 4991
f 4991 4992 4944
f 4992 4993 4944
f 4944 4993 4943
f 229 228 4994
f 228 4995 4994
f 4994 4995 4996
f 4995 4997 4996
f 4996 4997 4998
f 4997 4999 4998
f 4998 4999 5000
f 4999 5001 5000
f 5000 5001 5002
f 5001 5003 5002
f 5002 5003 5004
f 5003 5005 5004
f 5004 5005 5006
f 5005 5007 5006
f 5006 5007 5008
f 5007 5009 5008
f 5008 5009 5010
f 5009 5011 5010
f 5010 5011 5012
f 5011 5013 5012
f 5012 5013 4945
f 5013 5014 4945
f 4945 5014 4946
f 229 5015 227
f 5015 5016 227
f 227 5016 5017
f 5016 5018 5017
f 5017 5018 5019
f 5018 5020 5019
f 5019 5020 5021
f 5020 5022 5021
f 5021 5022 5023
f 5022 5024 5023
f 5023 5024 5025
f 5024 5026 5025
f 5025 5026 5027
f 5026 5028 5027
f 5027 5028 5029
f 5028 5030 5029
f 5029 5030 5031
f 5030 5032 5031
f 5031 5032 5033
f 5032 5034 5033
f 5033 5034 5035
f 5034 5036 5035
f 5035 5036 5037
f 5036 5038 5037
f 5037 5038 5039
f 5038 5040 5039
f 5039 5040 5041
f 5040 5042 5041
f 5041 5042 5043
f 5042 5044 5043
f 5043 5044 5045
f 5044 5046 5045
f 5045 5046 5047
f 5046 5048 5047
f 5047 5048 5049
f 5048 5050 5049
f 5049 5050 5051
f 5050 5052 5051
f 5051 5052 5053
f 5052 5054 5053
f 5053 5054 5055
f 5054 5056 5055
f 5055 5056 5057
f 5056 5058 5057
f 5057 5058 5059
f 5058 5060 5059
f 5059 5060 5061
f 5060 5062 5061
f 5061 5062 5063
f 5062 5064 5063
f 5063 5064 5065
f 5064 5066 5065
f 5065 5066 5067
f 5066 5068 5067
f 5067 5068 5069
f 5068 5070 5069
f 5069 5070 5071
f 5070 5072 5071
f 5071 5072 5073
f 5072 5074 5073
f 5073 5074 5075
f 5074 5076 5075
f 5075 5076 5077
f 5076 5078 5077
f 5077 5078 5079
f 5078 5080 5079
f 5079 5080 5081
f 5080 5082 5081
f 5081 5082 5083
f 5082 5084 5083
f 5083 5084 5085
f 5084 5086 5085
f 5085 5086 5087
f 5086 5088 5087
f 5087 5088 5089
f 5088 5090 5089
f 5089 5090 5091
f 5090 5092 5091
f 5091 5092 5093
f 5092 5094 5093
f 5093 5094 5095
f 5094 5096 5095
f 5095 5096 5097
f 5096 5098 5097
f 5097 5098 5099
f 5098 5100 5099
f 5099 5100 5101
f 5100 5102 5101
f 5101 5102 5103
f 5102 5104 5103
f 5103 5104 5105
f 5104 5106 5105
f 5105 5106 5107
f 5106 5108 5107
f 5107 5108 5109
f 5108 5110 5109
f 5109 5110 5111
f 5110 5112 5111
f 5111 5112 5113
f 5112 5114 5113
f 5113 5114 5115
f 5114 5116 5115
f 5115 5116 5117
f 5116 5118 5117
f 5117 5118 5119
f 5118 5120 5119
f 5119 5120 5121
f 5120 5122 5121
f 5121 5122 5123
f 5122 5124 5123
f 5123 5124 5125
f 5124 5126 5125
f 5125 5126 5127
f 5126 5128 5127
f 5127 5128 5129
f 5128 5130 5129
f 5129 5130 5131
f 5130 5132 5131
f 5131 5132 5133
f 5132 5134 5133
f 5133 5134 5135
f 5135 5134 5136
f 5134 5137 5136
f 5136 5137 5138
f 5137 5139 5138
f 5138 5139 5140
f 5139 5141 5140
f 5140 5141 5142
f 5141 5143 5142
f 5142 5143 5144
f 5143 5145 5144
f 5144 5145 5146
f 5145 5147 5146
f 5146 5147 5148
f 5147 5149 5148
f 5148 5149 5150
f 5149 5151 5150
f 5150 5151 5152
f 5151 5153 5152
f 5152 5153 5154
f 5153 5155 5154
f 5154 5155 5156
f 5155 5157 5156
f 5156 5157 5158
f 5157 5159 5158
f 5158 5159 5160
f 5159 5161 5160
f 5160 5161 5162
f 5161 5163 5162
f 5162 5163 5164
f 5163 5165 5164
f 5164 5165 5166
f 5165 5167 5166
f 5166 5167 5168
f 5167 5169 5168
f 5168 5169 5170
f 5169 5171 5170
f 5170 5171 5172
f 5171 5173 5172
f 5172 5173 5174
f 5173 5175 5174
f 5174 5175 5176
f 5175 5177 5176
f 5176 5177 5178
f 5177 5179 5178
f 5178 5179 5180
f 5179 5181 5180
f 5180 5181 5182
f 5181 5183 5182
f 5182 5183 5184
f 5183 5185 5184
f 5184 5185 5186
f 5185 5187 5186
f 5186 5187 5188
f 5187 5189 5188
f 5188 5189 5190
f 5189 5191 5190
f 5190 5191 5192
f 5191 5193 5192
f 5192 5193 5194
f 5193 5195 5194
f 5194 5195 5196
f 5195 5197 5196
f 5196 5197 5198
f 5197 5199 5198
f 5198 5199 5200
f 5199 5201 5200
f 5200 5201 5202
f 5201 5203 5202
f 5202 5203 5204
f 5203 5205 5204
f 5204 5205 5206
f 5205 5207 5206
f 5206 5207 5208
f 5207 5209 5208
f 5208 5209 5210
f 5209 5211 5210
f 5210 5211 5212
f 5211 5213 5212
f 5212 5213 5214
f 5213 5215 5214
f 5214 5215 5216
f 5215 5217 5216
f 5216 5217 5218
f 5217 5219 5218
f 5218 5219 5220
f 5219 5221 5220
f 5220 5221 5222
f 5221 5223 5222
f 5222 5223 5224
f 5223 5225 5224
f 5224 5225 5226
f 5225 5227 5226
f 5226 5227 5228
f 5227 5229 5228
f 5228 5229 5230
f 5229 5231 5230
f 5230 5231 5232
f 5231 5233 5232
f 5232 5233 5234
f 5233 5235 5234
f 5234 5235 5236
f 5235 5237 5236
f 5236 5237 5238
f 5237 5239 5238
f 5238 5239 5240
f 5239 5241 5240
f 5240 5241 5242
f 5241 5243 5242
f 5242 5243 5244
f 5243 5245 5244
f 5244 5245 5246
f 5245 5247 5246
f 5246 5247 5248
f 5247 5249 5248
f 5248 5249 5250
f 5249 5251 5250
f 5250 5251 5252
f 5251 5253 5252
f 5252 5253 5254
f 5253 5255 5254
f 5254 5255 5256
f 5255 5257 5256
f 5256 5257 5258
f 5257 5259 5258
f 5258 5259 5260
f 5259 5261 5260
f 5260 5261 5262
f 5261 5263 5262
f 5262 5263 5264
f 5263 5265 5264
f 5264 5265 5266
f 5265 5267 5266
f 5266 5267 5268
f 5267 5269 5268
f 5268 5269 5270
f 5269 5271 5270
f 5270 5271 5272
f 5271 5273 5272
f 5272 5273 5274
f 5273 5275 5274
f 5274 5275 5276
f 5275 5277 5276
f 5276 5277 5278
f 5277 5279 5278
f 5278 5279 5280
f 5279 5281 5280
f 5280 5281 5282
f 5281 5283 5282
f 5282 5283 5284
f 5283 5285 5284
f 5284 5285 5286
f 5285 5287 5286
f 5286 5287 5288
f 5287 5289 5288
f 5288 5289 5290
f 5289 5291 5290
f 5290 5291 5292
f 5291 5293 5292
f 5292 5293 5294
f 5293 5295 5294
f 5294 5295 5296
f 5295 5297 5296
f 5296 5297 5298
f 5297 5299 5298
f 5298 5299 5300
f 5299 5301 5300
f 5300 5301 5302
f 5301 5303 5302
f 5302 5303 5304
f 5303 5305 5304
f 5304 5305 5306
f 5305 5307 5306
f 5306 5307 5308
f 5307 5309 5308
f 5308 5309 5310
f 5309 5311 5310
f 5310 5311 5312
f 5311 5313 5312
f 5312 5313 5314
f 5313 5315 5314
f 5314 5315 5316
f 5315 5317 5316
f 5316 5317 5318
f 5317 5319 5318
f 5318 5319 5320
f 5319 5321 5320
f 5320 5321 5322
f 5321 5323 5322
f 5322 5323 5324
f 5323 5325 5324
f 5324 5325 5326
f 5325 5327 5326
f 5326 5327 5328
f 5327 5329 5328
f 5328 5329 5330
f 5329 5331 5330
f 5330 5331 5332
f 5331 5333 5332
f 5332 5333 5334
f 5333 5335 5334
f 5334 5335 5336
f 5335 5337 5336
f 5336 5337 5338
f 5337 5339 5338
f 5338 5339 5340
f 5339 5341 5340
f 5340 5341 5342
f 5341 5343 5342
f 5342 5343 5344
f 5343 5345 5344
f 5344 5345 5346
f 5345 5347 5346
f 5346 5347 5348
f 5347 5349 5348
f 5348 5349 5350
f 5349 5351 5350
f 5350 5351 5352
f 5351 5353 5352
f 5352 5353 5354
f 5353 5355 5354
f 5354 5355 5356
f 5355 5357 5356
f 5356 5357 5358
f 5357 5359 5358
f 5358 5359 5360
f 5359 5361 5360
f 5360 5361 5362
f 5361 5363 5362
f 5362 5363 5364
f 5363 5365 5364
f 5364 5365 5366
f 5365 5367 5366
f 5366 5367 5368
f 5367 5369 5368
f 5368 5369 5370
f 5369 5371 5370
f 5370 5371 5372
f 5371 5373 5372
f 5372 5373 5374
f 5373 5375 5374
f 5374 5375 5376
f 5375 5377 5376
f 5376 5377 5378
f 5377 5379 5378
f 5378 5379 5380
f 5379 5381 5380
f 5380 5381 5382
f 5381 5383 5382
f 5382 5383 5384
f 5383 5385 5384
f 5384 5385 5386
f 5385 5387 5386
f 5386 5387 5388
f 5387 5389 5388
f 5388 5389 5390
f 5389 5391 5390
f 5390 5391 5392
f 5391 5393 5392
f 5392 5393 5394
f 5393 5395 5394
f 5394 5395 5396
f 5395 5397 5396
f 5396 5397 5398
f 5397 5399 5398
f 5398 5399 5400
f 5399 5401 5400
f 5400 5401 5402
f 5401 5403 5402
f 5402 5403 5404
f 5403 5405 5404
f 5404 5405 5406
f 5405 5407 5406
f 5406 5407 5408
f 5407 5409 5408
f 5408 5409 5410
f 5409 5411 5410
f 5410 5411 5412
f 5411 5413 5412
f 5412 5413 5414
f 5413 5415 5414
f 5414 5415 5416
f 5415 5417 5416
f 5416 5417 5418
f 5417 5419 5418
f 5418 5419 5420
f 5419 5421 5420
f 5420 5421 5422
f 5421 5423 5422
f 5422 5423 5424
f 5423 5425 5424
f 5424 5425 5426
f 5425 5427 5426
f 5426 5427 5428
f 5427 5429 5428
f 5428 5429 5430
f 5429 5431 5430
f 5430 5431 5432
f 5431 5433 5432
f 5432 5433 5434
f 5433 5435 5434
f 5434 5435 5436
f 5435 5437 5436
f 5436 5437 5438
f 5437 5439 5438
f 5438 5439 5440
f 5439 5441 5440
f 5440 5441 5442
f 5441 5443 5442
f 5442 5443 5444
f 5443 5445 5444
f 5444 5445 5446
f 5445 5447 5446
f 5446 5447 5448
f 5447 5449 5448
f 5448 5449 5450
f 5449 5451 5450
f 5450 5451 5452
f 5451 5453 5452
f 5452 5453 5454
f 5453 5455 5454
f 5454 5455 5456
f 5455 5457 5456
f 5456 5457 5458
f 5457 5459 5458
f 5458 5459 5460
f 5459 5461 5460
f 5460 5461 5462
f 5461 5463 5462
f 5462 5463 5464
f 5463 5465 5464
f 5464 5465 5466
f 5465 5467 5466
f 5466 5467 5468
f 5467 5469 5468
f 5468 5469 5470
f 5469 5471 5470
f 5470 5471 5472
f 5471 5473 5472
f 5472 5473 5474
f 5473 5475 5474
f 5474 5475 5476
f 5475 5477 5476
f 5476 5477 5478
f 5477 5479 5478
f 5478 5479 5480
f 5479 5481 5480
f 5480 5481 5482
f 5481 5483 5482
f 5482 5483 5484
f 5483 5485 5484
f 5484 5485 5486
f 5485 5487 5486
f 5486 5487 5488
f 5487 5489 5488
f 5488 5489 5490
f 5489 5491 5490
f 5490 5491 5492
f 5491 5493 5492
f 5492 5493 5494
f 5493 5495 5494
f 5494 5495 5496
f 5495 5497 5496
f 5496 5497 5498
f 5497 5499 5498
f 5498 5499 5500
f 5499 5501 5500
f 5500 5501 5502
f 5501 5503 5502
f 5502 5503 5504
f 5503 5505 5504
f 5504 5505 5506
f 5505 5507 5506
f 5506 5507 5508
f 5507 5509 5508
f 5508 5509 5510
f 5509 5511 5510
f 5510 5511 5512
f 5511 5513 5512
f 5512 5513 5514
f 5513 5515 5514
f 5514 5515 5516
f 5515 5517 5516
f 5516 5517 5518
f 5517 5519 5518
f 5518 5519 5520
f 5519 5521 5520
f 5520 5521 5522
f 5521 5523 5522
f 5522 5523 5524
f 5523 5525 5524
f 5524 5525 5526
f 5525 5527 5526
f 5526 5527 5528
f 5527 5529 5528
f 5528 5529 5530
f 5529 5531 5530
f 5530 5531 5532
f 5531 5533 5532
f 5532 5533 5534
f 5533 5535 5534
f 5534 5535 5536
f 5535 5537 5536
f 5536 5537 5538
f 5537 5539 5538
f 5538 5539 5540
f 5539 5541 5540
f 5540 5541 5542
f 5541 5543 5542
f 5542 5543 5544
f 5543 5545 5544
f 5544 5545 5546
f 5545 5547 5546
f 5546 5547 5548
f 5547 5549 5548
f 5548 5549 5550
f 5549 5551 5550
f 5550 5551 5552
f 5551 5553 5552
f 5552 5553 5554
f 5553 5555 5554
f 5554 5555 5556
f 5555 5557 5556
f 5556 5557 5558
f 5557 5559 5558
f 5558 5559 5560
f 5559 5561 5560
f 5560 5561 5562
f 5561 5563 5562
f 5562 5563 5564
f 5563 5565 5564
f 5564 5565 5566
f 5565 5567 5566
f 5566 5567 5568
f 5567 5569 5568
f 5568 5569 5570
f 5569 5571 5570
f 5570 5571 5572
f 5571 5573 5572
f 5572 5573 5574
f 5573 5575 5574
f 5574 5575 5576
f 5575 5577 5576
f 5576 5577 5578
f 5577 5579 5578
f 5578 5579 5580
f 5579 5581 5580
f 5580 5581 5582
f 5581 5583 5582
f 5582 5583 5584
f 5583 5585 5584
f 5584 5585 5586
f 5585 5587 5586
f 5586 5587 5588
f 5587 5589 5588
f 5588 5589 5590
f 5589 5591 5590
f 5590 5591 5592
f 5591 5593 5592
f 5592 5593 5594
f 5593 5595 5594
f 5594 5595 5596
f 5595 5597 5596
f 5596 5597 5598
f 5597 5599 5598
f 5598 5599 5600
f 5599 5601 5600
f 5600 5601 5602
f 5601 5603 5602
f 5602 5603 5604
f 5603 5605 5604
f 5604 5605 5606
f 5605 5607 5606
f 5606 5607 5608
f 5607 5609 5608
f 5608 5609 5610
f 5609 5611 5610
f 5610 5611 5612
f 5611 5613 5612
f 5612 5613 5614
f 5613 5615 5614
f 5614 5615 5616
f 5615 5617 5616
f 5616 5617 5618
f 5617 5619 5618
f 5618 5619 5620
f 5619 5621 5620
f 5620 5621 5622
f 5621 5623 5622
f 5622 5623 5624
f 5623 5625 5624
f 5624 5625 5626
f 5625 5627 5626
f 5626 5627 5628
f 5627 5629 5628
f 5628 5629 5630
f 5629 5631 5630
f 5630 5631 5632
f 5631 5633 5632
f 5632 5633 5634
f 5633 5635 5634
f 5634 5635 5636
f 5635 5637 5636
f 5636 5637 5638
f 5637 5639 5638
f 5638 5639 5640
f 5639 5641 5640
f 5640 5641 5642
f 5641 5643 5642
f 5642 5643 5644
f 5643 5645 5644
f 5644 5645 5646
f 5645 5647 5646
f 5646 5647 5648
f 5647 5649 5648
f 5648 5649 5650
f 5649 5651 5650
f 5650 5651 5652
f 5651 5653 5652
f 5652 5653 5654
f 5653 5655 5654
f 5654 5655 5656
f 5655 5657 5656
f 5656 5657 5658
f 5657 5659 5658
f 5658 5659 5660
f 5659 5661 5660
f 5660 5661 5662
f 5661 5663 5662
f 5662 5663 5664
f 5663 5665 5664
f 5664 5665 5666
f 5665 5667 5666
f 5666 5667 5668
f 5667 5669 5668
f 5668 5669 5670
f 5669 5671 5670
f 5670 5671 5672
f 5671 5673 5672
f 5672 5673 5674
f 5673 5675 5674
f 5674 5675 5676
f 5675 5677 5676
f 5676 5677 5678
f 5677 5679 5678
f 5678 5679 5680
f 5679 5681 5680
f 5680 5681 5682
f 5681 5683 5682
f 5682 5683 5684
f 5683 5685 5684
f 5684 5685 5686
f 5685 5687 5686
f 5686 5687 5688
f 5687 5689 5688
f 5688 5689 5690
f 5689 5691 5690
f 5690 5691 5692
f 5691 5693 5692
f 5692 5693 5694
f 5693 5695 5694
f 5694 5695 5696
f 5695 5697 5696
f 5696 5697 5698
f 5697 5699 5698
f 5698 5699 5700
f 5699 5701 5700
f 5700 5701 5702
f 5701 5703 5702
f 5702 5703 5704
f 5703 5705 5704
f 5704 5705 5706
f 5705 5707 5706
f 5706 5707 5708
f 5707 5709 5708
f 5708 5709 5710
f 5709 5711 5710
f 5710 5711 5712
f 5711 5713 5712
f 5712 5713 5714
f 5713 5715 5714
f 5714 5715 5716
f 5715 5717 5716
f 5716 5717 5718
f 5717 5719 5718
f 5718 5719 5720
f 5719 5721 5720
f 5720 5721 5722
f 5721 5723 5722
f 5722 5723 5724
f 5723 5725 5724
f 5724 5725 5726
f 5725 5727 5726
f 5726 5727 5728
f 5727 5729 5728
f 5728 5729 5730
f 5729 5731 5730
f 5730 5731 5732
f 5731 5733 5732
f 5732 5733 5734
f 5733 5735 5734
f 5734 5735 5736
f 5735 5737 5736
f 5736 5737 5738
f 5737 5739 5738
f 5738 5739 5740
f 5739 5741 5740
f 5740 5741 5742
f 5741 5743 5742
f 5742 5743 5744
f 5745 5746 5747
f 5746 5748 5747
f 5747 5748 5749
f 5743 5750 5744
f 5750 5751 5744
f 5744 5751 5752
f 5751 5753 5752
f 5752 5753 5754
f 5753 5755 5754
f 5754 5755 5756
f 5755 5757 5756
f 5756 5757 5758
f 5757 5759 5758
f 5758 5759 5760
f 5759 5761 5760
f 5760 5761 5762
f 5761 5763 5762
f 5762 5763 5764
f 5763 5765 5764
f 5764 5765 5766
f 5765 5767 5766
f 5766 5767 5768
f 5767 5769 5768
f 5768 5769 5770
f 5769 5771 5770
f 5770 5771 5772
f 5771 5773 5772
f 5772 5773 5774
f 5773 5775 5774
f 5774 5775 5776
f 5775 5777 5776
f 5776 5777 5778
f 5777 5779 5778
f 5778 5779 5780
f 5779 5781 5780
f 5780 5781 5782
f 5781 5783 5782
f 5782 5783 5784
f 5783 5785 5784
f 5784 5785 5786
f 5785 5787 5786
f 5786 5787 5788
f 5787 5789 5788
f 5788 5789 5790
f 5789 5791 5790
f 5790 5791 5792
f 5791 5793 5792
f 5792 5793 5794
f 5793 5795 5794
f 5794 5795 5796
f 5795 5797 5796
f 5796 5797 5798
f 5797 5799 5798
f 5798 5799 5800
f 5799 5801 5800
f 5800 5801 5802
f 5801 5803 5802
f 5802 5803 5804
f 5803 5805 5804
f 5804 5805 5806
f 5805 5807 5806
f 5806 5807 5808
f 5807 5809 5808
f 5808 5809 5810
f 5809 5811 5810
f 5810 5811 5812
f 5811 5813 5812
f 5812 5813 5814
f 5813 5815 5814
f 5814 5815 5816
f 5815 5817 5816
f 5816 5817 5818
f 5817 5819 5818
f 5818 5819 5820
f 5819 5821 5820
f 5820 5821 5822
f 5821 5823 5822
f 5822 5823 5824
f 5823 5825 5824
f 5824 5825 5826
f 5825 5827 5826
f 5826 5827 5828
f 5827 5829 5828
f 5828 5829 5830
f 5829 5831 5830
f 5830 5831 5832
f 5831 5833 5832
f 5832 5833 5834
f 5833 5835 5834
f 5834 5835 5836
f 5835 5837 5836
f 5836 5837 5838
f 5837 5839 5838
f 5838 5839 5840
f 5839 5841 5840
f 5840 5841 5745
f 5841 5842 5745
f 5745 5842 5746
f 5749 5748 5843
f 5748 5844 5843
f 5843 5844 5845
f 5844 5846 5845
f 5845 5846 5847
f 5846 5848 5847
f 5847 5848 5849
f 5848 5850 5849
f 5850 5851 5849
f 5849 5851 5852
f 5851 5853 5852
f 5852 5853 5854
f 5854 5853 5855
f 5853 5856 5855
f 5855 5856 5857
f 5856 5858 5857
f 5857 5858 5859
f 5858 5860 5859
f 5859 5860 5861
f 5860 5862 5861
f 5861 5862 5863
f 5862 5864 5863
f 5864 5865 5863
f 5863 5865 5866
f 5865 5867 5866
f 5866 5867 5868
f 5869 5870 5871
f 5870 5872 5871
f 5871 5872 5873
f 5868 5867 5874
f 5867 5875 5874
f 5874 5875 5876
f 5875 5877 5876
f 5876 5877 5878
f 5877 5879 5878
f 5878 5879 5869
f 5879 5880 5869
f 5869 5880 5870
f 5881 5882 5883
f 5882 5884 5883
f 5883 5884 5885
f 5873 5872 5886
f 5872 5887 5886
f 5886 5887 5888
f 5887 5889 5888
f 5888 5889 5881
f 5889 5890 5881
f 5881 5890 5882
f 5885 5884 5891
f 5884 5892 5891
f 5891 5892 5893
f 5892 5894 5893
f 5893 5894 5895
f 5894 5896 5895
f 5896 5897 5895
f 5895 5897 5898
f 5897 5899 5898
f 5898 5899 5900
f 5899 5901 5900
f 5900 5901 5902
f 5902 5901 5903
f 5901 5904 5903
f 5903 5904 5905
f 5904 5906 5905
f 5905 5906 5907
f 5906 5908 5907
f 5908 5909 5907
f 5907 5909 5910
f 5909 5911 5910
f 5910 5911 5912
f 5912 5911 5913
f 5911 5914 5913
f 5913 5914 5915
f 5914 5916 5915
f 5915 5916 5917
f 5916 5918 5917
f 5918 5919 5917
f 5917 5919 5920
f 5919 5921 5920
f 5920 5921 5922
f 5921 5923 5922
f 5922 5923 5924
f 5923 5925 5924
f 5924 5925 5926
f 5927 5928 5929
f 5928 5930 5929
f 5929 5930 5931
f 5926 5925 5932
f 5925 5933 5932
f 5932 5933 5934
f 5933 5935 5934
f 5934 5935 5936
f 5935 5937 5936
f 5936 5937 5927
f 5937 5938 5927
f 5927 5938 5928
f 5931 5930 5939
f 5930 5940 5939
f 5939 5940 5941
f 5940 5942 5941
f 5941 5942 5943
f 5944 5945 5946
f 5945 5947 5946
f 5946 5947 5948
f 5947 5949 5948
f 5948 5949 5950
f 5949 5951 5950
f 5950 5951 5952
f 5951 5943 5952
f 5952 5943 5953
f 5943 5942 5953
f 5954 5955 208
f 5955 5956 208
f 208 5956 206
f 5956 204 206
f 5954 208 5957
f 208 200 5957
f 5957 200 5958
f 197 5959 5960
f 197 5960 200
f 5960 5961 200
f 200 5961 5958
f 194 192 5962
f 5962 5963 194
f 5963 5964 194
f 194 5964 197
f 5964 5965 197
f 197 5965 5959
f 5966 5967 190
f 5967 5968 190
f 190 5968 192
f 5968 5969 192
f 192 5969 5962
f 5966 190 5970
f 190 188 5970
f 5970 188 5971
f 5971 188 5972
f 188 3 5972
f 5972 3 5973
f 5946 5974 5944
f 5974 5975 5944
f 5944 5975 5976
f 5975 5977 5976
f 5976 5977 5978
f 5977 5979 5978
f 5978 5979 5980
f 5979 5981 5980
f 5980 5981 5982
f 5981 5983 5982
f 5982 5983 5984
f 5983 5985 5984
f 5984 5985 5986
f 5985 5987 5986
f 5986 5987 5988
f 5987 5989 5988
f 5988 5989 5990
f 5989 5991 5990
f 5990 5991 5992
f 5991 5993 5992
f 5992 5993 5994
f 5993 5995 5994
f 5994 5995 5996
f 5995 5997 5996
f 5996 5997 5998
f 5997 5999 5998
f 5998 5999 6000
f 5999 6001 6000
f 6000 6001 6002
f 6001 6003 6002
f 6002 6003 6004
f 6003 6005 6004
f 6004 6005 6006
f 6005 6007 6006
f 6006 6007 6008
f 6007 6009 6008
f 6008 6009 6010
f 6009 6011 6010
f 6010 6011 6012
f 6011 6013 6012
f 6012 6013 6014
f 6013 6015 6014
f 6014 6015 6016
f 6015 6017 6016
f 6016 6017 6018
f 6017 6019 6018
f 6018 6019 6020
f 6019 6021 6020
f 6020 6021 6022
f 6021 6023 6022
f 6022 6023 6024
f 6023 6025 6024
f 6024 6025 6026
f 6025 6027 6026
f 6026 6027 6028
f 6027 6029 6028
f 6028 6029 6030
f 6029 6031 6030
f 6030 6031 6032
f 6031 6033 6032
f 6032 6033 6034
f 6033 6035 6034
f 6034 6035 6036
f 6035 6037 6036
f 6036 6037 6038
f 6037 6039 6038
f 6038 6039 6040
f 6039 6041 6040
f 6040 6041 6042
f 6041 6043 6042
f 6042 6043 6044
f 6043 6045 6044
f 6044 6045 6046
f 6045 6047 6046
f 6046 6047 6048
f 6047 6049 6048
f 6048 6049 6050
f 6049 6051 6050
f 6050 6051 6052
f 6051 6053 6052
f 6052 6053 6054
f 6053 6055 6054
f 6054 6055 6056
f 6055 6057 6056
f 6056 6057 6058
f 6057 6059 6058
f 6058 6059 6060
f 6059 6061 6060
f 6060 6061 6062
f 6061 6063 6062
f 6062 6063 6064
f 6063 6065 6064
f 6064 6065 6066
f 6065 6067 6066
f 6066 6067 6068
f 6067 6069 6068
f 6068 6069 6070
f 6069 6071 6070
f 6070 6071 6072
f 6071 6073 6072
f 6072 6073 6074
f 6073 6075 6074
f 6074 6075 6076
f 6075 6077 6076
f 6076 6077 6078
f 6077 6079 6078
f 6078 6079 6080
f 6079 6081 6080
f 6080 6081 6082
f 6081 6083 6082
f 6082 6083 6084
f 6083 6085 6084
f 6084 6085 6086
f 6085 6087 6086
f 6086 6087 6088
f 6087 6089 6088
f 6088 6089 6090
f 6089 6091 6090
f 6090 6091 6092
f 6091 6093 6092
f 6092 6093 6094
f 6093 6095 6094
f 6094 6095 6096
f 6095 6097 6096
f 6096 6097 6098
f 6097 6099 6098
f 6098 6099 6100
f 6099 6101 6100
f 6100 6101 6102
f 6101 6103 6102
f 6102 6103 6104
f 6103 6105 6104
f 6104 6105 6106
f 6105 6107 6106
f 6106 6107 6108
f 6107 6109 6108
f 6108 6109 6110
f 6109 6111 6110
f 6110 6111 6112
f 6111 6113 6112
f 6112 6113 6114
f 6113 6115 6114
f 6114 6115 6116
f 6115 6117 6116
f 6116 6117 6118
f 6117 6119 6118
f 6118 6119 6120
f 6119 6121 6120
f 6120 6121 6122
f 6121 6123 6122
f 6122 6123 6124
f 6123 6125 6124
f 6124 6125 6126
f 6125 6127 6126
f 6126 6127 6128
f 6127 6129 6128
f 6128 6129 6130
f 6129 6131 6130
f 6130 6131 6132
f 6131 6133 6132
f 6132 6133 6134
f 6133 6135 6134
f 6134 6135 6136
f 6135 6137 6136
f 6136 6137 6138
f 6137 6139 6138
f 6138 6139 6140
f 6139 6141 6140
f 6140 6141 6142
f 6141 6143 6142
f 6142 6143 6144
f 6143 6145 6144
f 6144 6145 6146
f 6145 6147 6146
f 6146 6147 6148
f 6147 6149 6148
f 6148 6149 2
f 6149 6150 2
f 2 6150 3
f 6150 6151 3
f 3 6151 5973
f 6152 6153 6154
f 6155 6156 6157
f 6155 6158 6156
f 6158 6159 6156
f 6156 6159 6160
f 6159 6161 6160
f 6161 6162 6160
f 6160 6162 6163
f 6162 6164 6163
f 6164 6165 6163
f 6163 6165 6166
f 6165 6167 6166
f 6167 6168 6166
f 6166 6168 6169
f 6168 6170 6169
f 6170 6171 6169
f 6169 6171 6172
f 6171 6173 6172
f 6173 6174 6172
f 6172 6174 6175
f 6174 6176 6175
f 6175 6176 6177
f 6178 6179 6180
f 6179 6181 6180
f 6180 6181 6182
f 6181 6183 6182
f 6182 6183 6184
f 6183 6177 6184
f 6184 6177 6185
f 6177 6176 6185
f 6178 6186 6179
f 6186 6187 6179
f 6179 6187 6188
f 6187 6189 6188
f 6188 6189 6154
f 6189 6190 6154
f 6154 6190 6152
f 6153 6191 6154
f 6191 6192 6154
f 6154 6192 6193
f 6192 6194 6193
f 6194 6195 6193
f 6193 6195 6196
f 6195 6197 6196
f 6196 6197 6198
f 6197 6199 6198
f 6198 6199 6200
f 6200 6201 6198
f 6201 6202 6198
f 6198 6202 6203
f 6202 6204 6203
f 6204 6205 6203
f 6203 6205 6206
f 6205 6207 6206
f 6206 6207 6208
f 6207 6209 6208
f 6209 6210 6208
f 6208 6210 6211
f 6211 6212 6208
f 6212 6213 6208
f 6208 6213 6214
f 6213 6215 6214
f 6214 6215 6216
f 6216 6217 6214
f 6217 6218 6214
f 6214 6218 6219
f 6218 6220 6219
f 6220 6221 6219
f 6219 6221 6222
f 6223 6224 6225
f 6224 6222 6225
f 6225 6222 6226
f 6222 6221 6226
f 6223 6227 6224
f 6227 6228 6224
f 6224 6228 6229
f 6228 6230 6229
f 6229 6230 6231
f 6230 6232 6231
f 6231 6232 6233
f 6233 6234 6231
f 6234 6235 6231
f 6231 6235 6236
f 6235 6237 6236
f 6237 6238 6236
f 6236 6238 6239
f 6238 6240 6239
f 6239 6240 6241
f 6240 6242 6241
f 6241 6242 6243
f 6242 6244 6243
f 6244 6245 6243
f 6243 6245 6246
f 6245 6247 6246
f 6246 6247 6248
f 6247 6249 6248
f 6249 6250 6248
f 6248 6250 6251
f 6250 6252 6251
f 6252 6253 6251
f 6251 6253 6254
f 6253 6255 6254
f 6255 6256 6254
f 6254 6256 6257
f 6256 6258 6257
f 6258 6259 6257
f 6257 6259 6260
f 6259 6261 6260
f 6261 6262 6260
f 6260 6262 6263
f 6262 6264 6263
f 6264 6265 6263
f 6263 6265 6266
f 6265 6267 6266
f 6267 6268 6266
f 6266 6268 6269
f 6268 6270 6269
f 6270 6271 6269
f 6269 6271 6272
f 6271 6273 6272
f 6273 6274 6272
f 6272 6274 6275
f 6274 6276 6275
f 6276 6277 6275
f 6275 6277 6278
f 6277 6279 6278
f 6279 6280 6278
f 6278 6280 6281
f 6280 6282 6281
f 6282 6283 6281
f 6281 6283 6284
f 6283 6285 6284
f 6284 6285 6286
f 6285 6287 6286
f 6287 6288 6286
f 6286 6288 6289
f 6288 6290 6289
f 6290 6291 6289
f 6289 6291 6292
f 6291 6293 6292
f 6292 6293 6294
f 6293 6295 6294
f 6295 6296 6294
f 6294 6296 6297
f 6296 6298 6297
f 6297 6298 6299
f 6298 6300 6299
f 6300 6301 6299
f 6299 6301 6302
f 6301 6303 6302
f 6303 6304 6302
f 6302 6304 6305
f 6304 6306 6305
f 6305 6306 6307
f 6307 6308 6305
f 6308 6309 6305
f 6305 6309 6310
f 6311 6312 6313
f 6312 6310 6313
f 6313 6310 6314
f 6310 6309 6314
f 6311 6315 6312
f 6315 6316 6312
f 6312 6316 6317
f 6316 6318 6317
f 6318 6319 6317
f 6317 6319 6320
f 6319 6321 6320
f 6321 6322 6320
f 6320 6322 6323
f 6322 6324 6323
f 6324 6325 6323
f 6323 6325 6326
f 6325 6327 6326
f 6326 6327 6328
f 6329 6330 6331
f 6330 6326 6331
f 6331 6326 6332
f 6326 6328 6332
f 6329 6333 6330
f 6333 6334 6330
f 6330 6334 6335
f 6334 6336 6335
f 6336 6337 6335
f 6335 6337 6338
f 6337 6339 6338
f 6338 6339 6340
f 6339 6341 6340
f 6340 6341 6342
f 6341 6343 6342
f 6343 6344 6342
f 6342 6344 6345
f 6344 6346 6345
f 6345 6346 6347
f 6346 6348 6347
f 6348 6349 6347
f 6347 6349 6350
f 6349 6351 6350
f 6351 6352 6350
f 6350 6352 6353
f 6352 6354 6353
f 6353 6354 6355
f 6354 6356 6355
f 6356 6357 6355
f 6355 6357 6358
f 6357 6359 6358
f 6359 6360 6358
f 6358 6360 6361
f 6360 6362 6361
f 6362 6363 6361
f 6361 6363 6364
f 6363 6365 6364
f 6365 6366 6364
f 6364 6366 6367
f 6366 6368 6367
f 6368 6369 6367
f 6367 6369 6157
f 6369 6370 6157
f 6157 6370 6155
f 6371 6372 6373
f 6374 6375 6376
f 6375 6377 6378
f 6379 6380 6381
f 6382 6383 6384
f 6385 6386 6382
f 6387 6388 6389
f 6390 6391 6392
f 6391 6390 6393
f 6394 6395 6396
f 6397 6398 6399
f 6400 6401 6402
f 6403 6404 6405
f 6406 6407 6408
f 6308 6307 6409
f 6282 6280 6410
f 6195 6411 6412
f 6155 6370 6413
f 6370 6414 6413
f 6155 6413 6158
f 6413 6415 6158
f 6158 6415 6159
f 6159 6415 6161
f 6415 6416 6161
f 6161 6416 6162
f 6162 6416 6164
f 6416 6417 6164
f 6164 6417 6165
f 6165 6417 6167
f 6417 6418 6167
f 6167 6418 6168
f 6168 6418 6170
f 6418 6419 6170
f 6170 6419 6171
f 6185 6176 6372
f 6176 6174 6372
f 6178 6180 6420
f 6180 6182 6420
f 6189 6187 6421
f 6187 6186 6421
f 6153 6152 6422
f 6152 6190 6422
f 6153 6422 6191
f 6422 6423 6191
f 6191 6423 6192
f 6411 6195 6424
f 6195 6194 6424
f 6424 6194 6192
f 6425 6210 6426
f 6210 6209 6426
f 6426 6209 6427
f 6209 6207 6427
f 6427 6207 6428
f 6207 6205 6428
f 6428 6205 6429
f 6205 6204 6429
f 6429 6204 6430
f 6204 6202 6430
f 6430 6202 6431
f 6202 6201 6431
f 6431 6201 6432
f 6201 6200 6432
f 6432 6200 6199
f 6217 6216 6433
f 6216 6215 6433
f 6433 6215 6434
f 6215 6213 6434
f 6434 6213 6435
f 6213 6212 6435
f 6435 6212 6425
f 6212 6211 6425
f 6425 6211 6210
f 6436 6218 6437
f 6218 6217 6437
f 6438 6225 6439
f 6225 6226 6439
f 6439 6226 6221
f 6440 6228 6441
f 6228 6227 6441
f 6441 6227 6223
f 6442 6233 6443
f 6233 6232 6443
f 6443 6232 6230
f 6444 6237 6445
f 6237 6235 6445
f 6445 6235 6234
f 6238 6446 6240
f 6446 6447 6240
f 6249 6247 6448
f 6247 6245 6448
f 6448 6245 6449
f 6245 6244 6449
f 6250 6450 6252
f 6450 6451 6252
f 6452 6255 6451
f 6255 6253 6451
f 6451 6253 6252
f 6453 6258 6452
f 6258 6256 6452
f 6452 6256 6255
f 6454 6261 6453
f 6261 6259 6453
f 6453 6259 6258
f 6267 6265 6455
f 6265 6264 6455
f 6455 6264 6454
f 6264 6262 6454
f 6454 6262 6261
f 6267 6455 6268
f 6455 6456 6268
f 6268 6456 6270
f 6456 6457 6270
f 6270 6457 6271
f 6271 6457 6273
f 6457 6458 6273
f 6273 6458 6274
f 6274 6458 6276
f 6458 6459 6276
f 6276 6459 6277
f 6410 6280 6459
f 6280 6279 6459
f 6459 6279 6277
f 6460 6461 6283
f 6461 6462 6283
f 6463 6287 6462
f 6287 6285 6462
f 6462 6285 6283
f 6291 6290 6463
f 6290 6288 6463
f 6463 6288 6287
f 6383 6382 6296
f 6382 6386 6296
f 6296 6386 6298
f 6386 6385 6298
f 6298 6385 6300
f 6304 6303 6464
f 6303 6301 6464
f 6464 6301 6465
f 6325 6466 6327
f 6466 6467 6327
f 6327 6467 6328
f 6331 6332 6468
f 6333 6469 6334
f 6469 6470 6334
f 6471 6472 6473
f 6472 6337 6473
f 6474 6343 6475
f 6343 6341 6475
f 6475 6341 6339
f 6476 6348 6477
f 6348 6346 6477
f 6477 6346 6344
f 6478 6479 6480
f 6479 6351 6480
f 6480 6351 6476
f 6351 6349 6476
f 6476 6349 6348
f 6481 6356 6482
f 6356 6354 6482
f 6482 6354 6352
f 6483 6359 6481
f 6359 6357 6481
f 6481 6357 6356
f 6484 6362 6483
f 6362 6360 6483
f 6483 6360 6359
f 6485 6365 6484
f 6365 6363 6484
f 6484 6363 6362
f 6370 6369 6414
f 6369 6368 6414
f 6414 6368 6485
f 6368 6366 6485
f 6485 6366 6365
f 6486 6487 6488
f 6489 6490 6491
f 6490 6492 6491
f 6493 6494 6495
f 6493 6495 6491
f 6495 6496 6491
f 6491 6496 6489
f 6497 6498 6499
f 6499 6498 6493
f 6498 6500 6493
f 6493 6500 6494
f 6501 6502 6499
f 6502 6503 6499
f 6499 6503 6497
f 6504 6505 6506
f 6505 6507 6506
f 6507 6505 6508
f 6505 6509 6508
f 6508 6509 6510
f 6511 6512 6513
f 6514 6515 6516
f 6515 6517 6516
f 6516 6517 6518
f 6519 6520 6521
f 6406 6408 6522
f 6403 6405 6523
f 6398 6397 6524
f 6525 6526 6527
f 6526 6528 6527
f 6529 6530 6531
f 6531 6532 6529
f 6532 6533 6529
f 6529 6533 6534
f 6535 6536 6537
f 6536 6538 6537
f 6537 6538 6539
f 6538 6540 6539
f 6539 6540 6541
f 6535 6537 6542
f 6537 6543 6542
f 6542 6543 6544
f 6545 6546 6543
f 6546 6547 6543
f 6543 6547 6544
f 6548 6549 6550
f 6549 6551 6550
f 6550 6551 6545
f 6551 6552 6545
f 6545 6552 6546
f 6548 6550 6553
f 6550 6554 6553
f 6553 6554 6555
f 6556 6557 6558
f 6557 6559 6558
f 6558 6559 6554
f 6559 6560 6554
f 6554 6560 6555
f 6556 6558 6561
f 6558 6562 6561
f 6561 6562 6563
f 6564 6565 6566
f 6565 6567 6566
f 6568 6569 6570
f 6569 6571 6570
f 6570 6571 6565
f 6571 6572 6565
f 6565 6572 6567
f 6573 6574 6575
f 6574 6576 6575
f 6575 6576 6568
f 6576 6577 6568
f 6568 6577 6569
f 6578 6573 6579
f 6573 6580 6579
f 6581 6582 6583
f 6582 6584 6583
f 6583 6584 6579
f 6584 6585 6579
f 6579 6585 6578
f 6581 6583 6586
f 6583 6587 6586
f 6586 6587 6588
f 6587 6589 6588
f 6588 6589 6590
f 6591 6592 6593
f 6591 6593 6589
f 6593 6594 6589
f 6589 6594 6590
f 6595 6596 6597
f 6596 6598 6597
f 6598 6596 6599
f 6596 6600 6599
f 6599 6600 6601
f 6601 6600 6602
f 6600 6603 6602
f 6602 6603 6395
f 6394 6396 6393
f 6604 6605 6606
f 6605 6607 6606
f 6606 6607 6608
f 6604 6609 6605
f 6609 6610 6605
f 6605 6610 6392
f 6610 6611 6392
f 6392 6611 6390
f 6612 6613 6614
f 6613 6615 6614
f 6322 6321 6616
f 6321 6617 6616
f 6616 6617 6618
f 6617 6619 6618
f 6618 6619 6620
f 6619 6621 6620
f 6620 6621 6622
f 6621 6623 6622
f 6622 6623 6624
f 6623 6625 6624
f 6624 6625 6626
f 6625 6627 6626
f 6626 6627 6628
f 6627 6629 6628
f 6628 6629 6516
f 6629 6521 6516
f 6516 6521 6514
f 6521 6520 6514
f 6321 6319 6617
f 6319 6630 6617
f 6617 6630 6619
f 6630 6631 6619
f 6619 6631 6621
f 6631 6632 6621
f 6621 6632 6623
f 6632 6633 6623
f 6623 6633 6625
f 6633 6634 6625
f 6625 6634 6627
f 6634 6635 6627
f 6627 6635 6629
f 6635 6636 6629
f 6629 6636 6521
f 6636 6408 6521
f 6521 6408 6519
f 6408 6407 6519
f 6319 6318 6630
f 6318 6637 6630
f 6630 6637 6631
f 6637 6638 6631
f 6631 6638 6632
f 6638 6639 6632
f 6632 6639 6633
f 6639 6640 6633
f 6633 6640 6634
f 6640 6641 6634
f 6634 6641 6635
f 6641 6642 6635
f 6635 6642 6636
f 6642 6643 6636
f 6636 6643 6408
f 6643 6644 6408
f 6408 6644 6522
f 6644 6645 6522
f 6318 6316 6637
f 6316 6646 6637
f 6637 6646 6638
f 6646 6647 6638
f 6638 6647 6639
f 6647 6648 6639
f 6639 6648 6640
f 6648 6649 6640
f 6640 6649 6641
f 6649 6650 6641
f 6641 6650 6642
f 6650 6651 6642
f 6642 6651 6643
f 6651 6652 6643
f 6643 6652 6644
f 6652 6405 6644
f 6644 6405 6645
f 6405 6404 6645
f 6316 6315 6646
f 6315 6653 6646
f 6646 6653 6647
f 6653 6654 6647
f 6647 6654 6648
f 6654 6655 6648
f 6648 6655 6649
f 6655 6656 6649
f 6649 6656 6650
f 6656 6657 6650
f 6650 6657 6651
f 6657 6658 6651
f 6651 6658 6652
f 6658 6659 6652
f 6652 6659 6405
f 6659 6402 6405
f 6405 6402 6523
f 6402 6401 6523
f 6315 6311 6653
f 6311 6660 6653
f 6653 6660 6654
f 6660 6661 6654
f 6654 6661 6655
f 6661 6662 6655
f 6655 6662 6656
f 6662 6663 6656
f 6656 6663 6657
f 6663 6664 6657
f 6657 6664 6658
f 6664 6665 6658
f 6658 6665 6659
f 6665 6666 6659
f 6659 6666 6402
f 6666 6524 6402
f 6402 6524 6400
f 6524 6397 6400
f 6325 6324 6466
f 6324 6667 6466
f 6466 6667 6467
f 6667 6668 6467
f 6467 6668 6669
f 6668 6670 6669
f 6669 6670 6671
f 6670 6672 6671
f 6671 6672 6673
f 6672 6674 6673
f 6673 6674 6675
f 6674 6676 6675
f 6675 6676 6677
f 6676 6678 6677
f 6677 6678 6679
f 6678 6680 6679
f 6679 6680 6509
f 6680 6513 6509
f 6509 6513 6510
f 6513 6512 6510
f 6324 6322 6667
f 6322 6616 6667
f 6667 6616 6668
f 6616 6618 6668
f 6668 6618 6670
f 6618 6620 6670
f 6670 6620 6672
f 6620 6622 6672
f 6672 6622 6674
f 6622 6624 6674
f 6674 6624 6676
f 6624 6626 6676
f 6676 6626 6678
f 6626 6628 6678
f 6678 6628 6680
f 6628 6516 6680
f 6680 6516 6513
f 6516 6518 6513
f 6513 6518 6511
f 6518 6517 6511
f 6311 6313 6660
f 6313 6681 6660
f 6660 6681 6661
f 6681 6682 6661
f 6661 6682 6662
f 6682 6683 6662
f 6662 6683 6663
f 6683 6684 6663
f 6663 6684 6664
f 6684 6685 6664
f 6664 6685 6665
f 6685 6686 6665
f 6665 6686 6666
f 6686 6687 6666
f 6666 6687 6524
f 6687 6688 6524
f 6524 6688 6398
f 6688 6527 6398
f 6398 6527 6399
f 6527 6528 6399
f 6313 6314 6681
f 6314 6689 6681
f 6681 6689 6682
f 6689 6690 6682
f 6682 6690 6683
f 6690 6691 6683
f 6683 6691 6684
f 6691 6692 6684
f 6684 6692 6685
f 6692 6693 6685
f 6685 6693 6686
f 6693 6694 6686
f 6686 6694 6687
f 6694 6695 6687
f 6687 6695 6688
f 6695 6696 6688
f 6688 6696 6527
f 6696 6534 6527
f 6527 6534 6525
f 6534 6533 6525
f 6283 6282 6460
f 6282 6410 6460
f 6460 6410 6461
f 6410 6697 6461
f 6332 6328 6468
f 6328 6467 6468
f 6468 6467 6698
f 6467 6669 6698
f 6698 6669 6699
f 6669 6671 6699
f 6699 6671 6700
f 6671 6673 6700
f 6700 6673 6701
f 6673 6675 6701
f 6701 6675 6702
f 6675 6677 6702
f 6702 6677 6703
f 6677 6679 6703
f 6703 6679 6704
f 6679 6509 6704
f 6704 6509 6501
f 6509 6505 6501
f 6501 6505 6502
f 6505 6504 6502
f 6314 6309 6689
f 6309 6308 6689
f 6689 6308 6690
f 6308 6409 6690
f 6690 6409 6691
f 6409 6705 6691
f 6691 6705 6692
f 6705 6706 6692
f 6692 6706 6693
f 6706 6707 6693
f 6693 6707 6694
f 6707 6708 6694
f 6694 6708 6695
f 6708 6709 6695
f 6695 6709 6696
f 6709 6710 6696
f 6696 6710 6534
f 6710 6711 6534
f 6534 6711 6529
f 6711 6712 6529
f 6529 6712 6530
f 6712 6539 6530
f 6530 6539 6713
f 6539 6541 6713
f 6344 6343 6477
f 6343 6474 6477
f 6477 6474 6476
f 6474 6714 6476
f 6476 6714 6480
f 6714 6715 6480
f 6480 6715 6478
f 6715 6716 6478
f 6478 6716 6717
f 6716 6718 6717
f 6717 6718 6719
f 6718 6720 6719
f 6719 6720 6721
f 6720 6722 6721
f 6721 6722 6723
f 6722 6724 6723
f 6723 6724 6380
f 6725 6724 6726
f 6724 6722 6726
f 6726 6722 6727
f 6722 6720 6727
f 6727 6720 6728
f 6720 6718 6728
f 6728 6718 6729
f 6718 6716 6729
f 6729 6716 6730
f 6716 6715 6730
f 6730 6715 6731
f 6715 6714 6731
f 6731 6714 6732
f 6714 6474 6732
f 6732 6474 6471
f 6474 6475 6471
f 6471 6475 6472
f 6475 6339 6472
f 6472 6339 6337
f 6337 6387 6473
f 6387 6389 6473
f 6473 6389 6471
f 6389 6733 6471
f 6471 6733 6732
f 6733 6734 6732
f 6732 6734 6731
f 6734 6735 6731
f 6731 6735 6730
f 6735 6736 6730
f 6730 6736 6729
f 6736 6737 6729
f 6729 6737 6728
f 6737 6738 6728
f 6728 6738 6727
f 6738 6739 6727
f 6727 6739 6726
f 6739 6740 6726
f 6726 6740 6725
f 6740 6741 6725
f 6337 6336 6387
f 6336 6334 6387
f 6387 6334 6388
f 6334 6470 6388
f 6388 6470 6389
f 6470 6742 6389
f 6389 6742 6733
f 6742 6743 6733
f 6733 6743 6734
f 6743 6744 6734
f 6734 6744 6735
f 6744 6745 6735
f 6735 6745 6736
f 6745 6746 6736
f 6736 6746 6737
f 6746 6747 6737
f 6737 6747 6738
f 6747 6748 6738
f 6738 6748 6739
f 6748 6749 6739
f 6739 6749 6740
f 6749 6750 6740
f 6740 6750 6741
f 6750 6751 6741
f 6469 6752 6470
f 6752 6753 6470
f 6470 6753 6742
f 6753 6754 6742
f 6742 6754 6743
f 6754 6755 6743
f 6743 6755 6744
f 6755 6756 6744
f 6744 6756 6745
f 6756 6757 6745
f 6745 6757 6746
f 6757 6758 6746
f 6746 6758 6747
f 6758 6759 6747
f 6747 6759 6748
f 6759 6760 6748
f 6748 6760 6749
f 6760 6761 6749
f 6749 6761 6750
f 6761 6762 6750
f 6750 6762 6751
f 6762 6763 6751
f 6333 6329 6469
f 6329 6331 6469
f 6469 6331 6752
f 6331 6468 6752
f 6752 6468 6753
f 6468 6698 6753
f 6753 6698 6754
f 6698 6699 6754
f 6754 6699 6755
f 6699 6700 6755
f 6755 6700 6756
f 6700 6701 6756
f 6756 6701 6757
f 6701 6702 6757
f 6757 6702 6758
f 6702 6703 6758
f 6758 6703 6759
f 6703 6704 6759
f 6759 6704 6760
f 6704 6501 6760
f 6760 6501 6761
f 6501 6499 6761
f 6761 6499 6762
f 6499 6493 6762
f 6762 6493 6763
f 6493 6491 6763
f 6763 6491 6486
f 6491 6492 6486
f 6486 6492 6487
f 6380 6724 6381
f 6724 6725 6381
f 6381 6725 6764
f 6725 6741 6764
f 6764 6741 6765
f 6741 6751 6765
f 6765 6751 6766
f 6751 6763 6766
f 6766 6763 6767
f 6763 6486 6767
f 6767 6486 6614
f 6486 6488 6614
f 6614 6488 6612
f 6379 6381 6768
f 6381 6764 6768
f 6768 6764 6769
f 6764 6765 6769
f 6769 6765 6770
f 6765 6766 6770
f 6770 6766 6771
f 6766 6767 6771
f 6771 6767 6772
f 6767 6614 6772
f 6772 6614 6607
f 6614 6615 6607
f 6607 6615 6608
f 6375 6378 6376
f 6378 6773 6376
f 6376 6773 6774
f 6773 6775 6774
f 6774 6775 6776
f 6775 6777 6776
f 6776 6777 6778
f 6777 6779 6778
f 6778 6779 6780
f 6374 6376 6781
f 6376 6774 6781
f 6781 6774 6782
f 6774 6776 6782
f 6782 6776 6783
f 6776 6778 6783
f 6783 6778 6784
f 6778 6780 6784
f 6784 6780 6785
f 6392 6785 6605
f 6785 6780 6605
f 6605 6780 6607
f 6780 6779 6607
f 6607 6779 6772
f 6779 6777 6772
f 6772 6777 6771
f 6777 6775 6771
f 6771 6775 6770
f 6775 6773 6770
f 6770 6773 6769
f 6773 6378 6769
f 6769 6378 6768
f 6378 6377 6768
f 6768 6377 6379
f 6393 6396 6391
f 6396 6786 6391
f 6391 6786 6392
f 6786 6787 6392
f 6392 6787 6785
f 6787 6788 6785
f 6785 6788 6784
f 6788 6789 6784
f 6784 6789 6783
f 6789 6790 6783
f 6783 6790 6782
f 6790 6791 6782
f 6782 6791 6781
f 6791 6792 6781
f 6781 6792 6374
f 6697 6410 6793
f 6410 6459 6793
f 6793 6459 6794
f 6459 6458 6794
f 6794 6458 6795
f 6458 6457 6795
f 6795 6457 6796
f 6457 6456 6796
f 6796 6456 6797
f 6456 6455 6797
f 6797 6455 6798
f 6455 6454 6798
f 6798 6454 6799
f 6454 6453 6799
f 6799 6453 6800
f 6453 6452 6800
f 6800 6452 6801
f 6452 6451 6801
f 6801 6451 6802
f 6451 6450 6802
f 6802 6450 6803
f 6395 6603 6396
f 6603 6804 6396
f 6396 6804 6786
f 6804 6805 6786
f 6786 6805 6787
f 6805 6806 6787
f 6787 6806 6788
f 6806 6807 6788
f 6788 6807 6789
f 6807 6808 6789
f 6789 6808 6790
f 6808 6809 6790
f 6790 6809 6791
f 6809 6810 6791
f 6791 6810 6792
f 6811 6812 6419
f 6592 6591 6595
f 6591 6813 6595
f 6595 6813 6596
f 6813 6814 6596
f 6596 6814 6600
f 6814 6815 6600
f 6600 6815 6603
f 6815 6816 6603
f 6603 6816 6804
f 6816 6817 6804
f 6804 6817 6805
f 6817 6818 6805
f 6805 6818 6806
f 6818 6819 6806
f 6806 6819 6807
f 6819 6820 6807
f 6807 6820 6808
f 6820 6821 6808
f 6808 6821 6809
f 6821 6811 6809
f 6809 6811 6810
f 6811 6419 6810
f 6810 6419 6792
f 6419 6418 6792
f 6792 6418 6374
f 6418 6417 6374
f 6374 6417 6375
f 6417 6416 6375
f 6375 6416 6377
f 6416 6415 6377
f 6377 6415 6379
f 6415 6413 6379
f 6379 6413 6380
f 6413 6414 6380
f 6380 6414 6723
f 6414 6485 6723
f 6723 6485 6721
f 6485 6484 6721
f 6721 6484 6719
f 6484 6483 6719
f 6719 6483 6717
f 6483 6481 6717
f 6717 6481 6478
f 6481 6482 6478
f 6478 6482 6479
f 6482 6352 6479
f 6479 6352 6351
f 6573 6575 6580
f 6575 6568 6580
f 6580 6568 6822
f 6568 6570 6822
f 6822 6570 6823
f 6566 6563 6564
f 6563 6562 6564
f 6564 6562 6565
f 6562 6824 6565
f 6565 6824 6570
f 6824 6825 6570
f 6570 6825 6823
f 6825 6826 6823
f 6250 6249 6450
f 6249 6448 6450
f 6450 6448 6803
f 6448 6449 6803
f 6803 6449 6827
f 6449 6244 6827
f 6827 6244 6447
f 6244 6242 6447
f 6447 6242 6240
f 6171 6419 6173
f 6419 6812 6173
f 6173 6812 6174
f 6812 6811 6174
f 6174 6811 6372
f 6811 6821 6372
f 6372 6821 6373
f 6821 6820 6373
f 6373 6820 6828
f 6820 6819 6828
f 6828 6819 6829
f 6819 6818 6829
f 6829 6818 6830
f 6818 6817 6830
f 6830 6817 6831
f 6817 6816 6831
f 6831 6816 6832
f 6816 6815 6832
f 6832 6815 6833
f 6815 6814 6833
f 6833 6814 6834
f 6814 6813 6834
f 6834 6813 6835
f 6813 6591 6835
f 6835 6591 6836
f 6591 6589 6836
f 6836 6589 6837
f 6589 6587 6837
f 6837 6587 6838
f 6587 6583 6838
f 6838 6583 6839
f 6583 6579 6839
f 6839 6579 6840
f 6579 6580 6840
f 6840 6580 6841
f 6580 6822 6841
f 6841 6822 6842
f 6822 6823 6842
f 6842 6823 6843
f 6823 6826 6843
f 6843 6826 6844
f 6371 6373 6845
f 6373 6828 6845
f 6845 6828 6846
f 6828 6829 6846
f 6846 6829 6847
f 6829 6830 6847
f 6847 6830 6848
f 6830 6831 6848
f 6848 6831 6849
f 6831 6832 6849
f 6849 6832 6850
f 6832 6833 6850
f 6850 6833 6851
f 6833 6834 6851
f 6851 6834 6852
f 6834 6835 6852
f 6852 6835 6853
f 6835 6836 6853
f 6853 6836 6854
f 6836 6837 6854
f 6854 6837 6855
f 6837 6838 6855
f 6855 6838 6856
f 6838 6839 6856
f 6856 6839 6857
f 6839 6840 6857
f 6857 6840 6858
f 6840 6841 6858
f 6858 6841 6859
f 6841 6842 6859
f 6859 6842 6860
f 6842 6843 6860
f 6860 6843 6861
f 6843 6844 6861
f 6861 6844 6862
f 6296 6295 6383
f 6295 6293 6383
f 6383 6293 6384
f 6293 6291 6384
f 6384 6291 6863
f 6291 6463 6863
f 6863 6463 6864
f 6463 6462 6864
f 6864 6462 6865
f 6462 6461 6865
f 6865 6461 6866
f 6461 6697 6866
f 6866 6697 6867
f 6697 6793 6867
f 6867 6793 6868
f 6793 6794 6868
f 6868 6794 6869
f 6794 6795 6869
f 6869 6795 6870
f 6795 6796 6870
f 6870 6796 6871
f 6796 6797 6871
f 6871 6797 6872
f 6797 6798 6872
f 6872 6798 6873
f 6798 6799 6873
f 6873 6799 6874
f 6799 6800 6874
f 6874 6800 6875
f 6800 6801 6875
f 6875 6801 6876
f 6801 6802 6876
f 6876 6802 6877
f 6802 6803 6877
f 6877 6803 6878
f 6803 6827 6878
f 6878 6827 6879
f 6827 6447 6879
f 6879 6447 6444
f 6447 6446 6444
f 6444 6446 6237
f 6446 6238 6237
f 6185 6372 6184
f 6372 6371 6184
f 6184 6371 6182
f 6371 6845 6182
f 6182 6845 6420
f 6845 6846 6420
f 6420 6846 6880
f 6846 6847 6880
f 6880 6847 6881
f 6847 6848 6881
f 6881 6848 6882
f 6848 6849 6882
f 6882 6849 6883
f 6849 6850 6883
f 6883 6850 6884
f 6850 6851 6884
f 6884 6851 6885
f 6851 6852 6885
f 6885 6852 6886
f 6852 6853 6886
f 6886 6853 6887
f 6853 6854 6887
f 6887 6854 6888
f 6854 6855 6888
f 6888 6855 6889
f 6855 6856 6889
f 6889 6856 6890
f 6856 6857 6890
f 6890 6857 6891
f 6857 6858 6891
f 6891 6858 6892
f 6858 6859 6892
f 6892 6859 6893
f 6859 6860 6893
f 6893 6860 6894
f 6860 6861 6894
f 6894 6861 6895
f 6861 6862 6895
f 6895 6862 6896
f 6234 6233 6445
f 6233 6442 6445
f 6445 6442 6444
f 6442 6897 6444
f 6444 6897 6879
f 6897 6898 6879
f 6879 6898 6878
f 6898 6899 6878
f 6878 6899 6877
f 6899 6900 6877
f 6877 6900 6876
f 6900 6901 6876
f 6876 6901 6875
f 6901 6902 6875
f 6875 6902 6874
f 6902 6903 6874
f 6874 6903 6873
f 6903 6904 6873
f 6873 6904 6872
f 6904 6905 6872
f 6872 6905 6871
f 6905 6906 6871
f 6871 6906 6870
f 6906 6907 6870
f 6870 6907 6869
f 6907 6908 6869
f 6869 6908 6868
f 6908 6909 6868
f 6868 6909 6867
f 6909 6910 6867
f 6867 6910 6866
f 6910 6911 6866
f 6866 6911 6865
f 6911 6912 6865
f 6865 6912 6864
f 6912 6913 6864
f 6864 6913 6863
f 6913 6914 6863
f 6863 6914 6384
f 6914 6915 6384
f 6384 6915 6382
f 6178 6420 6186
f 6420 6880 6186
f 6186 6880 6421
f 6880 6881 6421
f 6421 6881 6916
f 6881 6882 6916
f 6916 6882 6917
f 6882 6883 6917
f 6917 6883 6918
f 6883 6884 6918
f 6918 6884 6919
f 6884 6885 6919
f 6919 6885 6920
f 6885 6886 6920
f 6920 6886 6921
f 6886 6887 6921
f 6921 6887 6922
f 6887 6888 6922
f 6922 6888 6923
f 6888 6889 6923
f 6923 6889 6924
f 6889 6890 6924
f 6924 6890 6925
f 6890 6891 6925
f 6925 6891 6926
f 6891 6892 6926
f 6926 6892 6927
f 6892 6893 6927
f 6927 6893 6928
f 6893 6894 6928
f 6928 6894 6929
f 6894 6895 6929
f 6929 6895 6930
f 6895 6896 6930
f 6930 6896 6931
f 6230 6228 6443
f 6228 6440 6443
f 6443 6440 6442
f 6440 6932 6442
f 6442 6932 6897
f 6932 6933 6897
f 6897 6933 6898
f 6933 6934 6898
f 6898 6934 6899
f 6934 6935 6899
f 6899 6935 6900
f 6935 6936 6900
f 6900 6936 6901
f 6936 6937 6901
f 6901 6937 6902
f 6937 6938 6902
f 6902 6938 6903
f 6938 6939 6903
f 6903 6939 6904
f 6939 6940 6904
f 6904 6940 6905
f 6940 6941 6905
f 6905 6941 6906
f 6941 6942 6906
f 6906 6942 6907
f 6942 6943 6907
f 6907 6943 6908
f 6943 6944 6908
f 6908 6944 6909
f 6944 6945 6909
f 6909 6945 6910
f 6945 6946 6910
f 6910 6946 6911
f 6946 6947 6911
f 6911 6947 6912
f 6947 6948 6912
f 6912 6948 6913
f 6948 6949 6913
f 6913 6949 6914
f 6949 6950 6914
f 6914 6950 6915
f 6950 6951 6915
f 6915 6951 6382
f 6951 6952 6382
f 6382 6952 6385
f 6189 6421 6190
f 6421 6916 6190
f 6190 6916 6422
f 6916 6917 6422
f 6422 6917 6423
f 6917 6918 6423
f 6423 6918 6953
f 6918 6919 6953
f 6953 6919 6954
f 6919 6920 6954
f 6954 6920 6955
f 6920 6921 6955
f 6955 6921 6956
f 6921 6922 6956
f 6956 6922 6957
f 6922 6923 6957
f 6957 6923 6958
f 6923 6924 6958
f 6958 6924 6959
f 6924 6925 6959
f 6959 6925 6960
f 6925 6926 6960
f 6960 6926 6961
f 6926 6927 6961
f 6961 6927 6962
f 6927 6928 6962
f 6962 6928 6963
f 6928 6929 6963
f 6963 6929 6964
f 6929 6930 6964
f 6964 6930 6965
f 6930 6931 6965
f 6965 6931 6966
f 6301 6300 6465
f 6300 6385 6465
f 6465 6385 6967
f 6385 6952 6967
f 6967 6952 6968
f 6952 6951 6968
f 6968 6951 6969
f 6951 6950 6969
f 6969 6950 6970
f 6950 6949 6970
f 6970 6949 6971
f 6949 6948 6971
f 6971 6948 6972
f 6948 6947 6972
f 6972 6947 6973
f 6947 6946 6973
f 6973 6946 6974
f 6946 6945 6974
f 6974 6945 6975
f 6945 6944 6975
f 6975 6944 6976
f 6944 6943 6976
f 6976 6943 6977
f 6943 6942 6977
f 6977 6942 6978
f 6942 6941 6978
f 6978 6941 6979
f 6941 6940 6979
f 6979 6940 6980
f 6940 6939 6980
f 6980 6939 6981
f 6939 6938 6981
f 6981 6938 6982
f 6938 6937 6982
f 6982 6937 6983
f 6937 6936 6983
f 6983 6936 6984
f 6936 6935 6984
f 6984 6935 6985
f 6935 6934 6985
f 6985 6934 6986
f 6934 6933 6986
f 6986 6933 6987
f 6933 6932 6987
f 6987 6932 6988
f 6932 6440 6988
f 6988 6440 6438
f 6440 6441 6438
f 6438 6441 6225
f 6441 6223 6225
f 6192 6423 6424
f 6423 6953 6424
f 6424 6953 6411
f 6953 6954 6411
f 6411 6954 6412
f 6954 6955 6412
f 6412 6955 6989
f 6955 6956 6989
f 6989 6956 6990
f 6956 6957 6990
f 6990 6957 6991
f 6957 6958 6991
f 6991 6958 6992
f 6958 6959 6992
f 6992 6959 6993
f 6959 6960 6993
f 6993 6960 6994
f 6960 6961 6994
f 6994 6961 6995
f 6961 6962 6995
f 6995 6962 6996
f 6962 6963 6996
f 6996 6963 6997
f 6963 6964 6997
f 6997 6964 6998
f 6964 6965 6998
f 6998 6965 6437
f 6965 6966 6437
f 6437 6966 6436
f 6307 6306 6409
f 6306 6999 6409
f 6409 6999 6705
f 6999 7000 6705
f 6705 7000 6706
f 7000 7001 6706
f 6706 7001 6707
f 7001 7002 6707
f 6707 7002 6708
f 7002 7003 6708
f 6708 7003 6709
f 7003 7004 6709
f 6709 7004 6710
f 7004 7005 6710
f 6710 7005 6711
f 7005 7006 6711
f 6711 7006 6712
f 7006 7007 6712
f 6712 7007 6539
f 7007 7008 6539
f 6539 7008 6537
f 7008 7009 6537
f 6537 7009 6543
f 7009 7010 6543
f 6543 7010 6545
f 7010 7011 6545
f 6545 7011 6550
f 7011 7012 6550
f 6550 7012 6554
f 7012 7013 6554
f 6554 7013 6558
f 7013 7014 6558
f 6558 7014 6562
f 7014 7015 6562
f 6562 7015 6824
f 7015 7016 6824
f 6824 7016 6825
f 7016 7017 6825
f 6825 7017 6826
f 7017 7018 6826
f 6826 7018 6844
f 7018 7019 6844
f 6844 7019 6862
f 7019 7020 6862
f 6862 7020 6896
f 7020 7021 6896
f 6896 7021 6931
f 7021 7022 6931
f 6931 7022 6966
f 7022 7023 6966
f 6966 7023 6436
f 7023 7024 6436
f 6436 7024 6218
f 7024 6220 6218
f 6306 6304 6999
f 6304 6464 6999
f 6999 6464 7000
f 6464 6465 7000
f 7000 6465 7001
f 6465 6967 7001
f 7001 6967 7002
f 6967 6968 7002
f 7002 6968 7003
f 6968 6969 7003
f 7003 6969 7004
f 6969 6970 7004
f 7004 6970 7005
f 6970 6971 7005
f 7005 6971 7006
f 6971 6972 7006
f 7006 6972 7007
f 6972 6973 7007
f 7007 6973 7008
f 6973 6974 7008
f 7008 6974 7009
f 6974 6975 7009
f 7009 6975 7010
f 6975 6976 7010
f 7010 6976 7011
f 6976 6977 7011
f 7011 6977 7012
f 6977 6978 7012
f 7012 6978 7013
f 6978 6979 7013
f 7013 6979 7014
f 6979 6980 7014
f 7014 6980 7015
f 6980 6981 7015
f 7015 6981 7016
f 6981 6982 7016
f 7016 6982 7017
f 6982 6983 7017
f 7017 6983 7018
f 6983 6984 7018
f 7018 6984 7019
f 6984 6985 7019
f 7019 6985 7020
f 6985 6986 7020
f 7020 6986 7021
f 6986 6987 7021
f 7021 6987 7022
f 6987 6988 7022
f 7022 6988 7023
f 6988 6438 7023
f 7023 6438 7024
f 6438 6439 7024
f 7024 6439 6220
f 6439 6221 6220
f 6217 6433 6437
f 6433 6434 6437
f 6437 6434 6998
f 6434 6435 6998
f 6998 6435 6997
f 6435 6425 6997
f 6997 6425 6996
f 6425 6426 6996
f 6996 6426 6995
f 6426 6427 6995
f 6995 6427 6994
f 6427 6428 6994
f 6994 6428 6993
f 6428 6429 6993
f 6993 6429 6992
f 6429 6430 6992
f 6992 6430 6991
f 6430 6431 6991
f 6991 6431 6990
f 6431 6432 6990
f 6990 6432 6989
f 6432 6199 6989
f 6989 6199 6412
f 6199 6197 6412
f 6412 6197 6195
f 7025 7026 7027
f 7025 7027 7028
f 7027 7029 7028
f 7028 7029 7030
f 7029 7031 7030
f 7030 7031 7032
f 7031 7033 7032
f 7032 7033 7034
f 7033 7035 7034
f 7034 7035 7036
f 7035 7037 7036
f 7036 7037 7038
f 7037 7039 7038
f 7038 7039 7040
f 7039 7041 7040
f 7040 7041 7042
f 7041 7043 7042
f 7042 7043 7044
f 7043 7045 7044
f 7044 7045 7046
f 7045 7047 7046
f 7046 7047 7048
f 7047 7049 7048
f 7048 7049 7050
f 7049 7051 7050
f 7050 7051 7052
f 7051 7053 7052
f 7052 7053 7054
f 7055 7056 7057
f 7055 7057 7058
f 7057 7059 7058
f 7058 7059 7060
f 7059 7061 7060
f 7060 7061 7062
f 7061 7063 7062
f 7062 7063 7064
f 7063 7065 7064
f 7064 7065 7066
f 7065 7067 7066
f 7066 7067 7068
f 7067 7069 7068
f 7068 7069 7070
f 7069 7071 7070
f 7070 7071 7072
f 7071 7073 7072
f 7072 7073 7074
f 7073 7075 7074
f 7074 7075 7076
f 7075 7077 7076
f 7076 7077 7078
f 7077 7079 7078
f 7078 7079 7080
f 7079 7081 7080
f 7080 7081 7082
f 7081 7083 7082
f 7082 7083 7084
f 7085 7086 7087
f 7085 7087 7088
f 7087 7089 7088
f 7088 7089 7090
f 7089 7091 7090
f 7090 7091 7092
f 7091 7093 7092
f 7092 7093 7094
f 7093 7095 7094
f 7094 7095 7096
f 7095 7097 7096
f 7096 7097 7098
f 7097 7099 7098
f 7098 7099 7100
f 7099 7101 7100
f 7100 7101 7102
f 7101 7103 7102
f 7102 7103 7104
f 7103 7105 7104
f 7104 7105 7106
f 7105 7107 7106
f 7106 7107 7108
f 7107 7109 7108
f 7108 7109 7110
f 7109 7111 7110
f 7110 7111 7112
f 7111 7113 7112
f 7112 7113 7114
f 7115 7116 6489
f 7117 7118 6597
f 7119 7120 6551
f 7121 7122 6615
f 7123 7124 6511
f 7125 6488 7126
f 6488 7127 7126
f 7125 7128 6488
f 7128 7129 6488
f 6488 7129 6612
f 7129 7130 6612
f 6612 7130 7131
f 6615 7122 6608
f 7132 6595 7133
f 6595 6597 7133
f 7133 6597 7134
f 6597 7118 7134
f 7132 7135 6595
f 7135 7136 6595
f 6595 7136 6592
f 7137 6573 7138
f 6573 6578 7138
f 6574 7139 7140
f 7141 7142 6576
f 7143 6553 7144
f 6553 6555 7144
f 7144 6555 7086
f 7145 7146 6517
f 7127 6488 7147
f 6488 6487 7147
f 7147 6487 7148
f 7131 7149 6612
f 7149 7150 6612
f 6612 7150 6613
f 7063 7061 6584
f 7140 7151 6574
f 7151 7152 6574
f 6574 7152 6576
f 7152 7153 6576
f 6576 7153 7141
f 7154 7155 6552
f 6514 7156 6515
f 7156 7157 6515
f 6512 7158 7159
f 6489 7116 6490
f 7116 7160 6490
f 6490 7160 7161
f 6492 7162 6487
f 7162 7163 6487
f 6487 7163 7148
f 7150 7164 6613
f 7164 7165 6613
f 6613 7165 6615
f 7165 7166 6615
f 6615 7166 7121
f 6599 6601 7167
f 7167 7168 6599
f 7168 7169 6599
f 6599 7169 7170
f 7171 7172 6598
f 7137 7173 6573
f 7173 7174 6573
f 6573 7174 6574
f 7174 7175 6574
f 6574 7175 7139
f 6577 7176 6569
f 7176 7177 6569
f 6548 7178 6549
f 7178 7179 6549
f 6549 7179 7180
f 7180 7181 6549
f 7181 7182 6549
f 6549 7182 6551
f 7182 7183 6551
f 6551 7183 7119
f 6552 7155 6546
f 7124 7184 6511
f 7184 7185 6511
f 6511 7185 6512
f 7185 7186 6512
f 6512 7186 7158
f 7159 7187 6512
f 7187 7188 6512
f 6512 7188 6510
f 7161 7189 6490
f 7189 7190 6490
f 6490 7190 6492
f 7190 7191 6492
f 6492 7191 7162
f 6394 7192 6395
f 7192 7193 6395
f 6395 7193 6602
f 7193 7194 6602
f 6602 7194 6601
f 7194 7195 6601
f 6601 7195 7167
f 7172 7196 6598
f 7196 7197 6598
f 6598 7197 6597
f 7197 7198 6597
f 6597 7198 7117
f 7079 7077 6594
f 7077 7075 6594
f 6594 7075 7073
f 7199 7200 6577
f 7200 7201 6577
f 6577 7201 7176
f 7177 7202 6569
f 7202 7203 6569
f 6569 7203 6571
f 7203 7204 6571
f 6571 7204 6572
f 7204 6567 6572
f 7143 7205 6553
f 7205 7206 6553
f 6553 7206 6548
f 7206 7207 6548
f 6548 7207 7178
f 7120 7208 6551
f 7208 7209 6551
f 6551 7209 6552
f 7209 7210 6552
f 6552 7210 7154
f 7211 7212 6547
f 7212 7213 6547
f 6547 7213 6544
f 7214 7215 6400
f 6519 7216 7217
f 7218 7219 6403
f 7219 7220 6403
f 6403 7220 7221
f 7146 7222 6517
f 7222 7223 6517
f 6517 7223 6511
f 7223 7224 6511
f 6511 7224 7123
f 7188 7225 6510
f 7225 7226 6510
f 6510 7226 6508
f 7226 7227 6508
f 6508 7227 6507
f 7041 7039 6611
f 7122 7228 6608
f 7228 7053 6608
f 6608 7053 6606
f 7053 7051 6606
f 6606 7051 7049
f 7170 7229 6599
f 7229 7230 6599
f 6599 7230 6598
f 7230 7231 6598
f 6598 7231 7171
f 7061 7059 6584
f 7059 7057 6584
f 6584 7057 6585
f 7057 7056 6585
f 6585 7056 6578
f 7056 7232 6578
f 6578 7232 7138
f 7063 6584 7065
f 6584 6582 7065
f 7065 6582 7067
f 6582 6581 7067
f 7067 6581 7069
f 6581 6586 7069
f 7069 6586 7071
f 6586 6588 7071
f 7071 6588 7073
f 6588 6590 7073
f 7073 6590 6594
f 7142 7233 6576
f 7233 7234 6576
f 6576 7234 6577
f 7234 7235 6577
f 6577 7235 7199
f 7086 6555 7087
f 6555 6560 7087
f 7087 6560 7089
f 7236 7237 6528
f 6400 7215 6401
f 7216 6519 7238
f 6519 6407 7238
f 7238 6407 7239
f 6407 6406 7239
f 7239 6406 7240
f 6406 6522 7240
f 7240 6522 7241
f 6522 6645 7241
f 7241 6645 7221
f 6645 6404 7221
f 7221 6404 6403
f 7157 7242 6515
f 7242 7243 6515
f 6515 7243 6517
f 7243 7244 6517
f 6517 7244 7145
f 6611 6610 7041
f 6610 6609 7041
f 7041 6609 7043
f 6609 6604 7043
f 7043 6604 7045
f 6604 6606 7045
f 7045 6606 7047
f 6606 7049 7047
f 7136 7245 6592
f 7245 7246 6592
f 6592 7246 6593
f 7246 7083 6593
f 6593 7083 6594
f 7083 7081 6594
f 6594 7081 7079
f 6559 6557 7097
f 6557 6556 7097
f 7097 6556 7099
f 6556 6561 7099
f 7155 7247 6546
f 7247 7248 6546
f 6546 7248 6547
f 7248 7249 6547
f 6547 7249 7211
f 7250 6526 7251
f 6526 6525 7251
f 7251 6525 6533
f 7215 7252 6401
f 7252 7253 6401
f 6401 7253 6523
f 7253 7254 6523
f 6523 7254 6403
f 7254 7255 6403
f 6403 7255 7218
f 7204 7256 6567
f 7256 7113 6567
f 6567 7113 6566
f 7113 7111 6566
f 7250 7257 6526
f 7257 7258 6526
f 6526 7258 6528
f 7258 7259 6528
f 6528 7259 7236
f 6397 7260 6400
f 7260 7261 6400
f 6400 7261 7214
f 7217 7262 6519
f 7262 7263 6519
f 6519 7263 6520
f 7263 7264 6520
f 6520 7264 6514
f 7264 7265 6514
f 6514 7265 7156
f 7039 7037 6611
f 7037 7035 6611
f 6611 7035 6390
f 6393 7027 6394
f 7027 7026 6394
f 6394 7026 7192
f 7097 7095 6559
f 7095 7093 6559
f 6559 7093 6560
f 7093 7091 6560
f 6560 7091 7089
f 7266 7267 6399
f 7268 7269 6397
f 7269 7270 6397
f 6397 7270 7260
f 6504 7271 6502
f 7271 7272 6502
f 6502 7272 6503
f 7035 7033 6390
f 7033 7031 6390
f 6390 7031 6393
f 7031 7029 6393
f 6393 7029 7027
f 6531 6530 7273
f 7237 7274 6528
f 7274 7275 6528
f 6528 7275 6399
f 7275 7276 6399
f 6399 7276 7266
f 7267 7277 6399
f 7277 7278 6399
f 6399 7278 6397
f 7278 7279 6397
f 6397 7279 7268
f 7115 6489 7280
f 6489 6496 7280
f 7280 6496 7281
f 7227 7282 6507
f 7282 7283 6507
f 6507 7283 6506
f 7283 7284 6506
f 6506 7284 6504
f 7284 7285 6504
f 6504 7285 7286
f 7111 7109 6566
f 7109 7107 6566
f 6566 7107 6563
f 7107 7105 6563
f 7105 7103 6563
f 6563 7103 6561
f 7103 7101 6561
f 6561 7101 7099
f 7287 7288 6495
f 7288 7289 6495
f 6495 7289 6496
f 7289 7290 6496
f 6496 7290 7281
f 6495 6494 7287
f 6494 6500 7287
f 7287 6500 7291
f 6500 6498 7291
f 7291 6498 7272
f 6498 6497 7272
f 7272 6497 6503
f 7286 7292 6504
f 7292 7293 6504
f 6504 7293 7271
f 7273 7294 6531
f 7294 7295 6531
f 6531 7295 7296
f 7297 6536 7298
f 6536 6535 7298
f 7298 6535 7299
f 6535 6542 7299
f 7299 6542 7300
f 6542 7301 7300
f 6530 6713 7273
f 6713 6541 7273
f 7273 6541 7302
f 6541 6540 7302
f 7302 6540 7297
f 6540 6538 7297
f 7297 6538 6536
f 7213 7303 6544
f 7303 7304 6544
f 6544 7304 6542
f 7304 7305 6542
f 6542 7305 7301
f 7296 7306 6531
f 7306 7307 6531
f 6531 7307 6532
f 7307 7308 6532
f 6532 7308 6533
f 7308 7309 6533
f 6533 7309 7251
f 6203 6206 7310
f 6305 7311 6302
f 7311 7312 6302
f 6302 7312 6299
f 7312 7313 6299
f 6299 7313 6297
f 7313 7314 6297
f 6297 7314 6294
f 6340 350 6338
f 350 347 6338
f 6338 347 6335
f 347 344 6335
f 6335 344 6330
f 344 342 6330
f 6330 342 6326
f 342 337 6326
f 6326 337 6323
f 337 335 6323
f 6323 335 6320
f 335 332 6320
f 6320 332 6317
f 332 325 6317
f 6317 325 6312
f 325 324 6312
f 6312 324 6310
f 324 323 6310
f 6310 323 6305
f 323 7315 6305
f 6305 7315 7311
f 7314 7316 6294
f 7316 7317 6294
f 6294 7317 6292
f 7317 7318 6292
f 6292 7318 6289
f 7318 7319 6289
f 6289 7319 6286
f 7319 7320 6286
f 6286 7320 6284
f 6272 7321 6269
f 7321 7322 6269
f 6269 7322 6266
f 7322 7323 6266
f 6266 7323 6263
f 7323 7324 6263
f 7324 7325 6263
f 6263 7325 6260
f 7325 7326 6260
f 6260 7326 6257
f 7326 7327 6257
f 6257 7327 6254
f 7327 7328 6254
f 6254 7328 6251
f 7310 6206 7329
f 6206 6208 7329
f 7329 6208 7330
f 6208 6214 7330
f 7330 6214 7331
f 6214 6219 7331
f 7331 6219 7332
f 6219 6222 7332
f 7332 6222 7333
f 6222 6224 7333
f 7333 6224 7334
f 6224 6229 7334
f 7334 6229 7335
f 6229 6231 7335
f 7335 6231 7336
f 7320 7337 6284
f 7337 7338 6284
f 6284 7338 6281
f 7338 7339 6281
f 6281 7339 6278
f 7339 7340 6278
f 6278 7340 6275
f 7340 7341 6275
f 6275 7341 6272
f 7341 7342 6272
f 6272 7342 7321
f 7328 7343 6251
f 7343 7344 6251
f 6251 7344 6248
f 7344 7345 6248
f 6248 7345 6246
f 7345 7346 6246
f 6246 7346 6243
f 7346 7347 6243
f 6243 7347 6241
f 7347 7348 6241
f 7348 7349 6241
f 6241 7349 6239
f 7349 7350 6239
f 6239 7350 6236
f 7350 7351 6236
f 6236 7351 6231
f 7351 7352 6231
f 6231 7352 7336
f 6172 7353 6169
f 7353 7354 6169
f 6169 7354 6166
f 7354 7355 6166
f 6166 7355 6163
f 7355 7356 6163
f 6163 7356 6160
f 7356 7357 6160
f 6160 7357 6156
f 6361 7358 6358
f 7358 7359 6358
f 6358 7359 6355
f 7359 7360 6355
f 6355 7360 6353
f 7360 7361 6353
f 6353 7361 6350
f 7361 7362 6350
f 7362 7363 6350
f 6350 7363 6347
f 7363 7364 6347
f 6347 7364 6345
f 7364 7365 6345
f 6345 7365 6342
f 7365 7366 6342
f 6342 7366 6340
f 7366 359 6340
f 6340 359 350
f 7310 7367 6203
f 7367 7368 6203
f 6203 7368 6198
f 7368 7369 6198
f 6198 7369 6196
f 7369 7370 6196
f 6196 7370 6193
f 7370 7371 6193
f 6193 7371 6154
f 6183 7372 6177
f 7372 7373 6177
f 6177 7373 6175
f 7373 7374 6175
f 6175 7374 6172
f 7374 7375 6172
f 6172 7375 7353
f 7357 7376 6156
f 7376 7377 6156
f 6156 7377 6157
f 7377 7378 6157
f 6157 7378 6367
f 7378 7379 6367
f 6367 7379 6364
f 7379 7380 6364
f 6364 7380 6361
f 7380 7381 6361
f 6361 7381 7358
f 7371 7382 6154
f 7382 7383 6154
f 6154 7383 6188
f 7383 7384 6188
f 6188 7384 6179
f 7384 7385 6179
f 6179 7385 6181
f 7385 7386 6181
f 6181 7386 6183
f 7386 7387 6183
f 6183 7387 7372
f 79 76 7388
f 76 74 7388
f 7388 74 72
f 86 83 7388
f 83 81 7388
f 7388 81 79
f 92 90 7388
f 90 88 7388
f 7388 88 86
f 99 97 7388
f 97 95 7388
f 7388 95 92
f 106 104 7388
f 104 101 7388
f 7388 101 99
f 113 110 7388
f 110 108 7388
f 7388 108 106
f 120 117 7388
f 117 115 7388
f 7388 115 113
f 127 125 7388
f 125 123 7388
f 7388 123 120
f 136 133 7388
f 133 130 7388
f 7388 130 127
f 144 141 7388
f 141 139 7388
f 7388 139 136
f 151 149 7388
f 149 147 7388
f 7388 147 144
f 211 155 7388
f 155 157 7388
f 7388 157 151
f 216 214 7388
f 214 212 7388
f 7388 212 211
f 222 220 7388
f 220 218 7388
f 7388 218 216
f 7 5 7388
f 5 224 7388
f 7388 224 222
f 13 11 7388
f 11 9 7388
f 7388 9 7
f 20 18 7388
f 18 15 7388
f 7388 15 13
f 27 24 7388
f 24 22 7388
f 7388 22 20
f 34 31 7388
f 31 29 7388
f 7388 29 27
f 41 39 7388
f 39 37 7388
f 7388 37 34
f 50 47 7388
f 47 44 7388
f 7388 44 41
f 58 55 7388
f 55 53 7388
f 7388 53 50
f 65 63 7388
f 63 61 7388
f 7388 61 58
f 72 70 7388
f 70 68 7388
f 7388 68 65
f 6 7389 4
f 134 7390 7391
f 7365 355 7366
f 355 357 7366
f 7366 357 359
f 367 369 7365
f 369 353 7365
f 7365 353 355
f 7362 365 7363
f 365 367 7363
f 7363 367 7364
f 367 7365 7364
f 7360 375 7361
f 375 373 7361
f 7361 373 7362
f 373 362 7362
f 7362 362 365
f 389 391 7359
f 391 393 7359
f 7359 393 7360
f 393 376 7360
f 7360 376 375
f 389 7359 387
f 7359 7358 387
f 387 7358 385
f 7358 7381 385
f 7381 7380 385
f 385 7380 383
f 7378 396 7379
f 396 379 7379
f 7379 379 7380
f 379 381 7380
f 7380 381 383
f 7376 408 7377
f 408 399 7377
f 7377 399 7378
f 399 397 7378
f 7378 397 396
f 7357 404 7376
f 404 406 7376
f 7376 406 408
f 416 414 7355
f 414 412 7355
f 7355 412 7356
f 412 411 7356
f 7356 411 7357
f 411 402 7357
f 7357 402 404
f 7354 420 7355
f 420 418 7355
f 7355 418 416
f 7375 427 7353
f 427 425 7353
f 7353 425 7354
f 425 423 7354
f 7354 423 420
f 7374 430 7375
f 430 428 7375
f 7375 428 427
f 7372 436 7373
f 436 435 7373
f 7373 435 7374
f 435 432 7374
f 7374 432 430
f 7387 440 7372
f 440 438 7372
f 7372 438 436
f 7386 445 7387
f 445 442 7387
f 7387 442 440
f 452 450 7385
f 450 449 7385
f 7385 449 7386
f 449 447 7386
f 7386 447 445
f 452 7385 454
f 7385 7384 454
f 454 7384 321
f 321 7384 320
f 7384 7383 320
f 320 7383 457
f 7383 7382 457
f 457 7382 458
f 458 7382 460
f 7382 7371 460
f 460 7371 462
f 462 7371 464
f 7371 7370 464
f 464 7370 471
f 471 7370 473
f 7370 7369 473
f 473 7369 474
f 7369 7368 474
f 474 7368 468
f 468 7368 466
f 7368 7392 466
f 466 7392 475
f 475 7392 317
f 7392 7393 317
f 317 7393 478
f 7393 7394 478
f 7394 7395 478
f 478 7395 479
f 7395 7396 479
f 479 7396 481
f 7396 7397 481
f 481 7397 483
f 483 7397 486
f 7397 7398 486
f 486 7398 488
f 7398 7399 488
f 488 7399 490
f 7399 7400 490
f 490 7400 491
f 7400 7401 491
f 7401 7402 491
f 491 7402 493
f 7402 7403 493
f 493 7403 495
f 7403 7404 495
f 495 7404 497
f 497 7404 500
f 7404 7405 500
f 500 7405 502
f 7405 7406 502
f 7406 7407 502
f 502 7407 504
f 504 7407 505
f 7407 7408 505
f 505 7408 507
f 7408 7409 507
f 507 7409 515
f 7409 7410 515
f 515 7410 517
f 7410 7411 517
f 517 7411 519
f 7411 7412 519
f 519 7412 520
f 7412 7413 520
f 7413 7414 520
f 520 7414 510
f 7414 7415 510
f 510 7415 512
f 7415 7416 512
f 512 7416 527
f 527 7416 529
f 7416 7417 529
f 529 7417 530
f 7417 7418 530
f 7418 7419 530
f 530 7419 522
f 7419 7420 522
f 522 7420 524
f 7420 7421 524
f 524 7421 532
f 532 7421 534
f 7421 7422 534
f 534 7422 536
f 7422 7423 536
f 536 7423 538
f 7423 7424 538
f 538 7424 539
f 7424 7425 539
f 7425 7426 539
f 539 7426 541
f 7426 7427 541
f 541 7427 544
f 7427 7428 544
f 544 7428 546
f 546 7428 548
f 7428 7429 548
f 548 7429 550
f 7429 7430 550
f 7430 7431 550
f 550 7431 552
f 7431 7432 552
f 552 7432 553
f 7432 7433 553
f 553 7433 555
f 555 7433 562
f 7433 7434 562
f 562 7434 564
f 7434 7435 564
f 564 7435 566
f 7435 7436 566
f 566 7436 568
f 7436 7437 568
f 7437 7438 568
f 568 7438 570
f 7438 7439 570
f 570 7439 572
f 7439 7440 572
f 572 7440 574
f 574 7440 576
f 7440 7441 576
f 576 7441 577
f 7441 7442 577
f 7442 7443 577
f 577 7443 559
f 7443 7444 559
f 559 7444 557
f 7444 7445 557
f 557 7445 718
f 718 7445 716
f 7445 7446 716
f 716 7446 714
f 7446 7447 714
f 714 7447 712
f 7447 7448 712
f 712 7448 710
f 7448 7449 710
f 7449 7450 710
f 710 7450 708
f 708 7450 706
f 7450 7451 706
f 706 7451 704
f 7451 7452 704
f 704 7452 702
f 7452 7453 702
f 702 7453 700
f 7453 7454 700
f 7454 7455 700
f 700 7455 698
f 7455 7456 698
f 698 7456 696
f 7456 7457 696
f 696 7457 694
f 694 7457 692
f 7457 7458 692
f 692 7458 690
f 7458 7459 690
f 690 7459 688
f 7459 7460 688
f 688 7460 686
f 7460 7461 686
f 7461 7462 686
f 686 7462 684
f 7462 7463 684
f 684 7463 682
f 7463 7464 682
f 682 7464 680
f 680 7464 678
f 7464 7465 678
f 678 7465 676
f 7465 7466 676
f 7466 7467 676
f 676 7467 674
f 7467 7468 674
f 674 7468 672
f 7468 7469 672
f 672 7469 670
f 670 7469 668
f 7469 7470 668
f 668 7470 666
f 7470 7471 666
f 666 7471 664
f 7471 7472 664
f 664 7472 662
f 7472 7473 662
f 7473 7474 662
f 662 7474 660
f 660 7474 658
f 7474 7475 658
f 658 7475 656
f 7475 7476 656
f 656 7476 654
f 7476 7477 654
f 654 7477 652
f 7477 7478 652
f 7478 7479 652
f 652 7479 650
f 7479 7480 650
f 650 7480 648
f 7480 7481 648
f 648 7481 646
f 646 7481 644
f 7481 7482 644
f 644 7482 642
f 7482 7483 642
f 642 7483 640
f 7483 7484 640
f 640 7484 638
f 7484 7485 638
f 7485 7486 638
f 638 7486 636
f 636 7486 634
f 7486 7487 634
f 634 7487 632
f 7487 7488 632
f 632 7488 630
f 7488 7489 630
f 630 7489 628
f 7489 7490 628
f 7490 7491 628
f 628 7491 626
f 7491 7492 626
f 626 7492 624
f 7492 7493 624
f 624 7493 622
f 622 7493 620
f 7493 7494 620
f 620 7494 618
f 7494 7495 618
f 618 7495 616
f 7495 7496 616
f 616 7496 614
f 7496 7497 614
f 7497 7498 614
f 614 7498 612
f 612 7498 610
f 7498 7499 610
f 610 7499 608
f 7499 7500 608
f 608 7500 606
f 7500 7501 606
f 606 7501 604
f 7501 7502 604
f 7502 7503 604
f 604 7503 602
f 7503 7504 602
f 602 7504 600
f 7504 7505 600
f 600 7505 598
f 598 7505 596
f 7505 7506 596
f 596 7506 594
f 7506 7507 594
f 594 7507 592
f 7507 7508 592
f 592 7508 590
f 7508 7509 590
f 7509 7510 590
f 590 7510 588
f 588 7510 586
f 7510 7511 586
f 586 7511 584
f 7511 7512 584
f 584 7512 582
f 7512 7513 582
f 582 7513 580
f 7513 7514 580
f 7514 7515 580
f 580 7515 721
f 7515 7516 721
f 721 7516 722
f 7516 7517 722
f 722 7517 725
f 725 7517 727
f 7517 7518 727
f 727 7518 728
f 7518 7519 728
f 728 7519 730
f 7519 7520 730
f 730 7520 732
f 7520 7521 732
f 7521 7522 732
f 732 7522 735
f 735 7522 736
f 7522 7523 736
f 736 7523 739
f 7523 7524 739
f 739 7524 741
f 7524 7525 741
f 741 7525 743
f 7525 7526 743
f 7526 7527 743
f 743 7527 745
f 7527 7528 745
f 745 7528 746
f 7528 7529 746
f 746 7529 749
f 749 7529 750
f 7529 7530 750
f 750 7530 752
f 7530 7531 752
f 752 7531 754
f 7531 7532 754
f 754 7532 757
f 7532 7533 757
f 7533 7534 757
f 757 7534 758
f 758 7534 314
f 7534 7535 314
f 314 7535 762
f 7535 7536 762
f 762 7536 759
f 7536 7537 759
f 759 7537 764
f 7537 7538 764
f 7538 7539 764
f 764 7539 766
f 7539 7540 766
f 766 7540 768
f 7540 7541 768
f 768 7541 770
f 770 7541 772
f 7541 7542 772
f 772 7542 774
f 7542 7543 774
f 774 7543 776
f 7543 7544 776
f 776 7544 778
f 7544 7545 778
f 7545 7546 778
f 778 7546 780
f 780 7546 782
f 7546 7547 782
f 782 7547 784
f 7547 7548 784
f 784 7548 786
f 7548 7549 786
f 786 7549 788
f 7549 7550 788
f 7550 7551 788
f 788 7551 790
f 7551 7552 790
f 790 7552 792
f 7552 7553 792
f 792 7553 794
f 794 7553 796
f 7553 7554 796
f 796 7554 798
f 7554 7555 798
f 798 7555 800
f 7555 7556 800
f 800 7556 802
f 7556 7557 802
f 7557 7558 802
f 802 7558 804
f 804 7558 806
f 7558 7559 806
f 806 7559 808
f 7559 7560 808
f 808 7560 810
f 7560 7561 810
f 810 7561 812
f 7561 7562 812
f 7562 7563 812
f 812 7563 814
f 7563 7564 814
f 814 7564 816
f 7564 7565 816
f 816 7565 818
f 818 7565 820
f 7565 7566 820
f 820 7566 822
f 7566 7567 822
f 822 7567 824
f 7567 7568 824
f 824 7568 826
f 7568 7569 826
f 7569 7570 826
f 826 7570 828
f 828 7570 830
f 7570 7571 830
f 830 7571 832
f 7571 7572 832
f 832 7572 834
f 7572 7573 834
f 834 7573 836
f 7573 7574 836
f 7574 7575 836
f 836 7575 838
f 7575 7576 838
f 838 7576 840
f 7576 7577 840
f 840 7577 842
f 842 7577 844
f 7577 7578 844
f 844 7578 846
f 7578 7579 846
f 846 7579 848
f 7579 7580 848
f 848 7580 850
f 7580 7581 850
f 7581 7582 850
f 850 7582 852
f 852 7582 854
f 7582 7583 854
f 854 7583 856
f 7583 7584 856
f 856 7584 858
f 7584 7585 858
f 858 7585 860
f 7585 7586 860
f 7586 7587 860
f 860 7587 862
f 7587 7588 862
f 862 7588 864
f 7588 7589 864
f 864 7589 869
f 869 7589 866
f 7589 7590 866
f 866 7590 871
f 7590 7591 871
f 871 7591 873
f 7591 7592 873
f 873 7592 875
f 7592 7593 875
f 7593 7594 875
f 875 7594 877
f 877 7594 878
f 7594 7595 878
f 878 7595 881
f 7595 7596 881
f 881 7596 882
f 7596 7597 882
f 882 7597 884
f 7597 7598 884
f 7598 7599 884
f 884 7599 887
f 7599 7600 887
f 887 7600 888
f 7600 7601 888
f 888 7601 890
f 890 7601 892
f 7601 7602 892
f 892 7602 894
f 7602 7603 894
f 7603 7604 894
f 894 7604 896
f 7604 7605 896
f 896 7605 898
f 7605 7606 898
f 898 7606 900
f 900 7606 902
f 7606 7607 902
f 902 7607 904
f 7607 7608 904
f 7608 7609 904
f 904 7609 906
f 7609 7610 906
f 906 7610 908
f 7610 7611 908
f 908 7611 910
f 910 7611 912
f 7611 7612 912
f 912 7612 914
f 7612 7613 914
f 914 7613 916
f 7613 7614 916
f 916 7614 918
f 7614 7615 918
f 7615 7616 918
f 918 7616 920
f 920 7616 922
f 7616 7617 922
f 922 7617 924
f 7617 7618 924
f 924 7618 926
f 7618 7619 926
f 926 7619 928
f 7619 7620 928
f 7620 7621 928
f 928 7621 930
f 7621 7622 930
f 930 7622 932
f 7622 7623 932
f 932 7623 934
f 934 7623 936
f 7623 7624 936
f 936 7624 938
f 7624 7625 938
f 938 7625 940
f 7625 7626 940
f 940 7626 942
f 7626 7627 942
f 7627 7628 942
f 942 7628 944
f 944 7628 946
f 7628 7629 946
f 946 7629 948
f 7629 7630 948
f 948 7630 950
f 7630 7631 950
f 950 7631 952
f 7631 7632 952
f 7632 7633 952
f 952 7633 954
f 7633 7634 954
f 954 7634 956
f 7634 7635 956
f 956 7635 958
f 958 7635 960
f 7635 7636 960
f 960 7636 962
f 7636 7637 962
f 962 7637 964
f 7637 7638 964
f 964 7638 966
f 7638 7639 966
f 7639 7640 966
f 966 7640 968
f 968 7640 970
f 7640 7641 970
f 970 7641 972
f 7641 7642 972
f 972 7642 974
f 7642 7643 974
f 974 7643 976
f 7643 7644 976
f 7644 7645 976
f 976 7645 978
f 7645 7646 978
f 978 7646 980
f 7646 7647 980
f 980 7647 982
f 982 7647 984
f 7647 7648 984
f 984 7648 986
f 7648 7649 986
f 986 7649 988
f 7649 7650 988
f 988 7650 990
f 7650 7651 990
f 7651 7652 990
f 990 7652 992
f 992 7652 994
f 7652 7653 994
f 994 7653 996
f 7653 7654 996
f 996 7654 998
f 7654 7655 998
f 998 7655 1000
f 7655 7656 1000
f 7656 7657 1000
f 1000 7657 1002
f 7657 7658 1002
f 1002 7658 1004
f 7658 7659 1004
f 1004 7659 1006
f 1006 7659 1008
f 7659 7660 1008
f 1008 7660 1010
f 7660 7661 1010
f 1010 7661 1012
f 7661 7662 1012
f 1012 7662 1014
f 7662 7663 1014
f 7663 7664 1014
f 1014 7664 1016
f 1016 7664 1018
f 7664 7665 1018
f 1018 7665 1020
f 7665 7666 1020
f 1020 7666 1023
f 7666 7667 1023
f 1023 7667 1024
f 7667 7668 1024
f 7668 7669 1024
f 1024 7669 1026
f 7669 7670 1026
f 1026 7670 1028
f 7670 7671 1028
f 1028 7671 1030
f 1030 7671 1032
f 7671 7672 1032
f 1032 7672 1038
f 7672 7673 1038
f 1038 7673 1040
f 7673 7674 1040
f 1040 7674 1041
f 7674 7675 1041
f 7675 7676 1041
f 1041 7676 1034
f 1034 7676 1047
f 7676 7677 1047
f 1047 7677 1046
f 7677 7678 1046
f 1046 7678 1044
f 7678 7679 1044
f 1044 7679 1048
f 7679 7680 1048
f 7680 7681 1048
f 1048 7681 1049
f 7681 7682 1049
f 1049 7682 1051
f 7682 7683 1051
f 1051 7683 1053
f 1053 7683 1055
f 7683 7684 1055
f 1055 7684 1058
f 7684 7685 1058
f 1058 7685 1060
f 7685 7686 1060
f 1060 7686 1061
f 7686 7687 1061
f 7687 7688 1061
f 1061 7688 1063
f 1063 7688 1066
f 7688 7689 1066
f 1066 7689 1068
f 7689 7690 1068
f 1068 7690 1070
f 7690 7691 1070
f 1070 7691 1071
f 7691 7692 1071
f 7692 7693 1071
f 1071 7693 1073
f 7693 7694 1073
f 1073 7694 1075
f 7694 7695 1075
f 1075 7695 1077
f 1077 7695 1080
f 7695 7696 1080
f 1080 7696 1078
f 7696 7697 1078
f 1078 7697 311
f 7697 7698 311
f 311 7698 1092
f 7698 7699 1092
f 7699 7700 1092
f 1092 7700 1091
f 1091 7700 1089
f 7700 7701 1089
f 1089 7701 1087
f 7701 7702 1087
f 1087 7702 1085
f 7702 7703 1085
f 1085 7703 1093
f 7703 7704 1093
f 7704 7705 1093
f 1093 7705 1094
f 7705 7706 1094
f 1094 7706 1096
f 7706 7707 1096
f 1096 7707 1098
f 1098 7707 1100
f 7707 7708 1100
f 1100 7708 1108
f 7708 7709 1108
f 1108 7709 1110
f 7709 7710 1110
f 1110 7710 1111
f 7710 7711 1111
f 7711 7712 1111
f 1111 7712 1103
f 1103 7712 1105
f 7712 7713 1105
f 1105 7713 1113
f 7713 7714 1113
f 1113 7714 1115
f 7714 7715 1115
f 1115 7715 1117
f 7715 7716 1117
f 7716 7717 1117
f 1117 7717 1119
f 7717 7718 1119
f 1119 7718 1121
f 7718 7719 1121
f 1121 7719 1123
f 1123 7719 1125
f 7719 7720 1125
f 1125 7720 1127
f 7720 7721 1127
f 1127 7721 1129
f 7721 7722 1129
f 1129 7722 1131
f 7722 7723 1131
f 7723 7724 1131
f 1131 7724 1133
f 1133 7724 1135
f 7724 7725 1135
f 1135 7725 1137
f 7725 7726 1137
f 1137 7726 1139
f 7726 7727 1139
f 1139 7727 1141
f 7727 7728 1141
f 7728 7729 1141
f 1141 7729 1143
f 7729 7730 1143
f 1143 7730 1145
f 7730 7731 1145
f 1145 7731 1147
f 1147 7731 1149
f 7731 7732 1149
f 1149 7732 1151
f 7732 7733 1151
f 1151 7733 1153
f 7733 7734 1153
f 1153 7734 1155
f 7734 7735 1155
f 7735 7736 1155
f 1155 7736 1157
f 1157 7736 1159
f 7736 7737 1159
f 1159 7737 1161
f 7737 7738 1161
f 1161 7738 1163
f 7738 7739 1163
f 1163 7739 1165
f 7739 7740 1165
f 7740 7741 1165
f 1165 7741 1167
f 7741 7742 1167
f 1167 7742 1169
f 7742 7743 1169
f 1169 7743 1171
f 1171 7743 1173
f 7743 7744 1173
f 1173 7744 1175
f 7744 7745 1175
f 1175 7745 1177
f 7745 7746 1177
f 1177 7746 1179
f 7746 7747 1179
f 7747 7748 1179
f 1179 7748 1181
f 1181 7748 1183
f 7748 7749 1183
f 1183 7749 1185
f 7749 7750 1185
f 1185 7750 1187
f 7750 7751 1187
f 1187 7751 1189
f 7751 7752 1189
f 7752 7753 1189
f 1189 7753 1191
f 7753 7754 1191
f 1191 7754 1193
f 7754 7755 1193
f 1193 7755 1195
f 1195 7755 1197
f 7755 7756 1197
f 1197 7756 1199
f 7756 7757 1199
f 1199 7757 1201
f 7757 7758 1201
f 1201 7758 1203
f 7758 7759 1203
f 7759 7760 1203
f 1203 7760 1205
f 1205 7760 1207
f 7760 7761 1207
f 1207 7761 1209
f 7761 7762 1209
f 1209 7762 1211
f 7762 7763 1211
f 1211 7763 1213
f 7763 7764 1213
f 7764 7765 1213
f 1213 7765 1215
f 7765 7766 1215
f 1215 7766 1217
f 7766 7767 1217
f 1217 7767 1222
f 1222 7767 1219
f 7767 7768 1219
f 1219 7768 1224
f 7768 7769 1224
f 7769 7770 1224
f 1224 7770 1226
f 1226 7770 1227
f 7770 7771 1227
f 1227 7771 1230
f 7771 7772 1230
f 1230 7772 1232
f 7772 7773 1232
f 1232 7773 1234
f 7773 7774 1234
f 1234 7774 1236
f 7774 7775 1236
f 1236 7775 1237
f 7775 7776 1237
f 7776 7777 1237
f 1237 7777 1240
f 7777 7778 1240
f 1240 7778 1241
f 7778 7779 1241
f 1241 7779 1244
f 1244 7779 1245
f 7779 7780 1245
f 1245 7780 308
f 7780 7781 308
f 308 7781 1247
f 7781 7782 1247
f 1247 7782 1248
f 7782 7783 1248
f 7783 7784 1248
f 1248 7784 305
f 305 7784 304
f 7784 7785 304
f 304 7785 1253
f 7785 7786 1253
f 1253 7786 1250
f 7786 7787 1250
f 1250 7787 1255
f 7787 7788 1255
f 7788 7789 1255
f 1255 7789 1256
f 7789 7790 1256
f 1256 7790 301
f 7790 7791 301
f 301 7791 1260
f 1260 7791 1257
f 7791 7792 1257
f 1257 7792 1262
f 7792 7793 1262
f 7793 7794 1262
f 1262 7794 1264
f 7794 7795 1264
f 1264 7795 1265
f 7795 7796 1265
f 1265 7796 1268
f 1268 7796 1269
f 7796 7797 1269
f 1269 7797 1272
f 7797 7798 1272
f 1272 7798 1273
f 7798 7799 1273
f 1273 7799 1275
f 7799 7800 1275
f 7800 7801 1275
f 1275 7801 1278
f 7801 7802 1278
f 1278 7802 1279
f 7802 7803 1279
f 1279 7803 1282
f 1282 7803 1284
f 7803 7804 1284
f 1284 7804 1285
f 7804 7805 1285
f 7805 7806 1285
f 1285 7806 1288
f 1288 7806 1289
f 7806 7807 1289
f 1289 7807 1292
f 7807 7808 1292
f 1292 7808 1293
f 7808 7809 1293
f 1293 7809 1296
f 7809 7810 1296
f 1296 7810 1298
f 7810 7811 1298
f 1298 7811 1299
f 7811 7812 1299
f 7812 7813 1299
f 1299 7813 298
f 7813 7814 298
f 298 7814 297
f 7814 7815 297
f 297 7815 1305
f 1305 7815 1303
f 7815 7816 1303
f 1303 7816 1306
f 7816 7817 1306
f 7817 7818 1306
f 1306 7818 1307
f 1307 7818 1309
f 7818 7819 1309
f 1309 7819 1314
f 7819 7820 1314
f 1314 7820 1311
f 7820 7821 1311
f 1311 7821 1316
f 7821 7822 1316
f 7822 7823 1316
f 1316 7823 1317
f 7823 7824 1317
f 1317 7824 294
f 7824 7825 294
f 294 7825 1321
f 1321 7825 1318
f 7825 7826 1318
f 1318 7826 1323
f 7826 7827 1323
f 7827 7828 1323
f 1323 7828 1325
f 7828 7829 1325
f 1325 7829 1326
f 7829 7830 1326
f 1326 7830 1329
f 1329 7830 1331
f 7830 7831 1331
f 1331 7831 1333
f 7831 7832 1333
f 1333 7832 1335
f 7832 7833 1335
f 1335 7833 1336
f 7833 7834 1336
f 7834 7835 1336
f 1336 7835 1339
f 7835 7836 1339
f 1339 7836 1340
f 7836 7837 1340
f 1340 7837 1343
f 1343 7837 1344
f 7837 7838 1344
f 1344 7838 291
f 7838 7839 291
f 291 7839 1346
f 7839 7840 1346
f 1346 7840 1347
f 7840 7841 1347
f 7841 7842 1347
f 1347 7842 288
f 288 7842 287
f 7842 7843 287
f 287 7843 1352
f 7843 7844 1352
f 1352 7844 1349
f 7844 7845 1349
f 1349 7845 1354
f 7845 7846 1354
f 7846 7847 1354
f 1354 7847 1355
f 7847 7848 1355
f 1355 7848 284
f 7848 7849 284
f 284 7849 1359
f 1359 7849 1356
f 7849 7850 1356
f 1356 7850 1361
f 7850 7851 1361
f 7851 7852 1361
f 1361 7852 1363
f 7852 7853 1363
f 1363 7853 1364
f 7853 7854 1364
f 1364 7854 1367
f 1367 7854 1368
f 7854 7855 1368
f 1368 7855 1371
f 7855 7856 1371
f 1371 7856 1372
f 7856 7857 1372
f 1372 7857 1374
f 7857 7858 1374
f 7858 7859 1374
f 1374 7859 1377
f 7859 7860 1377
f 1377 7860 1378
f 7860 7861 1378
f 1378 7861 1381
f 1381 7861 1383
f 7861 7862 1383
f 1383 7862 1384
f 7862 7863 1384
f 7863 7864 1384
f 1384 7864 1387
f 7864 7865 1387
f 1387 7865 1388
f 7865 7866 1388
f 1388 7866 1391
f 1391 7866 1393
f 7866 7867 1393
f 1393 7867 1395
f 7867 7868 1395
f 1395 7868 1397
f 7868 7869 1397
f 1397 7869 1398
f 7869 7870 1398
f 7870 7871 1398
f 1398 7871 1400
f 7871 7872 1400
f 1400 7872 1408
f 7872 7873 1408
f 1408 7873 1410
f 1410 7873 1412
f 7873 7874 1412
f 1412 7874 1413
f 7874 7875 1413
f 7875 7876 1413
f 1413 7876 1403
f 7876 7877 1403
f 1403 7877 1405
f 7877 7878 1405
f 1405 7878 1420
f 1420 7878 1422
f 7878 7879 1422
f 1422 7879 1424
f 7879 7880 1424
f 1424 7880 1426
f 7880 7881 1426
f 1426 7881 1427
f 7881 7882 1427
f 7882 7883 1427
f 1427 7883 1415
f 7883 7884 1415
f 1415 7884 1417
f 7884 7885 1417
f 1417 7885 1429
f 1429 7885 1431
f 7885 7886 1431
f 1431 7886 1433
f 7886 7887 1433
f 7887 7888 1433
f 1433 7888 1435
f 7888 7889 1435
f 1435 7889 1436
f 7889 7890 1436
f 1436 7890 1438
f 1438 7890 1441
f 7890 7891 1441
f 1441 7891 1443
f 7891 7892 1443
f 1443 7892 1445
f 7892 7893 1445
f 1445 7893 1446
f 7893 7894 1446
f 7894 7895 1446
f 1446 7895 1448
f 7895 7896 1448
f 1448 7896 1451
f 7896 7897 1451
f 1451 7897 1453
f 1453 7897 1455
f 7897 7898 1455
f 1455 7898 1457
f 7898 7899 1457
f 7899 7900 1457
f 1457 7900 1458
f 1458 7900 281
f 7900 7901 281
f 281 7901 1465
f 7901 7902 1465
f 1465 7902 1467
f 7902 7903 1467
f 1467 7903 1469
f 7903 7904 1469
f 1469 7904 1471
f 7904 7905 1471
f 1471 7905 1472
f 7905 7906 1472
f 7906 7907 1472
f 1472 7907 1460
f 7907 7908 1460
f 1460 7908 1462
f 7908 7909 1462
f 1462 7909 1479
f 1479 7909 1481
f 7909 7910 1481
f 1481 7910 1482
f 7910 7911 1482
f 7911 7912 1482
f 1482 7912 1474
f 7912 7913 1474
f 1474 7913 1476
f 7913 7914 1476
f 1476 7914 1484
f 1484 7914 1486
f 7914 7915 1486
f 1486 7915 1488
f 7915 7916 1488
f 1488 7916 1490
f 7916 7917 1490
f 1490 7917 1491
f 7917 7918 1491
f 7918 7919 1491
f 1491 7919 1493
f 1493 7919 1496
f 7919 7920 1496
f 1496 7920 1498
f 7920 7921 1498
f 1498 7921 1500
f 7921 7922 1500
f 1500 7922 1502
f 7922 7923 1502
f 7923 7924 1502
f 1502 7924 1504
f 7924 7925 1504
f 1504 7925 1505
f 7925 7926 1505
f 1505 7926 1507
f 1507 7926 1515
f 7926 7927 1515
f 1515 7927 1517
f 7927 7928 1517
f 1517 7928 1519
f 7928 7929 1519
f 1519 7929 1520
f 7929 7930 1520
f 7930 7931 1520
f 1520 7931 1510
f 7931 7932 1510
f 1510 7932 1512
f 7932 7933 1512
f 1512 7933 1527
f 1527 7933 1529
f 7933 7934 1529
f 1529 7934 1530
f 7934 7935 1530
f 7935 7936 1530
f 1530 7936 1522
f 7936 7937 1522
f 1522 7937 1524
f 7937 7938 1524
f 1524 7938 1537
f 1537 7938 1539
f 7938 7939 1539
f 1539 7939 1541
f 7939 7940 1541
f 1541 7940 1543
f 7940 7941 1543
f 1543 7941 1544
f 7941 7942 1544
f 7942 7943 1544
f 1544 7943 1532
f 1532 7943 1534
f 7943 7944 1534
f 1534 7944 1546
f 7944 7945 1546
f 1546 7945 1548
f 7945 7946 1548
f 1548 7946 1550
f 7946 7947 1550
f 7947 7948 1550
f 1550 7948 1552
f 7948 7949 1552
f 1552 7949 1553
f 7949 7950 1553
f 1553 7950 1555
f 1555 7950 1558
f 7950 7951 1558
f 1558 7951 1560
f 7951 7952 1560
f 1560 7952 1562
f 7952 7953 1562
f 1562 7953 1563
f 7953 7954 1563
f 7954 7955 1563
f 1563 7955 1565
f 1565 7955 1568
f 7955 7956 1568
f 1568 7956 1566
f 7956 7957 1566
f 1566 7957 278
f 7957 7958 278
f 278 7958 1578
f 7958 7959 1578
f 7959 7960 1578
f 1578 7960 1577
f 7960 7961 1577
f 1577 7961 1575
f 7961 7962 1575
f 1575 7962 1573
f 1573 7962 1571
f 7962 7963 1571
f 1571 7963 1586
f 7963 7964 1586
f 7964 7965 1586
f 1586 7965 1584
f 7965 7966 1584
f 1584 7966 1582
f 1582 7966 1579
f 7966 7967 1579
f 1579 7967 1590
f 7967 7968 1590
f 1590 7968 1592
f 7968 7969 1592
f 1592 7969 1594
f 7969 7970 1594
f 7970 7971 1594
f 1594 7971 1595
f 7971 7972 1595
f 1595 7972 1597
f 7972 7973 1597
f 1597 7973 1599
f 1599 7973 1602
f 7973 7974 1602
f 1602 7974 1604
f 7974 7975 1604
f 7975 7976 1604
f 1604 7976 1606
f 1606 7976 1607
f 7976 7977 1607
f 1607 7977 1609
f 7977 7978 1609
f 1609 7978 1617
f 7978 7979 1617
f 1617 7979 1619
f 7979 7980 1619
f 1619 7980 1621
f 7980 7981 1621
f 1621 7981 1623
f 7981 7982 1623
f 7982 7983 1623
f 1623 7983 1625
f 7983 7984 1625
f 1625 7984 1627
f 7984 7985 1627
f 1627 7985 1629
f 1629 7985 1631
f 7985 7986 1631
f 1631 7986 1633
f 7986 7987 1633
f 1633 7987 1635
f 7987 7988 1635
f 1635 7988 1637
f 7988 7989 1637
f 7989 7990 1637
f 1637 7990 1639
f 1639 7990 1641
f 7990 7991 1641
f 1641 7991 1643
f 7991 7992 1643
f 1643 7992 1645
f 7992 7993 1645
f 1645 7993 1646
f 7993 7994 1646
f 7994 7995 1646
f 1646 7995 1612
f 7995 7996 1612
f 1612 7996 1614
f 7996 7997 1614
f 1614 7997 1648
f 1648 7997 1650
f 7997 7998 1650
f 1650 7998 1652
f 7998 7999 1652
f 7999 8000 1652
f 1652 8000 1653
f 8000 8001 1653
f 1653 8001 1655
f 8001 8002 1655
f 1655 8002 1657
f 1657 8002 1660
f 8002 8003 1660
f 1660 8003 1662
f 8003 8004 1662
f 1662 8004 1664
f 8004 8005 1664
f 1664 8005 1665
f 8005 8006 1665
f 8006 8007 1665
f 1665 8007 1667
f 8007 8008 1667
f 1667 8008 1670
f 8008 8009 1670
f 1670 8009 1672
f 1672 8009 1674
f 8009 8010 1674
f 1674 8010 1676
f 8010 8011 1676
f 1676 8011 1678
f 8011 8012 1678
f 1678 8012 1679
f 8012 8013 1679
f 8013 8014 1679
f 1679 8014 1681
f 1681 8014 1689
f 8014 8015 1689
f 1689 8015 1691
f 8015 8016 1691
f 1691 8016 1693
f 8016 8017 1693
f 1693 8017 1694
f 8017 8018 1694
f 8018 8019 1694
f 1694 8019 1684
f 8019 8020 1684
f 1684 8020 1686
f 8020 8021 1686
f 1686 8021 1701
f 1701 8021 1703
f 8021 8022 1703
f 1703 8022 1704
f 8022 8023 1704
f 8023 8024 1704
f 1704 8024 1696
f 8024 8025 1696
f 1696 8025 1698
f 8025 8026 1698
f 1698 8026 1706
f 1706 8026 1708
f 8026 8027 1708
f 1708 8027 1710
f 8027 8028 1710
f 1710 8028 1712
f 8028 8029 1712
f 1712 8029 1713
f 8029 8030 1713
f 8030 8031 1713
f 1713 8031 1715
f 8031 8032 1715
f 1715 8032 1718
f 8032 8033 1718
f 1718 8033 1720
f 1720 8033 1722
f 8033 8034 1722
f 1722 8034 1725
f 8034 8035 1725
f 8035 8036 1725
f 1725 8036 1727
f 1727 8036 1728
f 8036 8037 1728
f 1728 8037 1730
f 8037 8038 1730
f 1730 8038 1733
f 8038 8039 1733
f 1733 8039 1735
f 8039 8040 1735
f 1735 8040 1737
f 8040 8041 1737
f 1737 8041 1738
f 8041 8042 1738
f 8042 8043 1738
f 1738 8043 1740
f 8043 8044 1740
f 1740 8044 1742
f 8044 8045 1742
f 1742 8045 1752
f 1752 8045 1750
f 8045 8046 1750
f 1750 8046 1743
f 8046 8047 1743
f 8047 8048 1743
f 1743 8048 1744
f 1744 8048 1746
f 8048 8049 1746
f 1746 8049 1755
f 8049 8050 1755
f 1755 8050 275
f 8050 8051 275
f 275 8051 1759
f 8051 8052 1759
f 1759 8052 1756
f 8052 8053 1756
f 1756 8053 1761
f 8053 8054 1761
f 8054 8055 1761
f 1761 8055 1763
f 8055 8056 1763
f 1763 8056 1764
f 8056 8057 1764
f 1764 8057 1767
f 1767 8057 1768
f 8057 8058 1768
f 1768 8058 1770
f 8058 8059 1770
f 8059 8060 1770
f 1770 8060 1773
f 8060 8061 1773
f 1773 8061 1774
f 8061 8062 1774
f 1774 8062 1777
f 1777 8062 1779
f 8062 8063 1779
f 1779 8063 1781
f 8063 8064 1781
f 1781 8064 1783
f 8064 8065 1783
f 1783 8065 1784
f 8065 8066 1784
f 8066 8067 1784
f 1784 8067 1786
f 1786 8067 1788
f 8067 8068 1788
f 1788 8068 1790
f 8068 8069 1790
f 8069 8070 1790
f 1790 8070 1792
f 8070 8071 1792
f 1792 8071 1794
f 8071 8072 1794
f 1794 8072 1796
f 1796 8072 1798
f 8072 8073 1798
f 1798 8073 1800
f 8073 8074 1800
f 1800 8074 1802
f 8074 8075 1802
f 1802 8075 1804
f 8075 8076 1804
f 8076 8077 1804
f 1804 8077 1806
f 1806 8077 1808
f 8077 8078 1808
f 1808 8078 1810
f 8078 8079 1810
f 1810 8079 1812
f 8079 8080 1812
f 1812 8080 1814
f 8080 8081 1814
f 8081 8082 1814
f 1814 8082 1816
f 8082 8083 1816
f 1816 8083 1818
f 8083 8084 1818
f 1818 8084 1819
f 8084 8085 1819
f 1819 8085 1821
f 1821 8085 1823
f 8085 8086 1823
f 1823 8086 1825
f 8086 8087 1825
f 1825 8087 1827
f 8087 8088 1827
f 1827 8088 1829
f 8088 8089 1829
f 8089 8090 1829
f 1829 8090 1831
f 8090 8091 1831
f 1831 8091 1833
f 8091 8092 1833
f 1833 8092 1835
f 1835 8092 1837
f 8092 8093 1837
f 1837 8093 1839
f 8093 8094 1839
f 1839 8094 1841
f 8094 8095 1841
f 1841 8095 1843
f 8095 8096 1843
f 8096 8097 1843
f 1843 8097 1845
f 1845 8097 1847
f 8097 8098 1847
f 1847 8098 1849
f 8098 8099 1849
f 1849 8099 1851
f 8099 8100 1851
f 1851 8100 1853
f 8100 8101 1853
f 8101 8102 1853
f 1853 8102 1855
f 8102 8103 1855
f 1855 8103 1857
f 8103 8104 1857
f 1857 8104 1859
f 1859 8104 1861
f 8104 8105 1861
f 1861 8105 1863
f 8105 8106 1863
f 8106 8107 1863
f 1863 8107 1865
f 1865 8107 1867
f 8107 8108 1867
f 1867 8108 1869
f 8108 8109 1869
f 1869 8109 1871
f 8109 8110 1871
f 1871 8110 1873
f 8110 8111 1873
f 1873 8111 1875
f 8111 8112 1875
f 1875 8112 1877
f 8112 8113 1877
f 8113 8114 1877
f 1877 8114 1879
f 8114 8115 1879
f 1879 8115 1881
f 8115 8116 1881
f 1881 8116 1883
f 1883 8116 1885
f 8116 8117 1885
f 1885 8117 1887
f 8117 8118 1887
f 8118 8119 1887
f 1887 8119 1889
f 8119 8120 1889
f 1889 8120 1891
f 8120 8121 1891
f 1891 8121 1893
f 1893 8121 1895
f 8121 8122 1895
f 1895 8122 1897
f 8122 8123 1897
f 1897 8123 1899
f 8123 8124 1899
f 1899 8124 1901
f 8124 8125 1901
f 8125 8126 1901
f 1901 8126 1903
f 8126 8127 1903
f 1903 8127 1905
f 8127 8128 1905
f 1905 8128 1907
f 1907 8128 1909
f 8128 8129 1909
f 1909 8129 1911
f 8129 8130 1911
f 8130 8131 1911
f 1911 8131 1913
f 8131 8132 1913
f 1913 8132 1915
f 8132 8133 1915
f 1915 8133 1917
f 1917 8133 1919
f 8133 8134 1919
f 1919 8134 1922
f 8134 8135 1922
f 1922 8135 1924
f 8135 8136 1924
f 1924 8136 1926
f 8136 8137 1926
f 8137 8138 1926
f 1926 8138 1928
f 8138 8139 1928
f 1928 8139 1930
f 8139 8140 1930
f 1930 8140 1932
f 1932 8140 1934
f 8140 8141 1934
f 1934 8141 1936
f 8141 8142 1936
f 8142 8143 1936
f 1936 8143 1938
f 8143 8144 1938
f 1938 8144 1940
f 8144 8145 1940
f 1940 8145 1942
f 1942 8145 1944
f 8145 8146 1944
f 1944 8146 1946
f 8146 8147 1946
f 1946 8147 1948
f 8147 8148 1948
f 1948 8148 1950
f 8148 8149 1950
f 8149 8150 1950
f 1950 8150 1952
f 1952 8150 1954
f 8150 8151 1954
f 1954 8151 1956
f 8151 8152 1956
f 1956 8152 1958
f 8152 8153 1958
f 1958 8153 1960
f 8153 8154 1960
f 8154 8155 1960
f 1960 8155 1962
f 8155 8156 1962
f 1962 8156 1964
f 8156 8157 1964
f 1964 8157 1966
f 1966 8157 1968
f 8157 8158 1968
f 1968 8158 1970
f 8158 8159 1970
f 1970 8159 1972
f 8159 8160 1972
f 1972 8160 1974
f 8160 8161 1974
f 8161 8162 1974
f 1974 8162 1976
f 1976 8162 1978
f 8162 8163 1978
f 1978 8163 1980
f 8163 8164 1980
f 1980 8164 1982
f 8164 8165 1982
f 1982 8165 1984
f 8165 8166 1984
f 8166 8167 1984
f 1984 8167 1986
f 8167 8168 1986
f 1986 8168 1988
f 8168 8169 1988
f 1988 8169 1990
f 1990 8169 1992
f 8169 8170 1992
f 1992 8170 1994
f 8170 8171 1994
f 1994 8171 1996
f 8171 8172 1996
f 1996 8172 1998
f 8172 8173 1998
f 8173 8174 1998
f 1998 8174 2000
f 2000 8174 2002
f 8174 8175 2002
f 2002 8175 2004
f 8175 8176 2004
f 2004 8176 2006
f 8176 8177 2006
f 2006 8177 2008
f 8177 8178 2008
f 8178 8179 2008
f 2008 8179 2016
f 8179 8180 2016
f 2016 8180 2018
f 8180 8181 2018
f 2018 8181 2020
f 2020 8181 2022
f 8181 8182 2022
f 2022 8182 2024
f 8182 8183 2024
f 8183 8184 2024
f 2024 8184 2026
f 8184 8185 2026
f 2026 8185 2028
f 8185 8186 2028
f 2028 8186 2030
f 2030 8186 2032
f 8186 8187 2032
f 2032 8187 2034
f 8187 8188 2034
f 2034 8188 2036
f 8188 8189 2036
f 2036 8189 2038
f 8189 8190 2038
f 8190 8191 2038
f 2038 8191 2040
f 8191 8192 2040
f 2040 8192 2042
f 8192 8193 2042
f 2042 8193 2044
f 2044 8193 2046
f 8193 8194 2046
f 2046 8194 2047
f 8194 8195 2047
f 8195 8196 2047
f 2047 8196 2011
f 8196 8197 2011
f 2011 8197 2013
f 8197 8198 2013
f 2013 8198 2054
f 2054 8198 2056
f 8198 8199 2056
f 2056 8199 2058
f 8199 8200 2058
f 2058 8200 2060
f 8200 8201 2060
f 2060 8201 2062
f 8201 8202 2062
f 8202 8203 2062
f 2062 8203 2064
f 8203 8204 2064
f 2064 8204 2066
f 8204 8205 2066
f 2066 8205 2068
f 2068 8205 2070
f 8205 8206 2070
f 2070 8206 2072
f 8206 8207 2072
f 8207 8208 2072
f 2072 8208 2074
f 8208 8209 2074
f 2074 8209 2076
f 8209 8210 2076
f 2076 8210 2078
f 2078 8210 2080
f 8210 8211 2080
f 2080 8211 2082
f 8211 8212 2082
f 2082 8212 2084
f 8212 8213 2084
f 2084 8213 2086
f 8213 8214 2086
f 8214 8215 2086
f 2086 8215 2088
f 2088 8215 2090
f 8215 8216 2090
f 2090 8216 2092
f 8216 8217 2092
f 2092 8217 2094
f 8217 8218 2094
f 2094 8218 2096
f 8218 8219 2096
f 8219 8220 2096
f 2096 8220 2098
f 8220 8221 2098
f 2098 8221 2100
f 8221 8222 2100
f 2100 8222 2102
f 2102 8222 2104
f 8222 8223 2104
f 2104 8223 2106
f 8223 8224 2106
f 2106 8224 2108
f 8224 8225 2108
f 2108 8225 2110
f 8225 8226 2110
f 8226 8227 2110
f 2110 8227 2112
f 2112 8227 2114
f 8227 8228 2114
f 2114 8228 2116
f 8228 8229 2116
f 2116 8229 2118
f 8229 8230 2118
f 2118 8230 2120
f 8230 8231 2120
f 8231 8232 2120
f 2120 8232 2122
f 8232 8233 2122
f 2122 8233 2124
f 8233 8234 2124
f 2124 8234 2126
f 2126 8234 2128
f 8234 8235 2128
f 2128 8235 2130
f 8235 8236 2130
f 8236 8237 2130
f 2130 8237 2132
f 8237 8238 2132
f 2132 8238 2134
f 8238 8239 2134
f 2134 8239 2136
f 2136 8239 2138
f 8239 8240 2138
f 2138 8240 2140
f 8240 8241 2140
f 2140 8241 2142
f 8241 8242 2142
f 2142 8242 2144
f 8242 8243 2144
f 8243 8244 2144
f 2144 8244 2146
f 8244 8245 2146
f 2146 8245 2148
f 8245 8246 2148
f 2148 8246 2150
f 2150 8246 2152
f 8246 8247 2152
f 2152 8247 2153
f 8247 8248 2153
f 8248 8249 2153
f 2153 8249 2049
f 8249 8250 2049
f 2049 8250 2051
f 8250 8251 2051
f 2051 8251 2160
f 2160 8251 2162
f 8251 8252 2162
f 2162 8252 2164
f 8252 8253 2164
f 2164 8253 2166
f 8253 8254 2166
f 2166 8254 2168
f 8254 8255 2168
f 8255 8256 2168
f 2168 8256 2170
f 2170 8256 2172
f 8256 8257 2172
f 2172 8257 2174
f 8257 8258 2174
f 2174 8258 2176
f 8258 8259 2176
f 2176 8259 2177
f 8259 8260 2177
f 8260 8261 2177
f 2177 8261 2155
f 8261 8262 2155
f 2155 8262 2157
f 8262 8263 2157
f 2157 8263 2179
f 2179 8263 2181
f 8263 8264 2181
f 2181 8264 2184
f 8264 8265 2184
f 2184 8265 2186
f 8265 8266 2186
f 2186 8266 2187
f 8266 8267 2187
f 8267 8268 2187
f 2187 8268 2189
f 2189 8268 2192
f 8268 8269 2192
f 2192 8269 2194
f 8269 8270 2194
f 2194 8270 2196
f 8270 8271 2196
f 2196 8271 2197
f 8271 8272 2197
f 8272 8273 2197
f 2197 8273 2199
f 8273 8274 2199
f 2199 8274 2201
f 8274 8275 2201
f 2201 8275 2203
f 2203 8275 2407
f 8275 8276 2407
f 2407 8276 2405
f 8276 8277 2405
f 2405 8277 2403
f 8277 8278 2403
f 2403 8278 2401
f 8278 8279 2401
f 8279 8280 2401
f 2401 8280 2399
f 2399 8280 2397
f 8280 8281 2397
f 2397 8281 2395
f 8281 8282 2395
f 2395 8282 2393
f 8282 8283 2393
f 2393 8283 2391
f 8283 8284 2391
f 8284 8285 2391
f 2391 8285 2389
f 8285 8286 2389
f 2389 8286 2387
f 8286 8287 2387
f 2387 8287 2385
f 2385 8287 2383
f 8287 8288 2383
f 2383 8288 2381
f 8288 8289 2381
f 8289 8290 2381
f 2381 8290 2379
f 8290 8291 2379
f 2379 8291 2377
f 8291 8292 2377
f 2377 8292 2375
f 2375 8292 2373
f 8292 8293 2373
f 2373 8293 2371
f 8293 8294 2371
f 2371 8294 2369
f 8294 8295 2369
f 2369 8295 2367
f 8295 8296 2367
f 8296 8297 2367
f 2367 8297 2365
f 2365 8297 2363
f 8297 8298 2363
f 2363 8298 2361
f 8298 8299 2361
f 2361 8299 2359
f 8299 8300 2359
f 2359 8300 2357
f 8300 8301 2357
f 8301 8302 2357
f 2357 8302 2355
f 8302 8303 2355
f 2355 8303 2353
f 8303 8304 2353
f 2353 8304 2351
f 2351 8304 2349
f 8304 8305 2349
f 2349 8305 2347
f 8305 8306 2347
f 2347 8306 2345
f 8306 8307 2345
f 2345 8307 2343
f 8307 8308 2343
f 8308 8309 2343
f 2343 8309 2341
f 2341 8309 2339
f 8309 8310 2339
f 2339 8310 2337
f 8310 8311 2337
f 2337 8311 2335
f 8311 8312 2335
f 2335 8312 2333
f 8312 8313 2333
f 8313 8314 2333
f 2333 8314 2331
f 8314 8315 2331
f 2331 8315 2329
f 8315 8316 2329
f 2329 8316 2327
f 2327 8316 2325
f 8316 8317 2325
f 2325 8317 2323
f 8317 8318 2323
f 2323 8318 2321
f 8318 8319 2321
f 2321 8319 2319
f 8319 8320 2319
f 8320 8321 2319
f 2319 8321 2317
f 2317 8321 2315
f 8321 8322 2315
f 2315 8322 2313
f 8322 8323 2313
f 2313 8323 2311
f 8323 8324 2311
f 2311 8324 2309
f 8324 8325 2309
f 8325 8326 2309
f 2309 8326 2307
f 8326 8327 2307
f 2307 8327 2305
f 8327 8328 2305
f 2305 8328 2303
f 2303 8328 2301
f 8328 8329 2301
f 2301 8329 2299
f 8329 8330 2299
f 2299 8330 2297
f 8330 8331 2297
f 2297 8331 2295
f 8331 8332 2295
f 8332 8333 2295
f 2295 8333 2293
f 2293 8333 2291
f 8333 8334 2291
f 2291 8334 2289
f 8334 8335 2289
f 2289 8335 2287
f 8335 8336 2287
f 2287 8336 2285
f 8336 8337 2285
f 8337 8338 2285
f 2285 8338 2283
f 8338 8339 2283
f 2283 8339 2281
f 8339 8340 2281
f 2281 8340 2279
f 2279 8340 2277
f 8340 8341 2277
f 2277 8341 2275
f 8341 8342 2275
f 2275 8342 2273
f 8342 8343 2273
f 2273 8343 2271
f 8343 8344 2271
f 8344 8345 2271
f 2271 8345 2269
f 2269 8345 2267
f 8345 8346 2267
f 2267 8346 2265
f 8346 8347 2265
f 2265 8347 2263
f 8347 8348 2263
f 2263 8348 2261
f 8348 8349 2261
f 8349 8350 2261
f 2261 8350 2259
f 8350 8351 2259
f 2259 8351 2257
f 8351 8352 2257
f 2257 8352 2255
f 2255 8352 2253
f 8352 8353 2253
f 2253 8353 2251
f 8353 8354 2251
f 2251 8354 2249
f 8354 8355 2249
f 2249 8355 2247
f 8355 8356 2247
f 8356 8357 2247
f 2247 8357 2245
f 2245 8357 2243
f 8357 8358 2243
f 2243 8358 2241
f 8358 8359 2241
f 2241 8359 2239
f 8359 8360 2239
f 2239 8360 2237
f 8360 8361 2237
f 8361 8362 2237
f 2237 8362 2235
f 8362 8363 2235
f 2235 8363 2233
f 8363 8364 2233
f 2233 8364 2231
f 2231 8364 2229
f 8364 8365 2229
f 2229 8365 2227
f 8365 8366 2227
f 2227 8366 2225
f 8366 8367 2225
f 2225 8367 2223
f 8367 8368 2223
f 8368 8369 2223
f 2223 8369 2221
f 2221 8369 2219
f 8369 8370 2219
f 2219 8370 2217
f 8370 8371 2217
f 2217 8371 2215
f 8371 8372 2215
f 2215 8372 2213
f 8372 8373 2213
f 8373 8374 2213
f 2213 8374 2211
f 8374 8375 2211
f 2211 8375 2209
f 8375 8376 2209
f 2209 8376 2207
f 2207 8376 2204
f 8376 8377 2204
f 2204 8377 2411
f 8377 8378 2411
f 8378 8379 2411
f 2411 8379 2413
f 8379 8380 2413
f 2413 8380 2414
f 8380 8381 2414
f 2414 8381 2416
f 2416 8381 2419
f 8381 8382 2419
f 2419 8382 2421
f 8382 8383 2421
f 2421 8383 2423
f 8383 8384 2423
f 2423 8384 2424
f 8384 8385 2424
f 8385 8386 2424
f 2424 8386 2426
f 8386 8387 2426
f 2426 8387 2441
f 8387 8388 2441
f 8389 2432 8390
f 2432 2435 8390
f 8390 2435 8391
f 2435 2437 8391
f 8391 2437 8388
f 2437 2439 8388
f 8388 2439 2441
f 8389 8392 2432
f 8392 8393 2432
f 2432 8393 2430
f 2430 8393 2427
f 8393 8394 2427
f 2427 8394 2445
f 8394 8395 2445
f 2445 8395 2447
f 8395 8396 2447
f 2447 8396 2449
f 8396 8397 2449
f 8397 8398 2449
f 2449 8398 2450
f 2450 8398 2452
f 8398 8399 2452
f 2452 8399 2454
f 8399 8400 2454
f 2454 8400 2456
f 8400 8401 2456
f 2456 8401 2458
f 8401 8402 2458
f 8402 8403 2458
f 2458 8403 2460
f 2460 8403 2462
f 8403 8404 2462
f 2462 8404 2464
f 8404 8405 2464
f 2464 8405 2466
f 8405 8406 2466
f 2466 8406 2468
f 8406 8407 2468
f 8407 8408 2468
f 2468 8408 2470
f 8408 8409 2470
f 2470 8409 2472
f 8409 8410 2472
f 2472 8410 2474
f 2474 8410 2476
f 8410 8411 2476
f 2476 8411 2478
f 8411 8412 2478
f 2478 8412 2480
f 8412 8413 2480
f 2480 8413 2482
f 8413 8414 2482
f 8414 8415 2482
f 2482 8415 2484
f 2484 8415 2486
f 8415 8416 2486
f 2486 8416 2488
f 8416 8417 2488
f 2488 8417 2490
f 8417 8418 2490
f 2490 8418 2492
f 8418 8419 2492
f 8419 8420 2492
f 2492 8420 2494
f 8420 8421 2494
f 2494 8421 2496
f 8421 8422 2496
f 2496 8422 2498
f 2498 8422 2500
f 8422 8423 2500
f 2500 8423 2502
f 8423 8424 2502
f 2502 8424 2504
f 8424 8425 2504
f 2504 8425 2506
f 8425 8426 2506
f 8426 8427 2506
f 2506 8427 2508
f 2508 8427 2510
f 8427 8428 2510
f 2510 8428 2512
f 8428 8429 2512
f 2512 8429 2514
f 8429 8430 2514
f 2514 8430 2516
f 8430 8431 2516
f 8431 8432 2516
f 2516 8432 2518
f 8432 8433 2518
f 2518 8433 2520
f 8433 8434 2520
f 2520 8434 2522
f 2522 8434 2524
f 8434 8435 2524
f 2524 8435 2526
f 8435 8436 2526
f 2526 8436 2528
f 8436 8437 2528
f 2528 8437 2530
f 8437 8438 2530
f 8438 8439 2530
f 2530 8439 2532
f 2532 8439 2534
f 8439 8440 2534
f 2534 8440 2536
f 8440 8441 2536
f 8441 8442 2536
f 2536 8442 2538
f 2538 8442 2540
f 8442 8443 2540
f 2540 8443 2542
f 8443 8444 2542
f 2542 8444 2544
f 8444 8445 2544
f 2544 8445 2545
f 8445 8446 2545
f 8446 8447 2545
f 2545 8447 2547
f 8447 8448 2547
f 2547 8448 2550
f 8448 8449 2550
f 2550 8449 2548
f 2548 8449 272
f 8449 8450 272
f 272 8450 2553
f 8450 8451 2553
f 8451 8452 2553
f 2553 8452 2554
f 8452 8453 2554
f 2554 8453 2556
f 8453 8454 2556
f 2556 8454 2558
f 2558 8454 2560
f 8454 8455 2560
f 2560 8455 2568
f 8455 8456 2568
f 2568 8456 2570
f 8456 8457 2570
f 2570 8457 2571
f 8457 8458 2571
f 8458 8459 2571
f 2571 8459 2563
f 8459 8460 2563
f 2563 8460 2565
f 8460 8461 2565
f 2565 8461 2573
f 2573 8461 2575
f 8461 8462 2575
f 2575 8462 2577
f 8462 8463 2577
f 8463 8464 2577
f 2577 8464 2578
f 8464 8465 2578
f 2578 8465 2580
f 8465 8466 2580
f 2580 8466 2582
f 2582 8466 2585
f 8466 8467 2585
f 2585 8467 2587
f 8467 8468 2587
f 2587 8468 2589
f 8468 8469 2589
f 2589 8469 2590
f 8469 8470 2590
f 8470 8471 2590
f 2590 8471 2592
f 8471 8472 2592
f 2592 8472 2595
f 8472 8473 2595
f 2595 8473 2597
f 2597 8473 2599
f 8473 8474 2599
f 2599 8474 2601
f 8474 8475 2601
f 8475 8476 2601
f 2601 8476 2603
f 8476 8477 2603
f 2603 8477 2604
f 8477 8478 2604
f 2604 8478 2606
f 2606 8478 2614
f 8478 8479 2614
f 2614 8479 2616
f 8479 8480 2616
f 2616 8480 2618
f 8480 8481 2618
f 2618 8481 2619
f 8481 8482 2619
f 8482 8483 2619
f 2619 8483 2609
f 8483 8484 2609
f 2609 8484 2611
f 8484 8485 2611
f 2611 8485 2626
f 2626 8485 2628
f 8485 8486 2628
f 2628 8486 2629
f 8486 8487 2629
f 8487 8488 2629
f 2629 8488 2621
f 8488 8489 2621
f 2621 8489 2623
f 8489 8490 2623
f 2623 8490 2631
f 2631 8490 2633
f 8490 8491 2633
f 2633 8491 2635
f 8491 8492 2635
f 2635 8492 2637
f 8492 8493 2637
f 2637 8493 2638
f 8493 8494 2638
f 8494 8495 2638
f 2638 8495 2640
f 2640 8495 2643
f 8495 8496 2643
f 2643 8496 2645
f 8496 8497 2645
f 2645 8497 2647
f 8497 8498 2647
f 2647 8498 2648
f 8498 8499 2648
f 8499 8500 2648
f 2648 8500 2650
f 8500 8501 2650
f 2650 8501 2652
f 8501 8502 2652
f 2652 8502 2654
f 2654 8502 2657
f 8502 8503 2657
f 2657 8503 2659
f 8503 8504 2659
f 2659 8504 2661
f 8504 8505 2661
f 2661 8505 2662
f 8505 8506 2662
f 8506 8507 2662
f 2662 8507 2664
f 2664 8507 2672
f 8507 8508 2672
f 2672 8508 2674
f 8508 8509 2674
f 2674 8509 2676
f 8509 8510 2676
f 2676 8510 2677
f 8510 8511 2677
f 8511 8512 2677
f 2677 8512 2667
f 8512 8513 2667
f 2667 8513 2669
f 8513 8514 2669
f 2669 8514 2684
f 2684 8514 2686
f 8514 8515 2686
f 2686 8515 2688
f 8515 8516 2688
f 2688 8516 2690
f 8516 8517 2690
f 2690 8517 2691
f 8517 8518 2691
f 8518 8519 2691
f 2691 8519 2679
f 2679 8519 2681
f 8519 8520 2681
f 2681 8520 2693
f 8520 8521 2693
f 2693 8521 2695
f 8521 8522 2695
f 2695 8522 2696
f 8522 8523 2696
f 8523 8524 2696
f 2696 8524 2698
f 8524 8525 2698
f 2698 8525 2700
f 8525 8526 2700
f 2700 8526 2702
f 2702 8526 2705
f 8526 8527 2705
f 2705 8527 2707
f 8527 8528 2707
f 2707 8528 2709
f 8528 8529 2709
f 2709 8529 2710
f 8529 8530 2710
f 8530 8531 2710
f 2710 8531 2712
f 2712 8531 2715
f 8531 8532 2715
f 2715 8532 2717
f 8532 8533 2717
f 2717 8533 2719
f 8533 8534 2719
f 2719 8534 2720
f 8534 8535 2720
f 8535 8536 2720
f 2720 8536 2722
f 8536 8537 2722
f 2722 8537 2724
f 8537 8538 2724
f 2724 8538 2732
f 2732 8538 2734
f 8538 8539 2734
f 2734 8539 2736
f 8539 8540 2736
f 2736 8540 2738
f 8540 8541 2738
f 2738 8541 2739
f 8541 8542 2739
f 8542 8543 2739
f 2739 8543 2727
f 2727 8543 2729
f 8543 8544 2729
f 2729 8544 2741
f 8544 8545 2741
f 2741 8545 2743
f 8545 8546 2743
f 2743 8546 2749
f 8546 8547 2749
f 8547 8548 2749
f 2749 8548 2750
f 8548 8549 2750
f 2750 8549 2748
f 8549 8550 2748
f 2748 8550 2747
f 2747 8550 2753
f 8550 8551 2753
f 2753 8551 2754
f 8551 8552 2754
f 8552 8553 2754
f 2754 8553 2756
f 8553 8554 2756
f 2756 8554 2758
f 8554 8555 2758
f 2758 8555 2760
f 2760 8555 2763
f 8555 8556 2763
f 2763 8556 2765
f 8556 8557 2765
f 2765 8557 2767
f 8557 8558 2767
f 2767 8558 2768
f 8558 8559 2768
f 8559 8560 2768
f 2768 8560 2770
f 2770 8560 2773
f 8560 8561 2773
f 2773 8561 2775
f 8561 8562 2775
f 2775 8562 2777
f 8562 8563 2777
f 2777 8563 2779
f 8563 8564 2779
f 8564 8565 2779
f 2779 8565 2780
f 8565 8566 2780
f 2780 8566 269
f 8566 8567 269
f 269 8567 2782
f 2782 8567 2784
f 8567 8568 2784
f 2784 8568 2786
f 8568 8569 2786
f 2786 8569 2788
f 8569 8570 2788
f 2788 8570 2790
f 8570 8571 2790
f 8571 8572 2790
f 2790 8572 2792
f 2792 8572 2794
f 8572 8573 2794
f 2794 8573 2796
f 8573 8574 2796
f 2796 8574 2798
f 8574 8575 2798
f 2798 8575 2800
f 8575 8576 2800
f 8576 8577 2800
f 2800 8577 2802
f 8577 8578 2802
f 2802 8578 2804
f 8578 8579 2804
f 2804 8579 2806
f 2806 8579 2808
f 8579 8580 2808
f 2808 8580 2810
f 8580 8581 2810
f 2810 8581 2812
f 8581 8582 2812
f 2812 8582 2814
f 8582 8583 2814
f 8583 8584 2814
f 2814 8584 2816
f 2816 8584 2818
f 8584 8585 2818
f 2818 8585 2820
f 8585 8586 2820
f 2820 8586 2822
f 8586 8587 2822
f 2822 8587 2824
f 8587 8588 2824
f 8588 8589 2824
f 2824 8589 2826
f 8589 8590 2826
f 2826 8590 2828
f 8590 8591 2828
f 2828 8591 2830
f 2830 8591 2832
f 8591 8592 2832
f 2832 8592 2834
f 8592 8593 2834
f 2834 8593 2836
f 8593 8594 2836
f 2836 8594 2838
f 8594 8595 2838
f 8595 8596 2838
f 2838 8596 2840
f 2840 8596 2842
f 8596 8597 2842
f 2842 8597 2844
f 8597 8598 2844
f 2844 8598 2846
f 8598 8599 2846
f 2846 8599 2848
f 8599 8600 2848
f 8600 8601 2848
f 2848 8601 2850
f 8601 8602 2850
f 2850 8602 2852
f 8602 8603 2852
f 2852 8603 2854
f 2854 8603 2856
f 8603 8604 2856
f 2856 8604 2858
f 8604 8605 2858
f 2858 8605 2860
f 8605 8606 2860
f 2860 8606 2862
f 8606 8607 2862
f 8607 8608 2862
f 2862 8608 2864
f 2864 8608 2866
f 8608 8609 2866
f 2866 8609 2868
f 8609 8610 2868
f 2868 8610 2870
f 8610 8611 2870
f 2870 8611 2872
f 8611 8612 2872
f 8612 8613 2872
f 2872 8613 2874
f 8613 8614 2874
f 2874 8614 2876
f 8614 8615 2876
f 2876 8615 2878
f 2878 8615 2880
f 8615 8616 2880
f 2880 8616 2882
f 8616 8617 2882
f 8617 8618 2882
f 2882 8618 2884
f 2884 8618 2886
f 8618 8619 2886
f 2886 8619 2888
f 8619 8620 2888
f 2888 8620 2890
f 8620 8621 2890
f 2890 8621 2892
f 8621 8622 2892
f 2892 8622 2894
f 8622 8623 2894
f 2894 8623 2896
f 8623 8624 2896
f 8624 8625 2896
f 2896 8625 2898
f 8625 8626 2898
f 2898 8626 2900
f 8626 8627 2900
f 2900 8627 2902
f 2902 8627 2904
f 8627 8628 2904
f 2904 8628 2906
f 8628 8629 2906
f 8629 8630 2906
f 2906 8630 2908
f 8630 8631 2908
f 2908 8631 2910
f 8631 8632 2910
f 2910 8632 2912
f 2912 8632 2914
f 8632 8633 2914
f 2914 8633 2916
f 8633 8634 2916
f 2916 8634 2918
f 8634 8635 2918
f 2918 8635 2920
f 8635 8636 2920
f 8636 8637 2920
f 2920 8637 2922
f 2922 8637 2924
f 8637 8638 2924
f 2924 8638 2926
f 8638 8639 2926
f 2926 8639 2928
f 8639 8640 2928
f 2928 8640 2930
f 8640 8641 2930
f 8641 8642 2930
f 2930 8642 2932
f 8642 8643 2932
f 2932 8643 2934
f 8643 8644 2934
f 2934 8644 2936
f 2936 8644 2938
f 8644 8645 2938
f 2938 8645 2940
f 8645 8646 2940
f 2940 8646 2942
f 8646 8647 2942
f 2942 8647 2944
f 8647 8648 2944
f 8648 8649 2944
f 2944 8649 2946
f 2946 8649 2948
f 8649 8650 2948
f 2948 8650 2950
f 8650 8651 2950
f 2950 8651 2952
f 8651 8652 2952
f 2952 8652 2954
f 8652 8653 2954
f 8653 8654 2954
f 2954 8654 2956
f 8654 8655 2956
f 2956 8655 2958
f 8655 8656 2958
f 2958 8656 2960
f 2960 8656 2962
f 8656 8657 2962
f 2962 8657 2964
f 8657 8658 2964
f 8658 8659 2964
f 2964 8659 2965
f 2965 8659 2967
f 8659 8660 2967
f 2967 8660 2975
f 8660 8661 2975
f 2975 8661 2977
f 8661 8662 2977
f 2977 8662 2978
f 8662 8663 2978
f 8663 8664 2978
f 2978 8664 2970
f 2970 8664 2972
f 8664 8665 2972
f 2972 8665 2980
f 8665 8666 2980
f 2980 8666 2982
f 8666 8667 2982
f 2982 8667 2983
f 8667 8668 2983
f 8668 8669 2983
f 2983 8669 2985
f 8669 8670 2985
f 2985 8670 2987
f 8670 8671 2987
f 2987 8671 2990
f 2990 8671 2993
f 8671 8672 2993
f 2993 8672 2995
f 8672 8673 2995
f 2995 8673 2997
f 8673 8674 2997
f 2997 8674 2998
f 8674 8675 2998
f 8675 8676 2998
f 2998 8676 3000
f 3000 8676 3003
f 8676 8677 3003
f 3003 8677 3005
f 8677 8678 3005
f 3005 8678 3007
f 8678 8679 3007
f 3007 8679 3008
f 8679 8680 3008
f 8680 8681 3008
f 3008 8681 3010
f 8681 8682 3010
f 3010 8682 3012
f 8682 8683 3012
f 3012 8683 3014
f 3014 8683 3016
f 8683 8684 3016
f 3016 8684 3024
f 8684 8685 3024
f 3024 8685 3026
f 8685 8686 3026
f 3026 8686 3027
f 8686 8687 3027
f 8687 8688 3027
f 3027 8688 3019
f 3019 8688 3021
f 8688 8689 3021
f 3021 8689 3029
f 8689 8690 3029
f 3029 8690 3031
f 8690 8691 3031
f 3031 8691 3033
f 8691 8692 3033
f 8692 8693 3033
f 3033 8693 3034
f 8693 8694 3034
f 3034 8694 3036
f 8694 8695 3036
f 3036 8695 3038
f 3038 8695 3040
f 8695 8696 3040
f 3040 8696 3043
f 8696 8697 3043
f 3043 8697 3045
f 8697 8698 3045
f 3045 8698 3046
f 8698 8699 3046
f 8699 8700 3046
f 3046 8700 3048
f 3048 8700 3054
f 8700 8701 3054
f 3054 8701 3056
f 8701 8702 3056
f 3056 8702 3058
f 8702 8703 3058
f 3058 8703 3060
f 8703 8704 3060
f 8704 8705 3060
f 3060 8705 3062
f 8705 8706 3062
f 3062 8706 3064
f 8706 8707 3064
f 3064 8707 3066
f 3066 8707 3068
f 8707 8708 3068
f 3068 8708 3070
f 8708 8709 3070
f 3070 8709 3072
f 8709 8710 3072
f 3072 8710 3074
f 8710 8711 3074
f 8711 8712 3074
f 3074 8712 3076
f 3076 8712 3078
f 8712 8713 3078
f 3078 8713 3080
f 8713 8714 3080
f 3080 8714 3082
f 8714 8715 3082
f 3082 8715 3084
f 8715 8716 3084
f 8716 8717 3084
f 3084 8717 3085
f 3085 8717 3050
f 8717 8718 3050
f 3050 8718 3087
f 8718 8719 3087
f 3087 8719 3089
f 8719 8720 3089
f 3089 8720 3091
f 8720 8721 3091
f 8721 8722 3091
f 3091 8722 3093
f 3093 8722 3094
f 8722 8723 3094
f 3094 8723 3097
f 8723 8724 3097
f 3097 8724 3098
f 8724 8725 3098
f 3098 8725 3100
f 8725 8726 3100
f 8726 8727 3100
f 3100 8727 3103
f 8727 8728 3103
f 3103 8728 3104
f 8728 8729 3104
f 3104 8729 3106
f 3106 8729 3109
f 8729 8730 3109
f 3109 8730 3111
f 8730 8731 3111
f 3111 8731 3113
f 8731 8732 3113
f 3113 8732 3114
f 8732 8733 3114
f 8733 8734 3114
f 3114 8734 3116
f 3116 8734 3118
f 8734 8735 3118
f 3118 8735 3120
f 8735 8736 3120
f 3120 8736 3123
f 8736 8737 3123
f 3123 8737 3124
f 8737 8738 3124
f 8738 8739 3124
f 3124 8739 3126
f 8739 8740 3126
f 3126 8740 3128
f 8740 8741 3128
f 3128 8741 3130
f 3130 8741 3132
f 8741 8742 3132
f 3132 8742 3135
f 8742 8743 3135
f 3135 8743 3137
f 8743 8744 3137
f 3137 8744 3148
f 8744 8745 3148
f 8745 8746 3148
f 3148 8746 3147
f 3147 8746 3145
f 8746 8747 3145
f 3145 8747 3143
f 8747 8748 3143
f 3143 8748 3141
f 8748 8749 3141
f 3141 8749 3156
f 8749 8750 3156
f 8750 8751 3156
f 3156 8751 3155
f 8751 8752 3155
f 3155 8752 3153
f 8752 8753 3153
f 3153 8753 3151
f 3151 8753 3149
f 8753 8754 3149
f 3149 8754 3188
f 8754 8755 3188
f 3188 8755 3186
f 8755 8756 3186
f 3186 8756 3184
f 8756 8757 3184
f 8757 8758 3184
f 3184 8758 3182
f 3182 8758 3180
f 8758 8759 3180
f 3180 8759 3178
f 8759 8760 3178
f 3178 8760 3176
f 8760 8761 3176
f 3176 8761 3174
f 8761 8762 3174
f 8762 8763 3174
f 3174 8763 3172
f 8763 8764 3172
f 3172 8764 3170
f 8764 8765 3170
f 3170 8765 3168
f 3168 8765 3166
f 8765 8766 3166
f 3166 8766 3164
f 8766 8767 3164
f 3164 8767 3162
f 8767 8768 3162
f 3162 8768 3160
f 8768 8769 3160
f 8769 8770 3160
f 3160 8770 3159
f 3159 8770 3195
f 8770 8771 3195
f 3195 8771 3197
f 8771 8772 3197
f 3197 8772 3199
f 8772 8773 3199
f 3199 8773 3201
f 8773 8774 3201
f 8774 8775 3201
f 3201 8775 3203
f 8775 8776 3203
f 3203 8776 3205
f 8776 8777 3205
f 3205 8777 3207
f 3207 8777 3209
f 8777 8778 3209
f 3209 8778 3211
f 8778 8779 3211
f 3211 8779 3213
f 8779 8780 3213
f 3213 8780 3215
f 8780 8781 3215
f 8781 8782 3215
f 3215 8782 3217
f 3217 8782 3219
f 8782 8783 3219
f 3219 8783 3221
f 8783 8784 3221
f 3221 8784 3223
f 8784 8785 3223
f 3223 8785 3225
f 8785 8786 3225
f 8786 8787 3225
f 3225 8787 3227
f 8787 8788 3227
f 3227 8788 3229
f 8788 8789 3229
f 3229 8789 3231
f 3231 8789 3233
f 8789 8790 3233
f 3233 8790 3235
f 8790 8791 3235
f 3235 8791 3237
f 8791 8792 3237
f 3237 8792 3239
f 8792 8793 3239
f 8793 8794 3239
f 3239 8794 3241
f 3241 8794 3243
f 8794 8795 3243
f 3243 8795 3245
f 8795 8796 3245
f 3245 8796 3247
f 8796 8797 3247
f 3247 8797 3249
f 8797 8798 3249
f 8798 8799 3249
f 3249 8799 3251
f 8799 8800 3251
f 3251 8800 3253
f 8800 8801 3253
f 3253 8801 3255
f 3255 8801 3257
f 8801 8802 3257
f 3257 8802 3259
f 8802 8803 3259
f 8803 8804 3259
f 3259 8804 3260
f 3260 8804 3191
f 8804 8805 3191
f 3191 8805 3262
f 8805 8806 3262
f 3262 8806 3264
f 8806 8807 3264
f 3264 8807 3266
f 8807 8808 3266
f 8808 8809 3266
f 3266 8809 3268
f 3268 8809 3269
f 8809 8810 3269
f 3269 8810 3272
f 8810 8811 3272
f 3272 8811 3273
f 8811 8812 3273
f 3273 8812 3275
f 8812 8813 3275
f 8813 8814 3275
f 3275 8814 3278
f 8814 8815 3278
f 3278 8815 3279
f 8815 8816 3279
f 3279 8816 3281
f 3281 8816 3284
f 8816 8817 3284
f 3284 8817 3286
f 8817 8818 3286
f 3286 8818 3288
f 8818 8819 3288
f 3288 8819 3289
f 8819 8820 3289
f 8820 8821 3289
f 3289 8821 3291
f 3291 8821 3293
f 8821 8822 3293
f 3293 8822 3295
f 8822 8823 3295
f 3295 8823 3298
f 8823 8824 3298
f 3298 8824 3299
f 8824 8825 3299
f 8825 8826 3299
f 3299 8826 3301
f 8826 8827 3301
f 3301 8827 3303
f 8827 8828 3303
f 3303 8828 3305
f 3305 8828 3307
f 8828 8829 3307
f 3307 8829 3310
f 8829 8830 3310
f 3310 8830 3312
f 8830 8831 3312
f 3312 8831 3323
f 8831 8832 3323
f 8832 8833 3323
f 3323 8833 3322
f 3322 8833 3320
f 8833 8834 3320
f 3320 8834 3318
f 8834 8835 3318
f 3318 8835 3316
f 8835 8836 3316
f 3316 8836 3324
f 8836 8837 3324
f 8837 8838 3324
f 3324 8838 3325
f 8838 8839 3325
f 3325 8839 3327
f 8839 8840 3327
f 3327 8840 3329
f 3329 8840 3331
f 8840 8841 3331
f 3331 8841 3334
f 8841 8842 3334
f 3334 8842 3336
f 8842 8843 3336
f 3336 8843 3337
f 8843 8844 3337
f 8844 8845 3337
f 3337 8845 3339
f 3339 8845 3342
f 8845 8846 3342
f 3342 8846 3344
f 8846 8847 3344
f 3344 8847 3346
f 8847 8848 3346
f 3346 8848 3347
f 8848 8849 3347
f 8849 8850 3347
f 3347 8850 3349
f 8850 8851 3349
f 3349 8851 3351
f 8851 8852 3351
f 3351 8852 3353
f 3353 8852 3361
f 8852 8853 3361
f 3361 8853 3363
f 8853 8854 3363
f 3363 8854 3365
f 8854 8855 3365
f 3365 8855 3366
f 8855 8856 3366
f 8856 8857 3366
f 3366 8857 3356
f 3356 8857 3358
f 8857 8858 3358
f 3358 8858 3368
f 8858 8859 3368
f 3368 8859 3370
f 8859 8860 3370
f 3370 8860 3372
f 8860 8861 3372
f 8861 8862 3372
f 3372 8862 3373
f 3373 8862 3375
f 8862 8863 3375
f 3375 8863 3377
f 8863 8864 3377
f 3377 8864 3379
f 8864 8865 3379
f 3379 8865 3381
f 8865 8866 3381
f 8866 8867 3381
f 3381 8867 3383
f 3383 8867 3385
f 8867 8868 3385
f 3385 8868 3387
f 8868 8869 3387
f 3387 8869 3389
f 8869 8870 3389
f 3389 8870 3392
f 8870 8871 3392
f 8871 8872 3392
f 3392 8872 3394
f 8872 8873 3394
f 3394 8873 3395
f 8873 8874 3395
f 3395 8874 3397
f 3397 8874 3400
f 8874 8875 3400
f 3400 8875 3402
f 8875 8876 3402
f 3402 8876 3404
f 8876 8877 3404
f 3404 8877 3405
f 8877 8878 3405
f 8878 8879 3405
f 3405 8879 3407
f 3407 8879 3410
f 8879 8880 3410
f 3410 8880 3412
f 8880 8881 3412
f 3412 8881 3414
f 8881 8882 3414
f 3414 8882 3416
f 8882 8883 3416
f 8883 8884 3416
f 3416 8884 3418
f 8884 8885 3418
f 3418 8885 3419
f 8885 8886 3419
f 3419 8886 3423
f 3423 8886 3420
f 8886 8887 3420
f 3420 8887 3431
f 8887 8888 3431
f 3431 8888 3433
f 8888 8889 3433
f 3433 8889 3434
f 8889 8890 3434
f 8890 8891 3434
f 3434 8891 3428
f 3428 8891 3426
f 8891 8892 3426
f 3426 8892 3435
f 8892 8893 3435
f 3435 8893 266
f 8893 8894 266
f 266 8894 3438
f 8894 8895 3438
f 8895 8896 3438
f 3438 8896 3439
f 8896 8897 3439
f 3439 8897 3441
f 8897 8898 3441
f 3441 8898 3443
f 3443 8898 3445
f 8898 8899 3445
f 3445 8899 3448
f 8899 8900 3448
f 3448 8900 3450
f 8900 8901 3450
f 3450 8901 3451
f 8901 8902 3451
f 8902 8903 3451
f 3451 8903 3453
f 3453 8903 3455
f 8903 8904 3455
f 3455 8904 3457
f 8904 8905 3457
f 3457 8905 3459
f 8905 8906 3459
f 3459 8906 3460
f 8906 8907 3460
f 8907 8908 3460
f 3460 8908 3462
f 8908 8909 3462
f 3462 8909 3464
f 8909 8910 3464
f 3464 8910 3466
f 3466 8910 3469
f 8910 8911 3469
f 3469 8911 3467
f 8911 8912 3467
f 3467 8912 263
f 8912 8913 263
f 263 8913 3481
f 8913 8914 3481
f 8914 8915 3481
f 3481 8915 3480
f 3480 8915 3478
f 8915 8916 3478
f 3478 8916 3476
f 8916 8917 3476
f 3476 8917 3474
f 8917 8918 3474
f 3474 8918 3482
f 8918 8919 3482
f 8919 8920 3482
f 3482 8920 3483
f 8920 8921 3483
f 3483 8921 3485
f 8921 8922 3485
f 3485 8922 3487
f 3487 8922 3489
f 8922 8923 3489
f 3489 8923 3497
f 8923 8924 3497
f 3497 8924 3499
f 8924 8925 3499
f 3499 8925 3500
f 8925 8926 3500
f 8926 8927 3500
f 3500 8927 3492
f 3492 8927 3494
f 8927 8928 3494
f 3494 8928 3502
f 8928 8929 3502
f 3502 8929 3504
f 8929 8930 3504
f 3504 8930 3505
f 8930 8931 3505
f 8931 8932 3505
f 3505 8932 3507
f 8932 8933 3507
f 3507 8933 3509
f 8933 8934 3509
f 3509 8934 3511
f 3511 8934 3514
f 8934 8935 3514
f 3514 8935 3516
f 8935 8936 3516
f 3516 8936 3518
f 8936 8937 3518
f 3518 8937 3519
f 8937 8938 3519
f 8938 8939 3519
f 3519 8939 3521
f 3521 8939 3524
f 8939 8940 3524
f 3524 8940 3522
f 8940 8941 3522
f 3522 8941 260
f 8941 8942 260
f 260 8942 3527
f 8942 8943 3527
f 8943 8944 3527
f 3527 8944 3528
f 8944 8945 3528
f 3528 8945 3530
f 8945 8946 3530
f 3530 8946 3532
f 3532 8946 3534
f 8946 8947 3534
f 3534 8947 3536
f 8947 8948 3536
f 8948 8949 3536
f 3536 8949 3538
f 3538 8949 3540
f 8949 8950 3540
f 3540 8950 3542
f 8950 8951 3542
f 3542 8951 3544
f 8951 8952 3544
f 3544 8952 3546
f 8952 8953 3546
f 8953 8954 3546
f 3546 8954 3548
f 3548 8954 3550
f 8954 8955 3550
f 3550 8955 3552
f 8955 8956 3552
f 3552 8956 3554
f 8956 8957 3554
f 3554 8957 3556
f 8957 8958 3556
f 8958 8959 3556
f 3556 8959 3558
f 8959 8960 3558
f 3558 8960 3560
f 8960 8961 3560
f 3560 8961 3562
f 3562 8961 3564
f 8961 8962 3564
f 3564 8962 3566
f 8962 8963 3566
f 3566 8963 3568
f 8963 8964 3568
f 3568 8964 3570
f 8964 8965 3570
f 8965 8966 3570
f 3570 8966 3572
f 3572 8966 3574
f 8966 8967 3574
f 3574 8967 3576
f 8967 8968 3576
f 3576 8968 3578
f 8968 8969 3578
f 3578 8969 3580
f 8969 8970 3580
f 8970 8971 3580
f 3580 8971 3582
f 8971 8972 3582
f 3582 8972 3590
f 8972 8973 3590
f 3590 8973 3592
f 3592 8973 3594
f 8973 8974 3594
f 3594 8974 3596
f 8974 8975 3596
f 3596 8975 3598
f 8975 8976 3598
f 3598 8976 3600
f 8976 8977 3600
f 8977 8978 3600
f 3600 8978 3602
f 3602 8978 3604
f 8978 8979 3604
f 3604 8979 3606
f 8979 8980 3606
f 3606 8980 3608
f 8980 8981 3608
f 3608 8981 3610
f 8981 8982 3610
f 8982 8983 3610
f 3610 8983 3612
f 8983 8984 3612
f 3612 8984 3614
f 8984 8985 3614
f 3614 8985 3616
f 3616 8985 3618
f 8985 8986 3618
f 3618 8986 3620
f 8986 8987 3620
f 3620 8987 3622
f 8987 8988 3622
f 3622 8988 3624
f 8988 8989 3624
f 8989 8990 3624
f 3624 8990 3626
f 3626 8990 3628
f 8990 8991 3628
f 3628 8991 3630
f 8991 8992 3630
f 3630 8992 3632
f 8992 8993 3632
f 3632 8993 3634
f 8993 8994 3634
f 8994 8995 3634
f 3634 8995 3636
f 8995 8996 3636
f 3636 8996 3638
f 8996 8997 3638
f 3638 8997 3640
f 3640 8997 3642
f 8997 8998 3642
f 3642 8998 3644
f 8998 8999 3644
f 3644 8999 3646
f 8999 9000 3646
f 3646 9000 3648
f 9000 9001 3648
f 9001 9002 3648
f 3648 9002 3650
f 3650 9002 3652
f 9002 9003 3652
f 3652 9003 3654
f 9003 9004 3654
f 3654 9004 3656
f 9004 9005 3656
f 3656 9005 3658
f 9005 9006 3658
f 9006 9007 3658
f 3658 9007 3660
f 3660 9007 3662
f 9007 9008 3662
f 3662 9008 3664
f 9008 9009 3664
f 3664 9009 3666
f 9009 9010 3666
f 3666 9010 3667
f 9010 9011 3667
f 9011 9012 3667
f 3667 9012 3585
f 9012 9013 3585
f 3585 9013 3587
f 9013 9014 3587
f 3587 9014 3669
f 3669 9014 3671
f 9014 9015 3671
f 3671 9015 3673
f 9015 9016 3673
f 9016 9017 3673
f 3673 9017 3675
f 9017 9018 3675
f 3675 9018 3676
f 9018 9019 3676
f 3676 9019 3678
f 3678 9019 3681
f 9019 9020 3681
f 3681 9020 3683
f 9020 9021 3683
f 3683 9021 3685
f 9021 9022 3685
f 3685 9022 3686
f 9022 9023 3686
f 9023 9024 3686
f 3686 9024 3688
f 9024 9025 3688
f 3688 9025 3691
f 9025 9026 3691
f 3691 9026 3693
f 3693 9026 3695
f 9026 9027 3695
f 3695 9027 3697
f 9027 9028 3697
f 9028 9029 3697
f 3697 9029 3698
f 9029 9030 3698
f 3698 9030 257
f 9030 9031 257
f 257 9031 3705
f 3705 9031 3707
f 9031 9032 3707
f 3707 9032 3709
f 9032 9033 3709
f 3709 9033 3711
f 9033 9034 3711
f 3711 9034 3712
f 9034 9035 3712
f 9035 9036 3712
f 3712 9036 3700
f 9036 9037 3700
f 3700 9037 3702
f 9037 9038 3702
f 3702 9038 3719
f 3719 9038 3721
f 9038 9039 3721
f 3721 9039 3722
f 9039 9040 3722
f 9040 9041 3722
f 3722 9041 3714
f 9041 9042 3714
f 3714 9042 3716
f 9042 9043 3716
f 3716 9043 3724
f 3724 9043 3726
f 9043 9044 3726
f 3726 9044 3728
f 9044 9045 3728
f 3728 9045 3730
f 9045 9046 3730
f 3730 9046 3731
f 9046 9047 3731
f 9047 9048 3731
f 3731 9048 3733
f 3733 9048 3736
f 9048 9049 3736
f 3736 9049 3738
f 9049 9050 3738
f 3738 9050 3740
f 9050 9051 3740
f 3740 9051 3742
f 9051 9052 3742
f 9052 9053 3742
f 3742 9053 3744
f 9053 9054 3744
f 3744 9054 3745
f 9054 9055 3745
f 3745 9055 3747
f 3747 9055 3755
f 9055 9056 3755
f 3755 9056 3757
f 9056 9057 3757
f 3757 9057 3759
f 9057 9058 3759
f 3759 9058 3760
f 9058 9059 3760
f 9059 9060 3760
f 3760 9060 3750
f 3750 9060 3752
f 9060 9061 3752
f 3752 9061 3767
f 9061 9062 3767
f 3767 9062 3769
f 9062 9063 3769
f 3769 9063 3770
f 9063 9064 3770
f 9064 9065 3770
f 3770 9065 3762
f 9065 9066 3762
f 3762 9066 3764
f 9066 9067 3764
f 3764 9067 3772
f 3772 9067 3774
f 9067 9068 3774
f 3774 9068 3776
f 9068 9069 3776
f 3776 9069 3778
f 9069 9070 3778
f 3778 9070 3780
f 9070 9071 3780
f 9071 9072 3780
f 3780 9072 3782
f 3782 9072 3784
f 9072 9073 3784
f 3784 9073 3786
f 9073 9074 3786
f 3786 9074 3788
f 9074 9075 3788
f 3788 9075 3790
f 9075 9076 3790
f 9076 9077 3790
f 3790 9077 3792
f 9077 9078 3792
f 3792 9078 3793
f 9078 9079 3793
f 3793 9079 3795
f 3795 9079 3798
f 9079 9080 3798
f 3798 9080 3800
f 9080 9081 3800
f 3800 9081 3802
f 9081 9082 3802
f 3802 9082 3803
f 9082 9083 3803
f 9083 9084 3803
f 3803 9084 3805
f 3805 9084 3808
f 9084 9085 3808
f 3808 9085 3806
f 9085 9086 3806
f 3806 9086 254
f 9086 9087 254
f 254 9087 3815
f 9087 9088 3815
f 9088 9089 3815
f 3815 9089 3816
f 9089 9090 3816
f 3816 9090 3814
f 9090 9091 3814
f 3814 9091 3813
f 3813 9091 3819
f 9091 9092 3819
f 3819 9092 3820
f 9092 9093 3820
f 9093 9094 3820
f 3820 9094 3822
f 3822 9094 3824
f 9094 9095 3824
f 3824 9095 3826
f 9095 9096 3826
f 3826 9096 3828
f 9096 9097 3828
f 3828 9097 3830
f 9097 9098 3830
f 9098 9099 3830
f 3830 9099 3832
f 3832 9099 3834
f 9099 9100 3834
f 3834 9100 3836
f 9100 9101 3836
f 3836 9101 3838
f 9101 9102 3838
f 3838 9102 3840
f 9102 9103 3840
f 9103 9104 3840
f 3840 9104 3842
f 9104 9105 3842
f 3842 9105 3844
f 9105 9106 3844
f 3844 9106 3846
f 3846 9106 3848
f 9106 9107 3848
f 3848 9107 3850
f 9107 9108 3850
f 3850 9108 3852
f 9108 9109 3852
f 3852 9109 3854
f 9109 9110 3854
f 9110 9111 3854
f 3854 9111 3856
f 3856 9111 3858
f 9111 9112 3858
f 3858 9112 3860
f 9112 9113 3860
f 3860 9113 3862
f 9113 9114 3862
f 3862 9114 3864
f 9114 9115 3864
f 9115 9116 3864
f 3864 9116 3866
f 9116 9117 3866
f 3866 9117 3868
f 9117 9118 3868
f 3868 9118 3870
f 3870 9118 3872
f 9118 9119 3872
f 3872 9119 3874
f 9119 9120 3874
f 3874 9120 3876
f 9120 9121 3876
f 3876 9121 3878
f 9121 9122 3878
f 9122 9123 3878
f 3878 9123 3880
f 3880 9123 3882
f 9123 9124 3882
f 3882 9124 3884
f 9124 9125 3884
f 3884 9125 3886
f 9125 9126 3886
f 3886 9126 3888
f 9126 9127 3888
f 9127 9128 3888
f 3888 9128 3890
f 9128 9129 3890
f 3890 9129 3892
f 9129 9130 3892
f 3892 9130 3894
f 3894 9130 3896
f 9130 9131 3896
f 3896 9131 3898
f 9131 9132 3898
f 3898 9132 3900
f 9132 9133 3900
f 3900 9133 3902
f 9133 9134 3902
f 9134 9135 3902
f 3902 9135 3904
f 3904 9135 3906
f 9135 9136 3906
f 3906 9136 3908
f 9136 9137 3908
f 3908 9137 3910
f 9137 9138 3910
f 3910 9138 3912
f 9138 9139 3912
f 9139 9140 3912
f 3912 9140 3914
f 9140 9141 3914
f 3914 9141 3916
f 9141 9142 3916
f 3916 9142 3918
f 3918 9142 3920
f 9142 9143 3920
f 3920 9143 3922
f 9143 9144 3922
f 3922 9144 3924
f 9144 9145 3924
f 3924 9145 3926
f 9145 9146 3926
f 9146 9147 3926
f 3926 9147 3928
f 3928 9147 3930
f 9147 9148 3930
f 3930 9148 3932
f 9148 9149 3932
f 3932 9149 3934
f 9149 9150 3934
f 3934 9150 3936
f 9150 9151 3936
f 9151 9152 3936
f 3936 9152 3938
f 9152 9153 3938
f 3938 9153 3940
f 9153 9154 3940
f 3940 9154 3942
f 3942 9154 3944
f 9154 9155 3944
f 3944 9155 3946
f 9155 9156 3946
f 9156 9157 3946
f 3946 9157 3948
f 3948 9157 3950
f 9157 9158 3950
f 3950 9158 3952
f 9158 9159 3952
f 3952 9159 3954
f 9159 9160 3954
f 3954 9160 3956
f 9160 9161 3956
f 9161 9162 3956
f 3956 9162 3958
f 3958 9162 3960
f 9162 9163 3960
f 3960 9163 3962
f 9163 9164 3962
f 3962 9164 3964
f 9164 9165 3964
f 3964 9165 3965
f 9165 9166 3965
f 9166 9167 3965
f 3965 9167 3967
f 9167 9168 3967
f 3967 9168 3969
f 9168 9169 3969
f 3969 9169 3971
f 3971 9169 3974
f 9169 9170 3974
f 3974 9170 3975
f 9170 9171 3975
f 3975 9171 3977
f 9171 9172 3977
f 3977 9172 3979
f 9172 9173 3979
f 9173 9174 3979
f 3979 9174 3981
f 3981 9174 3984
f 9174 9175 3984
f 3984 9175 3986
f 9175 9176 3986
f 3986 9176 3988
f 9176 9177 3988
f 3988 9177 3999
f 9177 9178 3999
f 9178 9179 3999
f 3999 9179 3998
f 9179 9180 3998
f 3998 9180 3996
f 9180 9181 3996
f 3996 9181 3994
f 3994 9181 3992
f 9181 9182 3992
f 3992 9182 4000
f 9182 9183 4000
f 9183 9184 4000
f 4000 9184 4001
f 9184 9185 4001
f 4001 9185 4003
f 9185 9186 4003
f 4003 9186 4008
f 4008 9186 4005
f 9186 9187 4005
f 4005 9187 4010
f 9187 9188 4010
f 4010 9188 4012
f 9188 9189 4012
f 4012 9189 4013
f 9189 9190 4013
f 9190 9191 4013
f 4013 9191 4016
f 4016 9191 4017
f 9191 9192 4017
f 4017 9192 4020
f 9192 9193 4020
f 4020 9193 4022
f 9193 9194 4022
f 4022 9194 4023
f 9194 9195 4023
f 9195 9196 4023
f 4023 9196 4026
f 9196 9197 4026
f 4026 9197 4027
f 9197 9198 4027
f 4027 9198 4030
f 4030 9198 4032
f 9198 9199 4032
f 4032 9199 4034
f 9199 9200 4034
f 4034 9200 4036
f 9200 9201 4036
f 4036 9201 4037
f 9201 9202 4037
f 9202 9203 4037
f 4037 9203 251
f 251 9203 250
f 9203 9204 250
f 250 9204 4042
f 9204 9205 4042
f 4042 9205 4039
f 9205 9206 4039
f 4039 9206 4044
f 9206 9207 4044
f 9207 9208 4044
f 4044 9208 4045
f 9208 9209 4045
f 4045 9209 247
f 9209 9210 247
f 247 9210 4049
f 4049 9210 4046
f 9210 9211 4046
f 4046 9211 4051
f 9211 9212 4051
f 4051 9212 4053
f 9212 9213 4053
f 4053 9213 4055
f 9213 9214 4055
f 9214 9215 4055
f 4055 9215 4057
f 4057 9215 4058
f 9215 9216 4058
f 4058 9216 4061
f 9216 9217 4061
f 4061 9217 4062
f 9217 9218 4062
f 4062 9218 4064
f 9218 9219 4064
f 9219 9220 4064
f 4064 9220 4067
f 9220 9221 4067
f 4067 9221 4068
f 9221 9222 4068
f 4068 9222 4071
f 4071 9222 4073
f 9222 9223 4073
f 4073 9223 4074
f 9223 9224 4074
f 4074 9224 4077
f 9224 9225 4077
f 4077 9225 4078
f 9225 9226 4078
f 9226 9227 4078
f 4078 9227 4081
f 4081 9227 4082
f 9227 9228 4082
f 4082 9228 4085
f 9228 9229 4085
f 4085 9229 4087
f 9229 9230 4087
f 4087 9230 4088
f 9230 9231 4088
f 9231 9232 4088
f 4088 9232 4090
f 9232 9233 4090
f 4090 9233 4092
f 9233 9234 4092
f 4092 9234 4094
f 4094 9234 4096
f 9234 9235 4096
f 4096 9235 4104
f 9235 9236 4104
f 4104 9236 4106
f 9236 9237 4106
f 4106 9237 4107
f 9237 9238 4107
f 9238 9239 4107
f 4107 9239 4099
f 4099 9239 4101
f 9239 9240 4101
f 4101 9240 4109
f 9240 9241 4109
f 4109 9241 4111
f 9241 9242 4111
f 4111 9242 4113
f 9242 9243 4113
f 9243 9244 4113
f 4113 9244 4114
f 9244 9245 4114
f 4114 9245 4116
f 9245 9246 4116
f 4116 9246 4118
f 4118 9246 4120
f 9246 9247 4120
f 4120 9247 4123
f 9247 9248 4123
f 4123 9248 4125
f 9248 9249 4125
f 4125 9249 4126
f 9249 9250 4126
f 9250 9251 4126
f 4126 9251 4128
f 4128 9251 4131
f 9251 9252 4131
f 4131 9252 4133
f 9252 9253 4133
f 4133 9253 4135
f 9253 9254 4135
f 4135 9254 4137
f 9254 9255 4137
f 9255 9256 4137
f 4137 9256 4139
f 9256 9257 4139
f 4139 9257 4140
f 9257 9258 4140
f 4140 9258 4142
f 4142 9258 4150
f 9258 9259 4150
f 4150 9259 4152
f 9259 9260 4152
f 4152 9260 4154
f 9260 9261 4154
f 4154 9261 4155
f 9261 9262 4155
f 9262 9263 4155
f 4155 9263 4145
f 4145 9263 4147
f 9263 9264 4147
f 4147 9264 4157
f 9264 9265 4157
f 4157 9265 4159
f 9265 9266 4159
f 4159 9266 4161
f 9266 9267 4161
f 9267 9268 4161
f 4161 9268 4162
f 9268 9269 4162
f 4162 9269 4164
f 9269 9270 4164
f 4164 9270 4166
f 4166 9270 4168
f 9270 9271 4168
f 4168 9271 4170
f 9271 9272 4170
f 9272 9273 4170
f 4170 9273 4171
f 4171 9273 4173
f 9273 9274 4173
f 4173 9274 4175
f 9274 9275 4175
f 4175 9275 4177
f 9275 9276 4177
f 4177 9276 4180
f 9276 9277 4180
f 9277 9278 4180
f 4180 9278 4181
f 4181 9278 4183
f 9278 9279 4183
f 4183 9279 4185
f 9279 9280 4185
f 4185 9280 4187
f 9280 9281 4187
f 4187 9281 4189
f 9281 9282 4189
f 9282 9283 4189
f 4189 9283 4191
f 9283 9284 4191
f 4191 9284 4193
f 9284 9285 4193
f 4193 9285 4195
f 4195 9285 4197
f 9285 9286 4197
f 4197 9286 4199
f 9286 9287 4199
f 4199 9287 4201
f 9287 9288 4201
f 4201 9288 4203
f 9288 9289 4203
f 9289 9290 4203
f 4203 9290 4205
f 4205 9290 4207
f 9290 9291 4207
f 4207 9291 4209
f 9291 9292 4209
f 4209 9292 4211
f 9292 9293 4211
f 4211 9293 4213
f 9293 9294 4213
f 9294 9295 4213
f 4213 9295 4215
f 9295 9296 4215
f 4215 9296 4217
f 9296 9297 4217
f 4217 9297 4219
f 4219 9297 4221
f 9297 9298 4221
f 4221 9298 4223
f 9298 9299 4223
f 9299 9300 4223
f 4223 9300 4225
f 9300 9301 4225
f 4225 9301 4227
f 9301 9302 4227
f 4227 9302 4229
f 4229 9302 4231
f 9302 9303 4231
f 4231 9303 4233
f 9303 9304 4233
f 4233 9304 4235
f 9304 9305 4235
f 4235 9305 4237
f 9305 9306 4237
f 9306 9307 4237
f 4237 9307 4239
f 4239 9307 4241
f 9307 9308 4241
f 4241 9308 4243
f 9308 9309 4243
f 4243 9309 4245
f 9309 9310 4245
f 4245 9310 4247
f 9310 9311 4247
f 9311 9312 4247
f 4247 9312 4249
f 9312 9313 4249
f 4249 9313 4251
f 9313 9314 4251
f 4251 9314 4253
f 4253 9314 4255
f 9314 9315 4255
f 4255 9315 4257
f 9315 9316 4257
f 4257 9316 4259
f 9316 9317 4259
f 4259 9317 4261
f 9317 9318 4261
f 9318 9319 4261
f 4261 9319 4263
f 4263 9319 4265
f 9319 9320 4265
f 4265 9320 4267
f 9320 9321 4267
f 4267 9321 4269
f 9321 9322 4269
f 4269 9322 4271
f 9322 9323 4271
f 9323 9324 4271
f 4271 9324 4273
f 9324 9325 4273
f 4273 9325 4275
f 9325 9326 4275
f 4275 9326 4277
f 4277 9326 4279
f 9326 9327 4279
f 4279 9327 4281
f 9327 9328 4281
f 4281 9328 4283
f 9328 9329 4283
f 4283 9329 4285
f 9329 9330 4285
f 9330 9331 4285
f 4285 9331 4287
f 4287 9331 4289
f 9331 9332 4289
f 4289 9332 4291
f 9332 9333 4291
f 4291 9333 4293
f 9333 9334 4293
f 4293 9334 4295
f 9334 9335 4295
f 9335 9336 4295
f 4295 9336 4297
f 9336 9337 4297
f 4297 9337 4299
f 9337 9338 4299
f 4299 9338 4301
f 4301 9338 4303
f 9338 9339 4303
f 4303 9339 4305
f 9339 9340 4305
f 4305 9340 4307
f 9340 9341 4307
f 4307 9341 4309
f 9341 9342 4309
f 9342 9343 4309
f 4309 9343 4311
f 4311 9343 4313
f 9343 9344 4313
f 4313 9344 4315
f 9344 9345 4315
f 4315 9345 4317
f 9345 9346 4317
f 4317 9346 4319
f 9346 9347 4319
f 9347 9348 4319
f 4319 9348 4321
f 9348 9349 4321
f 4321 9349 4323
f 9349 9350 4323
f 4323 9350 4325
f 4325 9350 4327
f 9350 9351 4327
f 4327 9351 4329
f 9351 9352 4329
f 4329 9352 4331
f 9352 9353 4331
f 4331 9353 4333
f 9353 9354 4333
f 9354 9355 4333
f 4333 9355 4335
f 4335 9355 4337
f 9355 9356 4337
f 4337 9356 4339
f 9356 9357 4339
f 4339 9357 4341
f 9357 9358 4341
f 4341 9358 4343
f 9358 9359 4343
f 9359 9360 4343
f 4343 9360 4345
f 9360 9361 4345
f 4345 9361 4347
f 9361 9362 4347
f 4347 9362 4350
f 4350 9362 4352
f 9362 9363 4352
f 4352 9363 4354
f 9363 9364 4354
f 4354 9364 4356
f 9364 9365 4356
f 4356 9365 4357
f 9365 9366 4357
f 9366 9367 4357
f 4357 9367 4359
f 4359 9367 4367
f 9367 9368 4367
f 4367 9368 4369
f 9368 9369 4369
f 4369 9369 4371
f 9369 9370 4371
f 4371 9370 4373
f 9370 9371 4373
f 9371 9372 4373
f 4373 9372 4375
f 9372 9373 4375
f 4375 9373 4377
f 9373 9374 4377
f 4377 9374 4379
f 4379 9374 4381
f 9374 9375 4381
f 4381 9375 4383
f 9375 9376 4383
f 4383 9376 4385
f 9376 9377 4385
f 4385 9377 4387
f 9377 9378 4387
f 9378 9379 4387
f 4387 9379 4389
f 4389 9379 4391
f 9379 9380 4391
f 4391 9380 4393
f 9380 9381 4393
f 4393 9381 4395
f 9381 9382 4395
f 4395 9382 4396
f 9382 9383 4396
f 9383 9384 4396
f 4396 9384 4362
f 9384 9385 4362
f 4362 9385 4364
f 9385 9386 4364
f 4364 9386 4398
f 4398 9386 4400
f 9386 9387 4400
f 4400 9387 4402
f 9387 9388 4402
f 4402 9388 4404
f 9388 9389 4404
f 4404 9389 4406
f 9389 9390 4406
f 9390 9391 4406
f 4406 9391 4408
f 4408 9391 4410
f 9391 9392 4410
f 4410 9392 4412
f 9392 9393 4412
f 4412 9393 4414
f 9393 9394 4414
f 4414 9394 4416
f 9394 9395 4416
f 9395 9396 4416
f 4416 9396 4418
f 9396 9397 4418
f 4418 9397 4420
f 9397 9398 4420
f 4420 9398 4422
f 4422 9398 4424
f 9398 9399 4424
f 4424 9399 4426
f 9399 9400 4426
f 4426 9400 4428
f 9400 9401 4428
f 4428 9401 4429
f 9401 9402 4429
f 9402 9403 4429
f 4429 9403 4431
f 4431 9403 4434
f 9403 9404 4434
f 4434 9404 4436
f 9404 9405 4436
f 4436 9405 4438
f 9405 9406 4438
f 4438 9406 4440
f 9406 9407 4440
f 9407 9408 4440
f 4440 9408 4442
f 9408 9409 4442
f 4442 9409 4444
f 9409 9410 4444
f 4444 9410 4452
f 4452 9410 4454
f 9410 9411 4454
f 4454 9411 4456
f 9411 9412 4456
f 4456 9412 4458
f 9412 9413 4458
f 4458 9413 4460
f 9413 9414 4460
f 9414 9415 4460
f 4460 9415 4462
f 4462 9415 4464
f 9415 9416 4464
f 4464 9416 4466
f 9416 9417 4466
f 4466 9417 4468
f 9417 9418 4468
f 4468 9418 4469
f 9418 9419 4469
f 9419 9420 4469
f 4469 9420 4447
f 9420 9421 4447
f 4447 9421 4449
f 9421 9422 4449
f 4449 9422 4471
f 4471 9422 4473
f 9422 9423 4473
f 4473 9423 4475
f 9423 9424 4475
f 4475 9424 4477
f 9424 9425 4477
f 4477 9425 4478
f 9425 9426 4478
f 9426 9427 4478
f 4478 9427 4480
f 4480 9427 4483
f 9427 9428 4483
f 4483 9428 4485
f 9428 9429 4485
f 4485 9429 4487
f 9429 9430 4487
f 4487 9430 4489
f 9430 9431 4489
f 9431 9432 4489
f 4489 9432 4491
f 9432 9433 4491
f 4491 9433 4493
f 9433 9434 4493
f 4493 9434 4495
f 4495 9434 4497
f 9434 9435 4497
f 4497 9435 4499
f 9435 9436 4499
f 4499 9436 4501
f 9436 9437 4501
f 4501 9437 4503
f 9437 9438 4503
f 9438 9439 4503
f 4503 9439 4505
f 4505 9439 4507
f 9439 9440 4507
f 4507 9440 4509
f 9440 9441 4509
f 4509 9441 4511
f 9441 9442 4511
f 4511 9442 4513
f 9442 9443 4513
f 9443 9444 4513
f 4513 9444 4515
f 9444 9445 4515
f 4515 9445 4517
f 9445 9446 4517
f 4517 9446 4519
f 4519 9446 4521
f 9446 9447 4521
f 4521 9447 4523
f 9447 9448 4523
f 9448 9449 4523
f 4523 9449 4524
f 9449 9450 4524
f 4524 9450 4526
f 9450 9451 4526
f 4526 9451 4528
f 4528 9451 4531
f 9451 9452 4531
f 4531 9452 4533
f 9452 9453 4533
f 4533 9453 4535
f 9453 9454 4535
f 4535 9454 4537
f 9454 9455 4537
f 9455 9456 4537
f 4537 9456 4539
f 9456 9457 4539
f 4539 9457 4541
f 9457 9458 4541
f 4541 9458 4543
f 4543 9458 4545
f 9458 9459 4545
f 4545 9459 4547
f 9459 9460 4547
f 9460 9461 4547
f 4547 9461 4549
f 4549 9461 4550
f 9461 9462 4550
f 4550 9462 4558
f 9462 9463 4558
f 4558 9463 4560
f 9463 9464 4560
f 4560 9464 4561
f 9464 9465 4561
f 9465 9466 4561
f 4561 9466 4553
f 9466 9467 4553
f 4553 9467 4555
f 9467 9468 4555
f 4555 9468 4565
f 4565 9468 4562
f 9468 9469 4562
f 4562 9469 4572
f 9469 9470 4572
f 4572 9470 4574
f 9470 9471 4574
f 4574 9471 4576
f 9471 9472 4576
f 9472 9473 4576
f 4576 9473 4578
f 4578 9473 4580
f 9473 9474 4580
f 4580 9474 4582
f 9474 9475 4582
f 4582 9475 4584
f 9475 9476 4584
f 4584 9476 4585
f 9476 9477 4585
f 9477 9478 4585
f 4585 9478 4567
f 9478 9479 4567
f 4567 9479 4569
f 9479 9480 4569
f 4569 9480 4587
f 4587 9480 4589
f 9480 9481 4589
f 4589 9481 4591
f 9481 9482 4591
f 4591 9482 4593
f 9482 9483 4593
f 4593 9483 4594
f 9483 9484 4594
f 9484 9485 4594
f 4594 9485 4596
f 4596 9485 4604
f 9485 9486 4604
f 4604 9486 4606
f 9486 9487 4606
f 4606 9487 4608
f 9487 9488 4608
f 4608 9488 4610
f 9488 9489 4610
f 9489 9490 4610
f 4610 9490 4612
f 9490 9491 4612
f 4612 9491 4614
f 9491 9492 4614
f 4614 9492 4616
f 4616 9492 4618
f 9492 9493 4618
f 4618 9493 4620
f 9493 9494 4620
f 4620 9494 4622
f 9494 9495 4622
f 4622 9495 4624
f 9495 9496 4624
f 9496 9497 4624
f 4624 9497 4626
f 4626 9497 4628
f 9497 9498 4628
f 4628 9498 4630
f 9498 9499 4630
f 4630 9499 4632
f 9499 9500 4632
f 4632 9500 4633
f 9500 9501 4633
f 9501 9502 4633
f 4633 9502 4599
f 9502 9503 4599
f 4599 9503 4601
f 9503 9504 4601
f 4601 9504 4635
f 4635 9504 4637
f 9504 9505 4637
f 4637 9505 4639
f 9505 9506 4639
f 9506 9507 4639
f 4639 9507 4640
f 9507 9508 4640
f 4640 9508 4642
f 9508 9509 4642
f 4642 9509 4644
f 4644 9509 4647
f 9509 9510 4647
f 4647 9510 4649
f 9510 9511 4649
f 4649 9511 4651
f 9511 9512 4651
f 4651 9512 4652
f 9512 9513 4652
f 9513 9514 4652
f 4652 9514 4654
f 9514 9515 4654
f 4654 9515 4657
f 9515 9516 4657
f 4657 9516 4659
f 4659 9516 4661
f 9516 9517 4661
f 4661 9517 4663
f 9517 9518 4663
f 9518 9519 4663
f 4663 9519 4665
f 4665 9519 4666
f 9519 9520 4666
f 4666 9520 4669
f 9520 9521 4669
f 4669 9521 4671
f 9521 9522 4671
f 4671 9522 4673
f 9522 9523 4673
f 9523 9524 4673
f 4673 9524 4674
f 9524 9525 4674
f 4674 9525 244
f 9525 9526 244
f 244 9526 4678
f 4678 9526 4675
f 9526 9527 4675
f 4675 9527 4680
f 9527 9528 4680
f 4680 9528 4682
f 9528 9529 4682
f 4682 9529 4684
f 9529 9530 4684
f 9530 9531 4684
f 4684 9531 4685
f 4685 9531 241
f 9531 9532 241
f 241 9532 4689
f 9532 9533 4689
f 4689 9533 4686
f 9533 9534 4686
f 4686 9534 4691
f 9534 9535 4691
f 9535 9536 4691
f 4691 9536 4693
f 9536 9537 4693
f 4693 9537 4694
f 9537 9538 4694
f 4694 9538 4697
f 4697 9538 4699
f 9538 9539 4699
f 4699 9539 4700
f 9539 9540 4700
f 4700 9540 4703
f 9540 9541 4703
f 4703 9541 4704
f 9541 9542 4704
f 9542 9543 4704
f 4704 9543 4707
f 4707 9543 4708
f 9543 9544 4708
f 4708 9544 4711
f 9544 9545 4711
f 4711 9545 4713
f 9545 9546 4713
f 4713 9546 4714
f 9546 9547 4714
f 9547 9548 4714
f 4714 9548 4717
f 9548 9549 4717
f 4717 9549 4718
f 9549 9550 4718
f 4718 9550 4721
f 4721 9550 4723
f 9550 9551 4723
f 4723 9551 4724
f 9551 9552 4724
f 4724 9552 4726
f 9552 9553 4726
f 4726 9553 4729
f 9553 9554 4729
f 9554 9555 4729
f 4729 9555 4730
f 4730 9555 238
f 9555 9556 238
f 238 9556 4734
f 9556 9557 4734
f 4734 9557 4731
f 9557 9558 4731
f 4731 9558 4736
f 9558 9559 4736
f 9559 9560 4736
f 4736 9560 4738
f 9560 9561 4738
f 4738 9561 4739
f 9561 9562 4739
f 4739 9562 4742
f 4742 9562 4743
f 9562 9563 4743
f 4743 9563 4745
f 9563 9564 4745
f 9564 9565 4745
f 4745 9565 4747
f 9565 9566 4747
f 4747 9566 4749
f 9566 9567 4749
f 4749 9567 4751
f 4751 9567 4753
f 9567 9568 4753
f 4753 9568 4755
f 9568 9569 4755
f 4755 9569 4758
f 9569 9570 4758
f 4758 9570 4760
f 9570 9571 4760
f 9571 9572 4760
f 4760 9572 4762
f 9572 9573 4762
f 4762 9573 4764
f 9573 9574 4764
f 4764 9574 4766
f 4766 9574 4768
f 9574 9575 4768
f 4768 9575 4770
f 9575 9576 4770
f 9576 9577 4770
f 4770 9577 4772
f 4772 9577 4774
f 9577 9578 4774
f 4774 9578 4776
f 9578 9579 4776
f 4776 9579 4778
f 9579 9580 4778
f 4778 9580 4780
f 9580 9581 4780
f 9581 9582 4780
f 4780 9582 4782
f 9582 9583 4782
f 4782 9583 4784
f 9583 9584 4784
f 4784 9584 4786
f 4786 9584 4788
f 9584 9585 4788
f 4788 9585 4790
f 9585 9586 4790
f 4790 9586 4792
f 9586 9587 4792
f 4792 9587 4794
f 9587 9588 4794
f 9588 9589 4794
f 4794 9589 4796
f 4796 9589 4798
f 9589 9590 4798
f 4798 9590 4800
f 9590 9591 4800
f 4800 9591 4802
f 9591 9592 4802
f 4802 9592 4804
f 9592 9593 4804
f 9593 9594 4804
f 4804 9594 4806
f 9594 9595 4806
f 4806 9595 4808
f 9595 9596 4808
f 4808 9596 4810
f 4810 9596 4812
f 9596 9597 4812
f 4812 9597 4814
f 9597 9598 4814
f 4814 9598 4816
f 9598 9599 4816
f 4816 9599 4817
f 9599 9600 4817
f 9600 9601 4817
f 4817 9601 4819
f 4819 9601 4890
f 9601 9602 4890
f 4890 9602 4888
f 9602 9603 4888
f 4888 9603 4886
f 9603 9604 4886
f 4886 9604 4884
f 9604 9605 4884
f 9605 9606 4884
f 4884 9606 4882
f 9606 9607 4882
f 4882 9607 4880
f 9607 9608 4880
f 4880 9608 4878
f 4878 9608 4876
f 9608 9609 4876
f 4876 9609 4874
f 9609 9610 4874
f 4874 9610 4872
f 9610 9611 4872
f 4872 9611 4870
f 9611 9612 4870
f 9612 9613 4870
f 4870 9613 4868
f 4868 9613 4866
f 9613 9614 4866
f 4866 9614 4864
f 9614 9615 4864
f 4864 9615 4862
f 9615 9616 4862
f 4862 9616 4860
f 9616 9617 4860
f 9617 9618 4860
f 4860 9618 4858
f 9618 9619 4858
f 4858 9619 4856
f 9619 9620 4856
f 4856 9620 4854
f 4854 9620 4852
f 9620 9621 4852
f 4852 9621 4850
f 9621 9622 4850
f 4850 9622 4848
f 9622 9623 4848
f 4848 9623 4846
f 9623 9624 4846
f 9624 9625 4846
f 4846 9625 4844
f 4844 9625 4842
f 9625 9626 4842
f 4842 9626 4840
f 9626 9627 4840
f 4840 9627 4838
f 9627 9628 4838
f 4838 9628 4836
f 9628 9629 4836
f 9629 9630 4836
f 4836 9630 4834
f 9630 9631 4834
f 4834 9631 4832
f 9631 9632 4832
f 4832 9632 4830
f 4830 9632 4828
f 9632 9633 4828
f 4828 9633 4826
f 9633 9634 4826
f 9634 9635 4826
f 4826 9635 4824
f 4824 9635 4822
f 9635 9636 4822
f 4822 9636 4820
f 9636 9637 4820
f 4820 9637 235
f 9637 9638 235
f 235 9638 4899
f 9638 9639 4899
f 9639 9640 4899
f 4899 9640 4900
f 9640 9641 4900
f 4900 9641 4897
f 9641 9642 4897
f 4897 9642 4898
f 4898 9642 4893
f 9642 9643 4893
f 4893 9643 4904
f 9643 9644 4904
f 4904 9644 4906
f 9644 9645 4906
f 4906 9645 4908
f 9645 9646 4908
f 9646 9647 4908
f 4908 9647 4909
f 4909 9647 232
f 9647 9648 232
f 232 9648 4913
f 9648 9649 4913
f 4913 9649 4910
f 9649 9650 4910
f 4910 9650 4915
f 9650 9651 4915
f 9651 9652 4915
f 4915 9652 4917
f 9652 9653 4917
f 4917 9653 4918
f 9653 9654 4918
f 4918 9654 4921
f 4921 9654 4923
f 9654 9655 4923
f 4923 9655 4924
f 9655 9656 4924
f 4924 9656 4927
f 9656 9657 4927
f 4927 9657 4928
f 9657 9658 4928
f 9658 9659 4928
f 4928 9659 4931
f 4931 9659 4932
f 9659 9660 4932
f 4932 9660 4935
f 9660 9661 4935
f 4935 9661 4937
f 9661 9662 4937
f 4937 9662 4938
f 9662 9663 4938
f 9663 9664 4938
f 4938 9664 4941
f 4941 9664 4942
f 9664 9665 4942
f 4942 9665 4944
f 9665 9666 4944
f 4944 9666 4991
f 9666 9667 4991
f 4991 9667 4989
f 9667 9668 4989
f 9668 9669 4989
f 4989 9669 4987
f 9669 9670 4987
f 4987 9670 4985
f 9670 9671 4985
f 4985 9671 4983
f 4983 9671 4981
f 9671 9672 4981
f 4981 9672 4979
f 9672 9673 4979
f 4979 9673 4977
f 9673 9674 4977
f 4977 9674 4975
f 9674 9675 4975
f 9675 9676 4975
f 4975 9676 4973
f 4973 9676 4971
f 9676 9677 4971
f 4971 9677 4969
f 9677 9678 4969
f 4969 9678 4967
f 9678 9679 4967
f 4967 9679 4965
f 9679 9680 4965
f 9680 9681 4965
f 4965 9681 4963
f 9681 9682 4963
f 4963 9682 4961
f 9682 9683 4961
f 4961 9683 4959
f 4959 9683 4957
f 9683 9684 4957
f 4957 9684 4955
f 9684 9685 4955
f 9685 9686 4955
f 4955 9686 4953
f 4953 9686 4951
f 9686 9687 4951
f 4951 9687 4949
f 9687 9688 4949
f 4949 9688 4947
f 9688 9689 4947
f 4947 9689 4945
f 9689 9690 4945
f 4945 9690 5012
f 9690 9691 5012
f 5012 9691 5010
f 9691 9692 5010
f 9692 9693 5010
f 5010 9693 5008
f 9693 9694 5008
f 5008 9694 5006
f 9694 9695 5006
f 5006 9695 5004
f 5004 9695 5002
f 9695 9696 5002
f 5002 9696 5000
f 9696 9697 5000
f 5000 9697 4998
f 9697 9698 4998
f 4998 9698 4996
f 9698 9699 4996
f 9699 9700 4996
f 4996 9700 4994
f 4994 9700 229
f 9700 9701 229
f 229 9701 5015
f 9701 9702 5015
f 9702 9703 5015
f 5015 9703 5016
f 5016 9703 5018
f 9703 9704 5018
f 5018 9704 5020
f 9704 9705 5020
f 5020 9705 5022
f 9705 9706 5022
f 5022 9706 5024
f 9706 9707 5024
f 9707 9708 5024
f 5024 9708 5026
f 5026 9708 5028
f 9708 9709 5028
f 5028 9709 5030
f 9709 9710 5030
f 5030 9710 5032
f 9710 9711 5032
f 5032 9711 5034
f 9711 9712 5034
f 9712 9713 5034
f 5034 9713 5036
f 9713 9714 5036
f 5036 9714 5038
f 9714 9715 5038
f 5038 9715 5040
f 5040 9715 5042
f 9715 9716 5042
f 5042 9716 5044
f 9716 9717 5044
f 5044 9717 5046
f 9717 9718 5046
f 5046 9718 5048
f 9718 9719 5048
f 9719 9720 5048
f 5048 9720 5050
f 5050 9720 5052
f 9720 9721 5052
f 5052 9721 5054
f 9721 9722 5054
f 5054 9722 5056
f 9722 9723 5056
f 5056 9723 5058
f 9723 9724 5058
f 9724 9725 5058
f 5058 9725 5060
f 9725 9726 5060
f 5060 9726 5062
f 9726 9727 5062
f 5062 9727 5064
f 5064 9727 5066
f 9727 9728 5066
f 5066 9728 5068
f 9728 9729 5068
f 5068 9729 5070
f 9729 9730 5070
f 5070 9730 5072
f 9730 9731 5072
f 9731 9732 5072
f 5072 9732 5074
f 5074 9732 5076
f 9732 9733 5076
f 5076 9733 5078
f 9733 9734 5078
f 5078 9734 5080
f 9734 9735 5080
f 5080 9735 5082
f 9735 9736 5082
f 9736 9737 5082
f 5082 9737 5084
f 9737 9738 5084
f 5084 9738 5086
f 9738 9739 5086
f 5086 9739 5088
f 5088 9739 5090
f 9739 9740 5090
f 5090 9740 5092
f 9740 9741 5092
f 9741 9742 5092
f 5092 9742 5094
f 9742 9743 5094
f 5094 9743 5096
f 9743 9744 5096
f 5096 9744 5098
f 5098 9744 5100
f 9744 9745 5100
f 5100 9745 5102
f 9745 9746 5102
f 5102 9746 5104
f 9746 9747 5104
f 5104 9747 5106
f 9747 9748 5106
f 9748 9749 5106
f 5106 9749 5108
f 9749 9750 5108
f 5108 9750 5110
f 9750 9751 5110
f 5110 9751 5112
f 5112 9751 5114
f 9751 9752 5114
f 5114 9752 5116
f 9752 9753 5116
f 5116 9753 5118
f 9753 9754 5118
f 5118 9754 5120
f 9754 9755 5120
f 9755 9756 5120
f 5120 9756 5122
f 5122 9756 5124
f 9756 9757 5124
f 5124 9757 5126
f 9757 9758 5126
f 5126 9758 5128
f 9758 9759 5128
f 5128 9759 5130
f 9759 9760 5130
f 9760 9761 5130
f 5130 9761 5132
f 9761 9762 5132
f 5132 9762 5134
f 9762 9763 5134
f 5134 9763 5137
f 5137 9763 5139
f 9763 9764 5139
f 5139 9764 5141
f 9764 9765 5141
f 9765 9766 5141
f 5141 9766 5143
f 9766 9767 5143
f 5143 9767 5145
f 9767 9768 5145
f 5145 9768 5147
f 5147 9768 5149
f 9768 9769 5149
f 5149 9769 5151
f 9769 9770 5151
f 5151 9770 5153
f 9770 9771 5153
f 5153 9771 5155
f 9771 9772 5155
f 9772 9773 5155
f 5155 9773 5157
f 5157 9773 5159
f 9773 9774 5159
f 5159 9774 5161
f 9774 9775 5161
f 5161 9775 5163
f 9775 9776 5163
f 5163 9776 5165
f 9776 9777 5165
f 9777 9778 5165
f 5165 9778 5167
f 9778 9779 5167
f 5167 9779 5169
f 9779 9780 5169
f 5169 9780 5171
f 5171 9780 5173
f 9780 9781 5173
f 5173 9781 5175
f 9781 9782 5175
f 5175 9782 5177
f 9782 9783 5177
f 5177 9783 5179
f 9783 9784 5179
f 9784 9785 5179
f 5179 9785 5181
f 5181 9785 5183
f 9785 9786 5183
f 5183 9786 5185
f 9786 9787 5185
f 5185 9787 5187
f 9787 9788 5187
f 5187 9788 5189
f 9788 9789 5189
f 9789 9790 5189
f 5189 9790 5191
f 9790 9791 5191
f 5191 9791 5193
f 9791 9792 5193
f 5193 9792 5195
f 5195 9792 5197
f 9792 9793 5197
f 5197 9793 5199
f 9793 9794 5199
f 9794 9795 5199
f 5199 9795 5201
f 9795 9796 5201
f 5201 9796 5203
f 9796 9797 5203
f 5203 9797 5205
f 5205 9797 5207
f 9797 9798 5207
f 5207 9798 5209
f 9798 9799 5209
f 5209 9799 5211
f 9799 9800 5211
f 5211 9800 5213
f 9800 9801 5213
f 9801 9802 5213
f 5213 9802 5215
f 9802 9803 5215
f 5215 9803 5217
f 9803 9804 5217
f 5217 9804 5219
f 5219 9804 5221
f 9804 9805 5221
f 5221 9805 5223
f 9805 9806 5223
f 9806 9807 5223
f 5223 9807 5225
f 5225 9807 5227
f 9807 9808 5227
f 5227 9808 5229
f 9808 9809 5229
f 5229 9809 5231
f 9809 9810 5231
f 5231 9810 5233
f 9810 9811 5233
f 5233 9811 5235
f 9811 9812 5235
f 5235 9812 5237
f 9812 9813 5237
f 9813 9814 5237
f 5237 9814 5239
f 9814 9815 5239
f 5239 9815 5241
f 9815 9816 5241
f 5241 9816 5243
f 5243 9816 5245
f 9816 9817 5245
f 5245 9817 5247
f 9817 9818 5247
f 9818 9819 5247
f 5247 9819 5249
f 9819 9820 5249
f 5249 9820 5251
f 9820 9821 5251
f 5251 9821 5253
f 5253 9821 5255
f 9821 9822 5255
f 5255 9822 5257
f 9822 9823 5257
f 5257 9823 5259
f 9823 9824 5259
f 5259 9824 5261
f 9824 9825 5261
f 9825 9826 5261
f 5261 9826 5263
f 5263 9826 5265
f 9826 9827 5265
f 5265 9827 5267
f 9827 9828 5267
f 5267 9828 5269
f 9828 9829 5269
f 5269 9829 5271
f 9829 9830 5271
f 9830 9831 5271
f 5271 9831 5273
f 9831 9832 5273
f 5273 9832 5275
f 9832 9833 5275
f 5275 9833 5277
f 5277 9833 5279
f 9833 9834 5279
f 5279 9834 5281
f 9834 9835 5281
f 5281 9835 5283
f 9835 9836 5283
f 5283 9836 5285
f 9836 9837 5285
f 9837 9838 5285
f 5285 9838 5287
f 5287 9838 5289
f 9838 9839 5289
f 5289 9839 5291
f 9839 9840 5291
f 5291 9840 5293
f 9840 9841 5293
f 5293 9841 5295
f 9841 9842 5295
f 9842 9843 5295
f 5295 9843 5297
f 9843 9844 5297
f 5297 9844 5299
f 9844 9845 5299
f 5299 9845 5301
f 5301 9845 5303
f 9845 9846 5303
f 5303 9846 5305
f 9846 9847 5305
f 5305 9847 5307
f 9847 9848 5307
f 5307 9848 5309
f 9848 9849 5309
f 9849 9850 5309
f 5309 9850 5311
f 5311 9850 5313
f 9850 9851 5313
f 5313 9851 5315
f 9851 9852 5315
f 5315 9852 5317
f 9852 9853 5317
f 5317 9853 5319
f 9853 9854 5319
f 9854 9855 5319
f 5319 9855 5321
f 9855 9856 5321
f 5321 9856 5323
f 9856 9857 5323
f 5323 9857 5325
f 5325 9857 5327
f 9857 9858 5327
f 5327 9858 5329
f 9858 9859 5329
f 5329 9859 5331
f 9859 9860 5331
f 5331 9860 5333
f 9860 9861 5333
f 9861 9862 5333
f 5333 9862 5335
f 5335 9862 5337
f 9862 9863 5337
f 5337 9863 5339
f 9863 9864 5339
f 5339 9864 5341
f 9864 9865 5341
f 5341 9865 5343
f 9865 9866 5343
f 9866 9867 5343
f 5343 9867 5345
f 9867 9868 5345
f 5345 9868 5347
f 9868 9869 5347
f 5347 9869 5349
f 5349 9869 5351
f 9869 9870 5351
f 5351 9870 5353
f 9870 9871 5353
f 5353 9871 5355
f 9871 9872 5355
f 5355 9872 5357
f 9872 9873 5357
f 9873 9874 5357
f 5357 9874 5359
f 5359 9874 5361
f 9874 9875 5361
f 5361 9875 5363
f 9875 9876 5363
f 5363 9876 5365
f 9876 9877 5365
f 5365 9877 5367
f 9877 9878 5367
f 9878 9879 5367
f 5367 9879 5369
f 9879 9880 5369
f 5369 9880 5371
f 9880 9881 5371
f 5371 9881 5373
f 5373 9881 5375
f 9881 9882 5375
f 5375 9882 5377
f 9882 9883 5377
f 5377 9883 5379
f 9883 9884 5379
f 5379 9884 5381
f 9884 9885 5381
f 9885 9886 5381
f 5381 9886 5383
f 5383 9886 5385
f 9886 9887 5385
f 5385 9887 5387
f 9887 9888 5387
f 5387 9888 5389
f 9888 9889 5389
f 5389 9889 5391
f 9889 9890 5391
f 9890 9891 5391
f 5391 9891 5393
f 9891 9892 5393
f 5393 9892 5395
f 9892 9893 5395
f 5395 9893 5397
f 5397 9893 5399
f 9893 9894 5399
f 5399 9894 5401
f 9894 9895 5401
f 5401 9895 5403
f 9895 9896 5403
f 5403 9896 5405
f 9896 9897 5405
f 9897 9898 5405
f 5405 9898 5407
f 5407 9898 5409
f 9898 9899 5409
f 5409 9899 5411
f 9899 9900 5411
f 5411 9900 5413
f 9900 9901 5413
f 5413 9901 5415
f 9901 9902 5415
f 9902 9903 5415
f 5415 9903 5417
f 9903 9904 5417
f 5417 9904 5419
f 9904 9905 5419
f 5419 9905 5421
f 5421 9905 5423
f 9905 9906 5423
f 5423 9906 5425
f 9906 9907 5425
f 5425 9907 5427
f 9907 9908 5427
f 5427 9908 5429
f 9908 9909 5429
f 9909 9910 5429
f 5429 9910 5431
f 5431 9910 5433
f 9910 9911 5433
f 5433 9911 5435
f 9911 9912 5435
f 5435 9912 5437
f 9912 9913 5437
f 5437 9913 5439
f 9913 9914 5439
f 9914 9915 5439
f 5439 9915 5441
f 9915 9916 5441
f 5441 9916 5443
f 9916 9917 5443
f 5443 9917 5445
f 5445 9917 5447
f 9917 9918 5447
f 5447 9918 5449
f 9918 9919 5449
f 5449 9919 5451
f 9919 9920 5451
f 5451 9920 5453
f 9920 9921 5453
f 9921 9922 5453
f 5453 9922 5455
f 5455 9922 5457
f 9922 9923 5457
f 5457 9923 5459
f 9923 9924 5459
f 5459 9924 5461
f 9924 9925 5461
f 5461 9925 5463
f 9925 9926 5463
f 9926 9927 5463
f 5463 9927 5465
f 9927 9928 5465
f 5465 9928 5467
f 9928 9929 5467
f 5467 9929 5469
f 5469 9929 5471
f 9929 9930 5471
f 5471 9930 5473
f 9930 9931 5473
f 9931 9932 5473
f 5473 9932 5475
f 5475 9932 5477
f 9932 9933 5477
f 5477 9933 5479
f 9933 9934 5479
f 5479 9934 5481
f 9934 9935 5481
f 5481 9935 5483
f 9935 9936 5483
f 5483 9936 5485
f 9936 9937 5485
f 5485 9937 5487
f 9937 9938 5487
f 9938 9939 5487
f 5487 9939 5489
f 9939 9940 5489
f 5489 9940 5491
f 9940 9941 5491
f 5491 9941 5493
f 5493 9941 5495
f 9941 9942 5495
f 5495 9942 5497
f 9942 9943 5497
f 9943 9944 5497
f 5497 9944 5499
f 9944 9945 5499
f 5499 9945 5501
f 9945 9946 5501
f 5501 9946 5503
f 5503 9946 5505
f 9946 9947 5505
f 5505 9947 5507
f 9947 9948 5507
f 5507 9948 5509
f 9948 9949 5509
f 5509 9949 5511
f 9949 9950 5511
f 9950 9951 5511
f 5511 9951 5513
f 5513 9951 5515
f 9951 9952 5515
f 5515 9952 5517
f 9952 9953 5517
f 5517 9953 5519
f 9953 9954 5519
f 5519 9954 5521
f 9954 9955 5521
f 9955 9956 5521
f 5521 9956 5523
f 9956 9957 5523
f 5523 9957 5525
f 9957 9958 5525
f 5525 9958 5527
f 5527 9958 5529
f 9958 9959 5529
f 5529 9959 5531
f 9959 9960 5531
f 5531 9960 5533
f 9960 9961 5533
f 5533 9961 5535
f 9961 9962 5535
f 9962 9963 5535
f 5535 9963 5537
f 5537 9963 5539
f 9963 9964 5539
f 5539 9964 5541
f 9964 9965 5541
f 5541 9965 5543
f 9965 9966 5543
f 5543 9966 5545
f 9966 9967 5545
f 9967 9968 5545
f 5545 9968 5547
f 5547 9968 5549
f 9968 9969 5549
f 5549 9969 5551
f 9969 9970 5551
f 5551 9970 5553
f 9970 9971 5553
f 5553 9971 5555
f 9971 9972 5555
f 9972 9973 5555
f 5555 9973 5557
f 9973 9974 5557
f 5557 9974 5559
f 9974 9975 5559
f 5559 9975 5561
f 5561 9975 5563
f 9975 9976 5563
f 5563 9976 5565
f 9976 9977 5565
f 5565 9977 5567
f 9977 9978 5567
f 5567 9978 5569
f 9978 9979 5569
f 9979 9980 5569
f 5569 9980 5571
f 5571 9980 5573
f 9980 9981 5573
f 5573 9981 5575
f 9981 9982 5575
f 5575 9982 5577
f 9982 9983 5577
f 5577 9983 5579
f 9983 9984 5579
f 9984 9985 5579
f 5579 9985 5581
f 9985 9986 5581
f 5581 9986 5583
f 9986 9987 5583
f 5583 9987 5585
f 5585 9987 5587
f 9987 9988 5587
f 5587 9988 5589
f 9988 9989 5589
f 5589 9989 5591
f 9989 9990 5591
f 5591 9990 5593
f 9990 9991 5593
f 9991 9992 5593
f 5593 9992 5595
f 5595 9992 5597
f 9992 9993 5597
f 5597 9993 5599
f 9993 9994 5599
f 5599 9994 5601
f 9994 9995 5601
f 5601 9995 5603
f 9995 9996 5603
f 9996 9997 5603
f 5603 9997 5605
f 9997 9998 5605
f 5605 9998 5607
f 9998 9999 5607
f 5607 9999 5609
f 5609 9999 5611
f 9999 10000 5611
f 5611 10000 5613
f 10000 10001 5613
f 5613 10001 5615
f 10001 10002 5615
f 5615 10002 5617
f 10002 10003 5617
f 10003 10004 5617
f 5617 10004 5619
f 5619 10004 5621
f 10004 10005 5621
f 5621 10005 5623
f 10005 10006 5623
f 5623 10006 5625
f 10006 10007 5625
f 5625 10007 5627
f 10007 10008 5627
f 10008 10009 5627
f 5627 10009 5629
f 10009 10010 5629
f 5629 10010 5631
f 10010 10011 5631
f 5631 10011 5633
f 5633 10011 5635
f 10011 10012 5635
f 5635 10012 5637
f 10012 10013 5637
f 5637 10013 5639
f 10013 10014 5639
f 5639 10014 5641
f 10014 10015 5641
f 10015 10016 5641
f 5641 10016 5643
f 5643 10016 5645
f 10016 10017 5645
f 5645 10017 5647
f 10017 10018 5647
f 5647 10018 5649
f 10018 10019 5649
f 5649 10019 5651
f 10019 10020 5651
f 10020 10021 5651
f 5651 10021 5653
f 10021 10022 5653
f 5653 10022 5655
f 10022 10023 5655
f 5655 10023 5657
f 5657 10023 5659
f 10023 10024 5659
f 5659 10024 5661
f 10024 10025 5661
f 5661 10025 5663
f 10025 10026 5663
f 5663 10026 5665
f 10026 10027 5665
f 10027 10028 5665
f 5665 10028 5667
f 5667 10028 5669
f 10028 10029 5669
f 5669 10029 5671
f 10029 10030 5671
f 5671 10030 5673
f 10030 10031 5673
f 5673 10031 5675
f 10031 10032 5675
f 10032 10033 5675
f 5675 10033 5677
f 10033 10034 5677
f 5677 10034 5679
f 10034 10035 5679
f 5679 10035 5681
f 5681 10035 5683
f 10035 10036 5683
f 5683 10036 5685
f 10036 10037 5685
f 5685 10037 5687
f 10037 10038 5687
f 5687 10038 5689
f 10038 10039 5689
f 10039 10040 5689
f 5689 10040 5691
f 5691 10040 5693
f 10040 10041 5693
f 5693 10041 5695
f 10041 10042 5695
f 5695 10042 5697
f 10042 10043 5697
f 5697 10043 5699
f 10043 10044 5699
f 10044 10045 5699
f 5699 10045 5701
f 10045 10046 5701
f 5701 10046 5703
f 10046 10047 5703
f 5703 10047 5705
f 5705 10047 5707
f 10047 10048 5707
f 5707 10048 5709
f 10048 10049 5709
f 5709 10049 5711
f 10049 10050 5711
f 5711 10050 5713
f 10050 10051 5713
f 10051 10052 5713
f 5713 10052 5715
f 5715 10052 5717
f 10052 10053 5717
f 5717 10053 5719
f 10053 10054 5719
f 5719 10054 5721
f 10054 10055 5721
f 5721 10055 5723
f 10055 10056 5723
f 10056 10057 5723
f 5723 10057 5725
f 10057 10058 5725
f 5725 10058 5727
f 10058 10059 5727
f 5727 10059 5729
f 5729 10059 5731
f 10059 10060 5731
f 5731 10060 5733
f 10060 10061 5733
f 5733 10061 5735
f 10061 10062 5735
f 5735 10062 5737
f 10062 10063 5737
f 10063 10064 5737
f 5737 10064 5739
f 5739 10064 5741
f 10064 10065 5741
f 5741 10065 5743
f 10065 10066 5743
f 5743 10066 5750
f 10066 10067 5750
f 5750 10067 5751
f 10067 10068 5751
f 10068 10069 5751
f 5751 10069 5753
f 5753 10069 5755
f 10069 10070 5755
f 5755 10070 5757
f 10070 10071 5757
f 5757 10071 5759
f 10071 10072 5759
f 5759 10072 5761
f 10072 10073 5761
f 10073 10074 5761
f 5761 10074 5763
f 10074 10075 5763
f 5763 10075 5765
f 10075 10076 5765
f 5765 10076 5767
f 5767 10076 5769
f 10076 10077 5769
f 5769 10077 5771
f 10077 10078 5771
f 5771 10078 5773
f 10078 10079 5773
f 5773 10079 5775
f 10079 10080 5775
f 10080 10081 5775
f 5775 10081 5777
f 5777 10081 5779
f 10081 10082 5779
f 5779 10082 5781
f 10082 10083 5781
f 5781 10083 5783
f 10083 10084 5783
f 5783 10084 5785
f 10084 10085 5785
f 10085 10086 5785
f 5785 10086 5787
f 10086 10087 5787
f 5787 10087 5789
f 10087 10088 5789
f 5789 10088 5791
f 5791 10088 5793
f 10088 10089 5793
f 5793 10089 5795
f 10089 10090 5795
f 5795 10090 5797
f 10090 10091 5797
f 5797 10091 5799
f 10091 10092 5799
f 10092 10093 5799
f 5799 10093 5801
f 5801 10093 5803
f 10093 10094 5803
f 5803 10094 5805
f 10094 10095 5805
f 5805 10095 5807
f 10095 10096 5807
f 5807 10096 5809
f 10096 10097 5809
f 10097 10098 5809
f 5809 10098 5811
f 10098 10099 5811
f 5811 10099 5813
f 10099 10100 5813
f 5813 10100 5815
f 5815 10100 5817
f 10100 10101 5817
f 5817 10101 5819
f 10101 10102 5819
f 5819 10102 5821
f 10102 10103 5821
f 5821 10103 5823
f 10103 10104 5823
f 10104 10105 5823
f 5823 10105 5825
f 5825 10105 5827
f 10105 10106 5827
f 5827 10106 5829
f 10106 10107 5829
f 5829 10107 5831
f 10107 10108 5831
f 5831 10108 5833
f 10108 10109 5833
f 10109 10110 5833
f 5833 10110 5835
f 10110 10111 5835
f 5835 10111 5837
f 10111 10112 5837
f 5837 10112 5839
f 5839 10112 5841
f 10112 10113 5841
f 5841 10113 5842
f 10113 10114 5842
f 10114 10115 5842
f 5842 10115 5746
f 10115 10116 5746
f 5746 10116 5748
f 10116 10117 5748
f 5748 10117 5844
f 5844 10117 5846
f 10117 10118 5846
f 5846 10118 5848
f 10118 10119 5848
f 5848 10119 5850
f 10119 10120 5850
f 5850 10120 5851
f 10120 10121 5851
f 10121 10122 5851
f 5851 10122 5853
f 5853 10122 5856
f 10122 10123 5856
f 5856 10123 5858
f 10123 10124 5858
f 5858 10124 5860
f 10124 10125 5860
f 5860 10125 5862
f 10125 10126 5862
f 10126 10127 5862
f 5862 10127 5864
f 10127 10128 5864
f 5864 10128 5865
f 10128 10129 5865
f 5865 10129 5867
f 5867 10129 5875
f 10129 10130 5875
f 5875 10130 5877
f 10130 10131 5877
f 5877 10131 5879
f 10131 10132 5879
f 5879 10132 5880
f 10132 10133 5880
f 10133 10134 5880
f 5880 10134 5870
f 5870 10134 5872
f 10134 10135 5872
f 5872 10135 5887
f 10135 10136 5887
f 5887 10136 5889
f 10136 10137 5889
f 5889 10137 5890
f 10137 10138 5890
f 10138 10139 5890
f 5890 10139 5882
f 10139 10140 5882
f 5882 10140 5884
f 10140 10141 5884
f 5884 10141 5892
f 5892 10141 5894
f 10141 10142 5894
f 5894 10142 5896
f 10142 10143 5896
f 10143 10144 5896
f 5896 10144 5897
f 5897 10144 5899
f 10144 10145 5899
f 5899 10145 5901
f 10145 10146 5901
f 5901 10146 5904
f 10146 10147 5904
f 5904 10147 5906
f 10147 10148 5906
f 5906 10148 5908
f 10148 10149 5908
f 5908 10149 5909
f 10149 10150 5909
f 10150 10151 5909
f 5909 10151 5911
f 5911 10151 5914
f 10151 10152 5914
f 5914 10152 5916
f 10152 10153 5916
f 5916 10153 5918
f 10153 10154 5918
f 5918 10154 5919
f 10154 10155 5919
f 10155 10156 5919
f 5919 10156 5921
f 10156 10157 5921
f 5921 10157 5923
f 10157 10158 5923
f 5923 10158 5925
f 5925 10158 5933
f 10158 10159 5933
f 5933 10159 5935
f 10159 10160 5935
f 5935 10160 5937
f 10160 10161 5937
f 5937 10161 5938
f 10161 10162 5938
f 10162 10163 5938
f 5938 10163 5928
f 5928 10163 5930
f 10163 10164 5930
f 5930 10164 5940
f 10164 10165 5940
f 5940 10165 5942
f 10165 10166 5942
f 5942 10166 5953
f 10166 10167 5953
f 10167 10168 5953
f 5953 10168 5952
f 10168 10169 5952
f 5952 10169 5950
f 10169 10170 5950
f 5950 10170 5948
f 5948 10170 5946
f 10170 10171 5946
f 5946 10171 5974
f 10171 10172 5974
f 10172 10173 5974
f 5974 10173 5975
f 5975 10173 5977
f 10173 10174 5977
f 5977 10174 5979
f 10174 10175 5979
f 5979 10175 5981
f 10175 10176 5981
f 5981 10176 5983
f 10176 10177 5983
f 5983 10177 5985
f 10177 10178 5985
f 5985 10178 5987
f 10178 10179 5987
f 10179 10180 5987
f 5987 10180 5989
f 5989 10180 5991
f 10180 10181 5991
f 5991 10181 5993
f 10181 10182 5993
f 5993 10182 5995
f 10182 10183 5995
f 5995 10183 5997
f 10183 10184 5997
f 10184 10185 5997
f 5997 10185 5999
f 10185 10186 5999
f 5999 10186 6001
f 10186 10187 6001
f 6001 10187 6003
f 6003 10187 6005
f 10187 10188 6005
f 6005 10188 6007
f 10188 10189 6007
f 6007 10189 6009
f 10189 10190 6009
f 6009 10190 6011
f 10190 10191 6011
f 10191 10192 6011
f 6011 10192 6013
f 6013 10192 6015
f 10192 10193 6015
f 6015 10193 6017
f 10193 10194 6017
f 6017 10194 6019
f 10194 10195 6019
f 6019 10195 6021
f 10195 10196 6021
f 10196 10197 6021
f 6021 10197 6023
f 10197 10198 6023
f 6023 10198 6025
f 10198 10199 6025
f 6025 10199 6027
f 6027 10199 6029
f 10199 10200 6029
f 6029 10200 6031
f 10200 10201 6031
f 10201 10202 6031
f 6031 10202 6033
f 6033 10202 6035
f 10202 10203 6035
f 6035 10203 6037
f 10203 10204 6037
f 6037 10204 6039
f 10204 10205 6039
f 6039 10205 6041
f 10205 10206 6041
f 6041 10206 6043
f 10206 10207 6043
f 6043 10207 6045
f 10207 10208 6045
f 10208 10209 6045
f 6045 10209 6047
f 6047 10209 6049
f 10209 10210 6049
f 6049 10210 6051
f 10210 10211 6051
f 6051 10211 6053
f 10211 10212 6053
f 6053 10212 6055
f 10212 10213 6055
f 10213 10214 6055
f 6055 10214 6057
f 10214 10215 6057
f 6057 10215 6059
f 10215 10216 6059
f 6059 10216 6061
f 6061 10216 6063
f 10216 10217 6063
f 6063 10217 6065
f 10217 10218 6065
f 6065 10218 6067
f 10218 10219 6067
f 6067 10219 6069
f 10219 10220 6069
f 10220 10221 6069
f 6069 10221 6071
f 6071 10221 6073
f 10221 10222 6073
f 6073 10222 6075
f 10222 10223 6075
f 6075 10223 6077
f 10223 10224 6077
f 6077 10224 6079
f 10224 10225 6079
f 10225 10226 6079
f 6079 10226 6081
f 10226 10227 6081
f 6081 10227 6083
f 10227 10228 6083
f 6083 10228 6085
f 6085 10228 6087
f 10228 10229 6087
f 6087 10229 6089
f 10229 10230 6089
f 10230 10231 6089
f 6089 10231 6091
f 6091 10231 6093
f 10231 10232 6093
f 6093 10232 6095
f 10232 10233 6095
f 6095 10233 6097
f 10233 10234 6097
f 6097 10234 6099
f 10234 10235 6099
f 6099 10235 6101
f 10235 10236 6101
f 6101 10236 6103
f 10236 10237 6103
f 10237 10238 6103
f 6103 10238 6105
f 6105 10238 6107
f 10238 10239 6107
f 6107 10239 6109
f 10239 10240 6109
f 6109 10240 6111
f 10240 10241 6111
f 6111 10241 6113
f 10241 10242 6113
f 10242 10243 6113
f 6113 10243 6115
f 10243 10244 6115
f 6115 10244 6117
f 10244 10245 6117
f 6117 10245 6119
f 6119 10245 6121
f 10245 10246 6121
f 6121 10246 6123
f 10246 10247 6123
f 6123 10247 6125
f 10247 10248 6125
f 6125 10248 6127
f 10248 10249 6127
f 10249 10250 6127
f 6127 10250 6129
f 6129 10250 6131
f 10250 10251 6131
f 6131 10251 6133
f 10251 10252 6133
f 6133 10252 6135
f 10252 10253 6135
f 6135 10253 6137
f 10253 10254 6137
f 10254 10255 6137
f 6137 10255 6139
f 10255 10256 6139
f 6139 10256 6141
f 10256 10257 6141
f 6141 10257 6143
f 6143 10257 6145
f 10257 10258 6145
f 6145 10258 6147
f 10258 10259 6147
f 10259 10260 6147
f 6147 10260 6149
f 6149 10260 6150
f 10260 10261 6150
f 6150 10261 6151
f 10261 10262 6151
f 6151 10262 5973
f 10262 10263 5973
f 5973 10263 5972
f 10263 10264 5972
f 5972 10264 5971
f 10264 10265 5971
f 5971 10265 5970
f 10265 10266 5970
f 10266 10267 5970
f 5970 10267 5966
f 5966 10267 5967
f 10267 10268 5967
f 5967 10268 5968
f 10268 10269 5968
f 5968 10269 5969
f 10269 10270 5969
f 5969 10270 5962
f 10270 10271 5962
f 10271 10272 5962
f 5962 10272 5963
f 10272 10273 5963
f 5963 10273 5964
f 10273 10274 5964
f 5964 10274 5965
f 5965 10274 5959
f 10274 10275 5959
f 5959 10275 5960
f 10275 10276 5960
f 10276 10277 5960
f 5960 10277 5961
f 5961 10277 5958
f 10277 10278 5958
f 5958 10278 5957
f 10278 10279 5957
f 5957 10279 5954
f 10279 10280 5954
f 5954 10280 5955
f 10280 10281 5955
f 10281 10282 5955
f 5955 10282 5956
f 10282 10283 5956
f 5956 10283 204
f 10283 10284 204
f 204 10284 186
f 10284 10285 186
f 10285 10286 186
f 186 10286 183
f 10286 10287 183
f 10287 10288 183
f 10288 10289 183
f 183 10289 181
f 10289 10290 181
f 181 10290 179
f 10290 10291 179
f 179 10291 178
f 10291 10292 178
f 10292 10293 178
f 10293 10294 178
f 178 10294 175
f 10294 10295 175
f 175 10295 173
f 10296 171 10297
f 171 173 10297
f 10297 173 10298
f 173 10295 10298
f 10296 10299 171
f 10299 10300 171
f 171 10300 169
f 10300 10301 169
f 169 10301 168
f 10301 10302 168
f 168 10302 166
f 10302 10303 166
f 166 10303 164
f 10303 10304 164
f 10305 158 10306
f 158 159 10306
f 10306 159 10307
f 159 160 10307
f 10307 160 10308
f 160 162 10308
f 10308 162 10309
f 162 164 10309
f 10309 164 10310
f 164 10304 10310
f 10305 10311 158
f 10311 10312 158
f 158 10312 156
f 10312 10313 156
f 156 10313 152
f 10313 10314 152
f 152 10314 150
f 10315 148 10316
f 148 150 10316
f 10316 150 10317
f 150 10314 10317
f 10315 10318 148
f 10318 10319 148
f 148 10319 146
f 10320 140 10321
f 140 142 10321
f 10321 142 10322
f 142 143 10322
f 10322 143 10323
f 143 145 10323
f 10323 145 10324
f 145 146 10324
f 10324 146 10325
f 146 10319 10325
f 10320 10326 140
f 10326 10327 140
f 140 10327 138
f 10327 10328 138
f 138 10328 137
f 10328 10329 137
f 137 10329 135
f 10329 10330 135
f 135 10330 134
f 10330 10331 134
f 134 10331 7390
f 10332 129 10333
f 129 131 10333
f 10333 131 7391
f 131 132 7391
f 7391 132 134
f 10332 10334 129
f 10334 10335 129
f 129 10335 128
f 10335 10336 128
f 128 10336 126
f 10336 10337 126
f 10337 10338 126
f 10338 10339 126
f 126 10339 124
f 10339 10340 124
f 124 10340 122
f 10340 10341 122
f 122 10341 121
f 10341 10342 121
f 121 10342 119
f 10342 10343 119
f 10343 10344 119
f 119 10344 118
f 10344 10345 118
f 10345 10346 118
f 118 10346 116
f 10346 10347 116
f 10347 10348 116
f 116 10348 114
f 10348 10349 114
f 10349 10350 114
f 10350 10351 114
f 114 10351 112
f 10351 111 112
f 10351 10352 111
f 10352 10353 111
f 111 10353 109
f 10353 10354 109
f 10354 10355 109
f 109 10355 107
f 10355 10356 107
f 10356 10357 107
f 10357 10358 107
f 107 10358 105
f 10358 10359 105
f 105 10359 103
f 10359 10360 103
f 103 10360 102
f 10360 10361 102
f 10362 98 10363
f 98 100 10363
f 10363 100 10364
f 100 102 10364
f 10364 102 10365
f 102 10361 10365
f 10362 10366 98
f 10366 10367 98
f 98 10367 96
f 10367 10368 96
f 10368 10369 96
f 10369 10370 96
f 96 10370 94
f 10370 93 94
f 10370 10371 93
f 10371 10372 93
f 93 10372 91
f 10372 10373 91
f 10373 10374 91
f 10374 10375 91
f 91 10375 89
f 10375 10376 89
f 10376 10377 89
f 10377 10378 89
f 89 10378 87
f 10378 10379 87
f 87 10379 85
f 10379 10380 85
f 85 10380 84
f 10380 10381 84
f 10382 80 10383
f 80 82 10383
f 10383 82 10384
f 82 84 10384
f 10384 84 10385
f 84 10381 10385
f 10382 10386 80
f 10386 10387 80
f 80 10387 78
f 10387 10388 78
f 78 10388 77
f 10388 10389 77
f 10389 10390 77
f 77 10390 75
f 10390 10391 75
f 75 10391 73
f 10391 10392 73
f 73 10392 10393
f 10393 10394 73
f 10394 10395 73
f 73 10395 71
f 10395 10396 71
f 71 10396 69
f 10396 10397 69
f 10397 10398 69
f 69 10398 67
f 10398 10399 67
f 67 10399 66
f 10399 10400 66
f 10400 10401 66
f 10401 10402 66
f 66 10402 64
f 10402 10403 64
f 64 10403 62
f 10403 10404 62
f 10404 10405 62
f 62 10405 60
f 10405 10406 60
f 10406 10407 60
f 60 10407 59
f 10407 10408 59
f 59 10408 57
f 10408 10409 57
f 57 10409 56
f 10409 10410 56
f 56 10410 54
f 10410 10411 54
f 10411 10412 54
f 54 10412 52
f 10412 10413 52
f 10413 10414 52
f 52 10414 51
f 10414 10415 51
f 51 10415 49
f 10415 10416 49
f 49 10416 48
f 10416 10417 48
f 10417 10418 48
f 10418 10419 48
f 48 10419 46
f 46 10419 45
f 10419 10420 45
f 45 10420 43
f 10420 10421 43
f 10421 10422 43
f 43 10422 42
f 10422 10423 42
f 10423 10424 42
f 42 10424 40
f 10424 10425 40
f 10425 10426 40
f 10426 10427 40
f 40 10427 38
f 10427 10428 38
f 38 10428 36
f 10428 10429 36
f 36 10429 35
f 10429 10430 35
f 35 10430 33
f 10430 10431 33
f 10431 10432 33
f 33 10432 32
f 10432 10433 32
f 10433 10434 32
f 32 10434 30
f 10434 10435 30
f 10435 10436 30
f 10436 10437 30
f 30 10437 28
f 10437 10438 28
f 28 10438 26
f 10438 10439 26
f 26 10439 25
f 10439 10440 25
f 10440 10441 25
f 10441 10442 25
f 25 10442 23
f 10442 10443 23
f 10443 10444 23
f 23 10444 21
f 10444 10445 21
f 10445 10446 21
f 21 10446 19
f 10447 10448 16
f 10446 10449 19
f 10449 10447 19
f 19 10447 17
f 10447 16 17
f 10448 10450 16
f 10450 10451 16
f 16 10451 14
f 10451 10452 14
f 10452 10453 14
f 10453 10454 14
f 14 10454 12
f 10454 10455 12
f 12 10455 10
f 10455 10456 10
f 10456 10457 10
f 10 10457 8
f 10457 10458 8
f 10458 10459 8
f 8 10459 6
f 10459 10460 6
f 6 10460 7389
f 7352 10461 7336
f 7315 10462 10463
f 154 10464 161
f 161 10464 163
f 10464 10465 163
f 10465 10466 163
f 163 10466 165
f 10466 10467 165
f 10468 170 10469
f 170 167 10469
f 10469 167 10470
f 167 165 10470
f 10470 165 10471
f 165 10467 10471
f 10468 10472 170
f 10472 10473 170
f 170 10473 172
f 10473 10474 172
f 10474 10475 172
f 10475 10476 172
f 172 10476 174
f 10476 176 174
f 10476 10477 176
f 10477 10478 176
f 176 10478 177
f 10478 10479 177
f 10479 10480 177
f 10480 10481 177
f 177 10481 180
f 10481 10482 180
f 180 10482 182
f 10482 10483 182
f 10483 10484 182
f 182 10484 184
f 10484 10485 184
f 184 10485 185
f 10485 10486 185
f 185 10486 202
f 10486 10487 202
f 10487 10488 202
f 202 10488 203
f 203 10488 205
f 10488 10489 205
f 205 10489 207
f 10489 10490 207
f 10490 10491 207
f 207 10491 209
f 10491 10492 209
f 10492 10493 209
f 209 10493 210
f 10493 10494 210
f 210 10494 201
f 10494 10495 201
f 201 10495 199
f 199 10495 198
f 10495 10496 198
f 198 10496 196
f 10496 10497 196
f 10497 10498 196
f 196 10498 195
f 10498 10499 195
f 10499 10500 195
f 195 10500 193
f 10500 10501 193
f 10501 10502 193
f 193 10502 191
f 10502 10503 191
f 10503 10504 191
f 10504 10505 191
f 191 10505 189
f 10505 10506 189
f 189 10506 187
f 10506 10507 187
f 10507 10508 187
f 187 10508 1
f 10508 10509 1
f 10509 10510 1
f 1 10510 2
f 10510 10511 2
f 2 10511 6148
f 7315 10463 7311
f 10463 10512 7311
f 7311 10512 7312
f 10512 10513 7312
f 10513 10514 7312
f 7312 10514 7313
f 10514 10515 7313
f 7313 10515 10516
f 10517 7318 10518
f 7318 7317 10518
f 10518 7317 10519
f 7317 7316 10519
f 10519 7316 10520
f 7316 7314 10520
f 10520 7314 10521
f 7314 7313 10521
f 10521 7313 10522
f 7313 10516 10522
f 10517 10523 7318
f 10523 10524 7318
f 7318 10524 7319
f 10524 10525 7319
f 7319 10525 7320
f 10525 10526 7320
f 10526 10527 7320
f 7320 10527 7337
f 10527 10528 7337
f 10528 10529 7337
f 10529 10530 7337
f 7337 10530 7338
f 10530 7339 7338
f 10530 10531 7339
f 10531 10532 7339
f 7339 10532 7340
f 10532 10533 7340
f 10534 7342 10535
f 7342 7341 10535
f 10535 7341 10536
f 7341 7340 10536
f 10536 7340 10537
f 7340 10533 10537
f 10534 10538 7342
f 10538 10539 7342
f 7342 10539 7321
f 10539 10540 7321
f 10540 10541 7321
f 10541 10542 7321
f 7321 10542 7322
f 10542 10543 7322
f 7322 10543 7323
f 10543 10544 7323
f 10544 10545 7323
f 7323 10545 7324
f 10545 10546 7324
f 10546 10547 7324
f 7324 10547 7325
f 10547 10548 7325
f 7325 10548 7326
f 10548 10549 7326
f 10549 10550 7326
f 7326 10550 7327
f 10550 10551 7327
f 7327 10551 7328
f 10551 10552 7328
f 10552 10553 7328
f 10553 10554 7328
f 7328 10554 7343
f 10554 10555 7343
f 7343 10555 7344
f 10555 10556 7344
f 7344 10556 7345
f 10556 10557 7345
f 10557 10558 7345
f 10558 10559 7345
f 7345 10559 7346
f 10559 10560 7346
f 10560 10561 7346
f 7346 10561 7347
f 10561 10562 7347
f 10562 10563 7347
f 7347 10563 7348
f 10564 10565 7350
f 10563 10566 7348
f 10566 10564 7348
f 7348 10564 7349
f 10564 7350 7349
f 10565 10567 7350
f 10567 10568 7350
f 7350 10568 7351
f 10568 10569 7351
f 10569 10570 7351
f 10570 10571 7351
f 7351 10571 7352
f 10571 10572 7352
f 7352 10572 10461
f 10462 7315 10573
f 7315 323 10573
f 10573 323 10574
f 323 322 10574
f 10574 322 10575
f 322 330 10575
f 10575 330 10576
f 330 329 10576
f 10576 329 10577
f 329 328 10577
f 10577 328 10578
f 328 327 10578
f 10578 327 10579
f 327 326 10579
f 10579 326 10580
f 326 331 10580
f 10580 331 10581
f 331 333 10581
f 10581 333 10582
f 333 334 10582
f 334 336 10582
f 10582 336 10583
f 336 340 10583
f 10583 340 10584
f 10584 340 10585
f 340 339 10585
f 10585 339 10586
f 339 338 10586
f 10586 338 10587
f 338 341 10587
f 10587 341 10588
f 341 343 10588
f 10588 343 10589
f 343 346 10589
f 346 345 10589
f 10589 345 10590
f 345 349 10590
f 10590 349 10591
f 10591 349 10592
f 349 348 10592
f 10592 348 10593
f 348 352 10593
f 10593 352 10594
f 352 351 10594
f 351 361 10594
f 10594 361 10595
f 361 360 10595
f 10595 360 10596
f 10596 360 10597
f 360 358 10597
f 10597 358 10598
f 358 356 10598
f 10598 356 10599
f 356 354 10599
f 10599 354 10600
f 354 371 10600
f 10600 371 10601
f 371 370 10601
f 10601 370 10602
f 370 368 10602
f 10602 368 10603
f 368 366 10603
f 10603 366 10604
f 366 364 10604
f 10604 364 10605
f 364 363 10605
f 10605 363 10606
f 363 372 10606
f 372 374 10606
f 10606 374 10607
f 374 395 10607
f 10607 395 10608
f 10608 395 10609
f 395 394 10609
f 10609 394 10610
f 394 392 10610
f 10610 392 10611
f 392 390 10611
f 10611 390 10612
f 390 388 10612
f 10612 388 10613
f 388 386 10613
f 10613 386 10614
f 386 384 10614
f 10614 384 10615
f 384 382 10615
f 10615 382 10616
f 382 380 10616
f 10616 380 10617
f 380 378 10617
f 378 377 10617
f 10617 377 10618
f 377 398 10618
f 10618 398 10619
f 10619 398 10620
f 398 410 10620
f 10620 410 10621
f 410 409 10621
f 10621 409 10622
f 409 407 10622
f 10622 407 10623
f 407 405 10623
f 10623 405 10624
f 405 403 10624
f 10624 403 10625
f 403 401 10625
f 10625 401 10626
f 401 400 10626
f 10626 400 10627
f 400 413 10627
f 413 415 10627
f 10627 415 10628
f 415 417 10628
f 10628 417 10629
f 10629 417 10630
f 417 419 10630
f 10630 419 10631
f 419 421 10631
f 10631 421 10632
f 421 422 10632
f 10632 422 10633
f 422 424 10633
f 10633 424 10634
f 424 426 10634
f 10634 426 10635
f 426 429 10635
f 10635 429 10636
f 429 431 10636
f 10636 431 10637
f 431 433 10637
f 10637 433 10638
f 433 434 10638
f 10638 434 10639
f 434 437 10639
f 437 439 10639
f 10639 439 10640
f 439 441 10640
f 10640 441 10641
f 10641 441 10642
f 441 443 10642
f 10642 443 10643
f 443 444 10643
f 10643 444 10644
f 444 446 10644
f 10644 446 10645
f 446 448 10645
f 10645 448 10646
f 448 451 10646
f 451 453 10646
f 10646 453 10647
f 453 455 10647
f 10647 455 10648
f 10648 455 10649
f 455 456 10649
f 10649 456 10650
f 456 319 10650
f 10650 319 10651
f 319 318 10651
f 318 459 10651
f 10651 459 10652
f 459 461 10652
f 10652 461 10653
f 10653 461 10654
f 461 463 10654
f 10654 463 10655
f 463 465 10655
f 10655 465 10656
f 465 470 10656
f 10656 470 10657
f 470 472 10657
f 10657 472 10658
f 472 469 10658
f 10658 469 10659
f 469 467 10659
f 10659 467 10660
f 467 477 10660
f 10660 477 10661
f 477 476 10661
f 10661 476 10662
f 476 316 10662
f 10662 316 10663
f 316 315 10663
f 315 480 10663
f 10663 480 10664
f 480 482 10664
f 10664 482 10665
f 10665 482 10666
f 482 484 10666
f 10666 484 10667
f 484 485 10667
f 10667 485 10668
f 485 487 10668
f 10668 487 10669
f 487 489 10669
f 10669 489 10670
f 489 492 10670
f 492 494 10670
f 10670 494 10671
f 494 496 10671
f 10671 496 10672
f 10672 496 10673
f 496 498 10673
f 10673 498 10674
f 498 499 10674
f 10674 499 10675
f 499 501 10675
f 10675 501 10676
f 501 503 10676
f 10676 503 10677
f 503 506 10677
f 10677 506 10678
f 506 508 10678
f 10678 508 10679
f 508 514 10679
f 10679 514 10680
f 514 516 10680
f 10680 516 10681
f 516 518 10681
f 10681 518 10682
f 518 509 10682
f 10682 509 10683
f 509 511 10683
f 10683 511 10684
f 511 513 10684
f 10684 513 10685
f 513 526 10685
f 10685 526 10686
f 526 528 10686
f 10686 528 10687
f 528 521 10687
f 521 523 10687
f 10687 523 10688
f 523 525 10688
f 10688 525 10689
f 10689 525 10690
f 525 531 10690
f 10690 531 10691
f 531 533 10691
f 10691 533 10692
f 533 535 10692
f 535 537 10692
f 10692 537 10693
f 537 540 10693
f 10693 540 10694
f 10694 540 10695
f 540 542 10695
f 10695 542 10696
f 542 543 10696
f 10696 543 10697
f 543 545 10697
f 10697 545 10698
f 545 547 10698
f 10698 547 10699
f 547 549 10699
f 549 551 10699
f 10699 551 10700
f 551 554 10700
f 10700 554 10701
f 10701 554 10702
f 554 556 10702
f 10702 556 10703
f 556 561 10703
f 10703 561 10704
f 561 563 10704
f 563 565 10704
f 10704 565 10705
f 565 567 10705
f 10705 567 10706
f 10706 567 10707
f 567 569 10707
f 10707 569 10708
f 569 571 10708
f 10708 571 10709
f 571 573 10709
f 10709 573 10710
f 573 575 10710
f 10710 575 10711
f 575 560 10711
f 10711 560 10712
f 560 558 10712
f 10712 558 10713
f 558 720 10713
f 10713 720 10714
f 720 719 10714
f 10714 719 10715
f 719 717 10715
f 10715 717 10716
f 717 715 10716
f 715 713 10716
f 10716 713 10717
f 713 711 10717
f 10717 711 10718
f 10718 711 10719
f 711 709 10719
f 10719 709 10720
f 709 707 10720
f 10720 707 10721
f 707 705 10721
f 10721 705 10722
f 705 703 10722
f 10722 703 10723
f 703 701 10723
f 10723 701 10724
f 701 699 10724
f 10724 699 10725
f 699 697 10725
f 10725 697 10726
f 697 695 10726
f 10726 695 10727
f 695 693 10727
f 10727 693 10728
f 693 691 10728
f 691 689 10728
f 10728 689 10729
f 689 687 10729
f 10729 687 10730
f 10730 687 10731
f 687 685 10731
f 10731 685 10732
f 685 683 10732
f 10732 683 10733
f 683 681 10733
f 10733 681 10734
f 681 679 10734
f 10734 679 10735
f 679 677 10735
f 10735 677 10736
f 677 675 10736
f 10736 675 10737
f 675 673 10737
f 10737 673 10738
f 673 671 10738
f 671 669 10738
f 10738 669 10739
f 669 667 10739
f 10739 667 10740
f 10740 667 10741
f 667 665 10741
f 10741 665 10742
f 665 663 10742
f 10742 663 10743
f 663 661 10743
f 10743 661 10744
f 661 659 10744
f 10744 659 10745
f 659 657 10745
f 10745 657 10746
f 657 655 10746
f 10746 655 10747
f 655 653 10747
f 10747 653 10748
f 653 651 10748
f 10748 651 10749
f 651 649 10749
f 10749 649 10750
f 649 647 10750
f 647 645 10750
f 10750 645 10751
f 645 643 10751
f 10751 643 10752
f 10752 643 10753
f 643 641 10753
f 10753 641 10754
f 641 639 10754
f 10754 639 10755
f 639 637 10755
f 637 635 10755
f 10755 635 10756
f 635 633 10756
f 10756 633 10757
f 10757 633 10758
f 633 631 10758
f 10758 631 10759
f 631 629 10759
f 10759 629 10760
f 629 627 10760
f 10760 627 10761
f 627 625 10761
f 10761 625 10762
f 625 623 10762
f 623 621 10762
f 10762 621 10763
f 621 619 10763
f 10763 619 10764
f 10764 619 10765
f 619 617 10765
f 10765 617 10766
f 617 615 10766
f 10766 615 10767
f 615 613 10767
f 10767 613 10768
f 613 611 10768
f 10768 611 10769
f 611 609 10769
f 10769 609 10770
f 609 607 10770
f 10770 607 10771
f 607 605 10771
f 10771 605 10772
f 605 603 10772
f 10772 603 10773
f 603 601 10773
f 10773 601 10774
f 601 599 10774
f 599 597 10774
f 10774 597 10775
f 597 595 10775
f 10775 595 10776
f 10776 595 10777
f 595 593 10777
f 10777 593 10778
f 593 591 10778
f 10778 591 10779
f 591 589 10779
f 589 587 10779
f 10779 587 10780
f 587 585 10780
f 10780 585 10781
f 10781 585 10782
f 585 583 10782
f 10782 583 10783
f 583 581 10783
f 10783 581 10784
f 581 579 10784
f 10784 579 10785
f 579 578 10785
f 10785 578 10786
f 578 723 10786
f 10786 723 10787
f 723 724 10787
f 10787 724 10788
f 724 726 10788
f 10788 726 10789
f 726 729 10789
f 10789 729 10790
f 729 731 10790
f 10790 731 10791
f 731 733 10791
f 733 734 10791
f 10791 734 10792
f 734 737 10792
f 10792 737 10793
f 10793 737 10794
f 737 738 10794
f 10794 738 10795
f 738 740 10795
f 10795 740 10796
f 740 742 10796
f 10796 742 10797
f 742 744 10797
f 10797 744 10798
f 744 747 10798
f 10798 747 10799
f 747 748 10799
f 10799 748 10800
f 748 751 10800
f 10800 751 10801
f 751 753 10801
f 10801 753 10802
f 753 755 10802
f 10802 755 10803
f 755 756 10803
f 756 313 10803
f 10803 313 10804
f 313 312 10804
f 10804 312 10805
f 312 10806 10805
f 312 761 10806
f 761 760 10806
f 10806 760 10807
f 760 763 10807
f 10807 763 10808
f 10808 763 10809
f 763 765 10809
f 10809 765 10810
f 765 767 10810
f 10810 767 10811
f 767 769 10811
f 10811 769 10812
f 769 771 10812
f 10812 771 10813
f 771 773 10813
f 10813 773 10814
f 773 775 10814
f 10814 775 10815
f 775 777 10815
f 10815 777 10816
f 777 779 10816
f 10816 779 10817
f 779 781 10817
f 10817 781 10818
f 781 783 10818
f 783 785 10818
f 10818 785 10819
f 785 787 10819
f 10819 787 10820
f 10820 787 10821
f 787 789 10821
f 10821 789 10822
f 789 791 10822
f 10822 791 10823
f 791 793 10823
f 10823 793 10824
f 793 795 10824
f 10824 795 10825
f 795 797 10825
f 10825 797 10826
f 797 799 10826
f 10826 799 10827
f 799 801 10827
f 10827 801 10828
f 801 803 10828
f 10828 803 10829
f 803 805 10829
f 10829 805 10830
f 805 807 10830
f 807 809 10830
f 10830 809 10831
f 809 811 10831
f 10831 811 10832
f 10832 811 10833
f 811 813 10833
f 10833 813 10834
f 813 815 10834
f 10834 815 10835
f 815 817 10835
f 10835 817 10836
f 817 819 10836
f 10836 819 10837
f 819 821 10837
f 10837 821 10838
f 821 823 10838
f 10838 823 10839
f 823 825 10839
f 10839 825 10840
f 825 827 10840
f 10840 827 10841
f 827 829 10841
f 10841 829 10842
f 829 831 10842
f 831 833 10842
f 10842 833 10843
f 833 835 10843
f 10843 835 10844
f 10844 835 10845
f 835 837 10845
f 10845 837 10846
f 837 839 10846
f 10846 839 10847
f 839 841 10847
f 10847 841 10848
f 841 843 10848
f 10848 843 10849
f 843 845 10849
f 10849 845 10850
f 845 847 10850
f 10850 847 10851
f 847 849 10851
f 10851 849 10852
f 849 851 10852
f 10852 851 10853
f 851 853 10853
f 10853 853 10854
f 853 855 10854
f 855 857 10854
f 10854 857 10855
f 857 859 10855
f 10855 859 10856
f 859 10857 10856
f 859 861 10857
f 861 863 10857
f 10857 863 10858
f 863 865 10858
f 10858 865 10859
f 10859 865 10860
f 865 868 10860
f 10860 868 10861
f 868 867 10861
f 10861 867 10862
f 867 870 10862
f 10862 870 10863
f 870 872 10863
f 10863 872 10864
f 872 874 10864
f 874 876 10864
f 10864 876 10865
f 876 879 10865
f 10865 879 10866
f 10866 879 10867
f 879 880 10867
f 10867 880 10868
f 880 883 10868
f 10868 883 10869
f 883 885 10869
f 885 886 10869
f 10869 886 10870
f 886 889 10870
f 10870 889 10871
f 10871 889 10872
f 889 891 10872
f 10872 891 10873
f 891 893 10873
f 10873 893 10874
f 893 895 10874
f 10874 895 10875
f 895 897 10875
f 10875 897 10876
f 897 899 10876
f 899 901 10876
f 10876 901 10877
f 901 903 10877
f 10877 903 10878
f 10878 903 10879
f 903 905 10879
f 10879 905 10880
f 905 907 10880
f 10880 907 10881
f 907 909 10881
f 10881 909 10882
f 909 911 10882
f 10882 911 10883
f 911 913 10883
f 10883 913 10884
f 913 915 10884
f 10884 915 10885
f 915 917 10885
f 10885 917 10886
f 917 919 10886
f 10886 919 10887
f 919 921 10887
f 10887 921 10888
f 921 923 10888
f 10888 923 10889
f 923 925 10889
f 10889 925 10890
f 925 927 10890
f 10890 927 10891
f 927 929 10891
f 10891 929 10892
f 929 931 10892
f 10892 931 10893
f 931 933 10893
f 933 935 10893
f 10893 935 10894
f 935 937 10894
f 10894 937 10895
f 10895 937 10896
f 937 939 10896
f 10896 939 10897
f 939 941 10897
f 10897 941 10898
f 941 943 10898
f 10898 943 10899
f 943 945 10899
f 10899 945 10900
f 945 947 10900
f 10900 947 10901
f 947 949 10901
f 10901 949 10902
f 949 951 10902
f 10902 951 10903
f 951 953 10903
f 10903 953 10904
f 953 955 10904
f 10904 955 10905
f 955 957 10905
f 957 959 10905
f 10905 959 10906
f 959 961 10906
f 10906 961 10907
f 10907 961 10908
f 961 963 10908
f 10908 963 10909
f 963 965 10909
f 10909 965 10910
f 965 967 10910
f 10910 967 10911
f 967 969 10911
f 10911 969 10912
f 969 971 10912
f 10912 971 10913
f 971 973 10913
f 10913 973 10914
f 973 975 10914
f 10914 975 10915
f 975 977 10915
f 10915 977 10916
f 977 979 10916
f 10916 979 10917
f 979 981 10917
f 981 983 10917
f 10917 983 10918
f 983 985 10918
f 10918 985 10919
f 10919 985 10920
f 985 987 10920
f 10920 987 10921
f 987 989 10921
f 10921 989 10922
f 989 991 10922
f 10922 991 10923
f 991 993 10923
f 10923 993 10924
f 993 995 10924
f 10924 995 10925
f 995 997 10925
f 10925 997 10926
f 997 999 10926
f 10926 999 10927
f 999 1001 10927
f 10927 1001 10928
f 1001 1003 10928
f 10928 1003 10929
f 1003 1005 10929
f 1005 1007 10929
f 10929 1007 10930
f 1007 1009 10930
f 10930 1009 10931
f 10931 1009 10932
f 1009 1011 10932
f 10932 1011 10933
f 1011 1013 10933
f 10933 1013 10934
f 1013 1015 10934
f 10934 1015 10935
f 1015 1017 10935
f 10935 1017 10936
f 1017 1019 10936
f 10936 1019 10937
f 1019 1021 10937
f 10937 1021 10938
f 1021 1022 10938
f 10938 1022 10939
f 1022 1025 10939
f 10939 1025 10940
f 1025 1027 10940
f 10940 1027 10941
f 1027 1029 10941
f 10941 1029 10942
f 1029 1031 10942
f 10942 1031 10943
f 1031 1033 10943
f 10943 1033 10944
f 1033 1037 10944
f 10944 1037 10945
f 1037 1039 10945
f 10945 1039 10946
f 1039 1036 10946
f 10946 1036 10947
f 1036 1035 10947
f 10947 1035 10948
f 1035 1045 10948
f 10948 1045 10949
f 1045 1043 10949
f 10949 1043 10950
f 1043 1042 10950
f 1042 1050 10950
f 10950 1050 10951
f 1050 1052 10951
f 10951 1052 10952
f 10952 1052 10953
f 1052 1054 10953
f 10953 1054 10954
f 1054 1056 10954
f 10954 1056 10955
f 1056 1057 10955
f 10955 1057 10956
f 1057 1059 10956
f 10956 1059 10957
f 1059 1062 10957
f 10957 1062 10958
f 1062 1064 10958
f 10958 1064 10959
f 1064 1065 10959
f 10959 1065 10960
f 1065 1067 10960
f 10960 1067 10961
f 1067 1069 10961
f 10961 1069 10962
f 1069 1072 10962
f 1072 1074 10962
f 10962 1074 10963
f 1074 1076 10963
f 10963 1076 10964
f 10964 1076 10965
f 1076 1082 10965
f 10965 1082 10966
f 1082 1081 10966
f 10966 1081 10967
f 1081 1079 10967
f 10967 1079 10968
f 1079 310 10968
f 10968 310 10969
f 310 309 10969
f 10969 309 10970
f 309 1090 10970
f 10970 1090 10971
f 1090 1088 10971
f 10971 1088 10972
f 1088 1086 10972
f 10972 1086 10973
f 1086 1084 10973
f 10973 1084 10974
f 1084 1083 10974
f 1083 1095 10974
f 10974 1095 10975
f 1095 1097 10975
f 10975 1097 10976
f 10976 1097 10977
f 1097 1099 10977
f 10977 1099 10978
f 1099 1101 10978
f 10978 1101 10979
f 1101 1107 10979
f 10979 1107 10980
f 1107 1109 10980
f 10980 1109 10981
f 1109 1102 10981
f 10981 1102 10982
f 1102 1104 10982
f 10982 1104 10983
f 1104 1106 10983
f 10983 1106 10984
f 1106 1112 10984
f 1112 1114 10984
f 10984 1114 10985
f 1114 1116 10985
f 10985 1116 10986
f 10986 1116 10987
f 1116 1118 10987
f 10987 1118 10988
f 1118 1120 10988
f 10988 1120 10989
f 1120 1122 10989
f 10989 1122 10990
f 1122 1124 10990
f 10990 1124 10991
f 1124 1126 10991
f 10991 1126 10992
f 1126 1128 10992
f 10992 1128 10993
f 1128 1130 10993
f 10993 1130 10994
f 1130 1132 10994
f 10994 1132 10995
f 1132 1134 10995
f 10995 1134 10996
f 1134 1136 10996
f 1136 1138 10996
f 10996 1138 10997
f 1138 1140 10997
f 10997 1140 10998
f 10998 1140 10999
f 1140 1142 10999
f 10999 1142 11000
f 1142 1144 11000
f 11000 1144 11001
f 1144 1146 11001
f 11001 1146 11002
f 1146 1148 11002
f 11002 1148 11003
f 1148 1150 11003
f 11003 1150 11004
f 1150 1152 11004
f 11004 1152 11005
f 1152 1154 11005
f 11005 1154 11006
f 1154 1156 11006
f 11006 1156 11007
f 1156 1158 11007
f 11007 1158 11008
f 1158 1160 11008
f 1160 1162 11008
f 11008 1162 11009
f 1162 1164 11009
f 11009 1164 11010
f 11010 1164 11011
f 1164 1166 11011
f 11011 1166 11012
f 1166 1168 11012
f 11012 1168 11013
f 1168 1170 11013
f 11013 1170 11014
f 1170 1172 11014
f 11014 1172 11015
f 1172 1174 11015
f 11015 1174 11016
f 1174 1176 11016
f 11016 1176 11017
f 1176 1178 11017
f 11017 1178 11018
f 1178 1180 11018
f 11018 1180 11019
f 1180 1182 11019
f 11019 1182 11020
f 1182 1184 11020
f 1184 1186 11020
f 11020 1186 11021
f 1186 1188 11021
f 11021 1188 11022
f 11022 1188 11023
f 1188 1190 11023
f 11023 1190 11024
f 1190 1192 11024
f 11024 1192 11025
f 1192 1194 11025
f 11025 1194 11026
f 1194 1196 11026
f 11026 1196 11027
f 1196 1198 11027
f 11027 1198 11028
f 1198 1200 11028
f 11028 1200 11029
f 1200 1202 11029
f 11029 1202 11030
f 1202 1204 11030
f 11030 1204 11031
f 1204 1206 11031
f 11031 1206 11032
f 1206 1208 11032
f 1208 1210 11032
f 11032 1210 11033
f 1210 1212 11033
f 11033 1212 11034
f 1212 11035 11034
f 1212 1214 11035
f 1214 1216 11035
f 11035 1216 11036
f 1216 1218 11036
f 11036 1218 11037
f 11037 1218 11038
f 1218 1221 11038
f 11038 1221 11039
f 1221 1220 11039
f 11039 1220 11040
f 1220 1223 11040
f 11040 1223 11041
f 1223 1225 11041
f 11041 1225 11042
f 1225 1228 11042
f 11042 1228 11043
f 1228 1229 11043
f 11043 1229 11044
f 1229 1231 11044
f 11044 1231 11045
f 1231 1233 11045
f 11045 1233 11046
f 1233 1235 11046
f 11046 1235 11047
f 1235 1238 11047
f 1238 1239 11047
f 11047 1239 11048
f 1239 1242 11048
f 11048 1242 11049
f 11049 1242 11050
f 1242 1243 11050
f 11050 1243 11051
f 1243 307 11051
f 11051 307 11052
f 307 306 11052
f 11052 306 11053
f 306 1246 11053
f 11053 1246 11054
f 1246 1249 11054
f 1249 303 11054
f 11054 303 11055
f 303 302 11055
f 11055 302 11056
f 11056 302 11057
f 302 1252 11057
f 11057 1252 11058
f 1252 1251 11058
f 11058 1251 11059
f 1251 1254 11059
f 1254 300 11059
f 11059 300 11060
f 300 299 11060
f 11060 299 11061
f 11061 299 11062
f 299 1259 11062
f 11062 1259 11063
f 1259 1258 11063
f 11063 1258 11064
f 1258 1261 11064
f 11064 1261 11065
f 1261 1263 11065
f 11065 1263 11066
f 1263 1266 11066
f 11066 1266 11067
f 1266 1267 11067
f 11067 1267 11068
f 1267 1270 11068
f 11068 1270 11069
f 1270 1271 11069
f 11069 1271 11070
f 1271 1274 11070
f 11070 1274 11071
f 1274 1276 11071
f 1276 1277 11071
f 11071 1277 11072
f 1277 1280 11072
f 11072 1280 11073
f 11073 1280 11074
f 1280 1281 11074
f 11074 1281 11075
f 1281 1283 11075
f 11075 1283 11076
f 1283 1286 11076
f 11076 1286 11077
f 1286 1287 11077
f 11077 1287 11078
f 1287 1290 11078
f 11078 1290 11079
f 1290 1291 11079
f 11079 1291 11080
f 1291 1294 11080
f 11080 1294 11081
f 1294 1295 11081
f 11081 1295 11082
f 1295 1297 11082
f 11082 1297 11083
f 1297 1300 11083
f 11083 1300 11084
f 1300 296 11084
f 11084 296 11085
f 296 295 11085
f 11085 295 11086
f 295 1304 11086
f 11086 1304 11087
f 1304 1302 11087
f 11087 1302 11088
f 1302 1301 11088
f 11088 1301 11089
f 1301 1308 11089
f 11089 1308 11090
f 1308 1310 11090
f 11090 1310 11091
f 1310 1313 11091
f 11091 1313 11092
f 1313 1312 11092
f 11092 1312 11093
f 1312 1315 11093
f 1315 293 11093
f 11093 293 11094
f 293 292 11094
f 11094 292 11095
f 11095 292 11096
f 292 1320 11096
f 11096 1320 11097
f 1320 1319 11097
f 11097 1319 11098
f 1319 1322 11098
f 11098 1322 11099
f 1322 1324 11099
f 11099 1324 11100
f 1324 1327 11100
f 11100 1327 11101
f 1327 1328 11101
f 11101 1328 11102
f 1328 1330 11102
f 11102 1330 11103
f 1330 1332 11103
f 11103 1332 11104
f 1332 1334 11104
f 11104 1334 11105
f 1334 1337 11105
f 1337 1338 11105
f 11105 1338 11106
f 1338 1341 11106
f 11106 1341 11107
f 11107 1341 11108
f 1341 1342 11108
f 11108 1342 11109
f 1342 290 11109
f 11109 290 11110
f 290 289 11110
f 11110 289 11111
f 289 1345 11111
f 11111 1345 11112
f 1345 1348 11112
f 11112 1348 11113
f 1348 286 11113
f 11113 286 11114
f 286 285 11114
f 11114 285 11115
f 285 1351 11115
f 11115 1351 11116
f 1351 1350 11116
f 11116 1350 11117
f 1350 1353 11117
f 1353 283 11117
f 11117 283 11118
f 283 282 11118
f 11118 282 11119
f 11119 282 11120
f 282 1358 11120
f 11120 1358 11121
f 1358 1357 11121
f 11121 1357 11122
f 1357 1360 11122
f 11122 1360 11123
f 1360 1362 11123
f 11123 1362 11124
f 1362 1365 11124
f 11124 1365 11125
f 1365 1366 11125
f 11125 1366 11126
f 1366 1369 11126
f 11126 1369 11127
f 1369 1370 11127
f 11127 1370 11128
f 1370 1373 11128
f 11128 1373 11129
f 1373 1375 11129
f 1375 1376 11129
f 11129 1376 11130
f 1376 1379 11130
f 11130 1379 11131
f 11131 1379 11132
f 1379 1380 11132
f 11132 1380 11133
f 1380 1382 11133
f 11133 1382 11134
f 1382 1385 11134
f 11134 1385 11135
f 1385 1386 11135
f 11135 1386 11136
f 1386 1389 11136
f 11136 1389 11137
f 1389 1390 11137
f 11137 1390 11138
f 1390 1392 11138
f 11138 1392 11139
f 1392 1394 11139
f 11139 1394 11140
f 1394 1396 11140
f 11140 1396 11141
f 1396 1399 11141
f 11141 1399 11142
f 1399 1401 11142
f 11142 1401 11143
f 1401 1407 11143
f 11143 1407 11144
f 1407 1409 11144
f 11144 1409 11145
f 1409 1411 11145
f 11145 1411 11146
f 1411 1402 11146
f 1402 1404 11146
f 11146 1404 11147
f 1404 1406 11147
f 11147 1406 11148
f 11148 1406 11149
f 1406 1419 11149
f 11149 1419 11150
f 1419 1421 11150
f 11150 1421 11151
f 1421 1423 11151
f 11151 1423 11152
f 1423 1425 11152
f 11152 1425 11153
f 1425 1414 11153
f 11153 1414 11154
f 1414 1416 11154
f 11154 1416 11155
f 1416 1418 11155
f 11155 1418 11156
f 1418 1428 11156
f 11156 1428 11157
f 1428 1430 11157
f 11157 1430 11158
f 1430 1432 11158
f 1432 1434 11158
f 11158 1434 11159
f 1434 1437 11159
f 11159 1437 11160
f 11160 1437 11161
f 1437 1439 11161
f 11161 1439 11162
f 1439 1440 11162
f 11162 1440 11163
f 1440 1442 11163
f 11163 1442 11164
f 1442 1444 11164
f 11164 1444 11165
f 1444 1447 11165
f 11165 1447 11166
f 1447 1449 11166
f 11166 1449 11167
f 1449 1450 11167
f 11167 1450 11168
f 1450 1452 11168
f 11168 1452 11169
f 1452 1454 11169
f 11169 1454 11170
f 1454 1456 11170
f 1456 280 11170
f 11170 280 11171
f 280 279 11171
f 11171 279 11172
f 11172 279 11173
f 279 1464 11173
f 11173 1464 11174
f 1464 1466 11174
f 11174 1466 11175
f 1466 1468 11175
f 11175 1468 11176
f 1468 1470 11176
f 11176 1470 11177
f 1470 1459 11177
f 11177 1459 11178
f 1459 1461 11178
f 11178 1461 11179
f 1461 1463 11179
f 11179 1463 11180
f 1463 1478 11180
f 11180 1478 11181
f 1478 1480 11181
f 11181 1480 11182
f 1480 1473 11182
f 1473 1475 11182
f 11182 1475 11183
f 1475 1477 11183
f 11183 1477 11184
f 11184 1477 11185
f 1477 1483 11185
f 11185 1483 11186
f 1483 1485 11186
f 11186 1485 11187
f 1485 1487 11187
f 1487 1489 11187
f 11187 1489 11188
f 1489 1492 11188
f 11188 1492 11189
f 11189 1492 11190
f 1492 1494 11190
f 11190 1494 11191
f 1494 1495 11191
f 11191 1495 11192
f 1495 1497 11192
f 11192 1497 11193
f 1497 1499 11193
f 11193 1499 11194
f 1499 1501 11194
f 1501 1503 11194
f 11194 1503 11195
f 1503 1506 11195
f 11195 1506 11196
f 11196 1506 11197
f 1506 1508 11197
f 11197 1508 11198
f 1508 1514 11198
f 11198 1514 11199
f 1514 1516 11199
f 11199 1516 11200
f 1516 1518 11200
f 11200 1518 11201
f 1518 1509 11201
f 11201 1509 11202
f 1509 1511 11202
f 11202 1511 11203
f 1511 1513 11203
f 11203 1513 11204
f 1513 1526 11204
f 11204 1526 11205
f 1526 1528 11205
f 11205 1528 11206
f 1528 1521 11206
f 1521 1523 11206
f 11206 1523 11207
f 1523 1525 11207
f 11207 1525 11208
f 11208 1525 11209
f 1525 1536 11209
f 11209 1536 11210
f 1536 1538 11210
f 11210 1538 11211
f 1538 1540 11211
f 1540 1542 11211
f 11211 1542 11212
f 1542 1531 11212
f 11212 1531 11213
f 11213 1531 11214
f 1531 1533 11214
f 11214 1533 11215
f 1533 1535 11215
f 11215 1535 11216
f 1535 1545 11216
f 11216 1545 11217
f 1545 1547 11217
f 11217 1547 11218
f 1547 1549 11218
f 1549 1551 11218
f 11218 1551 11219
f 1551 1554 11219
f 11219 1554 11220
f 11220 1554 11221
f 1554 1556 11221
f 11221 1556 11222
f 1556 1557 11222
f 11222 1557 11223
f 1557 1559 11223
f 11223 1559 11224
f 1559 1561 11224
f 11224 1561 11225
f 1561 1564 11225
f 11225 1564 11226
f 1564 1570 11226
f 11226 1570 11227
f 1570 1569 11227
f 11227 1569 11228
f 1569 1567 11228
f 11228 1567 11229
f 1567 277 11229
f 11229 277 11230
f 277 276 11230
f 276 1576 11230
f 11230 1576 11231
f 1576 1574 11231
f 11231 1574 11232
f 11232 1574 11233
f 1574 1572 11233
f 11233 1572 11234
f 1572 1588 11234
f 11234 1588 11235
f 1588 1587 11235
f 1587 1585 11235
f 11235 1585 11236
f 1585 1583 11236
f 11236 1583 11237
f 11237 1583 11238
f 1583 1581 11238
f 11238 1581 11239
f 1581 1580 11239
f 11239 1580 11240
f 1580 1589 11240
f 11240 1589 11241
f 1589 1591 11241
f 11241 1591 11242
f 1591 1593 11242
f 1593 1596 11242
f 11242 1596 11243
f 1596 1598 11243
f 11243 1598 11244
f 11244 1598 11245
f 1598 1600 11245
f 11245 1600 11246
f 1600 1601 11246
f 11246 1601 11247
f 1601 1603 11247
f 1603 1605 11247
f 11247 1605 11248
f 1605 1608 11248
f 11248 1608 11249
f 11249 1608 11250
f 1608 1610 11250
f 11250 1610 11251
f 1610 1616 11251
f 11251 1616 11252
f 1616 1618 11252
f 11252 1618 11253
f 1618 1620 11253
f 11253 1620 11254
f 1620 1622 11254
f 11254 1622 11255
f 1622 1624 11255
f 11255 1624 11256
f 1624 1626 11256
f 11256 1626 11257
f 1626 1628 11257
f 11257 1628 11258
f 1628 1630 11258
f 11258 1630 11259
f 1630 1632 11259
f 1632 1634 11259
f 11259 1634 11260
f 1634 1636 11260
f 11260 1636 11261
f 11261 1636 11262
f 1636 1638 11262
f 11262 1638 11263
f 1638 1640 11263
f 11263 1640 11264
f 1640 1642 11264
f 11264 1642 11265
f 1642 1644 11265
f 11265 1644 11266
f 1644 1611 11266
f 11266 1611 11267
f 1611 1613 11267
f 11267 1613 11268
f 1613 1615 11268
f 11268 1615 11269
f 1615 1647 11269
f 11269 1647 11270
f 1647 1649 11270
f 11270 1649 11271
f 1649 1651 11271
f 1651 1654 11271
f 11271 1654 11272
f 1654 1656 11272
f 11272 1656 11273
f 11273 1656 11274
f 1656 1658 11274
f 11274 1658 11275
f 1658 1659 11275
f 11275 1659 11276
f 1659 1661 11276
f 1661 1663 11276
f 11276 1663 11277
f 1663 1666 11277
f 11277 1666 11278
f 11278 1666 11279
f 1666 1668 11279
f 11279 1668 11280
f 1668 1669 11280
f 11280 1669 11281
f 1669 1671 11281
f 11281 1671 11282
f 1671 1673 11282
f 11282 1673 11283
f 1673 1675 11283
f 1675 1677 11283
f 11283 1677 11284
f 1677 1680 11284
f 11284 1680 11285
f 11285 1680 11286
f 1680 1682 11286
f 11286 1682 11287
f 1682 1688 11287
f 11287 1688 11288
f 1688 1690 11288
f 11288 1690 11289
f 1690 1692 11289
f 11289 1692 11290
f 1692 1683 11290
f 11290 1683 11291
f 1683 1685 11291
f 11291 1685 11292
f 1685 1687 11292
f 11292 1687 11293
f 1687 1700 11293
f 11293 1700 11294
f 1700 1702 11294
f 11294 1702 11295
f 1702 1695 11295
f 1695 1697 11295
f 11295 1697 11296
f 1697 1699 11296
f 11296 1699 11297
f 11297 1699 11298
f 1699 1705 11298
f 11298 1705 11299
f 1705 1707 11299
f 11299 1707 11300
f 1707 1709 11300
f 1709 1711 11300
f 11300 1711 11301
f 1711 1714 11301
f 11301 1714 11302
f 11302 1714 11303
f 1714 1716 11303
f 11303 1716 11304
f 1716 1717 11304
f 11304 1717 11305
f 1717 1719 11305
f 11305 1719 11306
f 1719 1721 11306
f 11306 1721 11307
f 1721 1723 11307
f 11307 1723 11308
f 1723 1724 11308
f 1724 1726 11308
f 11308 1726 11309
f 1726 1729 11309
f 11309 1729 11310
f 11310 1729 11311
f 1729 1731 11311
f 11311 1731 11312
f 1731 1732 11312
f 11312 1732 11313
f 1732 1734 11313
f 11313 1734 11314
f 1734 1736 11314
f 11314 1736 11315
f 1736 1739 11315
f 1739 1741 11315
f 11315 1741 11316
f 1741 1754 11316
f 11316 1754 11317
f 11317 1754 11318
f 1754 1753 11318
f 11318 1753 11319
f 1753 1751 11319
f 11319 1751 11320
f 1751 1749 11320
f 11320 1749 11321
f 1749 1748 11321
f 11321 1748 11322
f 1748 1745 11322
f 11322 1745 11323
f 1745 1747 11323
f 11323 1747 11324
f 1747 274 11324
f 11324 274 11325
f 274 273 11325
f 11325 273 11326
f 273 1758 11326
f 11326 1758 11327
f 1758 1757 11327
f 11327 1757 11328
f 1757 1760 11328
f 1760 1762 11328
f 11328 1762 11329
f 1762 1765 11329
f 11329 1765 11330
f 11330 1765 11331
f 1765 1766 11331
f 11331 1766 11332
f 1766 1769 11332
f 11332 1769 11333
f 1769 1771 11333
f 11333 1771 11334
f 1771 1772 11334
f 11334 1772 11335
f 1772 1775 11335
f 11335 1775 11336
f 1775 1776 11336
f 11336 1776 11337
f 1776 1778 11337
f 11337 1778 11338
f 1778 1780 11338
f 11338 1780 11339
f 1780 1782 11339
f 11339 1782 11340
f 1782 1785 11340
f 1785 1787 11340
f 11340 1787 11341
f 1787 1789 11341
f 11341 1789 11342
f 11342 1789 11343
f 1789 1791 11343
f 11343 1791 11344
f 1791 1793 11344
f 11344 1793 11345
f 1793 1795 11345
f 11345 1795 11346
f 1795 1797 11346
f 11346 1797 11347
f 1797 1799 11347
f 11347 1799 11348
f 1799 1801 11348
f 11348 1801 11349
f 1801 1803 11349
f 11349 1803 11350
f 1803 1805 11350
f 11350 1805 11351
f 1805 1807 11351
f 11351 1807 11352
f 1807 1809 11352
f 11352 1809 11353
f 1809 1811 11353
f 11353 1811 11354
f 1811 1813 11354
f 11354 1813 11355
f 1813 1815 11355
f 11355 1815 11356
f 1815 1817 11356
f 11356 1817 11357
f 1817 1820 11357
f 1820 1822 11357
f 11357 1822 11358
f 1822 1824 11358
f 11358 1824 11359
f 11359 1824 11360
f 1824 1826 11360
f 11360 1826 11361
f 1826 1828 11361
f 11361 1828 11362
f 1828 1830 11362
f 11362 1830 11363
f 1830 1832 11363
f 11363 1832 11364
f 1832 1834 11364
f 11364 1834 11365
f 1834 1836 11365
f 11365 1836 11366
f 1836 1838 11366
f 11366 1838 11367
f 1838 1840 11367
f 11367 1840 11368
f 1840 1842 11368
f 11368 1842 11369
f 1842 1844 11369
f 1844 1846 11369
f 11369 1846 11370
f 1846 1848 11370
f 11370 1848 11371
f 11371 1848 11372
f 1848 1850 11372
f 11372 1850 11373
f 1850 1852 11373
f 11373 1852 11374
f 1852 1854 11374
f 11374 1854 11375
f 1854 1856 11375
f 11375 1856 11376
f 1856 1858 11376
f 11376 1858 11377
f 1858 1860 11377
f 11377 1860 11378
f 1860 1862 11378
f 11378 1862 11379
f 1862 1864 11379
f 11379 1864 11380
f 1864 1866 11380
f 11380 1866 11381
f 1866 1868 11381
f 1868 1870 11381
f 11381 1870 11382
f 1870 1872 11382
f 11382 1872 11383
f 11383 1872 11384
f 1872 1874 11384
f 11384 1874 11385
f 1874 1876 11385
f 11385 1876 11386
f 1876 1878 11386
f 1878 1880 11386
f 11386 1880 11387
f 1880 1882 11387
f 11387 1882 11388
f 11388 1882 11389
f 1882 1884 11389
f 11389 1884 11390
f 1884 1886 11390
f 11390 1886 11391
f 1886 1888 11391
f 11391 1888 11392
f 1888 1890 11392
f 11392 1890 11393
f 1890 1892 11393
f 1892 1894 11393
f 11393 1894 11394
f 1894 1896 11394
f 11394 1896 11395
f 11395 1896 11396
f 1896 1898 11396
f 11396 1898 11397
f 1898 1900 11397
f 11397 1900 11398
f 1900 1902 11398
f 11398 1902 11399
f 1902 1904 11399
f 11399 1904 11400
f 1904 1906 11400
f 11400 1906 11401
f 1906 1908 11401
f 11401 1908 11402
f 1908 1910 11402
f 11402 1910 11403
f 1910 1912 11403
f 11403 1912 11404
f 1912 1914 11404
f 11404 1914 11405
f 1914 1916 11405
f 1916 1918 11405
f 11405 1918 11406
f 1918 1920 11406
f 11406 1920 11407
f 11407 1920 11408
f 1920 1921 11408
f 11408 1921 11409
f 1921 1923 11409
f 11409 1923 11410
f 1923 1925 11410
f 11410 1925 11411
f 1925 1927 11411
f 11411 1927 11412
f 1927 1929 11412
f 11412 1929 11413
f 1929 1931 11413
f 1931 1933 11413
f 11413 1933 11414
f 1933 1935 11414
f 11414 1935 11415
f 11415 1935 11416
f 1935 1937 11416
f 11416 1937 11417
f 1937 1939 11417
f 11417 1939 11418
f 1939 1941 11418
f 11418 1941 11419
f 1941 1943 11419
f 11419 1943 11420
f 1943 1945 11420
f 11420 1945 11421
f 1945 1947 11421
f 11421 1947 11422
f 1947 1949 11422
f 11422 1949 11423
f 1949 1951 11423
f 11423 1951 11424
f 1951 1953 11424
f 11424 1953 11425
f 1953 1955 11425
f 1955 1957 11425
f 11425 1957 11426
f 1957 1959 11426
f 11426 1959 11427
f 11427 1959 11428
f 1959 1961 11428
f 11428 1961 11429
f 1961 1963 11429
f 11429 1963 11430
f 1963 1965 11430
f 11430 1965 11431
f 1965 1967 11431
f 11431 1967 11432
f 1967 1969 11432
f 11432 1969 11433
f 1969 1971 11433
f 11433 1971 11434
f 1971 1973 11434
f 11434 1973 11435
f 1973 1975 11435
f 11435 1975 11436
f 1975 1977 11436
f 11436 1977 11437
f 1977 1979 11437
f 1979 1981 11437
f 11437 1981 11438
f 1981 1983 11438
f 11438 1983 11439
f 11439 1983 11440
f 1983 1985 11440
f 11440 1985 11441
f 1985 1987 11441
f 11441 1987 11442
f 1987 1989 11442
f 11442 1989 11443
f 1989 1991 11443
f 11443 1991 11444
f 1991 1993 11444
f 11444 1993 11445
f 1993 1995 11445
f 11445 1995 11446
f 1995 1997 11446
f 11446 1997 11447
f 1997 1999 11447
f 11447 1999 11448
f 1999 2001 11448
f 11448 2001 11449
f 2001 2003 11449
f 2003 2005 11449
f 11449 2005 11450
f 2005 2007 11450
f 11450 2007 11451
f 11451 2007 11452
f 2007 2009 11452
f 11452 2009 11453
f 2009 2015 11453
f 11453 2015 11454
f 2015 2017 11454
f 11454 2017 11455
f 2017 2019 11455
f 11455 2019 11456
f 2019 2021 11456
f 11456 2021 11457
f 2021 2023 11457
f 11457 2023 11458
f 2023 2025 11458
f 11458 2025 11459
f 2025 2027 11459
f 11459 2027 11460
f 2027 2029 11460
f 11460 2029 11461
f 2029 2031 11461
f 11461 2031 11462
f 2031 2033 11462
f 2033 2035 11462
f 11462 2035 11463
f 2035 2037 11463
f 11463 2037 11464
f 11464 2037 11465
f 2037 2039 11465
f 11465 2039 11466
f 2039 2041 11466
f 11466 2041 11467
f 2041 2043 11467
f 11467 2043 11468
f 2043 2045 11468
f 11468 2045 11469
f 2045 2010 11469
f 11469 2010 11470
f 2010 2012 11470
f 11470 2012 11471
f 2012 2014 11471
f 11471 2014 11472
f 2014 2053 11472
f 11472 2053 11473
f 2053 2055 11473
f 11473 2055 11474
f 2055 2057 11474
f 2057 2059 11474
f 11474 2059 11475
f 2059 2061 11475
f 11475 2061 11476
f 11476 2061 11477
f 2061 2063 11477
f 11477 2063 11478
f 2063 2065 11478
f 11478 2065 11479
f 2065 2067 11479
f 2067 2069 11479
f 11479 2069 11480
f 2069 2071 11480
f 11480 2071 11481
f 11481 2071 11482
f 2071 2073 11482
f 11482 2073 11483
f 2073 2075 11483
f 11483 2075 11484
f 2075 2077 11484
f 11484 2077 11485
f 2077 2079 11485
f 11485 2079 11486
f 2079 2081 11486
f 11486 2081 11487
f 2081 2083 11487
f 11487 2083 11488
f 2083 2085 11488
f 11488 2085 11489
f 2085 2087 11489
f 11489 2087 11490
f 2087 2089 11490
f 11490 2089 11491
f 2089 2091 11491
f 2091 2093 11491
f 11491 2093 11492
f 2093 2095 11492
f 11492 2095 11493
f 11493 2095 11494
f 2095 2097 11494
f 11494 2097 11495
f 2097 2099 11495
f 11495 2099 11496
f 2099 2101 11496
f 11496 2101 11497
f 2101 2103 11497
f 11497 2103 11498
f 2103 2105 11498
f 11498 2105 11499
f 2105 2107 11499
f 11499 2107 11500
f 2107 2109 11500
f 11500 2109 11501
f 2109 2111 11501
f 11501 2111 11502
f 2111 2113 11502
f 11502 2113 11503
f 2113 2115 11503
f 2115 2117 11503
f 11503 2117 11504
f 2117 2119 11504
f 11504 2119 11505
f 11505 2119 11506
f 2119 2121 11506
f 11506 2121 11507
f 2121 2123 11507
f 11507 2123 11508
f 2123 2125 11508
f 2125 2127 11508
f 11508 2127 11509
f 2127 2129 11509
f 11509 2129 11510
f 11510 2129 11511
f 2129 2131 11511
f 11511 2131 11512
f 2131 2133 11512
f 11512 2133 11513
f 2133 2135 11513
f 11513 2135 11514
f 2135 2137 11514
f 11514 2137 11515
f 2137 2139 11515
f 2139 2141 11515
f 11515 2141 11516
f 2141 2143 11516
f 11516 2143 11517
f 11517 2143 11518
f 2143 2145 11518
f 11518 2145 11519
f 2145 2147 11519
f 11519 2147 11520
f 2147 2149 11520
f 11520 2149 11521
f 2149 2151 11521
f 11521 2151 11522
f 2151 2048 11522
f 11522 2048 11523
f 2048 2050 11523
f 11523 2050 11524
f 2050 2052 11524
f 11524 2052 11525
f 2052 2159 11525
f 11525 2159 11526
f 2159 2161 11526
f 11526 2161 11527
f 2161 2163 11527
f 2163 2165 11527
f 11527 2165 11528
f 2165 2167 11528
f 11528 2167 11529
f 11529 2167 11530
f 2167 2169 11530
f 11530 2169 11531
f 2169 2171 11531
f 11531 2171 11532
f 2171 2173 11532
f 2173 2175 11532
f 11532 2175 11533
f 2175 2154 11533
f 11533 2154 11534
f 11534 2154 11535
f 2154 2156 11535
f 11535 2156 11536
f 2156 2158 11536
f 11536 2158 11537
f 2158 2178 11537
f 11537 2178 11538
f 2178 2180 11538
f 11538 2180 11539
f 2180 2182 11539
f 11539 2182 11540
f 2182 2183 11540
f 11540 2183 11541
f 2183 2185 11541
f 11541 2185 11542
f 2185 2188 11542
f 11542 2188 11543
f 2188 2190 11543
f 11543 2190 11544
f 2190 2191 11544
f 11544 2191 11545
f 2191 2193 11545
f 11545 2193 11546
f 2193 2195 11546
f 11546 2195 11547
f 2195 2198 11547
f 2198 2200 11547
f 11547 2200 11548
f 2200 2202 11548
f 11548 2202 11549
f 11549 2202 11550
f 2202 2409 11550
f 11550 2409 11551
f 2409 2408 11551
f 11551 2408 11552
f 2408 2406 11552
f 11552 2406 11553
f 2406 2404 11553
f 11553 2404 11554
f 2404 2402 11554
f 11554 2402 11555
f 2402 2400 11555
f 2400 2398 11555
f 11555 2398 11556
f 2398 2396 11556
f 11556 2396 11557
f 11557 2396 11558
f 2396 2394 11558
f 11558 2394 11559
f 2394 2392 11559
f 11559 2392 11560
f 2392 2390 11560
f 11560 2390 11561
f 2390 2388 11561
f 11561 2388 11562
f 2388 2386 11562
f 11562 2386 11563
f 2386 2384 11563
f 11563 2384 11564
f 2384 2382 11564
f 11564 2382 11565
f 2382 2380 11565
f 11565 2380 11566
f 2380 2378 11566
f 11566 2378 11567
f 2378 2376 11567
f 2376 2374 11567
f 11567 2374 11568
f 2374 2372 11568
f 11568 2372 11569
f 11569 2372 11570
f 2372 2370 11570
f 11570 2370 11571
f 2370 2368 11571
f 11571 2368 11572
f 2368 2366 11572
f 11572 2366 11573
f 2366 2364 11573
f 11573 2364 11574
f 2364 2362 11574
f 11574 2362 11575
f 2362 2360 11575
f 11575 2360 11576
f 2360 2358 11576
f 11576 2358 11577
f 2358 2356 11577
f 11577 2356 11578
f 2356 2354 11578
f 11578 2354 11579
f 2354 2352 11579
f 2352 2350 11579
f 11579 2350 11580
f 2350 2348 11580
f 11580 2348 11581
f 11581 2348 11582
f 2348 2346 11582
f 11582 2346 11583
f 2346 2344 11583
f 11583 2344 11584
f 2344 2342 11584
f 11584 2342 11585
f 2342 2340 11585
f 11585 2340 11586
f 2340 2338 11586
f 11586 2338 11587
f 2338 2336 11587
f 11587 2336 11588
f 2336 2334 11588
f 11588 2334 11589
f 2334 2332 11589
f 11589 2332 11590
f 2332 2330 11590
f 11590 2330 11591
f 2330 2328 11591
f 2328 2326 11591
f 11591 2326 11592
f 2326 2324 11592
f 11592 2324 11593
f 11593 2324 11594
f 2324 2322 11594
f 11594 2322 11595
f 2322 2320 11595
f 11595 2320 11596
f 2320 2318 11596
f 2318 2316 11596
f 11596 2316 11597
f 2316 2314 11597
f 11597 2314 11598
f 11598 2314 11599
f 2314 2312 11599
f 11599 2312 11600
f 2312 2310 11600
f 11600 2310 11601
f 2310 2308 11601
f 11601 2308 11602
f 2308 2306 11602
f 11602 2306 11603
f 2306 2304 11603
f 2304 2302 11603
f 11603 2302 11604
f 2302 2300 11604
f 11604 2300 11605
f 11605 2300 11606
f 2300 2298 11606
f 11606 2298 11607
f 2298 2296 11607
f 11607 2296 11608
f 2296 2294 11608
f 11608 2294 11609
f 2294 2292 11609
f 11609 2292 11610
f 2292 2290 11610
f 11610 2290 11611
f 2290 2288 11611
f 11611 2288 11612
f 2288 2286 11612
f 11612 2286 11613
f 2286 2284 11613
f 11613 2284 11614
f 2284 2282 11614
f 11614 2282 11615
f 2282 2280 11615
f 11615 2280 11616
f 2280 2278 11616
f 11616 2278 11617
f 2278 2276 11617
f 11617 2276 11618
f 2276 2274 11618
f 11618 2274 11619
f 2274 2272 11619
f 11619 2272 11620
f 2272 2270 11620
f 2270 2268 11620
f 11620 2268 11621
f 2268 2266 11621
f 11621 2266 11622
f 11622 2266 11623
f 2266 2264 11623
f 11623 2264 11624
f 2264 2262 11624
f 11624 2262 11625
f 2262 2260 11625
f 11625 2260 11626
f 2260 2258 11626
f 11626 2258 11627
f 2258 2256 11627
f 11627 2256 11628
f 2256 2254 11628
f 11628 2254 11629
f 2254 2252 11629
f 11629 2252 11630
f 2252 2250 11630
f 11630 2250 11631
f 2250 2248 11631
f 11631 2248 11632
f 2248 2246 11632
f 2246 2244 11632
f 11632 2244 11633
f 2244 2242 11633
f 11633 2242 11634
f 11634 2242 11635
f 2242 2240 11635
f 11635 2240 11636
f 2240 2238 11636
f 11636 2238 11637
f 2238 2236 11637
f 11637 2236 11638
f 2236 2234 11638
f 11638 2234 11639
f 2234 2232 11639
f 11639 2232 11640
f 2232 2230 11640
f 11640 2230 11641
f 2230 2228 11641
f 11641 2228 11642
f 2228 2226 11642
f 11642 2226 11643
f 2226 2224 11643
f 11643 2224 11644
f 2224 2222 11644
f 2222 2220 11644
f 11644 2220 11645
f 2220 2218 11645
f 11645 2218 11646
f 11646 2218 11647
f 2218 2216 11647
f 11647 2216 11648
f 2216 2214 11648
f 11648 2214 11649
f 2214 2212 11649
f 2212 2210 11649
f 11649 2210 11650
f 2210 2208 11650
f 11650 2208 11651
f 11651 2208 11652
f 2208 2206 11652
f 11652 2206 11653
f 2206 2205 11653
f 11653 2205 11654
f 2205 2410 11654
f 2410 2412 11654
f 11654 2412 11655
f 2412 2415 11655
f 11655 2415 11656
f 11656 2415 11657
f 2415 2417 11657
f 11657 2417 11658
f 2417 2418 11658
f 11658 2418 11659
f 2418 2420 11659
f 11659 2420 11660
f 2420 2422 11660
f 11660 2422 11661
f 2422 2425 11661
f 11661 2425 11662
f 2425 2443 11662
f 11662 2443 11663
f 2443 2442 11663
f 11663 2442 11664
f 2442 2440 11664
f 11664 2440 11665
f 2440 2438 11665
f 11665 2438 11666
f 2438 2436 11666
f 2436 2434 11666
f 11666 2434 11667
f 2434 2433 11667
f 11667 2433 11668
f 11668 2433 11669
f 2433 2431 11669
f 11669 2431 11670
f 2431 2429 11670
f 11670 2429 11671
f 2429 2428 11671
f 11671 2428 11672
f 2428 2444 11672
f 11672 2444 11673
f 2444 2446 11673
f 11673 2446 11674
f 2446 2448 11674
f 2448 2451 11674
f 11674 2451 11675
f 2451 2453 11675
f 11675 2453 11676
f 11676 2453 11677
f 2453 2455 11677
f 11677 2455 11678
f 2455 2457 11678
f 11678 2457 11679
f 2457 2459 11679
f 2459 2461 11679
f 11679 2461 11680
f 2461 2463 11680
f 11680 2463 11681
f 11681 2463 11682
f 2463 2465 11682
f 11682 2465 11683
f 2465 2467 11683
f 11683 2467 11684
f 2467 2469 11684
f 11684 2469 11685
f 2469 2471 11685
f 11685 2471 11686
f 2471 2473 11686
f 11686 2473 11687
f 2473 2475 11687
f 11687 2475 11688
f 2475 2477 11688
f 11688 2477 11689
f 2477 2479 11689
f 11689 2479 11690
f 2479 2481 11690
f 11690 2481 11691
f 2481 2483 11691
f 2483 2485 11691
f 11691 2485 11692
f 2485 2487 11692
f 11692 2487 11693
f 11693 2487 11694
f 2487 2489 11694
f 11694 2489 11695
f 2489 2491 11695
f 11695 2491 11696
f 2491 2493 11696
f 11696 2493 11697
f 2493 2495 11697
f 11697 2495 11698
f 2495 2497 11698
f 2497 2499 11698
f 11698 2499 11699
f 2499 2501 11699
f 11699 2501 11700
f 11700 2501 11701
f 2501 2503 11701
f 11701 2503 11702
f 2503 2505 11702
f 11702 2505 11703
f 2505 2507 11703
f 2507 2509 11703
f 11703 2509 11704
f 2509 2511 11704
f 11704 2511 11705
f 11705 2511 11706
f 2511 2513 11706
f 11706 2513 11707
f 2513 2515 11707
f 11707 2515 11708
f 2515 2517 11708
f 11708 2517 11709
f 2517 2519 11709
f 11709 2519 11710
f 2519 2521 11710
f 11710 2521 11711
f 2521 2523 11711
f 11711 2523 11712
f 2523 2525 11712
f 11712 2525 11713
f 2525 2527 11713
f 11713 2527 11714
f 2527 2529 11714
f 11714 2529 11715
f 2529 2531 11715
f 2531 2533 11715
f 11715 2533 11716
f 2533 2535 11716
f 11716 2535 11717
f 11717 2535 11718
f 2535 2537 11718
f 11718 2537 11719
f 2537 2539 11719
f 11719 2539 11720
f 2539 2541 11720
f 11720 2541 11721
f 2541 2543 11721
f 11721 2543 11722
f 2543 2546 11722
f 11722 2546 11723
f 2546 2552 11723
f 11723 2552 11724
f 2552 2551 11724
f 11724 2551 11725
f 2551 2549 11725
f 11725 2549 11726
f 2549 271 11726
f 11726 271 11727
f 271 270 11727
f 270 2555 11727
f 11727 2555 11728
f 2555 2557 11728
f 11728 2557 11729
f 11729 2557 11730
f 2557 2559 11730
f 11730 2559 11731
f 2559 2561 11731
f 11731 2561 11732
f 2561 2567 11732
f 11732 2567 11733
f 2567 2569 11733
f 11733 2569 11734
f 2569 2562 11734
f 11734 2562 11735
f 2562 2564 11735
f 11735 2564 11736
f 2564 2566 11736
f 11736 2566 11737
f 2566 2572 11737
f 11737 2572 11738
f 2572 2574 11738
f 11738 2574 11739
f 2574 2576 11739
f 2576 2579 11739
f 11739 2579 11740
f 2579 2581 11740
f 11740 2581 11741
f 11741 2581 11742
f 2581 2583 11742
f 11742 2583 11743
f 2583 2584 11743
f 11743 2584 11744
f 2584 2586 11744
f 11744 2586 11745
f 2586 2588 11745
f 11745 2588 11746
f 2588 2591 11746
f 11746 2591 11747
f 2591 2593 11747
f 11747 2593 11748
f 2593 2594 11748
f 11748 2594 11749
f 2594 2596 11749
f 11749 2596 11750
f 2596 2598 11750
f 11750 2598 11751
f 2598 2600 11751
f 2600 2602 11751
f 11751 2602 11752
f 2602 2605 11752
f 11752 2605 11753
f 11753 2605 11754
f 2605 2607 11754
f 11754 2607 11755
f 2607 2613 11755
f 11755 2613 11756
f 2613 2615 11756
f 11756 2615 11757
f 2615 2617 11757
f 11757 2617 11758
f 2617 2608 11758
f 11758 2608 11759
f 2608 2610 11759
f 11759 2610 11760
f 2610 2612 11760
f 11760 2612 11761
f 2612 2625 11761
f 11761 2625 11762
f 2625 2627 11762
f 11762 2627 11763
f 2627 2620 11763
f 2620 2622 11763
f 11763 2622 11764
f 2622 2624 11764
f 11764 2624 11765
f 11765 2624 11766
f 2624 2630 11766
f 11766 2630 11767
f 2630 2632 11767
f 11767 2632 11768
f 2632 2634 11768
f 2634 2636 11768
f 11768 2636 11769
f 2636 2639 11769
f 11769 2639 11770
f 11770 2639 11771
f 2639 2641 11771
f 11771 2641 11772
f 2641 2642 11772
f 11772 2642 11773
f 2642 2644 11773
f 11773 2644 11774
f 2644 2646 11774
f 11774 2646 11775
f 2646 2649 11775
f 2649 2651 11775
f 11775 2651 11776
f 2651 2653 11776
f 11776 2653 11777
f 11777 2653 11778
f 2653 2655 11778
f 11778 2655 11779
f 2655 2656 11779
f 11779 2656 11780
f 2656 2658 11780
f 11780 2658 11781
f 2658 2660 11781
f 11781 2660 11782
f 2660 2663 11782
f 11782 2663 11783
f 2663 2665 11783
f 11783 2665 11784
f 2665 2671 11784
f 11784 2671 11785
f 2671 2673 11785
f 11785 2673 11786
f 2673 2675 11786
f 11786 2675 11787
f 2675 2666 11787
f 2666 2668 11787
f 11787 2668 11788
f 2668 2670 11788
f 11788 2670 11789
f 11789 2670 11790
f 2670 2683 11790
f 11790 2683 11791
f 2683 2685 11791
f 11791 2685 11792
f 2685 2687 11792
f 2687 2689 11792
f 11792 2689 11793
f 2689 2678 11793
f 11793 2678 11794
f 11794 2678 11795
f 2678 2680 11795
f 11795 2680 11796
f 2680 2682 11796
f 11796 2682 11797
f 2682 2692 11797
f 11797 2692 11798
f 2692 2694 11798
f 11798 2694 11799
f 2694 2697 11799
f 11799 2697 11800
f 2697 2699 11800
f 11800 2699 11801
f 2699 2701 11801
f 11801 2701 11802
f 2701 2703 11802
f 11802 2703 11803
f 2703 2704 11803
f 11803 2704 11804
f 2704 2706 11804
f 2706 2708 11804
f 11804 2708 11805
f 2708 2711 11805
f 11805 2711 11806
f 11806 2711 11807
f 2711 2713 11807
f 11807 2713 11808
f 2713 2714 11808
f 11808 2714 11809
f 2714 2716 11809
f 11809 2716 11810
f 2716 2718 11810
f 11810 2718 11811
f 2718 2721 11811
f 2721 2723 11811
f 11811 2723 11812
f 2723 2725 11812
f 11812 2725 11813
f 11813 2725 11814
f 2725 2731 11814
f 11814 2731 11815
f 2731 2733 11815
f 11815 2733 11816
f 2733 2735 11816
f 2735 2737 11816
f 11816 2737 11817
f 2737 2726 11817
f 11817 2726 11818
f 11818 2726 11819
f 2726 2728 11819
f 11819 2728 11820
f 2728 2730 11820
f 11820 2730 11821
f 2730 2740 11821
f 11821 2740 11822
f 2740 2742 11822
f 11822 2742 11823
f 2742 2744 11823
f 11823 2744 11824
f 2744 2751 11824
f 11824 2751 11825
f 2751 2752 11825
f 11825 2752 11826
f 2752 2746 11826
f 11826 2746 11827
f 2746 2745 11827
f 11827 2745 11828
f 2745 2755 11828
f 2755 2757 11828
f 11828 2757 11829
f 2757 2759 11829
f 11829 2759 11830
f 11830 2759 11831
f 2759 2761 11831
f 11831 2761 11832
f 2761 2762 11832
f 11832 2762 11833
f 2762 2764 11833
f 2764 2766 11833
f 11833 2766 11834
f 2766 2769 11834
f 11834 2769 11835
f 11835 2769 11836
f 2769 2771 11836
f 11836 2771 11837
f 2771 2772 11837
f 11837 2772 11838
f 2772 2774 11838
f 11838 2774 11839
f 2774 2776 11839
f 11839 2776 11840
f 2776 2778 11840
f 11840 2778 11841
f 2778 268 11841
f 11841 268 11842
f 268 267 11842
f 11842 267 11843
f 267 2781 11843
f 11843 2781 11844
f 2781 2783 11844
f 11844 2783 11845
f 2783 2785 11845
f 2785 2787 11845
f 11845 2787 11846
f 2787 2789 11846
f 11846 2789 11847
f 11847 2789 11848
f 2789 2791 11848
f 11848 2791 11849
f 2791 2793 11849
f 11849 2793 11850
f 2793 2795 11850
f 2795 2797 11850
f 11850 2797 11851
f 2797 2799 11851
f 11851 2799 11852
f 11852 2799 11853
f 2799 2801 11853
f 11853 2801 11854
f 2801 2803 11854
f 11854 2803 11855
f 2803 2805 11855
f 11855 2805 11856
f 2805 2807 11856
f 11856 2807 11857
f 2807 2809 11857
f 2809 2811 11857
f 11857 2811 11858
f 2811 2813 11858
f 11858 2813 11859
f 11859 2813 11860
f 2813 2815 11860
f 11860 2815 11861
f 2815 2817 11861
f 11861 2817 11862
f 2817 2819 11862
f 11862 2819 11863
f 2819 2821 11863
f 11863 2821 11864
f 2821 2823 11864
f 11864 2823 11865
f 2823 2825 11865
f 11865 2825 11866
f 2825 2827 11866
f 11866 2827 11867
f 2827 2829 11867
f 11867 2829 11868
f 2829 2831 11868
f 11868 2831 11869
f 2831 2833 11869
f 11869 2833 11870
f 2833 2835 11870
f 11870 2835 11871
f 2835 2837 11871
f 11871 2837 11872
f 2837 2839 11872
f 11872 2839 11873
f 2839 2841 11873
f 11873 2841 11874
f 2841 2843 11874
f 11874 2843 11875
f 2843 2845 11875
f 11875 2845 11876
f 2845 2847 11876
f 11876 2847 11877
f 2847 2849 11877
f 11877 2849 11878
f 2849 2851 11878
f 11878 2851 11879
f 2851 2853 11879
f 2853 2855 11879
f 11879 2855 11880
f 2855 2857 11880
f 11880 2857 11881
f 11881 2857 11882
f 2857 2859 11882
f 11882 2859 11883
f 2859 2861 11883
f 11883 2861 11884
f 2861 2863 11884
f 11884 2863 11885
f 2863 2865 11885
f 11885 2865 11886
f 2865 2867 11886
f 11886 2867 11887
f 2867 2869 11887
f 11887 2869 11888
f 2869 2871 11888
f 11888 2871 11889
f 2871 2873 11889
f 11889 2873 11890
f 2873 2875 11890
f 11890 2875 11891
f 2875 2877 11891
f 2877 2879 11891
f 11891 2879 11892
f 2879 2881 11892
f 11892 2881 11893
f 11893 2881 11894
f 2881 2883 11894
f 11894 2883 11895
f 2883 2885 11895
f 11895 2885 11896
f 2885 2887 11896
f 11896 2887 11897
f 2887 2889 11897
f 11897 2889 11898
f 2889 2891 11898
f 11898 2891 11899
f 2891 2893 11899
f 11899 2893 11900
f 2893 2895 11900
f 11900 2895 11901
f 2895 2897 11901
f 11901 2897 11902
f 2897 2899 11902
f 11902 2899 11903
f 2899 2901 11903
f 2901 2903 11903
f 11903 2903 11904
f 2903 2905 11904
f 11904 2905 11905
f 11905 2905 11906
f 2905 2907 11906
f 11906 2907 11907
f 2907 2909 11907
f 11907 2909 11908
f 2909 2911 11908
f 2911 2913 11908
f 11908 2913 11909
f 2913 2915 11909
f 11909 2915 11910
f 11910 2915 11911
f 2915 2917 11911
f 11911 2917 11912
f 2917 2919 11912
f 11912 2919 11913
f 2919 2921 11913
f 11913 2921 11914
f 2921 2923 11914
f 11914 2923 11915
f 2923 2925 11915
f 2925 2927 11915
f 11915 2927 11916
f 2927 2929 11916
f 11916 2929 11917
f 11917 2929 11918
f 2929 2931 11918
f 11918 2931 11919
f 2931 2933 11919
f 11919 2933 11920
f 2933 2935 11920
f 2935 2937 11920
f 11920 2937 11921
f 2937 2939 11921
f 11921 2939 11922
f 11922 2939 11923
f 2939 2941 11923
f 11923 2941 11924
f 2941 2943 11924
f 11924 2943 11925
f 2943 2945 11925
f 11925 2945 11926
f 2945 2947 11926
f 11926 2947 11927
f 2947 2949 11927
f 2949 2951 11927
f 11927 2951 11928
f 2951 2953 11928
f 11928 2953 11929
f 11929 2953 11930
f 2953 2955 11930
f 11930 2955 11931
f 2955 2957 11931
f 11931 2957 11932
f 2957 2959 11932
f 2959 2961 11932
f 11932 2961 11933
f 2961 2963 11933
f 11933 2963 11934
f 11934 2963 11935
f 2963 2966 11935
f 11935 2966 11936
f 2966 2968 11936
f 11936 2968 11937
f 2968 2974 11937
f 11937 2974 11938
f 2974 2976 11938
f 11938 2976 11939
f 2976 2969 11939
f 11939 2969 11940
f 2969 2971 11940
f 11940 2971 11941
f 2971 2973 11941
f 11941 2973 11942
f 2973 2979 11942
f 11942 2979 11943
f 2979 2981 11943
f 11943 2981 11944
f 2981 2984 11944
f 2984 2986 11944
f 11944 2986 11945
f 2986 2988 11945
f 11945 2988 11946
f 11946 2988 11947
f 2988 2989 11947
f 11947 2989 11948
f 2989 2991 11948
f 11948 2991 11949
f 2991 2992 11949
f 11949 2992 11950
f 2992 2994 11950
f 11950 2994 11951
f 2994 2996 11951
f 11951 2996 11952
f 2996 2999 11952
f 11952 2999 11953
f 2999 3001 11953
f 11953 3001 11954
f 3001 3002 11954
f 11954 3002 11955
f 3002 3004 11955
f 11955 3004 11956
f 3004 3006 11956
f 11956 3006 11957
f 3006 3009 11957
f 3009 3011 11957
f 11957 3011 11958
f 3011 3013 11958
f 11958 3013 11959
f 11959 3013 11960
f 3013 3015 11960
f 11960 3015 11961
f 3015 3017 11961
f 11961 3017 11962
f 3017 3023 11962
f 11962 3023 11963
f 3023 3025 11963
f 11963 3025 11964
f 3025 3018 11964
f 11964 3018 11965
f 3018 3020 11965
f 11965 3020 11966
f 3020 3022 11966
f 11966 3022 11967
f 3022 3028 11967
f 11967 3028 11968
f 3028 3030 11968
f 11968 3030 11969
f 3030 3032 11969
f 3032 3035 11969
f 11969 3035 11970
f 3035 3037 11970
f 11970 3037 11971
f 11971 3037 11972
f 3037 3039 11972
f 11972 3039 11973
f 3039 3041 11973
f 11973 3041 11974
f 3041 3042 11974
f 3042 3044 11974
f 11974 3044 11975
f 3044 3047 11975
f 11975 3047 11976
f 11976 3047 11977
f 3047 3049 11977
f 11977 3049 11978
f 3049 3053 11978
f 11978 3053 11979
f 3053 3055 11979
f 11979 3055 11980
f 3055 3057 11980
f 11980 3057 11981
f 3057 3059 11981
f 11981 3059 11982
f 3059 3061 11982
f 11982 3061 11983
f 3061 3063 11983
f 11983 3063 11984
f 3063 3065 11984
f 11984 3065 11985
f 3065 3067 11985
f 11985 3067 11986
f 3067 3069 11986
f 3069 3071 11986
f 11986 3071 11987
f 3071 3073 11987
f 11987 3073 11988
f 11988 3073 11989
f 3073 3075 11989
f 11989 3075 11990
f 3075 3077 11990
f 11990 3077 11991
f 3077 3079 11991
f 11991 3079 11992
f 3079 3081 11992
f 11992 3081 11993
f 3081 3083 11993
f 11993 3083 11994
f 3083 3052 11994
f 11994 3052 11995
f 3052 3051 11995
f 11995 3051 11996
f 3051 3086 11996
f 11996 3086 11997
f 3086 3088 11997
f 11997 3088 11998
f 3088 3090 11998
f 3090 3092 11998
f 11998 3092 11999
f 3092 3095 11999
f 11999 3095 12000
f 12000 3095 12001
f 3095 3096 12001
f 12001 3096 12002
f 3096 3099 12002
f 12002 3099 12003
f 3099 3101 12003
f 3101 3102 12003
f 12003 3102 12004
f 3102 3105 12004
f 12004 3105 12005
f 12005 3105 12006
f 3105 3107 12006
f 12006 3107 12007
f 3107 3108 12007
f 12007 3108 12008
f 3108 3110 12008
f 12008 3110 12009
f 3110 3112 12009
f 12009 3112 12010
f 3112 3115 12010
f 3115 3117 12010
f 12010 3117 12011
f 3117 3119 12011
f 12011 3119 12012
f 12012 3119 12013
f 3119 3121 12013
f 12013 3121 12014
f 3121 3122 12014
f 12014 3122 12015
f 3122 3125 12015
f 12015 3125 12016
f 3125 3127 12016
f 12016 3127 12017
f 3127 3129 12017
f 12017 3129 12018
f 3129 3131 12018
f 12018 3131 12019
f 3131 3133 12019
f 12019 3133 12020
f 3133 3134 12020
f 12020 3134 12021
f 3134 3136 12021
f 12021 3136 12022
f 3136 3138 12022
f 3138 3146 12022
f 12022 3146 12023
f 3146 3144 12023
f 12023 3144 12024
f 12024 3144 12025
f 3144 3142 12025
f 12025 3142 12026
f 3142 3140 12026
f 12026 3140 12027
f 3140 3139 12027
f 3139 3154 12027
f 12027 3154 12028
f 3154 3152 12028
f 12028 3152 12029
f 12029 3152 12030
f 3152 3150 12030
f 12030 3150 12031
f 3150 3190 12031
f 12031 3190 12032
f 3190 3189 12032
f 12032 3189 12033
f 3189 3187 12033
f 12033 3187 12034
f 3187 3185 12034
f 12034 3185 12035
f 3185 3183 12035
f 3183 3181 12035
f 12035 3181 12036
f 3181 3179 12036
f 12036 3179 12037
f 12037 3179 12038
f 3179 3177 12038
f 12038 3177 12039
f 3177 3175 12039
f 12039 3175 12040
f 3175 3173 12040
f 12040 3173 12041
f 3173 3171 12041
f 12041 3171 12042
f 3171 3169 12042
f 3169 3167 12042
f 12042 3167 12043
f 3167 3165 12043
f 12043 3165 12044
f 12044 3165 12045
f 3165 3163 12045
f 12045 3163 12046
f 3163 3161 12046
f 12046 3161 12047
f 3161 3158 12047
f 12047 3158 12048
f 3158 3157 12048
f 12048 3157 12049
f 3157 3194 12049
f 12049 3194 12050
f 3194 3196 12050
f 3196 3198 12050
f 12050 3198 12051
f 3198 3200 12051
f 12051 3200 12052
f 12052 3200 12053
f 3200 3202 12053
f 12053 3202 12054
f 3202 3204 12054
f 12054 3204 12055
f 3204 3206 12055
f 3206 3208 12055
f 12055 3208 12056
f 3208 3210 12056
f 12056 3210 12057
f 12057 3210 12058
f 3210 3212 12058
f 12058 3212 12059
f 3212 3214 12059
f 12059 3214 12060
f 3214 3216 12060
f 12060 3216 12061
f 3216 3218 12061
f 12061 3218 12062
f 3218 3220 12062
f 3220 3222 12062
f 12062 3222 12063
f 3222 3224 12063
f 12063 3224 12064
f 12064 3224 12065
f 3224 3226 12065
f 12065 3226 12066
f 3226 3228 12066
f 12066 3228 12067
f 3228 3230 12067
f 12067 3230 12068
f 3230 3232 12068
f 12068 3232 12069
f 3232 3234 12069
f 12069 3234 12070
f 3234 3236 12070
f 12070 3236 12071
f 3236 3238 12071
f 12071 3238 12072
f 3238 3240 12072
f 12072 3240 12073
f 3240 3242 12073
f 12073 3242 12074
f 3242 3244 12074
f 3244 3246 12074
f 12074 3246 12075
f 3246 3248 12075
f 12075 3248 12076
f 12076 3248 12077
f 3248 3250 12077
f 12077 3250 12078
f 3250 3252 12078
f 12078 3252 12079
f 3252 3254 12079
f 12079 3254 12080
f 3254 3256 12080
f 12080 3256 12081
f 3256 3258 12081
f 12081 3258 12082
f 3258 3193 12082
f 12082 3193 12083
f 3193 3192 12083
f 12083 3192 12084
f 3192 3261 12084
f 12084 3261 12085
f 3261 3263 12085
f 12085 3263 12086
f 3263 3265 12086
f 3265 3267 12086
f 12086 3267 12087
f 3267 3270 12087
f 12087 3270 12088
f 12088 3270 12089
f 3270 3271 12089
f 12089 3271 12090
f 3271 3274 12090
f 12090 3274 12091
f 3274 3276 12091
f 3276 3277 12091
f 12091 3277 12092
f 3277 3280 12092
f 12092 3280 12093
f 12093 3280 12094
f 3280 3282 12094
f 12094 3282 12095
f 3282 3283 12095
f 12095 3283 12096
f 3283 3285 12096
f 12096 3285 12097
f 3285 3287 12097
f 12097 3287 12098
f 3287 3290 12098
f 12098 3290 12099
f 3290 3292 12099
f 12099 3292 12100
f 3292 3294 12100
f 12100 3294 12101
f 3294 3296 12101
f 12101 3296 12102
f 3296 3297 12102
f 12102 3297 12103
f 3297 3300 12103
f 3300 3302 12103
f 12103 3302 12104
f 3302 3304 12104
f 12104 3304 12105
f 12105 3304 12106
f 3304 3306 12106
f 12106 3306 12107
f 3306 3308 12107
f 12107 3308 12108
f 3308 3309 12108
f 12108 3309 12109
f 3309 3311 12109
f 12109 3311 12110
f 3311 3313 12110
f 12110 3313 12111
f 3313 3321 12111
f 12111 3321 12112
f 3321 3319 12112
f 12112 3319 12113
f 3319 3317 12113
f 12113 3317 12114
f 3317 3315 12114
f 12114 3315 12115
f 3315 3314 12115
f 3314 3326 12115
f 12115 3326 12116
f 3326 3328 12116
f 12116 3328 12117
f 12117 3328 12118
f 3328 3330 12118
f 12118 3330 12119
f 3330 3332 12119
f 12119 3332 12120
f 3332 3333 12120
f 12120 3333 12121
f 3333 3335 12121
f 12121 3335 12122
f 3335 3338 12122
f 12122 3338 12123
f 3338 3340 12123
f 12123 3340 12124
f 3340 3341 12124
f 12124 3341 12125
f 3341 3343 12125
f 12125 3343 12126
f 3343 3345 12126
f 12126 3345 12127
f 3345 3348 12127
f 3348 3350 12127
f 12127 3350 12128
f 3350 3352 12128
f 12128 3352 12129
f 12129 3352 12130
f 3352 3354 12130
f 12130 3354 12131
f 3354 3360 12131
f 12131 3360 12132
f 3360 3362 12132
f 12132 3362 12133
f 3362 3364 12133
f 12133 3364 12134
f 3364 3355 12134
f 12134 3355 12135
f 3355 3357 12135
f 12135 3357 12136
f 3357 3359 12136
f 12136 3359 12137
f 3359 3367 12137
f 12137 3367 12138
f 3367 3369 12138
f 12138 3369 12139
f 3369 3371 12139
f 3371 3374 12139
f 12139 3374 12140
f 3374 3376 12140
f 12140 3376 12141
f 12141 3376 12142
f 3376 3378 12142
f 12142 3378 12143
f 3378 3380 12143
f 12143 3380 12144
f 3380 3382 12144
f 3382 3384 12144
f 12144 3384 12145
f 3384 3386 12145
f 12145 3386 12146
f 12146 3386 12147
f 3386 3388 12147
f 12147 3388 12148
f 3388 3390 12148
f 12148 3390 12149
f 3390 3391 12149
f 3391 3393 12149
f 12149 3393 12150
f 3393 3396 12150
f 12150 3396 12151
f 12151 3396 12152
f 3396 3398 12152
f 12152 3398 12153
f 3398 3399 12153
f 12153 3399 12154
f 3399 3401 12154
f 12154 3401 12155
f 3401 3403 12155
f 12155 3403 12156
f 3403 3406 12156
f 12156 3406 12157
f 3406 3408 12157
f 12157 3408 12158
f 3408 3409 12158
f 12158 3409 12159
f 3409 3411 12159
f 12159 3411 12160
f 3411 3413 12160
f 12160 3413 12161
f 3413 3415 12161
f 3415 3417 12161
f 12161 3417 12162
f 3417 3425 12162
f 12162 3425 12163
f 12163 3425 12164
f 3425 3424 12164
f 12164 3424 12165
f 3424 3422 12165
f 12165 3422 12166
f 3422 3421 12166
f 12166 3421 12167
f 3421 3430 12167
f 12167 3430 12168
f 3430 3432 12168
f 12168 3432 12169
f 3432 3429 12169
f 12169 3429 12170
f 3429 3427 12170
f 12170 3427 12171
f 3427 3437 12171
f 12171 3437 12172
f 3437 3436 12172
f 12172 3436 12173
f 3436 265 12173
f 12173 265 12174
f 265 264 12174
f 264 3440 12174
f 12174 3440 12175
f 3440 3442 12175
f 12175 3442 12176
f 12176 3442 12177
f 3442 3444 12177
f 12177 3444 12178
f 3444 3446 12178
f 12178 3446 12179
f 3446 3447 12179
f 12179 3447 12180
f 3447 3449 12180
f 12180 3449 12181
f 3449 3452 12181
f 12181 3452 12182
f 3452 3454 12182
f 12182 3454 12183
f 3454 3456 12183
f 12183 3456 12184
f 3456 3458 12184
f 12184 3458 12185
f 3458 3461 12185
f 3461 3463 12185
f 12185 3463 12186
f 3463 3465 12186
f 12186 3465 12187
f 12187 3465 12188
f 3465 3471 12188
f 12188 3471 12189
f 3471 3470 12189
f 12189 3470 12190
f 3470 3468 12190
f 12190 3468 12191
f 3468 262 12191
f 12191 262 12192
f 262 261 12192
f 261 3479 12192
f 12192 3479 12193
f 3479 3477 12193
f 12193 3477 12194
f 12194 3477 12195
f 3477 3475 12195
f 12195 3475 12196
f 3475 3473 12196
f 12196 3473 12197
f 3473 3472 12197
f 3472 3484 12197
f 12197 3484 12198
f 3484 3486 12198
f 12198 3486 12199
f 12199 3486 12200
f 3486 3488 12200
f 12200 3488 12201
f 3488 3490 12201
f 12201 3490 12202
f 3490 3496 12202
f 12202 3496 12203
f 3496 3498 12203
f 12203 3498 12204
f 3498 3491 12204
f 12204 3491 12205
f 3491 3493 12205
f 12205 3493 12206
f 3493 3495 12206
f 12206 3495 12207
f 3495 3501 12207
f 12207 3501 12208
f 3501 3503 12208
f 12208 3503 12209
f 3503 3506 12209
f 3506 3508 12209
f 12209 3508 12210
f 3508 3510 12210
f 12210 3510 12211
f 12211 3510 12212
f 3510 3512 12212
f 12212 3512 12213
f 3512 3513 12213
f 12213 3513 12214
f 3513 3515 12214
f 12214 3515 12215
f 3515 3517 12215
f 12215 3517 12216
f 3517 3520 12216
f 12216 3520 12217
f 3520 3526 12217
f 12217 3526 12218
f 3526 3525 12218
f 12218 3525 12219
f 3525 3523 12219
f 12219 3523 12220
f 3523 259 12220
f 12220 259 12221
f 259 258 12221
f 258 3529 12221
f 12221 3529 12222
f 3529 3531 12222
f 12222 3531 12223
f 12223 3531 12224
f 3531 3533 12224
f 12224 3533 12225
f 3533 3535 12225
f 12225 3535 12226
f 3535 3537 12226
f 12226 3537 12227
f 3537 3539 12227
f 12227 3539 12228
f 3539 3541 12228
f 12228 3541 12229
f 3541 3543 12229
f 12229 3543 12230
f 3543 3545 12230
f 12230 3545 12231
f 3545 3547 12231
f 12231 3547 12232
f 3547 3549 12232
f 12232 3549 12233
f 3549 3551 12233
f 3551 3553 12233
f 12233 3553 12234
f 3553 3555 12234
f 12234 3555 12235
f 12235 3555 12236
f 3555 3557 12236
f 12236 3557 12237
f 3557 3559 12237
f 12237 3559 12238
f 3559 3561 12238
f 3561 3563 12238
f 12238 3563 12239
f 3563 3565 12239
f 12239 3565 12240
f 12240 3565 12241
f 3565 3567 12241
f 12241 3567 12242
f 3567 3569 12242
f 12242 3569 12243
f 3569 3571 12243
f 12243 3571 12244
f 3571 3573 12244
f 12244 3573 12245
f 3573 3575 12245
f 3575 3577 12245
f 12245 3577 12246
f 3577 3579 12246
f 12246 3579 12247
f 12247 3579 12248
f 3579 3581 12248
f 12248 3581 12249
f 3581 3583 12249
f 12249 3583 12250
f 3583 3589 12250
f 12250 3589 12251
f 3589 3591 12251
f 12251 3591 12252
f 3591 3593 12252
f 12252 3593 12253
f 3593 3595 12253
f 12253 3595 12254
f 3595 3597 12254
f 12254 3597 12255
f 3597 3599 12255
f 12255 3599 12256
f 3599 3601 12256
f 12256 3601 12257
f 3601 3603 12257
f 12257 3603 12258
f 3603 3605 12258
f 3605 3607 12258
f 12258 3607 12259
f 3607 3609 12259
f 12259 3609 12260
f 12260 3609 12261
f 3609 3611 12261
f 12261 3611 12262
f 3611 3613 12262
f 12262 3613 12263
f 3613 3615 12263
f 12263 3615 12264
f 3615 3617 12264
f 12264 3617 12265
f 3617 3619 12265
f 12265 3619 12266
f 3619 3621 12266
f 12266 3621 12267
f 3621 3623 12267
f 12267 3623 12268
f 3623 3625 12268
f 12268 3625 12269
f 3625 3627 12269
f 12269 3627 12270
f 3627 3629 12270
f 3629 3631 12270
f 12270 3631 12271
f 3631 3633 12271
f 12271 3633 12272
f 12272 3633 12273
f 3633 3635 12273
f 12273 3635 12274
f 3635 3637 12274
f 12274 3637 12275
f 3637 3639 12275
f 12275 3639 12276
f 3639 3641 12276
f 12276 3641 12277
f 3641 3643 12277
f 12277 3643 12278
f 3643 3645 12278
f 12278 3645 12279
f 3645 3647 12279
f 12279 3647 12280
f 3647 3649 12280
f 12280 3649 12281
f 3649 3651 12281
f 12281 3651 12282
f 3651 3653 12282
f 3653 3655 12282
f 12282 3655 12283
f 3655 3657 12283
f 12283 3657 12284
f 12284 3657 12285
f 3657 3659 12285
f 12285 3659 12286
f 3659 3661 12286
f 12286 3661 12287
f 3661 3663 12287
f 12287 3663 12288
f 3663 3665 12288
f 12288 3665 12289
f 3665 3584 12289
f 12289 3584 12290
f 3584 3586 12290
f 12290 3586 12291
f 3586 3588 12291
f 12291 3588 12292
f 3588 3668 12292
f 12292 3668 12293
f 3668 3670 12293
f 12293 3670 12294
f 3670 3672 12294
f 3672 3674 12294
f 12294 3674 12295
f 3674 3677 12295
f 12295 3677 12296
f 12296 3677 12297
f 3677 3679 12297
f 12297 3679 12298
f 3679 3680 12298
f 12298 3680 12299
f 3680 3682 12299
f 3682 3684 12299
f 12299 3684 12300
f 3684 3687 12300
f 12300 3687 12301
f 12301 3687 12302
f 3687 3689 12302
f 12302 3689 12303
f 3689 3690 12303
f 12303 3690 12304
f 3690 3692 12304
f 12304 3692 12305
f 3692 3694 12305
f 12305 3694 12306
f 3694 3696 12306
f 3696 256 12306
f 12306 256 12307
f 256 255 12307
f 12307 255 12308
f 12308 255 12309
f 255 3704 12309
f 12309 3704 12310
f 3704 3706 12310
f 12310 3706 12311
f 3706 3708 12311
f 3708 3710 12311
f 12311 3710 12312
f 3710 3699 12312
f 12312 3699 12313
f 12313 3699 12314
f 3699 3701 12314
f 12314 3701 12315
f 3701 3703 12315
f 12315 3703 12316
f 3703 3718 12316
f 12316 3718 12317
f 3718 3720 12317
f 12317 3720 12318
f 3720 3713 12318
f 12318 3713 12319
f 3713 3715 12319
f 12319 3715 12320
f 3715 3717 12320
f 12320 3717 12321
f 3717 3723 12321
f 12321 3723 12322
f 3723 3725 12322
f 12322 3725 12323
f 3725 3727 12323
f 3727 3729 12323
f 12323 3729 12324
f 3729 3732 12324
f 12324 3732 12325
f 12325 3732 12326
f 3732 3734 12326
f 12326 3734 12327
f 3734 3735 12327
f 12327 3735 12328
f 3735 3737 12328
f 12328 3737 12329
f 3737 3739 12329
f 12329 3739 12330
f 3739 3741 12330
f 3741 3743 12330
f 12330 3743 12331
f 3743 3746 12331
f 12331 3746 12332
f 12332 3746 12333
f 3746 3748 12333
f 12333 3748 12334
f 3748 3754 12334
f 12334 3754 12335
f 3754 3756 12335
f 12335 3756 12336
f 3756 3758 12336
f 12336 3758 12337
f 3758 3749 12337
f 12337 3749 12338
f 3749 3751 12338
f 12338 3751 12339
f 3751 3753 12339
f 12339 3753 12340
f 3753 3766 12340
f 12340 3766 12341
f 3766 3768 12341
f 12341 3768 12342
f 3768 3761 12342
f 12342 3761 12343
f 3761 3763 12343
f 12343 3763 12344
f 3763 3765 12344
f 12344 3765 12345
f 3765 3771 12345
f 12345 3771 12346
f 3771 3773 12346
f 12346 3773 12347
f 3773 3775 12347
f 3775 3777 12347
f 12347 3777 12348
f 3777 3779 12348
f 12348 3779 12349
f 12349 3779 12350
f 3779 3781 12350
f 12350 3781 12351
f 3781 3783 12351
f 12351 3783 12352
f 3783 3785 12352
f 12352 3785 12353
f 3785 3787 12353
f 12353 3787 12354
f 3787 3789 12354
f 12354 3789 12355
f 3789 3791 12355
f 12355 3791 12356
f 3791 3794 12356
f 12356 3794 12357
f 3794 3796 12357
f 12357 3796 12358
f 3796 3797 12358
f 12358 3797 12359
f 3797 3799 12359
f 3799 3801 12359
f 12359 3801 12360
f 3801 3804 12360
f 12360 3804 12361
f 12361 3804 12362
f 3804 3810 12362
f 12362 3810 12363
f 3810 3809 12363
f 12363 3809 12364
f 3809 3807 12364
f 12364 3807 12365
f 3807 253 12365
f 12365 253 12366
f 253 252 12366
f 12366 252 12367
f 252 3817 12367
f 12367 3817 12368
f 3817 3818 12368
f 12368 3818 12369
f 3818 3812 12369
f 12369 3812 12370
f 3812 3811 12370
f 12370 3811 12371
f 3811 3821 12371
f 3821 3823 12371
f 12371 3823 12372
f 3823 3825 12372
f 12372 3825 12373
f 12373 3825 12374
f 3825 3827 12374
f 12374 3827 12375
f 3827 3829 12375
f 12375 3829 12376
f 3829 3831 12376
f 12376 3831 12377
f 3831 3833 12377
f 12377 3833 12378
f 3833 3835 12378
f 12378 3835 12379
f 3835 3837 12379
f 12379 3837 12380
f 3837 3839 12380
f 12380 3839 12381
f 3839 3841 12381
f 12381 3841 12382
f 3841 3843 12382
f 12382 3843 12383
f 3843 3845 12383
f 3845 3847 12383
f 12383 3847 12384
f 3847 3849 12384
f 12384 3849 12385
f 12385 3849 12386
f 3849 3851 12386
f 12386 3851 12387
f 3851 3853 12387
f 12387 3853 12388
f 3853 3855 12388
f 12388 3855 12389
f 3855 3857 12389
f 12389 3857 12390
f 3857 3859 12390
f 12390 3859 12391
f 3859 3861 12391
f 12391 3861 12392
f 3861 3863 12392
f 12392 3863 12393
f 3863 3865 12393
f 12393 3865 12394
f 3865 3867 12394
f 12394 3867 12395
f 3867 3869 12395
f 3869 3871 12395
f 12395 3871 12396
f 3871 3873 12396
f 12396 3873 12397
f 12397 3873 12398
f 3873 3875 12398
f 12398 3875 12399
f 3875 3877 12399
f 12399 3877 12400
f 3877 3879 12400
f 12400 3879 12401
f 3879 3881 12401
f 12401 3881 12402
f 3881 3883 12402
f 12402 3883 12403
f 3883 3885 12403
f 12403 3885 12404
f 3885 3887 12404
f 12404 3887 12405
f 3887 3889 12405
f 12405 3889 12406
f 3889 3891 12406
f 12406 3891 12407
f 3891 3893 12407
f 3893 3895 12407
f 12407 3895 12408
f 3895 3897 12408
f 12408 3897 12409
f 12409 3897 12410
f 3897 3899 12410
f 12410 3899 12411
f 3899 3901 12411
f 12411 3901 12412
f 3901 3903 12412
f 12412 3903 12413
f 3903 3905 12413
f 12413 3905 12414
f 3905 3907 12414
f 12414 3907 12415
f 3907 3909 12415
f 12415 3909 12416
f 3909 3911 12416
f 12416 3911 12417
f 3911 3913 12417
f 12417 3913 12418
f 3913 3915 12418
f 12418 3915 12419
f 3915 3917 12419
f 3917 3919 12419
f 12419 3919 12420
f 3919 3921 12420
f 12420 3921 12421
f 12421 3921 12422
f 3921 3923 12422
f 12422 3923 12423
f 3923 3925 12423
f 12423 3925 12424
f 3925 3927 12424
f 12424 3927 12425
f 3927 3929 12425
f 12425 3929 12426
f 3929 3931 12426
f 12426 3931 12427
f 3931 3933 12427
f 12427 3933 12428
f 3933 3935 12428
f 12428 3935 12429
f 3935 3937 12429
f 12429 3937 12430
f 3937 3939 12430
f 12430 3939 12431
f 3939 3941 12431
f 3941 3943 12431
f 12431 3943 12432
f 3943 3945 12432
f 12432 3945 12433
f 12433 3945 12434
f 3945 3947 12434
f 12434 3947 12435
f 3947 3949 12435
f 12435 3949 12436
f 3949 3951 12436
f 12436 3951 12437
f 3951 3953 12437
f 12437 3953 12438
f 3953 3955 12438
f 12438 3955 12439
f 3955 3957 12439
f 12439 3957 12440
f 3957 3959 12440
f 12440 3959 12441
f 3959 3961 12441
f 12441 3961 12442
f 3961 3963 12442
f 12442 3963 12443
f 3963 3966 12443
f 3966 3968 12443
f 12443 3968 12444
f 3968 3970 12444
f 12444 3970 12445
f 12445 3970 12446
f 3970 3972 12446
f 12446 3972 12447
f 3972 3973 12447
f 12447 3973 12448
f 3973 3976 12448
f 12448 3976 12449
f 3976 3978 12449
f 12449 3978 12450
f 3978 3980 12450
f 12450 3980 12451
f 3980 3982 12451
f 12451 3982 12452
f 3982 3983 12452
f 12452 3983 12453
f 3983 3985 12453
f 12453 3985 12454
f 3985 3987 12454
f 12454 3987 12455
f 3987 3989 12455
f 3989 3997 12455
f 12455 3997 12456
f 3997 3995 12456
f 12456 3995 12457
f 12457 3995 12458
f 3995 3993 12458
f 12458 3993 12459
f 3993 3991 12459
f 12459 3991 12460
f 3991 3990 12460
f 3990 4002 12460
f 12460 4002 12461
f 4002 4004 12461
f 12461 4004 12462
f 12462 4004 12463
f 4004 4007 12463
f 12463 4007 12464
f 4007 4006 12464
f 12464 4006 12465
f 4006 4009 12465
f 12465 4009 12466
f 4009 4011 12466
f 12466 4011 12467
f 4011 4014 12467
f 4014 4015 12467
f 12467 4015 12468
f 4015 4018 12468
f 12468 4018 12469
f 12469 4018 12470
f 4018 4019 12470
f 12470 4019 12471
f 4019 4021 12471
f 12471 4021 12472
f 4021 4024 12472
f 12472 4024 12473
f 4024 4025 12473
f 12473 4025 12474
f 4025 4028 12474
f 12474 4028 12475
f 4028 4029 12475
f 12475 4029 12476
f 4029 4031 12476
f 12476 4031 12477
f 4031 4033 12477
f 12477 4033 12478
f 4033 4035 12478
f 12478 4035 12479
f 4035 4038 12479
f 4038 249 12479
f 12479 249 12480
f 249 248 12480
f 12480 248 12481
f 12481 248 12482
f 248 4041 12482
f 12482 4041 12483
f 4041 4040 12483
f 12483 4040 12484
f 4040 4043 12484
f 12484 4043 12485
f 4043 246 12485
f 12485 246 12486
f 246 245 12486
f 12486 245 12487
f 245 4048 12487
f 12487 4048 12488
f 4048 4047 12488
f 12488 4047 12489
f 4047 4050 12489
f 12489 4050 12490
f 4050 4052 12490
f 12490 4052 12491
f 4052 4054 12491
f 4054 4056 12491
f 12491 4056 12492
f 4056 4059 12492
f 12492 4059 12493
f 12493 4059 12494
f 4059 4060 12494
f 12494 4060 12495
f 4060 4063 12495
f 12495 4063 12496
f 4063 4065 12496
f 4065 4066 12496
f 12496 4066 12497
f 4066 4069 12497
f 12497 4069 12498
f 12498 4069 12499
f 4069 4070 12499
f 12499 4070 12500
f 4070 4072 12500
f 12500 4072 12501
f 4072 4075 12501
f 12501 4075 12502
f 4075 4076 12502
f 12502 4076 12503
f 4076 4079 12503
f 4079 4080 12503
f 12503 4080 12504
f 4080 4083 12504
f 12504 4083 12505
f 12505 4083 12506
f 4083 4084 12506
f 12506 4084 12507
f 4084 4086 12507
f 12507 4086 12508
f 4086 4089 12508
f 4089 4091 12508
f 12508 4091 12509
f 4091 4093 12509
f 12509 4093 12510
f 12510 4093 12511
f 4093 4095 12511
f 12511 4095 12512
f 4095 4097 12512
f 12512 4097 12513
f 4097 4103 12513
f 12513 4103 12514
f 4103 4105 12514
f 12514 4105 12515
f 4105 4098 12515
f 12515 4098 12516
f 4098 4100 12516
f 12516 4100 12517
f 4100 4102 12517
f 12517 4102 12518
f 4102 4108 12518
f 12518 4108 12519
f 4108 4110 12519
f 12519 4110 12520
f 4110 4112 12520
f 4112 4115 12520
f 12520 4115 12521
f 4115 4117 12521
f 12521 4117 12522
f 12522 4117 12523
f 4117 4119 12523
f 12523 4119 12524
f 4119 4121 12524
f 12524 4121 12525
f 4121 4122 12525
f 12525 4122 12526
f 4122 4124 12526
f 12526 4124 12527
f 4124 4127 12527
f 12527 4127 12528
f 4127 4129 12528
f 12528 4129 12529
f 4129 4130 12529
f 12529 4130 12530
f 4130 4132 12530
f 12530 4132 12531
f 4132 4134 12531
f 12531 4134 12532
f 4134 4136 12532
f 4136 4138 12532
f 12532 4138 12533
f 4138 4141 12533
f 12533 4141 12534
f 12534 4141 12535
f 4141 4143 12535
f 12535 4143 12536
f 4143 4149 12536
f 12536 4149 12537
f 4149 4151 12537
f 12537 4151 12538
f 4151 4153 12538
f 12538 4153 12539
f 4153 4144 12539
f 12539 4144 12540
f 4144 4146 12540
f 12540 4146 12541
f 4146 4148 12541
f 12541 4148 12542
f 4148 4156 12542
f 12542 4156 12543
f 4156 4158 12543
f 12543 4158 12544
f 4158 4160 12544
f 12544 4160 12545
f 4160 4163 12545
f 12545 4163 12546
f 4163 4165 12546
f 12546 4165 12547
f 4165 4167 12547
f 12547 4167 12548
f 4167 4169 12548
f 4169 4172 12548
f 12548 4172 12549
f 4172 4174 12549
f 12549 4174 12550
f 12550 4174 12551
f 4174 4176 12551
f 12551 4176 12552
f 4176 4178 12552
f 12552 4178 12553
f 4178 4179 12553
f 12553 4179 12554
f 4179 4182 12554
f 12554 4182 12555
f 4182 4184 12555
f 12555 4184 12556
f 4184 4186 12556
f 12556 4186 12557
f 4186 4188 12557
f 12557 4188 12558
f 4188 4190 12558
f 12558 4190 12559
f 4190 4192 12559
f 12559 4192 12560
f 4192 4194 12560
f 4194 4196 12560
f 12560 4196 12561
f 4196 4198 12561
f 12561 4198 12562
f 12562 4198 12563
f 4198 4200 12563
f 12563 4200 12564
f 4200 4202 12564
f 12564 4202 12565
f 4202 4204 12565
f 12565 4204 12566
f 4204 4206 12566
f 12566 4206 12567
f 4206 4208 12567
f 12567 4208 12568
f 4208 4210 12568
f 12568 4210 12569
f 4210 4212 12569
f 12569 4212 12570
f 4212 4214 12570
f 12570 4214 12571
f 4214 4216 12571
f 12571 4216 12572
f 4216 4218 12572
f 4218 4220 12572
f 12572 4220 12573
f 4220 4222 12573
f 12573 4222 12574
f 12574 4222 12575
f 4222 4224 12575
f 12575 4224 12576
f 4224 4226 12576
f 12576 4226 12577
f 4226 4228 12577
f 12577 4228 12578
f 4228 4230 12578
f 12578 4230 12579
f 4230 4232 12579
f 12579 4232 12580
f 4232 4234 12580
f 12580 4234 12581
f 4234 4236 12581
f 12581 4236 12582
f 4236 4238 12582
f 12582 4238 12583
f 4238 4240 12583
f 12583 4240 12584
f 4240 4242 12584
f 4242 4244 12584
f 12584 4244 12585
f 4244 4246 12585
f 12585 4246 12586
f 12586 4246 12587
f 4246 4248 12587
f 12587 4248 12588
f 4248 4250 12588
f 12588 4250 12589
f 4250 4252 12589
f 12589 4252 12590
f 4252 4254 12590
f 12590 4254 12591
f 4254 4256 12591
f 12591 4256 12592
f 4256 4258 12592
f 12592 4258 12593
f 4258 4260 12593
f 12593 4260 12594
f 4260 4262 12594
f 12594 4262 12595
f 4262 4264 12595
f 12595 4264 12596
f 4264 4266 12596
f 4266 4268 12596
f 12596 4268 12597
f 4268 4270 12597
f 12597 4270 12598
f 12598 4270 12599
f 4270 4272 12599
f 12599 4272 12600
f 4272 4274 12600
f 12600 4274 12601
f 4274 4276 12601
f 12601 4276 12602
f 4276 4278 12602
f 12602 4278 12603
f 4278 4280 12603
f 12603 4280 12604
f 4280 4282 12604
f 12604 4282 12605
f 4282 4284 12605
f 12605 4284 12606
f 4284 4286 12606
f 12606 4286 12607
f 4286 4288 12607
f 12607 4288 12608
f 4288 4290 12608
f 4290 4292 12608
f 12608 4292 12609
f 4292 4294 12609
f 12609 4294 12610
f 12610 4294 12611
f 4294 4296 12611
f 12611 4296 12612
f 4296 4298 12612
f 12612 4298 12613
f 4298 4300 12613
f 12613 4300 12614
f 4300 4302 12614
f 12614 4302 12615
f 4302 4304 12615
f 12615 4304 12616
f 4304 4306 12616
f 12616 4306 12617
f 4306 4308 12617
f 12617 4308 12618
f 4308 4310 12618
f 12618 4310 12619
f 4310 4312 12619
f 12619 4312 12620
f 4312 4314 12620
f 4314 4316 12620
f 12620 4316 12621
f 4316 4318 12621
f 12621 4318 12622
f 12622 4318 12623
f 4318 4320 12623
f 12623 4320 12624
f 4320 4322 12624
f 12624 4322 12625
f 4322 4324 12625
f 12625 4324 12626
f 4324 4326 12626
f 12626 4326 12627
f 4326 4328 12627
f 12627 4328 12628
f 4328 4330 12628
f 12628 4330 12629
f 4330 4332 12629
f 12629 4332 12630
f 4332 4334 12630
f 12630 4334 12631
f 4334 4336 12631
f 12631 4336 12632
f 4336 4338 12632
f 4338 4340 12632
f 12632 4340 12633
f 4340 4342 12633
f 12633 4342 12634
f 12634 4342 12635
f 4342 4344 12635
f 12635 4344 12636
f 4344 4346 12636
f 12636 4346 12637
f 4346 4348 12637
f 12637 4348 12638
f 4348 4349 12638
f 12638 4349 12639
f 4349 4351 12639
f 12639 4351 12640
f 4351 4353 12640
f 4353 4355 12640
f 12640 4355 12641
f 4355 4358 12641
f 12641 4358 12642
f 12642 4358 12643
f 4358 4360 12643
f 12643 4360 12644
f 4360 4366 12644
f 12644 4366 12645
f 4366 4368 12645
f 12645 4368 12646
f 4368 4370 12646
f 12646 4370 12647
f 4370 4372 12647
f 12647 4372 12648
f 4372 4374 12648
f 12648 4374 12649
f 4374 4376 12649
f 12649 4376 12650
f 4376 4378 12650
f 12650 4378 12651
f 4378 4380 12651
f 12651 4380 12652
f 4380 4382 12652
f 4382 4384 12652
f 12652 4384 12653
f 4384 4386 12653
f 12653 4386 12654
f 12654 4386 12655
f 4386 4388 12655
f 12655 4388 12656
f 4388 4390 12656
f 12656 4390 12657
f 4390 4392 12657
f 12657 4392 12658
f 4392 4394 12658
f 12658 4394 12659
f 4394 4361 12659
f 12659 4361 12660
f 4361 4363 12660
f 12660 4363 12661
f 4363 4365 12661
f 12661 4365 12662
f 4365 4397 12662
f 12662 4397 12663
f 4397 4399 12663
f 12663 4399 12664
f 4399 4401 12664
f 4401 4403 12664
f 12664 4403 12665
f 4403 4405 12665
f 12665 4405 12666
f 12666 4405 12667
f 4405 4407 12667
f 12667 4407 12668
f 4407 4409 12668
f 12668 4409 12669
f 4409 4411 12669
f 4411 4413 12669
f 12669 4413 12670
f 4413 4415 12670
f 12670 4415 12671
f 12671 4415 12672
f 4415 4417 12672
f 12672 4417 12673
f 4417 4419 12673
f 12673 4419 12674
f 4419 4421 12674
f 12674 4421 12675
f 4421 4423 12675
f 12675 4423 12676
f 4423 4425 12676
f 4425 4427 12676
f 12676 4427 12677
f 4427 4430 12677
f 12677 4430 12678
f 12678 4430 12679
f 4430 4432 12679
f 12679 4432 12680
f 4432 4433 12680
f 12680 4433 12681
f 4433 4435 12681
f 12681 4435 12682
f 4435 4437 12682
f 12682 4437 12683
f 4437 4439 12683
f 12683 4439 12684
f 4439 4441 12684
f 12684 4441 12685
f 4441 4443 12685
f 12685 4443 12686
f 4443 4445 12686
f 12686 4445 12687
f 4445 4451 12687
f 12687 4451 12688
f 4451 4453 12688
f 12688 4453 12689
f 4453 4455 12689
f 4455 4457 12689
f 12689 4457 12690
f 4457 4459 12690
f 12690 4459 12691
f 12691 4459 12692
f 4459 4461 12692
f 12692 4461 12693
f 4461 4463 12693
f 12693 4463 12694
f 4463 4465 12694
f 12694 4465 12695
f 4465 4467 12695
f 12695 4467 12696
f 4467 4446 12696
f 12696 4446 12697
f 4446 4448 12697
f 12697 4448 12698
f 4448 4450 12698
f 12698 4450 12699
f 4450 4470 12699
f 12699 4470 12700
f 4470 4472 12700
f 12700 4472 12701
f 4472 4474 12701
f 4474 4476 12701
f 12701 4476 12702
f 4476 4479 12702
f 12702 4479 12703
f 12703 4479 12704
f 4479 4481 12704
f 12704 4481 12705
f 4481 4482 12705
f 12705 4482 12706
f 4482 4484 12706
f 12706 4484 12707
f 4484 4486 12707
f 12707 4486 12708
f 4486 4488 12708
f 12708 4488 12709
f 4488 4490 12709
f 12709 4490 12710
f 4490 4492 12710
f 12710 4492 12711
f 4492 4494 12711
f 12711 4494 12712
f 4494 4496 12712
f 12712 4496 12713
f 4496 4498 12713
f 4498 4500 12713
f 12713 4500 12714
f 4500 4502 12714
f 12714 4502 12715
f 12715 4502 12716
f 4502 4504 12716
f 12716 4504 12717
f 4504 4506 12717
f 12717 4506 12718
f 4506 4508 12718
f 4508 4510 12718
f 12718 4510 12719
f 4510 4512 12719
f 12719 4512 12720
f 12720 4512 12721
f 4512 4514 12721
f 12721 4514 12722
f 4514 4516 12722
f 12722 4516 12723
f 4516 4518 12723
f 12723 4518 12724
f 4518 4520 12724
f 12724 4520 12725
f 4520 4522 12725
f 4522 4525 12725
f 12725 4525 12726
f 4525 4527 12726
f 12726 4527 12727
f 12727 4527 12728
f 4527 4529 12728
f 12728 4529 12729
f 4529 4530 12729
f 12729 4530 12730
f 4530 4532 12730
f 4532 4534 12730
f 12730 4534 12731
f 4534 4536 12731
f 12731 4536 12732
f 12732 4536 12733
f 4536 4538 12733
f 12733 4538 12734
f 4538 4540 12734
f 12734 4540 12735
f 4540 4542 12735
f 12735 4542 12736
f 4542 4544 12736
f 12736 4544 12737
f 4544 4546 12737
f 4546 4548 12737
f 12737 4548 12738
f 4548 4551 12738
f 12738 4551 12739
f 12739 4551 12740
f 4551 4557 12740
f 12740 4557 12741
f 4557 4559 12741
f 12741 4559 12742
f 4559 4552 12742
f 12742 4552 12743
f 4552 4554 12743
f 12743 4554 12744
f 4554 4556 12744
f 12744 4556 12745
f 4556 4564 12745
f 12745 4564 12746
f 4564 4563 12746
f 12746 4563 12747
f 4563 4571 12747
f 4571 4573 12747
f 12747 4573 12748
f 4573 4575 12748
f 12748 4575 12749
f 12749 4575 12750
f 4575 4577 12750
f 12750 4577 12751
f 4577 4579 12751
f 12751 4579 12752
f 4579 4581 12752
f 12752 4581 12753
f 4581 4583 12753
f 12753 4583 12754
f 4583 4566 12754
f 12754 4566 12755
f 4566 4568 12755
f 12755 4568 12756
f 4568 4570 12756
f 12756 4570 12757
f 4570 4586 12757
f 12757 4586 12758
f 4586 4588 12758
f 12758 4588 12759
f 4588 4590 12759
f 4590 4592 12759
f 12759 4592 12760
f 4592 4595 12760
f 12760 4595 12761
f 12761 4595 12762
f 4595 4597 12762
f 12762 4597 12763
f 4597 4603 12763
f 12763 4603 12764
f 4603 4605 12764
f 12764 4605 12765
f 4605 4607 12765
f 12765 4607 12766
f 4607 4609 12766
f 12766 4609 12767
f 4609 4611 12767
f 12767 4611 12768
f 4611 4613 12768
f 12768 4613 12769
f 4613 4615 12769
f 12769 4615 12770
f 4615 4617 12770
f 12770 4617 12771
f 4617 4619 12771
f 4619 4621 12771
f 12771 4621 12772
f 4621 4623 12772
f 12772 4623 12773
f 12773 4623 12774
f 4623 4625 12774
f 12774 4625 12775
f 4625 4627 12775
f 12775 4627 12776
f 4627 4629 12776
f 12776 4629 12777
f 4629 4631 12777
f 12777 4631 12778
f 4631 4598 12778
f 12778 4598 12779
f 4598 4600 12779
f 12779 4600 12780
f 4600 4602 12780
f 12780 4602 12781
f 4602 4634 12781
f 12781 4634 12782
f 4634 4636 12782
f 12782 4636 12783
f 4636 4638 12783
f 4638 4641 12783
f 12783 4641 12784
f 4641 4643 12784
f 12784 4643 12785
f 12785 4643 12786
f 4643 4645 12786
f 12786 4645 12787
f 4645 4646 12787
f 12787 4646 12788
f 4646 4648 12788
f 12788 4648 12789
f 4648 4650 12789
f 12789 4650 12790
f 4650 4653 12790
f 12790 4653 12791
f 4653 4655 12791
f 12791 4655 12792
f 4655 4656 12792
f 12792 4656 12793
f 4656 4658 12793
f 12793 4658 12794
f 4658 4660 12794
f 12794 4660 12795
f 4660 4662 12795
f 4662 4664 12795
f 12795 4664 12796
f 4664 4667 12796
f 12796 4667 12797
f 12797 4667 12798
f 4667 4668 12798
f 12798 4668 12799
f 4668 4670 12799
f 12799 4670 12800
f 4670 4672 12800
f 12800 4672 12801
f 4672 243 12801
f 12801 243 12802
f 243 242 12802
f 12802 242 12803
f 242 4677 12803
f 12803 4677 12804
f 4677 4676 12804
f 12804 4676 12805
f 4676 4679 12805
f 12805 4679 12806
f 4679 4681 12806
f 12806 4681 12807
f 4681 4683 12807
f 4683 240 12807
f 12807 240 12808
f 240 239 12808
f 12808 239 12809
f 12809 239 12810
f 239 4688 12810
f 12810 4688 12811
f 4688 4687 12811
f 12811 4687 12812
f 4687 4690 12812
f 4690 4692 12812
f 12812 4692 12813
f 4692 4695 12813
f 12813 4695 12814
f 12814 4695 12815
f 4695 4696 12815
f 12815 4696 12816
f 4696 4698 12816
f 12816 4698 12817
f 4698 4701 12817
f 12817 4701 12818
f 4701 4702 12818
f 12818 4702 12819
f 4702 4705 12819
f 4705 4706 12819
f 12819 4706 12820
f 4706 4709 12820
f 12820 4709 12821
f 12821 4709 12822
f 4709 4710 12822
f 12822 4710 12823
f 4710 4712 12823
f 12823 4712 12824
f 4712 4715 12824
f 12824 4715 12825
f 4715 4716 12825
f 12825 4716 12826
f 4716 4719 12826
f 12826 4719 12827
f 4719 4720 12827
f 12827 4720 12828
f 4720 4722 12828
f 12828 4722 12829
f 4722 4725 12829
f 12829 4725 12830
f 4725 4727 12830
f 12830 4727 12831
f 4727 4728 12831
f 4728 237 12831
f 12831 237 12832
f 237 236 12832
f 12832 236 12833
f 12833 236 12834
f 236 4733 12834
f 12834 4733 12835
f 4733 4732 12835
f 12835 4732 12836
f 4732 4735 12836
f 4735 4737 12836
f 12836 4737 12837
f 4737 4740 12837
f 12837 4740 12838
f 12838 4740 12839
f 4740 4741 12839
f 12839 4741 12840
f 4741 4744 12840
f 12840 4744 12841
f 4744 4746 12841
f 12841 4746 12842
f 4746 4748 12842
f 12842 4748 12843
f 4748 4750 12843
f 4750 4752 12843
f 12843 4752 12844
f 4752 4754 12844
f 12844 4754 12845
f 12845 4754 12846
f 4754 4756 12846
f 12846 4756 12847
f 4756 4757 12847
f 12847 4757 12848
f 4757 4759 12848
f 12848 4759 12849
f 4759 4761 12849
f 12849 4761 12850
f 4761 4763 12850
f 12850 4763 12851
f 4763 4765 12851
f 4765 4767 12851
f 12851 4767 12852
f 4767 4769 12852
f 12852 4769 12853
f 12853 4769 12854
f 4769 4771 12854
f 12854 4771 12855
f 4771 4773 12855
f 12855 4773 12856
f 4773 4775 12856
f 12856 4775 12857
f 4775 4777 12857
f 12857 4777 12858
f 4777 4779 12858
f 12858 4779 12859
f 4779 4781 12859
f 12859 4781 12860
f 4781 4783 12860
f 12860 4783 12861
f 4783 4785 12861
f 12861 4785 12862
f 4785 4787 12862
f 12862 4787 12863
f 4787 4789 12863
f 4789 4791 12863
f 12863 4791 12864
f 4791 4793 12864
f 12864 4793 12865
f 12865 4793 12866
f 4793 4795 12866
f 12866 4795 12867
f 4795 4797 12867
f 12867 4797 12868
f 4797 4799 12868
f 4799 4801 12868
f 12868 4801 12869
f 4801 4803 12869
f 12869 4803 12870
f 12870 4803 12871
f 4803 4805 12871
f 12871 4805 12872
f 4805 4807 12872
f 12872 4807 12873
f 4807 4809 12873
f 12873 4809 12874
f 4809 4811 12874
f 12874 4811 12875
f 4811 4813 12875
f 4813 4815 12875
f 12875 4815 12876
f 4815 4818 12876
f 12876 4818 12877
f 12877 4818 12878
f 4818 4892 12878
f 12878 4892 12879
f 4892 4891 12879
f 12879 4891 12880
f 4891 4889 12880
f 4889 4887 12880
f 12880 4887 12881
f 4887 4885 12881
f 12881 4885 12882
f 12882 4885 12883
f 4885 4883 12883
f 12883 4883 12884
f 4883 4881 12884
f 12884 4881 12885
f 4881 4879 12885
f 12885 4879 12886
f 4879 4877 12886
f 12886 4877 12887
f 4877 4875 12887
f 12887 4875 12888
f 4875 4873 12888
f 12888 4873 12889
f 4873 4871 12889
f 12889 4871 12890
f 4871 4869 12890
f 12890 4869 12891
f 4869 4867 12891
f 12891 4867 12892
f 4867 4865 12892
f 4865 4863 12892
f 12892 4863 12893
f 4863 4861 12893
f 12893 4861 12894
f 12894 4861 12895
f 4861 4859 12895
f 12895 4859 12896
f 4859 4857 12896
f 12896 4857 12897
f 4857 4855 12897
f 4855 4853 12897
f 12897 4853 12898
f 4853 4851 12898
f 12898 4851 12899
f 12899 4851 12900
f 4851 4849 12900
f 12900 4849 12901
f 4849 4847 12901
f 12901 4847 12902
f 4847 4845 12902
f 12902 4845 12903
f 4845 4843 12903
f 12903 4843 12904
f 4843 4841 12904
f 4841 4839 12904
f 12904 4839 12905
f 4839 4837 12905
f 12905 4837 12906
f 12906 4837 12907
f 4837 4835 12907
f 12907 4835 12908
f 4835 4833 12908
f 12908 4833 12909
f 4833 4831 12909
f 12909 4831 12910
f 4831 4829 12910
f 12910 4829 12911
f 4829 4827 12911
f 12911 4827 12912
f 4827 4825 12912
f 12912 4825 12913
f 4825 4823 12913
f 12913 4823 12914
f 4823 4821 12914
f 12914 4821 12915
f 4821 234 12915
f 12915 234 12916
f 234 233 12916
f 233 4901 12916
f 12916 4901 12917
f 4901 4902 12917
f 12917 4902 12918
f 12918 4902 12919
f 4902 4896 12919
f 12919 4896 12920
f 4896 4895 12920
f 12920 4895 12921
f 4895 4894 12921
f 12921 4894 12922
f 4894 4903 12922
f 12922 4903 12923
f 4903 4905 12923
f 12923 4905 12924
f 4905 4907 12924
f 4907 231 12924
f 12924 231 12925
f 231 230 12925
f 12925 230 12926
f 12926 230 12927
f 230 4912 12927
f 12927 4912 12928
f 4912 4911 12928
f 12928 4911 12929
f 4911 4914 12929
f 4914 4916 12929
f 12929 4916 12930
f 4916 4919 12930
f 12930 4919 12931
f 12931 4919 12932
f 4919 4920 12932
f 12932 4920 12933
f 4920 4922 12933
f 12933 4922 12934
f 4922 4925 12934
f 12934 4925 12935
f 4925 4926 12935
f 12935 4926 12936
f 4926 4929 12936
f 4929 4930 12936
f 12936 4930 12937
f 4930 4933 12937
f 12937 4933 12938
f 12938 4933 12939
f 4933 4934 12939
f 12939 4934 12940
f 4934 4936 12940
f 12940 4936 12941
f 4936 4939 12941
f 12941 4939 12942
f 4939 4940 12942
f 12942 4940 12943
f 4940 4943 12943
f 12943 4943 12944
f 4943 4993 12944
f 12944 4993 12945
f 4993 4992 12945
f 12945 4992 12946
f 4992 4990 12946
f 12946 4990 12947
f 4990 4988 12947
f 12947 4988 12948
f 4988 4986 12948
f 12948 4986 12949
f 4986 4984 12949
f 4984 4982 12949
f 12949 4982 12950
f 4982 4980 12950
f 12950 4980 12951
f 12951 4980 12952
f 4980 4978 12952
f 12952 4978 12953
f 4978 4976 12953
f 12953 4976 12954
f 4976 4974 12954
f 12954 4974 12955
f 4974 4972 12955
f 12955 4972 12956
f 4972 4970 12956
f 12956 4970 12957
f 4970 4968 12957
f 12957 4968 12958
f 4968 4966 12958
f 12958 4966 12959
f 4966 4964 12959
f 12959 4964 12960
f 4964 4962 12960
f 12960 4962 12961
f 4962 4960 12961
f 4960 4958 12961
f 12961 4958 12962
f 4958 4956 12962
f 12962 4956 12963
f 12963 4956 12964
f 4956 4954 12964
f 12964 4954 12965
f 4954 4952 12965
f 12965 4952 12966
f 4952 4950 12966
f 12966 4950 12967
f 4950 4948 12967
f 12967 4948 12968
f 4948 4946 12968
f 12968 4946 12969
f 4946 5014 12969
f 5014 5013 12969
f 12969 5013 12970
f 5013 5011 12970
f 12970 5011 12971
f 12971 5011 12972
f 5011 5009 12972
f 12972 5009 12973
f 5009 5007 12973
f 12973 5007 12974
f 5007 5005 12974
f 12974 5005 12975
f 5005 5003 12975
f 12975 5003 12976
f 5003 5001 12976
f 12976 5001 12977
f 5001 4999 12977
f 12977 4999 12978
f 4999 4997 12978
f 12978 4997 12979
f 4997 4995 12979
f 12979 4995 12980
f 4995 228 12980
f 12980 228 12981
f 228 227 12981
f 227 5017 12981
f 12981 5017 12982
f 5017 5019 12982
f 12982 5019 12983
f 12983 5019 12984
f 5019 5021 12984
f 12984 5021 12985
f 5021 5023 12985
f 12985 5023 12986
f 5023 5025 12986
f 5025 5027 12986
f 12986 5027 12987
f 5027 5029 12987
f 12987 5029 12988
f 12988 5029 12989
f 5029 5031 12989
f 12989 5031 12990
f 5031 5033 12990
f 12990 5033 12991
f 5033 5035 12991
f 12991 5035 12992
f 5035 5037 12992
f 12992 5037 12993
f 5037 5039 12993
f 12993 5039 12994
f 5039 5041 12994
f 12994 5041 12995
f 5041 5043 12995
f 12995 5043 12996
f 5043 5045 12996
f 12996 5045 12997
f 5045 5047 12997
f 12997 5047 12998
f 5047 5049 12998
f 5049 5051 12998
f 12998 5051 12999
f 5051 5053 12999
f 12999 5053 13000
f 13000 5053 13001
f 5053 5055 13001
f 13001 5055 13002
f 5055 5057 13002
f 13002 5057 13003
f 5057 5059 13003
f 13003 5059 13004
f 5059 5061 13004
f 13004 5061 13005
f 5061 5063 13005
f 5063 5065 13005
f 13005 5065 13006
f 5065 5067 13006
f 13006 5067 13007
f 13007 5067 13008
f 5067 5069 13008
f 13008 5069 13009
f 5069 5071 13009
f 13009 5071 13010
f 5071 5073 13010
f 5073 5075 13010
f 13010 5075 13011
f 5075 5077 13011
f 13011 5077 13012
f 13012 5077 13013
f 5077 5079 13013
f 13013 5079 13014
f 5079 5081 13014
f 13014 5081 13015
f 5081 5083 13015
f 13015 5083 13016
f 5083 5085 13016
f 13016 5085 13017
f 5085 5087 13017
f 13017 5087 13018
f 5087 5089 13018
f 13018 5089 13019
f 5089 5091 13019
f 13019 5091 13020
f 5091 5093 13020
f 13020 5093 13021
f 5093 5095 13021
f 13021 5095 13022
f 5095 5097 13022
f 5097 5099 13022
f 13022 5099 13023
f 5099 5101 13023
f 13023 5101 13024
f 13024 5101 13025
f 5101 5103 13025
f 13025 5103 13026
f 5103 5105 13026
f 13026 5105 13027
f 5105 5107 13027
f 13027 5107 13028
f 5107 5109 13028
f 13028 5109 13029
f 5109 5111 13029
f 13029 5111 13030
f 5111 5113 13030
f 13030 5113 13031
f 5113 5115 13031
f 13031 5115 13032
f 5115 5117 13032
f 13032 5117 13033
f 5117 5119 13033
f 13033 5119 13034
f 5119 5121 13034
f 5121 5123 13034
f 13034 5123 13035
f 5123 5125 13035
f 13035 5125 13036
f 13036 5125 13037
f 5125 5127 13037
f 13037 5127 13038
f 5127 5129 13038
f 13038 5129 13039
f 5129 5131 13039
f 13039 5131 13040
f 5131 5133 13040
f 13040 5133 13041
f 5133 5135 13041
f 13041 5135 13042
f 5135 5136 13042
f 13042 5136 13043
f 5136 5138 13043
f 13043 5138 13044
f 5138 5140 13044
f 13044 5140 13045
f 5140 5142 13045
f 13045 5142 13046
f 5142 5144 13046
f 13046 5144 13047
f 5144 5146 13047
f 5146 5148 13047
f 13047 5148 13048
f 5148 5150 13048
f 13048 5150 13049
f 13049 5150 13050
f 5150 5152 13050
f 13050 5152 13051
f 5152 5154 13051
f 13051 5154 13052
f 5154 5156 13052
f 13052 5156 13053
f 5156 5158 13053
f 13053 5158 13054
f 5158 5160 13054
f 13054 5160 13055
f 5160 5162 13055
f 13055 5162 13056
f 5162 5164 13056
f 13056 5164 13057
f 5164 5166 13057
f 13057 5166 13058
f 5166 5168 13058
f 13058 5168 13059
f 5168 5170 13059
f 13059 5170 13060
f 5170 5172 13060
f 13060 5172 13061
f 5172 5174 13061
f 13061 5174 13062
f 5174 5176 13062
f 13062 5176 13063
f 5176 5178 13063
f 13063 5178 13064
f 5178 5180 13064
f 13064 5180 13065
f 5180 5182 13065
f 13065 5182 13066
f 5182 5184 13066
f 13066 5184 13067
f 5184 5186 13067
f 13067 5186 13068
f 5186 5188 13068
f 13068 5188 13069
f 5188 5190 13069
f 13069 5190 13070
f 5190 5192 13070
f 13070 5192 13071
f 5192 5194 13071
f 5194 5196 13071
f 13071 5196 13072
f 5196 5198 13072
f 13072 5198 13073
f 13073 5198 13074
f 5198 5200 13074
f 13074 5200 13075
f 5200 5202 13075
f 13075 5202 13076
f 5202 5204 13076
f 13076 5204 13077
f 5204 5206 13077
f 13077 5206 13078
f 5206 5208 13078
f 13078 5208 13079
f 5208 5210 13079
f 13079 5210 13080
f 5210 5212 13080
f 13080 5212 13081
f 5212 5214 13081
f 13081 5214 13082
f 5214 5216 13082
f 13082 5216 13083
f 5216 5218 13083
f 5218 5220 13083
f 13083 5220 13084
f 5220 5222 13084
f 13084 5222 13085
f 13085 5222 13086
f 5222 5224 13086
f 13086 5224 13087
f 5224 5226 13087
f 13087 5226 13088
f 5226 5228 13088
f 13088 5228 13089
f 5228 5230 13089
f 13089 5230 13090
f 5230 5232 13090
f 13090 5232 13091
f 5232 5234 13091
f 13091 5234 13092
f 5234 5236 13092
f 13092 5236 13093
f 5236 5238 13093
f 13093 5238 13094
f 5238 5240 13094
f 13094 5240 13095
f 5240 5242 13095
f 5242 5244 13095
f 13095 5244 13096
f 5244 5246 13096
f 13096 5246 13097
f 13097 5246 13098
f 5246 5248 13098
f 13098 5248 13099
f 5248 5250 13099
f 13099 5250 13100
f 5250 5252 13100
f 13100 5252 13101
f 5252 5254 13101
f 13101 5254 13102
f 5254 5256 13102
f 13102 5256 13103
f 5256 5258 13103
f 13103 5258 13104
f 5258 5260 13104
f 13104 5260 13105
f 5260 5262 13105
f 13105 5262 13106
f 5262 5264 13106
f 13106 5264 13107
f 5264 5266 13107
f 5266 5268 13107
f 13107 5268 13108
f 5268 5270 13108
f 13108 5270 13109
f 13109 5270 13110
f 5270 5272 13110
f 13110 5272 13111
f 5272 5274 13111
f 13111 5274 13112
f 5274 5276 13112
f 13112 5276 13113
f 5276 5278 13113
f 13113 5278 13114
f 5278 5280 13114
f 13114 5280 13115
f 5280 5282 13115
f 13115 5282 13116
f 5282 5284 13116
f 13116 5284 13117
f 5284 5286 13117
f 13117 5286 13118
f 5286 5288 13118
f 13118 5288 13119
f 5288 5290 13119
f 5290 5292 13119
f 13119 5292 13120
f 5292 5294 13120
f 13120 5294 13121
f 13121 5294 13122
f 5294 5296 13122
f 13122 5296 13123
f 5296 5298 13123
f 13123 5298 13124
f 5298 5300 13124
f 13124 5300 13125
f 5300 5302 13125
f 13125 5302 13126
f 5302 5304 13126
f 13126 5304 13127
f 5304 5306 13127
f 13127 5306 13128
f 5306 5308 13128
f 13128 5308 13129
f 5308 5310 13129
f 13129 5310 13130
f 5310 5312 13130
f 13130 5312 13131
f 5312 5314 13131
f 5314 5316 13131
f 13131 5316 13132
f 5316 5318 13132
f 13132 5318 13133
f 13133 5318 13134
f 5318 5320 13134
f 13134 5320 13135
f 5320 5322 13135
f 13135 5322 13136
f 5322 5324 13136
f 5324 5326 13136
f 13136 5326 13137
f 5326 5328 13137
f 13137 5328 13138
f 13138 5328 13139
f 5328 5330 13139
f 13139 5330 13140
f 5330 5332 13140
f 13140 5332 13141
f 5332 5334 13141
f 13141 5334 13142
f 5334 5336 13142
f 13142 5336 13143
f 5336 5338 13143
f 5338 5340 13143
f 13143 5340 13144
f 5340 5342 13144
f 13144 5342 13145
f 13145 5342 13146
f 5342 5344 13146
f 13146 5344 13147
f 5344 5346 13147
f 13147 5346 13148
f 5346 5348 13148
f 13148 5348 13149
f 5348 5350 13149
f 13149 5350 13150
f 5350 5352 13150
f 13150 5352 13151
f 5352 5354 13151
f 13151 5354 13152
f 5354 5356 13152
f 13152 5356 13153
f 5356 5358 13153
f 13153 5358 13154
f 5358 5360 13154
f 13154 5360 13155
f 5360 5362 13155
f 5362 5364 13155
f 13155 5364 13156
f 5364 5366 13156
f 13156 5366 13157
f 13157 5366 13158
f 5366 5368 13158
f 13158 5368 13159
f 5368 5370 13159
f 13159 5370 13160
f 5370 5372 13160
f 5372 5374 13160
f 13160 5374 13161
f 5374 5376 13161
f 13161 5376 13162
f 13162 5376 13163
f 5376 5378 13163
f 13163 5378 13164
f 5378 5380 13164
f 13164 5380 13165
f 5380 5382 13165
f 13165 5382 13166
f 5382 5384 13166
f 13166 5384 13167
f 5384 5386 13167
f 5386 5388 13167
f 13167 5388 13168
f 5388 5390 13168
f 13168 5390 13169
f 13169 5390 13170
f 5390 5392 13170
f 13170 5392 13171
f 5392 5394 13171
f 13171 5394 13172
f 5394 5396 13172
f 13172 5396 13173
f 5396 5398 13173
f 13173 5398 13174
f 5398 5400 13174
f 13174 5400 13175
f 5400 5402 13175
f 13175 5402 13176
f 5402 5404 13176
f 13176 5404 13177
f 5404 5406 13177
f 13177 5406 13178
f 5406 5408 13178
f 13178 5408 13179
f 5408 5410 13179
f 5410 5412 13179
f 13179 5412 13180
f 5412 5414 13180
f 13180 5414 13181
f 13181 5414 13182
f 5414 5416 13182
f 13182 5416 13183
f 5416 5418 13183
f 13183 5418 13184
f 5418 5420 13184
f 5420 5422 13184
f 13184 5422 13185
f 5422 5424 13185
f 13185 5424 13186
f 13186 5424 13187
f 5424 5426 13187
f 13187 5426 13188
f 5426 5428 13188
f 13188 5428 13189
f 5428 5430 13189
f 13189 5430 13190
f 5430 5432 13190
f 13190 5432 13191
f 5432 5434 13191
f 5434 5436 13191
f 13191 5436 13192
f 5436 5438 13192
f 13192 5438 13193
f 13193 5438 13194
f 5438 5440 13194
f 13194 5440 13195
f 5440 5442 13195
f 13195 5442 13196
f 5442 5444 13196
f 5444 5446 13196
f 13196 5446 13197
f 5446 5448 13197
f 13197 5448 13198
f 13198 5448 13199
f 5448 5450 13199
f 13199 5450 13200
f 5450 5452 13200
f 13200 5452 13201
f 5452 5454 13201
f 13201 5454 13202
f 5454 5456 13202
f 13202 5456 13203
f 5456 5458 13203
f 5458 5460 13203
f 13203 5460 13204
f 5460 5462 13204
f 13204 5462 13205
f 13205 5462 13206
f 5462 5464 13206
f 13206 5464 13207
f 5464 5466 13207
f 13207 5466 13208
f 5466 5468 13208
f 13208 5468 13209
f 5468 5470 13209
f 13209 5470 13210
f 5470 5472 13210
f 13210 5472 13211
f 5472 5474 13211
f 13211 5474 13212
f 5474 5476 13212
f 13212 5476 13213
f 5476 5478 13213
f 13213 5478 13214
f 5478 5480 13214
f 13214 5480 13215
f 5480 5482 13215
f 5482 5484 13215
f 13215 5484 13216
f 5484 5486 13216
f 13216 5486 13217
f 13217 5486 13218
f 5486 5488 13218
f 13218 5488 13219
f 5488 5490 13219
f 13219 5490 13220
f 5490 5492 13220
f 5492 5494 13220
f 13220 5494 13221
f 5494 5496 13221
f 13221 5496 13222
f 13222 5496 13223
f 5496 5498 13223
f 13223 5498 13224
f 5498 5500 13224
f 13224 5500 13225
f 5500 5502 13225
f 13225 5502 13226
f 5502 5504 13226
f 13226 5504 13227
f 5504 5506 13227
f 5506 5508 13227
f 13227 5508 13228
f 5508 5510 13228
f 13228 5510 13229
f 13229 5510 13230
f 5510 5512 13230
f 13230 5512 13231
f 5512 5514 13231
f 13231 5514 13232
f 5514 5516 13232
f 13232 5516 13233
f 5516 5518 13233
f 13233 5518 13234
f 5518 5520 13234
f 13234 5520 13235
f 5520 5522 13235
f 13235 5522 13236
f 5522 5524 13236
f 13236 5524 13237
f 5524 5526 13237
f 5526 5528 13237
f 13237 5528 13238
f 5528 5530 13238
f 13238 5530 13239
f 13239 5530 13240
f 5530 5532 13240
f 13240 5532 13241
f 5532 5534 13241
f 13241 5534 13242
f 5534 5536 13242
f 13242 5536 13243
f 5536 5538 13243
f 13243 5538 13244
f 5538 5540 13244
f 13244 5540 13245
f 5540 5542 13245
f 13245 5542 13246
f 5542 5544 13246
f 13246 5544 13247
f 5544 5546 13247
f 13247 5546 13248
f 5546 5548 13248
f 13248 5548 13249
f 5548 5550 13249
f 5550 5552 13249
f 13249 5552 13250
f 5552 5554 13250
f 13250 5554 13251
f 13251 5554 13252
f 5554 5556 13252
f 13252 5556 13253
f 5556 5558 13253
f 13253 5558 13254
f 5558 5560 13254
f 5560 5562 13254
f 13254 5562 13255
f 5562 5564 13255
f 13255 5564 13256
f 13256 5564 13257
f 5564 5566 13257
f 13257 5566 13258
f 5566 5568 13258
f 13258 5568 13259
f 5568 5570 13259
f 13259 5570 13260
f 5570 5572 13260
f 13260 5572 13261
f 5572 5574 13261
f 5574 5576 13261
f 13261 5576 13262
f 5576 5578 13262
f 13262 5578 13263
f 13263 5578 13264
f 5578 5580 13264
f 13264 5580 13265
f 5580 5582 13265
f 13265 5582 13266
f 5582 5584 13266
f 13266 5584 13267
f 5584 5586 13267
f 13267 5586 13268
f 5586 5588 13268
f 13268 5588 13269
f 5588 5590 13269
f 13269 5590 13270
f 5590 5592 13270
f 13270 5592 13271
f 5592 5594 13271
f 13271 5594 13272
f 5594 5596 13272
f 13272 5596 13273
f 5596 5598 13273
f 5598 5600 13273
f 13273 5600 13274
f 5600 5602 13274
f 13274 5602 13275
f 13275 5602 13276
f 5602 5604 13276
f 13276 5604 13277
f 5604 5606 13277
f 13277 5606 13278
f 5606 5608 13278
f 5608 5610 13278
f 13278 5610 13279
f 5610 5612 13279
f 13279 5612 13280
f 13280 5612 13281
f 5612 5614 13281
f 13281 5614 13282
f 5614 5616 13282
f 13282 5616 13283
f 5616 5618 13283
f 13283 5618 13284
f 5618 5620 13284
f 13284 5620 13285
f 5620 5622 13285
f 5622 5624 13285
f 13285 5624 13286
f 5624 5626 13286
f 13286 5626 13287
f 13287 5626 13288
f 5626 5628 13288
f 13288 5628 13289
f 5628 5630 13289
f 13289 5630 13290
f 5630 5632 13290
f 13290 5632 13291
f 5632 5634 13291
f 13291 5634 13292
f 5634 5636 13292
f 13292 5636 13293
f 5636 5638 13293
f 13293 5638 13294
f 5638 5640 13294
f 13294 5640 13295
f 5640 5642 13295
f 13295 5642 13296
f 5642 5644 13296
f 13296 5644 13297
f 5644 5646 13297
f 5646 5648 13297
f 13297 5648 13298
f 5648 5650 13298
f 13298 5650 13299
f 13299 5650 13300
f 5650 5652 13300
f 13300 5652 13301
f 5652 5654 13301
f 13301 5654 13302
f 5654 5656 13302
f 5656 5658 13302
f 13302 5658 13303
f 5658 5660 13303
f 13303 5660 13304
f 13304 5660 13305
f 5660 5662 13305
f 13305 5662 13306
f 5662 5664 13306
f 13306 5664 13307
f 5664 5666 13307
f 13307 5666 13308
f 5666 5668 13308
f 13308 5668 13309
f 5668 5670 13309
f 13309 5670 13310
f 5670 5672 13310
f 13310 5672 13311
f 5672 5674 13311
f 13311 5674 13312
f 5674 5676 13312
f 13312 5676 13313
f 5676 5678 13313
f 13313 5678 13314
f 5678 5680 13314
f 5680 5682 13314
f 13314 5682 13315
f 5682 5684 13315
f 13315 5684 13316
f 13316 5684 13317
f 5684 5686 13317
f 13317 5686 13318
f 5686 5688 13318
f 13318 5688 13319
f 5688 5690 13319
f 13319 5690 13320
f 5690 5692 13320
f 13320 5692 13321
f 5692 5694 13321
f 5694 5696 13321
f 13321 5696 13322
f 5696 5698 13322
f 13322 5698 13323
f 13323 5698 13324
f 5698 5700 13324
f 13324 5700 13325
f 5700 5702 13325
f 13325 5702 13326
f 5702 5704 13326
f 5704 5706 13326
f 13326 5706 13327
f 5706 5708 13327
f 13327 5708 13328
f 13328 5708 13329
f 5708 5710 13329
f 13329 5710 13330
f 5710 5712 13330
f 13330 5712 13331
f 5712 5714 13331
f 13331 5714 13332
f 5714 5716 13332
f 13332 5716 13333
f 5716 5718 13333
f 13333 5718 13334
f 5718 5720 13334
f 13334 5720 13335
f 5720 5722 13335
f 13335 5722 13336
f 5722 5724 13336
f 13336 5724 13337
f 5724 5726 13337
f 13337 5726 13338
f 5726 5728 13338
f 5728 5730 13338
f 13338 5730 13339
f 5730 5732 13339
f 13339 5732 13340
f 13340 5732 13341
f 5732 5734 13341
f 13341 5734 13342
f 5734 5736 13342
f 13342 5736 13343
f 5736 5738 13343
f 13343 5738 13344
f 5738 5740 13344
f 13344 5740 13345
f 5740 5742 13345
f 13345 5742 13346
f 5742 5744 13346
f 13346 5744 13347
f 5744 5752 13347
f 13347 5752 13348
f 5752 5754 13348
f 13348 5754 13349
f 5754 5756 13349
f 5756 5758 13349
f 13349 5758 13350
f 5758 5760 13350
f 13350 5760 13351
f 13351 5760 13352
f 5760 5762 13352
f 13352 5762 13353
f 5762 5764 13353
f 13353 5764 13354
f 5764 5766 13354
f 13354 5766 13355
f 5766 5768 13355
f 13355 5768 13356
f 5768 5770 13356
f 13356 5770 13357
f 5770 5772 13357
f 13357 5772 13358
f 5772 5774 13358
f 13358 5774 13359
f 5774 5776 13359
f 13359 5776 13360
f 5776 5778 13360
f 13360 5778 13361
f 5778 5780 13361
f 5780 5782 13361
f 13361 5782 13362
f 5782 5784 13362
f 13362 5784 13363
f 13363 5784 13364
f 5784 5786 13364
f 13364 5786 13365
f 5786 5788 13365
f 13365 5788 13366
f 5788 5790 13366
f 13366 5790 13367
f 5790 5792 13367
f 13367 5792 13368
f 5792 5794 13368
f 13368 5794 13369
f 5794 5796 13369
f 13369 5796 13370
f 5796 5798 13370
f 13370 5798 13371
f 5798 5800 13371
f 13371 5800 13372
f 5800 5802 13372
f 13372 5802 13373
f 5802 5804 13373
f 5804 5806 13373
f 13373 5806 13374
f 5806 5808 13374
f 13374 5808 13375
f 13375 5808 13376
f 5808 5810 13376
f 13376 5810 13377
f 5810 5812 13377
f 13377 5812 13378
f 5812 5814 13378
f 13378 5814 13379
f 5814 5816 13379
f 13379 5816 13380
f 5816 5818 13380
f 13380 5818 13381
f 5818 5820 13381
f 13381 5820 13382
f 5820 5822 13382
f 13382 5822 13383
f 5822 5824 13383
f 13383 5824 13384
f 5824 5826 13384
f 13384 5826 13385
f 5826 5828 13385
f 5828 5830 13385
f 13385 5830 13386
f 5830 5832 13386
f 13386 5832 13387
f 13387 5832 13388
f 5832 5834 13388
f 13388 5834 13389
f 5834 5836 13389
f 13389 5836 13390
f 5836 5838 13390
f 13390 5838 13391
f 5838 5840 13391
f 13391 5840 13392
f 5840 5745 13392
f 13392 5745 13393
f 5745 5747 13393
f 13393 5747 13394
f 5747 5749 13394
f 13394 5749 13395
f 5749 5843 13395
f 13395 5843 13396
f 5843 5845 13396
f 13396 5845 13397
f 5845 5847 13397
f 5847 5849 13397
f 13397 5849 13398
f 5849 5852 13398
f 13398 5852 13399
f 13399 5852 13400
f 5852 5854 13400
f 13400 5854 13401
f 5854 5855 13401
f 13401 5855 13402
f 5855 5857 13402
f 13402 5857 13403
f 5857 5859 13403
f 13403 5859 13404
f 5859 5861 13404
f 13404 5861 13405
f 5861 5863 13405
f 13405 5863 13406
f 5863 5866 13406
f 13406 5866 13407
f 5866 5868 13407
f 13407 5868 13408
f 5868 5874 13408
f 13408 5874 13409
f 5874 5876 13409
f 5876 5878 13409
f 13409 5878 13410
f 5878 5869 13410
f 13410 5869 13411
f 13411 5869 13412
f 5869 5871 13412
f 13412 5871 13413
f 5871 5873 13413
f 13413 5873 13414
f 5873 5886 13414
f 13414 5886 13415
f 5886 5888 13415
f 13415 5888 13416
f 5888 5881 13416
f 13416 5881 13417
f 5881 5883 13417
f 13417 5883 13418
f 5883 5885 13418
f 13418 5885 13419
f 5885 5891 13419
f 13419 5891 13420
f 5891 5893 13420
f 13420 5893 13421
f 5893 5895 13421
f 5895 5898 13421
f 13421 5898 13422
f 5898 5900 13422
f 13422 5900 13423
f 13423 5900 13424
f 5900 5902 13424
f 13424 5902 13425
f 5902 5903 13425
f 13425 5903 13426
f 5903 5905 13426
f 13426 5905 13427
f 5905 5907 13427
f 13427 5907 13428
f 5907 5910 13428
f 13428 5910 13429
f 5910 5912 13429
f 13429 5912 13430
f 5912 5913 13430
f 13430 5913 13431
f 5913 5915 13431
f 13431 5915 13432
f 5915 5917 13432
f 13432 5917 13433
f 5917 5920 13433
f 5920 5922 13433
f 13433 5922 13434
f 5922 5924 13434
f 13434 5924 13435
f 13435 5924 13436
f 5924 5926 13436
f 13436 5926 13437
f 5926 5932 13437
f 13437 5932 13438
f 5932 5934 13438
f 13438 5934 13439
f 5934 5936 13439
f 13439 5936 13440
f 5936 5927 13440
f 13440 5927 13441
f 5927 5929 13441
f 13441 5929 13442
f 5929 5931 13442
f 13442 5931 13443
f 5931 5939 13443
f 13443 5939 13444
f 5939 5941 13444
f 13444 5941 13445
f 5941 5943 13445
f 5943 5951 13445
f 13445 5951 13446
f 5951 5949 13446
f 13446 5949 13447
f 13447 5949 13448
f 5949 5947 13448
f 13448 5947 13449
f 5947 5945 13449
f 13449 5945 13450
f 5945 5944 13450
f 13450 5944 13451
f 5944 5976 13451
f 13451 5976 13452
f 5976 5978 13452
f 13452 5978 13453
f 5978 5980 13453
f 13453 5980 13454
f 5980 5982 13454
f 13454 5982 13455
f 5982 5984 13455
f 13455 5984 13456
f 5984 5986 13456
f 13456 5986 13457
f 5986 5988 13457
f 5988 5990 13457
f 13457 5990 13458
f 5990 5992 13458
f 13458 5992 13459
f 13459 5992 13460
f 5992 5994 13460
f 13460 5994 13461
f 5994 5996 13461
f 13461 5996 13462
f 5996 5998 13462
f 13462 5998 13463
f 5998 6000 13463
f 13463 6000 13464
f 6000 6002 13464
f 13464 6002 13465
f 6002 6004 13465
f 13465 6004 13466
f 6004 6006 13466
f 13466 6006 13467
f 6006 6008 13467
f 13467 6008 13468
f 6008 6010 13468
f 13468 6010 13469
f 6010 6012 13469
f 6012 6014 13469
f 13469 6014 13470
f 6014 6016 13470
f 13470 6016 13471
f 13471 6016 13472
f 6016 6018 13472
f 13472 6018 13473
f 6018 6020 13473
f 13473 6020 13474
f 6020 6022 13474
f 13474 6022 13475
f 6022 6024 13475
f 13475 6024 13476
f 6024 6026 13476
f 13476 6026 13477
f 6026 6028 13477
f 13477 6028 13478
f 6028 6030 13478
f 13478 6030 13479
f 6030 6032 13479
f 13479 6032 13480
f 6032 6034 13480
f 13480 6034 13481
f 6034 6036 13481
f 6036 6038 13481
f 13481 6038 13482
f 6038 6040 13482
f 13482 6040 13483
f 13483 6040 13484
f 6040 6042 13484
f 13484 6042 13485
f 6042 6044 13485
f 13485 6044 13486
f 6044 6046 13486
f 13486 6046 13487
f 6046 6048 13487
f 13487 6048 13488
f 6048 6050 13488
f 13488 6050 13489
f 6050 6052 13489
f 13489 6052 13490
f 6052 6054 13490
f 13490 6054 13491
f 6054 6056 13491
f 13491 6056 13492
f 6056 6058 13492
f 13492 6058 13493
f 6058 6060 13493
f 6060 6062 13493
f 13493 6062 13494
f 6062 6064 13494
f 13494 6064 13495
f 13495 6064 13496
f 6064 6066 13496
f 13496 6066 13497
f 6066 6068 13497
f 13497 6068 13498
f 6068 6070 13498
f 13498 6070 13499
f 6070 6072 13499
f 13499 6072 13500
f 6072 6074 13500
f 13500 6074 13501
f 6074 6076 13501
f 13501 6076 13502
f 6076 6078 13502
f 13502 6078 13503
f 6078 6080 13503
f 13503 6080 13504
f 6080 6082 13504
f 13504 6082 13505
f 6082 6084 13505
f 6084 6086 13505
f 13505 6086 13506
f 6086 6088 13506
f 13506 6088 13507
f 13507 6088 13508
f 6088 6090 13508
f 13508 6090 13509
f 6090 6092 13509
f 13509 6092 13510
f 6092 6094 13510
f 13510 6094 13511
f 6094 6096 13511
f 13511 6096 13512
f 6096 6098 13512
f 13512 6098 13513
f 6098 6100 13513
f 13513 6100 13514
f 6100 6102 13514
f 13514 6102 13515
f 6102 6104 13515
f 13515 6104 13516
f 6104 6106 13516
f 13516 6106 13517
f 6106 6108 13517
f 6108 6110 13517
f 13517 6110 13518
f 6110 6112 13518
f 13518 6112 13519
f 13519 6112 13520
f 6112 6114 13520
f 13520 6114 13521
f 6114 6116 13521
f 13521 6116 13522
f 6116 6118 13522
f 13522 6118 13523
f 6118 6120 13523
f 13523 6120 13524
f 6120 6122 13524
f 13524 6122 13525
f 6122 6124 13525
f 13525 6124 13526
f 6124 6126 13526
f 13526 6126 13527
f 6126 6128 13527
f 13527 6128 13528
f 6128 6130 13528
f 13528 6130 13529
f 6136 13530 6134
f 13530 13529 6134
f 6134 13529 6132
f 13529 6130 6132
f 6148 10511 6146
f 10511 13531 6146
f 6146 13531 6144
f 13531 13532 6144
f 6144 13532 6142
f 13532 13533 6142
f 6142 13533 6140
f 13533 13534 6140
f 6140 13534 6138
f 13534 13535 6138
f 6138 13535 6136
f 13535 13536 6136
f 6136 13536 13530
f 10464 154 153
f 10252 10251 13355
f 9912 9911 13016
f 12941 12942 9839
f 9552 9551 12653
f 9436 9435 12538
f 9096 9095 12198
f 8509 8508 11609
f 11609 8508 11608
f 8451 8450 11551
f 8219 8218 11316
f 8074 8073 11171
f 7987 7986 11084
f 7844 7843 10940
f 10940 7843 10939
f 7815 7814 10911
f 10911 7814 10910
f 7786 7785 10882
f 10882 7785 10881
f 7413 7412 7335
f 7401 7400 7330
f 7392 7368 7367
f 7396 7395 7310
f 7395 7394 7310
f 7310 7394 7367
f 7394 7393 7367
f 7367 7393 7392
f 7396 7310 7397
f 7310 7329 7397
f 7397 7329 7398
f 7330 7400 7329
f 7400 7399 7329
f 7329 7399 7398
f 7401 7330 7402
f 7330 7331 7402
f 7402 7331 7403
f 7403 7331 7404
f 7331 7332 7404
f 7404 7332 7405
f 7333 7408 7407
f 7333 7407 7332
f 7407 7406 7332
f 7332 7406 7405
f 7408 7333 7409
f 7333 7334 7409
f 7409 7334 7410
f 7335 7412 7334
f 7412 7411 7334
f 7334 7411 7410
f 7335 7336 7413
f 7336 10461 7413
f 7413 10461 7414
f 10461 10572 7414
f 7414 10572 7415
f 10572 10571 7415
f 7415 10571 7416
f 10571 10570 7416
f 7416 10570 7417
f 10570 10569 7417
f 7417 10569 7418
f 10569 10568 7418
f 7418 10568 7419
f 10568 10567 7419
f 7419 10567 7420
f 10567 10565 7420
f 7420 10565 7421
f 10565 10564 7421
f 7421 10564 7422
f 10564 10566 7422
f 7422 10566 7423
f 10566 10563 7423
f 7423 10563 7424
f 10563 10562 7424
f 7424 10562 7425
f 10562 10561 7425
f 7425 10561 7426
f 10561 10560 7426
f 7426 10560 7427
f 10560 10559 7427
f 7427 10559 7428
f 10559 10558 7428
f 7428 10558 7429
f 10558 10557 7429
f 7429 10557 7430
f 10557 10556 7430
f 7430 10556 7431
f 10556 10555 7431
f 7431 10555 7432
f 10555 10554 7432
f 7432 10554 7433
f 10554 10553 7433
f 7433 10553 7434
f 10553 10552 7434
f 7434 10552 7435
f 10552 10551 7435
f 7435 10551 7436
f 10551 10550 7436
f 7436 10550 7437
f 10550 10549 7437
f 7437 10549 7438
f 10549 10548 7438
f 7438 10548 7439
f 10548 10547 7439
f 7439 10547 7440
f 10547 10546 7440
f 7440 10546 7441
f 10546 10545 7441
f 7441 10545 7442
f 10545 10544 7442
f 7442 10544 7443
f 10544 10543 7443
f 7443 10543 7444
f 10543 10542 7444
f 7444 10542 7445
f 10542 10541 7445
f 7445 10541 7446
f 10541 10540 7446
f 7446 10540 7447
f 10540 10539 7447
f 7447 10539 7448
f 10539 10538 7448
f 7448 10538 7449
f 10538 10534 7449
f 7449 10534 7450
f 10534 10535 7450
f 7450 10535 7451
f 10535 10536 7451
f 7451 10536 7452
f 10536 10537 7452
f 7452 10537 7453
f 10537 10533 7453
f 7453 10533 7454
f 10533 10532 7454
f 7454 10532 7455
f 10532 10531 7455
f 7455 10531 7456
f 10531 10530 7456
f 7456 10530 7457
f 10530 10529 7457
f 7457 10529 7458
f 10529 10528 7458
f 7458 10528 7459
f 10528 10527 7459
f 7459 10527 7460
f 10527 10526 7460
f 7460 10526 7461
f 10526 10525 7461
f 7461 10525 7462
f 10525 10524 7462
f 7462 10524 7463
f 10524 10523 7463
f 7463 10523 7464
f 10523 10517 7464
f 7464 10517 7465
f 10517 10518 7465
f 7465 10518 7466
f 10518 10519 7466
f 7466 10519 7467
f 10519 10520 7467
f 7467 10520 7468
f 10520 10521 7468
f 7468 10521 7469
f 10521 10522 7469
f 7469 10522 7470
f 10522 10516 7470
f 7470 10516 7471
f 10516 10515 7471
f 7471 10515 7472
f 10515 10514 7472
f 7472 10514 7473
f 10514 10513 7473
f 7473 10513 7474
f 10513 10512 7474
f 7474 10512 7475
f 10512 10463 7475
f 7475 10463 7476
f 10463 10462 7476
f 7476 10462 7477
f 10462 10573 7477
f 7477 10573 7478
f 10573 10574 7478
f 7478 10574 7479
f 10574 10575 7479
f 7479 10575 7480
f 10575 10576 7480
f 7480 10576 7481
f 10576 10577 7481
f 10577 10578 7481
f 7481 10578 7482
f 10578 10579 7482
f 7482 10579 7483
f 10579 10580 7483
f 7483 10580 7484
f 10580 10581 7484
f 7484 10581 7485
f 10581 10582 7485
f 7485 10582 7486
f 10582 10583 7486
f 7486 10583 7487
f 10583 10584 7487
f 7487 10584 7488
f 10584 10585 7488
f 7488 10585 7489
f 10585 10586 7489
f 7489 10586 7490
f 10586 10587 7490
f 7490 10587 7491
f 10587 10588 7491
f 7491 10588 7492
f 10588 10589 7492
f 7492 10589 7493
f 10589 10590 7493
f 7493 10590 7494
f 10590 10591 7494
f 7494 10591 7495
f 10591 10592 7495
f 7495 10592 7496
f 10592 10593 7496
f 7496 10593 7497
f 10593 10594 7497
f 7497 10594 7498
f 10594 10595 7498
f 7498 10595 7499
f 10595 10596 7499
f 7499 10596 7500
f 10596 10597 7500
f 7500 10597 7501
f 10597 10598 7501
f 7501 10598 7502
f 10598 10599 7502
f 7502 10599 7503
f 10599 10600 7503
f 7503 10600 7504
f 10600 10601 7504
f 7504 10601 7505
f 10601 10602 7505
f 7505 10602 7506
f 10602 10603 7506
f 7506 10603 7507
f 10603 10604 7507
f 7507 10604 7508
f 10604 10605 7508
f 7508 10605 7509
f 10605 10606 7509
f 7509 10606 7510
f 10606 10607 7510
f 7510 10607 7511
f 10607 10608 7511
f 7511 10608 7512
f 10608 10609 7512
f 7512 10609 7513
f 10609 10610 7513
f 7513 10610 7514
f 10610 10611 7514
f 7514 10611 7515
f 10611 10612 7515
f 7515 10612 7516
f 10612 10613 7516
f 7516 10613 7517
f 10613 10614 7517
f 7517 10614 7518
f 7518 10614 7519
f 10614 10615 7519
f 7519 10615 7520
f 10615 10616 7520
f 7520 10616 7521
f 10616 10617 7521
f 7521 10617 7522
f 10617 10618 7522
f 7522 10618 7523
f 10618 10619 7523
f 7523 10619 7524
f 10619 10620 7524
f 7524 10620 7525
f 10620 10621 7525
f 7525 10621 7526
f 10621 10622 7526
f 7526 10622 7527
f 10622 10623 7527
f 7527 10623 7528
f 10623 10624 7528
f 7528 10624 7529
f 10624 10625 7529
f 7529 10625 7530
f 10625 10626 7530
f 7530 10626 7531
f 10626 10627 7531
f 7531 10627 7532
f 10627 10628 7532
f 7532 10628 7533
f 10628 10629 7533
f 7533 10629 7534
f 10629 10630 7534
f 7534 10630 7535
f 10630 10631 7535
f 7535 10631 7536
f 10631 10632 7536
f 7536 10632 7537
f 10632 10633 7537
f 7537 10633 7538
f 10633 10634 7538
f 7538 10634 7539
f 10634 10635 7539
f 7539 10635 7540
f 10635 10636 7540
f 7540 10636 7541
f 10636 10637 7541
f 7541 10637 7542
f 10637 10638 7542
f 7542 10638 7543
f 10638 10639 7543
f 7543 10639 7544
f 10639 10640 7544
f 7544 10640 7545
f 10640 10641 7545
f 7545 10641 7546
f 10641 10642 7546
f 7546 10642 7547
f 10642 10643 7547
f 7547 10643 7548
f 10643 10644 7548
f 7548 10644 7549
f 10644 10645 7549
f 7549 10645 7550
f 10645 10646 7550
f 7550 10646 7551
f 10646 10647 7551
f 7551 10647 7552
f 10647 10648 7552
f 7552 10648 7553
f 10648 10649 7553
f 7553 10649 7554
f 10649 10650 7554
f 7554 10650 7555
f 10650 10651 7555
f 7555 10651 7556
f 10651 10652 7556
f 7556 10652 7557
f 10652 10653 7557
f 7557 10653 7558
f 10653 10654 7558
f 7558 10654 7559
f 10654 10655 7559
f 7559 10655 7560
f 10655 10656 7560
f 7560 10656 7561
f 10656 10657 7561
f 7561 10657 7562
f 10657 10658 7562
f 7562 10658 7563
f 10658 10659 7563
f 7563 10659 7564
f 10659 10660 7564
f 7564 10660 7565
f 10660 10661 7565
f 7565 10661 7566
f 10661 10662 7566
f 7566 10662 7567
f 10662 10663 7567
f 7567 10663 7568
f 10663 10664 7568
f 7568 10664 7569
f 10664 10665 7569
f 7569 10665 7570
f 10665 10666 7570
f 7570 10666 7571
f 10666 10667 7571
f 7571 10667 7572
f 10667 10668 7572
f 7572 10668 7573
f 10668 10669 7573
f 7573 10669 7574
f 10669 10670 7574
f 7574 10670 7575
f 10670 10671 7575
f 7575 10671 7576
f 10671 10672 7576
f 7576 10672 7577
f 10672 10673 7577
f 7577 10673 7578
f 10673 10674 7578
f 7578 10674 7579
f 10674 10675 7579
f 7579 10675 7580
f 10675 10676 7580
f 7580 10676 7581
f 10676 10677 7581
f 7581 10677 7582
f 10677 10678 7582
f 7582 10678 7583
f 10678 10679 7583
f 7583 10679 7584
f 10679 10680 7584
f 7584 10680 7585
f 10680 10681 7585
f 7585 10681 7586
f 10681 10682 7586
f 7586 10682 7587
f 10682 10683 7587
f 7587 10683 7588
f 10683 10684 7588
f 7588 10684 7589
f 10684 10685 7589
f 7589 10685 7590
f 10685 10686 7590
f 7590 10686 7591
f 10686 10687 7591
f 7591 10687 7592
f 10687 10688 7592
f 7592 10688 7593
f 10688 10689 7593
f 7593 10689 7594
f 10689 10690 7594
f 7594 10690 7595
f 10690 10691 7595
f 7595 10691 7596
f 10691 10692 7596
f 7596 10692 7597
f 10692 10693 7597
f 7597 10693 7598
f 10693 10694 7598
f 7598 10694 7599
f 10694 10695 7599
f 7599 10695 7600
f 10695 10696 7600
f 7600 10696 7601
f 10696 10697 7601
f 7601 10697 7602
f 10697 10698 7602
f 7602 10698 7603
f 10698 10699 7603
f 7603 10699 7604
f 10699 10700 7604
f 7604 10700 7605
f 10700 10701 7605
f 7605 10701 7606
f 10701 10702 7606
f 7606 10702 7607
f 10702 10703 7607
f 7607 10703 7608
f 10703 10704 7608
f 7608 10704 7609
f 10704 10705 7609
f 7609 10705 7610
f 10705 10706 7610
f 7610 10706 7611
f 10706 10707 7611
f 7611 10707 7612
f 10707 10708 7612
f 7612 10708 7613
f 10708 10709 7613
f 7613 10709 7614
f 10709 10710 7614
f 7614 10710 7615
f 10710 10711 7615
f 7615 10711 7616
f 10711 10712 7616
f 7616 10712 7617
f 10712 10713 7617
f 7617 10713 7618
f 10713 10714 7618
f 7618 10714 7619
f 10714 10715 7619
f 7619 10715 7620
f 10715 10716 7620
f 7620 10716 7621
f 10716 10717 7621
f 7621 10717 7622
f 10717 10718 7622
f 7622 10718 7623
f 10718 10719 7623
f 7623 10719 7624
f 10719 10720 7624
f 7624 10720 7625
f 10720 10721 7625
f 7625 10721 7626
f 10721 10722 7626
f 7626 10722 7627
f 10722 10723 7627
f 7627 10723 7628
f 10723 10724 7628
f 7628 10724 7629
f 10724 10725 7629
f 7629 10725 7630
f 10725 10726 7630
f 7630 10726 7631
f 10726 10727 7631
f 7631 10727 7632
f 10727 10728 7632
f 7632 10728 7633
f 10728 10729 7633
f 7633 10729 7634
f 10729 10730 7634
f 7634 10730 7635
f 10730 10731 7635
f 7635 10731 7636
f 10731 10732 7636
f 10732 10733 7636
f 7636 10733 7637
f 10733 10734 7637
f 7637 10734 7638
f 10734 10735 7638
f 7638 10735 7639
f 10735 10736 7639
f 7639 10736 7640
f 7644 10741 7645
f 10741 10742 7645
f 7645 10742 7646
f 7640 10736 7641
f 10736 10737 7641
f 7641 10737 7642
f 10737 10738 7642
f 7642 10738 7643
f 10738 10739 7643
f 7643 10739 7644
f 10739 10740 7644
f 7644 10740 10741
f 7646 10742 7647
f 10742 10743 7647
f 7647 10743 7648
f 10743 10744 7648
f 7648 10744 7649
f 10744 10745 7649
f 10745 10746 7649
f 7649 10746 7650
f 10746 10747 7650
f 7650 10747 7651
f 10747 10748 7651
f 7651 10748 7652
f 10748 10749 7652
f 7652 10749 7653
f 7653 10749 7654
f 10749 10750 7654
f 7654 10750 7655
f 10750 10751 7655
f 10751 10752 7655
f 7655 10752 7656
f 10752 10753 7656
f 7656 10753 7657
f 7657 10753 7658
f 10753 10754 7658
f 7658 10754 7659
f 10754 10755 7659
f 7659 10755 7660
f 10755 10756 7660
f 10756 10757 7660
f 7660 10757 7661
f 10757 10758 7661
f 7661 10758 7662
f 10758 10759 7662
f 7662 10759 7663
f 10759 10760 7663
f 7663 10760 7664
f 7664 10760 7665
f 10760 10761 7665
f 7665 10761 7666
f 10761 10762 7666
f 7666 10762 7667
f 10762 10763 7667
f 10763 10764 7667
f 7667 10764 7668
f 10764 10765 7668
f 7668 10765 7669
f 7673 10770 7674
f 10770 10771 7674
f 7674 10771 7675
f 7669 10765 7670
f 10765 10766 7670
f 7670 10766 7671
f 10766 10767 7671
f 7671 10767 7672
f 10767 10768 7672
f 7672 10768 7673
f 10768 10769 7673
f 7673 10769 10770
f 7680 10777 7681
f 10777 10778 7681
f 7681 10778 7682
f 7675 10771 7676
f 10771 10772 7676
f 7676 10772 7677
f 10772 10773 7677
f 7677 10773 7678
f 10773 10774 7678
f 7678 10774 7679
f 10774 10775 7679
f 7679 10775 7680
f 10775 10776 7680
f 7680 10776 10777
f 7682 10778 7683
f 10778 10779 7683
f 7683 10779 7684
f 10779 10780 7684
f 10780 10781 7684
f 7684 10781 7685
f 10781 10782 7685
f 7685 10782 7686
f 10782 10783 7686
f 7686 10783 7687
f 10783 10784 7687
f 7687 10784 7688
f 10784 7689 7688
f 10784 10785 7689
f 10785 10786 7689
f 7689 10786 7690
f 10786 10787 7690
f 7690 10787 7691
f 10787 10788 7691
f 7691 10788 7692
f 10788 10789 7692
f 7692 10789 7693
f 7693 10789 7694
f 10789 10790 7694
f 7694 10790 7695
f 10790 10791 7695
f 7695 10791 7696
f 7702 7701 10797
f 7701 7700 10797
f 10797 7700 10796
f 7700 7699 10796
f 10796 7699 10795
f 7699 7698 10795
f 10795 7698 10794
f 7698 7697 10794
f 10794 7697 10793
f 7697 7696 10793
f 10793 7696 10792
f 7696 10791 10792
f 10797 10798 7702
f 10798 10799 7702
f 7702 10799 7703
f 10799 10800 7703
f 7703 10800 7704
f 10800 10801 7704
f 7704 10801 7705
f 10801 10802 7705
f 7705 10802 7706
f 7706 10802 7707
f 10802 10803 7707
f 7707 10803 7708
f 10803 10804 7708
f 7708 10804 7709
f 10804 10805 7709
f 10805 10806 7709
f 7709 10806 7710
f 10806 10807 7710
f 7710 10807 7711
f 10807 10808 7711
f 7711 10808 7712
f 10808 10809 7712
f 7712 10809 7713
f 10809 10810 7713
f 7713 10810 7714
f 10810 10811 7714
f 7714 10811 7715
f 10811 10812 7715
f 7715 10812 7716
f 10812 10813 7716
f 7716 10813 7717
f 10813 10814 7717
f 7717 10814 7718
f 10814 10815 7718
f 7718 10815 7719
f 10815 10816 7719
f 7719 10816 7720
f 10816 10817 7720
f 7720 10817 7721
f 10817 10818 7721
f 7721 10818 7722
f 10818 10819 7722
f 7722 10819 7723
f 10819 10820 7723
f 7723 10820 7724
f 10820 10821 7724
f 7724 10821 7725
f 10821 10822 7725
f 7725 10822 7726
f 10822 10823 7726
f 7726 10823 7727
f 10823 10824 7727
f 7727 10824 7728
f 10824 10825 7728
f 7728 10825 7729
f 10825 10826 7729
f 7729 10826 7730
f 10826 10827 7730
f 7730 10827 7731
f 10827 10828 7731
f 7731 10828 7732
f 10828 10829 7732
f 7732 10829 7733
f 10829 10830 7733
f 7733 10830 7734
f 10830 10831 7734
f 7734 10831 7735
f 10831 10832 7735
f 7735 10832 7736
f 10832 10833 7736
f 7736 10833 7737
f 10833 10834 7737
f 7737 10834 7738
f 10834 10835 7738
f 7738 10835 7739
f 10835 10836 7739
f 7739 10836 7740
f 10836 10837 7740
f 7740 10837 7741
f 10837 10838 7741
f 7741 10838 7742
f 10838 10839 7742
f 7742 10839 7743
f 10839 10840 7743
f 7743 10840 7744
f 10840 10841 7744
f 7744 10841 7745
f 10841 10842 7745
f 7745 10842 7746
f 10842 10843 7746
f 7746 10843 7747
f 10843 10844 7747
f 7747 10844 7748
f 10844 10845 7748
f 7748 10845 7749
f 10845 10846 7749
f 7749 10846 7750
f 10846 10847 7750
f 7750 10847 7751
f 10847 10848 7751
f 7751 10848 7752
f 10848 10849 7752
f 7752 10849 7753
f 10849 10850 7753
f 7753 10850 7754
f 10850 10851 7754
f 7754 10851 7755
f 10851 10852 7755
f 7755 10852 7756
f 10852 10853 7756
f 7756 10853 7757
f 10853 10854 7757
f 7757 10854 7758
f 10854 10855 7758
f 7758 10855 7759
f 10855 10856 7759
f 7759 10856 7760
f 10856 10857 7760
f 7760 10857 7761
f 10857 10858 7761
f 7761 10858 7762
f 10858 10859 7762
f 10859 10860 7762
f 7762 10860 7763
f 10860 10861 7763
f 7763 10861 7764
f 10861 10862 7764
f 7764 10862 7765
f 10862 10863 7765
f 7765 10863 7766
f 7769 10867 7770
f 10867 10868 7770
f 7770 10868 7771
f 7766 10863 7767
f 10863 10864 7767
f 7767 10864 7768
f 10864 10865 7768
f 7768 10865 7769
f 10865 10866 7769
f 7769 10866 10867
f 7771 10868 7772
f 10868 10869 7772
f 7772 10869 7773
f 10869 10870 7773
f 10870 10871 7773
f 7773 10871 7774
f 10871 10872 7774
f 7774 10872 7775
f 10872 10873 7775
f 7775 10873 7776
f 10873 10874 7776
f 7776 10874 7777
f 7777 10874 7778
f 10874 10875 7778
f 7778 10875 7779
f 10875 10876 7779
f 7779 10876 7780
f 10876 10877 7780
f 10877 10878 7780
f 7780 10878 7781
f 10878 10879 7781
f 7781 10879 7782
f 10879 10880 7782
f 7782 10880 7783
f 10880 10881 7783
f 7783 10881 7784
f 10881 7785 7784
f 7791 7790 10887
f 7790 7789 10887
f 10887 7789 10886
f 7789 7788 10886
f 10886 7788 10885
f 7788 7787 10885
f 10885 7787 10884
f 7787 7786 10884
f 10884 7786 10883
f 7786 10882 10883
f 7798 7797 10894
f 7797 7796 10894
f 10894 7796 10893
f 7796 7795 10893
f 10893 7795 10892
f 7795 7794 10892
f 10892 7794 10891
f 7794 7793 10891
f 10891 7793 10890
f 7793 7792 10890
f 10890 7792 10889
f 7792 7791 10889
f 10889 7791 10888
f 7791 10887 10888
f 10894 10895 7798
f 10895 10896 7798
f 7798 10896 7799
f 10896 10897 7799
f 7799 10897 7800
f 10897 10898 7800
f 7800 10898 7801
f 10898 7802 7801
f 10898 10899 7802
f 10899 10900 7802
f 7802 10900 7803
f 10900 10901 7803
f 7803 10901 7804
f 10901 10902 7804
f 7804 10902 7805
f 10902 10903 7805
f 7805 10903 7806
f 7806 10903 7807
f 10903 10904 7807
f 7807 10904 7808
f 10904 10905 7808
f 7808 10905 7809
f 10905 10906 7809
f 10906 10907 7809
f 7809 10907 7810
f 10907 10908 7810
f 7810 10908 7811
f 10908 10909 7811
f 7811 10909 7812
f 10909 10910 7812
f 7812 10910 7813
f 10910 7814 7813
f 10911 10912 7815
f 10912 10913 7815
f 7815 10913 7816
f 10913 10914 7816
f 7816 10914 7817
f 10914 10915 7817
f 7817 10915 7818
f 10915 10916 7818
f 7818 10916 7819
f 7827 10925 7828
f 10925 10926 7828
f 7828 10926 7829
f 7819 10916 7820
f 10916 10917 7820
f 7820 10917 7821
f 10917 10918 7821
f 7821 10918 7822
f 10918 10919 7822
f 7822 10919 7823
f 10919 10920 7823
f 7823 10920 7824
f 10920 10921 7824
f 7824 10921 7825
f 10921 10922 7825
f 7825 10922 7826
f 10922 10923 7826
f 7826 10923 7827
f 10923 10924 7827
f 7827 10924 10925
f 7829 10926 7830
f 10926 10927 7830
f 7830 10927 7831
f 10927 10928 7831
f 7831 10928 7832
f 10928 10929 7832
f 7832 10929 7833
f 10929 10930 7833
f 10930 10931 7833
f 7833 10931 7834
f 10931 10932 7834
f 7834 10932 7835
f 7835 10932 7836
f 10932 10933 7836
f 7836 10933 7837
f 10933 10934 7837
f 7837 10934 7838
f 10934 10935 7838
f 10935 10936 7838
f 7838 10936 7839
f 10936 10937 7839
f 7839 10937 7840
f 10937 10938 7840
f 7840 10938 7841
f 10938 10939 7841
f 7841 10939 7842
f 10939 7843 7842
f 10945 7847 10944
f 7847 7846 10944
f 10944 7846 10943
f 7846 7845 10943
f 10943 7845 10942
f 7845 7844 10942
f 10942 7844 10941
f 7844 10940 10941
f 7856 7855 10951
f 7855 7854 10951
f 10951 7854 10950
f 7854 7853 10950
f 10950 7853 10949
f 7853 7852 10949
f 10949 7852 10948
f 7852 7851 10948
f 10948 7851 10947
f 7851 7850 10947
f 10947 7850 10946
f 7850 7849 10946
f 10946 7849 10945
f 7849 7848 10945
f 10945 7848 7847
f 10951 10952 7856
f 10952 10953 7856
f 7856 10953 7857
f 10953 10954 7857
f 7857 10954 7858
f 10954 10955 7858
f 7858 10955 7859
f 10955 7860 7859
f 10955 10956 7860
f 10956 10957 7860
f 7860 10957 7861
f 10957 10958 7861
f 7861 10958 7862
f 10958 10959 7862
f 7862 10959 7863
f 10959 10960 7863
f 7863 10960 7864
f 7864 10960 7865
f 10960 10961 7865
f 7865 10961 7866
f 10961 10962 7866
f 7866 10962 7867
f 10962 10963 7867
f 10963 10964 7867
f 7867 10964 7868
f 10964 10965 7868
f 7868 10965 7869
f 10965 10966 7869
f 7869 10966 7870
f 10966 10967 7870
f 7870 10967 7871
f 7871 10967 7872
f 10967 10968 7872
f 7872 10968 7873
f 10968 10969 7873
f 7873 10969 7874
f 10969 10970 7874
f 7874 10970 7875
f 7880 7879 10975
f 7879 7878 10975
f 10975 7878 10974
f 7878 7877 10974
f 10974 7877 10973
f 7877 7876 10973
f 10973 7876 10972
f 7876 7875 10972
f 10972 7875 10971
f 7875 10970 10971
f 7885 7884 10980
f 7884 7883 10980
f 10980 7883 10979
f 7883 7882 10979
f 10979 7882 10978
f 7882 7881 10978
f 10978 7881 10977
f 7881 7880 10977
f 10977 7880 10976
f 7880 10975 10976
f 10980 10981 7885
f 10981 10982 7885
f 7885 10982 7886
f 10982 10983 7886
f 7886 10983 7887
f 10983 10984 7887
f 7887 10984 7888
f 10984 7889 7888
f 10984 10985 7889
f 10985 10986 7889
f 7889 10986 7890
f 10986 10987 7890
f 7890 10987 7891
f 10987 10988 7891
f 7891 10988 7892
f 10988 10989 7892
f 7892 10989 7893
f 10989 10990 7893
f 7893 10990 7894
f 10990 10991 7894
f 7894 10991 7895
f 10991 10992 7895
f 7895 10992 7896
f 10992 10993 7896
f 7896 10993 7897
f 10993 10994 7897
f 7897 10994 7898
f 10994 10995 7898
f 7898 10995 7899
f 10995 10996 7899
f 7899 10996 7900
f 10996 10997 7900
f 7900 10997 7901
f 10997 10998 7901
f 7901 10998 7902
f 10998 10999 7902
f 7902 10999 7903
f 10999 11000 7903
f 7903 11000 7904
f 11000 11001 7904
f 7904 11001 7905
f 11001 11002 7905
f 7905 11002 7906
f 11002 11003 7906
f 7906 11003 7907
f 11003 11004 7907
f 7907 11004 7908
f 11004 11005 7908
f 7908 11005 7909
f 11005 11006 7909
f 7909 11006 7910
f 11006 11007 7910
f 7910 11007 7911
f 11007 11008 7911
f 7911 11008 7912
f 11008 11009 7912
f 7912 11009 7913
f 11009 11010 7913
f 7913 11010 7914
f 11010 11011 7914
f 7914 11011 7915
f 11011 11012 7915
f 7915 11012 7916
f 11012 11013 7916
f 7916 11013 7917
f 11013 11014 7917
f 7917 11014 7918
f 11014 11015 7918
f 7918 11015 7919
f 11015 11016 7919
f 7919 11016 7920
f 11016 11017 7920
f 7920 11017 7921
f 11017 11018 7921
f 7921 11018 7922
f 11018 11019 7922
f 7922 11019 7923
f 11019 11020 7923
f 7923 11020 7924
f 11020 11021 7924
f 7924 11021 7925
f 11021 11022 7925
f 7925 11022 7926
f 11022 11023 7926
f 7926 11023 7927
f 11023 11024 7927
f 7927 11024 7928
f 11024 11025 7928
f 7928 11025 7929
f 11025 11026 7929
f 7929 11026 7930
f 11026 11027 7930
f 7930 11027 7931
f 11027 11028 7931
f 7931 11028 7932
f 11028 11029 7932
f 7932 11029 7933
f 11029 11030 7933
f 7933 11030 7934
f 11030 11031 7934
f 7934 11031 7935
f 11031 11032 7935
f 7935 11032 7936
f 11032 11033 7936
f 7936 11033 7937
f 11033 11034 7937
f 7937 11034 7938
f 11034 11035 7938
f 7938 11035 7939
f 11035 11036 7939
f 7939 11036 7940
f 11036 11037 7940
f 11037 11038 7940
f 7940 11038 7941
f 11038 11039 7941
f 7941 11039 7942
f 11039 11040 7942
f 7942 11040 7943
f 11040 11041 7943
f 7943 11041 7944
f 11041 11042 7944
f 7944 11042 7945
f 11042 11043 7945
f 7945 11043 7946
f 11043 11044 7946
f 7946 11044 7947
f 11044 11045 7947
f 7947 11045 7948
f 7948 11045 7949
f 11045 11046 7949
f 7949 11046 7950
f 11046 11047 7950
f 7950 11047 7951
f 11047 11048 7951
f 11048 11049 7951
f 7951 11049 7952
f 11049 11050 7952
f 7952 11050 7953
f 11050 11051 7953
f 7953 11051 7954
f 11051 11052 7954
f 7954 11052 7955
f 7959 11057 7960
f 11057 11058 7960
f 7960 11058 7961
f 7955 11052 7956
f 11052 11053 7956
f 7956 11053 7957
f 11053 11054 7957
f 7957 11054 7958
f 11054 11055 7958
f 7958 11055 7959
f 11055 11056 7959
f 7959 11056 11057
f 7961 11058 7962
f 11058 11059 7962
f 7962 11059 7963
f 11059 11060 7963
f 7963 11060 7964
f 11060 11061 7964
f 11061 11062 7964
f 7964 11062 7965
f 11062 11063 7965
f 7965 11063 7966
f 11063 11064 7966
f 7966 11064 7967
f 11064 11065 7967
f 7967 11065 7968
f 11065 11066 7968
f 11066 11067 7968
f 7968 11067 7969
f 11067 11068 7969
f 7969 11068 7970
f 11068 11069 7970
f 7970 11069 7971
f 11069 11070 7971
f 7971 11070 7972
f 7972 11070 7973
f 11070 11071 7973
f 7973 11071 7974
f 11071 11072 7974
f 11072 11073 7974
f 7974 11073 7975
f 11073 11074 7975
f 7975 11074 7976
f 7976 11074 7977
f 11074 11075 7977
f 7977 11075 7978
f 11075 11076 7978
f 7978 11076 7979
f 11076 11077 7979
f 7979 11077 7980
f 11077 11078 7980
f 7980 11078 7981
f 11078 11079 7981
f 11079 11080 7981
f 7981 11080 7982
f 11080 11081 7982
f 11084 7986 11083
f 7986 7985 11083
f 11083 7985 11082
f 7985 7984 11082
f 11082 7984 11081
f 7984 7983 11081
f 11081 7983 7982
f 11084 11085 7987
f 11085 11086 7987
f 7987 11086 7988
f 11086 11087 7988
f 7988 11087 7989
f 11087 11088 7989
f 7989 11088 7990
f 11088 11089 7990
f 7990 11089 7991
f 11089 11090 7991
f 7991 11090 7992
f 11090 11091 7992
f 7992 11091 7993
f 11091 11092 7993
f 7993 11092 7994
f 11092 11093 7994
f 7994 11093 7995
f 11093 11094 7995
f 7995 11094 7996
f 11094 11095 7996
f 7996 11095 7997
f 11095 11096 7997
f 7997 11096 7998
f 11096 11097 7998
f 7998 11097 7999
f 11097 11098 7999
f 7999 11098 8000
f 11098 11099 8000
f 8000 11099 8001
f 11099 11100 8001
f 8001 11100 8002
f 11100 11101 8002
f 8002 11101 8003
f 11101 11102 8003
f 8003 11102 8004
f 11102 11103 8004
f 8004 11103 8005
f 11103 11104 8005
f 8005 11104 8006
f 11104 11105 8006
f 8006 11105 8007
f 11105 11106 8007
f 8007 11106 8008
f 11106 11107 8008
f 8008 11107 8009
f 11107 11108 8009
f 8009 11108 8010
f 11108 11109 8010
f 8010 11109 8011
f 11109 11110 8011
f 8011 11110 8012
f 11110 11111 8012
f 8012 11111 8013
f 11111 11112 8013
f 8013 11112 8014
f 11112 11113 8014
f 8014 11113 8015
f 11113 11114 8015
f 8015 11114 8016
f 11114 11115 8016
f 8016 11115 8017
f 11115 11116 8017
f 8017 11116 8018
f 11116 11117 8018
f 8018 11117 8019
f 11117 11118 8019
f 8019 11118 8020
f 11118 11119 8020
f 8020 11119 8021
f 11119 11120 8021
f 8021 11120 8022
f 11120 11121 8022
f 8022 11121 8023
f 11121 11122 8023
f 8023 11122 8024
f 11122 11123 8024
f 8024 11123 8025
f 11123 11124 8025
f 8025 11124 8026
f 11124 11125 8026
f 8026 11125 8027
f 11125 11126 8027
f 8027 11126 8028
f 11126 11127 8028
f 8028 11127 8029
f 11127 11128 8029
f 8029 11128 8030
f 11128 11129 8030
f 8030 11129 8031
f 11129 11130 8031
f 8031 11130 8032
f 11130 11131 8032
f 8032 11131 8033
f 11131 11132 8033
f 8033 11132 8034
f 11132 11133 8034
f 8034 11133 8035
f 11133 11134 8035
f 8035 11134 8036
f 11134 11135 8036
f 8036 11135 8037
f 11135 11136 8037
f 8037 11136 8038
f 11136 11137 8038
f 8038 11137 8039
f 11137 11138 8039
f 8039 11138 8040
f 11138 11139 8040
f 8040 11139 8041
f 11139 11140 8041
f 8041 11140 8042
f 11140 11141 8042
f 8042 11141 8043
f 11141 11142 8043
f 8043 11142 8044
f 11142 11143 8044
f 8044 11143 8045
f 11143 11144 8045
f 8045 11144 8046
f 11144 11145 8046
f 8046 11145 8047
f 11145 11146 8047
f 8047 11146 8048
f 11146 11147 8048
f 8048 11147 8049
f 11147 11148 8049
f 8049 11148 8050
f 11148 11149 8050
f 8050 11149 8051
f 11149 11150 8051
f 8051 11150 8052
f 11150 11151 8052
f 8052 11151 8053
f 11151 11152 8053
f 8053 11152 8054
f 11152 11153 8054
f 8054 11153 8055
f 11153 11154 8055
f 8055 11154 8056
f 11154 11155 8056
f 8056 11155 8057
f 11155 11156 8057
f 8057 11156 8058
f 11156 11157 8058
f 8058 11157 8059
f 11157 11158 8059
f 8059 11158 8060
f 11158 11159 8060
f 8060 11159 8061
f 11159 11160 8061
f 8061 11160 8062
f 11160 11161 8062
f 8062 11161 8063
f 11161 11162 8063
f 8063 11162 8064
f 11162 11163 8064
f 8064 11163 8065
f 11163 11164 8065
f 8065 11164 8066
f 11164 11165 8066
f 8066 11165 8067
f 11165 11166 8067
f 8067 11166 8068
f 11166 11167 8068
f 8068 11167 8069
f 11167 11168 8069
f 11171 8073 11170
f 8073 8072 11170
f 11170 8072 11169
f 8072 8071 11169
f 11169 8071 11168
f 8071 8070 11168
f 11168 8070 8069
f 8079 8078 11176
f 8078 8077 11176
f 11176 8077 11175
f 8077 8076 11175
f 11175 8076 11174
f 8076 8075 11174
f 11174 8075 11173
f 8075 8074 11173
f 11173 8074 11172
f 8074 11171 11172
f 11181 8082 11180
f 8082 8081 11180
f 11180 8081 11179
f 8081 8080 11179
f 11179 8080 11178
f 8080 8079 11178
f 11178 8079 11177
f 8079 11176 11177
f 8108 8107 11204
f 8107 8106 11204
f 11204 8106 11203
f 8106 8105 11203
f 11203 8105 11202
f 8105 8104 11202
f 11202 8104 11201
f 8104 8103 11201
f 11201 8103 11200
f 8103 8102 11200
f 11200 8102 11199
f 8102 8101 11199
f 11199 8101 11198
f 8101 8100 11198
f 11198 8100 11197
f 8100 8099 11197
f 11197 8099 11196
f 8099 8098 11196
f 11196 8098 11195
f 8098 8097 11195
f 11195 8097 11194
f 8097 8096 11194
f 11194 8096 11193
f 8096 8095 11193
f 11193 8095 11192
f 8095 8094 11192
f 11192 8094 11191
f 8094 8093 11191
f 11191 8093 11190
f 8093 8092 11190
f 11190 8092 11189
f 8092 8091 11189
f 11189 8091 11188
f 8091 8090 11188
f 11188 8090 11187
f 8090 8089 11187
f 11187 8089 11186
f 8089 8088 11186
f 11186 8088 11185
f 8088 8087 11185
f 11185 8087 11184
f 8087 8086 11184
f 11184 8086 11183
f 8086 8085 11183
f 11183 8085 11182
f 8085 8084 11182
f 11182 8084 11181
f 8084 8083 11181
f 11181 8083 8082
f 11204 11205 8108
f 11205 11206 8108
f 8108 11206 8109
f 11206 11207 8109
f 8109 11207 8110
f 11207 11208 8110
f 8110 11208 8111
f 11208 11209 8111
f 8111 11209 8112
f 11209 11210 8112
f 8112 11210 8113
f 11210 11211 8113
f 8113 11211 8114
f 11211 11212 8114
f 8114 11212 8115
f 11212 11213 8115
f 8115 11213 8116
f 11213 11214 8116
f 8116 11214 8117
f 11214 11215 8117
f 8117 11215 8118
f 11215 11216 8118
f 8118 11216 8119
f 11216 11217 8119
f 8119 11217 8120
f 11217 11218 8120
f 8120 11218 8121
f 11218 11219 8121
f 8121 11219 8122
f 11219 11220 8122
f 8122 11220 8123
f 11220 11221 8123
f 8123 11221 8124
f 11221 11222 8124
f 8124 11222 8125
f 11222 11223 8125
f 8125 11223 8126
f 11223 11224 8126
f 8126 11224 8127
f 11224 11225 8127
f 8127 11225 8128
f 11225 11226 8128
f 8128 11226 8129
f 11226 11227 8129
f 8129 11227 8130
f 11227 11228 8130
f 8130 11228 8131
f 11228 11229 8131
f 8131 11229 8132
f 11229 11230 8132
f 8132 11230 8133
f 11230 11231 8133
f 8133 11231 8134
f 11231 11232 8134
f 8134 11232 8135
f 11232 11233 8135
f 8135 11233 8136
f 11233 11234 8136
f 8136 11234 8137
f 11234 11235 8137
f 8137 11235 8138
f 11235 11236 8138
f 8138 11236 8139
f 11236 11237 8139
f 8139 11237 8140
f 11237 11238 8140
f 8140 11238 8141
f 11238 11239 8141
f 8141 11239 8142
f 11239 11240 8142
f 8142 11240 8143
f 11240 11241 8143
f 8143 11241 8144
f 11241 11242 8144
f 8144 11242 8145
f 11242 11243 8145
f 8145 11243 8146
f 11243 11244 8146
f 8146 11244 8147
f 11244 11245 8147
f 8147 11245 8148
f 11245 11246 8148
f 8148 11246 8149
f 11246 11247 8149
f 8149 11247 8150
f 11247 11248 8150
f 8150 11248 8151
f 11248 11249 8151
f 8151 11249 8152
f 11249 11250 8152
f 8152 11250 8153
f 11250 11251 8153
f 8153 11251 8154
f 11251 11252 8154
f 8154 11252 8155
f 11252 8156 8155
f 11252 11253 8156
f 11253 11254 8156
f 8156 11254 8157
f 11254 11255 8157
f 8157 11255 8158
f 11255 11256 8158
f 8158 11256 8159
f 11256 11257 8159
f 8159 11257 8160
f 11257 11258 8160
f 8160 11258 8161
f 11258 11259 8161
f 8161 11259 8162
f 11259 11260 8162
f 8162 11260 8163
f 11260 11261 8163
f 8163 11261 8164
f 11261 11262 8164
f 8164 11262 8165
f 11262 11263 8165
f 8165 11263 8166
f 11263 11264 8166
f 8166 11264 8167
f 11264 11265 8167
f 8167 11265 8168
f 11265 11266 8168
f 8168 11266 8169
f 11266 11267 8169
f 8169 11267 8170
f 11267 11268 8170
f 8170 11268 8171
f 11268 11269 8171
f 8171 11269 8172
f 11269 11270 8172
f 8172 11270 8173
f 11270 11271 8173
f 8173 11271 8174
f 11271 11272 8174
f 8174 11272 8175
f 11272 11273 8175
f 8175 11273 8176
f 11273 11274 8176
f 8176 11274 8177
f 11274 11275 8177
f 8177 11275 8178
f 11275 11276 8178
f 8178 11276 8179
f 11276 11277 8179
f 8179 11277 8180
f 11277 11278 8180
f 8180 11278 8181
f 11278 11279 8181
f 8181 11279 8182
f 11279 11280 8182
f 8182 11280 8183
f 11280 11281 8183
f 8183 11281 8184
f 11281 11282 8184
f 8184 11282 8185
f 11282 11283 8185
f 8185 11283 8186
f 11283 11284 8186
f 8186 11284 8187
f 11284 11285 8187
f 8187 11285 8188
f 11285 11286 8188
f 8188 11286 8189
f 11286 11287 8189
f 8189 11287 8190
f 11287 11288 8190
f 8190 11288 8191
f 11288 11289 8191
f 8191 11289 8192
f 11289 11290 8192
f 8192 11290 8193
f 11290 11291 8193
f 8193 11291 8194
f 11291 11292 8194
f 8194 11292 8195
f 11292 11293 8195
f 8195 11293 8196
f 11293 11294 8196
f 8196 11294 8197
f 11294 11295 8197
f 8197 11295 8198
f 11295 11296 8198
f 8198 11296 8199
f 11296 11297 8199
f 8199 11297 8200
f 11297 11298 8200
f 8200 11298 8201
f 11298 11299 8201
f 8201 11299 8202
f 11299 11300 8202
f 8202 11300 8203
f 11300 11301 8203
f 8203 11301 8204
f 11301 11302 8204
f 8204 11302 8205
f 11302 11303 8205
f 8205 11303 8206
f 11303 11304 8206
f 8206 11304 8207
f 11304 11305 8207
f 8207 11305 8208
f 11305 11306 8208
f 8208 11306 8209
f 11306 11307 8209
f 8209 11307 8210
f 11307 11308 8210
f 8210 11308 8211
f 11308 11309 8211
f 11309 11310 8211
f 8211 11310 8212
f 11310 11311 8212
f 8212 11311 8213
f 11311 11312 8213
f 8213 11312 8214
f 11312 11313 8214
f 11316 8218 11315
f 8218 8217 11315
f 11315 8217 11314
f 8217 8216 11314
f 11314 8216 11313
f 8216 8215 11313
f 11313 8215 8214
f 8253 11353 8254
f 11353 11354 8254
f 8254 11354 8255
f 11316 11317 8219
f 11317 11318 8219
f 8219 11318 8220
f 11318 11319 8220
f 8220 11319 8221
f 11319 11320 8221
f 8221 11320 8222
f 11320 11321 8222
f 8222 11321 8223
f 11321 11322 8223
f 8223 11322 8224
f 11322 11323 8224
f 8224 11323 8225
f 11323 11324 8225
f 8225 11324 8226
f 11324 11325 8226
f 8226 11325 8227
f 11325 11326 8227
f 8227 11326 8228
f 11326 11327 8228
f 8228 11327 8229
f 11327 11328 8229
f 8229 11328 8230
f 11328 11329 8230
f 8230 11329 8231
f 11329 11330 8231
f 8231 11330 8232
f 11330 11331 8232
f 8232 11331 8233
f 11331 11332 8233
f 8233 11332 8234
f 11332 11333 8234
f 8234 11333 8235
f 11333 11334 8235
f 8235 11334 8236
f 11334 11335 8236
f 8236 11335 8237
f 11335 11336 8237
f 8237 11336 8238
f 11336 11337 8238
f 8238 11337 8239
f 11337 11338 8239
f 8239 11338 8240
f 11338 11339 8240
f 8240 11339 8241
f 11339 11340 8241
f 8241 11340 8242
f 11340 11341 8242
f 8242 11341 8243
f 11341 11342 8243
f 8243 11342 8244
f 11342 11343 8244
f 8244 11343 8245
f 11343 11344 8245
f 8245 11344 8246
f 11344 11345 8246
f 8246 11345 8247
f 11345 11346 8247
f 8247 11346 8248
f 11346 11347 8248
f 8248 11347 8249
f 11347 11348 8249
f 8249 11348 8250
f 11348 11349 8250
f 8250 11349 8251
f 11349 11350 8251
f 8251 11350 8252
f 11350 11351 8252
f 8252 11351 8253
f 11351 11352 8253
f 8253 11352 11353
f 8255 11354 8256
f 11354 11355 8256
f 8256 11355 8257
f 11355 11356 8257
f 8257 11356 8258
f 11356 11357 8258
f 8258 11357 8259
f 11357 11358 8259
f 8259 11358 8260
f 11358 11359 8260
f 8260 11359 8261
f 11359 11360 8261
f 8261 11360 8262
f 11360 11361 8262
f 8262 11361 8263
f 11361 11362 8263
f 8263 11362 8264
f 11362 11363 8264
f 8264 11363 8265
f 11363 11364 8265
f 8265 11364 8266
f 11364 11365 8266
f 11365 11366 8266
f 8266 11366 8267
f 11366 11367 8267
f 8267 11367 8268
f 8289 11389 8290
f 11389 11390 8290
f 8290 11390 8291
f 8268 11367 8269
f 11367 11368 8269
f 8269 11368 8270
f 11368 11369 8270
f 8270 11369 8271
f 11369 11370 8271
f 8271 11370 8272
f 11370 11371 8272
f 8272 11371 8273
f 11371 11372 8273
f 8273 11372 8274
f 11372 11373 8274
f 8274 11373 8275
f 11373 11374 8275
f 8275 11374 8276
f 11374 11375 8276
f 8276 11375 8277
f 11375 11376 8277
f 8277 11376 8278
f 11376 11377 8278
f 8278 11377 8279
f 11377 11378 8279
f 8279 11378 8280
f 11378 11379 8280
f 8280 11379 8281
f 11379 11380 8281
f 8281 11380 8282
f 11380 11381 8282
f 8282 11381 8283
f 11381 11382 8283
f 8283 11382 8284
f 11382 11383 8284
f 8284 11383 8285
f 11383 11384 8285
f 8285 11384 8286
f 11384 11385 8286
f 8286 11385 8287
f 11385 11386 8287
f 8287 11386 8288
f 11386 11387 8288
f 8288 11387 8289
f 11387 11388 8289
f 8289 11388 11389
f 8291 11390 8292
f 11390 11391 8292
f 8292 11391 8293
f 11391 11392 8293
f 8293 11392 8294
f 11392 11393 8294
f 8294 11393 8295
f 11393 11394 8295
f 11394 11395 8295
f 8295 11395 8296
f 11395 11396 8296
f 8296 11396 8297
f 8297 11396 8298
f 11396 11397 8298
f 8298 11397 8299
f 11397 11398 8299
f 8299 11398 8300
f 11398 11399 8300
f 8300 11399 8301
f 11399 11400 8301
f 8301 11400 8302
f 11400 11401 8302
f 8302 11401 8303
f 11401 11402 8303
f 8303 11402 8304
f 11402 11403 8304
f 8304 11403 8305
f 11403 11404 8305
f 8305 11404 8306
f 11404 11405 8306
f 8306 11405 8307
f 11405 11406 8307
f 8307 11406 8308
f 11406 11407 8308
f 11407 11408 8308
f 8308 11408 8309
f 11408 11409 8309
f 8309 11409 8310
f 11409 11410 8310
f 8310 11410 8311
f 11410 11411 8311
f 8311 11411 8312
f 11411 11412 8312
f 8312 11412 8313
f 11412 11413 8313
f 8313 11413 8314
f 11413 11414 8314
f 8314 11414 8315
f 11414 11415 8315
f 8315 11415 8316
f 11415 11416 8316
f 8316 11416 8317
f 11416 11417 8317
f 8317 11417 8318
f 11417 11418 8318
f 8318 11418 8319
f 11418 11419 8319
f 8319 11419 8320
f 11419 11420 8320
f 8320 11420 8321
f 11420 11421 8321
f 8321 11421 8322
f 11421 11422 8322
f 8322 11422 8323
f 11422 11423 8323
f 8323 11423 8324
f 11423 11424 8324
f 8324 11424 8325
f 11424 11425 8325
f 8325 11425 8326
f 11425 11426 8326
f 8326 11426 8327
f 11426 11427 8327
f 8327 11427 8328
f 11427 11428 8328
f 8328 11428 8329
f 11428 11429 8329
f 8329 11429 8330
f 11429 11430 8330
f 8330 11430 8331
f 11430 11431 8331
f 8331 11431 8332
f 11431 11432 8332
f 8332 11432 8333
f 11432 11433 8333
f 8333 11433 8334
f 11433 11434 8334
f 8334 11434 8335
f 11434 11435 8335
f 8335 11435 8336
f 11435 11436 8336
f 8336 11436 8337
f 11436 11437 8337
f 8337 11437 8338
f 11437 11438 8338
f 8338 11438 8339
f 11438 11439 8339
f 8339 11439 8340
f 11439 11440 8340
f 8340 11440 8341
f 11440 11441 8341
f 8341 11441 8342
f 11441 11442 8342
f 8342 11442 8343
f 11442 11443 8343
f 8343 11443 8344
f 11443 11444 8344
f 8344 11444 8345
f 11444 11445 8345
f 8345 11445 8346
f 11445 11446 8346
f 8346 11446 8347
f 11446 11447 8347
f 8347 11447 8348
f 11447 11448 8348
f 8348 11448 8349
f 11448 11449 8349
f 8349 11449 8350
f 11449 11450 8350
f 8350 11450 8351
f 11450 11451 8351
f 11451 11452 8351
f 8351 11452 8352
f 11452 11453 8352
f 8352 11453 8353
f 11453 11454 8353
f 8353 11454 8354
f 11454 11455 8354
f 8354 11455 8355
f 11455 11456 8355
f 8355 11456 8356
f 11456 11457 8356
f 8356 11457 8357
f 11457 11458 8357
f 8357 11458 8358
f 11458 11459 8358
f 8358 11459 8359
f 11459 11460 8359
f 8359 11460 8360
f 11460 11461 8360
f 8360 11461 8361
f 11461 11462 8361
f 8361 11462 8362
f 11462 11463 8362
f 8362 11463 8363
f 11463 11464 8363
f 8363 11464 8364
f 11464 11465 8364
f 8364 11465 8365
f 11465 11466 8365
f 8365 11466 8366
f 11466 11467 8366
f 8366 11467 8367
f 11467 11468 8367
f 8367 11468 8368
f 11468 11469 8368
f 8368 11469 8369
f 11469 11470 8369
f 8369 11470 8370
f 11470 11471 8370
f 8370 11471 8371
f 11471 11472 8371
f 8371 11472 8372
f 11472 11473 8372
f 8372 11473 8373
f 11473 11474 8373
f 8373 11474 8374
f 11474 11475 8374
f 8374 11475 8375
f 11475 11476 8375
f 8375 11476 8376
f 11476 11477 8376
f 8376 11477 8377
f 11477 11478 8377
f 8377 11478 8378
f 11478 11479 8378
f 8378 11479 8379
f 11479 11480 8379
f 8379 11480 8380
f 11480 11481 8380
f 8380 11481 8381
f 11481 11482 8381
f 8381 11482 8382
f 11482 11483 8382
f 8382 11483 8383
f 11483 11484 8383
f 8383 11484 8384
f 11484 11485 8384
f 8384 11485 8385
f 11485 11486 8385
f 8385 11486 8386
f 11486 11487 8386
f 8386 11487 8387
f 11487 8388 8387
f 11487 11488 8388
f 11488 11489 8388
f 8388 11489 8391
f 11489 11490 8391
f 8391 11490 8390
f 11490 11491 8390
f 8390 11491 8389
f 11491 11492 8389
f 8389 11492 8392
f 11492 11493 8392
f 8392 11493 8393
f 11493 11494 8393
f 8393 11494 8394
f 11494 11495 8394
f 8394 11495 8395
f 11495 11496 8395
f 8395 11496 8396
f 11496 11497 8396
f 8396 11497 8397
f 11497 11498 8397
f 8397 11498 8398
f 11498 11499 8398
f 8398 11499 8399
f 11499 11500 8399
f 8399 11500 8400
f 11500 11501 8400
f 8400 11501 8401
f 11501 11502 8401
f 8401 11502 8402
f 11502 11503 8402
f 8402 11503 8403
f 11503 11504 8403
f 8403 11504 8404
f 11504 11505 8404
f 8404 11505 8405
f 11505 11506 8405
f 8405 11506 8406
f 11506 11507 8406
f 8406 11507 8407
f 11507 11508 8407
f 8407 11508 8408
f 11508 11509 8408
f 8408 11509 8409
f 11509 11510 8409
f 8409 11510 8410
f 11510 11511 8410
f 8410 11511 8411
f 11511 11512 8411
f 8411 11512 8412
f 11512 11513 8412
f 8412 11513 8413
f 11513 11514 8413
f 8413 11514 8414
f 11514 11515 8414
f 8414 11515 8415
f 11515 11516 8415
f 8415 11516 8416
f 11516 11517 8416
f 8416 11517 8417
f 11517 11518 8417
f 8417 11518 8418
f 11518 11519 8418
f 8418 11519 8419
f 11519 11520 8419
f 8419 11520 8420
f 11520 11521 8420
f 8420 11521 8421
f 11521 11522 8421
f 8421 11522 8422
f 11522 11523 8422
f 8422 11523 8423
f 11523 11524 8423
f 8423 11524 8424
f 11524 11525 8424
f 8424 11525 8425
f 11525 11526 8425
f 8425 11526 8426
f 11526 11527 8426
f 8426 11527 8427
f 11527 11528 8427
f 8427 11528 8428
f 11528 11529 8428
f 8428 11529 8429
f 11529 11530 8429
f 8429 11530 8430
f 11530 11531 8430
f 8430 11531 8431
f 11531 11532 8431
f 8431 11532 8432
f 11532 11533 8432
f 8432 11533 8433
f 11533 11534 8433
f 8433 11534 8434
f 11534 11535 8434
f 8434 11535 8435
f 11535 11536 8435
f 8435 11536 8436
f 11536 11537 8436
f 8436 11537 8437
f 11537 11538 8437
f 11538 11539 8437
f 8437 11539 8438
f 11539 11540 8438
f 8438 11540 8439
f 11540 8440 8439
f 11540 11541 8440
f 11541 11542 8440
f 8440 11542 8441
f 11542 11543 8441
f 11551 8450 11550
f 8450 8449 11550
f 11550 8449 11549
f 8449 8448 11549
f 11549 8448 11548
f 8448 8447 11548
f 11548 8447 11547
f 8447 8446 11547
f 11547 8446 11546
f 8446 8445 11546
f 11546 8445 11545
f 8445 8444 11545
f 11545 8444 11544
f 8444 8443 11544
f 11544 8443 11543
f 8443 8442 11543
f 11543 8442 8441
f 8456 8455 11556
f 8455 8454 11556
f 11556 8454 11555
f 8454 8453 11555
f 11555 8453 11554
f 8453 8452 11554
f 11554 8452 11553
f 8452 8451 11553
f 11553 8451 11552
f 8451 11551 11552
f 11556 11557 8456
f 11557 11558 8456
f 8456 11558 8457
f 11558 11559 8457
f 8457 11559 8458
f 11559 11560 8458
f 8458 11560 8459
f 11560 11561 8459
f 8459 11561 8460
f 11561 11562 8460
f 8460 11562 8461
f 11562 11563 8461
f 8461 11563 8462
f 11563 11564 8462
f 8462 11564 8463
f 11564 11565 8463
f 8463 11565 8464
f 11565 11566 8464
f 8464 11566 8465
f 11566 11567 8465
f 8465 11567 8466
f 11567 11568 8466
f 8466 11568 8467
f 11568 11569 8467
f 8467 11569 8468
f 11569 11570 8468
f 8468 11570 8469
f 11570 11571 8469
f 8469 11571 8470
f 11571 11572 8470
f 8470 11572 8471
f 11572 11573 8471
f 8471 11573 8472
f 11573 11574 8472
f 8472 11574 8473
f 11574 11575 8473
f 8473 11575 8474
f 11575 11576 8474
f 8474 11576 8475
f 11576 11577 8475
f 8475 11577 8476
f 11577 8477 8476
f 11577 11578 8477
f 11578 11579 8477
f 8477 11579 8478
f 11579 11580 8478
f 8478 11580 8479
f 11580 8480 8479
f 8485 8484 11585
f 8484 8483 11585
f 11585 8483 11584
f 8483 8482 11584
f 11584 8482 11583
f 8482 8481 11583
f 11583 8481 11582
f 8481 8480 11582
f 11582 8480 11581
f 8480 11580 11581
f 11585 11586 8485
f 11586 11587 8485
f 8485 11587 8486
f 11587 11588 8486
f 8486 11588 8487
f 11588 11589 8487
f 8487 11589 8488
f 11589 11590 8488
f 8488 11590 8489
f 8489 11590 8490
f 11590 11591 8490
f 8490 11591 8491
f 11591 11592 8491
f 8491 11592 8492
f 11592 11593 8492
f 11593 11594 8492
f 8492 11594 8493
f 11594 11595 8493
f 8493 11595 8494
f 11595 11596 8494
f 8494 11596 8495
f 11596 8496 8495
f 11596 11597 8496
f 11597 11598 8496
f 8496 11598 8497
f 11598 11599 8497
f 8497 11599 8498
f 11599 11600 8498
f 8498 11600 8499
f 11600 11601 8499
f 8499 11601 8500
f 11601 8501 8500
f 11601 11602 8501
f 11602 11603 8501
f 8501 11603 8502
f 11603 11604 8502
f 8502 11604 8503
f 11604 11605 8503
f 8503 11605 8504
f 11605 11606 8504
f 8504 11606 8505
f 11606 11607 8505
f 8505 11607 8506
f 11607 11608 8506
f 8506 11608 8507
f 11608 8508 8507
f 11609 11610 8509
f 11610 11611 8509
f 8509 11611 8510
f 11611 11612 8510
f 8510 11612 8511
f 11612 11613 8511
f 8511 11613 8512
f 11613 11614 8512
f 8512 11614 8513
f 8513 11614 8514
f 11614 11615 8514
f 8514 11615 8515
f 11615 11616 8515
f 8515 11616 8516
f 8521 8520 11621
f 8520 8519 11621
f 11621 8519 11620
f 8519 8518 11620
f 11620 8518 11619
f 8518 8517 11619
f 11619 8517 11618
f 8517 8516 11618
f 11618 8516 11617
f 8516 11616 11617
f 11621 11622 8521
f 11622 11623 8521
f 8521 11623 8522
f 11623 11624 8522
f 8522 11624 8523
f 11624 11625 8523
f 8523 11625 8524
f 11625 11626 8524
f 8524 11626 8525
f 11626 11627 8525
f 8525 11627 8526
f 11627 11628 8526
f 8526 11628 8527
f 11628 11629 8527
f 8527 11629 8528
f 11629 11630 8528
f 8528 11630 8529
f 11630 11631 8529
f 8529 11631 8530
f 11631 11632 8530
f 8530 11632 8531
f 11632 11633 8531
f 8531 11633 8532
f 11633 11634 8532
f 8532 11634 8533
f 11634 11635 8533
f 8533 11635 8534
f 11635 11636 8534
f 8534 11636 8535
f 11636 11637 8535
f 8535 11637 8536
f 11637 11638 8536
f 8536 11638 8537
f 11638 11639 8537
f 8537 11639 8538
f 11639 11640 8538
f 8538 11640 8539
f 11640 11641 8539
f 8539 11641 8540
f 11641 11642 8540
f 8540 11642 8541
f 11642 11643 8541
f 8541 11643 8542
f 11643 11644 8542
f 8542 11644 8543
f 11644 11645 8543
f 8543 11645 8544
f 11645 11646 8544
f 8544 11646 8545
f 11646 11647 8545
f 8545 11647 8546
f 11647 11648 8546
f 8546 11648 8547
f 11648 11649 8547
f 8547 11649 8548
f 11649 11650 8548
f 8548 11650 8549
f 11650 11651 8549
f 8549 11651 8550
f 11651 11652 8550
f 8550 11652 8551
f 11652 11653 8551
f 8551 11653 8552
f 11653 11654 8552
f 8552 11654 8553
f 11654 11655 8553
f 8553 11655 8554
f 11655 11656 8554
f 8554 11656 8555
f 11656 11657 8555
f 8555 11657 8556
f 11657 11658 8556
f 8556 11658 8557
f 11658 11659 8557
f 8557 11659 8558
f 11659 11660 8558
f 8558 11660 8559
f 11660 11661 8559
f 8559 11661 8560
f 11661 11662 8560
f 8560 11662 8561
f 11662 11663 8561
f 8561 11663 8562
f 11663 11664 8562
f 8562 11664 8563
f 11664 11665 8563
f 8563 11665 8564
f 11665 11666 8564
f 8564 11666 8565
f 11666 11667 8565
f 8565 11667 8566
f 11667 11668 8566
f 11668 11669 8566
f 8566 11669 8567
f 11669 11670 8567
f 8567 11670 8568
f 11670 11671 8568
f 8568 11671 8569
f 11671 11672 8569
f 8569 11672 8570
f 11672 11673 8570
f 8570 11673 8571
f 11673 11674 8571
f 8571 11674 8572
f 11674 11675 8572
f 8572 11675 8573
f 11675 11676 8573
f 8573 11676 8574
f 11676 11677 8574
f 8574 11677 8575
f 11677 11678 8575
f 8575 11678 8576
f 11678 11679 8576
f 8576 11679 8577
f 11679 11680 8577
f 8577 11680 8578
f 11680 11681 8578
f 8578 11681 8579
f 11681 11682 8579
f 8579 11682 8580
f 11682 11683 8580
f 8580 11683 8581
f 11683 11684 8581
f 8581 11684 8582
f 11684 11685 8582
f 8582 11685 8583
f 11685 11686 8583
f 8583 11686 8584
f 11686 11687 8584
f 8584 11687 8585
f 11687 11688 8585
f 8585 11688 8586
f 11688 11689 8586
f 8586 11689 8587
f 11689 11690 8587
f 8587 11690 8588
f 11690 11691 8588
f 8588 11691 8589
f 11691 11692 8589
f 8589 11692 8590
f 11692 11693 8590
f 8590 11693 8591
f 11693 11694 8591
f 8591 11694 8592
f 11694 11695 8592
f 8592 11695 8593
f 11695 11696 8593
f 8593 11696 8594
f 11696 11697 8594
f 8594 11697 8595
f 11697 11698 8595
f 8595 11698 8596
f 11698 11699 8596
f 8596 11699 8597
f 11699 11700 8597
f 8597 11700 8598
f 11700 11701 8598
f 8598 11701 8599
f 11701 11702 8599
f 8599 11702 8600
f 11702 11703 8600
f 8600 11703 8601
f 11703 11704 8601
f 8601 11704 8602
f 11704 11705 8602
f 8602 11705 8603
f 11705 11706 8603
f 8603 11706 8604
f 11706 11707 8604
f 8604 11707 8605
f 11707 11708 8605
f 8605 11708 8606
f 11708 11709 8606
f 8606 11709 8607
f 11709 11710 8607
f 8607 11710 8608
f 11710 11711 8608
f 8608 11711 8609
f 11711 11712 8609
f 8609 11712 8610
f 11712 11713 8610
f 8610 11713 8611
f 11713 11714 8611
f 8611 11714 8612
f 11714 11715 8612
f 8612 11715 8613
f 11715 11716 8613
f 8613 11716 8614
f 11716 11717 8614
f 8614 11717 8615
f 11717 11718 8615
f 8615 11718 8616
f 11718 11719 8616
f 8616 11719 8617
f 11719 11720 8617
f 8617 11720 8618
f 11720 11721 8618
f 8618 11721 8619
f 11721 11722 8619
f 8619 11722 8620
f 11722 11723 8620
f 8620 11723 8621
f 11723 11724 8621
f 8621 11724 8622
f 11724 11725 8622
f 8622 11725 8623
f 11725 11726 8623
f 8623 11726 8624
f 11726 11727 8624
f 8624 11727 8625
f 11727 11728 8625
f 8625 11728 8626
f 11728 11729 8626
f 8626 11729 8627
f 11729 11730 8627
f 8627 11730 8628
f 11730 11731 8628
f 8628 11731 8629
f 11731 11732 8629
f 8629 11732 8630
f 11732 11733 8630
f 8630 11733 8631
f 11733 11734 8631
f 8631 11734 8632
f 11734 11735 8632
f 8632 11735 8633
f 11735 11736 8633
f 8633 11736 8634
f 11736 11737 8634
f 8634 11737 8635
f 11737 11738 8635
f 8635 11738 8636
f 11738 11739 8636
f 8636 11739 8637
f 11739 11740 8637
f 8637 11740 8638
f 11740 11741 8638
f 8638 11741 8639
f 11741 11742 8639
f 8639 11742 8640
f 11742 11743 8640
f 8640 11743 8641
f 11743 11744 8641
f 8641 11744 8642
f 11744 11745 8642
f 8642 11745 8643
f 11745 11746 8643
f 8643 11746 8644
f 11746 11747 8644
f 8644 11747 8645
f 11747 11748 8645
f 8645 11748 8646
f 11748 11749 8646
f 8646 11749 8647
f 11749 11750 8647
f 8647 11750 8648
f 11750 11751 8648
f 8648 11751 8649
f 11751 11752 8649
f 8649 11752 8650
f 11752 11753 8650
f 8650 11753 8651
f 11753 11754 8651
f 8651 11754 8652
f 11754 11755 8652
f 8652 11755 8653
f 11755 11756 8653
f 8653 11756 8654
f 11756 11757 8654
f 8654 11757 8655
f 11757 11758 8655
f 8655 11758 8656
f 11758 11759 8656
f 8656 11759 8657
f 11759 11760 8657
f 8657 11760 8658
f 11760 11761 8658
f 8658 11761 8659
f 8659 11761 8660
f 11761 11762 8660
f 8660 11762 8661
f 11762 11763 8661
f 8661 11763 8662
f 11763 11764 8662
f 8662 11764 8663
f 11764 11765 8663
f 8663 11765 8664
f 11765 11766 8664
f 8664 11766 8665
f 11766 11767 8665
f 8665 11767 8666
f 11767 11768 8666
f 8666 11768 8667
f 11768 11769 8667
f 8667 11769 8668
f 11769 11770 8668
f 8668 11770 8669
f 11770 11771 8669
f 8669 11771 8670
f 11771 11772 8670
f 8670 11772 8671
f 11772 11773 8671
f 8671 11773 8672
f 11773 11774 8672
f 8672 11774 8673
f 11774 11775 8673
f 8673 11775 8674
f 11775 11776 8674
f 11776 11777 8674
f 8674 11777 8675
f 11777 11778 8675
f 8675 11778 8676
f 8676 11778 8677
f 11778 11779 8677
f 8677 11779 8678
f 11779 11780 8678
f 8678 11780 8679
f 11780 11781 8679
f 8679 11781 8680
f 11781 11782 8680
f 8680 11782 8681
f 11782 11783 8681
f 8681 11783 8682
f 11783 11784 8682
f 8682 11784 8683
f 11784 11785 8683
f 8683 11785 8684
f 11785 11786 8684
f 8684 11786 8685
f 11786 11787 8685
f 8685 11787 8686
f 11787 11788 8686
f 8686 11788 8687
f 11788 11789 8687
f 8687 11789 8688
f 11789 11790 8688
f 8688 11790 8689
f 11790 11791 8689
f 8689 11791 8690
f 11791 11792 8690
f 8690 11792 8691
f 11792 11793 8691
f 8691 11793 8692
f 11793 11794 8692
f 8692 11794 8693
f 11794 11795 8693
f 8693 11795 8694
f 11795 11796 8694
f 8694 11796 8695
f 11796 11797 8695
f 8695 11797 8696
f 11797 11798 8696
f 8696 11798 8697
f 11798 11799 8697
f 8697 11799 8698
f 11799 11800 8698
f 11800 11801 8698
f 8698 11801 8699
f 11801 11802 8699
f 8699 11802 8700
f 8750 11853 8751
f 11853 11854 8751
f 8751 11854 8752
f 8700 11802 8701
f 11802 11803 8701
f 8701 11803 8702
f 11803 11804 8702
f 8702 11804 8703
f 11804 11805 8703
f 8703 11805 8704
f 11805 11806 8704
f 8704 11806 8705
f 11806 11807 8705
f 8705 11807 8706
f 11807 11808 8706
f 8706 11808 8707
f 11808 11809 8707
f 8707 11809 8708
f 11809 11810 8708
f 8708 11810 8709
f 11810 11811 8709
f 8709 11811 8710
f 11811 11812 8710
f 8710 11812 8711
f 11812 11813 8711
f 8711 11813 8712
f 11813 11814 8712
f 8712 11814 8713
f 11814 11815 8713
f 8713 11815 8714
f 11815 11816 8714
f 8714 11816 8715
f 11816 11817 8715
f 8715 11817 8716
f 11817 11818 8716
f 8716 11818 8717
f 11818 11819 8717
f 8717 11819 8718
f 11819 11820 8718
f 8718 11820 8719
f 11820 11821 8719
f 8719 11821 8720
f 11821 11822 8720
f 8720 11822 8721
f 11822 11823 8721
f 8721 11823 8722
f 11823 11824 8722
f 8722 11824 8723
f 11824 11825 8723
f 8723 11825 8724
f 11825 11826 8724
f 8724 11826 8725
f 11826 11827 8725
f 8725 11827 8726
f 11827 11828 8726
f 8726 11828 8727
f 11828 11829 8727
f 8727 11829 8728
f 11829 11830 8728
f 8728 11830 8729
f 11830 11831 8729
f 8729 11831 8730
f 11831 11832 8730
f 8730 11832 8731
f 11832 11833 8731
f 8731 11833 8732
f 11833 11834 8732
f 8732 11834 8733
f 11834 11835 8733
f 8733 11835 8734
f 11835 11836 8734
f 8734 11836 8735
f 11836 11837 8735
f 8735 11837 8736
f 11837 11838 8736
f 8736 11838 8737
f 11838 11839 8737
f 8737 11839 8738
f 11839 11840 8738
f 8738 11840 8739
f 11840 11841 8739
f 8739 11841 8740
f 11841 11842 8740
f 8740 11842 8741
f 11842 11843 8741
f 8741 11843 8742
f 11843 11844 8742
f 8742 11844 8743
f 11844 11845 8743
f 8743 11845 8744
f 11845 11846 8744
f 8744 11846 8745
f 11846 11847 8745
f 8745 11847 8746
f 11847 11848 8746
f 8746 11848 8747
f 11848 11849 8747
f 8747 11849 8748
f 11849 11850 8748
f 8748 11850 8749
f 11850 11851 8749
f 8749 11851 8750
f 11851 11852 8750
f 8750 11852 11853
f 8752 11854 8753
f 11854 11855 8753
f 8753 11855 8754
f 11855 11856 8754
f 8754 11856 8755
f 11856 11857 8755
f 8755 11857 8756
f 11857 11858 8756
f 11858 11859 8756
f 8756 11859 8757
f 11859 11860 8757
f 8757 11860 8758
f 11860 8759 8758
f 11860 11861 8759
f 11861 11862 8759
f 8759 11862 8760
f 11862 11863 8760
f 8760 11863 8761
f 11863 11864 8761
f 8761 11864 8762
f 11864 11865 8762
f 8762 11865 8763
f 8763 11865 8764
f 11865 11866 8764
f 8764 11866 8765
f 11866 11867 8765
f 8765 11867 8766
f 11867 11868 8766
f 11868 11869 8766
f 8766 11869 8767
f 11869 11870 8767
f 8767 11870 8768
f 11870 11871 8768
f 8768 11871 8769
f 11871 11872 8769
f 8769 11872 8770
f 11872 11873 8770
f 8770 11873 8771
f 8774 11877 8775
f 11877 11878 8775
f 8775 11878 8776
f 8771 11873 8772
f 11873 11874 8772
f 8772 11874 8773
f 11874 11875 8773
f 8773 11875 8774
f 11875 11876 8774
f 8774 11876 11877
f 8776 11878 8777
f 11878 11879 8777
f 8777 11879 8778
f 11879 11880 8778
f 8778 11880 8779
f 11880 11881 8779
f 11881 11882 8779
f 8779 11882 8780
f 11882 11883 8780
f 8780 11883 8781
f 11883 11884 8781
f 8781 11884 8782
f 11884 11885 8782
f 8782 11885 8783
f 11885 11886 8783
f 8783 11886 8784
f 11886 11887 8784
f 8784 11887 8785
f 11887 11888 8785
f 8785 11888 8786
f 11888 11889 8786
f 8786 11889 8787
f 8787 11889 8788
f 11889 11890 8788
f 8788 11890 8789
f 11890 11891 8789
f 8789 11891 8790
f 11891 11892 8790
f 11892 11893 8790
f 8790 11893 8791
f 11893 11894 8791
f 8791 11894 8792
f 11894 11895 8792
f 8792 11895 8793
f 11895 11896 8793
f 8793 11896 8794
f 8798 11901 8799
f 11901 11902 8799
f 8799 11902 8800
f 8794 11896 8795
f 11896 11897 8795
f 8795 11897 8796
f 11897 11898 8796
f 8796 11898 8797
f 11898 11899 8797
f 8797 11899 8798
f 11899 11900 8798
f 8798 11900 11901
f 8800 11902 8801
f 11902 11903 8801
f 8801 11903 8802
f 11903 11904 8802
f 8802 11904 8803
f 11904 11905 8803
f 8803 11905 8804
f 11905 11906 8804
f 8804 11906 8805
f 11906 11907 8805
f 8805 11907 8806
f 11907 11908 8806
f 8806 11908 8807
f 11908 11909 8807
f 8807 11909 8808
f 11909 11910 8808
f 8808 11910 8809
f 11910 11911 8809
f 8809 11911 8810
f 11911 11912 8810
f 8810 11912 8811
f 11912 11913 8811
f 8811 11913 8812
f 11913 11914 8812
f 8812 11914 8813
f 11914 11915 8813
f 8813 11915 8814
f 11915 11916 8814
f 8814 11916 8815
f 11916 11917 8815
f 8815 11917 8816
f 11917 11918 8816
f 8816 11918 8817
f 11918 11919 8817
f 8817 11919 8818
f 11919 11920 8818
f 8818 11920 8819
f 11920 11921 8819
f 8819 11921 8820
f 11921 11922 8820
f 8820 11922 8821
f 11922 11923 8821
f 8821 11923 8822
f 11923 11924 8822
f 8822 11924 8823
f 11924 11925 8823
f 8823 11925 8824
f 11925 11926 8824
f 8824 11926 8825
f 11926 11927 8825
f 8825 11927 8826
f 11927 11928 8826
f 8826 11928 8827
f 11928 11929 8827
f 8827 11929 8828
f 11929 11930 8828
f 8828 11930 8829
f 11930 11931 8829
f 8829 11931 8830
f 11931 11932 8830
f 8830 11932 8831
f 11932 11933 8831
f 8831 11933 8832
f 11933 11934 8832
f 8832 11934 8833
f 11934 11935 8833
f 8833 11935 8834
f 11935 11936 8834
f 8834 11936 8835
f 11936 11937 8835
f 8835 11937 8836
f 11937 11938 8836
f 8836 11938 8837
f 11938 11939 8837
f 8837 11939 8838
f 11939 11940 8838
f 8838 11940 8839
f 11940 11941 8839
f 8839 11941 8840
f 11941 11942 8840
f 8840 11942 8841
f 11942 11943 8841
f 8841 11943 8842
f 11943 11944 8842
f 8842 11944 8843
f 11944 11945 8843
f 8843 11945 8844
f 11945 11946 8844
f 11946 11947 8844
f 8844 11947 8845
f 11947 11948 8845
f 8845 11948 8846
f 11948 11949 8846
f 8846 11949 8847
f 11949 11950 8847
f 8847 11950 8848
f 11950 11951 8848
f 8848 11951 8849
f 11951 11952 8849
f 8849 11952 8850
f 11952 11953 8850
f 8850 11953 8851
f 11953 11954 8851
f 8851 11954 8852
f 11954 11955 8852
f 8852 11955 8853
f 11955 11956 8853
f 8853 11956 8854
f 11956 11957 8854
f 8854 11957 8855
f 11957 11958 8855
f 8855 11958 8856
f 11958 11959 8856
f 8856 11959 8857
f 11959 11960 8857
f 8857 11960 8858
f 11960 11961 8858
f 8858 11961 8859
f 11961 11962 8859
f 8859 11962 8860
f 11962 11963 8860
f 8860 11963 8861
f 11963 11964 8861
f 8861 11964 8862
f 11964 11965 8862
f 8862 11965 8863
f 11965 11966 8863
f 8863 11966 8864
f 11966 11967 8864
f 8864 11967 8865
f 11967 11968 8865
f 8865 11968 8866
f 11968 11969 8866
f 8866 11969 8867
f 11969 11970 8867
f 8867 11970 8868
f 11970 11971 8868
f 8868 11971 8869
f 11971 11972 8869
f 8869 11972 8870
f 11972 11973 8870
f 8870 11973 8871
f 11973 11974 8871
f 8871 11974 8872
f 11974 11975 8872
f 8872 11975 8873
f 11975 11976 8873
f 8873 11976 8874
f 11976 11977 8874
f 8874 11977 8875
f 11977 11978 8875
f 8875 11978 8876
f 11978 11979 8876
f 8876 11979 8877
f 11979 11980 8877
f 8877 11980 8878
f 11980 11981 8878
f 8878 11981 8879
f 11981 11982 8879
f 8879 11982 8880
f 11982 11983 8880
f 8880 11983 8881
f 11983 11984 8881
f 8881 11984 8882
f 11984 11985 8882
f 8882 11985 8883
f 11985 11986 8883
f 8883 11986 8884
f 11986 11987 8884
f 8884 11987 8885
f 11987 11988 8885
f 8885 11988 8886
f 11988 11989 8886
f 8886 11989 8887
f 11989 11990 8887
f 8887 11990 8888
f 11990 11991 8888
f 8888 11991 8889
f 11991 11992 8889
f 8889 11992 8890
f 11992 11993 8890
f 8890 11993 8891
f 11993 11994 8891
f 8891 11994 8892
f 11994 11995 8892
f 8892 11995 8893
f 11995 11996 8893
f 8893 11996 8894
f 11996 11997 8894
f 8894 11997 8895
f 11997 11998 8895
f 8895 11998 8896
f 11998 11999 8896
f 8896 11999 8897
f 11999 12000 8897
f 8897 12000 8898
f 12000 12001 8898
f 8898 12001 8899
f 12001 12002 8899
f 8899 12002 8900
f 12002 12003 8900
f 8900 12003 8901
f 12003 12004 8901
f 8901 12004 8902
f 12004 12005 8902
f 8902 12005 8903
f 12005 12006 8903
f 8903 12006 8904
f 12006 12007 8904
f 8904 12007 8905
f 12007 12008 8905
f 8905 12008 8906
f 12008 12009 8906
f 8906 12009 8907
f 12009 12010 8907
f 8907 12010 8908
f 12010 12011 8908
f 8908 12011 8909
f 12011 12012 8909
f 8909 12012 8910
f 12012 12013 8910
f 8910 12013 8911
f 12013 12014 8911
f 8911 12014 8912
f 12014 12015 8912
f 8912 12015 8913
f 12015 12016 8913
f 8913 12016 8914
f 12016 12017 8914
f 8914 12017 8915
f 12017 12018 8915
f 8915 12018 8916
f 12018 12019 8916
f 8916 12019 8917
f 12019 12020 8917
f 8917 12020 8918
f 12020 12021 8918
f 8918 12021 8919
f 12021 12022 8919
f 8919 12022 8920
f 12022 12023 8920
f 8920 12023 8921
f 12023 12024 8921
f 8921 12024 8922
f 12024 12025 8922
f 8922 12025 8923
f 12025 12026 8923
f 8923 12026 8924
f 12026 12027 8924
f 8924 12027 8925
f 12027 12028 8925
f 8925 12028 8926
f 12028 12029 8926
f 8926 12029 8927
f 12029 12030 8927
f 8927 12030 8928
f 12030 12031 8928
f 8928 12031 8929
f 8943 12048 8944
f 12048 12049 8944
f 8944 12049 8945
f 12031 12032 8929
f 12032 12033 8929
f 8929 12033 8930
f 12033 12034 8930
f 8930 12034 8931
f 12034 12035 8931
f 8931 12035 8932
f 12035 12036 8932
f 8932 12036 8933
f 12036 12037 8933
f 8933 12037 8934
f 12037 12038 8934
f 8934 12038 8935
f 12038 12039 8935
f 8935 12039 8936
f 12039 12040 8936
f 8936 12040 8937
f 12040 12041 8937
f 8937 12041 8938
f 12041 12042 8938
f 8938 12042 8939
f 12042 12043 8939
f 8939 12043 8940
f 12043 12044 8940
f 8940 12044 8941
f 12044 12045 8941
f 8941 12045 8942
f 12045 12046 8942
f 8942 12046 8943
f 12046 12047 8943
f 8943 12047 12048
f 8945 12049 8946
f 12049 12050 8946
f 8946 12050 8947
f 12050 12051 8947
f 8947 12051 8948
f 12051 12052 8948
f 8948 12052 8949
f 12052 12053 8949
f 8949 12053 8950
f 12053 12054 8950
f 8950 12054 8951
f 12054 12055 8951
f 8951 12055 8952
f 12055 12056 8952
f 8952 12056 8953
f 12056 12057 8953
f 8953 12057 8954
f 12057 12058 8954
f 8954 12058 8955
f 12058 12059 8955
f 8955 12059 8956
f 12059 12060 8956
f 8956 12060 8957
f 12060 12061 8957
f 8957 12061 8958
f 12061 12062 8958
f 8958 12062 8959
f 12062 12063 8959
f 8959 12063 8960
f 12063 12064 8960
f 8960 12064 8961
f 12064 12065 8961
f 8961 12065 8962
f 12065 12066 8962
f 8962 12066 8963
f 12066 12067 8963
f 8963 12067 8964
f 12067 12068 8964
f 8964 12068 8965
f 12068 12069 8965
f 8965 12069 8966
f 12069 12070 8966
f 8966 12070 8967
f 12070 12071 8967
f 8967 12071 8968
f 12071 12072 8968
f 8968 12072 8969
f 12072 12073 8969
f 8969 12073 8970
f 12073 12074 8970
f 8970 12074 8971
f 12074 12075 8971
f 8971 12075 8972
f 12075 12076 8972
f 8972 12076 8973
f 12076 12077 8973
f 8973 12077 8974
f 12077 12078 8974
f 8974 12078 8975
f 12078 12079 8975
f 8975 12079 8976
f 12079 12080 8976
f 8976 12080 8977
f 12080 12081 8977
f 8977 12081 8978
f 12081 12082 8978
f 8978 12082 8979
f 12082 12083 8979
f 8979 12083 8980
f 12083 12084 8980
f 8980 12084 8981
f 12084 12085 8981
f 8981 12085 8982
f 12085 12086 8982
f 8982 12086 8983
f 12086 12087 8983
f 8983 12087 8984
f 12087 12088 8984
f 8984 12088 8985
f 12088 12089 8985
f 8985 12089 8986
f 12089 12090 8986
f 8986 12090 8987
f 12090 12091 8987
f 8987 12091 8988
f 12091 12092 8988
f 8988 12092 8989
f 12092 12093 8989
f 8989 12093 8990
f 12093 12094 8990
f 8990 12094 8991
f 12094 12095 8991
f 8991 12095 8992
f 12095 12096 8992
f 8992 12096 8993
f 12096 12097 8993
f 8993 12097 8994
f 12097 12098 8994
f 8994 12098 8995
f 12098 12099 8995
f 8995 12099 8996
f 12099 12100 8996
f 8996 12100 8997
f 12100 12101 8997
f 8997 12101 8998
f 12101 12102 8998
f 8998 12102 8999
f 12102 12103 8999
f 8999 12103 9000
f 12103 12104 9000
f 9000 12104 9001
f 12104 12105 9001
f 9001 12105 9002
f 12105 12106 9002
f 9002 12106 9003
f 12106 12107 9003
f 9003 12107 9004
f 12107 12108 9004
f 9004 12108 9005
f 12108 12109 9005
f 9005 12109 9006
f 12109 12110 9006
f 9006 12110 9007
f 12110 12111 9007
f 9007 12111 9008
f 12111 12112 9008
f 9008 12112 9009
f 12112 12113 9009
f 9009 12113 9010
f 12113 12114 9010
f 9010 12114 9011
f 12114 12115 9011
f 9011 12115 9012
f 12115 12116 9012
f 9012 12116 9013
f 12116 12117 9013
f 9013 12117 9014
f 12117 12118 9014
f 9014 12118 9015
f 12118 12119 9015
f 9015 12119 9016
f 12119 12120 9016
f 9016 12120 9017
f 12120 12121 9017
f 9017 12121 9018
f 12121 12122 9018
f 9018 12122 9019
f 12122 12123 9019
f 9019 12123 9020
f 12123 12124 9020
f 9020 12124 9021
f 12124 12125 9021
f 9021 12125 9022
f 12125 12126 9022
f 9022 12126 9023
f 12126 12127 9023
f 9023 12127 9024
f 12127 12128 9024
f 9024 12128 9025
f 12128 12129 9025
f 9025 12129 9026
f 12129 12130 9026
f 9026 12130 9027
f 12130 12131 9027
f 9027 12131 9028
f 12131 12132 9028
f 9028 12132 9029
f 12132 12133 9029
f 9029 12133 9030
f 12133 12134 9030
f 9030 12134 9031
f 12134 12135 9031
f 9031 12135 9032
f 12135 12136 9032
f 9032 12136 9033
f 12136 12137 9033
f 9033 12137 9034
f 12137 12138 9034
f 9034 12138 9035
f 12138 12139 9035
f 9035 12139 9036
f 12139 12140 9036
f 9036 12140 9037
f 12140 12141 9037
f 9037 12141 9038
f 12141 12142 9038
f 9038 12142 9039
f 12142 12143 9039
f 9039 12143 9040
f 12143 12144 9040
f 9040 12144 9041
f 12144 12145 9041
f 9041 12145 9042
f 12145 12146 9042
f 9042 12146 9043
f 12146 12147 9043
f 9043 12147 9044
f 12147 12148 9044
f 9044 12148 9045
f 12148 12149 9045
f 9045 12149 9046
f 12149 12150 9046
f 12150 12151 9046
f 9046 12151 9047
f 12151 12152 9047
f 9047 12152 9048
f 9048 12152 9049
f 12152 12153 9049
f 9049 12153 9050
f 12153 12154 9050
f 9050 12154 9051
f 12154 12155 9051
f 9051 12155 9052
f 12155 12156 9052
f 9052 12156 9053
f 12156 12157 9053
f 9053 12157 9054
f 12157 12158 9054
f 9054 12158 9055
f 12158 12159 9055
f 9055 12159 9056
f 12159 12160 9056
f 9056 12160 9057
f 12160 12161 9057
f 9057 12161 9058
f 12161 12162 9058
f 12162 12163 9058
f 9058 12163 9059
f 12163 12164 9059
f 9059 12164 9060
f 12164 12165 9060
f 9060 12165 9061
f 12165 12166 9061
f 9061 12166 9062
f 12166 12167 9062
f 9062 12167 9063
f 12167 12168 9063
f 9063 12168 9064
f 12168 12169 9064
f 9064 12169 9065
f 12169 12170 9065
f 9065 12170 9066
f 12170 12171 9066
f 9066 12171 9067
f 12171 12172 9067
f 9067 12172 9068
f 12172 12173 9068
f 9068 12173 9069
f 12173 12174 9069
f 9069 12174 9070
f 12174 12175 9070
f 9070 12175 9071
f 12175 12176 9071
f 9071 12176 9072
f 12176 12177 9072
f 9072 12177 9073
f 12177 12178 9073
f 9073 12178 9074
f 12178 12179 9074
f 9074 12179 9075
f 12179 12180 9075
f 9075 12180 9076
f 12180 12181 9076
f 9076 12181 9077
f 12181 12182 9077
f 12198 9095 12197
f 9095 9094 12197
f 9094 9093 12197
f 12197 9093 12196
f 9093 9092 12196
f 12196 9092 12195
f 9092 9091 12195
f 12195 9091 12194
f 9091 9090 12194
f 12194 9090 12193
f 9090 9089 12193
f 12193 9089 12192
f 9089 9088 12192
f 12192 9088 12191
f 9088 9087 12191
f 12191 9087 12190
f 9087 9086 12190
f 12190 9086 12189
f 9086 9085 12189
f 12189 9085 12188
f 9085 9084 12188
f 12188 9084 12187
f 9084 9083 12187
f 12187 9083 12186
f 9083 9082 12186
f 12186 9082 12185
f 9082 9081 12185
f 12185 9081 12184
f 9081 9080 12184
f 12184 9080 12183
f 9080 9079 12183
f 12183 9079 12182
f 9079 9078 12182
f 12182 9078 9077
f 9101 9100 12203
f 9100 9099 12203
f 12203 9099 12202
f 9099 9098 12202
f 12202 9098 12201
f 9098 9097 12201
f 12201 9097 12200
f 9097 9096 12200
f 12200 9096 12199
f 9096 12198 12199
f 12203 12204 9101
f 12204 12205 9101
f 9101 12205 9102
f 12205 12206 9102
f 9102 12206 9103
f 12206 12207 9103
f 9103 12207 9104
f 12207 9105 9104
f 12207 12208 9105
f 12208 12209 9105
f 9105 12209 9106
f 12209 12210 9106
f 9106 12210 9107
f 12210 12211 9107
f 9107 12211 9108
f 12211 12212 9108
f 9108 12212 9109
f 12212 12213 9109
f 9109 12213 9110
f 12213 12214 9110
f 9110 12214 9111
f 12214 9112 9111
f 12214 12215 9112
f 12215 12216 9112
f 9112 12216 9113
f 12216 12217 9113
f 9113 12217 9114
f 12217 12218 9114
f 9114 12218 9115
f 12218 12219 9115
f 9115 12219 9116
f 9116 12219 9117
f 12219 12220 9117
f 9117 12220 9118
f 12220 12221 9118
f 9118 12221 9119
f 12221 12222 9119
f 9119 12222 9120
f 9125 9124 12227
f 9124 9123 12227
f 12227 9123 12226
f 9123 9122 12226
f 12226 9122 12225
f 9122 9121 12225
f 12225 9121 12224
f 9121 9120 12224
f 12224 9120 12223
f 9120 12222 12223
f 12227 12228 9125
f 12228 12229 9125
f 9125 12229 9126
f 12229 12230 9126
f 9126 12230 9127
f 12230 12231 9127
f 9127 12231 9128
f 12231 12232 9128
f 9128 12232 9129
f 9129 12232 9130
f 12232 12233 9130
f 9130 12233 9131
f 12233 12234 9131
f 12234 12235 9131
f 9131 12235 9132
f 12235 12236 9132
f 9132 12236 9133
f 12236 12237 9133
f 9133 12237 9134
f 12237 12238 9134
f 9134 12238 9135
f 12238 9136 9135
f 12238 12239 9136
f 12239 12240 9136
f 9136 12240 9137
f 12240 12241 9137
f 9137 12241 9138
f 12241 12242 9138
f 9138 12242 9139
f 12242 12243 9139
f 9139 12243 9140
f 12243 9141 9140
f 12243 12244 9141
f 12244 12245 9141
f 9141 12245 9142
f 12245 12246 9142
f 9142 12246 9143
f 12246 12247 9143
f 9143 12247 9144
f 12247 12248 9144
f 9144 12248 9145
f 9149 9148 12252
f 9148 9147 12252
f 12252 9147 12251
f 9147 9146 12251
f 12251 9146 12250
f 9146 9145 12250
f 12250 9145 12249
f 9145 12248 12249
f 12252 12253 9149
f 12253 12254 9149
f 9149 12254 9150
f 12254 12255 9150
f 9150 12255 9151
f 12255 12256 9151
f 9151 12256 9152
f 12256 12257 9152
f 9152 12257 9153
f 9156 12261 9157
f 12261 12262 9157
f 9157 12262 9158
f 9153 12257 9154
f 12257 12258 9154
f 9154 12258 9155
f 12258 12259 9155
f 9155 12259 9156
f 12259 12260 9156
f 9156 12260 12261
f 9158 12262 9159
f 12262 12263 9159
f 9159 12263 9160
f 12263 12264 9160
f 12264 12265 9160
f 9160 12265 9161
f 12265 12266 9161
f 9161 12266 9162
f 9162 12266 9163
f 12266 12267 9163
f 9163 12267 9164
f 12267 12268 9164
f 9164 12268 9165
f 12268 12269 9165
f 9165 12269 9166
f 12269 12270 9166
f 9166 12270 9167
f 12270 12271 9167
f 9167 12271 9168
f 12271 12272 9168
f 9168 12272 9169
f 12272 12273 9169
f 9169 12273 9170
f 12273 12274 9170
f 9170 12274 9171
f 12274 12275 9171
f 9171 12275 9172
f 12275 12276 9172
f 9172 12276 9173
f 12276 12277 9173
f 9173 12277 9174
f 12277 12278 9174
f 9174 12278 9175
f 12278 12279 9175
f 9175 12279 9176
f 12279 12280 9176
f 9176 12280 9177
f 12280 12281 9177
f 9177 12281 9178
f 12281 12282 9178
f 9178 12282 9179
f 12282 12283 9179
f 9179 12283 9180
f 12283 12284 9180
f 9180 12284 9181
f 12284 12285 9181
f 9181 12285 9182
f 12285 12286 9182
f 9182 12286 9183
f 12286 12287 9183
f 9183 12287 9184
f 12287 12288 9184
f 9184 12288 9185
f 12288 12289 9185
f 9185 12289 9186
f 12289 12290 9186
f 9186 12290 9187
f 12290 12291 9187
f 9187 12291 9188
f 12291 12292 9188
f 9188 12292 9189
f 12292 12293 9189
f 9189 12293 9190
f 12293 12294 9190
f 9190 12294 9191
f 12294 12295 9191
f 9191 12295 9192
f 12295 12296 9192
f 9192 12296 9193
f 12296 12297 9193
f 9193 12297 9194
f 12297 12298 9194
f 9194 12298 9195
f 12298 12299 9195
f 9195 12299 9196
f 12299 12300 9196
f 9196 12300 9197
f 12300 12301 9197
f 9197 12301 9198
f 12301 12302 9198
f 9198 12302 9199
f 12302 12303 9199
f 9199 12303 9200
f 12303 12304 9200
f 9200 12304 9201
f 12304 12305 9201
f 9201 12305 9202
f 12305 12306 9202
f 9202 12306 9203
f 12306 12307 9203
f 9203 12307 9204
f 12307 12308 9204
f 9204 12308 9205
f 12308 12309 9205
f 9205 12309 9206
f 12309 12310 9206
f 9206 12310 9207
f 12310 12311 9207
f 9207 12311 9208
f 12311 12312 9208
f 9208 12312 9209
f 12312 12313 9209
f 9209 12313 9210
f 12313 12314 9210
f 9210 12314 9211
f 12314 12315 9211
f 9211 12315 9212
f 12315 12316 9212
f 9212 12316 9213
f 12316 12317 9213
f 9213 12317 9214
f 12317 12318 9214
f 9214 12318 9215
f 12318 12319 9215
f 9215 12319 9216
f 12319 12320 9216
f 9216 12320 9217
f 12320 12321 9217
f 9217 12321 9218
f 12321 12322 9218
f 9218 12322 9219
f 12322 12323 9219
f 9219 12323 9220
f 12323 12324 9220
f 9220 12324 9221
f 12324 12325 9221
f 9221 12325 9222
f 12325 12326 9222
f 9222 12326 9223
f 12326 12327 9223
f 9223 12327 9224
f 12327 12328 9224
f 9224 12328 9225
f 12328 12329 9225
f 9225 12329 9226
f 12329 12330 9226
f 9226 12330 9227
f 12330 12331 9227
f 9227 12331 9228
f 12331 12332 9228
f 9228 12332 9229
f 12332 12333 9229
f 9229 12333 9230
f 12333 12334 9230
f 9230 12334 9231
f 12334 12335 9231
f 9231 12335 9232
f 12335 12336 9232
f 9232 12336 9233
f 12336 12337 9233
f 9233 12337 9234
f 12337 12338 9234
f 9234 12338 9235
f 12338 12339 9235
f 9235 12339 9236
f 12339 12340 9236
f 9236 12340 9237
f 12340 12341 9237
f 9237 12341 9238
f 12341 12342 9238
f 9238 12342 9239
f 12342 12343 9239
f 9239 12343 9240
f 12343 12344 9240
f 9240 12344 9241
f 12344 12345 9241
f 9241 12345 9242
f 12345 12346 9242
f 9242 12346 9243
f 12346 12347 9243
f 9243 12347 9244
f 12347 12348 9244
f 9244 12348 9245
f 12348 12349 9245
f 9245 12349 9246
f 12349 12350 9246
f 9246 12350 9247
f 12350 12351 9247
f 9247 12351 9248
f 12351 12352 9248
f 9248 12352 9249
f 12352 12353 9249
f 9249 12353 9250
f 12353 12354 9250
f 9250 12354 9251
f 12354 12355 9251
f 9251 12355 9252
f 12355 12356 9252
f 9252 12356 9253
f 12356 12357 9253
f 9253 12357 9254
f 12357 12358 9254
f 9254 12358 9255
f 12358 12359 9255
f 9255 12359 9256
f 12359 12360 9256
f 9256 12360 9257
f 12360 12361 9257
f 9257 12361 9258
f 12361 12362 9258
f 9258 12362 9259
f 12362 12363 9259
f 9259 12363 9260
f 12363 12364 9260
f 9260 12364 9261
f 12364 12365 9261
f 9261 12365 9262
f 12365 12366 9262
f 9262 12366 9263
f 12366 12367 9263
f 9263 12367 9264
f 12367 12368 9264
f 9264 12368 9265
f 12368 12369 9265
f 9265 12369 9266
f 12369 12370 9266
f 9266 12370 9267
f 12370 12371 9267
f 9267 12371 9268
f 12371 12372 9268
f 9268 12372 9269
f 12372 12373 9269
f 9269 12373 9270
f 12373 12374 9270
f 9270 12374 9271
f 12374 12375 9271
f 9271 12375 9272
f 12375 12376 9272
f 9272 12376 9273
f 12376 12377 9273
f 9273 12377 9274
f 12377 12378 9274
f 9274 12378 9275
f 12378 12379 9275
f 9275 12379 9276
f 12379 12380 9276
f 9276 12380 9277
f 12380 12381 9277
f 9277 12381 9278
f 9299 12403 9300
f 12403 12404 9300
f 9300 12404 9301
f 9278 12381 9279
f 12381 12382 9279
f 9279 12382 9280
f 12382 12383 9280
f 9280 12383 9281
f 12383 12384 9281
f 9281 12384 9282
f 12384 12385 9282
f 9282 12385 9283
f 12385 12386 9283
f 9283 12386 9284
f 12386 12387 9284
f 9284 12387 9285
f 12387 12388 9285
f 9285 12388 9286
f 12388 12389 9286
f 9286 12389 9287
f 12389 12390 9287
f 9287 12390 9288
f 12390 12391 9288
f 9288 12391 9289
f 12391 12392 9289
f 9289 12392 9290
f 12392 12393 9290
f 9290 12393 9291
f 12393 12394 9291
f 9291 12394 9292
f 12394 12395 9292
f 9292 12395 9293
f 12395 12396 9293
f 9293 12396 9294
f 12396 12397 9294
f 9294 12397 9295
f 12397 12398 9295
f 9295 12398 9296
f 12398 12399 9296
f 9296 12399 9297
f 12399 12400 9297
f 9297 12400 9298
f 12400 12401 9298
f 9298 12401 9299
f 12401 12402 9299
f 9299 12402 12403
f 9323 12427 9324
f 12427 12428 9324
f 9324 12428 9325
f 9301 12404 9302
f 12404 12405 9302
f 9302 12405 9303
f 12405 12406 9303
f 9303 12406 9304
f 12406 12407 9304
f 9304 12407 9305
f 12407 12408 9305
f 9305 12408 9306
f 12408 12409 9306
f 9306 12409 9307
f 12409 12410 9307
f 9307 12410 9308
f 12410 12411 9308
f 9308 12411 9309
f 12411 12412 9309
f 9309 12412 9310
f 12412 12413 9310
f 9310 12413 9311
f 12413 12414 9311
f 9311 12414 9312
f 12414 12415 9312
f 9312 12415 9313
f 12415 12416 9313
f 9313 12416 9314
f 12416 12417 9314
f 9314 12417 9315
f 12417 12418 9315
f 9315 12418 9316
f 12418 12419 9316
f 9316 12419 9317
f 12419 12420 9317
f 9317 12420 9318
f 12420 12421 9318
f 9318 12421 9319
f 12421 12422 9319
f 9319 12422 9320
f 12422 12423 9320
f 9320 12423 9321
f 12423 12424 9321
f 9321 12424 9322
f 12424 12425 9322
f 9322 12425 9323
f 12425 12426 9323
f 9323 12426 12427
f 9325 12428 9326
f 12428 12429 9326
f 9326 12429 9327
f 12429 12430 9327
f 9327 12430 9328
f 12430 12431 9328
f 9328 12431 9329
f 12431 12432 9329
f 9329 12432 9330
f 12432 12433 9330
f 9330 12433 9331
f 12433 12434 9331
f 9331 12434 9332
f 12434 12435 9332
f 9332 12435 9333
f 12435 12436 9333
f 9333 12436 9334
f 12436 12437 9334
f 9334 12437 9335
f 12437 12438 9335
f 9335 12438 9336
f 12438 12439 9336
f 9336 12439 9337
f 12439 12440 9337
f 9337 12440 9338
f 12440 12441 9338
f 9338 12441 9339
f 12441 12442 9339
f 9339 12442 9340
f 12442 12443 9340
f 9340 12443 9341
f 12443 12444 9341
f 12444 12445 9341
f 9341 12445 9342
f 12445 12446 9342
f 9342 12446 9343
f 9359 12463 9360
f 12463 12464 9360
f 9360 12464 9361
f 9343 12446 9344
f 12446 12447 9344
f 9344 12447 9345
f 12447 12448 9345
f 9345 12448 9346
f 12448 12449 9346
f 9346 12449 9347
f 12449 12450 9347
f 9347 12450 9348
f 12450 12451 9348
f 9348 12451 9349
f 12451 12452 9349
f 9349 12452 9350
f 12452 12453 9350
f 9350 12453 9351
f 12453 12454 9351
f 9351 12454 9352
f 12454 12455 9352
f 9352 12455 9353
f 12455 12456 9353
f 9353 12456 9354
f 12456 12457 9354
f 9354 12457 9355
f 12457 12458 9355
f 9355 12458 9356
f 12458 12459 9356
f 9356 12459 9357
f 12459 12460 9357
f 9357 12460 9358
f 12460 12461 9358
f 9358 12461 9359
f 12461 12462 9359
f 9359 12462 12463
f 9361 12464 9362
f 12464 12465 9362
f 9362 12465 9363
f 12465 12466 9363
f 9363 12466 9364
f 12466 12467 9364
f 9364 12467 9365
f 12467 12468 9365
f 12468 12469 9365
f 9365 12469 9366
f 12469 12470 9366
f 9366 12470 9367
f 9407 12511 9408
f 12511 12512 9408
f 9408 12512 9409
f 9367 12470 9368
f 12470 12471 9368
f 9368 12471 9369
f 12471 12472 9369
f 9369 12472 9370
f 12472 12473 9370
f 9370 12473 9371
f 12473 12474 9371
f 9371 12474 9372
f 12474 12475 9372
f 9372 12475 9373
f 12475 12476 9373
f 9373 12476 9374
f 12476 12477 9374
f 9374 12477 9375
f 12477 12478 9375
f 9375 12478 9376
f 12478 12479 9376
f 9376 12479 9377
f 12479 12480 9377
f 9377 12480 9378
f 12480 12481 9378
f 9378 12481 9379
f 12481 12482 9379
f 9379 12482 9380
f 12482 12483 9380
f 9380 12483 9381
f 12483 12484 9381
f 9381 12484 9382
f 12484 12485 9382
f 9382 12485 9383
f 12485 12486 9383
f 9383 12486 9384
f 12486 12487 9384
f 9384 12487 9385
f 12487 12488 9385
f 9385 12488 9386
f 12488 12489 9386
f 9386 12489 9387
f 12489 12490 9387
f 9387 12490 9388
f 12490 12491 9388
f 9388 12491 9389
f 12491 12492 9389
f 9389 12492 9390
f 12492 12493 9390
f 9390 12493 9391
f 12493 12494 9391
f 9391 12494 9392
f 12494 12495 9392
f 9392 12495 9393
f 12495 12496 9393
f 9393 12496 9394
f 12496 12497 9394
f 9394 12497 9395
f 12497 12498 9395
f 9395 12498 9396
f 12498 12499 9396
f 9396 12499 9397
f 12499 12500 9397
f 9397 12500 9398
f 12500 12501 9398
f 9398 12501 9399
f 12501 12502 9399
f 9399 12502 9400
f 12502 12503 9400
f 9400 12503 9401
f 12503 12504 9401
f 9401 12504 9402
f 12504 12505 9402
f 9402 12505 9403
f 12505 12506 9403
f 9403 12506 9404
f 12506 12507 9404
f 9404 12507 9405
f 12507 12508 9405
f 9405 12508 9406
f 12508 12509 9406
f 9406 12509 9407
f 12509 12510 9407
f 9407 12510 12511
f 9412 12516 9413
f 12516 12517 9413
f 9413 12517 9414
f 9409 12512 9410
f 12512 12513 9410
f 9410 12513 9411
f 12513 12514 9411
f 9411 12514 9412
f 12514 12515 9412
f 9412 12515 12516
f 9419 12523 9420
f 12523 12524 9420
f 9420 12524 9421
f 9414 12517 9415
f 12517 12518 9415
f 9415 12518 9416
f 12518 12519 9416
f 9416 12519 9417
f 12519 12520 9417
f 9417 12520 9418
f 12520 12521 9418
f 9418 12521 9419
f 12521 12522 9419
f 9419 12522 12523
f 9421 12524 9422
f 12524 12525 9422
f 9422 12525 9423
f 12525 12526 9423
f 9423 12526 9424
f 12526 12527 9424
f 9424 12527 9425
f 12527 12528 9425
f 12528 12529 9425
f 9425 12529 9426
f 12529 12530 9426
f 9426 12530 9427
f 9427 12530 9428
f 12530 12531 9428
f 9428 12531 9429
f 12531 12532 9429
f 9429 12532 9430
f 12532 12533 9430
f 12533 12534 9430
f 9430 12534 9431
f 12534 12535 9431
f 12538 9435 12537
f 9435 9434 12537
f 12537 9434 12536
f 9434 9433 12536
f 12536 9433 12535
f 9433 9432 12535
f 12535 9432 9431
f 12543 9439 12542
f 9439 9438 12542
f 12542 9438 12541
f 9438 9437 12541
f 12541 9437 12540
f 9437 9436 12540
f 12540 9436 12539
f 9436 12538 12539
f 12547 9445 9444
f 12547 9444 12546
f 9444 9443 12546
f 12546 9443 12545
f 9443 9442 12545
f 12545 9442 12544
f 9442 9441 12544
f 12544 9441 12543
f 9441 9440 12543
f 12543 9440 9439
f 9448 12551 9449
f 12551 12552 9449
f 9449 12552 9450
f 9445 12547 9446
f 12547 12548 9446
f 9446 12548 9447
f 12548 12549 9447
f 9447 12549 9448
f 12549 12550 9448
f 9448 12550 12551
f 9450 12552 9451
f 12552 12553 9451
f 9451 12553 9452
f 12553 12554 9452
f 9452 12554 9453
f 12554 12555 9453
f 9453 12555 9454
f 12555 12556 9454
f 12556 12557 9454
f 9454 12557 9455
f 12557 12558 9455
f 9455 12558 9456
f 9456 12558 9457
f 12558 12559 9457
f 9457 12559 9458
f 12559 12560 9458
f 9458 12560 9459
f 12560 12561 9459
f 12561 12562 9459
f 9459 12562 9460
f 12562 12563 9460
f 9460 12563 9461
f 9461 12563 9462
f 12563 12564 9462
f 9462 12564 9463
f 12564 12565 9463
f 9463 12565 9464
f 12565 12566 9464
f 9464 12566 9465
f 12566 12567 9465
f 9465 12567 9466
f 12567 12568 9466
f 9466 12568 9467
f 12568 12569 9467
f 9467 12569 9468
f 12569 12570 9468
f 9468 12570 9469
f 12570 12571 9469
f 9469 12571 9470
f 12571 12572 9470
f 9470 12572 9471
f 12572 12573 9471
f 9471 12573 9472
f 12573 12574 9472
f 9472 12574 9473
f 12574 12575 9473
f 9473 12575 9474
f 12575 12576 9474
f 9474 12576 9475
f 12576 12577 9475
f 9475 12577 9476
f 12577 12578 9476
f 9476 12578 9477
f 12578 12579 9477
f 9477 12579 9478
f 12579 12580 9478
f 9478 12580 9479
f 12580 12581 9479
f 9479 12581 9480
f 12581 12582 9480
f 9480 12582 9481
f 12582 12583 9481
f 9481 12583 9482
f 12583 12584 9482
f 9482 12584 9483
f 12584 12585 9483
f 9483 12585 9484
f 12585 12586 9484
f 9484 12586 9485
f 12586 12587 9485
f 9485 12587 9486
f 12587 12588 9486
f 9486 12588 9487
f 12588 12589 9487
f 9487 12589 9488
f 12589 12590 9488
f 9488 12590 9489
f 12590 12591 9489
f 9489 12591 9490
f 12591 12592 9490
f 9490 12592 9491
f 12592 12593 9491
f 9491 12593 9492
f 12593 12594 9492
f 9492 12594 9493
f 12594 12595 9493
f 9493 12595 9494
f 12595 12596 9494
f 9494 12596 9495
f 12596 12597 9495
f 9495 12597 9496
f 12597 12598 9496
f 9496 12598 9497
f 12598 12599 9497
f 9497 12599 9498
f 12599 12600 9498
f 9498 12600 9499
f 12600 12601 9499
f 9499 12601 9500
f 12601 12602 9500
f 9500 12602 9501
f 12602 12603 9501
f 9501 12603 9502
f 12603 12604 9502
f 9502 12604 9503
f 12604 12605 9503
f 9503 12605 9504
f 12605 12606 9504
f 9504 12606 9505
f 12606 12607 9505
f 9505 12607 9506
f 12607 12608 9506
f 9506 12608 9507
f 12608 12609 9507
f 9507 12609 9508
f 12609 12610 9508
f 9508 12610 9509
f 12610 12611 9509
f 9509 12611 9510
f 12611 12612 9510
f 9510 12612 9511
f 12612 12613 9511
f 9511 12613 9512
f 12613 12614 9512
f 9512 12614 9513
f 12614 12615 9513
f 9513 12615 9514
f 12615 12616 9514
f 9514 12616 9515
f 12616 12617 9515
f 9515 12617 9516
f 12617 12618 9516
f 9516 12618 9517
f 12618 12619 9517
f 9517 12619 9518
f 12619 12620 9518
f 9518 12620 9519
f 12620 12621 9519
f 9519 12621 9520
f 12621 12622 9520
f 9520 12622 9521
f 12622 12623 9521
f 9521 12623 9522
f 12623 12624 9522
f 9522 12624 9523
f 12624 12625 9523
f 9523 12625 9524
f 12625 12626 9524
f 9524 12626 9525
f 12626 12627 9525
f 9525 12627 9526
f 12627 12628 9526
f 9526 12628 9527
f 12628 12629 9527
f 9527 12629 9528
f 12629 12630 9528
f 9528 12630 9529
f 12630 12631 9529
f 9529 12631 9530
f 12631 12632 9530
f 9530 12632 9531
f 12632 12633 9531
f 9531 12633 9532
f 12633 12634 9532
f 9532 12634 9533
f 12634 12635 9533
f 12635 12636 9533
f 9533 12636 9534
f 12636 12637 9534
f 9534 12637 9535
f 12637 12638 9535
f 9535 12638 9536
f 12638 12639 9536
f 9536 12639 9537
f 9537 12639 9538
f 12639 12640 9538
f 9538 12640 9539
f 12640 12641 9539
f 12641 12642 9539
f 9539 12642 9540
f 12642 12643 9540
f 9540 12643 9541
f 12643 12644 9541
f 9541 12644 9542
f 12644 12645 9542
f 9542 12645 9543
f 12645 9544 9543
f 12645 12646 9544
f 12646 12647 9544
f 9544 12647 9545
f 12647 12648 9545
f 9545 12648 9546
f 12648 12649 9546
f 9546 12649 9547
f 12649 12650 9547
f 12653 9551 12652
f 9551 9550 12652
f 12652 9550 12651
f 9550 9549 12651
f 12651 9549 12650
f 9549 9548 12650
f 12650 9548 9547
f 9557 9556 12658
f 9556 9555 12658
f 12658 9555 12657
f 9555 9554 12657
f 12657 9554 12656
f 9554 9553 12656
f 12656 9553 12655
f 9553 9552 12655
f 12655 9552 12654
f 9552 12653 12654
f 12658 12659 9557
f 12659 12660 9557
f 9557 12660 9558
f 12660 12661 9558
f 9558 12661 9559
f 12661 12662 9559
f 9559 12662 9560
f 12662 12663 9560
f 9560 12663 9561
f 9564 12667 9565
f 12667 12668 9565
f 9565 12668 9566
f 9561 12663 9562
f 12663 12664 9562
f 9562 12664 9563
f 12664 12665 9563
f 9563 12665 9564
f 12665 12666 9564
f 9564 12666 12667
f 9566 12668 9567
f 12668 12669 9567
f 9567 12669 9568
f 12669 12670 9568
f 12670 12671 9568
f 9568 12671 9569
f 12671 12672 9569
f 9569 12672 9570
f 12672 12673 9570
f 9570 12673 9571
f 12673 12674 9571
f 9571 12674 9572
f 9572 12674 9573
f 12674 12675 9573
f 9573 12675 9574
f 12675 12676 9574
f 9574 12676 9575
f 12676 12677 9575
f 12677 12678 9575
f 9575 12678 9576
f 12678 12679 9576
f 9576 12679 9577
f 9577 12679 9578
f 12679 12680 9578
f 9578 12680 9579
f 12680 12681 9579
f 9579 12681 9580
f 12681 12682 9580
f 12682 12683 9580
f 9580 12683 9581
f 12683 12684 9581
f 9581 12684 9582
f 12684 12685 9582
f 9582 12685 9583
f 12685 12686 9583
f 9583 12686 9584
f 12686 12687 9584
f 9584 12687 9585
f 12687 12688 9585
f 9585 12688 9586
f 12688 12689 9586
f 9586 12689 9587
f 12689 12690 9587
f 9587 12690 9588
f 12690 12691 9588
f 9588 12691 9589
f 12691 12692 9589
f 9589 12692 9590
f 12692 12693 9590
f 9590 12693 9591
f 12693 12694 9591
f 9591 12694 9592
f 12694 12695 9592
f 9592 12695 9593
f 12695 12696 9593
f 9593 12696 9594
f 12696 12697 9594
f 9594 12697 9595
f 12697 12698 9595
f 9595 12698 9596
f 12698 12699 9596
f 9596 12699 9597
f 12699 12700 9597
f 9597 12700 9598
f 12700 12701 9598
f 9598 12701 9599
f 12701 12702 9599
f 9599 12702 9600
f 12702 12703 9600
f 9600 12703 9601
f 12703 12704 9601
f 9601 12704 9602
f 12704 12705 9602
f 9602 12705 9603
f 12705 12706 9603
f 9603 12706 9604
f 12706 12707 9604
f 9604 12707 9605
f 12707 12708 9605
f 9605 12708 9606
f 12708 12709 9606
f 9606 12709 9607
f 12709 12710 9607
f 9607 12710 9608
f 12710 12711 9608
f 9608 12711 9609
f 12711 12712 9609
f 9609 12712 9610
f 12712 12713 9610
f 9610 12713 9611
f 12713 12714 9611
f 9611 12714 9612
f 12714 12715 9612
f 9612 12715 9613
f 12715 12716 9613
f 9613 12716 9614
f 12716 12717 9614
f 9614 12717 9615
f 12717 12718 9615
f 9615 12718 9616
f 12718 12719 9616
f 9616 12719 9617
f 12719 12720 9617
f 9617 12720 9618
f 12720 12721 9618
f 9618 12721 9619
f 12721 12722 9619
f 9619 12722 9620
f 12722 12723 9620
f 9620 12723 9621
f 12723 12724 9621
f 9621 12724 9622
f 12724 12725 9622
f 9622 12725 9623
f 12725 12726 9623
f 12726 12727 9623
f 9623 12727 9624
f 12727 12728 9624
f 9624 12728 9625
f 9625 12728 9626
f 12728 12729 9626
f 9626 12729 9627
f 12729 12730 9627
f 9627 12730 9628
f 12730 12731 9628
f 9628 12731 9629
f 12731 12732 9629
f 9629 12732 9630
f 12732 12733 9630
f 9630 12733 9631
f 12733 12734 9631
f 9631 12734 9632
f 12734 12735 9632
f 9632 12735 9633
f 12735 12736 9633
f 9633 12736 9634
f 12736 12737 9634
f 9634 12737 9635
f 12737 12738 9635
f 9635 12738 9636
f 12738 12739 9636
f 9636 12739 9637
f 12739 12740 9637
f 9637 12740 9638
f 12740 12741 9638
f 9638 12741 9639
f 12741 12742 9639
f 9639 12742 9640
f 12742 12743 9640
f 9640 12743 9641
f 12743 12744 9641
f 9641 12744 9642
f 12744 12745 9642
f 9642 12745 9643
f 12745 12746 9643
f 9643 12746 9644
f 12746 12747 9644
f 9644 12747 9645
f 12747 12748 9645
f 9645 12748 9646
f 12748 12749 9646
f 9646 12749 9647
f 12749 12750 9647
f 9647 12750 9648
f 12750 12751 9648
f 9648 12751 9649
f 12751 12752 9649
f 9649 12752 9650
f 12752 12753 9650
f 9650 12753 9651
f 12753 12754 9651
f 9651 12754 9652
f 12754 12755 9652
f 9652 12755 9653
f 12755 12756 9653
f 9653 12756 9654
f 12756 12757 9654
f 9654 12757 9655
f 12757 12758 9655
f 9655 12758 9656
f 12758 12759 9656
f 9656 12759 9657
f 12759 12760 9657
f 9657 12760 9658
f 12760 12761 9658
f 9658 12761 9659
f 12761 12762 9659
f 9659 12762 9660
f 12762 12763 9660
f 9660 12763 9661
f 12763 12764 9661
f 9661 12764 9662
f 12764 12765 9662
f 9662 12765 9663
f 12765 12766 9663
f 9663 12766 9664
f 12766 12767 9664
f 9664 12767 9665
f 12767 12768 9665
f 9665 12768 9666
f 12768 12769 9666
f 9666 12769 9667
f 12769 12770 9667
f 9667 12770 9668
f 12770 12771 9668
f 9668 12771 9669
f 12771 12772 9669
f 9669 12772 9670
f 12772 12773 9670
f 9670 12773 9671
f 12773 12774 9671
f 9671 12774 9672
f 12774 12775 9672
f 9672 12775 9673
f 12775 12776 9673
f 9673 12776 9674
f 12776 12777 9674
f 9674 12777 9675
f 12777 12778 9675
f 9675 12778 9676
f 12778 12779 9676
f 9676 12779 9677
f 12779 12780 9677
f 9677 12780 9678
f 12780 12781 9678
f 9678 12781 9679
f 12781 12782 9679
f 9679 12782 9680
f 12782 12783 9680
f 9680 12783 9681
f 12783 12784 9681
f 9681 12784 9682
f 12784 12785 9682
f 9682 12785 9683
f 12785 12786 9683
f 9683 12786 9684
f 12786 12787 9684
f 9684 12787 9685
f 12787 12788 9685
f 9685 12788 9686
f 12788 12789 9686
f 9686 12789 9687
f 12789 12790 9687
f 9687 12790 9688
f 12790 12791 9688
f 9688 12791 9689
f 12791 12792 9689
f 9689 12792 9690
f 12792 12793 9690
f 9690 12793 9691
f 12793 12794 9691
f 9691 12794 9692
f 12794 12795 9692
f 9692 12795 9693
f 12795 12796 9693
f 9693 12796 9694
f 12796 12797 9694
f 9694 12797 9695
f 12797 12798 9695
f 9695 12798 9696
f 12798 12799 9696
f 9696 12799 9697
f 12799 12800 9697
f 9697 12800 9698
f 12800 12801 9698
f 9698 12801 9699
f 12801 12802 9699
f 9699 12802 9700
f 12802 12803 9700
f 9700 12803 9701
f 12803 12804 9701
f 9701 12804 9702
f 12804 12805 9702
f 9702 12805 9703
f 9703 12805 9704
f 12805 12806 9704
f 9704 12806 9705
f 12806 12807 9705
f 9705 12807 9706
f 12807 12808 9706
f 9706 12808 9707
f 12808 12809 9707
f 9707 12809 9708
f 12809 12810 9708
f 9708 12810 9709
f 12810 12811 9709
f 9709 12811 9710
f 12811 12812 9710
f 9710 12812 9711
f 12812 12813 9711
f 9711 12813 9712
f 12813 12814 9712
f 9712 12814 9713
f 12814 12815 9713
f 9713 12815 9714
f 12815 12816 9714
f 9714 12816 9715
f 12816 12817 9715
f 9715 12817 9716
f 12817 12818 9716
f 9716 12818 9717
f 12818 12819 9717
f 9717 12819 9718
f 12819 12820 9718
f 12820 12821 9718
f 9718 12821 9719
f 12821 12822 9719
f 9719 12822 9720
f 9720 12822 9721
f 12822 12823 9721
f 9721 12823 9722
f 12823 12824 9722
f 9722 12824 9723
f 12824 12825 9723
f 9723 12825 9724
f 12825 12826 9724
f 9724 12826 9725
f 12826 12827 9725
f 9725 12827 9726
f 12827 12828 9726
f 9726 12828 9727
f 12828 12829 9727
f 9727 12829 9728
f 12829 12830 9728
f 9728 12830 9729
f 12830 12831 9729
f 9729 12831 9730
f 12831 12832 9730
f 9730 12832 9731
f 12832 12833 9731
f 9731 12833 9732
f 12833 12834 9732
f 9732 12834 9733
f 12834 12835 9733
f 9733 12835 9734
f 12835 12836 9734
f 9734 12836 9735
f 12836 12837 9735
f 9735 12837 9736
f 12837 12838 9736
f 9736 12838 9737
f 12838 12839 9737
f 9737 12839 9738
f 12839 12840 9738
f 9738 12840 9739
f 12840 12841 9739
f 9739 12841 9740
f 12841 12842 9740
f 9740 12842 9741
f 12842 12843 9741
f 9741 12843 9742
f 12843 12844 9742
f 9742 12844 9743
f 12844 12845 9743
f 12845 12846 9743
f 9743 12846 9744
f 12846 12847 9744
f 9744 12847 9745
f 12847 12848 9745
f 9745 12848 9746
f 12848 12849 9746
f 9746 12849 9747
f 12849 12850 9747
f 9747 12850 9748
f 12850 12851 9748
f 9748 12851 9749
f 12851 12852 9749
f 9749 12852 9750
f 12852 12853 9750
f 9750 12853 9751
f 12853 12854 9751
f 9751 12854 9752
f 12854 12855 9752
f 9752 12855 9753
f 12855 12856 9753
f 9753 12856 9754
f 12856 12857 9754
f 9754 12857 9755
f 12857 12858 9755
f 9755 12858 9756
f 12858 12859 9756
f 9756 12859 9757
f 12859 12860 9757
f 9757 12860 9758
f 12860 12861 9758
f 9758 12861 9759
f 12861 12862 9759
f 9759 12862 9760
f 12862 12863 9760
f 9760 12863 9761
f 12863 12864 9761
f 9761 12864 9762
f 12864 12865 9762
f 9762 12865 9763
f 12865 12866 9763
f 9763 12866 9764
f 12866 12867 9764
f 9764 12867 9765
f 12867 12868 9765
f 9765 12868 9766
f 12868 12869 9766
f 9766 12869 9767
f 12869 12870 9767
f 9767 12870 9768
f 12870 12871 9768
f 9768 12871 9769
f 12871 12872 9769
f 9769 12872 9770
f 12872 12873 9770
f 9770 12873 9771
f 12873 12874 9771
f 9771 12874 9772
f 12874 12875 9772
f 9772 12875 9773
f 12875 12876 9773
f 9773 12876 9774
f 12876 12877 9774
f 9774 12877 9775
f 12877 12878 9775
f 9775 12878 9776
f 12878 12879 9776
f 9776 12879 9777
f 12879 12880 9777
f 9777 12880 9778
f 12880 12881 9778
f 9778 12881 9779
f 12881 12882 9779
f 9779 12882 9780
f 12882 12883 9780
f 9780 12883 9781
f 12883 12884 9781
f 9781 12884 9782
f 12884 12885 9782
f 9782 12885 9783
f 12885 12886 9783
f 9783 12886 9784
f 12886 12887 9784
f 9784 12887 9785
f 12887 12888 9785
f 9785 12888 9786
f 12888 12889 9786
f 9786 12889 9787
f 12889 12890 9787
f 9787 12890 9788
f 12890 12891 9788
f 9788 12891 9789
f 12891 12892 9789
f 9789 12892 9790
f 12892 12893 9790
f 9790 12893 9791
f 12893 12894 9791
f 9791 12894 9792
f 12894 12895 9792
f 9792 12895 9793
f 12895 12896 9793
f 9793 12896 9794
f 12896 12897 9794
f 9794 12897 9795
f 12897 12898 9795
f 9795 12898 9796
f 12898 12899 9796
f 9796 12899 9797
f 12899 12900 9797
f 9797 12900 9798
f 12900 12901 9798
f 9798 12901 9799
f 12901 12902 9799
f 9799 12902 9800
f 12902 12903 9800
f 9800 12903 9801
f 12903 12904 9801
f 9801 12904 9802
f 12904 12905 9802
f 9802 12905 9803
f 12905 12906 9803
f 9803 12906 9804
f 12906 12907 9804
f 9804 12907 9805
f 12907 12908 9805
f 9805 12908 9806
f 12908 12909 9806
f 9806 12909 9807
f 12909 12910 9807
f 9807 12910 9808
f 12910 12911 9808
f 9808 12911 9809
f 12911 12912 9809
f 9809 12912 9810
f 12912 12913 9810
f 9810 12913 9811
f 12913 12914 9811
f 9811 12914 9812
f 12914 12915 9812
f 9812 12915 9813
f 12915 12916 9813
f 9813 12916 9814
f 12916 12917 9814
f 9814 12917 9815
f 9823 9822 12925
f 9822 9821 12925
f 12925 9821 12924
f 9821 9820 12924
f 12924 9820 12923
f 9820 9819 12923
f 12923 9819 12922
f 9819 9818 12922
f 12922 9818 12921
f 9818 9817 12921
f 12921 9817 12920
f 9817 9816 12920
f 12920 9816 12919
f 9816 9815 12919
f 12919 9815 12918
f 9815 12917 12918
f 12925 12926 9823
f 12926 12927 9823
f 9823 12927 9824
f 12927 12928 9824
f 9824 12928 9825
f 12928 12929 9825
f 9825 12929 9826
f 12929 12930 9826
f 9826 12930 9827
f 12930 12931 9827
f 9827 12931 9828
f 12931 12932 9828
f 9828 12932 9829
f 12932 12933 9829
f 9829 12933 9830
f 12933 12934 9830
f 9830 12934 9831
f 12934 9832 9831
f 12934 12935 9832
f 12935 12936 9832
f 9832 12936 9833
f 12936 12937 9833
f 9833 12937 9834
f 12937 12938 9834
f 9834 12938 9835
f 12938 12939 9835
f 9835 12939 9836
f 12939 12940 9836
f 9836 12940 9837
f 12940 12941 9837
f 9837 12941 9838
f 12941 9839 9838
f 12942 12943 9839
f 12943 12944 9839
f 9839 12944 9840
f 12944 12945 9840
f 9840 12945 9841
f 12945 12946 9841
f 9841 12946 9842
f 12946 12947 9842
f 9842 12947 9843
f 12947 12948 9843
f 9843 12948 9844
f 9844 12948 9845
f 12948 12949 9845
f 9845 12949 9846
f 12949 12950 9846
f 9846 12950 9847
f 9852 9851 12955
f 9851 9850 12955
f 12955 9850 12954
f 9850 9849 12954
f 12954 9849 12953
f 9849 9848 12953
f 12953 9848 12952
f 9848 9847 12952
f 12952 9847 12951
f 9847 12950 12951
f 12955 12956 9852
f 12956 12957 9852
f 9852 12957 9853
f 12957 12958 9853
f 9853 12958 9854
f 12958 12959 9854
f 9854 12959 9855
f 12959 12960 9855
f 9855 12960 9856
f 9856 12960 9857
f 12960 12961 9857
f 9857 12961 9858
f 12961 12962 9858
f 12962 12963 9858
f 9858 12963 9859
f 12963 12964 9859
f 9859 12964 9860
f 12964 12965 9860
f 9860 12965 9861
f 12965 12966 9861
f 9861 12966 9862
f 12966 9863 9862
f 12966 12967 9863
f 12967 12968 9863
f 9863 12968 9864
f 12968 12969 9864
f 9864 12969 9865
f 12969 12970 9865
f 12970 12971 9865
f 9865 12971 9866
f 12971 12972 9866
f 9866 12972 9867
f 9871 12977 9872
f 12977 12978 9872
f 9872 12978 9873
f 9867 12972 9868
f 12972 12973 9868
f 9868 12973 9869
f 12973 12974 9869
f 9869 12974 9870
f 12974 12975 9870
f 9870 12975 9871
f 12975 12976 9871
f 9871 12976 12977
f 9878 12984 9879
f 12984 12985 9879
f 9879 12985 9880
f 9873 12978 9874
f 12978 12979 9874
f 9874 12979 9875
f 12979 12980 9875
f 9875 12980 9876
f 12980 12981 9876
f 9876 12981 9877
f 12981 12982 9877
f 9877 12982 9878
f 12982 12983 9878
f 9878 12983 12984
f 9880 12985 9881
f 12985 12986 9881
f 9881 12986 9882
f 12986 12987 9882
f 9882 12987 9883
f 12987 12988 9883
f 12988 12989 9883
f 9883 12989 9884
f 12989 12990 9884
f 9884 12990 9885
f 12990 12991 9885
f 9885 12991 9886
f 9886 12991 9887
f 12991 12992 9887
f 9887 12992 9888
f 12992 12993 9888
f 9888 12993 9889
f 12993 12994 9889
f 12994 12995 9889
f 9889 12995 9890
f 12995 12996 9890
f 9890 12996 9891
f 9891 12996 9892
f 12996 12997 9892
f 9892 12997 9893
f 12997 12998 9893
f 9893 12998 9894
f 12998 12999 9894
f 12999 13000 9894
f 9894 13000 9895
f 13000 13001 9895
f 9895 13001 9896
f 13001 13002 9896
f 9896 13002 9897
f 13002 13003 9897
f 9897 13003 9898
f 9902 13008 9903
f 13008 13009 9903
f 9903 13009 9904
f 9898 13003 9899
f 13003 13004 9899
f 9899 13004 9900
f 13004 13005 9900
f 9900 13005 9901
f 13005 13006 9901
f 9901 13006 9902
f 13006 13007 9902
f 9902 13007 13008
f 13014 9908 13013
f 9908 9907 13013
f 9904 13009 9905
f 13009 13010 9905
f 9905 13010 9906
f 13010 13011 9906
f 9906 13011 9907
f 13011 13012 9907
f 9907 13012 13013
f 13016 9911 13015
f 9911 9910 13015
f 13015 9910 13014
f 9910 9909 13014
f 13014 9909 9908
f 13016 13017 9912
f 13017 13018 9912
f 9912 13018 9913
f 13018 13019 9913
f 9913 13019 9914
f 13019 13020 9914
f 9914 13020 9915
f 9915 13020 9916
f 13020 13021 9916
f 9916 13021 9917
f 13021 13022 9917
f 9917 13022 9918
f 13022 13023 9918
f 13023 13024 9918
f 9918 13024 9919
f 13024 13025 9919
f 9919 13025 9920
f 13025 13026 9920
f 9920 13026 9921
f 13026 13027 9921
f 9921 13027 9922
f 13027 9923 9922
f 13027 13028 9923
f 13028 13029 9923
f 9923 13029 9924
f 13029 13030 9924
f 9924 13030 9925
f 13030 13031 9925
f 9925 13031 9926
f 13031 13032 9926
f 9926 13032 9927
f 9931 13037 9932
f 13037 13038 9932
f 9932 13038 9933
f 9927 13032 9928
f 13032 13033 9928
f 9928 13033 9929
f 13033 13034 9929
f 9929 13034 9930
f 13034 13035 9930
f 9930 13035 9931
f 13035 13036 9931
f 9931 13036 13037
f 9933 13038 9934
f 13038 13039 9934
f 9934 13039 9935
f 9938 13045 9939
f 13045 13046 9939
f 9939 13046 9940
f 13039 13040 9935
f 13040 13041 9935
f 9935 13041 9936
f 13041 13042 9936
f 9936 13042 9937
f 13042 13043 9937
f 9937 13043 9938
f 13043 13044 9938
f 9938 13044 13045
f 9940 13046 9941
f 13046 13047 9941
f 9941 13047 9942
f 13047 13048 9942
f 13048 13049 9942
f 9942 13049 9943
f 13049 13050 9943
f 9943 13050 9944
f 9944 13050 9945
f 13050 13051 9945
f 9945 13051 9946
f 13051 13052 9946
f 9946 13052 9947
f 13052 13053 9947
f 9947 13053 9948
f 13053 13054 9948
f 9948 13054 9949
f 13054 13055 9949
f 13055 13056 9949
f 9949 13056 9950
f 13056 13057 9950
f 9950 13057 9951
f 9960 13067 9961
f 13067 13068 9961
f 9961 13068 9962
f 9951 13057 9952
f 13057 13058 9952
f 9952 13058 9953
f 13058 13059 9953
f 9953 13059 9954
f 13059 13060 9954
f 9954 13060 9955
f 13060 13061 9955
f 9955 13061 9956
f 13061 13062 9956
f 9956 13062 9957
f 13062 13063 9957
f 9957 13063 9958
f 13063 13064 9958
f 9958 13064 9959
f 13064 13065 9959
f 9959 13065 9960
f 13065 13066 9960
f 9960 13066 13067
f 9962 13068 9963
f 13068 13069 9963
f 9963 13069 9964
f 13069 13070 9964
f 9964 13070 9965
f 13070 13071 9965
f 9965 13071 9966
f 13071 13072 9966
f 9966 13072 9967
f 13072 13073 9967
f 9967 13073 9968
f 13073 13074 9968
f 9968 13074 9969
f 13074 13075 9969
f 9969 13075 9970
f 13075 13076 9970
f 9970 13076 9971
f 13076 13077 9971
f 9971 13077 9972
f 13077 13078 9972
f 9972 13078 9973
f 13078 13079 9973
f 9973 13079 9974
f 13079 13080 9974
f 9974 13080 9975
f 13080 13081 9975
f 9975 13081 9976
f 13081 13082 9976
f 9976 13082 9977
f 13082 13083 9977
f 9977 13083 9978
f 13083 13084 9978
f 13084 13085 9978
f 9978 13085 9979
f 13085 13086 9979
f 9979 13086 9980
f 9980 13086 9981
f 13086 13087 9981
f 9981 13087 9982
f 13087 13088 9982
f 9982 13088 9983
f 13088 13089 9983
f 9983 13089 9984
f 13089 13090 9984
f 9984 13090 9985
f 13090 13091 9985
f 9985 13091 9986
f 13091 13092 9986
f 9986 13092 9987
f 13092 13093 9987
f 9987 13093 9988
f 13093 13094 9988
f 9988 13094 9989
f 13094 13095 9989
f 9989 13095 9990
f 13095 13096 9990
f 9990 13096 9991
f 13096 13097 9991
f 9991 13097 9992
f 13097 13098 9992
f 9992 13098 9993
f 13098 13099 9993
f 9993 13099 9994
f 13099 13100 9994
f 9994 13100 9995
f 13100 13101 9995
f 9995 13101 9996
f 13101 13102 9996
f 9996 13102 9997
f 13102 13103 9997
f 9997 13103 9998
f 13103 13104 9998
f 9998 13104 9999
f 13104 13105 9999
f 9999 13105 10000
f 13105 13106 10000
f 10000 13106 10001
f 13106 13107 10001
f 10001 13107 10002
f 13107 13108 10002
f 13108 13109 10002
f 10002 13109 10003
f 13109 13110 10003
f 10003 13110 10004
f 10004 13110 10005
f 13110 13111 10005
f 10005 13111 10006
f 13111 13112 10006
f 10006 13112 10007
f 13112 13113 10007
f 10007 13113 10008
f 13113 13114 10008
f 10008 13114 10009
f 13114 13115 10009
f 10009 13115 10010
f 13115 13116 10010
f 10010 13116 10011
f 13116 13117 10011
f 10011 13117 10012
f 13117 13118 10012
f 10012 13118 10013
f 13118 13119 10013
f 10013 13119 10014
f 13119 13120 10014
f 10014 13120 10015
f 13120 13121 10015
f 10015 13121 10016
f 13121 13122 10016
f 10016 13122 10017
f 13122 13123 10017
f 10017 13123 10018
f 13123 13124 10018
f 10018 13124 10019
f 13124 13125 10019
f 10019 13125 10020
f 13125 13126 10020
f 10020 13126 10021
f 13126 13127 10021
f 10021 13127 10022
f 13127 13128 10022
f 10022 13128 10023
f 13128 13129 10023
f 10023 13129 10024
f 13129 13130 10024
f 10024 13130 10025
f 13130 13131 10025
f 10025 13131 10026
f 13131 13132 10026
f 10026 13132 10027
f 13132 13133 10027
f 10027 13133 10028
f 13133 13134 10028
f 10028 13134 10029
f 13134 13135 10029
f 10029 13135 10030
f 13135 13136 10030
f 10030 13136 10031
f 13136 13137 10031
f 10031 13137 10032
f 13137 13138 10032
f 10032 13138 10033
f 13138 13139 10033
f 10033 13139 10034
f 13139 13140 10034
f 10034 13140 10035
f 13140 13141 10035
f 10035 13141 10036
f 13141 13142 10036
f 10036 13142 10037
f 13142 13143 10037
f 10037 13143 10038
f 13143 13144 10038
f 10038 13144 10039
f 13144 13145 10039
f 10039 13145 10040
f 13145 13146 10040
f 10040 13146 10041
f 13146 13147 10041
f 10041 13147 10042
f 13147 13148 10042
f 10042 13148 10043
f 13148 13149 10043
f 10043 13149 10044
f 13149 13150 10044
f 10044 13150 10045
f 13150 13151 10045
f 10045 13151 10046
f 13151 13152 10046
f 10046 13152 10047
f 13152 13153 10047
f 10047 13153 10048
f 13153 13154 10048
f 10048 13154 10049
f 13154 13155 10049
f 10049 13155 10050
f 13155 13156 10050
f 10050 13156 10051
f 13156 13157 10051
f 10051 13157 10052
f 13157 13158 10052
f 10052 13158 10053
f 13158 13159 10053
f 10053 13159 10054
f 13159 13160 10054
f 10054 13160 10055
f 13160 13161 10055
f 10055 13161 10056
f 13161 13162 10056
f 10056 13162 10057
f 13162 13163 10057
f 10057 13163 10058
f 13163 13164 10058
f 10058 13164 10059
f 13164 13165 10059
f 10059 13165 10060
f 13165 13166 10060
f 10060 13166 10061
f 13166 13167 10061
f 10061 13167 10062
f 13167 13168 10062
f 13168 13169 10062
f 10062 13169 10063
f 13169 13170 10063
f 10218 10217 13322
f 10217 10216 13322
f 13322 10216 13321
f 10216 10215 13321
f 13321 10215 13320
f 10215 10214 13320
f 13320 10214 13319
f 10214 10213 13319
f 13319 10213 13318
f 10213 10212 13318
f 13318 10212 13317
f 10212 10211 13317
f 13317 10211 13316
f 10211 10210 13316
f 13316 10210 13315
f 10210 10209 13315
f 13315 10209 13314
f 10209 10208 13314
f 13314 10208 13313
f 10208 10207 13313
f 13313 10207 13312
f 10207 10206 13312
f 13312 10206 13311
f 10206 10205 13311
f 13311 10205 13310
f 10205 10204 13310
f 13310 10204 13309
f 10204 10203 13309
f 13309 10203 13308
f 10203 10202 13308
f 13308 10202 13307
f 10202 10201 13307
f 13307 10201 13306
f 10201 10200 13306
f 13306 10200 13305
f 10200 10199 13305
f 13305 10199 13304
f 10199 10198 13304
f 13304 10198 13303
f 10198 10197 13303
f 13303 10197 13302
f 10197 10196 13302
f 13302 10196 13301
f 10196 10195 13301
f 13301 10195 13300
f 10195 10194 13300
f 13300 10194 13299
f 10194 10193 13299
f 13299 10193 13298
f 10193 10192 13298
f 13298 10192 13297
f 10192 10191 13297
f 13297 10191 13296
f 10191 10190 13296
f 13296 10190 13295
f 10190 10189 13295
f 13295 10189 13294
f 10189 10188 13294
f 13294 10188 13293
f 10188 10187 13293
f 13293 10187 13292
f 10187 10186 13292
f 13292 10186 13291
f 10186 10185 13291
f 13291 10185 13290
f 10185 10184 13290
f 13290 10184 13289
f 10184 10183 13289
f 13289 10183 13288
f 10183 10182 13288
f 13288 10182 13287
f 10182 10181 13287
f 13287 10181 13286
f 10181 10180 13286
f 13286 10180 13285
f 10180 10179 13285
f 13285 10179 13284
f 10179 10178 13284
f 13284 10178 13283
f 10178 10177 13283
f 13283 10177 13282
f 10177 10176 13282
f 13282 10176 13281
f 10176 10175 13281
f 13281 10175 13280
f 10175 10174 13280
f 13280 10174 13279
f 10174 10173 13279
f 13279 10173 13278
f 10173 10172 13278
f 13278 10172 13277
f 10172 10171 13277
f 13277 10171 13276
f 10171 10170 13276
f 13276 10170 13275
f 10170 10169 13275
f 13275 10169 13274
f 10169 10168 13274
f 13274 10168 13273
f 10168 10167 13273
f 13273 10167 13272
f 10167 10166 13272
f 13272 10166 13271
f 10166 10165 13271
f 13271 10165 13270
f 10165 10164 13270
f 13270 10164 13269
f 10164 10163 13269
f 13269 10163 13268
f 10163 10162 13268
f 13268 10162 13267
f 10162 10161 13267
f 13267 10161 13266
f 10161 10160 13266
f 13266 10160 13265
f 10160 10159 13265
f 13265 10159 13264
f 10159 10158 13264
f 13264 10158 13263
f 10158 10157 13263
f 13263 10157 13262
f 10157 10156 13262
f 13262 10156 13261
f 10156 10155 13261
f 13261 10155 13260
f 10155 10154 13260
f 13260 10154 13259
f 10154 10153 13259
f 13259 10153 13258
f 10153 10152 13258
f 13258 10152 13257
f 10152 10151 13257
f 13257 10151 13256
f 10151 10150 13256
f 13256 10150 13255
f 10150 10149 13255
f 13255 10149 13254
f 10149 10148 13254
f 13254 10148 13253
f 10148 10147 13253
f 13253 10147 13252
f 10147 10146 13252
f 13252 10146 13251
f 10146 10145 13251
f 13251 10145 13250
f 10145 10144 13250
f 13250 10144 13249
f 10144 10143 13249
f 13249 10143 13248
f 10143 10142 13248
f 13248 10142 13247
f 10142 10141 13247
f 13247 10141 13246
f 10141 10140 13246
f 13246 10140 13245
f 10140 10139 13245
f 13245 10139 13244
f 10139 10138 13244
f 13244 10138 13243
f 10138 10137 13243
f 13243 10137 13242
f 10137 10136 13242
f 13242 10136 13241
f 10136 10135 13241
f 13241 10135 13240
f 10135 10134 13240
f 13240 10134 13239
f 10134 10133 13239
f 13239 10133 13238
f 10133 10132 13238
f 13238 10132 13237
f 10132 10131 13237
f 13237 10131 13236
f 10131 10130 13236
f 13236 10130 13235
f 10130 10129 13235
f 13235 10129 13234
f 10129 10128 13234
f 13234 10128 13233
f 10128 10127 13233
f 13233 10127 13232
f 10127 10126 13232
f 13232 10126 13231
f 10126 10125 13231
f 13231 10125 13230
f 10125 10124 13230
f 13230 10124 13229
f 10124 10123 13229
f 13229 10123 13228
f 10123 10122 13228
f 13228 10122 13227
f 10122 10121 13227
f 13227 10121 13226
f 10121 10120 13226
f 13226 10120 13225
f 10120 10119 13225
f 13225 10119 13224
f 10119 10118 13224
f 13224 10118 13223
f 10118 10117 13223
f 13223 10117 13222
f 10117 10116 13222
f 13222 10116 13221
f 10116 10115 13221
f 13221 10115 13220
f 10115 10114 13220
f 13220 10114 13219
f 10114 10113 13219
f 13219 10113 13218
f 10113 10112 13218
f 13218 10112 13217
f 10112 10111 13217
f 13217 10111 13216
f 10111 10110 13216
f 13216 10110 13215
f 10110 10109 13215
f 13215 10109 13214
f 10109 10108 13214
f 13214 10108 13213
f 10108 10107 13213
f 13213 10107 13212
f 10107 10106 13212
f 13212 10106 13211
f 10106 10105 13211
f 13211 10105 13210
f 10105 10104 13210
f 13210 10104 13209
f 10104 10103 13209
f 13209 10103 13208
f 10103 10102 13208
f 13208 10102 13207
f 10102 10101 13207
f 13207 10101 13206
f 10101 10100 13206
f 13206 10100 13205
f 10100 10099 13205
f 13205 10099 13204
f 10099 10098 13204
f 13204 10098 13203
f 10098 10097 13203
f 13203 10097 13202
f 10097 10096 13202
f 13202 10096 13201
f 10096 10095 13201
f 13201 10095 13200
f 10095 10094 13200
f 13200 10094 13199
f 10094 10093 13199
f 13199 10093 13198
f 10093 10092 13198
f 13198 10092 13197
f 10092 10091 13197
f 13197 10091 13196
f 10091 10090 13196
f 13196 10090 13195
f 10090 10089 13195
f 13195 10089 13194
f 10089 10088 13194
f 13194 10088 13193
f 10088 10087 13193
f 13193 10087 13192
f 10087 10086 13192
f 13192 10086 13191
f 10086 10085 13191
f 13191 10085 13190
f 10085 10084 13190
f 13190 10084 13189
f 10084 10083 13189
f 13189 10083 13188
f 10083 10082 13188
f 13188 10082 13187
f 10082 10081 13187
f 13187 10081 13186
f 10081 10080 13186
f 13186 10080 13185
f 10080 10079 13185
f 13185 10079 13184
f 10079 10078 13184
f 13184 10078 13183
f 10078 10077 13183
f 13183 10077 13182
f 10077 10076 13182
f 13182 10076 13181
f 10076 10075 13181
f 13181 10075 13180
f 10075 10074 13180
f 13180 10074 13179
f 10074 10073 13179
f 13179 10073 13178
f 10073 10072 13178
f 13178 10072 13177
f 10072 10071 13177
f 13177 10071 13176
f 10071 10070 13176
f 13176 10070 13175
f 10070 10069 13175
f 13175 10069 13174
f 10069 10068 13174
f 13174 10068 13173
f 10068 10067 13173
f 13173 10067 13172
f 10067 10066 13172
f 13172 10066 13171
f 10066 10065 13171
f 13171 10065 13170
f 10065 10064 13170
f 13170 10064 10063
f 10223 10222 13327
f 10222 10221 13327
f 13327 10221 13326
f 10221 10220 13326
f 13326 10220 13325
f 10220 10219 13325
f 13325 10219 13324
f 10219 10218 13324
f 13324 10218 13323
f 10218 13322 13323
f 10228 10227 13332
f 10227 10226 13332
f 13332 10226 13331
f 10226 10225 13331
f 13331 10225 13330
f 10225 10224 13330
f 13330 10224 13329
f 10224 10223 13329
f 13329 10223 13328
f 10223 13327 13328
f 13332 13333 10228
f 13333 13334 10228
f 10228 13334 10229
f 13334 13335 10229
f 10229 13335 10230
f 13335 13336 10230
f 10230 13336 10231
f 13336 13337 10231
f 10231 13337 10232
f 10232 13337 10233
f 13337 13338 10233
f 10233 13338 10234
f 13338 13339 10234
f 13339 13340 10234
f 10234 13340 10235
f 13340 13341 10235
f 10235 13341 10236
f 13341 13342 10236
f 10236 13342 10237
f 13342 13343 10237
f 10237 13343 10238
f 13343 10239 10238
f 13343 13344 10239
f 13344 13345 10239
f 10239 13345 10240
f 13345 13346 10240
f 10240 13346 10241
f 10241 13346 10242
f 13346 13347 10242
f 10242 13347 10243
f 13353 10248 13352
f 10248 10247 13352
f 10243 13347 10244
f 13347 13348 10244
f 10244 13348 10245
f 13348 13349 10245
f 10245 13349 10246
f 13349 13350 10246
f 10246 13350 10247
f 13350 13351 10247
f 10247 13351 13352
f 13355 10251 13354
f 10251 10250 13354
f 13354 10250 13353
f 10250 10249 13353
f 13353 10249 10248
f 13355 13356 10252
f 13356 13357 10252
f 10252 13357 10253
f 13357 13358 10253
f 10253 13358 10254
f 13358 13359 10254
f 10254 13359 10255
f 13359 13360 10255
f 10255 13360 10256
f 10259 13364 10260
f 13364 13365 10260
f 10260 13365 10261
f 10256 13360 10257
f 13360 13361 10257
f 10257 13361 10258
f 13361 13362 10258
f 10258 13362 10259
f 13362 13363 10259
f 10259 13363 13364
f 10261 13365 10262
f 13365 13366 10262
f 10262 13366 10263
f 13366 13367 10263
f 10263 13367 10264
f 13367 13368 10264
f 10264 13368 10265
f 13368 13369 10265
f 13369 13370 10265
f 10265 13370 10266
f 13370 13371 10266
f 10266 13371 10267
f 10267 13371 10268
f 13371 13372 10268
f 10268 13372 10269
f 13372 13373 10269
f 10269 13373 10270
f 13373 13374 10270
f 13374 13375 10270
f 10270 13375 10271
f 13375 13376 10271
f 13422 10318 13421
f 10318 10315 13421
f 13421 10315 13420
f 10315 10316 13420
f 13420 10316 13419
f 10316 10317 13419
f 13419 10317 13418
f 10317 10314 13418
f 13418 10314 13417
f 10314 10313 13417
f 13417 10313 13416
f 10313 10312 13416
f 13416 10312 13415
f 10312 10311 13415
f 13415 10311 13414
f 10311 10305 13414
f 13414 10305 13413
f 10305 10306 13413
f 13413 10306 13412
f 10306 10307 13412
f 13412 10307 13411
f 10307 10308 13411
f 13411 10308 13410
f 10308 10309 13410
f 13410 10309 13409
f 10309 10310 13409
f 13409 10310 13408
f 10310 10304 13408
f 13408 10304 13407
f 10304 10303 13407
f 13407 10303 13406
f 10303 10302 13406
f 13406 10302 13405
f 10302 10301 13405
f 13405 10301 13404
f 10301 10300 13404
f 13404 10300 13403
f 10300 10299 13403
f 13403 10299 13402
f 10299 10296 13402
f 13402 10296 13401
f 10296 10297 13401
f 13401 10297 13400
f 10297 10298 13400
f 13400 10298 13399
f 10298 10295 13399
f 13399 10295 13398
f 10295 10294 13398
f 13398 10294 13397
f 10294 10293 13397
f 13397 10293 13396
f 10293 10292 13396
f 13396 10292 13395
f 10292 10291 13395
f 13395 10291 13394
f 10291 10290 13394
f 13394 10290 13393
f 10290 10289 13393
f 13393 10289 13392
f 10289 10288 13392
f 13392 10288 13391
f 10288 10287 13391
f 13391 10287 13390
f 10287 10286 13390
f 13390 10286 13389
f 10286 10285 13389
f 13389 10285 13388
f 10285 10284 13388
f 13388 10284 13387
f 10284 10283 13387
f 13387 10283 13386
f 10283 10282 13386
f 13386 10282 13385
f 10282 10281 13385
f 13385 10281 13384
f 10281 10280 13384
f 13384 10280 13383
f 10280 10279 13383
f 13383 10279 13382
f 10279 10278 13382
f 13382 10278 13381
f 10278 10277 13381
f 13381 10277 13380
f 10277 10276 13380
f 13380 10276 13379
f 10276 10275 13379
f 13379 10275 13378
f 10275 10274 13378
f 13378 10274 13377
f 10274 10273 13377
f 13377 10273 13376
f 10273 10272 13376
f 13376 10272 10271
f 10336 10335 13439
f 10335 10334 13439
f 13439 10334 13438
f 10334 10332 13438
f 13438 10332 13437
f 10332 10333 13437
f 13437 10333 13436
f 10333 7391 13436
f 13436 7391 13435
f 7391 7390 13435
f 13435 7390 13434
f 7390 10331 13434
f 13434 10331 13433
f 10331 10330 13433
f 13433 10330 13432
f 10330 10329 13432
f 13432 10329 13431
f 10329 10328 13431
f 13431 10328 13430
f 10328 10327 13430
f 13430 10327 13429
f 10327 10326 13429
f 13429 10326 13428
f 10326 10320 13428
f 13428 10320 13427
f 10320 10321 13427
f 13427 10321 13426
f 10321 10322 13426
f 13426 10322 13425
f 10322 10323 13425
f 13425 10323 13424
f 10323 10324 13424
f 13424 10324 13423
f 10324 10325 13423
f 13423 10325 13422
f 10325 10319 13422
f 13422 10319 10318
f 13439 13440 10336
f 13440 13441 10336
f 10336 13441 10337
f 13441 13442 10337
f 10337 13442 10338
f 13442 13443 10338
f 10338 13443 10339
f 13443 13444 10339
f 10339 13444 10340
f 10340 13444 10341
f 13444 13445 10341
f 10341 13445 10342
f 13445 13446 10342
f 10342 13446 10343
f 13446 13447 10343
f 13447 13448 10343
f 10343 13448 10344
f 13448 13449 10344
f 10344 13449 10345
f 13449 13450 10345
f 10345 13450 10346
f 13450 13451 10346
f 10346 13451 10347
f 13451 13452 10347
f 10347 13452 10348
f 13452 13453 10348
f 10348 13453 10349
f 13453 13454 10349
f 10349 13454 10350
f 13454 13455 10350
f 10350 13455 10351
f 10351 13455 10352
f 13455 13456 10352
f 10352 13456 10353
f 13456 13457 10353
f 10353 13457 10354
f 13457 13458 10354
f 13458 13459 10354
f 10354 13459 10355
f 13459 13460 10355
f 10355 13460 10356
f 13460 13461 10356
f 10356 13461 10357
f 13461 13462 10357
f 10357 13462 10358
f 13462 10359 10358
f 13462 13463 10359
f 13463 13464 10359
f 10359 13464 10360
f 13464 13465 10360
f 10360 13465 10361
f 13465 13466 10361
f 10361 13466 10365
f 13466 13467 10365
f 10365 13467 10364
f 13467 13468 10364
f 10364 13468 10363
f 10363 13468 10362
f 13468 13469 10362
f 10362 13469 10366
f 13469 13470 10366
f 10366 13470 10367
f 10372 10371 13475
f 10371 10370 13475
f 13475 10370 13474
f 10370 10369 13474
f 13474 10369 13473
f 10369 10368 13473
f 13473 10368 13472
f 10368 10367 13472
f 13472 10367 13471
f 10367 13470 13471
f 13475 13476 10372
f 13476 13477 10372
f 10372 13477 10373
f 13477 13478 10373
f 10373 13478 10374
f 13478 13479 10374
f 10374 13479 10375
f 13479 13480 10375
f 10375 13480 10376
f 10376 13480 10377
f 13480 13481 10377
f 10377 13481 10378
f 13481 13482 10378
f 10378 13482 10379
f 13482 13483 10379
f 10379 13483 10380
f 13483 13484 10380
f 10380 13484 10381
f 13484 13485 10381
f 10381 13485 10385
f 13485 13486 10385
f 10385 13486 10384
f 13486 13487 10384
f 10384 13487 10383
f 13487 13488 10383
f 10383 13488 10382
f 13488 13489 10382
f 10382 13489 10386
f 13489 13490 10386
f 10386 13490 10387
f 13490 13491 10387
f 10387 13491 10388
f 13491 13492 10388
f 10388 13492 10389
f 13492 13493 10389
f 10389 13493 10390
f 13493 13494 10390
f 10390 13494 10391
f 13494 13495 10391
f 10391 13495 10392
f 13495 13496 10392
f 10392 13496 10393
f 13496 13497 10393
f 10393 13497 10394
f 13497 13498 10394
f 10394 13498 10395
f 13498 13499 10395
f 10395 13499 10396
f 13499 13500 10396
f 10396 13500 10397
f 13500 13501 10397
f 10397 13501 10398
f 13501 13502 10398
f 10398 13502 10399
f 13502 13503 10399
f 10399 13503 10400
f 13503 13504 10400
f 10400 13504 10401
f 13504 13505 10401
f 10401 13505 10402
f 13505 13506 10402
f 10402 13506 10403
f 13506 13507 10403
f 10403 13507 10404
f 13507 13508 10404
f 10404 13508 10405
f 13508 13509 10405
f 10405 13509 10406
f 13509 13510 10406
f 10406 13510 10407
f 13510 13511 10407
f 10407 13511 10408
f 13511 13512 10408
f 10408 13512 10409
f 13512 13513 10409
f 10409 13513 10410
f 13513 13514 10410
f 10410 13514 10411
f 13514 13515 10411
f 10411 13515 10412
f 13515 13516 10412
f 10412 13516 10413
f 13516 13517 10413
f 10413 13517 10414
f 13517 13518 10414
f 10414 13518 10415
f 13518 13519 10415
f 10415 13519 10416
f 13519 13520 10416
f 10416 13520 10417
f 13520 13521 10417
f 10417 13521 10418
f 13521 13522 10418
f 10418 13522 10419
f 13522 13523 10419
f 10419 13523 10420
f 10420 13523 10421
f 13523 13524 10421
f 10421 13524 10422
f 13524 13525 10422
f 10422 13525 10423
f 13525 13526 10423
f 10423 13526 10424
f 13526 13527 10424
f 10424 13527 10425
f 13527 13528 10425
f 10425 13528 10426
f 13528 13529 10426
f 10426 13529 10427
f 13529 13530 10427
f 10427 13530 10428
f 13530 13536 10428
f 10428 13536 10429
f 13536 13535 10429
f 10429 13535 10430
f 13535 13534 10430
f 10430 13534 10431
f 13534 13533 10431
f 10431 13533 10432
f 13533 13532 10432
f 10432 13532 10433
f 13532 13531 10433
f 10433 13531 10434
f 13531 10511 10434
f 10434 10511 10435
f 10511 10510 10435
f 10435 10510 10436
f 10510 10509 10436
f 10436 10509 10437
f 10437 10509 10438
f 10509 10508 10438
f 10438 10508 10439
f 10508 10507 10439
f 10439 10507 10440
f 10507 10506 10440
f 10506 10505 10440
f 10440 10505 10441
f 10505 10504 10441
f 10441 10504 10442
f 10442 10504 10443
f 10504 10503 10443
f 10443 10503 10444
f 10503 10502 10444
f 10444 10502 10445
f 10502 10501 10445
f 10501 10500 10445
f 10445 10500 10446
f 10500 10499 10446
f 10446 10499 10449
f 10499 10498 10449
f 10449 10498 10447
f 10498 10497 10447
f 10447 10497 10448
f 10453 10492 10454
f 10492 10491 10454
f 10454 10491 10455
f 10448 10497 10450
f 10497 10496 10450
f 10450 10496 10451
f 10496 10495 10451
f 10451 10495 10452
f 10495 10494 10452
f 10452 10494 10453
f 10494 10493 10453
f 10453 10493 10492
f 10455 10491 10456
f 10491 10490 10456
f 10456 10490 10457
f 10490 10489 10457
f 10457 10489 10458
f 10484 7389 10485
f 7389 10460 10485
f 10485 10460 10486
f 10460 10459 10486
f 10486 10459 10487
f 10459 10458 10487
f 10487 10458 10488
f 10458 10489 10488
f 10471 10467 213
f 10467 10466 213
f 213 10466 153
f 10466 10465 153
f 153 10465 10464
f 10471 213 10470
f 213 215 10470
f 10470 215 10469
f 10469 215 10468
f 215 217 10468
f 10468 217 10472
f 219 221 10476
f 10476 10475 219
f 10475 10474 219
f 219 10474 217
f 10474 10473 217
f 217 10473 10472
f 10480 10479 223
f 10479 10478 223
f 223 10478 221
f 10478 10477 221
f 221 10477 10476
f 10480 223 10481
f 223 225 10481
f 10481 225 10482
f 10482 225 10483
f 225 226 10483
f 10483 226 10484
f 226 4 10484
f 10484 4 7389
f 7084 7083 13537
f 7083 7246 13537
f 13537 7246 13538
f 7246 7245 13538
f 13538 7245 13539
f 7245 7136 13539
f 13539 7136 13540
f 7136 7135 13540
f 13540 7135 13541
f 7135 7132 13541
f 13541 7132 13542
f 7132 7133 13542
f 13542 7133 13543
f 7133 7134 13543
f 13543 7134 13544
f 7134 7118 13544
f 13544 7118 13545
f 7118 7117 13545
f 13545 7117 13546
f 7117 7198 13546
f 13546 7198 13547
f 7198 7197 13547
f 13547 7197 13548
f 7197 7196 13548
f 13548 7196 13549
f 7196 7172 13549
f 13549 7172 13550
f 7172 7171 13550
f 13550 7171 13551
f 7171 7231 13551
f 13551 7231 13552
f 7231 7230 13552
f 13552 7230 13553
f 7230 7229 13553
f 13553 7229 13554
f 7229 7170 13554
f 13554 7170 13555
f 7170 7169 13555
f 13555 7169 13556
f 7169 7168 13556
f 13556 7168 13557
f 7168 7167 13557
f 13557 7167 13558
f 7167 7195 13558
f 13558 7195 13559
f 7195 7194 13559
f 13559 7194 13560
f 7194 7193 13560
f 13560 7193 13561
f 7193 7192 13561
f 13561 7192 7025
f 7192 7026 7025
f 7114 7113 13562
f 7113 7256 13562
f 13562 7256 13563
f 7256 7204 13563
f 13563 7204 13564
f 7204 7203 13564
f 13564 7203 13565
f 7203 7202 13565
f 13565 7202 13566
f 7202 7177 13566
f 13566 7177 13567
f 7177 7176 13567
f 13567 7176 13568
f 7176 7201 13568
f 13568 7201 13569
f 7201 7200 13569
f 13569 7200 13570
f 7200 7199 13570
f 13570 7199 13571
f 7199 7235 13571
f 13571 7235 13572
f 7235 7234 13572
f 13572 7234 13573
f 7234 7233 13573
f 13573 7233 13574
f 7233 7142 13574
f 13574 7142 13575
f 7142 7141 13575
f 13575 7141 13576
f 7141 7153 13576
f 13576 7153 13577
f 7153 7152 13577
f 13577 7152 13578
f 7152 7151 13578
f 13578 7151 13579
f 7151 7140 13579
f 13579 7140 13580
f 7140 7139 13580
f 13580 7139 13581
f 7139 7175 13581
f 13581 7175 13582
f 7175 7174 13582
f 13582 7174 13583
f 7174 7173 13583
f 13583 7173 13584
f 7173 7137 13584
f 13584 7137 13585
f 7137 7138 13585
f 13585 7138 13586
f 7138 7232 13586
f 13586 7232 7055
f 7232 7056 7055
f 13587 7304 13588
f 7304 7303 13588
f 13588 7303 13589
f 7303 7213 13589
f 13589 7213 13590
f 7213 7212 13590
f 13590 7212 13591
f 7212 7211 13591
f 13591 7211 13592
f 7211 7249 13592
f 13592 7249 13593
f 7249 7248 13593
f 13593 7248 13594
f 7248 7247 13594
f 13594 7247 13595
f 7247 7155 13595
f 13595 7155 13596
f 7155 7154 13596
f 13596 7154 13597
f 7154 7210 13597
f 13597 7210 13598
f 7210 7209 13598
f 13598 7209 13599
f 7209 7208 13599
f 13599 7208 13600
f 7208 7120 13600
f 13600 7120 13601
f 7120 7119 13601
f 13601 7119 13602
f 7119 7183 13602
f 13602 7183 13603
f 7183 7182 13603
f 13603 7182 13604
f 7182 7181 13604
f 13604 7181 13605
f 7181 7180 13605
f 13605 7180 13606
f 7180 7179 13606
f 13606 7179 13607
f 7179 7178 13607
f 13607 7178 13608
f 7178 7207 13608
f 13608 7207 13609
f 7207 7206 13609
f 13609 7206 13610
f 7206 7205 13610
f 13610 7205 13611
f 7205 7143 13611
f 13611 7143 13612
f 7143 7144 13612
f 13612 7144 7085
f 7144 7086 7085
f 13613 7254 13614
f 7254 7253 13614
f 13614 7253 13615
f 7253 7252 13615
f 13615 7252 13616
f 7252 7215 13616
f 13616 7215 13617
f 7215 7214 13617
f 13617 7214 13618
f 7214 7261 13618
f 13618 7261 13619
f 7261 7260 13619
f 13619 7260 13620
f 7260 7270 13620
f 13620 7270 13621
f 7270 7269 13621
f 13621 7269 13622
f 7269 7268 13622
f 13622 7268 13623
f 7268 7279 13623
f 13623 7279 13624
f 7279 7278 13624
f 13624 7278 13625
f 7278 7277 13625
f 13625 7277 13626
f 7277 7267 13626
f 13626 7267 13627
f 7267 7266 13627
f 13627 7266 13628
f 7266 7276 13628
f 13628 7276 13629
f 7276 7275 13629
f 13629 7275 13630
f 7275 7274 13630
f 13630 7274 13631
f 7274 7237 13631
f 13631 7237 13632
f 7237 7236 13632
f 13632 7236 13633
f 7236 7259 13633
f 13633 7259 13634
f 7259 7258 13634
f 13634 7258 13635
f 7258 7257 13635
f 13635 7257 13636
f 7257 7250 13636
f 13636 7250 13637
f 7250 7251 13637
f 13637 7251 13638
f 7251 7309 13638
f 13638 7309 13639
f 7309 7308 13639
f 13640 7284 13641
f 7284 7283 13641
f 13641 7283 13642
f 7283 7282 13642
f 13642 7282 13643
f 7282 7227 13643
f 13643 7227 13644
f 7227 7226 13644
f 13644 7226 13645
f 7226 7225 13645
f 13645 7225 13646
f 7225 7188 13646
f 13646 7188 13647
f 7188 7187 13647
f 13647 7187 13648
f 7187 7159 13648
f 13648 7159 13649
f 7159 7158 13649
f 13649 7158 13650
f 7158 7186 13650
f 13650 7186 13651
f 7186 7185 13651
f 13651 7185 13652
f 7185 7184 13652
f 13652 7184 13653
f 7184 7124 13653
f 13653 7124 13654
f 7124 7123 13654
f 13654 7123 13655
f 7123 7224 13655
f 13655 7224 13656
f 7224 7223 13656
f 13656 7223 13657
f 7223 7222 13657
f 13657 7222 13658
f 7222 7146 13658
f 13658 7146 13659
f 7146 7145 13659
f 13659 7145 13660
f 7145 7244 13660
f 13660 7244 13661
f 7244 7243 13661
f 13661 7243 13662
f 7243 7242 13662
f 13662 7242 13663
f 7242 7157 13663
f 13663 7157 13664
f 7157 7156 13664
f 13664 7156 13665
f 7156 7265 13665
f 13665 7265 13666
f 7265 7264 13666
f 7054 7053 13667
f 7053 7228 13667
f 13667 7228 13668
f 7228 7122 13668
f 13668 7122 13669
f 7122 7121 13669
f 13669 7121 13670
f 7121 7166 13670
f 13670 7166 13671
f 7166 7165 13671
f 13671 7165 13672
f 7165 7164 13672
f 13672 7164 13673
f 7164 7150 13673
f 13673 7150 13674
f 7150 7149 13674
f 13674 7149 13675
f 7149 7131 13675
f 13675 7131 13676
f 7131 7130 13676
f 13676 7130 13677
f 7130 7129 13677
f 13677 7129 13678
f 7129 7128 13678
f 13678 7128 13679
f 7128 7125 13679
f 13679 7125 13680
f 7125 7126 13680
f 13680 7126 13681
f 7126 7127 13681
f 13681 7127 13682
f 7127 7147 13682
f 13682 7147 13683
f 7147 7148 13683
f 13683 7148 13684
f 7148 7163 13684
f 13684 7163 13685
f 7163 7162 13685
f 13685 7162 13686
f 7162 7191 13686
f 13686 7191 13687
f 7191 7190 13687
f 13687 7190 13688
f 7190 7189 13688
f 13688 7189 13689
f 7189 7161 13689
f 13689 7161 13690
f 7161 7160 13690
f 13690 7160 13691
f 7160 7116 13691
f 13691 7116 13692
f 7116 7115 13692
f 13693 13694 7052
f 13693 7052 13695
f 13696 13697 7088
f 7112 7060 7062
f 13698 13699 7092
f 7098 7100 13700
f 13701 13702 13703
f 7062 7064 7112
f 7064 7066 7112
f 7112 7066 7068
f 7088 13697 7085
f 13697 13587 7085
f 7085 13587 13612
f 13694 13704 7052
f 13704 13705 7052
f 7052 13705 13706
f 13569 13570 7055
f 13570 13571 7055
f 7055 13571 13572
f 13578 13579 13583
f 7074 7028 7072
f 7028 7070 7072
f 7025 13543 13544
f 13707 7092 13708
f 7092 13709 13708
f 13710 7088 13699
f 7088 7090 13699
f 13699 7090 7092
f 13711 13712 7096
f 13700 7100 7046
f 13713 13710 13714
f 13710 13613 13714
f 13714 13613 13639
f 13702 13715 13703
f 13715 13716 13703
f 13703 13716 13717
f 13563 13564 7055
f 13564 13565 7055
f 7055 13565 13566
f 13566 13567 7055
f 13567 13568 7055
f 7055 13568 13569
f 13578 13583 13577
f 13583 13584 13577
f 13577 13584 13585
f 13544 13545 7025
f 13545 13546 7025
f 7025 13546 13547
f 13620 13621 13638
f 7046 7048 13700
f 7048 7050 13700
f 13700 7050 13703
f 7050 7052 13703
f 13703 7052 13701
f 7052 13706 13701
f 7060 7112 7058
f 7112 7114 7058
f 7058 7114 7055
f 7114 13562 7055
f 7055 13562 13563
f 13572 13573 7055
f 13573 13574 7055
f 7055 13574 13575
f 13579 13580 13583
f 13580 13581 13583
f 13583 13581 13582
f 13575 13576 7055
f 13576 13577 7055
f 7055 13577 13586
f 13577 13585 13586
f 7074 7076 7028
f 7076 7078 7028
f 7028 7078 7080
f 7080 7082 7028
f 7082 7084 7028
f 7028 7084 7025
f 7084 13537 7025
f 13537 13538 7025
f 13538 13539 7025
f 7025 13539 13540
f 13540 13541 7025
f 13541 13542 7025
f 7025 13542 13543
f 13547 13548 7025
f 13548 13549 7025
f 7025 13549 13550
f 13707 13718 7092
f 13718 13719 7092
f 7092 13719 13698
f 7098 13700 7096
f 13700 13720 7096
f 7096 13720 13711
f 13709 7092 13712
f 7092 7094 13712
f 13712 7094 7096
f 7100 7102 7046
f 7102 7104 7046
f 7046 7104 7044
f 7104 7042 7044
f 13615 13616 13638
f 13616 13617 13638
f 13713 13721 13710
f 13721 13722 13710
f 13710 13722 13723
f 13667 13668 13692
f 13550 13551 7025
f 13551 13552 7025
f 7025 13552 13553
f 13560 13557 13559
f 13557 13558 13559
f 13560 13561 13557
f 13561 7025 13557
f 13557 7025 13556
f 7036 7104 7034
f 7104 7032 7034
f 7036 7038 7104
f 7038 7040 7104
f 7104 7040 7042
f 13639 13613 13638
f 13613 13614 13638
f 13638 13614 13615
f 13617 13618 13638
f 13618 13619 13638
f 13638 13619 13620
f 13634 13635 13621
f 13723 13724 13710
f 13724 13725 13710
f 13710 13725 7088
f 13725 13726 7088
f 7088 13726 13727
f 13727 13728 7088
f 13728 13729 7088
f 7088 13729 13696
f 13695 7052 13692
f 7052 7054 13692
f 13692 7054 13667
f 13668 13669 13692
f 13669 13670 13692
f 13692 13670 13671
f 13660 13661 13640
f 13553 13554 7025
f 13554 13555 7025
f 7025 13555 13556
f 13675 13676 13677
f 13673 13678 13679
f 13682 13683 13673
f 13683 13684 13673
f 13684 13685 13673
f 13685 13686 13673
f 13673 13686 13687
f 13687 13688 13673
f 13688 13689 13673
f 13673 13689 13690
f 13671 13672 13692
f 13672 13673 13692
f 13692 13673 13691
f 13673 13690 13691
f 13661 13662 13640
f 13662 13663 13640
f 13640 13663 13664
f 13717 13730 13703
f 13730 13731 13703
f 13703 13731 13666
f 13731 13640 13666
f 13666 13640 13665
f 13640 13664 13665
f 7068 7070 7112
f 7070 7028 7112
f 7112 7028 7110
f 7028 7030 7110
f 7110 7030 7108
f 7030 7032 7108
f 7108 7032 7106
f 7032 7104 7106
f 13624 13632 13623
f 13632 13622 13623
f 13622 13632 13621
f 13632 13633 13621
f 13621 13633 13634
f 13635 13636 13621
f 13636 13637 13621
f 13621 13637 13638
f 13679 13680 13673
f 13680 13681 13673
f 13673 13681 13682
f 13653 13654 13641
f 13654 13655 13641
f 13641 13655 13656
f 13625 13630 13624
f 13630 13631 13624
f 13624 13631 13632
f 13596 13597 13605
f 13590 13605 13589
f 13605 13606 13589
f 13589 13606 13607
f 13607 13608 13589
f 13608 13609 13589
f 13589 13609 13610
f 13587 13588 13612
f 13588 13589 13612
f 13612 13589 13611
f 13589 13610 13611
f 13678 13673 13677
f 13673 13674 13677
f 13677 13674 13675
f 13649 13650 13651
f 13656 13657 13641
f 13657 13658 13641
f 13641 13658 13640
f 13658 13659 13640
f 13640 13659 13660
f 13625 13626 13630
f 13626 13627 13630
f 13630 13627 13629
f 13627 13628 13629
f 13590 13591 13605
f 13591 13592 13605
f 13605 13592 13593
f 13597 13598 13605
f 13598 13599 13605
f 13605 13599 13600
f 13641 13642 13653
f 13642 13643 13653
f 13653 13643 13644
f 13644 13645 13653
f 13645 13646 13653
f 13653 13646 13647
f 13647 13648 13653
f 13648 13649 13653
f 13653 13649 13652
f 13649 13651 13652
f 13593 13594 13605
f 13594 13595 13605
f 13605 13595 13596
f 13600 13601 13605
f 13601 13602 13605
f 13605 13602 13604
f 13602 13603 13604
f 13692 7115 7280
f 13692 7280 13695
f 7280 7281 13695
f 13695 7281 13693
f 7281 7290 13693
f 13693 7290 13694
f 7290 7289 13694
f 13694 7289 13704
f 7289 7288 13704
f 13704 7288 13705
f 7288 7287 13705
f 13705 7287 13706
f 7287 7291 13706
f 13706 7291 13701
f 7291 7272 13701
f 13701 7272 13702
f 7272 7271 13702
f 13702 7271 13715
f 7271 7293 13715
f 13715 7293 13716
f 7293 7292 13716
f 13716 7292 13717
f 7292 7286 13717
f 13717 7286 13730
f 7286 7285 13730
f 13730 7285 13731
f 7285 7284 13731
f 13731 7284 13640
f 13666 7264 7263
f 13666 7263 13703
f 7263 7262 13703
f 13703 7262 13700
f 7262 7217 13700
f 13700 7217 13720
f 7217 7216 13720
f 13720 7216 13711
f 7216 7238 13711
f 13711 7238 13712
f 7238 7239 13712
f 13712 7239 13709
f 7239 7240 13709
f 13709 7240 13708
f 7240 7241 13708
f 13708 7241 13707
f 7241 7221 13707
f 13707 7221 13718
f 7221 7220 13718
f 13718 7220 13719
f 7220 7219 13719
f 13719 7219 13698
f 7219 7218 13698
f 13698 7218 13699
f 7218 7255 13699
f 13699 7255 13710
f 7255 7254 13710
f 13710 7254 13613
f 13639 7308 7307
f 13639 7307 13714
f 7307 7306 13714
f 13714 7306 13713
f 7306 7296 13713
f 13713 7296 13721
f 7296 7295 13721
f 13721 7295 13722
f 7295 7294 13722
f 13722 7294 13723
f 7294 7273 13723
f 13723 7273 13724
f 7273 7302 13724
f 13724 7302 13725
f 7302 7297 13725
f 13725 7297 13726
f 7297 7298 13726
f 13726 7298 13727
f 7298 7299 13727
f 13727 7299 13728
f 7299 7300 13728
f 13728 7300 13729
f 7300 7301 13729
f 13729 7301 13696
f 7301 7305 13696
f 13696 7305 13697
f 7305 7304 13697
f 13697 7304 13587

