# https://github.com/mikedh/trimesh

o tm26_161_p02_p_back_plate.stl
v -0.12001400 0.00685000 0.04463391
v -0.11871400 0.00685000 0.04463391
v -0.12001400 0.00699498 0.04464024
v -0.11871400 0.00699498 0.04464024
v -0.12001400 0.00713886 0.04465918
v -0.11871400 0.00713886 0.04465918
v -0.12001400 0.00728055 0.04469059
v -0.11871400 0.00728055 0.04469059
v -0.12001400 0.00741895 0.04473423
v -0.11871400 0.00741895 0.04473423
v -0.12001400 0.00755303 0.04478977
v -0.11871400 0.00755303 0.04478977
v -0.12001400 0.00768175 0.04485678
v -0.11871400 0.00768175 0.04485678
v -0.12001400 0.00780414 0.04493475
v -0.11871400 0.00780414 0.04493475
v -0.12001400 0.00791928 0.04502309
v -0.11871400 0.00791928 0.04502309
v -0.12001400 0.00802627 0.04512114
v -0.11871400 0.00802627 0.04512114
v -0.12001400 0.00812432 0.04522813
v -0.11871400 0.00812432 0.04522813
v -0.12001400 0.00821266 0.04534326
v -0.11871400 0.00821266 0.04534326
v -0.12001400 0.00829063 0.04546566
v -0.11871400 0.00829063 0.04546566
v -0.12001400 0.00835764 0.04559439
v -0.11871400 0.00835764 0.04559439
v -0.12001400 0.00841318 0.04572846
v -0.11871400 0.00841318 0.04572846
v -0.12001400 0.00845682 0.04586687
v -0.11871400 0.00845682 0.04586687
v -0.12001400 0.00848823 0.04600855
v -0.11871400 0.00848823 0.04600855
v -0.12001400 0.00850717 0.04615243
v -0.11871400 0.00850717 0.04615243
v -0.12001400 0.00851350 0.04629741
v -0.11871400 0.00851350 0.04629741
v -0.12001400 0.00850717 0.04644239
v -0.11871400 0.00850717 0.04644239
v -0.12001400 0.00848823 0.04658628
v -0.11871400 0.00848823 0.04658628
v -0.12001400 0.00845682 0.04672796
v -0.11871400 0.00845682 0.04672796
v -0.12001400 0.00841318 0.04686636
v -0.11871400 0.00841318 0.04686636
v -0.12001400 0.00835764 0.04700043
v -0.11871400 0.00835764 0.04700043
v -0.12001400 0.00829063 0.04712916
v -0.11871400 0.00829063 0.04712916
v -0.12001400 0.00821266 0.04725156
v -0.11871400 0.00821266 0.04725156
v -0.12001400 0.00812432 0.04736669
v -0.11871400 0.00812432 0.04736669
v -0.12001400 0.00802627 0.04747368
v -0.11871400 0.00802627 0.04747368
v -0.12001400 0.00791928 0.04757173
v -0.11871400 0.00791928 0.04757173
v -0.12001400 0.00780414 0.04766007
v -0.11871400 0.00780414 0.04766007
v -0.12001400 0.00768175 0.04773805
v -0.11871400 0.00768175 0.04773805
v -0.12001400 0.00755303 0.04780505
v -0.11871400 0.00755303 0.04780505
v -0.12001400 0.00741895 0.04786059
v -0.11871400 0.00741895 0.04786059
v -0.12001400 0.00728055 0.04790423
v -0.11871400 0.00728055 0.04790423
v -0.12001400 0.00713886 0.04793564
v -0.11871400 0.00713886 0.04793564
v -0.12001400 0.00699498 0.04795458
v -0.11871400 0.00699498 0.04795458
v -0.12001400 0.00685000 0.04796091
v -0.11871400 0.00685000 0.04796091
v -0.12001400 0.00670502 0.04795458
v -0.11871400 0.00670502 0.04795458
v -0.12001400 0.00656114 0.04793564
v -0.11871400 0.00656114 0.04793564
v -0.12001400 0.00641945 0.04790423
v -0.11871400 0.00641945 0.04790423
v -0.12001400 0.00628105 0.04786059
v -0.11871400 0.00628105 0.04786059
v -0.12001400 0.00614697 0.04780505
v -0.11871400 0.00614697 0.04780505
v -0.12001400 0.00601825 0.04773805
v -0.11871400 0.00601825 0.04773805
v -0.12001400 0.00589586 0.04766007
v -0.11871400 0.00589586 0.04766007
v -0.12001400 0.00578072 0.04757173
v -0.11871400 0.00578072 0.04757173
v -0.12001400 0.00567373 0.04747368
v -0.11871400 0.00567373 0.04747368
v -0.12001400 0.00557569 0.04736669
v -0.11871400 0.00557569 0.04736669
v -0.12001400 0.00548734 0.04725156
v -0.11871400 0.00548734 0.04725156
v -0.12001400 0.00540937 0.04712916
v -0.11871400 0.00540937 0.04712916
v -0.12001400 0.00534236 0.04700043
v -0.11871400 0.00534236 0.04700043
v -0.12001400 0.00528682 0.04686636
v -0.11871400 0.00528682 0.04686636
v -0.12001400 0.00524318 0.04672796
v -0.11871400 0.00524318 0.04672796
v -0.12001400 0.00521177 0.04658628
v -0.11871400 0.00521177 0.04658628
v -0.12001400 0.00519283 0.04644239
v -0.11871400 0.00519283 0.04644239
v -0.12001400 0.00518650 0.04629741
v -0.11871400 0.00518650 0.04629741
v -0.12001400 0.00519283 0.04615243
v -0.11871400 0.00519283 0.04615243
v -0.12001400 0.00521177 0.04600855
v -0.11871400 0.00521177 0.04600855
v -0.12001400 0.00524318 0.04586687
v -0.11871400 0.00524318 0.04586687
v -0.12001400 0.00528682 0.04572846
v -0.11871400 0.00528682 0.04572846
v -0.12001400 0.00534236 0.04559439
v -0.11871400 0.00534236 0.04559439
v -0.12001400 0.00540937 0.04546566
v -0.11871400 0.00540937 0.04546566
v -0.12001400 0.00548734 0.04534326
v -0.11871400 0.00548734 0.04534326
v -0.12001400 0.00557569 0.04522813
v -0.11871400 0.00557569 0.04522813
v -0.12001400 0.00567373 0.04512114
v -0.11871400 0.00567373 0.04512114
v -0.12001400 0.00578072 0.04502309
v -0.11871400 0.00578072 0.04502309
v -0.12001400 0.00589586 0.04493475
v -0.11871400 0.00589586 0.04493475
v -0.12001400 0.00601825 0.04485678
v -0.11871400 0.00601825 0.04485678
v -0.12001400 0.00614697 0.04478977
v -0.11871400 0.00614697 0.04478977
v -0.12001400 0.00628105 0.04473423
v -0.11871400 0.00628105 0.04473423
v -0.12001400 0.00641945 0.04469059
v -0.11871400 0.00641945 0.04469059
v -0.12001400 0.00656114 0.04465918
v -0.11871400 0.00656114 0.04465918
v -0.12001400 0.00670502 0.04464024
v -0.11871400 0.00670502 0.04464024
v -0.12001400 0.00970000 0.09923268
v -0.12001400 0.00200000 0.09923268
v -0.11871400 0.00970000 0.09923268
v -0.11871400 0.00200000 0.09923268
v -0.11871400 0.01170000 0.09723268
v -0.11871400 0.01170000 0.03506361
v -0.12001400 0.01170000 0.09723268
v -0.12001400 0.01170000 0.03506361
v -0.08227779 0.00359325 0.17198212
v -0.08227779 0.00200000 0.17198212
v -0.08227779 0.00200000 0.17864916
v -0.08227779 0.00359325 0.17864916
v -0.08227779 0.01170000 0.17864916
v -0.08227779 0.01170000 0.17398211
v -0.08227779 0.00970000 0.17198212
v -0.08227779 0.01038404 0.17210273
v -0.08227779 0.01021764 0.17205027
v -0.08227779 0.01133830 0.17283496
v -0.08227779 0.01123209 0.17269655
v -0.08227779 0.01004730 0.17201251
v -0.08227779 0.00987431 0.17198972
v -0.08227779 0.01169239 0.17380780
v -0.08227779 0.01151262 0.17313688
v -0.08227779 0.01143205 0.17298211
v -0.08227779 0.01166962 0.17363483
v -0.08227779 0.01163185 0.17346448
v -0.08227779 0.01157939 0.17329808
v -0.08227779 0.01111421 0.17256790
v -0.08227779 0.01098558 0.17245004
v -0.08227779 0.01084715 0.17234382
v -0.08227779 0.01070000 0.17225006
v -0.08227779 0.01054524 0.17216951
v -0.08227779 0.00970000 0.27696511
v -0.08227779 0.00685000 0.26363319
v -0.08227779 0.00359325 0.27696511
v -0.08227779 0.00670502 0.26362687
v -0.08227779 0.00656114 0.26360792
v -0.08227779 0.00641945 0.26357651
v -0.08227779 0.00628105 0.26353288
v -0.08227779 0.00614697 0.26347733
v -0.08227779 0.00829063 0.26280144
v -0.08227779 0.00821266 0.26292384
v -0.08227779 0.01170000 0.27496511
v -0.08227779 0.01111421 0.27637932
v -0.08227779 0.01123209 0.27625069
v -0.08227779 0.00728055 0.26357651
v -0.08227779 0.00540937 0.26113793
v -0.08227779 0.00548734 0.26101553
v -0.08227779 0.00359325 0.25447068
v -0.08227779 0.00614697 0.26046205
v -0.08227779 0.00628105 0.26040652
v -0.08227779 0.00641945 0.26036286
v -0.08227779 0.00656114 0.26033145
v -0.08227779 0.00713886 0.26033145
v -0.08227779 0.00728055 0.26036286
v -0.08227779 0.01170000 0.25447068
v -0.08227779 0.00741895 0.26040652
v -0.08227779 0.00755303 0.26046205
v -0.08227779 0.01098558 0.27649722
v -0.08227779 0.01004730 0.27693474
v -0.08227779 0.00987431 0.27695751
v -0.08227779 0.00713886 0.26360792
v -0.08227779 0.00699498 0.26362687
v -0.08227779 0.00670502 0.26031253
v -0.08227779 0.00685000 0.26030618
v -0.08227779 0.00699498 0.26031253
v -0.08227779 0.00812432 0.26303896
v -0.08227779 0.00802627 0.26314595
v -0.08227779 0.00791928 0.26324400
v -0.08227779 0.00755303 0.26347733
v -0.08227779 0.01169239 0.27513942
v -0.08227779 0.00741895 0.26353288
v -0.08227779 0.00557569 0.26090041
v -0.08227779 0.00567373 0.26079342
v -0.08227779 0.00578072 0.26069537
v -0.08227779 0.00768175 0.26052907
v -0.08227779 0.00780414 0.26060703
v -0.08227779 0.00791928 0.26069537
v -0.08227779 0.00802627 0.26079342
v -0.08227779 0.00812432 0.26090041
v -0.08227779 0.00821266 0.26101553
v -0.08227779 0.00780414 0.26333234
v -0.08227779 0.00768175 0.26341033
v -0.08227779 0.01133830 0.27611226
v -0.08227779 0.01143205 0.27596512
v -0.08227779 0.01151262 0.27581036
v -0.08227779 0.01021764 0.27689698
v -0.08227779 0.01038404 0.27684450
v -0.08227779 0.01054524 0.27677774
v -0.08227779 0.01070000 0.27669716
v -0.08227779 0.01084715 0.27660343
v -0.08227779 0.00601825 0.26341033
v -0.08227779 0.00589586 0.26333234
v -0.08227779 0.00578072 0.26324400
v -0.08227779 0.00567373 0.26314595
v -0.08227779 0.00557569 0.26303896
v -0.08227779 0.00548734 0.26292384
v -0.08227779 0.00589586 0.26060703
v -0.08227779 0.00601825 0.26052907
v -0.08227779 0.01157939 0.27564916
v -0.08227779 0.01163185 0.27548274
v -0.08227779 0.01166962 0.27531242
v -0.08227779 0.00845682 0.26240024
v -0.08227779 0.00841318 0.26253864
v -0.08227779 0.00835764 0.26267272
v -0.08227779 0.00524318 0.26153913
v -0.08227779 0.00528682 0.26140073
v -0.08227779 0.00534236 0.26126668
v -0.08227779 0.00829063 0.26113793
v -0.08227779 0.00835764 0.26126668
v -0.08227779 0.00841318 0.26140073
v -0.08227779 0.00540937 0.26280144
v -0.08227779 0.00534236 0.26267272
v -0.08227779 0.00528682 0.26253864
v -0.08227779 0.00518650 0.26196969
v -0.08227779 0.00519283 0.26182470
v -0.08227779 0.00521177 0.26168081
v -0.08227779 0.00845682 0.26153913
v -0.08227779 0.00848823 0.26168081
v -0.08227779 0.00850717 0.26182470
v -0.08227779 0.00851350 0.26196969
v -0.08227779 0.00850717 0.26211467
v -0.08227779 0.00848823 0.26225856
v -0.08227779 0.00524318 0.26240024
v -0.08227779 0.00521177 0.26225856
v -0.08227779 0.00519283 0.26211467
v -0.08227779 0.00601825 0.18842033
v -0.08227779 0.00589586 0.18834235
v -0.08227779 0.00359325 0.19447869
v -0.08227779 0.00641945 0.18858650
v -0.08227779 0.00656114 0.18861791
v -0.08227779 0.00670502 0.18863685
v -0.08227779 0.00628105 0.18854287
v -0.08227779 0.00614697 0.18848734
v -0.08227779 0.00557569 0.18591042
v -0.08227779 0.00567373 0.18580341
v -0.08227779 0.00578072 0.18570538
v -0.08227779 0.00589586 0.18561703
v -0.08227779 0.00601825 0.18553905
v -0.08227779 0.00614697 0.18547204
v -0.08227779 0.00791928 0.18825400
v -0.08227779 0.00780414 0.18834235
v -0.08227779 0.01170000 0.19447869
v -0.08227779 0.00768175 0.18842033
v -0.08227779 0.00628105 0.18541650
v -0.08227779 0.00641945 0.18537287
v -0.08227779 0.00656114 0.18534146
v -0.08227779 0.00713886 0.18534146
v -0.08227779 0.00728055 0.18537287
v -0.08227779 0.00755303 0.18848734
v -0.08227779 0.00741895 0.18854287
v -0.08227779 0.00728055 0.18858650
v -0.08227779 0.00713886 0.18861791
v -0.08227779 0.00699498 0.18863685
v -0.08227779 0.00685000 0.18864319
v -0.08227779 0.00578072 0.18825400
v -0.08227779 0.00567373 0.18815596
v -0.08227779 0.00557569 0.18804897
v -0.08227779 0.00670502 0.18532252
v -0.08227779 0.00685000 0.18531619
v -0.08227779 0.00699498 0.18532252
v -0.08227779 0.00741895 0.18541650
v -0.08227779 0.00755303 0.18547204
v -0.08227779 0.00768175 0.18553905
v -0.08227779 0.00780414 0.18561703
v -0.08227779 0.00791928 0.18570538
v -0.08227779 0.00802627 0.18580341
v -0.08227779 0.00821266 0.18793383
v -0.08227779 0.00812432 0.18804897
v -0.08227779 0.00802627 0.18815596
v -0.08227779 0.00812432 0.18591042
v -0.08227779 0.00821266 0.18602555
v -0.08227779 0.00829063 0.18614794
v -0.08227779 0.00521177 0.18669082
v -0.08227779 0.00524318 0.18654914
v -0.08227779 0.00528682 0.18641074
v -0.08227779 0.00534236 0.18627666
v -0.08227779 0.00548734 0.18793383
v -0.08227779 0.00540937 0.18781143
v -0.08227779 0.00534236 0.18768272
v -0.08227779 0.00528682 0.18754864
v -0.08227779 0.00524318 0.18741024
v -0.08227779 0.00521177 0.18726856
v -0.08227779 0.00540937 0.18614794
v -0.08227779 0.00548734 0.18602555
v -0.08227779 0.00850717 0.18712467
v -0.08227779 0.00848823 0.18726856
v -0.08227779 0.00845682 0.18741024
v -0.08227779 0.00841318 0.18754864
v -0.08227779 0.00835764 0.18768272
v -0.08227779 0.00829063 0.18781143
v -0.08227779 0.00519283 0.18712467
v -0.08227779 0.00518650 0.18697970
v -0.08227779 0.00519283 0.18683471
v -0.08227779 0.00835764 0.18627666
v -0.08227779 0.00841318 0.18641074
v -0.08227779 0.00845682 0.18654914
v -0.08227779 0.00848823 0.18669082
v -0.08227779 0.00850717 0.18683471
v -0.08227779 0.00851350 0.18697970
v -0.08227779 0.00601825 0.20341833
v -0.08227779 0.00589586 0.20334035
v -0.08227779 0.00359325 0.20947669
v -0.08227779 0.00601825 0.20053706
v -0.08227779 0.00614697 0.20047005
v -0.08227779 0.00768175 0.20053706
v -0.08227779 0.00780414 0.20061503
v -0.08227779 0.00557569 0.20090841
v -0.08227779 0.00567373 0.20080142
v -0.08227779 0.00578072 0.20070337
v -0.08227779 0.00589586 0.20061503
v -0.08227779 0.00628105 0.20041451
v -0.08227779 0.00641945 0.20037088
v -0.08227779 0.00656114 0.20033947
v -0.08227779 0.00713886 0.20033947
v -0.08227779 0.00728055 0.20037088
v -0.08227779 0.00641945 0.20358451
v -0.08227779 0.00656114 0.20361592
v -0.08227779 0.00670502 0.20363486
v -0.08227779 0.00628105 0.20354086
v -0.08227779 0.00614697 0.20348534
v -0.08227779 0.00670502 0.20032053
v -0.08227779 0.00685000 0.20031419
v -0.08227779 0.00699498 0.20032053
v -0.08227779 0.00741895 0.20041451
v -0.08227779 0.00755303 0.20047005
v -0.08227779 0.00829063 0.20280944
v -0.08227779 0.00821266 0.20293184
v -0.08227779 0.01170000 0.20947669
v -0.08227779 0.00791928 0.20325200
v -0.08227779 0.00780414 0.20334035
v -0.08227779 0.00768175 0.20341833
v -0.08227779 0.00578072 0.20325200
v -0.08227779 0.00567373 0.20315397
v -0.08227779 0.00557569 0.20304696
v -0.08227779 0.00812432 0.20304696
v -0.08227779 0.00802627 0.20315397
v -0.08227779 0.00755303 0.20348534
v -0.08227779 0.00741895 0.20354086
v -0.08227779 0.00728055 0.20358451
v -0.08227779 0.00713886 0.20361592
v -0.08227779 0.00699498 0.20363486
v -0.08227779 0.00685000 0.20364119
v -0.08227779 0.00534236 0.20127466
v -0.08227779 0.00540937 0.20114595
v -0.08227779 0.00548734 0.20102355
v -0.08227779 0.00791928 0.20070337
v -0.08227779 0.00802627 0.20080142
v -0.08227779 0.00812432 0.20090841
v -0.08227779 0.00548734 0.20293184
v -0.08227779 0.00540937 0.20280944
v -0.08227779 0.00534236 0.20268072
v -0.08227779 0.00528682 0.20254664
v -0.08227779 0.00524318 0.20240824
v -0.08227779 0.00521177 0.20226656
v -0.08227779 0.00521177 0.20168883
v -0.08227779 0.00524318 0.20154715
v -0.08227779 0.00528682 0.20140874
v -0.08227779 0.00821266 0.20102355
v -0.08227779 0.00829063 0.20114595
v -0.08227779 0.00835764 0.20127466
v -0.08227779 0.00841318 0.20140874
v -0.08227779 0.00845682 0.20154715
v -0.08227779 0.00848823 0.20168883
v -0.08227779 0.00848823 0.20226656
v -0.08227779 0.00845682 0.20240824
v -0.08227779 0.00519283 0.20212267
v -0.08227779 0.00518650 0.20197769
v -0.08227779 0.00519283 0.20183271
v -0.08227779 0.00841318 0.20254664
v -0.08227779 0.00835764 0.20268072
v -0.08227779 0.00850717 0.20183271
v -0.08227779 0.00851350 0.20197769
v -0.08227779 0.00850717 0.20212267
v -0.08227779 0.00601825 0.21841632
v -0.08227779 0.00589586 0.21833836
v -0.08227779 0.00359325 0.22447468
v -0.08227779 0.00601825 0.21553506
v -0.08227779 0.00614697 0.21546805
v -0.08227779 0.00768175 0.21553506
v -0.08227779 0.00780414 0.21561304
v -0.08227779 0.00557569 0.21590641
v -0.08227779 0.00567373 0.21579942
v -0.08227779 0.00578072 0.21570137
v -0.08227779 0.00589586 0.21561304
v -0.08227779 0.00628105 0.21541251
v -0.08227779 0.00641945 0.21536887
v -0.08227779 0.00656114 0.21533746
v -0.08227779 0.00713886 0.21533746
v -0.08227779 0.00728055 0.21536887
v -0.08227779 0.00641945 0.21858251
v -0.08227779 0.00656114 0.21861392
v -0.08227779 0.00670502 0.21863286
v -0.08227779 0.00628105 0.21853887
v -0.08227779 0.00614697 0.21848333
v -0.08227779 0.00670502 0.21531852
v -0.08227779 0.00685000 0.21531218
v -0.08227779 0.00699498 0.21531852
v -0.08227779 0.00741895 0.21541251
v -0.08227779 0.00755303 0.21546805
v -0.08227779 0.00791928 0.21825001
v -0.08227779 0.00780414 0.21833836
v -0.08227779 0.01170000 0.22447468
v -0.08227779 0.00768175 0.21841632
v -0.08227779 0.00578072 0.21825001
v -0.08227779 0.00567373 0.21815196
v -0.08227779 0.00557569 0.21804497
v -0.08227779 0.00829063 0.21780744
v -0.08227779 0.00821266 0.21792984
v -0.08227779 0.00755303 0.21848333
v -0.08227779 0.00741895 0.21853887
v -0.08227779 0.00728055 0.21858251
v -0.08227779 0.00713886 0.21861392
v -0.08227779 0.00699498 0.21863286
v -0.08227779 0.00685000 0.21863919
v -0.08227779 0.00534236 0.21627267
v -0.08227779 0.00540937 0.21614394
v -0.08227779 0.00548734 0.21602155
v -0.08227779 0.00791928 0.21570137
v -0.08227779 0.00802627 0.21579942
v -0.08227779 0.00812432 0.21590641
v -0.08227779 0.00812432 0.21804497
v -0.08227779 0.00802627 0.21815196
v -0.08227779 0.00821266 0.21602155
v -0.08227779 0.00829063 0.21614394
v -0.08227779 0.00835764 0.21627267
v -0.08227779 0.00548734 0.21792984
v -0.08227779 0.00540937 0.21780744
v -0.08227779 0.00534236 0.21767871
v -0.08227779 0.00528682 0.21754465
v -0.08227779 0.00524318 0.21740623
v -0.08227779 0.00521177 0.21726455
v -0.08227779 0.00521177 0.21668683
v -0.08227779 0.00524318 0.21654515
v -0.08227779 0.00528682 0.21640673
v -0.08227779 0.00841318 0.21640673
v -0.08227779 0.00845682 0.21654515
v -0.08227779 0.00848823 0.21668683
v -0.08227779 0.00850717 0.21683070
v -0.08227779 0.00851350 0.21697569
v -0.08227779 0.00850717 0.21712068
v -0.08227779 0.00848823 0.21726455
v -0.08227779 0.00845682 0.21740623
v -0.08227779 0.00519283 0.21712068
v -0.08227779 0.00518650 0.21697569
v -0.08227779 0.00519283 0.21683070
v -0.08227779 0.00841318 0.21754465
v -0.08227779 0.00835764 0.21767871
v -0.08227779 0.00601825 0.23341432
v -0.08227779 0.00589586 0.23333634
v -0.08227779 0.00359325 0.23947269
v -0.08227779 0.00768175 0.23053306
v -0.08227779 0.00780414 0.23061103
v -0.08227779 0.00641945 0.23358050
v -0.08227779 0.00656114 0.23361191
v -0.08227779 0.00670502 0.23363087
v -0.08227779 0.00628105 0.23353687
v -0.08227779 0.00614697 0.23348133
v -0.08227779 0.00557569 0.23090442
v -0.08227779 0.00567373 0.23079742
v -0.08227779 0.00578072 0.23069938
v -0.08227779 0.00589586 0.23061103
v -0.08227779 0.00601825 0.23053306
v -0.08227779 0.00614697 0.23046605
v -0.08227779 0.00791928 0.23324801
v -0.08227779 0.00780414 0.23333634
v -0.08227779 0.01170000 0.23947269
v -0.08227779 0.00768175 0.23341432
v -0.08227779 0.00628105 0.23041052
v -0.08227779 0.00641945 0.23036687
v -0.08227779 0.00656114 0.23033546
v -0.08227779 0.00713886 0.23033546
v -0.08227779 0.00728055 0.23036687
v -0.08227779 0.00755303 0.23348133
v -0.08227779 0.00741895 0.23353687
v -0.08227779 0.00728055 0.23358050
v -0.08227779 0.00713886 0.23361191
v -0.08227779 0.00699498 0.23363087
v -0.08227779 0.00685000 0.23363718
v -0.08227779 0.00578072 0.23324801
v -0.08227779 0.00567373 0.23314996
v -0.08227779 0.00557569 0.23304297
v -0.08227779 0.00670502 0.23031652
v -0.08227779 0.00685000 0.23031019
v -0.08227779 0.00699498 0.23031652
v -0.08227779 0.00741895 0.23041052
v -0.08227779 0.00755303 0.23046605
v -0.08227779 0.00791928 0.23069938
v -0.08227779 0.00802627 0.23079742
v -0.08227779 0.00812432 0.23090442
v -0.08227779 0.00821266 0.23292783
v -0.08227779 0.00812432 0.23304297
v -0.08227779 0.00802627 0.23314996
v -0.08227779 0.00521177 0.23168482
v -0.08227779 0.00524318 0.23154314
v -0.08227779 0.00528682 0.23140474
v -0.08227779 0.00534236 0.23127067
v -0.08227779 0.00548734 0.23292783
v -0.08227779 0.00540937 0.23280545
v -0.08227779 0.00534236 0.23267671
v -0.08227779 0.00528682 0.23254263
v -0.08227779 0.00524318 0.23240423
v -0.08227779 0.00521177 0.23226255
v -0.08227779 0.00540937 0.23114194
v -0.08227779 0.00548734 0.23101954
v -0.08227779 0.00841318 0.23254263
v -0.08227779 0.00845682 0.23240423
v -0.08227779 0.00848823 0.23226255
v -0.08227779 0.00835764 0.23267671
v -0.08227779 0.00829063 0.23280545
v -0.08227779 0.00519283 0.23211867
v -0.08227779 0.00518650 0.23197369
v -0.08227779 0.00519283 0.23182870
v -0.08227779 0.00821266 0.23101954
v -0.08227779 0.00829063 0.23114194
v -0.08227779 0.00835764 0.23127067
v -0.08227779 0.00841318 0.23140474
v -0.08227779 0.00845682 0.23154314
v -0.08227779 0.00848823 0.23168482
v -0.08227779 0.00850717 0.23182870
v -0.08227779 0.00851350 0.23197369
v -0.08227779 0.00850717 0.23211867
v -0.08227779 0.00601825 0.24841233
v -0.08227779 0.00589586 0.24833435
v -0.08227779 0.00601825 0.24553105
v -0.08227779 0.00614697 0.24546404
v -0.08227779 0.00768175 0.24553105
v -0.08227779 0.00780414 0.24560903
v -0.08227779 0.00557569 0.24590242
v -0.08227779 0.00567373 0.24579541
v -0.08227779 0.00578072 0.24569738
v -0.08227779 0.00589586 0.24560903
v -0.08227779 0.00628105 0.24540851
v -0.08227779 0.00641945 0.24536487
v -0.08227779 0.00656114 0.24533346
v -0.08227779 0.00713886 0.24533346
v -0.08227779 0.00728055 0.24536487
v -0.08227779 0.00641945 0.24857850
v -0.08227779 0.00656114 0.24860992
v -0.08227779 0.00670502 0.24862885
v -0.08227779 0.00628105 0.24853487
v -0.08227779 0.00614697 0.24847934
v -0.08227779 0.00670502 0.24531452
v -0.08227779 0.00685000 0.24530819
v -0.08227779 0.00699498 0.24531452
v -0.08227779 0.00741895 0.24540851
v -0.08227779 0.00755303 0.24546404
v -0.08227779 0.00829063 0.24780343
v -0.08227779 0.00821266 0.24792583
v -0.08227779 0.00791928 0.24824600
v -0.08227779 0.00780414 0.24833435
v -0.08227779 0.00768175 0.24841233
v -0.08227779 0.00578072 0.24824600
v -0.08227779 0.00567373 0.24814796
v -0.08227779 0.00557569 0.24804097
v -0.08227779 0.00812432 0.24804097
v -0.08227779 0.00802627 0.24814796
v -0.08227779 0.00755303 0.24847934
v -0.08227779 0.00741895 0.24853487
v -0.08227779 0.00728055 0.24857850
v -0.08227779 0.00713886 0.24860992
v -0.08227779 0.00699498 0.24862885
v -0.08227779 0.00685000 0.24863519
v -0.08227779 0.00534236 0.24626866
v -0.08227779 0.00540937 0.24613994
v -0.08227779 0.00548734 0.24601755
v -0.08227779 0.00791928 0.24569738
v -0.08227779 0.00802627 0.24579541
v -0.08227779 0.00812432 0.24590242
v -0.08227779 0.00548734 0.24792583
v -0.08227779 0.00540937 0.24780343
v -0.08227779 0.00534236 0.24767472
v -0.08227779 0.00528682 0.24754064
v -0.08227779 0.00524318 0.24740224
v -0.08227779 0.00521177 0.24726056
v -0.08227779 0.00521177 0.24668282
v -0.08227779 0.00524318 0.24654114
v -0.08227779 0.00528682 0.24640274
v -0.08227779 0.00821266 0.24601755
v -0.08227779 0.00829063 0.24613994
v -0.08227779 0.00835764 0.24626866
v -0.08227779 0.00841318 0.24640274
v -0.08227779 0.00845682 0.24654114
v -0.08227779 0.00848823 0.24668282
v -0.08227779 0.00848823 0.24726056
v -0.08227779 0.00845682 0.24740224
v -0.08227779 0.00519283 0.24711667
v -0.08227779 0.00518650 0.24697170
v -0.08227779 0.00519283 0.24682671
v -0.08227779 0.00841318 0.24754064
v -0.08227779 0.00835764 0.24767472
v -0.08227779 0.00850717 0.24682671
v -0.08227779 0.00851350 0.24697170
v -0.08227779 0.00850717 0.24711667
v -0.08227779 0.00200000 0.19447869
v -0.08227779 0.00200000 0.20947669
v -0.08227779 0.00200000 0.22447468
v -0.08227779 0.00200000 0.23947269
v -0.08227779 0.00200000 0.25447068
v -0.08227779 0.00200000 0.27696511
v -0.08211529 0.00200000 0.16460229
v -0.08325100 0.00200000 0.16523488
v -0.08256748 0.00200000 0.16379043
v -0.08370319 0.00200000 0.16442302
v -0.11871400 0.00987431 0.09922507
v -0.12001400 0.00987431 0.09922507
v -0.11871400 0.01004730 0.09920230
v -0.12001400 0.01004730 0.09920230
v -0.11871400 0.01021764 0.09916453
v -0.12001400 0.01021764 0.09916453
v -0.11871400 0.01038404 0.09911206
v -0.12001400 0.01038404 0.09911206
v -0.11871400 0.01054524 0.09904529
v -0.12001400 0.01054524 0.09904529
v -0.11871400 0.01070000 0.09896473
v -0.12001400 0.01070000 0.09896473
v -0.11871400 0.01084715 0.09887099
v -0.12001400 0.01084715 0.09887099
v -0.11871400 0.01098558 0.09876477
v -0.12001400 0.01098558 0.09876477
v -0.11871400 0.01111421 0.09864689
v -0.12001400 0.01111421 0.09864689
v -0.11871400 0.01123209 0.09851825
v -0.12001400 0.01123209 0.09851825
v -0.11871400 0.01133830 0.09837983
v -0.12001400 0.01133830 0.09837983
v -0.11871400 0.01143205 0.09823268
v -0.12001400 0.01143205 0.09823268
v -0.11871400 0.01151262 0.09807792
v -0.12001400 0.01151262 0.09807792
v -0.11871400 0.01157939 0.09791672
v -0.12001400 0.01157939 0.09791672
v -0.11871400 0.01163185 0.09775031
v -0.12001400 0.01163185 0.09775031
v -0.11871400 0.01166962 0.09757998
v -0.12001400 0.01166962 0.09757998
v -0.11871400 0.01169239 0.09740699
v -0.12001400 0.01169239 0.09740699
v -0.04284164 -0.00130000 0.10671512
v -0.04284164 0.00000000 0.10671512
v -0.04543971 -0.00130000 0.10221512
v -0.04543971 0.00000000 0.10221512
v -0.08325100 0.00870000 0.16523488
v -0.08211529 0.00870000 0.16460229
v -0.11671400 0.00000000 0.09968391
v -0.11716001 0.00036170 0.09993234
v -0.11703146 0.00026795 0.09986074
v -0.11689626 0.00018738 0.09978542
v -0.11675543 0.00012061 0.09970699
v -0.11661006 0.00006815 0.09962601
v -0.11646124 0.00003038 0.09954312
v -0.11631012 0.00000761 0.09945895
v -0.11615784 0.00000000 0.09937413
v -0.11671400 -0.00123801 0.09968391
v -0.11690400 -0.00118756 0.09978974
v -0.11781143 -0.00070320 0.10029517
v -0.11728095 0.00046791 0.09999970
v -0.11801096 -0.00052795 0.10040631
v -0.11739332 0.00058579 0.10006229
v -0.11819639 -0.00033345 0.10050960
v -0.11749630 0.00071442 0.10011965
v -0.11836631 -0.00012120 0.10060424
v -0.11758909 0.00085285 0.10017134
v -0.11851942 0.00010720 0.10068952
v -0.11767100 0.00100000 0.10021695
v -0.11865455 0.00035000 0.10076479
v -0.11774138 0.00115476 0.10025615
v -0.11877068 0.00060536 0.10082947
v -0.11779971 0.00131596 0.10028864
v -0.11886693 0.00087133 0.10088308
v -0.11784554 0.00148236 0.10031418
v -0.11894256 0.00114590 0.10092521
v -0.11787853 0.00165270 0.10033255
v -0.11899699 0.00142696 0.10095553
v -0.11789843 0.00182569 0.10034364
v -0.11902982 0.00171239 0.10097381
v -0.11790508 0.00200000 0.10034734
v -0.11904079 0.00200000 0.10097992
v -0.11714386 -0.00110099 0.09992334
v -0.11737622 -0.00099082 0.10005277
v -0.11759932 -0.00085788 0.10017703
v -0.06381715 0.00000000 0.00400000
v -0.06381715 -0.00130000 0.00400000
v -0.06381978 0.00000000 0.00406019
v -0.06381978 -0.00130000 0.00406019
v -0.06382764 0.00000000 0.00411993
v -0.06382764 -0.00130000 0.00411993
v -0.06384069 0.00000000 0.00417875
v -0.06384069 -0.00130000 0.00417875
v -0.06385880 0.00000000 0.00423621
v -0.06385880 -0.00130000 0.00423621
v -0.06388186 0.00000000 0.00429187
v -0.06388186 -0.00130000 0.00429187
v -0.06390968 0.00000000 0.00434531
v -0.06390968 -0.00130000 0.00434531
v -0.06394205 0.00000000 0.00439613
v -0.06394205 -0.00130000 0.00439613
v -0.06397872 0.00000000 0.00444393
v -0.06397872 -0.00130000 0.00444393
v -0.06401943 0.00000000 0.00448835
v -0.06401943 -0.00130000 0.00448835
v -0.06406385 0.00000000 0.00452905
v -0.06406385 -0.00130000 0.00452905
v -0.06411165 0.00000000 0.00456573
v -0.06411165 -0.00130000 0.00456573
v -0.06416246 0.00000000 0.00459810
v -0.06416246 -0.00130000 0.00459810
v -0.06421591 0.00000000 0.00462592
v -0.06421591 -0.00130000 0.00462592
v -0.06427157 0.00000000 0.00464898
v -0.06427157 -0.00130000 0.00464898
v -0.06432903 0.00000000 0.00466709
v -0.06432903 -0.00130000 0.00466709
v -0.06438785 0.00000000 0.00468013
v -0.06438785 -0.00130000 0.00468013
v -0.06444758 0.00000000 0.00468800
v -0.06444758 -0.00130000 0.00468800
v -0.06450778 0.00000000 0.00469062
v -0.06450778 -0.00130000 0.00469062
v -0.06456797 0.00000000 0.00468800
v -0.06456797 -0.00130000 0.00468800
v -0.06462770 0.00000000 0.00468013
v -0.06462770 -0.00130000 0.00468013
v -0.06468652 0.00000000 0.00466709
v -0.06468652 -0.00130000 0.00466709
v -0.06474398 0.00000000 0.00464898
v -0.06474398 -0.00130000 0.00464898
v -0.06479964 0.00000000 0.00462592
v -0.06479964 -0.00130000 0.00462592
v -0.06485309 0.00000000 0.00459810
v -0.06485309 -0.00130000 0.00459810
v -0.06490390 0.00000000 0.00456573
v -0.06490390 -0.00130000 0.00456573
v -0.06495170 0.00000000 0.00452905
v -0.06495170 -0.00130000 0.00452905
v -0.06499612 0.00000000 0.00448835
v -0.06499612 -0.00130000 0.00448835
v -0.06503683 0.00000000 0.00444393
v -0.06503683 -0.00130000 0.00444393
v -0.06507351 0.00000000 0.00439613
v -0.06507351 -0.00130000 0.00439613
v -0.06510588 0.00000000 0.00434531
v -0.06510588 -0.00130000 0.00434531
v -0.06513370 0.00000000 0.00429187
v -0.06513370 -0.00130000 0.00429187
v -0.06515675 0.00000000 0.00423621
v -0.06515675 -0.00130000 0.00423621
v -0.06517487 0.00000000 0.00417875
v -0.06517487 -0.00130000 0.00417875
v -0.06518791 0.00000000 0.00411993
v -0.06518791 -0.00130000 0.00411993
v -0.06519578 0.00000000 0.00406019
v -0.06519578 -0.00130000 0.00406019
v -0.06519840 0.00000000 0.00400000
v -0.06519840 -0.00130000 0.00400000
v -0.06519840 0.00000000 0.00000000
v -0.06519840 -0.00130000 0.00000000
v -0.06381715 0.00200000 -0.00000000
v -0.05567543 0.00628105 -0.00000000
v -0.05571907 0.00641945 -0.00000000
v -0.03306602 0.00656114 -0.00000000
v -0.03309743 0.00641945 -0.00000000
v -0.02500000 0.00200000 -0.00000000
v -0.03314107 0.00628105 -0.00000000
v -0.04323198 0.00802627 -0.00000000
v -0.04313394 0.00791928 -0.00000000
v -0.03631107 0.00728055 -0.00000000
v -0.03621189 0.00755303 -0.00000000
v -0.06181715 0.01170000 -0.00000000
v -0.03626743 0.00741895 -0.00000000
v -0.05547491 0.00589586 -0.00000000
v -0.05555288 0.00601825 -0.00000000
v -0.05561989 0.00614697 -0.00000000
v -0.05267162 0.00768175 -0.00000000
v -0.05260461 0.00755303 -0.00000000
v -0.04601507 0.00728055 -0.00000000
v -0.03319661 0.00614697 -0.00000000
v -0.03326362 0.00601825 -0.00000000
v -0.03334159 0.00589586 -0.00000000
v -0.05575048 0.00656114 -0.00000000
v -0.05576942 0.00670502 -0.00000000
v -0.06381715 0.00970000 -0.00000000
v -0.05577575 0.00685000 -0.00000000
v -0.05576942 0.00699498 -0.00000000
v -0.05274959 0.00780414 -0.00000000
v -0.06216445 0.01166962 -0.00000000
v -0.06233479 0.01163185 -0.00000000
v -0.04280143 0.00641945 -0.00000000
v -0.03626743 0.00628105 -0.00000000
v -0.03631107 0.00641945 -0.00000000
v -0.04284507 0.00628105 -0.00000000
v -0.02503038 0.01004730 -0.00000000
v -0.02506815 0.01021764 -0.00000000
v -0.03314107 0.00741895 -0.00000000
v -0.02500000 0.00970000 -0.00000000
v -0.03309743 0.00728055 -0.00000000
v -0.03306602 0.00713886 -0.00000000
v -0.03342994 0.00578072 -0.00000000
v -0.03352798 0.00567373 -0.00000000
v -0.03363497 0.00557569 -0.00000000
v -0.05411225 0.00518650 -0.00000000
v -0.05425723 0.00519283 -0.00000000
v -0.05440111 0.00521177 -0.00000000
v -0.04558452 0.00567373 -0.00000000
v -0.04568256 0.00578072 -0.00000000
v -0.05250543 0.00641945 -0.00000000
v -0.04577091 0.00589586 -0.00000000
v -0.04584888 0.00601825 -0.00000000
v -0.04597143 0.00741895 -0.00000000
v -0.04591589 0.00755303 -0.00000000
v -0.04584888 0.00768175 -0.00000000
v -0.04304559 0.00780414 -0.00000000
v -0.04296762 0.00768175 -0.00000000
v -0.04290061 0.00755303 -0.00000000
v -0.03614488 0.00768175 -0.00000000
v -0.03606691 0.00780414 -0.00000000
v -0.03597856 0.00791928 -0.00000000
v -0.03588052 0.00802627 -0.00000000
v -0.03577353 0.00812432 -0.00000000
v -0.03565839 0.00821266 -0.00000000
v -0.02512061 0.01038404 -0.00000000
v -0.02518738 0.01054524 -0.00000000
v -0.02526795 0.01070000 -0.00000000
v -0.03304708 0.00699498 -0.00000000
v -0.03304075 0.00685000 -0.00000000
v -0.03304708 0.00670502 -0.00000000
v -0.03375011 0.00548734 -0.00000000
v -0.03387250 0.00540937 -0.00000000
v -0.03400122 0.00534236 -0.00000000
v -0.03413530 0.00528682 -0.00000000
v -0.03427371 0.00524318 -0.00000000
v -0.03441539 0.00521177 -0.00000000
v -0.06354921 0.01070000 -0.00000000
v -0.06362977 0.01054524 -0.00000000
v -0.05567543 0.00741895 -0.00000000
v -0.06369653 0.01038404 -0.00000000
v -0.06374900 0.01021764 -0.00000000
v -0.04591589 0.00614697 -0.00000000
v -0.04597143 0.00628105 -0.00000000
v -0.04601507 0.00641945 -0.00000000
v -0.04455324 0.00519283 -0.00000000
v -0.05260461 0.00614697 -0.00000000
v -0.04469711 0.00521177 -0.00000000
v -0.05267162 0.00601825 -0.00000000
v -0.05274959 0.00589586 -0.00000000
v -0.05283793 0.00578072 -0.00000000
v -0.06199146 0.01169239 -0.00000000
v -0.03606691 0.00589586 -0.00000000
v -0.03614488 0.00601825 -0.00000000
v -0.03621189 0.00614697 -0.00000000
v -0.04290061 0.00614697 -0.00000000
v -0.04296762 0.00601825 -0.00000000
v -0.04304559 0.00589586 -0.00000000
v -0.04411939 0.00521177 -0.00000000
v -0.04426327 0.00519283 -0.00000000
v -0.04440825 0.00518650 -0.00000000
v -0.03553600 0.00829063 -0.00000000
v -0.03540727 0.00835764 -0.00000000
v -0.03527320 0.00841318 -0.00000000
v -0.02648236 0.01163185 -0.00000000
v -0.02665270 0.01166962 -0.00000000
v -0.03326362 0.00768175 -0.00000000
v -0.02682569 0.01169239 -0.00000000
v -0.03334159 0.00780414 -0.00000000
v -0.02700000 0.01170000 -0.00000000
v -0.03342994 0.00791928 -0.00000000
v -0.02631596 0.01157939 -0.00000000
v -0.03319661 0.00755303 -0.00000000
v -0.02615476 0.01151262 -0.00000000
v -0.02536170 0.01084715 -0.00000000
v -0.02546791 0.01098558 -0.00000000
v -0.02558579 0.01111421 -0.00000000
v -0.02571443 0.01123209 -0.00000000
v -0.02500761 0.00987431 -0.00000000
v -0.05454279 0.00524318 -0.00000000
v -0.05468120 0.00528682 -0.00000000
v -0.05481527 0.00534236 -0.00000000
v -0.05575048 0.00713886 -0.00000000
v -0.05571907 0.00728055 -0.00000000
v -0.06380954 0.00987431 -0.00000000
v -0.06378677 0.01004730 -0.00000000
v -0.05561989 0.00755303 -0.00000000
v -0.06334924 0.01098558 -0.00000000
v -0.06345546 0.01084715 -0.00000000
v -0.05440111 0.00848823 -0.00000000
v -0.05425723 0.00850717 -0.00000000
v -0.05411225 0.00851350 -0.00000000
v -0.05254907 0.00741895 -0.00000000
v -0.05250543 0.00728055 -0.00000000
v -0.04604648 0.00713886 -0.00000000
v -0.04606542 0.00699498 -0.00000000
v -0.04604648 0.00656114 -0.00000000
v -0.04606542 0.00670502 -0.00000000
v -0.05247402 0.00656114 -0.00000000
v -0.04577091 0.00780414 -0.00000000
v -0.04568256 0.00791928 -0.00000000
v -0.04558452 0.00802627 -0.00000000
v -0.04547753 0.00812432 -0.00000000
v -0.04536239 0.00821266 -0.00000000
v -0.04524000 0.00829063 -0.00000000
v -0.03455926 0.00519283 -0.00000000
v -0.03470425 0.00518650 -0.00000000
v -0.03484923 0.00519283 -0.00000000
v -0.04284507 0.00741895 -0.00000000
v -0.04280143 0.00728055 -0.00000000
v -0.03634248 0.00713886 -0.00000000
v -0.03636142 0.00699498 -0.00000000
v -0.03634248 0.00656114 -0.00000000
v -0.03636142 0.00670502 -0.00000000
v -0.04277002 0.00656114 -0.00000000
v -0.03513480 0.00845682 -0.00000000
v -0.03499311 0.00848823 -0.00000000
v -0.03484923 0.00850717 -0.00000000
v -0.03470425 0.00851350 -0.00000000
v -0.03455926 0.00850717 -0.00000000
v -0.02585285 0.01133830 -0.00000000
v -0.02600000 0.01143205 -0.00000000
v -0.05494400 0.00540937 -0.00000000
v -0.05506640 0.00548734 -0.00000000
v -0.05518153 0.00557569 -0.00000000
v -0.05528852 0.00567373 -0.00000000
v -0.05538657 0.00578072 -0.00000000
v -0.06250119 0.01157939 -0.00000000
v -0.05555288 0.00768175 -0.00000000
v -0.05547491 0.00780414 -0.00000000
v -0.06266239 0.01151262 -0.00000000
v -0.06281715 0.01143205 -0.00000000
v -0.06296431 0.01133830 -0.00000000
v -0.06310273 0.01123209 -0.00000000
v -0.06323136 0.01111421 -0.00000000
v -0.05538657 0.00791928 -0.00000000
v -0.05528852 0.00802627 -0.00000000
v -0.05518153 0.00812432 -0.00000000
v -0.05354330 0.00841318 -0.00000000
v -0.05340923 0.00835764 -0.00000000
v -0.04483880 0.00524318 -0.00000000
v -0.05254907 0.00628105 -0.00000000
v -0.04497720 0.00528682 -0.00000000
v -0.04511128 0.00534236 -0.00000000
v -0.04524000 0.00540937 -0.00000000
v -0.05293598 0.00567373 -0.00000000
v -0.05304297 0.00557569 -0.00000000
v -0.05315810 0.00548734 -0.00000000
v -0.05328050 0.00540937 -0.00000000
v -0.05340923 0.00534236 -0.00000000
v -0.05354330 0.00528682 -0.00000000
v -0.05368171 0.00524318 -0.00000000
v -0.05382339 0.00521177 -0.00000000
v -0.05396727 0.00519283 -0.00000000
v -0.04277002 0.00713886 -0.00000000
v -0.04275108 0.00699498 -0.00000000
v -0.03636775 0.00685000 -0.00000000
v -0.04274475 0.00685000 -0.00000000
v -0.04275108 0.00670502 -0.00000000
v -0.04313394 0.00578072 -0.00000000
v -0.04323198 0.00567373 -0.00000000
v -0.04333897 0.00557569 -0.00000000
v -0.04345411 0.00548734 -0.00000000
v -0.04357650 0.00540937 -0.00000000
v -0.04370522 0.00534236 -0.00000000
v -0.04383930 0.00528682 -0.00000000
v -0.04397770 0.00524318 -0.00000000
v -0.05396727 0.00850717 -0.00000000
v -0.05382339 0.00848823 -0.00000000
v -0.05368171 0.00845682 -0.00000000
v -0.05328050 0.00829063 -0.00000000
v -0.05315810 0.00821266 -0.00000000
v -0.05304297 0.00812432 -0.00000000
v -0.04536239 0.00548734 -0.00000000
v -0.04547753 0.00557569 -0.00000000
v -0.05247402 0.00713886 -0.00000000
v -0.05245508 0.00699498 -0.00000000
v -0.04607175 0.00685000 -0.00000000
v -0.05244875 0.00685000 -0.00000000
v -0.05245508 0.00670502 -0.00000000
v -0.04511128 0.00835764 -0.00000000
v -0.04497720 0.00841318 -0.00000000
v -0.04483880 0.00845682 -0.00000000
v -0.04469711 0.00848823 -0.00000000
v -0.04455324 0.00850717 -0.00000000
v -0.04440825 0.00851350 -0.00000000
v -0.03499311 0.00521177 -0.00000000
v -0.03513480 0.00524318 -0.00000000
v -0.03527320 0.00528682 -0.00000000
v -0.03540727 0.00534236 -0.00000000
v -0.03441539 0.00848823 -0.00000000
v -0.03427371 0.00845682 -0.00000000
v -0.03413530 0.00841318 -0.00000000
v -0.03400122 0.00835764 -0.00000000
v -0.03387250 0.00829063 -0.00000000
v -0.03375011 0.00821266 -0.00000000
v -0.03363497 0.00812432 -0.00000000
v -0.03352798 0.00802627 -0.00000000
v -0.05481527 0.00835764 -0.00000000
v -0.05468120 0.00841318 -0.00000000
v -0.05454279 0.00845682 -0.00000000
v -0.05293598 0.00802627 -0.00000000
v -0.05283793 0.00791928 -0.00000000
v -0.04383930 0.00841318 -0.00000000
v -0.04370522 0.00835764 -0.00000000
v -0.04357650 0.00829063 -0.00000000
v -0.03553600 0.00540937 -0.00000000
v -0.03565839 0.00548734 -0.00000000
v -0.03577353 0.00557569 -0.00000000
v -0.05506640 0.00821266 -0.00000000
v -0.05494400 0.00829063 -0.00000000
v -0.04426327 0.00850717 -0.00000000
v -0.04411939 0.00848823 -0.00000000
v -0.04397770 0.00845682 -0.00000000
v -0.04345411 0.00821266 -0.00000000
v -0.04333897 0.00812432 -0.00000000
v -0.03588052 0.00567373 -0.00000000
v -0.03597856 0.00578072 -0.00000000
v -0.06381715 -0.00000000 0.00200000
v -0.06381715 -0.00130000 0.00200000
v -0.05396727 0.00850717 -0.00130000
v -0.05411225 0.00851350 -0.00130000
v -0.06181715 0.01170000 -0.00130000
v -0.04296762 0.00601825 -0.00130000
v -0.04290061 0.00614697 -0.00130000
v -0.03631107 0.00728055 -0.00130000
v -0.03614488 0.00768175 -0.00130000
v -0.03621189 0.00755303 -0.00130000
v -0.04280143 0.00728055 -0.00130000
v -0.04323198 0.00802627 -0.00130000
v -0.04333897 0.00812432 -0.00130000
v -0.02700000 0.01170000 -0.00130000
v -0.04284507 0.00741895 -0.00130000
v -0.04290061 0.00755303 -0.00130000
v -0.04296762 0.00768175 -0.00130000
v -0.04584888 0.00768175 -0.00130000
v -0.04591589 0.00755303 -0.00130000
v -0.04597143 0.00741895 -0.00130000
v -0.04601507 0.00728055 -0.00130000
v -0.04370522 0.00534236 -0.00130000
v -0.04357650 0.00540937 -0.00130000
v -0.04304559 0.00780414 -0.00130000
v -0.04313394 0.00791928 -0.00130000
v -0.06374900 0.01021764 -0.00130000
v -0.06369653 0.01038404 -0.00130000
v -0.05567543 0.00741895 -0.00130000
v -0.06362977 0.01054524 -0.00130000
v -0.06354921 0.01070000 -0.00130000
v -0.02665270 0.01166962 -0.00130000
v -0.02648236 0.01163185 -0.00130000
v -0.03326362 0.00768175 -0.00130000
v -0.05254907 0.00741895 -0.00130000
v -0.05260461 0.00755303 -0.00130000
v -0.04383930 0.00528682 -0.00130000
v -0.03455926 0.00850717 -0.00130000
v -0.03470425 0.00851350 -0.00130000
v -0.03484923 0.00850717 -0.00130000
v -0.04284507 0.00628105 -0.00130000
v -0.04280143 0.00641945 -0.00130000
v -0.04277002 0.00656114 -0.00130000
v -0.05425723 0.00850717 -0.00130000
v -0.05440111 0.00848823 -0.00130000
v -0.05454279 0.00845682 -0.00130000
v -0.04345411 0.00548734 -0.00130000
v -0.04333897 0.00557569 -0.00130000
v -0.04323198 0.00567373 -0.00130000
v -0.04313394 0.00578072 -0.00130000
v -0.04304559 0.00589586 -0.00130000
v -0.03588052 0.00802627 -0.00130000
v -0.03597856 0.00791928 -0.00130000
v -0.03606691 0.00780414 -0.00130000
v -0.04275108 0.00670502 -0.00130000
v -0.04274475 0.00685000 -0.00130000
v -0.03626743 0.00741895 -0.00130000
v -0.04275108 0.00699498 -0.00130000
v -0.04277002 0.00713886 -0.00130000
v -0.04345411 0.00821266 -0.00130000
v -0.04357650 0.00829063 -0.00130000
v -0.04370522 0.00835764 -0.00130000
v -0.04383930 0.00841318 -0.00130000
v -0.04397770 0.00845682 -0.00130000
v -0.04411939 0.00848823 -0.00130000
v -0.05528852 0.00802627 -0.00130000
v -0.05538657 0.00791928 -0.00130000
v -0.05547491 0.00780414 -0.00130000
v -0.06199146 0.01169239 -0.00130000
v -0.05555288 0.00768175 -0.00130000
v -0.06216445 0.01166962 -0.00130000
v -0.06310273 0.01123209 -0.00130000
v -0.06296431 0.01133830 -0.00130000
v -0.05561989 0.00755303 -0.00130000
v -0.06281715 0.01143205 -0.00130000
v -0.06266239 0.01151262 -0.00130000
v -0.06250119 0.01157939 -0.00130000
v -0.06233479 0.01163185 -0.00130000
v -0.06345546 0.01084715 -0.00130000
v -0.06334924 0.01098558 -0.00130000
v -0.06323136 0.01111421 -0.00130000
v -0.04483880 0.00845682 -0.00130000
v -0.04497720 0.00841318 -0.00130000
v -0.04558452 0.00802627 -0.00130000
v -0.04547753 0.00812432 -0.00130000
v -0.04536239 0.00821266 -0.00130000
v -0.04568256 0.00791928 -0.00130000
v -0.04577091 0.00780414 -0.00130000
v -0.05575048 0.00656114 -0.00130000
v -0.05571907 0.00641945 -0.00130000
v -0.06381715 0.00200000 -0.00130000
v -0.05247402 0.00713886 -0.00130000
v -0.05250543 0.00728055 -0.00130000
v -0.04606542 0.00699498 -0.00130000
v -0.03334159 0.00780414 -0.00130000
v -0.03342994 0.00791928 -0.00130000
v -0.05267162 0.00768175 -0.00130000
v -0.05274959 0.00780414 -0.00130000
v -0.05283793 0.00791928 -0.00130000
v -0.03540727 0.00835764 -0.00130000
v -0.03553600 0.00829063 -0.00130000
v -0.05468120 0.00841318 -0.00130000
v -0.05481527 0.00835764 -0.00130000
v -0.05494400 0.00829063 -0.00130000
v -0.04469711 0.00848823 -0.00130000
v -0.04511128 0.00835764 -0.00130000
v -0.04524000 0.00829063 -0.00130000
v -0.05267162 0.00601825 -0.00130000
v -0.05260461 0.00614697 -0.00130000
v -0.02500000 0.00200000 -0.00130000
v -0.05254907 0.00628105 -0.00130000
v -0.05250543 0.00641945 -0.00130000
v -0.05315810 0.00821266 -0.00130000
v -0.05328050 0.00829063 -0.00130000
v -0.05340923 0.00835764 -0.00130000
v -0.05354330 0.00841318 -0.00130000
v -0.05368171 0.00845682 -0.00130000
v -0.05382339 0.00848823 -0.00130000
v -0.03565839 0.00821266 -0.00130000
v -0.03577353 0.00812432 -0.00130000
v -0.05506640 0.00821266 -0.00130000
v -0.05518153 0.00812432 -0.00130000
v -0.04426327 0.00850717 -0.00130000
v -0.04440825 0.00851350 -0.00130000
v -0.04455324 0.00850717 -0.00130000
v -0.03636142 0.00699498 -0.00130000
v -0.03636775 0.00685000 -0.00130000
v -0.04397770 0.00524318 -0.00130000
v -0.03326362 0.00601825 -0.00130000
v -0.03319661 0.00614697 -0.00130000
v -0.03314107 0.00628105 -0.00130000
v -0.03309743 0.00641945 -0.00130000
v -0.03306602 0.00656114 -0.00130000
v -0.03304708 0.00670502 -0.00130000
v -0.02500000 0.00970000 -0.00130000
v -0.03304075 0.00685000 -0.00130000
v -0.03304708 0.00699498 -0.00130000
v -0.03314107 0.00741895 -0.00130000
v -0.02512061 0.01038404 -0.00130000
v -0.02506815 0.01021764 -0.00130000
v -0.03499311 0.00848823 -0.00130000
v -0.03513480 0.00845682 -0.00130000
v -0.03527320 0.00841318 -0.00130000
v -0.05575048 0.00713886 -0.00130000
v -0.06381715 0.00970000 -0.00130000
v -0.05571907 0.00728055 -0.00130000
v -0.06380954 0.00987431 -0.00130000
v -0.06378677 0.01004730 -0.00130000
v -0.05576942 0.00699498 -0.00130000
v -0.05577575 0.00685000 -0.00130000
v -0.05576942 0.00670502 -0.00130000
v -0.04606542 0.00670502 -0.00130000
v -0.04604648 0.00656114 -0.00130000
v -0.04604648 0.00713886 -0.00130000
v -0.03319661 0.00755303 -0.00130000
v -0.02558579 0.01111421 -0.00130000
v -0.02546791 0.01098558 -0.00130000
v -0.02536170 0.01084715 -0.00130000
v -0.03352798 0.00802627 -0.00130000
v -0.03363497 0.00812432 -0.00130000
v -0.03375011 0.00821266 -0.00130000
v -0.03387250 0.00829063 -0.00130000
v -0.03400122 0.00835764 -0.00130000
v -0.03413530 0.00841318 -0.00130000
v -0.03427371 0.00845682 -0.00130000
v -0.03441539 0.00848823 -0.00130000
v -0.05293598 0.00802627 -0.00130000
v -0.05304297 0.00812432 -0.00130000
v -0.05567543 0.00628105 -0.00130000
v -0.05561989 0.00614697 -0.00130000
v -0.05555288 0.00601825 -0.00130000
v -0.05293598 0.00567373 -0.00130000
v -0.05283793 0.00578072 -0.00130000
v -0.05274959 0.00589586 -0.00130000
v -0.05247402 0.00656114 -0.00130000
v -0.05245508 0.00670502 -0.00130000
v -0.04607175 0.00685000 -0.00130000
v -0.05244875 0.00685000 -0.00130000
v -0.05245508 0.00699498 -0.00130000
v -0.03634248 0.00713886 -0.00130000
v -0.03306602 0.00713886 -0.00130000
v -0.03309743 0.00728055 -0.00130000
v -0.02500761 0.00987431 -0.00130000
v -0.02503038 0.01004730 -0.00130000
v -0.02526795 0.01070000 -0.00130000
v -0.02518738 0.01054524 -0.00130000
v -0.02631596 0.01157939 -0.00130000
v -0.02615476 0.01151262 -0.00130000
v -0.02600000 0.01143205 -0.00130000
v -0.02682569 0.01169239 -0.00130000
v -0.03631107 0.00641945 -0.00130000
v -0.04411939 0.00521177 -0.00130000
v -0.03634248 0.00656114 -0.00130000
v -0.03636142 0.00670502 -0.00130000
v -0.04601507 0.00641945 -0.00130000
v -0.04597143 0.00628105 -0.00130000
v -0.04591589 0.00614697 -0.00130000
v -0.03352798 0.00567373 -0.00130000
v -0.03342994 0.00578072 -0.00130000
v -0.03334159 0.00589586 -0.00130000
v -0.02585285 0.01133830 -0.00130000
v -0.02571443 0.01123209 -0.00130000
v -0.05425723 0.00519283 -0.00130000
v -0.05440111 0.00521177 -0.00130000
v -0.05454279 0.00524318 -0.00130000
v -0.03626743 0.00628105 -0.00130000
v -0.03621189 0.00614697 -0.00130000
v -0.04426327 0.00519283 -0.00130000
v -0.03614488 0.00601825 -0.00130000
v -0.04584888 0.00601825 -0.00130000
v -0.04577091 0.00589586 -0.00130000
v -0.04568256 0.00578072 -0.00130000
v -0.05547491 0.00589586 -0.00130000
v -0.05538657 0.00578072 -0.00130000
v -0.05528852 0.00567373 -0.00130000
v -0.05518153 0.00557569 -0.00130000
v -0.05506640 0.00548734 -0.00130000
v -0.05494400 0.00540937 -0.00130000
v -0.05411225 0.00518650 -0.00130000
v -0.05396727 0.00519283 -0.00130000
v -0.05382339 0.00521177 -0.00130000
v -0.05368171 0.00524318 -0.00130000
v -0.05481527 0.00534236 -0.00130000
v -0.05468120 0.00528682 -0.00130000
v -0.05354330 0.00528682 -0.00130000
v -0.05340923 0.00534236 -0.00130000
v -0.05328050 0.00540937 -0.00130000
v -0.05315810 0.00548734 -0.00130000
v -0.05304297 0.00557569 -0.00130000
v -0.04558452 0.00567373 -0.00130000
v -0.04547753 0.00557569 -0.00130000
v -0.04536239 0.00548734 -0.00130000
v -0.04524000 0.00540937 -0.00130000
v -0.04511128 0.00534236 -0.00130000
v -0.04497720 0.00528682 -0.00130000
v -0.03606691 0.00589586 -0.00130000
v -0.03597856 0.00578072 -0.00130000
v -0.03588052 0.00567373 -0.00130000
v -0.03577353 0.00557569 -0.00130000
v -0.03565839 0.00548734 -0.00130000
v -0.04440825 0.00518650 -0.00130000
v -0.03553600 0.00540937 -0.00130000
v -0.03540727 0.00534236 -0.00130000
v -0.03527320 0.00528682 -0.00130000
v -0.03470425 0.00518650 -0.00130000
v -0.03455926 0.00519283 -0.00130000
v -0.03441539 0.00521177 -0.00130000
v -0.03427371 0.00524318 -0.00130000
v -0.03513480 0.00524318 -0.00130000
v -0.03499311 0.00521177 -0.00130000
v -0.03484923 0.00519283 -0.00130000
v -0.03413530 0.00528682 -0.00130000
v -0.03400122 0.00534236 -0.00130000
v -0.03387250 0.00540937 -0.00130000
v -0.03375011 0.00548734 -0.00130000
v -0.03363497 0.00557569 -0.00130000
v -0.04483880 0.00524318 -0.00130000
v -0.04469711 0.00521177 -0.00130000
v -0.04455324 0.00519283 -0.00130000
v -0.11520872 -0.00000000 0.03172280
v -0.11554088 -0.00000000 0.03139063
v -0.11520872 -0.00130000 0.03172280
v -0.11554088 -0.00130000 0.03139063
v -0.11871400 0.00601825 0.07420605
v -0.11871400 0.00614697 0.07427305
v -0.11871400 0.00829063 0.07193366
v -0.11871400 0.00821266 0.07181127
v -0.11871400 0.00802627 0.08482314
v -0.11871400 0.00791928 0.08472510
v -0.11871400 0.00755303 0.07427305
v -0.11871400 0.00200000 0.03322807
v -0.11871400 0.00656114 0.07112718
v -0.11871400 0.00641945 0.07115860
v -0.11871400 0.00628105 0.07120223
v -0.11871400 0.00614697 0.07125777
v -0.11871400 0.00601825 0.07132478
v -0.11871400 0.00589586 0.07412807
v -0.11871400 0.00812432 0.08493014
v -0.11871400 0.00755303 0.08449177
v -0.11871400 0.00741895 0.08443623
v -0.11871400 0.00728055 0.07437222
v -0.11871400 0.00713886 0.08436118
v -0.11871400 0.00713886 0.07440364
v -0.11871400 0.00699498 0.08434224
v -0.11871400 0.00699498 0.07442258
v -0.11871400 0.00755303 0.07125777
v -0.11871400 0.00741895 0.07120223
v -0.11871400 0.00728055 0.07115860
v -0.11871400 0.00713886 0.07112718
v -0.11871400 0.00713886 0.06116964
v -0.11871400 0.00728055 0.06113823
v -0.11871400 0.00216446 0.03306361
v -0.11871400 0.00578072 0.05825710
v -0.11871400 0.00567373 0.05835514
v -0.11871400 0.00641945 0.07437222
v -0.11871400 0.00656114 0.07440364
v -0.11871400 0.00656114 0.08436118
v -0.11871400 0.00670502 0.07442258
v -0.11871400 0.00614697 0.08449177
v -0.11871400 0.00628105 0.08443623
v -0.11871400 0.00641945 0.08439259
v -0.11871400 0.00601825 0.08455878
v -0.11871400 0.00589586 0.08463675
v -0.11871400 0.00578072 0.08472510
v -0.11871400 0.00589586 0.08736207
v -0.11871400 0.00601825 0.08744004
v -0.11871400 0.00614697 0.08750705
v -0.11871400 0.00628105 0.08756259
v -0.11871400 0.00641945 0.08760623
v -0.11871400 0.00755303 0.08750705
v -0.11871400 0.00768175 0.08744004
v -0.11871400 0.00780414 0.08736207
v -0.11871400 0.00791928 0.08727372
v -0.11871400 0.00802627 0.08717568
v -0.11871400 0.00841318 0.08543046
v -0.11871400 0.00835764 0.08529638
v -0.11871400 0.00780414 0.08463675
v -0.11871400 0.00768175 0.08455878
v -0.11871400 0.00728055 0.08439259
v -0.11871400 0.00741895 0.07432859
v -0.11871400 0.00780414 0.07412807
v -0.11871400 0.00768175 0.07420605
v -0.11871400 0.00812432 0.07169613
v -0.11871400 0.00802627 0.07158913
v -0.11871400 0.00791928 0.07149109
v -0.11871400 0.00780414 0.07140275
v -0.11871400 0.00768175 0.07132478
v -0.11871400 0.00628105 0.05796823
v -0.11871400 0.00614697 0.05802377
v -0.11871400 0.00540937 0.06036316
v -0.11871400 0.00548734 0.06048555
v -0.11871400 0.00589586 0.07140275
v -0.11871400 0.00578072 0.07149109
v -0.11871400 0.00567373 0.07158913
v -0.11871400 0.00557569 0.07169613
v -0.11871400 0.00548734 0.07181127
v -0.11871400 0.00540937 0.07193366
v -0.11871400 0.00519283 0.07291039
v -0.11871400 0.00521177 0.07305428
v -0.11871400 0.00557569 0.07383469
v -0.11871400 0.00567373 0.07394169
v -0.11871400 0.00578072 0.07403973
v -0.11871400 0.00628105 0.07432859
v -0.11871400 0.00548734 0.08695356
v -0.11871400 0.00557569 0.08706868
v -0.11871400 0.00685000 0.08766291
v -0.11871400 0.00670502 0.08765658
v -0.11871400 0.00656114 0.08763764
v -0.11871400 0.00699498 0.08765658
v -0.11871400 0.00713886 0.08763764
v -0.11871400 0.00728055 0.08760623
v -0.11871400 0.00829063 0.08516766
v -0.11871400 0.00821266 0.08504526
v -0.11871400 0.00601825 0.05809078
v -0.11871400 0.00589586 0.05816875
v -0.11871400 0.00578072 0.06080573
v -0.11871400 0.00589586 0.06089407
v -0.11871400 0.00628105 0.06109459
v -0.11871400 0.00641945 0.06113823
v -0.11871400 0.00656114 0.06116964
v -0.11871400 0.00670502 0.06118858
v -0.11871400 0.00685000 0.07442891
v -0.11871400 0.00685000 0.08433591
v -0.11871400 0.00670502 0.08434224
v -0.11871400 0.00567373 0.08717568
v -0.11871400 0.00578072 0.08727372
v -0.11871400 0.00741895 0.08756259
v -0.11871400 0.00812432 0.08706868
v -0.11871400 0.00821266 0.08695356
v -0.11871400 0.00829063 0.08683116
v -0.11871400 0.00791928 0.07403973
v -0.11871400 0.00802627 0.07394169
v -0.11871400 0.00812432 0.07383469
v -0.11871400 0.00821266 0.07371955
v -0.11871400 0.00829063 0.07359716
v -0.11871400 0.00835764 0.07346844
v -0.11871400 0.00741895 0.06109459
v -0.11871400 0.00755303 0.06103905
v -0.11871400 0.00768175 0.06097204
v -0.11871400 0.00970000 0.03306361
v -0.11871400 0.00656114 0.05789318
v -0.11871400 0.00641945 0.05792459
v -0.11871400 0.00699498 0.06118858
v -0.11871400 0.00699498 0.07110824
v -0.11871400 0.00685000 0.06119491
v -0.11871400 0.00685000 0.07110191
v -0.11871400 0.00670502 0.07110824
v -0.11871400 0.00567373 0.08482314
v -0.11871400 0.00557569 0.08493014
v -0.11871400 0.00548734 0.08504526
v -0.11871400 0.00835764 0.08670244
v -0.11871400 0.00841318 0.08656836
v -0.11871400 0.00845682 0.08642995
v -0.11871400 0.00848823 0.08628827
v -0.11871400 0.00850717 0.08614440
v -0.11871400 0.00851350 0.08599941
v -0.11871400 0.00841318 0.07333436
v -0.11871400 0.00845682 0.07319596
v -0.11871400 0.00848823 0.07305428
v -0.11871400 0.00848823 0.07247654
v -0.11871400 0.00845682 0.07233486
v -0.11871400 0.00780414 0.05816875
v -0.11871400 0.00768175 0.05809078
v -0.11871400 0.00755303 0.05802377
v -0.11871400 0.00741895 0.05796823
v -0.11871400 0.00728055 0.05792459
v -0.11871400 0.00601825 0.06097204
v -0.11871400 0.00614697 0.06103905
v -0.11871400 0.00534236 0.07346844
v -0.11871400 0.00540937 0.07359716
v -0.11871400 0.00548734 0.07371955
v -0.11871400 0.00850717 0.07291039
v -0.11871400 0.00851350 0.07276541
v -0.11871400 0.00850717 0.07262043
v -0.11871400 0.00841318 0.07219646
v -0.11871400 0.00835764 0.07206239
v -0.11871400 0.00528682 0.05896246
v -0.11871400 0.00534236 0.05882838
v -0.11871400 0.00540937 0.05869966
v -0.11871400 0.00557569 0.05846213
v -0.11871400 0.00548734 0.05857727
v -0.11871400 0.00557569 0.06060069
v -0.11871400 0.00567373 0.06070768
v -0.11871400 0.00534236 0.07206239
v -0.11871400 0.00528682 0.07219646
v -0.11871400 0.00524318 0.07233486
v -0.11871400 0.00521177 0.07247654
v -0.11871400 0.00519283 0.07262043
v -0.11871400 0.00518650 0.07276541
v -0.11871400 0.00524318 0.07319596
v -0.11871400 0.00528682 0.07333436
v -0.11871400 0.00518650 0.08599941
v -0.11871400 0.00519283 0.08614440
v -0.11871400 0.00521177 0.08628827
v -0.11871400 0.00524318 0.08642995
v -0.11871400 0.00528682 0.08656836
v -0.11871400 0.00850717 0.08585443
v -0.11871400 0.00848823 0.08571055
v -0.11871400 0.00845682 0.08556887
v -0.11871400 0.00780414 0.06089407
v -0.11871400 0.00791928 0.06080573
v -0.11871400 0.00802627 0.06070768
v -0.11871400 0.00812432 0.06060069
v -0.11871400 0.00821266 0.06048555
v -0.11871400 0.00829063 0.06036316
v -0.11871400 0.00850717 0.05938643
v -0.11871400 0.00848823 0.05924255
v -0.11871400 0.00713886 0.05789318
v -0.11871400 0.00699498 0.05787424
v -0.11871400 0.00524318 0.05996196
v -0.11871400 0.00528682 0.06010036
v -0.11871400 0.00534236 0.06023443
v -0.11871400 0.00540937 0.08516766
v -0.11871400 0.00534236 0.08529638
v -0.11871400 0.00528682 0.08543046
v -0.11871400 0.00524318 0.08556887
v -0.11871400 0.00521177 0.08571055
v -0.11871400 0.00519283 0.08585443
v -0.11871400 0.00534236 0.08670244
v -0.11871400 0.00540937 0.08683116
v -0.11871400 0.00835764 0.06023443
v -0.11871400 0.00841318 0.06010036
v -0.11871400 0.00845682 0.05996196
v -0.11871400 0.00812432 0.05846213
v -0.11871400 0.00802627 0.05835514
v -0.11871400 0.00791928 0.05825710
v -0.11871400 0.01054524 0.03325099
v -0.11871400 0.01070000 0.03333156
v -0.11871400 0.01084715 0.03342531
v -0.11871400 0.01098558 0.03353152
v -0.11871400 0.01111421 0.03364940
v -0.11871400 0.01123209 0.03377803
v -0.11871400 0.01133830 0.03391646
v -0.11871400 0.01143205 0.03406361
v -0.11871400 0.00987431 0.03307122
v -0.11871400 0.00685000 0.05786791
v -0.11871400 0.00670502 0.05787424
v -0.11871400 0.00524318 0.05910087
v -0.11871400 0.00521177 0.05924255
v -0.11871400 0.00519283 0.05938643
v -0.11871400 0.00848823 0.05982028
v -0.11871400 0.00850717 0.05967639
v -0.11871400 0.00851350 0.05953141
v -0.11871400 0.01151262 0.03421837
v -0.11871400 0.01157939 0.03437957
v -0.11871400 0.01163185 0.03454597
v -0.11871400 0.01004730 0.03309400
v -0.11871400 0.01021764 0.03313176
v -0.11871400 0.01038404 0.03318423
v -0.11871400 0.00845682 0.05910087
v -0.11871400 0.00841318 0.05896246
v -0.11871400 0.00835764 0.05882838
v -0.11871400 0.00829063 0.05869966
v -0.11871400 0.00821266 0.05857727
v -0.11871400 0.01169239 0.03488930
v -0.11871400 0.01166962 0.03471632
v -0.11871400 0.00518650 0.05953141
v -0.11871400 0.00519283 0.05967639
v -0.11871400 0.00521177 0.05982028
v -0.08212084 0.00896147 0.16459231
v -0.08325655 0.00896147 0.16522489
v -0.08213747 0.00922094 0.16456246
v -0.08327317 0.00922094 0.16519506
v -0.08216503 0.00947646 0.16451298
v -0.08330074 0.00947646 0.16514558
v -0.08220332 0.00972606 0.16444422
v -0.08333904 0.00972606 0.16507682
v -0.08225206 0.00996786 0.16435674
v -0.08338777 0.00996786 0.16498932
v -0.08231086 0.01020000 0.16425116
v -0.08344658 0.01020000 0.16488375
v -0.08237929 0.01042073 0.16412830
v -0.08351500 0.01042073 0.16476090
v -0.08245682 0.01062836 0.16398913
v -0.08359253 0.01062836 0.16462171
v -0.08254286 0.01082132 0.16383465
v -0.08367857 0.01082132 0.16446725
v -0.08263675 0.01099813 0.16366608
v -0.08377246 0.01099813 0.16429867
v -0.08273779 0.01115746 0.16348469
v -0.08387350 0.01115746 0.16411728
v -0.08284520 0.01129808 0.16329186
v -0.08398090 0.01129808 0.16392444
v -0.08295815 0.01141892 0.16308905
v -0.08409387 0.01141892 0.16372164
v -0.08307581 0.01151908 0.16287781
v -0.08421152 0.01151908 0.16351040
v -0.08319727 0.01159778 0.16265975
v -0.08433298 0.01159778 0.16329233
v -0.08332161 0.01165442 0.16243653
v -0.08445732 0.01165442 0.16306911
v -0.08344787 0.01168858 0.16220984
v -0.08458358 0.01168858 0.16284244
v -0.08357510 0.01170000 0.16198142
v -0.08471081 0.01170000 0.16261400
v -0.11671400 -0.00032500 0.03322807
v -0.11671400 -0.00000000 0.03322807
v -0.11671400 -0.00130000 0.03322807
v -0.11671400 -0.00097500 0.03322807
v -0.11671400 -0.00065000 0.03322807
v -0.07697779 -0.00000000 0.27834636
v -0.07697779 -0.00130000 0.27834636
v -0.08227779 -0.00000000 0.27834636
v -0.08227779 -0.00130000 0.27834636
v -0.07697779 -0.00000000 0.27696511
v -0.07897779 -0.00000000 0.27696511
v -0.07697779 -0.00130000 0.27696511
v -0.07897779 -0.00130000 0.27696511
v -0.11626633 0.01170000 0.02928766
v -0.09072634 0.01170000 0.00374767
v -0.11718557 0.01170000 0.02836842
v -0.09164558 0.01170000 0.00282843
v 0.04734933 0.00000000 0.27834636
v 0.05134933 0.00000000 0.27834636
v 0.04734933 -0.00130000 0.27834636
v 0.05134933 -0.00130000 0.27834636
v 0.04728914 0.00000000 0.27834374
v 0.04728914 -0.00130000 0.27834374
v 0.04722940 0.00000000 0.27833587
v 0.04722940 -0.00130000 0.27833587
v 0.04717058 0.00000000 0.27832282
v 0.04717058 -0.00130000 0.27832282
v 0.04711312 0.00000000 0.27830470
v 0.04711312 -0.00130000 0.27830470
v 0.04705746 0.00000000 0.27828166
v 0.04705746 -0.00130000 0.27828166
v 0.04700401 0.00000000 0.27825382
v 0.04700401 -0.00130000 0.27825382
v 0.04695320 0.00000000 0.27822146
v 0.04695320 -0.00130000 0.27822146
v 0.04690540 0.00000000 0.27818477
v 0.04690540 -0.00130000 0.27818477
v 0.04686098 0.00000000 0.27814409
v 0.04686098 -0.00130000 0.27814409
v 0.04682028 0.00000000 0.27809966
v 0.04682028 -0.00130000 0.27809966
v 0.04678360 0.00000000 0.27805185
v 0.04678360 -0.00130000 0.27805185
v 0.04675123 0.00000000 0.27800104
v 0.04675123 -0.00130000 0.27800104
v 0.04672341 0.00000000 0.27794760
v 0.04672341 -0.00130000 0.27794760
v 0.04670035 0.00000000 0.27789193
v 0.04670035 -0.00130000 0.27789193
v 0.04668223 0.00000000 0.27783448
v 0.04668223 -0.00130000 0.27783448
v 0.04666920 0.00000000 0.27777565
v 0.04666920 -0.00130000 0.27777565
v 0.04666133 0.00000000 0.27771592
v 0.04666133 -0.00130000 0.27771592
v 0.04665871 0.00000000 0.27765572
v 0.04665871 -0.00130000 0.27765572
v 0.04666133 0.00000000 0.27759555
v 0.04666133 -0.00130000 0.27759555
v 0.04666920 0.00000000 0.27753580
v 0.04666920 -0.00130000 0.27753580
v 0.04668224 0.00000000 0.27747700
v 0.04668224 -0.00130000 0.27747700
v 0.04670035 0.00000000 0.27741954
v 0.04670035 -0.00130000 0.27741954
v 0.04672341 0.00000000 0.27736387
v 0.04672341 -0.00130000 0.27736387
v 0.04675123 0.00000000 0.27731043
v 0.04675123 -0.00130000 0.27731043
v 0.04678360 0.00000000 0.27725962
v 0.04678360 -0.00130000 0.27725962
v 0.04682028 0.00000000 0.27721182
v 0.04682028 -0.00130000 0.27721182
v 0.04686099 0.00000000 0.27716738
v 0.04686099 -0.00130000 0.27716738
v 0.04690541 0.00000000 0.27712667
v 0.04690541 -0.00130000 0.27712667
v 0.04695321 0.00000000 0.27709001
v 0.04695321 -0.00130000 0.27709001
v 0.04700402 0.00000000 0.27705765
v 0.04700402 -0.00130000 0.27705765
v 0.04705746 0.00000000 0.27702981
v 0.04705746 -0.00130000 0.27702981
v 0.04711312 0.00000000 0.27700675
v 0.04711312 -0.00130000 0.27700675
v 0.04717058 0.00000000 0.27698866
v 0.04717058 -0.00130000 0.27698866
v 0.04722941 0.00000000 0.27697560
v 0.04722941 -0.00130000 0.27697560
v 0.04728914 0.00000000 0.27696773
v 0.04728914 -0.00130000 0.27696773
v 0.04734933 0.00000000 0.27696511
v 0.04734933 -0.00130000 0.27696511
v 0.04934933 -0.00000000 0.27696511
v 0.04934933 -0.00130000 0.27696511
v -0.00292502 0.00000000 0.00667340
v -0.00292502 -0.00130000 0.00667340
v -0.00298145 0.00000000 0.00669450
v -0.00298145 -0.00130000 0.00669450
v -0.00303951 0.00000000 0.00671060
v -0.00303951 -0.00130000 0.00671060
v -0.00309875 0.00000000 0.00672158
v -0.00309875 -0.00130000 0.00672158
v -0.00315872 0.00000000 0.00672735
v -0.00315872 -0.00130000 0.00672735
v -0.00321897 0.00000000 0.00672788
v -0.00321897 -0.00130000 0.00672788
v -0.00327903 0.00000000 0.00672315
v -0.00327903 -0.00130000 0.00672315
v -0.00333846 0.00000000 0.00671321
v -0.00333846 -0.00130000 0.00671321
v -0.00339679 0.00000000 0.00669812
v -0.00339679 -0.00130000 0.00669812
v -0.00345358 0.00000000 0.00667801
v -0.00345358 -0.00130000 0.00667801
v -0.00350841 0.00000000 0.00665303
v -0.00350841 -0.00130000 0.00665303
v -0.00356084 0.00000000 0.00662336
v -0.00356084 -0.00130000 0.00662336
v -0.00361050 0.00000000 0.00658923
v -0.00361050 -0.00130000 0.00658923
v -0.00365699 0.00000000 0.00655091
v -0.00365699 -0.00130000 0.00655091
v -0.00369996 0.00000000 0.00650868
v -0.00369996 -0.00130000 0.00650868
v -0.00373909 0.00000000 0.00646287
v -0.00373909 -0.00130000 0.00646287
v -0.00377408 0.00000000 0.00641382
v -0.00377408 -0.00130000 0.00641382
v -0.00380465 0.00000000 0.00636190
v -0.00380465 -0.00130000 0.00636190
v -0.00383059 0.00000000 0.00630752
v -0.00383059 -0.00130000 0.00630752
v -0.00385169 0.00000000 0.00625109
v -0.00385169 -0.00130000 0.00625109
v -0.00386779 0.00000000 0.00619303
v -0.00386779 -0.00130000 0.00619303
v -0.00387877 0.00000000 0.00613379
v -0.00387877 -0.00130000 0.00613379
v -0.00388455 0.00000000 0.00607382
v -0.00388455 -0.00130000 0.00607382
v -0.00388507 0.00000000 0.00601357
v -0.00388507 -0.00130000 0.00601357
v -0.00388035 0.00000000 0.00595351
v -0.00388035 -0.00130000 0.00595351
v -0.00387040 0.00000000 0.00589409
v -0.00387040 -0.00130000 0.00589409
v -0.00385532 0.00000000 0.00583576
v -0.00385532 -0.00130000 0.00583576
v -0.00383521 0.00000000 0.00577896
v -0.00383521 -0.00130000 0.00577896
v -0.00381022 0.00000000 0.00572414
v -0.00381022 -0.00130000 0.00572414
v -0.00378055 0.00000000 0.00567170
v -0.00378055 -0.00130000 0.00567170
v -0.00374643 0.00000000 0.00562205
v -0.00374643 -0.00130000 0.00562205
v -0.00370810 0.00000000 0.00557556
v -0.00370810 -0.00130000 0.00557556
v -0.00366587 0.00000000 0.00553258
v -0.00366587 -0.00130000 0.00553258
v -0.00362006 0.00000000 0.00549346
v -0.00362006 -0.00130000 0.00549346
v -0.00357101 0.00000000 0.00545847
v -0.00357101 -0.00130000 0.00545847
v -0.00351910 0.00000000 0.00542789
v -0.00351910 -0.00130000 0.00542789
v -0.00346472 0.00000000 0.00540195
v -0.00346472 -0.00130000 0.00540195
v 0.00141396 0.00000000 0.00333108
v 0.00141396 -0.00130000 0.00333108
v -0.00108401 0.00000000 0.00589194
v -0.00108401 -0.00130000 0.00589194
v -0.02361875 0.00000000 0.00400000
v -0.02361875 0.00000000 0.00000000
v -0.02361875 -0.00130000 0.00400000
v -0.02361875 -0.00130000 0.00000000
v -0.12001400 0.00741895 0.08443623
v -0.12001400 0.00755303 0.08449177
v -0.12001400 0.00755303 0.07427305
v -0.12001400 0.00656114 0.08763764
v -0.12001400 0.00641945 0.08760623
v -0.12001400 0.00728055 0.08760623
v -0.12001400 0.00713886 0.08763764
v -0.12001400 0.00699498 0.08765658
v -0.12001400 0.00685000 0.08766291
v -0.12001400 0.00670502 0.08765658
v -0.12001400 0.00791928 0.08727372
v -0.12001400 0.00780414 0.08736207
v -0.12001400 0.00628105 0.08756259
v -0.12001400 0.00614697 0.08750705
v -0.12001400 0.00601825 0.08744004
v -0.12001400 0.00656114 0.07440364
v -0.12001400 0.00641945 0.07437222
v -0.12001400 0.00628105 0.07432859
v -0.12001400 0.00614697 0.07427305
v -0.12001400 0.00578072 0.08472510
v -0.12001400 0.00589586 0.08463675
v -0.12001400 0.00685000 0.07442891
v -0.12001400 0.00601825 0.08455878
v -0.12001400 0.00614697 0.08449177
v -0.12001400 0.00628105 0.08443623
v -0.12001400 0.00641945 0.08439259
v -0.12001400 0.00656114 0.08436118
v -0.12001400 0.00768175 0.08455878
v -0.12001400 0.00780414 0.08463675
v -0.12001400 0.00791928 0.08472510
v -0.12001400 0.00802627 0.08482314
v -0.12001400 0.00812432 0.08493014
v -0.12001400 0.00821266 0.08504526
v -0.12001400 0.00741895 0.08756259
v -0.12001400 0.00768175 0.08744004
v -0.12001400 0.00755303 0.08750705
v -0.12001400 0.00589586 0.08736207
v -0.12001400 0.00578072 0.08727372
v -0.12001400 0.00567373 0.08717568
v -0.12001400 0.00628105 0.07120223
v -0.12001400 0.00641945 0.07115860
v -0.12001400 0.00848823 0.05982028
v -0.12001400 0.00521177 0.08571055
v -0.12001400 0.00524318 0.08556887
v -0.12001400 0.00540937 0.08516766
v -0.12001400 0.00548734 0.08504526
v -0.12001400 0.00614697 0.07125777
v -0.12001400 0.00741895 0.06109459
v -0.12001400 0.00728055 0.06113823
v -0.12001400 0.00755303 0.07125777
v -0.12001400 0.00768175 0.07132478
v -0.12001400 0.00780414 0.07140275
v -0.12001400 0.00791928 0.07149109
v -0.12001400 0.00802627 0.07158913
v -0.12001400 0.00791928 0.07403973
v -0.12001400 0.00780414 0.07412807
v -0.12001400 0.00768175 0.07420605
v -0.12001400 0.00528682 0.08543046
v -0.12001400 0.00534236 0.08529638
v -0.12001400 0.00557569 0.08493014
v -0.12001400 0.00567373 0.08482314
v -0.12001400 0.00741895 0.07432859
v -0.12001400 0.00713886 0.08436118
v -0.12001400 0.00728055 0.08439259
v -0.12001400 0.00829063 0.08683116
v -0.12001400 0.00821266 0.08695356
v -0.12001400 0.00524318 0.08642995
v -0.12001400 0.00521177 0.08628827
v -0.12001400 0.00519283 0.08614440
v -0.12001400 0.00685000 0.06119491
v -0.12001400 0.00521177 0.07247654
v -0.12001400 0.00524318 0.07233486
v -0.12001400 0.00540937 0.07193366
v -0.12001400 0.00548734 0.07181127
v -0.12001400 0.00713886 0.07112718
v -0.12001400 0.00728055 0.07115860
v -0.12001400 0.00741895 0.07120223
v -0.12001400 0.00812432 0.07169613
v -0.12001400 0.00821266 0.07181127
v -0.12001400 0.00829063 0.07193366
v -0.12001400 0.00829063 0.08516766
v -0.12001400 0.00835764 0.08529638
v -0.12001400 0.00841318 0.08543046
v -0.12001400 0.00812432 0.08706868
v -0.12001400 0.00802627 0.08717568
v -0.12001400 0.00557569 0.08706868
v -0.12001400 0.00548734 0.08695356
v -0.12001400 0.00540937 0.08683116
v -0.12001400 0.00528682 0.07219646
v -0.12001400 0.00534236 0.07206239
v -0.12001400 0.00557569 0.07169613
v -0.12001400 0.00567373 0.07158913
v -0.12001400 0.00578072 0.07149109
v -0.12001400 0.00780414 0.06089407
v -0.12001400 0.00768175 0.06097204
v -0.12001400 0.00755303 0.06103905
v -0.12001400 0.00835764 0.07206239
v -0.12001400 0.00841318 0.07219646
v -0.12001400 0.00845682 0.07233486
v -0.12001400 0.00670502 0.08434224
v -0.12001400 0.00685000 0.08433591
v -0.12001400 0.00699498 0.07442258
v -0.12001400 0.00699498 0.08434224
v -0.12001400 0.00713886 0.07440364
v -0.12001400 0.00728055 0.07437222
v -0.12001400 0.00845682 0.08556887
v -0.12001400 0.00848823 0.08571055
v -0.12001400 0.00850717 0.08585443
v -0.12001400 0.00851350 0.08599941
v -0.12001400 0.00850717 0.08614440
v -0.12001400 0.00848823 0.08628827
v -0.12001400 0.00845682 0.08642995
v -0.12001400 0.00841318 0.08656836
v -0.12001400 0.00835764 0.08670244
v -0.12001400 0.00534236 0.08670244
v -0.12001400 0.00528682 0.08656836
v -0.12001400 0.00518650 0.08599941
v -0.12001400 0.00519283 0.08585443
v -0.12001400 0.00670502 0.07442258
v -0.12001400 0.00841318 0.06010036
v -0.12001400 0.00835764 0.06023443
v -0.12001400 0.00829063 0.06036316
v -0.12001400 0.00821266 0.06048555
v -0.12001400 0.00812432 0.06060069
v -0.12001400 0.00713886 0.06116964
v -0.12001400 0.00699498 0.06118858
v -0.12001400 0.00601825 0.07132478
v -0.12001400 0.00589586 0.07140275
v -0.12001400 0.00589586 0.05816875
v -0.12001400 0.00601825 0.07420605
v -0.12001400 0.00589586 0.07412807
v -0.12001400 0.00578072 0.07403973
v -0.12001400 0.00841318 0.07333436
v -0.12001400 0.00835764 0.07346844
v -0.12001400 0.00829063 0.07359716
v -0.12001400 0.00821266 0.07371955
v -0.12001400 0.00812432 0.07383469
v -0.12001400 0.00802627 0.07394169
v -0.12001400 0.00802627 0.06070768
v -0.12001400 0.00791928 0.06080573
v -0.12001400 0.00848823 0.07247654
v -0.12001400 0.00850717 0.07262043
v -0.12001400 0.00851350 0.07276541
v -0.12001400 0.00850717 0.07291039
v -0.12001400 0.00848823 0.07305428
v -0.12001400 0.00845682 0.07319596
v -0.12001400 0.00845682 0.05996196
v -0.12001400 0.00728055 0.05792459
v -0.12001400 0.00741895 0.05796823
v -0.12001400 0.00521177 0.05924255
v -0.12001400 0.00524318 0.05910087
v -0.12001400 0.00528682 0.05896246
v -0.12001400 0.00534236 0.05882838
v -0.12001400 0.00540937 0.05869966
v -0.12001400 0.00548734 0.05857727
v -0.12001400 0.00557569 0.05846213
v -0.12001400 0.00578072 0.05825710
v -0.12001400 0.00567373 0.05835514
v -0.12001400 0.00601825 0.05809078
v -0.12001400 0.00200000 0.03322807
v -0.12001400 0.00216446 0.03306361
v -0.12001400 0.01143205 0.03406361
v -0.12001400 0.01133830 0.03391646
v -0.12001400 0.00713886 0.05789318
v -0.12001400 0.00567373 0.07394169
v -0.12001400 0.00557569 0.07383469
v -0.12001400 0.00548734 0.07371955
v -0.12001400 0.00519283 0.05938643
v -0.12001400 0.00641945 0.06113823
v -0.12001400 0.00628105 0.06109459
v -0.12001400 0.00614697 0.06103905
v -0.12001400 0.01123209 0.03377803
v -0.12001400 0.01111421 0.03364940
v -0.12001400 0.01098558 0.03353152
v -0.12001400 0.01084715 0.03342531
v -0.12001400 0.01070000 0.03333156
v -0.12001400 0.00755303 0.05802377
v -0.12001400 0.00768175 0.05809078
v -0.12001400 0.00780414 0.05816875
v -0.12001400 0.00540937 0.07359716
v -0.12001400 0.00534236 0.07346844
v -0.12001400 0.00528682 0.07333436
v -0.12001400 0.00670502 0.06118858
v -0.12001400 0.00656114 0.06116964
v -0.12001400 0.00519283 0.07262043
v -0.12001400 0.00601825 0.06097204
v -0.12001400 0.00589586 0.06089407
v -0.12001400 0.00578072 0.06080573
v -0.12001400 0.00567373 0.06070768
v -0.12001400 0.00557569 0.06060069
v -0.12001400 0.00548734 0.06048555
v -0.12001400 0.00970000 0.03306361
v -0.12001400 0.00987431 0.03307122
v -0.12001400 0.01004730 0.03309400
v -0.12001400 0.01166962 0.03471632
v -0.12001400 0.01163185 0.03454597
v -0.12001400 0.00656114 0.07112718
v -0.12001400 0.00670502 0.07110824
v -0.12001400 0.00685000 0.07110191
v -0.12001400 0.00524318 0.07319596
v -0.12001400 0.00521177 0.07305428
v -0.12001400 0.00519283 0.07291039
v -0.12001400 0.00518650 0.07276541
v -0.12001400 0.00540937 0.06036316
v -0.12001400 0.00534236 0.06023443
v -0.12001400 0.00528682 0.06010036
v -0.12001400 0.01054524 0.03325099
v -0.12001400 0.01038404 0.03318423
v -0.12001400 0.01021764 0.03313176
v -0.12001400 0.01157939 0.03437957
v -0.12001400 0.01151262 0.03421837
v -0.12001400 0.00791928 0.05825710
v -0.12001400 0.00802627 0.05835514
v -0.12001400 0.00812432 0.05846213
v -0.12001400 0.01169239 0.03488930
v -0.12001400 0.00614697 0.05802377
v -0.12001400 0.00628105 0.05796823
v -0.12001400 0.00641945 0.05792459
v -0.12001400 0.00656114 0.05789318
v -0.12001400 0.00848823 0.05924255
v -0.12001400 0.00850717 0.05938643
v -0.12001400 0.00851350 0.05953141
v -0.12001400 0.00850717 0.05967639
v -0.12001400 0.00699498 0.07110824
v -0.12001400 0.00670502 0.05787424
v -0.12001400 0.00685000 0.05786791
v -0.12001400 0.00699498 0.05787424
v -0.12001400 0.00821266 0.05857727
v -0.12001400 0.00829063 0.05869966
v -0.12001400 0.00835764 0.05882838
v -0.12001400 0.00841318 0.05896246
v -0.12001400 0.00845682 0.05910087
v -0.12001400 0.00524318 0.05996196
v -0.12001400 0.00521177 0.05982028
v -0.12001400 0.00519283 0.05967639
v -0.12001400 0.00518650 0.05953141
v -0.11758098 0.01170000 0.10360079
v -0.11644527 0.01170000 0.10296820
v -0.11657250 0.01168858 0.10273978
v -0.11770821 0.01168858 0.10337237
v -0.11669876 0.01165442 0.10251310
v -0.11783447 0.01165442 0.10314568
v -0.11682309 0.01159778 0.10228987
v -0.11795881 0.01159778 0.10292246
v -0.11694455 0.01151908 0.10207181
v -0.11808027 0.01151908 0.10270440
v -0.11706221 0.01141892 0.10186058
v -0.11819792 0.01141892 0.10249317
v -0.11717518 0.01129808 0.10165777
v -0.11831088 0.01129808 0.10229035
v -0.11728258 0.01115746 0.10146493
v -0.11841829 0.01115746 0.10209753
v -0.11738362 0.01099813 0.10128354
v -0.11851933 0.01099813 0.10191613
v -0.11747751 0.01082132 0.10111497
v -0.11861322 0.01082132 0.10174756
v -0.11756355 0.01062836 0.10096050
v -0.11869926 0.01062836 0.10159309
v -0.11764108 0.01042073 0.10082132
v -0.11877678 0.01042073 0.10145390
v -0.11770950 0.01020000 0.10069846
v -0.11884521 0.01020000 0.10133106
v -0.11776831 0.00996786 0.10059289
v -0.11890402 0.00996786 0.10122548
v -0.11781704 0.00972606 0.10050540
v -0.11895275 0.00972606 0.10113798
v -0.11785534 0.00947646 0.10043664
v -0.11899105 0.00947646 0.10106923
v -0.11788291 0.00922094 0.10038716
v -0.11901861 0.00922094 0.10101974
v -0.11789953 0.00896147 0.10035731
v -0.11903524 0.00896147 0.10098989
v -0.11790508 0.00870000 0.10034734
v -0.11904079 0.00870000 0.10097992
v -0.02362138 0.00000000 0.00406019
v -0.02362138 -0.00130000 0.00406019
v -0.02362924 0.00000000 0.00411993
v -0.02362924 -0.00130000 0.00411993
v -0.02364228 0.00000000 0.00417875
v -0.02364228 -0.00130000 0.00417875
v -0.02366040 0.00000000 0.00423621
v -0.02366040 -0.00130000 0.00423621
v -0.02368346 0.00000000 0.00429187
v -0.02368346 -0.00130000 0.00429187
v -0.02371128 0.00000000 0.00434531
v -0.02371128 -0.00130000 0.00434531
v -0.02374365 0.00000000 0.00439613
v -0.02374365 -0.00130000 0.00439613
v -0.02378033 0.00000000 0.00444393
v -0.02378033 -0.00130000 0.00444393
v -0.02382103 0.00000000 0.00448835
v -0.02382103 -0.00130000 0.00448835
v -0.02386545 0.00000000 0.00452905
v -0.02386545 -0.00130000 0.00452905
v -0.02391325 0.00000000 0.00456573
v -0.02391325 -0.00130000 0.00456573
v -0.02396406 0.00000000 0.00459810
v -0.02396406 -0.00130000 0.00459810
v -0.02401750 0.00000000 0.00462592
v -0.02401750 -0.00130000 0.00462592
v -0.02407317 0.00000000 0.00464898
v -0.02407317 -0.00130000 0.00464898
v -0.02413063 0.00000000 0.00466709
v -0.02413063 -0.00130000 0.00466709
v -0.02418945 0.00000000 0.00468013
v -0.02418945 -0.00130000 0.00468013
v -0.02424918 0.00000000 0.00468800
v -0.02424918 -0.00130000 0.00468800
v -0.02430937 0.00000000 0.00469062
v -0.02430937 -0.00130000 0.00469062
v -0.02436957 0.00000000 0.00468800
v -0.02436957 -0.00130000 0.00468800
v -0.02442930 0.00000000 0.00468013
v -0.02442930 -0.00130000 0.00468013
v -0.02448812 0.00000000 0.00466709
v -0.02448812 -0.00130000 0.00466709
v -0.02454558 0.00000000 0.00464898
v -0.02454558 -0.00130000 0.00464898
v -0.02460125 0.00000000 0.00462592
v -0.02460125 -0.00130000 0.00462592
v -0.02465469 0.00000000 0.00459810
v -0.02465469 -0.00130000 0.00459810
v -0.02470550 0.00000000 0.00456573
v -0.02470550 -0.00130000 0.00456573
v -0.02475330 0.00000000 0.00452905
v -0.02475330 -0.00130000 0.00452905
v -0.02479772 0.00000000 0.00448835
v -0.02479772 -0.00130000 0.00448835
v -0.02483843 0.00000000 0.00444393
v -0.02483843 -0.00130000 0.00444393
v -0.02487510 0.00000000 0.00439613
v -0.02487510 -0.00130000 0.00439613
v -0.02490747 0.00000000 0.00434531
v -0.02490747 -0.00130000 0.00434531
v -0.02493529 0.00000000 0.00429187
v -0.02493529 -0.00130000 0.00429187
v -0.02495835 0.00000000 0.00423621
v -0.02495835 -0.00130000 0.00423621
v -0.02497647 0.00000000 0.00417875
v -0.02497647 -0.00130000 0.00417875
v -0.02498951 0.00000000 0.00411993
v -0.02498951 -0.00130000 0.00411993
v -0.02499737 0.00000000 0.00406019
v -0.02499737 -0.00130000 0.00406019
v -0.02500000 0.00000000 0.00400000
v -0.02500000 -0.00130000 0.00400000
v 0.02600363 0.00699498 0.06126071
v 0.02600115 0.00685000 0.06125488
v 0.02356397 0.01010675 0.05551323
v 0.00748063 0.00699498 0.01762326
v 0.00747815 0.00685000 0.01761743
v 0.00471591 0.01010675 0.01110998
v 0.00200078 0.01038404 0.00471355
v 0.00202687 0.01054524 0.00477501
v 0.00273512 0.01170000 0.00644353
v 0.00205835 0.01070000 0.00484917
v 0.00209498 0.01084715 0.00493547
v 0.00213648 0.01098558 0.00503324
v 0.00218254 0.01111421 0.00514174
v 0.00223280 0.01123209 0.00526016
v 0.00228689 0.01133830 0.00538757
v 0.00234439 0.01143205 0.00552303
v 0.00266701 0.01169239 0.00628308
v 0.00259942 0.01166962 0.00612385
v 0.00253286 0.01163185 0.00596705
v 0.00240486 0.01151262 0.00566549
v 0.00246784 0.01157939 0.00581387
v 0.00195366 0.00970000 0.00460252
v 0.00195663 0.00987431 0.00460953
v 0.00196553 0.01004730 0.00463049
v 0.00198028 0.01021764 0.00466526
v 0.04454630 0.00728055 0.10494451
v 0.04453403 0.00713886 0.10491560
v 0.04208697 0.01010675 0.09915069
v 0.05134966 0.00200000 0.12097222
v 0.04582164 0.00670502 0.10794903
v 0.05134966 0.00970000 0.12097222
v 0.04582412 0.00685000 0.10795485
v 0.04456335 0.00741895 0.10498468
v 0.04452663 0.00699498 0.10489816
v 0.04452416 0.00685000 0.10489234
v 0.04208697 0.00200000 0.09915069
v 0.04452663 0.00670502 0.10489816
v 0.04453403 0.00656114 0.10491560
v 0.04549913 0.00540937 0.10718922
v 0.04554695 0.00548734 0.10730189
v 0.04454630 0.00641945 0.10494451
v 0.04456335 0.00628105 0.10498468
v 0.04458505 0.00614697 0.10503580
v 0.04576322 0.00614697 0.10781138
v 0.04578492 0.00628105 0.10786251
v 0.04464170 0.00780414 0.10516926
v 0.04461123 0.00768175 0.10509748
v 0.04458505 0.00755303 0.10503580
v 0.05132303 0.01021764 0.12090949
v 0.04563374 0.00802627 0.10750636
v 0.04559194 0.00812432 0.10740787
v 0.04580197 0.00641945 0.10790268
v 0.04581424 0.00656114 0.10793159
v 0.04580197 0.00728055 0.10790268
v 0.04578492 0.00741895 0.10786251
v 0.04576322 0.00755303 0.10781138
v 0.04573704 0.00768175 0.10774970
v 0.04554695 0.00821266 0.10730189
v 0.04549913 0.00829063 0.10718922
v 0.04544883 0.00835764 0.10707073
v 0.04461123 0.00601825 0.10509748
v 0.04464170 0.00589586 0.10516926
v 0.04467622 0.00578072 0.10525058
v 0.04471453 0.00567373 0.10534083
v 0.04475633 0.00557569 0.10543932
v 0.04480132 0.00548734 0.10554530
v 0.04484915 0.00540937 0.10565796
v 0.04489944 0.00534236 0.10577645
v 0.04495183 0.00528682 0.10589987
v 0.04570657 0.00780414 0.10767793
v 0.04567205 0.00791928 0.10759661
v 0.04539644 0.00841318 0.10694732
v 0.04534236 0.00845682 0.10681991
v 0.04528700 0.00848823 0.10668949
v 0.04484915 0.00829063 0.10565796
v 0.04480132 0.00821266 0.10554530
v 0.04475633 0.00812432 0.10543932
v 0.04559194 0.00557569 0.10740787
v 0.04563374 0.00567373 0.10750636
v 0.04567205 0.00578072 0.10759661
v 0.04570657 0.00589586 0.10767793
v 0.04573704 0.00601825 0.10774970
v 0.04582164 0.00699498 0.10794903
v 0.04581424 0.00713886 0.10793159
v 0.05134669 0.00987431 0.12096522
v 0.05133779 0.01004730 0.12094425
v 0.04523078 0.00850717 0.10655705
v 0.04517414 0.00851350 0.10642359
v 0.04471453 0.00802627 0.10534083
v 0.04467622 0.00791928 0.10525058
v 0.04534236 0.00524318 0.10681991
v 0.04539644 0.00528682 0.10694732
v 0.04544883 0.00534236 0.10707073
v 0.04511749 0.00850717 0.10629013
v 0.04506127 0.00848823 0.10615769
v 0.04500591 0.00845682 0.10602728
v 0.04495183 0.00841318 0.10589987
v 0.04489944 0.00835764 0.10577645
v 0.04500591 0.00524318 0.10602728
v 0.04506127 0.00521177 0.10615769
v 0.04511749 0.00519283 0.10629013
v 0.04517414 0.00518650 0.10642359
v 0.04523078 0.00519283 0.10655705
v 0.04528700 0.00521177 0.10668949
v 0.05127645 0.01054524 0.12079974
v 0.05130253 0.01038404 0.12086120
v 0.05056820 0.01170000 0.11913121
v 0.04208697 0.01170000 0.09915069
v 0.05063631 0.01169239 0.11929167
v 0.05095893 0.01143205 0.12005172
v 0.05101643 0.01133830 0.12018717
v 0.05107052 0.01123209 0.12031459
v 0.05112078 0.01111421 0.12043300
v 0.05116684 0.01098558 0.12054151
v 0.05120834 0.01084715 0.12063928
v 0.05124497 0.01070000 0.12072557
v 0.05083548 0.01157939 0.11976088
v 0.05089846 0.01151262 0.11990926
v 0.05077046 0.01163185 0.11960770
v 0.05070390 0.01166962 0.11945090
v 0.00471591 0.00200000 0.01110998
v 0.00195366 0.00200000 0.00460252
v 0.00845313 0.00540937 0.01991432
v 0.00850095 0.00548734 0.02002698
v 0.01121530 0.00200000 0.02642160
v 0.00854594 0.00557569 0.02013296
v 0.00858774 0.00567373 0.02023145
v 0.00748063 0.00670502 0.01762326
v 0.00748803 0.00656114 0.01764069
v 0.00750030 0.00641945 0.01766960
v 0.00751735 0.00628105 0.01770977
v 0.00753905 0.00614697 0.01776090
v 0.00756524 0.00601825 0.01782258
v 0.00759570 0.00589586 0.01789435
v 0.00763022 0.00578072 0.01797567
v 0.00766853 0.00567373 0.01806592
v 0.01121530 0.01010675 0.02642160
v 0.00873892 0.00741895 0.02058760
v 0.00871722 0.00755303 0.02053648
v 0.00862605 0.00791928 0.02032170
v 0.00858774 0.00802627 0.02023145
v 0.00854594 0.00812432 0.02013296
v 0.00850095 0.00821266 0.02002698
v 0.00759570 0.00780414 0.01789435
v 0.00756524 0.00768175 0.01782258
v 0.00753905 0.00755303 0.01776090
v 0.00751735 0.00741895 0.01770977
v 0.00750030 0.00728055 0.01766960
v 0.00748803 0.00713886 0.01764069
v 0.00771034 0.00557569 0.01816441
v 0.00775532 0.00548734 0.01827039
v 0.00780314 0.00540937 0.01838306
v 0.00862605 0.00578072 0.02032170
v 0.00866057 0.00589586 0.02040302
v 0.00869104 0.00601825 0.02047480
v 0.00871722 0.00614697 0.02053648
v 0.00873892 0.00628105 0.02058760
v 0.00875597 0.00641945 0.02062777
v 0.00869104 0.00768175 0.02047480
v 0.00866057 0.00780414 0.02040302
v 0.00807149 0.00850717 0.01901523
v 0.00801527 0.00848823 0.01888279
v 0.00771034 0.00812432 0.01816441
v 0.00766853 0.00802627 0.01806592
v 0.00763022 0.00791928 0.01797567
v 0.00785344 0.00534236 0.01850155
v 0.00790583 0.00528682 0.01862497
v 0.00795991 0.00524318 0.01875237
v 0.00818479 0.00519283 0.01928215
v 0.00824100 0.00521177 0.01941459
v 0.00829636 0.00524318 0.01954501
v 0.00876824 0.00656114 0.02065668
v 0.00877564 0.00670502 0.02067412
v 0.00877812 0.00685000 0.02067995
v 0.00877564 0.00699498 0.02067412
v 0.00876824 0.00713886 0.02065668
v 0.00875597 0.00728055 0.02062777
v 0.00845313 0.00829063 0.01991432
v 0.00840283 0.00835764 0.01979583
v 0.00835044 0.00841318 0.01967241
v 0.00812814 0.00851350 0.01914869
v 0.00818479 0.00850717 0.01928215
v 0.00795991 0.00845682 0.01875237
v 0.00790583 0.00841318 0.01862497
v 0.00785344 0.00835764 0.01850155
v 0.00835044 0.00528682 0.01967241
v 0.00840283 0.00534236 0.01979583
v 0.00829636 0.00845682 0.01954501
v 0.00824100 0.00848823 0.01941459
v 0.00780314 0.00829063 0.01838306
v 0.00775532 0.00821266 0.01827039
v 0.00801527 0.00521177 0.01888279
v 0.00807149 0.00519283 0.01901523
v 0.00812814 0.00518650 0.01914869
v 0.01366236 0.00656114 0.03218651
v 0.01367464 0.00641945 0.03221542
v 0.01366236 0.00713886 0.03218651
v 0.01365496 0.00699498 0.03216907
v 0.01365249 0.00685000 0.03216324
v 0.01365496 0.00670502 0.03216907
v 0.01369169 0.00628105 0.03225559
v 0.01371339 0.00614697 0.03230671
v 0.01373957 0.00601825 0.03236840
v 0.01493030 0.00641945 0.03517359
v 0.01494258 0.00656114 0.03520250
v 0.01738963 0.00200000 0.04096741
v 0.01494998 0.00670502 0.03521994
v 0.01495245 0.00685000 0.03522576
v 0.01738963 0.01010675 0.04096741
v 0.01494998 0.00699498 0.03521994
v 0.01371339 0.00755303 0.03230671
v 0.01369169 0.00741895 0.03225559
v 0.01367464 0.00728055 0.03221542
v 0.01486537 0.00601825 0.03502062
v 0.01489155 0.00614697 0.03508230
v 0.01491325 0.00628105 0.03513342
v 0.01494258 0.00713886 0.03520250
v 0.01493030 0.00728055 0.03517359
v 0.01491325 0.00741895 0.03513342
v 0.01380455 0.00791928 0.03252149
v 0.01377004 0.00780414 0.03244017
v 0.01373957 0.00768175 0.03236840
v 0.01472027 0.00557569 0.03467878
v 0.01476207 0.00567373 0.03477727
v 0.01489155 0.00755303 0.03508230
v 0.01486537 0.00768175 0.03502062
v 0.01483490 0.00780414 0.03494884
v 0.01480038 0.00578072 0.03486752
v 0.01483490 0.00589586 0.03494884
v 0.01377004 0.00589586 0.03244017
v 0.01380455 0.00578072 0.03252149
v 0.01384286 0.00567373 0.03261174
v 0.01413424 0.00524318 0.03329819
v 0.01418960 0.00521177 0.03342861
v 0.01472027 0.00812432 0.03467878
v 0.01467528 0.00821266 0.03457280
v 0.01462746 0.00829063 0.03446013
v 0.01457716 0.00835764 0.03434164
v 0.01452478 0.00841318 0.03421823
v 0.01447070 0.00845682 0.03409082
v 0.01441534 0.00848823 0.03396041
v 0.01392965 0.00821266 0.03281621
v 0.01388467 0.00812432 0.03271023
v 0.01384286 0.00802627 0.03261174
v 0.01480038 0.00791928 0.03486752
v 0.01476207 0.00802627 0.03477727
v 0.01435912 0.00850717 0.03382796
v 0.01430247 0.00851350 0.03369451
v 0.01424582 0.00850717 0.03356105
v 0.01388467 0.00557569 0.03271023
v 0.01392965 0.00548734 0.03281621
v 0.01397748 0.00540937 0.03292888
v 0.01418960 0.00848823 0.03342861
v 0.01413424 0.00845682 0.03329819
v 0.01408016 0.00841318 0.03317078
v 0.01441534 0.00521177 0.03396041
v 0.01447070 0.00524318 0.03409082
v 0.01452478 0.00528682 0.03421823
v 0.01457716 0.00534236 0.03434164
v 0.01462746 0.00540937 0.03446013
v 0.01467528 0.00548734 0.03457280
v 0.01402778 0.00835764 0.03304737
v 0.01397748 0.00829063 0.03292888
v 0.01402778 0.00534236 0.03304737
v 0.01408016 0.00528682 0.03317078
v 0.01424582 0.00519283 0.03356105
v 0.01430247 0.00518650 0.03369451
v 0.01435912 0.00519283 0.03382796
v 0.01982682 0.00685000 0.04670906
v 0.01982929 0.00670502 0.04671489
v 0.01983670 0.00656114 0.04673233
v 0.01984897 0.00641945 0.04676124
v 0.01986602 0.00628105 0.04680141
v 0.02005900 0.00812432 0.04725605
v 0.02001720 0.00802627 0.04715756
v 0.01991390 0.00768175 0.04691421
v 0.01988772 0.00755303 0.04685253
v 0.01986602 0.00741895 0.04680141
v 0.01984897 0.00728055 0.04676124
v 0.01983670 0.00713886 0.04673233
v 0.01982929 0.00699498 0.04671489
v 0.01988772 0.00614697 0.04685253
v 0.01991390 0.00601825 0.04691421
v 0.01994437 0.00589586 0.04698599
v 0.01997889 0.00791928 0.04706731
v 0.01994437 0.00780414 0.04698599
v 0.01997889 0.00578072 0.04706731
v 0.02001720 0.00567373 0.04715756
v 0.02005900 0.00557569 0.04725605
v 0.02036393 0.00521177 0.04797442
v 0.02042015 0.00519283 0.04810686
v 0.02053345 0.00519283 0.04837378
v 0.02058967 0.00521177 0.04850622
v 0.02356397 0.00200000 0.05551323
v 0.02064503 0.00524318 0.04863664
v 0.02069911 0.00528682 0.04876404
v 0.02075150 0.00534236 0.04888746
v 0.02080179 0.00540937 0.04900595
v 0.02084962 0.00548734 0.04911862
v 0.02089460 0.00557569 0.04922460
v 0.02093641 0.00567373 0.04932309
v 0.02097472 0.00578072 0.04941333
v 0.02100923 0.00589586 0.04949466
v 0.02103970 0.00601825 0.04956643
v 0.02089460 0.00812432 0.04922460
v 0.02084962 0.00821266 0.04911862
v 0.02080179 0.00829063 0.04900595
v 0.02075150 0.00835764 0.04888746
v 0.02036393 0.00848823 0.04797442
v 0.02030857 0.00845682 0.04784400
v 0.02025449 0.00841318 0.04771660
v 0.02020211 0.00835764 0.04759318
v 0.02047680 0.00518650 0.04824032
v 0.02069911 0.00841318 0.04876404
v 0.02064503 0.00845682 0.04863664
v 0.02058967 0.00848823 0.04850622
v 0.02015181 0.00829063 0.04747469
v 0.02010399 0.00821266 0.04736203
v 0.02010399 0.00548734 0.04736203
v 0.02015181 0.00540937 0.04747469
v 0.02020211 0.00534236 0.04759318
v 0.02053345 0.00850717 0.04837378
v 0.02047680 0.00851350 0.04824032
v 0.02042015 0.00850717 0.04810686
v 0.02025449 0.00528682 0.04771660
v 0.02030857 0.00524318 0.04784400
v 0.02108759 0.00741895 0.04967923
v 0.02106589 0.00755303 0.04962812
v 0.02103970 0.00768175 0.04956643
v 0.02100923 0.00780414 0.04949466
v 0.02097472 0.00791928 0.04941333
v 0.02093641 0.00802627 0.04932309
v 0.02106589 0.00614697 0.04962812
v 0.02108759 0.00628105 0.04967923
v 0.02110464 0.00641945 0.04971940
v 0.02112431 0.00699498 0.04976575
v 0.02111691 0.00713886 0.04974832
v 0.02110464 0.00728055 0.04971940
v 0.02111691 0.00656114 0.04974832
v 0.02112431 0.00670502 0.04976575
v 0.02112678 0.00685000 0.04977158
v 0.02724022 0.00755303 0.06417393
v 0.02721404 0.00768175 0.06411225
v 0.02973830 0.01010675 0.07005905
v 0.02729124 0.00656114 0.06429414
v 0.02973830 0.00200000 0.07005905
v 0.02727897 0.00641945 0.06426522
v 0.02726192 0.00628105 0.06422506
v 0.02729124 0.00713886 0.06429414
v 0.02727897 0.00728055 0.06426522
v 0.02726192 0.00741895 0.06422506
v 0.02697613 0.00829063 0.06355177
v 0.02692583 0.00835764 0.06343328
v 0.02606205 0.00614697 0.06139835
v 0.02608824 0.00601825 0.06146003
v 0.02718357 0.00589586 0.06404047
v 0.02721404 0.00601825 0.06411225
v 0.02724022 0.00614697 0.06417393
v 0.02718357 0.00780414 0.06404047
v 0.02714905 0.00791928 0.06395915
v 0.02711074 0.00802627 0.06386890
v 0.02729864 0.00670502 0.06431157
v 0.02730112 0.00685000 0.06431740
v 0.02729864 0.00699498 0.06431157
v 0.02706894 0.00812432 0.06377041
v 0.02702395 0.00821266 0.06366444
v 0.02670779 0.00519283 0.06291960
v 0.02676400 0.00521177 0.06305204
v 0.02706894 0.00557569 0.06377041
v 0.02711074 0.00567373 0.06386890
v 0.02714905 0.00578072 0.06395915
v 0.02687344 0.00841318 0.06330986
v 0.02681936 0.00845682 0.06318246
v 0.02676400 0.00848823 0.06305204
v 0.02623334 0.00812432 0.06180187
v 0.02619153 0.00802627 0.06170338
v 0.02604035 0.00741895 0.06134723
v 0.02606205 0.00755303 0.06139835
v 0.02608824 0.00768175 0.06146003
v 0.02600363 0.00670502 0.06126071
v 0.02601103 0.00656114 0.06127814
v 0.02611870 0.00589586 0.06153180
v 0.02615322 0.00578072 0.06161313
v 0.02619153 0.00567373 0.06170338
v 0.02615322 0.00791928 0.06161313
v 0.02611870 0.00780414 0.06153180
v 0.02602330 0.00728055 0.06130706
v 0.02601103 0.00713886 0.06127814
v 0.02602330 0.00641945 0.06130706
v 0.02604035 0.00628105 0.06134723
v 0.02623334 0.00557569 0.06180187
v 0.02627832 0.00548734 0.06190785
v 0.02632614 0.00540937 0.06202051
v 0.02692583 0.00534236 0.06343328
v 0.02697613 0.00540937 0.06355177
v 0.02702395 0.00548734 0.06366444
v 0.02637644 0.00534236 0.06213900
v 0.02642883 0.00528682 0.06226242
v 0.02648291 0.00524318 0.06238982
v 0.02681936 0.00524318 0.06318246
v 0.02687344 0.00528682 0.06330986
v 0.02670779 0.00850717 0.06291960
v 0.02665113 0.00851350 0.06278614
v 0.02659449 0.00850717 0.06265268
v 0.02653827 0.00848823 0.06252024
v 0.02648291 0.00845682 0.06238982
v 0.02642883 0.00841318 0.06226242
v 0.02637644 0.00835764 0.06213900
v 0.02653827 0.00521177 0.06252024
v 0.02659449 0.00519283 0.06265268
v 0.02665113 0.00518650 0.06278614
v 0.02632614 0.00829063 0.06202051
v 0.02627832 0.00821266 0.06190785
v 0.03217796 0.00699498 0.07580653
v 0.03217549 0.00685000 0.07580069
v 0.03335790 0.00589586 0.07858630
v 0.03338837 0.00601825 0.07865807
v 0.03591264 0.00200000 0.08460487
v 0.03341455 0.00614697 0.07871975
v 0.03343625 0.00628105 0.07877087
v 0.03345330 0.00641945 0.07881104
v 0.03347298 0.00699498 0.07885739
v 0.03346558 0.00713886 0.07883996
v 0.03591264 0.01010675 0.08460487
v 0.03345330 0.00728055 0.07881104
v 0.03343625 0.00741895 0.07877087
v 0.03341455 0.00755303 0.07871975
v 0.03240767 0.00557569 0.07634769
v 0.03245265 0.00548734 0.07645366
v 0.03338837 0.00768175 0.07865807
v 0.03335790 0.00780414 0.07858630
v 0.03332338 0.00791928 0.07850497
v 0.03217796 0.00670502 0.07580653
v 0.03218536 0.00656114 0.07582396
v 0.03219764 0.00641945 0.07585287
v 0.03236586 0.00567373 0.07624920
v 0.03221469 0.00628105 0.07589304
v 0.03223639 0.00614697 0.07594416
v 0.03226257 0.00601825 0.07600585
v 0.03346558 0.00656114 0.07883996
v 0.03347298 0.00670502 0.07885739
v 0.03347545 0.00685000 0.07886322
v 0.03221469 0.00741895 0.07589304
v 0.03219764 0.00728055 0.07585287
v 0.03218536 0.00713886 0.07582396
v 0.03229304 0.00589586 0.07607763
v 0.03232756 0.00578072 0.07615895
v 0.03288212 0.00519283 0.07746542
v 0.03293834 0.00521177 0.07759786
v 0.03324327 0.00557569 0.07831623
v 0.03328507 0.00567373 0.07841472
v 0.03332338 0.00578072 0.07850497
v 0.03229304 0.00780414 0.07607763
v 0.03226257 0.00768175 0.07600585
v 0.03223639 0.00755303 0.07594416
v 0.03260316 0.00528682 0.07680824
v 0.03265724 0.00524318 0.07693564
v 0.03310016 0.00835764 0.07797910
v 0.03315046 0.00829063 0.07809759
v 0.03319828 0.00821266 0.07821025
v 0.03304778 0.00841318 0.07785568
v 0.03299370 0.00845682 0.07772828
v 0.03293834 0.00848823 0.07759786
v 0.03271260 0.00848823 0.07706606
v 0.03265724 0.00845682 0.07693564
v 0.03260316 0.00841318 0.07680824
v 0.03255077 0.00835764 0.07668482
v 0.03250048 0.00540937 0.07656633
v 0.03255077 0.00534236 0.07668482
v 0.03328507 0.00802627 0.07841472
v 0.03324327 0.00812432 0.07831623
v 0.03250048 0.00829063 0.07656633
v 0.03245265 0.00821266 0.07645366
v 0.03240767 0.00812432 0.07634769
v 0.03271260 0.00521177 0.07706606
v 0.03276882 0.00519283 0.07719850
v 0.03282547 0.00518650 0.07733196
v 0.03299370 0.00524318 0.07772828
v 0.03304778 0.00528682 0.07785568
v 0.03310016 0.00534236 0.07797910
v 0.03236586 0.00802627 0.07624920
v 0.03232756 0.00791928 0.07615895
v 0.03315046 0.00540937 0.07809759
v 0.03319828 0.00548734 0.07821025
v 0.03288212 0.00850717 0.07746542
v 0.03282547 0.00851350 0.07733196
v 0.03276882 0.00850717 0.07719850
v 0.03958888 0.00614697 0.09326557
v 0.03961058 0.00628105 0.09331669
v 0.03962763 0.00641945 0.09335686
v 0.03949772 0.00578072 0.09305079
v 0.03953224 0.00589586 0.09313211
v 0.03956270 0.00601825 0.09320389
v 0.03964731 0.00699498 0.09340321
v 0.03963991 0.00713886 0.09338577
v 0.03962763 0.00728055 0.09335686
v 0.03961058 0.00741895 0.09331669
v 0.03841072 0.00755303 0.09048998
v 0.03838902 0.00741895 0.09043887
v 0.03837197 0.00728055 0.09039869
v 0.03835969 0.00713886 0.09036978
v 0.03835230 0.00699498 0.09035234
v 0.03834982 0.00685000 0.09034652
v 0.03958888 0.00755303 0.09326557
v 0.03956270 0.00768175 0.09320389
v 0.03953224 0.00780414 0.09313211
v 0.03835230 0.00670502 0.09035234
v 0.03835969 0.00656114 0.09036978
v 0.03837197 0.00641945 0.09039869
v 0.03838902 0.00628105 0.09043887
v 0.03841072 0.00614697 0.09048998
v 0.03843690 0.00601825 0.09055167
v 0.03846737 0.00589586 0.09062344
v 0.03850189 0.00578072 0.09070476
v 0.03854020 0.00567373 0.09079501
v 0.03963991 0.00656114 0.09338577
v 0.03964731 0.00670502 0.09340321
v 0.03964978 0.00685000 0.09340904
v 0.03850189 0.00791928 0.09070476
v 0.03846737 0.00780414 0.09062344
v 0.03843690 0.00768175 0.09055167
v 0.03858200 0.00557569 0.09089350
v 0.03862699 0.00548734 0.09099948
v 0.03867481 0.00540937 0.09111214
v 0.03872511 0.00534236 0.09123064
v 0.03877750 0.00528682 0.09135406
v 0.03883157 0.00524318 0.09148145
v 0.03905645 0.00519283 0.09201124
v 0.03911267 0.00521177 0.09214368
v 0.03916803 0.00524318 0.09227409
v 0.03922211 0.00528682 0.09240150
v 0.03927450 0.00534236 0.09252492
v 0.03932479 0.00540937 0.09264340
v 0.03937262 0.00548734 0.09275607
v 0.03888693 0.00848823 0.09161188
v 0.03883157 0.00845682 0.09148145
v 0.03877750 0.00841318 0.09135406
v 0.03872511 0.00835764 0.09123064
v 0.03867481 0.00829063 0.09111214
v 0.03862699 0.00821266 0.09099948
v 0.03941760 0.00557569 0.09286205
v 0.03945941 0.00567373 0.09296054
v 0.03949772 0.00791928 0.09305079
v 0.03945941 0.00802627 0.09296054
v 0.03941760 0.00812432 0.09286205
v 0.03937262 0.00821266 0.09275607
v 0.03932479 0.00829063 0.09264340
v 0.03927450 0.00835764 0.09252492
v 0.03922211 0.00841318 0.09240150
v 0.03916803 0.00845682 0.09227409
v 0.03911267 0.00848823 0.09214368
v 0.03858200 0.00812432 0.09089350
v 0.03854020 0.00802627 0.09079501
v 0.03905645 0.00850717 0.09201124
v 0.03899980 0.00851350 0.09187777
v 0.03894315 0.00850717 0.09174432
v 0.03888693 0.00521177 0.09161188
v 0.03894315 0.00519283 0.09174432
v 0.03899980 0.00518650 0.09187777
v 0.03591264 0.01170000 0.08460487
v 0.02973830 0.01170000 0.07005905
v 0.02356397 0.01170000 0.05551323
v 0.01738963 0.01170000 0.04096741
v 0.01121530 0.01170000 0.02642160
v 0.00471591 0.01170000 0.01110998
v -0.02500000 0.00000000 0.00200000
v -0.02500000 -0.00130000 0.00200000
v 0.03334936 0.00000000 0.14196512
v -0.06427778 0.00000000 0.14196512
v 0.03334936 -0.00130000 0.14196512
v -0.06427778 -0.00130000 0.14196512
v -0.07907300 -0.00130000 0.16184402
v -0.07907300 0.00000000 0.16184402
v -0.08082024 -0.00130000 0.16281722
v -0.08082024 0.00000000 0.16281722
v -0.04543971 0.00000000 0.11121511
v -0.04543971 -0.00130000 0.11121511
v -0.11671400 -0.00000000 0.09923268
v -0.11671400 -0.00130000 0.09923268
v -0.11671400 -0.00130000 0.09968391
v -0.07697779 0.00000000 0.17198212
v -0.07697779 -0.00130000 0.17198212
v -0.07897779 0.00000000 0.17198212
v -0.07897779 -0.00130000 0.17198212
v 0.05015301 0.00970000 0.12148017
v 0.05015301 0.00200000 0.12148017
v 0.04934965 0.00000000 0.12470621
v 0.04934965 -0.00130000 0.12470621
v 0.04831200 0.00000000 0.12226164
v 0.04831200 -0.00130000 0.12226164
v 0.03334936 -0.00130000 0.26196513
v -0.06427778 -0.00130000 0.26196513
v 0.03334936 0.00000000 0.26196513
v -0.06427778 0.00000000 0.26196513
v -0.07027779 -0.00130000 0.25596511
v -0.07027779 -0.00130000 0.14796512
v -0.07027779 0.00000000 0.25596511
v -0.07027779 0.00000000 0.14796512
v 0.03934936 0.00000000 0.25596511
v 0.03934936 0.00000000 0.14796512
v 0.03934936 -0.00130000 0.25596511
v 0.03934936 -0.00130000 0.14796512
v -0.07697779 0.00000000 0.17060086
v -0.07697779 -0.00130000 0.17060086
v -0.07691760 0.00000000 0.17060350
v -0.07691760 -0.00130000 0.17060350
v -0.07685786 0.00000000 0.17061137
v -0.07685786 -0.00130000 0.17061137
v -0.07679904 0.00000000 0.17062441
v -0.07679904 -0.00130000 0.17062441
v -0.07674158 0.00000000 0.17064252
v -0.07674158 -0.00130000 0.17064252
v -0.07668591 0.00000000 0.17066558
v -0.07668591 -0.00130000 0.17066558
v -0.07663248 0.00000000 0.17069340
v -0.07663248 -0.00130000 0.17069340
v -0.07658166 0.00000000 0.17072576
v -0.07658166 -0.00130000 0.17072576
v -0.07653386 0.00000000 0.17076245
v -0.07653386 -0.00130000 0.17076245
v -0.07648944 0.00000000 0.17080314
v -0.07648944 -0.00130000 0.17080314
v -0.07644874 0.00000000 0.17084756
v -0.07644874 -0.00130000 0.17084756
v -0.07641206 0.00000000 0.17089537
v -0.07641206 -0.00130000 0.17089537
v -0.07637969 0.00000000 0.17094618
v -0.07637969 -0.00130000 0.17094618
v -0.07635187 0.00000000 0.17099962
v -0.07635187 -0.00130000 0.17099962
v -0.07632881 0.00000000 0.17105529
v -0.07632881 -0.00130000 0.17105529
v -0.07631069 0.00000000 0.17111275
v -0.07631069 -0.00130000 0.17111275
v -0.07629766 0.00000000 0.17117156
v -0.07629766 -0.00130000 0.17117156
v -0.07628979 0.00000000 0.17123130
v -0.07628979 -0.00130000 0.17123130
v -0.07628717 0.00000000 0.17129150
v -0.07628717 -0.00130000 0.17129150
v -0.07628979 0.00000000 0.17135169
v -0.07628979 -0.00130000 0.17135169
v -0.07629766 0.00000000 0.17141142
v -0.07629766 -0.00130000 0.17141142
v -0.07631069 0.00000000 0.17147024
v -0.07631069 -0.00130000 0.17147024
v -0.07632881 0.00000000 0.17152770
v -0.07632881 -0.00130000 0.17152770
v -0.07635187 0.00000000 0.17158337
v -0.07635187 -0.00130000 0.17158337
v -0.07637969 0.00000000 0.17163680
v -0.07637969 -0.00130000 0.17163680
v -0.07641206 0.00000000 0.17168762
v -0.07641206 -0.00130000 0.17168762
v -0.07644874 0.00000000 0.17173542
v -0.07644874 -0.00130000 0.17173542
v -0.07648944 0.00000000 0.17177984
v -0.07648944 -0.00130000 0.17177984
v -0.07653386 0.00000000 0.17182054
v -0.07653386 -0.00130000 0.17182054
v -0.07658166 0.00000000 0.17185722
v -0.07658166 -0.00130000 0.17185722
v -0.07663248 0.00000000 0.17188959
v -0.07663248 -0.00130000 0.17188959
v -0.07668591 0.00000000 0.17191741
v -0.07668591 -0.00130000 0.17191741
v -0.07674158 0.00000000 0.17194048
v -0.07674158 -0.00130000 0.17194048
v -0.07679904 0.00000000 0.17195858
v -0.07679904 -0.00130000 0.17195858
v -0.07685786 0.00000000 0.17197162
v -0.07685786 -0.00130000 0.17197162
v -0.07691760 0.00000000 0.17197949
v -0.07691760 -0.00130000 0.17197949
v 0.04934965 -0.00130000 0.12597223
v 0.04934965 -0.00000000 0.12597223
v -0.08097779 0.01170000 0.17398211
v -0.08097779 0.01170000 0.17864916
v -0.08097779 0.00359325 0.17864916
v -0.08097779 0.00359325 0.17198212
v -0.08097779 0.00970000 0.17198212
v -0.08097779 0.00987431 0.17198972
v -0.08097779 0.01123209 0.17269655
v -0.08097779 0.01133830 0.17283496
v -0.08097779 0.01004730 0.17201251
v -0.08097779 0.01021764 0.17205027
v -0.08097779 0.01038404 0.17210273
v -0.08097779 0.01054524 0.17216951
v -0.08097779 0.01070000 0.17225006
v -0.08097779 0.01084715 0.17234382
v -0.08097779 0.01098558 0.17245004
v -0.08097779 0.01111421 0.17256790
v -0.08097779 0.01166962 0.17363483
v -0.08097779 0.01151262 0.17313688
v -0.08097779 0.01163185 0.17346448
v -0.08097779 0.01157939 0.17329808
v -0.08097779 0.01143205 0.17298211
v -0.08097779 0.01169239 0.17380780
v -0.08097779 0.00755303 0.26046205
v -0.08097779 0.00741895 0.26040652
v -0.08097779 0.01170000 0.25447068
v -0.08097779 0.00728055 0.26036286
v -0.08097779 0.00670502 0.26031253
v -0.08097779 0.00656114 0.26033145
v -0.08097779 0.00359325 0.25447068
v -0.08097779 0.00641945 0.26036286
v -0.08097779 0.00713886 0.26033145
v -0.08097779 0.00699498 0.26031253
v -0.08097779 0.00685000 0.26030618
v -0.08097779 0.00755303 0.26347733
v -0.08097779 0.00768175 0.26341033
v -0.08097779 0.01170000 0.27496511
v -0.08097779 0.00628105 0.26040652
v -0.08097779 0.00614697 0.26046205
v -0.08097779 0.00601825 0.26052907
v -0.08097779 0.00614697 0.26347733
v -0.08097779 0.00628105 0.26353288
v -0.08097779 0.00359325 0.27696511
v -0.08097779 0.00641945 0.26357651
v -0.08097779 0.00741895 0.26353288
v -0.08097779 0.00548734 0.26101553
v -0.08097779 0.00557569 0.26090041
v -0.08097779 0.00567373 0.26079342
v -0.08097779 0.00540937 0.26280144
v -0.08097779 0.00548734 0.26292384
v -0.08097779 0.00685000 0.26363319
v -0.08097779 0.00970000 0.27696511
v -0.08097779 0.00670502 0.26362687
v -0.08097779 0.00656114 0.26360792
v -0.08097779 0.00589586 0.26060703
v -0.08097779 0.00578072 0.26069537
v -0.08097779 0.00557569 0.26303896
v -0.08097779 0.00567373 0.26314595
v -0.08097779 0.00578072 0.26324400
v -0.08097779 0.00589586 0.26333234
v -0.08097779 0.00601825 0.26341033
v -0.08097779 0.00829063 0.26113793
v -0.08097779 0.00821266 0.26101553
v -0.08097779 0.00699498 0.26362687
v -0.08097779 0.00713886 0.26360792
v -0.08097779 0.00987431 0.27695751
v -0.08097779 0.00728055 0.26357651
v -0.08097779 0.01004730 0.27693474
v -0.08097779 0.01133830 0.27611226
v -0.08097779 0.01123209 0.27625069
v -0.08097779 0.01111421 0.27637932
v -0.08097779 0.01098558 0.27649722
v -0.08097779 0.00780414 0.26333234
v -0.08097779 0.00791928 0.26324400
v -0.08097779 0.00802627 0.26314595
v -0.08097779 0.00812432 0.26090041
v -0.08097779 0.00802627 0.26079342
v -0.08097779 0.00791928 0.26069537
v -0.08097779 0.00780414 0.26060703
v -0.08097779 0.00768175 0.26052907
v -0.08097779 0.01084715 0.27660343
v -0.08097779 0.01070000 0.27669716
v -0.08097779 0.01054524 0.27677774
v -0.08097779 0.01038404 0.27684450
v -0.08097779 0.01021764 0.27689698
v -0.08097779 0.01157939 0.27564916
v -0.08097779 0.01151262 0.27581036
v -0.08097779 0.01143205 0.27596512
v -0.08097779 0.00812432 0.26303896
v -0.08097779 0.00821266 0.26292384
v -0.08097779 0.00829063 0.26280144
v -0.08097779 0.00540937 0.26113793
v -0.08097779 0.00534236 0.26126668
v -0.08097779 0.00528682 0.26140073
v -0.08097779 0.01169239 0.27513942
v -0.08097779 0.01166962 0.27531242
v -0.08097779 0.01163185 0.27548274
v -0.08097779 0.00524318 0.26153913
v -0.08097779 0.00521177 0.26168081
v -0.08097779 0.00519283 0.26182470
v -0.08097779 0.00524318 0.26240024
v -0.08097779 0.00528682 0.26253864
v -0.08097779 0.00534236 0.26267272
v -0.08097779 0.00835764 0.26267272
v -0.08097779 0.00841318 0.26253864
v -0.08097779 0.00845682 0.26240024
v -0.08097779 0.00848823 0.26168081
v -0.08097779 0.00845682 0.26153913
v -0.08097779 0.00850717 0.26182470
v -0.08097779 0.00841318 0.26140073
v -0.08097779 0.00835764 0.26126668
v -0.08097779 0.00518650 0.26196969
v -0.08097779 0.00519283 0.26211467
v -0.08097779 0.00521177 0.26225856
v -0.08097779 0.00848823 0.26225856
v -0.08097779 0.00850717 0.26211467
v -0.08097779 0.00851350 0.26196969
v -0.08097779 0.00601825 0.24553105
v -0.08097779 0.00589586 0.24560903
v -0.08097779 0.00359325 0.23947269
v -0.08097779 0.00768175 0.24841233
v -0.08097779 0.00780414 0.24833435
v -0.08097779 0.00601825 0.24841233
v -0.08097779 0.00614697 0.24847934
v -0.08097779 0.00685000 0.24530819
v -0.08097779 0.00670502 0.24531452
v -0.08097779 0.00656114 0.24533346
v -0.08097779 0.00641945 0.24536487
v -0.08097779 0.00628105 0.24540851
v -0.08097779 0.00614697 0.24546404
v -0.08097779 0.00713886 0.24860992
v -0.08097779 0.00728055 0.24857850
v -0.08097779 0.00768175 0.24553105
v -0.08097779 0.00755303 0.24546404
v -0.08097779 0.01170000 0.23947269
v -0.08097779 0.00741895 0.24540851
v -0.08097779 0.00728055 0.24536487
v -0.08097779 0.00713886 0.24533346
v -0.08097779 0.00699498 0.24531452
v -0.08097779 0.00548734 0.24792583
v -0.08097779 0.00557569 0.24804097
v -0.08097779 0.00567373 0.24814796
v -0.08097779 0.00628105 0.24853487
v -0.08097779 0.00641945 0.24857850
v -0.08097779 0.00656114 0.24860992
v -0.08097779 0.00670502 0.24862885
v -0.08097779 0.00685000 0.24863519
v -0.08097779 0.00699498 0.24862885
v -0.08097779 0.00741895 0.24853487
v -0.08097779 0.00755303 0.24847934
v -0.08097779 0.00791928 0.24824600
v -0.08097779 0.00802627 0.24814796
v -0.08097779 0.00812432 0.24804097
v -0.08097779 0.00578072 0.24569738
v -0.08097779 0.00567373 0.24579541
v -0.08097779 0.00557569 0.24590242
v -0.08097779 0.00578072 0.24824600
v -0.08097779 0.00589586 0.24833435
v -0.08097779 0.00829063 0.24613994
v -0.08097779 0.00821266 0.24601755
v -0.08097779 0.00812432 0.24590242
v -0.08097779 0.00802627 0.24579541
v -0.08097779 0.00791928 0.24569738
v -0.08097779 0.00780414 0.24560903
v -0.08097779 0.00548734 0.24601755
v -0.08097779 0.00540937 0.24613994
v -0.08097779 0.00534236 0.24626866
v -0.08097779 0.00528682 0.24640274
v -0.08097779 0.00524318 0.24654114
v -0.08097779 0.00521177 0.24668282
v -0.08097779 0.00821266 0.24792583
v -0.08097779 0.00829063 0.24780343
v -0.08097779 0.00835764 0.24767472
v -0.08097779 0.00848823 0.24668282
v -0.08097779 0.00845682 0.24654114
v -0.08097779 0.00841318 0.24754064
v -0.08097779 0.00845682 0.24740224
v -0.08097779 0.00848823 0.24726056
v -0.08097779 0.00528682 0.24754064
v -0.08097779 0.00524318 0.24740224
v -0.08097779 0.00521177 0.24726056
v -0.08097779 0.00534236 0.24767472
v -0.08097779 0.00540937 0.24780343
v -0.08097779 0.00841318 0.24640274
v -0.08097779 0.00835764 0.24626866
v -0.08097779 0.00519283 0.24682671
v -0.08097779 0.00518650 0.24697170
v -0.08097779 0.00519283 0.24711667
v -0.08097779 0.00850717 0.24711667
v -0.08097779 0.00851350 0.24697170
v -0.08097779 0.00850717 0.24682671
v -0.08097779 0.00768175 0.23341432
v -0.08097779 0.00780414 0.23333634
v -0.08097779 0.00601825 0.23053306
v -0.08097779 0.00589586 0.23061103
v -0.08097779 0.00359325 0.22447468
v -0.08097779 0.00685000 0.23363718
v -0.08097779 0.00699498 0.23363087
v -0.08097779 0.00713886 0.23361191
v -0.08097779 0.00728055 0.23358050
v -0.08097779 0.00741895 0.23353687
v -0.08097779 0.00755303 0.23348133
v -0.08097779 0.00641945 0.23036687
v -0.08097779 0.00656114 0.23033546
v -0.08097779 0.00670502 0.23031652
v -0.08097779 0.00628105 0.23041052
v -0.08097779 0.00614697 0.23046605
v -0.08097779 0.00768175 0.23053306
v -0.08097779 0.00755303 0.23046605
v -0.08097779 0.01170000 0.22447468
v -0.08097779 0.00741895 0.23041052
v -0.08097779 0.00728055 0.23036687
v -0.08097779 0.00713886 0.23033546
v -0.08097779 0.00699498 0.23031652
v -0.08097779 0.00685000 0.23031019
v -0.08097779 0.00548734 0.23292783
v -0.08097779 0.00557569 0.23304297
v -0.08097779 0.00567373 0.23314996
v -0.08097779 0.00601825 0.23341432
v -0.08097779 0.00614697 0.23348133
v -0.08097779 0.00628105 0.23353687
v -0.08097779 0.00641945 0.23358050
v -0.08097779 0.00656114 0.23361191
v -0.08097779 0.00670502 0.23363087
v -0.08097779 0.00791928 0.23324801
v -0.08097779 0.00802627 0.23314996
v -0.08097779 0.00812432 0.23304297
v -0.08097779 0.00835764 0.23127067
v -0.08097779 0.00829063 0.23114194
v -0.08097779 0.00802627 0.23079742
v -0.08097779 0.00791928 0.23069938
v -0.08097779 0.00780414 0.23061103
v -0.08097779 0.00578072 0.23069938
v -0.08097779 0.00567373 0.23079742
v -0.08097779 0.00557569 0.23090442
v -0.08097779 0.00578072 0.23324801
v -0.08097779 0.00589586 0.23333634
v -0.08097779 0.00821266 0.23101954
v -0.08097779 0.00812432 0.23090442
v -0.08097779 0.00821266 0.23292783
v -0.08097779 0.00829063 0.23280545
v -0.08097779 0.00835764 0.23267671
v -0.08097779 0.00841318 0.23254263
v -0.08097779 0.00845682 0.23240423
v -0.08097779 0.00848823 0.23226255
v -0.08097779 0.00548734 0.23101954
v -0.08097779 0.00540937 0.23114194
v -0.08097779 0.00534236 0.23127067
v -0.08097779 0.00528682 0.23140474
v -0.08097779 0.00524318 0.23154314
v -0.08097779 0.00521177 0.23168482
v -0.08097779 0.00528682 0.23254263
v -0.08097779 0.00524318 0.23240423
v -0.08097779 0.00521177 0.23226255
v -0.08097779 0.00534236 0.23267671
v -0.08097779 0.00540937 0.23280545
v -0.08097779 0.00519283 0.23182870
v -0.08097779 0.00518650 0.23197369
v -0.08097779 0.00519283 0.23211867
v -0.08097779 0.00850717 0.23211867
v -0.08097779 0.00851350 0.23197369
v -0.08097779 0.00850717 0.23182870
v -0.08097779 0.00848823 0.23168482
v -0.08097779 0.00845682 0.23154314
v -0.08097779 0.00841318 0.23140474
v -0.08097779 0.00601825 0.21553506
v -0.08097779 0.00589586 0.21561304
v -0.08097779 0.00359325 0.20947669
v -0.08097779 0.00768175 0.21841632
v -0.08097779 0.00780414 0.21833836
v -0.08097779 0.00601825 0.21841632
v -0.08097779 0.00614697 0.21848333
v -0.08097779 0.00641945 0.21536887
v -0.08097779 0.00656114 0.21533746
v -0.08097779 0.00670502 0.21531852
v -0.08097779 0.00628105 0.21541251
v -0.08097779 0.00614697 0.21546805
v -0.08097779 0.00713886 0.21861392
v -0.08097779 0.00728055 0.21858251
v -0.08097779 0.00768175 0.21553506
v -0.08097779 0.00755303 0.21546805
v -0.08097779 0.01170000 0.20947669
v -0.08097779 0.00741895 0.21541251
v -0.08097779 0.00728055 0.21536887
v -0.08097779 0.00713886 0.21533746
v -0.08097779 0.00699498 0.21531852
v -0.08097779 0.00685000 0.21531218
v -0.08097779 0.00548734 0.21792984
v -0.08097779 0.00557569 0.21804497
v -0.08097779 0.00567373 0.21815196
v -0.08097779 0.00628105 0.21853887
v -0.08097779 0.00641945 0.21858251
v -0.08097779 0.00656114 0.21861392
v -0.08097779 0.00670502 0.21863286
v -0.08097779 0.00685000 0.21863919
v -0.08097779 0.00699498 0.21863286
v -0.08097779 0.00741895 0.21853887
v -0.08097779 0.00755303 0.21848333
v -0.08097779 0.00578072 0.21570137
v -0.08097779 0.00567373 0.21579942
v -0.08097779 0.00557569 0.21590641
v -0.08097779 0.00578072 0.21825001
v -0.08097779 0.00589586 0.21833836
v -0.08097779 0.00791928 0.21825001
v -0.08097779 0.00802627 0.21815196
v -0.08097779 0.00812432 0.21804497
v -0.08097779 0.00802627 0.21579942
v -0.08097779 0.00791928 0.21570137
v -0.08097779 0.00780414 0.21561304
v -0.08097779 0.00835764 0.21627267
v -0.08097779 0.00829063 0.21614394
v -0.08097779 0.00548734 0.21602155
v -0.08097779 0.00540937 0.21614394
v -0.08097779 0.00534236 0.21627267
v -0.08097779 0.00821266 0.21602155
v -0.08097779 0.00812432 0.21590641
v -0.08097779 0.00528682 0.21640673
v -0.08097779 0.00524318 0.21654515
v -0.08097779 0.00521177 0.21668683
v -0.08097779 0.00848823 0.21668683
v -0.08097779 0.00845682 0.21654515
v -0.08097779 0.00841318 0.21640673
v -0.08097779 0.00821266 0.21792984
v -0.08097779 0.00829063 0.21780744
v -0.08097779 0.00835764 0.21767871
v -0.08097779 0.00848823 0.21726455
v -0.08097779 0.00850717 0.21712068
v -0.08097779 0.00851350 0.21697569
v -0.08097779 0.00850717 0.21683070
v -0.08097779 0.00528682 0.21754465
v -0.08097779 0.00524318 0.21740623
v -0.08097779 0.00521177 0.21726455
v -0.08097779 0.00534236 0.21767871
v -0.08097779 0.00540937 0.21780744
v -0.08097779 0.00841318 0.21754465
v -0.08097779 0.00845682 0.21740623
v -0.08097779 0.00519283 0.21683070
v -0.08097779 0.00518650 0.21697569
v -0.08097779 0.00519283 0.21712068
v -0.08097779 0.00601825 0.20053706
v -0.08097779 0.00589586 0.20061503
v -0.08097779 0.00359325 0.19447869
v -0.08097779 0.00768175 0.20341833
v -0.08097779 0.00780414 0.20334035
v -0.08097779 0.00601825 0.20341833
v -0.08097779 0.00614697 0.20348534
v -0.08097779 0.00685000 0.20031419
v -0.08097779 0.00670502 0.20032053
v -0.08097779 0.00656114 0.20033947
v -0.08097779 0.00641945 0.20037088
v -0.08097779 0.00628105 0.20041451
v -0.08097779 0.00614697 0.20047005
v -0.08097779 0.00713886 0.20361592
v -0.08097779 0.00728055 0.20358451
v -0.08097779 0.00768175 0.20053706
v -0.08097779 0.00755303 0.20047005
v -0.08097779 0.01170000 0.19447869
v -0.08097779 0.00741895 0.20041451
v -0.08097779 0.00728055 0.20037088
v -0.08097779 0.00713886 0.20033947
v -0.08097779 0.00699498 0.20032053
v -0.08097779 0.00548734 0.20293184
v -0.08097779 0.00557569 0.20304696
v -0.08097779 0.00567373 0.20315397
v -0.08097779 0.00628105 0.20354086
v -0.08097779 0.00641945 0.20358451
v -0.08097779 0.00656114 0.20361592
v -0.08097779 0.00670502 0.20363486
v -0.08097779 0.00685000 0.20364119
v -0.08097779 0.00699498 0.20363486
v -0.08097779 0.00741895 0.20354086
v -0.08097779 0.00755303 0.20348534
v -0.08097779 0.00791928 0.20325200
v -0.08097779 0.00802627 0.20315397
v -0.08097779 0.00812432 0.20304696
v -0.08097779 0.00578072 0.20070337
v -0.08097779 0.00567373 0.20080142
v -0.08097779 0.00557569 0.20090841
v -0.08097779 0.00578072 0.20325200
v -0.08097779 0.00589586 0.20334035
v -0.08097779 0.00829063 0.20114595
v -0.08097779 0.00821266 0.20102355
v -0.08097779 0.00812432 0.20090841
v -0.08097779 0.00802627 0.20080142
v -0.08097779 0.00791928 0.20070337
v -0.08097779 0.00780414 0.20061503
v -0.08097779 0.00548734 0.20102355
v -0.08097779 0.00540937 0.20114595
v -0.08097779 0.00534236 0.20127466
v -0.08097779 0.00528682 0.20140874
v -0.08097779 0.00524318 0.20154715
v -0.08097779 0.00521177 0.20168883
v -0.08097779 0.00821266 0.20293184
v -0.08097779 0.00829063 0.20280944
v -0.08097779 0.00835764 0.20268072
v -0.08097779 0.00848823 0.20168883
v -0.08097779 0.00845682 0.20154715
v -0.08097779 0.00841318 0.20254664
v -0.08097779 0.00845682 0.20240824
v -0.08097779 0.00848823 0.20226656
v -0.08097779 0.00528682 0.20254664
v -0.08097779 0.00524318 0.20240824
v -0.08097779 0.00521177 0.20226656
v -0.08097779 0.00534236 0.20268072
v -0.08097779 0.00540937 0.20280944
v -0.08097779 0.00841318 0.20140874
v -0.08097779 0.00835764 0.20127466
v -0.08097779 0.00519283 0.20183271
v -0.08097779 0.00518650 0.20197769
v -0.08097779 0.00519283 0.20212267
v -0.08097779 0.00850717 0.20212267
v -0.08097779 0.00851350 0.20197769
v -0.08097779 0.00850717 0.20183271
v -0.08097779 0.00768175 0.18842033
v -0.08097779 0.00780414 0.18834235
v -0.08097779 0.00601825 0.18553905
v -0.08097779 0.00589586 0.18561703
v -0.08097779 0.00685000 0.18864319
v -0.08097779 0.00699498 0.18863685
v -0.08097779 0.00713886 0.18861791
v -0.08097779 0.00728055 0.18858650
v -0.08097779 0.00741895 0.18854287
v -0.08097779 0.00755303 0.18848734
v -0.08097779 0.00641945 0.18537287
v -0.08097779 0.00656114 0.18534146
v -0.08097779 0.00670502 0.18532252
v -0.08097779 0.00628105 0.18541650
v -0.08097779 0.00614697 0.18547204
v -0.08097779 0.00768175 0.18553905
v -0.08097779 0.00755303 0.18547204
v -0.08097779 0.00741895 0.18541650
v -0.08097779 0.00728055 0.18537287
v -0.08097779 0.00713886 0.18534146
v -0.08097779 0.00699498 0.18532252
v -0.08097779 0.00685000 0.18531619
v -0.08097779 0.00548734 0.18793383
v -0.08097779 0.00557569 0.18804897
v -0.08097779 0.00567373 0.18815596
v -0.08097779 0.00601825 0.18842033
v -0.08097779 0.00614697 0.18848734
v -0.08097779 0.00628105 0.18854287
v -0.08097779 0.00641945 0.18858650
v -0.08097779 0.00656114 0.18861791
v -0.08097779 0.00670502 0.18863685
v -0.08097779 0.00791928 0.18825400
v -0.08097779 0.00802627 0.18815596
v -0.08097779 0.00812432 0.18804897
v -0.08097779 0.00835764 0.18627666
v -0.08097779 0.00829063 0.18614794
v -0.08097779 0.00802627 0.18580341
v -0.08097779 0.00791928 0.18570538
v -0.08097779 0.00780414 0.18561703
v -0.08097779 0.00578072 0.18570538
v -0.08097779 0.00567373 0.18580341
v -0.08097779 0.00557569 0.18591042
v -0.08097779 0.00578072 0.18825400
v -0.08097779 0.00589586 0.18834235
v -0.08097779 0.00821266 0.18602555
v -0.08097779 0.00812432 0.18591042
v -0.08097779 0.00821266 0.18793383
v -0.08097779 0.00829063 0.18781143
v -0.08097779 0.00835764 0.18768272
v -0.08097779 0.00841318 0.18754864
v -0.08097779 0.00845682 0.18741024
v -0.08097779 0.00848823 0.18726856
v -0.08097779 0.00548734 0.18602555
v -0.08097779 0.00540937 0.18614794
v -0.08097779 0.00534236 0.18627666
v -0.08097779 0.00528682 0.18641074
v -0.08097779 0.00524318 0.18654914
v -0.08097779 0.00521177 0.18669082
v -0.08097779 0.00528682 0.18754864
v -0.08097779 0.00524318 0.18741024
v -0.08097779 0.00521177 0.18726856
v -0.08097779 0.00534236 0.18768272
v -0.08097779 0.00540937 0.18781143
v -0.08097779 0.00850717 0.18712467
v -0.08097779 0.00851350 0.18697970
v -0.08097779 0.00850717 0.18683471
v -0.08097779 0.00848823 0.18669082
v -0.08097779 0.00845682 0.18654914
v -0.08097779 0.00841318 0.18641074
v -0.08097779 0.00519283 0.18683471
v -0.08097779 0.00518650 0.18697970
v -0.08097779 0.00519283 0.18712467
v -0.08097779 0.00200000 0.27696511
v -0.08097779 0.00200000 0.25447068
v -0.08097779 0.00200000 0.23947269
v -0.08097779 0.00200000 0.22447468
v -0.08097779 0.00200000 0.20947669
v -0.08097779 0.00200000 0.19447869
v -0.08097779 0.00200000 0.17864916
v -0.08097779 0.00200000 0.17198212
v -0.08227779 0.00000000 0.17060086
v -0.08227779 -0.00130000 0.17060086
v 0.00153846 0.01170000 0.00695148
v 0.00351925 0.01170000 0.01161793
v 0.01001865 0.01170000 0.02692955
v 0.01619298 0.01170000 0.04147536
v 0.02236731 0.01170000 0.05602118
v 0.02854165 0.01170000 0.07056700
v 0.03471598 0.01170000 0.08511282
v 0.04089031 0.01170000 0.09965864
v 0.04937154 0.01170000 0.11963917
v -0.11615784 -0.00130000 0.09937413
v -0.11640910 -0.00128744 0.09951408
v -0.11665846 -0.00124987 0.09965297
v -0.07901913 0.00000000 0.16181703
v -0.07901913 -0.00130000 0.16181703
v -0.07896312 0.00000000 0.16179483
v -0.07896312 -0.00130000 0.16179483
v -0.07890539 0.00000000 0.16177760
v -0.07890539 -0.00130000 0.16177760
v -0.07884637 0.00000000 0.16176547
v -0.07884637 -0.00130000 0.16176547
v -0.07878652 0.00000000 0.16175853
v -0.07878652 -0.00130000 0.16175853
v -0.07872630 0.00000000 0.16175683
v -0.07872630 -0.00130000 0.16175683
v -0.07866616 0.00000000 0.16176037
v -0.07866616 -0.00130000 0.16176037
v -0.07860655 0.00000000 0.16176917
v -0.07860655 -0.00130000 0.16176917
v -0.07854793 0.00000000 0.16178310
v -0.07854793 -0.00130000 0.16178310
v -0.07849076 0.00000000 0.16180210
v -0.07849076 -0.00130000 0.16180210
v -0.07843546 0.00000000 0.16182601
v -0.07843546 -0.00130000 0.16182601
v -0.07838245 0.00000000 0.16185465
v -0.07838245 -0.00130000 0.16185465
v -0.07833214 0.00000000 0.16188781
v -0.07833214 -0.00130000 0.16188781
v -0.07828491 0.00000000 0.16192521
v -0.07828491 -0.00130000 0.16192521
v -0.07824112 0.00000000 0.16196659
v -0.07824112 -0.00130000 0.16196659
v -0.07820111 0.00000000 0.16201164
v -0.07820111 -0.00130000 0.16201164
v -0.07816517 0.00000000 0.16205999
v -0.07816517 -0.00130000 0.16205999
v -0.07813359 0.00000000 0.16211130
v -0.07813359 -0.00130000 0.16211130
v -0.07810660 0.00000000 0.16216516
v -0.07810660 -0.00130000 0.16216516
v -0.07808440 0.00000000 0.16222118
v -0.07808440 -0.00130000 0.16222118
v -0.07806717 0.00000000 0.16227891
v -0.07806717 -0.00130000 0.16227891
v -0.07805503 0.00000000 0.16233793
v -0.07805503 -0.00130000 0.16233793
v -0.07804810 0.00000000 0.16239777
v -0.07804810 -0.00130000 0.16239777
v -0.07804639 0.00000000 0.16245800
v -0.07804639 -0.00130000 0.16245800
v -0.07804994 0.00000000 0.16251814
v -0.07804994 -0.00130000 0.16251814
v -0.07805873 0.00000000 0.16257775
v -0.07805873 -0.00130000 0.16257775
v -0.07807267 0.00000000 0.16263637
v -0.07807267 -0.00130000 0.16263637
v -0.07809167 0.00000000 0.16269355
v -0.07809167 -0.00130000 0.16269355
v -0.07811558 0.00000000 0.16274884
v -0.07811558 -0.00130000 0.16274884
v -0.07814422 0.00000000 0.16280185
v -0.07814422 -0.00130000 0.16280185
v -0.07817738 0.00000000 0.16285215
v -0.07817738 -0.00130000 0.16285215
v -0.07821478 0.00000000 0.16289939
v -0.07821478 -0.00130000 0.16289939
v -0.07825617 0.00000000 0.16294317
v -0.07825617 -0.00130000 0.16294317
v -0.07830121 0.00000000 0.16298319
v -0.07830121 -0.00130000 0.16298319
v -0.07834957 0.00000000 0.16301912
v -0.07834957 -0.00130000 0.16301912
v -0.07840087 0.00000000 0.16305071
v -0.07840087 -0.00130000 0.16305071
v -0.08802117 0.00000761 0.00362441
v -0.08789791 0.00000000 0.00374767
v -0.08975399 0.00000000 0.00189159
v -0.08889791 0.00058579 0.00274767
v -0.08880695 0.00046791 0.00283863
v -0.08870907 0.00036170 0.00293651
v -0.08860502 0.00026795 0.00304056
v -0.08849558 0.00018738 0.00314999
v -0.08838160 0.00012061 0.00326398
v -0.09023137 0.00200000 0.00141421
v -0.08931213 0.00200000 0.00233345
v -0.09022249 0.00171239 0.00142309
v -0.08930674 0.00182569 0.00233883
v -0.09019592 0.00142696 0.00144966
v -0.08929064 0.00165270 0.00235494
v -0.09015185 0.00114590 0.00149372
v -0.08926394 0.00148236 0.00238164
v -0.09009064 0.00087133 0.00155494
v -0.08922684 0.00131596 0.00241874
v -0.09001274 0.00060536 0.00163284
v -0.08917963 0.00115476 0.00246595
v -0.08991874 0.00035000 0.00172684
v -0.08912266 0.00100000 0.00252292
v -0.08980937 0.00010720 0.00183621
v -0.08905637 0.00085285 0.00258921
v -0.08898126 0.00071442 0.00266432
v -0.08826394 0.00006815 0.00338164
v -0.08814349 0.00003038 0.00350209
v -0.07927778 -0.00130000 0.28696513
v 0.04834932 -0.00130000 0.28696513
v -0.07927778 0.00000000 0.28696513
v 0.04834932 0.00000000 0.28696513
v -0.07691760 -0.00000000 0.27696773
v -0.07691760 -0.00130000 0.27696773
v -0.07685786 -0.00000000 0.27697560
v -0.07685786 -0.00130000 0.27697560
v -0.07679904 -0.00000000 0.27698866
v -0.07679904 -0.00130000 0.27698866
v -0.07674158 -0.00000000 0.27700678
v -0.07674158 -0.00130000 0.27700678
v -0.07668591 -0.00000000 0.27702981
v -0.07668591 -0.00130000 0.27702981
v -0.07663248 -0.00000000 0.27705765
v -0.07663248 -0.00130000 0.27705765
v -0.07658166 -0.00000000 0.27709001
v -0.07658166 -0.00130000 0.27709001
v -0.07653386 -0.00000000 0.27712670
v -0.07653386 -0.00130000 0.27712670
v -0.07648944 -0.00000000 0.27716741
v -0.07648944 -0.00130000 0.27716741
v -0.07644874 -0.00000000 0.27721182
v -0.07644874 -0.00130000 0.27721182
v -0.07641206 -0.00000000 0.27725962
v -0.07641206 -0.00130000 0.27725962
v -0.07637969 -0.00000000 0.27731043
v -0.07637969 -0.00130000 0.27731043
v -0.07635187 -0.00000000 0.27736387
v -0.07635187 -0.00130000 0.27736387
v -0.07632881 -0.00000000 0.27741954
v -0.07632881 -0.00130000 0.27741954
v -0.07631069 -0.00000000 0.27747700
v -0.07631069 -0.00130000 0.27747700
v -0.07629766 -0.00000000 0.27753583
v -0.07629766 -0.00130000 0.27753583
v -0.07628979 -0.00000000 0.27759555
v -0.07628979 -0.00130000 0.27759555
v -0.07628717 -0.00000000 0.27765575
v -0.07628717 -0.00130000 0.27765575
v -0.07628979 -0.00000000 0.27771592
v -0.07628979 -0.00130000 0.27771592
v -0.07629766 -0.00000000 0.27777568
v -0.07629766 -0.00130000 0.27777568
v -0.07631069 -0.00000000 0.27783450
v -0.07631069 -0.00130000 0.27783450
v -0.07632881 -0.00000000 0.27789196
v -0.07632881 -0.00130000 0.27789196
v -0.07635187 -0.00000000 0.27794760
v -0.07635187 -0.00130000 0.27794760
v -0.07637969 -0.00000000 0.27800107
v -0.07637969 -0.00130000 0.27800107
v -0.07641206 -0.00000000 0.27805188
v -0.07641206 -0.00130000 0.27805188
v -0.07644874 -0.00000000 0.27809966
v -0.07644874 -0.00130000 0.27809966
v -0.07648944 -0.00000000 0.27814409
v -0.07648944 -0.00130000 0.27814409
v -0.07653386 -0.00000000 0.27818480
v -0.07653386 -0.00130000 0.27818480
v -0.07658166 -0.00000000 0.27822146
v -0.07658166 -0.00130000 0.27822146
v -0.07663248 -0.00000000 0.27825385
v -0.07663248 -0.00130000 0.27825385
v -0.07668591 -0.00000000 0.27828166
v -0.07668591 -0.00130000 0.27828166
v -0.07674158 -0.00000000 0.27830473
v -0.07674158 -0.00130000 0.27830473
v -0.07679904 -0.00000000 0.27832285
v -0.07679904 -0.00130000 0.27832285
v -0.07685786 -0.00000000 0.27833587
v -0.07685786 -0.00130000 0.27833587
v -0.07691760 -0.00000000 0.27834374
v -0.07691760 -0.00130000 0.27834374
v 0.00075700 0.00970000 0.00511047
v 0.00075700 0.00200000 0.00511047
v -0.08789791 -0.00130000 0.00374767
v -0.08810129 -0.00128744 0.00354429
v -0.09023137 -0.00130000 0.00141421
v -0.08830311 -0.00124987 0.00334247
v -0.08850186 -0.00118756 0.00314372
v -0.09023137 0.00000000 0.00141421
v -0.08968544 -0.00012120 0.00196014
v -0.08954791 -0.00033345 0.00209767
v -0.08869600 -0.00110099 0.00294958
v -0.08888407 -0.00099082 0.00276151
v -0.08906464 -0.00085788 0.00258094
v -0.08923633 -0.00070320 0.00240925
v -0.08939783 -0.00052795 0.00224775
v -0.06480072 0.00000000 0.26194230
v -0.06480072 -0.00130000 0.26194230
v -0.06531967 0.00000000 0.26187396
v -0.06531967 -0.00130000 0.26187396
v -0.06583070 0.00000000 0.26176068
v -0.06583070 -0.00130000 0.26176068
v -0.06632990 0.00000000 0.26160327
v -0.06632990 -0.00130000 0.26160327
v -0.06681350 0.00000000 0.26140296
v -0.06681350 -0.00130000 0.26140296
v -0.06727779 0.00000000 0.26116127
v -0.06727779 -0.00130000 0.26116127
v -0.06771924 0.00000000 0.26088002
v -0.06771924 -0.00130000 0.26088002
v -0.06813451 0.00000000 0.26056138
v -0.06813451 -0.00130000 0.26056138
v -0.06852043 0.00000000 0.26020777
v -0.06852043 -0.00130000 0.26020777
v -0.06887405 0.00000000 0.25982183
v -0.06887405 -0.00130000 0.25982183
v -0.06919270 0.00000000 0.25940657
v -0.06919270 -0.00130000 0.25940657
v -0.06947394 0.00000000 0.25896510
v -0.06947394 -0.00130000 0.25896510
v -0.06971563 0.00000000 0.25850081
v -0.06971563 -0.00130000 0.25850081
v -0.06991594 0.00000000 0.25801724
v -0.06991594 -0.00130000 0.25801724
v -0.07007334 0.00000000 0.25751802
v -0.07007334 -0.00130000 0.25751802
v -0.07018663 0.00000000 0.25700700
v -0.07018663 -0.00130000 0.25700700
v -0.07025495 0.00000000 0.25648805
v -0.07025495 -0.00130000 0.25648805
v 0.02304029 -0.00130000 0.10221512
v 0.02304029 0.00000000 0.10221512
v 0.01784414 -0.00130000 0.10221512
v 0.01784414 0.00000000 0.10221512
v 0.05134932 0.00000000 0.28396511
v 0.05134932 -0.00130000 0.28396511
v -0.07953925 0.00000000 0.28695369
v -0.07953925 -0.00130000 0.28695369
v -0.07979873 0.00000000 0.28691953
v -0.07979873 -0.00130000 0.28691953
v -0.08005425 0.00000000 0.28686291
v -0.08005425 -0.00130000 0.28686291
v -0.08030385 0.00000000 0.28678420
v -0.08030385 -0.00130000 0.28678420
v -0.08054564 0.00000000 0.28668404
v -0.08054564 -0.00130000 0.28668404
v -0.08077779 0.00000000 0.28656319
v -0.08077779 -0.00130000 0.28656319
v -0.08099852 0.00000000 0.28642258
v -0.08099852 -0.00130000 0.28642258
v -0.08120615 0.00000000 0.28626326
v -0.08120615 -0.00130000 0.28626326
v -0.08139911 0.00000000 0.28608644
v -0.08139911 -0.00130000 0.28608644
v -0.08157592 0.00000000 0.28589347
v -0.08157592 -0.00130000 0.28589347
v -0.08173525 0.00000000 0.28568584
v -0.08173525 -0.00130000 0.28568584
v -0.08187586 0.00000000 0.28546512
v -0.08187586 -0.00130000 0.28546512
v -0.08199671 0.00000000 0.28523296
v -0.08199671 -0.00130000 0.28523296
v -0.08209687 0.00000000 0.28499117
v -0.08209687 -0.00130000 0.28499117
v -0.08217557 0.00000000 0.28474158
v -0.08217557 -0.00130000 0.28474158
v -0.08223221 0.00000000 0.28448606
v -0.08223221 -0.00130000 0.28448606
v -0.08226637 0.00000000 0.28422660
v -0.08226637 -0.00130000 0.28422660
v -0.08227779 0.00000000 0.28396511
v -0.08227779 -0.00130000 0.28396511
v 0.01524606 -0.00130000 0.10671512
v 0.01524606 0.00000000 0.10671512
v 0.01784414 -0.00130000 0.11121511
v 0.01784414 0.00000000 0.11121511
v -0.09675746 0.00685000 0.14098614
v -0.09121843 0.00685000 0.15093058
v -0.09121536 0.00699498 0.15093611
v -0.09120614 0.00713886 0.15095267
v -0.09119085 0.00728055 0.15098010
v -0.09116962 0.00741895 0.15101823
v -0.10542590 0.00601825 0.12542333
v -0.11121976 0.00780414 0.11502136
v -0.11118182 0.00768175 0.11508948
v -0.11160598 0.00841318 0.11432795
v -0.11154074 0.00835764 0.11444508
v -0.11107337 0.00685000 0.11528417
v -0.10506698 0.00534236 0.12606771
v -0.10512961 0.00540937 0.12595525
v -0.11114921 0.00755303 0.11514802
v -0.11112218 0.00741895 0.11519653
v -0.11110095 0.00728055 0.11523466
v -0.10545851 0.00614697 0.12536478
v -0.10548553 0.00628105 0.12531626
v -0.11174227 0.00848823 0.11408327
v -0.10486544 0.00521177 0.12642953
v -0.10493439 0.00524318 0.12630576
v -0.10500173 0.00528682 0.12618484
v -0.10518917 0.00548734 0.12584832
v -0.10524520 0.00557569 0.12574774
v -0.10529726 0.00567373 0.12565428
v -0.09114259 0.00614697 0.15106675
v -0.09116962 0.00628105 0.15101823
v -0.09686591 0.00601825 0.14079145
v -0.09690385 0.00589586 0.14072332
v -0.09813930 0.00567373 0.13850525
v -0.09818701 0.00578072 0.13841960
v -0.10550676 0.00641945 0.12527815
v -0.10552205 0.00656114 0.12525070
v -0.10553127 0.00670502 0.12523416
v -0.09830055 0.00614697 0.13821577
v -0.09832758 0.00628105 0.13816725
v -0.09834881 0.00641945 0.13812912
v -0.09836409 0.00656114 0.13810168
v -0.11167333 0.00845682 0.11420704
v -0.11147811 0.00829063 0.11455754
v -0.11141855 0.00821266 0.11466447
v -0.11136252 0.00812432 0.11476505
v -0.11131045 0.00802627 0.11485852
v -0.11126275 0.00791928 0.11494417
v -0.08967534 0.00614697 0.15370096
v -0.08970795 0.00601825 0.15364243
v -0.08974589 0.00589586 0.15357430
v -0.09678504 0.00641945 0.14093663
v -0.09680627 0.00628105 0.14089850
v -0.09120614 0.00656114 0.15095267
v -0.09808724 0.00557569 0.13859873
v -0.09823000 0.00589586 0.13834243
v -0.09826794 0.00601825 0.13827430
v -0.08962709 0.00641945 0.15378761
v -0.08964832 0.00628105 0.15374948
v -0.08978888 0.00578072 0.15349713
v -0.08983659 0.00567373 0.15341148
v -0.08988865 0.00557569 0.15331800
v -0.09119085 0.00641945 0.15098010
v -0.09683330 0.00614697 0.14084998
v -0.09694684 0.00578072 0.14064614
v -0.09699455 0.00567373 0.14056049
v -0.09704661 0.00557569 0.14046702
v -0.09710263 0.00548734 0.14036644
v -0.09716219 0.00540937 0.14025950
v -0.09722483 0.00534236 0.14014705
v -0.11108567 0.00713886 0.11526210
v -0.11107645 0.00699498 0.11527865
v -0.10538796 0.00589586 0.12549144
v -0.10534497 0.00578072 0.12556861
v -0.09121536 0.00670502 0.15093611
v -0.09676054 0.00670502 0.14098062
v -0.09676976 0.00656114 0.14096406
v -0.10394300 0.00641945 0.12808564
v -0.10396423 0.00628105 0.12804751
v -0.10399126 0.00614697 0.12799901
v -0.10402386 0.00601825 0.12794046
v -0.10406180 0.00589586 0.12787233
v -0.10410479 0.00578072 0.12779516
v -0.10415250 0.00567373 0.12770951
v -0.09836409 0.00713886 0.13810168
v -0.10391849 0.00699498 0.12812963
v -0.09837331 0.00699498 0.13808513
v -0.10391542 0.00685000 0.12813516
v -0.09837639 0.00685000 0.13807960
v -0.08960258 0.00699498 0.15383160
v -0.08959951 0.00685000 0.15383713
v -0.08960258 0.00670502 0.15383160
v -0.08961180 0.00656114 0.15381505
v -0.09087326 0.00548734 0.15155029
v -0.09092928 0.00557569 0.15144971
v -0.09098135 0.00567373 0.15135624
v -0.09102906 0.00578072 0.15127058
v -0.09770749 0.00521177 0.13928051
v -0.09777643 0.00524318 0.13915674
v -0.09784378 0.00528682 0.13903582
v -0.09790902 0.00534236 0.13891870
v -0.09797166 0.00540937 0.13880624
v -0.09803122 0.00548734 0.13869931
v -0.09837331 0.00670502 0.13808513
v -0.10391849 0.00670502 0.12812963
v -0.10392771 0.00656114 0.12811308
v -0.09098135 0.00802627 0.15135624
v -0.09092928 0.00812432 0.15144971
v -0.09676976 0.00713886 0.14096406
v -0.08994468 0.00821266 0.15321742
v -0.08988865 0.00812432 0.15331800
v -0.09068582 0.00528682 0.15188681
v -0.09075107 0.00534236 0.15176968
v -0.09081370 0.00540937 0.15165722
v -0.09107205 0.00589586 0.15119341
v -0.09110999 0.00601825 0.15112528
v -0.10538796 0.00780414 0.12549144
v -0.10534497 0.00791928 0.12556861
v -0.09834881 0.00728055 0.13812912
v -0.08983659 0.00802627 0.15341148
v -0.08978888 0.00791928 0.15349713
v -0.08974589 0.00780414 0.15357430
v -0.09729007 0.00528682 0.14002992
v -0.09735742 0.00524318 0.13990901
v -0.09742636 0.00521177 0.13978523
v -0.11258385 0.00601825 0.11257233
v -0.11261646 0.00614697 0.11251380
v -0.11264349 0.00628105 0.11246528
v -0.11261646 0.00755303 0.11251380
v -0.11258385 0.00768175 0.11257233
v -0.10552205 0.00713886 0.12525070
v -0.10550676 0.00728055 0.12527815
v -0.10548553 0.00741895 0.12531626
v -0.10545851 0.00755303 0.12536478
v -0.10542590 0.00768175 0.12542333
v -0.10396423 0.00741895 0.12804751
v -0.10394300 0.00728055 0.12808564
v -0.10392771 0.00713886 0.12811308
v -0.08962709 0.00728055 0.15378761
v -0.08961180 0.00713886 0.15381505
v -0.08994468 0.00548734 0.15321742
v -0.09000424 0.00540937 0.15311049
v -0.09006687 0.00534236 0.15299803
v -0.09749638 0.00519283 0.13965954
v -0.09756692 0.00518650 0.13953288
v -0.09763747 0.00519283 0.13940622
v -0.11107645 0.00670502 0.11527865
v -0.11108567 0.00656114 0.11526210
v -0.10479543 0.00519283 0.12655523
v -0.11110095 0.00641945 0.11523466
v -0.11112218 0.00628105 0.11519653
v -0.10420457 0.00557569 0.12761603
v -0.10426059 0.00548734 0.12751545
v -0.10432015 0.00540937 0.12740852
v -0.11114921 0.00614697 0.11514802
v -0.11118182 0.00601825 0.11508948
v -0.11121976 0.00589586 0.11502136
v -0.11268922 0.00670502 0.11238316
v -0.11268000 0.00656114 0.11239971
v -0.11266472 0.00641945 0.11242715
v -0.11268000 0.00713886 0.11239971
v -0.11266472 0.00728055 0.11242715
v -0.10529726 0.00802627 0.12565428
v -0.10524520 0.00812432 0.12574774
v -0.10518917 0.00821266 0.12584832
v -0.10451537 0.00845682 0.12705803
v -0.10444803 0.00841318 0.12717894
v -0.10426059 0.00821266 0.12751545
v -0.10420457 0.00812432 0.12761603
v -0.10406180 0.00780414 0.12787233
v -0.10402386 0.00768175 0.12794046
v -0.10399126 0.00755303 0.12799901
v -0.09114259 0.00755303 0.15106675
v -0.09110999 0.00768175 0.15112528
v -0.09676054 0.00699498 0.14098062
v -0.09107205 0.00780414 0.15119341
v -0.09102906 0.00791928 0.15127058
v -0.09087326 0.00821266 0.15155029
v -0.09081370 0.00829063 0.15165722
v -0.09075107 0.00835764 0.15176968
v -0.08970795 0.00768175 0.15364243
v -0.08967534 0.00755303 0.15370096
v -0.08964832 0.00741895 0.15374948
v -0.11269230 0.00685000 0.11237764
v -0.11268922 0.00699498 0.11238316
v -0.10512961 0.00829063 0.12595525
v -0.10506698 0.00835764 0.12606771
v -0.10500173 0.00841318 0.12618484
v -0.10415250 0.00802627 0.12770951
v -0.10410479 0.00791928 0.12779516
v -0.09832758 0.00741895 0.13816725
v -0.09830055 0.00755303 0.13821577
v -0.09826794 0.00768175 0.13827430
v -0.09823000 0.00780414 0.13834243
v -0.09818701 0.00791928 0.13841960
v -0.09813930 0.00802627 0.13850525
v -0.09013212 0.00528682 0.15288091
v -0.09019946 0.00524318 0.15275998
v -0.09026841 0.00521177 0.15263622
v -0.09047952 0.00519283 0.15225719
v -0.09054953 0.00521177 0.15213150
v -0.09061848 0.00524318 0.15200773
v -0.11254591 0.00780414 0.11264046
v -0.11250293 0.00791928 0.11271764
v -0.11245521 0.00802627 0.11280329
v -0.11240315 0.00812432 0.11289676
v -0.11234713 0.00821266 0.11299735
v -0.11228757 0.00829063 0.11310427
v -0.11222493 0.00835764 0.11321673
v -0.11215969 0.00841318 0.11333386
v -0.11209234 0.00845682 0.11345477
v -0.11202340 0.00848823 0.11357855
v -0.11195339 0.00850717 0.11370425
v -0.11188284 0.00851350 0.11383091
v -0.10438278 0.00835764 0.12729608
v -0.10432015 0.00829063 0.12740852
v -0.09808724 0.00812432 0.13859873
v -0.09803122 0.00821266 0.13869931
v -0.09797166 0.00829063 0.13880624
v -0.09722483 0.00835764 0.14014705
v -0.09716219 0.00829063 0.14025950
v -0.09710263 0.00821266 0.14036644
v -0.09704661 0.00812432 0.14046702
v -0.09678504 0.00728055 0.14093663
v -0.09680627 0.00741895 0.14089850
v -0.09047952 0.00850717 0.15225719
v -0.09040897 0.00851350 0.15238386
v -0.09033842 0.00850717 0.15251052
v -0.09026841 0.00848823 0.15263622
v -0.09019946 0.00845682 0.15275998
v -0.09013212 0.00841318 0.15288091
v -0.09006687 0.00835764 0.15299803
v -0.09000424 0.00829063 0.15311049
v -0.09033842 0.00519283 0.15251052
v -0.09040897 0.00518650 0.15238386
v -0.11264349 0.00741895 0.11246528
v -0.11181229 0.00850717 0.11395757
v -0.10553127 0.00699498 0.12523416
v -0.10553434 0.00685000 0.12522861
v -0.10493439 0.00845682 0.12630576
v -0.10486544 0.00848823 0.12642953
v -0.10479543 0.00850717 0.12655523
v -0.09699455 0.00802627 0.14056049
v -0.09694684 0.00791928 0.14064614
v -0.09690385 0.00780414 0.14072332
v -0.10472488 0.00518650 0.12668189
v -0.11141855 0.00548734 0.11466447
v -0.11147811 0.00540937 0.11455754
v -0.11202340 0.00521177 0.11357855
v -0.11209234 0.00524318 0.11345477
v -0.10472488 0.00851350 0.12668189
v -0.10465433 0.00850717 0.12680855
v -0.10458432 0.00848823 0.12693425
v -0.09790902 0.00835764 0.13891870
v -0.09784378 0.00841318 0.13903582
v -0.09777643 0.00845682 0.13915674
v -0.09770749 0.00848823 0.13928051
v -0.09763747 0.00850717 0.13940622
v -0.09756692 0.00851350 0.13953288
v -0.09749638 0.00850717 0.13965954
v -0.09742636 0.00848823 0.13978523
v -0.09686591 0.00768175 0.14079145
v -0.09683330 0.00755303 0.14084998
v -0.09068582 0.00841318 0.15188681
v -0.09061848 0.00845682 0.15200773
v -0.09054953 0.00848823 0.15213150
v -0.09735742 0.00845682 0.13990901
v -0.09729007 0.00841318 0.14002992
v -0.11126275 0.00578072 0.11494417
v -0.11131045 0.00567373 0.11485852
v -0.11136252 0.00557569 0.11476505
v -0.11174227 0.00521177 0.11408327
v -0.11181229 0.00519283 0.11395757
v -0.11188284 0.00518650 0.11383091
v -0.11195339 0.00519283 0.11370425
v -0.11215969 0.00528682 0.11333386
v -0.11222493 0.00534236 0.11321673
v -0.11228757 0.00540937 0.11310427
v -0.11154074 0.00534236 0.11444508
v -0.11160598 0.00528682 0.11432795
v -0.11167333 0.00524318 0.11420704
v -0.11234713 0.00548734 0.11299735
v -0.11240315 0.00557569 0.11289676
v -0.11245521 0.00567373 0.11280329
v -0.11250293 0.00578072 0.11271764
v -0.11254591 0.00589586 0.11264046
v -0.10438278 0.00534236 0.12729608
v -0.10444803 0.00528682 0.12717894
v -0.10451537 0.00524318 0.12705803
v -0.10458432 0.00521177 0.12693425
v -0.10465433 0.00519283 0.12680855
v -0.01119971 0.00000000 0.11121511
v -0.00860163 0.00000000 0.10671512
v -0.01119971 -0.00130000 0.11121511
v -0.00860163 -0.00130000 0.10671512
v -0.08227779 -0.00130000 0.16698211
v -0.08227779 0.00000000 0.16698211
v -0.08303107 -0.00130000 0.16562971
v -0.08303107 0.00000000 0.16562971
v -0.11155660 0.00685000 0.11174505
v -0.11155351 0.00699498 0.11175058
v -0.11154430 0.00713886 0.11176713
v -0.11152902 0.00728055 0.11179457
v -0.11150777 0.00741895 0.11183269
v -0.11148075 0.00755303 0.11188121
v -0.11144815 0.00768175 0.11193975
v -0.11141020 0.00780414 0.11200787
v -0.11136721 0.00791928 0.11208505
v -0.11131950 0.00802627 0.11217070
v -0.11126744 0.00812432 0.11226418
v -0.11121142 0.00821266 0.11236476
v -0.11115186 0.00829063 0.11247168
v -0.11108922 0.00835764 0.11258414
v -0.11102398 0.00841318 0.11270127
v -0.11095663 0.00845682 0.11282219
v -0.11088769 0.00848823 0.11294597
v -0.11081768 0.00850717 0.11307166
v -0.11074713 0.00851350 0.11319832
v -0.11067658 0.00850717 0.11332498
v -0.11060657 0.00848823 0.11345068
v -0.11053762 0.00845682 0.11357445
v -0.11047027 0.00841318 0.11369537
v -0.11040503 0.00835764 0.11381250
v -0.11034239 0.00829063 0.11392496
v -0.11028284 0.00821266 0.11403188
v -0.11022681 0.00812432 0.11413246
v -0.11017475 0.00802627 0.11422594
v -0.11012704 0.00791928 0.11431159
v -0.11008405 0.00780414 0.11438877
v -0.11004611 0.00768175 0.11445689
v -0.11001350 0.00755303 0.11451543
v -0.10998648 0.00741895 0.11456395
v -0.10996524 0.00728055 0.11460207
v -0.10994995 0.00713886 0.11462951
v -0.10994074 0.00699498 0.11464606
v -0.10993766 0.00685000 0.11465159
v -0.10994074 0.00670502 0.11464606
v -0.10994995 0.00656114 0.11462951
v -0.10996524 0.00641945 0.11460207
v -0.10998648 0.00628105 0.11456395
v -0.11001350 0.00614697 0.11451543
v -0.11004611 0.00601825 0.11445689
v -0.11008405 0.00589586 0.11438877
v -0.11012704 0.00578072 0.11431159
v -0.11017475 0.00567373 0.11422594
v -0.11022681 0.00557569 0.11413246
v -0.11028284 0.00548734 0.11403188
v -0.11034239 0.00540937 0.11392496
v -0.11040503 0.00534236 0.11381250
v -0.11047027 0.00528682 0.11369537
v -0.11053762 0.00524318 0.11357445
v -0.11060657 0.00521177 0.11345068
v -0.11067658 0.00519283 0.11332498
v -0.11074713 0.00518650 0.11319832
v -0.11081768 0.00519283 0.11307166
v -0.11088769 0.00521177 0.11294597
v -0.11095663 0.00524318 0.11282219
v -0.11102398 0.00528682 0.11270127
v -0.11108922 0.00534236 0.11258414
v -0.11115186 0.00540937 0.11247168
v -0.11121142 0.00548734 0.11236476
v -0.11126744 0.00557569 0.11226418
v -0.11131950 0.00567373 0.11217070
v -0.11136721 0.00578072 0.11208505
v -0.11141020 0.00589586 0.11200787
v -0.11144815 0.00601825 0.11193975
v -0.11148075 0.00614697 0.11188121
v -0.11150777 0.00628105 0.11183269
v -0.11152902 0.00641945 0.11179457
v -0.11154430 0.00656114 0.11176713
v -0.11155351 0.00670502 0.11175058
v 0.05134933 0.01170000 0.27496511
v 0.05264933 0.01170000 0.27496511
v 0.05134938 0.01170000 0.25431404
v 0.05264938 0.01170000 0.25431404
v 0.05134941 0.01170000 0.23921503
v 0.05264941 0.01170000 0.23921503
v 0.05134944 0.01170000 0.22411603
v 0.05264944 0.01170000 0.22411603
v 0.05134948 0.01170000 0.20901702
v 0.05264948 0.01170000 0.20901702
v 0.05134951 0.01170000 0.19391802
v 0.05264951 0.01170000 0.19391803
v 0.05134954 0.01170000 0.17881903
v 0.05264954 0.01170000 0.17881903
v 0.05134957 0.01170000 0.16372003
v 0.05264957 0.01170000 0.16372003
v 0.05134960 0.01170000 0.14862102
v 0.05264960 0.01170000 0.14862102
v 0.05134964 0.01170000 0.13269013
v 0.05264964 0.01170000 0.13269013
v 0.05134965 0.01170000 0.12797223
v 0.05264965 0.01170000 0.12797223
v 0.00000000 0.00000000 0.00000000
v 0.00000000 -0.00130000 0.00000000
v -0.09008273 0.00685000 0.15029800
v -0.09007965 0.00699498 0.15030353
v -0.09007043 0.00713886 0.15032008
v -0.09005515 0.00728055 0.15034752
v -0.09003391 0.00741895 0.15038565
v -0.09000689 0.00755303 0.15043417
v -0.08997428 0.00768175 0.15049270
v -0.08993634 0.00780414 0.15056083
v -0.08989335 0.00791928 0.15063800
v -0.08984564 0.00802627 0.15072365
v -0.08979358 0.00812432 0.15081713
v -0.08973755 0.00821266 0.15091771
v -0.08967800 0.00829063 0.15102464
v -0.08961536 0.00835764 0.15113710
v -0.08955012 0.00841318 0.15125422
v -0.08948277 0.00845682 0.15137513
v -0.08941382 0.00848823 0.15149891
v -0.08934381 0.00850717 0.15162461
v -0.08927326 0.00851350 0.15175126
v -0.08920271 0.00850717 0.15187792
v -0.08913270 0.00848823 0.15200363
v -0.08906376 0.00845682 0.15212740
v -0.08899641 0.00841318 0.15224832
v -0.08893117 0.00835764 0.15236545
v -0.08886853 0.00829063 0.15247791
v -0.08880897 0.00821266 0.15258484
v -0.08875295 0.00812432 0.15268542
v -0.08870088 0.00802627 0.15277889
v -0.08865317 0.00791928 0.15286455
v -0.08861019 0.00780414 0.15294172
v -0.08857224 0.00768175 0.15300985
v -0.08853964 0.00755303 0.15306838
v -0.08851261 0.00741895 0.15311690
v -0.08849137 0.00728055 0.15315503
v -0.08847609 0.00713886 0.15318246
v -0.08846688 0.00699498 0.15319902
v -0.08846379 0.00685000 0.15320455
v -0.08846688 0.00670502 0.15319902
v -0.08847609 0.00656114 0.15318246
v -0.08849137 0.00641945 0.15315503
v -0.08851261 0.00628105 0.15311690
v -0.08853964 0.00614697 0.15306838
v -0.08857224 0.00601825 0.15300985
v -0.08861019 0.00589586 0.15294172
v -0.08865317 0.00578072 0.15286455
v -0.08870088 0.00567373 0.15277889
v -0.08875295 0.00557569 0.15268542
v -0.08880897 0.00548734 0.15258484
v -0.08886853 0.00540937 0.15247791
v -0.08893117 0.00534236 0.15236545
v -0.08899641 0.00528682 0.15224832
v -0.08906376 0.00524318 0.15212740
v -0.08913270 0.00521177 0.15200363
v -0.08920271 0.00519283 0.15187792
v -0.08927326 0.00518650 0.15175126
v -0.08934381 0.00519283 0.15162461
v -0.08941382 0.00521177 0.15149891
v -0.08948277 0.00524318 0.15137513
v -0.08955012 0.00528682 0.15125422
v -0.08961536 0.00534236 0.15113710
v -0.08967800 0.00540937 0.15102464
v -0.08973755 0.00548734 0.15091771
v -0.08979358 0.00557569 0.15081713
v -0.08984564 0.00567373 0.15072365
v -0.08989335 0.00578072 0.15063800
v -0.08993634 0.00589586 0.15056083
v -0.08997428 0.00601825 0.15049270
v -0.09000689 0.00614697 0.15043417
v -0.09003391 0.00628105 0.15038565
v -0.09005515 0.00641945 0.15034752
v -0.09007043 0.00656114 0.15032008
v -0.09007965 0.00670502 0.15030353
v -0.08931213 0.00970000 0.00233345
v -0.09023137 0.00970000 0.00141421
v -0.08881715 -0.00130000 0.00000000
v -0.08881715 0.00000000 0.00000000
v -0.09724069 0.00685000 0.13744701
v -0.09723760 0.00699498 0.13745254
v -0.09722839 0.00713886 0.13746910
v -0.09721310 0.00728055 0.13749653
v -0.09719186 0.00741895 0.13753466
v -0.09716484 0.00755303 0.13758318
v -0.09713224 0.00768175 0.13764171
v -0.09709429 0.00780414 0.13770984
v -0.09705130 0.00791928 0.13778701
v -0.09700359 0.00802627 0.13787267
v -0.09695153 0.00812432 0.13796614
v -0.09689551 0.00821266 0.13806672
v -0.09683595 0.00829063 0.13817365
v -0.09677331 0.00835764 0.13828611
v -0.09670807 0.00841318 0.13840324
v -0.09664072 0.00845682 0.13852416
v -0.09657178 0.00848823 0.13864793
v -0.09650177 0.00850717 0.13877362
v -0.09643122 0.00851350 0.13890029
v -0.09636067 0.00850717 0.13902695
v -0.09629066 0.00848823 0.13915265
v -0.09622171 0.00845682 0.13927642
v -0.09615436 0.00841318 0.13939734
v -0.09608912 0.00835764 0.13951446
v -0.09602648 0.00829063 0.13962692
v -0.09596693 0.00821266 0.13973385
v -0.09591090 0.00812432 0.13983443
v -0.09585883 0.00802627 0.13992791
v -0.09581113 0.00791928 0.14001356
v -0.09576814 0.00780414 0.14009073
v -0.09573020 0.00768175 0.14015886
v -0.09569759 0.00755303 0.14021739
v -0.09567057 0.00741895 0.14026591
v -0.09564933 0.00728055 0.14030404
v -0.09563404 0.00713886 0.14033148
v -0.09562483 0.00699498 0.14034803
v -0.09562175 0.00685000 0.14035356
v -0.09562483 0.00670502 0.14034803
v -0.09563404 0.00656114 0.14033148
v -0.09564933 0.00641945 0.14030404
v -0.09567057 0.00628105 0.14026591
v -0.09569759 0.00614697 0.14021739
v -0.09573020 0.00601825 0.14015886
v -0.09576814 0.00589586 0.14009073
v -0.09581113 0.00578072 0.14001356
v -0.09585883 0.00567373 0.13992791
v -0.09591090 0.00557569 0.13983443
v -0.09596693 0.00548734 0.13973385
v -0.09602648 0.00540937 0.13962692
v -0.09608912 0.00534236 0.13951446
v -0.09615436 0.00528682 0.13939734
v -0.09622171 0.00524318 0.13927642
v -0.09629066 0.00521177 0.13915265
v -0.09636067 0.00519283 0.13902695
v -0.09643122 0.00518650 0.13890029
v -0.09650177 0.00519283 0.13877362
v -0.09657178 0.00521177 0.13864793
v -0.09664072 0.00524318 0.13852416
v -0.09670807 0.00528682 0.13840324
v -0.09677331 0.00534236 0.13828611
v -0.09683595 0.00540937 0.13817365
v -0.09689551 0.00548734 0.13806672
v -0.09695153 0.00557569 0.13796614
v -0.09700359 0.00567373 0.13787267
v -0.09705130 0.00578072 0.13778701
v -0.09709429 0.00589586 0.13770984
v -0.09713224 0.00601825 0.13764171
v -0.09716484 0.00614697 0.13758318
v -0.09719186 0.00628105 0.13753466
v -0.09721310 0.00641945 0.13749653
v -0.09722839 0.00656114 0.13746910
v -0.09723760 0.00670502 0.13745254
v -0.10439864 0.00685000 0.12459604
v -0.10439556 0.00699498 0.12460157
v -0.10438634 0.00713886 0.12461811
v -0.10437106 0.00728055 0.12464555
v -0.10434982 0.00741895 0.12468368
v -0.10432280 0.00755303 0.12473220
v -0.10429019 0.00768175 0.12479074
v -0.10425225 0.00780414 0.12485886
v -0.10420926 0.00791928 0.12493604
v -0.10416155 0.00802627 0.12502168
v -0.10410949 0.00812432 0.12511516
v -0.10405346 0.00821266 0.12521574
v -0.10399391 0.00829063 0.12532267
v -0.10393126 0.00835764 0.12543513
v -0.10386603 0.00841318 0.12555225
v -0.10379868 0.00845682 0.12567317
v -0.10372973 0.00848823 0.12579694
v -0.10365972 0.00850717 0.12592265
v -0.10358917 0.00851350 0.12604931
v -0.10351862 0.00850717 0.12617597
v -0.10344861 0.00848823 0.12630166
v -0.10337967 0.00845682 0.12642545
v -0.10331231 0.00841318 0.12654635
v -0.10324708 0.00835764 0.12666348
v -0.10318444 0.00829063 0.12677594
v -0.10312488 0.00821266 0.12688287
v -0.10306886 0.00812432 0.12698345
v -0.10301679 0.00802627 0.12707692
v -0.10296908 0.00791928 0.12716258
v -0.10292610 0.00780414 0.12723975
v -0.10288815 0.00768175 0.12730788
v -0.10285555 0.00755303 0.12736641
v -0.10282852 0.00741895 0.12741493
v -0.10280728 0.00728055 0.12745306
v -0.10279200 0.00713886 0.12748049
v -0.10278279 0.00699498 0.12749705
v -0.10277970 0.00685000 0.12750258
v -0.10278279 0.00670502 0.12749705
v -0.10279200 0.00656114 0.12748049
v -0.10280728 0.00641945 0.12745306
v -0.10282852 0.00628105 0.12741493
v -0.10285555 0.00614697 0.12736641
v -0.10288815 0.00601825 0.12730788
v -0.10292610 0.00589586 0.12723975
v -0.10296908 0.00578072 0.12716258
v -0.10301679 0.00567373 0.12707692
v -0.10306886 0.00557569 0.12698345
v -0.10312488 0.00548734 0.12688287
v -0.10318444 0.00540937 0.12677594
v -0.10324708 0.00534236 0.12666348
v -0.10331231 0.00528682 0.12654635
v -0.10337967 0.00524318 0.12642545
v -0.10344861 0.00521177 0.12630166
v -0.10351862 0.00519283 0.12617597
v -0.10358917 0.00518650 0.12604931
v -0.10365972 0.00519283 0.12592265
v -0.10372973 0.00521177 0.12579694
v -0.10379868 0.00524318 0.12567317
v -0.10386603 0.00528682 0.12555225
v -0.10393126 0.00534236 0.12543513
v -0.10399391 0.00540937 0.12532267
v -0.10405346 0.00548734 0.12521574
v -0.10410949 0.00557569 0.12511516
v -0.10416155 0.00567373 0.12502168
v -0.10420926 0.00578072 0.12493604
v -0.10425225 0.00589586 0.12485886
v -0.10429019 0.00601825 0.12479074
v -0.10432280 0.00614697 0.12473220
v -0.10434982 0.00628105 0.12468368
v -0.10437106 0.00641945 0.12464555
v -0.10438634 0.00656114 0.12461811
v -0.10439556 0.00670502 0.12460157
v 0.05264965 0.00970000 0.12597223
v 0.05264965 0.00200000 0.12597223
v 0.05134965 0.00970000 0.12597223
v 0.05134965 0.00200000 0.12597223
v -0.01119971 -0.00130000 0.10221512
v -0.01119971 0.00000000 0.10221512
v 0.05133790 0.00000000 0.28422660
v 0.05133790 -0.00130000 0.28422660
v 0.05130374 0.00000000 0.28448606
v 0.05130374 -0.00130000 0.28448606
v 0.05124709 0.00000000 0.28474158
v 0.05124709 -0.00130000 0.28474158
v 0.05116839 0.00000000 0.28499117
v 0.05116839 -0.00130000 0.28499117
v 0.05106824 0.00000000 0.28523299
v 0.05106824 -0.00130000 0.28523299
v 0.05094739 0.00000000 0.28546512
v 0.05094739 -0.00130000 0.28546512
v 0.05080677 0.00000000 0.28568584
v 0.05080677 -0.00130000 0.28568584
v 0.05064745 0.00000000 0.28589347
v 0.05064745 -0.00130000 0.28589347
v 0.05047064 0.00000000 0.28608644
v 0.05047064 -0.00130000 0.28608644
v 0.05027768 0.00000000 0.28626326
v 0.05027768 -0.00130000 0.28626326
v 0.05007004 0.00000000 0.28642258
v 0.05007004 -0.00130000 0.28642258
v 0.04984931 0.00000000 0.28656319
v 0.04984931 -0.00130000 0.28656319
v 0.04961717 0.00000000 0.28668404
v 0.04961717 -0.00130000 0.28668404
v 0.04937537 0.00000000 0.28678420
v 0.04937537 -0.00130000 0.28678420
v 0.04912577 0.00000000 0.28686291
v 0.04912577 -0.00130000 0.28686291
v 0.04887026 0.00000000 0.28691953
v 0.04887026 -0.00130000 0.28691953
v 0.04861078 0.00000000 0.28695369
v 0.04861078 -0.00130000 0.28695369
v 0.02304029 -0.00130000 0.11121511
v 0.02304029 0.00000000 0.11121511
v 0.03387230 -0.00130000 0.26194230
v 0.03387230 0.00000000 0.26194230
v 0.03439125 -0.00130000 0.26187396
v 0.03439125 0.00000000 0.26187396
v 0.03490228 -0.00130000 0.26176068
v 0.03490228 0.00000000 0.26176068
v 0.03540148 -0.00130000 0.26160327
v 0.03540148 0.00000000 0.26160327
v 0.03588507 -0.00130000 0.26140296
v 0.03588507 0.00000000 0.26140296
v 0.03634936 -0.00130000 0.26116127
v 0.03634936 0.00000000 0.26116127
v 0.03679082 -0.00130000 0.26088002
v 0.03679082 0.00000000 0.26088002
v 0.03720609 -0.00130000 0.26056138
v 0.03720609 0.00000000 0.26056138
v 0.03759200 -0.00130000 0.26020777
v 0.03759200 0.00000000 0.26020777
v 0.03794563 -0.00130000 0.25982183
v 0.03794563 0.00000000 0.25982183
v 0.03826427 -0.00130000 0.25940657
v 0.03826427 0.00000000 0.25940657
v 0.03854552 -0.00130000 0.25896510
v 0.03854552 0.00000000 0.25896510
v 0.03878721 -0.00130000 0.25850081
v 0.03878721 0.00000000 0.25850081
v 0.03898752 -0.00130000 0.25801724
v 0.03898752 0.00000000 0.25801724
v 0.03914492 -0.00130000 0.25751802
v 0.03914492 0.00000000 0.25751802
v 0.03925821 -0.00130000 0.25700700
v 0.03925821 0.00000000 0.25700700
v 0.03932653 -0.00130000 0.25648805
v 0.03932653 0.00000000 0.25648805
v -0.11968900 0.00200000 0.03322807
v -0.11903900 0.00200000 0.03322807
v -0.11936400 0.00200000 0.03322807
v 0.03932653 -0.00130000 0.14744218
v 0.03932653 0.00000000 0.14744218
v 0.03925821 -0.00130000 0.14692323
v 0.03925821 0.00000000 0.14692323
v 0.03914492 -0.00130000 0.14641221
v 0.03914492 0.00000000 0.14641221
v 0.03898752 -0.00130000 0.14591299
v 0.03898752 0.00000000 0.14591299
v 0.03878721 -0.00130000 0.14542940
v 0.03878721 0.00000000 0.14542940
v 0.03854552 -0.00130000 0.14496511
v 0.03854552 0.00000000 0.14496511
v 0.03826427 -0.00130000 0.14452367
v 0.03826427 0.00000000 0.14452367
v 0.03794563 -0.00130000 0.14410840
v 0.03794563 0.00000000 0.14410840
v 0.03759200 -0.00130000 0.14372247
v 0.03759200 0.00000000 0.14372247
v 0.03720609 -0.00130000 0.14336886
v 0.03720609 0.00000000 0.14336886
v 0.03679082 -0.00130000 0.14305021
v 0.03679082 0.00000000 0.14305021
v 0.03634936 -0.00130000 0.14276896
v 0.03634936 0.00000000 0.14276896
v 0.03588507 -0.00130000 0.14252727
v 0.03588507 0.00000000 0.14252727
v 0.03540148 -0.00130000 0.14232697
v 0.03540148 0.00000000 0.14232697
v 0.03490228 -0.00130000 0.14216956
v 0.03490228 0.00000000 0.14216956
v 0.03439125 -0.00130000 0.14205627
v 0.03439125 0.00000000 0.14205627
v 0.03387230 -0.00130000 0.14198795
v 0.03387230 0.00000000 0.14198795
v 0.02563837 -0.00130000 0.10671512
v 0.02563837 0.00000000 0.10671512
v 0.04462499 0.00699498 0.10845698
v 0.04462746 0.00685000 0.10846280
v 0.00351925 0.00200000 0.01161793
v 0.00351925 0.01010675 0.01161793
v 0.00075997 0.00987431 0.00511748
v 0.00076887 0.01004730 0.00513844
v 0.00103615 0.01123209 0.00576811
v 0.00098588 0.01111421 0.00564969
v 0.00093983 0.01098558 0.00554119
v 0.00089833 0.01084715 0.00544342
v 0.00086170 0.01070000 0.00535712
v 0.00083022 0.01054524 0.00528296
v 0.00080413 0.01038404 0.00522150
v 0.00147035 0.01169239 0.00679103
v 0.00114773 0.01143205 0.00603098
v 0.00109023 0.01133830 0.00589552
v 0.00140276 0.01166962 0.00663180
v 0.00133620 0.01163185 0.00647500
v 0.00120820 0.01151262 0.00617344
v 0.00127119 0.01157939 0.00632182
v 0.05010588 0.01038404 0.12136915
v 0.05007979 0.01054524 0.12130769
v 0.05004831 0.01070000 0.12123352
v 0.04997018 0.01098558 0.12104946
v 0.04992412 0.01111421 0.12094095
v 0.04987386 0.01123209 0.12082254
v 0.05001168 0.01084715 0.12114723
v 0.04943965 0.01169239 0.11979962
v 0.04950725 0.01166962 0.11995886
v 0.04981977 0.01133830 0.12069512
v 0.04976228 0.01143205 0.12055967
v 0.04970181 0.01151262 0.12041721
v 0.04963882 0.01157939 0.12026883
v 0.04957380 0.01163185 0.12011565
v 0.04456656 0.00614697 0.10831933
v 0.04454038 0.00601825 0.10825765
v 0.04450991 0.00589586 0.10818588
v 0.04447540 0.00578072 0.10810456
v 0.04443708 0.00567373 0.10801431
v 0.04089031 0.00200000 0.09965864
v 0.04332997 0.00670502 0.10540611
v 0.04089031 0.01010675 0.09965864
v 0.04332750 0.00685000 0.10540029
v 0.04332997 0.00699498 0.10540611
v 0.04435029 0.00821266 0.10780984
v 0.04439528 0.00812432 0.10791582
v 0.05012638 0.01021764 0.12141744
v 0.04443708 0.00802627 0.10801431
v 0.04447540 0.00791928 0.10810456
v 0.04333737 0.00713886 0.10542355
v 0.04334965 0.00728055 0.10545246
v 0.04336670 0.00741895 0.10549263
v 0.04450991 0.00780414 0.10818588
v 0.04454038 0.00768175 0.10825765
v 0.04456656 0.00755303 0.10831933
v 0.04462499 0.00670502 0.10845698
v 0.04461759 0.00656114 0.10843954
v 0.04336670 0.00628105 0.10549263
v 0.04334965 0.00641945 0.10545246
v 0.04333737 0.00656114 0.10542355
v 0.04338840 0.00755303 0.10554375
v 0.04341458 0.00768175 0.10560543
v 0.04344505 0.00780414 0.10567721
v 0.04347957 0.00791928 0.10575853
v 0.04351787 0.00802627 0.10584878
v 0.04355968 0.00812432 0.10594727
v 0.04414571 0.00845682 0.10732786
v 0.04419979 0.00841318 0.10745527
v 0.04460531 0.00641945 0.10841063
v 0.04458826 0.00628105 0.10837046
v 0.04392083 0.00519283 0.10679808
v 0.04386461 0.00521177 0.10666564
v 0.04355968 0.00557569 0.10594727
v 0.04351787 0.00567373 0.10584878
v 0.04347957 0.00578072 0.10575853
v 0.04344505 0.00589586 0.10567721
v 0.04341458 0.00601825 0.10560543
v 0.04338840 0.00614697 0.10554375
v 0.04425217 0.00835764 0.10757868
v 0.04430247 0.00829063 0.10769717
v 0.05015003 0.00987431 0.12147317
v 0.04460531 0.00728055 0.10841063
v 0.04461759 0.00713886 0.10843954
v 0.04458826 0.00741895 0.10837046
v 0.05014113 0.01004730 0.12145220
v 0.04439528 0.00557569 0.10791582
v 0.04435029 0.00548734 0.10780984
v 0.04430247 0.00540937 0.10769717
v 0.04380925 0.00524318 0.10653523
v 0.04375517 0.00528682 0.10640782
v 0.04370278 0.00534236 0.10628440
v 0.04365249 0.00540937 0.10616592
v 0.04360466 0.00548734 0.10605325
v 0.04360466 0.00821266 0.10605325
v 0.04365249 0.00829063 0.10616592
v 0.04370278 0.00835764 0.10628440
v 0.04403413 0.00850717 0.10706500
v 0.04409035 0.00848823 0.10719744
v 0.04425217 0.00534236 0.10757868
v 0.04419979 0.00528682 0.10745527
v 0.04414571 0.00524318 0.10732786
v 0.04375517 0.00841318 0.10640782
v 0.04380925 0.00845682 0.10653523
v 0.04386461 0.00848823 0.10666564
v 0.04409035 0.00521177 0.10719744
v 0.04403413 0.00519283 0.10706500
v 0.04397748 0.00518650 0.10693154
v 0.04392083 0.00850717 0.10679808
v 0.04397748 0.00851350 0.10693154
v 0.03844325 0.00656114 0.09389372
v 0.03843098 0.00641945 0.09386481
v 0.03715564 0.00699498 0.09086029
v 0.03716304 0.00713886 0.09087773
v 0.03471598 0.01010675 0.08511282
v 0.03717531 0.00728055 0.09090664
v 0.03719236 0.00741895 0.09094682
v 0.03839223 0.00755303 0.09377352
v 0.03841393 0.00741895 0.09382464
v 0.03843098 0.00728055 0.09386481
v 0.03844325 0.00713886 0.09389372
v 0.03845065 0.00699498 0.09391116
v 0.03845313 0.00685000 0.09391698
v 0.03845065 0.00670502 0.09391116
v 0.03841393 0.00628105 0.09382464
v 0.03839223 0.00614697 0.09377352
v 0.03836605 0.00601825 0.09371184
v 0.03830106 0.00791928 0.09355874
v 0.03833558 0.00780414 0.09364006
v 0.03836605 0.00768175 0.09371184
v 0.03471598 0.00200000 0.08511282
v 0.03719236 0.00628105 0.09094682
v 0.03717531 0.00641945 0.09090664
v 0.03716304 0.00656114 0.09087773
v 0.03715564 0.00670502 0.09086029
v 0.03715317 0.00685000 0.09085447
v 0.03721406 0.00755303 0.09099793
v 0.03724024 0.00768175 0.09105962
v 0.03727071 0.00780414 0.09113139
v 0.03791601 0.00848823 0.09265163
v 0.03797137 0.00845682 0.09278204
v 0.03802545 0.00841318 0.09290945
v 0.03727071 0.00589586 0.09113139
v 0.03724024 0.00601825 0.09105962
v 0.03721406 0.00614697 0.09099793
v 0.03730523 0.00791928 0.09121271
v 0.03734354 0.00802627 0.09130296
v 0.03738534 0.00812432 0.09140145
v 0.03743033 0.00821266 0.09150743
v 0.03747816 0.00829063 0.09162010
v 0.03752845 0.00835764 0.09173859
v 0.03758084 0.00841318 0.09186201
v 0.03763492 0.00845682 0.09198941
v 0.03769028 0.00848823 0.09211983
v 0.03807784 0.00835764 0.09303287
v 0.03812814 0.00829063 0.09315135
v 0.03817596 0.00821266 0.09326402
v 0.03774650 0.00519283 0.09225227
v 0.03769028 0.00521177 0.09211983
v 0.03774650 0.00850717 0.09225227
v 0.03780315 0.00851350 0.09238572
v 0.03785979 0.00850717 0.09251919
v 0.03822095 0.00812432 0.09337000
v 0.03826275 0.00802627 0.09346849
v 0.03763492 0.00524318 0.09198941
v 0.03758084 0.00528682 0.09186201
v 0.03752845 0.00534236 0.09173859
v 0.03747816 0.00540937 0.09162010
v 0.03743033 0.00548734 0.09150743
v 0.03738534 0.00557569 0.09140145
v 0.03734354 0.00567373 0.09130296
v 0.03730523 0.00578072 0.09121271
v 0.03833558 0.00589586 0.09364006
v 0.03830106 0.00578072 0.09355874
v 0.03826275 0.00567373 0.09346849
v 0.03822095 0.00557569 0.09337000
v 0.03817596 0.00548734 0.09326402
v 0.03812814 0.00540937 0.09315135
v 0.03807784 0.00534236 0.09303287
v 0.03802545 0.00528682 0.09290945
v 0.03797137 0.00524318 0.09278204
v 0.03791601 0.00521177 0.09265163
v 0.03785979 0.00519283 0.09251919
v 0.03780315 0.00518650 0.09238572
v 0.03226892 0.00656114 0.07934791
v 0.03225664 0.00641945 0.07931899
v 0.03225664 0.00728055 0.07931899
v 0.03226892 0.00713886 0.07934791
v 0.03216125 0.00780414 0.07909425
v 0.03219171 0.00768175 0.07916602
v 0.03227632 0.00699498 0.07936534
v 0.03227879 0.00685000 0.07937117
v 0.03227632 0.00670502 0.07936534
v 0.03221789 0.00755303 0.07922770
v 0.03223959 0.00741895 0.07927882
v 0.03223959 0.00628105 0.07927882
v 0.03221789 0.00614697 0.07922770
v 0.03219171 0.00601825 0.07916602
v 0.03098130 0.00699498 0.07631448
v 0.03098871 0.00713886 0.07633191
v 0.02854165 0.01010675 0.07056700
v 0.03100098 0.00728055 0.07636082
v 0.03116921 0.00567373 0.07675715
v 0.03113090 0.00578072 0.07666690
v 0.02854165 0.00200000 0.07056700
v 0.03103973 0.00614697 0.07645211
v 0.03101803 0.00628105 0.07640100
v 0.03100098 0.00641945 0.07636082
v 0.03098871 0.00656114 0.07633191
v 0.03098130 0.00670502 0.07631448
v 0.03097883 0.00685000 0.07630865
v 0.03101803 0.00741895 0.07640100
v 0.03103973 0.00755303 0.07645211
v 0.03106591 0.00768175 0.07651380
v 0.03130382 0.00829063 0.07707428
v 0.03135412 0.00835764 0.07719277
v 0.03174168 0.00848823 0.07810581
v 0.03179704 0.00845682 0.07823623
v 0.03195380 0.00829063 0.07860554
v 0.03200163 0.00821266 0.07871820
v 0.03204661 0.00812432 0.07882418
v 0.03216125 0.00589586 0.07909425
v 0.03212673 0.00578072 0.07901292
v 0.03208842 0.00567373 0.07892267
v 0.03121101 0.00557569 0.07685564
v 0.03109638 0.00589586 0.07658558
v 0.03106591 0.00601825 0.07651380
v 0.03185112 0.00841318 0.07836363
v 0.03190351 0.00835764 0.07848705
v 0.03208842 0.00802627 0.07892267
v 0.03212673 0.00791928 0.07901292
v 0.03157216 0.00519283 0.07770645
v 0.03151594 0.00521177 0.07757401
v 0.03109638 0.00780414 0.07658558
v 0.03113090 0.00791928 0.07666690
v 0.03116921 0.00802627 0.07675715
v 0.03146058 0.00524318 0.07744359
v 0.03140651 0.00528682 0.07731619
v 0.03135412 0.00534236 0.07719277
v 0.03130382 0.00540937 0.07707428
v 0.03125600 0.00548734 0.07696161
v 0.03121101 0.00812432 0.07685564
v 0.03125600 0.00821266 0.07696161
v 0.03140651 0.00841318 0.07731619
v 0.03146058 0.00845682 0.07744359
v 0.03151594 0.00848823 0.07757401
v 0.03204661 0.00557569 0.07882418
v 0.03200163 0.00548734 0.07871820
v 0.03195380 0.00540937 0.07860554
v 0.03157216 0.00850717 0.07770645
v 0.03162881 0.00851350 0.07783991
v 0.03168546 0.00850717 0.07797337
v 0.03190351 0.00534236 0.07848705
v 0.03185112 0.00528682 0.07836363
v 0.03179704 0.00524318 0.07823623
v 0.03174168 0.00521177 0.07810581
v 0.03168546 0.00519283 0.07797337
v 0.03162881 0.00518650 0.07783991
v 0.02604356 0.00755303 0.06468188
v 0.02606526 0.00741895 0.06473301
v 0.02608231 0.00728055 0.06477317
v 0.02609459 0.00713886 0.06480209
v 0.02610199 0.00699498 0.06481952
v 0.02610446 0.00685000 0.06482535
v 0.02610199 0.00670502 0.06481952
v 0.02609459 0.00656114 0.06480209
v 0.02608231 0.00641945 0.06477317
v 0.02595239 0.00791928 0.06446710
v 0.02598691 0.00780414 0.06454843
v 0.02601738 0.00768175 0.06462020
v 0.02606526 0.00628105 0.06473301
v 0.02604356 0.00614697 0.06468188
v 0.02601738 0.00601825 0.06462020
v 0.02512949 0.00540937 0.06252846
v 0.02508166 0.00548734 0.06241580
v 0.02236731 0.00200000 0.05602118
v 0.02503668 0.00557569 0.06230982
v 0.02499487 0.00567373 0.06221133
v 0.02598691 0.00589586 0.06454843
v 0.02595239 0.00578072 0.06446710
v 0.02591409 0.00567373 0.06437685
v 0.02495657 0.00578072 0.06212108
v 0.02492204 0.00589586 0.06203976
v 0.02489158 0.00601825 0.06196798
v 0.02577947 0.00829063 0.06405972
v 0.02582729 0.00821266 0.06417239
v 0.02587228 0.00557569 0.06427836
v 0.02582729 0.00548734 0.06417239
v 0.02577947 0.00540937 0.06405972
v 0.02539783 0.00519283 0.06316064
v 0.02534161 0.00521177 0.06302819
v 0.02528625 0.00524318 0.06289777
v 0.02556735 0.00848823 0.06355999
v 0.02562271 0.00845682 0.06369041
v 0.02572917 0.00534236 0.06394123
v 0.02567679 0.00528682 0.06381781
v 0.02562271 0.00524318 0.06369041
v 0.02523217 0.00528682 0.06277037
v 0.02517978 0.00534236 0.06264696
v 0.02567679 0.00841318 0.06381781
v 0.02572917 0.00835764 0.06394123
v 0.02587228 0.00812432 0.06427836
v 0.02591409 0.00802627 0.06437685
v 0.02556735 0.00521177 0.06355999
v 0.02551113 0.00519283 0.06342755
v 0.02545448 0.00518650 0.06329409
v 0.02486540 0.00614697 0.06190630
v 0.02484370 0.00628105 0.06185518
v 0.02482665 0.00641945 0.06181501
v 0.02481437 0.00656114 0.06178609
v 0.02480697 0.00670502 0.06176866
v 0.02236731 0.01010675 0.05602118
v 0.02480450 0.00685000 0.06176283
v 0.02480697 0.00699498 0.06176866
v 0.02492204 0.00780414 0.06203976
v 0.02495657 0.00791928 0.06212108
v 0.02499487 0.00802627 0.06221133
v 0.02503668 0.00812432 0.06230982
v 0.02481437 0.00713886 0.06178609
v 0.02482665 0.00728055 0.06181501
v 0.02484370 0.00741895 0.06185518
v 0.02486540 0.00755303 0.06190630
v 0.02489158 0.00768175 0.06196798
v 0.02508166 0.00821266 0.06241580
v 0.02512949 0.00829063 0.06252846
v 0.02517978 0.00835764 0.06264696
v 0.02523217 0.00841318 0.06277037
v 0.02528625 0.00845682 0.06289777
v 0.02534161 0.00848823 0.06302819
v 0.02539783 0.00850717 0.06316064
v 0.02545448 0.00851350 0.06329409
v 0.02551113 0.00850717 0.06342755
v 0.01863016 0.00685000 0.04721701
v 0.01863264 0.00699498 0.04722284
v 0.01619298 0.01010675 0.04147536
v 0.01863264 0.00670502 0.04722284
v 0.01878223 0.00578072 0.04757526
v 0.01874771 0.00589586 0.04749394
v 0.01619298 0.00200000 0.04147536
v 0.01871725 0.00601825 0.04742216
v 0.01869106 0.00614697 0.04736048
v 0.01866936 0.00628105 0.04730936
v 0.01865231 0.00641945 0.04726919
v 0.01864004 0.00656114 0.04724028
v 0.01890733 0.00548734 0.04786998
v 0.01886235 0.00557569 0.04776400
v 0.01882054 0.00567373 0.04766551
v 0.01864004 0.00713886 0.04724028
v 0.01865231 0.00728055 0.04726919
v 0.01866936 0.00741895 0.04730936
v 0.01869106 0.00755303 0.04736048
v 0.01871725 0.00768175 0.04742216
v 0.01874771 0.00780414 0.04749394
v 0.01986923 0.00614697 0.05013607
v 0.01984305 0.00601825 0.05007438
v 0.01981258 0.00589586 0.05000261
v 0.01977806 0.00578072 0.04992129
v 0.01973975 0.00567373 0.04983104
v 0.01960514 0.00540937 0.04951390
v 0.01955484 0.00534236 0.04939541
v 0.01878223 0.00791928 0.04757526
v 0.01882054 0.00802627 0.04766551
v 0.01886235 0.00812432 0.04776400
v 0.01939301 0.00848823 0.04901417
v 0.01944837 0.00845682 0.04914459
v 0.01969795 0.00557569 0.04973255
v 0.01965296 0.00548734 0.04962657
v 0.01950245 0.00528682 0.04927199
v 0.01944837 0.00524318 0.04914459
v 0.01939301 0.00521177 0.04901417
v 0.01890733 0.00821266 0.04786998
v 0.01895515 0.00829063 0.04798264
v 0.01900545 0.00835764 0.04810113
v 0.01992025 0.00713886 0.05025627
v 0.01992765 0.00699498 0.05027371
v 0.01993013 0.00685000 0.05027953
v 0.01992765 0.00670502 0.05027371
v 0.01992025 0.00656114 0.05025627
v 0.01950245 0.00841318 0.04927199
v 0.01955484 0.00835764 0.04939541
v 0.01960514 0.00829063 0.04951390
v 0.01984305 0.00768175 0.05007438
v 0.01986923 0.00755303 0.05013607
v 0.01922350 0.00519283 0.04861481
v 0.01928014 0.00518650 0.04874827
v 0.01933680 0.00519283 0.04888173
v 0.01916728 0.00521177 0.04848237
v 0.01911192 0.00524318 0.04835195
v 0.01905784 0.00528682 0.04822455
v 0.01900545 0.00534236 0.04810113
v 0.01895515 0.00540937 0.04798264
v 0.01965296 0.00821266 0.04962657
v 0.01969795 0.00812432 0.04973255
v 0.01973975 0.00802627 0.04983104
v 0.01990798 0.00641945 0.05022736
v 0.01989093 0.00628105 0.05018719
v 0.01905784 0.00841318 0.04822455
v 0.01911192 0.00845682 0.04835195
v 0.01916728 0.00848823 0.04848237
v 0.01922350 0.00850717 0.04861481
v 0.01928014 0.00851350 0.04874827
v 0.01933680 0.00850717 0.04888173
v 0.01977806 0.00791928 0.04992129
v 0.01981258 0.00780414 0.05000261
v 0.01989093 0.00741895 0.05018719
v 0.01990798 0.00728055 0.05022736
v 0.01375332 0.00699498 0.03572789
v 0.01375579 0.00685000 0.03573371
v 0.01001865 0.00200000 0.02692955
v 0.01246571 0.00656114 0.03269446
v 0.01245830 0.00670502 0.03267702
v 0.01245583 0.00685000 0.03267119
v 0.01001865 0.01010675 0.02692955
v 0.01245830 0.00699498 0.03267702
v 0.01246571 0.00713886 0.03269446
v 0.01375332 0.00670502 0.03572789
v 0.01374592 0.00656114 0.03571045
v 0.01373365 0.00641945 0.03568154
v 0.01251673 0.00614697 0.03281466
v 0.01249503 0.00628105 0.03276354
v 0.01247798 0.00641945 0.03272337
v 0.01369490 0.00755303 0.03559025
v 0.01371660 0.00741895 0.03564137
v 0.01247798 0.00728055 0.03272337
v 0.01249503 0.00741895 0.03276354
v 0.01251673 0.00755303 0.03281466
v 0.01366871 0.00768175 0.03552857
v 0.01373365 0.00728055 0.03568154
v 0.01374592 0.00713886 0.03571045
v 0.01371660 0.00628105 0.03564137
v 0.01369490 0.00614697 0.03559025
v 0.01366871 0.00601825 0.03552857
v 0.01254291 0.00768175 0.03287635
v 0.01257338 0.00780414 0.03294812
v 0.01260790 0.00791928 0.03302944
v 0.01304916 0.00850717 0.03406900
v 0.01310581 0.00851350 0.03420246
v 0.01363825 0.00589586 0.03545679
v 0.01360373 0.00578072 0.03537547
v 0.01356542 0.00567373 0.03528522
v 0.01273300 0.00548734 0.03332416
v 0.01268801 0.00557569 0.03321818
v 0.01264621 0.00567373 0.03311969
v 0.01260790 0.00578072 0.03302944
v 0.01257338 0.00589586 0.03294812
v 0.01254291 0.00601825 0.03287635
v 0.01264621 0.00802627 0.03311969
v 0.01268801 0.00812432 0.03321818
v 0.01273300 0.00821266 0.03332416
v 0.01316246 0.00850717 0.03433591
v 0.01321868 0.00848823 0.03446836
v 0.01327404 0.00845682 0.03459878
v 0.01332812 0.00841318 0.03472618
v 0.01338051 0.00835764 0.03484960
v 0.01343080 0.00829063 0.03496809
v 0.01347863 0.00821266 0.03508075
v 0.01352361 0.00812432 0.03518673
v 0.01356542 0.00802627 0.03528522
v 0.01360373 0.00791928 0.03537547
v 0.01363825 0.00780414 0.03545679
v 0.01352361 0.00557569 0.03518673
v 0.01347863 0.00548734 0.03508075
v 0.01343080 0.00540937 0.03496809
v 0.01338051 0.00534236 0.03484960
v 0.01332812 0.00528682 0.03472618
v 0.01327404 0.00524318 0.03459878
v 0.01304916 0.00519283 0.03406900
v 0.01299294 0.00521177 0.03393656
v 0.01293758 0.00524318 0.03380614
v 0.01288351 0.00528682 0.03367873
v 0.01278082 0.00829063 0.03343682
v 0.01283112 0.00835764 0.03355532
v 0.01288351 0.00841318 0.03367873
v 0.01293758 0.00845682 0.03380614
v 0.01299294 0.00848823 0.03393656
v 0.01283112 0.00534236 0.03355532
v 0.01278082 0.00540937 0.03343682
v 0.01321868 0.00521177 0.03446836
v 0.01316246 0.00519283 0.03433591
v 0.01310581 0.00518650 0.03420246
v 0.00758146 0.00685000 0.02118790
v 0.00757899 0.00670502 0.02118207
v 0.00754226 0.00628105 0.02109555
v 0.00752056 0.00614697 0.02104443
v 0.00749438 0.00601825 0.02098275
v 0.00746391 0.00589586 0.02091097
v 0.00757159 0.00656114 0.02116463
v 0.00755931 0.00641945 0.02113572
v 0.00742939 0.00578072 0.02082965
v 0.00739109 0.00567373 0.02073940
v 0.00734928 0.00557569 0.02064091
v 0.00730429 0.00548734 0.02053493
v 0.00725647 0.00540937 0.02042227
v 0.00720617 0.00534236 0.02030378
v 0.00651368 0.00557569 0.01867236
v 0.00647187 0.00567373 0.01857387
v 0.00665679 0.00534236 0.01900950
v 0.00660649 0.00540937 0.01889101
v 0.00655867 0.00548734 0.01877834
v 0.00643356 0.00578072 0.01848362
v 0.00639905 0.00589586 0.01840230
v 0.00636858 0.00601825 0.01833053
v 0.00628397 0.00699498 0.01813120
v 0.00629137 0.00713886 0.01814864
v 0.00630365 0.00728055 0.01817755
v 0.00632070 0.00741895 0.01821772
v 0.00634240 0.00755303 0.01826884
v 0.00636858 0.00768175 0.01833053
v 0.00639905 0.00780414 0.01840230
v 0.00734928 0.00812432 0.02064091
v 0.00739109 0.00802627 0.02073940
v 0.00742939 0.00791928 0.02082965
v 0.00746391 0.00780414 0.02091097
v 0.00754226 0.00741895 0.02109555
v 0.00755931 0.00728055 0.02113572
v 0.00634240 0.00614697 0.01826884
v 0.00632070 0.00628105 0.01821772
v 0.00630365 0.00641945 0.01817755
v 0.00629137 0.00656114 0.01814864
v 0.00628397 0.00670502 0.01813120
v 0.00628150 0.00685000 0.01812538
v 0.00643356 0.00791928 0.01848362
v 0.00647187 0.00802627 0.01857387
v 0.00651368 0.00812432 0.01867236
v 0.00749438 0.00768175 0.02098275
v 0.00752056 0.00755303 0.02104443
v 0.00757159 0.00713886 0.02116463
v 0.00757899 0.00699498 0.02118207
v 0.00715379 0.00528682 0.02018036
v 0.00709971 0.00524318 0.02005296
v 0.00704435 0.00521177 0.01992254
v 0.00681861 0.00521177 0.01939074
v 0.00676325 0.00524318 0.01926032
v 0.00670917 0.00528682 0.01913292
v 0.00655867 0.00821266 0.01877834
v 0.00660649 0.00829063 0.01889101
v 0.00665679 0.00835764 0.01900950
v 0.00670917 0.00841318 0.01913292
v 0.00676325 0.00845682 0.01926032
v 0.00681861 0.00848823 0.01939074
v 0.00720617 0.00835764 0.02030378
v 0.00725647 0.00829063 0.02042227
v 0.00730429 0.00821266 0.02053493
v 0.00698813 0.00519283 0.01979010
v 0.00693148 0.00518650 0.01965664
v 0.00687483 0.00519283 0.01952318
v 0.00687483 0.00850717 0.01952318
v 0.00693148 0.00851350 0.01965664
v 0.00698813 0.00850717 0.01979010
v 0.00704435 0.00848823 0.01992254
v 0.00709971 0.00845682 0.02005296
v 0.00715379 0.00841318 0.02018036
v 0.00078363 0.01021764 0.00517321
v -0.07025495 0.00000000 0.14744218
v -0.07025495 -0.00130000 0.14744218
v -0.07018663 0.00000000 0.14692323
v -0.07018663 -0.00130000 0.14692323
v -0.07007334 0.00000000 0.14641221
v -0.07007334 -0.00130000 0.14641221
v -0.06991594 0.00000000 0.14591299
v -0.06991594 -0.00130000 0.14591299
v -0.06971563 0.00000000 0.14542940
v -0.06971563 -0.00130000 0.14542940
v -0.06947394 0.00000000 0.14496511
v -0.06947394 -0.00130000 0.14496511
v -0.06919270 0.00000000 0.14452367
v -0.06919270 -0.00130000 0.14452367
v -0.06887405 0.00000000 0.14410840
v -0.06887405 -0.00130000 0.14410840
v -0.06852043 0.00000000 0.14372247
v -0.06852043 -0.00130000 0.14372247
v -0.06813451 0.00000000 0.14336886
v -0.06813451 -0.00130000 0.14336886
v -0.06771924 0.00000000 0.14305021
v -0.06771924 -0.00130000 0.14305021
v -0.06727779 0.00000000 0.14276896
v -0.06727779 -0.00130000 0.14276896
v -0.06681350 0.00000000 0.14252727
v -0.06681350 -0.00130000 0.14252727
v -0.06632990 0.00000000 0.14232697
v -0.06632990 -0.00130000 0.14232697
v -0.06583070 0.00000000 0.14216956
v -0.06583070 -0.00130000 0.14216956
v -0.06531967 0.00000000 0.14205627
v -0.06531967 -0.00130000 0.14205627
v -0.06480072 0.00000000 0.14198795
v -0.06480072 -0.00130000 0.14198795
v -0.08369222 0.00171239 0.16441691
v -0.08365940 0.00142696 0.16439863
v -0.08360496 0.00114590 0.16436830
v -0.08352933 0.00087133 0.16432619
v -0.08343308 0.00060536 0.16427258
v -0.08331695 0.00035000 0.16420789
v -0.08318181 0.00010720 0.16413262
v -0.08302871 -0.00012120 0.16404735
v -0.08285879 -0.00033345 0.16395269
v -0.08267336 -0.00052795 0.16384941
v -0.08247384 -0.00070320 0.16373828
v -0.08226172 -0.00085788 0.16362013
v -0.08203863 -0.00099082 0.16349587
v -0.08180626 -0.00110099 0.16336644
v -0.08156640 -0.00118756 0.16323283
v -0.08132086 -0.00124987 0.16309607
v -0.08107150 -0.00128744 0.16295718
v -0.08097252 0.00000761 0.16290206
v -0.08112364 0.00003038 0.16298622
v -0.08127246 0.00006815 0.16306911
v -0.08141784 0.00012061 0.16315009
v -0.08155866 0.00018738 0.16322853
v -0.08169387 0.00026795 0.16330384
v -0.08182242 0.00036170 0.16337544
v -0.08194335 0.00046791 0.16344279
v -0.08205573 0.00058579 0.16350539
v -0.08215871 0.00071442 0.16356274
v -0.08225150 0.00085285 0.16361444
v -0.08233340 0.00100000 0.16366005
v -0.08240378 0.00115476 0.16369925
v -0.08246211 0.00131596 0.16373175
v -0.08250795 0.00148236 0.16375728
v -0.08254094 0.00165270 0.16377565
v -0.08256084 0.00182569 0.16378674
v -0.11768055 0.00246975 0.03070187
v -0.11768055 0.00970000 0.03070187
v -0.11859979 0.00246975 0.02978263
v -0.11859979 0.00970000 0.02978263
v -0.11033141 0.00685000 0.02151425
v -0.10941216 0.00685000 0.02243349
v -0.11033588 0.00699498 0.02151873
v -0.10941664 0.00699498 0.02243797
v -0.11034928 0.00713886 0.02153212
v -0.10943004 0.00713886 0.02245136
v -0.11037149 0.00728055 0.02155433
v -0.10945225 0.00728055 0.02247357
v -0.11040235 0.00741895 0.02158519
v -0.10948311 0.00741895 0.02250443
v -0.11044161 0.00755303 0.02162446
v -0.10952237 0.00755303 0.02254370
v -0.11048900 0.00768175 0.02167184
v -0.10956976 0.00768175 0.02259108
v -0.11054413 0.00780414 0.02172698
v -0.10962489 0.00780414 0.02264622
v -0.11060660 0.00791928 0.02178945
v -0.10968737 0.00791928 0.02270869
v -0.11067593 0.00802627 0.02185878
v -0.10975669 0.00802627 0.02277802
v -0.11075158 0.00812432 0.02193443
v -0.10983235 0.00812432 0.02285367
v -0.11083300 0.00821266 0.02201584
v -0.10991376 0.00821266 0.02293508
v -0.11091954 0.00829063 0.02210239
v -0.11000030 0.00829063 0.02302163
v -0.11101057 0.00835764 0.02219341
v -0.11009133 0.00835764 0.02311265
v -0.11110537 0.00841318 0.02228822
v -0.11018613 0.00841318 0.02320746
v -0.11120324 0.00845682 0.02238609
v -0.11028400 0.00845682 0.02330532
v -0.11130342 0.00848823 0.02248627
v -0.11038418 0.00848823 0.02340551
v -0.11140516 0.00850717 0.02258801
v -0.11048592 0.00850717 0.02350725
v -0.11150768 0.00851350 0.02269053
v -0.11058844 0.00851350 0.02360976
v -0.11161020 0.00850717 0.02279305
v -0.11069096 0.00850717 0.02371228
v -0.11171193 0.00848823 0.02289478
v -0.11079270 0.00848823 0.02381402
v -0.11181212 0.00845682 0.02299497
v -0.11089288 0.00845682 0.02391421
v -0.11190999 0.00841318 0.02309283
v -0.11099075 0.00841318 0.02401207
v -0.11200479 0.00835764 0.02318764
v -0.11108556 0.00835764 0.02410688
v -0.11209581 0.00829063 0.02327866
v -0.11117657 0.00829063 0.02419790
v -0.11218236 0.00821266 0.02336521
v -0.11126312 0.00821266 0.02428445
v -0.11226377 0.00812432 0.02344662
v -0.11134453 0.00812432 0.02436586
v -0.11233943 0.00802627 0.02352228
v -0.11142019 0.00802627 0.02444151
v -0.11240876 0.00791928 0.02359160
v -0.11148951 0.00791928 0.02451084
v -0.11247122 0.00780414 0.02365407
v -0.11155199 0.00780414 0.02457331
v -0.11252636 0.00768175 0.02370921
v -0.11160712 0.00768175 0.02462845
v -0.11257374 0.00755303 0.02375659
v -0.11165451 0.00755303 0.02467583
v -0.11261301 0.00741895 0.02379586
v -0.11169377 0.00741895 0.02471510
v -0.11264387 0.00728055 0.02382672
v -0.11172463 0.00728055 0.02474596
v -0.11266608 0.00713886 0.02384893
v -0.11174684 0.00713886 0.02476817
v -0.11267947 0.00699498 0.02386232
v -0.11176024 0.00699498 0.02478156
v -0.11268395 0.00685000 0.02386680
v -0.11176471 0.00685000 0.02478604
v -0.11267947 0.00670502 0.02386232
v -0.11176024 0.00670502 0.02478156
v -0.11266608 0.00656114 0.02384893
v -0.11174684 0.00656114 0.02476817
v -0.11264387 0.00641945 0.02382672
v -0.11172463 0.00641945 0.02474596
v -0.11261301 0.00628105 0.02379586
v -0.11169377 0.00628105 0.02471510
v -0.11257374 0.00614697 0.02375659
v -0.11165451 0.00614697 0.02467583
v -0.11252636 0.00601825 0.02370921
v -0.11160712 0.00601825 0.02462845
v -0.11247122 0.00589586 0.02365407
v -0.11155199 0.00589586 0.02457331
v -0.11240876 0.00578072 0.02359160
v -0.11148951 0.00578072 0.02451084
v -0.11233943 0.00567373 0.02352228
v -0.11142019 0.00567373 0.02444151
v -0.11226377 0.00557569 0.02344662
v -0.11134453 0.00557569 0.02436586
v -0.11218236 0.00548734 0.02336521
v -0.11126312 0.00548734 0.02428445
v -0.11209581 0.00540937 0.02327866
v -0.11117657 0.00540937 0.02419790
v -0.11200479 0.00534236 0.02318764
v -0.11108556 0.00534236 0.02410688
v -0.11190999 0.00528682 0.02309283
v -0.11099075 0.00528682 0.02401207
v -0.11181212 0.00524318 0.02299497
v -0.11089288 0.00524318 0.02391421
v -0.11171193 0.00521177 0.02289478
v -0.11079270 0.00521177 0.02381402
v -0.11161020 0.00519283 0.02279305
v -0.11069096 0.00519283 0.02371228
v -0.11150768 0.00518650 0.02269053
v -0.11058844 0.00518650 0.02360976
v -0.11140516 0.00519283 0.02258801
v -0.11048592 0.00519283 0.02350725
v -0.11130342 0.00521177 0.02248627
v -0.11038418 0.00521177 0.02340551
v -0.11120324 0.00524318 0.02238609
v -0.11028400 0.00524318 0.02330532
v -0.11110537 0.00528682 0.02228822
v -0.11018613 0.00528682 0.02320746
v -0.11101057 0.00534236 0.02219341
v -0.11009133 0.00534236 0.02311265
v -0.11091954 0.00540937 0.02210239
v -0.11000030 0.00540937 0.02302163
v -0.11083300 0.00548734 0.02201584
v -0.10991376 0.00548734 0.02293508
v -0.11075158 0.00557569 0.02193443
v -0.10983235 0.00557569 0.02285367
v -0.11067593 0.00567373 0.02185878
v -0.10975669 0.00567373 0.02277802
v -0.11060660 0.00578072 0.02178945
v -0.10968737 0.00578072 0.02270869
v -0.11054413 0.00589586 0.02172698
v -0.10962489 0.00589586 0.02264622
v -0.11048900 0.00601825 0.02167184
v -0.10956976 0.00601825 0.02259108
v -0.11044161 0.00614697 0.02162446
v -0.10952237 0.00614697 0.02254370
v -0.11040235 0.00628105 0.02158519
v -0.10948311 0.00628105 0.02250443
v -0.11037149 0.00641945 0.02155433
v -0.10945225 0.00641945 0.02247357
v -0.11034928 0.00656114 0.02153212
v -0.10943004 0.00656114 0.02245136
v -0.11033588 0.00670502 0.02151873
v -0.10941664 0.00670502 0.02243797
v -0.11787433 0.00246975 0.02905718
v -0.09845966 0.00641945 0.00964251
v -0.09842880 0.00628105 0.00961165
v -0.11787433 0.00200000 0.02905718
v -0.09635992 0.00589586 0.00754277
v -0.09630479 0.00601825 0.00748764
v -0.10548164 0.00614697 0.01666449
v -0.10543425 0.00601825 0.01661710
v -0.09849527 0.00670502 0.00967811
v -0.09848187 0.00656114 0.00966472
v -0.10421132 0.00521177 0.01539416
v -0.10537912 0.00589586 0.01656197
v -0.10531665 0.00578072 0.01649950
v -0.10524733 0.00567373 0.01643017
v -0.09642239 0.00578072 0.00760524
v -0.09782058 0.00835764 0.00900343
v -0.09791160 0.00829063 0.00909445
v -0.10331024 0.00628105 0.01449309
v -0.10351450 0.00578072 0.01469734
v -0.10345203 0.00589586 0.01463488
v -0.09849975 0.00685000 0.00968259
v -0.09834215 0.00768175 0.00952500
v -0.09838954 0.00755303 0.00957238
v -0.09842880 0.00741895 0.00961165
v -0.09845966 0.00728055 0.00964251
v -0.09625740 0.00614697 0.00744025
v -0.09621813 0.00628105 0.00740098
v -0.09618728 0.00641945 0.00737013
v -0.10517167 0.00557569 0.01635451
v -0.10509025 0.00548734 0.01627310
v -0.10500371 0.00540937 0.01618656
v -0.09815522 0.00802627 0.00933807
v -0.09822454 0.00791928 0.00940739
v -0.09828702 0.00780414 0.00946986
v -0.10401326 0.00528682 0.01519611
v -0.10391846 0.00534236 0.01510131
v -0.10382744 0.00540937 0.01501029
v -0.10374089 0.00548734 0.01492374
v -0.10559185 0.00685000 0.01677469
v -0.10491269 0.00534236 0.01609554
v -0.10481788 0.00528682 0.01600073
v -0.10472002 0.00524318 0.01590286
v -0.09838954 0.00614697 0.00957238
v -0.09834215 0.00601825 0.00952500
v -0.09828702 0.00589586 0.00946986
v -0.09664879 0.00548734 0.00783164
v -0.09656738 0.00557569 0.00775022
v -0.09649172 0.00567373 0.00767457
v -0.09799815 0.00821266 0.00918100
v -0.09807956 0.00812432 0.00926241
v -0.10365948 0.00557569 0.01484233
v -0.10358382 0.00567373 0.01476667
v -0.09848187 0.00713886 0.00966472
v -0.09849527 0.00699498 0.00967811
v -0.10334951 0.00614697 0.01453236
v -0.10339689 0.00601825 0.01457974
v -0.09630479 0.00768175 0.00748764
v -0.09635992 0.00780414 0.00754277
v -0.10558737 0.00670502 0.01677022
v -0.10461983 0.00521177 0.01580268
v -0.10451809 0.00519283 0.01570094
v -0.10441557 0.00518650 0.01559842
v -0.10411114 0.00524318 0.01529398
v -0.09616507 0.00656114 0.00734792
v -0.09615167 0.00670502 0.00733452
v -0.09614719 0.00685000 0.00733005
v -0.09615167 0.00699498 0.00733452
v -0.09621813 0.00741895 0.00740098
v -0.09031665 0.01038404 0.00149950
v -0.09027956 0.01021764 0.00146240
v -0.09083442 0.01133830 0.00201727
v -0.09073654 0.01123209 0.00191939
v -0.09625740 0.00755303 0.00744025
v -0.09064558 0.01111421 0.00182843
v -0.09056223 0.01098558 0.00174508
v -0.09048712 0.01084715 0.00166997
v -0.09042083 0.01070000 0.00160368
v -0.09036387 0.01054524 0.00154671
v -0.09152232 0.01169239 0.00270517
v -0.09140000 0.01166962 0.00258285
v -0.09127955 0.01163185 0.00246240
v -0.09116189 0.01157939 0.00234474
v -0.10327938 0.00641945 0.01446223
v -0.09762791 0.00845682 0.00881076
v -0.09772578 0.00841318 0.00890863
v -0.10339689 0.00768175 0.01457974
v -0.10334951 0.00755303 0.01453236
v -0.10331024 0.00741895 0.01449309
v -0.11855160 0.01021764 0.02973445
v -0.11851450 0.01038404 0.02969735
v -0.10557397 0.00656114 0.01675682
v -0.10555176 0.00641945 0.01673461
v -0.10552091 0.00628105 0.01670376
v -0.10431305 0.00519283 0.01549590
v -0.09822454 0.00578072 0.00940739
v -0.09815522 0.00567373 0.00933807
v -0.09807956 0.00557569 0.00926241
v -0.09799815 0.00548734 0.00918100
v -0.09791160 0.00540937 0.00909445
v -0.09782058 0.00534236 0.00900343
v -0.09616507 0.00713886 0.00734792
v -0.09618728 0.00728055 0.00737013
v -0.09023675 0.00987431 0.00141960
v -0.09025285 0.01004730 0.00143570
v -0.09104791 0.01151262 0.00223075
v -0.09093847 0.01143205 0.00212132
v -0.10325717 0.00656114 0.01444002
v -0.10324378 0.00670502 0.01442663
v -0.10323930 0.00685000 0.01442215
v -0.09642239 0.00791928 0.00760524
v -0.09649172 0.00802627 0.00767457
v -0.09656738 0.00812432 0.00775022
v -0.10552091 0.00741895 0.01670376
v -0.10548164 0.00755303 0.01666449
v -0.10543425 0.00768175 0.01661710
v -0.10327938 0.00728055 0.01446223
v -0.09752773 0.00848823 0.00871058
v -0.10325717 0.00713886 0.01444002
v -0.10324378 0.00699498 0.01442663
v -0.09664879 0.00821266 0.00783164
v -0.09673534 0.00829063 0.00791818
v -0.09682635 0.00835764 0.00800920
v -0.10517167 0.00812432 0.01635451
v -0.10524733 0.00802627 0.01643017
v -0.10557397 0.00713886 0.01675682
v -0.10558737 0.00699498 0.01677022
v -0.10555176 0.00728055 0.01673461
v -0.11859441 0.00987431 0.02977725
v -0.11857830 0.01004730 0.02976115
v -0.09772578 0.00528682 0.00890863
v -0.09762791 0.00524318 0.00881076
v -0.09752773 0.00521177 0.00871058
v -0.09692116 0.00841318 0.00810401
v -0.09701902 0.00845682 0.00820188
v -0.09711921 0.00848823 0.00830206
v -0.09742599 0.00850717 0.00860884
v -0.10345203 0.00780414 0.01463488
v -0.10351450 0.00791928 0.01469734
v -0.10358382 0.00802627 0.01476667
v -0.11730883 0.01169239 0.02849168
v -0.11846729 0.01054524 0.02965013
v -0.11841032 0.01070000 0.02959317
v -0.11834403 0.01084715 0.02952688
v -0.11809461 0.01123209 0.02927746
v -0.11818557 0.01111421 0.02936842
v -0.11826892 0.01098558 0.02945177
v -0.09742599 0.00519283 0.00860884
v -0.09732347 0.00518650 0.00850632
v -0.09722095 0.00519283 0.00840380
v -0.09711921 0.00521177 0.00830206
v -0.09701902 0.00524318 0.00820188
v -0.09692116 0.00528682 0.00810401
v -0.09682635 0.00534236 0.00800920
v -0.09673534 0.00540937 0.00791818
v -0.09722095 0.00850717 0.00840380
v -0.09732347 0.00851350 0.00850632
v -0.10509025 0.00821266 0.01627310
v -0.10531665 0.00791928 0.01649950
v -0.10537912 0.00780414 0.01656197
v -0.11799673 0.01133830 0.02917958
v -0.11789268 0.01143205 0.02907553
v -0.11778325 0.01151262 0.02896609
v -0.11766926 0.01157939 0.02885211
v -0.11755159 0.01163185 0.02873445
v -0.11743115 0.01166962 0.02861400
v -0.10365948 0.00812432 0.01484233
v -0.10374089 0.00821266 0.01492374
v -0.10382744 0.00829063 0.01501029
v -0.10481788 0.00841318 0.01600073
v -0.10491269 0.00835764 0.01609554
v -0.10500371 0.00829063 0.01618656
v -0.10391846 0.00835764 0.01510131
v -0.10401326 0.00841318 0.01519611
v -0.10411114 0.00845682 0.01529398
v -0.10421132 0.00848823 0.01539416
v -0.10431305 0.00850717 0.01549590
v -0.10441557 0.00851350 0.01559842
v -0.10451809 0.00850717 0.01570094
v -0.10461983 0.00848823 0.01580268
v -0.10472002 0.00845682 0.01590286
v -0.07915210 0.00000761 0.17198212
v -0.07926540 -0.00128744 0.17198212
v -0.07932508 0.00003038 0.17198212
v -0.07955083 -0.00124987 0.17198212
v -0.07949542 0.00006815 0.17198212
v -0.07983189 -0.00118756 0.17198212
v -0.07966182 0.00012061 0.17198212
v -0.08010645 -0.00110099 0.17198212
v -0.07982302 0.00018738 0.17198212
v -0.08037243 -0.00099082 0.17198212
v -0.07997779 0.00026795 0.17198212
v -0.08062778 -0.00085788 0.17198212
v -0.08012494 0.00036170 0.17198212
v -0.08087059 -0.00070320 0.17198212
v -0.08026336 0.00046791 0.17198212
v -0.08109899 -0.00052795 0.17198212
v -0.08039200 0.00058579 0.17198212
v -0.08131124 -0.00033345 0.17198212
v -0.08050988 0.00071442 0.17198212
v -0.08150573 -0.00012120 0.17198212
v -0.08061609 0.00085285 0.17198212
v -0.08168099 0.00010720 0.17198212
v -0.08070984 0.00100000 0.17198212
v -0.08183567 0.00035000 0.17198212
v -0.08079040 0.00115476 0.17198212
v -0.08196861 0.00060536 0.17198212
v -0.08085717 0.00131596 0.17198212
v -0.08207877 0.00087133 0.17198212
v -0.08090964 0.00148236 0.17198212
v -0.08216535 0.00114590 0.17198212
v -0.08094740 0.00165270 0.17198212
v -0.08222765 0.00142696 0.17198212
v -0.08097018 0.00182569 0.17198212
v -0.08226523 0.00171239 0.17198212
v -0.10232006 0.00685000 0.01534139
v -0.10232454 0.00699498 0.01534586
v -0.10233793 0.00713886 0.01535926
v -0.10236014 0.00728055 0.01538147
v -0.10239100 0.00741895 0.01541233
v -0.10243027 0.00755303 0.01545160
v -0.10247765 0.00768175 0.01549898
v -0.10253279 0.00780414 0.01555412
v -0.10259525 0.00791928 0.01561658
v -0.10266458 0.00802627 0.01568591
v -0.10274024 0.00812432 0.01576157
v -0.10282166 0.00821266 0.01584298
v -0.10290820 0.00829063 0.01592953
v -0.10299922 0.00835764 0.01602055
v -0.10309403 0.00841318 0.01611535
v -0.10319189 0.00845682 0.01621322
v -0.10329208 0.00848823 0.01631340
v -0.10339382 0.00850717 0.01641514
v -0.10349634 0.00851350 0.01651766
v -0.10359886 0.00850717 0.01662018
v -0.10370059 0.00848823 0.01672192
v -0.10380077 0.00845682 0.01682210
v -0.10389864 0.00841318 0.01691997
v -0.10399345 0.00835764 0.01701478
v -0.10408447 0.00829063 0.01710580
v -0.10417102 0.00821266 0.01719234
v -0.10425243 0.00812432 0.01727375
v -0.10432809 0.00802627 0.01734941
v -0.10439741 0.00791928 0.01741874
v -0.10445988 0.00780414 0.01748121
v -0.10451502 0.00768175 0.01753634
v -0.10456240 0.00755303 0.01758373
v -0.10460167 0.00741895 0.01762299
v -0.10463253 0.00728055 0.01765385
v -0.10465474 0.00713886 0.01767606
v -0.10466813 0.00699498 0.01768946
v -0.10467260 0.00685000 0.01769393
v -0.10466813 0.00670502 0.01768946
v -0.10465474 0.00656114 0.01767606
v -0.10463253 0.00641945 0.01765385
v -0.10460167 0.00628105 0.01762299
v -0.10456240 0.00614697 0.01758373
v -0.10451502 0.00601825 0.01753634
v -0.10445988 0.00589586 0.01748121
v -0.10439741 0.00578072 0.01741874
v -0.10432809 0.00567373 0.01734941
v -0.10425243 0.00557569 0.01727375
v -0.10417102 0.00548734 0.01719234
v -0.10408447 0.00540937 0.01710580
v -0.10399345 0.00534236 0.01701478
v -0.10389864 0.00528682 0.01691997
v -0.10380077 0.00524318 0.01682210
v -0.10370059 0.00521177 0.01672192
v -0.10359886 0.00519283 0.01662018
v -0.10349634 0.00518650 0.01651766
v -0.10339382 0.00519283 0.01641514
v -0.10329208 0.00521177 0.01631340
v -0.10319189 0.00524318 0.01621322
v -0.10309403 0.00528682 0.01611535
v -0.10299922 0.00534236 0.01602055
v -0.10290820 0.00540937 0.01592953
v -0.10282166 0.00548734 0.01584298
v -0.10274024 0.00557569 0.01576157
v -0.10266458 0.00567373 0.01568591
v -0.10259525 0.00578072 0.01561658
v -0.10253279 0.00589586 0.01555412
v -0.10247765 0.00601825 0.01549898
v -0.10243027 0.00614697 0.01545160
v -0.10239100 0.00628105 0.01541233
v -0.10236014 0.00641945 0.01538147
v -0.10233793 0.00656114 0.01535926
v -0.10232454 0.00670502 0.01534586
v -0.08097018 0.00182569 0.27696511
v -0.08226523 0.00171239 0.27696511
v -0.08094740 0.00165270 0.27696511
v -0.08222765 0.00142696 0.27696511
v -0.08090964 0.00148236 0.27696511
v -0.08216535 0.00114590 0.27696511
v -0.08085717 0.00131596 0.27696511
v -0.08207877 0.00087133 0.27696511
v -0.08079040 0.00115476 0.27696511
v -0.08196861 0.00060536 0.27696511
v -0.08070984 0.00100000 0.27696511
v -0.08183567 0.00035000 0.27696511
v -0.08061609 0.00085285 0.27696511
v -0.08168099 0.00010720 0.27696511
v -0.08050988 0.00071442 0.27696511
v -0.08150573 -0.00012120 0.27696511
v -0.08039200 0.00058579 0.27696511
v -0.08131124 -0.00033345 0.27696511
v -0.08026336 0.00046791 0.27696511
v -0.08109899 -0.00052795 0.27696511
v -0.08012494 0.00036170 0.27696511
v -0.08087059 -0.00070320 0.27696511
v -0.07997779 0.00026795 0.27696511
v -0.08062778 -0.00085788 0.27696511
v -0.07982302 0.00018738 0.27696511
v -0.08037243 -0.00099082 0.27696511
v -0.07966182 0.00012061 0.27696511
v -0.08010645 -0.00110099 0.27696511
v -0.07949542 0.00006815 0.27696511
v -0.07983189 -0.00118756 0.27696511
v -0.07932508 0.00003038 0.27696511
v -0.07955083 -0.00124987 0.27696511
v -0.07915210 0.00000761 0.27696511
v -0.07926540 -0.00128744 0.27696511
v -0.09522796 0.00685000 0.00824928
v -0.09523243 0.00699498 0.00825376
v -0.09524583 0.00713886 0.00826715
v -0.09526804 0.00728055 0.00828937
v -0.09529889 0.00741895 0.00832022
v -0.09533817 0.00755303 0.00835949
v -0.09538555 0.00768175 0.00840687
v -0.09544069 0.00780414 0.00846201
v -0.09550315 0.00791928 0.00852448
v -0.09557248 0.00802627 0.00859381
v -0.09564814 0.00812432 0.00866946
v -0.09572955 0.00821266 0.00875087
v -0.09581610 0.00829063 0.00883742
v -0.09590711 0.00835764 0.00892844
v -0.09600192 0.00841318 0.00902325
v -0.09609979 0.00845682 0.00912112
v -0.09619997 0.00848823 0.00922130
v -0.09630171 0.00850717 0.00932304
v -0.09640423 0.00851350 0.00942556
v -0.09650675 0.00850717 0.00952808
v -0.09660849 0.00848823 0.00962981
v -0.09670867 0.00845682 0.00973000
v -0.09680654 0.00841318 0.00982787
v -0.09690134 0.00835764 0.00992267
v -0.09699237 0.00829063 0.01001369
v -0.09707891 0.00821266 0.01010024
v -0.09716032 0.00812432 0.01018165
v -0.09723598 0.00802627 0.01025731
v -0.09730531 0.00791928 0.01032663
v -0.09736778 0.00780414 0.01038910
v -0.09742291 0.00768175 0.01044424
v -0.09747030 0.00755303 0.01049162
v -0.09750956 0.00741895 0.01053089
v -0.09754042 0.00728055 0.01056175
v -0.09756263 0.00713886 0.01058396
v -0.09757603 0.00699498 0.01059735
v -0.09758050 0.00685000 0.01060183
v -0.09757603 0.00670502 0.01059735
v -0.09756263 0.00656114 0.01058396
v -0.09754042 0.00641945 0.01056175
v -0.09750956 0.00628105 0.01053089
v -0.09747030 0.00614697 0.01049162
v -0.09742291 0.00601825 0.01044424
v -0.09736778 0.00589586 0.01038910
v -0.09730531 0.00578072 0.01032663
v -0.09723598 0.00567373 0.01025731
v -0.09716032 0.00557569 0.01018165
v -0.09707891 0.00548734 0.01010024
v -0.09699237 0.00540937 0.01001369
v -0.09690134 0.00534236 0.00992267
v -0.09680654 0.00528682 0.00982787
v -0.09670867 0.00524318 0.00973000
v -0.09660849 0.00521177 0.00962981
v -0.09650675 0.00519283 0.00952808
v -0.09640423 0.00518650 0.00942556
v -0.09630171 0.00519283 0.00932304
v -0.09619997 0.00521177 0.00922130
v -0.09609979 0.00524318 0.00912112
v -0.09600192 0.00528682 0.00902325
v -0.09590711 0.00534236 0.00892844
v -0.09581610 0.00540937 0.00883742
v -0.09572955 0.00548734 0.00875087
v -0.09564814 0.00557569 0.00866946
v -0.09557248 0.00567373 0.00859381
v -0.09550315 0.00578072 0.00852448
v -0.09544069 0.00589586 0.00846201
v -0.09538555 0.00601825 0.00840687
v -0.09533817 0.00614697 0.00835949
v -0.09529889 0.00628105 0.00832022
v -0.09526804 0.00641945 0.00828937
v -0.09524583 0.00656114 0.00826715
v -0.09523243 0.00670502 0.00825376
v -0.08936031 0.01021764 0.00238164
v -0.08939742 0.01038404 0.00241874
v -0.11695509 0.00200000 0.02997642
v -0.08931751 0.00987431 0.00233883
v -0.08933361 0.01004730 0.00235494
v -0.08991518 0.01133830 0.00293651
v -0.09001923 0.01143205 0.00304056
v -0.11695509 0.00246975 0.02997642
v -0.09060308 0.01169239 0.00362441
v -0.08944463 0.01054524 0.00246595
v -0.08950160 0.01070000 0.00252292
v -0.08956788 0.01084715 0.00258921
v -0.09036031 0.01163185 0.00338164
v -0.09048077 0.01166962 0.00350209
v -0.11686400 0.01151262 0.02988533
v -0.11697344 0.01143205 0.02999477
v -0.11763236 0.01021764 0.03065369
v -0.11765906 0.01004730 0.03068039
v -0.09012867 0.01151262 0.00314999
v -0.09024265 0.01157939 0.00326398
v -0.11767516 0.00987431 0.03069649
v -0.08964299 0.01098558 0.00266432
v -0.08972634 0.01111421 0.00274767
v -0.08981730 0.01123209 0.00283863
v -0.11638959 0.01169239 0.02941092
v -0.11651191 0.01166962 0.02953324
v -0.11707749 0.01133830 0.03009882
v -0.11717537 0.01123209 0.03019670
v -0.11726633 0.01111421 0.03028766
v -0.11749108 0.01070000 0.03051241
v -0.11754805 0.01054524 0.03056937
v -0.11759526 0.01038404 0.03061659
v -0.11663236 0.01163185 0.02965369
v -0.11675002 0.01157939 0.02977135
v -0.11734968 0.01098558 0.03037101
v -0.11742479 0.01084715 0.03044612
v -0.05063586 -0.00130000 0.10221512
v -0.05063586 0.00000000 0.10221512
v -0.05323394 -0.00130000 0.10671512
v -0.05323394 0.00000000 0.10671512
v -0.05063586 -0.00130000 0.11121511
v -0.01899394 -0.00130000 0.10671512
v -0.01639586 -0.00130000 0.10221512
v -0.01639586 -0.00130000 0.11121511
v -0.11694971 0.00182569 0.02998180
v -0.11786545 0.00171239 0.02906606
v -0.11693361 0.00165270 0.02999791
v -0.11783888 0.00142696 0.02909263
v -0.11690690 0.00148236 0.03002461
v -0.11779482 0.00114590 0.02913669
v -0.11686981 0.00131596 0.03006171
v -0.11773361 0.00087133 0.02919791
v -0.11682259 0.00115476 0.03010892
v -0.11765571 0.00060536 0.02927581
v -0.11676563 0.00100000 0.03016589
v -0.11756171 0.00035000 0.02936981
v -0.11669934 0.00085285 0.03023218
v -0.11745233 0.00010720 0.02947918
v -0.11662423 0.00071442 0.03030728
v -0.11732841 -0.00012120 0.02960311
v -0.11654088 0.00058579 0.03039063
v -0.11719088 -0.00033345 0.02974063
v -0.11644992 0.00046791 0.03048160
v -0.11704080 -0.00052795 0.02989072
v -0.11635204 0.00036170 0.03057947
v -0.11687929 -0.00070320 0.03005222
v -0.11624799 0.00026795 0.03068353
v -0.11670761 -0.00085788 0.03022391
v -0.11613856 0.00018738 0.03079296
v -0.11652704 -0.00099082 0.03040447
v -0.11602457 0.00012061 0.03090694
v -0.11633897 -0.00110099 0.03059255
v -0.11590691 0.00006815 0.03102461
v -0.11614482 -0.00118756 0.03078669
v -0.11578646 0.00003038 0.03114506
v -0.11594608 -0.00124987 0.03098543
v -0.11566414 0.00000761 0.03126738
v -0.11574426 -0.00128744 0.03118726
v 0.05264955 0.00685000 0.17293303
v 0.05134955 0.00685000 0.17293303
v 0.05264955 0.00699498 0.17292669
v 0.05134955 0.00699498 0.17292669
v 0.05264955 0.00713886 0.17290775
v 0.05134955 0.00713886 0.17290775
v 0.05264955 0.00728055 0.17287634
v 0.05134955 0.00728055 0.17287634
v 0.05264955 0.00741895 0.17283271
v 0.05134955 0.00741895 0.17283270
v 0.05264955 0.00755303 0.17277718
v 0.05134955 0.00755303 0.17277716
v 0.05264955 0.00768175 0.17271017
v 0.05134955 0.00768175 0.17271015
v 0.05264955 0.00780414 0.17263219
v 0.05134955 0.00780414 0.17263219
v 0.05264955 0.00791928 0.17254384
v 0.05134955 0.00791928 0.17254384
v 0.05264955 0.00802627 0.17244580
v 0.05134955 0.00802627 0.17244579
v 0.05264955 0.00812432 0.17233880
v 0.05134955 0.00812432 0.17233880
v 0.05264955 0.00821266 0.17222367
v 0.05134955 0.00821266 0.17222367
v 0.05264955 0.00829063 0.17210127
v 0.05134955 0.00829063 0.17210127
v 0.05264955 0.00835764 0.17197256
v 0.05134955 0.00835764 0.17197254
v 0.05264955 0.00841318 0.17183848
v 0.05134955 0.00841318 0.17183848
v 0.05264955 0.00845682 0.17170008
v 0.05134955 0.00845682 0.17170008
v 0.05264955 0.00848823 0.17155840
v 0.05134955 0.00848823 0.17155840
v 0.05264955 0.00850717 0.17141451
v 0.05134955 0.00850717 0.17141451
v 0.05264955 0.00851350 0.17126952
v 0.05134955 0.00851350 0.17126952
v 0.05264956 0.00850717 0.17112455
v 0.05134955 0.00850717 0.17112455
v 0.05264956 0.00848823 0.17098066
v 0.05134956 0.00848823 0.17098066
v 0.05264956 0.00845682 0.17083898
v 0.05134956 0.00845682 0.17083898
v 0.05264956 0.00841318 0.17070058
v 0.05134956 0.00841318 0.17070058
v 0.05264956 0.00835764 0.17056650
v 0.05134956 0.00835764 0.17056650
v 0.05264956 0.00829063 0.17043778
v 0.05134956 0.00829063 0.17043777
v 0.05264956 0.00821266 0.17031538
v 0.05134956 0.00821266 0.17031538
v 0.05264956 0.00812432 0.17020024
v 0.05134956 0.00812432 0.17020024
v 0.05264956 0.00802627 0.17009325
v 0.05134956 0.00802627 0.17009325
v 0.05264956 0.00791928 0.16999522
v 0.05134956 0.00791928 0.16999520
v 0.05264956 0.00780414 0.16990687
v 0.05134956 0.00780414 0.16990687
v 0.05264956 0.00768175 0.16982889
v 0.05134956 0.00768175 0.16982889
v 0.05264956 0.00755303 0.16976188
v 0.05134956 0.00755303 0.16976188
v 0.05264956 0.00741895 0.16970634
v 0.05134956 0.00741895 0.16970634
v 0.05264956 0.00728055 0.16966271
v 0.05134956 0.00728055 0.16966271
v 0.05264956 0.00713886 0.16963130
v 0.05134956 0.00713886 0.16963130
v 0.05264956 0.00699498 0.16961236
v 0.05134956 0.00699498 0.16961235
v 0.05264956 0.00685000 0.16960603
v 0.05134956 0.00685000 0.16960603
v 0.05264956 0.00670502 0.16961236
v 0.05134956 0.00670502 0.16961235
v 0.05264956 0.00656114 0.16963130
v 0.05134956 0.00656114 0.16963130
v 0.05264956 0.00641945 0.16966271
v 0.05134956 0.00641945 0.16966271
v 0.05264956 0.00628105 0.16970634
v 0.05134956 0.00628105 0.16970634
v 0.05264956 0.00614697 0.16976188
v 0.05134956 0.00614697 0.16976188
v 0.05264956 0.00601825 0.16982889
v 0.05134956 0.00601825 0.16982889
v 0.05264956 0.00589586 0.16990687
v 0.05134956 0.00589586 0.16990687
v 0.05264956 0.00578072 0.16999522
v 0.05134956 0.00578072 0.16999520
v 0.05264956 0.00567373 0.17009325
v 0.05134956 0.00567373 0.17009325
v 0.05264956 0.00557569 0.17020024
v 0.05134956 0.00557569 0.17020024
v 0.05264956 0.00548734 0.17031538
v 0.05134956 0.00548734 0.17031538
v 0.05264956 0.00540937 0.17043778
v 0.05134956 0.00540937 0.17043777
v 0.05264956 0.00534236 0.17056650
v 0.05134956 0.00534236 0.17056650
v 0.05264956 0.00528682 0.17070058
v 0.05134956 0.00528682 0.17070058
v 0.05264956 0.00524318 0.17083898
v 0.05134956 0.00524318 0.17083898
v 0.05264956 0.00521177 0.17098066
v 0.05134956 0.00521177 0.17098066
v 0.05264956 0.00519283 0.17112455
v 0.05134955 0.00519283 0.17112455
v 0.05264955 0.00518650 0.17126952
v 0.05134955 0.00518650 0.17126952
v 0.05264955 0.00519283 0.17141451
v 0.05134955 0.00519283 0.17141451
v 0.05264955 0.00521177 0.17155840
v 0.05134955 0.00521177 0.17155840
v 0.05264955 0.00524318 0.17170008
v 0.05134955 0.00524318 0.17170008
v 0.05264955 0.00528682 0.17183848
v 0.05134955 0.00528682 0.17183848
v 0.05264955 0.00534236 0.17197256
v 0.05134955 0.00534236 0.17197254
v 0.05264955 0.00540937 0.17210127
v 0.05134955 0.00540937 0.17210127
v 0.05264955 0.00548734 0.17222367
v 0.05134955 0.00548734 0.17222367
v 0.05264955 0.00557569 0.17233880
v 0.05134955 0.00557569 0.17233880
v 0.05264955 0.00567373 0.17244580
v 0.05134955 0.00567373 0.17244579
v 0.05264955 0.00578072 0.17254384
v 0.05134955 0.00578072 0.17254384
v 0.05264955 0.00589586 0.17263219
v 0.05134955 0.00589586 0.17263219
v 0.05264955 0.00601825 0.17271017
v 0.05134955 0.00601825 0.17271015
v 0.05264955 0.00614697 0.17277718
v 0.05134955 0.00614697 0.17277716
v 0.05264955 0.00628105 0.17283271
v 0.05134955 0.00628105 0.17283270
v 0.05264955 0.00641945 0.17287634
v 0.05134955 0.00641945 0.17287634
v 0.05264955 0.00656114 0.17290775
v 0.05134955 0.00656114 0.17290775
v 0.05264955 0.00670502 0.17292669
v 0.05134955 0.00670502 0.17292669
v 0.05264949 0.00685000 0.20313102
v 0.05134949 0.00685000 0.20313102
v 0.05264949 0.00699498 0.20312470
v 0.05134949 0.00699498 0.20312469
v 0.05264949 0.00713886 0.20310575
v 0.05134949 0.00713886 0.20310575
v 0.05264949 0.00728055 0.20307435
v 0.05134949 0.00728055 0.20307434
v 0.05264949 0.00741895 0.20303071
v 0.05134949 0.00741895 0.20303071
v 0.05264949 0.00755303 0.20297517
v 0.05134949 0.00755303 0.20297517
v 0.05264949 0.00768175 0.20290816
v 0.05134949 0.00768175 0.20290816
v 0.05264949 0.00780414 0.20283018
v 0.05134949 0.00780414 0.20283018
v 0.05264949 0.00791928 0.20274185
v 0.05134949 0.00791928 0.20274185
v 0.05264949 0.00802627 0.20264380
v 0.05134949 0.00802627 0.20264380
v 0.05264949 0.00812432 0.20253681
v 0.05134949 0.00812432 0.20253681
v 0.05264949 0.00821266 0.20242167
v 0.05134949 0.00821266 0.20242167
v 0.05264949 0.00829063 0.20229928
v 0.05134949 0.00829063 0.20229927
v 0.05264949 0.00835764 0.20217055
v 0.05134949 0.00835764 0.20217055
v 0.05264949 0.00841318 0.20203647
v 0.05134949 0.00841318 0.20203647
v 0.05264949 0.00845682 0.20189807
v 0.05134949 0.00845682 0.20189807
v 0.05264949 0.00848823 0.20175639
v 0.05134949 0.00848823 0.20175639
v 0.05264949 0.00850717 0.20161252
v 0.05134949 0.00850717 0.20161250
v 0.05264949 0.00851350 0.20146753
v 0.05134949 0.00851350 0.20146753
v 0.05264949 0.00850717 0.20132254
v 0.05134949 0.00850717 0.20132254
v 0.05264949 0.00848823 0.20117867
v 0.05134949 0.00848823 0.20117866
v 0.05264949 0.00845682 0.20103697
v 0.05134949 0.00845682 0.20103697
v 0.05264949 0.00841318 0.20089857
v 0.05134949 0.00841318 0.20089857
v 0.05264949 0.00835764 0.20076451
v 0.05134949 0.00835764 0.20076449
v 0.05264949 0.00829063 0.20063578
v 0.05134949 0.00829063 0.20063578
v 0.05264949 0.00821266 0.20051338
v 0.05134949 0.00821266 0.20051338
v 0.05264949 0.00812432 0.20039825
v 0.05134949 0.00812432 0.20039825
v 0.05264949 0.00802627 0.20029126
v 0.05134949 0.00802627 0.20029125
v 0.05264949 0.00791928 0.20019321
v 0.05134949 0.00791928 0.20019321
v 0.05264949 0.00780414 0.20010486
v 0.05134949 0.00780414 0.20010486
v 0.05264949 0.00768175 0.20002690
v 0.05134949 0.00768175 0.20002688
v 0.05264949 0.00755303 0.19995989
v 0.05134949 0.00755303 0.19995987
v 0.05264949 0.00741895 0.19990435
v 0.05134949 0.00741895 0.19990435
v 0.05264949 0.00728055 0.19986071
v 0.05134949 0.00728055 0.19986071
v 0.05264949 0.00713886 0.19982930
v 0.05134949 0.00713886 0.19982930
v 0.05264949 0.00699498 0.19981036
v 0.05134949 0.00699498 0.19981036
v 0.05264949 0.00685000 0.19980402
v 0.05134949 0.00685000 0.19980402
v 0.05264949 0.00670502 0.19981036
v 0.05134949 0.00670502 0.19981036
v 0.05264949 0.00656114 0.19982930
v 0.05134949 0.00656114 0.19982930
v 0.05264949 0.00641945 0.19986071
v 0.05134949 0.00641945 0.19986071
v 0.05264949 0.00628105 0.19990435
v 0.05134949 0.00628105 0.19990435
v 0.05264949 0.00614697 0.19995989
v 0.05134949 0.00614697 0.19995987
v 0.05264949 0.00601825 0.20002690
v 0.05134949 0.00601825 0.20002688
v 0.05264949 0.00589586 0.20010486
v 0.05134949 0.00589586 0.20010486
v 0.05264949 0.00578072 0.20019321
v 0.05134949 0.00578072 0.20019321
v 0.05264949 0.00567373 0.20029126
v 0.05134949 0.00567373 0.20029125
v 0.05264949 0.00557569 0.20039825
v 0.05134949 0.00557569 0.20039825
v 0.05264949 0.00548734 0.20051338
v 0.05134949 0.00548734 0.20051338
v 0.05264949 0.00540937 0.20063578
v 0.05134949 0.00540937 0.20063578
v 0.05264949 0.00534236 0.20076451
v 0.05134949 0.00534236 0.20076449
v 0.05264949 0.00528682 0.20089857
v 0.05134949 0.00528682 0.20089857
v 0.05264949 0.00524318 0.20103697
v 0.05134949 0.00524318 0.20103697
v 0.05264949 0.00521177 0.20117867
v 0.05134949 0.00521177 0.20117866
v 0.05264949 0.00519283 0.20132254
v 0.05134949 0.00519283 0.20132254
v 0.05264949 0.00518650 0.20146753
v 0.05134949 0.00518650 0.20146753
v 0.05264949 0.00519283 0.20161252
v 0.05134949 0.00519283 0.20161250
v 0.05264949 0.00521177 0.20175639
v 0.05134949 0.00521177 0.20175639
v 0.05264949 0.00524318 0.20189807
v 0.05134949 0.00524318 0.20189807
v 0.05264949 0.00528682 0.20203647
v 0.05134949 0.00528682 0.20203647
v 0.05264949 0.00534236 0.20217055
v 0.05134949 0.00534236 0.20217055
v 0.05264949 0.00540937 0.20229928
v 0.05134949 0.00540937 0.20229927
v 0.05264949 0.00548734 0.20242167
v 0.05134949 0.00548734 0.20242167
v 0.05264949 0.00557569 0.20253681
v 0.05134949 0.00557569 0.20253681
v 0.05264949 0.00567373 0.20264380
v 0.05134949 0.00567373 0.20264380
v 0.05264949 0.00578072 0.20274185
v 0.05134949 0.00578072 0.20274185
v 0.05264949 0.00589586 0.20283018
v 0.05134949 0.00589586 0.20283018
v 0.05264949 0.00601825 0.20290816
v 0.05134949 0.00601825 0.20290816
v 0.05264949 0.00614697 0.20297517
v 0.05134949 0.00614697 0.20297517
v 0.05264949 0.00628105 0.20303071
v 0.05134949 0.00628105 0.20303071
v 0.05264949 0.00641945 0.20307435
v 0.05134949 0.00641945 0.20307434
v 0.05264949 0.00656114 0.20310575
v 0.05134949 0.00656114 0.20310575
v 0.05264949 0.00670502 0.20312470
v 0.05134949 0.00670502 0.20312469
v -0.05063586 0.00000000 0.11121511
v 0.04847245 0.00000761 0.12219353
v 0.04857675 -0.00128744 0.12214926
v 0.04863168 0.00003038 0.12212594
v 0.04883948 -0.00124987 0.12203773
v 0.04878848 0.00006815 0.12205938
v 0.04909820 -0.00118756 0.12192791
v 0.04894166 0.00012061 0.12199436
v 0.04935094 -0.00110099 0.12182063
v 0.04909004 0.00018738 0.12193137
v 0.04959577 -0.00099082 0.12171671
v 0.04923250 0.00026795 0.12187091
v 0.04983083 -0.00085788 0.12161693
v 0.04936796 0.00036170 0.12181341
v 0.05005433 -0.00070320 0.12152206
v 0.04949538 0.00046791 0.12175933
v 0.05026457 -0.00052795 0.12143282
v 0.04961379 0.00058579 0.12170906
v 0.05045995 -0.00033345 0.12134989
v 0.04972229 0.00071442 0.12166300
v 0.05063898 -0.00012120 0.12127389
v 0.04982006 0.00085285 0.12162150
v 0.05080031 0.00010720 0.12120541
v 0.04990636 0.00100000 0.12158487
v 0.05094269 0.00035000 0.12114497
v 0.04998052 0.00115476 0.12155339
v 0.05106506 0.00060536 0.12109303
v 0.05004198 0.00131596 0.12152730
v 0.05116647 0.00087133 0.12104999
v 0.05009028 0.00148236 0.12150680
v 0.05124616 0.00114590 0.12101616
v 0.05012504 0.00165270 0.12149205
v 0.05130351 0.00142696 0.12099181
v 0.05014600 0.00182569 0.12148315
v 0.05133810 0.00171239 0.12097713
v -0.01639586 0.00000000 0.10221512
v -0.01639586 0.00000000 0.11121511
v -0.01899394 0.00000000 0.10671512
v 0.00074999 0.00182569 0.00511345
v 0.00194210 0.00171239 0.00460743
v 0.00072903 0.00165270 0.00512235
v 0.00190751 0.00142696 0.00462211
v 0.00069427 0.00148236 0.00513710
v 0.00185015 0.00114590 0.00464646
v 0.00064597 0.00131596 0.00515760
v 0.00177046 0.00087133 0.00468029
v 0.00058451 0.00115476 0.00518369
v 0.00166905 0.00060536 0.00472333
v 0.00051035 0.00100000 0.00521517
v 0.00154669 0.00035000 0.00477527
v 0.00042406 0.00085285 0.00525180
v 0.00140430 0.00010720 0.00483571
v 0.00032628 0.00071442 0.00529330
v 0.00124298 -0.00012120 0.00490419
v 0.00021778 0.00058579 0.00533936
v 0.00106394 -0.00033345 0.00498018
v 0.00009937 0.00046791 0.00538962
v 0.00086856 -0.00052795 0.00506312
v -0.00002805 0.00036170 0.00544371
v 0.00065832 -0.00070320 0.00515236
v -0.00016351 0.00026795 0.00550121
v 0.00043482 -0.00085788 0.00524723
v -0.00030597 0.00018738 0.00556168
v 0.00019976 -0.00099082 0.00534701
v -0.00045435 0.00012061 0.00562466
v -0.00004507 -0.00110099 0.00545093
v -0.00060752 0.00006815 0.00568968
v -0.00029780 -0.00118756 0.00555821
v -0.00076432 0.00003038 0.00575624
v -0.00055653 -0.00124987 0.00566803
v -0.00092356 0.00000761 0.00582383
v -0.00081926 -0.00128744 0.00577956
v 0.05264962 0.00685000 0.14273503
v 0.05134962 0.00685000 0.14273502
v 0.05264962 0.00699498 0.14272870
v 0.05134962 0.00699498 0.14272870
v 0.05264962 0.00713886 0.14270976
v 0.05134962 0.00713886 0.14270975
v 0.05264962 0.00728055 0.14267835
v 0.05134962 0.00728055 0.14267834
v 0.05264962 0.00741895 0.14263470
v 0.05134962 0.00741895 0.14263470
v 0.05264962 0.00755303 0.14257917
v 0.05134962 0.00755303 0.14257917
v 0.05264962 0.00768175 0.14251216
v 0.05134962 0.00768175 0.14251216
v 0.05264962 0.00780414 0.14243418
v 0.05134962 0.00780414 0.14243418
v 0.05264962 0.00791928 0.14234585
v 0.05134962 0.00791928 0.14234585
v 0.05264962 0.00802627 0.14224780
v 0.05134962 0.00802627 0.14224780
v 0.05264962 0.00812432 0.14214081
v 0.05134962 0.00812432 0.14214081
v 0.05264962 0.00821266 0.14202566
v 0.05134962 0.00821266 0.14202566
v 0.05264962 0.00829063 0.14190328
v 0.05134962 0.00829063 0.14190328
v 0.05264962 0.00835764 0.14177455
v 0.05134962 0.00835764 0.14177455
v 0.05264962 0.00841318 0.14164048
v 0.05134962 0.00841318 0.14164047
v 0.05264962 0.00845682 0.14150207
v 0.05134962 0.00845682 0.14150207
v 0.05264962 0.00848823 0.14136039
v 0.05134962 0.00848823 0.14136039
v 0.05264962 0.00850717 0.14121652
v 0.05134962 0.00850717 0.14121650
v 0.05264962 0.00851350 0.14107153
v 0.05134962 0.00851350 0.14107153
v 0.05264962 0.00850717 0.14092654
v 0.05134962 0.00850717 0.14092654
v 0.05264962 0.00848823 0.14078267
v 0.05134962 0.00848823 0.14078265
v 0.05264962 0.00845682 0.14064099
v 0.05134962 0.00845682 0.14064097
v 0.05264962 0.00841318 0.14050257
v 0.05134962 0.00841318 0.14050257
v 0.05264962 0.00835764 0.14036851
v 0.05134962 0.00835764 0.14036849
v 0.05264962 0.00829063 0.14023978
v 0.05134962 0.00829063 0.14023978
v 0.05264962 0.00821266 0.14011738
v 0.05134962 0.00821266 0.14011738
v 0.05264962 0.00812432 0.14000225
v 0.05134962 0.00812432 0.14000225
v 0.05264962 0.00802627 0.13989526
v 0.05134962 0.00802627 0.13989525
v 0.05264962 0.00791928 0.13979721
v 0.05134962 0.00791928 0.13979721
v 0.05264962 0.00780414 0.13970886
v 0.05134962 0.00780414 0.13970886
v 0.05264962 0.00768175 0.13963090
v 0.05134962 0.00768175 0.13963088
v 0.05264962 0.00755303 0.13956389
v 0.05134962 0.00755303 0.13956389
v 0.05264962 0.00741895 0.13950835
v 0.05134962 0.00741895 0.13950835
v 0.05264962 0.00728055 0.13946471
v 0.05134962 0.00728055 0.13946471
v 0.05264962 0.00713886 0.13943329
v 0.05134962 0.00713886 0.13943329
v 0.05264962 0.00699498 0.13941436
v 0.05134962 0.00699498 0.13941436
v 0.05264962 0.00685000 0.13940802
v 0.05134962 0.00685000 0.13940802
v 0.05264962 0.00670502 0.13941436
v 0.05134962 0.00670502 0.13941436
v 0.05264962 0.00656114 0.13943329
v 0.05134962 0.00656114 0.13943329
v 0.05264962 0.00641945 0.13946471
v 0.05134962 0.00641945 0.13946471
v 0.05264962 0.00628105 0.13950835
v 0.05134962 0.00628105 0.13950835
v 0.05264962 0.00614697 0.13956389
v 0.05134962 0.00614697 0.13956389
v 0.05264962 0.00601825 0.13963090
v 0.05134962 0.00601825 0.13963088
v 0.05264962 0.00589586 0.13970886
v 0.05134962 0.00589586 0.13970886
v 0.05264962 0.00578072 0.13979721
v 0.05134962 0.00578072 0.13979721
v 0.05264962 0.00567373 0.13989526
v 0.05134962 0.00567373 0.13989525
v 0.05264962 0.00557569 0.14000225
v 0.05134962 0.00557569 0.14000225
v 0.05264962 0.00548734 0.14011738
v 0.05134962 0.00548734 0.14011738
v 0.05264962 0.00540937 0.14023978
v 0.05134962 0.00540937 0.14023978
v 0.05264962 0.00534236 0.14036851
v 0.05134962 0.00534236 0.14036849
v 0.05264962 0.00528682 0.14050257
v 0.05134962 0.00528682 0.14050257
v 0.05264962 0.00524318 0.14064099
v 0.05134962 0.00524318 0.14064097
v 0.05264962 0.00521177 0.14078267
v 0.05134962 0.00521177 0.14078265
v 0.05264962 0.00519283 0.14092654
v 0.05134962 0.00519283 0.14092654
v 0.05264962 0.00518650 0.14107153
v 0.05134962 0.00518650 0.14107153
v 0.05264962 0.00519283 0.14121652
v 0.05134962 0.00519283 0.14121650
v 0.05264962 0.00521177 0.14136039
v 0.05134962 0.00521177 0.14136039
v 0.05264962 0.00524318 0.14150207
v 0.05134962 0.00524318 0.14150207
v 0.05264962 0.00528682 0.14164048
v 0.05134962 0.00528682 0.14164047
v 0.05264962 0.00534236 0.14177455
v 0.05134962 0.00534236 0.14177455
v 0.05264962 0.00540937 0.14190328
v 0.05134962 0.00540937 0.14190328
v 0.05264962 0.00548734 0.14202566
v 0.05134962 0.00548734 0.14202566
v 0.05264962 0.00557569 0.14214081
v 0.05134962 0.00557569 0.14214081
v 0.05264962 0.00567373 0.14224780
v 0.05134962 0.00567373 0.14224780
v 0.05264962 0.00578072 0.14234585
v 0.05134962 0.00578072 0.14234585
v 0.05264962 0.00589586 0.14243418
v 0.05134962 0.00589586 0.14243418
v 0.05264962 0.00601825 0.14251216
v 0.05134962 0.00601825 0.14251216
v 0.05264962 0.00614697 0.14257917
v 0.05134962 0.00614697 0.14257917
v 0.05264962 0.00628105 0.14263470
v 0.05134962 0.00628105 0.14263470
v 0.05264962 0.00641945 0.14267835
v 0.05134962 0.00641945 0.14267834
v 0.05264962 0.00656114 0.14270976
v 0.05134962 0.00656114 0.14270975
v 0.05264962 0.00670502 0.14272870
v 0.05134962 0.00670502 0.14272870
v 0.05264958 0.00685000 0.15783402
v 0.05134958 0.00685000 0.15783402
v 0.05264958 0.00699498 0.15782769
v 0.05134958 0.00699498 0.15782769
v 0.05264958 0.00713886 0.15780875
v 0.05134958 0.00713886 0.15780875
v 0.05264958 0.00728055 0.15777734
v 0.05134958 0.00728055 0.15777734
v 0.05264958 0.00741895 0.15773371
v 0.05134958 0.00741895 0.15773371
v 0.05264958 0.00755303 0.15767817
v 0.05134958 0.00755303 0.15767817
v 0.05264958 0.00768175 0.15761116
v 0.05134958 0.00768175 0.15761116
v 0.05264958 0.00780414 0.15753318
v 0.05134958 0.00780414 0.15753318
v 0.05264958 0.00791928 0.15744483
v 0.05134958 0.00791928 0.15744483
v 0.05264958 0.00802627 0.15734680
v 0.05134958 0.00802627 0.15734680
v 0.05264958 0.00812432 0.15723981
v 0.05134958 0.00812432 0.15723979
v 0.05264959 0.00821266 0.15712467
v 0.05134958 0.00821266 0.15712467
v 0.05264959 0.00829063 0.15700227
v 0.05134959 0.00829063 0.15700227
v 0.05264959 0.00835764 0.15687355
v 0.05134959 0.00835764 0.15687355
v 0.05264959 0.00841318 0.15673947
v 0.05134959 0.00841318 0.15673947
v 0.05264959 0.00845682 0.15660107
v 0.05134959 0.00845682 0.15660107
v 0.05264959 0.00848823 0.15645939
v 0.05134959 0.00848823 0.15645939
v 0.05264959 0.00850717 0.15631551
v 0.05134959 0.00850717 0.15631551
v 0.05264959 0.00851350 0.15617053
v 0.05134959 0.00851350 0.15617052
v 0.05264959 0.00850717 0.15602554
v 0.05134959 0.00850717 0.15602554
v 0.05264959 0.00848823 0.15588166
v 0.05134959 0.00848823 0.15588166
v 0.05264959 0.00845682 0.15573998
v 0.05134959 0.00845682 0.15573998
v 0.05264959 0.00841318 0.15560158
v 0.05134959 0.00841318 0.15560158
v 0.05264959 0.00835764 0.15546750
v 0.05134959 0.00835764 0.15546750
v 0.05264959 0.00829063 0.15533878
v 0.05134959 0.00829063 0.15533878
v 0.05264959 0.00821266 0.15521638
v 0.05134959 0.00821266 0.15521638
v 0.05264959 0.00812432 0.15510125
v 0.05134959 0.00812432 0.15510124
v 0.05264959 0.00802627 0.15499425
v 0.05134959 0.00802627 0.15499425
v 0.05264959 0.00791928 0.15489621
v 0.05134959 0.00791928 0.15489621
v 0.05264959 0.00780414 0.15480787
v 0.05134959 0.00780414 0.15480787
v 0.05264959 0.00768175 0.15472989
v 0.05134959 0.00768175 0.15472989
v 0.05264959 0.00755303 0.15466288
v 0.05134959 0.00755303 0.15466288
v 0.05264959 0.00741895 0.15460736
v 0.05134959 0.00741895 0.15460734
v 0.05264959 0.00728055 0.15456371
v 0.05134959 0.00728055 0.15456371
v 0.05264959 0.00713886 0.15453230
v 0.05134959 0.00713886 0.15453230
v 0.05264959 0.00699498 0.15451336
v 0.05134959 0.00699498 0.15451336
v 0.05264959 0.00685000 0.15450703
v 0.05134959 0.00685000 0.15450703
v 0.05264959 0.00670502 0.15451336
v 0.05134959 0.00670502 0.15451336
v 0.05264959 0.00656114 0.15453230
v 0.05134959 0.00656114 0.15453230
v 0.05264959 0.00641945 0.15456371
v 0.05134959 0.00641945 0.15456371
v 0.05264959 0.00628105 0.15460736
v 0.05134959 0.00628105 0.15460734
v 0.05264959 0.00614697 0.15466288
v 0.05134959 0.00614697 0.15466288
v 0.05264959 0.00601825 0.15472989
v 0.05134959 0.00601825 0.15472989
v 0.05264959 0.00589586 0.15480787
v 0.05134959 0.00589586 0.15480787
v 0.05264959 0.00578072 0.15489621
v 0.05134959 0.00578072 0.15489621
v 0.05264959 0.00567373 0.15499425
v 0.05134959 0.00567373 0.15499425
v 0.05264959 0.00557569 0.15510125
v 0.05134959 0.00557569 0.15510124
v 0.05264959 0.00548734 0.15521638
v 0.05134959 0.00548734 0.15521638
v 0.05264959 0.00540937 0.15533878
v 0.05134959 0.00540937 0.15533878
v 0.05264959 0.00534236 0.15546750
v 0.05134959 0.00534236 0.15546750
v 0.05264959 0.00528682 0.15560158
v 0.05134959 0.00528682 0.15560158
v 0.05264959 0.00524318 0.15573998
v 0.05134959 0.00524318 0.15573998
v 0.05264959 0.00521177 0.15588166
v 0.05134959 0.00521177 0.15588166
v 0.05264959 0.00519283 0.15602554
v 0.05134959 0.00519283 0.15602554
v 0.05264959 0.00518650 0.15617053
v 0.05134959 0.00518650 0.15617052
v 0.05264959 0.00519283 0.15631551
v 0.05134959 0.00519283 0.15631551
v 0.05264959 0.00521177 0.15645939
v 0.05134959 0.00521177 0.15645939
v 0.05264959 0.00524318 0.15660107
v 0.05134959 0.00524318 0.15660107
v 0.05264959 0.00528682 0.15673947
v 0.05134959 0.00528682 0.15673947
v 0.05264959 0.00534236 0.15687355
v 0.05134959 0.00534236 0.15687355
v 0.05264959 0.00540937 0.15700227
v 0.05134959 0.00540937 0.15700227
v 0.05264959 0.00548734 0.15712467
v 0.05134958 0.00548734 0.15712467
v 0.05264958 0.00557569 0.15723981
v 0.05134958 0.00557569 0.15723979
v 0.05264958 0.00567373 0.15734680
v 0.05134958 0.00567373 0.15734680
v 0.05264958 0.00578072 0.15744483
v 0.05134958 0.00578072 0.15744483
v 0.05264958 0.00589586 0.15753318
v 0.05134958 0.00589586 0.15753318
v 0.05264958 0.00601825 0.15761116
v 0.05134958 0.00601825 0.15761116
v 0.05264958 0.00614697 0.15767817
v 0.05134958 0.00614697 0.15767817
v 0.05264958 0.00628105 0.15773371
v 0.05134958 0.00628105 0.15773371
v 0.05264958 0.00641945 0.15777734
v 0.05134958 0.00641945 0.15777734
v 0.05264958 0.00656114 0.15780875
v 0.05134958 0.00656114 0.15780875
v 0.05264958 0.00670502 0.15782769
v 0.05134958 0.00670502 0.15782769
v -0.02500000 0.00000761 0.00182569
v -0.02500000 -0.00128744 0.00171239
v -0.02500000 0.00003038 0.00165270
v -0.02500000 -0.00124987 0.00142696
v -0.02500000 0.00006815 0.00148236
v -0.02500000 -0.00118756 0.00114590
v -0.02500000 0.00012061 0.00131596
v -0.02500000 -0.00110099 0.00087133
v -0.02500000 0.00018738 0.00115476
v -0.02500000 -0.00099082 0.00060536
v -0.02500000 0.00026795 0.00100000
v -0.02500000 -0.00085788 0.00035000
v -0.02500000 0.00036170 0.00085285
v -0.02500000 -0.00070320 0.00010720
v -0.02500000 0.00046791 0.00071442
v -0.02500000 -0.00052795 -0.00012120
v -0.02500000 0.00058579 0.00058579
v -0.02500000 -0.00033345 -0.00033345
v -0.02500000 0.00071442 0.00046791
v -0.02500000 -0.00012120 -0.00052795
v -0.02500000 0.00085285 0.00036170
v -0.02500000 0.00010720 -0.00070320
v -0.02500000 0.00100000 0.00026795
v -0.02500000 0.00035000 -0.00085788
v -0.02500000 0.00115476 0.00018738
v -0.02500000 0.00060536 -0.00099082
v -0.02500000 0.00131596 0.00012061
v -0.02500000 0.00087133 -0.00110099
v -0.02500000 0.00148236 0.00006815
v -0.02500000 0.00114590 -0.00118756
v -0.02500000 0.00165270 0.00003038
v -0.02500000 0.00142696 -0.00124987
v -0.02500000 0.00182569 0.00000761
v -0.02500000 0.00171239 -0.00128744
v -0.06381715 0.00182569 0.00000761
v -0.06381715 0.00171239 -0.00128744
v -0.06381715 0.00165270 0.00003038
v -0.06381715 0.00142696 -0.00124987
v -0.06381715 0.00148236 0.00006815
v -0.06381715 0.00114590 -0.00118756
v -0.06381715 0.00131596 0.00012061
v -0.06381715 0.00087133 -0.00110099
v -0.06381715 0.00115476 0.00018738
v -0.06381715 0.00060536 -0.00099082
v -0.06381715 0.00100000 0.00026795
v -0.06381715 0.00035000 -0.00085788
v -0.06381715 0.00085285 0.00036170
v -0.06381715 0.00010720 -0.00070320
v -0.06381715 0.00071442 0.00046791
v -0.06381715 -0.00012120 -0.00052795
v -0.06381715 0.00058579 0.00058579
v -0.06381715 -0.00033345 -0.00033345
v -0.06381715 0.00046791 0.00071442
v -0.06381715 -0.00052795 -0.00012120
v -0.06381715 0.00036170 0.00085285
v -0.06381715 -0.00070320 0.00010720
v -0.06381715 0.00026795 0.00100000
v -0.06381715 -0.00085788 0.00035000
v -0.06381715 0.00018738 0.00115476
v -0.06381715 -0.00099082 0.00060536
v -0.06381715 0.00012061 0.00131596
v -0.06381715 -0.00110099 0.00087133
v -0.06381715 0.00006815 0.00148236
v -0.06381715 -0.00118756 0.00114590
v -0.06381715 0.00003038 0.00165270
v -0.06381715 -0.00124987 0.00142696
v -0.06381715 0.00000761 0.00182569
v -0.06381715 -0.00128744 0.00171239
v 0.05264946 0.00685000 0.21823002
v 0.05134946 0.00685000 0.21823002
v 0.05264946 0.00699498 0.21822369
v 0.05134946 0.00699498 0.21822369
v 0.05264946 0.00713886 0.21820475
v 0.05134946 0.00713886 0.21820475
v 0.05264946 0.00728055 0.21817334
v 0.05134946 0.00728055 0.21817334
v 0.05264946 0.00741895 0.21812971
v 0.05134946 0.00741895 0.21812971
v 0.05264946 0.00755303 0.21807417
v 0.05134946 0.00755303 0.21807417
v 0.05264946 0.00768175 0.21800716
v 0.05134946 0.00768175 0.21800716
v 0.05264946 0.00780414 0.21792918
v 0.05134946 0.00780414 0.21792918
v 0.05264946 0.00791928 0.21784084
v 0.05134946 0.00791928 0.21784084
v 0.05264946 0.00802627 0.21774280
v 0.05134946 0.00802627 0.21774280
v 0.05264946 0.00812432 0.21763581
v 0.05134946 0.00812432 0.21763580
v 0.05264946 0.00821266 0.21752067
v 0.05134946 0.00821266 0.21752067
v 0.05264946 0.00829063 0.21739827
v 0.05134946 0.00829063 0.21739827
v 0.05264946 0.00835764 0.21726955
v 0.05134946 0.00835764 0.21726955
v 0.05264946 0.00841318 0.21713547
v 0.05134946 0.00841318 0.21713547
v 0.05264946 0.00845682 0.21699707
v 0.05134946 0.00845682 0.21699707
v 0.05264946 0.00848823 0.21685539
v 0.05134946 0.00848823 0.21685539
v 0.05264946 0.00850717 0.21671151
v 0.05134946 0.00850717 0.21671151
v 0.05264946 0.00851350 0.21656653
v 0.05134946 0.00851350 0.21656652
v 0.05264946 0.00850717 0.21642154
v 0.05134946 0.00850717 0.21642154
v 0.05264946 0.00848823 0.21627766
v 0.05134946 0.00848823 0.21627766
v 0.05264946 0.00845682 0.21613598
v 0.05134946 0.00845682 0.21613598
v 0.05264946 0.00841318 0.21599758
v 0.05134946 0.00841318 0.21599758
v 0.05264946 0.00835764 0.21586350
v 0.05134946 0.00835764 0.21586350
v 0.05264946 0.00829063 0.21573478
v 0.05134946 0.00829063 0.21573478
v 0.05264946 0.00821266 0.21561238
v 0.05134946 0.00821266 0.21561238
v 0.05264946 0.00812432 0.21549726
v 0.05134946 0.00812432 0.21549724
v 0.05264946 0.00802627 0.21539025
v 0.05134946 0.00802627 0.21539025
v 0.05264946 0.00791928 0.21529222
v 0.05134946 0.00791928 0.21529222
v 0.05264946 0.00780414 0.21520387
v 0.05134946 0.00780414 0.21520387
v 0.05264946 0.00768175 0.21512589
v 0.05134946 0.00768175 0.21512589
v 0.05264946 0.00755303 0.21505888
v 0.05134946 0.00755303 0.21505888
v 0.05264946 0.00741895 0.21500334
v 0.05134946 0.00741895 0.21500334
v 0.05264946 0.00728055 0.21495971
v 0.05134946 0.00728055 0.21495971
v 0.05264946 0.00713886 0.21492830
v 0.05134946 0.00713886 0.21492830
v 0.05264946 0.00699498 0.21490936
v 0.05134946 0.00699498 0.21490936
v 0.05264946 0.00685000 0.21490303
v 0.05134946 0.00685000 0.21490303
v 0.05264946 0.00670502 0.21490936
v 0.05134946 0.00670502 0.21490936
v 0.05264946 0.00656114 0.21492830
v 0.05134946 0.00656114 0.21492830
v 0.05264946 0.00641945 0.21495971
v 0.05134946 0.00641945 0.21495971
v 0.05264946 0.00628105 0.21500334
v 0.05134946 0.00628105 0.21500334
v 0.05264946 0.00614697 0.21505888
v 0.05134946 0.00614697 0.21505888
v 0.05264946 0.00601825 0.21512589
v 0.05134946 0.00601825 0.21512589
v 0.05264946 0.00589586 0.21520387
v 0.05134946 0.00589586 0.21520387
v 0.05264946 0.00578072 0.21529222
v 0.05134946 0.00578072 0.21529222
v 0.05264946 0.00567373 0.21539025
v 0.05134946 0.00567373 0.21539025
v 0.05264946 0.00557569 0.21549726
v 0.05134946 0.00557569 0.21549724
v 0.05264946 0.00548734 0.21561238
v 0.05134946 0.00548734 0.21561238
v 0.05264946 0.00540937 0.21573478
v 0.05134946 0.00540937 0.21573478
v 0.05264946 0.00534236 0.21586350
v 0.05134946 0.00534236 0.21586350
v 0.05264946 0.00528682 0.21599758
v 0.05134946 0.00528682 0.21599758
v 0.05264946 0.00524318 0.21613598
v 0.05134946 0.00524318 0.21613598
v 0.05264946 0.00521177 0.21627766
v 0.05134946 0.00521177 0.21627766
v 0.05264946 0.00519283 0.21642154
v 0.05134946 0.00519283 0.21642154
v 0.05264946 0.00518650 0.21656653
v 0.05134946 0.00518650 0.21656652
v 0.05264946 0.00519283 0.21671151
v 0.05134946 0.00519283 0.21671151
v 0.05264946 0.00521177 0.21685539
v 0.05134946 0.00521177 0.21685539
v 0.05264946 0.00524318 0.21699707
v 0.05134946 0.00524318 0.21699707
v 0.05264946 0.00528682 0.21713547
v 0.05134946 0.00528682 0.21713547
v 0.05264946 0.00534236 0.21726955
v 0.05134946 0.00534236 0.21726955
v 0.05264946 0.00540937 0.21739827
v 0.05134946 0.00540937 0.21739827
v 0.05264946 0.00548734 0.21752067
v 0.05134946 0.00548734 0.21752067
v 0.05264946 0.00557569 0.21763581
v 0.05134946 0.00557569 0.21763580
v 0.05264946 0.00567373 0.21774280
v 0.05134946 0.00567373 0.21774280
v 0.05264946 0.00578072 0.21784084
v 0.05134946 0.00578072 0.21784084
v 0.05264946 0.00589586 0.21792918
v 0.05134946 0.00589586 0.21792918
v 0.05264946 0.00601825 0.21800716
v 0.05134946 0.00601825 0.21800716
v 0.05264946 0.00614697 0.21807417
v 0.05134946 0.00614697 0.21807417
v 0.05264946 0.00628105 0.21812971
v 0.05134946 0.00628105 0.21812971
v 0.05264946 0.00641945 0.21817334
v 0.05134946 0.00641945 0.21817334
v 0.05264946 0.00656114 0.21820475
v 0.05134946 0.00656114 0.21820475
v 0.05264946 0.00670502 0.21822369
v 0.05134946 0.00670502 0.21822369
v 0.05264952 0.00685000 0.18803203
v 0.05134952 0.00685000 0.18803203
v 0.05264952 0.00699498 0.18802570
v 0.05134952 0.00699498 0.18802570
v 0.05264952 0.00713886 0.18800676
v 0.05134952 0.00713886 0.18800676
v 0.05264952 0.00728055 0.18797535
v 0.05134952 0.00728055 0.18797535
v 0.05264952 0.00741895 0.18793170
v 0.05134952 0.00741895 0.18793170
v 0.05264952 0.00755303 0.18787616
v 0.05134952 0.00755303 0.18787616
v 0.05264952 0.00768175 0.18780915
v 0.05134952 0.00768175 0.18780915
v 0.05264952 0.00780414 0.18773119
v 0.05134952 0.00780414 0.18773118
v 0.05264952 0.00791928 0.18764284
v 0.05134952 0.00791928 0.18764284
v 0.05264952 0.00802627 0.18754479
v 0.05134952 0.00802627 0.18754479
v 0.05264952 0.00812432 0.18743780
v 0.05134952 0.00812432 0.18743780
v 0.05264952 0.00821266 0.18732268
v 0.05134952 0.00821266 0.18732266
v 0.05264952 0.00829063 0.18720028
v 0.05134952 0.00829063 0.18720028
v 0.05264952 0.00835764 0.18707155
v 0.05134952 0.00835764 0.18707155
v 0.05264952 0.00841318 0.18693748
v 0.05134952 0.00841318 0.18693748
v 0.05264952 0.00845682 0.18679908
v 0.05134952 0.00845682 0.18679906
v 0.05264952 0.00848823 0.18665738
v 0.05134952 0.00848823 0.18665738
v 0.05264952 0.00850717 0.18651351
v 0.05134952 0.00850717 0.18651351
v 0.05264952 0.00851350 0.18636853
v 0.05134952 0.00851350 0.18636853
v 0.05264952 0.00850717 0.18622354
v 0.05134952 0.00850717 0.18622354
v 0.05264952 0.00848823 0.18607967
v 0.05134952 0.00848823 0.18607967
v 0.05264952 0.00845682 0.18593799
v 0.05134952 0.00845682 0.18593799
v 0.05264952 0.00841318 0.18579958
v 0.05134952 0.00841318 0.18579957
v 0.05264952 0.00835764 0.18566550
v 0.05134952 0.00835764 0.18566550
v 0.05264952 0.00829063 0.18553677
v 0.05134952 0.00829063 0.18553677
v 0.05264952 0.00821266 0.18541439
v 0.05134952 0.00821266 0.18541437
v 0.05264952 0.00812432 0.18529925
v 0.05134952 0.00812432 0.18529925
v 0.05264953 0.00802627 0.18519226
v 0.05134952 0.00802627 0.18519226
v 0.05264953 0.00791928 0.18509421
v 0.05134952 0.00791928 0.18509421
v 0.05264953 0.00780414 0.18500587
v 0.05134953 0.00780414 0.18500586
v 0.05264953 0.00768175 0.18492790
v 0.05134953 0.00768175 0.18492790
v 0.05264953 0.00755303 0.18486089
v 0.05134953 0.00755303 0.18486089
v 0.05264953 0.00741895 0.18480535
v 0.05134953 0.00741895 0.18480535
v 0.05264953 0.00728055 0.18476170
v 0.05134953 0.00728055 0.18476170
v 0.05264953 0.00713886 0.18473031
v 0.05134953 0.00713886 0.18473029
v 0.05264953 0.00699498 0.18471135
v 0.05134953 0.00699498 0.18471135
v 0.05264953 0.00685000 0.18470503
v 0.05134953 0.00685000 0.18470502
v 0.05264953 0.00670502 0.18471135
v 0.05134953 0.00670502 0.18471135
v 0.05264953 0.00656114 0.18473031
v 0.05134953 0.00656114 0.18473029
v 0.05264953 0.00641945 0.18476170
v 0.05134953 0.00641945 0.18476170
v 0.05264953 0.00628105 0.18480535
v 0.05134953 0.00628105 0.18480535
v 0.05264953 0.00614697 0.18486089
v 0.05134953 0.00614697 0.18486089
v 0.05264953 0.00601825 0.18492790
v 0.05134953 0.00601825 0.18492790
v 0.05264953 0.00589586 0.18500587
v 0.05134953 0.00589586 0.18500586
v 0.05264953 0.00578072 0.18509421
v 0.05134952 0.00578072 0.18509421
v 0.05264953 0.00567373 0.18519226
v 0.05134952 0.00567373 0.18519226
v 0.05264952 0.00557569 0.18529925
v 0.05134952 0.00557569 0.18529925
v 0.05264952 0.00548734 0.18541439
v 0.05134952 0.00548734 0.18541437
v 0.05264952 0.00540937 0.18553677
v 0.05134952 0.00540937 0.18553677
v 0.05264952 0.00534236 0.18566550
v 0.05134952 0.00534236 0.18566550
v 0.05264952 0.00528682 0.18579958
v 0.05134952 0.00528682 0.18579957
v 0.05264952 0.00524318 0.18593799
v 0.05134952 0.00524318 0.18593799
v 0.05264952 0.00521177 0.18607967
v 0.05134952 0.00521177 0.18607967
v 0.05264952 0.00519283 0.18622354
v 0.05134952 0.00519283 0.18622354
v 0.05264952 0.00518650 0.18636853
v 0.05134952 0.00518650 0.18636853
v 0.05264952 0.00519283 0.18651351
v 0.05134952 0.00519283 0.18651351
v 0.05264952 0.00521177 0.18665738
v 0.05134952 0.00521177 0.18665738
v 0.05264952 0.00524318 0.18679908
v 0.05134952 0.00524318 0.18679906
v 0.05264952 0.00528682 0.18693748
v 0.05134952 0.00528682 0.18693748
v 0.05264952 0.00534236 0.18707155
v 0.05134952 0.00534236 0.18707155
v 0.05264952 0.00540937 0.18720028
v 0.05134952 0.00540937 0.18720028
v 0.05264952 0.00548734 0.18732268
v 0.05134952 0.00548734 0.18732266
v 0.05264952 0.00557569 0.18743780
v 0.05134952 0.00557569 0.18743780
v 0.05264952 0.00567373 0.18754479
v 0.05134952 0.00567373 0.18754479
v 0.05264952 0.00578072 0.18764284
v 0.05134952 0.00578072 0.18764284
v 0.05264952 0.00589586 0.18773119
v 0.05134952 0.00589586 0.18773118
v 0.05264952 0.00601825 0.18780915
v 0.05134952 0.00601825 0.18780915
v 0.05264952 0.00614697 0.18787616
v 0.05134952 0.00614697 0.18787616
v 0.05264952 0.00628105 0.18793170
v 0.05134952 0.00628105 0.18793170
v 0.05264952 0.00641945 0.18797535
v 0.05134952 0.00641945 0.18797535
v 0.05264952 0.00656114 0.18800676
v 0.05134952 0.00656114 0.18800676
v 0.05264952 0.00670502 0.18802570
v 0.05134952 0.00670502 0.18802570
v 0.05264936 0.00685000 0.26352704
v 0.05134936 0.00685000 0.26352704
v 0.05264936 0.00699498 0.26352069
v 0.05134936 0.00699498 0.26352069
v 0.05264936 0.00713886 0.26350176
v 0.05134936 0.00713886 0.26350176
v 0.05264936 0.00728055 0.26347035
v 0.05134936 0.00728055 0.26347035
v 0.05264936 0.00741895 0.26342669
v 0.05134936 0.00741895 0.26342669
v 0.05264936 0.00755303 0.26337117
v 0.05134936 0.00755303 0.26337117
v 0.05264936 0.00768175 0.26330417
v 0.05134936 0.00768175 0.26330414
v 0.05264936 0.00780414 0.26322618
v 0.05134936 0.00780414 0.26322618
v 0.05264936 0.00791928 0.26313785
v 0.05134936 0.00791928 0.26313785
v 0.05264936 0.00802627 0.26303980
v 0.05134936 0.00802627 0.26303980
v 0.05264936 0.00812432 0.26293281
v 0.05134936 0.00812432 0.26293281
v 0.05264936 0.00821266 0.26281768
v 0.05134936 0.00821266 0.26281768
v 0.05264936 0.00829063 0.26269528
v 0.05134936 0.00829063 0.26269528
v 0.05264936 0.00835764 0.26256657
v 0.05134936 0.00835764 0.26256654
v 0.05264936 0.00841318 0.26243249
v 0.05134936 0.00841318 0.26243249
v 0.05264936 0.00845682 0.26229408
v 0.05134936 0.00845682 0.26229408
v 0.05264936 0.00848823 0.26215240
v 0.05134936 0.00848823 0.26215237
v 0.05264936 0.00850717 0.26200852
v 0.05134936 0.00850717 0.26200852
v 0.05264936 0.00851350 0.26186353
v 0.05134936 0.00851350 0.26186353
v 0.05264936 0.00850717 0.26171854
v 0.05134936 0.00850717 0.26171854
v 0.05264936 0.00848823 0.26157466
v 0.05134936 0.00848823 0.26157466
v 0.05264936 0.00845682 0.26143298
v 0.05134936 0.00845682 0.26143298
v 0.05264936 0.00841318 0.26129457
v 0.05134936 0.00841318 0.26129457
v 0.05264936 0.00835764 0.26116049
v 0.05134936 0.00835764 0.26116049
v 0.05264936 0.00829063 0.26103178
v 0.05134936 0.00829063 0.26103178
v 0.05264936 0.00821266 0.26090938
v 0.05134936 0.00821266 0.26090938
v 0.05264936 0.00812432 0.26079425
v 0.05134936 0.00812432 0.26079425
v 0.05264936 0.00802627 0.26068726
v 0.05134936 0.00802627 0.26068726
v 0.05264936 0.00791928 0.26058921
v 0.05134936 0.00791928 0.26058921
v 0.05264937 0.00780414 0.26050088
v 0.05134936 0.00780414 0.26050088
v 0.05264937 0.00768175 0.26042289
v 0.05134936 0.00768175 0.26042289
v 0.05264937 0.00755303 0.26035589
v 0.05134937 0.00755303 0.26035589
v 0.05264937 0.00741895 0.26030034
v 0.05134937 0.00741895 0.26030034
v 0.05264937 0.00728055 0.26025671
v 0.05134937 0.00728055 0.26025671
v 0.05264937 0.00713886 0.26022530
v 0.05134937 0.00713886 0.26022530
v 0.05264937 0.00699498 0.26020637
v 0.05134937 0.00699498 0.26020634
v 0.05264937 0.00685000 0.26020002
v 0.05134937 0.00685000 0.26020002
v 0.05264937 0.00670502 0.26020637
v 0.05134937 0.00670502 0.26020634
v 0.05264937 0.00656114 0.26022530
v 0.05134937 0.00656114 0.26022530
v 0.05264937 0.00641945 0.26025671
v 0.05134937 0.00641945 0.26025671
v 0.05264937 0.00628105 0.26030034
v 0.05134937 0.00628105 0.26030034
v 0.05264937 0.00614697 0.26035589
v 0.05134937 0.00614697 0.26035589
v 0.05264937 0.00601825 0.26042289
v 0.05134936 0.00601825 0.26042289
v 0.05264937 0.00589586 0.26050088
v 0.05134936 0.00589586 0.26050088
v 0.05264936 0.00578072 0.26058921
v 0.05134936 0.00578072 0.26058921
v 0.05264936 0.00567373 0.26068726
v 0.05134936 0.00567373 0.26068726
v 0.05264936 0.00557569 0.26079425
v 0.05134936 0.00557569 0.26079425
v 0.05264936 0.00548734 0.26090938
v 0.05134936 0.00548734 0.26090938
v 0.05264936 0.00540937 0.26103178
v 0.05134936 0.00540937 0.26103178
v 0.05264936 0.00534236 0.26116049
v 0.05134936 0.00534236 0.26116049
v 0.05264936 0.00528682 0.26129457
v 0.05134936 0.00528682 0.26129457
v 0.05264936 0.00524318 0.26143298
v 0.05134936 0.00524318 0.26143298
v 0.05264936 0.00521177 0.26157466
v 0.05134936 0.00521177 0.26157466
v 0.05264936 0.00519283 0.26171854
v 0.05134936 0.00519283 0.26171854
v 0.05264936 0.00518650 0.26186353
v 0.05134936 0.00518650 0.26186353
v 0.05264936 0.00519283 0.26200852
v 0.05134936 0.00519283 0.26200852
v 0.05264936 0.00521177 0.26215240
v 0.05134936 0.00521177 0.26215237
v 0.05264936 0.00524318 0.26229408
v 0.05134936 0.00524318 0.26229408
v 0.05264936 0.00528682 0.26243249
v 0.05134936 0.00528682 0.26243249
v 0.05264936 0.00534236 0.26256657
v 0.05134936 0.00534236 0.26256654
v 0.05264936 0.00540937 0.26269528
v 0.05134936 0.00540937 0.26269528
v 0.05264936 0.00548734 0.26281768
v 0.05134936 0.00548734 0.26281768
v 0.05264936 0.00557569 0.26293281
v 0.05134936 0.00557569 0.26293281
v 0.05264936 0.00567373 0.26303980
v 0.05134936 0.00567373 0.26303980
v 0.05264936 0.00578072 0.26313785
v 0.05134936 0.00578072 0.26313785
v 0.05264936 0.00589586 0.26322618
v 0.05134936 0.00589586 0.26322618
v 0.05264936 0.00601825 0.26330417
v 0.05134936 0.00601825 0.26330414
v 0.05264936 0.00614697 0.26337117
v 0.05134936 0.00614697 0.26337117
v 0.05264936 0.00628105 0.26342669
v 0.05134936 0.00628105 0.26342669
v 0.05264936 0.00641945 0.26347035
v 0.05134936 0.00641945 0.26347035
v 0.05264936 0.00656114 0.26350176
v 0.05134936 0.00656114 0.26350176
v 0.05264936 0.00670502 0.26352069
v 0.05134936 0.00670502 0.26352069
v 0.05264939 0.00685000 0.24842803
v 0.05134939 0.00685000 0.24842802
v 0.05264939 0.00699498 0.24842170
v 0.05134939 0.00699498 0.24842170
v 0.05264939 0.00713886 0.24840276
v 0.05134939 0.00713886 0.24840274
v 0.05264939 0.00728055 0.24837135
v 0.05134939 0.00728055 0.24837135
v 0.05264939 0.00741895 0.24832770
v 0.05134939 0.00741895 0.24832770
v 0.05264939 0.00755303 0.24827217
v 0.05134939 0.00755303 0.24827217
v 0.05264939 0.00768175 0.24820516
v 0.05134939 0.00768175 0.24820516
v 0.05264939 0.00780414 0.24812719
v 0.05134939 0.00780414 0.24812718
v 0.05264939 0.00791928 0.24803884
v 0.05134939 0.00791928 0.24803884
v 0.05264939 0.00802627 0.24794079
v 0.05134939 0.00802627 0.24794079
v 0.05264939 0.00812432 0.24783380
v 0.05134939 0.00812432 0.24783380
v 0.05264939 0.00821266 0.24771868
v 0.05134939 0.00821266 0.24771866
v 0.05264939 0.00829063 0.24759628
v 0.05134939 0.00829063 0.24759628
v 0.05264939 0.00835764 0.24746755
v 0.05134939 0.00835764 0.24746755
v 0.05264939 0.00841318 0.24733348
v 0.05134939 0.00841318 0.24733348
v 0.05264939 0.00845682 0.24719508
v 0.05134939 0.00845682 0.24719507
v 0.05264939 0.00848823 0.24705338
v 0.05134939 0.00848823 0.24705338
v 0.05264939 0.00850717 0.24690951
v 0.05134939 0.00850717 0.24690951
v 0.05264939 0.00851350 0.24676453
v 0.05134939 0.00851350 0.24676453
v 0.05264939 0.00850717 0.24661954
v 0.05134939 0.00850717 0.24661954
v 0.05264940 0.00848823 0.24647567
v 0.05134939 0.00848823 0.24647567
v 0.05264940 0.00845682 0.24633399
v 0.05134940 0.00845682 0.24633397
v 0.05264940 0.00841318 0.24619557
v 0.05134940 0.00841318 0.24619557
v 0.05264940 0.00835764 0.24606150
v 0.05134940 0.00835764 0.24606150
v 0.05264940 0.00829063 0.24593277
v 0.05134940 0.00829063 0.24593277
v 0.05264940 0.00821266 0.24581039
v 0.05134940 0.00821266 0.24581037
v 0.05264940 0.00812432 0.24569525
v 0.05134940 0.00812432 0.24569525
v 0.05264940 0.00802627 0.24558826
v 0.05134940 0.00802627 0.24558826
v 0.05264940 0.00791928 0.24549021
v 0.05134940 0.00791928 0.24549021
v 0.05264940 0.00780414 0.24540187
v 0.05134940 0.00780414 0.24540186
v 0.05264940 0.00768175 0.24532390
v 0.05134940 0.00768175 0.24532390
v 0.05264940 0.00755303 0.24525689
v 0.05134940 0.00755303 0.24525689
v 0.05264940 0.00741895 0.24520135
v 0.05134940 0.00741895 0.24520135
v 0.05264940 0.00728055 0.24515770
v 0.05134940 0.00728055 0.24515770
v 0.05264940 0.00713886 0.24512629
v 0.05134940 0.00713886 0.24512629
v 0.05264940 0.00699498 0.24510735
v 0.05134940 0.00699498 0.24510735
v 0.05264940 0.00685000 0.24510102
v 0.05134940 0.00685000 0.24510102
v 0.05264940 0.00670502 0.24510735
v 0.05134940 0.00670502 0.24510735
v 0.05264940 0.00656114 0.24512629
v 0.05134940 0.00656114 0.24512629
v 0.05264940 0.00641945 0.24515770
v 0.05134940 0.00641945 0.24515770
v 0.05264940 0.00628105 0.24520135
v 0.05134940 0.00628105 0.24520135
v 0.05264940 0.00614697 0.24525689
v 0.05134940 0.00614697 0.24525689
v 0.05264940 0.00601825 0.24532390
v 0.05134940 0.00601825 0.24532390
v 0.05264940 0.00589586 0.24540187
v 0.05134940 0.00589586 0.24540186
v 0.05264940 0.00578072 0.24549021
v 0.05134940 0.00578072 0.24549021
v 0.05264940 0.00567373 0.24558826
v 0.05134940 0.00567373 0.24558826
v 0.05264940 0.00557569 0.24569525
v 0.05134940 0.00557569 0.24569525
v 0.05264940 0.00548734 0.24581039
v 0.05134940 0.00548734 0.24581037
v 0.05264940 0.00540937 0.24593277
v 0.05134940 0.00540937 0.24593277
v 0.05264940 0.00534236 0.24606150
v 0.05134940 0.00534236 0.24606150
v 0.05264940 0.00528682 0.24619557
v 0.05134940 0.00528682 0.24619557
v 0.05264940 0.00524318 0.24633399
v 0.05134940 0.00524318 0.24633397
v 0.05264940 0.00521177 0.24647567
v 0.05134939 0.00521177 0.24647567
v 0.05264939 0.00519283 0.24661954
v 0.05134939 0.00519283 0.24661954
v 0.05264939 0.00518650 0.24676453
v 0.05134939 0.00518650 0.24676453
v 0.05264939 0.00519283 0.24690951
v 0.05134939 0.00519283 0.24690951
v 0.05264939 0.00521177 0.24705338
v 0.05134939 0.00521177 0.24705338
v 0.05264939 0.00524318 0.24719508
v 0.05134939 0.00524318 0.24719507
v 0.05264939 0.00528682 0.24733348
v 0.05134939 0.00528682 0.24733348
v 0.05264939 0.00534236 0.24746755
v 0.05134939 0.00534236 0.24746755
v 0.05264939 0.00540937 0.24759628
v 0.05134939 0.00540937 0.24759628
v 0.05264939 0.00548734 0.24771868
v 0.05134939 0.00548734 0.24771866
v 0.05264939 0.00557569 0.24783380
v 0.05134939 0.00557569 0.24783380
v 0.05264939 0.00567373 0.24794079
v 0.05134939 0.00567373 0.24794079
v 0.05264939 0.00578072 0.24803884
v 0.05134939 0.00578072 0.24803884
v 0.05264939 0.00589586 0.24812719
v 0.05134939 0.00589586 0.24812718
v 0.05264939 0.00601825 0.24820516
v 0.05134939 0.00601825 0.24820516
v 0.05264939 0.00614697 0.24827217
v 0.05134939 0.00614697 0.24827217
v 0.05264939 0.00628105 0.24832770
v 0.05134939 0.00628105 0.24832770
v 0.05264939 0.00641945 0.24837135
v 0.05134939 0.00641945 0.24837135
v 0.05264939 0.00656114 0.24840276
v 0.05134939 0.00656114 0.24840274
v 0.05264939 0.00670502 0.24842170
v 0.05134939 0.00670502 0.24842170
v 0.04952364 0.00000761 0.27696511
v 0.04963695 -0.00128744 0.27696511
v 0.04969663 0.00003038 0.27696511
v 0.04992237 -0.00124987 0.27696511
v 0.04986697 0.00006815 0.27696511
v 0.05020344 -0.00118756 0.27696511
v 0.05003337 0.00012061 0.27696511
v 0.05047800 -0.00110099 0.27696511
v 0.05019457 0.00018738 0.27696511
v 0.05074397 -0.00099082 0.27696511
v 0.05034933 0.00026795 0.27696511
v 0.05099933 -0.00085788 0.27696511
v 0.05049649 0.00036170 0.27696511
v 0.05124213 -0.00070320 0.27696511
v 0.05063491 0.00046791 0.27696511
v 0.05147053 -0.00052795 0.27696511
v 0.05076354 0.00058579 0.27696511
v 0.05168278 -0.00033345 0.27696511
v 0.05088142 0.00071442 0.27696511
v 0.05187728 -0.00012120 0.27696511
v 0.05098763 0.00085285 0.27696511
v 0.05205253 0.00010720 0.27696511
v 0.05108138 0.00100000 0.27696511
v 0.05220721 0.00035000 0.27696511
v 0.05116194 0.00115476 0.27696511
v 0.05234015 0.00060536 0.27696511
v 0.05122872 0.00131596 0.27696511
v 0.05245032 0.00087133 0.27696511
v 0.05128118 0.00148236 0.27696511
v 0.05253689 0.00114590 0.27696511
v 0.05131895 0.00165270 0.27696511
v 0.05259920 0.00142696 0.27696511
v 0.05134172 0.00182569 0.27696511
v 0.05263677 0.00171239 0.27696511
v 0.05134933 0.00200000 0.27696511
v 0.05264933 0.00200000 0.27696511
v 0.05264942 0.00685000 0.23332903
v 0.05134942 0.00685000 0.23332903
v 0.05264942 0.00699498 0.23332269
v 0.05134942 0.00699498 0.23332269
v 0.05264942 0.00713886 0.23330376
v 0.05134942 0.00713886 0.23330376
v 0.05264942 0.00728055 0.23327234
v 0.05134942 0.00728055 0.23327234
v 0.05264942 0.00741895 0.23322870
v 0.05134942 0.00741895 0.23322870
v 0.05264942 0.00755303 0.23317318
v 0.05134942 0.00755303 0.23317316
v 0.05264942 0.00768175 0.23310617
v 0.05134942 0.00768175 0.23310615
v 0.05264942 0.00780414 0.23302819
v 0.05134942 0.00780414 0.23302819
v 0.05264942 0.00791928 0.23293984
v 0.05134942 0.00791928 0.23293984
v 0.05264942 0.00802627 0.23284180
v 0.05134942 0.00802627 0.23284179
v 0.05264942 0.00812432 0.23273480
v 0.05134942 0.00812432 0.23273480
v 0.05264942 0.00821266 0.23261967
v 0.05134942 0.00821266 0.23261967
v 0.05264943 0.00829063 0.23249727
v 0.05134942 0.00829063 0.23249727
v 0.05264943 0.00835764 0.23236856
v 0.05134942 0.00835764 0.23236854
v 0.05264943 0.00841318 0.23223448
v 0.05134943 0.00841318 0.23223448
v 0.05264943 0.00845682 0.23209608
v 0.05134943 0.00845682 0.23209608
v 0.05264943 0.00848823 0.23195440
v 0.05134943 0.00848823 0.23195438
v 0.05264943 0.00850717 0.23181051
v 0.05134943 0.00850717 0.23181051
v 0.05264943 0.00851350 0.23166552
v 0.05134943 0.00851350 0.23166552
v 0.05264943 0.00850717 0.23152055
v 0.05134943 0.00850717 0.23152053
v 0.05264943 0.00848823 0.23137666
v 0.05134943 0.00848823 0.23137666
v 0.05264943 0.00845682 0.23123498
v 0.05134943 0.00845682 0.23123498
v 0.05264943 0.00841318 0.23109658
v 0.05134943 0.00841318 0.23109658
v 0.05264943 0.00835764 0.23096250
v 0.05134943 0.00835764 0.23096250
v 0.05264943 0.00829063 0.23083378
v 0.05134943 0.00829063 0.23083377
v 0.05264943 0.00821266 0.23071139
v 0.05134943 0.00821266 0.23071139
v 0.05264943 0.00812432 0.23059624
v 0.05134943 0.00812432 0.23059624
v 0.05264943 0.00802627 0.23048925
v 0.05134943 0.00802627 0.23048925
v 0.05264943 0.00791928 0.23039122
v 0.05134943 0.00791928 0.23039120
v 0.05264943 0.00780414 0.23030287
v 0.05134943 0.00780414 0.23030287
v 0.05264943 0.00768175 0.23022489
v 0.05134943 0.00768175 0.23022489
v 0.05264943 0.00755303 0.23015788
v 0.05134943 0.00755303 0.23015788
v 0.05264943 0.00741895 0.23010235
v 0.05134943 0.00741895 0.23010235
v 0.05264943 0.00728055 0.23005871
v 0.05134943 0.00728055 0.23005870
v 0.05264943 0.00713886 0.23002730
v 0.05134943 0.00713886 0.23002730
v 0.05264943 0.00699498 0.23000836
v 0.05134943 0.00699498 0.23000835
v 0.05264943 0.00685000 0.23000203
v 0.05134943 0.00685000 0.23000203
v 0.05264943 0.00670502 0.23000836
v 0.05134943 0.00670502 0.23000835
v 0.05264943 0.00656114 0.23002730
v 0.05134943 0.00656114 0.23002730
v 0.05264943 0.00641945 0.23005871
v 0.05134943 0.00641945 0.23005870
v 0.05264943 0.00628105 0.23010235
v 0.05134943 0.00628105 0.23010235
v 0.05264943 0.00614697 0.23015788
v 0.05134943 0.00614697 0.23015788
v 0.05264943 0.00601825 0.23022489
v 0.05134943 0.00601825 0.23022489
v 0.05264943 0.00589586 0.23030287
v 0.05134943 0.00589586 0.23030287
v 0.05264943 0.00578072 0.23039122
v 0.05134943 0.00578072 0.23039120
v 0.05264943 0.00567373 0.23048925
v 0.05134943 0.00567373 0.23048925
v 0.05264943 0.00557569 0.23059624
v 0.05134943 0.00557569 0.23059624
v 0.05264943 0.00548734 0.23071139
v 0.05134943 0.00548734 0.23071139
v 0.05264943 0.00540937 0.23083378
v 0.05134943 0.00540937 0.23083377
v 0.05264943 0.00534236 0.23096250
v 0.05134943 0.00534236 0.23096250
v 0.05264943 0.00528682 0.23109658
v 0.05134943 0.00528682 0.23109658
v 0.05264943 0.00524318 0.23123498
v 0.05134943 0.00524318 0.23123498
v 0.05264943 0.00521177 0.23137666
v 0.05134943 0.00521177 0.23137666
v 0.05264943 0.00519283 0.23152055
v 0.05134943 0.00519283 0.23152053
v 0.05264943 0.00518650 0.23166552
v 0.05134943 0.00518650 0.23166552
v 0.05264943 0.00519283 0.23181051
v 0.05134943 0.00519283 0.23181051
v 0.05264943 0.00521177 0.23195440
v 0.05134943 0.00521177 0.23195438
v 0.05264943 0.00524318 0.23209608
v 0.05134943 0.00524318 0.23209608
v 0.05264943 0.00528682 0.23223448
v 0.05134943 0.00528682 0.23223448
v 0.05264943 0.00534236 0.23236856
v 0.05134942 0.00534236 0.23236854
v 0.05264943 0.00540937 0.23249727
v 0.05134942 0.00540937 0.23249727
v 0.05264942 0.00548734 0.23261967
v 0.05134942 0.00548734 0.23261967
v 0.05264942 0.00557569 0.23273480
v 0.05134942 0.00557569 0.23273480
v 0.05264942 0.00567373 0.23284180
v 0.05134942 0.00567373 0.23284179
v 0.05264942 0.00578072 0.23293984
v 0.05134942 0.00578072 0.23293984
v 0.05264942 0.00589586 0.23302819
v 0.05134942 0.00589586 0.23302819
v 0.05264942 0.00601825 0.23310617
v 0.05134942 0.00601825 0.23310615
v 0.05264942 0.00614697 0.23317318
v 0.05134942 0.00614697 0.23317316
v 0.05264942 0.00628105 0.23322870
v 0.05134942 0.00628105 0.23322870
v 0.05264942 0.00641945 0.23327234
v 0.05134942 0.00641945 0.23327234
v 0.05264942 0.00656114 0.23330376
v 0.05134942 0.00656114 0.23330376
v 0.05264942 0.00670502 0.23332269
v 0.05134942 0.00670502 0.23332269
v 0.05134204 0.00182569 0.12597223
v 0.05263709 0.00171239 0.12597223
v 0.05131927 0.00165270 0.12597223
v 0.05259952 0.00142696 0.12597223
v 0.05128150 0.00148236 0.12597223
v 0.05253721 0.00114590 0.12597223
v 0.05122904 0.00131596 0.12597223
v 0.05245064 0.00087133 0.12597223
v 0.05116227 0.00115476 0.12597223
v 0.05234047 0.00060536 0.12597223
v 0.05108170 0.00100000 0.12597223
v 0.05220754 0.00035000 0.12597223
v 0.05098796 0.00085285 0.12597223
v 0.05205286 0.00010720 0.12597223
v 0.05088174 0.00071442 0.12597223
v 0.05187760 -0.00012120 0.12597223
v 0.05076386 0.00058579 0.12597223
v 0.05168311 -0.00033345 0.12597223
v 0.05063523 0.00046791 0.12597223
v 0.05147085 -0.00052795 0.12597223
v 0.05049681 0.00036170 0.12597223
v 0.05124246 -0.00070320 0.12597223
v 0.05034965 0.00026795 0.12597223
v 0.05099965 -0.00085788 0.12597223
v 0.05019489 0.00018738 0.12597223
v 0.05074429 -0.00099082 0.12597223
v 0.05003369 0.00012061 0.12597223
v 0.05047832 -0.00110099 0.12597223
v 0.04986729 0.00006815 0.12597223
v 0.05020376 -0.00118756 0.12597223
v 0.04969695 0.00003038 0.12597223
v 0.04992269 -0.00124987 0.12597223
v 0.04952396 0.00000761 0.12597223
v 0.04963727 -0.00128744 0.12597223
v 0.05134933 0.00970000 0.27696511
v 0.05264933 0.00970000 0.27696511
v 0.05134960 0.01010675 0.14862102
v 0.05134957 0.01010675 0.16372003
v 0.05134954 0.01010675 0.17881903
v 0.05134951 0.01010675 0.19391802
v 0.05134948 0.01010675 0.20901702
v 0.05134944 0.01010675 0.22411603
v 0.05134941 0.01010675 0.23921503
v 0.05134938 0.01010675 0.25431404
v 0.05134964 0.00200000 0.13269013
v 0.05134964 0.01010675 0.13269013
v 0.05134965 0.00987431 0.12597984
v 0.05134965 0.01004730 0.12600261
v 0.05134965 0.01133830 0.12682506
v 0.05134965 0.01123209 0.12668665
v 0.05134965 0.01111421 0.12655801
v 0.05134965 0.01038404 0.12609284
v 0.05134965 0.01054524 0.12615961
v 0.05134965 0.01070000 0.12624018
v 0.05134965 0.01143205 0.12697223
v 0.05134965 0.01169239 0.12779792
v 0.05134965 0.01166962 0.12762493
v 0.05134965 0.01163185 0.12745458
v 0.05134965 0.01157939 0.12728818
v 0.05134965 0.01151262 0.12712699
v 0.05134965 0.01098558 0.12644014
v 0.05134965 0.01084715 0.12633392
v 0.05134933 0.01038404 0.27684450
v 0.05134933 0.01054524 0.27677774
v 0.05134933 0.01070000 0.27669716
v 0.05134933 0.01084715 0.27660343
v 0.05134933 0.01098558 0.27649722
v 0.05134933 0.01111421 0.27637932
v 0.05134933 0.01123209 0.27625069
v 0.05134933 0.01166962 0.27531242
v 0.05134933 0.01143205 0.27596512
v 0.05134933 0.01163185 0.27548274
v 0.05134933 0.01151262 0.27581036
v 0.05134933 0.01157939 0.27564916
v 0.05134933 0.01133830 0.27611226
v 0.05134933 0.01169239 0.27513942
v 0.05134933 0.01021764 0.27689698
v 0.05134938 0.00200000 0.25431404
v 0.05134933 0.00987431 0.27695751
v 0.05134933 0.01004730 0.27693474
v 0.05134941 0.00200000 0.23921503
v 0.05134944 0.00200000 0.22411603
v 0.05134948 0.00200000 0.20901702
v 0.05134951 0.00200000 0.19391802
v 0.05134954 0.00200000 0.17881903
v 0.05134957 0.00200000 0.16372003
v 0.05134960 0.00200000 0.14862102
v 0.05134965 0.01021764 0.12604037
v 0.05264944 0.01010675 0.22411603
v 0.05264948 0.01010675 0.20901702
v 0.05264951 0.01010675 0.19391803
v 0.05264954 0.01010675 0.17881903
v 0.05264957 0.01010675 0.16372003
v 0.05264960 0.01010675 0.14862102
v 0.05264964 0.01010675 0.13269013
v 0.05264965 0.01038404 0.12609284
v 0.05264965 0.01054524 0.12615961
v 0.05264965 0.01070000 0.12624018
v 0.05264965 0.01084715 0.12633392
v 0.05264965 0.01143205 0.12697223
v 0.05264965 0.01133830 0.12682508
v 0.05264965 0.01123209 0.12668665
v 0.05264965 0.01098558 0.12644014
v 0.05264965 0.01111421 0.12655802
v 0.05264965 0.01163185 0.12745459
v 0.05264965 0.01157939 0.12728819
v 0.05264965 0.01151262 0.12712699
v 0.05264965 0.01166962 0.12762493
v 0.05264965 0.01169239 0.12779792
v 0.05264964 0.00200000 0.13269013
v 0.05264965 0.00987431 0.12597984
v 0.05264965 0.01004730 0.12600261
v 0.05264965 0.01021764 0.12604037
v 0.05264938 0.01010675 0.25431404
v 0.05264938 0.00200000 0.25431404
v 0.05264933 0.01021764 0.27689698
v 0.05264933 0.01004730 0.27693474
v 0.05264933 0.00987431 0.27695751
v 0.05264933 0.01123209 0.27625069
v 0.05264933 0.01111421 0.27637935
v 0.05264933 0.01133830 0.27611229
v 0.05264933 0.01157939 0.27564916
v 0.05264933 0.01151262 0.27581036
v 0.05264933 0.01163185 0.27548277
v 0.05264933 0.01143205 0.27596512
v 0.05264933 0.01166962 0.27531242
v 0.05264933 0.01098558 0.27649722
v 0.05264933 0.01084715 0.27660343
v 0.05264933 0.01070000 0.27669716
v 0.05264933 0.01054524 0.27677774
v 0.05264933 0.01038404 0.27684450
v 0.05264933 0.01169239 0.27513942
v 0.05264960 0.00200000 0.14862102
v 0.05264957 0.00200000 0.16372003
v 0.05264954 0.00200000 0.17881903
v 0.05264951 0.00200000 0.19391803
v 0.05264948 0.00200000 0.20901702
v 0.05264944 0.00200000 0.22411603
v 0.05264941 0.00200000 0.23921503
v 0.05264941 0.01010675 0.23921503
v -0.11871394 0.00198429 0.09923268
v -0.12001390 0.00197408 0.09923268
v -0.11870512 0.00181178 0.09923268
v -0.11999936 0.00168944 0.09923268
v -0.11868146 0.00164068 0.09923268
v -0.11996031 0.00140712 0.09923268
v -0.11864311 0.00147225 0.09923268
v -0.11989704 0.00112922 0.09923268
v -0.11859038 0.00130777 0.09923268
v -0.11981003 0.00085781 0.09923268
v -0.11852366 0.00114844 0.09923268
v -0.11969993 0.00059493 0.09923268
v -0.11844343 0.00099547 0.09923268
v -0.11956755 0.00034252 0.09923268
v -0.11835030 0.00084999 0.09923268
v -0.11941390 0.00010248 0.09923268
v -0.11824497 0.00071309 0.09923268
v -0.11924010 -0.00012340 0.09923268
v -0.11812821 0.00058579 0.09923268
v -0.11904746 -0.00033345 0.09923268
v -0.11800091 0.00046903 0.09923268
v -0.11883740 -0.00052609 0.09923268
v -0.11786401 0.00036370 0.09923268
v -0.11861151 -0.00069989 0.09923268
v -0.11771853 0.00027057 0.09923268
v -0.11837148 -0.00085355 0.09923268
v -0.11756556 0.00019035 0.09923268
v -0.11811907 -0.00098593 0.09923268
v -0.11740623 0.00012362 0.09923268
v -0.11785619 -0.00109603 0.09923268
v -0.11724175 0.00007089 0.09923268
v -0.11758478 -0.00118304 0.09923268
v -0.11707332 0.00003254 0.09923268
v -0.11730688 -0.00124630 0.09923268
v -0.11690222 0.00000888 0.09923268
v -0.11702456 -0.00128535 0.09923268
v -0.11672971 0.00000006 0.09923268
v -0.11673992 -0.00129990 0.09923268
v -0.11842207 0.00095978 0.03464211
v -0.11835194 0.00085254 0.03480776
v -0.11861811 0.00066607 0.03480776
v -0.11993836 0.00129844 0.03378189
v -0.11996011 0.00140715 0.03369503
v -0.11964253 0.00147722 0.03368472
v -0.11923958 0.00119780 0.03402308
v -0.11927216 0.00130887 0.03391017
v -0.11895842 0.00139363 0.03391017
v -0.11866747 0.00020938 0.03514596
v -0.11858784 0.00012617 0.03525833
v -0.11881764 -0.00010364 0.03525833
v -0.11914751 -0.00022886 0.03514493
v -0.11924002 -0.00012335 0.03503500
v -0.11899228 0.00008700 0.03503361
v -0.11835802 0.00035598 0.03525833
v -0.11842789 0.00042898 0.03514596
v -0.11849450 0.00050496 0.03503361
v -0.11835020 0.00085006 0.03481167
v -0.11855806 0.00058417 0.03492068
v -0.11881583 0.00038626 0.03492068
v -0.11874339 0.00029598 0.03503361
v -0.11936941 0.00004102 0.03487110
v -0.11941373 0.00010259 0.03481167
v -0.11915044 0.00029315 0.03480775
v -0.11956060 0.00033094 0.03459893
v -0.11872671 0.00083634 0.03458315
v -0.11844536 0.00099900 0.03458315
v -0.11844334 0.00099552 0.03458835
v -0.11894826 0.00057531 0.03469545
v -0.11888427 0.00047961 0.03480775
v -0.11867425 0.00075003 0.03469545
v -0.11900806 0.00067367 0.03458315
v -0.11928940 0.00051101 0.03458315
v -0.11956742 0.00034260 0.03458835
v -0.11969990 0.00059495 0.03436502
v -0.11940803 0.00073799 0.03436053
v -0.11848688 0.00107444 0.03447184
v -0.11877497 0.00092403 0.03447184
v -0.11852363 0.00114845 0.03436502
v -0.11881942 0.00101373 0.03436054
v -0.11854654 0.00119889 0.03429342
v -0.11886027 0.00110605 0.03424827
v -0.11859037 0.00130777 0.03414169
v -0.11889704 0.00120008 0.03413600
v -0.11859188 0.00131190 0.03413600
v -0.11863829 0.00145525 0.03394120
v -0.11906306 0.00077363 0.03447184
v -0.11911372 0.00087586 0.03436053
v -0.11916029 0.00098109 0.03424827
v -0.11950735 0.00097645 0.03413600
v -0.11920220 0.00108827 0.03413600
v -0.11864468 0.00147839 0.03391017
v -0.11864302 0.00147227 0.03391836
v -0.11892985 0.00129619 0.03402308
v -0.11958589 0.00122410 0.03391017
v -0.11971936 0.00063703 0.03432870
v -0.11981001 0.00085782 0.03414169
v -0.11984630 0.00096162 0.03405554
v -0.11989690 0.00112926 0.03391835
v -0.11900268 0.00159144 0.03368472
v -0.11869414 0.00171962 0.03359169
v -0.11868134 0.00164070 0.03369503
v -0.11902947 0.00179049 0.03346134
v -0.11901822 0.00169068 0.03357303
v -0.11934032 0.00164744 0.03357303
v -0.11870506 0.00181179 0.03347171
v -0.11870580 0.00181978 0.03346134
v -0.11871194 0.00190980 0.03334471
v -0.11932261 0.00153433 0.03368472
v -0.11999416 0.00163989 0.03351074
v -0.11999925 0.00168945 0.03347171
v -0.11967681 0.00173192 0.03346134
v -0.12001390 0.00197408 0.03324838
v -0.11871394 0.00198429 0.03324838
v -0.11935314 0.00176121 0.03346134
v -0.11936127 0.00188048 0.03334471
v -0.11903661 0.00189514 0.03334471
v -0.11812821 0.00058579 0.03525833
v -0.11818831 0.00064858 0.03514597
v -0.11824492 0.00071312 0.03503500
v -0.11826596 0.00073861 0.03499228
v -0.11830028 0.00078208 0.03492068
v -0.11904746 -0.00033345 0.03525833
v -0.11929982 0.00142105 0.03379744
v -0.11898270 0.00149206 0.03379744
v -0.11866557 0.00156306 0.03379744
v -0.11800088 0.00046908 0.03503500
v -0.11799499 0.00046415 0.03502506
v -0.11820314 0.00021457 0.03502506
v -0.11850139 0.00004358 0.03514169
v -0.11832178 -0.00010638 0.03491337
v -0.11841130 -0.00003501 0.03502506
v -0.11819462 -0.00094911 0.03443086
v -0.11837139 -0.00085342 0.03458835
v -0.11819609 -0.00057938 0.03457623
v -0.11787535 -0.00108888 0.03415770
v -0.11811905 -0.00098590 0.03436502
v -0.11796544 -0.00069896 0.03435040
v -0.11702454 -0.00128525 0.03347171
v -0.11697229 -0.00096368 0.03345280
v -0.11685871 -0.00129679 0.03334147
v -0.11682915 -0.00064747 0.03334044
v -0.11694407 -0.00063992 0.03345280
v -0.11705913 -0.00062730 0.03356572
v -0.11681502 -0.00032278 0.03334044
v -0.11691585 -0.00031615 0.03345279
v -0.11701681 -0.00030508 0.03356572
v -0.11711718 -0.00028964 0.03367865
v -0.11739828 -0.00056000 0.03390325
v -0.11731436 -0.00024603 0.03390325
v -0.11728645 -0.00058727 0.03379095
v -0.11721624 -0.00026996 0.03379095
v -0.11748221 -0.00087396 0.03390325
v -0.11722990 -0.00092975 0.03367865
v -0.11717354 -0.00060969 0.03367865
v -0.11785618 -0.00109601 0.03414169
v -0.11772659 -0.00079734 0.03412587
v -0.11758474 -0.00118289 0.03391835
v -0.11754665 -0.00119306 0.03388747
v -0.11730684 -0.00124611 0.03369503
v -0.11720645 -0.00126287 0.03361530
v -0.11750535 -0.00018616 0.03412587
v -0.11739473 0.00011944 0.03412587
v -0.11741050 -0.00021815 0.03401456
v -0.11731314 0.00009191 0.03401456
v -0.11750787 -0.00052821 0.03401456
v -0.11761598 -0.00049175 0.03412587
v -0.11759952 -0.00014976 0.03423813
v -0.11772331 -0.00045026 0.03423813
v -0.11769202 -0.00010927 0.03435040
v -0.11787228 -0.00001581 0.03457623
v -0.11778317 -0.00006451 0.03446332
v -0.11793262 -0.00035310 0.03446332
v -0.11782873 -0.00040411 0.03435040
v -0.11786395 0.00036380 0.03481167
v -0.11785761 0.00035937 0.03480168
v -0.11804345 0.00009277 0.03480168
v -0.11795904 0.00003662 0.03468896
v -0.11813308 -0.00023783 0.03468896
v -0.11803418 -0.00029760 0.03457623
v -0.11849789 -0.00077605 0.03470451
v -0.11841512 -0.00044044 0.03480168
v -0.11822928 -0.00017384 0.03480168
v -0.11812460 0.00015195 0.03491337
v -0.11791591 0.00040157 0.03489472
v -0.11883734 -0.00052602 0.03503500
v -0.11861946 -0.00028458 0.03502506
v -0.11877880 -0.00057406 0.03497566
v -0.11861140 -0.00069973 0.03481167
v -0.11828218 0.00028352 0.03514170
v -0.11806297 0.00052346 0.03514170
v -0.11718624 0.00005667 0.03384429
v -0.11724173 0.00007097 0.03391835
v -0.11707330 0.00003266 0.03369503
v -0.11706082 0.00003042 0.03367865
v -0.11691947 0.00001066 0.03349412
v -0.11690221 0.00000894 0.03347171
v -0.11680090 0.00000191 0.03334044
v -0.11672971 0.00000006 0.03324838
v -0.11768948 0.00025412 0.03454521
v -0.11756555 0.00019036 0.03436502
v -0.11755531 0.00018557 0.03435040
v -0.11744333 0.00013773 0.03419298
v -0.11740623 0.00012363 0.03414169
v -0.11778500 0.00031107 0.03468896
v -0.11771848 0.00027066 0.03458834
f 1 2 3
f 2 4 3
f 3 4 5
f 4 6 5
f 5 6 7
f 6 8 7
f 7 8 9
f 8 10 9
f 9 10 11
f 10 12 11
f 11 12 13
f 12 14 13
f 13 14 15
f 14 16 15
f 15 16 17
f 16 18 17
f 17 18 19
f 18 20 19
f 19 20 21
f 20 22 21
f 21 22 23
f 22 24 23
f 23 24 25
f 24 26 25
f 25 26 27
f 26 28 27
f 27 28 29
f 28 30 29
f 29 30 31
f 30 32 31
f 31 32 33
f 32 34 33
f 33 34 35
f 34 36 35
f 35 36 37
f 36 38 37
f 37 38 39
f 38 40 39
f 39 40 41
f 40 42 41
f 41 42 43
f 42 44 43
f 43 44 45
f 44 46 45
f 45 46 47
f 46 48 47
f 47 48 49
f 48 50 49
f 49 50 51
f 50 52 51
f 51 52 53
f 52 54 53
f 53 54 55
f 54 56 55
f 55 56 57
f 56 58 57
f 57 58 59
f 58 60 59
f 59 60 61
f 60 62 61
f 61 62 63
f 62 64 63
f 63 64 65
f 64 66 65
f 65 66 67
f 66 68 67
f 67 68 69
f 68 70 69
f 69 70 71
f 70 72 71
f 71 72 73
f 72 74 73
f 73 74 75
f 74 76 75
f 75 76 77
f 76 78 77
f 77 78 79
f 78 80 79
f 79 80 81
f 80 82 81
f 81 82 83
f 82 84 83
f 83 84 85
f 84 86 85
f 85 86 87
f 86 88 87
f 87 88 89
f 88 90 89
f 89 90 91
f 90 92 91
f 91 92 93
f 92 94 93
f 93 94 95
f 94 96 95
f 95 96 97
f 96 98 97
f 97 98 99
f 98 100 99
f 99 100 101
f 100 102 101
f 101 102 103
f 102 104 103
f 103 104 105
f 104 106 105
f 105 106 107
f 106 108 107
f 107 108 109
f 108 110 109
f 109 110 111
f 110 112 111
f 111 112 113
f 112 114 113
f 113 114 115
f 114 116 115
f 115 116 117
f 116 118 117
f 117 118 119
f 118 120 119
f 119 120 121
f 120 122 121
f 121 122 123
f 122 124 123
f 123 124 125
f 124 126 125
f 125 126 127
f 126 128 127
f 127 128 129
f 128 130 129
f 129 130 131
f 130 132 131
f 131 132 133
f 132 134 133
f 133 134 135
f 134 136 135
f 135 136 137
f 136 138 137
f 137 138 139
f 138 140 139
f 139 140 141
f 140 142 141
f 141 142 143
f 142 144 143
f 143 144 1
f 144 2 1
f 145 146 147
f 146 148 147
f 149 150 151
f 150 152 151
f 153 154 155
f 156 157 153
f 157 158 153
f 153 158 159
f 160 161 158
f 158 162 163
f 161 164 158
f 164 165 158
f 158 165 159
f 166 167 158
f 167 168 158
f 158 168 162
f 166 169 167
f 169 170 167
f 167 170 171
f 163 172 158
f 172 173 158
f 158 173 174
f 174 175 158
f 175 176 158
f 158 176 160
f 177 178 179
f 178 180 179
f 179 180 181
f 181 182 179
f 182 183 179
f 179 183 184
f 185 186 187
f 188 189 190
f 191 192 193
f 194 195 193
f 195 196 193
f 193 196 197
f 198 199 200
f 199 201 200
f 200 201 202
f 188 190 203
f 204 190 205
f 190 206 205
f 205 206 177
f 206 207 177
f 177 207 178
f 197 208 193
f 208 209 193
f 193 209 200
f 209 210 200
f 200 210 198
f 186 211 187
f 211 212 187
f 187 212 213
f 187 214 215
f 214 216 215
f 192 217 193
f 217 218 193
f 193 218 219
f 202 220 200
f 220 221 200
f 200 221 222
f 222 223 200
f 223 224 200
f 200 224 225
f 213 226 187
f 226 227 187
f 187 227 214
f 189 228 190
f 228 229 190
f 190 229 230
f 204 231 190
f 231 232 190
f 190 232 233
f 233 234 190
f 234 235 190
f 190 235 203
f 184 236 179
f 236 237 179
f 179 237 238
f 238 239 179
f 239 240 179
f 179 240 241
f 219 242 193
f 242 243 193
f 193 243 194
f 230 244 190
f 244 245 190
f 190 245 216
f 245 246 216
f 216 246 215
f 247 248 187
f 248 249 187
f 187 249 185
f 250 251 193
f 251 252 193
f 193 252 191
f 225 253 200
f 253 254 200
f 200 254 255
f 241 256 179
f 256 257 179
f 179 257 258
f 259 260 193
f 260 261 193
f 193 261 250
f 255 262 200
f 262 263 200
f 200 263 264
f 264 265 200
f 265 266 200
f 200 266 187
f 266 267 187
f 187 267 247
f 258 268 179
f 268 269 179
f 179 269 193
f 269 270 193
f 193 270 259
f 271 272 273
f 274 273 275
f 273 276 275
f 274 277 273
f 277 278 273
f 273 278 271
f 279 280 156
f 280 281 156
f 281 282 156
f 282 283 156
f 156 283 284
f 285 286 287
f 286 288 287
f 284 289 156
f 289 290 156
f 156 290 291
f 292 293 157
f 288 294 287
f 294 295 287
f 287 295 296
f 296 297 287
f 297 298 287
f 287 298 273
f 298 299 273
f 273 299 276
f 272 300 273
f 300 301 273
f 273 301 302
f 291 303 156
f 303 304 156
f 156 304 157
f 304 305 157
f 157 305 292
f 293 306 157
f 306 307 157
f 157 307 308
f 308 309 157
f 309 310 157
f 157 310 311
f 312 313 287
f 313 314 287
f 287 314 285
f 311 315 157
f 315 316 157
f 157 316 317
f 318 319 156
f 319 320 156
f 156 320 321
f 302 322 273
f 322 323 273
f 273 323 324
f 324 325 273
f 325 326 273
f 273 326 327
f 321 328 156
f 328 329 156
f 156 329 279
f 330 331 287
f 331 332 287
f 287 332 333
f 333 334 287
f 334 335 287
f 287 335 312
f 327 336 273
f 336 337 273
f 273 337 156
f 337 338 156
f 156 338 318
f 317 339 157
f 339 340 157
f 157 340 341
f 341 342 157
f 342 343 157
f 157 343 287
f 343 344 287
f 287 344 330
f 345 346 347
f 348 349 273
f 350 351 287
f 352 353 273
f 353 354 273
f 354 355 273
f 273 355 348
f 349 356 273
f 356 357 273
f 273 357 358
f 359 360 287
f 361 347 362
f 347 363 362
f 361 364 347
f 364 365 347
f 347 365 345
f 358 366 273
f 366 367 273
f 273 367 287
f 367 368 287
f 287 368 359
f 360 369 287
f 369 370 287
f 287 370 350
f 371 372 373
f 374 375 373
f 375 376 373
f 346 377 347
f 377 378 347
f 347 378 379
f 372 380 373
f 380 381 373
f 373 381 374
f 376 382 373
f 382 383 373
f 373 383 384
f 384 385 373
f 385 386 373
f 373 386 347
f 386 387 347
f 347 387 363
f 388 389 273
f 389 390 273
f 273 390 352
f 351 391 287
f 391 392 287
f 287 392 393
f 379 394 347
f 394 395 347
f 347 395 396
f 396 397 347
f 397 398 347
f 347 398 399
f 400 401 273
f 401 402 273
f 273 402 388
f 393 403 287
f 403 404 287
f 287 404 405
f 405 406 287
f 406 407 287
f 287 407 408
f 373 409 410
f 399 411 347
f 411 412 347
f 347 412 273
f 412 413 273
f 273 413 400
f 410 414 373
f 414 415 373
f 373 415 371
f 408 416 287
f 416 417 287
f 287 417 373
f 417 418 373
f 373 418 409
f 419 420 421
f 422 423 347
f 424 425 373
f 426 427 347
f 427 428 347
f 428 429 347
f 347 429 422
f 423 430 347
f 430 431 347
f 347 431 432
f 433 434 373
f 435 421 436
f 421 437 436
f 435 438 421
f 438 439 421
f 421 439 419
f 432 440 347
f 440 441 347
f 347 441 373
f 441 442 373
f 373 442 433
f 434 443 373
f 443 444 373
f 373 444 424
f 445 446 447
f 446 448 447
f 420 449 421
f 449 450 421
f 421 450 451
f 452 453 447
f 448 454 447
f 454 455 447
f 447 455 456
f 456 457 447
f 457 458 447
f 447 458 421
f 458 459 421
f 421 459 437
f 460 461 347
f 461 462 347
f 347 462 426
f 425 463 373
f 463 464 373
f 373 464 465
f 453 466 447
f 466 467 447
f 447 467 445
f 465 468 373
f 468 469 373
f 373 469 470
f 451 471 421
f 471 472 421
f 421 472 473
f 473 474 421
f 474 475 421
f 421 475 476
f 477 478 347
f 478 479 347
f 347 479 460
f 470 480 373
f 480 481 373
f 373 481 482
f 482 483 373
f 483 484 373
f 373 484 447
f 484 485 447
f 485 486 447
f 447 486 487
f 476 488 421
f 488 489 421
f 421 489 347
f 489 490 347
f 347 490 477
f 487 491 447
f 491 492 447
f 447 492 452
f 493 494 495
f 496 497 447
f 498 495 499
f 495 500 499
f 498 501 495
f 501 502 495
f 495 502 493
f 503 504 421
f 504 505 421
f 505 506 421
f 506 507 421
f 421 507 508
f 509 510 511
f 510 512 511
f 508 513 421
f 513 514 421
f 421 514 515
f 516 517 447
f 512 518 511
f 518 519 511
f 511 519 520
f 520 521 511
f 521 522 511
f 511 522 495
f 522 523 495
f 495 523 500
f 494 524 495
f 524 525 495
f 495 525 526
f 515 527 421
f 527 528 421
f 421 528 447
f 528 529 447
f 447 529 516
f 517 530 447
f 530 531 447
f 447 531 496
f 497 532 447
f 532 533 447
f 447 533 534
f 535 536 511
f 536 537 511
f 511 537 509
f 538 539 421
f 539 540 421
f 421 540 541
f 526 542 495
f 542 543 495
f 495 543 544
f 544 545 495
f 545 546 495
f 495 546 547
f 541 548 421
f 548 549 421
f 421 549 503
f 550 511 551
f 511 552 551
f 550 553 511
f 553 554 511
f 511 554 535
f 547 555 495
f 555 556 495
f 495 556 421
f 556 557 421
f 421 557 538
f 534 558 447
f 558 559 447
f 447 559 560
f 560 561 447
f 561 562 447
f 447 562 563
f 563 564 447
f 564 565 447
f 447 565 511
f 565 566 511
f 511 566 552
f 567 568 193
f 569 570 495
f 571 572 511
f 573 574 495
f 574 575 495
f 575 576 495
f 495 576 569
f 570 577 495
f 577 578 495
f 495 578 579
f 580 581 511
f 582 193 583
f 193 584 583
f 582 585 193
f 585 586 193
f 193 586 567
f 579 587 495
f 587 588 495
f 495 588 511
f 588 589 511
f 511 589 580
f 581 590 511
f 590 591 511
f 511 591 571
f 592 593 200
f 594 595 200
f 595 596 200
f 568 597 193
f 597 598 193
f 193 598 599
f 593 600 200
f 600 601 200
f 200 601 594
f 596 602 200
f 602 603 200
f 200 603 604
f 604 605 200
f 605 606 200
f 200 606 193
f 606 607 193
f 193 607 584
f 608 609 495
f 609 610 495
f 495 610 573
f 572 611 511
f 611 612 511
f 511 612 613
f 599 614 193
f 614 615 193
f 193 615 616
f 616 617 193
f 617 618 193
f 193 618 619
f 620 621 495
f 621 622 495
f 495 622 608
f 613 623 511
f 623 624 511
f 511 624 625
f 625 626 511
f 626 627 511
f 511 627 628
f 200 629 630
f 619 631 193
f 631 632 193
f 193 632 495
f 632 633 495
f 495 633 620
f 630 634 200
f 634 635 200
f 200 635 592
f 628 636 511
f 636 637 511
f 511 637 200
f 637 638 200
f 200 638 629
f 153 155 156
f 155 639 156
f 156 639 273
f 639 640 273
f 273 640 347
f 640 641 347
f 347 641 421
f 641 642 421
f 421 642 495
f 642 643 495
f 495 643 193
f 643 644 193
f 193 644 179
f 645 646 647
f 646 648 647
f 145 147 649
f 145 649 650
f 649 651 650
f 650 651 652
f 651 653 652
f 652 653 654
f 653 655 654
f 654 655 656
f 655 657 656
f 656 657 658
f 657 659 658
f 658 659 660
f 659 661 660
f 660 661 662
f 661 663 662
f 662 663 664
f 663 665 664
f 664 665 666
f 665 667 666
f 666 667 668
f 667 669 668
f 668 669 670
f 669 671 670
f 670 671 672
f 671 673 672
f 672 673 674
f 673 675 674
f 674 675 676
f 675 677 676
f 676 677 678
f 677 679 678
f 678 679 680
f 679 681 680
f 680 681 682
f 681 149 682
f 682 149 151
f 683 684 685
f 684 686 685
f 687 646 688
f 646 645 688
f 689 690 691
f 691 692 689
f 692 693 689
f 689 693 694
f 694 695 689
f 695 696 689
f 689 696 697
f 689 698 699
f 690 700 701
f 700 702 701
f 701 702 703
f 702 704 703
f 703 704 705
f 704 706 705
f 705 706 707
f 706 708 707
f 707 708 709
f 708 710 709
f 709 710 711
f 710 712 711
f 711 712 713
f 712 714 713
f 713 714 715
f 714 716 715
f 715 716 717
f 716 718 717
f 717 718 719
f 718 720 719
f 719 720 721
f 720 722 721
f 699 723 689
f 723 724 689
f 689 724 690
f 724 725 690
f 690 725 700
f 726 727 728
f 727 729 728
f 728 729 730
f 729 731 730
f 730 731 732
f 731 733 732
f 732 733 734
f 733 735 734
f 734 735 736
f 735 737 736
f 736 737 738
f 737 739 738
f 738 739 740
f 739 741 740
f 740 741 742
f 741 743 742
f 742 743 744
f 743 745 744
f 744 745 746
f 745 747 746
f 746 747 748
f 747 749 748
f 748 749 750
f 749 751 750
f 750 751 752
f 751 753 752
f 752 753 754
f 753 755 754
f 754 755 756
f 755 757 756
f 756 757 758
f 757 759 758
f 758 759 760
f 759 761 760
f 760 761 762
f 761 763 762
f 762 763 764
f 763 765 764
f 764 765 766
f 765 767 766
f 766 767 768
f 767 769 768
f 768 769 770
f 769 771 770
f 770 771 772
f 771 773 772
f 772 773 774
f 773 775 774
f 774 775 776
f 775 777 776
f 776 777 778
f 777 779 778
f 778 779 780
f 779 781 780
f 780 781 782
f 781 783 782
f 782 783 784
f 783 785 784
f 784 785 786
f 785 787 786
f 786 787 788
f 787 789 788
f 788 789 790
f 789 791 790
f 790 791 792
f 791 793 792
f 792 793 794
f 793 795 794
f 794 795 796
f 795 797 796
f 796 797 798
f 797 799 798
f 798 799 800
f 799 801 800
f 802 803 804
f 805 806 807
f 806 808 807
f 809 810 811
f 812 813 814
f 813 811 814
f 815 816 802
f 816 817 802
f 802 817 803
f 818 819 820
f 808 821 807
f 821 822 807
f 807 822 823
f 804 824 802
f 824 825 802
f 802 825 826
f 825 827 826
f 826 827 828
f 818 820 829
f 830 831 820
f 832 833 834
f 807 832 835
f 836 837 838
f 839 840 841
f 823 842 807
f 842 843 807
f 807 843 844
f 845 846 802
f 846 847 802
f 848 849 850
f 849 851 850
f 850 851 852
f 853 854 813
f 854 855 813
f 810 856 811
f 856 857 811
f 811 857 858
f 812 859 813
f 859 860 813
f 813 860 861
f 861 862 813
f 862 863 813
f 813 863 864
f 837 865 838
f 865 866 838
f 838 866 867
f 841 868 839
f 868 869 839
f 839 869 807
f 869 870 807
f 807 870 805
f 844 871 807
f 871 872 807
f 807 872 873
f 873 874 807
f 874 875 807
f 807 875 876
f 877 878 879
f 878 880 879
f 879 880 881
f 852 882 850
f 882 883 850
f 850 883 884
f 807 885 886
f 885 887 886
f 886 888 807
f 888 889 807
f 807 889 890
f 853 813 820
f 813 891 820
f 820 891 830
f 892 893 832
f 893 894 832
f 832 894 833
f 835 895 807
f 895 896 807
f 807 896 897
f 898 899 807
f 899 900 807
f 807 900 885
f 864 901 813
f 901 902 813
f 813 902 903
f 904 905 906
f 905 907 906
f 906 907 908
f 907 909 908
f 908 909 910
f 904 906 911
f 906 912 911
f 911 912 913
f 867 914 838
f 914 915 838
f 838 915 912
f 915 916 912
f 912 916 917
f 840 839 838
f 839 918 838
f 838 918 836
f 847 919 802
f 919 920 802
f 802 920 921
f 828 922 826
f 922 923 826
f 826 923 924
f 923 879 924
f 924 879 925
f 879 881 925
f 926 927 879
f 927 928 879
f 879 928 877
f 929 930 831
f 930 931 831
f 819 932 820
f 932 933 820
f 820 933 934
f 933 935 934
f 884 936 850
f 936 937 850
f 850 937 938
f 855 939 813
f 939 940 813
f 813 940 941
f 941 942 813
f 942 943 813
f 813 943 944
f 876 945 807
f 945 946 807
f 807 946 947
f 858 948 811
f 948 949 811
f 811 949 950
f 949 951 950
f 834 952 832
f 952 953 832
f 832 953 954
f 903 955 813
f 955 956 813
f 813 956 909
f 956 957 909
f 957 958 909
f 909 958 959
f 917 960 912
f 960 961 912
f 912 961 913
f 921 962 802
f 962 963 802
f 802 963 964
f 964 965 802
f 965 966 802
f 802 966 815
f 967 926 831
f 926 968 831
f 831 968 969
f 967 970 926
f 970 971 926
f 926 971 972
f 972 973 926
f 973 974 926
f 926 974 927
f 969 975 831
f 975 976 831
f 831 976 977
f 820 978 979
f 980 850 887
f 850 981 887
f 887 981 886
f 980 982 850
f 982 983 850
f 850 983 984
f 890 985 807
f 985 986 807
f 807 986 987
f 987 988 807
f 988 989 807
f 807 989 990
f 990 991 807
f 991 992 807
f 807 992 802
f 992 993 802
f 802 993 845
f 949 994 951
f 994 995 951
f 951 995 996
f 995 997 996
f 996 997 953
f 997 998 953
f 953 998 954
f 897 999 807
f 999 1000 807
f 807 1000 1001
f 1001 1002 807
f 1002 1003 807
f 807 1003 1004
f 1004 1005 807
f 1005 1006 807
f 807 1006 898
f 931 1007 831
f 1007 1008 831
f 831 1008 820
f 1008 1009 820
f 820 1009 978
f 979 1010 820
f 1010 1011 820
f 820 1011 1012
f 984 1013 850
f 1013 1014 850
f 850 1014 848
f 933 1015 935
f 1015 1016 935
f 935 1016 1017
f 1016 1018 1017
f 1017 1018 937
f 1018 1019 937
f 937 1019 938
f 944 1020 813
f 1020 1021 813
f 813 1021 1022
f 1022 1023 813
f 1023 1024 813
f 813 1024 1025
f 947 1026 807
f 1026 1027 807
f 807 1027 832
f 1027 1028 832
f 832 1028 1029
f 959 1030 909
f 1030 1031 909
f 909 1031 1032
f 1032 1033 909
f 1033 1034 909
f 909 1034 1035
f 1035 1036 909
f 1036 1037 909
f 909 1037 910
f 1038 1039 831
f 1039 1040 831
f 831 1040 929
f 1012 1041 820
f 1041 1042 820
f 820 1042 829
f 1043 1044 811
f 1044 1045 811
f 1029 1046 832
f 1046 1047 832
f 832 1047 1048
f 977 1049 831
f 1049 1050 831
f 831 1050 1038
f 1025 1051 813
f 1051 1052 813
f 813 1052 811
f 1052 1053 811
f 811 1053 1043
f 1045 1054 811
f 1054 1055 811
f 811 1055 809
f 1048 1056 832
f 1056 1057 832
f 832 1057 892
f 726 1058 727
f 1058 1059 727
f 1060 1061 1062
f 1063 1064 1065
f 1066 1067 1068
f 1069 1070 1071
f 1068 1072 1071
f 1072 1073 1071
f 1071 1073 1074
f 1075 1076 1062
f 1076 1077 1062
f 1062 1077 1078
f 1079 1080 1065
f 1074 1081 1071
f 1081 1082 1071
f 1071 1082 1069
f 1083 1084 1085
f 1084 1086 1085
f 1085 1086 1087
f 1088 1089 1090
f 1091 1092 1078
f 1079 1065 1093
f 1094 1095 1071
f 1095 1096 1071
f 1064 1097 1065
f 1097 1098 1065
f 1065 1098 1099
f 1061 1100 1062
f 1100 1101 1062
f 1062 1101 1102
f 1080 1103 1065
f 1103 1104 1065
f 1065 1104 1105
f 1105 1106 1065
f 1106 1107 1065
f 1065 1107 1063
f 1108 1109 1068
f 1109 1110 1068
f 1068 1110 1066
f 1099 1111 1065
f 1111 1112 1065
f 1065 1112 1113
f 1112 1114 1113
f 1113 1114 1067
f 1114 1115 1067
f 1067 1115 1068
f 1070 1116 1071
f 1116 1117 1071
f 1071 1117 1118
f 1118 1119 1071
f 1119 1120 1071
f 1071 1120 1121
f 1122 1123 1062
f 1123 1124 1062
f 1062 1124 1125
f 1124 1126 1125
f 1125 1126 1127
f 1128 1129 1130
f 1129 1131 1130
f 1131 1132 1130
f 1132 1133 1130
f 1130 1133 1126
f 1133 1134 1126
f 1126 1134 1127
f 1087 1135 1085
f 1135 1136 1085
f 1085 1136 1130
f 1136 1137 1130
f 1130 1137 1128
f 1138 1139 1062
f 1140 1062 1141
f 1062 1142 1141
f 1140 1143 1062
f 1143 1144 1062
f 1062 1144 1075
f 1145 1146 1147
f 1148 1149 1150
f 1071 1151 1152
f 1092 1153 1078
f 1153 1154 1078
f 1078 1154 1155
f 1068 1156 1157
f 1102 1158 1062
f 1158 1159 1062
f 1062 1159 1160
f 1138 1062 1161
f 1139 1162 1062
f 1162 1163 1062
f 1062 1163 1142
f 1164 1165 1166
f 1165 1167 1166
f 1166 1167 1168
f 1169 1170 1078
f 1170 1171 1078
f 1171 1172 1078
f 1172 1173 1078
f 1078 1173 1062
f 1173 1174 1062
f 1062 1174 1060
f 1157 1175 1068
f 1175 1176 1068
f 1068 1176 1108
f 1160 1177 1062
f 1177 1178 1062
f 1062 1178 1122
f 1121 1179 1071
f 1179 1180 1071
f 1071 1180 1062
f 1180 1181 1062
f 1062 1181 1161
f 1182 1183 1184
f 1185 1186 1166
f 1186 1187 1166
f 1166 1187 1188
f 1188 1189 1166
f 1189 1190 1166
f 1166 1190 1191
f 1190 1192 1191
f 1191 1192 1193
f 1194 1195 1196
f 1096 1197 1071
f 1197 1198 1071
f 1071 1198 1068
f 1198 1199 1068
f 1068 1199 1156
f 1200 1201 1202
f 1201 1203 1202
f 1202 1203 1085
f 1203 1204 1085
f 1085 1204 1083
f 1200 1205 1201
f 1205 1206 1201
f 1201 1206 1147
f 1206 1207 1147
f 1147 1207 1145
f 1168 1208 1209
f 1091 1078 1149
f 1078 1210 1149
f 1149 1210 1150
f 1211 1212 1194
f 1212 1213 1194
f 1194 1213 1214
f 1090 1089 1211
f 1152 1215 1071
f 1215 1216 1071
f 1071 1216 1217
f 1217 1218 1071
f 1218 1219 1071
f 1071 1219 1220
f 1220 1221 1071
f 1221 1222 1071
f 1071 1222 1094
f 1155 1223 1078
f 1223 1224 1078
f 1078 1224 1169
f 1146 1225 1147
f 1225 1226 1147
f 1147 1226 1227
f 1228 1229 1166
f 1229 1230 1166
f 1166 1230 1164
f 1168 1231 1208
f 1231 1232 1208
f 1208 1232 1233
f 1232 1234 1233
f 1233 1234 1150
f 1234 1235 1150
f 1150 1235 1148
f 1093 1065 1184
f 1065 1236 1184
f 1184 1236 1182
f 1193 1237 1191
f 1237 1238 1191
f 1191 1238 1239
f 1238 1194 1239
f 1239 1194 1240
f 1194 1196 1240
f 1214 1241 1194
f 1241 1242 1194
f 1194 1242 1195
f 1089 1243 1211
f 1243 1244 1211
f 1211 1244 1245
f 1151 1071 1090
f 1071 1246 1090
f 1090 1246 1088
f 1247 1248 1249
f 1248 1184 1249
f 1249 1184 1250
f 1184 1183 1250
f 1209 1251 1168
f 1251 1252 1168
f 1168 1252 1253
f 1254 1255 1166
f 1255 1256 1166
f 1166 1256 1185
f 1245 1257 1211
f 1257 1258 1211
f 1211 1258 1212
f 1259 1147 1260
f 1147 1261 1260
f 1247 1262 1248
f 1262 1263 1248
f 1248 1263 1264
f 1263 1265 1264
f 1253 1266 1168
f 1266 1267 1168
f 1168 1267 1268
f 1227 1269 1147
f 1269 1270 1147
f 1147 1270 1271
f 1271 1272 1147
f 1272 1273 1147
f 1147 1273 1274
f 1259 1275 1147
f 1275 1276 1147
f 1147 1276 1166
f 1276 1277 1166
f 1166 1277 1278
f 1274 1279 1147
f 1279 1280 1147
f 1147 1280 1261
f 1278 1281 1166
f 1281 1282 1166
f 1166 1282 1283
f 1283 1284 1166
f 1284 1285 1166
f 1166 1285 1228
f 1268 1286 1168
f 1286 1287 1168
f 1168 1287 1288
f 1288 1289 1168
f 1289 1290 1168
f 1168 1290 1291
f 1265 1292 1264
f 1292 1293 1264
f 1264 1293 1294
f 1294 1295 1264
f 1295 1296 1264
f 1264 1296 1297
f 1296 1298 1297
f 1298 1299 1297
f 1297 1299 1300
f 1301 1302 1166
f 1302 1303 1166
f 1166 1303 1304
f 1300 1305 1297
f 1305 1306 1297
f 1297 1306 1166
f 1306 1307 1166
f 1166 1307 1301
f 1304 1308 1166
f 1308 1309 1166
f 1166 1309 1310
f 1310 1311 1166
f 1311 1312 1166
f 1166 1312 1254
f 1291 1313 1168
f 1313 1314 1168
f 1168 1314 1166
f 1314 1315 1166
f 1166 1315 1297
f 1316 1317 1318
f 1317 1319 1318
f 1320 1321 148
f 1322 1323 150
f 1324 1325 1326
f 1327 1328 1329
f 1329 1330 1327
f 1330 1331 1327
f 1327 1331 1332
f 1320 148 1333
f 1324 1326 1334
f 1326 1335 1336
f 1337 1338 1339
f 1338 1340 1339
f 1339 1340 1341
f 1342 1343 150
f 1343 1344 150
f 150 1344 1345
f 1346 1347 1345
f 142 140 1348
f 1349 1350 1327
f 1351 1352 1353
f 1352 1354 1353
f 1355 1321 1356
f 1321 1357 1356
f 1355 1358 1321
f 1358 1359 1321
f 1321 1359 1360
f 1361 1362 148
f 1362 1363 148
f 1363 1364 148
f 148 1364 1365
f 149 1366 1367
f 1367 1368 149
f 1368 1369 149
f 149 1369 1370
f 1371 1372 1326
f 1325 1373 1326
f 1373 1374 1326
f 1326 1374 1335
f 1336 1375 1326
f 1375 1338 1326
f 1326 1338 1376
f 1338 1337 1376
f 1377 149 1378
f 149 1326 1378
f 1323 1379 150
f 1379 1380 150
f 150 1380 1381
f 1381 1382 150
f 1382 1383 150
f 150 1383 1342
f 1348 140 1327
f 1327 1384 1385
f 1386 1387 1328
f 1332 1388 1327
f 1388 1389 1327
f 1327 1389 1390
f 1390 1391 1327
f 1391 1392 1327
f 1327 1392 1393
f 1394 1395 148
f 1396 1397 148
f 1397 1398 148
f 148 1398 1333
f 1357 1321 1353
f 1321 1399 1353
f 1353 1399 1351
f 1400 1401 148
f 1402 147 1403
f 147 148 1403
f 1403 148 1404
f 148 1365 1404
f 1402 1405 147
f 1405 1406 147
f 147 1406 649
f 1406 1407 649
f 649 1407 651
f 1407 653 651
f 659 657 1407
f 657 655 1407
f 1407 655 653
f 1372 1408 1326
f 1408 1409 1326
f 1326 1409 1334
f 98 96 1384
f 1385 1410 1327
f 1410 1411 1327
f 1327 1411 1349
f 1412 1413 1328
f 1414 1415 1328
f 1415 1416 1328
f 1328 1416 1417
f 1341 1340 1418
f 1340 1419 1418
f 1418 1419 1354
f 1419 1420 1354
f 1354 1420 1353
f 1401 1421 148
f 1421 1422 148
f 148 1422 1361
f 1366 149 1423
f 149 681 1423
f 1423 681 679
f 679 677 1423
f 677 675 1423
f 1423 675 673
f 1370 1424 149
f 1424 1425 149
f 149 1425 1426
f 1377 1427 149
f 1427 1428 149
f 149 1428 1429
f 1429 1430 149
f 1430 1431 149
f 149 1431 1432
f 1347 1433 1345
f 1433 1434 1345
f 1345 1434 1435
f 1436 2 1348
f 2 144 1348
f 1348 144 142
f 1437 1438 76
f 1346 1345 1439
f 1345 1440 1439
f 1439 1440 1441
f 1440 1442 1441
f 1441 1442 1417
f 1442 1443 1417
f 1417 1443 1328
f 1360 1444 1321
f 1444 1445 1321
f 1321 1445 1446
f 673 671 1423
f 671 669 1423
f 1423 669 1407
f 669 667 1407
f 1407 667 665
f 665 663 1407
f 663 661 1407
f 1407 661 659
f 1426 1447 149
f 1447 1448 149
f 149 1448 1449
f 1449 1450 149
f 1450 1451 149
f 149 1451 1452
f 1432 1453 149
f 1453 1454 149
f 149 1454 1455
f 1456 1457 150
f 1458 1459 150
f 1459 1460 150
f 150 1460 1461
f 64 1461 66
f 1461 1462 66
f 66 1462 68
f 1413 1463 1328
f 1463 1464 1328
f 1328 1464 1414
f 1465 1466 148
f 1466 1467 148
f 148 1467 1396
f 1455 1468 149
f 1468 1469 149
f 149 1469 150
f 1469 1470 150
f 150 1470 1456
f 1457 1471 150
f 1471 1472 150
f 150 1472 1322
f 98 1384 100
f 90 88 1384
f 88 86 1384
f 1384 86 84
f 84 82 1384
f 82 80 1384
f 1384 80 1438
f 80 78 1438
f 1438 78 76
f 1473 1327 1474
f 1327 1475 1474
f 1350 1476 1327
f 1476 1477 1327
f 1327 1477 1475
f 1387 1478 1328
f 1478 1479 1328
f 1328 1479 1412
f 1393 1480 1327
f 1480 1481 1327
f 1327 1481 1482
f 1482 1483 1327
f 1483 1484 1327
f 1327 1484 148
f 1484 1485 148
f 148 1485 1394
f 1395 1486 148
f 1486 1487 148
f 148 1487 1465
f 148 1488 1489
f 1489 1490 148
f 1490 1491 148
f 148 1491 1492
f 1452 1493 149
f 1493 1494 149
f 149 1494 1326
f 1494 1495 1326
f 1326 1495 1371
f 1435 1496 1345
f 1496 1497 1345
f 1345 1497 1498
f 1498 1499 1345
f 1499 1500 1345
f 1345 1500 1501
f 1502 1503 150
f 1462 1504 68
f 1504 1505 68
f 68 1505 70
f 1505 72 70
f 64 62 1461
f 62 60 1461
f 1461 60 58
f 140 138 1327
f 138 136 1327
f 1327 136 134
f 134 132 1327
f 132 130 1327
f 1327 130 128
f 96 94 1384
f 94 92 1384
f 1384 92 90
f 1506 1507 1328
f 1507 1508 1328
f 1328 1508 1386
f 1446 1509 1321
f 1509 1510 1321
f 1321 1510 1511
f 1511 1512 1321
f 1512 1513 1321
f 1321 1513 148
f 1513 1514 148
f 148 1514 1488
f 1492 1515 148
f 1515 1516 148
f 148 1516 1400
f 1501 1517 1345
f 1517 1518 1345
f 1345 1518 1519
f 1520 1521 150
f 1521 1522 150
f 150 1522 1458
f 1523 1524 8
f 1524 1525 8
f 8 1525 1526
f 1526 1527 8
f 1527 1528 8
f 8 1528 10
f 1528 1529 10
f 10 1529 1530
f 1531 6 1436
f 6 4 1436
f 1436 4 2
f 72 1505 74
f 1505 1532 74
f 74 1532 76
f 1532 1533 76
f 76 1533 1437
f 1473 1534 1327
f 1534 1535 1327
f 1327 1535 1536
f 1519 1537 1345
f 1537 1538 1345
f 1345 1538 150
f 1538 1539 150
f 150 1539 1502
f 58 56 1461
f 56 54 1461
f 1461 54 52
f 36 34 150
f 1530 1540 10
f 1540 1541 10
f 10 1541 1542
f 1531 1543 6
f 1543 1544 6
f 6 1544 8
f 1544 1545 8
f 8 1545 1523
f 128 126 1327
f 126 124 1327
f 1327 124 122
f 106 104 1384
f 104 102 1384
f 1384 102 100
f 1503 1546 150
f 1546 1547 150
f 150 1547 1548
f 1548 1549 150
f 1549 1550 150
f 150 1550 1520
f 52 50 1461
f 50 48 1461
f 1461 48 46
f 36 150 38
f 16 150 18
f 150 20 18
f 16 14 150
f 14 12 150
f 150 12 1551
f 12 10 1551
f 1551 10 1552
f 10 1542 1552
f 122 120 1327
f 120 118 1327
f 1327 118 116
f 46 44 1461
f 44 42 1461
f 1461 42 150
f 42 40 150
f 150 40 38
f 150 28 26
f 106 1384 108
f 1384 1327 108
f 108 1327 110
f 1536 1553 1327
f 1553 1554 1327
f 1327 1554 1328
f 1554 1555 1328
f 1328 1555 1506
f 34 32 150
f 32 30 150
f 150 30 28
f 26 24 150
f 24 22 150
f 150 22 20
f 116 114 1327
f 114 112 1327
f 1327 112 110
f 687 688 1556
f 687 1556 1557
f 1556 1558 1557
f 1557 1558 1559
f 1558 1560 1559
f 1559 1560 1561
f 1560 1562 1561
f 1561 1562 1563
f 1562 1564 1563
f 1563 1564 1565
f 1564 1566 1565
f 1565 1566 1567
f 1566 1568 1567
f 1567 1568 1569
f 1568 1570 1569
f 1569 1570 1571
f 1570 1572 1571
f 1571 1572 1573
f 1572 1574 1573
f 1573 1574 1575
f 1574 1576 1575
f 1575 1576 1577
f 1576 1578 1577
f 1577 1578 1579
f 1578 1580 1579
f 1579 1580 1581
f 1580 1582 1581
f 1581 1582 1583
f 1582 1584 1583
f 1583 1584 1585
f 1584 1586 1585
f 1585 1586 1587
f 1586 1588 1587
f 1587 1588 1589
f 1588 1590 1589
f 1589 1590 1591
f 1592 1593 1316
f 1318 1594 1595
f 1318 1595 1316
f 1595 1596 1316
f 1316 1596 1592
f 1597 1598 1599
f 1598 1600 1599
f 1601 1602 1603
f 1602 1604 1603
f 1605 1606 1607
f 1606 1608 1607
f 1609 1610 1611
f 1610 1612 1611
f 1609 1611 1613
f 1611 1614 1613
f 1613 1614 1615
f 1614 1616 1615
f 1615 1616 1617
f 1616 1618 1617
f 1617 1618 1619
f 1618 1620 1619
f 1619 1620 1621
f 1620 1622 1621
f 1621 1622 1623
f 1622 1624 1623
f 1623 1624 1625
f 1624 1626 1625
f 1625 1626 1627
f 1626 1628 1627
f 1627 1628 1629
f 1628 1630 1629
f 1629 1630 1631
f 1630 1632 1631
f 1631 1632 1633
f 1632 1634 1633
f 1633 1634 1635
f 1634 1636 1635
f 1635 1636 1637
f 1636 1638 1637
f 1637 1638 1639
f 1638 1640 1639
f 1639 1640 1641
f 1640 1642 1641
f 1641 1642 1643
f 1642 1644 1643
f 1643 1644 1645
f 1644 1646 1645
f 1645 1646 1647
f 1646 1648 1647
f 1647 1648 1649
f 1648 1650 1649
f 1649 1650 1651
f 1650 1652 1651
f 1651 1652 1653
f 1652 1654 1653
f 1653 1654 1655
f 1654 1656 1655
f 1655 1656 1657
f 1656 1658 1657
f 1657 1658 1659
f 1658 1660 1659
f 1659 1660 1661
f 1660 1662 1661
f 1661 1662 1663
f 1662 1664 1663
f 1663 1664 1665
f 1664 1666 1665
f 1665 1666 1667
f 1666 1668 1667
f 1667 1668 1669
f 1668 1670 1669
f 1669 1670 1671
f 1670 1672 1671
f 1671 1672 1673
f 1672 1674 1673
f 1673 1674 1675
f 1674 1676 1675
f 1675 1676 1677
f 1676 1678 1677
f 1677 1678 1679
f 1678 1680 1679
f 1679 1680 1681
f 1680 1682 1681
f 1681 1682 1683
f 1682 1684 1683
f 1683 1684 1685
f 1684 1686 1685
f 1687 1688 1689
f 1688 1690 1689
f 1689 1690 1691
f 1690 1692 1691
f 1691 1692 1693
f 1692 1694 1693
f 1693 1694 1695
f 1694 1696 1695
f 1695 1696 1697
f 1696 1698 1697
f 1697 1698 1699
f 1698 1700 1699
f 1699 1700 1701
f 1700 1702 1701
f 1701 1702 1703
f 1702 1704 1703
f 1703 1704 1705
f 1704 1706 1705
f 1705 1706 1707
f 1706 1708 1707
f 1707 1708 1709
f 1708 1710 1709
f 1709 1710 1711
f 1710 1712 1711
f 1711 1712 1713
f 1712 1714 1713
f 1713 1714 1715
f 1714 1716 1715
f 1715 1716 1717
f 1716 1718 1717
f 1717 1718 1719
f 1718 1720 1719
f 1719 1720 1721
f 1720 1722 1721
f 1721 1722 1723
f 1722 1724 1723
f 1723 1724 1725
f 1724 1726 1725
f 1725 1726 1727
f 1726 1728 1727
f 1727 1728 1729
f 1728 1730 1729
f 1729 1730 1731
f 1730 1732 1731
f 1731 1732 1733
f 1732 1734 1733
f 1733 1734 1735
f 1734 1736 1735
f 1735 1736 1737
f 1736 1738 1737
f 1737 1738 1739
f 1738 1740 1739
f 1739 1740 1741
f 1740 1742 1741
f 1741 1742 1743
f 1742 1744 1743
f 1743 1744 1745
f 1744 1746 1745
f 1745 1746 1747
f 1746 1748 1747
f 1747 1748 1749
f 1748 1750 1749
f 1749 1750 1751
f 1750 1752 1751
f 1751 1752 1753
f 1752 1754 1753
f 1753 1754 1755
f 1754 1756 1755
f 1755 1756 1757
f 1756 1758 1757
f 1757 1758 1759
f 1758 1760 1759
f 1759 1760 1761
f 1760 1762 1761
f 1687 1763 1688
f 1763 1764 1688
f 1765 1766 1767
f 1766 1768 1767
f 1769 1770 1771
f 146 1772 1773
f 652 1774 650
f 1774 1775 650
f 650 1775 145
f 1775 1776 145
f 1776 1777 145
f 145 1777 146
f 1777 1778 146
f 146 1778 1772
f 151 1779 1780
f 652 654 1774
f 654 656 1774
f 1774 656 658
f 1773 1781 146
f 1781 1782 146
f 146 1782 1783
f 1784 1785 146
f 1785 1786 146
f 146 1786 1787
f 1788 1789 1790
f 1789 1791 1790
f 1790 1791 1792
f 1792 1793 1790
f 1793 1794 1790
f 1790 1794 1795
f 1770 1796 1771
f 1796 1797 1771
f 1771 1797 1798
f 1798 1799 1771
f 1799 1800 1771
f 1771 1800 1801
f 672 674 1802
f 674 676 1802
f 1802 676 678
f 1780 1803 151
f 1803 1804 151
f 151 1804 682
f 1804 1802 682
f 682 1802 680
f 1802 678 680
f 1783 1805 146
f 1805 1806 146
f 146 1806 1807
f 1808 1809 1810
f 1790 1811 1812
f 1790 1813 1814
f 658 660 1774
f 660 662 1774
f 1774 662 664
f 664 666 1774
f 666 668 1774
f 1774 668 1802
f 668 670 1802
f 1802 670 672
f 1815 1816 1817
f 152 1818 1819
f 1819 1820 152
f 1820 1821 152
f 152 1821 1822
f 1823 1824 151
f 1824 1825 151
f 151 1825 1771
f 1812 1826 1790
f 1826 1827 1790
f 1790 1827 1813
f 1814 1828 1790
f 1828 1829 1790
f 1790 1829 1788
f 1830 1831 1771
f 1831 1832 1771
f 1771 1832 1769
f 1833 1834 151
f 1835 1836 146
f 1836 1837 146
f 1838 1839 1840
f 1838 1841 1842
f 1843 1844 152
f 1844 1845 152
f 152 1845 1818
f 1822 1846 152
f 1846 1847 152
f 152 1847 1848
f 1801 1849 1771
f 1849 1850 1771
f 1771 1850 1851
f 1834 1852 151
f 1852 1853 151
f 151 1853 1779
f 1807 1854 146
f 1854 1855 146
f 146 1855 1856
f 1840 1857 1838
f 1857 1858 1838
f 1838 1858 1841
f 1842 1859 1838
f 1859 1860 1838
f 1838 1860 1861
f 1862 1863 1815
f 1863 1864 1815
f 1815 1864 1816
f 1848 1865 152
f 1865 1866 152
f 152 1866 1867
f 1795 1868 1790
f 1868 1869 1790
f 1790 1869 1870
f 1869 1871 1870
f 1870 1871 1872
f 1871 1831 1872
f 1872 1831 1873
f 1831 1830 1873
f 1851 1874 1771
f 1874 1875 1771
f 1771 1875 151
f 1875 1876 151
f 151 1876 1877
f 1877 1878 151
f 1878 1879 151
f 151 1879 1880
f 1880 1881 151
f 1881 1882 151
f 151 1882 1833
f 1856 1883 146
f 1883 1884 146
f 146 1884 1835
f 1837 1885 146
f 1885 1886 146
f 146 1886 1784
f 1886 1811 1784
f 1784 1811 1887
f 1811 1790 1887
f 1888 1889 1815
f 1889 1890 1815
f 1890 1891 1815
f 1815 1891 1892
f 1817 1893 1815
f 1893 1894 1815
f 1815 1894 1895
f 1894 1838 1895
f 1895 1838 1896
f 1838 1861 1896
f 1897 65 67
f 1787 1898 146
f 1898 1899 146
f 146 1899 1900
f 1901 1902 151
f 1902 1903 151
f 151 1903 1904
f 1904 1905 151
f 1905 1906 151
f 151 1906 1823
f 1892 1907 1815
f 1907 1908 1815
f 1815 1908 1862
f 59 61 1897
f 61 63 1897
f 1897 63 65
f 1867 1909 152
f 1909 1910 152
f 152 1910 151
f 1910 1911 151
f 151 1911 1912
f 1912 1913 151
f 1913 1914 151
f 151 1914 1901
f 1808 1810 1815
f 1810 1915 1815
f 1815 1915 1888
f 47 49 1897
f 49 51 1897
f 1897 51 53
f 1916 1917 152
f 53 55 1897
f 55 57 1897
f 1897 57 59
f 1918 1919 73
f 1919 1920 73
f 73 1920 1921
f 1921 1922 73
f 1922 1923 73
f 73 1923 1924
f 67 69 1897
f 69 71 1897
f 1897 71 1925
f 71 73 1925
f 1925 73 1926
f 73 1924 1926
f 1927 43 1897
f 43 45 1897
f 1897 45 47
f 1928 137 1929
f 137 139 1929
f 1930 1931 9
f 1916 152 1932
f 1900 1933 146
f 1933 1934 146
f 146 1934 1935
f 79 1936 77
f 1936 1918 77
f 77 1918 75
f 1918 73 75
f 1937 1938 146
f 1938 1939 146
f 146 87 89
f 127 129 1928
f 129 131 1928
f 9 1931 7
f 1931 1940 7
f 7 1940 1941
f 1941 1942 7
f 1942 1943 7
f 7 1943 1944
f 15 152 13
f 152 11 13
f 1917 1945 152
f 1945 1946 152
f 152 1946 1947
f 1935 1948 146
f 1948 1949 146
f 146 1949 1950
f 1838 1951 1839
f 1951 1952 1839
f 1839 1952 1953
f 1939 1954 146
f 1954 1955 146
f 146 1955 1956
f 1956 1957 146
f 1957 1958 146
f 146 1958 1959
f 79 81 1936
f 81 83 1936
f 1936 83 85
f 89 91 146
f 91 93 146
f 146 93 95
f 1 1960 143
f 1960 1929 143
f 143 1929 141
f 1929 139 141
f 1 3 1960
f 3 5 1960
f 1960 5 1961
f 5 1962 1961
f 1963 1964 9
f 1809 1965 1810
f 1965 1966 1810
f 1810 1966 1967
f 1950 1968 146
f 1968 1969 146
f 146 1969 1970
f 1970 1971 146
f 1971 1953 146
f 146 1953 1937
f 1953 1952 1937
f 1959 1972 146
f 1972 1973 146
f 146 1973 1974
f 131 133 1928
f 133 135 1928
f 1928 135 137
f 1944 1975 7
f 1975 1976 7
f 7 1976 5
f 1976 1977 5
f 5 1977 1962
f 1964 1978 9
f 1978 1979 9
f 9 1979 1930
f 1947 1980 152
f 1980 1981 152
f 152 1981 1982
f 95 97 146
f 97 99 146
f 146 99 101
f 11 152 9
f 152 1983 9
f 9 1983 1963
f 15 17 152
f 17 19 152
f 152 19 21
f 35 37 152
f 1927 1984 43
f 1984 1985 43
f 43 1985 41
f 1985 1986 41
f 41 1986 1987
f 152 1988 1989
f 1989 1990 152
f 1990 1991 152
f 152 1991 1843
f 1991 1810 1843
f 1843 1810 1992
f 1810 1967 1992
f 109 111 1928
f 121 1928 119
f 1928 117 119
f 121 123 1928
f 123 125 1928
f 1928 125 127
f 152 27 29
f 1987 1993 41
f 1993 1994 41
f 41 1994 1995
f 1982 1996 152
f 1996 1997 152
f 152 1997 1998
f 1998 1999 152
f 1999 2000 152
f 152 2000 1988
f 21 23 152
f 23 25 152
f 152 25 27
f 29 31 152
f 31 33 152
f 152 33 35
f 37 39 152
f 39 41 152
f 152 41 1932
f 41 1995 1932
f 1974 2001 146
f 2001 2002 146
f 146 2002 2003
f 2003 2004 146
f 2004 1936 146
f 146 1936 87
f 1936 85 87
f 101 103 146
f 103 105 146
f 146 105 1928
f 105 107 1928
f 1928 107 109
f 111 113 1928
f 113 115 1928
f 1928 115 117
f 2005 2006 2007
f 2005 2007 2008
f 2007 2009 2008
f 2008 2009 2010
f 2009 2011 2010
f 2010 2011 2012
f 2011 2013 2012
f 2012 2013 2014
f 2013 2015 2014
f 2014 2015 2016
f 2015 2017 2016
f 2016 2017 2018
f 2017 2019 2018
f 2018 2019 2020
f 2019 2021 2020
f 2020 2021 2022
f 2021 2023 2022
f 2022 2023 2024
f 2023 2025 2024
f 2024 2025 2026
f 2025 2027 2026
f 2026 2027 2028
f 2027 2029 2028
f 2028 2029 2030
f 2029 2031 2030
f 2030 2031 2032
f 2031 2033 2032
f 2032 2033 2034
f 2033 2035 2034
f 2034 2035 2036
f 2035 2037 2036
f 2036 2037 2038
f 2037 2039 2038
f 2038 2039 2040
f 2039 2041 2040
f 2040 2041 2042
f 1765 1767 2043
f 1767 2044 2043
f 2043 2044 2045
f 2044 2046 2045
f 2045 2046 2047
f 2046 2048 2047
f 2047 2048 2049
f 2048 2050 2049
f 2049 2050 2051
f 2050 2052 2051
f 2051 2052 2053
f 2052 2054 2053
f 2053 2054 2055
f 2054 2056 2055
f 2055 2056 2057
f 2056 2058 2057
f 2057 2058 2059
f 2058 2060 2059
f 2059 2060 2061
f 2060 2062 2061
f 2061 2062 2063
f 2062 2064 2063
f 2063 2064 2065
f 2064 2066 2065
f 2065 2066 2067
f 2066 2068 2067
f 2067 2068 2069
f 2068 2070 2069
f 2069 2070 2071
f 2070 2072 2071
f 2071 2072 2073
f 2072 2074 2073
f 2073 2074 2075
f 2074 2076 2075
f 2075 2076 2077
f 2076 2078 2077
f 2077 2078 2079
f 2078 2080 2079
f 2079 2080 2081
f 2080 2082 2081
f 2081 2082 2083
f 2082 2084 2083
f 2083 2084 2085
f 2084 2086 2085
f 2085 2086 2087
f 2086 2088 2087
f 2087 2088 2089
f 2088 2090 2089
f 2089 2090 2091
f 2090 2092 2091
f 2091 2092 2093
f 2092 2094 2093
f 2093 2094 2095
f 2094 2096 2095
f 2095 2096 2097
f 2096 2098 2097
f 2097 2098 2099
f 2098 2100 2099
f 2099 2100 2101
f 2100 2102 2101
f 2101 2102 2103
f 2102 2104 2103
f 2103 2104 2105
f 2104 2106 2105
f 2105 2106 2107
f 2106 2108 2107
f 2107 2108 2109
f 2108 2110 2109
f 2109 2110 2111
f 2110 2112 2111
f 2111 2112 2113
f 2112 2114 2113
f 2115 2116 2117
f 2118 2119 2120
f 2121 2122 2123
f 2122 2124 2123
f 2123 2124 2125
f 2125 2126 2123
f 2126 2127 2123
f 2123 2127 2128
f 2128 2129 2123
f 2129 2130 2123
f 2123 2130 2131
f 2130 2132 2131
f 2132 2130 2133
f 2130 2134 2133
f 2133 2134 2135
f 2136 2137 2120
f 2137 2138 2120
f 2120 2138 2123
f 2138 2139 2123
f 2123 2139 2121
f 2140 2141 2142
f 2143 2144 2145
f 2144 2146 2145
f 2140 2142 2147
f 2141 2148 2142
f 2148 2149 2142
f 2142 2149 2150
f 2149 2151 2150
f 2150 2151 2152
f 2153 2154 2143
f 2152 2155 2150
f 2155 2156 2150
f 2150 2156 2157
f 2158 2159 2143
f 2160 2161 2142
f 2161 2162 2142
f 2142 2162 2147
f 2163 2164 2165
f 2159 2166 2143
f 2166 2167 2143
f 2143 2167 2144
f 2168 2169 2163
f 2169 2170 2163
f 2163 2170 2171
f 2165 2172 2163
f 2172 2173 2163
f 2163 2173 2174
f 2157 2175 2150
f 2175 2176 2150
f 2150 2176 2177
f 2177 2178 2150
f 2178 2179 2150
f 2150 2179 2180
f 2180 2181 2150
f 2181 2182 2150
f 2150 2182 2183
f 2171 2184 2163
f 2184 2185 2163
f 2163 2185 2164
f 2174 2186 2163
f 2186 2187 2163
f 2163 2187 2188
f 2189 2190 2142
f 2190 2191 2142
f 2154 2192 2143
f 2192 2193 2143
f 2143 2193 2194
f 2194 2195 2143
f 2195 2196 2143
f 2143 2196 2158
f 2146 2197 2145
f 2197 2198 2145
f 2145 2198 2199
f 2198 2168 2199
f 2199 2168 2200
f 2168 2163 2200
f 2201 2202 2142
f 2191 2203 2142
f 2203 2204 2142
f 2142 2204 2160
f 2205 2206 2143
f 2206 2207 2143
f 2143 2207 2153
f 2202 2208 2142
f 2208 2209 2142
f 2142 2209 2210
f 2210 2211 2142
f 2211 2212 2142
f 2142 2212 2189
f 2183 2213 2150
f 2213 2214 2150
f 2150 2214 2215
f 2215 2216 2150
f 2216 2217 2150
f 2150 2217 2143
f 2217 2218 2143
f 2143 2218 2205
f 2219 2220 2221
f 2220 2163 2221
f 2221 2163 2222
f 2223 2224 2221
f 2224 2225 2221
f 2225 2226 2221
f 2226 2227 2221
f 2221 2227 2228
f 2228 2229 2221
f 2229 2230 2221
f 2221 2230 2219
f 2231 2232 2233
f 2232 2224 2233
f 2233 2224 2234
f 2224 2223 2234
f 2119 2235 2120
f 2235 2236 2120
f 2120 2236 2136
f 2237 2238 2239
f 2238 2240 2239
f 2239 2240 2241
f 2119 2242 2235
f 2242 2243 2235
f 2235 2243 2244
f 2244 2245 2235
f 2245 2246 2235
f 2235 2246 2247
f 2247 2248 2235
f 2248 2249 2235
f 2235 2249 2250
f 2251 2252 2253
f 2254 2255 2251
f 2255 2256 2251
f 2251 2256 2257
f 2258 2259 2120
f 2259 2260 2120
f 2120 2260 2261
f 2261 2262 2120
f 2262 2263 2120
f 2120 2263 2118
f 2250 2264 2235
f 2264 2265 2235
f 2235 2265 2266
f 2241 2267 2239
f 2267 2268 2239
f 2239 2268 2269
f 2269 2270 2239
f 2270 2271 2239
f 2239 2271 2272
f 2253 2273 2251
f 2273 2274 2251
f 2251 2274 2254
f 2275 2276 2120
f 2277 2278 2120
f 2278 2279 2120
f 2120 2279 2258
f 2266 2280 2235
f 2280 2281 2235
f 2235 2281 2282
f 2283 2284 2239
f 2284 2285 2239
f 2272 2286 2239
f 2286 2287 2239
f 2239 2287 2251
f 2287 2288 2251
f 2251 2288 2289
f 2289 2290 2251
f 2290 2291 2251
f 2251 2291 2252
f 2257 2292 2251
f 2292 2293 2251
f 2251 2293 2294
f 2275 2120 2295
f 2120 2251 2295
f 2295 2251 2296
f 2276 2297 2120
f 2297 2298 2120
f 2120 2298 2299
f 2285 2300 2239
f 2300 2301 2239
f 2239 2301 2237
f 2294 2302 2251
f 2302 2303 2251
f 2251 2303 2296
f 2299 2304 2120
f 2304 2305 2120
f 2120 2305 2277
f 2282 2306 2235
f 2306 2307 2235
f 2235 2307 2239
f 2307 2308 2239
f 2239 2308 2283
f 2239 2309 2310
f 2311 2312 2251
f 2312 2313 2251
f 2251 2313 2239
f 2313 2314 2239
f 2239 2314 2309
f 2310 2315 2239
f 2315 2316 2239
f 2239 2316 2317
f 2318 2319 2320
f 2319 2321 2320
f 2321 2322 2323
f 2322 2324 2323
f 2325 2326 2251
f 2326 2327 2251
f 2251 2327 2311
f 2328 2329 2320
f 2329 2330 2320
f 2320 2330 2318
f 2324 2331 2323
f 2331 2332 2323
f 2323 2332 2333
f 2334 2335 2251
f 2335 2336 2251
f 2251 2336 2325
f 2337 2338 2320
f 2333 2339 2323
f 2339 2340 2323
f 2323 2340 2341
f 2338 2342 2320
f 2342 2343 2320
f 2320 2343 2328
f 2317 2344 2239
f 2344 2345 2239
f 2239 2345 2346
f 2347 2348 2239
f 2349 2350 2323
f 2350 2351 2323
f 2323 2351 2352
f 2352 2353 2323
f 2353 2354 2323
f 2323 2354 2355
f 2356 2357 2251
f 2357 2358 2251
f 2251 2358 2334
f 2341 2359 2323
f 2359 2360 2323
f 2323 2360 2349
f 2355 2361 2323
f 2361 2362 2323
f 2323 2362 2251
f 2362 2363 2251
f 2346 2364 2239
f 2364 2365 2239
f 2239 2365 2366
f 2363 2367 2251
f 2367 2368 2251
f 2251 2368 2369
f 2370 2371 2320
f 2371 2372 2320
f 2320 2372 2373
f 2373 2374 2320
f 2374 2375 2320
f 2320 2375 2337
f 2369 2376 2251
f 2376 2377 2251
f 2251 2377 2356
f 2366 2378 2239
f 2378 2379 2239
f 2239 2379 2347
f 2348 2380 2239
f 2380 2381 2239
f 2239 2381 2320
f 2381 2382 2320
f 2320 2382 2370
f 2321 2323 2320
f 2323 2383 2320
f 2320 2383 2384
f 2384 2385 2320
f 2385 2386 2320
f 2320 2386 2387
f 2388 2389 2323
f 2390 2391 2323
f 2391 2392 2323
f 2323 2392 2393
f 2393 2394 2323
f 2394 2395 2323
f 2323 2395 2383
f 2387 2396 2320
f 2396 2397 2320
f 2320 2397 2398
f 2389 2399 2323
f 2399 2400 2323
f 2323 2400 2390
f 2398 2401 2320
f 2401 2402 2320
f 2320 2402 2403
f 2404 2405 2320
f 2406 2407 2408
f 2407 2409 2408
f 2409 2410 2408
f 2410 2411 2408
f 2408 2411 2412
f 2412 2413 2408
f 2413 2414 2408
f 2408 2414 2415
f 2415 2416 2408
f 2416 2417 2408
f 2408 2417 2418
f 2419 2420 2117
f 2420 2421 2117
f 2117 2421 2422
f 2423 2424 2323
f 2424 2425 2323
f 2323 2425 2426
f 2320 2405 2408
f 2405 2427 2408
f 2408 2427 2406
f 2422 2428 2117
f 2428 2429 2117
f 2117 2429 2430
f 2426 2431 2323
f 2431 2432 2323
f 2323 2432 2388
f 2403 2433 2320
f 2433 2434 2320
f 2320 2434 2435
f 2430 2436 2117
f 2436 2437 2117
f 2117 2437 2323
f 2437 2438 2323
f 2323 2438 2423
f 2435 2439 2320
f 2439 2440 2320
f 2320 2440 2404
f 2441 2442 2117
f 2442 2443 2117
f 2117 2443 2444
f 2444 2445 2117
f 2445 2446 2117
f 2117 2446 2419
f 2418 2447 2408
f 2447 2448 2408
f 2408 2448 2449
f 2450 2451 2117
f 2451 2452 2117
f 2117 2452 2441
f 2449 2453 2408
f 2453 2454 2408
f 2408 2454 2117
f 2454 2455 2117
f 2117 2455 2450
f 2456 2457 2458
f 2459 2460 2461
f 2460 2462 2461
f 2463 2464 2458
f 2464 2465 2458
f 2458 2465 2456
f 2466 2467 2458
f 2468 2469 2408
f 2470 2471 2460
f 2471 2472 2460
f 2460 2472 2462
f 2457 2473 2458
f 2473 2474 2458
f 2458 2474 2475
f 2476 2477 2458
f 2477 2478 2458
f 2458 2478 2463
f 2475 2479 2458
f 2479 2480 2458
f 2458 2480 2466
f 2481 2482 2460
f 2483 2484 2460
f 2484 2485 2460
f 2460 2485 2470
f 2467 2486 2458
f 2486 2487 2458
f 2458 2487 2488
f 2489 2490 2117
f 2491 2117 2492
f 2117 2493 2492
f 2117 2116 2408
f 2116 2494 2408
f 2408 2494 2495
f 2469 2496 2408
f 2496 2497 2408
f 2408 2497 2498
f 2490 2499 2117
f 2499 2500 2117
f 2117 2500 2493
f 2491 2501 2117
f 2501 2502 2117
f 2117 2502 2115
f 2495 2503 2408
f 2503 2504 2408
f 2408 2504 2468
f 2498 2505 2408
f 2505 2506 2408
f 2408 2506 2507
f 2508 2509 2460
f 2509 2510 2460
f 2460 2510 2483
f 2507 2511 2408
f 2511 2512 2408
f 2408 2512 2513
f 2482 2514 2460
f 2514 2515 2460
f 2460 2515 2508
f 2488 2516 2458
f 2516 2517 2458
f 2458 2517 2117
f 2517 2518 2117
f 2117 2518 2519
f 2519 2520 2117
f 2520 2521 2117
f 2117 2521 2522
f 2513 2523 2408
f 2523 2524 2408
f 2408 2524 2460
f 2524 2525 2460
f 2460 2525 2481
f 2522 2526 2117
f 2526 2527 2117
f 2117 2527 2489
f 2528 2529 2458
f 2529 2460 2458
f 2458 2460 2476
f 2460 2459 2476
f 2530 2531 2532
f 2531 2533 2532
f 2533 2534 2532
f 2532 2534 2535
f 2536 2537 2538
f 2537 2539 2538
f 2539 2540 2538
f 2538 2540 2541
f 2542 2543 2460
f 2541 2544 2538
f 2544 2545 2538
f 2538 2545 2546
f 2529 2547 2460
f 2547 2548 2460
f 2460 2548 2549
f 2542 2460 2550
f 2549 2551 2460
f 2551 2552 2460
f 2460 2552 2553
f 2535 2554 2532
f 2554 2555 2532
f 2532 2555 2538
f 2555 2556 2538
f 2538 2556 2536
f 2557 2558 2458
f 2558 2559 2458
f 2458 2559 2528
f 2553 2560 2460
f 2560 2561 2460
f 2460 2561 2550
f 2562 2563 2532
f 2564 2565 2532
f 2565 2566 2532
f 2532 2566 2530
f 2567 2568 2458
f 2568 2569 2458
f 2458 2569 2557
f 2460 2570 2571
f 2572 2538 2573
f 2538 2574 2573
f 2572 2575 2538
f 2575 2576 2538
f 2538 2576 2577
f 2578 2579 2458
f 2579 2580 2458
f 2458 2580 2581
f 2543 2582 2460
f 2582 2583 2460
f 2460 2583 2570
f 2546 2584 2538
f 2584 2585 2538
f 2538 2585 2574
f 2581 2586 2458
f 2586 2587 2458
f 2458 2587 2588
f 2571 2589 2460
f 2589 2590 2460
f 2460 2590 2532
f 2590 2591 2532
f 2532 2591 2562
f 2563 2592 2532
f 2592 2593 2532
f 2532 2593 2594
f 2588 2595 2458
f 2595 2596 2458
f 2458 2596 2567
f 2594 2597 2532
f 2597 2598 2532
f 2532 2598 2564
f 2577 2599 2538
f 2599 2600 2538
f 2538 2600 2458
f 2600 2601 2458
f 2458 2601 2578
f 2602 2603 2150
f 2603 2604 2150
f 2605 2606 2150
f 2606 2607 2150
f 2150 2607 2602
f 2608 2609 2142
f 2609 2610 2142
f 2142 2610 2611
f 2612 2613 2538
f 2613 2614 2538
f 2538 2614 2615
f 2615 2616 2538
f 2616 2617 2538
f 2538 2617 2532
f 2611 2618 2142
f 2618 2619 2142
f 2142 2619 2620
f 2617 2621 2532
f 2621 2622 2532
f 2532 2622 2623
f 2623 2624 2532
f 2624 2625 2532
f 2532 2625 2626
f 2626 2627 2532
f 2627 2628 2532
f 2532 2628 2629
f 2604 2630 2150
f 2630 2631 2150
f 2150 2631 2142
f 2631 2632 2142
f 2142 2632 2608
f 2633 2634 2538
f 2634 2635 2538
f 2538 2635 2612
f 2629 2636 2532
f 2636 2637 2532
f 2532 2637 2638
f 2638 2639 2532
f 2639 2640 2532
f 2532 2640 2641
f 2642 2643 2150
f 2643 2644 2150
f 2150 2644 2645
f 2645 2646 2150
f 2646 2647 2150
f 2150 2647 2648
f 2649 2650 2538
f 2650 2651 2538
f 2651 2652 2538
f 2652 2653 2538
f 2538 2653 2654
f 2648 2655 2150
f 2655 2656 2150
f 2150 2656 2605
f 2620 2657 2142
f 2657 2658 2142
f 2142 2658 2659
f 2659 2660 2142
f 2660 2661 2142
f 2142 2661 2662
f 2662 2663 2142
f 2663 2664 2142
f 2142 2664 2665
f 2654 2666 2538
f 2666 2667 2538
f 2538 2667 2633
f 2665 2668 2142
f 2668 2669 2142
f 2142 2669 2538
f 2669 2670 2538
f 2538 2670 2649
f 2641 2671 2532
f 2671 2672 2532
f 2532 2672 2150
f 2672 2673 2150
f 2150 2673 2642
f 2188 2201 2163
f 2201 2142 2163
f 2163 2142 2222
f 2142 2538 2222
f 2222 2538 2674
f 2538 2458 2674
f 2674 2458 2675
f 2458 2117 2675
f 2675 2117 2676
f 2117 2323 2676
f 2676 2323 2677
f 2323 2251 2677
f 2677 2251 2678
f 2251 2120 2678
f 2678 2120 2679
f 2120 2123 2679
f 2113 2114 2680
f 2114 2681 2680
f 2682 2683 2684
f 2683 2685 2684
f 2686 2687 2688
f 2687 2689 2688
f 152 150 1551
f 152 1551 1983
f 1551 1552 1983
f 1983 1552 1963
f 1552 1542 1963
f 1963 1542 1964
f 1542 1541 1964
f 1964 1541 1978
f 1541 1540 1978
f 1978 1540 1979
f 1540 1530 1979
f 1979 1530 1930
f 1530 1529 1930
f 1930 1529 1931
f 1529 1528 1931
f 1931 1528 1940
f 1528 1527 1940
f 1940 1527 1941
f 1527 1526 1941
f 1941 1526 1942
f 1526 1525 1942
f 1942 1525 1943
f 1525 1524 1943
f 1943 1524 1944
f 1524 1523 1944
f 1944 1523 1975
f 1523 1545 1975
f 1975 1545 1976
f 1545 1544 1976
f 1976 1544 1977
f 1544 1543 1977
f 1977 1543 1962
f 1543 1531 1962
f 1962 1531 1961
f 1531 1436 1961
f 1961 1436 1960
f 2690 684 2691
f 684 683 2691
f 689 2692 698
f 2692 2693 698
f 698 2693 2694
f 2695 2696 2697
f 2696 2698 2697
f 2699 2700 2145
f 2700 2143 2145
f 2701 2702 2703
f 2702 2704 2703
f 2705 2706 2707
f 2706 2708 2707
f 2709 2710 2711
f 2710 2712 2711
f 2713 2714 2715
f 2714 2716 2715
f 2717 2718 2719
f 2718 2720 2719
f 2719 2720 2721
f 2720 2722 2721
f 2721 2722 2723
f 2722 2724 2723
f 2723 2724 2725
f 2724 2726 2725
f 2725 2726 2727
f 2726 2728 2727
f 2727 2728 2729
f 2728 2730 2729
f 2729 2730 2731
f 2730 2732 2731
f 2731 2732 2733
f 2732 2734 2733
f 2733 2734 2735
f 2734 2736 2735
f 2735 2736 2737
f 2736 2738 2737
f 2737 2738 2739
f 2738 2740 2739
f 2739 2740 2741
f 2740 2742 2741
f 2741 2742 2743
f 2742 2744 2743
f 2743 2744 2745
f 2744 2746 2745
f 2745 2746 2747
f 2746 2748 2747
f 2747 2748 2749
f 2748 2750 2749
f 2749 2750 2751
f 2750 2752 2751
f 2751 2752 2753
f 2752 2754 2753
f 2753 2754 2755
f 2754 2756 2755
f 2755 2756 2757
f 2756 2758 2757
f 2757 2758 2759
f 2758 2760 2759
f 2759 2760 2761
f 2760 2762 2761
f 2761 2762 2763
f 2762 2764 2763
f 2763 2764 2765
f 2764 2766 2765
f 2765 2766 2767
f 2766 2768 2767
f 2767 2768 2769
f 2768 2770 2769
f 2769 2770 2771
f 2770 2772 2771
f 2771 2772 2773
f 2772 2774 2773
f 2773 2774 2775
f 2774 2776 2775
f 2775 2776 2777
f 2776 2778 2777
f 2777 2778 2779
f 2778 2780 2779
f 2779 2780 2781
f 2780 2782 2781
f 2781 2782 2783
f 2782 2784 2783
f 2783 2784 2785
f 2784 2786 2785
f 2785 2786 2787
f 2786 2788 2787
f 2787 2788 2695
f 2788 2696 2695
f 2789 2702 2790
f 2702 2701 2790
f 2791 2792 2793
f 2793 2794 2791
f 2794 2795 2791
f 2791 2795 2796
f 2797 2798 2791
f 2796 2799 2791
f 2799 2800 2791
f 2791 2800 2801
f 2801 2802 2791
f 2802 2803 2791
f 2791 2803 2804
f 2804 2805 2791
f 2805 2806 2791
f 2791 2806 2797
f 2807 2808 2809
f 2808 2810 2809
f 2798 2811 2791
f 2811 2808 2791
f 2791 2808 2812
f 2808 2807 2812
f 2813 2814 2815
f 2814 2816 2815
f 2817 2818 2819
f 2818 2820 2819
f 2816 2821 2815
f 2821 2822 2815
f 2815 2822 2819
f 2822 2823 2819
f 2819 2823 2817
f 2824 2825 2826
f 2820 2827 2819
f 2827 2828 2819
f 2819 2828 2829
f 2830 2831 2832
f 2831 2833 2832
f 2824 2826 2834
f 2835 2819 2836
f 2819 2837 2836
f 2838 2839 2832
f 2840 2841 2842
f 2841 2832 2842
f 2842 2832 2843
f 2832 2833 2843
f 2829 2844 2819
f 2844 2845 2819
f 2819 2845 2837
f 2839 2846 2832
f 2846 2847 2832
f 2832 2847 2848
f 2848 2849 2832
f 2849 2850 2832
f 2832 2850 2830
f 2851 2852 2815
f 2840 2853 2841
f 2853 2854 2841
f 2841 2854 2855
f 2854 2856 2855
f 2855 2856 2857
f 2858 2859 2856
f 2859 2860 2856
f 2856 2860 2861
f 2825 2862 2826
f 2862 2863 2826
f 2826 2863 2864
f 2852 2865 2815
f 2865 2866 2815
f 2815 2866 2867
f 2867 2868 2815
f 2868 2869 2815
f 2815 2869 2813
f 2861 2870 2856
f 2870 2871 2856
f 2856 2871 2872
f 2872 2873 2856
f 2873 2874 2856
f 2856 2874 2857
f 2875 2876 2856
f 2876 2877 2856
f 2856 2877 2858
f 2864 2878 2826
f 2878 2879 2826
f 2826 2879 2880
f 2835 2881 2819
f 2881 2882 2819
f 2819 2882 2883
f 2826 2884 2834
f 2884 2885 2834
f 2834 2885 2856
f 2885 2886 2856
f 2856 2886 2875
f 2883 2887 2819
f 2887 2888 2819
f 2819 2888 2889
f 2890 2891 2832
f 2891 2892 2832
f 2832 2892 2838
f 2880 2893 2826
f 2893 2894 2826
f 2826 2894 2895
f 2896 2897 2815
f 2896 2815 2898
f 2897 2899 2815
f 2899 2900 2815
f 2815 2900 2851
f 2889 2901 2819
f 2901 2902 2819
f 2819 2902 2832
f 2902 2903 2832
f 2832 2903 2890
f 2895 2904 2826
f 2904 2905 2826
f 2826 2905 2815
f 2905 2906 2815
f 2815 2906 2898
f 2907 2908 2909
f 2910 2911 2815
f 2912 2913 2819
f 2914 2915 2909
f 2915 2916 2909
f 2909 2916 2917
f 2917 2918 2909
f 2918 2919 2909
f 2909 2919 2907
f 2920 2921 2815
f 2922 2923 2924
f 2923 2925 2924
f 2925 2926 2924
f 2926 2927 2924
f 2924 2927 2928
f 2929 2930 2819
f 2930 2931 2819
f 2913 2932 2819
f 2932 2933 2819
f 2819 2933 2934
f 2934 2935 2819
f 2935 2936 2819
f 2819 2936 2815
f 2936 2937 2815
f 2815 2937 2920
f 2921 2938 2815
f 2938 2939 2815
f 2815 2939 2910
f 2911 2940 2815
f 2940 2941 2815
f 2815 2941 2942
f 2908 2943 2909
f 2943 2944 2909
f 2909 2944 2945
f 2931 2946 2819
f 2946 2947 2819
f 2819 2947 2912
f 2948 2949 2924
f 2949 2950 2924
f 2924 2950 2951
f 2951 2952 2924
f 2952 2953 2924
f 2924 2953 2922
f 2945 2954 2909
f 2954 2955 2909
f 2909 2955 2956
f 2956 2957 2909
f 2957 2958 2909
f 2909 2958 2959
f 2942 2960 2815
f 2960 2961 2815
f 2815 2961 2962
f 2924 2963 2964
f 2962 2965 2815
f 2965 2966 2815
f 2815 2966 2967
f 2968 2819 2969
f 2819 2970 2969
f 2968 2971 2819
f 2971 2972 2819
f 2819 2972 2929
f 2964 2973 2924
f 2973 2974 2924
f 2924 2974 2948
f 2959 2975 2909
f 2975 2976 2909
f 2909 2976 2819
f 2976 2977 2819
f 2819 2977 2970
f 2967 2978 2815
f 2978 2979 2815
f 2815 2979 2924
f 2979 2980 2924
f 2924 2980 2963
f 2981 2982 2924
f 2983 2984 2985
f 2986 2924 2909
f 2924 2928 2909
f 2909 2928 2914
f 2986 2987 2924
f 2987 2988 2924
f 2924 2988 2989
f 2989 2990 2924
f 2990 2991 2924
f 2924 2991 2981
f 2992 2985 2993
f 2985 2994 2993
f 2992 2995 2985
f 2995 2996 2985
f 2985 2996 2983
f 2997 2998 2999
f 2998 3000 2999
f 2999 3000 3001
f 3001 3002 2999
f 3002 3003 2999
f 2999 3003 2985
f 3003 3004 2985
f 2985 3004 2994
f 3005 3006 2909
f 3006 3007 2909
f 3008 3009 2909
f 3009 3010 2909
f 2909 3010 3011
f 3011 3012 2909
f 3012 3013 2909
f 2909 3013 2986
f 2982 3014 2924
f 3014 3015 2924
f 2924 3015 3016
f 3017 3018 2999
f 3019 3020 2999
f 3020 3021 2999
f 2999 3021 2997
f 2984 3022 2985
f 3022 3023 2985
f 2985 3023 3024
f 3007 3025 2909
f 3025 3026 2909
f 2909 3026 3008
f 3018 3027 2999
f 3027 3028 2999
f 2999 3028 3019
f 3016 3029 2924
f 3029 3030 2924
f 2924 3030 3031
f 3031 3032 2924
f 3032 3033 2924
f 2924 3033 3034
f 3024 3035 2985
f 3035 3036 2985
f 2985 3036 3037
f 3037 3038 2985
f 3038 3039 2985
f 2985 3039 3040
f 3041 2909 3042
f 2909 3043 3042
f 3041 3044 2909
f 3044 3045 2909
f 2909 3045 3005
f 3040 3046 2985
f 3046 3047 2985
f 2985 3047 2909
f 3047 3048 2909
f 2909 3048 3043
f 3034 3049 2924
f 3049 3050 2924
f 2924 3050 2999
f 3050 3051 2999
f 2999 3051 3052
f 3052 3053 2999
f 3053 3054 2999
f 2999 3054 3017
f 3055 3056 3057
f 3058 3059 2999
f 3060 3061 2985
f 3062 3057 3063
f 3057 3064 3063
f 3062 3065 3057
f 3065 3066 3057
f 3057 3066 3055
f 3067 3068 2999
f 3069 3070 3071
f 3070 3072 3071
f 3071 3072 3073
f 3073 3074 3071
f 3074 3075 3071
f 3071 3075 3057
f 3075 3076 3057
f 3057 3076 3064
f 3077 3078 2985
f 3078 3079 2985
f 3061 3080 2985
f 3080 3081 2985
f 2985 3081 3082
f 3082 3083 2985
f 3083 3084 2985
f 2985 3084 2999
f 3084 3085 2999
f 2999 3085 3067
f 3068 3086 2999
f 3086 3087 2999
f 2999 3087 3058
f 3056 3088 3057
f 3088 3089 3057
f 3057 3089 3090
f 3079 3091 2985
f 3091 3092 2985
f 2985 3092 3060
f 3059 3093 2999
f 3093 3094 2999
f 2999 3094 3095
f 3096 3097 3071
f 3097 3098 3071
f 3071 3098 3069
f 3099 3100 3071
f 3090 3101 3057
f 3101 3102 3057
f 3057 3102 3103
f 3100 3104 3071
f 3104 3105 3071
f 3071 3105 3096
f 3103 3106 3057
f 3106 3107 3057
f 3057 3107 3108
f 3109 3110 3071
f 3110 3111 3071
f 3071 3111 3099
f 3095 3112 2999
f 3112 3113 2999
f 2999 3113 3114
f 3115 3116 2999
f 3116 3117 2999
f 2999 3117 3071
f 3117 3118 3071
f 3071 3118 3109
f 3119 2985 3120
f 2985 3121 3120
f 3119 3122 2985
f 3122 3123 2985
f 2985 3123 3077
f 3114 3124 2999
f 3124 3125 2999
f 2999 3125 3115
f 3108 3126 3057
f 3126 3127 3057
f 3057 3127 2985
f 3127 3128 2985
f 2985 3128 3121
f 3129 3130 3131
f 3132 3133 3071
f 3134 3135 3057
f 3136 3137 3131
f 3137 3138 3131
f 3131 3138 3139
f 3139 3140 3131
f 3140 3141 3131
f 3131 3141 3129
f 3142 3143 3071
f 3144 3145 3146
f 3145 3147 3146
f 3147 3148 3146
f 3148 3149 3146
f 3146 3149 3150
f 3151 3152 3057
f 3152 3153 3057
f 3135 3154 3057
f 3154 3155 3057
f 3057 3155 3156
f 3156 3157 3057
f 3157 3158 3057
f 3057 3158 3071
f 3158 3159 3071
f 3071 3159 3142
f 3143 3160 3071
f 3160 3161 3071
f 3071 3161 3132
f 3133 3162 3071
f 3162 3163 3071
f 3071 3163 3164
f 3130 3165 3131
f 3165 3166 3131
f 3131 3166 3167
f 3153 3168 3057
f 3168 3169 3057
f 3057 3169 3134
f 3170 3171 3146
f 3171 3172 3146
f 3146 3172 3173
f 3173 3174 3146
f 3174 3175 3146
f 3146 3175 3144
f 3167 3176 3131
f 3176 3177 3131
f 3131 3177 3178
f 3178 3179 3131
f 3179 3180 3131
f 3131 3180 3181
f 3164 3182 3071
f 3182 3183 3071
f 3071 3183 3184
f 3146 3185 3186
f 3184 3187 3071
f 3187 3188 3071
f 3071 3188 3189
f 3190 3057 3191
f 3057 3192 3191
f 3190 3193 3057
f 3193 3194 3057
f 3057 3194 3151
f 3186 3195 3146
f 3195 3196 3146
f 3146 3196 3170
f 3181 3197 3131
f 3197 3198 3131
f 3131 3198 3057
f 3198 3199 3057
f 3057 3199 3192
f 3189 3200 3071
f 3200 3201 3071
f 3071 3201 3146
f 3201 3202 3146
f 3146 3202 3185
f 3203 3204 3146
f 3205 3206 2793
f 3207 3146 3131
f 3146 3150 3131
f 3131 3150 3136
f 3207 3208 3146
f 3208 3209 3146
f 3146 3209 3210
f 3210 3211 3146
f 3211 3212 3146
f 3146 3212 3203
f 3213 2793 3214
f 2793 3215 3214
f 3213 3216 2793
f 3216 3217 2793
f 2793 3217 3205
f 3218 3219 2792
f 3219 3220 2792
f 2792 3220 3221
f 3221 3222 2792
f 3222 3223 2792
f 2792 3223 2793
f 3223 3224 2793
f 2793 3224 3215
f 3225 3226 3131
f 3226 3227 3131
f 3228 3229 3131
f 3229 3230 3131
f 3131 3230 3231
f 3231 3232 3131
f 3232 3233 3131
f 3131 3233 3207
f 3204 3234 3146
f 3234 3235 3146
f 3146 3235 3236
f 3237 3238 2792
f 3239 3240 2792
f 3240 3241 2792
f 2792 3241 3218
f 3206 3242 2793
f 3242 3243 2793
f 2793 3243 3244
f 3227 3245 3131
f 3245 3246 3131
f 3131 3246 3228
f 3238 3247 2792
f 3247 3248 2792
f 2792 3248 3239
f 3236 3249 3146
f 3249 3250 3146
f 3146 3250 3251
f 3251 3252 3146
f 3252 3253 3146
f 3146 3253 3254
f 3244 3255 2793
f 3255 3256 2793
f 2793 3256 3257
f 3257 3258 2793
f 3258 3259 2793
f 2793 3259 3260
f 3261 3131 3262
f 3131 3263 3262
f 3261 3264 3131
f 3264 3265 3131
f 3131 3265 3225
f 3254 3266 3146
f 3266 3267 3146
f 3146 3267 2792
f 3267 3268 2792
f 2792 3268 3269
f 3269 3270 2792
f 3270 3271 2792
f 2792 3271 3237
f 3260 3272 2793
f 3272 3273 2793
f 2793 3273 3131
f 3273 3274 3131
f 3131 3274 3263
f 2832 3275 2819
f 3275 3276 2819
f 2819 3276 2909
f 3276 3277 2909
f 2909 3277 2985
f 3277 3278 2985
f 2985 3278 3057
f 3278 3279 3057
f 3057 3279 3131
f 3279 3280 3131
f 3131 3280 2793
f 3280 3281 2793
f 2793 3281 2794
f 3281 3282 2794
f 2717 3283 2718
f 3283 3284 2718
f 2123 3285 2679
f 3285 3286 2679
f 2679 3286 2678
f 3286 3287 2678
f 2678 3287 2677
f 3287 3288 2677
f 2677 3288 2676
f 3288 3289 2676
f 2676 3289 2675
f 3289 3290 2675
f 2675 3290 2674
f 3290 3291 2674
f 2674 3291 2222
f 3291 3292 2222
f 2222 3292 2221
f 3292 3293 2221
f 3294 3295 2694
f 3295 3296 2694
f 2694 3296 698
f 2687 2686 3297
f 2686 3298 3297
f 3297 3298 3299
f 3298 3300 3299
f 3299 3300 3301
f 3300 3302 3301
f 3301 3302 3303
f 3302 3304 3303
f 3303 3304 3305
f 3304 3306 3305
f 3305 3306 3307
f 3306 3308 3307
f 3307 3308 3309
f 3308 3310 3309
f 3309 3310 3311
f 3310 3312 3311
f 3311 3312 3313
f 3312 3314 3313
f 3313 3314 3315
f 3314 3316 3315
f 3315 3316 3317
f 3316 3318 3317
f 3317 3318 3319
f 3318 3320 3319
f 3319 3320 3321
f 3320 3322 3321
f 3321 3322 3323
f 3322 3324 3323
f 3323 3324 3325
f 3324 3326 3325
f 3325 3326 3327
f 3326 3328 3327
f 3327 3328 3329
f 3328 3330 3329
f 3329 3330 3331
f 3330 3332 3331
f 3331 3332 3333
f 3332 3334 3333
f 3333 3334 3335
f 3334 3336 3335
f 3335 3336 3337
f 3336 3338 3337
f 3337 3338 3339
f 3338 3340 3339
f 3339 3340 3341
f 3340 3342 3341
f 3341 3342 3343
f 3342 3344 3343
f 3343 3344 3345
f 3344 3346 3345
f 3345 3346 3347
f 3346 3348 3347
f 3347 3348 3349
f 3348 3350 3349
f 3349 3350 3351
f 3350 3352 3351
f 3351 3352 3353
f 3352 3354 3353
f 3353 3354 3355
f 3354 3356 3355
f 3355 3356 3357
f 3356 3358 3357
f 3357 3358 3359
f 3358 3360 3359
f 3359 3360 3361
f 3360 3362 3361
f 3361 3362 3363
f 3362 3364 3363
f 3363 3364 3365
f 3364 3366 3365
f 3365 3366 3367
f 3366 3368 3367
f 3369 3370 3371
f 3372 3373 3371
f 3373 3374 3371
f 3374 3375 3371
f 3375 3376 3371
f 3371 3376 3377
f 3378 3379 3380
f 3379 3381 3380
f 3380 3381 3382
f 3381 3383 3382
f 3382 3383 3384
f 3383 3385 3384
f 3384 3385 3386
f 3385 3387 3386
f 3386 3387 3388
f 3387 3389 3388
f 3388 3389 3390
f 3389 3391 3390
f 3390 3391 3392
f 3391 3393 3392
f 3392 3393 3371
f 3393 3394 3371
f 3371 3394 3372
f 3377 3395 3371
f 3395 3396 3371
f 3371 3396 3369
f 3397 3398 3399
f 3398 3400 3399
f 1601 1603 3401
f 1603 3402 3401
f 3401 3402 3403
f 3402 3404 3403
f 3403 3404 3405
f 3404 3406 3405
f 3405 3406 3407
f 3406 3408 3407
f 3407 3408 3409
f 3408 3410 3409
f 3409 3410 3411
f 3410 3412 3411
f 3411 3412 3413
f 3412 3414 3413
f 3413 3414 3415
f 3414 3416 3415
f 3415 3416 3417
f 3416 3418 3417
f 3417 3418 3419
f 3418 3420 3419
f 3419 3420 3421
f 3420 3422 3421
f 3421 3422 3423
f 3422 3424 3423
f 3423 3424 3425
f 3424 3426 3425
f 3425 3426 3427
f 3426 3428 3427
f 3427 3428 3429
f 3428 3430 3429
f 3429 3430 3431
f 3430 3432 3431
f 3431 3432 3433
f 3432 3434 3433
f 3433 3434 3435
f 3434 3436 3435
f 3435 3436 3437
f 3436 3438 3437
f 3437 3438 3439
f 3438 3440 3439
f 3439 3440 3441
f 3440 3442 3441
f 3441 3442 3443
f 3442 3444 3443
f 3443 3444 3445
f 3444 3446 3445
f 3445 3446 3447
f 3446 3448 3447
f 3447 3448 3449
f 3448 3450 3449
f 3449 3450 3451
f 3450 3452 3451
f 3451 3452 3453
f 3452 3454 3453
f 3453 3454 3455
f 3454 3456 3455
f 3455 3456 3457
f 3456 3458 3457
f 3457 3458 3459
f 3458 3460 3459
f 3459 3460 3461
f 3460 3462 3461
f 3461 3462 3463
f 3462 3464 3463
f 3463 3464 3465
f 3464 3466 3465
f 3465 3466 3467
f 3466 3468 3467
f 3467 3468 3469
f 3468 3470 3469
f 3469 3470 1597
f 3470 1598 1597
f 2136 2236 3471
f 2236 3472 3471
f 3473 3474 3475
f 3474 3476 3475
f 3475 3476 3477
f 3371 3478 3479
f 3478 3475 3479
f 3479 3475 3480
f 3477 3481 3475
f 3481 3482 3475
f 3475 3482 3483
f 3483 3484 3475
f 3484 3485 3475
f 3475 3485 3480
f 2708 2706 3486
f 2706 3487 3486
f 3486 3487 3488
f 3487 3489 3488
f 3488 3489 3490
f 3489 3491 3490
f 3490 3491 3492
f 3491 3493 3492
f 3492 3493 3494
f 3493 3495 3494
f 3494 3495 3496
f 3495 3497 3496
f 3496 3497 3498
f 3497 3499 3498
f 3498 3499 3500
f 3499 3501 3500
f 3500 3501 3502
f 3501 3503 3502
f 3502 3503 3504
f 3503 3505 3504
f 3504 3505 3506
f 3505 3507 3506
f 3506 3507 3508
f 3507 3509 3508
f 3508 3509 3510
f 3509 3511 3510
f 3510 3511 3512
f 3511 3513 3512
f 3512 3513 3514
f 3513 3515 3514
f 3514 3515 3516
f 3515 3517 3516
f 3516 3517 3518
f 3517 3519 3518
f 3518 3519 2711
f 3519 2709 2711
f 3520 3521 3522
f 3521 3523 3522
f 1610 3524 1612
f 3524 3525 1612
f 2841 177 2832
f 177 179 2832
f 2832 179 3275
f 179 644 3275
f 3397 3399 3526
f 3397 3526 3527
f 3526 3528 3527
f 3527 3528 3529
f 3528 3530 3529
f 3529 3530 3531
f 3530 3532 3531
f 3531 3532 3533
f 3532 3534 3533
f 3533 3534 3535
f 3534 3536 3535
f 3535 3536 3537
f 3536 3538 3537
f 3537 3538 3539
f 3538 3540 3539
f 3539 3540 3541
f 3540 3542 3541
f 3541 3542 3543
f 3542 3544 3543
f 3543 3544 3545
f 3544 3546 3545
f 3545 3546 3547
f 3546 3548 3547
f 3547 3548 3549
f 3548 3550 3549
f 3549 3550 3551
f 3550 3552 3551
f 3551 3552 3553
f 3552 3554 3553
f 3553 3554 3555
f 3554 3556 3555
f 3555 3556 3557
f 3556 3558 3557
f 3557 3558 3559
f 3558 3560 3559
f 3559 3560 3561
f 3562 3563 3564
f 3563 3565 3564
f 3566 3567 3568
f 3568 3569 3566
f 3569 3570 3566
f 3566 3570 3571
f 3572 3573 3574
f 3575 3576 3572
f 3577 3578 3579
f 3574 3580 3572
f 3580 3581 3572
f 3572 3581 3582
f 3583 3584 3585
f 3586 3587 3577
f 3587 3588 3577
f 3577 3588 3578
f 3579 3589 3577
f 3589 3590 3577
f 3577 3590 3591
f 3592 3593 3594
f 648 3594 3595
f 3596 3597 722
f 3584 3598 3585
f 3598 3599 3585
f 3585 3599 3600
f 3601 3602 722
f 3602 3603 722
f 722 3603 3604
f 3583 3585 3572
f 3585 3605 3572
f 3572 3605 3575
f 3576 3606 3572
f 3606 3607 3572
f 3572 3607 3608
f 3608 3609 3572
f 3609 3610 3572
f 3572 3610 3573
f 3611 3612 648
f 3612 3613 648
f 3614 3615 3616
f 3596 722 3617
f 3597 3618 722
f 3618 3619 722
f 722 3619 3601
f 646 3620 648
f 3620 3621 648
f 648 3621 3611
f 3613 3622 648
f 3622 3623 648
f 648 3623 3624
f 3593 3625 3594
f 3625 3616 3594
f 3594 3616 3626
f 3616 3615 3626
f 3595 3627 648
f 3627 3628 648
f 648 3628 3629
f 3629 3630 648
f 3630 3631 648
f 648 3631 3632
f 3582 3633 3572
f 3633 3634 3572
f 3572 3634 3635
f 3634 3577 3635
f 3635 3577 3636
f 3577 3591 3636
f 3567 3566 3637
f 3566 3638 3637
f 3637 3638 3616
f 3638 3639 3616
f 3616 3639 3614
f 3640 3641 3604
f 3641 3642 3604
f 3604 3642 3643
f 3643 3644 3604
f 3644 3645 3604
f 3604 3645 3646
f 3647 3648 3649
f 3648 3650 3649
f 3649 3650 3651
f 3652 3653 687
f 3653 3654 687
f 687 3654 646
f 3654 3655 646
f 646 3655 3620
f 3656 3657 3594
f 3657 3658 3594
f 3594 3658 3659
f 3660 3661 722
f 3661 3662 722
f 722 3662 3663
f 3663 3664 722
f 3664 3665 722
f 722 3665 3617
f 3651 3650 3666
f 3650 3667 3666
f 3666 3667 3604
f 3667 3668 3604
f 3604 3668 3640
f 3669 3670 3671
f 3672 3673 1591
f 3674 3675 3594
f 3675 3676 3594
f 3594 3676 3656
f 3659 3677 3594
f 3677 3678 3594
f 3594 3678 3592
f 2005 3679 3680
f 2005 3647 3681
f 3673 3682 1591
f 3682 3683 1591
f 1591 3683 3684
f 3632 3685 648
f 3685 3686 648
f 648 3686 3687
f 3688 3689 722
f 3689 3690 722
f 2012 3691 3692
f 2008 3693 2005
f 3693 3694 2005
f 2005 3694 3695
f 3695 3696 2005
f 3696 3697 2005
f 2005 3697 3679
f 3698 3699 3647
f 3699 3700 3647
f 3647 3700 3648
f 1577 3701 1575
f 3701 1573 1575
f 3702 1569 3701
f 1569 1571 3701
f 3701 1571 1573
f 3624 3703 648
f 3703 3704 648
f 648 3704 3705
f 3687 3706 648
f 3706 3707 648
f 648 3707 722
f 3707 3708 722
f 722 3708 3660
f 3577 3709 3586
f 3709 3710 3586
f 3586 3710 3711
f 3710 3712 3711
f 3711 3712 3713
f 3646 3714 3604
f 3714 3715 3604
f 3604 3715 3716
f 3713 3717 3711
f 3717 3718 3711
f 3711 3718 3719
f 3720 2042 3721
f 2042 722 3721
f 3721 722 3722
f 722 3690 3722
f 3723 3724 2026
f 3680 3725 2005
f 3725 3726 2005
f 2005 3726 3727
f 3728 3729 3647
f 3647 3730 3731
f 3732 3733 3647
f 3733 3734 3647
f 3647 3734 3698
f 3571 3735 3566
f 3735 3736 3566
f 3566 3736 3737
f 3736 3738 3737
f 3737 3738 3671
f 3738 3739 3671
f 3671 3739 3669
f 3670 3740 3671
f 3740 3741 3671
f 3671 3741 3742
f 3684 3743 1591
f 3743 3744 1591
f 1591 3744 1589
f 3744 3745 1589
f 1589 3745 1587
f 3745 1585 1587
f 1577 1579 3701
f 1579 1581 3701
f 3701 1581 3745
f 1581 1583 3745
f 3745 1583 1585
f 1563 1565 3702
f 1565 1567 3702
f 3702 1567 1569
f 3720 3746 2042
f 3746 3747 2042
f 2042 3747 2040
f 3747 3723 2040
f 2040 3723 2038
f 3727 3748 2005
f 3748 3749 2005
f 2005 3749 3750
f 3731 3751 3647
f 3751 3752 3647
f 3647 3752 3732
f 3681 3753 2005
f 3753 3754 2005
f 2005 3754 3755
f 3755 3756 2005
f 3756 3757 2005
f 2005 3757 3758
f 687 1557 3652
f 1557 1559 3652
f 3652 1559 3702
f 1559 1561 3702
f 3702 1561 1563
f 3705 3759 648
f 3759 3760 648
f 648 3760 3761
f 648 3762 3763
f 648 3763 3594
f 3763 3764 3594
f 3594 3764 3674
f 2026 2028 3723
f 2028 2030 3723
f 3723 2030 2032
f 2032 2034 3723
f 2034 2036 3723
f 3723 2036 2038
f 2018 2020 3724
f 3692 3765 2012
f 3765 3766 2012
f 2012 3766 3767
f 3767 3768 2012
f 3768 3769 2012
f 2012 3769 3770
f 3770 3771 2012
f 3771 3772 2012
f 2012 3772 3773
f 3773 3774 2012
f 3774 3775 2012
f 2012 3775 3776
f 3729 3777 3647
f 3777 3778 3647
f 3647 3778 3730
f 3758 3779 2005
f 3779 3780 2005
f 2005 3780 3781
f 3782 3783 1591
f 3783 3784 1591
f 1591 3784 3785
f 3671 1591 3786
f 1591 3787 3786
f 3788 3789 1591
f 3789 3790 1591
f 3790 3791 1591
f 3791 3792 1591
f 1591 3792 3793
f 3793 3794 1591
f 3794 3795 1591
f 1591 3795 3672
f 3761 3796 648
f 3796 3797 648
f 648 3797 3762
f 3691 2012 3798
f 2012 2014 3798
f 3798 2014 3724
f 2014 2016 3724
f 3724 2016 2018
f 2020 2022 3724
f 2022 2024 3724
f 3724 2024 2026
f 3693 3799 3800
f 3799 3585 3800
f 3800 3585 3801
f 3585 3600 3801
f 3750 3802 2005
f 3802 3803 2005
f 2005 3803 3804
f 3785 3805 1591
f 3805 3806 1591
f 1591 3806 3807
f 3808 3809 3810
f 3811 3812 722
f 2008 2010 3693
f 2010 2012 3693
f 3693 2012 3799
f 2012 3776 3799
f 3804 3813 2005
f 3813 3814 2005
f 2005 3814 3647
f 3814 3815 3647
f 3647 3815 3728
f 3781 3816 2005
f 3816 3817 2005
f 2005 3817 3818
f 3818 3819 2005
f 3819 3820 2005
f 2005 3820 1591
f 3820 3821 1591
f 3821 3822 1591
f 1591 3822 3823
f 3807 3824 1591
f 3824 3825 1591
f 1591 3825 3787
f 3742 3826 3671
f 3826 3827 3671
f 3671 3827 1591
f 3827 3828 1591
f 1591 3828 3788
f 3823 3829 1591
f 3829 3830 1591
f 1591 3830 3782
f 3719 3831 3711
f 3831 3832 3711
f 3711 3832 3808
f 3832 3833 3808
f 3808 3833 3809
f 3834 3835 722
f 3835 3836 722
f 3836 3837 722
f 722 3837 3811
f 3812 3838 722
f 3838 3839 722
f 722 3839 3840
f 3810 3841 3808
f 3841 3842 3808
f 3808 3842 3843
f 3840 3844 722
f 3844 3845 722
f 722 3845 3846
f 3846 3847 722
f 3847 3848 722
f 722 3848 3688
f 3716 3849 3604
f 3849 3850 3604
f 3604 3850 3851
f 3851 3852 3604
f 3852 3853 3604
f 3604 3853 722
f 3853 3808 722
f 722 3808 3834
f 3808 3843 3834
f 2041 721 2042
f 721 722 2042
f 158 2791 2812
f 158 2812 166
f 2812 2807 166
f 166 2807 169
f 2807 2809 169
f 169 2809 170
f 2809 2810 170
f 170 2810 171
f 2810 2808 171
f 171 2808 167
f 2808 2811 167
f 167 2811 168
f 2811 2798 168
f 168 2798 162
f 2798 2797 162
f 162 2797 163
f 2797 2806 163
f 163 2806 172
f 2806 2805 172
f 172 2805 173
f 2805 2804 173
f 173 2804 174
f 2804 2803 174
f 174 2803 175
f 2803 2802 175
f 175 2802 176
f 2802 2801 176
f 176 2801 160
f 2801 2800 160
f 160 2800 161
f 2800 2799 161
f 161 2799 164
f 2799 2796 164
f 164 2796 165
f 2796 2795 165
f 165 2795 159
f 3854 3855 3856
f 3855 3857 3856
f 3858 3859 3860
f 3859 3861 3860
f 3746 3862 3747
f 3862 3863 3747
f 3747 3863 3723
f 3863 3864 3723
f 3723 3864 3724
f 3864 3865 3724
f 3724 3865 3798
f 3865 3866 3798
f 3798 3866 3691
f 3866 3867 3691
f 3691 3867 3692
f 3867 3868 3692
f 3692 3868 3765
f 3868 3869 3765
f 3765 3869 3766
f 3869 3870 3766
f 3766 3870 3767
f 3870 3871 3767
f 3767 3871 3768
f 3871 3872 3768
f 3768 3872 3769
f 3872 3873 3769
f 3769 3873 3770
f 3873 3874 3770
f 3770 3874 3771
f 3874 3875 3771
f 3771 3875 3772
f 3875 3876 3772
f 3772 3876 3773
f 3876 3877 3773
f 3773 3877 3774
f 3877 3878 3774
f 3774 3878 3775
f 3878 3879 3775
f 3775 3879 3776
f 3879 3880 3776
f 3776 3880 3799
f 3880 3881 3799
f 3799 3881 3585
f 3881 3882 3585
f 3585 3882 3605
f 3882 3883 3605
f 3605 3883 3575
f 3883 3884 3575
f 3575 3884 3576
f 3884 3885 3576
f 3576 3885 3606
f 3885 3886 3606
f 3606 3886 3607
f 3886 3887 3607
f 3607 3887 3608
f 3887 3888 3608
f 3608 3888 3609
f 3888 3889 3609
f 3609 3889 3610
f 3889 3890 3610
f 3610 3890 3573
f 3890 3891 3573
f 3573 3891 3574
f 3891 3892 3574
f 3574 3892 3580
f 3892 3893 3580
f 3580 3893 3581
f 3893 3894 3581
f 3581 3894 3582
f 3894 3895 3582
f 3582 3895 3633
f 3895 3896 3633
f 3633 3896 3634
f 3896 3897 3634
f 3634 3897 3577
f 3897 3898 3577
f 3577 3898 3709
f 3898 3899 3709
f 3709 3899 3710
f 3899 3900 3710
f 3710 3900 3712
f 3900 3901 3712
f 3712 3901 3713
f 3901 3902 3713
f 3713 3902 3717
f 3902 3903 3717
f 3717 3903 3718
f 3903 3904 3718
f 3718 3904 3719
f 3904 3905 3719
f 3719 3905 3831
f 3905 3906 3831
f 3831 3906 3832
f 3906 3907 3832
f 3832 3907 3833
f 3907 3908 3833
f 3833 3908 3809
f 3908 3909 3809
f 3809 3909 3810
f 3909 3910 3810
f 3810 3910 3841
f 3910 3911 3841
f 3841 3911 3842
f 3911 3912 3842
f 3842 3912 3843
f 3912 3913 3843
f 3843 3913 3834
f 3913 3914 3834
f 3834 3914 3835
f 3914 3915 3835
f 3835 3915 3836
f 3915 3916 3836
f 3836 3916 3837
f 3916 3917 3837
f 3837 3917 3811
f 3917 3918 3811
f 3811 3918 3812
f 3918 3919 3812
f 3812 3919 3838
f 3919 3920 3838
f 3838 3920 3839
f 3920 3921 3839
f 3839 3921 3840
f 3921 3922 3840
f 3840 3922 3844
f 3922 3923 3844
f 3844 3923 3845
f 3923 3924 3845
f 3845 3924 3846
f 3924 3925 3846
f 3846 3925 3847
f 3925 3926 3847
f 3847 3926 3848
f 3926 3927 3848
f 3848 3927 3688
f 3927 3928 3688
f 3688 3928 3689
f 3928 3929 3689
f 3689 3929 3690
f 3929 3930 3690
f 3690 3930 3722
f 3930 3931 3722
f 3722 3931 3721
f 3931 3932 3721
f 3721 3932 3720
f 3932 3933 3720
f 3720 3933 3746
f 3933 3862 3746
f 3934 3935 3936
f 3935 3937 3936
f 3936 3937 3938
f 3937 3939 3938
f 3938 3939 3940
f 3939 3941 3940
f 3940 3941 3942
f 3941 3943 3942
f 3942 3943 3944
f 3943 3945 3944
f 3944 3945 3946
f 3945 3947 3946
f 3946 3947 3948
f 3947 3949 3948
f 3948 3949 3950
f 3949 3951 3950
f 3950 3951 3952
f 3951 3953 3952
f 3952 3953 3954
f 3953 3955 3954
f 1590 2006 1591
f 2006 2005 1591
f 1766 3956 1768
f 3956 3957 1768
f 3567 3958 3568
f 3958 3959 3568
f 3568 3959 3569
f 3959 3960 3569
f 3569 3960 3570
f 3960 3961 3570
f 3570 3961 3571
f 3961 3962 3571
f 3571 3962 3735
f 3962 3963 3735
f 3735 3963 3736
f 3963 3964 3736
f 3736 3964 3738
f 3964 3965 3738
f 3738 3965 3739
f 3965 3966 3739
f 3739 3966 3669
f 3966 3967 3669
f 3669 3967 3670
f 3967 3968 3670
f 3670 3968 3740
f 3968 3969 3740
f 3740 3969 3741
f 3969 3970 3741
f 3741 3970 3742
f 3970 3971 3742
f 3742 3971 3826
f 3971 3972 3826
f 3826 3972 3827
f 3972 3973 3827
f 3827 3973 3828
f 3973 3974 3828
f 3828 3974 3788
f 3974 3975 3788
f 3788 3975 3789
f 3975 3976 3789
f 3789 3976 3790
f 3976 3977 3790
f 3790 3977 3791
f 3977 3978 3791
f 3791 3978 3792
f 3978 3979 3792
f 3792 3979 3793
f 3979 3980 3793
f 3793 3980 3794
f 3980 3981 3794
f 3794 3981 3795
f 3981 3982 3795
f 3795 3982 3672
f 3982 3983 3672
f 3672 3983 3673
f 3983 3984 3673
f 3673 3984 3682
f 3984 3985 3682
f 3682 3985 3683
f 3985 3986 3683
f 3683 3986 3684
f 3986 3987 3684
f 3684 3987 3743
f 3987 3988 3743
f 3743 3988 3744
f 3988 3989 3744
f 3744 3989 3745
f 3989 3990 3745
f 3745 3990 3701
f 3990 3991 3701
f 3701 3991 3702
f 3991 3992 3702
f 3702 3992 3652
f 3992 3993 3652
f 3652 3993 3653
f 3993 3994 3653
f 3653 3994 3654
f 3994 3995 3654
f 3654 3995 3655
f 3995 3996 3655
f 3655 3996 3620
f 3996 3997 3620
f 3620 3997 3621
f 3997 3998 3621
f 3621 3998 3611
f 3998 3999 3611
f 3611 3999 3612
f 3999 4000 3612
f 3612 4000 3613
f 4000 4001 3613
f 3613 4001 3622
f 4001 4002 3622
f 3622 4002 3623
f 4002 4003 3623
f 3623 4003 3624
f 4003 4004 3624
f 3624 4004 3703
f 4004 4005 3703
f 3703 4005 3704
f 4005 4006 3704
f 3704 4006 3705
f 4006 4007 3705
f 3705 4007 3759
f 4007 4008 3759
f 3759 4008 3760
f 4008 4009 3760
f 3760 4009 3761
f 4009 4010 3761
f 3761 4010 3796
f 4010 4011 3796
f 3796 4011 3797
f 4011 4012 3797
f 3797 4012 3762
f 4012 4013 3762
f 3762 4013 3763
f 4013 4014 3763
f 3763 4014 3764
f 4014 4015 3764
f 3764 4015 3674
f 4015 4016 3674
f 3674 4016 3675
f 4016 4017 3675
f 3675 4017 3676
f 4017 4018 3676
f 3676 4018 3656
f 4018 4019 3656
f 3656 4019 3657
f 4019 4020 3657
f 3657 4020 3658
f 4020 4021 3658
f 3658 4021 3659
f 4021 4022 3659
f 3659 4022 3677
f 4022 4023 3677
f 3677 4023 3678
f 4023 4024 3678
f 3678 4024 3592
f 4024 4025 3592
f 3592 4025 3593
f 4025 4026 3593
f 3593 4026 3625
f 4026 4027 3625
f 3625 4027 3616
f 4027 4028 3616
f 3616 4028 3637
f 4028 4029 3637
f 3637 4029 3567
f 4029 3958 3567
f 1071 1062 909
f 1062 813 909
f 3367 3368 3861
f 3368 3860 3861
f 4030 3379 4031
f 3379 3378 4031
f 3957 3956 1762
f 3956 1761 1762
f 1201 1147 826
f 1147 802 826
f 4032 4033 801
f 4033 800 801
f 3651 4034 3649
f 4034 4035 3649
f 3649 4035 3647
f 4035 4036 3647
f 3647 4036 3681
f 4036 4037 3681
f 3681 4037 3753
f 4037 4038 3753
f 3753 4038 3754
f 4038 4039 3754
f 3754 4039 3755
f 4039 4040 3755
f 3755 4040 3756
f 4040 4041 3756
f 3756 4041 3757
f 4041 4042 3757
f 3757 4042 3758
f 4042 4043 3758
f 3758 4043 3779
f 4043 4044 3779
f 3779 4044 3780
f 4044 4045 3780
f 3780 4045 3781
f 4045 4046 3781
f 3781 4046 3816
f 4046 4047 3816
f 3816 4047 3817
f 4047 4048 3817
f 3817 4048 3818
f 4048 4049 3818
f 3818 4049 3819
f 4049 4050 3819
f 3819 4050 3820
f 4050 4051 3820
f 3820 4051 3821
f 4051 4052 3821
f 3821 4052 3822
f 4052 4053 3822
f 3822 4053 3823
f 4053 4054 3823
f 3823 4054 3829
f 4054 4055 3829
f 3829 4055 3830
f 4055 4056 3830
f 3830 4056 3782
f 4056 4057 3782
f 3782 4057 3783
f 4057 4058 3783
f 3783 4058 3784
f 4058 4059 3784
f 3784 4059 3785
f 4059 4060 3785
f 3785 4060 3805
f 4060 4061 3805
f 3805 4061 3806
f 4061 4062 3806
f 3806 4062 3807
f 4062 4063 3807
f 3807 4063 3824
f 4063 4064 3824
f 3824 4064 3825
f 4064 4065 3825
f 3825 4065 3787
f 4065 4066 3787
f 3787 4066 3786
f 4066 4067 3786
f 3786 4067 3671
f 4067 4068 3671
f 3671 4068 3737
f 4068 4069 3737
f 3737 4069 3566
f 4069 4070 3566
f 3566 4070 3638
f 4070 4071 3638
f 3638 4071 3639
f 4071 4072 3639
f 3639 4072 3614
f 4072 4073 3614
f 3614 4073 3615
f 4073 4074 3615
f 3615 4074 3626
f 4074 4075 3626
f 3626 4075 3594
f 4075 4076 3594
f 3594 4076 3595
f 4076 4077 3595
f 3595 4077 3627
f 4077 4078 3627
f 3627 4078 3628
f 4078 4079 3628
f 3628 4079 3629
f 4079 4080 3629
f 3629 4080 3630
f 4080 4081 3630
f 3630 4081 3631
f 4081 4082 3631
f 3631 4082 3632
f 4082 4083 3632
f 3632 4083 3685
f 4083 4084 3685
f 3685 4084 3686
f 4084 4085 3686
f 3686 4085 3687
f 4085 4086 3687
f 3687 4086 3706
f 4086 4087 3706
f 3706 4087 3707
f 4087 4088 3707
f 3707 4088 3708
f 4088 4089 3708
f 3708 4089 3660
f 4089 4090 3660
f 3660 4090 3661
f 4090 4091 3661
f 3661 4091 3662
f 4091 4092 3662
f 3662 4092 3663
f 4092 4093 3663
f 3663 4093 3664
f 4093 4094 3664
f 3664 4094 3665
f 4094 4095 3665
f 3665 4095 3617
f 4095 4096 3617
f 3617 4096 3596
f 4096 4097 3596
f 3596 4097 3597
f 4097 4098 3597
f 3597 4098 3618
f 4098 4099 3618
f 3618 4099 3619
f 4099 4100 3619
f 3619 4100 3601
f 4100 4101 3601
f 3601 4101 3602
f 4101 4102 3602
f 3602 4102 3603
f 4102 4103 3603
f 3603 4103 3604
f 4103 4104 3604
f 3604 4104 3666
f 4104 4105 3666
f 3666 4105 3651
f 4105 4034 3651
f 839 807 1191
f 807 1166 1191
f 3283 3859 3284
f 3859 3858 3284
f 3801 4106 3800
f 4106 4107 3800
f 3800 4107 3693
f 4107 4108 3693
f 3693 4108 3694
f 4108 4109 3694
f 3694 4109 3695
f 4109 4110 3695
f 3695 4110 3696
f 4110 4111 3696
f 3696 4111 3697
f 4111 4112 3697
f 3697 4112 3679
f 4112 4113 3679
f 3679 4113 3680
f 4113 4114 3680
f 3680 4114 3725
f 4114 4115 3725
f 3725 4115 3726
f 4115 4116 3726
f 3726 4116 3727
f 4116 4117 3727
f 3727 4117 3748
f 4117 4118 3748
f 3748 4118 3749
f 4118 4119 3749
f 3749 4119 3750
f 4119 4120 3750
f 3750 4120 3802
f 4120 4121 3802
f 3802 4121 3803
f 4121 4122 3803
f 3803 4122 3804
f 4122 4123 3804
f 3804 4123 3813
f 4123 4124 3813
f 3813 4124 3814
f 4124 4125 3814
f 3814 4125 3815
f 4125 4126 3815
f 3815 4126 3728
f 4126 4127 3728
f 3728 4127 3729
f 4127 4128 3729
f 3729 4128 3777
f 4128 4129 3777
f 3777 4129 3778
f 4129 4130 3778
f 3778 4130 3730
f 4130 4131 3730
f 3730 4131 3731
f 4131 4132 3731
f 3731 4132 3751
f 4132 4133 3751
f 3751 4133 3752
f 4133 4134 3752
f 3752 4134 3732
f 4134 4135 3732
f 3732 4135 3733
f 4135 4136 3733
f 3733 4136 3734
f 4136 4137 3734
f 3734 4137 3698
f 4137 4138 3698
f 3698 4138 3699
f 4138 4139 3699
f 3699 4139 3700
f 4139 4140 3700
f 3700 4140 3648
f 4140 4141 3648
f 3648 4141 3650
f 4141 4142 3650
f 3650 4142 3667
f 4142 4143 3667
f 3667 4143 3668
f 4143 4144 3668
f 3668 4144 3640
f 4144 4145 3640
f 3640 4145 3641
f 4145 4146 3641
f 3641 4146 3642
f 4146 4147 3642
f 3642 4147 3643
f 4147 4148 3643
f 3643 4148 3644
f 4148 4149 3644
f 3644 4149 3645
f 4149 4150 3645
f 3645 4150 3646
f 4150 4151 3646
f 3646 4151 3714
f 4151 4152 3714
f 3714 4152 3715
f 4152 4153 3715
f 3715 4153 3716
f 4153 4154 3716
f 3716 4154 3849
f 4154 4155 3849
f 3849 4155 3850
f 4155 4156 3850
f 3850 4156 3851
f 4156 4157 3851
f 3851 4157 3852
f 4157 4158 3852
f 3852 4158 3853
f 4158 4159 3853
f 3853 4159 3808
f 4159 4160 3808
f 3808 4160 3711
f 4160 4161 3711
f 3711 4161 3586
f 4161 4162 3586
f 3586 4162 3587
f 4162 4163 3587
f 3587 4163 3588
f 4163 4164 3588
f 3588 4164 3578
f 4164 4165 3578
f 3578 4165 3579
f 4165 4166 3579
f 3579 4166 3589
f 4166 4167 3589
f 3589 4167 3590
f 4167 4168 3590
f 3590 4168 3591
f 4168 4169 3591
f 3591 4169 3636
f 4169 4170 3636
f 3636 4170 3635
f 4170 4171 3635
f 3635 4171 3572
f 4171 4172 3572
f 3572 4172 3583
f 4172 4173 3583
f 3583 4173 3584
f 4173 4174 3584
f 3584 4174 3598
f 4174 4175 3598
f 3598 4175 3599
f 4175 4176 3599
f 3599 4176 3600
f 4176 4177 3600
f 3600 4177 3801
f 4177 4106 3801
f 4178 4179 4180
f 4179 4181 4180
f 177 2841 2855
f 177 2855 205
f 2855 2857 205
f 205 2857 204
f 2857 2874 204
f 204 2874 231
f 2874 2873 231
f 231 2873 232
f 2873 2872 232
f 232 2872 233
f 2872 2871 233
f 233 2871 234
f 2871 2870 234
f 234 2870 235
f 2870 2861 235
f 235 2861 203
f 2861 2860 203
f 203 2860 188
f 2860 2859 188
f 188 2859 189
f 2859 2858 189
f 189 2858 228
f 2858 2877 228
f 228 2877 229
f 2877 2876 229
f 229 2876 230
f 2876 2875 230
f 230 2875 244
f 2875 2886 244
f 244 2886 245
f 2886 2885 245
f 245 2885 246
f 2885 2884 246
f 246 2884 215
f 2884 2826 215
f 215 2826 187
f 3857 3855 4182
f 3855 4183 4182
f 4103 4102 721
f 4102 4101 721
f 4083 4082 3958
f 4087 4026 4025
f 3989 3988 1590
f 4082 4081 3958
f 4081 4080 3958
f 3958 4080 4079
f 3863 3862 2041
f 3862 3933 2041
f 2041 3933 721
f 721 4175 4174
f 4174 4173 721
f 4173 4172 721
f 721 4172 4171
f 4086 4085 3958
f 4085 4084 3958
f 3958 4084 4083
f 1590 4070 4069
f 3933 3932 721
f 3932 3931 721
f 721 3931 3930
f 4171 4170 721
f 4170 4169 721
f 721 4169 4168
f 4168 4167 721
f 4167 4166 721
f 721 4166 4165
f 3973 3972 4076
f 3972 3971 4076
f 4076 3971 3970
f 4079 4078 3958
f 4078 4077 3958
f 3958 4077 3959
f 4077 4076 3959
f 3959 4076 3960
f 4076 3961 3960
f 3958 4029 4086
f 4029 4028 4086
f 4086 4028 4087
f 4028 4027 4087
f 4087 4027 4026
f 4003 4002 647
f 4002 4001 647
f 647 4001 4000
f 4000 3999 647
f 3999 3998 647
f 647 3998 645
f 4156 4155 4034
f 4155 4154 4034
f 4034 4154 4153
f 4150 4149 4034
f 4149 4148 4034
f 4034 4148 4147
f 4147 4146 4034
f 4146 4145 4034
f 4034 4145 4144
f 4036 2006 4037
f 2006 4038 4037
f 3894 3893 4109
f 4165 4164 721
f 4164 4163 721
f 721 4163 4162
f 4162 4161 721
f 4161 4160 721
f 721 4160 4159
f 3970 3969 4076
f 3969 3968 4076
f 4076 3968 3967
f 1556 688 3993
f 688 3994 3993
f 1586 1584 3990
f 1584 1582 3990
f 3990 1582 3991
f 3988 3987 1590
f 3987 3986 1590
f 1590 3986 3985
f 3985 3984 1590
f 3984 3983 1590
f 1590 3983 3982
f 3973 4076 3974
f 4076 4075 3974
f 3974 4075 4074
f 4074 4073 3974
f 4073 4072 3974
f 3974 4072 4071
f 4153 4152 4034
f 4152 4151 4034
f 4034 4151 4150
f 3930 3929 721
f 3929 3928 721
f 721 3928 3927
f 3967 3966 4076
f 3966 3965 4076
f 4076 3965 3964
f 3964 3963 4076
f 3963 3962 4076
f 4076 3962 3961
f 4101 4100 721
f 4100 4099 721
f 721 4099 4098
f 4021 4020 721
f 4007 4006 647
f 3991 1570 1568
f 1582 1580 3991
f 1580 1578 3991
f 3991 1578 1576
f 3989 1590 3990
f 1590 1588 3990
f 3990 1588 1586
f 3982 3981 1590
f 3981 3980 1590
f 1590 3980 3979
f 3979 3978 1590
f 3978 3977 1590
f 1590 3977 3976
f 4103 721 4104
f 721 4159 4104
f 4104 4159 4105
f 4159 4158 4105
f 4105 4158 4034
f 4158 4157 4034
f 4034 4157 4156
f 4069 4068 1590
f 4068 4067 1590
f 1590 4067 4066
f 4144 4143 4034
f 4143 4142 4034
f 4034 4142 4035
f 4142 4141 4035
f 4035 4141 4036
f 4141 4140 4036
f 4112 2006 4113
f 2006 4114 4113
f 4109 3893 4110
f 3892 3891 4112
f 4098 4097 721
f 4097 4096 721
f 721 4096 4095
f 4095 4094 721
f 4094 4093 721
f 721 4093 4092
f 4006 4005 647
f 4005 4004 647
f 647 4004 4003
f 3998 3997 645
f 3997 3996 645
f 645 3996 688
f 3996 3995 688
f 688 3995 3994
f 1564 1562 3992
f 1562 1560 3992
f 3992 1560 3993
f 1560 1558 3993
f 3993 1558 1556
f 3991 1568 3992
f 1568 1566 3992
f 3992 1566 1564
f 1576 1574 3991
f 1574 1572 3991
f 3991 1572 1570
f 4044 4043 2006
f 4043 4042 2006
f 2006 4042 4041
f 4041 4040 2006
f 4040 4039 2006
f 2006 4039 4038
f 4140 4139 4036
f 4139 4138 4036
f 4036 4138 4137
f 4117 4116 2006
f 4116 4115 2006
f 2006 4115 4114
f 3903 4106 3904
f 4106 3905 3904
f 721 3921 3920
f 4020 4019 721
f 4019 4018 721
f 721 4018 4017
f 4066 4065 1590
f 4065 4064 1590
f 1590 4064 4063
f 4137 4136 4036
f 4136 4135 4036
f 4036 4135 4134
f 4036 4131 4130
f 3892 4112 3893
f 4112 4111 3893
f 3893 4111 4110
f 3896 3895 4107
f 3863 2041 3864
f 2041 2039 3864
f 3864 2039 2037
f 3927 3926 721
f 3926 3925 721
f 721 3925 3924
f 3924 3923 721
f 3923 3922 721
f 721 3922 3921
f 3920 3919 721
f 3919 3918 721
f 721 3918 3917
f 4092 4091 721
f 4091 4090 721
f 721 4090 4089
f 4024 4023 721
f 4023 4022 721
f 721 4022 4021
f 3976 3975 1590
f 3975 3974 1590
f 1590 3974 4070
f 3974 4071 4070
f 4134 4133 4036
f 4133 4132 4036
f 4036 4132 4131
f 3912 3911 4106
f 3908 3907 4106
f 3907 3906 4106
f 4106 3906 3905
f 2037 2035 3864
f 2035 2033 3864
f 3864 2033 2031
f 2025 3865 2027
f 3865 3864 2027
f 2027 3864 2029
f 3864 2031 2029
f 4010 4009 647
f 4009 4008 647
f 647 4008 4007
f 4063 4062 1590
f 4062 4061 1590
f 1590 4061 4060
f 4060 4059 1590
f 4059 4058 1590
f 1590 4058 4057
f 4123 4122 2006
f 4122 4121 2006
f 2006 4121 4120
f 4120 4119 2006
f 4119 4118 2006
f 2006 4118 4117
f 3911 3910 4106
f 3910 3909 4106
f 4106 3909 3908
f 3894 4109 3895
f 4109 4108 3895
f 3895 4108 4107
f 3891 3890 4112
f 3890 3889 4112
f 4112 3889 3888
f 4089 4088 721
f 4088 4087 721
f 721 4087 4024
f 4087 4025 4024
f 4017 4016 721
f 4016 4015 721
f 721 4015 647
f 4015 4014 647
f 647 4014 4013
f 4013 4012 647
f 4012 4011 647
f 647 4011 4010
f 4050 4049 2006
f 4049 4048 2006
f 2006 4048 4047
f 4047 4046 2006
f 4046 4045 2006
f 2006 4045 4044
f 4176 3915 4177
f 3915 3914 4177
f 4177 3914 4106
f 3914 3913 4106
f 4106 3913 3912
f 3903 3902 4106
f 3902 3901 4106
f 4106 3901 3900
f 2011 2009 3866
f 2009 2007 3866
f 3866 2007 3867
f 2007 2006 3867
f 3867 2006 3868
f 3917 3916 721
f 3916 3915 721
f 721 3915 4175
f 3915 4176 4175
f 4112 3885 3884
f 3874 3873 2006
f 3873 3872 2006
f 2006 3872 3871
f 2025 2023 3865
f 2023 2021 3865
f 3865 2021 2019
f 4057 4056 1590
f 4056 4055 1590
f 1590 4055 4054
f 4130 4129 4036
f 4129 4128 4036
f 4036 4128 4127
f 4127 4126 4036
f 4126 4125 4036
f 4036 4125 2006
f 4125 4124 2006
f 2006 4124 4123
f 3900 3899 4106
f 3899 3898 4106
f 4106 3898 4107
f 3898 3897 4107
f 4107 3897 3896
f 3888 3887 4112
f 3887 3886 4112
f 4112 3886 3885
f 3880 3879 2006
f 3879 3878 2006
f 2006 3878 3877
f 3877 3876 2006
f 3876 3875 2006
f 2006 3875 3874
f 3871 3870 2006
f 3870 3869 2006
f 2006 3869 3868
f 2019 2017 3865
f 2017 2015 3865
f 3865 2015 3866
f 2015 2013 3866
f 3866 2013 2011
f 4054 4053 1590
f 4053 4052 1590
f 1590 4052 2006
f 4052 4051 2006
f 2006 4051 4050
f 3884 3883 4112
f 3883 3882 4112
f 4112 3882 2006
f 3882 3881 2006
f 2006 3881 3880
f 3525 3524 4184
f 3525 4184 4185
f 4184 4186 4185
f 4185 4186 4187
f 4186 4188 4187
f 4187 4188 4189
f 4188 4190 4189
f 4189 4190 4191
f 4190 4192 4191
f 4191 4192 4193
f 4192 4194 4193
f 4193 4194 4195
f 4194 4196 4195
f 4195 4196 4197
f 4196 4198 4197
f 4197 4198 4199
f 4198 4200 4199
f 4199 4200 4201
f 4200 4202 4201
f 4201 4202 4203
f 4202 4204 4203
f 4203 4204 4205
f 4204 4206 4205
f 4205 4206 4207
f 4206 4208 4207
f 4207 4208 4209
f 4208 4210 4209
f 4209 4210 4211
f 4210 4212 4211
f 4211 4212 4213
f 4212 4214 4213
f 4213 4214 4215
f 4214 4216 4215
f 4215 4216 4217
f 4216 3400 4217
f 4217 3400 3398
f 3564 3565 4218
f 3565 4219 4218
f 2705 2707 4220
f 2707 4221 4220
f 4220 4221 4222
f 4221 4223 4222
f 4222 4223 4224
f 4223 4225 4224
f 4224 4225 4226
f 4225 4227 4226
f 4226 4227 4228
f 4227 4229 4228
f 4228 4229 4230
f 4229 4231 4230
f 4230 4231 4232
f 4231 4233 4232
f 4232 4233 4234
f 4233 4235 4234
f 4234 4235 4236
f 4235 4237 4236
f 4236 4237 4238
f 4237 4239 4238
f 4238 4239 4240
f 4239 4241 4240
f 4240 4241 4242
f 4241 4243 4242
f 4242 4243 4244
f 4243 4245 4244
f 4244 4245 4246
f 4245 4247 4246
f 4246 4247 4248
f 4247 4249 4248
f 4248 4249 4250
f 4249 4251 4250
f 4250 4251 4252
f 4251 4253 4252
f 4252 4253 2715
f 4253 2713 2715
f 3522 3523 3562
f 3523 3563 3562
f 4254 1928 1929
f 1348 1327 4255
f 1348 4255 1929
f 4255 4256 1929
f 1929 4256 4254
f 2716 2714 4257
f 2714 4258 4257
f 4257 4258 4259
f 4258 4260 4259
f 4259 4260 4261
f 4260 4262 4261
f 4261 4262 4263
f 4262 4264 4263
f 4263 4264 4265
f 4264 4266 4265
f 4265 4266 4267
f 4266 4268 4267
f 4267 4268 4269
f 4268 4270 4269
f 4269 4270 4271
f 4270 4272 4271
f 4271 4272 4273
f 4272 4274 4273
f 4273 4274 4275
f 4274 4276 4275
f 4275 4276 4277
f 4276 4278 4277
f 4277 4278 4279
f 4278 4280 4279
f 4279 4280 4281
f 4280 4282 4281
f 4281 4282 4283
f 4282 4284 4283
f 4283 4284 4285
f 4284 4286 4285
f 4285 4286 4287
f 4286 4288 4287
f 4287 4288 4289
f 4288 4290 4289
f 4289 4290 2684
f 4290 2682 2684
f 4291 4292 3520
f 4292 3521 3520
f 187 2826 200
f 2826 2815 200
f 200 2815 511
f 2815 2924 511
f 511 2924 447
f 2924 2999 447
f 447 2999 373
f 2999 3071 373
f 373 3071 287
f 3071 3146 287
f 287 3146 157
f 3146 2792 157
f 157 2792 158
f 2792 2791 158
f 1929 1960 1348
f 1960 1436 1348
f 4293 4294 2699
f 3472 4295 3471
f 4295 4296 3471
f 3471 4296 4297
f 4296 4298 4297
f 4299 4300 3285
f 4300 4301 3285
f 3285 4301 4302
f 4302 4303 3285
f 4303 4304 3285
f 3285 4304 4305
f 4306 4307 3285
f 4307 4308 3285
f 3285 4308 4299
f 4306 4309 4307
f 4309 4310 4307
f 4307 4310 4311
f 4310 4312 4311
f 4313 4314 3293
f 4314 4315 3293
f 4316 4317 4318
f 4315 4319 3293
f 4319 4316 3293
f 3293 4316 4320
f 4316 4321 4320
f 4318 4322 4316
f 4322 4323 4316
f 4316 4323 4324
f 4324 4325 4316
f 4325 4326 4316
f 4316 4326 4321
f 4327 4328 2700
f 4328 4329 2700
f 4329 4330 2700
f 2700 4330 4331
f 4332 4333 4334
f 4333 4335 4334
f 4334 4335 4336
f 4337 4338 4339
f 4338 4340 4339
f 4339 4340 4341
f 4336 4342 4334
f 4342 4343 4334
f 4334 4343 4344
f 4341 4345 4339
f 4345 4346 4339
f 4339 4346 4347
f 2699 4294 2700
f 4294 4348 2700
f 2700 4348 4349
f 4350 4351 4332
f 4351 4352 4332
f 4332 4352 4333
f 4344 4353 4334
f 4353 4354 4334
f 4334 4354 4355
f 4355 4356 4334
f 4356 4357 4334
f 4334 4357 4358
f 4359 4360 4339
f 4349 4361 2700
f 4361 4362 2700
f 2700 4362 4327
f 4363 4364 4332
f 4365 4366 4332
f 4366 4367 4332
f 4332 4367 4368
f 4368 4369 4332
f 4369 4370 4332
f 4332 4370 4350
f 4360 4371 4339
f 4371 4372 4339
f 4339 4372 4337
f 4373 4374 2699
f 4374 4375 2699
f 2699 4375 4293
f 4347 4376 4339
f 4376 4374 4339
f 4339 4374 4377
f 4374 4373 4377
f 4331 4378 2700
f 4378 4379 2700
f 2700 4379 4380
f 4364 4381 4332
f 4381 4382 4332
f 4332 4382 4383
f 4383 4384 4332
f 4384 4385 4332
f 4332 4385 4365
f 4358 4386 4334
f 4386 4387 4334
f 4334 4387 4388
f 4334 4389 4339
f 4389 4390 4339
f 4339 4390 4359
f 4380 4391 2700
f 4391 4392 2700
f 2700 4392 4393
f 4388 4394 4334
f 4394 4395 4334
f 4334 4395 4396
f 4393 4397 2700
f 4397 4398 2700
f 2700 4398 4332
f 4398 4399 4332
f 4332 4399 4363
f 4396 4400 4334
f 4400 4401 4334
f 4334 4401 4389
f 4332 4402 4403
f 4404 4405 4406
f 4405 4407 4406
f 4406 4407 4408
f 4409 4410 4334
f 4410 4411 4334
f 4334 4411 4412
f 4412 4413 4334
f 4413 4414 4334
f 4334 4414 4332
f 4414 4415 4332
f 4332 4415 4402
f 4403 4416 4332
f 4416 4417 4332
f 4332 4417 4418
f 4419 4420 4334
f 4420 4421 4334
f 4334 4421 4409
f 4422 4423 4424
f 4424 4425 4422
f 4425 4426 4422
f 4422 4426 4406
f 4426 4427 4406
f 4406 4427 4404
f 4408 4428 4406
f 4428 4429 4406
f 4406 4429 4430
f 4431 4432 4334
f 4432 4433 4334
f 4434 4435 4422
f 4435 4436 4422
f 4422 4436 4423
f 4430 4437 4406
f 4437 4438 4406
f 4406 4438 4439
f 4439 4440 4406
f 4440 4441 4406
f 4406 4441 4442
f 4442 4443 4406
f 4443 4444 4406
f 4406 4444 4445
f 4433 4446 4334
f 4446 4447 4334
f 4334 4447 4448
f 4449 4450 4422
f 4445 4451 4406
f 4451 4452 4406
f 4406 4452 4334
f 4452 4453 4334
f 4334 4453 4431
f 4448 4454 4334
f 4454 4455 4334
f 4334 4455 4419
f 4450 4456 4422
f 4456 4457 4422
f 4422 4457 4458
f 4458 4459 4422
f 4459 4460 4422
f 4422 4460 4461
f 4461 4462 4422
f 4462 4463 4422
f 4422 4463 4434
f 4418 4464 4332
f 4464 4465 4332
f 4332 4465 4466
f 4466 4467 4332
f 4467 4468 4332
f 4332 4468 4469
f 4469 4470 4332
f 4470 4471 4332
f 4332 4471 4472
f 4472 4473 4332
f 4473 4474 4332
f 4332 4474 4422
f 4474 4475 4422
f 4422 4475 4449
f 4422 4476 4477
f 4478 4479 4406
f 4480 4481 4406
f 4479 4482 4406
f 4482 4483 4406
f 4406 4483 4422
f 4483 4484 4422
f 4422 4484 4476
f 4481 4485 4406
f 4485 4486 4406
f 4406 4486 4478
f 4477 4487 4422
f 4487 4488 4422
f 4422 4488 4489
f 4490 4491 4492
f 4491 4493 4492
f 4494 4495 4496
f 4497 4498 4496
f 4498 4499 4496
f 4499 4500 4496
f 4500 4501 4496
f 4496 4501 4492
f 4501 4502 4492
f 4492 4502 4490
f 4493 4503 4492
f 4503 4504 4492
f 4492 4504 4505
f 4506 4507 4492
f 4406 4508 4509
f 4510 4511 4406
f 4511 4512 4406
f 4489 4513 4422
f 4513 4514 4422
f 4422 4514 4515
f 4494 4496 4516
f 4495 4517 4496
f 4517 4518 4496
f 4496 4518 4497
f 4509 4519 4406
f 4519 4520 4406
f 4406 4520 4510
f 4512 4521 4406
f 4521 4522 4406
f 4406 4522 4480
f 4523 4524 4496
f 4505 4525 4492
f 4525 4526 4492
f 4492 4526 4527
f 4524 4528 4496
f 4528 4529 4496
f 4496 4529 4530
f 4530 4531 4496
f 4531 4532 4496
f 4496 4532 4516
f 4527 4533 4492
f 4533 4534 4492
f 4492 4534 4506
f 4507 4535 4492
f 4535 4536 4492
f 4492 4536 4537
f 4515 4538 4422
f 4538 4539 4422
f 4422 4539 4540
f 4537 4541 4492
f 4541 4542 4492
f 4492 4542 4406
f 4542 4543 4406
f 4406 4543 4508
f 4540 4544 4422
f 4544 4545 4422
f 4422 4545 4546
f 4546 4547 4422
f 4547 4548 4422
f 4422 4548 4496
f 4548 4549 4496
f 4496 4549 4523
f 4550 4551 4492
f 4551 4552 4492
f 4492 4552 4553
f 4553 4554 4492
f 4554 4555 4492
f 4492 4555 4496
f 4555 4556 4496
f 4556 4557 4496
f 4496 4557 4558
f 4559 4560 4492
f 4560 4561 4492
f 4492 4561 4550
f 4558 4562 4496
f 4562 4563 4496
f 4496 4563 4564
f 4565 4566 4567
f 4566 4568 4567
f 4567 4568 4569
f 4564 4570 4496
f 4570 4571 4496
f 4496 4571 4572
f 4569 4573 4567
f 4573 4574 4567
f 4567 4574 4575
f 4576 4577 4492
f 4572 4578 4496
f 4578 4579 4496
f 4496 4579 4580
f 4581 4582 4567
f 4582 4583 4567
f 4492 4584 4585
f 4580 4586 4496
f 4586 4587 4496
f 4496 4587 4588
f 4583 4589 4567
f 4589 4590 4567
f 4567 4590 4565
f 4585 4591 4492
f 4591 4592 4492
f 4492 4592 4576
f 4577 4593 4492
f 4593 4594 4492
f 4492 4594 4559
f 4588 4595 4496
f 4595 4596 4496
f 4496 4596 4567
f 4596 4597 4567
f 4567 4597 4581
f 4575 4598 4567
f 4598 4599 4567
f 4567 4599 4600
f 4600 4601 4567
f 4601 4602 4567
f 4567 4602 4603
f 4602 4604 4603
f 4603 4604 4605
f 4606 4607 4603
f 4607 4608 4603
f 4603 4608 4609
f 4605 4610 4603
f 4610 4611 4603
f 4603 4611 4612
f 4612 4613 4603
f 4613 4614 4603
f 4603 4614 4606
f 4609 4615 4603
f 4615 4616 4603
f 4603 4616 4617
f 4617 4618 4603
f 4618 4619 4603
f 4603 4619 4620
f 4620 4621 4603
f 4621 4622 4603
f 4603 4622 4492
f 4622 4623 4492
f 4492 4623 4584
f 4624 4625 4626
f 4624 4626 4627
f 4628 4629 4630
f 4629 4631 4630
f 4630 4631 4632
f 4632 4633 4630
f 4633 4634 4630
f 4630 4634 4635
f 4636 4637 4630
f 4637 4638 4630
f 4630 4638 4628
f 4625 4639 4626
f 4639 4640 4626
f 4626 4640 4641
f 4641 4642 4626
f 4642 4643 4626
f 4626 4643 4644
f 4645 4646 4567
f 4646 4647 4567
f 4647 4648 4567
f 4567 4648 4649
f 4567 4650 4651
f 4644 4652 4626
f 4652 4653 4626
f 4626 4653 4654
f 4655 4656 4603
f 4649 4657 4567
f 4657 4658 4567
f 4567 4658 4650
f 4651 4659 4567
f 4659 4660 4567
f 4567 4660 4661
f 4654 4662 4626
f 4662 4663 4626
f 4626 4663 4664
f 4665 4666 4603
f 4666 4667 4603
f 4603 4667 4567
f 4667 4668 4567
f 4567 4668 4669
f 4656 4670 4603
f 4670 4671 4603
f 4603 4671 4672
f 4603 4673 4674
f 4675 4630 4676
f 4630 4567 4676
f 4676 4567 4677
f 4567 4661 4677
f 4675 4678 4630
f 4678 4679 4630
f 4630 4679 4680
f 4680 4681 4630
f 4681 4682 4630
f 4630 4682 4636
f 4672 4683 4603
f 4683 4684 4603
f 4603 4684 4685
f 4669 4686 4567
f 4686 4687 4567
f 4567 4687 4645
f 4664 4688 4626
f 4688 4689 4626
f 4626 4689 4690
f 4690 4691 4626
f 4691 4692 4626
f 4626 4692 4603
f 4692 4693 4603
f 4603 4693 4655
f 4685 4694 4603
f 4694 4695 4603
f 4603 4695 4673
f 4674 4696 4603
f 4696 4697 4603
f 4603 4697 4665
f 4698 4699 4626
f 4699 4630 4626
f 4626 4630 4627
f 4630 4635 4627
f 4700 4701 4702
f 4702 4703 4704
f 4703 4705 4704
f 4704 4705 4706
f 4699 4707 4630
f 4707 4708 4630
f 4630 4708 4709
f 4710 4711 4700
f 4711 4712 4700
f 4700 4712 4701
f 4713 4714 4626
f 4706 4715 4704
f 4715 4716 4704
f 4704 4716 4717
f 4713 4626 4718
f 4714 4719 4626
f 4719 4720 4626
f 4626 4720 4698
f 4709 4721 4630
f 4721 4722 4630
f 4630 4722 4723
f 4717 4724 4704
f 4724 4725 4704
f 4704 4725 4726
f 4727 4728 4704
f 4723 4729 4630
f 4729 4730 4630
f 4630 4730 4731
f 4732 4733 4700
f 4733 4734 4700
f 4700 4734 4735
f 4735 4736 4700
f 4736 4737 4700
f 4700 4737 4710
f 4726 4738 4704
f 4738 4739 4704
f 4704 4739 4740
f 4704 4728 4626
f 4728 4741 4626
f 4741 4742 4626
f 4626 4742 4743
f 4743 4744 4626
f 4744 4745 4626
f 4626 4745 4746
f 4746 4747 4626
f 4747 4748 4626
f 4626 4748 4749
f 4749 4750 4626
f 4750 4751 4626
f 4626 4751 4718
f 4731 4752 4630
f 4752 4753 4630
f 4630 4753 4754
f 4754 4755 4630
f 4755 4756 4630
f 4630 4756 4757
f 4758 4759 4700
f 4759 4760 4700
f 4700 4760 4761
f 4740 4762 4704
f 4762 4763 4704
f 4704 4763 4764
f 4764 4765 4704
f 4765 4766 4704
f 4704 4766 4727
f 4761 4767 4700
f 4767 4768 4700
f 4700 4768 4732
f 4757 4769 4630
f 4769 4770 4630
f 4630 4770 4700
f 4770 4771 4700
f 4700 4771 4758
f 4702 4704 4700
f 4704 4772 4700
f 4700 4772 4773
f 4774 4775 4700
f 4775 4776 4700
f 4700 4776 4777
f 4773 4778 4700
f 4778 4779 4700
f 4700 4779 4774
f 4777 4780 4700
f 4780 4781 4700
f 4700 4781 4782
f 4782 4783 4700
f 4783 4784 4700
f 4700 4784 4785
f 4295 4786 4787
f 4788 4789 4295
f 4789 4790 4295
f 4295 4790 4786
f 4787 4791 4295
f 4791 4792 4295
f 4295 4792 4793
f 4794 4795 4296
f 4795 4796 4296
f 4296 4796 4797
f 4797 4798 4296
f 4798 4799 4296
f 4296 4799 4800
f 4801 4802 4704
f 4802 4803 4704
f 4704 4803 4804
f 4704 4805 4806
f 4793 4807 4295
f 4807 4808 4295
f 4295 4808 4809
f 4809 4810 4295
f 4810 4811 4295
f 4295 4811 4296
f 4811 4812 4296
f 4296 4812 4794
f 4800 4813 4296
f 4813 4814 4296
f 4296 4814 4815
f 4804 4816 4704
f 4816 4817 4704
f 4704 4817 4805
f 4806 4818 4704
f 4818 4819 4704
f 4704 4819 4772
f 4785 4820 4700
f 4820 4821 4700
f 4700 4821 4822
f 4823 4824 4295
f 4824 4825 4295
f 4295 4825 4788
f 4815 4826 4296
f 4826 4827 4296
f 4296 4827 4828
f 4828 4829 4296
f 4829 4830 4296
f 4296 4830 4831
f 4832 4833 4704
f 4833 4834 4704
f 4704 4834 4801
f 4822 4835 4700
f 4835 4836 4700
f 4700 4836 4295
f 4836 4837 4295
f 4295 4837 4823
f 4831 4838 4296
f 4838 4839 4296
f 4296 4839 4704
f 4839 4840 4704
f 4704 4840 4841
f 4841 4842 4704
f 4842 4843 4704
f 4704 4843 4832
f 4305 4844 3285
f 4844 4298 3285
f 3285 4298 3286
f 4298 4296 3286
f 3286 4296 3287
f 4296 4704 3287
f 3287 4704 3288
f 4704 4626 3288
f 3288 4626 3289
f 4626 4603 3289
f 3289 4603 3290
f 4603 4492 3290
f 3290 4492 3291
f 4492 4406 3291
f 3291 4406 3292
f 4406 4334 3292
f 3292 4334 3293
f 4334 4339 3293
f 3293 4339 4313
f 3475 3478 4032
f 3478 4033 4032
f 159 2795 153
f 2795 2794 153
f 153 2794 154
f 2794 3282 154
f 2712 2710 4845
f 2710 4846 4845
f 4845 4846 4847
f 4846 4848 4847
f 4847 4848 4849
f 4848 4850 4849
f 4849 4850 4851
f 4850 4852 4851
f 4851 4852 4853
f 4852 4854 4853
f 4853 4854 4855
f 4854 4856 4855
f 4855 4856 4857
f 4856 4858 4857
f 4857 4858 4859
f 4858 4860 4859
f 4859 4860 4861
f 4860 4862 4861
f 4861 4862 4863
f 4862 4864 4863
f 4863 4864 4865
f 4864 4866 4865
f 4865 4866 4867
f 4866 4868 4867
f 4867 4868 4869
f 4868 4870 4869
f 4869 4870 4871
f 4870 4872 4871
f 4871 4872 4873
f 4872 4874 4873
f 4873 4874 4875
f 4874 4876 4875
f 4875 4876 4877
f 4876 4878 4877
f 4877 4878 2683
f 4878 2685 2683
f 4219 4292 4218
f 4292 4291 4218
f 648 722 720
f 648 720 4879
f 720 718 4879
f 4879 718 4880
f 718 716 4880
f 4880 716 4881
f 716 714 4881
f 4881 714 4882
f 714 712 4882
f 4882 712 4883
f 712 710 4883
f 4883 710 4884
f 710 708 4884
f 4884 708 4885
f 708 706 4885
f 4885 706 4886
f 706 704 4886
f 4886 704 4887
f 704 702 4887
f 4887 702 4888
f 702 700 4888
f 4888 700 4889
f 700 725 4889
f 4889 725 4890
f 725 724 4890
f 4890 724 4891
f 724 723 4891
f 4891 723 4892
f 723 699 4892
f 4892 699 4893
f 699 698 4893
f 4893 698 4894
f 698 3296 4894
f 3296 3295 4894
f 4894 3295 4895
f 3295 3294 4895
f 4895 3294 2688
f 2689 697 4896
f 697 696 4896
f 4896 696 4897
f 696 695 4897
f 4897 695 4898
f 695 694 4898
f 4898 694 4899
f 694 693 4899
f 4899 693 4900
f 693 692 4900
f 4900 692 4901
f 692 691 4901
f 4901 691 4902
f 691 690 4902
f 4902 690 4903
f 690 701 4903
f 4903 701 4904
f 701 703 4904
f 4904 703 4905
f 703 705 4905
f 4905 705 4906
f 705 707 4906
f 4906 707 4907
f 707 709 4907
f 4907 709 4908
f 709 711 4908
f 4908 711 4909
f 711 713 4909
f 4909 713 4910
f 713 715 4910
f 4910 715 4911
f 715 717 4911
f 4911 717 4912
f 717 719 4912
f 4912 719 647
f 719 721 647
f 4913 4914 4915
f 4914 4916 4915
f 4917 4918 4919
f 4918 4920 4919
f 4919 4920 4921
f 4920 4922 4921
f 4921 4922 4923
f 4922 4924 4923
f 4923 4924 4925
f 4924 4926 4925
f 4925 4926 4927
f 4926 4928 4927
f 4927 4928 4929
f 4928 4930 4929
f 4929 4930 4931
f 4930 4932 4931
f 4931 4932 4933
f 4932 4934 4933
f 4933 4934 4935
f 4934 4936 4935
f 4935 4936 4937
f 4936 4938 4937
f 4937 4938 4939
f 4938 4940 4939
f 4939 4940 4941
f 4940 4942 4941
f 4941 4942 4943
f 4942 4944 4943
f 4943 4944 4945
f 4944 4946 4945
f 4945 4946 4947
f 4946 4948 4947
f 4947 4948 4949
f 4948 4950 4949
f 4949 4950 4951
f 4950 4952 4951
f 4951 4952 4953
f 4952 4954 4953
f 4953 4954 4955
f 4954 4956 4955
f 4955 4956 4957
f 4956 4958 4957
f 4957 4958 4959
f 4958 4960 4959
f 4959 4960 4961
f 4960 4962 4961
f 4961 4962 4963
f 4962 4964 4963
f 4963 4964 4965
f 4964 4966 4965
f 4965 4966 4967
f 4966 4968 4967
f 4967 4968 4969
f 4968 4970 4969
f 4969 4970 4971
f 4970 4972 4971
f 4971 4972 4973
f 4972 4974 4973
f 4973 4974 4975
f 4974 4976 4975
f 4975 4976 4977
f 4976 4978 4977
f 4977 4978 4979
f 4978 4980 4979
f 4979 4980 4981
f 4980 4982 4981
f 4981 4982 4983
f 4982 4984 4983
f 4983 4984 4985
f 4984 4986 4985
f 4985 4986 4987
f 4986 4988 4987
f 4987 4988 4989
f 4988 4990 4989
f 4989 4990 4991
f 4990 4992 4991
f 4991 4992 4993
f 4992 4994 4993
f 4993 4994 4995
f 4994 4996 4995
f 4995 4996 4997
f 4996 4998 4997
f 4997 4998 4999
f 4998 5000 4999
f 4999 5000 5001
f 5000 5002 5001
f 5001 5002 5003
f 5002 5004 5003
f 5003 5004 5005
f 5004 5006 5005
f 5005 5006 5007
f 5006 5008 5007
f 5007 5008 5009
f 5008 5010 5009
f 5009 5010 5011
f 5010 5012 5011
f 5011 5012 5013
f 5012 5014 5013
f 5013 5014 5015
f 5014 5016 5015
f 5015 5016 5017
f 5016 5018 5017
f 5017 5018 5019
f 5018 5020 5019
f 5019 5020 5021
f 5020 5022 5021
f 5021 5022 5023
f 5022 5024 5023
f 5023 5024 5025
f 5024 5026 5025
f 5025 5026 5027
f 5026 5028 5027
f 5027 5028 5029
f 5028 5030 5029
f 5029 5030 5031
f 5030 5032 5031
f 5031 5032 5033
f 5032 5034 5033
f 5033 5034 5035
f 5034 5036 5035
f 5035 5036 5037
f 5036 5038 5037
f 5037 5038 5039
f 5038 5040 5039
f 5039 5040 5041
f 5040 5042 5041
f 5041 5042 5043
f 5042 5044 5043
f 5043 5044 5045
f 5044 5046 5045
f 5045 5046 5047
f 5046 5048 5047
f 5047 5048 5049
f 5048 5050 5049
f 5049 5050 5051
f 5050 5052 5051
f 5051 5052 5053
f 5052 5054 5053
f 5053 5054 5055
f 5054 5056 5055
f 5055 5056 5057
f 5056 5058 5057
f 5057 5058 5059
f 5058 5060 5059
f 5059 5060 4917
f 5060 4918 4917
f 5061 4915 4916
f 5062 5063 5064
f 5061 4993 4995
f 5065 5066 3378
f 4995 4997 5061
f 4997 4999 5061
f 5061 4999 5064
f 5067 5068 5064
f 5069 5070 5071
f 4999 5001 5064
f 5001 5003 5064
f 5064 5003 5005
f 5068 5072 5064
f 5072 5073 5064
f 5064 5073 5074
f 5065 3378 5075
f 5076 5077 5078
f 5079 5080 5081
f 5082 5083 5078
f 5083 5084 5078
f 5078 5084 5085
f 5066 5086 3378
f 5086 5087 3378
f 3378 5087 5088
f 5005 5007 5064
f 5007 5009 5064
f 5064 5009 5011
f 5074 5089 5064
f 5089 5090 5064
f 5064 5090 5091
f 5092 5093 5078
f 5093 5094 5078
f 5078 5094 5082
f 5095 5096 5081
f 5096 5097 5081
f 5081 5097 5098
f 5099 5037 5039
f 5045 5047 5099
f 5047 5049 5099
f 5099 5049 5051
f 5011 5013 5064
f 5013 5015 5064
f 5064 5015 5017
f 5091 5100 5064
f 5100 5101 5064
f 5064 5101 5102
f 5063 5103 5064
f 5103 5104 5064
f 5064 5104 5105
f 5106 5107 3378
f 5107 5108 3378
f 3378 5108 5075
f 5077 5109 5078
f 5109 5110 5078
f 5078 5110 5092
f 5098 5111 5081
f 5111 5112 5081
f 5081 5112 5079
f 5085 5113 5078
f 5113 5114 5078
f 5078 5114 5115
f 5114 5081 5115
f 5115 5081 5116
f 5081 5080 5116
f 5117 5118 1608
f 5119 5029 5099
f 5029 5031 5099
f 5039 5041 5099
f 5041 5043 5099
f 5099 5043 5045
f 5017 5019 5064
f 5019 5021 5064
f 5064 5021 5023
f 5023 5025 5064
f 5025 5027 5064
f 5064 5027 5029
f 5102 5120 5064
f 5120 5121 5064
f 5064 5121 5122
f 5069 5071 5081
f 5071 5123 5081
f 5081 5123 5095
f 5088 5124 3378
f 5124 5125 3378
f 3378 5125 4031
f 5125 5126 4031
f 4031 5126 5127
f 5128 5129 5130
f 5131 5132 5133
f 5132 5134 5133
f 5133 5134 5128
f 5134 5135 5128
f 5128 5135 5136
f 5136 5137 5128
f 5137 5138 5128
f 5128 5138 5129
f 1608 5139 5117
f 5139 5140 5117
f 5117 5140 5133
f 5140 5141 5133
f 5133 5141 5142
f 5143 5144 5078
f 5144 5145 5078
f 5078 5145 5076
f 5031 5033 5099
f 5033 5035 5099
f 5099 5035 5037
f 5146 1608 5147
f 1608 5148 5147
f 5149 5150 4981
f 4985 4987 4916
f 4987 4989 4916
f 4916 4989 5061
f 4989 4991 5061
f 5061 4991 4993
f 5119 5151 5029
f 5151 5152 5029
f 5029 5152 5064
f 5152 5153 5064
f 5064 5153 5067
f 5122 5154 5064
f 5154 5071 5064
f 5064 5071 5062
f 5071 5070 5062
f 5105 5155 5064
f 5155 5156 5064
f 5064 5156 5157
f 5157 5158 5064
f 5158 5159 5064
f 5064 5159 5160
f 5127 5161 4031
f 5161 5162 4031
f 4031 5162 5163
f 5162 5128 5163
f 5163 5128 5164
f 5128 5130 5164
f 5142 5165 5133
f 5165 5166 5133
f 5133 5166 5131
f 5143 5167 5144
f 5167 5168 5144
f 5144 5168 5169
f 5118 5170 1608
f 5170 5171 1608
f 1608 5171 5172
f 5173 4925 5174
f 4925 5175 5174
f 5051 5053 5099
f 5053 5055 5099
f 5099 5055 5057
f 1608 4925 4927
f 5176 5177 5178
f 5177 5144 5178
f 5178 5144 5179
f 5144 5169 5179
f 5172 5180 1608
f 5180 5181 1608
f 1608 5181 5182
f 5183 5184 4925
f 4921 5185 5186
f 5173 5187 4925
f 5187 5185 4925
f 4925 5185 4923
f 5185 4921 4923
f 4927 4929 1608
f 4929 4931 1608
f 1608 4931 4933
f 4985 4916 4983
f 4916 5188 4983
f 4983 5188 4981
f 5188 5189 4981
f 4981 5189 5149
f 5160 5190 5064
f 5190 5191 5064
f 5064 5191 3378
f 5191 5192 3378
f 5182 5193 1608
f 5193 5194 1608
f 1608 5194 5195
f 5196 5177 1608
f 5177 5176 1608
f 1608 5176 5148
f 5146 5197 1608
f 5197 5198 1608
f 1608 5198 5199
f 4971 4973 1607
f 4973 4975 1607
f 1607 4975 5200
f 4975 4977 5200
f 5150 5201 4981
f 5201 5202 4981
f 4981 5202 5203
f 5204 4979 5205
f 4979 4981 5205
f 5205 4981 5206
f 4981 5203 5206
f 5192 5207 3378
f 5207 5208 3378
f 3378 5208 5209
f 5209 5210 3378
f 5210 5211 3378
f 3378 5211 5212
f 5212 5213 3378
f 5213 5214 3378
f 3378 5214 5106
f 5195 5215 1608
f 5215 5216 1608
f 1608 5216 5196
f 5183 4925 5217
f 5184 5218 4925
f 5218 5219 4925
f 4925 5219 5175
f 5057 5059 5099
f 5059 4917 5099
f 5099 4917 5186
f 4917 4919 5186
f 5186 4919 4921
f 5204 5220 4979
f 5220 5221 4979
f 4979 5221 5222
f 4933 4935 1608
f 4935 4937 1608
f 1608 4937 4939
f 4963 4965 1607
f 5222 5223 4979
f 5223 5224 4979
f 4979 5224 4977
f 5224 5225 4977
f 4977 5225 5200
f 5199 5226 1608
f 5226 5227 1608
f 1608 5227 5228
f 5229 5230 4925
f 5230 5231 4925
f 4925 5231 5217
f 4963 1607 4961
f 4939 4941 1608
f 4941 4943 1608
f 1608 4943 4945
f 1607 4953 4955
f 4965 4967 1607
f 4967 4969 1607
f 1607 4969 4971
f 4955 4957 1607
f 4957 4959 1607
f 1607 4959 4961
f 5228 5232 1608
f 5232 5233 1608
f 1608 5233 5234
f 5234 5235 1608
f 5235 5236 1608
f 1608 5236 5237
f 4945 4947 1608
f 4947 4949 1608
f 1608 4949 1607
f 4949 4951 1607
f 1607 4951 4953
f 5237 5238 1608
f 5238 5239 1608
f 1608 5239 4925
f 5239 5240 4925
f 4925 5240 5229
f 2697 2698 5241
f 2698 5242 5241
f 5241 5242 5243
f 5242 5244 5243
f 5243 5244 5245
f 5244 5246 5245
f 5245 5246 5247
f 5246 5248 5247
f 5247 5248 5249
f 5248 5250 5249
f 5249 5250 5251
f 5250 5252 5251
f 5251 5252 5253
f 5252 5254 5253
f 5253 5254 5255
f 5254 5256 5255
f 5255 5256 5257
f 5256 5258 5257
f 5257 5258 5259
f 5258 5260 5259
f 5259 5260 5261
f 5260 5262 5261
f 5261 5262 5263
f 5262 5264 5263
f 5263 5264 5265
f 5264 5266 5265
f 5265 5266 5267
f 5266 5268 5267
f 5267 5268 5269
f 5268 5270 5269
f 5269 5270 5271
f 5270 5272 5271
f 5271 5272 5273
f 5272 5274 5273
f 5273 5274 3282
f 5274 154 3282
f 5169 5275 5179
f 5275 5276 5179
f 5179 5276 5178
f 5276 5277 5178
f 5178 5277 5176
f 5277 5278 5176
f 5176 5278 5148
f 5278 5279 5148
f 5148 5279 5147
f 5279 5280 5147
f 5147 5280 5146
f 5280 5281 5146
f 5146 5281 5197
f 5281 5282 5197
f 5197 5282 5198
f 5282 5283 5198
f 5198 5283 5199
f 5283 5284 5199
f 5199 5284 5226
f 5284 5285 5226
f 5226 5285 5227
f 5285 5286 5227
f 5227 5286 5228
f 5286 5287 5228
f 5228 5287 5232
f 5287 5288 5232
f 5232 5288 5233
f 5288 5289 5233
f 5233 5289 5234
f 5289 5290 5234
f 5234 5290 5235
f 5290 5291 5235
f 5235 5291 5236
f 5291 5292 5236
f 5236 5292 5237
f 5292 5293 5237
f 5237 5293 5238
f 5293 5294 5238
f 5238 5294 5239
f 5294 5295 5239
f 5239 5295 5240
f 5295 5296 5240
f 5240 5296 5229
f 5296 5297 5229
f 5229 5297 5230
f 5297 5298 5230
f 5230 5298 5231
f 5298 5299 5231
f 5231 5299 5217
f 5299 5300 5217
f 5217 5300 5183
f 5300 5301 5183
f 5183 5301 5184
f 5301 5302 5184
f 5184 5302 5218
f 5302 5303 5218
f 5218 5303 5219
f 5303 5304 5219
f 5219 5304 5175
f 5304 5305 5175
f 5175 5305 5174
f 5305 5306 5174
f 5174 5306 5173
f 5306 5307 5173
f 5173 5307 5187
f 5307 5308 5187
f 5187 5308 5185
f 5308 5309 5185
f 5185 5309 5186
f 5309 5310 5186
f 5186 5310 5099
f 5310 5311 5099
f 5099 5311 5119
f 5311 5312 5119
f 5119 5312 5151
f 5312 5313 5151
f 5151 5313 5152
f 5313 5314 5152
f 5152 5314 5153
f 5314 5315 5153
f 5153 5315 5067
f 5315 5316 5067
f 5067 5316 5068
f 5316 5317 5068
f 5068 5317 5072
f 5317 5318 5072
f 5072 5318 5073
f 5318 5319 5073
f 5073 5319 5074
f 5319 5320 5074
f 5074 5320 5089
f 5320 5321 5089
f 5089 5321 5090
f 5321 5322 5090
f 5090 5322 5091
f 5322 5323 5091
f 5091 5323 5100
f 5323 5324 5100
f 5100 5324 5101
f 5324 5325 5101
f 5101 5325 5102
f 5325 5326 5102
f 5102 5326 5120
f 5326 5327 5120
f 5120 5327 5121
f 5327 5328 5121
f 5121 5328 5122
f 5328 5329 5122
f 5122 5329 5154
f 5329 5330 5154
f 5154 5330 5071
f 5330 5331 5071
f 5071 5331 5123
f 5331 5332 5123
f 5123 5332 5095
f 5332 5333 5095
f 5095 5333 5096
f 5333 5334 5096
f 5096 5334 5097
f 5334 5335 5097
f 5097 5335 5098
f 5335 5336 5098
f 5098 5336 5111
f 5336 5337 5111
f 5111 5337 5112
f 5337 5338 5112
f 5112 5338 5079
f 5338 5339 5079
f 5079 5339 5080
f 5339 5340 5080
f 5080 5340 5116
f 5340 5341 5116
f 5116 5341 5115
f 5341 5342 5115
f 5115 5342 5078
f 5342 5343 5078
f 5078 5343 5143
f 5343 5344 5143
f 5143 5344 5167
f 5344 5345 5167
f 5167 5345 5168
f 5345 5346 5168
f 5168 5346 5169
f 5346 5275 5169
f 3275 644 5347
f 644 5348 5347
f 5347 5348 5349
f 5348 5350 5349
f 5349 5350 5351
f 5350 5352 5351
f 5351 5352 5353
f 5352 5354 5353
f 5353 5354 5355
f 5354 5356 5355
f 5355 5356 5357
f 5356 5358 5357
f 5357 5358 5359
f 5358 5360 5359
f 5359 5360 5361
f 5360 5362 5361
f 5361 5362 5363
f 5362 5364 5363
f 5363 5364 5365
f 5364 5366 5365
f 5365 5366 5367
f 5366 5368 5367
f 5367 5368 5369
f 5368 5370 5369
f 5369 5370 5371
f 5370 5372 5371
f 5371 5372 5373
f 5372 5374 5373
f 5373 5374 5375
f 5374 5376 5375
f 5375 5376 5377
f 5376 5378 5377
f 5377 5378 5379
f 5378 5380 5379
f 5379 5380 1602
f 5380 1604 1602
f 5126 5381 5127
f 5381 5382 5127
f 5127 5382 5161
f 5382 5383 5161
f 5161 5383 5162
f 5383 5384 5162
f 5162 5384 5128
f 5384 5385 5128
f 5128 5385 5133
f 5385 5386 5133
f 5133 5386 5117
f 5386 5387 5117
f 5117 5387 5118
f 5387 5388 5118
f 5118 5388 5170
f 5388 5389 5170
f 5170 5389 5171
f 5389 5390 5171
f 5171 5390 5172
f 5390 5391 5172
f 5172 5391 5180
f 5391 5392 5180
f 5180 5392 5181
f 5392 5393 5181
f 5181 5393 5182
f 5393 5394 5182
f 5182 5394 5193
f 5394 5395 5193
f 5193 5395 5194
f 5395 5396 5194
f 5194 5396 5195
f 5396 5397 5195
f 5195 5397 5215
f 5397 5398 5215
f 5215 5398 5216
f 5398 5399 5216
f 5216 5399 5196
f 5399 5400 5196
f 5196 5400 5177
f 5400 5401 5177
f 5177 5401 5144
f 5401 5402 5144
f 5144 5402 5145
f 5402 5403 5145
f 5145 5403 5076
f 5403 5404 5076
f 5076 5404 5077
f 5404 5405 5077
f 5077 5405 5109
f 5405 5406 5109
f 5109 5406 5110
f 5406 5407 5110
f 5110 5407 5092
f 5407 5408 5092
f 5092 5408 5093
f 5408 5409 5093
f 5093 5409 5094
f 5409 5410 5094
f 5094 5410 5082
f 5410 5411 5082
f 5082 5411 5083
f 5411 5412 5083
f 5083 5412 5084
f 5412 5413 5084
f 5084 5413 5085
f 5413 5414 5085
f 5085 5414 5113
f 5414 5415 5113
f 5113 5415 5114
f 5415 5416 5114
f 5114 5416 5081
f 5416 5417 5081
f 5081 5417 5069
f 5417 5418 5069
f 5069 5418 5070
f 5418 5419 5070
f 5070 5419 5062
f 5419 5420 5062
f 5062 5420 5063
f 5420 5421 5063
f 5063 5421 5103
f 5421 5422 5103
f 5103 5422 5104
f 5422 5423 5104
f 5104 5423 5105
f 5423 5424 5105
f 5105 5424 5155
f 5424 5425 5155
f 5155 5425 5156
f 5425 5426 5156
f 5156 5426 5157
f 5426 5427 5157
f 5157 5427 5158
f 5427 5428 5158
f 5158 5428 5159
f 5428 5429 5159
f 5159 5429 5160
f 5429 5430 5160
f 5160 5430 5190
f 5430 5431 5190
f 5190 5431 5191
f 5431 5432 5191
f 5191 5432 5192
f 5432 5433 5192
f 5192 5433 5207
f 5433 5434 5207
f 5207 5434 5208
f 5434 5435 5208
f 5208 5435 5209
f 5435 5436 5209
f 5209 5436 5210
f 5436 5437 5210
f 5210 5437 5211
f 5437 5438 5211
f 5211 5438 5212
f 5438 5439 5212
f 5212 5439 5213
f 5439 5440 5213
f 5213 5440 5214
f 5440 5441 5214
f 5214 5441 5106
f 5441 5442 5106
f 5106 5442 5107
f 5442 5443 5107
f 5107 5443 5108
f 5443 5444 5108
f 5108 5444 5075
f 5444 5445 5075
f 5075 5445 5065
f 5445 5446 5065
f 5065 5446 5066
f 5446 5447 5066
f 5066 5447 5086
f 5447 5448 5086
f 5086 5448 5087
f 5448 5449 5087
f 5087 5449 5088
f 5449 5450 5088
f 5088 5450 5124
f 5450 5451 5124
f 5124 5451 5125
f 5451 5452 5125
f 5125 5452 5126
f 5452 5381 5126
f 5050 5048 5315
f 3379 5451 5450
f 4932 1606 4934
f 1606 4936 4934
f 4932 4930 1606
f 4930 4928 1606
f 1606 4928 4926
f 5279 1606 5280
f 1606 5281 5280
f 5278 5415 5279
f 5415 5414 5279
f 5279 5414 5413
f 5278 5277 5415
f 5277 5276 5415
f 5415 5276 5416
f 5453 5454 5385
f 5383 5382 4030
f 5382 5381 4030
f 4030 5381 3379
f 5381 5452 3379
f 3379 5452 5451
f 5058 5313 5312
f 5058 5056 5313
f 5056 5054 5313
f 5313 5054 5314
f 5314 5054 5315
f 5054 5052 5315
f 5315 5052 5050
f 5309 5308 4926
f 5308 5307 4926
f 4926 5307 5306
f 5285 5284 1606
f 5421 5343 5422
f 5343 5423 5422
f 5421 5420 5343
f 5420 5419 5343
f 5343 5419 5344
f 3379 5343 5342
f 5319 5318 5455
f 5318 5317 5455
f 5317 5316 5455
f 5455 5316 5315
f 4942 4940 1606
f 4940 4938 1606
f 1606 4938 4936
f 5413 5412 5279
f 5412 5411 5279
f 5279 5411 5410
f 5383 4030 5384
f 4030 5456 5384
f 5384 5456 5385
f 5456 5457 5385
f 5385 5457 5453
f 5450 5449 3379
f 5449 5448 3379
f 3379 5448 5447
f 4926 4924 5309
f 4924 4922 5309
f 5309 4922 5310
f 4922 4920 5310
f 5310 4920 5311
f 4920 4918 5311
f 5311 4918 5312
f 4918 5060 5312
f 5312 5060 5058
f 5285 1606 5286
f 5284 5283 1606
f 5283 5282 1606
f 1606 5282 5281
f 5410 5409 5279
f 5409 5408 5279
f 5279 5408 5407
f 5458 5459 5386
f 5342 5341 3379
f 5341 5340 3379
f 3379 5340 5339
f 5006 5004 5455
f 5004 5002 5455
f 5455 5002 5460
f 5002 5000 5460
f 5460 5000 4998
f 4998 4996 5460
f 4996 4994 5460
f 5460 4994 4992
f 4992 4990 5460
f 4990 4988 5460
f 5460 4988 4986
f 4986 4984 5460
f 4984 4982 5460
f 5460 4982 4980
f 4980 4978 5460
f 4978 4976 5460
f 5460 4976 4974
f 4974 4972 5460
f 4972 4970 5460
f 5460 4970 4968
f 4966 4964 1605
f 4964 4962 1605
f 4948 4946 1606
f 4946 4944 1606
f 1606 4944 4942
f 5387 5461 5388
f 5461 1606 5388
f 5388 1606 5389
f 5454 5462 5385
f 5462 5463 5385
f 5385 5463 5464
f 5447 5446 3379
f 5446 5445 3379
f 3379 5445 5444
f 5416 5276 5417
f 5276 5275 5417
f 5417 5275 5418
f 5275 5346 5418
f 5418 5346 5419
f 5346 5345 5419
f 5419 5345 5344
f 5322 5321 5455
f 5321 5320 5455
f 5455 5320 5319
f 4962 4960 1605
f 4960 4958 1605
f 1605 4958 4956
f 5306 5305 4926
f 5305 5304 4926
f 4926 5304 5303
f 5396 5395 1606
f 5392 5391 1606
f 5391 5390 1606
f 1606 5390 5389
f 5386 5465 5387
f 5465 5466 5387
f 5387 5466 5461
f 5426 5425 5343
f 5425 5424 5343
f 5343 5424 5423
f 5339 5338 3379
f 5338 5337 3379
f 3379 5337 5336
f 5048 5046 5315
f 5046 5044 5315
f 5315 5044 5042
f 5467 5468 4968
f 5469 5470 4968
f 4956 4954 1605
f 4954 4952 1605
f 1605 4952 1606
f 4952 4950 1606
f 1606 4950 4948
f 5303 5302 4926
f 5302 5301 4926
f 4926 5301 5300
f 5407 5406 5279
f 5406 5405 5279
f 5279 5405 5404
f 5395 5394 1606
f 5394 5393 1606
f 1606 5393 5392
f 5459 5471 5386
f 5471 5472 5386
f 5386 5472 5465
f 5444 5443 3379
f 5443 5442 3379
f 3379 5442 5441
f 5336 5335 3379
f 5335 5334 3379
f 3379 5334 5333
f 5325 5324 5455
f 5324 5323 5455
f 5455 5323 5322
f 5012 5010 5455
f 5010 5008 5455
f 5455 5008 5006
f 4913 5460 4914
f 5460 4968 4914
f 4914 4968 5473
f 4968 5470 5473
f 5300 5299 4926
f 5299 5298 4926
f 4926 5298 5297
f 5289 5288 1606
f 5288 5287 1606
f 1606 5287 5286
f 1606 5400 5399
f 5464 5474 5385
f 5474 5475 5385
f 5385 5475 5386
f 5475 5476 5386
f 5386 5476 5458
f 5429 5343 5430
f 5343 5431 5430
f 5429 5428 5343
f 5428 5427 5343
f 5343 5427 5426
f 5329 5328 5455
f 5018 5016 5455
f 5016 5014 5455
f 5455 5014 5012
f 5404 5403 5279
f 5403 5402 5279
f 5279 5402 1606
f 5402 5401 1606
f 1606 5401 5400
f 5399 5398 1606
f 5398 5397 1606
f 1606 5397 5396
f 5333 5332 3379
f 5332 5331 3379
f 3379 5331 5455
f 5331 5330 5455
f 5455 5330 5329
f 5328 5327 5455
f 5327 5326 5455
f 5455 5326 5325
f 5042 5040 5315
f 5040 5038 5315
f 5315 5038 5036
f 5028 5026 5455
f 5026 5024 5455
f 4966 1605 4968
f 1605 5477 4968
f 4968 5477 5478
f 5468 5479 4968
f 5479 5480 4968
f 4968 5480 5481
f 5482 5483 4968
f 5483 5484 4968
f 4968 5484 5469
f 1606 5293 5292
f 5024 5022 5455
f 5022 5020 5455
f 5455 5020 5018
f 5478 5485 4968
f 5485 5486 4968
f 4968 5486 5467
f 5481 5487 4968
f 5487 5488 4968
f 4968 5488 5482
f 5292 5291 1606
f 5291 5290 1606
f 1606 5290 5289
f 5441 5440 3379
f 5440 5439 3379
f 3379 5439 5438
f 5438 5437 3379
f 5437 5436 3379
f 3379 5436 5435
f 5435 5434 3379
f 5434 5433 3379
f 3379 5433 5343
f 5433 5432 5343
f 5343 5432 5431
f 5036 5034 5315
f 5034 5032 5315
f 5315 5032 5455
f 5032 5030 5455
f 5455 5030 5028
f 5297 5296 4926
f 5296 5295 4926
f 4926 5295 1606
f 5295 5294 1606
f 1606 5294 5293
f 5489 5490 5491
f 5490 5492 5491
f 4916 4914 5473
f 4916 5473 5188
f 5473 5470 5188
f 5188 5470 5189
f 5470 5469 5189
f 5189 5469 5149
f 5469 5484 5149
f 5149 5484 5150
f 5484 5483 5150
f 5150 5483 5201
f 5483 5482 5201
f 5201 5482 5202
f 5482 5488 5202
f 5202 5488 5203
f 5488 5487 5203
f 5203 5487 5206
f 5487 5481 5206
f 5206 5481 5205
f 5481 5480 5205
f 5205 5480 5204
f 5480 5479 5204
f 5204 5479 5220
f 5479 5468 5220
f 5220 5468 5221
f 5468 5467 5221
f 5221 5467 5222
f 5467 5486 5222
f 5222 5486 5223
f 5486 5485 5223
f 5223 5485 5224
f 5485 5478 5224
f 5224 5478 5225
f 5478 5477 5225
f 5225 5477 5200
f 5477 1605 5200
f 5200 1605 1607
f 685 686 5489
f 686 5490 5489
f 1608 1606 5461
f 1608 5461 5139
f 5461 5466 5139
f 5139 5466 5140
f 5466 5465 5140
f 5140 5465 5141
f 5465 5472 5141
f 5141 5472 5142
f 5472 5471 5142
f 5142 5471 5165
f 5471 5459 5165
f 5165 5459 5166
f 5459 5458 5166
f 5166 5458 5131
f 5458 5476 5131
f 5131 5476 5132
f 5476 5475 5132
f 5132 5475 5134
f 5475 5474 5134
f 5134 5474 5135
f 5474 5464 5135
f 5135 5464 5136
f 5464 5463 5136
f 5136 5463 5137
f 5463 5462 5137
f 5137 5462 5138
f 5462 5454 5138
f 5138 5454 5129
f 5454 5453 5129
f 5129 5453 5130
f 5453 5457 5130
f 5130 5457 5164
f 5457 5456 5164
f 5164 5456 5163
f 5456 4030 5163
f 5163 4030 4031
f 5061 5064 5460
f 5064 5455 5460
f 5460 4913 5061
f 4913 4915 5061
f 3475 4032 3473
f 4032 801 3473
f 3473 801 799
f 1688 1764 2704
f 1318 2685 3294
f 1594 1318 2693
f 1318 3294 2693
f 2693 3294 2694
f 4287 4289 5493
f 765 763 685
f 4289 2684 5493
f 2684 2685 5493
f 5493 2685 5491
f 5494 1736 5495
f 1736 1734 5495
f 5495 1734 4182
f 1734 1732 4182
f 4182 1732 3857
f 1732 1730 3857
f 3857 1730 1728
f 3957 1762 1768
f 1762 1760 1768
f 1768 1760 1758
f 1758 1756 1768
f 1756 1754 1768
f 1768 1754 1752
f 1744 1742 2044
f 1319 3473 1318
f 3473 799 1318
f 1318 799 2685
f 799 797 2685
f 2685 797 5491
f 797 795 5491
f 5491 795 5489
f 795 793 5489
f 5489 793 685
f 4218 4265 4267
f 4277 4279 3564
f 1688 2704 1690
f 765 685 767
f 739 737 2681
f 4287 5493 4285
f 5493 2691 4285
f 4285 2691 4283
f 1738 1736 683
f 1736 5494 683
f 683 5494 2691
f 5494 5496 2691
f 2691 5496 4283
f 3856 3562 3564
f 5496 3856 4283
f 3856 3564 4283
f 4283 3564 4281
f 3564 4279 4281
f 3561 1600 1598
f 3858 2732 2730
f 3858 2724 2722
f 2722 2720 3858
f 2720 2718 3858
f 3858 2718 3284
f 3561 1598 3559
f 1724 1722 2704
f 1722 1720 2704
f 793 791 685
f 791 789 685
f 685 789 787
f 685 781 779
f 731 729 2681
f 729 727 2681
f 2681 727 1059
f 4271 4273 3564
f 4273 4275 3564
f 3564 4275 4277
f 2730 2728 3858
f 2728 2726 3858
f 3858 2726 2724
f 779 777 685
f 777 775 685
f 685 775 773
f 773 771 685
f 771 769 685
f 685 769 767
f 2100 2098 685
f 1752 1750 1768
f 1750 1748 1768
f 1768 1748 1746
f 2058 2056 1742
f 2056 2054 1742
f 1742 2054 2052
f 2044 1742 2046
f 4218 4267 3564
f 4267 4269 3564
f 3564 4269 4271
f 3470 3397 1598
f 3397 3527 1598
f 1598 3527 3529
f 3398 1614 1611
f 1720 1718 2704
f 1718 1716 2704
f 2704 1716 1714
f 1714 1712 2704
f 1712 1710 2704
f 2704 1710 1708
f 787 785 685
f 785 783 685
f 685 783 781
f 2082 2080 685
f 2066 2064 1742
f 745 743 2681
f 743 741 2681
f 2681 741 739
f 737 735 2681
f 735 733 2681
f 2681 733 731
f 2740 2738 3366
f 1708 1706 2704
f 1706 1704 2704
f 2704 1704 1702
f 1702 1700 2704
f 1700 1698 2704
f 2704 1698 1696
f 1696 1694 2704
f 1694 1692 2704
f 2704 1692 1690
f 2088 685 2090
f 685 2092 2090
f 757 755 2681
f 755 753 2681
f 2681 753 751
f 2064 2062 1742
f 2062 2060 1742
f 1742 2060 2058
f 751 749 2681
f 749 747 2681
f 2681 747 745
f 4257 4259 2789
f 4259 4261 2789
f 4213 4215 3525
f 2696 2788 3402
f 2788 2786 3402
f 3402 2786 2784
f 3294 3302 3300
f 3300 3298 3294
f 3298 2686 3294
f 3294 2686 2688
f 763 2112 2110
f 2098 2096 685
f 2096 2094 685
f 685 2094 2092
f 2080 2078 685
f 2078 2076 685
f 685 2076 2074
f 1738 683 1740
f 683 685 1740
f 1740 685 1742
f 685 2068 1742
f 1742 2068 2066
f 2052 2050 1742
f 2050 2048 1742
f 1742 2048 2046
f 1744 2044 1746
f 2044 1767 1746
f 1746 1767 1768
f 3535 3537 1598
f 3537 3539 1598
f 1598 3539 3541
f 1686 1684 2789
f 1684 1682 2789
f 1611 1612 3398
f 1612 3525 3398
f 3398 3525 4217
f 3525 4215 4217
f 2738 2736 3366
f 2736 2734 3366
f 3366 2734 3368
f 2734 2732 3368
f 3368 2732 3860
f 2732 3858 3860
f 3360 3358 2748
f 3328 3326 4850
f 2112 763 2114
f 763 761 2114
f 2114 761 2681
f 761 759 2681
f 2681 759 757
f 763 2104 685
f 2104 2102 685
f 685 2102 2100
f 2088 2086 685
f 2086 2084 685
f 685 2084 2082
f 2074 2072 685
f 2072 2070 685
f 685 2070 2068
f 3529 3531 1598
f 3531 3533 1598
f 1598 3533 3535
f 4261 4263 2789
f 4263 4265 2789
f 2789 4265 2702
f 4265 4218 2702
f 2702 4218 2704
f 4218 4291 2704
f 2704 4291 1724
f 4291 3520 1724
f 1724 3520 1726
f 3520 3522 1726
f 1726 3522 1728
f 3522 3562 1728
f 1728 3562 3857
f 3562 3856 3857
f 1620 1618 3398
f 1618 1616 3398
f 3398 1616 1614
f 2746 2744 3366
f 2744 2742 3366
f 3366 2742 2740
f 2784 2782 3402
f 2782 2780 3402
f 3402 2780 2778
f 2778 2776 3402
f 2776 2774 3402
f 3402 2774 2772
f 3360 2748 3362
f 3328 4850 3330
f 2685 4878 3294
f 4878 4876 3294
f 3294 4876 4874
f 4874 4872 3294
f 4872 4870 3294
f 3294 4870 4868
f 4868 4866 3294
f 4866 4864 3294
f 3294 4864 4862
f 2110 2108 763
f 2108 2106 763
f 763 2106 2104
f 4252 2715 1678
f 1626 1624 3398
f 1624 1622 3398
f 3398 1622 1620
f 2696 3402 2698
f 3402 1603 2698
f 2698 1603 1604
f 2772 2770 3402
f 2770 2768 3402
f 3402 2768 2766
f 3541 3543 1598
f 3543 3545 1598
f 1598 3545 3547
f 3547 3549 1598
f 3549 3551 1598
f 1598 3551 3553
f 4257 2789 2716
f 2789 1682 2716
f 2716 1682 2715
f 1682 1680 2715
f 2715 1680 1678
f 3452 3398 3454
f 3398 3456 3454
f 2746 3366 2748
f 3366 3364 2748
f 2748 3364 3362
f 3336 3334 4850
f 3334 3332 4850
f 4850 3332 3330
f 3326 3324 4850
f 3324 3322 4850
f 4850 3322 3320
f 3316 3314 4856
f 3314 3312 4856
f 4856 3312 3310
f 3553 3555 1598
f 3555 3557 1598
f 1598 3557 3559
f 3420 2706 3422
f 2706 3424 3422
f 4185 4209 3525
f 4209 4211 3525
f 3525 4211 4213
f 4185 4187 4209
f 4187 4189 4209
f 4209 4189 4191
f 3358 3356 2748
f 3356 3354 2748
f 2748 3354 2750
f 4862 4860 3294
f 4860 4858 3294
f 3294 4858 4856
f 1672 1670 2705
f 1670 1668 2705
f 2705 1668 1666
f 3470 3468 3397
f 3468 3466 3397
f 3397 3466 3464
f 3464 3462 3397
f 3462 3460 3397
f 3397 3460 3398
f 3460 3458 3398
f 3398 3458 3456
f 4197 4199 4201
f 3354 3352 2750
f 3352 3350 2750
f 2750 3350 3348
f 3316 4856 3318
f 4856 4854 3318
f 3318 4854 3320
f 4854 4852 3320
f 3320 4852 4850
f 3310 3308 4856
f 3308 3306 4856
f 4856 3306 3294
f 3306 3304 3294
f 3294 3304 3302
f 4220 1676 2705
f 1676 1674 2705
f 2705 1674 1672
f 4244 4246 1678
f 3432 3430 2706
f 4193 4205 4191
f 4205 4207 4191
f 4191 4207 4209
f 4193 4195 4205
f 4195 4197 4205
f 4205 4197 4203
f 4197 4201 4203
f 2766 2764 3402
f 2764 2762 3402
f 3402 2762 2760
f 4220 4222 1676
f 4222 4224 1676
f 1676 4224 4226
f 4246 4248 1678
f 4248 4250 1678
f 1678 4250 4252
f 3446 3444 2706
f 3444 3442 2706
f 3442 3440 2706
f 2706 3440 3438
f 3420 3418 2706
f 3418 3416 2706
f 2706 3416 3487
f 3416 3489 3487
f 3342 4850 3344
f 4850 3346 3344
f 3342 3340 4850
f 3340 3338 4850
f 4850 3338 3336
f 4226 4228 1676
f 4228 4230 1676
f 1676 4230 1678
f 4230 4232 1678
f 1634 1632 3398
f 3430 3428 2706
f 3428 3426 2706
f 2706 3426 3424
f 3497 3495 3416
f 3495 3493 3416
f 3493 3491 3416
f 3416 3491 3489
f 4850 4848 2760
f 4848 4846 2760
f 2760 4846 3402
f 4846 2710 3402
f 3402 2710 3404
f 2710 2709 3404
f 3404 2709 3406
f 2709 3519 3406
f 3406 3519 3517
f 3501 3406 3503
f 3406 3505 3503
f 3416 3414 3497
f 3414 3412 3497
f 3497 3412 3499
f 3412 3410 3499
f 3499 3410 3501
f 3410 3408 3501
f 3501 3408 3406
f 2760 2758 4850
f 2758 2756 4850
f 4850 2756 2754
f 2754 2752 4850
f 2752 2750 4850
f 4850 2750 3346
f 2750 3348 3346
f 4232 4234 1678
f 4234 4236 1678
f 1678 4236 4238
f 4238 4240 1678
f 4240 4242 1678
f 1678 4242 4244
f 1666 1664 2705
f 1664 1662 2705
f 2705 1662 2706
f 1662 1660 2706
f 2706 1660 1658
f 3452 1642 1640
f 1634 3398 1636
f 3438 3436 2706
f 3436 3434 2706
f 2706 3434 3432
f 3511 3509 3406
f 3509 3507 3406
f 3406 3507 3505
f 3452 1656 1654
f 1654 1652 3452
f 1652 1650 3452
f 3452 1650 1648
f 3452 1640 3398
f 1640 1638 3398
f 3398 1638 1636
f 1632 1630 3398
f 1630 1628 3398
f 3398 1628 1626
f 3517 3515 3406
f 3515 3513 3406
f 3406 3513 3511
f 1648 1646 3452
f 1646 1644 3452
f 3452 1644 1642
f 1656 3452 1658
f 3452 3450 1658
f 1658 3450 2706
f 3450 3448 2706
f 2706 3448 3446
f 5455 5064 5497
f 5064 5498 5497
f 5497 5498 5499
f 5498 5500 5499
f 5499 5500 5501
f 5500 5502 5501
f 5501 5502 5503
f 5502 5504 5503
f 5503 5504 5505
f 5504 5506 5505
f 5505 5506 5507
f 5506 5508 5507
f 5507 5508 5509
f 5508 5510 5509
f 5509 5510 5511
f 5510 5512 5511
f 5511 5512 5513
f 5512 5514 5513
f 5513 5514 5515
f 5514 5516 5515
f 5515 5516 5517
f 5516 5518 5517
f 5517 5518 5519
f 5518 5520 5519
f 5519 5520 5521
f 5520 5522 5521
f 5521 5522 5523
f 5522 5524 5523
f 5523 5524 5525
f 5524 5526 5525
f 5525 5526 5527
f 5526 5528 5527
f 5527 5528 5529
f 5528 5530 5529
f 5529 5530 1317
f 5530 1319 1317
f 1869 1419 1871
f 1419 1340 1871
f 1871 1340 1831
f 1340 1338 1831
f 1831 1338 1832
f 1338 1375 1832
f 1832 1375 1769
f 1375 1336 1769
f 1769 1336 1770
f 1336 1335 1770
f 1770 1335 1796
f 1335 1374 1796
f 1796 1374 1797
f 1374 1373 1797
f 1797 1373 1798
f 1373 1325 1798
f 1798 1325 1799
f 1325 1324 1799
f 1799 1324 1800
f 1324 1334 1800
f 1800 1334 1801
f 1334 1409 1801
f 1801 1409 1849
f 1409 1408 1849
f 1849 1408 1850
f 1408 1372 1850
f 1850 1372 1851
f 1372 1371 1851
f 1851 1371 1874
f 1371 1495 1874
f 1874 1495 1875
f 1495 1494 1875
f 1875 1494 1876
f 1494 1493 1876
f 1876 1493 1877
f 1493 1452 1877
f 1877 1452 1878
f 1452 1451 1878
f 1878 1451 1879
f 1451 1450 1879
f 1879 1450 1880
f 1450 1449 1880
f 1880 1449 1881
f 1449 1448 1881
f 1881 1448 1882
f 1448 1447 1882
f 1882 1447 1833
f 1447 1426 1833
f 1833 1426 1834
f 1426 1425 1834
f 1834 1425 1852
f 1425 1424 1852
f 1852 1424 1853
f 1424 1370 1853
f 1853 1370 1779
f 1370 1369 1779
f 1779 1369 1780
f 1369 1368 1780
f 1780 1368 1803
f 1368 1367 1803
f 1803 1367 1804
f 1367 1366 1804
f 1804 1366 1802
f 1366 1423 1802
f 1802 1423 1774
f 1423 1407 1774
f 1774 1407 1775
f 1407 1406 1775
f 1775 1406 1776
f 1406 1405 1776
f 1776 1405 1777
f 1405 1402 1777
f 1777 1402 1778
f 1402 1403 1778
f 1778 1403 1772
f 1403 1404 1772
f 1772 1404 1773
f 1404 1365 1773
f 1773 1365 1781
f 1365 1364 1781
f 1781 1364 1782
f 1364 1363 1782
f 1782 1363 1783
f 1363 1362 1783
f 1783 1362 1805
f 1362 1361 1805
f 1805 1361 1806
f 1361 1422 1806
f 1806 1422 1807
f 1422 1421 1807
f 1807 1421 1854
f 1421 1401 1854
f 1854 1401 1855
f 1401 1400 1855
f 1855 1400 1856
f 1400 1516 1856
f 1856 1516 1883
f 1516 1515 1883
f 1883 1515 1884
f 1515 1492 1884
f 1884 1492 1835
f 1492 1491 1835
f 1835 1491 1836
f 1491 1490 1836
f 1836 1490 1837
f 1490 1489 1837
f 1837 1489 1885
f 1489 1488 1885
f 1885 1488 1886
f 1488 1514 1886
f 1886 1514 1811
f 1514 1513 1811
f 1811 1513 1812
f 1513 1512 1812
f 1812 1512 1826
f 1512 1511 1826
f 1826 1511 1827
f 1511 1510 1827
f 1827 1510 1813
f 1510 1509 1813
f 1813 1509 1814
f 1509 1446 1814
f 1814 1446 1828
f 1446 1445 1828
f 1828 1445 1829
f 1445 1444 1829
f 1829 1444 1788
f 1444 1360 1788
f 1788 1360 1789
f 1360 1359 1789
f 1789 1359 1791
f 1359 1358 1791
f 1791 1358 1792
f 1358 1355 1792
f 1792 1355 1793
f 1355 1356 1793
f 1793 1356 1794
f 1356 1357 1794
f 1794 1357 1795
f 1357 1353 1795
f 1795 1353 1868
f 1353 1420 1868
f 1868 1420 1869
f 1420 1419 1869
f 3392 5508 3390
f 5508 5506 3390
f 3390 5506 3388
f 5506 5504 3388
f 3388 5504 3386
f 5504 5502 3386
f 3386 5502 3384
f 5502 5500 3384
f 3384 5500 3382
f 5500 5498 3382
f 3382 5498 3380
f 5498 5064 3380
f 3380 5064 3378
f 3371 5512 3392
f 5512 5510 3392
f 3392 5510 5508
f 3371 3479 5512
f 3479 3480 5512
f 5512 3480 5514
f 3480 3485 5514
f 5514 3485 5516
f 3485 3484 5516
f 5516 3484 5518
f 3484 3483 5518
f 5518 3483 5520
f 3483 3482 5520
f 5520 3482 5522
f 3482 3481 5522
f 5522 3481 5524
f 3481 3477 5524
f 5524 3477 5526
f 3477 3476 5526
f 5526 3476 5528
f 3476 3474 5528
f 5528 3474 5530
f 3474 3473 5530
f 5530 3473 1319
f 5531 5532 5533
f 5532 5534 5533
f 5533 5534 5535
f 5534 5536 5535
f 5535 5536 5537
f 5536 5538 5537
f 5537 5538 5539
f 5538 5540 5539
f 5539 5540 5541
f 5540 5542 5541
f 5541 5542 5543
f 5542 5544 5543
f 5543 5544 5545
f 5544 5546 5545
f 5545 5546 5547
f 5546 5548 5547
f 5547 5548 5549
f 5548 5550 5549
f 5549 5550 5551
f 5550 5552 5551
f 5551 5552 5553
f 5552 5554 5553
f 5553 5554 5555
f 5554 5556 5555
f 5555 5556 5557
f 5556 5558 5557
f 5557 5558 5559
f 5558 5560 5559
f 5559 5560 5561
f 5560 5562 5561
f 5561 5562 5563
f 5562 5564 5563
f 5563 5564 5565
f 5564 5566 5565
f 5565 5566 5567
f 5566 5568 5567
f 5567 5568 5569
f 5568 5570 5569
f 5569 5570 5571
f 5570 5572 5571
f 5571 5572 5573
f 5572 5574 5573
f 5573 5574 5575
f 5574 5576 5575
f 5575 5576 5577
f 5576 5578 5577
f 5577 5578 5579
f 5578 5580 5579
f 5579 5580 5581
f 5580 5582 5581
f 5581 5582 5583
f 5582 5584 5583
f 5583 5584 5585
f 5584 5586 5585
f 5585 5586 5587
f 5586 5588 5587
f 5587 5588 5589
f 5588 5590 5589
f 5589 5590 5591
f 5590 5592 5591
f 5591 5592 5593
f 5592 5594 5593
f 5593 5594 5595
f 5594 5596 5595
f 5595 5596 5597
f 5596 5598 5597
f 5597 5598 5599
f 5598 5600 5599
f 5599 5600 5601
f 5600 5602 5601
f 5601 5602 5603
f 5602 5604 5603
f 5603 5604 5605
f 5604 5606 5605
f 5605 5606 5607
f 5606 5608 5607
f 5607 5608 5609
f 5608 5610 5609
f 5609 5610 5611
f 5610 5612 5611
f 5611 5612 5613
f 5612 5614 5613
f 5613 5614 5615
f 5614 5616 5615
f 5615 5616 5617
f 5616 5618 5617
f 5617 5618 5619
f 5618 5620 5619
f 5619 5620 5621
f 5620 5622 5621
f 5621 5622 5623
f 5622 5624 5623
f 5623 5624 5625
f 5624 5626 5625
f 5625 5626 5627
f 5626 5628 5627
f 5627 5628 5629
f 5628 5630 5629
f 5629 5630 5631
f 5630 5632 5631
f 5631 5632 5633
f 5632 5634 5633
f 5633 5634 5635
f 5634 5636 5635
f 5635 5636 5637
f 5636 5638 5637
f 5637 5638 5639
f 5638 5640 5639
f 5639 5640 5641
f 5640 5642 5641
f 5641 5642 5643
f 5642 5644 5643
f 5643 5644 5645
f 5644 5646 5645
f 5645 5646 5647
f 5646 5648 5647
f 5647 5648 5649
f 5648 5650 5649
f 5649 5650 5651
f 5650 5652 5651
f 5651 5652 5653
f 5652 5654 5653
f 5653 5654 5655
f 5654 5656 5655
f 5655 5656 5657
f 5656 5658 5657
f 5657 5658 5659
f 5658 5660 5659
f 5659 5660 5661
f 5660 5662 5661
f 5661 5662 5663
f 5662 5664 5663
f 5663 5664 5665
f 5664 5666 5665
f 5665 5666 5667
f 5666 5668 5667
f 5667 5668 5669
f 5668 5670 5669
f 5669 5670 5671
f 5670 5672 5671
f 5671 5672 5673
f 5672 5674 5673
f 5673 5674 5531
f 5674 5532 5531
f 1317 3370 5529
f 3370 3369 5529
f 5529 3369 5527
f 3369 3396 5527
f 5527 3396 5525
f 3396 3395 5525
f 5525 3395 5523
f 3395 3377 5523
f 5523 3377 5521
f 3377 3376 5521
f 5521 3376 5519
f 3376 3375 5519
f 5519 3375 5517
f 3375 3374 5517
f 5517 3374 5515
f 3374 3373 5515
f 5515 3373 5513
f 3373 3372 5513
f 5513 3372 5511
f 3372 3394 5511
f 5511 3394 5509
f 3394 3393 5509
f 5509 3393 5507
f 3393 3391 5507
f 5507 3391 5505
f 3391 3389 5505
f 5505 3389 5503
f 3389 3387 5503
f 5503 3387 5501
f 3387 3385 5501
f 5501 3385 5499
f 3385 3383 5499
f 5499 3383 5497
f 3383 3381 5497
f 5497 3381 5455
f 3381 3379 5455
f 5675 5676 5677
f 5676 5678 5677
f 5677 5678 5679
f 5678 5680 5679
f 5679 5680 5681
f 5680 5682 5681
f 5681 5682 5683
f 5682 5684 5683
f 5683 5684 5685
f 5684 5686 5685
f 5685 5686 5687
f 5686 5688 5687
f 5687 5688 5689
f 5688 5690 5689
f 5689 5690 5691
f 5690 5692 5691
f 5691 5692 5693
f 5692 5694 5693
f 5693 5694 5695
f 5694 5696 5695
f 5695 5696 5697
f 5696 5698 5697
f 5697 5698 5699
f 5698 5700 5699
f 5699 5700 5701
f 5700 5702 5701
f 5701 5702 5703
f 5702 5704 5703
f 5703 5704 5705
f 5704 5706 5705
f 5705 5706 5707
f 5706 5708 5707
f 5707 5708 5709
f 5708 5710 5709
f 5709 5710 5711
f 5710 5712 5711
f 5711 5712 5713
f 5712 5714 5713
f 5713 5714 5715
f 5714 5716 5715
f 5715 5716 5717
f 5716 5718 5717
f 5717 5718 5719
f 5718 5720 5719
f 5719 5720 5721
f 5720 5722 5721
f 5721 5722 5723
f 5722 5724 5723
f 5723 5724 5725
f 5724 5726 5725
f 5725 5726 5727
f 5726 5728 5727
f 5727 5728 5729
f 5728 5730 5729
f 5729 5730 5731
f 5730 5732 5731
f 5731 5732 5733
f 5732 5734 5733
f 5733 5734 5735
f 5734 5736 5735
f 5735 5736 5737
f 5736 5738 5737
f 5737 5738 5739
f 5738 5740 5739
f 5739 5740 5741
f 5740 5742 5741
f 5741 5742 5743
f 5742 5744 5743
f 5743 5744 5745
f 5744 5746 5745
f 5745 5746 5747
f 5746 5748 5747
f 5747 5748 5749
f 5748 5750 5749
f 5749 5750 5751
f 5750 5752 5751
f 5751 5752 5753
f 5752 5754 5753
f 5753 5754 5755
f 5754 5756 5755
f 5755 5756 5757
f 5756 5758 5757
f 5757 5758 5759
f 5758 5760 5759
f 5759 5760 5761
f 5760 5762 5761
f 5761 5762 5763
f 5762 5764 5763
f 5763 5764 5765
f 5764 5766 5765
f 5765 5766 5767
f 5766 5768 5767
f 5767 5768 5769
f 5768 5770 5769
f 5769 5770 5771
f 5770 5772 5771
f 5771 5772 5773
f 5772 5774 5773
f 5773 5774 5775
f 5774 5776 5775
f 5775 5776 5777
f 5776 5778 5777
f 5777 5778 5779
f 5778 5780 5779
f 5779 5780 5781
f 5780 5782 5781
f 5781 5782 5783
f 5782 5784 5783
f 5783 5784 5785
f 5784 5786 5785
f 5785 5786 5787
f 5786 5788 5787
f 5787 5788 5789
f 5788 5790 5789
f 5789 5790 5791
f 5790 5792 5791
f 5791 5792 5793
f 5792 5794 5793
f 5793 5794 5795
f 5794 5796 5795
f 5795 5796 5797
f 5796 5798 5797
f 5797 5798 5799
f 5798 5800 5799
f 5799 5800 5801
f 5800 5802 5801
f 5801 5802 5803
f 5802 5804 5803
f 5803 5804 5805
f 5804 5806 5805
f 5805 5806 5807
f 5806 5808 5807
f 5807 5808 5809
f 5808 5810 5809
f 5809 5810 5811
f 5810 5812 5811
f 5811 5812 5813
f 5812 5814 5813
f 5813 5814 5815
f 5814 5816 5815
f 5815 5816 5817
f 5816 5818 5817
f 5817 5818 5675
f 5818 5676 5675
f 155 154 5274
f 644 643 5348
f 643 642 5348
f 5348 642 641
f 641 640 5274
f 640 639 5274
f 5274 639 155
f 641 5274 5348
f 5274 5272 5348
f 5348 5272 5350
f 5272 5270 5350
f 5350 5270 5352
f 5270 5268 5352
f 5352 5268 5354
f 5268 5266 5354
f 5354 5266 5356
f 5266 5264 5356
f 5356 5264 5358
f 5264 5262 5358
f 5358 5262 5360
f 5262 5260 5360
f 5360 5260 5362
f 5260 5258 5362
f 5362 5258 5364
f 5258 5256 5364
f 5364 5256 5366
f 5256 5254 5366
f 5366 5254 5368
f 5254 5252 5368
f 5368 5252 5370
f 5252 5250 5370
f 5370 5250 5372
f 5250 5248 5372
f 5372 5248 5374
f 5248 5246 5374
f 5374 5246 5376
f 5246 5244 5376
f 5376 5244 5378
f 5244 5242 5378
f 5378 5242 5380
f 5242 2698 5380
f 5380 2698 1604
f 2288 4772 2289
f 4772 4819 2289
f 2289 4819 2290
f 4819 4818 2290
f 2290 4818 2291
f 4818 4806 2291
f 2291 4806 2252
f 4806 4805 2252
f 2252 4805 2253
f 4805 4817 2253
f 2253 4817 2273
f 4817 4816 2273
f 2273 4816 2274
f 4816 4804 2274
f 2274 4804 2254
f 4804 4803 2254
f 2254 4803 2255
f 4803 4802 2255
f 2255 4802 2256
f 4802 4801 2256
f 2256 4801 2257
f 4801 4834 2257
f 2257 4834 2292
f 4834 4833 2292
f 2292 4833 2293
f 4833 4832 2293
f 2293 4832 2294
f 4832 4843 2294
f 2294 4843 2302
f 4843 4842 2302
f 2302 4842 2303
f 4842 4841 2303
f 2303 4841 2296
f 4841 4840 2296
f 2296 4840 2295
f 4840 4839 2295
f 2295 4839 2275
f 4839 4838 2275
f 2275 4838 2276
f 4838 4831 2276
f 2276 4831 2297
f 4831 4830 2297
f 2297 4830 2298
f 4830 4829 2298
f 2298 4829 2299
f 4829 4828 2299
f 2299 4828 2304
f 4828 4827 2304
f 2304 4827 2305
f 4827 4826 2305
f 2305 4826 2277
f 4826 4815 2277
f 2277 4815 2278
f 4815 4814 2278
f 2278 4814 2279
f 4814 4813 2279
f 2279 4813 2258
f 4813 4800 2258
f 2258 4800 2259
f 4800 4799 2259
f 2259 4799 2260
f 4799 4798 2260
f 2260 4798 2261
f 4798 4797 2261
f 2261 4797 2262
f 4797 4796 2262
f 2262 4796 2263
f 4796 4795 2263
f 2263 4795 2118
f 4795 4794 2118
f 2118 4794 2119
f 4794 4812 2119
f 2119 4812 2242
f 4812 4811 2242
f 2242 4811 2243
f 4811 4810 2243
f 2243 4810 2244
f 4810 4809 2244
f 2244 4809 2245
f 4809 4808 2245
f 2245 4808 2246
f 4808 4807 2246
f 2246 4807 2247
f 4807 4793 2247
f 2247 4793 2248
f 4793 4792 2248
f 2248 4792 2249
f 4792 4791 2249
f 2249 4791 2250
f 4791 4787 2250
f 2250 4787 2264
f 4787 4786 2264
f 2264 4786 2265
f 4786 4790 2265
f 2265 4790 2266
f 4790 4789 2266
f 2266 4789 2280
f 4789 4788 2280
f 2280 4788 2281
f 4788 4825 2281
f 2281 4825 2282
f 4825 4824 2282
f 2282 4824 2306
f 4824 4823 2306
f 2306 4823 2307
f 4823 4837 2307
f 2307 4837 2308
f 4837 4836 2308
f 2308 4836 2283
f 4836 4835 2283
f 2283 4835 2284
f 4835 4822 2284
f 2284 4822 2285
f 4822 4821 2285
f 2285 4821 2300
f 4821 4820 2300
f 2300 4820 2301
f 4820 4785 2301
f 2301 4785 2237
f 4785 4784 2237
f 2237 4784 2238
f 4784 4783 2238
f 2238 4783 2240
f 4783 4782 2240
f 2240 4782 2241
f 4782 4781 2241
f 2241 4781 2267
f 4781 4780 2267
f 2267 4780 2268
f 4780 4777 2268
f 2268 4777 2269
f 4777 4776 2269
f 2269 4776 2270
f 4776 4775 2270
f 2270 4775 2271
f 4775 4774 2271
f 2271 4774 2272
f 4774 4779 2272
f 2272 4779 2286
f 4779 4778 2286
f 2286 4778 2287
f 4778 4773 2287
f 2287 4773 2288
f 4773 4772 2288
f 3276 3275 5347
f 5273 3282 3281
f 3281 3280 5273
f 3280 3279 5273
f 5273 3279 3278
f 3276 5347 3277
f 3278 3277 5273
f 3277 5347 5273
f 5273 5347 5271
f 5347 5349 5271
f 5271 5349 5269
f 5349 5351 5269
f 5269 5351 5267
f 5351 5353 5267
f 5267 5353 5265
f 5353 5355 5265
f 5265 5355 5263
f 5355 5357 5263
f 5263 5357 5261
f 5357 5359 5261
f 5261 5359 5259
f 5359 5361 5259
f 5259 5361 5257
f 5361 5363 5257
f 5257 5363 5255
f 5363 5365 5255
f 5255 5365 5253
f 5365 5367 5253
f 5253 5367 5251
f 5367 5369 5251
f 5251 5369 5249
f 5369 5371 5249
f 5249 5371 5247
f 5371 5373 5247
f 5247 5373 5245
f 5373 5375 5245
f 5245 5375 5243
f 5375 5377 5243
f 5243 5377 5241
f 5377 5379 5241
f 5241 5379 2697
f 5379 1602 2697
f 2322 4699 2324
f 4699 4698 2324
f 2324 4698 2331
f 4698 4720 2331
f 2331 4720 2332
f 4720 4719 2332
f 2332 4719 2333
f 4719 4714 2333
f 2333 4714 2339
f 4714 4713 2339
f 2339 4713 2340
f 4713 4718 2340
f 2340 4718 2341
f 4718 4751 2341
f 2341 4751 2359
f 4751 4750 2359
f 2359 4750 2360
f 4750 4749 2360
f 2360 4749 2349
f 4749 4748 2349
f 2349 4748 2350
f 4748 4747 2350
f 2350 4747 2351
f 4747 4746 2351
f 2351 4746 2352
f 4746 4745 2352
f 2352 4745 2353
f 4745 4744 2353
f 2353 4744 2354
f 4744 4743 2354
f 2354 4743 2355
f 4743 4742 2355
f 2355 4742 2361
f 4742 4741 2361
f 2361 4741 2362
f 4741 4728 2362
f 2362 4728 2363
f 4728 4727 2363
f 2363 4727 2367
f 4727 4766 2367
f 2367 4766 2368
f 4766 4765 2368
f 2368 4765 2369
f 4765 4764 2369
f 2369 4764 2376
f 4764 4763 2376
f 2376 4763 2377
f 4763 4762 2377
f 2377 4762 2356
f 4762 4740 2356
f 2356 4740 2357
f 4740 4739 2357
f 2357 4739 2358
f 4739 4738 2358
f 2358 4738 2334
f 4738 4726 2334
f 2334 4726 2335
f 4726 4725 2335
f 2335 4725 2336
f 4725 4724 2336
f 2336 4724 2325
f 4724 4717 2325
f 2325 4717 2326
f 4717 4716 2326
f 2326 4716 2327
f 4716 4715 2327
f 2327 4715 2311
f 4715 4706 2311
f 2311 4706 2312
f 4706 4705 2312
f 2312 4705 2313
f 4705 4703 2313
f 2313 4703 2314
f 4703 4702 2314
f 2314 4702 2309
f 4702 4701 2309
f 2309 4701 2310
f 4701 4712 2310
f 2310 4712 2315
f 4712 4711 2315
f 2315 4711 2316
f 4711 4710 2316
f 2316 4710 2317
f 4710 4737 2317
f 2317 4737 2344
f 4737 4736 2344
f 2344 4736 2345
f 4736 4735 2345
f 2345 4735 2346
f 4735 4734 2346
f 2346 4734 2364
f 4734 4733 2364
f 2364 4733 2365
f 4733 4732 2365
f 2365 4732 2366
f 4732 4768 2366
f 2366 4768 2378
f 4768 4767 2378
f 2378 4767 2379
f 4767 4761 2379
f 2379 4761 2347
f 4761 4760 2347
f 2347 4760 2348
f 4760 4759 2348
f 2348 4759 2380
f 4759 4758 2380
f 2380 4758 2381
f 4758 4771 2381
f 2381 4771 2382
f 4771 4770 2382
f 2382 4770 2370
f 4770 4769 2370
f 2370 4769 2371
f 4769 4757 2371
f 2371 4757 2372
f 4757 4756 2372
f 2372 4756 2373
f 4756 4755 2373
f 2373 4755 2374
f 4755 4754 2374
f 2374 4754 2375
f 4754 4753 2375
f 2375 4753 2337
f 4753 4752 2337
f 2337 4752 2338
f 4752 4731 2338
f 2338 4731 2342
f 4731 4730 2342
f 2342 4730 2343
f 4730 4729 2343
f 2343 4729 2328
f 4729 4723 2328
f 2328 4723 2329
f 4723 4722 2329
f 2329 4722 2330
f 4722 4721 2330
f 2330 4721 2318
f 4721 4709 2318
f 2318 4709 2319
f 4709 4708 2319
f 2319 4708 2321
f 4708 4707 2321
f 2321 4707 2322
f 4707 4699 2322
f 2455 4667 2450
f 4667 4666 2450
f 2450 4666 2451
f 4666 4665 2451
f 2451 4665 2452
f 4665 4697 2452
f 2452 4697 2441
f 4697 4696 2441
f 2441 4696 2442
f 4696 4674 2442
f 2442 4674 2443
f 4674 4673 2443
f 2443 4673 2444
f 4673 4695 2444
f 2444 4695 2445
f 4695 4694 2445
f 2445 4694 2446
f 4694 4685 2446
f 2446 4685 2419
f 4685 4684 2419
f 2419 4684 2420
f 4684 4683 2420
f 2420 4683 2421
f 4683 4672 2421
f 2421 4672 2422
f 4672 4671 2422
f 2422 4671 2428
f 4671 4670 2428
f 2428 4670 2429
f 4670 4656 2429
f 2429 4656 2430
f 4656 4655 2430
f 2430 4655 2436
f 4655 4693 2436
f 2436 4693 2437
f 4693 4692 2437
f 2437 4692 2438
f 4692 4691 2438
f 2438 4691 2423
f 4691 4690 2423
f 2423 4690 2424
f 4690 4689 2424
f 2424 4689 2425
f 4689 4688 2425
f 2425 4688 2426
f 4688 4664 2426
f 2426 4664 2431
f 4664 4663 2431
f 2431 4663 2432
f 4663 4662 2432
f 2432 4662 2388
f 4662 4654 2388
f 2388 4654 2389
f 4654 4653 2389
f 2389 4653 2399
f 4653 4652 2399
f 2399 4652 2400
f 4652 4644 2400
f 2400 4644 2390
f 4644 4643 2390
f 2390 4643 2391
f 4643 4642 2391
f 2391 4642 2392
f 4642 4641 2392
f 2392 4641 2393
f 4641 4640 2393
f 2393 4640 2394
f 4640 4639 2394
f 2394 4639 2395
f 4639 4625 2395
f 2395 4625 2383
f 4625 4624 2383
f 2383 4624 2384
f 4624 4627 2384
f 2384 4627 2385
f 4627 4635 2385
f 2385 4635 2386
f 4635 4634 2386
f 2386 4634 2387
f 4634 4633 2387
f 2387 4633 2396
f 4633 4632 2396
f 2396 4632 2397
f 4632 4631 2397
f 2397 4631 2398
f 4631 4629 2398
f 2398 4629 2401
f 4629 4628 2401
f 2401 4628 2402
f 4628 4638 2402
f 2402 4638 2403
f 4638 4637 2403
f 2403 4637 2433
f 4637 4636 2433
f 2433 4636 2434
f 4636 4682 2434
f 2434 4682 2435
f 4682 4681 2435
f 2435 4681 2439
f 4681 4680 2439
f 2439 4680 2440
f 4680 4679 2440
f 2440 4679 2404
f 4679 4678 2404
f 2404 4678 2405
f 4678 4675 2405
f 2405 4675 2427
f 4675 4676 2427
f 2427 4676 2406
f 4676 4677 2406
f 2406 4677 2407
f 4677 4661 2407
f 2407 4661 2409
f 4661 4660 2409
f 2409 4660 2410
f 4660 4659 2410
f 2410 4659 2411
f 4659 4651 2411
f 2411 4651 2412
f 4651 4650 2412
f 2412 4650 2413
f 4650 4658 2413
f 2413 4658 2414
f 4658 4657 2414
f 2414 4657 2415
f 4657 4649 2415
f 2415 4649 2416
f 4649 4648 2416
f 2416 4648 2417
f 4648 4647 2417
f 2417 4647 2418
f 4647 4646 2418
f 2418 4646 2447
f 4646 4645 2447
f 2447 4645 2448
f 4645 4687 2448
f 2448 4687 2449
f 4687 4686 2449
f 2449 4686 2453
f 4686 4669 2453
f 2453 4669 2454
f 4669 4668 2454
f 2454 4668 2455
f 4668 4667 2455
f 2556 4483 2536
f 4483 4482 2536
f 2536 4482 2537
f 4482 4479 2537
f 2537 4479 2539
f 4479 4478 2539
f 2539 4478 2540
f 4478 4486 2540
f 2540 4486 2541
f 4486 4485 2541
f 2541 4485 2544
f 4485 4481 2544
f 2544 4481 2545
f 4481 4480 2545
f 2545 4480 2546
f 4480 4522 2546
f 2546 4522 2584
f 4522 4521 2584
f 2584 4521 2585
f 4521 4512 2585
f 2585 4512 2574
f 4512 4511 2574
f 2574 4511 2573
f 4511 4510 2573
f 2573 4510 2572
f 4510 4520 2572
f 2572 4520 2575
f 4520 4519 2575
f 2575 4519 2576
f 4519 4509 2576
f 2576 4509 2577
f 4509 4508 2577
f 2577 4508 2599
f 4508 4543 2599
f 2599 4543 2600
f 4543 4542 2600
f 2600 4542 2601
f 4542 4541 2601
f 2601 4541 2578
f 4541 4537 2578
f 2578 4537 2579
f 4537 4536 2579
f 2579 4536 2580
f 4536 4535 2580
f 2580 4535 2581
f 4535 4507 2581
f 2581 4507 2586
f 4507 4506 2586
f 2586 4506 2587
f 4506 4534 2587
f 2587 4534 2588
f 4534 4533 2588
f 2588 4533 2595
f 4533 4527 2595
f 2595 4527 2596
f 4527 4526 2596
f 2596 4526 2567
f 4526 4525 2567
f 2567 4525 2568
f 4525 4505 2568
f 2568 4505 2569
f 4505 4504 2569
f 2569 4504 2557
f 4504 4503 2557
f 2557 4503 2558
f 4503 4493 2558
f 2558 4493 2559
f 4493 4491 2559
f 2559 4491 2528
f 4491 4490 2528
f 2528 4490 2529
f 4490 4502 2529
f 2529 4502 2547
f 4502 4501 2547
f 2547 4501 2548
f 4501 4500 2548
f 2548 4500 2549
f 4500 4499 2549
f 2549 4499 2551
f 4499 4498 2551
f 2551 4498 2552
f 4498 4497 2552
f 2552 4497 2553
f 4497 4518 2553
f 2553 4518 2560
f 4518 4517 2560
f 2560 4517 2561
f 4517 4495 2561
f 2561 4495 2550
f 4495 4494 2550
f 2550 4494 2542
f 4494 4516 2542
f 2542 4516 2543
f 4516 4532 2543
f 2543 4532 2582
f 4532 4531 2582
f 2582 4531 2583
f 4531 4530 2583
f 2583 4530 2570
f 4530 4529 2570
f 2570 4529 2571
f 4529 4528 2571
f 2571 4528 2589
f 4528 4524 2589
f 2589 4524 2590
f 4524 4523 2590
f 2590 4523 2591
f 4523 4549 2591
f 2591 4549 2562
f 4549 4548 2562
f 2562 4548 2563
f 4548 4547 2563
f 2563 4547 2592
f 4547 4546 2592
f 2592 4546 2593
f 4546 4545 2593
f 2593 4545 2594
f 4545 4544 2594
f 2594 4544 2597
f 4544 4540 2597
f 2597 4540 2598
f 4540 4539 2598
f 2598 4539 2564
f 4539 4538 2564
f 2564 4538 2565
f 4538 4515 2565
f 2565 4515 2566
f 4515 4514 2566
f 2566 4514 2530
f 4514 4513 2530
f 2530 4513 2531
f 4513 4489 2531
f 2531 4489 2533
f 4489 4488 2533
f 2533 4488 2534
f 4488 4487 2534
f 2534 4487 2535
f 4487 4477 2535
f 2535 4477 2554
f 4477 4476 2554
f 2554 4476 2555
f 4476 4484 2555
f 2555 4484 2556
f 4484 4483 2556
f 647 648 4912
f 648 4879 4912
f 4912 4879 4911
f 4879 4880 4911
f 4911 4880 4910
f 4880 4881 4910
f 4910 4881 4909
f 4881 4882 4909
f 4909 4882 4908
f 4882 4883 4908
f 4908 4883 4907
f 4883 4884 4907
f 4907 4884 4906
f 4884 4885 4906
f 4906 4885 4905
f 4885 4886 4905
f 4905 4886 4904
f 4886 4887 4904
f 4904 4887 4903
f 4887 4888 4903
f 4903 4888 4902
f 4888 4889 4902
f 4902 4889 4901
f 4889 4890 4901
f 4901 4890 4900
f 4890 4891 4900
f 4900 4891 4899
f 4891 4892 4899
f 4899 4892 4898
f 4892 4893 4898
f 4898 4893 4897
f 4893 4894 4897
f 4897 4894 4896
f 4894 4895 4896
f 4896 4895 2689
f 4895 2688 2689
f 2146 4294 2197
f 4294 4293 2197
f 2197 4293 2198
f 4293 4375 2198
f 2198 4375 2168
f 4375 4374 2168
f 2168 4374 2169
f 4374 4376 2169
f 2169 4376 2170
f 4376 4347 2170
f 2170 4347 2171
f 4347 4346 2171
f 2171 4346 2184
f 4346 4345 2184
f 2184 4345 2185
f 4345 4341 2185
f 2185 4341 2164
f 4341 4340 2164
f 2164 4340 2165
f 4340 4338 2165
f 2165 4338 2172
f 4338 4337 2172
f 2172 4337 2173
f 4337 4372 2173
f 2173 4372 2174
f 4372 4371 2174
f 2174 4371 2186
f 4371 4360 2186
f 2186 4360 2187
f 4360 4359 2187
f 2187 4359 2188
f 4359 4390 2188
f 2188 4390 2201
f 4390 4389 2201
f 2201 4389 2202
f 4389 4401 2202
f 2202 4401 2208
f 4401 4400 2208
f 2208 4400 2209
f 4400 4396 2209
f 2209 4396 2210
f 4396 4395 2210
f 2210 4395 2211
f 4395 4394 2211
f 2211 4394 2212
f 4394 4388 2212
f 2212 4388 2189
f 4388 4387 2189
f 2189 4387 2190
f 4387 4386 2190
f 2190 4386 2191
f 4386 4358 2191
f 2191 4358 2203
f 4358 4357 2203
f 2203 4357 2204
f 4357 4356 2204
f 2204 4356 2160
f 4356 4355 2160
f 2160 4355 2161
f 4355 4354 2161
f 2161 4354 2162
f 4354 4353 2162
f 2162 4353 2147
f 4353 4344 2147
f 2147 4344 2140
f 4344 4343 2140
f 2140 4343 2141
f 4343 4342 2141
f 2141 4342 2148
f 4342 4336 2148
f 2148 4336 2149
f 4336 4335 2149
f 2149 4335 2151
f 4335 4333 2151
f 2151 4333 2152
f 4333 4352 2152
f 2152 4352 2155
f 4352 4351 2155
f 2155 4351 2156
f 4351 4350 2156
f 2156 4350 2157
f 4350 4370 2157
f 2157 4370 2175
f 4370 4369 2175
f 2175 4369 2176
f 4369 4368 2176
f 2176 4368 2177
f 4368 4367 2177
f 2177 4367 2178
f 4367 4366 2178
f 2178 4366 2179
f 4366 4365 2179
f 2179 4365 2180
f 4365 4385 2180
f 2180 4385 2181
f 4385 4384 2181
f 2181 4384 2182
f 4384 4383 2182
f 2182 4383 2183
f 4383 4382 2183
f 2183 4382 2213
f 4382 4381 2213
f 2213 4381 2214
f 4381 4364 2214
f 2214 4364 2215
f 4364 4363 2215
f 2215 4363 2216
f 4363 4399 2216
f 2216 4399 2217
f 4399 4398 2217
f 2217 4398 2218
f 4398 4397 2218
f 2218 4397 2205
f 4397 4393 2205
f 2205 4393 2206
f 4393 4392 2206
f 2206 4392 2207
f 4392 4391 2207
f 2207 4391 2153
f 4391 4380 2153
f 2153 4380 2154
f 4380 4379 2154
f 2154 4379 2192
f 4379 4378 2192
f 2192 4378 2193
f 4378 4331 2193
f 2193 4331 2194
f 4331 4330 2194
f 2194 4330 2195
f 4330 4329 2195
f 2195 4329 2196
f 4329 4328 2196
f 2196 4328 2158
f 4328 4327 2158
f 2158 4327 2159
f 4327 4362 2159
f 2159 4362 2166
f 4362 4361 2166
f 2166 4361 2167
f 4361 4349 2167
f 2167 4349 2144
f 4349 4348 2144
f 2144 4348 2146
f 4348 4294 2146
f 2632 4414 2608
f 4414 4413 2608
f 2608 4413 2609
f 4413 4412 2609
f 2609 4412 2610
f 4412 4411 2610
f 2610 4411 2611
f 4411 4410 2611
f 2611 4410 2618
f 4410 4409 2618
f 2618 4409 2619
f 4409 4421 2619
f 2619 4421 2620
f 4421 4420 2620
f 2620 4420 2657
f 4420 4419 2657
f 2657 4419 2658
f 4419 4455 2658
f 2658 4455 2659
f 4455 4454 2659
f 2659 4454 2660
f 4454 4448 2660
f 2660 4448 2661
f 4448 4447 2661
f 2661 4447 2662
f 4447 4446 2662
f 2662 4446 2663
f 4446 4433 2663
f 2663 4433 2664
f 4433 4432 2664
f 2664 4432 2665
f 4432 4431 2665
f 2665 4431 2668
f 4431 4453 2668
f 2668 4453 2669
f 4453 4452 2669
f 2669 4452 2670
f 4452 4451 2670
f 2670 4451 2649
f 4451 4445 2649
f 2649 4445 2650
f 4445 4444 2650
f 2650 4444 2651
f 4444 4443 2651
f 2651 4443 2652
f 4443 4442 2652
f 2652 4442 2653
f 4442 4441 2653
f 2653 4441 2654
f 4441 4440 2654
f 2654 4440 2666
f 4440 4439 2666
f 2666 4439 2667
f 4439 4438 2667
f 2667 4438 2633
f 4438 4437 2633
f 2633 4437 2634
f 4437 4430 2634
f 2634 4430 2635
f 4430 4429 2635
f 2635 4429 2612
f 4429 4428 2612
f 2612 4428 2613
f 4428 4408 2613
f 2613 4408 2614
f 4408 4407 2614
f 2614 4407 2615
f 4407 4405 2615
f 2615 4405 2616
f 4405 4404 2616
f 2616 4404 2617
f 4404 4427 2617
f 2617 4427 2621
f 4427 4426 2621
f 2621 4426 2622
f 4426 4425 2622
f 2622 4425 2623
f 4425 4424 2623
f 2623 4424 2624
f 4424 4423 2624
f 2624 4423 2625
f 4423 4436 2625
f 2625 4436 2626
f 4436 4435 2626
f 2626 4435 2627
f 4435 4434 2627
f 2627 4434 2628
f 4434 4463 2628
f 2628 4463 2629
f 4463 4462 2629
f 2629 4462 2636
f 4462 4461 2636
f 2636 4461 2637
f 4461 4460 2637
f 2637 4460 2638
f 4460 4459 2638
f 2638 4459 2639
f 4459 4458 2639
f 2639 4458 2640
f 4458 4457 2640
f 2640 4457 2641
f 4457 4456 2641
f 2641 4456 2671
f 4456 4450 2671
f 2671 4450 2672
f 4450 4449 2672
f 2672 4449 2673
f 4449 4475 2673
f 2673 4475 2642
f 4475 4474 2642
f 2642 4474 2643
f 4474 4473 2643
f 2643 4473 2644
f 4473 4472 2644
f 2644 4472 2645
f 4472 4471 2645
f 2645 4471 2646
f 4471 4470 2646
f 2646 4470 2647
f 4470 4469 2647
f 2647 4469 2648
f 4469 4468 2648
f 2648 4468 2655
f 4468 4467 2655
f 2655 4467 2656
f 4467 4466 2656
f 2656 4466 2605
f 4466 4465 2605
f 2605 4465 2606
f 4465 4464 2606
f 2606 4464 2607
f 4464 4418 2607
f 2607 4418 2602
f 4418 4417 2602
f 2602 4417 2603
f 4417 4416 2603
f 2603 4416 2604
f 4416 4403 2604
f 2604 4403 2630
f 4403 4402 2630
f 2630 4402 2631
f 4402 4415 2631
f 2631 4415 2632
f 4415 4414 2632
f 5491 5492 5493
f 5492 5819 5493
f 2221 3293 4320
f 2221 4320 2223
f 4320 4321 2223
f 2223 4321 2234
f 4321 4326 2234
f 2234 4326 2233
f 4326 4325 2233
f 2233 4325 2231
f 4325 4324 2231
f 2231 4324 2232
f 4324 4323 2232
f 2232 4323 2224
f 4323 4322 2224
f 2224 4322 2225
f 4322 4318 2225
f 2225 4318 2226
f 4318 4317 2226
f 2226 4317 2227
f 4317 4316 2227
f 2227 4316 2228
f 4316 4319 2228
f 2228 4319 2229
f 4319 4315 2229
f 2229 4315 2230
f 4315 4314 2230
f 2230 4314 2219
f 4314 4313 2219
f 2219 4313 2220
f 4313 4339 2220
f 2220 4339 2163
f 4339 4377 2163
f 2163 4377 2200
f 4377 4373 2200
f 2200 4373 2199
f 4373 2699 2199
f 2199 2699 2145
f 5493 5819 2691
f 5819 2690 2691
f 2136 3471 4297
f 2136 4297 2137
f 4297 4298 2137
f 2137 4298 2138
f 4298 4844 2138
f 2138 4844 2139
f 4844 4305 2139
f 2139 4305 2121
f 4305 4304 2121
f 2121 4304 2122
f 4304 4303 2122
f 2122 4303 2124
f 4303 4302 2124
f 2124 4302 2125
f 4302 4301 2125
f 2125 4301 2126
f 4301 4300 2126
f 2126 4300 2127
f 4300 4299 2127
f 2127 4299 2128
f 4299 4308 2128
f 2128 4308 2129
f 4308 4307 2129
f 2129 4307 2130
f 4307 4311 2130
f 2130 4311 2134
f 4311 4312 2134
f 2134 4312 2135
f 4312 4310 2135
f 2135 4310 2133
f 4310 4309 2133
f 2133 4309 2132
f 4309 4306 2132
f 2132 4306 2131
f 4306 3285 2131
f 2131 3285 2123
f 3561 3560 1600
f 3560 1599 1600
f 2703 2704 5820
f 2704 5821 5820
f 5820 5821 5822
f 5821 5823 5822
f 5822 5823 5824
f 5823 5825 5824
f 5824 5825 5826
f 5825 5827 5826
f 5826 5827 5828
f 5827 5829 5828
f 5828 5829 5830
f 5829 5831 5830
f 5830 5831 5832
f 5831 5833 5832
f 5832 5833 5834
f 5833 5835 5834
f 5834 5835 5836
f 5835 5837 5836
f 5836 5837 5838
f 5837 5839 5838
f 5838 5839 5840
f 5839 5841 5840
f 5840 5841 5842
f 5841 5843 5842
f 5842 5843 5844
f 5843 5845 5844
f 5844 5845 5846
f 5845 5847 5846
f 5846 5847 5848
f 5847 5849 5848
f 5848 5849 5850
f 5849 5851 5850
f 5850 5851 5852
f 5851 5853 5852
f 5852 5853 2700
f 5853 2143 2700
f 1683 1685 2790
f 2692 689 697
f 3370 1317 1316
f 3370 1316 697
f 1316 1593 697
f 697 1593 2692
f 4268 4266 4219
f 3526 3399 1597
f 4282 4280 4219
f 3565 2682 4219
f 2682 4290 4219
f 4219 4290 4288
f 4288 4286 4219
f 4286 4284 4219
f 4219 4284 4282
f 3859 3361 3363
f 3363 3365 3859
f 3365 3367 3859
f 3859 3367 3861
f 3370 5490 686
f 4280 4278 4219
f 4278 4276 4219
f 4219 4276 4274
f 2711 2712 3401
f 796 798 3370
f 798 800 3370
f 3370 800 3371
f 800 4033 3371
f 3371 4033 3478
f 2680 1058 2113
f 1058 2111 2113
f 1709 1711 2079
f 4274 4272 4219
f 4272 4270 4219
f 4219 4270 4268
f 2687 3297 5819
f 2783 2785 1602
f 3417 3419 2708
f 3465 3467 3399
f 3467 3469 3399
f 3399 3469 1597
f 790 792 3370
f 792 794 3370
f 3370 794 796
f 2059 2061 1715
f 2073 2075 1715
f 1766 1751 1753
f 1753 1755 1766
f 1755 1757 1766
f 1766 1757 3956
f 1757 1759 3956
f 3956 1759 1761
f 1610 1609 3524
f 1609 3400 3524
f 1609 1613 3400
f 1613 1615 3400
f 3400 1615 1617
f 1675 1677 2713
f 2790 4264 4262
f 5490 3370 5492
f 3370 697 5492
f 5492 697 5819
f 697 2689 5819
f 5819 2689 2687
f 3413 3415 3490
f 726 728 4183
f 728 730 4183
f 4183 730 732
f 2105 2107 1058
f 2107 2109 1058
f 1058 2109 2111
f 1721 2055 1719
f 2055 1717 1719
f 1711 1713 2079
f 1713 1715 2079
f 2079 1715 2077
f 1715 2075 2077
f 1617 1619 3400
f 1619 1621 3400
f 3400 1621 1623
f 2713 1677 2714
f 1683 2790 1681
f 3305 3307 4855
f 3307 3309 4855
f 4855 3309 3311
f 2721 3357 3359
f 2725 2727 2712
f 2727 2729 2712
f 2712 2729 2731
f 2785 2787 1602
f 2787 2695 1602
f 1602 2695 2697
f 3401 3403 2711
f 3403 3405 2711
f 2711 3405 3518
f 726 4183 1058
f 4183 2103 1058
f 1058 2103 2105
f 1693 1695 3523
f 1703 1705 2079
f 1705 1707 2079
f 2079 1707 1709
f 2089 2091 3523
f 2091 2093 3523
f 3523 2099 2101
f 2049 2051 1725
f 1745 1766 1743
f 1766 1741 1743
f 1717 2055 1715
f 2055 2057 1715
f 1715 2057 2059
f 2061 2063 1715
f 2063 2065 1715
f 1715 2065 2067
f 3400 4216 3524
f 4216 4214 3524
f 3524 4214 4212
f 4262 4260 2790
f 4260 4258 2790
f 2790 4258 1681
f 4258 2714 1681
f 1681 2714 1679
f 2714 1677 1679
f 1763 3521 2703
f 3521 4292 2703
f 2703 4292 2701
f 4292 4219 2701
f 2701 4219 2790
f 4219 4266 2790
f 2790 4266 4264
f 5819 4861 4863
f 4863 4865 5819
f 4865 4867 5819
f 5819 4867 4869
f 4869 4871 5819
f 4871 4873 5819
f 5819 4873 4875
f 4875 4877 5819
f 4877 2683 5819
f 5819 2683 2690
f 3325 3327 4849
f 3327 3329 4849
f 4849 3329 3331
f 4845 2721 2712
f 2721 2723 2712
f 2712 2723 2725
f 2771 2773 3401
f 2773 2775 3401
f 2775 2777 3401
f 2777 2779 3401
f 3401 2779 2781
f 2783 1602 2781
f 1602 1601 2781
f 2781 1601 3401
f 3490 3415 3488
f 3540 3538 1597
f 740 742 5854
f 742 744 5854
f 5854 744 746
f 746 748 5854
f 748 750 5854
f 5854 750 752
f 5854 774 776
f 776 778 5854
f 778 780 5854
f 5854 780 782
f 2101 2103 3523
f 2103 4183 3523
f 3523 4183 3563
f 4183 3855 3563
f 3563 3855 3565
f 3855 3854 3565
f 3565 3854 2682
f 3854 5855 2682
f 1763 1687 3521
f 1687 1689 3521
f 3521 1689 3523
f 1689 1691 3523
f 3523 1691 1693
f 2079 2081 3523
f 2081 2083 3523
f 2093 2095 3523
f 2095 2097 3523
f 3523 2097 2099
f 1721 1723 2055
f 1723 1725 2055
f 2055 1725 2053
f 1725 2051 2053
f 1745 1747 1766
f 1747 1749 1766
f 1766 1749 1751
f 2067 2069 1715
f 2069 2071 1715
f 1715 2071 2073
f 1649 1651 2707
f 1661 2707 1659
f 2707 1657 1659
f 1665 1667 4223
f 3311 3313 4855
f 3313 3315 4855
f 4855 3315 4853
f 3315 4851 4853
f 3319 3321 4849
f 3321 3323 4849
f 4849 3323 3325
f 3331 3333 4849
f 3333 3335 4849
f 4849 3335 3337
f 2731 2733 2712
f 2733 2735 2712
f 2712 2735 2737
f 3453 3399 3451
f 3399 3400 3451
f 3451 3400 3449
f 3453 3455 3399
f 3455 3457 3399
f 3399 3457 3459
f 2683 2682 2690
f 2682 5855 2690
f 2690 5855 684
f 5855 5856 684
f 684 5856 686
f 5856 5854 686
f 686 5854 3370
f 5854 788 3370
f 3370 788 790
f 732 734 4183
f 734 736 4183
f 4183 736 5854
f 736 738 5854
f 5854 738 740
f 758 760 5854
f 760 762 5854
f 782 784 5854
f 784 786 5854
f 5854 786 788
f 1695 1697 3523
f 1697 1699 3523
f 3523 1699 2079
f 1699 1701 2079
f 2079 1701 1703
f 2083 2085 3523
f 2085 2087 3523
f 3523 2087 2089
f 1661 1663 2707
f 1663 1665 2707
f 2707 1665 4221
f 1665 4223 4221
f 4231 4229 1667
f 4855 4857 5819
f 4857 4859 5819
f 5819 4859 4861
f 4845 4847 2721
f 4847 4849 2721
f 2721 4849 3339
f 4849 3337 3339
f 3407 3409 3500
f 3504 3506 3405
f 3417 2708 3415
f 2708 3486 3415
f 3415 3486 3488
f 3459 3461 3399
f 3461 3463 3399
f 3399 3463 3465
f 3540 1597 3542
f 3538 3536 1597
f 3536 3534 1597
f 1597 3534 3532
f 752 754 5854
f 754 756 5854
f 5854 756 758
f 762 764 5854
f 764 766 5854
f 5854 766 768
f 4186 4208 4188
f 4208 4190 4188
f 4212 4210 3524
f 4210 4208 3524
f 3524 4208 4184
f 4208 4186 4184
f 1623 1625 3400
f 1625 1627 3400
f 3400 1627 1629
f 1629 1631 3400
f 1631 1633 3400
f 3400 1633 2707
f 1633 1635 2707
f 2707 1635 1637
f 1651 1653 2707
f 1653 1655 2707
f 2707 1655 1657
f 3297 3299 5819
f 3299 3301 5819
f 5819 3301 4855
f 3301 3303 4855
f 4855 3303 3305
f 3351 3353 2721
f 3353 3355 2721
f 2721 3355 3357
f 3859 3283 3361
f 3283 2717 3361
f 3361 2717 3359
f 2717 2719 3359
f 3359 2719 2721
f 1599 3560 1597
f 3560 3558 1597
f 1597 3558 3556
f 1597 3550 3548
f 3532 3530 1597
f 3530 3528 1597
f 1597 3528 3526
f 768 770 5854
f 770 772 5854
f 5854 772 774
f 4204 4196 4194
f 1637 1639 2707
f 1639 1641 2707
f 2707 1641 1643
f 1671 4235 4233
f 4229 4227 1667
f 4227 4225 1667
f 1667 4225 4223
f 2713 4253 1675
f 4253 4251 1675
f 1675 4251 4249
f 4851 3315 4849
f 3315 3317 4849
f 4849 3317 3319
f 3339 3341 2721
f 3341 3343 2721
f 2721 3343 3345
f 2737 2739 2712
f 2739 2741 2712
f 2712 2741 2743
f 2743 2745 2712
f 2745 2747 2712
f 2712 2747 2749
f 2765 2767 3401
f 2767 2769 3401
f 3401 2769 2771
f 3490 3492 3413
f 3492 3494 3413
f 3413 3494 3411
f 3494 3496 3411
f 3411 3496 3409
f 3496 3498 3409
f 3409 3498 3500
f 3407 3500 3405
f 3500 3502 3405
f 3405 3502 3504
f 3419 3421 2708
f 3421 3423 2708
f 2708 3423 2707
f 3423 3425 2707
f 3443 3445 3400
f 3445 3447 3400
f 3400 3447 3449
f 3548 3546 1597
f 3546 3544 1597
f 1597 3544 3542
f 1727 2045 1725
f 2045 2047 1725
f 1725 2047 2049
f 1735 1737 2043
f 4204 4202 4196
f 4202 4200 4196
f 4196 4200 4198
f 4208 4206 4190
f 4206 4204 4190
f 4190 4204 4192
f 4204 4194 4192
f 1643 1645 2707
f 1645 1647 2707
f 2707 1647 1649
f 4249 4247 1675
f 4247 4245 1675
f 1675 4245 4243
f 3345 3347 2721
f 3347 3349 2721
f 2721 3349 3351
f 2757 2759 3401
f 3506 3508 3405
f 3508 3510 3405
f 3405 3510 3512
f 3425 3427 2707
f 3427 3429 2707
f 2707 3429 3400
f 3429 3431 3400
f 3431 3433 3400
f 3433 3435 3400
f 3400 3435 3437
f 3437 3439 3400
f 3439 3441 3400
f 3400 3441 3443
f 3556 3554 1597
f 3554 3552 1597
f 1597 3552 3550
f 1727 1729 2045
f 1729 1731 2045
f 2045 1731 2043
f 1731 1733 2043
f 2043 1733 1735
f 1766 1765 1741
f 1765 2043 1741
f 1741 2043 1739
f 2043 1737 1739
f 4231 1667 4233
f 1667 1669 4233
f 4233 1669 1671
f 4243 4241 1675
f 4241 4239 1675
f 1675 4239 4237
f 2749 2751 2712
f 2751 2753 2712
f 2712 2753 3401
f 2753 2755 3401
f 3401 2755 2757
f 2759 2761 3401
f 2761 2763 3401
f 3401 2763 2765
f 3512 3514 3405
f 3514 3516 3405
f 3405 3516 3518
f 4235 1671 4237
f 1671 1673 4237
f 4237 1673 1675
f 3472 2236 5857
f 2236 5858 5857
f 5857 5858 5859
f 5858 5860 5859
f 5859 5860 5861
f 5860 5862 5861
f 5861 5862 5863
f 5862 5864 5863
f 5863 5864 5865
f 5864 5866 5865
f 5865 5866 5867
f 5866 5868 5867
f 5867 5868 5869
f 5868 5870 5869
f 5869 5870 5871
f 5870 5872 5871
f 5871 5872 5873
f 5872 5874 5873
f 5873 5874 5875
f 5874 5876 5875
f 5875 5876 5877
f 5876 5878 5877
f 5877 5878 5879
f 5878 5880 5879
f 5879 5880 5881
f 5880 5882 5881
f 5881 5882 5883
f 5882 5884 5883
f 5883 5884 5885
f 5884 5886 5885
f 5885 5886 5887
f 5886 5888 5887
f 5887 5888 5889
f 5888 5890 5889
f 5889 5890 1763
f 5890 1764 1763
f 1994 1532 1995
f 1532 1505 1995
f 1995 1505 1932
f 1505 1504 1932
f 1932 1504 1916
f 1504 1462 1916
f 1916 1462 1917
f 1462 1461 1917
f 1917 1461 1945
f 1461 1460 1945
f 1945 1460 1946
f 1460 1459 1946
f 1946 1459 1947
f 1459 1458 1947
f 1947 1458 1980
f 1458 1522 1980
f 1980 1522 1981
f 1522 1521 1981
f 1981 1521 1982
f 1521 1520 1982
f 1982 1520 1996
f 1520 1550 1996
f 1996 1550 1997
f 1550 1549 1997
f 1997 1549 1998
f 1549 1548 1998
f 1998 1548 1999
f 1548 1547 1999
f 1999 1547 2000
f 1547 1546 2000
f 2000 1546 1988
f 1546 1503 1988
f 1988 1503 1989
f 1503 1502 1989
f 1989 1502 1990
f 1502 1539 1990
f 1990 1539 1991
f 1539 1538 1991
f 1991 1538 1810
f 1538 1537 1810
f 1810 1537 1915
f 1537 1519 1915
f 1915 1519 1888
f 1519 1518 1888
f 1888 1518 1889
f 1518 1517 1889
f 1889 1517 1890
f 1517 1501 1890
f 1890 1501 1891
f 1501 1500 1891
f 1891 1500 1892
f 1500 1499 1892
f 1892 1499 1907
f 1499 1498 1907
f 1907 1498 1908
f 1498 1497 1908
f 1908 1497 1862
f 1497 1496 1862
f 1862 1496 1863
f 1496 1435 1863
f 1863 1435 1864
f 1435 1434 1864
f 1864 1434 1816
f 1434 1433 1816
f 1816 1433 1817
f 1433 1347 1817
f 1817 1347 1893
f 1347 1346 1893
f 1893 1346 1894
f 1346 1439 1894
f 1894 1439 1838
f 1439 1441 1838
f 1838 1441 1951
f 1441 1417 1951
f 1951 1417 1952
f 1417 1416 1952
f 1952 1416 1937
f 1416 1415 1937
f 1937 1415 1938
f 1415 1414 1938
f 1938 1414 1939
f 1414 1464 1939
f 1939 1464 1954
f 1464 1463 1954
f 1954 1463 1955
f 1463 1413 1955
f 1955 1413 1956
f 1413 1412 1956
f 1956 1412 1957
f 1412 1479 1957
f 1957 1479 1958
f 1479 1478 1958
f 1958 1478 1959
f 1478 1387 1959
f 1959 1387 1972
f 1387 1386 1972
f 1972 1386 1973
f 1386 1508 1973
f 1973 1508 1974
f 1508 1507 1974
f 1974 1507 2001
f 1507 1506 2001
f 2001 1506 2002
f 1506 1555 2002
f 2002 1555 2003
f 1555 1554 2003
f 2003 1554 2004
f 1554 1553 2004
f 2004 1553 1936
f 1553 1536 1936
f 1936 1536 1918
f 1536 1535 1918
f 1918 1535 1919
f 1535 1534 1919
f 1919 1534 1920
f 1534 1473 1920
f 1920 1473 1921
f 1473 1474 1921
f 1921 1474 1922
f 1474 1475 1922
f 1922 1475 1923
f 1475 1477 1923
f 1923 1477 1924
f 1477 1476 1924
f 1924 1476 1926
f 1476 1350 1926
f 1926 1350 1925
f 1350 1349 1925
f 1925 1349 1897
f 1349 1411 1897
f 1897 1411 1927
f 1411 1410 1927
f 1927 1410 1984
f 1410 1385 1984
f 1984 1385 1985
f 1385 1384 1985
f 1985 1384 1986
f 1384 1438 1986
f 1986 1438 1987
f 1438 1437 1987
f 1987 1437 1993
f 1437 1533 1993
f 1993 1533 1994
f 1533 1532 1994
f 2236 2235 5858
f 2235 2239 5858
f 2239 2320 5858
f 2320 2408 5858
f 5858 2408 2460
f 2460 2532 5853
f 2532 2150 5853
f 5853 2150 2143
f 2460 5853 5858
f 5853 5851 5858
f 5858 5851 5860
f 5851 5849 5860
f 5860 5849 5862
f 5849 5847 5862
f 5862 5847 5864
f 5847 5845 5864
f 5864 5845 5866
f 5845 5843 5866
f 5866 5843 5868
f 5843 5841 5868
f 5868 5841 5870
f 5841 5839 5870
f 5870 5839 5872
f 5839 5837 5872
f 5872 5837 5874
f 5837 5835 5874
f 5874 5835 5876
f 5835 5833 5876
f 5876 5833 5878
f 5833 5831 5878
f 5878 5831 5880
f 5831 5829 5880
f 5880 5829 5882
f 5829 5827 5882
f 5882 5827 5884
f 5827 5825 5884
f 5884 5825 5886
f 5825 5823 5886
f 5886 5823 5888
f 5823 5821 5888
f 5888 5821 5890
f 5821 2704 5890
f 5890 2704 1764
f 5891 5892 5893
f 5892 5894 5893
f 5893 5894 5895
f 5894 5896 5895
f 5895 5896 5897
f 5896 5898 5897
f 5897 5898 5899
f 5898 5900 5899
f 5899 5900 5901
f 5900 5902 5901
f 5901 5902 5903
f 5902 5904 5903
f 5903 5904 5905
f 5904 5906 5905
f 5905 5906 5907
f 5906 5908 5907
f 5907 5908 5909
f 5908 5910 5909
f 5909 5910 5911
f 5910 5912 5911
f 5911 5912 5913
f 5912 5914 5913
f 5913 5914 5915
f 5914 5916 5915
f 5915 5916 5917
f 5916 5918 5917
f 5917 5918 5919
f 5918 5920 5919
f 5919 5920 5921
f 5920 5922 5921
f 5921 5922 5923
f 5922 5924 5923
f 5923 5924 5925
f 5924 5926 5925
f 5925 5926 5927
f 5926 5928 5927
f 5927 5928 5929
f 5928 5930 5929
f 5929 5930 5931
f 5930 5932 5931
f 5931 5932 5933
f 5932 5934 5933
f 5933 5934 5935
f 5934 5936 5935
f 5935 5936 5937
f 5936 5938 5937
f 5937 5938 5939
f 5938 5940 5939
f 5939 5940 5941
f 5940 5942 5941
f 5941 5942 5943
f 5942 5944 5943
f 5943 5944 5945
f 5944 5946 5945
f 5945 5946 5947
f 5946 5948 5947
f 5947 5948 5949
f 5948 5950 5949
f 5949 5950 5951
f 5950 5952 5951
f 5951 5952 5953
f 5952 5954 5953
f 5953 5954 5955
f 5954 5956 5955
f 5955 5956 5957
f 5956 5958 5957
f 5957 5958 5959
f 5958 5960 5959
f 5959 5960 5961
f 5960 5962 5961
f 5961 5962 5963
f 5962 5964 5963
f 5963 5964 5965
f 5964 5966 5965
f 5965 5966 5967
f 5966 5968 5967
f 5967 5968 5969
f 5968 5970 5969
f 5969 5970 5971
f 5970 5972 5971
f 5971 5972 5973
f 5972 5974 5973
f 5973 5974 5975
f 5974 5976 5975
f 5975 5976 5977
f 5976 5978 5977
f 5977 5978 5979
f 5978 5980 5979
f 5979 5980 5981
f 5980 5982 5981
f 5981 5982 5983
f 5982 5984 5983
f 5983 5984 5985
f 5984 5986 5985
f 5985 5986 5987
f 5986 5988 5987
f 5987 5988 5989
f 5988 5990 5989
f 5989 5990 5991
f 5990 5992 5991
f 5991 5992 5993
f 5992 5994 5993
f 5993 5994 5995
f 5994 5996 5995
f 5995 5996 5997
f 5996 5998 5997
f 5997 5998 5999
f 5998 6000 5999
f 5999 6000 6001
f 6000 6002 6001
f 6001 6002 6003
f 6002 6004 6003
f 6003 6004 6005
f 6004 6006 6005
f 6005 6006 6007
f 6006 6008 6007
f 6007 6008 6009
f 6008 6010 6009
f 6009 6010 6011
f 6010 6012 6011
f 6011 6012 6013
f 6012 6014 6013
f 6013 6014 6015
f 6014 6016 6015
f 6015 6016 6017
f 6016 6018 6017
f 6017 6018 6019
f 6018 6020 6019
f 6019 6020 6021
f 6020 6022 6021
f 6021 6022 6023
f 6022 6024 6023
f 6023 6024 6025
f 6024 6026 6025
f 6025 6026 6027
f 6026 6028 6027
f 6027 6028 6029
f 6028 6030 6029
f 6029 6030 6031
f 6030 6032 6031
f 6031 6032 6033
f 6032 6034 6033
f 6033 6034 5891
f 6034 5892 5891
f 1967 1442 1992
f 1442 1440 1992
f 1992 1440 1843
f 1440 1345 1843
f 1843 1345 1844
f 1345 1344 1844
f 1844 1344 1845
f 1344 1343 1845
f 1845 1343 1818
f 1343 1342 1818
f 1818 1342 1819
f 1342 1383 1819
f 1819 1383 1820
f 1383 1382 1820
f 1820 1382 1821
f 1382 1381 1821
f 1821 1381 1822
f 1381 1380 1822
f 1822 1380 1846
f 1380 1379 1846
f 1846 1379 1847
f 1379 1323 1847
f 1847 1323 1848
f 1323 1322 1848
f 1848 1322 1865
f 1322 1472 1865
f 1865 1472 1866
f 1472 1471 1866
f 1866 1471 1867
f 1471 1457 1867
f 1867 1457 1909
f 1457 1456 1909
f 1909 1456 1910
f 1456 1470 1910
f 1910 1470 1911
f 1470 1469 1911
f 1911 1469 1912
f 1469 1468 1912
f 1912 1468 1913
f 1468 1455 1913
f 1913 1455 1914
f 1455 1454 1914
f 1914 1454 1901
f 1454 1453 1901
f 1901 1453 1902
f 1453 1432 1902
f 1902 1432 1903
f 1432 1431 1903
f 1903 1431 1904
f 1431 1430 1904
f 1904 1430 1905
f 1430 1429 1905
f 1905 1429 1906
f 1429 1428 1906
f 1906 1428 1823
f 1428 1427 1823
f 1823 1427 1824
f 1427 1377 1824
f 1824 1377 1825
f 1377 1378 1825
f 1825 1378 1771
f 1378 1326 1771
f 1771 1326 1830
f 1326 1376 1830
f 1830 1376 1873
f 1376 1337 1873
f 1873 1337 1872
f 1337 1339 1872
f 1872 1339 1870
f 1339 1341 1870
f 1870 1341 1790
f 1341 1418 1790
f 1790 1418 1887
f 1418 1354 1887
f 1887 1354 1784
f 1354 1352 1784
f 1784 1352 1785
f 1352 1351 1785
f 1785 1351 1786
f 1351 1399 1786
f 1786 1399 1787
f 1399 1321 1787
f 1787 1321 1898
f 1321 1320 1898
f 1898 1320 1899
f 1320 1333 1899
f 1899 1333 1900
f 1333 1398 1900
f 1900 1398 1933
f 1398 1397 1933
f 1933 1397 1934
f 1397 1396 1934
f 1934 1396 1935
f 1396 1467 1935
f 1935 1467 1948
f 1467 1466 1948
f 1948 1466 1949
f 1466 1465 1949
f 1949 1465 1950
f 1465 1487 1950
f 1950 1487 1968
f 1487 1486 1968
f 1968 1486 1969
f 1486 1395 1969
f 1969 1395 1970
f 1395 1394 1970
f 1970 1394 1971
f 1394 1485 1971
f 1971 1485 1953
f 1485 1484 1953
f 1953 1484 1839
f 1484 1483 1839
f 1839 1483 1840
f 1483 1482 1840
f 1840 1482 1857
f 1482 1481 1857
f 1857 1481 1858
f 1481 1480 1858
f 1858 1480 1841
f 1480 1393 1841
f 1841 1393 1842
f 1393 1392 1842
f 1842 1392 1859
f 1392 1391 1859
f 1859 1391 1860
f 1391 1390 1860
f 1860 1390 1861
f 1390 1389 1861
f 1861 1389 1896
f 1389 1388 1896
f 1896 1388 1895
f 1388 1332 1895
f 1895 1332 1815
f 1332 1331 1815
f 1815 1331 1808
f 1331 1330 1808
f 1808 1330 1809
f 1330 1329 1809
f 1809 1329 1965
f 1329 1328 1965
f 1965 1328 1966
f 1328 1443 1966
f 1966 1443 1967
f 1443 1442 1967
f 4295 3472 5857
f 1763 2703 5889
f 2703 5820 5889
f 5889 5820 5887
f 5820 5822 5887
f 5887 5822 5885
f 5822 5824 5885
f 5885 5824 5883
f 5824 5826 5883
f 5883 5826 5881
f 5826 5828 5881
f 5881 5828 5879
f 5828 5830 5879
f 5879 5830 5877
f 5830 5832 5877
f 5877 5832 5875
f 5832 5834 5875
f 5875 5834 5873
f 5834 5836 5873
f 5873 5836 5871
f 5836 5838 5871
f 5871 5838 5869
f 5838 5840 5869
f 5869 5840 5867
f 5840 5842 5867
f 5867 5842 5865
f 5842 5844 5865
f 5865 5844 5863
f 5844 5846 5863
f 5863 5846 5861
f 5846 5848 5861
f 5861 5848 5859
f 5848 5850 5859
f 5859 5850 5857
f 5850 5852 5857
f 2700 4332 5852
f 4332 4422 5852
f 5852 4422 4496
f 4496 4567 5852
f 4567 4630 5852
f 5852 4630 5857
f 4630 4700 5857
f 5857 4700 4295
f 6035 6036 6037
f 6036 6038 6037
f 6037 6038 6039
f 6038 6040 6039
f 6039 6040 6041
f 6040 6042 6041
f 6041 6042 6043
f 6042 6044 6043
f 6043 6044 6045
f 6044 6046 6045
f 6045 6046 6047
f 6046 6048 6047
f 6047 6048 6049
f 6048 6050 6049
f 6049 6050 6051
f 6050 6052 6051
f 6051 6052 6053
f 6052 6054 6053
f 6053 6054 6055
f 6054 6056 6055
f 6055 6056 6057
f 6056 6058 6057
f 6057 6058 6059
f 6058 6060 6059
f 6059 6060 6061
f 6060 6062 6061
f 6061 6062 6063
f 6062 6064 6063
f 6063 6064 6065
f 6064 6066 6065
f 6065 6066 6067
f 6066 6068 6067
f 6067 6068 6069
f 6068 6070 6069
f 6069 6070 6071
f 6070 6072 6071
f 6071 6072 6073
f 6072 6074 6073
f 6073 6074 6075
f 6074 6076 6075
f 6075 6076 6077
f 6076 6078 6077
f 6077 6078 6079
f 6078 6080 6079
f 6079 6080 6081
f 6080 6082 6081
f 6081 6082 6083
f 6082 6084 6083
f 6083 6084 6085
f 6084 6086 6085
f 6085 6086 6087
f 6086 6088 6087
f 6087 6088 6089
f 6088 6090 6089
f 6089 6090 6091
f 6090 6092 6091
f 6091 6092 6093
f 6092 6094 6093
f 6093 6094 6095
f 6094 6096 6095
f 6095 6096 6097
f 6096 6098 6097
f 6097 6098 6099
f 6098 6100 6099
f 6099 6100 6101
f 6100 6102 6101
f 6101 6102 6103
f 6102 6104 6103
f 6103 6104 6105
f 6104 6106 6105
f 6105 6106 6107
f 6106 6108 6107
f 6107 6108 6109
f 6108 6110 6109
f 6109 6110 6111
f 6110 6112 6111
f 6111 6112 6113
f 6112 6114 6113
f 6113 6114 6115
f 6114 6116 6115
f 6115 6116 6117
f 6116 6118 6117
f 6117 6118 6119
f 6118 6120 6119
f 6119 6120 6121
f 6120 6122 6121
f 6121 6122 6123
f 6122 6124 6123
f 6123 6124 6125
f 6124 6126 6125
f 6125 6126 6127
f 6126 6128 6127
f 6127 6128 6129
f 6128 6130 6129
f 6129 6130 6131
f 6130 6132 6131
f 6131 6132 6133
f 6132 6134 6133
f 6133 6134 6135
f 6134 6136 6135
f 6135 6136 6137
f 6136 6138 6137
f 6137 6138 6139
f 6138 6140 6139
f 6139 6140 6141
f 6140 6142 6141
f 6141 6142 6143
f 6142 6144 6143
f 6143 6144 6145
f 6144 6146 6145
f 6145 6146 6147
f 6146 6148 6147
f 6147 6148 6149
f 6148 6150 6149
f 6149 6150 6151
f 6150 6152 6151
f 6151 6152 6153
f 6152 6154 6153
f 6153 6154 6155
f 6154 6156 6155
f 6155 6156 6157
f 6156 6158 6157
f 6157 6158 6159
f 6158 6160 6159
f 6159 6160 6161
f 6160 6162 6161
f 6161 6162 6163
f 6162 6164 6163
f 6163 6164 6165
f 6164 6166 6165
f 6165 6166 6167
f 6166 6168 6167
f 6167 6168 6169
f 6168 6170 6169
f 6169 6170 6171
f 6170 6172 6171
f 6171 6172 6173
f 6172 6174 6173
f 6173 6174 6175
f 6174 6176 6175
f 6175 6176 6177
f 6176 6178 6177
f 6177 6178 6035
f 6178 6036 6035
f 1301 946 1302
f 946 945 1302
f 1302 945 1303
f 945 876 1303
f 1303 876 1304
f 876 875 1304
f 1304 875 1308
f 875 874 1308
f 1308 874 1309
f 874 873 1309
f 1309 873 1310
f 873 872 1310
f 1310 872 1311
f 872 871 1311
f 1311 871 1312
f 871 844 1312
f 1312 844 1254
f 844 843 1254
f 1254 843 1255
f 843 842 1255
f 1255 842 1256
f 842 823 1256
f 1256 823 1185
f 823 822 1185
f 1185 822 1186
f 822 821 1186
f 1186 821 1187
f 821 808 1187
f 1187 808 1188
f 808 806 1188
f 1188 806 1189
f 806 805 1189
f 1189 805 1190
f 805 870 1190
f 1190 870 1192
f 870 869 1192
f 1192 869 1193
f 869 868 1193
f 1193 868 1237
f 868 841 1237
f 1237 841 1238
f 841 840 1238
f 1238 840 1194
f 840 838 1194
f 1194 838 1211
f 838 912 1211
f 1211 912 1090
f 912 906 1090
f 1090 906 1151
f 906 908 1151
f 1151 908 1152
f 908 910 1152
f 1152 910 1215
f 910 1037 1215
f 1215 1037 1216
f 1037 1036 1216
f 1216 1036 1217
f 1036 1035 1217
f 1217 1035 1218
f 1035 1034 1218
f 1218 1034 1219
f 1034 1033 1219
f 1219 1033 1220
f 1033 1032 1220
f 1220 1032 1221
f 1032 1031 1221
f 1221 1031 1222
f 1031 1030 1222
f 1222 1030 1094
f 1030 959 1094
f 1094 959 1095
f 959 958 1095
f 1095 958 1096
f 958 957 1096
f 1096 957 1197
f 957 956 1197
f 1197 956 1198
f 956 955 1198
f 1198 955 1199
f 955 903 1199
f 1199 903 1156
f 903 902 1156
f 1156 902 1157
f 902 901 1157
f 1157 901 1175
f 901 864 1175
f 1175 864 1176
f 864 863 1176
f 1176 863 1108
f 863 862 1108
f 1108 862 1109
f 862 861 1109
f 1109 861 1110
f 861 860 1110
f 1110 860 1066
f 860 859 1066
f 1066 859 1067
f 859 812 1067
f 1067 812 1113
f 812 814 1113
f 1113 814 1065
f 814 811 1065
f 1065 811 1236
f 811 950 1236
f 1236 950 1182
f 950 951 1182
f 1182 951 1183
f 951 996 1183
f 1183 996 1250
f 996 953 1250
f 1250 953 1249
f 953 952 1249
f 1249 952 1247
f 952 834 1247
f 1247 834 1262
f 834 833 1262
f 1262 833 1263
f 833 894 1263
f 1263 894 1265
f 894 893 1265
f 1265 893 1292
f 893 892 1292
f 1292 892 1293
f 892 1057 1293
f 1293 1057 1294
f 1057 1056 1294
f 1294 1056 1295
f 1056 1048 1295
f 1295 1048 1296
f 1048 1047 1296
f 1296 1047 1298
f 1047 1046 1298
f 1298 1046 1299
f 1046 1029 1299
f 1299 1029 1300
f 1029 1028 1300
f 1300 1028 1305
f 1028 1027 1305
f 1305 1027 1306
f 1027 1026 1306
f 1306 1026 1307
f 1026 947 1307
f 1307 947 1301
f 947 946 1301
f 5494 5856 5496
f 5856 5855 5496
f 1071 909 907
f 1071 907 1246
f 907 905 1246
f 1246 905 1088
f 905 904 1088
f 1088 904 1089
f 904 911 1089
f 1089 911 1243
f 911 913 1243
f 1243 913 1244
f 913 961 1244
f 1244 961 1245
f 961 960 1245
f 1245 960 1257
f 960 917 1257
f 1257 917 1258
f 917 916 1258
f 1258 916 1212
f 916 915 1212
f 1212 915 1213
f 915 914 1213
f 1213 914 1214
f 914 867 1214
f 1214 867 1241
f 867 866 1241
f 1241 866 1242
f 866 865 1242
f 1242 865 1195
f 865 837 1195
f 1195 837 1196
f 837 836 1196
f 1196 836 1240
f 836 918 1240
f 1240 918 1239
f 918 839 1239
f 1239 839 1191
f 5496 5855 3856
f 5855 3854 3856
f 1201 826 924
f 1201 924 1203
f 924 925 1203
f 1203 925 1204
f 925 881 1204
f 1204 881 1083
f 881 880 1083
f 1083 880 1084
f 880 878 1084
f 1084 878 1086
f 878 877 1086
f 1086 877 1087
f 877 928 1087
f 1087 928 1135
f 928 927 1135
f 1135 927 1136
f 927 974 1136
f 1136 974 1137
f 974 973 1137
f 1137 973 1128
f 973 972 1128
f 1128 972 1129
f 972 971 1129
f 1129 971 1131
f 971 970 1131
f 1131 970 1132
f 970 967 1132
f 1132 967 1133
f 967 831 1133
f 1133 831 1134
f 831 830 1134
f 1134 830 1127
f 830 891 1127
f 1127 891 1125
f 891 813 1125
f 1125 813 1062
f 2680 2681 6179
f 2681 6180 6179
f 6179 6180 6181
f 6180 6182 6181
f 6181 6182 6183
f 6182 6184 6183
f 6183 6184 6185
f 6184 6186 6185
f 6185 6186 6187
f 6186 6188 6187
f 6187 6188 6189
f 6188 6190 6189
f 6189 6190 6191
f 6190 6192 6191
f 6191 6192 6193
f 6192 6194 6193
f 6193 6194 6195
f 6194 6196 6195
f 6195 6196 6197
f 6196 6198 6197
f 6197 6198 6199
f 6198 6200 6199
f 6199 6200 6201
f 6200 6202 6201
f 6201 6202 6203
f 6202 6204 6203
f 6203 6204 6205
f 6204 6206 6205
f 6205 6206 6207
f 6206 6208 6207
f 6207 6208 6209
f 6208 6210 6209
f 6209 6210 6211
f 6210 6212 6211
f 6211 6212 807
f 6212 1166 807
f 802 1147 6213
f 1147 6214 6213
f 6213 6214 6215
f 6214 6216 6215
f 6215 6216 6217
f 6216 6218 6217
f 6217 6218 6219
f 6218 6220 6219
f 6219 6220 6221
f 6220 6222 6221
f 6221 6222 6223
f 6222 6224 6223
f 6223 6224 6225
f 6224 6226 6225
f 6225 6226 6227
f 6226 6228 6227
f 6227 6228 6229
f 6228 6230 6229
f 6229 6230 6231
f 6230 6232 6231
f 6231 6232 6233
f 6232 6234 6233
f 6233 6234 6235
f 6234 6236 6235
f 6235 6236 6237
f 6236 6238 6237
f 6237 6238 6239
f 6238 6240 6239
f 6239 6240 6241
f 6240 6242 6241
f 6241 6242 6243
f 6242 6244 6243
f 6243 6244 6245
f 6244 6246 6245
f 6245 6246 1058
f 6246 1059 1058
f 1147 1166 6212
f 1147 6212 6214
f 6212 6210 6214
f 6214 6210 6216
f 6210 6208 6216
f 6216 6208 6218
f 6208 6206 6218
f 6218 6206 6220
f 6206 6204 6220
f 6220 6204 6222
f 6204 6202 6222
f 6222 6202 6224
f 6202 6200 6224
f 6224 6200 6226
f 6200 6198 6226
f 6226 6198 6228
f 6198 6196 6228
f 6228 6196 6230
f 6196 6194 6230
f 6230 6194 6232
f 6194 6192 6232
f 6232 6192 6234
f 6192 6190 6234
f 6234 6190 6236
f 6190 6188 6236
f 6236 6188 6238
f 6188 6186 6238
f 6238 6186 6240
f 6186 6184 6240
f 6240 6184 6242
f 6184 6182 6242
f 6242 6182 6244
f 6182 6180 6244
f 6244 6180 6246
f 6180 2681 6246
f 6246 2681 1059
f 6247 6248 6249
f 6248 6250 6249
f 6249 6250 6251
f 6250 6252 6251
f 6251 6252 6253
f 6252 6254 6253
f 6253 6254 6255
f 6254 6256 6255
f 6255 6256 6257
f 6256 6258 6257
f 6257 6258 6259
f 6258 6260 6259
f 6259 6260 6261
f 6260 6262 6261
f 6261 6262 6263
f 6262 6264 6263
f 6263 6264 6265
f 6264 6266 6265
f 6265 6266 6267
f 6266 6268 6267
f 6267 6268 6269
f 6268 6270 6269
f 6269 6270 6271
f 6270 6272 6271
f 6271 6272 6273
f 6272 6274 6273
f 6273 6274 6275
f 6274 6276 6275
f 6275 6276 6277
f 6276 6278 6277
f 6277 6278 6279
f 6278 6280 6279
f 6279 6280 6281
f 6280 6282 6281
f 6281 6282 6283
f 6282 6284 6283
f 6283 6284 6285
f 6284 6286 6285
f 6285 6286 6287
f 6286 6288 6287
f 6287 6288 6289
f 6288 6290 6289
f 6289 6290 6291
f 6290 6292 6291
f 6291 6292 6293
f 6292 6294 6293
f 6293 6294 6295
f 6294 6296 6295
f 6295 6296 6297
f 6296 6298 6297
f 6297 6298 6299
f 6298 6300 6299
f 6299 6300 6301
f 6300 6302 6301
f 6301 6302 6303
f 6302 6304 6303
f 6303 6304 6305
f 6304 6306 6305
f 6305 6306 6307
f 6306 6308 6307
f 6307 6308 6309
f 6308 6310 6309
f 6309 6310 6311
f 6310 6312 6311
f 6311 6312 6313
f 6312 6314 6313
f 6313 6314 6315
f 6314 6316 6315
f 6315 6316 6317
f 6316 6318 6317
f 6317 6318 6319
f 6318 6320 6319
f 6319 6320 6321
f 6320 6322 6321
f 6321 6322 6323
f 6322 6324 6323
f 6323 6324 6325
f 6324 6326 6325
f 6325 6326 6327
f 6326 6328 6327
f 6327 6328 6329
f 6328 6330 6329
f 6329 6330 6331
f 6330 6332 6331
f 6331 6332 6333
f 6332 6334 6333
f 6333 6334 6335
f 6334 6336 6335
f 6335 6336 6337
f 6336 6338 6337
f 6337 6338 6339
f 6338 6340 6339
f 6339 6340 6341
f 6340 6342 6341
f 6341 6342 6343
f 6342 6344 6343
f 6343 6344 6345
f 6344 6346 6345
f 6345 6346 6347
f 6346 6348 6347
f 6347 6348 6349
f 6348 6350 6349
f 6349 6350 6351
f 6350 6352 6351
f 6351 6352 6353
f 6352 6354 6353
f 6353 6354 6355
f 6354 6356 6355
f 6355 6356 6357
f 6356 6358 6357
f 6357 6358 6359
f 6358 6360 6359
f 6359 6360 6361
f 6360 6362 6361
f 6361 6362 6363
f 6362 6364 6363
f 6363 6364 6365
f 6364 6366 6365
f 6365 6366 6367
f 6366 6368 6367
f 6367 6368 6369
f 6368 6370 6369
f 6369 6370 6371
f 6370 6372 6371
f 6371 6372 6373
f 6372 6374 6373
f 6373 6374 6375
f 6374 6376 6375
f 6375 6376 6377
f 6376 6378 6377
f 6377 6378 6379
f 6378 6380 6379
f 6379 6380 6381
f 6380 6382 6381
f 6381 6382 6383
f 6382 6384 6383
f 6383 6384 6385
f 6384 6386 6385
f 6385 6386 6387
f 6386 6388 6387
f 6387 6388 6389
f 6388 6390 6389
f 6389 6390 6247
f 6390 6248 6247
f 1058 2680 6245
f 2680 6179 6245
f 6245 6179 6243
f 6179 6181 6243
f 6243 6181 6241
f 6181 6183 6241
f 6241 6183 6239
f 6183 6185 6239
f 6239 6185 6237
f 6185 6187 6237
f 6237 6187 6235
f 6187 6189 6235
f 6235 6189 6233
f 6189 6191 6233
f 6233 6191 6231
f 6191 6193 6231
f 6231 6193 6229
f 6193 6195 6229
f 6229 6195 6227
f 6195 6197 6227
f 6227 6197 6225
f 6197 6199 6225
f 6225 6199 6223
f 6199 6201 6223
f 6223 6201 6221
f 6201 6203 6221
f 6221 6203 6219
f 6203 6205 6219
f 6219 6205 6217
f 6205 6207 6217
f 6217 6207 6215
f 6207 6209 6215
f 6215 6209 6213
f 6209 6211 6213
f 6213 6211 802
f 6211 807 802
f 6391 6392 6393
f 6392 6394 6393
f 6393 6394 6395
f 6394 6396 6395
f 6395 6396 6397
f 6396 6398 6397
f 6397 6398 6399
f 6398 6400 6399
f 6399 6400 6401
f 6400 6402 6401
f 6401 6402 6403
f 6402 6404 6403
f 6403 6404 6405
f 6404 6406 6405
f 6405 6406 6407
f 6406 6408 6407
f 6407 6408 6409
f 6408 6410 6409
f 6409 6410 6411
f 6410 6412 6411
f 6411 6412 6413
f 6412 6414 6413
f 6413 6414 6415
f 6414 6416 6415
f 6415 6416 6417
f 6416 6418 6417
f 6417 6418 6419
f 6418 6420 6419
f 6419 6420 6421
f 6420 6422 6421
f 6421 6422 6423
f 6422 6424 6423
f 6423 6424 6425
f 6424 6426 6425
f 6425 6426 6427
f 6426 6428 6427
f 6427 6428 6429
f 6428 6430 6429
f 6429 6430 6431
f 6430 6432 6431
f 6431 6432 6433
f 6432 6434 6433
f 6433 6434 6435
f 6434 6436 6435
f 6435 6436 6437
f 6436 6438 6437
f 6437 6438 6439
f 6438 6440 6439
f 6439 6440 6441
f 6440 6442 6441
f 6441 6442 6443
f 6442 6444 6443
f 6443 6444 6445
f 6444 6446 6445
f 6445 6446 6447
f 6446 6448 6447
f 6447 6448 6449
f 6448 6450 6449
f 6449 6450 6451
f 6450 6452 6451
f 6451 6452 6453
f 6452 6454 6453
f 6453 6454 6455
f 6454 6456 6455
f 6455 6456 6457
f 6456 6458 6457
f 6457 6458 6459
f 6458 6460 6459
f 6459 6460 6461
f 6460 6462 6461
f 6461 6462 6463
f 6462 6464 6463
f 6463 6464 6465
f 6464 6466 6465
f 6465 6466 6467
f 6466 6468 6467
f 6467 6468 6469
f 6468 6470 6469
f 6469 6470 6471
f 6470 6472 6471
f 6471 6472 6473
f 6472 6474 6473
f 6473 6474 6475
f 6474 6476 6475
f 6475 6476 6477
f 6476 6478 6477
f 6477 6478 6479
f 6478 6480 6479
f 6479 6480 6481
f 6480 6482 6481
f 6481 6482 6483
f 6482 6484 6483
f 6483 6484 6485
f 6484 6486 6485
f 6485 6486 6487
f 6486 6488 6487
f 6487 6488 6489
f 6488 6490 6489
f 6489 6490 6491
f 6490 6492 6491
f 6491 6492 6493
f 6492 6494 6493
f 6493 6494 6495
f 6494 6496 6495
f 6495 6496 6497
f 6496 6498 6497
f 6497 6498 6499
f 6498 6500 6499
f 6499 6500 6501
f 6500 6502 6501
f 6501 6502 6503
f 6502 6504 6503
f 6503 6504 6505
f 6504 6506 6505
f 6505 6506 6507
f 6506 6508 6507
f 6507 6508 6509
f 6508 6510 6509
f 6509 6510 6511
f 6510 6512 6511
f 6511 6512 6513
f 6512 6514 6513
f 6513 6514 6515
f 6514 6516 6515
f 6515 6516 6517
f 6516 6518 6517
f 6517 6518 6519
f 6518 6520 6519
f 6519 6520 6521
f 6520 6522 6521
f 6521 6522 6523
f 6522 6524 6523
f 6523 6524 6525
f 6524 6526 6525
f 6525 6526 6527
f 6526 6528 6527
f 6527 6528 6529
f 6528 6530 6529
f 6529 6530 6531
f 6530 6532 6531
f 6531 6532 6533
f 6532 6534 6533
f 6533 6534 6391
f 6534 6392 6391
f 6535 6536 6537
f 6536 6538 6537
f 6537 6538 6539
f 6538 6540 6539
f 6539 6540 6541
f 6540 6542 6541
f 6541 6542 6543
f 6542 6544 6543
f 6543 6544 6545
f 6544 6546 6545
f 6545 6546 6547
f 6546 6548 6547
f 6547 6548 6549
f 6548 6550 6549
f 6549 6550 6551
f 6550 6552 6551
f 6551 6552 6553
f 6552 6554 6553
f 6553 6554 6555
f 6554 6556 6555
f 6555 6556 6557
f 6556 6558 6557
f 6557 6558 6559
f 6558 6560 6559
f 6559 6560 6561
f 6560 6562 6561
f 6561 6562 6563
f 6562 6564 6563
f 6563 6564 6565
f 6564 6566 6565
f 6565 6566 6567
f 6566 6568 6567
f 6567 6568 6569
f 6568 6570 6569
f 6569 6570 6571
f 6570 6572 6571
f 6571 6572 6573
f 6572 6574 6573
f 6573 6574 6575
f 6574 6576 6575
f 6575 6576 6577
f 6576 6578 6577
f 6577 6578 6579
f 6578 6580 6579
f 6579 6580 6581
f 6580 6582 6581
f 6581 6582 6583
f 6582 6584 6583
f 6583 6584 6585
f 6584 6586 6585
f 6585 6586 6587
f 6586 6588 6587
f 6587 6588 6589
f 6588 6590 6589
f 6589 6590 6591
f 6590 6592 6591
f 6591 6592 6593
f 6592 6594 6593
f 6593 6594 6595
f 6594 6596 6595
f 6595 6596 6597
f 6596 6598 6597
f 6597 6598 6599
f 6598 6600 6599
f 6599 6600 6601
f 6600 6602 6601
f 6601 6602 6603
f 6602 6604 6603
f 6603 6604 6605
f 6604 6606 6605
f 6605 6606 6607
f 6606 6608 6607
f 6607 6608 6609
f 6608 6610 6609
f 6609 6610 6611
f 6610 6612 6611
f 6611 6612 6613
f 6612 6614 6613
f 6613 6614 6615
f 6614 6616 6615
f 6615 6616 6617
f 6616 6618 6617
f 6617 6618 6619
f 6618 6620 6619
f 6619 6620 6621
f 6620 6622 6621
f 6621 6622 6623
f 6622 6624 6623
f 6623 6624 6625
f 6624 6626 6625
f 6625 6626 6627
f 6626 6628 6627
f 6627 6628 6629
f 6628 6630 6629
f 6629 6630 6631
f 6630 6632 6631
f 6631 6632 6633
f 6632 6634 6633
f 6633 6634 6635
f 6634 6636 6635
f 6635 6636 6637
f 6636 6638 6637
f 6637 6638 6639
f 6638 6640 6639
f 6639 6640 6641
f 6640 6642 6641
f 6641 6642 6643
f 6642 6644 6643
f 6643 6644 6645
f 6644 6646 6645
f 6645 6646 6647
f 6646 6648 6647
f 6647 6648 6649
f 6648 6650 6649
f 6649 6650 6651
f 6650 6652 6651
f 6651 6652 6653
f 6652 6654 6653
f 6653 6654 6655
f 6654 6656 6655
f 6655 6656 6657
f 6656 6658 6657
f 6657 6658 6659
f 6658 6660 6659
f 6659 6660 6661
f 6660 6662 6661
f 6661 6662 6663
f 6662 6664 6663
f 6663 6664 6665
f 6664 6666 6665
f 6665 6666 6667
f 6666 6668 6667
f 6667 6668 6669
f 6668 6670 6669
f 6669 6670 6671
f 6670 6672 6671
f 6671 6672 6673
f 6672 6674 6673
f 6673 6674 6675
f 6674 6676 6675
f 6675 6676 6677
f 6676 6678 6677
f 6677 6678 6535
f 6678 6536 6535
f 6679 6680 6681
f 6680 6682 6681
f 6681 6682 6683
f 6682 6684 6683
f 6683 6684 6685
f 6684 6686 6685
f 6685 6686 6687
f 6686 6688 6687
f 6687 6688 6689
f 6688 6690 6689
f 6689 6690 6691
f 6690 6692 6691
f 6691 6692 6693
f 6692 6694 6693
f 6693 6694 6695
f 6694 6696 6695
f 6695 6696 6697
f 6696 6698 6697
f 6697 6698 6699
f 6698 6700 6699
f 6699 6700 6701
f 6700 6702 6701
f 6701 6702 6703
f 6702 6704 6703
f 6703 6704 6705
f 6704 6706 6705
f 6705 6706 6707
f 6706 6708 6707
f 6707 6708 6709
f 6708 6710 6709
f 6709 6710 6711
f 6710 6712 6711
f 6711 6712 6713
f 6712 6714 6713
f 6713 6714 6715
f 6714 6716 6715
f 6715 6716 6717
f 6716 6718 6717
f 6717 6718 6719
f 6718 6720 6719
f 6719 6720 6721
f 6720 6722 6721
f 6721 6722 6723
f 6722 6724 6723
f 6723 6724 6725
f 6724 6726 6725
f 6725 6726 6727
f 6726 6728 6727
f 6727 6728 6729
f 6728 6730 6729
f 6729 6730 6731
f 6730 6732 6731
f 6731 6732 6733
f 6732 6734 6733
f 6733 6734 6735
f 6734 6736 6735
f 6735 6736 6737
f 6736 6738 6737
f 6737 6738 6739
f 6738 6740 6739
f 6739 6740 6741
f 6740 6742 6741
f 6741 6742 6743
f 6742 6744 6743
f 6743 6744 6745
f 6744 6746 6745
f 6745 6746 6747
f 6746 6748 6747
f 6747 6748 6749
f 6748 6750 6749
f 6749 6750 6751
f 6750 6752 6751
f 6751 6752 6753
f 6752 6754 6753
f 6753 6754 6755
f 6754 6756 6755
f 6755 6756 6757
f 6756 6758 6757
f 6757 6758 6759
f 6758 6760 6759
f 6759 6760 6761
f 6760 6762 6761
f 6761 6762 6763
f 6762 6764 6763
f 6763 6764 6765
f 6764 6766 6765
f 6765 6766 6767
f 6766 6768 6767
f 6767 6768 6769
f 6768 6770 6769
f 6769 6770 6771
f 6770 6772 6771
f 6771 6772 6773
f 6772 6774 6773
f 6773 6774 6775
f 6774 6776 6775
f 6775 6776 6777
f 6776 6778 6777
f 6777 6778 6779
f 6778 6780 6779
f 6779 6780 6781
f 6780 6782 6781
f 6781 6782 6783
f 6782 6784 6783
f 6783 6784 6785
f 6784 6786 6785
f 6785 6786 6787
f 6786 6788 6787
f 6787 6788 6789
f 6788 6790 6789
f 6789 6790 6791
f 6790 6792 6791
f 6791 6792 6793
f 6792 6794 6793
f 6793 6794 6795
f 6794 6796 6795
f 6795 6796 6797
f 6796 6798 6797
f 6797 6798 6799
f 6798 6800 6799
f 6799 6800 6801
f 6800 6802 6801
f 6801 6802 6803
f 6802 6804 6803
f 6803 6804 6805
f 6804 6806 6805
f 6805 6806 6807
f 6806 6808 6807
f 6807 6808 6809
f 6808 6810 6809
f 6809 6810 6811
f 6810 6812 6811
f 6811 6812 6813
f 6812 6814 6813
f 6813 6814 6815
f 6814 6816 6815
f 6815 6816 6817
f 6816 6818 6817
f 6817 6818 6819
f 6818 6820 6819
f 6819 6820 6821
f 6820 6822 6821
f 6821 6822 6679
f 6822 6680 6679
f 1685 1686 6823
f 1686 6824 6823
f 6823 6824 6825
f 6824 6826 6825
f 6825 6826 6827
f 6826 6828 6827
f 6827 6828 6829
f 6828 6830 6829
f 6829 6830 6831
f 6830 6832 6831
f 6831 6832 6833
f 6832 6834 6833
f 6833 6834 6835
f 6834 6836 6835
f 6835 6836 6837
f 6836 6838 6837
f 6837 6838 6839
f 6838 6840 6839
f 6839 6840 6841
f 6840 6842 6841
f 6841 6842 6843
f 6842 6844 6843
f 6843 6844 6845
f 6844 6846 6845
f 6845 6846 6847
f 6846 6848 6847
f 6847 6848 6849
f 6848 6850 6849
f 6849 6850 6851
f 6850 6852 6851
f 6851 6852 6853
f 6852 6854 6853
f 6853 6854 6855
f 6854 6856 6855
f 6855 6856 6857
f 6856 6858 6857
f 6859 6860 6861
f 6860 6862 6861
f 6861 6862 6863
f 6862 6864 6863
f 6863 6864 6865
f 6864 6866 6865
f 6865 6866 6867
f 6866 6868 6867
f 6867 6868 6869
f 6868 6870 6869
f 6869 6870 6871
f 6870 6872 6871
f 6871 6872 6873
f 6872 6874 6873
f 6873 6874 6875
f 6874 6876 6875
f 6875 6876 6877
f 6876 6878 6877
f 6877 6878 6879
f 6878 6880 6879
f 6879 6880 6881
f 6880 6882 6881
f 6881 6882 6883
f 6882 6884 6883
f 6883 6884 6885
f 6884 6886 6885
f 6885 6886 6887
f 6886 6888 6887
f 6887 6888 6889
f 6888 6890 6889
f 6889 6890 6891
f 6890 6892 6891
f 6891 6892 6893
f 6892 6894 6893
f 6893 6894 6895
f 6894 6896 6895
f 6895 6896 6897
f 6896 6898 6897
f 6897 6898 6899
f 6898 6900 6899
f 6899 6900 6901
f 6900 6902 6901
f 6901 6902 6903
f 6902 6904 6903
f 6903 6904 6905
f 6904 6906 6905
f 6905 6906 6907
f 6906 6908 6907
f 6907 6908 6909
f 6908 6910 6909
f 6909 6910 6911
f 6910 6912 6911
f 6911 6912 6913
f 6912 6914 6913
f 6913 6914 6915
f 6914 6916 6915
f 6915 6916 6917
f 6916 6918 6917
f 6917 6918 6919
f 6918 6920 6919
f 6919 6920 6921
f 6920 6922 6921
f 6921 6922 6923
f 6922 6924 6923
f 6923 6924 6925
f 6924 6926 6925
f 6925 6926 6927
f 6926 6928 6927
f 6927 6928 6929
f 6928 6930 6929
f 6929 6930 6931
f 6930 6932 6931
f 6931 6932 6933
f 6932 6934 6933
f 6933 6934 6935
f 6934 6936 6935
f 6935 6936 6937
f 6936 6938 6937
f 6937 6938 6939
f 6938 6940 6939
f 6939 6940 6941
f 6940 6942 6941
f 6941 6942 6943
f 6942 6944 6943
f 6943 6944 6945
f 6944 6946 6945
f 6945 6946 6947
f 6946 6948 6947
f 6947 6948 6949
f 6948 6950 6949
f 6949 6950 6951
f 6950 6952 6951
f 6951 6952 6953
f 6952 6954 6953
f 6953 6954 6955
f 6954 6956 6955
f 6955 6956 6957
f 6956 6958 6957
f 6957 6958 6959
f 6958 6960 6959
f 6959 6960 6961
f 6960 6962 6961
f 6961 6962 6963
f 6962 6964 6963
f 6963 6964 6965
f 6964 6966 6965
f 6965 6966 6967
f 6966 6968 6967
f 6967 6968 6969
f 6968 6970 6969
f 6969 6970 6971
f 6970 6972 6971
f 6971 6972 6973
f 6972 6974 6973
f 6973 6974 6975
f 6974 6976 6975
f 6975 6976 6977
f 6976 6978 6977
f 6977 6978 6979
f 6978 6980 6979
f 6979 6980 6981
f 6980 6982 6981
f 6981 6982 6983
f 6982 6984 6983
f 6983 6984 6985
f 6984 6986 6985
f 6985 6986 6987
f 6986 6988 6987
f 6987 6988 6989
f 6988 6990 6989
f 6989 6990 6991
f 6990 6992 6991
f 6991 6992 6993
f 6992 6994 6993
f 6993 6994 6995
f 6994 6996 6995
f 6995 6996 6997
f 6996 6998 6997
f 6997 6998 6999
f 6998 7000 6999
f 6999 7000 7001
f 7000 7002 7001
f 7001 7002 6859
f 7002 6860 6859
f 4181 4179 7003
f 4179 7004 7003
f 7003 7004 7005
f 7004 7006 7005
f 7005 7006 7007
f 7006 7008 7007
f 7007 7008 7009
f 7008 7010 7009
f 7009 7010 7011
f 7010 7012 7011
f 7011 7012 7013
f 7012 7014 7013
f 7013 7014 7015
f 7014 7016 7015
f 7015 7016 7017
f 7016 7018 7017
f 7017 7018 7019
f 7018 7020 7019
f 7019 7020 7021
f 7020 7022 7021
f 7021 7022 7023
f 7022 7024 7023
f 7023 7024 7025
f 7024 7026 7025
f 7025 7026 7027
f 7026 7028 7027
f 7027 7028 7029
f 7028 7030 7029
f 7029 7030 7031
f 7030 7032 7031
f 7031 7032 7033
f 7032 7034 7033
f 7033 7034 7035
f 7034 7036 7035
f 7035 7036 2790
f 7036 2789 2790
f 7037 6857 7038
f 6857 6858 7038
f 5894 5892 7039
f 6038 6036 7040
f 5534 5532 7041
f 6394 6392 7042
f 5678 5676 7043
f 6250 6248 7044
f 6862 6860 7045
f 6682 6680 7046
f 4181 7047 4180
f 7047 7048 4180
f 4180 7048 7049
f 7048 7050 7049
f 7051 7052 3954
f 7052 7053 3954
f 7054 3954 7055
f 3954 7056 7055
f 7051 3954 7057
f 3954 7058 7057
f 7057 7058 7059
f 7059 7060 7057
f 7060 7061 7057
f 7057 7061 7062
f 7053 7063 3954
f 7063 7064 3954
f 3954 7064 7056
f 7065 7066 3934
f 7066 7067 3934
f 3934 7067 7068
f 7068 7069 3934
f 7069 7070 3934
f 3934 7070 7071
f 7072 7073 7074
f 7073 7075 7074
f 7074 7075 7076
f 7071 7077 3934
f 7077 7073 3934
f 3934 7073 7078
f 7073 7072 7078
f 6606 6604 7046
f 6548 6546 7079
f 6678 6857 6536
f 6857 7037 6536
f 6536 7037 6538
f 6678 6676 6857
f 6676 6674 6857
f 6857 6674 6672
f 6672 6670 6857
f 6670 6668 6857
f 6857 6668 6666
f 6626 6624 7080
f 6624 6622 7080
f 7080 6622 6620
f 6604 6602 7046
f 6602 6600 7046
f 7046 6600 6598
f 6620 6618 7080
f 6618 6616 7080
f 7080 6616 6614
f 6656 6857 6658
f 6857 6660 6658
f 7081 6542 7037
f 6542 6540 7037
f 7037 6540 6538
f 6546 6544 7079
f 6544 6542 7079
f 7079 6542 7082
f 6542 7081 7082
f 6666 6664 6857
f 6664 6662 6857
f 6857 6662 6660
f 6614 6612 7080
f 6612 6610 7080
f 7080 6610 7046
f 6610 6608 7046
f 7046 6608 6606
f 6598 6596 7046
f 6596 6594 7046
f 7046 6594 6592
f 6566 6564 7079
f 6558 6556 7079
f 6556 6554 7079
f 6656 6654 6857
f 6654 6652 6857
f 6857 6652 6650
f 6632 7080 6634
f 7080 6636 6634
f 6632 6630 7080
f 6630 6628 7080
f 7080 6628 6626
f 6592 6590 7046
f 6590 6588 7046
f 7046 6588 6586
f 6564 6562 7079
f 6562 6560 7079
f 7079 6560 6558
f 6554 6552 7079
f 6552 6550 7079
f 7079 6550 6548
f 6650 6648 6857
f 6648 6646 6857
f 6857 6646 7080
f 6646 6644 7080
f 7080 6644 6642
f 6642 6640 7080
f 6640 6638 7080
f 7080 6638 6636
f 6586 6584 7046
f 6584 6582 7046
f 7046 6582 6580
f 6580 6578 7046
f 6578 6576 7046
f 7046 6576 6574
f 6574 6572 7046
f 6572 6570 7046
f 7046 6570 7079
f 6570 6568 7079
f 7079 6568 6566
f 6820 6818 7080
f 6760 6758 7083
f 7046 6680 7080
f 6680 6822 7080
f 7080 6822 6820
f 6760 7083 6762
f 6818 6816 7080
f 6816 6814 7080
f 7080 6814 6812
f 6750 6748 7045
f 6748 6746 7045
f 7045 6746 6744
f 6690 6688 7046
f 6812 6810 7080
f 6810 6808 7080
f 7080 6808 6806
f 6758 6756 7083
f 6756 6754 7083
f 7083 6754 7045
f 6754 6752 7045
f 7045 6752 6750
f 6768 6766 7083
f 6766 6764 7083
f 7083 6764 6762
f 6744 6742 7045
f 6742 6740 7045
f 7045 6740 6738
f 6786 6784 7083
f 6778 6776 7083
f 6776 6774 7083
f 6738 6736 7045
f 6736 6734 7045
f 7045 6734 6732
f 6696 6694 7046
f 6694 6692 7046
f 7046 6692 6690
f 6688 6686 7046
f 6686 6684 7046
f 7046 6684 6682
f 6774 6772 7083
f 6772 6770 7083
f 7083 6770 6768
f 6806 6804 7080
f 6804 6802 7080
f 7080 6802 6800
f 6702 6700 7046
f 6700 6698 7046
f 7046 6698 6696
f 6800 6798 7080
f 6798 6796 7080
f 7080 6796 6794
f 6784 6782 7083
f 6782 6780 7083
f 7083 6780 6778
f 6732 6730 7045
f 6730 6728 7045
f 7045 6728 6726
f 6726 6724 7045
f 6724 6722 7045
f 7045 6722 6720
f 6708 7046 6710
f 7046 6712 6710
f 6708 6706 7046
f 6706 6704 7046
f 7046 6704 6702
f 6720 6718 7045
f 6718 6716 7045
f 7045 6716 7046
f 6716 6714 7046
f 7046 6714 6712
f 6794 6792 7080
f 6792 6790 7080
f 7080 6790 7083
f 6790 6788 7083
f 7083 6788 6786
f 6940 6938 7084
f 6994 6992 7083
f 6870 6868 7045
f 6940 7084 6942
f 7045 6860 7083
f 6860 7002 7083
f 7083 7002 7000
f 6880 6878 7045
f 6878 6876 7045
f 7000 6998 7083
f 6998 6996 7083
f 7083 6996 6994
f 6992 6990 7083
f 6990 6988 7083
f 7083 6988 6986
f 6876 6874 7045
f 6874 6872 7045
f 7045 6872 6870
f 6868 6866 7045
f 6866 6864 7045
f 7045 6864 6862
f 6948 6946 7084
f 6946 6944 7084
f 7084 6944 6942
f 7044 6930 6928
f 6922 6920 7044
f 6920 6918 7044
f 6954 6952 7084
f 6952 6950 7084
f 7084 6950 6948
f 6938 6936 7084
f 6936 6934 7084
f 7084 6934 7044
f 6934 6932 7044
f 7044 6932 6930
f 6928 6926 7044
f 6926 6924 7044
f 7044 6924 6922
f 6918 6916 7044
f 6916 6914 7044
f 7044 6914 6912
f 6912 6910 7044
f 6910 6908 7044
f 7044 6908 6906
f 6986 6984 7083
f 6984 6982 7083
f 7083 6982 6980
f 6960 6958 7084
f 6958 6956 7084
f 7084 6956 6954
f 6906 6904 7044
f 6904 6902 7044
f 7044 6902 6900
f 6892 6890 7045
f 6890 6888 7045
f 7045 6888 6886
f 6980 6978 7083
f 6978 6976 7083
f 7083 6976 6974
f 6966 6964 7084
f 6964 6962 7084
f 7084 6962 6960
f 6886 6884 7045
f 6884 6882 7045
f 7045 6882 6880
f 6974 6972 7083
f 6972 6970 7083
f 7083 6970 7084
f 6970 6968 7084
f 7084 6968 6966
f 6900 6898 7044
f 6898 6896 7044
f 7044 6896 7045
f 6896 6894 7045
f 7045 6894 6892
f 6328 6326 7085
f 6382 6380 7084
f 6258 6256 7044
f 6328 7085 6330
f 7044 6248 7084
f 6248 6390 7084
f 7084 6390 6388
f 6388 6386 7084
f 6386 6384 7084
f 7084 6384 6382
f 6380 6378 7084
f 6378 6376 7084
f 7084 6376 6374
f 6264 6262 7044
f 6262 6260 7044
f 7044 6260 6258
f 6256 6254 7044
f 6254 6252 7044
f 7044 6252 6250
f 6336 6334 7085
f 6334 6332 7085
f 7085 6332 6330
f 7043 6318 6316
f 6310 6308 7043
f 6308 6306 7043
f 6342 6340 7085
f 6340 6338 7085
f 7085 6338 6336
f 6326 6324 7085
f 6324 6322 7085
f 7085 6322 7043
f 6322 6320 7043
f 7043 6320 6318
f 6316 6314 7043
f 6314 6312 7043
f 7043 6312 6310
f 6306 6304 7043
f 6304 6302 7043
f 7043 6302 6300
f 6300 6298 7043
f 6298 6296 7043
f 7043 6296 6294
f 6374 6372 7084
f 6372 6370 7084
f 7084 6370 6368
f 6270 7044 6272
f 7044 6274 6272
f 6270 6268 7044
f 6268 6266 7044
f 7044 6266 6264
f 6348 6346 7085
f 6346 6344 7085
f 7085 6344 6342
f 6294 6292 7043
f 6292 6290 7043
f 7043 6290 6288
f 6280 6278 7044
f 6278 6276 7044
f 7044 6276 6274
f 6368 6366 7084
f 6366 6364 7084
f 7084 6364 6362
f 6354 6352 7085
f 6352 6350 7085
f 7085 6350 6348
f 6362 6360 7084
f 6360 6358 7084
f 7084 6358 7085
f 6358 6356 7085
f 7085 6356 6354
f 6288 6286 7043
f 6286 6284 7043
f 7043 6284 7044
f 6284 6282 7044
f 7044 6282 6280
f 5810 5808 7085
f 5686 5684 7043
f 5758 5756 7086
f 7043 5676 7085
f 5676 5818 7085
f 7085 5818 5816
f 5696 5694 7043
f 5694 5692 7043
f 5816 5814 7085
f 5814 5812 7085
f 7085 5812 5810
f 5808 5806 7085
f 5806 5804 7085
f 7085 5804 5802
f 5756 5754 7086
f 5754 5752 7086
f 7086 5752 5750
f 5692 5690 7043
f 5690 5688 7043
f 7043 5688 5686
f 5684 5682 7043
f 5682 5680 7043
f 7043 5680 5678
f 5764 5762 7086
f 5762 5760 7086
f 7086 5760 5758
f 5738 5736 7042
f 5736 5734 7042
f 5770 5768 7086
f 5768 5766 7086
f 7086 5766 5764
f 5750 5748 7042
f 5748 5746 7042
f 7042 5746 5744
f 5744 5742 7042
f 5742 5740 7042
f 7042 5740 5738
f 5734 5732 7042
f 5732 5730 7042
f 7042 5730 5728
f 5728 5726 7042
f 5726 5724 7042
f 7042 5724 5722
f 5802 5800 7085
f 5800 5798 7085
f 7085 5798 5796
f 5776 5774 7086
f 5774 5772 7086
f 7086 5772 5770
f 5722 5720 7042
f 5720 5718 7042
f 7042 5718 5716
f 5708 5706 7043
f 5706 5704 7043
f 7043 5704 5702
f 5796 5794 7085
f 5794 5792 7085
f 7085 5792 5790
f 5782 5780 7086
f 5780 5778 7086
f 7086 5778 5776
f 5702 5700 7043
f 5700 5698 7043
f 7043 5698 5696
f 5790 5788 7085
f 5788 5786 7085
f 7085 5786 7086
f 5786 5784 7086
f 7086 5784 5782
f 5716 5714 7042
f 5714 5712 7042
f 7042 5712 7043
f 5712 5710 7043
f 7043 5710 5708
f 6402 6400 7042
f 6474 6472 7087
f 5750 7042 7086
f 7042 6392 7086
f 7086 6392 6534
f 6534 6532 7086
f 6532 6530 7086
f 7086 6530 6528
f 6528 6526 7086
f 6526 6524 7086
f 7086 6524 6522
f 6472 6470 7087
f 6470 6468 7087
f 7087 6468 6466
f 6408 6406 7042
f 6406 6404 7042
f 7042 6404 6402
f 6400 6398 7042
f 6398 6396 7042
f 7042 6396 6394
f 7087 6488 6486
f 6480 6478 7087
f 6478 6476 7087
f 7087 6476 6474
f 6454 6452 7041
f 6452 6450 7041
f 6522 6520 7086
f 6520 6518 7086
f 7086 6518 6516
f 6486 6484 7087
f 6484 6482 7087
f 7087 6482 6480
f 6466 6464 7041
f 6464 6462 7041
f 7041 6462 6460
f 6460 6458 7041
f 6458 6456 7041
f 7041 6456 6454
f 6450 6448 7041
f 6448 6446 7041
f 7041 6446 6444
f 6444 6442 7041
f 6442 6440 7041
f 7041 6440 6438
f 6516 6514 7086
f 6514 6512 7086
f 7086 6512 6510
f 6496 6494 7087
f 6414 7042 6416
f 7042 6418 6416
f 6414 6412 7042
f 6412 6410 7042
f 7042 6410 6408
f 6438 6436 7041
f 6436 6434 7041
f 7041 6434 6432
f 6494 6492 7087
f 6492 6490 7087
f 7087 6490 6488
f 6424 6422 7042
f 6422 6420 7042
f 7042 6420 6418
f 6510 6508 7086
f 6508 6506 7086
f 7086 6506 6504
f 6504 6502 7086
f 6502 6500 7086
f 7086 6500 7087
f 6500 6498 7087
f 7087 6498 6496
f 6432 6430 7041
f 6430 6428 7041
f 7041 6428 7042
f 6428 6426 7042
f 7042 6426 6424
f 6466 7041 7087
f 7041 5532 7087
f 7087 5532 5674
f 5542 5540 7041
f 5674 5672 7087
f 5672 5670 7087
f 7087 5670 5668
f 5668 5666 7087
f 5666 5664 7087
f 7087 5664 5662
f 7088 5628 5626
f 7088 5620 5618
f 5618 5616 7088
f 5616 5614 7088
f 7088 5614 5612
f 5552 5550 7041
f 5550 5548 7041
f 5662 5660 7087
f 5660 5658 7087
f 7087 5658 5656
f 5626 5624 7088
f 5624 5622 7088
f 7088 5622 5620
f 5548 5546 7041
f 5546 5544 7041
f 7041 5544 5542
f 5540 5538 7041
f 5538 5536 7041
f 7041 5536 5534
f 5656 5654 7087
f 5654 5652 7087
f 7087 5652 5650
f 5636 5634 7088
f 5594 5592 7040
f 5592 5590 7040
f 5612 5610 7088
f 5610 5608 7088
f 7088 5608 5606
f 5590 5588 7040
f 5588 5586 7040
f 7040 5586 5584
f 5584 5582 7040
f 5582 5580 7040
f 7040 5580 5578
f 5634 5632 7088
f 5632 5630 7088
f 7088 5630 5628
f 5606 5604 7040
f 5604 5602 7040
f 7040 5602 5600
f 5600 5598 7040
f 5598 5596 7040
f 7040 5596 5594
f 5650 5648 7087
f 5648 5646 7087
f 7087 5646 5644
f 5578 5576 7040
f 5576 5574 7040
f 7040 5574 5572
f 5644 5642 7087
f 5642 5640 7087
f 7087 5640 7088
f 5640 5638 7088
f 7088 5638 5636
f 5564 5562 7041
f 5562 5560 7041
f 7041 5560 5558
f 5558 5556 7041
f 5556 5554 7041
f 7041 5554 5552
f 5572 5570 7040
f 5570 5568 7040
f 7040 5568 7041
f 5568 5566 7041
f 7041 5566 5564
f 5606 7040 7088
f 7040 6036 7088
f 7088 6036 6178
f 6046 6044 7040
f 6178 6176 7088
f 6176 6174 7088
f 7088 6174 6172
f 6172 6170 7088
f 6170 6168 7088
f 7088 6168 6166
f 7089 6132 6130
f 7089 6124 6122
f 6122 6120 7089
f 6120 6118 7089
f 7089 6118 6116
f 6166 6164 7088
f 6164 6162 7088
f 7088 6162 6160
f 6130 6128 7089
f 6128 6126 7089
f 7089 6126 6124
f 6052 6050 7040
f 6050 6048 7040
f 7040 6048 6046
f 6044 6042 7040
f 6042 6040 7040
f 7040 6040 6038
f 6160 6158 7088
f 6158 6156 7088
f 7088 6156 6154
f 6140 6138 7089
f 6098 6096 7039
f 6096 6094 7039
f 6116 6114 7089
f 6114 6112 7089
f 7089 6112 6110
f 6094 6092 7039
f 6092 6090 7039
f 7039 6090 6088
f 6088 6086 7039
f 6086 6084 7039
f 7039 6084 6082
f 6138 6136 7089
f 6136 6134 7089
f 7089 6134 6132
f 6110 6108 7039
f 6108 6106 7039
f 7039 6106 6104
f 6104 6102 7039
f 6102 6100 7039
f 7039 6100 6098
f 6058 7040 6060
f 7040 6062 6060
f 6058 6056 7040
f 6056 6054 7040
f 7040 6054 6052
f 6154 6152 7088
f 6152 6150 7088
f 7088 6150 6148
f 6082 6080 7039
f 6080 6078 7039
f 7039 6078 6076
f 6148 6146 7088
f 6146 6144 7088
f 7088 6144 7089
f 6144 6142 7089
f 7089 6142 6140
f 6068 6066 7040
f 6066 6064 7040
f 7040 6064 6062
f 6076 6074 7039
f 6074 6072 7039
f 7039 6072 7040
f 6072 6070 7040
f 7040 6070 6068
f 6110 7039 7089
f 7039 5892 7089
f 7089 5892 6034
f 5902 5900 7039
f 6034 6032 7089
f 6032 6030 7089
f 7089 6030 6028
f 6028 6026 7089
f 6026 6024 7089
f 7089 6024 6022
f 7047 5988 5986
f 5976 7047 5978
f 7047 5980 5978
f 5912 5910 7039
f 5910 5908 7039
f 6022 6020 7089
f 6020 6018 7089
f 7089 6018 6016
f 5986 5984 7047
f 5984 5982 7047
f 7047 5982 5980
f 5908 5906 7039
f 5906 5904 7039
f 7039 5904 5902
f 5900 5898 7039
f 5898 5896 7039
f 7039 5896 5894
f 6016 6014 7089
f 6014 6012 7089
f 7089 6012 6010
f 5996 5994 7047
f 5954 5952 7048
f 5952 5950 7048
f 5976 5974 7047
f 5974 5972 7047
f 7047 5972 5970
f 7048 5962 5960
f 5950 5948 7048
f 5948 5946 7048
f 7048 5946 5944
f 5944 5942 7048
f 5942 5940 7048
f 7048 5940 5938
f 5994 5992 7047
f 5992 5990 7047
f 7047 5990 5988
f 5970 5968 7047
f 5968 5966 7047
f 7047 5966 7048
f 5966 5964 7048
f 7048 5964 5962
f 5960 5958 7048
f 5958 5956 7048
f 7048 5956 5954
f 6010 6008 7089
f 6008 6006 7089
f 7089 6006 6004
f 5938 5936 7048
f 5936 5934 7048
f 7048 5934 5932
f 6004 6002 7089
f 6002 6000 7089
f 7089 6000 7047
f 6000 5998 7047
f 7047 5998 5996
f 5924 5922 7039
f 5922 5920 7039
f 7039 5920 5918
f 5918 5916 7039
f 5916 5914 7039
f 7039 5914 5912
f 5932 5930 7048
f 5930 5928 7048
f 7048 5928 7039
f 5928 5926 7039
f 7039 5926 5924
f 7054 7090 3954
f 7090 7050 3954
f 3954 7050 3952
f 7050 7048 3952
f 3952 7048 3950
f 7048 7039 3950
f 3950 7039 3948
f 7039 7040 3948
f 3948 7040 3946
f 7040 7041 3946
f 3946 7041 3944
f 7041 7042 3944
f 3944 7042 3942
f 7042 7043 3942
f 3942 7043 3940
f 7043 7044 3940
f 3940 7044 3938
f 7044 7045 3938
f 3938 7045 3936
f 7045 7046 3936
f 3936 7046 3934
f 7046 7079 3934
f 3934 7079 7065
f 6929 6931 7091
f 6317 6319 7092
f 5745 5747 7093
f 6461 6463 7094
f 5601 5603 7095
f 6105 6107 7096
f 5961 5963 7097
f 7098 7099 3955
f 7099 7100 3955
f 3955 7100 7101
f 7102 3955 7103
f 3955 7104 7103
f 7101 7105 3955
f 7105 7106 3955
f 3955 7106 7104
f 7107 7102 7108
f 7102 7109 7108
f 7107 7110 7102
f 7110 7111 7102
f 7102 7111 3955
f 7112 4179 7097
f 4179 4178 7097
f 4178 7113 7097
f 7113 7114 7097
f 7097 7114 3955
f 7114 7115 3955
f 3955 7115 7098
f 6595 6597 7116
f 6611 6613 7117
f 6613 6615 7117
f 7117 6615 6617
f 6603 6605 7116
f 6605 6607 7116
f 7116 6607 7117
f 6607 6609 7117
f 7117 6609 6611
f 6547 6549 7118
f 6597 6599 7116
f 6599 6601 7116
f 7116 6601 6603
f 6617 6619 7117
f 6619 6621 7117
f 7117 6621 6623
f 6667 6669 6858
f 6669 6671 6858
f 6858 6671 6673
f 6541 6543 7118
f 6543 6545 7118
f 7118 6545 6547
f 6649 6651 6858
f 6657 6659 6858
f 6659 6661 6858
f 7118 7119 6541
f 7119 7120 6541
f 6541 7120 6539
f 7120 7038 6539
f 6539 7038 6537
f 6589 6591 7116
f 6591 6593 7116
f 7116 6593 6595
f 6651 6653 6858
f 6653 6655 6858
f 6858 6655 6657
f 6661 6663 6858
f 6663 6665 6858
f 6858 6665 6667
f 6673 6675 6858
f 6675 6677 6858
f 6858 6677 7038
f 6677 6535 7038
f 7038 6535 6537
f 6581 6583 7116
f 6623 6625 7117
f 6625 6627 7117
f 7117 6627 6629
f 6629 6631 7117
f 6631 6633 7117
f 7117 6633 6635
f 6549 6551 7118
f 6551 6553 7118
f 7118 6553 6555
f 6555 6557 7118
f 6557 6559 7118
f 7118 6559 6561
f 6583 6585 7116
f 6585 6587 7116
f 7116 6587 6589
f 6635 6637 7117
f 6637 6639 7117
f 7117 6639 6641
f 6641 6643 7117
f 6643 6645 7117
f 7117 6645 6858
f 6645 6647 6858
f 6858 6647 6649
f 6561 6563 7118
f 6563 6565 7118
f 7118 6565 6567
f 6569 6571 7116
f 6571 6573 7116
f 7116 6573 6575
f 6575 6577 7116
f 6577 6579 7116
f 7116 6579 6581
f 3937 3935 7118
f 7121 7122 3935
f 7121 3935 7123
f 7124 7125 7126
f 7125 7127 7126
f 7126 7127 7128
f 7122 7129 3935
f 7129 7130 3935
f 3935 7130 7131
f 7131 7132 3935
f 7132 7133 3935
f 3935 7133 7118
f 7123 3935 7127
f 3935 7134 7127
f 7127 7134 7128
f 5973 5975 7112
f 5953 5955 7097
f 6025 6027 7135
f 7097 5963 7112
f 5963 5965 7112
f 7112 5965 5967
f 5901 5903 7096
f 5903 5905 7096
f 7096 5905 5907
f 5967 5969 7112
f 5969 5971 7112
f 7112 5971 5973
f 5975 5977 7112
f 5977 5979 7112
f 7112 5979 5981
f 5947 5949 7097
f 5949 5951 7097
f 7097 5951 5953
f 5955 5957 7097
f 5957 5959 7097
f 7097 5959 5961
f 6011 6013 7135
f 6019 6021 7135
f 6021 6023 7135
f 7135 6023 6025
f 5907 5909 7096
f 5909 5911 7096
f 7096 5911 5913
f 5941 7097 5939
f 7097 5937 5939
f 5941 5943 7097
f 5943 5945 7097
f 7097 5945 5947
f 5981 5983 7112
f 5983 5985 7112
f 7112 5985 5987
f 6013 6015 7135
f 6015 6017 7135
f 7135 6017 6019
f 6027 6029 7135
f 6029 6031 7135
f 7135 6031 6033
f 6033 5891 7096
f 5891 5893 7096
f 7096 5893 5895
f 5895 5897 7096
f 5897 5899 7096
f 7096 5899 5901
f 5923 7096 5921
f 7096 5919 5921
f 5987 5989 7112
f 5989 5991 7112
f 7112 5991 5993
f 5913 5915 7096
f 5915 5917 7096
f 7096 5917 5919
f 5931 5933 7097
f 5933 5935 7097
f 7097 5935 5937
f 5923 5925 7096
f 5925 5927 7096
f 7096 5927 7097
f 5927 5929 7097
f 7097 5929 5931
f 5993 5995 7112
f 5995 5997 7112
f 7112 5997 7135
f 5997 5999 7135
f 5999 6001 7135
f 6001 6003 7135
f 7135 6003 6005
f 6005 6007 7135
f 6007 6009 7135
f 7135 6009 6011
f 6097 6099 7096
f 6169 6171 7136
f 6033 7096 7135
f 7096 6107 7135
f 7135 6107 6109
f 6045 6047 7095
f 6047 6049 7095
f 6109 6111 7135
f 6111 6113 7135
f 7135 6113 6115
f 6115 6117 7135
f 6117 6119 7135
f 7135 6119 6121
f 6091 6093 7096
f 6093 6095 7096
f 7096 6095 6097
f 6099 6101 7096
f 6101 6103 7096
f 7096 6103 6105
f 6155 6157 7136
f 6163 6165 7136
f 6165 6167 7136
f 7136 6167 6169
f 6049 6051 7095
f 6051 6053 7095
f 7095 6053 6055
f 6055 6057 7095
f 6057 6059 7095
f 7095 6059 6061
f 6121 6123 7135
f 6123 6125 7135
f 7135 6125 6127
f 6157 6159 7136
f 6159 6161 7136
f 7136 6161 6163
f 6171 6173 7136
f 6173 6175 7136
f 7136 6175 6177
f 6085 7096 6083
f 7096 6081 6083
f 6085 6087 7096
f 6087 6089 7096
f 7096 6089 6091
f 6127 6129 7135
f 6129 6131 7135
f 7135 6131 6133
f 6177 6035 7095
f 6035 6037 7095
f 7095 6037 6039
f 6039 6041 7095
f 6041 6043 7095
f 7095 6043 6045
f 6061 6063 7095
f 6063 6065 7095
f 7095 6065 6067
f 6075 6077 7096
f 6077 6079 7096
f 7096 6079 6081
f 6133 6135 7135
f 6135 6137 7135
f 7135 6137 6139
f 6147 6149 7136
f 6067 6069 7095
f 6069 6071 7095
f 7095 6071 7096
f 6071 6073 7096
f 7096 6073 6075
f 6139 6141 7135
f 6141 6143 7135
f 7135 6143 7136
f 6143 6145 7136
f 7136 6145 6147
f 6149 6151 7136
f 6151 6153 7136
f 7136 6153 6155
f 5593 5595 7095
f 5665 5667 7137
f 6177 7095 7136
f 7095 5603 7136
f 7136 5603 5605
f 5541 5543 7094
f 5543 5545 7094
f 7094 5545 5547
f 5605 5607 7136
f 5607 5609 7136
f 7136 5609 5611
f 5611 5613 7136
f 5613 5615 7136
f 7136 5615 5617
f 5587 5589 7095
f 5589 5591 7095
f 7095 5591 5593
f 5595 5597 7095
f 5597 5599 7095
f 7095 5599 5601
f 5651 5653 7137
f 5659 5661 7137
f 5661 5663 7137
f 7137 5663 5665
f 5547 5549 7094
f 5549 5551 7094
f 7094 5551 5553
f 5581 7095 5579
f 7095 5577 5579
f 5581 5583 7095
f 5583 5585 7095
f 7095 5585 5587
f 5617 5619 7136
f 5619 5621 7136
f 7136 5621 5623
f 5653 5655 7137
f 5655 5657 7137
f 7137 5657 5659
f 5667 5669 7137
f 5669 5671 7137
f 7137 5671 5673
f 5623 5625 7136
f 5625 5627 7136
f 7136 5627 5629
f 5673 5531 7094
f 5531 5533 7094
f 7094 5533 5535
f 5535 5537 7094
f 5537 5539 7094
f 7094 5539 5541
f 5563 7094 5561
f 7094 5559 5561
f 5553 5555 7094
f 5555 5557 7094
f 7094 5557 5559
f 5571 5573 7095
f 5573 5575 7095
f 7095 5575 5577
f 5629 5631 7136
f 5631 5633 7136
f 7136 5633 5635
f 5643 5645 7137
f 5563 5565 7094
f 5565 5567 7094
f 7094 5567 7095
f 5567 5569 7095
f 7095 5569 5571
f 5635 5637 7136
f 5637 5639 7136
f 7136 5639 7137
f 5639 5641 7137
f 7137 5641 5643
f 5645 5647 7137
f 5647 5649 7137
f 7137 5649 5651
f 5673 7094 7137
f 7094 6463 7137
f 7137 6463 6465
f 6465 6467 7137
f 6467 6469 7137
f 7137 6469 6471
f 6525 6527 7138
f 6471 6473 7137
f 6473 6475 7137
f 7137 6475 6477
f 6453 6455 7094
f 6511 6513 7138
f 6519 6521 7138
f 6521 6523 7138
f 7138 6523 6525
f 6477 6479 7137
f 6479 6481 7137
f 7137 6481 6483
f 6513 6515 7138
f 6515 6517 7138
f 7138 6517 6519
f 6401 6403 7093
f 6403 6405 7093
f 6483 6485 7137
f 6485 6487 7137
f 7137 6487 6489
f 6527 6529 7138
f 6529 6531 7138
f 7138 6531 6533
f 6447 6449 7094
f 6449 6451 7094
f 7094 6451 6453
f 6455 6457 7094
f 6457 6459 7094
f 7094 6459 6461
f 6533 6391 7093
f 6391 6393 7093
f 7093 6393 6395
f 6395 6397 7093
f 6397 6399 7093
f 7093 6399 6401
f 6405 6407 7093
f 6407 6409 7093
f 7093 6409 6411
f 6411 6413 7093
f 6413 6415 7093
f 7093 6415 6417
f 6489 6491 7137
f 6491 6493 7137
f 7137 6493 6495
f 6441 7094 6439
f 7094 6437 6439
f 6441 6443 7094
f 6443 6445 7094
f 7094 6445 6447
f 6503 6505 7138
f 6417 6419 7093
f 6419 6421 7093
f 7093 6421 6423
f 6495 6497 7137
f 6497 6499 7137
f 7137 6499 7138
f 6499 6501 7138
f 7138 6501 6503
f 6505 6507 7138
f 6507 6509 7138
f 7138 6509 6511
f 6431 6433 7094
f 6433 6435 7094
f 7094 6435 6437
f 6423 6425 7093
f 6425 6427 7093
f 7093 6427 7094
f 6427 6429 7094
f 7094 6429 6431
f 6533 7093 7138
f 7093 5747 7138
f 7138 5747 5749
f 5749 5751 7138
f 5751 5753 7138
f 7138 5753 5755
f 5809 5811 7139
f 5755 5757 7138
f 5757 5759 7138
f 7138 5759 5761
f 5737 5739 7093
f 5795 5797 7139
f 5803 5805 7139
f 5805 5807 7139
f 7139 5807 5809
f 5761 5763 7138
f 5763 5765 7138
f 7138 5765 5767
f 5797 5799 7139
f 5799 5801 7139
f 7139 5801 5803
f 5685 5687 7092
f 5687 5689 7092
f 7092 5689 5691
f 5767 5769 7138
f 5769 5771 7138
f 7138 5771 5773
f 5811 5813 7139
f 5813 5815 7139
f 7139 5815 5817
f 5731 5733 7093
f 5733 5735 7093
f 7093 5735 5737
f 5739 5741 7093
f 5741 5743 7093
f 7093 5743 5745
f 5817 5675 7092
f 5675 5677 7092
f 7092 5677 5679
f 5679 5681 7092
f 5681 5683 7092
f 7092 5683 5685
f 5691 5693 7092
f 5693 5695 7092
f 7092 5695 5697
f 5725 7093 5723
f 7093 5721 5723
f 5725 5727 7093
f 5727 5729 7093
f 7093 5729 5731
f 5773 5775 7138
f 5775 5777 7138
f 7138 5777 5779
f 5787 5789 7139
f 5707 7092 5705
f 7092 5703 5705
f 5779 5781 7138
f 5781 5783 7138
f 7138 5783 7139
f 5783 5785 7139
f 7139 5785 5787
f 5789 5791 7139
f 5791 5793 7139
f 7139 5793 5795
f 5697 5699 7092
f 5699 5701 7092
f 7092 5701 5703
f 5715 5717 7093
f 5717 5719 7093
f 7093 5719 5721
f 5707 5709 7092
f 5709 5711 7092
f 7092 5711 7093
f 5711 5713 7093
f 7093 5713 5715
f 5817 7092 7139
f 7092 6319 7139
f 7139 6319 6321
f 6321 6323 7139
f 6323 6325 7139
f 7139 6325 6327
f 6381 6383 7140
f 6327 6329 7139
f 6329 6331 7139
f 7139 6331 6333
f 6309 6311 7092
f 6367 6369 7140
f 6375 6377 7140
f 6377 6379 7140
f 7140 6379 6381
f 6333 6335 7139
f 6335 6337 7139
f 7139 6337 6339
f 6369 6371 7140
f 6371 6373 7140
f 7140 6373 6375
f 6257 6259 7091
f 6259 6261 7091
f 6339 6341 7139
f 6341 6343 7139
f 7139 6343 6345
f 6383 6385 7140
f 6385 6387 7140
f 7140 6387 6389
f 6303 6305 7092
f 6305 6307 7092
f 7092 6307 6309
f 6311 6313 7092
f 6313 6315 7092
f 7092 6315 6317
f 6389 6247 7091
f 6247 6249 7091
f 7091 6249 6251
f 6251 6253 7091
f 6253 6255 7091
f 7091 6255 6257
f 6261 6263 7091
f 6263 6265 7091
f 7091 6265 6267
f 6267 6269 7091
f 6269 6271 7091
f 7091 6271 6273
f 6345 6347 7139
f 6347 6349 7139
f 7139 6349 6351
f 6297 7092 6295
f 7092 6293 6295
f 6297 6299 7092
f 6299 6301 7092
f 7092 6301 6303
f 6359 6361 7140
f 6273 6275 7091
f 6275 6277 7091
f 7091 6277 6279
f 6351 6353 7139
f 6353 6355 7139
f 7139 6355 7140
f 6355 6357 7140
f 7140 6357 6359
f 6361 6363 7140
f 6363 6365 7140
f 7140 6365 6367
f 6287 6289 7092
f 6289 6291 7092
f 7092 6291 6293
f 6279 6281 7091
f 6281 6283 7091
f 7091 6283 7092
f 6283 6285 7092
f 7092 6285 6287
f 6389 7091 7140
f 7091 6931 7140
f 7140 6931 6933
f 6933 6935 7140
f 6935 6937 7140
f 7140 6937 6939
f 6993 6995 7141
f 6939 6941 7140
f 6941 6943 7140
f 7140 6943 6945
f 6921 6923 7091
f 6979 6981 7141
f 6987 6989 7141
f 6989 6991 7141
f 7141 6991 6993
f 6945 6947 7140
f 6947 6949 7140
f 7140 6949 6951
f 6981 6983 7141
f 6983 6985 7141
f 7141 6985 6987
f 6869 6871 7142
f 6871 6873 7142
f 7142 6873 6875
f 6951 6953 7140
f 6953 6955 7140
f 7140 6955 6957
f 6995 6997 7141
f 6997 6999 7141
f 7141 6999 7001
f 6915 6917 7091
f 6917 6919 7091
f 7091 6919 6921
f 6923 6925 7091
f 6925 6927 7091
f 7091 6927 6929
f 7001 6859 7142
f 6859 6861 7142
f 7142 6861 6863
f 6863 6865 7142
f 6865 6867 7142
f 7142 6867 6869
f 6875 6877 7142
f 6877 6879 7142
f 7142 6879 6881
f 6909 7091 6907
f 7091 6905 6907
f 6909 6911 7091
f 6911 6913 7091
f 7091 6913 6915
f 6957 6959 7140
f 6959 6961 7140
f 7140 6961 6963
f 6971 6973 7141
f 6891 7142 6889
f 7142 6887 6889
f 6963 6965 7140
f 6965 6967 7140
f 7140 6967 7141
f 6967 6969 7141
f 7141 6969 6971
f 6973 6975 7141
f 6975 6977 7141
f 7141 6977 6979
f 6881 6883 7142
f 6883 6885 7142
f 7142 6885 6887
f 6899 6901 7091
f 6901 6903 7091
f 7091 6903 6905
f 6891 6893 7142
f 6893 6895 7142
f 7142 6895 7091
f 6895 6897 7091
f 7091 6897 6899
f 6815 6817 7117
f 6743 6745 7142
f 7001 7142 7141
f 7142 6751 7141
f 7141 6751 6753
f 6753 6755 7141
f 6755 6757 7141
f 7141 6757 6759
f 6743 7142 6741
f 6745 6747 7142
f 6747 6749 7142
f 7142 6749 6751
f 6815 7117 6813
f 6803 6805 7117
f 6805 6807 7117
f 6807 6809 7117
f 6809 6811 7117
f 7117 6811 6813
f 6689 6691 7116
f 6691 6693 7116
f 6731 6733 7142
f 6733 6735 7142
f 6759 6761 7141
f 6761 6763 7141
f 7141 6763 6765
f 7116 6681 6683
f 6735 6737 7142
f 6737 6739 7142
f 7142 6739 6741
f 6817 6819 7117
f 6819 6821 7117
f 7117 6821 7116
f 6821 6679 7116
f 7116 6679 6681
f 6683 6685 7116
f 6685 6687 7116
f 7116 6687 6689
f 6765 6767 7141
f 6767 6769 7141
f 7141 6769 6771
f 6771 6773 7141
f 6773 6775 7141
f 7141 6775 6777
f 6693 6695 7116
f 6695 6697 7116
f 7116 6697 6699
f 6699 6701 7116
f 6701 6703 7116
f 7116 6703 6705
f 6705 6707 7116
f 6707 6709 7116
f 7116 6709 6711
f 6777 6779 7141
f 6779 6781 7141
f 7141 6781 6783
f 6791 6793 7117
f 6793 6795 7117
f 7117 6795 6797
f 6797 6799 7117
f 6799 6801 7117
f 7117 6801 6803
f 6725 6727 7142
f 6727 6729 7142
f 7142 6729 6731
f 6719 6721 7142
f 6721 6723 7142
f 7142 6723 6725
f 6711 6713 7116
f 6713 6715 7116
f 7116 6715 7142
f 6715 6717 7142
f 7142 6717 6719
f 6783 6785 7141
f 6785 6787 7141
f 7141 6787 7117
f 6787 6789 7117
f 7117 6789 6791
f 6567 6569 7118
f 6569 7116 7118
f 7118 7116 3937
f 7116 7142 3937
f 3937 7142 3939
f 7142 7091 3939
f 3939 7091 3941
f 7091 7092 3941
f 3941 7092 3943
f 7092 7093 3943
f 3943 7093 3945
f 7093 7094 3945
f 3945 7094 3947
f 7094 7095 3947
f 3947 7095 3949
f 7095 7096 3949
f 3949 7096 3951
f 7096 7097 3951
f 3951 7097 3953
f 7097 3955 3953
f 4182 4183 5495
f 4183 5854 5495
f 3935 3934 7078
f 3935 7078 7134
f 7078 7072 7134
f 7134 7072 7128
f 7072 7074 7128
f 7128 7074 7126
f 7074 7076 7126
f 7126 7076 7124
f 7076 7075 7124
f 7124 7075 7125
f 7075 7073 7125
f 7125 7073 7127
f 7073 7077 7127
f 7127 7077 7123
f 7077 7071 7123
f 7123 7071 7121
f 7071 7070 7121
f 7121 7070 7122
f 7070 7069 7122
f 7122 7069 7129
f 7069 7068 7129
f 7129 7068 7130
f 7068 7067 7130
f 7130 7067 7131
f 7067 7066 7131
f 7131 7066 7132
f 7066 7065 7132
f 7132 7065 7133
f 7065 7079 7133
f 7133 7079 7118
f 7079 7082 7118
f 7118 7082 7119
f 7082 7081 7119
f 7119 7081 7120
f 7081 7037 7120
f 7120 7037 7038
f 5495 5854 5494
f 5854 5856 5494
f 4178 4180 7049
f 4178 7049 7113
f 7049 7050 7113
f 7113 7050 7114
f 7050 7090 7114
f 7114 7090 7115
f 7090 7054 7115
f 7115 7054 7098
f 7054 7055 7098
f 7098 7055 7099
f 7055 7056 7099
f 7099 7056 7100
f 7056 7064 7100
f 7100 7064 7101
f 7064 7063 7101
f 7101 7063 7105
f 7063 7053 7105
f 7105 7053 7106
f 7053 7052 7106
f 7106 7052 7104
f 7052 7051 7104
f 7104 7051 7103
f 7051 7057 7103
f 7103 7057 7102
f 7057 7062 7102
f 7102 7062 7109
f 7062 7061 7109
f 7109 7061 7108
f 7061 7060 7108
f 7108 7060 7107
f 7060 7059 7107
f 7107 7059 7110
f 7059 7058 7110
f 7110 7058 7111
f 7058 3954 7111
f 7111 3954 3955
f 1297 900 1264
f 900 899 1264
f 1264 899 1248
f 899 898 1248
f 1248 898 1184
f 898 1006 1184
f 1184 1006 1093
f 1006 1005 1093
f 1093 1005 1079
f 1005 1004 1079
f 1079 1004 1080
f 1004 1003 1080
f 1080 1003 1103
f 1003 1002 1103
f 1103 1002 1104
f 1002 1001 1104
f 1104 1001 1105
f 1001 1000 1105
f 1105 1000 1106
f 1000 999 1106
f 1106 999 1107
f 999 897 1107
f 1107 897 1063
f 897 896 1063
f 1063 896 1064
f 896 895 1064
f 1064 895 1097
f 895 835 1097
f 1097 835 1098
f 835 832 1098
f 1098 832 1099
f 832 954 1099
f 1099 954 1111
f 954 998 1111
f 1111 998 1112
f 998 997 1112
f 1112 997 1114
f 997 995 1114
f 1114 995 1115
f 995 994 1115
f 1115 994 1068
f 994 949 1068
f 1068 949 1072
f 949 948 1072
f 1072 948 1073
f 948 858 1073
f 1073 858 1074
f 858 857 1074
f 1074 857 1081
f 857 856 1081
f 1081 856 1082
f 856 810 1082
f 1082 810 1069
f 810 809 1069
f 1069 809 1070
f 809 1055 1070
f 1070 1055 1116
f 1055 1054 1116
f 1116 1054 1117
f 1054 1045 1117
f 1117 1045 1118
f 1045 1044 1118
f 1118 1044 1119
f 1044 1043 1119
f 1119 1043 1120
f 1043 1053 1120
f 1120 1053 1121
f 1053 1052 1121
f 1121 1052 1179
f 1052 1051 1179
f 1179 1051 1180
f 1051 1025 1180
f 1180 1025 1181
f 1025 1024 1181
f 1181 1024 1161
f 1024 1023 1161
f 1161 1023 1138
f 1023 1022 1138
f 1138 1022 1139
f 1022 1021 1139
f 1139 1021 1162
f 1021 1020 1162
f 1162 1020 1163
f 1020 944 1163
f 1163 944 1142
f 944 943 1142
f 1142 943 1141
f 943 942 1141
f 1141 942 1140
f 942 941 1140
f 1140 941 1143
f 941 940 1143
f 1143 940 1144
f 940 939 1144
f 1144 939 1075
f 939 855 1075
f 1075 855 1076
f 855 854 1076
f 1076 854 1077
f 854 853 1077
f 1077 853 1078
f 853 820 1078
f 1078 820 1210
f 820 934 1210
f 1210 934 1150
f 934 935 1150
f 1150 935 1233
f 935 1017 1233
f 1233 1017 1208
f 1017 937 1208
f 1208 937 1209
f 937 936 1209
f 1209 936 1251
f 936 884 1251
f 1251 884 1252
f 884 883 1252
f 1252 883 1253
f 883 882 1253
f 1253 882 1266
f 882 852 1266
f 1266 852 1267
f 852 851 1267
f 1267 851 1268
f 851 849 1268
f 1268 849 1286
f 849 848 1286
f 1286 848 1287
f 848 1014 1287
f 1287 1014 1288
f 1014 1013 1288
f 1288 1013 1289
f 1013 984 1289
f 1289 984 1290
f 984 983 1290
f 1290 983 1291
f 983 982 1291
f 1291 982 1313
f 982 980 1313
f 1313 980 1314
f 980 887 1314
f 1314 887 1315
f 887 885 1315
f 1315 885 1297
f 885 900 1297
f 4179 7112 7004
f 7112 7135 7004
f 7004 7135 7136
f 7139 7140 6856
f 7136 7137 7004
f 7137 7138 7004
f 7004 7138 7139
f 7140 7141 6856
f 7141 7117 6856
f 6856 7117 6858
f 7139 6856 7004
f 6856 6854 7004
f 7004 6854 7006
f 6854 6852 7006
f 7006 6852 7008
f 6852 6850 7008
f 7008 6850 7010
f 6850 6848 7010
f 7010 6848 7012
f 6848 6846 7012
f 7012 6846 7014
f 6846 6844 7014
f 7014 6844 7016
f 6844 6842 7016
f 7016 6842 7018
f 6842 6840 7018
f 7018 6840 7020
f 6840 6838 7020
f 7020 6838 7022
f 6838 6836 7022
f 7022 6836 7024
f 6836 6834 7024
f 7024 6834 7026
f 6834 6832 7026
f 7026 6832 7028
f 6832 6830 7028
f 7028 6830 7030
f 6830 6828 7030
f 7030 6828 7032
f 6828 6826 7032
f 7032 6826 7034
f 6826 6824 7034
f 7034 6824 7036
f 6824 1686 7036
f 7036 1686 2789
f 1275 845 1276
f 845 993 1276
f 1276 993 1277
f 993 992 1277
f 1277 992 1278
f 992 991 1278
f 1278 991 1281
f 991 990 1281
f 1281 990 1282
f 990 989 1282
f 1282 989 1283
f 989 988 1283
f 1283 988 1284
f 988 987 1284
f 1284 987 1285
f 987 986 1285
f 1285 986 1228
f 986 985 1228
f 1228 985 1229
f 985 890 1229
f 1229 890 1230
f 890 889 1230
f 1230 889 1164
f 889 888 1164
f 1164 888 1165
f 888 886 1165
f 1165 886 1167
f 886 981 1167
f 1167 981 1168
f 981 850 1168
f 1168 850 1231
f 850 938 1231
f 1231 938 1232
f 938 1019 1232
f 1232 1019 1234
f 1019 1018 1234
f 1234 1018 1235
f 1018 1016 1235
f 1235 1016 1148
f 1016 1015 1148
f 1148 1015 1149
f 1015 933 1149
f 1149 933 1091
f 933 932 1091
f 1091 932 1092
f 932 819 1092
f 1092 819 1153
f 819 818 1153
f 1153 818 1154
f 818 829 1154
f 1154 829 1155
f 829 1042 1155
f 1155 1042 1223
f 1042 1041 1223
f 1223 1041 1224
f 1041 1012 1224
f 1224 1012 1169
f 1012 1011 1169
f 1169 1011 1170
f 1011 1010 1170
f 1170 1010 1171
f 1010 979 1171
f 1171 979 1172
f 979 978 1172
f 1172 978 1173
f 978 1009 1173
f 1173 1009 1174
f 1009 1008 1174
f 1174 1008 1060
f 1008 1007 1060
f 1060 1007 1061
f 1007 931 1061
f 1061 931 1100
f 931 930 1100
f 1100 930 1101
f 930 929 1101
f 1101 929 1102
f 929 1040 1102
f 1102 1040 1158
f 1040 1039 1158
f 1158 1039 1159
f 1039 1038 1159
f 1159 1038 1160
f 1038 1050 1160
f 1160 1050 1177
f 1050 1049 1177
f 1177 1049 1178
f 1049 977 1178
f 1178 977 1122
f 977 976 1122
f 1122 976 1123
f 976 975 1123
f 1123 975 1124
f 975 969 1124
f 1124 969 1126
f 969 968 1126
f 1126 968 1130
f 968 926 1130
f 1130 926 1085
f 926 879 1085
f 1085 879 1202
f 879 923 1202
f 1202 923 1200
f 923 922 1200
f 1200 922 1205
f 922 828 1205
f 1205 828 1206
f 828 827 1206
f 1206 827 1207
f 827 825 1207
f 1207 825 1145
f 825 824 1145
f 1145 824 1146
f 824 804 1146
f 1146 804 1225
f 804 803 1225
f 1225 803 1226
f 803 817 1226
f 1226 817 1227
f 817 816 1227
f 1227 816 1269
f 816 815 1269
f 1269 815 1270
f 815 966 1270
f 1270 966 1271
f 966 965 1271
f 1271 965 1272
f 965 964 1272
f 1272 964 1273
f 964 963 1273
f 1273 963 1274
f 963 962 1274
f 1274 962 1279
f 962 921 1279
f 1279 921 1280
f 921 920 1280
f 1280 920 1261
f 920 919 1261
f 1261 919 1260
f 919 847 1260
f 1260 847 1259
f 847 846 1259
f 1259 846 1275
f 846 845 1275
f 6857 7080 6855
f 7080 7083 6855
f 6855 7083 7084
f 7084 7085 6855
f 7085 7003 6855
f 6855 7003 6853
f 7003 7005 6853
f 6853 7005 6851
f 7005 7007 6851
f 6851 7007 6849
f 7007 7009 6849
f 6849 7009 6847
f 7009 7011 6847
f 6847 7011 6845
f 7011 7013 6845
f 6845 7013 6843
f 7013 7015 6843
f 6843 7015 6841
f 7015 7017 6841
f 6841 7017 6839
f 7017 7019 6839
f 6839 7019 6837
f 7019 7021 6837
f 6837 7021 6835
f 7021 7023 6835
f 6835 7023 6833
f 7023 7025 6833
f 6833 7025 6831
f 7025 7027 6831
f 6831 7027 6829
f 7027 7029 6829
f 6829 7029 6827
f 7029 7031 6827
f 6827 7031 6825
f 7031 7033 6825
f 6825 7033 6823
f 7033 7035 6823
f 6823 7035 1685
f 7035 2790 1685
f 7085 7086 7003
f 7086 7087 7003
f 7003 7087 7088
f 7088 7089 7003
f 7089 7047 7003
f 7003 7047 4181
f 304 3224 305
f 3224 3223 305
f 305 3223 292
f 3223 3222 292
f 292 3222 293
f 3222 3221 293
f 293 3221 306
f 3221 3220 306
f 306 3220 307
f 3220 3219 307
f 307 3219 308
f 3219 3218 308
f 308 3218 309
f 3218 3241 309
f 309 3241 310
f 3241 3240 310
f 310 3240 311
f 3240 3239 311
f 311 3239 315
f 3239 3248 315
f 315 3248 316
f 3248 3247 316
f 316 3247 317
f 3247 3238 317
f 317 3238 339
f 3238 3237 339
f 339 3237 340
f 3237 3271 340
f 340 3271 341
f 3271 3270 341
f 341 3270 342
f 3270 3269 342
f 342 3269 343
f 3269 3268 343
f 343 3268 344
f 3268 3267 344
f 344 3267 330
f 3267 3266 330
f 330 3266 331
f 3266 3254 331
f 331 3254 332
f 3254 3253 332
f 332 3253 333
f 3253 3252 333
f 333 3252 334
f 3252 3251 334
f 334 3251 335
f 3251 3250 335
f 335 3250 312
f 3250 3249 312
f 312 3249 313
f 3249 3236 313
f 313 3236 314
f 3236 3235 314
f 314 3235 285
f 3235 3234 285
f 285 3234 286
f 3234 3204 286
f 286 3204 288
f 3204 3203 288
f 288 3203 294
f 3203 3212 294
f 294 3212 295
f 3212 3211 295
f 295 3211 296
f 3211 3210 296
f 296 3210 297
f 3210 3209 297
f 297 3209 298
f 3209 3208 298
f 298 3208 299
f 3208 3207 299
f 299 3207 276
f 3207 3233 276
f 276 3233 275
f 3233 3232 275
f 275 3232 274
f 3232 3231 274
f 274 3231 277
f 3231 3230 277
f 277 3230 278
f 3230 3229 278
f 278 3229 271
f 3229 3228 271
f 271 3228 272
f 3228 3246 272
f 272 3246 300
f 3246 3245 300
f 300 3245 301
f 3245 3227 301
f 301 3227 302
f 3227 3226 302
f 302 3226 322
f 3226 3225 322
f 322 3225 323
f 3225 3265 323
f 323 3265 324
f 3265 3264 324
f 324 3264 325
f 3264 3261 325
f 325 3261 326
f 3261 3262 326
f 326 3262 327
f 3262 3263 327
f 327 3263 336
f 3263 3274 336
f 336 3274 337
f 3274 3273 337
f 337 3273 338
f 3273 3272 338
f 338 3272 318
f 3272 3260 318
f 318 3260 319
f 3260 3259 319
f 319 3259 320
f 3259 3258 320
f 320 3258 321
f 3258 3257 321
f 321 3257 328
f 3257 3256 328
f 328 3256 329
f 3256 3255 329
f 329 3255 279
f 3255 3244 279
f 279 3244 280
f 3244 3243 280
f 280 3243 281
f 3243 3242 281
f 281 3242 282
f 3242 3206 282
f 282 3206 283
f 3206 3205 283
f 283 3205 284
f 3205 3217 284
f 284 3217 289
f 3217 3216 289
f 289 3216 290
f 3216 3213 290
f 290 3213 291
f 3213 3214 291
f 291 3214 303
f 3214 3215 303
f 303 3215 304
f 3215 3224 304
f 2477 4555 2478
f 4555 4554 2478
f 2478 4554 2463
f 4554 4553 2463
f 2463 4553 2464
f 4553 4552 2464
f 2464 4552 2465
f 4552 4551 2465
f 2465 4551 2456
f 4551 4550 2456
f 2456 4550 2457
f 4550 4561 2457
f 2457 4561 2473
f 4561 4560 2473
f 2473 4560 2474
f 4560 4559 2474
f 2474 4559 2475
f 4559 4594 2475
f 2475 4594 2479
f 4594 4593 2479
f 2479 4593 2480
f 4593 4577 2480
f 2480 4577 2466
f 4577 4576 2466
f 2466 4576 2467
f 4576 4592 2467
f 2467 4592 2486
f 4592 4591 2486
f 2486 4591 2487
f 4591 4585 2487
f 2487 4585 2488
f 4585 4584 2488
f 2488 4584 2516
f 4584 4623 2516
f 2516 4623 2517
f 4623 4622 2517
f 2517 4622 2518
f 4622 4621 2518
f 2518 4621 2519
f 4621 4620 2519
f 2519 4620 2520
f 4620 4619 2520
f 2520 4619 2521
f 4619 4618 2521
f 2521 4618 2522
f 4618 4617 2522
f 2522 4617 2526
f 4617 4616 2526
f 2526 4616 2527
f 4616 4615 2527
f 2527 4615 2489
f 4615 4609 2489
f 2489 4609 2490
f 4609 4608 2490
f 2490 4608 2499
f 4608 4607 2499
f 2499 4607 2500
f 4607 4606 2500
f 2500 4606 2493
f 4606 4614 2493
f 2493 4614 2492
f 4614 4613 2492
f 2492 4613 2491
f 4613 4612 2491
f 2491 4612 2501
f 4612 4611 2501
f 2501 4611 2502
f 4611 4610 2502
f 2502 4610 2115
f 4610 4605 2115
f 2115 4605 2116
f 4605 4604 2116
f 2116 4604 2494
f 4604 4602 2494
f 2494 4602 2495
f 4602 4601 2495
f 2495 4601 2503
f 4601 4600 2503
f 2503 4600 2504
f 4600 4599 2504
f 2504 4599 2468
f 4599 4598 2468
f 2468 4598 2469
f 4598 4575 2469
f 2469 4575 2496
f 4575 4574 2496
f 2496 4574 2497
f 4574 4573 2497
f 2497 4573 2498
f 4573 4569 2498
f 2498 4569 2505
f 4569 4568 2505
f 2505 4568 2506
f 4568 4566 2506
f 2506 4566 2507
f 4566 4565 2507
f 2507 4565 2511
f 4565 4590 2511
f 2511 4590 2512
f 4590 4589 2512
f 2512 4589 2513
f 4589 4583 2513
f 2513 4583 2523
f 4583 4582 2523
f 2523 4582 2524
f 4582 4581 2524
f 2524 4581 2525
f 4581 4597 2525
f 2525 4597 2481
f 4597 4596 2481
f 2481 4596 2482
f 4596 4595 2482
f 2482 4595 2514
f 4595 4588 2514
f 2514 4588 2515
f 4588 4587 2515
f 2515 4587 2508
f 4587 4586 2508
f 2508 4586 2509
f 4586 4580 2509
f 2509 4580 2510
f 4580 4579 2510
f 2510 4579 2483
f 4579 4578 2483
f 2483 4578 2484
f 4578 4572 2484
f 2484 4572 2485
f 4572 4571 2485
f 2485 4571 2470
f 4571 4570 2470
f 2470 4570 2471
f 4570 4564 2471
f 2471 4564 2472
f 4564 4563 2472
f 2472 4563 2462
f 4563 4562 2462
f 2462 4562 2461
f 4562 4558 2461
f 2461 4558 2459
f 4558 4557 2459
f 2459 4557 2476
f 4557 4556 2476
f 2476 4556 2477
f 4556 4555 2477
f 148 146 7143
f 146 7144 7143
f 7143 7144 7145
f 7144 7146 7145
f 7145 7146 7147
f 7146 7148 7147
f 7147 7148 7149
f 7148 7150 7149
f 7149 7150 7151
f 7150 7152 7151
f 7151 7152 7153
f 7152 7154 7153
f 7153 7154 7155
f 7154 7156 7155
f 7155 7156 7157
f 7156 7158 7157
f 7157 7158 7159
f 7158 7160 7159
f 7159 7160 7161
f 7160 7162 7161
f 7161 7162 7163
f 7162 7164 7163
f 7163 7164 7165
f 7164 7166 7165
f 7165 7166 7167
f 7166 7168 7167
f 7167 7168 7169
f 7168 7170 7169
f 7169 7170 7171
f 7170 7172 7171
f 7171 7172 7173
f 7172 7174 7173
f 7173 7174 7175
f 7174 7176 7175
f 7175 7176 7177
f 7176 7178 7177
f 7177 7178 7179
f 7178 7180 7179
f 7179 7180 2692
f 7180 2693 2692
f 588 2914 589
f 2914 2928 589
f 589 2928 580
f 2928 2927 580
f 580 2927 581
f 2927 2926 581
f 581 2926 590
f 2926 2925 590
f 590 2925 591
f 2925 2923 591
f 591 2923 571
f 2923 2922 571
f 571 2922 572
f 2922 2953 572
f 572 2953 611
f 2953 2952 611
f 611 2952 612
f 2952 2951 612
f 612 2951 613
f 2951 2950 613
f 613 2950 623
f 2950 2949 623
f 623 2949 624
f 2949 2948 624
f 624 2948 625
f 2948 2974 625
f 625 2974 626
f 2974 2973 626
f 626 2973 627
f 2973 2964 627
f 627 2964 628
f 2964 2963 628
f 628 2963 636
f 2963 2980 636
f 636 2980 637
f 2980 2979 637
f 637 2979 638
f 2979 2978 638
f 638 2978 629
f 2978 2967 629
f 629 2967 630
f 2967 2966 630
f 630 2966 634
f 2966 2965 634
f 634 2965 635
f 2965 2962 635
f 635 2962 592
f 2962 2961 592
f 592 2961 593
f 2961 2960 593
f 593 2960 600
f 2960 2942 600
f 600 2942 601
f 2942 2941 601
f 601 2941 594
f 2941 2940 594
f 594 2940 595
f 2940 2911 595
f 595 2911 596
f 2911 2910 596
f 596 2910 602
f 2910 2939 602
f 602 2939 603
f 2939 2938 603
f 603 2938 604
f 2938 2921 604
f 604 2921 605
f 2921 2920 605
f 605 2920 606
f 2920 2937 606
f 606 2937 607
f 2937 2936 607
f 607 2936 584
f 2936 2935 584
f 584 2935 583
f 2935 2934 583
f 583 2934 582
f 2934 2933 582
f 582 2933 585
f 2933 2932 585
f 585 2932 586
f 2932 2913 586
f 586 2913 567
f 2913 2912 567
f 567 2912 568
f 2912 2947 568
f 568 2947 597
f 2947 2946 597
f 597 2946 598
f 2946 2931 598
f 598 2931 599
f 2931 2930 599
f 599 2930 614
f 2930 2929 614
f 614 2929 615
f 2929 2972 615
f 615 2972 616
f 2972 2971 616
f 616 2971 617
f 2971 2968 617
f 617 2968 618
f 2968 2969 618
f 618 2969 619
f 2969 2970 619
f 619 2970 631
f 2970 2977 631
f 631 2977 632
f 2977 2976 632
f 632 2976 633
f 2976 2975 633
f 633 2975 620
f 2975 2959 620
f 620 2959 621
f 2959 2958 621
f 621 2958 622
f 2958 2957 622
f 622 2957 608
f 2957 2956 608
f 608 2956 609
f 2956 2955 609
f 609 2955 610
f 2955 2954 610
f 610 2954 573
f 2954 2945 573
f 573 2945 574
f 2945 2944 574
f 574 2944 575
f 2944 2943 575
f 575 2943 576
f 2943 2908 576
f 576 2908 569
f 2908 2907 569
f 569 2907 570
f 2907 2919 570
f 570 2919 577
f 2919 2918 577
f 577 2918 578
f 2918 2917 578
f 578 2917 579
f 2917 2916 579
f 579 2916 587
f 2916 2915 587
f 587 2915 588
f 2915 2914 588
f 7181 7182 7183
f 7184 7185 7186
f 7187 7188 7189
f 7190 7191 7192
f 7193 7194 7195
f 7196 7191 7197
f 7191 7190 7197
f 7197 7190 7198
f 7182 7199 7183
f 7199 7200 7183
f 7183 7200 7201
f 7200 7202 7201
f 7201 7202 7195
f 7203 7204 7205
f 7204 7206 7205
f 7207 7208 7209
f 7205 7210 7211
f 7210 7212 7211
f 7209 7212 7207
f 7212 7210 7207
f 7207 7210 7213
f 7210 7205 7213
f 7213 7205 7214
f 7205 7206 7214
f 7206 7215 7214
f 7215 7216 7214
f 7214 7216 7217
f 7218 7219 7220
f 7219 7221 7220
f 7220 7221 7222
f 7221 7223 7222
f 7222 7223 7224
f 7223 7225 7224
f 7224 7225 7226
f 7225 7227 7226
f 7219 7228 7221
f 7228 7229 7221
f 7221 7229 7223
f 7229 7230 7223
f 7223 7230 7225
f 7217 7231 7232
f 7233 7234 7189
f 7234 7235 7189
f 7189 7235 7187
f 7235 7232 7187
f 7232 7231 7187
f 7231 7236 7187
f 7187 7236 7188
f 7216 7237 7217
f 7237 7238 7217
f 7217 7238 7231
f 7238 7239 7231
f 7231 7239 7236
f 7239 7240 7236
f 7236 7240 7184
f 7241 7242 7243
f 7244 7245 7246
f 7242 7245 7247
f 7245 7244 7247
f 7247 7244 7248
f 7244 7249 7248
f 7242 7241 7245
f 7241 7250 7245
f 7245 7250 7246
f 7251 7252 7253
f 7252 7254 7253
f 4255 1327 7255
f 7185 7251 7186
f 7251 7253 7186
f 7186 7253 7256
f 7253 7257 7256
f 7256 7257 7258
f 7255 7258 4255
f 7258 7257 4255
f 4255 7257 4256
f 7257 7253 4256
f 4256 7253 4254
f 7253 7254 4254
f 4254 7254 1928
f 7259 7196 7260
f 7196 7197 7260
f 7260 7197 7261
f 7197 7198 7261
f 7261 7198 7262
f 7198 7263 7262
f 7199 7263 7200
f 7263 7198 7200
f 7200 7198 7202
f 7198 7190 7202
f 7202 7190 7195
f 7190 7192 7195
f 7195 7192 7193
f 7192 7264 7193
f 7209 7181 7212
f 7181 7183 7212
f 7212 7183 7211
f 7183 7201 7211
f 7211 7201 7205
f 7201 7195 7205
f 7205 7195 7203
f 7195 7194 7203
f 7234 7227 7235
f 7227 7225 7235
f 7235 7225 7232
f 7225 7230 7232
f 7232 7230 7217
f 7230 7229 7217
f 7217 7229 7214
f 7229 7228 7214
f 7214 7228 7213
f 7228 7219 7213
f 7213 7219 7207
f 7219 7218 7207
f 7207 7218 7208
f 7184 7186 7236
f 7186 7265 7236
f 7236 7265 7188
f 7265 7266 7188
f 7188 7266 7189
f 7266 7267 7189
f 7189 7267 7233
f 7255 7249 7258
f 7249 7244 7258
f 7258 7244 7256
f 7244 7246 7256
f 7256 7246 7186
f 7246 7250 7186
f 7186 7250 7265
f 7250 7241 7265
f 7265 7241 7266
f 7241 7243 7266
f 7266 7243 7267
f 7268 7269 7270
f 7271 7191 7196
f 7272 7273 7270
f 7274 7275 7276
f 7277 7278 7279
f 7280 7281 7282
f 7281 1595 7282
f 7282 1595 1594
f 1596 1595 7283
f 1595 7281 7283
f 7283 7281 7284
f 7281 7285 7284
f 1592 1596 7286
f 1596 7283 7286
f 7286 7283 7287
f 7283 7284 7287
f 7287 7284 7288
f 7284 7285 7288
f 7288 7285 7289
f 7290 7291 7292
f 7291 7293 7292
f 7294 7290 7295
f 7290 7292 7295
f 7295 7292 7296
f 7292 7293 7296
f 7297 7298 7299
f 7298 7294 7299
f 7299 7294 7300
f 7294 7295 7300
f 7300 7295 7301
f 7295 7302 7301
f 7303 7304 7305
f 7304 7306 7305
f 7305 7307 7303
f 7307 7308 7303
f 7303 7308 7309
f 7308 7310 7309
f 7309 7310 7311
f 7312 7313 7314
f 7313 7315 7314
f 7314 7315 7279
f 7315 7298 7279
f 7279 7298 7277
f 7298 7297 7277
f 7316 7317 7318
f 7317 7319 7318
f 7318 7319 7320
f 7319 7321 7320
f 7320 7321 7276
f 7275 7322 7276
f 7322 7323 7276
f 7276 7323 7320
f 7323 7324 7320
f 7320 7324 7318
f 7272 7270 7325
f 7270 7269 7325
f 7325 7269 7326
f 7264 7192 7327
f 7192 7328 7327
f 7327 7328 7329
f 7328 7323 7329
f 7329 7323 7330
f 7323 7322 7330
f 7271 7196 7331
f 7196 7259 7331
f 7331 7259 7332
f 7280 7302 7281
f 7302 7295 7281
f 7281 7295 7285
f 7295 7296 7285
f 7285 7296 7289
f 7296 7293 7289
f 7289 7293 7333
f 7293 7291 7333
f 7333 7291 7334
f 7333 7335 7289
f 7335 7336 7289
f 7289 7336 7288
f 7336 7337 7288
f 7288 7337 7287
f 7337 7338 7287
f 7287 7338 7286
f 7338 7339 7286
f 7286 7339 1592
f 7339 7340 1592
f 1592 7340 1593
f 7341 7342 7311
f 7342 7343 7311
f 7311 7343 7309
f 7343 7344 7309
f 7309 7344 7303
f 7344 7345 7303
f 7303 7345 7304
f 7317 7346 7319
f 7346 7312 7319
f 7319 7312 7321
f 7312 7314 7321
f 7321 7314 7276
f 7314 7279 7276
f 7276 7279 7274
f 7279 7278 7274
f 7346 7347 7312
f 7347 7341 7312
f 7312 7341 7313
f 7341 7311 7313
f 7313 7311 7315
f 7311 7310 7315
f 7315 7310 7298
f 7310 7308 7298
f 7298 7308 7294
f 7308 7307 7294
f 7294 7307 7290
f 7307 7305 7290
f 7290 7305 7291
f 7305 7306 7291
f 7291 7306 7334
f 7328 7273 7323
f 7273 7272 7323
f 7323 7272 7324
f 7272 7325 7324
f 7324 7325 7318
f 7325 7326 7318
f 7318 7326 7316
f 7192 7191 7328
f 7191 7271 7328
f 7328 7271 7273
f 7271 7331 7273
f 7273 7331 7270
f 7331 7332 7270
f 7270 7332 7268
f 7144 146 1928
f 7282 1594 2693
f 2693 7180 7282
f 7180 7178 7282
f 7282 7178 7280
f 7299 7300 7176
f 7300 7301 7176
f 7176 7301 7178
f 7301 7302 7178
f 7178 7302 7280
f 7176 7174 7299
f 7174 7172 7299
f 7299 7172 7297
f 7170 7168 7275
f 7275 7274 7170
f 7274 7278 7170
f 7170 7278 7172
f 7278 7277 7172
f 7172 7277 7297
f 7327 7329 7166
f 7329 7330 7166
f 7166 7330 7168
f 7330 7322 7168
f 7168 7322 7275
f 7166 7164 7327
f 7164 7162 7327
f 7327 7162 7264
f 7160 7194 7162
f 7194 7193 7162
f 7162 7193 7264
f 7215 7206 7158
f 7206 7204 7158
f 7158 7204 7160
f 7204 7203 7160
f 7160 7203 7194
f 7158 7156 7215
f 7156 7154 7215
f 7215 7154 7216
f 7216 7154 7237
f 7154 7152 7237
f 7237 7152 7238
f 7238 7152 7239
f 7152 7150 7239
f 7239 7150 7240
f 7252 7251 7148
f 7251 7185 7148
f 7148 7185 7150
f 7185 7184 7150
f 7150 7184 7240
f 1928 7254 7144
f 7254 7252 7144
f 7144 7252 7146
f 7252 7148 7146
f 7263 7199 7157
f 7181 7209 7155
f 7218 7220 7153
f 7227 7234 7149
f 7267 7243 7147
f 7304 7345 7171
f 7317 7316 7165
f 7269 7268 7163
f 7163 7268 7161
f 7165 7316 7163
f 7316 7326 7163
f 7163 7326 7269
f 7343 7342 7169
f 7342 7341 7169
f 7169 7341 7167
f 7341 7347 7167
f 7167 7347 7165
f 7347 7346 7165
f 7165 7346 7317
f 7171 7345 7169
f 7345 7344 7169
f 7169 7344 7343
f 7336 7335 7175
f 7335 7333 7175
f 7175 7333 7173
f 7333 7334 7173
f 7173 7334 7171
f 7334 7306 7171
f 7171 7306 7304
f 7340 7339 7177
f 7339 7338 7177
f 7177 7338 7175
f 7338 7337 7175
f 7175 7337 7336
f 7177 7179 7340
f 7179 2692 7340
f 7340 2692 1593
f 1327 148 7255
f 148 7143 7255
f 7255 7143 7249
f 7147 7243 7145
f 7243 7242 7145
f 7242 7247 7145
f 7145 7247 7143
f 7247 7248 7143
f 7143 7248 7249
f 7149 7234 7147
f 7234 7233 7147
f 7147 7233 7267
f 7153 7220 7151
f 7220 7222 7151
f 7222 7224 7151
f 7151 7224 7149
f 7224 7226 7149
f 7149 7226 7227
f 7155 7209 7153
f 7209 7208 7153
f 7153 7208 7218
f 7157 7199 7155
f 7199 7182 7155
f 7155 7182 7181
f 7159 7261 7157
f 7261 7262 7157
f 7157 7262 7263
f 7268 7332 7161
f 7332 7259 7161
f 7161 7259 7159
f 7259 7260 7159
f 7159 7260 7261
f 367 3136 368
f 3136 3150 368
f 368 3150 359
f 3150 3149 359
f 359 3149 360
f 3149 3148 360
f 360 3148 369
f 3148 3147 369
f 369 3147 370
f 3147 3145 370
f 370 3145 350
f 3145 3144 350
f 350 3144 351
f 3144 3175 351
f 351 3175 391
f 3175 3174 391
f 391 3174 392
f 3174 3173 392
f 392 3173 393
f 3173 3172 393
f 393 3172 403
f 3172 3171 403
f 403 3171 404
f 3171 3170 404
f 404 3170 405
f 3170 3196 405
f 405 3196 406
f 3196 3195 406
f 406 3195 407
f 3195 3186 407
f 407 3186 408
f 3186 3185 408
f 408 3185 416
f 3185 3202 416
f 416 3202 417
f 3202 3201 417
f 417 3201 418
f 3201 3200 418
f 418 3200 409
f 3200 3189 409
f 409 3189 410
f 3189 3188 410
f 410 3188 414
f 3188 3187 414
f 414 3187 415
f 3187 3184 415
f 415 3184 371
f 3184 3183 371
f 371 3183 372
f 3183 3182 372
f 372 3182 380
f 3182 3164 380
f 380 3164 381
f 3164 3163 381
f 381 3163 374
f 3163 3162 374
f 374 3162 375
f 3162 3133 375
f 375 3133 376
f 3133 3132 376
f 376 3132 382
f 3132 3161 382
f 382 3161 383
f 3161 3160 383
f 383 3160 384
f 3160 3143 384
f 384 3143 385
f 3143 3142 385
f 385 3142 386
f 3142 3159 386
f 386 3159 387
f 3159 3158 387
f 387 3158 363
f 3158 3157 363
f 363 3157 362
f 3157 3156 362
f 362 3156 361
f 3156 3155 361
f 361 3155 364
f 3155 3154 364
f 364 3154 365
f 3154 3135 365
f 365 3135 345
f 3135 3134 345
f 345 3134 346
f 3134 3169 346
f 346 3169 377
f 3169 3168 377
f 377 3168 378
f 3168 3153 378
f 378 3153 379
f 3153 3152 379
f 379 3152 394
f 3152 3151 394
f 394 3151 395
f 3151 3194 395
f 395 3194 396
f 3194 3193 396
f 396 3193 397
f 3193 3190 397
f 397 3190 398
f 3190 3191 398
f 398 3191 399
f 3191 3192 399
f 399 3192 411
f 3192 3199 411
f 411 3199 412
f 3199 3198 412
f 412 3198 413
f 3198 3197 413
f 413 3197 400
f 3197 3181 400
f 400 3181 401
f 3181 3180 401
f 401 3180 402
f 3180 3179 402
f 402 3179 388
f 3179 3178 388
f 388 3178 389
f 3178 3177 389
f 389 3177 390
f 3177 3176 390
f 390 3176 352
f 3176 3167 352
f 352 3167 353
f 3167 3166 353
f 353 3166 354
f 3166 3165 354
f 354 3165 355
f 3165 3130 355
f 355 3130 348
f 3130 3129 348
f 348 3129 349
f 3129 3141 349
f 349 3141 356
f 3141 3140 356
f 356 3140 357
f 3140 3139 357
f 357 3139 358
f 3139 3138 358
f 358 3138 366
f 3138 3137 366
f 366 3137 367
f 3137 3136 367
f 441 3076 442
f 3076 3075 442
f 442 3075 433
f 3075 3074 433
f 433 3074 434
f 3074 3073 434
f 434 3073 443
f 3073 3072 443
f 443 3072 444
f 3072 3070 444
f 444 3070 424
f 3070 3069 424
f 424 3069 425
f 3069 3098 425
f 425 3098 463
f 3098 3097 463
f 463 3097 464
f 3097 3096 464
f 464 3096 465
f 3096 3105 465
f 465 3105 468
f 3105 3104 468
f 468 3104 469
f 3104 3100 469
f 469 3100 470
f 3100 3099 470
f 470 3099 480
f 3099 3111 480
f 480 3111 481
f 3111 3110 481
f 481 3110 482
f 3110 3109 482
f 482 3109 483
f 3109 3118 483
f 483 3118 484
f 3118 3117 484
f 484 3117 485
f 3117 3116 485
f 485 3116 486
f 3116 3115 486
f 486 3115 487
f 3115 3125 487
f 487 3125 491
f 3125 3124 491
f 491 3124 492
f 3124 3114 492
f 492 3114 452
f 3114 3113 452
f 452 3113 453
f 3113 3112 453
f 453 3112 466
f 3112 3095 466
f 466 3095 467
f 3095 3094 467
f 467 3094 445
f 3094 3093 445
f 445 3093 446
f 3093 3059 446
f 446 3059 448
f 3059 3058 448
f 448 3058 454
f 3058 3087 454
f 454 3087 455
f 3087 3086 455
f 455 3086 456
f 3086 3068 456
f 456 3068 457
f 3068 3067 457
f 457 3067 458
f 3067 3085 458
f 458 3085 459
f 3085 3084 459
f 459 3084 437
f 3084 3083 437
f 437 3083 436
f 3083 3082 436
f 436 3082 435
f 3082 3081 435
f 435 3081 438
f 3081 3080 438
f 438 3080 439
f 3080 3061 439
f 439 3061 419
f 3061 3060 419
f 419 3060 420
f 3060 3092 420
f 420 3092 449
f 3092 3091 449
f 449 3091 450
f 3091 3079 450
f 450 3079 451
f 3079 3078 451
f 451 3078 471
f 3078 3077 471
f 471 3077 472
f 3077 3123 472
f 472 3123 473
f 3123 3122 473
f 473 3122 474
f 3122 3119 474
f 474 3119 475
f 3119 3120 475
f 475 3120 476
f 3120 3121 476
f 476 3121 488
f 3121 3128 488
f 488 3128 489
f 3128 3127 489
f 489 3127 490
f 3127 3126 490
f 490 3126 477
f 3126 3108 477
f 477 3108 478
f 3108 3107 478
f 478 3107 479
f 3107 3106 479
f 479 3106 460
f 3106 3103 460
f 460 3103 461
f 3103 3102 461
f 461 3102 462
f 3102 3101 462
f 462 3101 426
f 3101 3090 426
f 426 3090 427
f 3090 3089 427
f 427 3089 428
f 3089 3088 428
f 428 3088 429
f 3088 3056 429
f 429 3056 422
f 3056 3055 422
f 422 3055 423
f 3055 3066 423
f 423 3066 430
f 3066 3065 430
f 430 3065 431
f 3065 3062 431
f 431 3062 432
f 3062 3063 432
f 432 3063 440
f 3063 3064 440
f 440 3064 441
f 3064 3076 441
f 528 3004 529
f 3004 3003 529
f 529 3003 516
f 3003 3002 516
f 516 3002 517
f 3002 3001 517
f 517 3001 530
f 3001 3000 530
f 530 3000 531
f 3000 2998 531
f 531 2998 496
f 2998 2997 496
f 496 2997 497
f 2997 3021 497
f 497 3021 532
f 3021 3020 532
f 532 3020 533
f 3020 3019 533
f 533 3019 534
f 3019 3028 534
f 534 3028 558
f 3028 3027 558
f 558 3027 559
f 3027 3018 559
f 559 3018 560
f 3018 3017 560
f 560 3017 561
f 3017 3054 561
f 561 3054 562
f 3054 3053 562
f 562 3053 563
f 3053 3052 563
f 563 3052 564
f 3052 3051 564
f 564 3051 565
f 3051 3050 565
f 565 3050 566
f 3050 3049 566
f 566 3049 552
f 3049 3034 552
f 552 3034 551
f 3034 3033 551
f 551 3033 550
f 3033 3032 550
f 550 3032 553
f 3032 3031 553
f 553 3031 554
f 3031 3030 554
f 554 3030 535
f 3030 3029 535
f 535 3029 536
f 3029 3016 536
f 536 3016 537
f 3016 3015 537
f 537 3015 509
f 3015 3014 509
f 509 3014 510
f 3014 2982 510
f 510 2982 512
f 2982 2981 512
f 512 2981 518
f 2981 2991 518
f 518 2991 519
f 2991 2990 519
f 519 2990 520
f 2990 2989 520
f 520 2989 521
f 2989 2988 521
f 521 2988 522
f 2988 2987 522
f 522 2987 523
f 2987 2986 523
f 523 2986 500
f 2986 3013 500
f 500 3013 499
f 3013 3012 499
f 499 3012 498
f 3012 3011 498
f 498 3011 501
f 3011 3010 501
f 501 3010 502
f 3010 3009 502
f 502 3009 493
f 3009 3008 493
f 493 3008 494
f 3008 3026 494
f 494 3026 524
f 3026 3025 524
f 524 3025 525
f 3025 3007 525
f 525 3007 526
f 3007 3006 526
f 526 3006 542
f 3006 3005 542
f 542 3005 543
f 3005 3045 543
f 543 3045 544
f 3045 3044 544
f 544 3044 545
f 3044 3041 545
f 545 3041 546
f 3041 3042 546
f 546 3042 547
f 3042 3043 547
f 547 3043 555
f 3043 3048 555
f 555 3048 556
f 3048 3047 556
f 556 3047 557
f 3047 3046 557
f 557 3046 538
f 3046 3040 538
f 538 3040 539
f 3040 3039 539
f 539 3039 540
f 3039 3038 540
f 540 3038 541
f 3038 3037 541
f 541 3037 548
f 3037 3036 548
f 548 3036 549
f 3036 3035 549
f 549 3035 503
f 3035 3024 503
f 503 3024 504
f 3024 3023 504
f 504 3023 505
f 3023 3022 505
f 505 3022 506
f 3022 2984 506
f 506 2984 507
f 2984 2983 507
f 507 2983 508
f 2983 2996 508
f 508 2996 513
f 2996 2995 513
f 513 2995 514
f 2995 2992 514
f 514 2992 515
f 2992 2993 515
f 515 2993 527
f 2993 2994 527
f 527 2994 528
f 2994 3004 528
f 209 2823 210
f 2823 2822 210
f 210 2822 198
f 2822 2821 198
f 198 2821 199
f 2821 2816 199
f 199 2816 201
f 2816 2814 201
f 201 2814 202
f 2814 2813 202
f 202 2813 220
f 2813 2869 220
f 220 2869 221
f 2869 2868 221
f 221 2868 222
f 2868 2867 222
f 222 2867 223
f 2867 2866 223
f 223 2866 224
f 2866 2865 224
f 224 2865 225
f 2865 2852 225
f 225 2852 253
f 2852 2851 253
f 253 2851 254
f 2851 2900 254
f 254 2900 255
f 2900 2899 255
f 255 2899 262
f 2899 2897 262
f 262 2897 263
f 2897 2896 263
f 263 2896 264
f 2896 2898 264
f 264 2898 265
f 2898 2906 265
f 265 2906 266
f 2906 2905 266
f 266 2905 267
f 2905 2904 267
f 267 2904 247
f 2904 2895 247
f 247 2895 248
f 2895 2894 248
f 248 2894 249
f 2894 2893 249
f 249 2893 185
f 2893 2880 185
f 185 2880 186
f 2880 2879 186
f 186 2879 211
f 2879 2878 211
f 211 2878 212
f 2878 2864 212
f 212 2864 213
f 2864 2863 213
f 213 2863 226
f 2863 2862 226
f 226 2862 227
f 2862 2825 227
f 227 2825 214
f 2825 2824 214
f 214 2824 216
f 2824 2834 216
f 216 2834 190
f 2834 2856 190
f 190 2856 206
f 2856 2854 206
f 206 2854 207
f 2854 2853 207
f 207 2853 178
f 2853 2840 178
f 178 2840 180
f 2840 2842 180
f 180 2842 181
f 2842 2843 181
f 181 2843 182
f 2843 2833 182
f 182 2833 183
f 2833 2831 183
f 183 2831 184
f 2831 2830 184
f 184 2830 236
f 2830 2850 236
f 236 2850 237
f 2850 2849 237
f 237 2849 238
f 2849 2848 238
f 238 2848 239
f 2848 2847 239
f 239 2847 240
f 2847 2846 240
f 240 2846 241
f 2846 2839 241
f 241 2839 256
f 2839 2838 256
f 256 2838 257
f 2838 2892 257
f 257 2892 258
f 2892 2891 258
f 258 2891 268
f 2891 2890 268
f 268 2890 269
f 2890 2903 269
f 269 2903 270
f 2903 2902 270
f 270 2902 259
f 2902 2901 259
f 259 2901 260
f 2901 2889 260
f 260 2889 261
f 2889 2888 261
f 261 2888 250
f 2888 2887 250
f 250 2887 251
f 2887 2883 251
f 251 2883 252
f 2883 2882 252
f 252 2882 191
f 2882 2881 191
f 191 2881 192
f 2881 2835 192
f 192 2835 217
f 2835 2836 217
f 217 2836 218
f 2836 2837 218
f 218 2837 219
f 2837 2845 219
f 219 2845 242
f 2845 2844 242
f 242 2844 243
f 2844 2829 243
f 243 2829 194
f 2829 2828 194
f 194 2828 195
f 2828 2827 195
f 195 2827 196
f 2827 2820 196
f 196 2820 197
f 2820 2818 197
f 197 2818 208
f 2818 2817 208
f 208 2817 209
f 2817 2823 209

