# https://github.com/mikedh/trimesh

o tm25_2501_end_effector_motor_mount.stl
v -0.08550000 -0.00000000 -0.00078500
v -0.09185000 -0.00000000 -0.00078500
v -0.08550000 0.00014381 -0.00079128
v -0.09185000 0.00014381 -0.00079128
v -0.08550000 0.00028652 -0.00081007
v -0.09185000 0.00028652 -0.00081007
v -0.08550000 0.00042705 -0.00084122
v -0.09185000 0.00042705 -0.00084122
v -0.08550000 0.00056433 -0.00088451
v -0.09185000 0.00056433 -0.00088451
v -0.08550000 0.00069732 -0.00093959
v -0.09185000 0.00069732 -0.00093959
v -0.08550000 0.00082500 -0.00100606
v -0.09185000 0.00082500 -0.00100606
v -0.08550000 0.00094640 -0.00108340
v -0.09185000 0.00094640 -0.00108340
v -0.08550000 0.00106060 -0.00117103
v -0.09185000 0.00106060 -0.00117103
v -0.08550000 0.00116673 -0.00126827
v -0.09185000 0.00116673 -0.00126827
v -0.08550000 0.00126397 -0.00137440
v -0.09185000 0.00126397 -0.00137440
v -0.08550000 0.00135160 -0.00148860
v -0.09185000 0.00135160 -0.00148860
v -0.08550000 0.00142894 -0.00161000
v -0.09185000 0.00142894 -0.00161000
v -0.08550000 0.00149541 -0.00173768
v -0.09185000 0.00149541 -0.00173768
v -0.08550000 0.00155049 -0.00187067
v -0.09185000 0.00155049 -0.00187067
v -0.08550000 0.00159378 -0.00200795
v -0.09185000 0.00159378 -0.00200795
v -0.08550000 0.00162493 -0.00214848
v -0.09185000 0.00162493 -0.00214848
v -0.08550000 0.00164372 -0.00229119
v -0.09185000 0.00164372 -0.00229119
v -0.08550000 0.00165000 -0.00243500
v -0.09185000 0.00165000 -0.00243500
v -0.08550000 0.00164372 -0.00257881
v -0.09185000 0.00164372 -0.00257881
v -0.08550000 0.00162493 -0.00272152
v -0.09185000 0.00162493 -0.00272152
v -0.08550000 0.00159378 -0.00286205
v -0.09185000 0.00159378 -0.00286205
v -0.08550000 0.00155049 -0.00299933
v -0.09185000 0.00155049 -0.00299933
v -0.08550000 0.00149541 -0.00313232
v -0.09185000 0.00149541 -0.00313232
v -0.08550000 0.00142894 -0.00326000
v -0.09185000 0.00142894 -0.00326000
v -0.08550000 0.00135160 -0.00338140
v -0.09185000 0.00135160 -0.00338140
v -0.08550000 0.00126397 -0.00349560
v -0.09185000 0.00126397 -0.00349560
v -0.08550000 0.00116673 -0.00360173
v -0.09185000 0.00116673 -0.00360173
v -0.08550000 0.00106060 -0.00369897
v -0.09185000 0.00106060 -0.00369897
v -0.08550000 0.00094640 -0.00378660
v -0.09185000 0.00094640 -0.00378660
v -0.08550000 0.00082500 -0.00386394
v -0.09185000 0.00082500 -0.00386394
v -0.08550000 0.00069732 -0.00393041
v -0.09185000 0.00069732 -0.00393041
v -0.08550000 0.00056433 -0.00398549
v -0.09185000 0.00056433 -0.00398549
v -0.08550000 0.00042705 -0.00402878
v -0.09185000 0.00042705 -0.00402878
v -0.08550000 0.00028652 -0.00405993
v -0.09185000 0.00028652 -0.00405993
v -0.08550000 0.00014381 -0.00407872
v -0.09185000 0.00014381 -0.00407872
v -0.08550000 -0.00000000 -0.00408500
v -0.09185000 -0.00000000 -0.00408500
v -0.08550000 -0.00014381 -0.00407872
v -0.09185000 -0.00014381 -0.00407872
v -0.08550000 -0.00028652 -0.00405993
v -0.09185000 -0.00028652 -0.00405993
v -0.08550000 -0.00042705 -0.00402878
v -0.09185000 -0.00042705 -0.00402878
v -0.08550000 -0.00056433 -0.00398549
v -0.09185000 -0.00056433 -0.00398549
v -0.08550000 -0.00069732 -0.00393041
v -0.09185000 -0.00069732 -0.00393041
v -0.08550000 -0.00082500 -0.00386394
v -0.09185000 -0.00082500 -0.00386394
v -0.08550000 -0.00094640 -0.00378660
v -0.09185000 -0.00094640 -0.00378660
v -0.08550000 -0.00106060 -0.00369897
v -0.09185000 -0.00106060 -0.00369897
v -0.08550000 -0.00116673 -0.00360173
v -0.09185000 -0.00116673 -0.00360173
v -0.08550000 -0.00126397 -0.00349560
v -0.09185000 -0.00126397 -0.00349560
v -0.08550000 -0.00135160 -0.00338140
v -0.09185000 -0.00135160 -0.00338140
v -0.08550000 -0.00142894 -0.00326000
v -0.09185000 -0.00142894 -0.00326000
v -0.08550000 -0.00149541 -0.00313232
v -0.09185000 -0.00149541 -0.00313232
v -0.08550000 -0.00155049 -0.00299933
v -0.09185000 -0.00155049 -0.00299933
v -0.08550000 -0.00159378 -0.00286205
v -0.09185000 -0.00159378 -0.00286205
v -0.08550000 -0.00162493 -0.00272152
v -0.09185000 -0.00162493 -0.00272152
v -0.08550000 -0.00164372 -0.00257881
v -0.09185000 -0.00164372 -0.00257881
v -0.08550000 -0.00165000 -0.00243500
v -0.09185000 -0.00165000 -0.00243500
v -0.08550000 -0.00164372 -0.00229119
v -0.09185000 -0.00164372 -0.00229119
v -0.08550000 -0.00162493 -0.00214848
v -0.09185000 -0.00162493 -0.00214848
v -0.08550000 -0.00159378 -0.00200795
v -0.09185000 -0.00159378 -0.00200795
v -0.08550000 -0.00155049 -0.00187067
v -0.09185000 -0.00155049 -0.00187067
v -0.08550000 -0.00149541 -0.00173768
v -0.09185000 -0.00149541 -0.00173768
v -0.08550000 -0.00142894 -0.00161000
v -0.09185000 -0.00142894 -0.00161000
v -0.08550000 -0.00135160 -0.00148860
v -0.09185000 -0.00135160 -0.00148860
v -0.08550000 -0.00126397 -0.00137440
v -0.09185000 -0.00126397 -0.00137440
v -0.08550000 -0.00116673 -0.00126827
v -0.09185000 -0.00116673 -0.00126827
v -0.08550000 -0.00106060 -0.00117103
v -0.09185000 -0.00106060 -0.00117103
v -0.08550000 -0.00094640 -0.00108340
v -0.09185000 -0.00094640 -0.00108340
v -0.08550000 -0.00082500 -0.00100606
v -0.09185000 -0.00082500 -0.00100606
v -0.08550000 -0.00069732 -0.00093959
v -0.09185000 -0.00069732 -0.00093959
v -0.08550000 -0.00056433 -0.00088451
v -0.09185000 -0.00056433 -0.00088451
v -0.08550000 -0.00042705 -0.00084122
v -0.09185000 -0.00042705 -0.00084122
v -0.08550000 -0.00028652 -0.00081007
v -0.09185000 -0.00028652 -0.00081007
v -0.08550000 -0.00014381 -0.00079128
v -0.09185000 -0.00014381 -0.00079128
v -0.09185000 0.01532089 -0.00107925
v -0.09185000 0.01638304 -0.00246347
v -0.09185000 0.00355465 -0.00223500
v -0.09185000 0.01992389 -0.01219189
v -0.09185000 0.02000000 -0.01393500
v -0.09185000 0.01722965 -0.01393500
v -0.09185000 0.00347296 0.00576115
v -0.09185000 -0.00347296 0.00576115
v -0.09185000 -0.00355465 -0.00223500
v -0.09185000 0.00174311 0.00598889
v -0.09185000 -0.00174311 0.00598889
v -0.09185000 0.00000000 0.00606500
v -0.09185000 -0.00845237 0.00419116
v -0.09185000 -0.00684040 0.00485885
v -0.09185000 -0.01638304 -0.00246347
v -0.09185000 -0.01532089 -0.00107925
v -0.09185000 -0.01414214 0.00020714
v -0.09185000 -0.01285575 0.00138589
v -0.09185000 -0.00517638 0.00538352
v -0.09185000 -0.01147153 0.00244804
v -0.09185000 -0.01000000 0.00338551
v -0.09185000 -0.01385641 -0.00593500
v -0.09185000 -0.01403768 -0.00628322
v -0.09185000 -0.01732051 -0.00393500
v -0.09185000 -0.00561263 -0.00702031
v -0.09185000 -0.00573068 -0.00664591
v -0.09185000 -0.01931852 -0.00875862
v -0.09185000 -0.01879385 -0.00709460
v -0.09185000 -0.01444217 -0.00779280
v -0.09185000 -0.00552766 -0.00896642
v -0.09185000 -0.00547642 -0.00857720
v -0.09185000 -0.00355465 -0.00838500
v -0.09185000 -0.00545929 -0.00818500
v -0.09185000 -0.00842020 -0.00395638
v -0.09185000 -0.00879461 -0.00383833
v -0.09185000 -0.00917788 -0.00375337
v -0.09185000 -0.01812616 -0.00548263
v -0.09185000 -0.00547642 -0.00779280
v -0.09185000 -0.00552766 -0.00740358
v -0.09185000 -0.00627311 -0.00560391
v -0.09185000 -0.00651209 -0.00529246
v -0.09185000 -0.00737820 -0.00449882
v -0.09185000 -0.00770929 -0.00428789
v -0.09185000 -0.00805751 -0.00410661
v -0.09185000 -0.00956709 -0.00370212
v -0.09185000 -0.00995929 -0.00368500
v -0.09185000 -0.01035149 -0.00370212
v -0.09185000 -0.01074071 -0.00375337
v -0.09185000 -0.01112398 -0.00383833
v -0.09185000 -0.01149838 -0.00395638
v -0.09185000 -0.01186107 -0.00410661
v -0.09185000 -0.01220929 -0.00428789
v -0.09185000 -0.01254039 -0.00449882
v -0.09185000 -0.01285184 -0.00473780
v -0.09185000 -0.01314127 -0.00500302
v -0.09185000 -0.01340649 -0.00529246
v -0.09185000 -0.01364548 -0.00560391
v -0.09185000 -0.01418791 -0.00664591
v -0.09185000 -0.01430596 -0.00702031
v -0.09185000 -0.01439093 -0.00740358
v -0.09185000 -0.00588091 -0.00628322
v -0.09185000 -0.00606218 -0.00593500
v -0.09185000 -0.00677731 -0.00500302
v -0.09185000 -0.00706675 -0.00473780
v -0.09185000 -0.01445929 -0.00818500
v -0.09185000 -0.01444217 -0.00857720
v -0.09185000 -0.01969616 -0.01046204
v -0.09185000 -0.02000000 -0.01393500
v -0.09185000 -0.01992389 -0.01219189
v -0.09185000 -0.01403768 -0.01008678
v -0.09185000 -0.01149838 -0.01241362
v -0.09185000 -0.01112398 -0.01253167
v -0.09185000 -0.01074071 -0.01261664
v -0.09185000 -0.01385641 -0.01043500
v -0.09185000 -0.01364548 -0.01076609
v -0.09185000 -0.01340649 -0.01107754
v -0.09185000 -0.01314127 -0.01136698
v -0.09185000 -0.01285184 -0.01163220
v -0.09185000 -0.01254039 -0.01187118
v -0.09185000 -0.01439093 -0.00896642
v -0.09185000 -0.01430596 -0.00934969
v -0.09185000 -0.01418791 -0.00972409
v -0.09185000 -0.01220929 -0.01208211
v -0.09185000 -0.01186107 -0.01226338
v -0.09185000 -0.01035149 -0.01266788
v -0.09185000 -0.00995929 -0.01268500
v -0.09185000 -0.00355465 -0.01393500
v -0.09185000 -0.00956709 -0.01266788
v -0.09185000 -0.00917788 -0.01261664
v -0.09185000 -0.00627311 -0.01076609
v -0.09185000 -0.00606218 -0.01043500
v -0.09185000 -0.00588091 -0.01008678
v -0.09185000 -0.00573068 -0.00972409
v -0.09185000 -0.00561263 -0.00934969
v -0.09185000 -0.00879461 -0.01253167
v -0.09185000 -0.00842020 -0.01241362
v -0.09185000 -0.00805751 -0.01226338
v -0.09185000 -0.00770929 -0.01208211
v -0.09185000 -0.00737820 -0.01187118
v -0.09185000 -0.00706675 -0.01163220
v -0.09185000 -0.00677731 -0.01136698
v -0.09185000 -0.00651209 -0.01107754
v -0.09185000 -0.00879461 -0.01533833
v -0.09185000 -0.00917788 -0.01525337
v -0.09185000 -0.01992389 -0.01567812
v -0.09185000 -0.01385641 -0.01743500
v -0.09185000 -0.01812616 -0.02238736
v -0.09185000 -0.01879385 -0.02077540
v -0.09185000 -0.01439093 -0.02046642
v -0.09185000 -0.00842020 -0.02391362
v -0.09185000 -0.00805751 -0.02376338
v -0.09185000 -0.00355465 -0.02563500
v -0.09185000 -0.00770929 -0.02358211
v -0.09185000 -0.01074071 -0.01525337
v -0.09185000 -0.01112398 -0.01533833
v -0.09185000 -0.01149838 -0.01545638
v -0.09185000 -0.01254039 -0.01599882
v -0.09185000 -0.01285184 -0.01623780
v -0.09185000 -0.01314127 -0.01650302
v -0.09185000 -0.01403768 -0.01778322
v -0.09185000 -0.01418791 -0.01814591
v -0.09185000 -0.01969616 -0.01740796
v -0.09185000 -0.01430596 -0.01852031
v -0.09185000 -0.01439093 -0.01890358
v -0.09185000 -0.01931852 -0.01911138
v -0.09185000 -0.01444217 -0.01929280
v -0.09185000 -0.01445929 -0.01968500
v -0.09185000 -0.01444217 -0.02007720
v -0.09185000 -0.01254039 -0.02337118
v -0.09185000 -0.01220929 -0.02358211
v -0.09185000 -0.01532089 -0.02679075
v -0.09185000 -0.01186107 -0.02376338
v -0.09185000 -0.01149838 -0.02391362
v -0.09185000 -0.01112398 -0.02403167
v -0.09185000 -0.00956709 -0.01520212
v -0.09185000 -0.00995929 -0.01518500
v -0.09185000 -0.01035149 -0.01520212
v -0.09185000 -0.01186107 -0.01560661
v -0.09185000 -0.01220929 -0.01578789
v -0.09185000 -0.01340649 -0.01679246
v -0.09185000 -0.01364548 -0.01710391
v -0.09185000 -0.01430596 -0.02084969
v -0.09185000 -0.01418791 -0.02122409
v -0.09185000 -0.01732051 -0.02393500
v -0.09185000 -0.01403768 -0.02158678
v -0.09185000 -0.01385641 -0.02193500
v -0.09185000 -0.01364548 -0.02226609
v -0.09185000 -0.01638304 -0.02540653
v -0.09185000 -0.00956709 -0.02416788
v -0.09185000 -0.00917788 -0.02411664
v -0.09185000 -0.00879461 -0.02403167
v -0.09185000 -0.00737820 -0.02337118
v -0.09185000 -0.00706675 -0.02313220
v -0.09185000 -0.00677731 -0.02286698
v -0.09185000 -0.01340649 -0.02257754
v -0.09185000 -0.01314127 -0.02286698
v -0.09185000 -0.01285184 -0.02313220
v -0.09185000 -0.01074071 -0.02411664
v -0.09185000 -0.01035149 -0.02416788
v -0.09185000 -0.00995929 -0.02418500
v -0.09185000 -0.00706675 -0.01623780
v -0.09185000 -0.00737820 -0.01599882
v -0.09185000 -0.00770929 -0.01578789
v -0.09185000 -0.00561263 -0.01852031
v -0.09185000 -0.00573068 -0.01814591
v -0.09185000 -0.00627311 -0.01710391
v -0.09185000 -0.00651209 -0.01679246
v -0.09185000 -0.00677731 -0.01650302
v -0.09185000 -0.00805751 -0.01560661
v -0.09185000 -0.00842020 -0.01545638
v -0.09185000 -0.00545929 -0.01968500
v -0.09185000 -0.00588091 -0.01778322
v -0.09185000 -0.00606218 -0.01743500
v -0.09185000 -0.00651209 -0.02257754
v -0.09185000 -0.00627311 -0.02226609
v -0.09185000 -0.00606218 -0.02193500
v -0.09185000 -0.00547642 -0.01929280
v -0.09185000 -0.00552766 -0.01890358
v -0.09185000 -0.00588091 -0.02158678
v -0.09185000 -0.00573068 -0.02122409
v -0.09185000 -0.00561263 -0.02084969
v -0.09185000 -0.00552766 -0.02046642
v -0.09185000 -0.00547642 -0.02007720
v -0.09185000 -0.00347296 -0.03363115
v -0.09185000 -0.00517638 -0.03325352
v -0.09185000 -0.00684040 -0.03272885
v -0.09185000 -0.00845237 -0.03206116
v -0.09185000 -0.01000000 -0.03125551
v -0.09185000 -0.01147153 -0.03031804
v -0.09185000 -0.01285575 -0.02925589
v -0.09185000 -0.01414214 -0.02807713
v -0.09185000 0.00069732 -0.02693041
v -0.09185000 0.00082500 -0.02686394
v -0.09185000 0.00347296 -0.03363115
v -0.09185000 0.00094640 -0.02678660
v -0.09185000 0.00106060 -0.02669897
v -0.09185000 -0.00126397 -0.02649560
v -0.09185000 -0.00116673 -0.02660173
v -0.09185000 0.00174311 -0.03385890
v -0.09185000 0.00042705 -0.02702878
v -0.09185000 0.00056433 -0.02698549
v -0.09185000 0.00116673 -0.02660173
v -0.09185000 0.00126397 -0.02649560
v -0.09185000 0.00135160 -0.02638140
v -0.09185000 -0.00135160 -0.02638140
v -0.09185000 -0.00082500 -0.02686394
v -0.09185000 -0.00069732 -0.02693041
v -0.09185000 -0.00056433 -0.02698549
v -0.09185000 -0.00174311 -0.03385890
v -0.09185000 -0.00014381 -0.02707872
v -0.09185000 0.00000000 -0.03393500
v -0.09185000 -0.00028652 -0.02705993
v -0.09185000 -0.00042705 -0.02702878
v -0.09185000 0.00000000 -0.02708500
v -0.09185000 0.00014381 -0.02707872
v -0.09185000 0.00028652 -0.02705993
v -0.09185000 -0.00159378 -0.02586205
v -0.09185000 -0.00162493 -0.02572152
v -0.09185000 -0.00164372 -0.02557881
v -0.09185000 -0.00155049 -0.02599933
v -0.09185000 -0.00149541 -0.02613232
v -0.09185000 -0.00142894 -0.02626000
v -0.09185000 -0.00106060 -0.02669897
v -0.09185000 -0.00094640 -0.02678660
v -0.09185000 0.00142894 -0.02626000
v -0.09185000 0.00149541 -0.02613232
v -0.09185000 0.00355465 -0.02563500
v -0.09185000 0.00155049 -0.02599933
v -0.09185000 0.00159378 -0.02586205
v -0.09185000 0.00517638 -0.03325352
v -0.09185000 0.00684040 -0.03272885
v -0.09185000 0.01532089 -0.02679075
v -0.09185000 0.01414214 -0.02807713
v -0.09185000 0.01285575 -0.02925589
v -0.09185000 0.01147153 -0.03031804
v -0.09185000 0.01000000 -0.03125551
v -0.09185000 0.00845237 -0.03206116
v -0.09185000 0.01149838 -0.02391362
v -0.09185000 0.01186107 -0.02376338
v -0.09185000 0.00547642 -0.02007720
v -0.09185000 0.00552766 -0.02046642
v -0.09185000 0.01385641 -0.02193500
v -0.09185000 0.01403768 -0.02158678
v -0.09185000 0.01732051 -0.02393500
v -0.09185000 0.00917788 -0.01525337
v -0.09185000 0.00879461 -0.01533833
v -0.09185000 0.00355465 -0.01393500
v -0.09185000 0.00842020 -0.01545638
v -0.09185000 0.00805751 -0.01560661
v -0.09185000 0.00770929 -0.01578789
v -0.09185000 0.00737820 -0.01599882
v -0.09185000 0.00706675 -0.01623780
v -0.09185000 0.01035149 -0.02416788
v -0.09185000 0.01074071 -0.02411664
v -0.09185000 0.01112398 -0.02403167
v -0.09185000 0.01638304 -0.02540653
v -0.09185000 0.01285184 -0.02313220
v -0.09185000 0.01314127 -0.02286698
v -0.09185000 0.01340649 -0.02257754
v -0.09185000 0.01364548 -0.02226609
v -0.09185000 0.01418791 -0.02122409
v -0.09185000 0.01430596 -0.02084969
v -0.09185000 0.01439093 -0.02046642
v -0.09185000 0.00677731 -0.01650302
v -0.09185000 0.00651209 -0.01679246
v -0.09185000 0.00627311 -0.01710391
v -0.09185000 0.00651209 -0.02257754
v -0.09185000 0.00677731 -0.02286698
v -0.09185000 0.00706675 -0.02313220
v -0.09185000 0.00805751 -0.02376338
v -0.09185000 0.00842020 -0.02391362
v -0.09185000 0.00879461 -0.02403167
v -0.09185000 0.01220929 -0.02358211
v -0.09185000 0.01254039 -0.02337118
v -0.09185000 0.01439093 -0.01890358
v -0.09185000 0.01430596 -0.01852031
v -0.09185000 0.01418791 -0.01814591
v -0.09185000 0.00606218 -0.01743500
v -0.09185000 0.00588091 -0.01778322
v -0.09185000 0.00573068 -0.01814591
v -0.09185000 0.00545929 -0.01968500
v -0.09185000 0.00547642 -0.01929280
v -0.09185000 0.00737820 -0.02337118
v -0.09185000 0.00770929 -0.02358211
v -0.09185000 0.01444217 -0.02007720
v -0.09185000 0.01445929 -0.01968500
v -0.09185000 0.01444217 -0.01929280
v -0.09185000 0.01403768 -0.01778322
v -0.09185000 0.01385641 -0.01743500
v -0.09185000 0.01364548 -0.01710391
v -0.09185000 0.01340649 -0.01679246
v -0.09185000 0.01314127 -0.01650302
v -0.09185000 0.01285184 -0.01623780
v -0.09185000 0.01254039 -0.01599882
v -0.09185000 0.01220929 -0.01578789
v -0.09185000 0.01186107 -0.01560661
v -0.09185000 0.01149838 -0.01545638
v -0.09185000 0.01112398 -0.01533833
v -0.09185000 0.01074071 -0.01525337
v -0.09185000 0.01035149 -0.01520212
v -0.09185000 0.00995929 -0.01518500
v -0.09185000 0.00956709 -0.01520212
v -0.09185000 0.00561263 -0.01852031
v -0.09185000 0.00552766 -0.01890358
v -0.09185000 0.00561263 -0.02084969
v -0.09185000 0.00573068 -0.02122409
v -0.09185000 0.00588091 -0.02158678
v -0.09185000 0.00606218 -0.02193500
v -0.09185000 0.00627311 -0.02226609
v -0.09185000 0.00917788 -0.02411664
v -0.09185000 0.00956709 -0.02416788
v -0.09185000 0.00995929 -0.02418500
v -0.09185000 0.01992389 -0.01567812
v -0.09185000 0.01969616 -0.01740796
v -0.09185000 0.01931852 -0.01911138
v -0.09185000 0.01879385 -0.02077540
v -0.09185000 0.01812616 -0.02238736
v -0.09185000 0.01722965 -0.00838500
v -0.09185000 0.01931852 -0.00875862
v -0.09185000 0.01969616 -0.01046204
v -0.09185000 0.01732051 -0.00393500
v -0.09185000 0.01812616 -0.00548263
v -0.09185000 0.01879385 -0.00709460
v -0.09185000 0.01439093 -0.00896642
v -0.09185000 0.01444217 -0.00857720
v -0.09185000 0.01445929 -0.00818500
v -0.09185000 0.00995929 -0.00368500
v -0.09185000 0.00956709 -0.00370212
v -0.09185000 0.00917788 -0.00375337
v -0.09185000 0.00879461 -0.00383833
v -0.09185000 0.00842020 -0.00395638
v -0.09185000 0.00805751 -0.00410661
v -0.09185000 0.00770929 -0.00428789
v -0.09185000 0.00737820 -0.00449882
v -0.09185000 0.00706675 -0.00473780
v -0.09185000 0.00677731 -0.00500302
v -0.09185000 0.00651209 -0.00529246
v -0.09185000 0.00627311 -0.00560391
v -0.09185000 0.00606218 -0.00593500
v -0.09185000 0.01149838 -0.00395638
v -0.09185000 0.01112398 -0.00383833
v -0.09185000 0.00552766 -0.00740358
v -0.09185000 0.00547642 -0.00779280
v -0.09185000 0.00355465 -0.00838500
v -0.09185000 0.00545929 -0.00818500
v -0.09185000 0.00547642 -0.00857720
v -0.09185000 0.01314127 -0.00500302
v -0.09185000 0.01285184 -0.00473780
v -0.09185000 0.01254039 -0.00449882
v -0.09185000 0.01074071 -0.00375337
v -0.09185000 0.01035149 -0.00370212
v -0.09185000 0.00588091 -0.00628322
v -0.09185000 0.00573068 -0.00664591
v -0.09185000 0.00561263 -0.00702031
v -0.09185000 0.01444217 -0.00779280
v -0.09185000 0.01439093 -0.00740358
v -0.09185000 0.01220929 -0.00428789
v -0.09185000 0.01186107 -0.00410661
v -0.09185000 0.01430596 -0.00702031
v -0.09185000 0.01418791 -0.00664591
v -0.09185000 0.01403768 -0.00628322
v -0.09185000 0.01385641 -0.00593500
v -0.09185000 0.01364548 -0.00560391
v -0.09185000 0.01340649 -0.00529246
v -0.09185000 0.00517638 0.00538352
v -0.09185000 0.00684040 0.00485885
v -0.09185000 0.00845237 0.00419116
v -0.09185000 0.01000000 0.00338551
v -0.09185000 0.01147153 0.00244804
v -0.09185000 0.01285575 0.00138589
v -0.09185000 0.01414214 0.00020714
v -0.09185000 0.00842020 -0.01241362
v -0.09185000 0.00879461 -0.01253167
v -0.09185000 0.00917788 -0.01261664
v -0.09185000 0.00588091 -0.01008678
v -0.09185000 0.00606218 -0.01043500
v -0.09185000 0.00677731 -0.01136698
v -0.09185000 0.00706675 -0.01163220
v -0.09185000 0.00737820 -0.01187118
v -0.09185000 0.00627311 -0.01076609
v -0.09185000 0.00651209 -0.01107754
v -0.09185000 0.00770929 -0.01208211
v -0.09185000 0.00805751 -0.01226338
v -0.09185000 0.00956709 -0.01266788
v -0.09185000 0.00995929 -0.01268500
v -0.09185000 0.01035149 -0.01266788
v -0.09185000 0.01074071 -0.01261664
v -0.09185000 0.01364548 -0.01076609
v -0.09185000 0.01385641 -0.01043500
v -0.09185000 0.01403768 -0.01008678
v -0.09185000 0.01418791 -0.00972409
v -0.09185000 0.01430596 -0.00934969
v -0.09185000 0.00552766 -0.00896642
v -0.09185000 0.00561263 -0.00934969
v -0.09185000 0.00573068 -0.00972409
v -0.09185000 0.01112398 -0.01253167
v -0.09185000 0.01149838 -0.01241362
v -0.09185000 0.01186107 -0.01226338
v -0.09185000 0.01220929 -0.01208211
v -0.09185000 0.01254039 -0.01187118
v -0.09185000 0.01285184 -0.01163220
v -0.09185000 0.01314127 -0.01136698
v -0.09185000 0.01340649 -0.01107754
v -0.09185000 -0.00042705 -0.02384122
v -0.09185000 -0.00056433 -0.02388451
v -0.09185000 -0.00069732 -0.02393959
v -0.09185000 -0.00082500 -0.02400606
v -0.09185000 -0.00094640 -0.02408340
v -0.09185000 -0.00106060 -0.02417103
v -0.09185000 -0.00116673 -0.02426827
v -0.09185000 -0.00126397 -0.02437440
v -0.09185000 0.00056433 -0.02388451
v -0.09185000 0.00069732 -0.02393959
v -0.09185000 0.00082500 -0.02400606
v -0.09185000 -0.00000000 -0.02378500
v -0.09185000 -0.00014381 -0.02379128
v -0.09185000 -0.00028652 -0.02381007
v -0.09185000 0.00116673 -0.02426827
v -0.09185000 0.00126397 -0.02437440
v -0.09185000 0.00135160 -0.02448860
v -0.09185000 0.00106060 -0.02417103
v -0.09185000 0.00094640 -0.02408340
v -0.09185000 0.00042705 -0.02384122
v -0.09185000 0.00028652 -0.02381007
v -0.09185000 0.00014381 -0.02379128
v -0.09185000 -0.00155049 -0.02487067
v -0.09185000 -0.00159378 -0.02500795
v -0.09185000 -0.00162493 -0.02514848
v -0.09185000 0.00162493 -0.02572152
v -0.09185000 0.00164372 -0.02557881
v -0.09185000 0.00165000 -0.02543500
v -0.09185000 0.00164372 -0.02529119
v -0.09185000 0.00162493 -0.02514848
v -0.09185000 0.00159378 -0.02500795
v -0.09185000 -0.00135160 -0.02448860
v -0.09185000 -0.00142894 -0.02461000
v -0.09185000 -0.00149541 -0.02473768
v -0.09185000 -0.00164372 -0.02529119
v -0.09185000 -0.00165000 -0.02543500
v -0.09185000 0.00155049 -0.02487067
v -0.09185000 0.00149541 -0.02473768
v -0.09185000 0.00142894 -0.02461000
v -0.08550000 0.00000000 -0.03393500
v -0.08550000 0.00174311 -0.03385890
v -0.08550000 0.00347296 -0.03363115
v -0.08550000 0.00517638 -0.03325352
v -0.08550000 0.00684040 -0.03272885
v -0.08550000 0.00845237 -0.03206116
v -0.08550000 0.01000000 -0.03125551
v -0.08550000 0.01147153 -0.03031804
v -0.08550000 0.01285575 -0.02925589
v -0.08550000 0.01414214 -0.02807713
v -0.08550000 0.01532089 -0.02679075
v -0.08550000 0.01638304 -0.02540653
v -0.08550000 0.01732051 -0.02393500
v -0.08550000 0.01812616 -0.02238736
v -0.08550000 0.01879385 -0.02077540
v -0.08550000 0.01931852 -0.01911138
v -0.08550000 0.01969616 -0.01740796
v -0.08550000 0.01992389 -0.01567812
v -0.08550000 0.02000000 -0.01393500
v -0.08550000 0.01992389 -0.01219189
v -0.08550000 0.01969616 -0.01046204
v -0.08550000 0.01931852 -0.00875862
v -0.08550000 0.01879385 -0.00709460
v -0.08550000 0.01812616 -0.00548263
v -0.08550000 0.01732051 -0.00393500
v -0.08550000 0.01638304 -0.00246347
v -0.08550000 0.01532089 -0.00107925
v -0.08550000 0.01414214 0.00020714
v -0.08550000 0.01285575 0.00138589
v -0.08550000 0.01147153 0.00244804
v -0.08550000 0.01000000 0.00338551
v -0.08550000 0.00845237 0.00419116
v -0.08550000 0.00684040 0.00485885
v -0.08550000 0.00517638 0.00538352
v -0.08550000 0.00347296 0.00576115
v -0.08550000 0.00174311 0.00598889
v -0.08550000 0.00000000 0.00606500
v -0.08550000 -0.00174311 0.00598889
v -0.08550000 -0.00347296 0.00576115
v -0.08550000 -0.00517638 0.00538352
v -0.08550000 -0.00684040 0.00485885
v -0.08550000 -0.00845237 0.00419116
v -0.08550000 -0.01000000 0.00338551
v -0.08550000 -0.01147153 0.00244804
v -0.08550000 -0.01285575 0.00138589
v -0.08550000 -0.01414214 0.00020714
v -0.08550000 -0.01532089 -0.00107925
v -0.08550000 -0.01638304 -0.00246347
v -0.08550000 -0.01732051 -0.00393500
v -0.08550000 -0.01812616 -0.00548263
v -0.08550000 -0.01879385 -0.00709460
v -0.08550000 -0.01931852 -0.00875862
v -0.08550000 -0.01969616 -0.01046204
v -0.08550000 -0.01992389 -0.01219189
v -0.08550000 -0.02000000 -0.01393500
v -0.08550000 -0.01992389 -0.01567812
v -0.08550000 -0.01969616 -0.01740796
v -0.08550000 -0.01931852 -0.01911138
v -0.08550000 -0.01879385 -0.02077540
v -0.08550000 -0.01812616 -0.02238736
v -0.08550000 -0.01732051 -0.02393500
v -0.08550000 -0.01638304 -0.02540653
v -0.08550000 -0.01532089 -0.02679075
v -0.08550000 -0.01414214 -0.02807713
v -0.08550000 -0.01285575 -0.02925589
v -0.08550000 -0.01147153 -0.03031804
v -0.08550000 -0.01000000 -0.03125551
v -0.08550000 -0.00845237 -0.03206116
v -0.08550000 -0.00684040 -0.03272885
v -0.08550000 -0.00517638 -0.03325352
v -0.08550000 -0.00347296 -0.03363115
v -0.08550000 -0.00174311 -0.03385890
v -0.08785000 0.00995929 -0.02183500
v -0.08550000 0.00995929 -0.02183500
v -0.08785000 0.01014668 -0.02182682
v -0.08550000 0.01014668 -0.02182682
v -0.08785000 0.01033264 -0.02180234
v -0.08550000 0.01033264 -0.02180234
v -0.08785000 0.01051575 -0.02176174
v -0.08550000 0.01051575 -0.02176174
v -0.08785000 0.01069464 -0.02170534
v -0.08550000 0.01069464 -0.02170534
v -0.08785000 0.01086792 -0.02163356
v -0.08550000 0.01086792 -0.02163356
v -0.08785000 0.01103429 -0.02154695
v -0.08550000 0.01103429 -0.02154695
v -0.08785000 0.01119248 -0.02144618
v -0.08550000 0.01119248 -0.02144618
v -0.08785000 0.01134129 -0.02133200
v -0.08550000 0.01134129 -0.02133200
v -0.08785000 0.01147957 -0.02120528
v -0.08550000 0.01147957 -0.02120528
v -0.08785000 0.01160629 -0.02106699
v -0.08550000 0.01160629 -0.02106699
v -0.08785000 0.01172047 -0.02091819
v -0.08550000 0.01172047 -0.02091819
v -0.08785000 0.01182125 -0.02076000
v -0.08550000 0.01182125 -0.02076000
v -0.08785000 0.01190785 -0.02059363
v -0.08550000 0.01190785 -0.02059363
v -0.08785000 0.01197963 -0.02042034
v -0.08550000 0.01197963 -0.02042034
v -0.08785000 0.01203603 -0.02024146
v -0.08550000 0.01203603 -0.02024146
v -0.08785000 0.01207663 -0.02005834
v -0.08550000 0.01207663 -0.02005834
v -0.08785000 0.01210111 -0.01987238
v -0.08550000 0.01210111 -0.01987238
v -0.08785000 0.01210929 -0.01968500
v -0.08550000 0.01210929 -0.01968500
v -0.08785000 0.01210111 -0.01949761
v -0.08550000 0.01210111 -0.01949761
v -0.08785000 0.01207663 -0.01931166
v -0.08550000 0.01207663 -0.01931166
v -0.08785000 0.01203603 -0.01912854
v -0.08550000 0.01203603 -0.01912854
v -0.08785000 0.01197963 -0.01894966
v -0.08550000 0.01197963 -0.01894966
v -0.08785000 0.01190785 -0.01877637
v -0.08550000 0.01190785 -0.01877637
v -0.08785000 0.01182125 -0.01861000
v -0.08550000 0.01182125 -0.01861000
v -0.08785000 0.01172047 -0.01845181
v -0.08550000 0.01172047 -0.01845181
v -0.08785000 0.01160629 -0.01830301
v -0.08550000 0.01160629 -0.01830301
v -0.08785000 0.01147957 -0.01816472
v -0.08550000 0.01147957 -0.01816472
v -0.08785000 0.01134129 -0.01803800
v -0.08550000 0.01134129 -0.01803800
v -0.08785000 0.01119248 -0.01792382
v -0.08550000 0.01119248 -0.01792382
v -0.08785000 0.01103429 -0.01782305
v -0.08550000 0.01103429 -0.01782305
v -0.08785000 0.01086792 -0.01773644
v -0.08550000 0.01086792 -0.01773644
v -0.08785000 0.01069464 -0.01766466
v -0.08550000 0.01069464 -0.01766466
v -0.08785000 0.01051575 -0.01760826
v -0.08550000 0.01051575 -0.01760826
v -0.08785000 0.01033264 -0.01756766
v -0.08550000 0.01033264 -0.01756766
v -0.08785000 0.01014668 -0.01754318
v -0.08550000 0.01014668 -0.01754318
v -0.08785000 0.00995929 -0.01753500
v -0.08550000 0.00995929 -0.01753500
v -0.08785000 0.00977191 -0.01754318
v -0.08550000 0.00977191 -0.01754318
v -0.08785000 0.00958595 -0.01756766
v -0.08550000 0.00958595 -0.01756766
v -0.08785000 0.00940283 -0.01760826
v -0.08550000 0.00940283 -0.01760826
v -0.08785000 0.00922395 -0.01766466
v -0.08550000 0.00922395 -0.01766466
v -0.08785000 0.00905066 -0.01773644
v -0.08550000 0.00905066 -0.01773644
v -0.08785000 0.00888429 -0.01782305
v -0.08550000 0.00888429 -0.01782305
v -0.08785000 0.00872610 -0.01792382
v -0.08550000 0.00872610 -0.01792382
v -0.08785000 0.00857730 -0.01803800
v -0.08550000 0.00857730 -0.01803800
v -0.08785000 0.00843901 -0.01816472
v -0.08550000 0.00843901 -0.01816472
v -0.08785000 0.00831230 -0.01830301
v -0.08550000 0.00831230 -0.01830301
v -0.08785000 0.00819812 -0.01845181
v -0.08550000 0.00819812 -0.01845181
v -0.08785000 0.00809734 -0.01861000
v -0.08550000 0.00809734 -0.01861000
v -0.08785000 0.00801073 -0.01877637
v -0.08550000 0.00801073 -0.01877637
v -0.08785000 0.00793895 -0.01894966
v -0.08550000 0.00793895 -0.01894966
v -0.08785000 0.00788255 -0.01912854
v -0.08550000 0.00788255 -0.01912854
v -0.08785000 0.00784196 -0.01931166
v -0.08550000 0.00784196 -0.01931166
v -0.08785000 0.00781747 -0.01949761
v -0.08550000 0.00781747 -0.01949761
v -0.08785000 0.00780929 -0.01968500
v -0.08550000 0.00780929 -0.01968500
v -0.08785000 0.00781747 -0.01987238
v -0.08550000 0.00781747 -0.01987238
v -0.08785000 0.00784196 -0.02005834
v -0.08550000 0.00784196 -0.02005834
v -0.08785000 0.00788255 -0.02024146
v -0.08550000 0.00788255 -0.02024146
v -0.08785000 0.00793895 -0.02042034
v -0.08550000 0.00793895 -0.02042034
v -0.08785000 0.00801073 -0.02059363
v -0.08550000 0.00801073 -0.02059363
v -0.08785000 0.00809734 -0.02076000
v -0.08550000 0.00809734 -0.02076000
v -0.08785000 0.00819812 -0.02091819
v -0.08550000 0.00819812 -0.02091819
v -0.08785000 0.00831230 -0.02106699
v -0.08550000 0.00831230 -0.02106699
v -0.08785000 0.00843901 -0.02120528
v -0.08550000 0.00843901 -0.02120528
v -0.08785000 0.00857730 -0.02133200
v -0.08550000 0.00857730 -0.02133200
v -0.08785000 0.00872610 -0.02144618
v -0.08550000 0.00872610 -0.02144618
v -0.08785000 0.00888429 -0.02154695
v -0.08550000 0.00888429 -0.02154695
v -0.08785000 0.00905066 -0.02163356
v -0.08550000 0.00905066 -0.02163356
v -0.08785000 0.00922395 -0.02170534
v -0.08550000 0.00922395 -0.02170534
v -0.08785000 0.00940283 -0.02176174
v -0.08550000 0.00940283 -0.02176174
v -0.08785000 0.00958595 -0.02180234
v -0.08550000 0.00958595 -0.02180234
v -0.08785000 0.00977191 -0.02182682
v -0.08550000 0.00977191 -0.02182682
v -0.08785000 0.00995929 -0.01033500
v -0.08550000 0.00995929 -0.01033500
v -0.08785000 0.01014668 -0.01032682
v -0.08550000 0.01014668 -0.01032682
v -0.08785000 0.01033264 -0.01030234
v -0.08550000 0.01033264 -0.01030234
v -0.08785000 0.01051575 -0.01026174
v -0.08550000 0.01051575 -0.01026174
v -0.08785000 0.01069464 -0.01020534
v -0.08550000 0.01069464 -0.01020534
v -0.08785000 0.01086792 -0.01013356
v -0.08550000 0.01086792 -0.01013356
v -0.08785000 0.01103429 -0.01004695
v -0.08550000 0.01103429 -0.01004695
v -0.08785000 0.01119248 -0.00994618
v -0.08550000 0.01119248 -0.00994618
v -0.08785000 0.01134129 -0.00983200
v -0.08550000 0.01134129 -0.00983200
v -0.08785000 0.01147957 -0.00970528
v -0.08550000 0.01147957 -0.00970528
v -0.08785000 0.01160629 -0.00956699
v -0.08550000 0.01160629 -0.00956699
v -0.08785000 0.01172047 -0.00941819
v -0.08550000 0.01172047 -0.00941819
v -0.08785000 0.01182125 -0.00926000
v -0.08550000 0.01182125 -0.00926000
v -0.08785000 0.01190785 -0.00909363
v -0.08550000 0.01190785 -0.00909363
v -0.08785000 0.01197963 -0.00892034
v -0.08550000 0.01197963 -0.00892034
v -0.08785000 0.01203603 -0.00874146
v -0.08550000 0.01203603 -0.00874146
v -0.08785000 0.01207663 -0.00855834
v -0.08550000 0.01207663 -0.00855834
v -0.08785000 0.01210111 -0.00837239
v -0.08550000 0.01210111 -0.00837239
v -0.08785000 0.01210929 -0.00818500
v -0.08550000 0.01210929 -0.00818500
v -0.08785000 0.01210111 -0.00799762
v -0.08550000 0.01210111 -0.00799762
v -0.08785000 0.01207663 -0.00781166
v -0.08550000 0.01207663 -0.00781166
v -0.08785000 0.01203603 -0.00762854
v -0.08550000 0.01203603 -0.00762854
v -0.08785000 0.01197963 -0.00744966
v -0.08550000 0.01197963 -0.00744966
v -0.08785000 0.01190785 -0.00727637
v -0.08550000 0.01190785 -0.00727637
v -0.08785000 0.01182125 -0.00711000
v -0.08550000 0.01182125 -0.00711000
v -0.08785000 0.01172047 -0.00695181
v -0.08550000 0.01172047 -0.00695181
v -0.08785000 0.01160629 -0.00680301
v -0.08550000 0.01160629 -0.00680301
v -0.08785000 0.01147957 -0.00666472
v -0.08550000 0.01147957 -0.00666472
v -0.08785000 0.01134129 -0.00653800
v -0.08550000 0.01134129 -0.00653800
v -0.08785000 0.01119248 -0.00642382
v -0.08550000 0.01119248 -0.00642382
v -0.08785000 0.01103429 -0.00632305
v -0.08550000 0.01103429 -0.00632305
v -0.08785000 0.01086792 -0.00623644
v -0.08550000 0.01086792 -0.00623644
v -0.08785000 0.01069464 -0.00616466
v -0.08550000 0.01069464 -0.00616466
v -0.08785000 0.01051575 -0.00610826
v -0.08550000 0.01051575 -0.00610826
v -0.08785000 0.01033264 -0.00606766
v -0.08550000 0.01033264 -0.00606766
v -0.08785000 0.01014668 -0.00604318
v -0.08550000 0.01014668 -0.00604318
v -0.08785000 0.00995929 -0.00603500
v -0.08550000 0.00995929 -0.00603500
v -0.08785000 0.00977191 -0.00604318
v -0.08550000 0.00977191 -0.00604318
v -0.08785000 0.00958595 -0.00606766
v -0.08550000 0.00958595 -0.00606766
v -0.08785000 0.00940283 -0.00610826
v -0.08550000 0.00940283 -0.00610826
v -0.08785000 0.00922395 -0.00616466
v -0.08550000 0.00922395 -0.00616466
v -0.08785000 0.00905066 -0.00623644
v -0.08550000 0.00905066 -0.00623644
v -0.08785000 0.00888429 -0.00632305
v -0.08550000 0.00888429 -0.00632305
v -0.08785000 0.00872610 -0.00642382
v -0.08550000 0.00872610 -0.00642382
v -0.08785000 0.00857730 -0.00653800
v -0.08550000 0.00857730 -0.00653800
v -0.08785000 0.00843901 -0.00666472
v -0.08550000 0.00843901 -0.00666472
v -0.08785000 0.00831230 -0.00680301
v -0.08550000 0.00831230 -0.00680301
v -0.08785000 0.00819812 -0.00695181
v -0.08550000 0.00819812 -0.00695181
v -0.08785000 0.00809734 -0.00711000
v -0.08550000 0.00809734 -0.00711000
v -0.08785000 0.00801073 -0.00727637
v -0.08550000 0.00801073 -0.00727637
v -0.08785000 0.00793895 -0.00744966
v -0.08550000 0.00793895 -0.00744966
v -0.08785000 0.00788255 -0.00762854
v -0.08550000 0.00788255 -0.00762854
v -0.08785000 0.00784196 -0.00781166
v -0.08550000 0.00784196 -0.00781166
v -0.08785000 0.00781747 -0.00799762
v -0.08550000 0.00781747 -0.00799762
v -0.08785000 0.00780929 -0.00818500
v -0.08550000 0.00780929 -0.00818500
v -0.08785000 0.00781747 -0.00837239
v -0.08550000 0.00781747 -0.00837239
v -0.08785000 0.00784196 -0.00855834
v -0.08550000 0.00784196 -0.00855834
v -0.08785000 0.00788255 -0.00874146
v -0.08550000 0.00788255 -0.00874146
v -0.08785000 0.00793895 -0.00892034
v -0.08550000 0.00793895 -0.00892034
v -0.08785000 0.00801073 -0.00909363
v -0.08550000 0.00801073 -0.00909363
v -0.08785000 0.00809734 -0.00926000
v -0.08550000 0.00809734 -0.00926000
v -0.08785000 0.00819812 -0.00941819
v -0.08550000 0.00819812 -0.00941819
v -0.08785000 0.00831230 -0.00956699
v -0.08550000 0.00831230 -0.00956699
v -0.08785000 0.00843901 -0.00970528
v -0.08550000 0.00843901 -0.00970528
v -0.08785000 0.00857730 -0.00983200
v -0.08550000 0.00857730 -0.00983200
v -0.08785000 0.00872610 -0.00994618
v -0.08550000 0.00872610 -0.00994618
v -0.08785000 0.00888429 -0.01004695
v -0.08550000 0.00888429 -0.01004695
v -0.08785000 0.00905066 -0.01013356
v -0.08550000 0.00905066 -0.01013356
v -0.08785000 0.00922395 -0.01020534
v -0.08550000 0.00922395 -0.01020534
v -0.08785000 0.00940283 -0.01026174
v -0.08550000 0.00940283 -0.01026174
v -0.08785000 0.00958595 -0.01030234
v -0.08550000 0.00958595 -0.01030234
v -0.08785000 0.00977191 -0.01032682
v -0.08550000 0.00977191 -0.01032682
v -0.08785000 -0.00995929 -0.02183500
v -0.08550000 -0.00995929 -0.02183500
v -0.08785000 -0.00977191 -0.02182682
v -0.08550000 -0.00977191 -0.02182682
v -0.08785000 -0.00958595 -0.02180234
v -0.08550000 -0.00958595 -0.02180234
v -0.08785000 -0.00940283 -0.02176174
v -0.08550000 -0.00940283 -0.02176174
v -0.08785000 -0.00922395 -0.02170534
v -0.08550000 -0.00922395 -0.02170534
v -0.08785000 -0.00905066 -0.02163356
v -0.08550000 -0.00905066 -0.02163356
v -0.08785000 -0.00888429 -0.02154695
v -0.08550000 -0.00888429 -0.02154695
v -0.08785000 -0.00872610 -0.02144618
v -0.08550000 -0.00872610 -0.02144618
v -0.08785000 -0.00857730 -0.02133200
v -0.08550000 -0.00857730 -0.02133200
v -0.08785000 -0.00843901 -0.02120528
v -0.08550000 -0.00843901 -0.02120528
v -0.08785000 -0.00831230 -0.02106699
v -0.08550000 -0.00831230 -0.02106699
v -0.08785000 -0.00819812 -0.02091819
v -0.08550000 -0.00819812 -0.02091819
v -0.08785000 -0.00809734 -0.02076000
v -0.08550000 -0.00809734 -0.02076000
v -0.08785000 -0.00801073 -0.02059363
v -0.08550000 -0.00801073 -0.02059363
v -0.08785000 -0.00793895 -0.02042034
v -0.08550000 -0.00793895 -0.02042034
v -0.08785000 -0.00788255 -0.02024146
v -0.08550000 -0.00788255 -0.02024146
v -0.08785000 -0.00784196 -0.02005834
v -0.08550000 -0.00784196 -0.02005834
v -0.08785000 -0.00781747 -0.01987238
v -0.08550000 -0.00781747 -0.01987238
v -0.08785000 -0.00780929 -0.01968500
v -0.08550000 -0.00780929 -0.01968500
v -0.08785000 -0.00781747 -0.01949761
v -0.08550000 -0.00781747 -0.01949761
v -0.08785000 -0.00784196 -0.01931166
v -0.08550000 -0.00784196 -0.01931166
v -0.08785000 -0.00788255 -0.01912854
v -0.08550000 -0.00788255 -0.01912854
v -0.08785000 -0.00793895 -0.01894966
v -0.08550000 -0.00793895 -0.01894966
v -0.08785000 -0.00801073 -0.01877637
v -0.08550000 -0.00801073 -0.01877637
v -0.08785000 -0.00809734 -0.01861000
v -0.08550000 -0.00809734 -0.01861000
v -0.08785000 -0.00819812 -0.01845181
v -0.08550000 -0.00819812 -0.01845181
v -0.08785000 -0.00831230 -0.01830301
v -0.08550000 -0.00831230 -0.01830301
v -0.08785000 -0.00843901 -0.01816472
v -0.08550000 -0.00843901 -0.01816472
v -0.08785000 -0.00857730 -0.01803800
v -0.08550000 -0.00857730 -0.01803800
v -0.08785000 -0.00872610 -0.01792382
v -0.08550000 -0.00872610 -0.01792382
v -0.08785000 -0.00888429 -0.01782305
v -0.08550000 -0.00888429 -0.01782305
v -0.08785000 -0.00905066 -0.01773644
v -0.08550000 -0.00905066 -0.01773644
v -0.08785000 -0.00922395 -0.01766466
v -0.08550000 -0.00922395 -0.01766466
v -0.08785000 -0.00940283 -0.01760826
v -0.08550000 -0.00940283 -0.01760826
v -0.08785000 -0.00958595 -0.01756766
v -0.08550000 -0.00958595 -0.01756766
v -0.08785000 -0.00977191 -0.01754318
v -0.08550000 -0.00977191 -0.01754318
v -0.08785000 -0.00995929 -0.01753500
v -0.08550000 -0.00995929 -0.01753500
v -0.08785000 -0.01014668 -0.01754318
v -0.08550000 -0.01014668 -0.01754318
v -0.08785000 -0.01033264 -0.01756766
v -0.08550000 -0.01033264 -0.01756766
v -0.08785000 -0.01051575 -0.01760826
v -0.08550000 -0.01051575 -0.01760826
v -0.08785000 -0.01069464 -0.01766466
v -0.08550000 -0.01069464 -0.01766466
v -0.08785000 -0.01086792 -0.01773644
v -0.08550000 -0.01086792 -0.01773644
v -0.08785000 -0.01103429 -0.01782305
v -0.08550000 -0.01103429 -0.01782305
v -0.08785000 -0.01119248 -0.01792382
v -0.08550000 -0.01119248 -0.01792382
v -0.08785000 -0.01134129 -0.01803800
v -0.08550000 -0.01134129 -0.01803800
v -0.08785000 -0.01147957 -0.01816472
v -0.08550000 -0.01147957 -0.01816472
v -0.08785000 -0.01160629 -0.01830301
v -0.08550000 -0.01160629 -0.01830301
v -0.08785000 -0.01172047 -0.01845181
v -0.08550000 -0.01172047 -0.01845181
v -0.08785000 -0.01182125 -0.01861000
v -0.08550000 -0.01182125 -0.01861000
v -0.08785000 -0.01190785 -0.01877637
v -0.08550000 -0.01190785 -0.01877637
v -0.08785000 -0.01197963 -0.01894966
v -0.08550000 -0.01197963 -0.01894966
v -0.08785000 -0.01203603 -0.01912854
v -0.08550000 -0.01203603 -0.01912854
v -0.08785000 -0.01207663 -0.01931166
v -0.08550000 -0.01207663 -0.01931166
v -0.08785000 -0.01210111 -0.01949761
v -0.08550000 -0.01210111 -0.01949761
v -0.08785000 -0.01210929 -0.01968500
v -0.08550000 -0.01210929 -0.01968500
v -0.08785000 -0.01210111 -0.01987238
v -0.08550000 -0.01210111 -0.01987238
v -0.08785000 -0.01207663 -0.02005834
v -0.08550000 -0.01207663 -0.02005834
v -0.08785000 -0.01203603 -0.02024146
v -0.08550000 -0.01203603 -0.02024146
v -0.08785000 -0.01197963 -0.02042034
v -0.08550000 -0.01197963 -0.02042034
v -0.08785000 -0.01190785 -0.02059363
v -0.08550000 -0.01190785 -0.02059363
v -0.08785000 -0.01182125 -0.02076000
v -0.08550000 -0.01182125 -0.02076000
v -0.08785000 -0.01172047 -0.02091819
v -0.08550000 -0.01172047 -0.02091819
v -0.08785000 -0.01160629 -0.02106699
v -0.08550000 -0.01160629 -0.02106699
v -0.08785000 -0.01147957 -0.02120528
v -0.08550000 -0.01147957 -0.02120528
v -0.08785000 -0.01134129 -0.02133200
v -0.08550000 -0.01134129 -0.02133200
v -0.08785000 -0.01119248 -0.02144618
v -0.08550000 -0.01119248 -0.02144618
v -0.08785000 -0.01103429 -0.02154695
v -0.08550000 -0.01103429 -0.02154695
v -0.08785000 -0.01086792 -0.02163356
v -0.08550000 -0.01086792 -0.02163356
v -0.08785000 -0.01069464 -0.02170534
v -0.08550000 -0.01069464 -0.02170534
v -0.08785000 -0.01051575 -0.02176174
v -0.08550000 -0.01051575 -0.02176174
v -0.08785000 -0.01033264 -0.02180234
v -0.08550000 -0.01033264 -0.02180234
v -0.08785000 -0.01014668 -0.02182682
v -0.08550000 -0.01014668 -0.02182682
v -0.08785000 -0.00995929 -0.01033500
v -0.08550000 -0.00995929 -0.01033500
v -0.08785000 -0.00977191 -0.01032682
v -0.08550000 -0.00977191 -0.01032682
v -0.08785000 -0.00958595 -0.01030234
v -0.08550000 -0.00958595 -0.01030234
v -0.08785000 -0.00940283 -0.01026174
v -0.08550000 -0.00940283 -0.01026174
v -0.08785000 -0.00922395 -0.01020534
v -0.08550000 -0.00922395 -0.01020534
v -0.08785000 -0.00905066 -0.01013356
v -0.08550000 -0.00905066 -0.01013356
v -0.08785000 -0.00888429 -0.01004695
v -0.08550000 -0.00888429 -0.01004695
v -0.08785000 -0.00872610 -0.00994618
v -0.08550000 -0.00872610 -0.00994618
v -0.08785000 -0.00857730 -0.00983200
v -0.08550000 -0.00857730 -0.00983200
v -0.08785000 -0.00843901 -0.00970528
v -0.08550000 -0.00843901 -0.00970528
v -0.08785000 -0.00831230 -0.00956699
v -0.08550000 -0.00831230 -0.00956699
v -0.08785000 -0.00819812 -0.00941819
v -0.08550000 -0.00819812 -0.00941819
v -0.08785000 -0.00809734 -0.00926000
v -0.08550000 -0.00809734 -0.00926000
v -0.08785000 -0.00801073 -0.00909363
v -0.08550000 -0.00801073 -0.00909363
v -0.08785000 -0.00793895 -0.00892034
v -0.08550000 -0.00793895 -0.00892034
v -0.08785000 -0.00788255 -0.00874146
v -0.08550000 -0.00788255 -0.00874146
v -0.08785000 -0.00784196 -0.00855834
v -0.08550000 -0.00784196 -0.00855834
v -0.08785000 -0.00781747 -0.00837239
v -0.08550000 -0.00781747 -0.00837239
v -0.08785000 -0.00780929 -0.00818500
v -0.08550000 -0.00780929 -0.00818500
v -0.08785000 -0.00781747 -0.00799762
v -0.08550000 -0.00781747 -0.00799762
v -0.08785000 -0.00784196 -0.00781166
v -0.08550000 -0.00784196 -0.00781166
v -0.08785000 -0.00788255 -0.00762854
v -0.08550000 -0.00788255 -0.00762854
v -0.08785000 -0.00793895 -0.00744966
v -0.08550000 -0.00793895 -0.00744966
v -0.08785000 -0.00801073 -0.00727637
v -0.08550000 -0.00801073 -0.00727637
v -0.08785000 -0.00809734 -0.00711000
v -0.08550000 -0.00809734 -0.00711000
v -0.08785000 -0.00819812 -0.00695181
v -0.08550000 -0.00819812 -0.00695181
v -0.08785000 -0.00831230 -0.00680301
v -0.08550000 -0.00831230 -0.00680301
v -0.08785000 -0.00843901 -0.00666472
v -0.08550000 -0.00843901 -0.00666472
v -0.08785000 -0.00857730 -0.00653800
v -0.08550000 -0.00857730 -0.00653800
v -0.08785000 -0.00872610 -0.00642382
v -0.08550000 -0.00872610 -0.00642382
v -0.08785000 -0.00888429 -0.00632305
v -0.08550000 -0.00888429 -0.00632305
v -0.08785000 -0.00905066 -0.00623644
v -0.08550000 -0.00905066 -0.00623644
v -0.08785000 -0.00922395 -0.00616466
v -0.08550000 -0.00922395 -0.00616466
v -0.08785000 -0.00940283 -0.00610826
v -0.08550000 -0.00940283 -0.00610826
v -0.08785000 -0.00958595 -0.00606766
v -0.08550000 -0.00958595 -0.00606766
v -0.08785000 -0.00977191 -0.00604318
v -0.08550000 -0.00977191 -0.00604318
v -0.08785000 -0.00995929 -0.00603500
v -0.08550000 -0.00995929 -0.00603500
v -0.08785000 -0.01014668 -0.00604318
v -0.08550000 -0.01014668 -0.00604318
v -0.08785000 -0.01033264 -0.00606766
v -0.08550000 -0.01033264 -0.00606766
v -0.08785000 -0.01051575 -0.00610826
v -0.08550000 -0.01051575 -0.00610826
v -0.08785000 -0.01069464 -0.00616466
v -0.08550000 -0.01069464 -0.00616466
v -0.08785000 -0.01086792 -0.00623644
v -0.08550000 -0.01086792 -0.00623644
v -0.08785000 -0.01103429 -0.00632305
v -0.08550000 -0.01103429 -0.00632305
v -0.08785000 -0.01119248 -0.00642382
v -0.08550000 -0.01119248 -0.00642382
v -0.08785000 -0.01134129 -0.00653800
v -0.08550000 -0.01134129 -0.00653800
v -0.08785000 -0.01147957 -0.00666472
v -0.08550000 -0.01147957 -0.00666472
v -0.08785000 -0.01160629 -0.00680301
v -0.08550000 -0.01160629 -0.00680301
v -0.08785000 -0.01172047 -0.00695181
v -0.08550000 -0.01172047 -0.00695181
v -0.08785000 -0.01182125 -0.00711000
v -0.08550000 -0.01182125 -0.00711000
v -0.08785000 -0.01190785 -0.00727637
v -0.08550000 -0.01190785 -0.00727637
v -0.08785000 -0.01197963 -0.00744966
v -0.08550000 -0.01197963 -0.00744966
v -0.08785000 -0.01203603 -0.00762854
v -0.08550000 -0.01203603 -0.00762854
v -0.08785000 -0.01207663 -0.00781166
v -0.08550000 -0.01207663 -0.00781166
v -0.08785000 -0.01210111 -0.00799762
v -0.08550000 -0.01210111 -0.00799762
v -0.08785000 -0.01210929 -0.00818500
v -0.08550000 -0.01210929 -0.00818500
v -0.08785000 -0.01210111 -0.00837239
v -0.08550000 -0.01210111 -0.00837239
v -0.08785000 -0.01207663 -0.00855834
v -0.08550000 -0.01207663 -0.00855834
v -0.08785000 -0.01203603 -0.00874146
v -0.08550000 -0.01203603 -0.00874146
v -0.08785000 -0.01197963 -0.00892034
v -0.08550000 -0.01197963 -0.00892034
v -0.08785000 -0.01190785 -0.00909363
v -0.08550000 -0.01190785 -0.00909363
v -0.08785000 -0.01182125 -0.00926000
v -0.08550000 -0.01182125 -0.00926000
v -0.08785000 -0.01172047 -0.00941819
v -0.08550000 -0.01172047 -0.00941819
v -0.08785000 -0.01160629 -0.00956699
v -0.08550000 -0.01160629 -0.00956699
v -0.08785000 -0.01147957 -0.00970528
v -0.08550000 -0.01147957 -0.00970528
v -0.08785000 -0.01134129 -0.00983200
v -0.08550000 -0.01134129 -0.00983200
v -0.08785000 -0.01119248 -0.00994618
v -0.08550000 -0.01119248 -0.00994618
v -0.08785000 -0.01103429 -0.01004695
v -0.08550000 -0.01103429 -0.01004695
v -0.08785000 -0.01086792 -0.01013356
v -0.08550000 -0.01086792 -0.01013356
v -0.08785000 -0.01069464 -0.01020534
v -0.08550000 -0.01069464 -0.01020534
v -0.08785000 -0.01051575 -0.01026174
v -0.08550000 -0.01051575 -0.01026174
v -0.08785000 -0.01033264 -0.01030234
v -0.08550000 -0.01033264 -0.01030234
v -0.08785000 -0.01014668 -0.01032682
v -0.08550000 -0.01014668 -0.01032682
v -0.08550000 0.00472965 -0.00506000
v -0.08550000 -0.00472965 -0.00506000
v -0.08550000 0.01605465 -0.00506000
v -0.08550000 0.01605465 -0.01393500
v -0.08550000 0.01605465 -0.02281000
v -0.08550000 0.00472965 -0.02281000
v -0.08550000 0.00472965 -0.03051000
v -0.08550000 -0.00472965 -0.03051000
v -0.08550000 -0.00472965 -0.02281000
v -0.08550000 -0.00472965 -0.01393500
v -0.08550000 0.00042705 -0.02702878
v -0.08550000 0.00028652 -0.02705993
v -0.08550000 -0.00116673 -0.02426827
v -0.08550000 -0.00106060 -0.02417103
v -0.08550000 -0.00094640 -0.02408340
v -0.08550000 -0.00082500 -0.02400606
v -0.08550000 -0.00069732 -0.02393959
v -0.08550000 -0.00056433 -0.02388451
v -0.08550000 0.00014381 -0.02707872
v -0.08550000 0.00000000 -0.02708500
v -0.08550000 -0.00014381 -0.02707872
v -0.08550000 -0.00028652 -0.02705993
v -0.08550000 -0.00042705 -0.02384122
v -0.08550000 -0.00028652 -0.02381007
v -0.08550000 -0.00014381 -0.02379128
v -0.08550000 0.00042705 -0.02384122
v -0.08550000 0.00056433 -0.02388451
v -0.08550000 0.00069732 -0.02393959
v -0.08550000 0.00106060 -0.02669897
v -0.08550000 0.00094640 -0.02678660
v -0.08550000 0.00082500 -0.02686394
v -0.08550000 -0.00042705 -0.02702878
v -0.08550000 -0.00056433 -0.02698549
v -0.08550000 -0.00069732 -0.02693041
v -0.08550000 -0.00142894 -0.02461000
v -0.08550000 -0.00135160 -0.02448860
v -0.08550000 -0.00126397 -0.02437440
v -0.08550000 0.00000000 -0.02378500
v -0.08550000 0.00014381 -0.02379128
v -0.08550000 0.00028652 -0.02381007
v -0.08550000 0.00082500 -0.02400606
v -0.08550000 0.00094640 -0.02408340
v -0.08550000 0.00106060 -0.02417103
v -0.08550000 0.00069732 -0.02693041
v -0.08550000 0.00056433 -0.02698549
v -0.08550000 0.00116673 -0.02426827
v -0.08550000 0.00126397 -0.02437440
v -0.08550000 0.00135160 -0.02448860
v -0.08550000 -0.00082500 -0.02686394
v -0.08550000 -0.00094640 -0.02678660
v -0.08550000 -0.00106060 -0.02669897
v -0.08550000 -0.00116673 -0.02660173
v -0.08550000 -0.00126397 -0.02649560
v -0.08550000 -0.00135160 -0.02638140
v -0.08550000 -0.00159378 -0.02500795
v -0.08550000 -0.00155049 -0.02487067
v -0.08550000 -0.00149541 -0.02473768
v -0.08550000 0.00135160 -0.02638140
v -0.08550000 0.00126397 -0.02649560
v -0.08550000 0.00116673 -0.02660173
v -0.08550000 0.00142894 -0.02461000
v -0.08550000 0.00149541 -0.02473768
v -0.08550000 0.00155049 -0.02487067
v -0.08550000 0.00159378 -0.02500795
v -0.08550000 0.00162493 -0.02514848
v -0.08550000 0.00164372 -0.02529119
v -0.08550000 0.00159378 -0.02586205
v -0.08550000 0.00155049 -0.02599933
v -0.08550000 -0.00165000 -0.02543500
v -0.08550000 -0.00164372 -0.02529119
v -0.08550000 -0.00162493 -0.02514848
v -0.08550000 -0.00142894 -0.02626000
v -0.08550000 -0.00149541 -0.02613232
v -0.08550000 -0.00155049 -0.02599933
v -0.08550000 0.00149541 -0.02613232
v -0.08550000 0.00142894 -0.02626000
v -0.08550000 -0.00159378 -0.02586205
v -0.08550000 -0.00162493 -0.02572152
v -0.08550000 -0.00164372 -0.02557881
v -0.08550000 0.00165000 -0.02543500
v -0.08550000 0.00164372 -0.02557881
v -0.08550000 0.00162493 -0.02572152
v -0.08550000 0.00472965 -0.01393500
v -0.08785000 -0.00995929 -0.01518500
v -0.08785000 -0.00956709 -0.01520212
v -0.08785000 -0.00917788 -0.01525337
v -0.08785000 -0.00879461 -0.01533833
v -0.08785000 -0.00842020 -0.01545638
v -0.08785000 -0.00805751 -0.01560661
v -0.08785000 -0.00770929 -0.01578789
v -0.08785000 -0.00737820 -0.01599882
v -0.08785000 -0.00706675 -0.01623780
v -0.08785000 -0.00677731 -0.01650302
v -0.08785000 -0.00651209 -0.01679246
v -0.08785000 -0.00627311 -0.01710391
v -0.08785000 -0.00606218 -0.01743500
v -0.08785000 -0.00588091 -0.01778322
v -0.08785000 -0.00573068 -0.01814591
v -0.08785000 -0.00561263 -0.01852031
v -0.08785000 -0.00552766 -0.01890358
v -0.08785000 -0.00547642 -0.01929280
v -0.08785000 -0.00545929 -0.01968500
v -0.08785000 -0.00547642 -0.02007720
v -0.08785000 -0.00552766 -0.02046642
v -0.08785000 -0.00561263 -0.02084969
v -0.08785000 -0.00573068 -0.02122409
v -0.08785000 -0.00588091 -0.02158678
v -0.08785000 -0.00606218 -0.02193500
v -0.08785000 -0.00627311 -0.02226609
v -0.08785000 -0.00651209 -0.02257754
v -0.08785000 -0.00677731 -0.02286698
v -0.08785000 -0.00706675 -0.02313220
v -0.08785000 -0.00737820 -0.02337118
v -0.08785000 -0.00770929 -0.02358211
v -0.08785000 -0.00805751 -0.02376338
v -0.08785000 -0.00842020 -0.02391362
v -0.08785000 -0.00879461 -0.02403167
v -0.08785000 -0.00917788 -0.02411664
v -0.08785000 -0.00956709 -0.02416788
v -0.08785000 -0.00995929 -0.02418500
v -0.08785000 -0.01035149 -0.02416788
v -0.08785000 -0.01074071 -0.02411664
v -0.08785000 -0.01112398 -0.02403167
v -0.08785000 -0.01149838 -0.02391362
v -0.08785000 -0.01186107 -0.02376338
v -0.08785000 -0.01220929 -0.02358211
v -0.08785000 -0.01254039 -0.02337118
v -0.08785000 -0.01285184 -0.02313220
v -0.08785000 -0.01314127 -0.02286698
v -0.08785000 -0.01340649 -0.02257754
v -0.08785000 -0.01364548 -0.02226609
v -0.08785000 -0.01385641 -0.02193500
v -0.08785000 -0.01403768 -0.02158678
v -0.08785000 -0.01418791 -0.02122409
v -0.08785000 -0.01430596 -0.02084969
v -0.08785000 -0.01439093 -0.02046642
v -0.08785000 -0.01444217 -0.02007720
v -0.08785000 -0.01445929 -0.01968500
v -0.08785000 -0.01444217 -0.01929280
v -0.08785000 -0.01439093 -0.01890358
v -0.08785000 -0.01430596 -0.01852031
v -0.08785000 -0.01418791 -0.01814591
v -0.08785000 -0.01403768 -0.01778322
v -0.08785000 -0.01385641 -0.01743500
v -0.08785000 -0.01364548 -0.01710391
v -0.08785000 -0.01340649 -0.01679246
v -0.08785000 -0.01314127 -0.01650302
v -0.08785000 -0.01285184 -0.01623780
v -0.08785000 -0.01254039 -0.01599882
v -0.08785000 -0.01220929 -0.01578789
v -0.08785000 -0.01186107 -0.01560661
v -0.08785000 -0.01149838 -0.01545638
v -0.08785000 -0.01112398 -0.01533833
v -0.08785000 -0.01074071 -0.01525337
v -0.08785000 -0.01035149 -0.01520212
v -0.08785000 -0.00995929 -0.00368500
v -0.08785000 -0.00956709 -0.00370212
v -0.08785000 -0.00917788 -0.00375337
v -0.08785000 -0.00879461 -0.00383833
v -0.08785000 -0.00842020 -0.00395638
v -0.08785000 -0.00805751 -0.00410661
v -0.08785000 -0.00770929 -0.00428789
v -0.08785000 -0.00737820 -0.00449882
v -0.08785000 -0.00706675 -0.00473780
v -0.08785000 -0.00677731 -0.00500302
v -0.08785000 -0.00651209 -0.00529246
v -0.08785000 -0.00627311 -0.00560391
v -0.08785000 -0.00606218 -0.00593500
v -0.08785000 -0.00588091 -0.00628322
v -0.08785000 -0.00573068 -0.00664591
v -0.08785000 -0.00561263 -0.00702031
v -0.08785000 -0.00552766 -0.00740358
v -0.08785000 -0.00547642 -0.00779280
v -0.08785000 -0.00545929 -0.00818500
v -0.08785000 -0.00547642 -0.00857720
v -0.08785000 -0.00552766 -0.00896642
v -0.08785000 -0.00561263 -0.00934969
v -0.08785000 -0.00573068 -0.00972409
v -0.08785000 -0.00588091 -0.01008678
v -0.08785000 -0.00606218 -0.01043500
v -0.08785000 -0.00627311 -0.01076609
v -0.08785000 -0.00651209 -0.01107754
v -0.08785000 -0.00677731 -0.01136698
v -0.08785000 -0.00706675 -0.01163220
v -0.08785000 -0.00737820 -0.01187118
v -0.08785000 -0.00770929 -0.01208211
v -0.08785000 -0.00805751 -0.01226338
v -0.08785000 -0.00842020 -0.01241362
v -0.08785000 -0.00879461 -0.01253167
v -0.08785000 -0.00917788 -0.01261664
v -0.08785000 -0.00956709 -0.01266788
v -0.08785000 -0.00995929 -0.01268500
v -0.08785000 -0.01035149 -0.01266788
v -0.08785000 -0.01074071 -0.01261664
v -0.08785000 -0.01112398 -0.01253167
v -0.08785000 -0.01149838 -0.01241362
v -0.08785000 -0.01186107 -0.01226338
v -0.08785000 -0.01220929 -0.01208211
v -0.08785000 -0.01254039 -0.01187118
v -0.08785000 -0.01285184 -0.01163220
v -0.08785000 -0.01314127 -0.01136698
v -0.08785000 -0.01340649 -0.01107754
v -0.08785000 -0.01364548 -0.01076609
v -0.08785000 -0.01385641 -0.01043500
v -0.08785000 -0.01403768 -0.01008678
v -0.08785000 -0.01418791 -0.00972409
v -0.08785000 -0.01430596 -0.00934969
v -0.08785000 -0.01439093 -0.00896642
v -0.08785000 -0.01444217 -0.00857720
v -0.08785000 -0.01445929 -0.00818500
v -0.08785000 -0.01444217 -0.00779280
v -0.08785000 -0.01439093 -0.00740358
v -0.08785000 -0.01430596 -0.00702031
v -0.08785000 -0.01418791 -0.00664591
v -0.08785000 -0.01403768 -0.00628322
v -0.08785000 -0.01385641 -0.00593500
v -0.08785000 -0.01364548 -0.00560391
v -0.08785000 -0.01340649 -0.00529246
v -0.08785000 -0.01314127 -0.00500302
v -0.08785000 -0.01285184 -0.00473780
v -0.08785000 -0.01254039 -0.00449882
v -0.08785000 -0.01220929 -0.00428789
v -0.08785000 -0.01186107 -0.00410661
v -0.08785000 -0.01149838 -0.00395638
v -0.08785000 -0.01112398 -0.00383833
v -0.08785000 -0.01074071 -0.00375337
v -0.08785000 -0.01035149 -0.00370212
v -0.08785000 0.00995929 -0.00368500
v -0.08785000 0.01035149 -0.00370212
v -0.08785000 0.01074071 -0.00375337
v -0.08785000 0.01112398 -0.00383833
v -0.08785000 0.01149838 -0.00395638
v -0.08785000 0.01186107 -0.00410661
v -0.08785000 0.01220929 -0.00428789
v -0.08785000 0.01254039 -0.00449882
v -0.08785000 0.01285184 -0.00473780
v -0.08785000 0.01314127 -0.00500302
v -0.08785000 0.01340649 -0.00529246
v -0.08785000 0.01364548 -0.00560391
v -0.08785000 0.01385641 -0.00593500
v -0.08785000 0.01403768 -0.00628322
v -0.08785000 0.01418791 -0.00664591
v -0.08785000 0.01430596 -0.00702031
v -0.08785000 0.01439093 -0.00740358
v -0.08785000 0.01444217 -0.00779280
v -0.08785000 0.01445929 -0.00818500
v -0.08785000 0.01444217 -0.00857720
v -0.08785000 0.01439093 -0.00896642
v -0.08785000 0.01430596 -0.00934969
v -0.08785000 0.01418791 -0.00972409
v -0.08785000 0.01403768 -0.01008678
v -0.08785000 0.01385641 -0.01043500
v -0.08785000 0.01364548 -0.01076609
v -0.08785000 0.01340649 -0.01107754
v -0.08785000 0.01314127 -0.01136698
v -0.08785000 0.01285184 -0.01163220
v -0.08785000 0.01254039 -0.01187118
v -0.08785000 0.01220929 -0.01208211
v -0.08785000 0.01186107 -0.01226338
v -0.08785000 0.01149838 -0.01241362
v -0.08785000 0.01112398 -0.01253167
v -0.08785000 0.01074071 -0.01261664
v -0.08785000 0.01035149 -0.01266788
v -0.08785000 0.00995929 -0.01268500
v -0.08785000 0.00956709 -0.01266788
v -0.08785000 0.00917788 -0.01261664
v -0.08785000 0.00879461 -0.01253167
v -0.08785000 0.00842020 -0.01241362
v -0.08785000 0.00805751 -0.01226338
v -0.08785000 0.00770929 -0.01208211
v -0.08785000 0.00737820 -0.01187118
v -0.08785000 0.00706675 -0.01163220
v -0.08785000 0.00677731 -0.01136698
v -0.08785000 0.00651209 -0.01107754
v -0.08785000 0.00627311 -0.01076609
v -0.08785000 0.00606218 -0.01043500
v -0.08785000 0.00588091 -0.01008678
v -0.08785000 0.00573068 -0.00972409
v -0.08785000 0.00561263 -0.00934969
v -0.08785000 0.00552766 -0.00896642
v -0.08785000 0.00547642 -0.00857720
v -0.08785000 0.00545929 -0.00818500
v -0.08785000 0.00547642 -0.00779280
v -0.08785000 0.00552766 -0.00740358
v -0.08785000 0.00561263 -0.00702031
v -0.08785000 0.00573068 -0.00664591
v -0.08785000 0.00588091 -0.00628322
v -0.08785000 0.00606218 -0.00593500
v -0.08785000 0.00627311 -0.00560391
v -0.08785000 0.00651209 -0.00529246
v -0.08785000 0.00677731 -0.00500302
v -0.08785000 0.00706675 -0.00473780
v -0.08785000 0.00737820 -0.00449882
v -0.08785000 0.00770929 -0.00428789
v -0.08785000 0.00805751 -0.00410661
v -0.08785000 0.00842020 -0.00395638
v -0.08785000 0.00879461 -0.00383833
v -0.08785000 0.00917788 -0.00375337
v -0.08785000 0.00956709 -0.00370212
v -0.08785000 0.00995929 -0.01518500
v -0.08785000 0.01035149 -0.01520212
v -0.08785000 0.01074071 -0.01525337
v -0.08785000 0.01112398 -0.01533833
v -0.08785000 0.01149838 -0.01545638
v -0.08785000 0.01186107 -0.01560661
v -0.08785000 0.01220929 -0.01578789
v -0.08785000 0.01254039 -0.01599882
v -0.08785000 0.01285184 -0.01623780
v -0.08785000 0.01314127 -0.01650302
v -0.08785000 0.01340649 -0.01679246
v -0.08785000 0.01364548 -0.01710391
v -0.08785000 0.01385641 -0.01743500
v -0.08785000 0.01403768 -0.01778322
v -0.08785000 0.01418791 -0.01814591
v -0.08785000 0.01430596 -0.01852031
v -0.08785000 0.01439093 -0.01890358
v -0.08785000 0.01444217 -0.01929280
v -0.08785000 0.01445929 -0.01968500
v -0.08785000 0.01444217 -0.02007720
v -0.08785000 0.01439093 -0.02046642
v -0.08785000 0.01430596 -0.02084969
v -0.08785000 0.01418791 -0.02122409
v -0.08785000 0.01403768 -0.02158678
v -0.08785000 0.01385641 -0.02193500
v -0.08785000 0.01364548 -0.02226609
v -0.08785000 0.01340649 -0.02257754
v -0.08785000 0.01314127 -0.02286698
v -0.08785000 0.01285184 -0.02313220
v -0.08785000 0.01254039 -0.02337118
v -0.08785000 0.01220929 -0.02358211
v -0.08785000 0.01186107 -0.02376338
v -0.08785000 0.01149838 -0.02391362
v -0.08785000 0.01112398 -0.02403167
v -0.08785000 0.01074071 -0.02411664
v -0.08785000 0.01035149 -0.02416788
v -0.08785000 0.00995929 -0.02418500
v -0.08785000 0.00956709 -0.02416788
v -0.08785000 0.00917788 -0.02411664
v -0.08785000 0.00879461 -0.02403167
v -0.08785000 0.00842020 -0.02391362
v -0.08785000 0.00805751 -0.02376338
v -0.08785000 0.00770929 -0.02358211
v -0.08785000 0.00737820 -0.02337118
v -0.08785000 0.00706675 -0.02313220
v -0.08785000 0.00677731 -0.02286698
v -0.08785000 0.00651209 -0.02257754
v -0.08785000 0.00627311 -0.02226609
v -0.08785000 0.00606218 -0.02193500
v -0.08785000 0.00588091 -0.02158678
v -0.08785000 0.00573068 -0.02122409
v -0.08785000 0.00561263 -0.02084969
v -0.08785000 0.00552766 -0.02046642
v -0.08785000 0.00547642 -0.02007720
v -0.08785000 0.00545929 -0.01968500
v -0.08785000 0.00547642 -0.01929280
v -0.08785000 0.00552766 -0.01890358
v -0.08785000 0.00561263 -0.01852031
v -0.08785000 0.00573068 -0.01814591
v -0.08785000 0.00588091 -0.01778322
v -0.08785000 0.00606218 -0.01743500
v -0.08785000 0.00627311 -0.01710391
v -0.08785000 0.00651209 -0.01679246
v -0.08785000 0.00677731 -0.01650302
v -0.08785000 0.00706675 -0.01623780
v -0.08785000 0.00737820 -0.01599882
v -0.08785000 0.00770929 -0.01578789
v -0.08785000 0.00805751 -0.01560661
v -0.08785000 0.00842020 -0.01545638
v -0.08785000 0.00879461 -0.01533833
v -0.08785000 0.00917788 -0.01525337
v -0.08785000 0.00956709 -0.01520212
f 1 2 3
f 2 4 3
f 3 4 5
f 4 6 5
f 5 6 7
f 6 8 7
f 7 8 9
f 8 10 9
f 9 10 11
f 10 12 11
f 11 12 13
f 12 14 13
f 13 14 15
f 14 16 15
f 15 16 17
f 16 18 17
f 17 18 19
f 18 20 19
f 19 20 21
f 20 22 21
f 21 22 23
f 22 24 23
f 23 24 25
f 24 26 25
f 25 26 27
f 26 28 27
f 27 28 29
f 28 30 29
f 29 30 31
f 30 32 31
f 31 32 33
f 32 34 33
f 33 34 35
f 34 36 35
f 35 36 37
f 36 38 37
f 37 38 39
f 38 40 39
f 39 40 41
f 40 42 41
f 41 42 43
f 42 44 43
f 43 44 45
f 44 46 45
f 45 46 47
f 46 48 47
f 47 48 49
f 48 50 49
f 49 50 51
f 50 52 51
f 51 52 53
f 52 54 53
f 53 54 55
f 54 56 55
f 55 56 57
f 56 58 57
f 57 58 59
f 58 60 59
f 59 60 61
f 60 62 61
f 61 62 63
f 62 64 63
f 63 64 65
f 64 66 65
f 65 66 67
f 66 68 67
f 67 68 69
f 68 70 69
f 69 70 71
f 70 72 71
f 71 72 73
f 72 74 73
f 73 74 75
f 74 76 75
f 75 76 77
f 76 78 77
f 77 78 79
f 78 80 79
f 79 80 81
f 80 82 81
f 81 82 83
f 82 84 83
f 83 84 85
f 84 86 85
f 85 86 87
f 86 88 87
f 87 88 89
f 88 90 89
f 89 90 91
f 90 92 91
f 91 92 93
f 92 94 93
f 93 94 95
f 94 96 95
f 95 96 97
f 96 98 97
f 97 98 99
f 98 100 99
f 99 100 101
f 100 102 101
f 101 102 103
f 102 104 103
f 103 104 105
f 104 106 105
f 105 106 107
f 106 108 107
f 107 108 109
f 108 110 109
f 109 110 111
f 110 112 111
f 111 112 113
f 112 114 113
f 113 114 115
f 114 116 115
f 115 116 117
f 116 118 117
f 117 118 119
f 118 120 119
f 119 120 121
f 120 122 121
f 121 122 123
f 122 124 123
f 123 124 125
f 124 126 125
f 125 126 127
f 126 128 127
f 127 128 129
f 128 130 129
f 129 130 131
f 130 132 131
f 131 132 133
f 132 134 133
f 133 134 135
f 134 136 135
f 135 136 137
f 136 138 137
f 137 138 139
f 138 140 139
f 139 140 141
f 140 142 141
f 141 142 143
f 142 144 143
f 143 144 1
f 144 2 1
f 145 146 147
f 148 149 150
f 38 36 147
f 36 34 147
f 26 24 151
f 18 16 151
f 16 14 151
f 26 151 28
f 24 22 151
f 22 20 151
f 151 20 18
f 136 134 152
f 134 132 152
f 152 132 130
f 34 32 147
f 32 30 147
f 147 30 28
f 130 128 152
f 128 126 152
f 152 126 124
f 122 120 153
f 14 12 151
f 12 10 151
f 151 10 154
f 155 140 152
f 140 138 152
f 152 138 136
f 10 8 154
f 8 6 154
f 154 6 156
f 6 4 156
f 4 2 156
f 2 144 156
f 156 144 155
f 144 142 155
f 155 142 140
f 120 118 153
f 118 116 153
f 153 116 114
f 153 157 158
f 159 160 153
f 160 161 153
f 153 161 162
f 124 122 152
f 122 153 152
f 152 153 163
f 153 158 163
f 162 164 153
f 164 165 153
f 153 165 157
f 166 167 168
f 169 170 153
f 171 172 173
f 174 175 176
f 175 177 176
f 178 179 153
f 179 180 153
f 168 167 181
f 177 182 176
f 182 183 176
f 176 183 169
f 153 184 185
f 186 187 153
f 187 188 153
f 153 188 178
f 180 189 153
f 189 190 153
f 153 190 159
f 190 191 159
f 159 191 192
f 192 193 159
f 193 194 159
f 159 194 195
f 195 196 159
f 196 197 159
f 159 197 198
f 198 199 159
f 199 200 159
f 159 200 168
f 200 201 168
f 168 201 166
f 167 202 181
f 202 203 181
f 181 203 172
f 203 204 172
f 172 204 173
f 170 205 153
f 205 206 153
f 153 206 184
f 185 207 153
f 207 208 153
f 153 208 186
f 173 209 171
f 209 210 171
f 171 210 211
f 212 213 214
f 215 216 212
f 216 217 212
f 214 218 212
f 218 219 212
f 212 219 220
f 220 221 212
f 221 222 212
f 212 222 223
f 210 224 211
f 224 225 211
f 211 225 213
f 225 226 213
f 213 226 214
f 223 227 212
f 227 228 212
f 212 228 215
f 217 229 212
f 229 230 212
f 212 230 231
f 230 232 231
f 231 232 233
f 231 234 235
f 235 236 231
f 236 237 231
f 231 237 176
f 237 238 176
f 176 238 174
f 233 239 231
f 239 240 231
f 231 240 241
f 241 242 231
f 242 243 231
f 231 243 244
f 244 245 231
f 245 246 231
f 231 246 234
f 247 248 231
f 249 212 250
f 251 252 253
f 254 255 256
f 255 257 256
f 258 259 212
f 259 260 212
f 261 262 212
f 262 263 212
f 250 264 249
f 264 265 249
f 249 265 266
f 265 267 266
f 267 268 266
f 266 268 269
f 268 270 269
f 270 271 269
f 269 271 252
f 271 272 252
f 252 272 253
f 273 274 275
f 274 276 275
f 276 277 275
f 275 277 278
f 248 279 231
f 279 280 231
f 231 280 212
f 280 281 212
f 212 281 258
f 260 282 212
f 282 283 212
f 212 283 261
f 263 284 212
f 284 285 212
f 212 285 250
f 253 286 251
f 286 287 251
f 251 287 288
f 287 289 288
f 289 290 288
f 290 291 288
f 288 291 292
f 293 294 256
f 294 295 256
f 256 295 254
f 257 296 256
f 296 297 256
f 256 297 298
f 291 299 292
f 299 300 292
f 292 300 275
f 300 301 275
f 275 301 273
f 278 302 275
f 302 303 275
f 275 303 304
f 305 306 231
f 306 307 231
f 308 309 231
f 310 311 231
f 311 312 231
f 231 312 305
f 307 313 231
f 313 314 231
f 231 314 247
f 315 231 256
f 309 316 231
f 316 317 231
f 231 317 310
f 298 318 256
f 318 319 256
f 256 319 320
f 315 321 231
f 321 322 231
f 231 322 308
f 320 323 256
f 323 324 256
f 256 324 325
f 325 326 256
f 326 327 256
f 256 327 315
f 328 329 256
f 329 330 256
f 256 330 331
f 331 332 256
f 332 333 256
f 256 333 334
f 304 293 275
f 293 256 275
f 275 256 335
f 256 334 335
f 336 337 338
f 337 339 338
f 338 339 340
f 341 342 328
f 343 344 338
f 344 345 338
f 338 345 336
f 340 346 338
f 346 347 338
f 338 347 348
f 341 328 349
f 350 351 328
f 351 352 328
f 328 352 353
f 354 355 356
f 355 353 356
f 356 353 357
f 353 352 357
f 354 358 355
f 358 359 355
f 355 359 343
f 359 360 343
f 343 360 344
f 361 256 362
f 256 363 362
f 361 364 256
f 364 365 256
f 256 365 328
f 365 366 328
f 328 366 349
f 342 367 328
f 367 368 328
f 328 368 350
f 369 370 371
f 370 372 371
f 371 372 373
f 348 369 338
f 369 371 338
f 338 371 374
f 371 375 374
f 376 377 371
f 377 378 371
f 371 378 379
f 379 380 371
f 380 381 371
f 371 381 375
f 382 383 376
f 384 385 371
f 386 387 388
f 389 390 391
f 390 392 391
f 391 392 393
f 393 394 391
f 394 395 391
f 391 395 396
f 397 398 376
f 398 399 376
f 376 399 382
f 400 376 401
f 401 402 400
f 402 403 400
f 400 403 388
f 403 404 388
f 388 404 386
f 387 405 388
f 405 406 388
f 388 406 407
f 396 408 391
f 408 409 391
f 391 409 410
f 411 412 371
f 412 413 371
f 414 415 371
f 415 416 371
f 383 417 376
f 417 418 376
f 376 418 401
f 419 420 150
f 420 421 150
f 410 422 391
f 422 423 391
f 391 423 424
f 384 371 425
f 371 391 425
f 425 391 426
f 413 427 371
f 427 428 371
f 371 428 414
f 407 429 388
f 429 430 388
f 388 430 150
f 430 431 150
f 150 431 419
f 421 432 150
f 432 433 150
f 150 433 434
f 434 435 150
f 435 436 150
f 150 436 437
f 437 438 150
f 438 439 150
f 150 439 440
f 440 441 150
f 441 442 150
f 150 442 443
f 443 444 150
f 444 445 150
f 150 445 391
f 445 446 391
f 391 446 389
f 424 447 391
f 447 448 391
f 391 448 426
f 385 449 371
f 449 450 371
f 371 450 451
f 451 452 371
f 452 453 371
f 371 453 411
f 416 454 371
f 454 455 371
f 371 455 376
f 455 456 376
f 376 456 397
f 149 457 150
f 457 458 150
f 150 458 459
f 459 460 150
f 460 461 150
f 150 461 388
f 462 463 150
f 463 464 150
f 150 464 148
f 465 466 462
f 466 467 462
f 462 467 463
f 468 469 462
f 469 470 462
f 147 146 471
f 471 472 147
f 472 473 147
f 147 473 474
f 474 475 147
f 475 476 147
f 147 476 477
f 477 478 147
f 478 479 147
f 147 479 480
f 480 481 147
f 481 482 147
f 147 482 483
f 484 485 146
f 486 487 488
f 487 489 488
f 488 489 490
f 491 492 146
f 492 493 146
f 485 494 146
f 494 495 146
f 146 495 471
f 483 496 147
f 496 497 147
f 147 497 488
f 497 498 488
f 488 498 486
f 470 499 462
f 499 500 462
f 462 500 465
f 493 501 146
f 501 502 146
f 146 502 484
f 500 503 465
f 503 504 465
f 465 504 505
f 505 506 465
f 506 507 465
f 465 507 146
f 507 508 146
f 146 508 491
f 28 151 147
f 151 509 147
f 147 509 510
f 510 511 147
f 511 512 147
f 147 512 513
f 513 514 147
f 514 515 147
f 147 515 145
f 516 517 391
f 517 518 391
f 391 519 520
f 521 522 391
f 522 523 391
f 520 524 391
f 524 525 391
f 391 525 521
f 523 526 391
f 526 527 391
f 391 527 516
f 518 528 391
f 528 529 391
f 391 529 150
f 529 530 150
f 150 530 531
f 150 532 533
f 533 534 150
f 534 535 150
f 150 535 462
f 535 536 462
f 462 536 468
f 490 537 488
f 537 538 488
f 488 538 391
f 538 539 391
f 391 539 519
f 531 540 150
f 540 541 150
f 150 541 542
f 542 543 150
f 543 544 150
f 150 544 545
f 545 546 150
f 546 547 150
f 150 547 532
f 548 549 231
f 549 550 231
f 550 551 231
f 231 551 552
f 552 553 231
f 553 554 231
f 231 554 555
f 556 391 557
f 391 558 557
f 559 560 231
f 560 561 231
f 231 561 548
f 562 391 563
f 391 564 563
f 562 565 391
f 565 566 391
f 391 566 558
f 556 567 391
f 567 568 391
f 391 568 569
f 570 571 256
f 571 572 256
f 373 573 371
f 573 574 371
f 371 574 575
f 575 576 371
f 576 577 371
f 371 577 578
f 555 579 231
f 579 580 231
f 231 580 256
f 580 581 256
f 256 581 570
f 572 582 256
f 582 583 256
f 256 583 363
f 578 584 371
f 584 585 371
f 371 585 391
f 585 586 391
f 391 586 564
f 58 56 488
f 56 54 488
f 488 54 52
f 100 98 176
f 98 96 176
f 176 96 94
f 68 66 488
f 66 64 488
f 44 42 147
f 42 40 147
f 147 40 38
f 88 86 176
f 86 84 176
f 176 84 82
f 82 80 176
f 80 78 176
f 176 78 76
f 64 62 488
f 62 60 488
f 488 60 58
f 52 50 488
f 50 48 488
f 488 48 147
f 48 46 147
f 147 46 44
f 114 112 153
f 112 110 153
f 153 110 108
f 169 153 176
f 153 102 176
f 176 102 100
f 94 92 176
f 92 90 176
f 176 90 88
f 74 72 488
f 72 70 488
f 488 70 68
f 108 106 153
f 106 104 153
f 153 104 102
f 76 74 176
f 74 488 176
f 176 488 231
f 488 391 231
f 231 391 559
f 391 569 559
f 587 343 588
f 343 338 588
f 588 338 589
f 338 374 589
f 589 374 590
f 374 375 590
f 590 375 591
f 375 381 591
f 591 381 592
f 381 380 592
f 592 380 593
f 380 379 593
f 593 379 594
f 379 378 594
f 594 378 595
f 378 377 595
f 595 377 596
f 377 376 596
f 596 376 597
f 376 400 597
f 597 400 598
f 400 388 598
f 598 388 599
f 388 461 599
f 599 461 600
f 461 460 600
f 600 460 601
f 460 459 601
f 601 459 602
f 459 458 602
f 602 458 603
f 458 457 603
f 603 457 604
f 457 149 604
f 604 149 605
f 149 148 605
f 605 148 606
f 148 464 606
f 606 464 607
f 464 463 607
f 607 463 608
f 463 467 608
f 608 467 609
f 467 466 609
f 609 466 610
f 466 465 610
f 610 465 611
f 465 146 611
f 611 146 612
f 146 145 612
f 612 145 613
f 145 515 613
f 613 515 614
f 515 514 614
f 614 514 615
f 514 513 615
f 615 513 616
f 513 512 616
f 616 512 617
f 512 511 617
f 617 511 618
f 511 510 618
f 618 510 619
f 510 509 619
f 619 509 620
f 509 151 620
f 620 151 621
f 151 154 621
f 621 154 622
f 154 156 622
f 622 156 623
f 156 155 623
f 623 155 624
f 155 152 624
f 624 152 625
f 152 163 625
f 625 163 626
f 163 158 626
f 626 158 627
f 158 157 627
f 627 157 628
f 157 165 628
f 628 165 629
f 165 164 629
f 629 164 630
f 164 162 630
f 630 162 631
f 162 161 631
f 631 161 632
f 161 160 632
f 632 160 633
f 160 159 633
f 633 159 634
f 159 168 634
f 634 168 635
f 168 181 635
f 635 181 636
f 181 172 636
f 636 172 637
f 172 171 637
f 637 171 638
f 171 211 638
f 638 211 639
f 211 213 639
f 639 213 640
f 213 212 640
f 640 212 641
f 212 249 641
f 641 249 642
f 249 266 642
f 642 266 643
f 266 269 643
f 643 269 644
f 269 252 644
f 644 252 645
f 252 251 645
f 645 251 646
f 251 288 646
f 646 288 647
f 288 292 647
f 647 292 648
f 292 275 648
f 648 275 649
f 275 335 649
f 649 335 650
f 335 334 650
f 650 334 651
f 334 333 651
f 651 333 652
f 333 332 652
f 652 332 653
f 332 331 653
f 653 331 654
f 331 330 654
f 654 330 655
f 330 329 655
f 655 329 656
f 329 328 656
f 656 328 657
f 328 353 657
f 657 353 658
f 353 355 658
f 658 355 587
f 355 343 587
f 659 660 661
f 660 662 661
f 661 662 663
f 662 664 663
f 663 664 665
f 664 666 665
f 665 666 667
f 666 668 667
f 667 668 669
f 668 670 669
f 669 670 671
f 670 672 671
f 671 672 673
f 672 674 673
f 673 674 675
f 674 676 675
f 675 676 677
f 676 678 677
f 677 678 679
f 678 680 679
f 679 680 681
f 680 682 681
f 681 682 683
f 682 684 683
f 683 684 685
f 684 686 685
f 685 686 687
f 686 688 687
f 687 688 689
f 688 690 689
f 689 690 691
f 690 692 691
f 691 692 693
f 692 694 693
f 693 694 695
f 694 696 695
f 695 696 697
f 696 698 697
f 697 698 699
f 698 700 699
f 699 700 701
f 700 702 701
f 701 702 703
f 702 704 703
f 703 704 705
f 704 706 705
f 705 706 707
f 706 708 707
f 707 708 709
f 708 710 709
f 709 710 711
f 710 712 711
f 711 712 713
f 712 714 713
f 713 714 715
f 714 716 715
f 715 716 717
f 716 718 717
f 717 718 719
f 718 720 719
f 719 720 721
f 720 722 721
f 721 722 723
f 722 724 723
f 723 724 725
f 724 726 725
f 725 726 727
f 726 728 727
f 727 728 729
f 728 730 729
f 729 730 731
f 730 732 731
f 731 732 733
f 732 734 733
f 733 734 735
f 734 736 735
f 735 736 737
f 736 738 737
f 737 738 739
f 738 740 739
f 739 740 741
f 740 742 741
f 741 742 743
f 742 744 743
f 743 744 745
f 744 746 745
f 745 746 747
f 746 748 747
f 747 748 749
f 748 750 749
f 749 750 751
f 750 752 751
f 751 752 753
f 752 754 753
f 753 754 755
f 754 756 755
f 755 756 757
f 756 758 757
f 757 758 759
f 758 760 759
f 759 760 761
f 760 762 761
f 761 762 763
f 762 764 763
f 763 764 765
f 764 766 765
f 765 766 767
f 766 768 767
f 767 768 769
f 768 770 769
f 769 770 771
f 770 772 771
f 771 772 773
f 772 774 773
f 773 774 775
f 774 776 775
f 775 776 777
f 776 778 777
f 777 778 779
f 778 780 779
f 779 780 781
f 780 782 781
f 781 782 783
f 782 784 783
f 783 784 785
f 784 786 785
f 785 786 787
f 786 788 787
f 787 788 789
f 788 790 789
f 789 790 791
f 790 792 791
f 791 792 793
f 792 794 793
f 793 794 795
f 794 796 795
f 795 796 797
f 796 798 797
f 797 798 799
f 798 800 799
f 799 800 801
f 800 802 801
f 801 802 659
f 802 660 659
f 803 804 805
f 804 806 805
f 805 806 807
f 806 808 807
f 807 808 809
f 808 810 809
f 809 810 811
f 810 812 811
f 811 812 813
f 812 814 813
f 813 814 815
f 814 816 815
f 815 816 817
f 816 818 817
f 817 818 819
f 818 820 819
f 819 820 821
f 820 822 821
f 821 822 823
f 822 824 823
f 823 824 825
f 824 826 825
f 825 826 827
f 826 828 827
f 827 828 829
f 828 830 829
f 829 830 831
f 830 832 831
f 831 832 833
f 832 834 833
f 833 834 835
f 834 836 835
f 835 836 837
f 836 838 837
f 837 838 839
f 838 840 839
f 839 840 841
f 840 842 841
f 841 842 843
f 842 844 843
f 843 844 845
f 844 846 845
f 845 846 847
f 846 848 847
f 847 848 849
f 848 850 849
f 849 850 851
f 850 852 851
f 851 852 853
f 852 854 853
f 853 854 855
f 854 856 855
f 855 856 857
f 856 858 857
f 857 858 859
f 858 860 859
f 859 860 861
f 860 862 861
f 861 862 863
f 862 864 863
f 863 864 865
f 864 866 865
f 865 866 867
f 866 868 867
f 867 868 869
f 868 870 869
f 869 870 871
f 870 872 871
f 871 872 873
f 872 874 873
f 873 874 875
f 874 876 875
f 875 876 877
f 876 878 877
f 877 878 879
f 878 880 879
f 879 880 881
f 880 882 881
f 881 882 883
f 882 884 883
f 883 884 885
f 884 886 885
f 885 886 887
f 886 888 887
f 887 888 889
f 888 890 889
f 889 890 891
f 890 892 891
f 891 892 893
f 892 894 893
f 893 894 895
f 894 896 895
f 895 896 897
f 896 898 897
f 897 898 899
f 898 900 899
f 899 900 901
f 900 902 901
f 901 902 903
f 902 904 903
f 903 904 905
f 904 906 905
f 905 906 907
f 906 908 907
f 907 908 909
f 908 910 909
f 909 910 911
f 910 912 911
f 911 912 913
f 912 914 913
f 913 914 915
f 914 916 915
f 915 916 917
f 916 918 917
f 917 918 919
f 918 920 919
f 919 920 921
f 920 922 921
f 921 922 923
f 922 924 923
f 923 924 925
f 924 926 925
f 925 926 927
f 926 928 927
f 927 928 929
f 928 930 929
f 929 930 931
f 930 932 931
f 931 932 933
f 932 934 933
f 933 934 935
f 934 936 935
f 935 936 937
f 936 938 937
f 937 938 939
f 938 940 939
f 939 940 941
f 940 942 941
f 941 942 943
f 942 944 943
f 943 944 945
f 944 946 945
f 945 946 803
f 946 804 803
f 947 948 949
f 948 950 949
f 949 950 951
f 950 952 951
f 951 952 953
f 952 954 953
f 953 954 955
f 954 956 955
f 955 956 957
f 956 958 957
f 957 958 959
f 958 960 959
f 959 960 961
f 960 962 961
f 961 962 963
f 962 964 963
f 963 964 965
f 964 966 965
f 965 966 967
f 966 968 967
f 967 968 969
f 968 970 969
f 969 970 971
f 970 972 971
f 971 972 973
f 972 974 973
f 973 974 975
f 974 976 975
f 975 976 977
f 976 978 977
f 977 978 979
f 978 980 979
f 979 980 981
f 980 982 981
f 981 982 983
f 982 984 983
f 983 984 985
f 984 986 985
f 985 986 987
f 986 988 987
f 987 988 989
f 988 990 989
f 989 990 991
f 990 992 991
f 991 992 993
f 992 994 993
f 993 994 995
f 994 996 995
f 995 996 997
f 996 998 997
f 997 998 999
f 998 1000 999
f 999 1000 1001
f 1000 1002 1001
f 1001 1002 1003
f 1002 1004 1003
f 1003 1004 1005
f 1004 1006 1005
f 1005 1006 1007
f 1006 1008 1007
f 1007 1008 1009
f 1008 1010 1009
f 1009 1010 1011
f 1010 1012 1011
f 1011 1012 1013
f 1012 1014 1013
f 1013 1014 1015
f 1014 1016 1015
f 1015 1016 1017
f 1016 1018 1017
f 1017 1018 1019
f 1018 1020 1019
f 1019 1020 1021
f 1020 1022 1021
f 1021 1022 1023
f 1022 1024 1023
f 1023 1024 1025
f 1024 1026 1025
f 1025 1026 1027
f 1026 1028 1027
f 1027 1028 1029
f 1028 1030 1029
f 1029 1030 1031
f 1030 1032 1031
f 1031 1032 1033
f 1032 1034 1033
f 1033 1034 1035
f 1034 1036 1035
f 1035 1036 1037
f 1036 1038 1037
f 1037 1038 1039
f 1038 1040 1039
f 1039 1040 1041
f 1040 1042 1041
f 1041 1042 1043
f 1042 1044 1043
f 1043 1044 1045
f 1044 1046 1045
f 1045 1046 1047
f 1046 1048 1047
f 1047 1048 1049
f 1048 1050 1049
f 1049 1050 1051
f 1050 1052 1051
f 1051 1052 1053
f 1052 1054 1053
f 1053 1054 1055
f 1054 1056 1055
f 1055 1056 1057
f 1056 1058 1057
f 1057 1058 1059
f 1058 1060 1059
f 1059 1060 1061
f 1060 1062 1061
f 1061 1062 1063
f 1062 1064 1063
f 1063 1064 1065
f 1064 1066 1065
f 1065 1066 1067
f 1066 1068 1067
f 1067 1068 1069
f 1068 1070 1069
f 1069 1070 1071
f 1070 1072 1071
f 1071 1072 1073
f 1072 1074 1073
f 1073 1074 1075
f 1074 1076 1075
f 1075 1076 1077
f 1076 1078 1077
f 1077 1078 1079
f 1078 1080 1079
f 1079 1080 1081
f 1080 1082 1081
f 1081 1082 1083
f 1082 1084 1083
f 1083 1084 1085
f 1084 1086 1085
f 1085 1086 1087
f 1086 1088 1087
f 1087 1088 1089
f 1088 1090 1089
f 1089 1090 947
f 1090 948 947
f 1091 1092 1093
f 1092 1094 1093
f 1093 1094 1095
f 1094 1096 1095
f 1095 1096 1097
f 1096 1098 1097
f 1097 1098 1099
f 1098 1100 1099
f 1099 1100 1101
f 1100 1102 1101
f 1101 1102 1103
f 1102 1104 1103
f 1103 1104 1105
f 1104 1106 1105
f 1105 1106 1107
f 1106 1108 1107
f 1107 1108 1109
f 1108 1110 1109
f 1109 1110 1111
f 1110 1112 1111
f 1111 1112 1113
f 1112 1114 1113
f 1113 1114 1115
f 1114 1116 1115
f 1115 1116 1117
f 1116 1118 1117
f 1117 1118 1119
f 1118 1120 1119
f 1119 1120 1121
f 1120 1122 1121
f 1121 1122 1123
f 1122 1124 1123
f 1123 1124 1125
f 1124 1126 1125
f 1125 1126 1127
f 1126 1128 1127
f 1127 1128 1129
f 1128 1130 1129
f 1129 1130 1131
f 1130 1132 1131
f 1131 1132 1133
f 1132 1134 1133
f 1133 1134 1135
f 1134 1136 1135
f 1135 1136 1137
f 1136 1138 1137
f 1137 1138 1139
f 1138 1140 1139
f 1139 1140 1141
f 1140 1142 1141
f 1141 1142 1143
f 1142 1144 1143
f 1143 1144 1145
f 1144 1146 1145
f 1145 1146 1147
f 1146 1148 1147
f 1147 1148 1149
f 1148 1150 1149
f 1149 1150 1151
f 1150 1152 1151
f 1151 1152 1153
f 1152 1154 1153
f 1153 1154 1155
f 1154 1156 1155
f 1155 1156 1157
f 1156 1158 1157
f 1157 1158 1159
f 1158 1160 1159
f 1159 1160 1161
f 1160 1162 1161
f 1161 1162 1163
f 1162 1164 1163
f 1163 1164 1165
f 1164 1166 1165
f 1165 1166 1167
f 1166 1168 1167
f 1167 1168 1169
f 1168 1170 1169
f 1169 1170 1171
f 1170 1172 1171
f 1171 1172 1173
f 1172 1174 1173
f 1173 1174 1175
f 1174 1176 1175
f 1175 1176 1177
f 1176 1178 1177
f 1177 1178 1179
f 1178 1180 1179
f 1179 1180 1181
f 1180 1182 1181
f 1181 1182 1183
f 1182 1184 1183
f 1183 1184 1185
f 1184 1186 1185
f 1185 1186 1187
f 1186 1188 1187
f 1187 1188 1189
f 1188 1190 1189
f 1189 1190 1191
f 1190 1192 1191
f 1191 1192 1193
f 1192 1194 1193
f 1193 1194 1195
f 1194 1196 1195
f 1195 1196 1197
f 1196 1198 1197
f 1197 1198 1199
f 1198 1200 1199
f 1199 1200 1201
f 1200 1202 1201
f 1201 1202 1203
f 1202 1204 1203
f 1203 1204 1205
f 1204 1206 1205
f 1205 1206 1207
f 1206 1208 1207
f 1207 1208 1209
f 1208 1210 1209
f 1209 1210 1211
f 1210 1212 1211
f 1211 1212 1213
f 1212 1214 1213
f 1213 1214 1215
f 1214 1216 1215
f 1215 1216 1217
f 1216 1218 1217
f 1217 1218 1219
f 1218 1220 1219
f 1219 1220 1221
f 1220 1222 1221
f 1221 1222 1223
f 1222 1224 1223
f 1223 1224 1225
f 1224 1226 1225
f 1225 1226 1227
f 1226 1228 1227
f 1227 1228 1229
f 1228 1230 1229
f 1229 1230 1231
f 1230 1232 1231
f 1231 1232 1233
f 1232 1234 1233
f 1233 1234 1091
f 1234 1092 1091
f 619 620 1235
f 75 77 1236
f 57 59 1235
f 75 1236 73
f 626 127 129
f 624 625 137
f 65 67 1235
f 67 69 1235
f 1235 69 71
f 77 79 1236
f 79 81 1236
f 1236 81 83
f 129 131 626
f 131 133 626
f 626 133 625
f 133 135 625
f 625 135 137
f 621 11 620
f 11 13 620
f 620 13 15
f 15 17 620
f 17 19 620
f 620 19 21
f 59 61 1235
f 61 63 1235
f 1235 63 65
f 83 85 1236
f 85 87 1236
f 1236 87 89
f 137 139 624
f 139 141 624
f 624 141 623
f 141 143 623
f 21 23 620
f 23 25 620
f 620 25 27
f 51 53 1235
f 53 55 1235
f 1235 55 57
f 89 91 1236
f 91 93 1236
f 1236 93 95
f 143 1 623
f 1 3 623
f 623 3 622
f 3 5 622
f 5 7 622
f 622 7 621
f 7 9 621
f 621 9 11
f 33 1235 31
f 1235 620 31
f 31 620 29
f 620 27 29
f 45 47 1235
f 47 49 1235
f 1235 49 51
f 121 123 626
f 123 125 626
f 626 125 127
f 33 35 1235
f 35 37 1235
f 1235 37 39
f 115 117 626
f 117 119 626
f 626 119 121
f 39 41 1235
f 41 43 1235
f 1235 43 45
f 95 97 1236
f 97 99 1236
f 1236 99 101
f 101 103 1236
f 103 105 1236
f 1236 105 107
f 107 109 1236
f 109 111 1236
f 1236 111 113
f 613 1235 612
f 1235 1237 612
f 612 1237 611
f 613 614 1235
f 614 615 1235
f 1235 615 616
f 616 617 1235
f 617 618 1235
f 1235 618 619
f 1238 609 1237
f 609 610 1237
f 1237 610 611
f 606 607 1238
f 607 608 1238
f 1238 608 609
f 1238 602 603
f 603 604 1238
f 604 605 1238
f 1238 605 606
f 598 599 1239
f 599 600 1239
f 1239 600 1238
f 600 601 1238
f 1238 601 602
f 598 1239 597
f 1239 1240 597
f 597 1240 596
f 591 592 1241
f 592 593 1241
f 593 594 1241
f 1241 594 1240
f 594 595 1240
f 1240 595 596
f 588 589 1241
f 589 590 1241
f 1241 590 591
f 656 657 1242
f 657 658 1242
f 1242 658 1241
f 658 587 1241
f 1241 587 588
f 653 654 1242
f 654 655 1242
f 1242 655 656
f 649 1243 648
f 1243 647 648
f 649 650 1243
f 650 651 1243
f 1243 651 1242
f 651 652 1242
f 1242 652 653
f 646 647 1066
f 644 645 1058
f 1088 1086 647
f 1086 1084 647
f 1084 1082 647
f 1082 1080 647
f 647 1080 1078
f 1078 1076 647
f 1076 1074 647
f 647 1074 1072
f 1072 1070 647
f 1070 1068 647
f 647 1068 1066
f 1066 1064 646
f 1064 1062 646
f 646 1062 645
f 1062 1060 645
f 645 1060 1058
f 1058 1056 644
f 1056 1054 644
f 644 1054 643
f 1054 1052 643
f 1052 1050 643
f 643 1050 642
f 994 992 1244
f 992 990 1244
f 1244 990 988
f 976 974 1243
f 974 972 1243
f 1243 972 970
f 1050 1048 642
f 1048 1046 642
f 642 1046 641
f 1046 1044 641
f 641 1044 1042
f 1012 1010 1244
f 1010 1008 1244
f 1244 1008 1006
f 1006 1004 1244
f 1004 1002 1244
f 1244 1002 1000
f 1042 1040 641
f 1040 1038 641
f 641 1038 1036
f 1030 1028 641
f 1028 1026 641
f 641 1026 1024
f 1000 998 1244
f 998 996 1244
f 1244 996 994
f 988 986 1243
f 986 984 1243
f 1243 984 982
f 970 968 1243
f 968 966 1243
f 1243 966 964
f 1036 1034 641
f 1034 1032 641
f 641 1032 1030
f 1018 1244 1020
f 1244 1022 1020
f 1018 1016 1244
f 1016 1014 1244
f 1244 1014 1012
f 982 980 1243
f 980 978 1243
f 1243 978 976
f 964 962 1243
f 962 960 1243
f 1243 960 958
f 958 956 1243
f 956 954 1243
f 1243 954 952
f 952 950 1243
f 950 948 1243
f 1243 948 647
f 948 1090 647
f 647 1090 1088
f 1142 1140 1236
f 1142 1236 1144
f 1164 1162 1236
f 1162 1160 1236
f 1236 1160 1158
f 1236 1152 1150
f 1234 641 1244
f 641 1024 1244
f 1244 1024 1022
f 1234 1232 641
f 1232 1230 641
f 641 1230 1228
f 1158 1156 1236
f 1156 1154 1236
f 1236 1154 1152
f 1150 1148 1236
f 1148 1146 1236
f 1236 1146 1144
f 1236 1134 1132
f 1122 1120 1244
f 1228 1226 641
f 1226 1224 641
f 641 1224 1222
f 1222 1220 641
f 1220 1218 641
f 641 1218 1216
f 637 638 1200
f 1140 1138 1236
f 1138 1136 1236
f 1236 1136 1134
f 1122 1244 1124
f 1100 1098 1244
f 1098 1096 1244
f 639 640 1208
f 1244 1108 1106
f 1096 1094 1244
f 1094 1092 1244
f 1244 1092 1234
f 1216 1214 641
f 1214 1212 641
f 641 1212 640
f 1212 1210 640
f 640 1210 1208
f 1208 1206 639
f 1206 1204 639
f 639 1204 638
f 1204 1202 638
f 638 1202 1200
f 1132 1130 1236
f 1130 1128 1236
f 1236 1128 1126
f 1106 1104 1244
f 1104 1102 1244
f 1244 1102 1100
f 1190 635 1192
f 635 636 1192
f 1190 1188 635
f 1188 1186 635
f 635 1186 1184
f 1184 1182 635
f 1182 1180 635
f 635 1180 1178
f 1120 1118 1244
f 1118 1116 1244
f 1244 1116 1114
f 1114 1112 1244
f 1112 1110 1244
f 1244 1110 1108
f 1200 1198 637
f 1198 1196 637
f 637 1196 636
f 1196 1194 636
f 636 1194 1192
f 1178 1176 635
f 1176 1174 635
f 635 1174 1172
f 1172 1170 635
f 1170 1168 635
f 635 1168 1166
f 1166 1164 635
f 1164 1236 635
f 635 1236 634
f 1236 633 634
f 627 1236 626
f 1236 113 626
f 626 113 115
f 627 628 1236
f 628 629 1236
f 1236 629 630
f 630 631 1236
f 631 632 1236
f 1236 632 633
f 1245 1246 1241
f 1247 1248 1243
f 1248 1249 1243
f 1249 1250 1243
f 1250 1251 1243
f 1243 1251 1252
f 1246 1253 1241
f 1253 1254 1241
f 1241 1254 1242
f 1254 1255 1242
f 1242 1255 1256
f 1252 1257 1243
f 1257 1258 1243
f 1243 1258 1259
f 1260 1261 1240
f 1261 1262 1240
f 1263 1264 1241
f 1264 1265 1241
f 1256 1266 1242
f 1266 1267 1242
f 1242 1267 1268
f 1269 1270 1243
f 1270 1271 1243
f 1243 1271 1247
f 1272 1273 1240
f 1273 1274 1240
f 1240 1274 1260
f 1262 1275 1240
f 1275 1276 1240
f 1240 1276 1277
f 1265 1278 1241
f 1278 1279 1241
f 1241 1279 1245
f 1277 1280 1240
f 1280 1281 1240
f 1240 1281 1282
f 1268 1283 1242
f 1283 1284 1242
f 1242 1284 1285
f 1285 1286 1242
f 1286 1287 1242
f 1242 1287 1288
f 1289 1290 1243
f 1290 1291 1243
f 1243 1291 1269
f 1292 1293 1241
f 1293 1294 1241
f 1241 1294 1263
f 1282 1295 1240
f 1295 1296 1240
f 1240 1296 1297
f 1297 1298 1240
f 1298 1299 1240
f 1240 1299 1300
f 1301 1302 1241
f 1303 1304 1243
f 1304 1305 1243
f 1243 1305 1289
f 1288 1306 1242
f 1306 1307 1242
f 1242 1307 1308
f 1302 1309 1241
f 1309 1310 1241
f 1241 1310 1292
f 1308 1311 1242
f 1311 1312 1242
f 1242 1312 1243
f 1312 1313 1243
f 1243 1313 1303
f 1300 1314 1240
f 1314 1315 1240
f 1240 1315 1241
f 1315 1316 1241
f 1241 1316 1301
f 778 776 1240
f 776 774 1240
f 1240 774 772
f 1259 1272 1243
f 1272 1240 1243
f 1243 1240 1317
f 1240 772 1317
f 800 798 1240
f 798 796 1240
f 772 770 1317
f 770 768 1317
f 1317 768 766
f 684 682 1239
f 796 794 1240
f 794 792 1240
f 1240 792 790
f 790 788 1240
f 788 786 1240
f 1240 786 784
f 784 782 1240
f 782 780 1240
f 1240 780 778
f 766 764 1317
f 764 762 1317
f 1317 762 760
f 760 758 1317
f 758 756 1317
f 1317 756 754
f 1238 706 704
f 728 726 1238
f 726 724 1238
f 724 722 1238
f 722 720 1238
f 1238 720 718
f 718 716 1238
f 716 714 1238
f 1238 714 712
f 704 702 1238
f 702 700 1238
f 1238 700 1239
f 700 698 1239
f 1239 698 696
f 682 680 1239
f 680 678 1239
f 1239 678 676
f 754 752 1317
f 752 750 1317
f 1317 750 748
f 742 740 1317
f 740 738 1317
f 1317 738 736
f 712 710 1238
f 710 708 1238
f 1238 708 706
f 690 688 1239
f 688 686 1239
f 1239 686 684
f 676 674 1239
f 674 672 1239
f 1239 672 670
f 670 668 1239
f 668 666 1239
f 1239 666 664
f 664 662 1239
f 662 660 1239
f 1239 660 1240
f 660 802 1240
f 1240 802 800
f 748 746 1317
f 746 744 1317
f 1317 744 742
f 696 694 1239
f 694 692 1239
f 1239 692 690
f 736 734 1317
f 734 732 1317
f 1317 732 1238
f 732 730 1238
f 1238 730 728
f 71 73 1235
f 73 1236 1235
f 1235 1236 1244
f 1236 1126 1244
f 1244 1126 1124
f 872 870 1237
f 834 832 1238
f 812 810 1238
f 872 1237 874
f 856 854 1237
f 946 944 1317
f 944 942 1317
f 1317 942 940
f 1237 864 862
f 1238 820 818
f 940 938 1317
f 938 936 1317
f 1317 936 934
f 934 932 1317
f 932 930 1317
f 1317 930 928
f 874 1237 876
f 1237 1235 876
f 876 1235 878
f 870 868 1237
f 868 866 1237
f 1237 866 864
f 862 860 1237
f 860 858 1237
f 1237 858 856
f 854 852 1237
f 852 850 1237
f 1237 850 848
f 848 846 1237
f 846 844 1237
f 1237 844 842
f 818 816 1238
f 816 814 1238
f 1238 814 812
f 810 808 1238
f 808 806 1238
f 1238 806 1317
f 806 804 1317
f 1317 804 946
f 928 926 1317
f 926 924 1317
f 1317 924 922
f 922 920 1317
f 920 918 1317
f 1317 918 916
f 988 1243 1244
f 1243 1317 1244
f 1244 1317 1235
f 1317 916 1235
f 1235 916 914
f 914 912 1235
f 912 910 1235
f 1235 910 908
f 842 840 1237
f 840 838 1237
f 1237 838 1238
f 838 836 1238
f 1238 836 834
f 832 830 1238
f 830 828 1238
f 1238 828 826
f 826 824 1238
f 824 822 1238
f 1238 822 820
f 908 906 1235
f 906 904 1235
f 1235 904 902
f 902 900 1235
f 900 898 1235
f 1235 898 896
f 896 894 1235
f 894 892 1235
f 1235 892 890
f 890 888 1235
f 888 886 1235
f 1235 886 884
f 884 882 1235
f 882 880 1235
f 1235 880 878
f 1318 280 1319
f 280 279 1319
f 1319 279 1320
f 279 248 1320
f 1320 248 1321
f 248 247 1321
f 1321 247 1322
f 247 314 1322
f 1322 314 1323
f 314 313 1323
f 1323 313 1324
f 313 307 1324
f 1324 307 1325
f 307 306 1325
f 1325 306 1326
f 306 305 1326
f 1326 305 1327
f 305 312 1327
f 1327 312 1328
f 312 311 1328
f 1328 311 1329
f 311 310 1329
f 1329 310 1330
f 310 317 1330
f 1330 317 1331
f 317 316 1331
f 1331 316 1332
f 316 309 1332
f 1332 309 1333
f 309 308 1333
f 1333 308 1334
f 308 322 1334
f 1334 322 1335
f 322 321 1335
f 1335 321 1336
f 321 315 1336
f 1336 315 1337
f 315 327 1337
f 1337 327 1338
f 327 326 1338
f 1338 326 1339
f 326 325 1339
f 1339 325 1340
f 325 324 1340
f 1340 324 1341
f 324 323 1341
f 1341 323 1342
f 323 320 1342
f 1342 320 1343
f 320 319 1343
f 1343 319 1344
f 319 318 1344
f 1344 318 1345
f 318 298 1345
f 1345 298 1346
f 298 297 1346
f 1346 297 1347
f 297 296 1347
f 1347 296 1348
f 296 257 1348
f 1348 257 1349
f 257 255 1349
f 1349 255 1350
f 255 254 1350
f 1350 254 1351
f 254 295 1351
f 1351 295 1352
f 295 294 1352
f 1352 294 1353
f 294 293 1353
f 1353 293 1354
f 293 304 1354
f 1354 304 1355
f 304 303 1355
f 1355 303 1356
f 303 302 1356
f 1356 302 1357
f 302 278 1357
f 1357 278 1358
f 278 277 1358
f 1358 277 1359
f 277 276 1359
f 1359 276 1360
f 276 274 1360
f 1360 274 1361
f 274 273 1361
f 1361 273 1362
f 273 301 1362
f 1362 301 1363
f 301 300 1363
f 1363 300 1364
f 300 299 1364
f 1364 299 1365
f 299 291 1365
f 1365 291 1366
f 291 290 1366
f 1366 290 1367
f 290 289 1367
f 1367 289 1368
f 289 287 1368
f 1368 287 1369
f 287 286 1369
f 1369 286 1370
f 286 253 1370
f 1370 253 1371
f 253 272 1371
f 1371 272 1372
f 272 271 1372
f 1372 271 1373
f 271 270 1373
f 1373 270 1374
f 270 268 1374
f 1374 268 1375
f 268 267 1375
f 1375 267 1376
f 267 265 1376
f 1376 265 1377
f 265 264 1377
f 1377 264 1378
f 264 250 1378
f 1378 250 1379
f 250 285 1379
f 1379 285 1380
f 285 284 1380
f 1380 284 1381
f 284 263 1381
f 1381 263 1382
f 263 262 1382
f 1382 262 1383
f 262 261 1383
f 1383 261 1384
f 261 283 1384
f 1384 283 1385
f 283 282 1385
f 1385 282 1386
f 282 260 1386
f 1386 260 1387
f 260 259 1387
f 1387 259 1388
f 259 258 1388
f 1388 258 1389
f 258 281 1389
f 1389 281 1318
f 281 280 1318
f 951 1352 949
f 1352 1353 949
f 949 1353 947
f 1353 1354 947
f 947 1354 1089
f 1354 1355 1089
f 1089 1355 1087
f 1355 1356 1087
f 1087 1356 1085
f 1356 1357 1085
f 1085 1357 1083
f 1357 1358 1083
f 1083 1358 1081
f 1358 1359 1081
f 1081 1359 1079
f 1359 1360 1079
f 1079 1360 1077
f 1360 1361 1077
f 1077 1361 1075
f 1361 1362 1075
f 1075 1362 1073
f 1362 1363 1073
f 1073 1363 1071
f 1363 1364 1071
f 1071 1364 1069
f 1364 1365 1069
f 1069 1365 1067
f 1365 1366 1067
f 1067 1366 1065
f 1366 1367 1065
f 1065 1367 1063
f 1367 1368 1063
f 1063 1368 1061
f 1368 1369 1061
f 1061 1369 1059
f 1369 1370 1059
f 1059 1370 1057
f 1370 1371 1057
f 1057 1371 1055
f 1371 1372 1055
f 1055 1372 1053
f 1372 1373 1053
f 1053 1373 1051
f 1373 1374 1051
f 1051 1374 1049
f 1374 1375 1049
f 1049 1375 1047
f 1375 1376 1047
f 1047 1376 1045
f 1376 1377 1045
f 1045 1377 1043
f 1377 1378 1043
f 1043 1378 1041
f 1378 1379 1041
f 1041 1379 1039
f 1379 1380 1039
f 1039 1380 1037
f 1380 1381 1037
f 1037 1381 1035
f 1381 1382 1035
f 1035 1382 1033
f 1382 1383 1033
f 1033 1383 1031
f 1383 1384 1031
f 1031 1384 1029
f 1384 1385 1029
f 1029 1385 1027
f 1385 1386 1027
f 1027 1386 1025
f 1386 1387 1025
f 1025 1387 1023
f 1387 1388 1023
f 1023 1388 1021
f 1388 1389 1021
f 1021 1389 1019
f 1389 1318 1019
f 1019 1318 1017
f 1318 1319 1017
f 1017 1319 1015
f 1319 1320 1015
f 1015 1320 1013
f 1320 1321 1013
f 1013 1321 1011
f 1321 1322 1011
f 1011 1322 1009
f 1322 1323 1009
f 1009 1323 1007
f 1323 1324 1007
f 1007 1324 1005
f 1324 1325 1005
f 1005 1325 1003
f 1325 1326 1003
f 1003 1326 1001
f 1326 1327 1001
f 1001 1327 999
f 1327 1328 999
f 999 1328 997
f 1328 1329 997
f 997 1329 995
f 1329 1330 995
f 995 1330 993
f 1330 1331 993
f 993 1331 991
f 1331 1332 991
f 991 1332 989
f 1332 1333 989
f 989 1333 987
f 1333 1334 987
f 987 1334 985
f 1334 1335 985
f 985 1335 983
f 1335 1336 983
f 983 1336 981
f 1336 1337 981
f 981 1337 979
f 1337 1338 979
f 979 1338 977
f 1338 1339 977
f 977 1339 975
f 1339 1340 975
f 975 1340 973
f 1340 1341 973
f 973 1341 971
f 1341 1342 971
f 971 1342 969
f 1342 1343 969
f 969 1343 967
f 1343 1344 967
f 967 1344 965
f 1344 1345 965
f 965 1345 963
f 1345 1346 963
f 963 1346 961
f 1346 1347 961
f 961 1347 959
f 1347 1348 959
f 959 1348 957
f 1348 1349 957
f 957 1349 955
f 1349 1350 955
f 955 1350 953
f 1350 1351 953
f 953 1351 951
f 1351 1352 951
f 1390 190 1391
f 190 189 1391
f 1391 189 1392
f 189 180 1392
f 1392 180 1393
f 180 179 1393
f 1393 179 1394
f 179 178 1394
f 1394 178 1395
f 178 188 1395
f 1395 188 1396
f 188 187 1396
f 1396 187 1397
f 187 186 1397
f 1397 186 1398
f 186 208 1398
f 1398 208 1399
f 208 207 1399
f 1399 207 1400
f 207 185 1400
f 1400 185 1401
f 185 184 1401
f 1401 184 1402
f 184 206 1402
f 1402 206 1403
f 206 205 1403
f 1403 205 1404
f 205 170 1404
f 1404 170 1405
f 170 169 1405
f 1405 169 1406
f 169 183 1406
f 1406 183 1407
f 183 182 1407
f 1407 182 1408
f 182 177 1408
f 1408 177 1409
f 177 175 1409
f 1409 175 1410
f 175 174 1410
f 1410 174 1411
f 174 238 1411
f 1411 238 1412
f 238 237 1412
f 1412 237 1413
f 237 236 1413
f 1413 236 1414
f 236 235 1414
f 1414 235 1415
f 235 234 1415
f 1415 234 1416
f 234 246 1416
f 1416 246 1417
f 246 245 1417
f 1417 245 1418
f 245 244 1418
f 1418 244 1419
f 244 243 1419
f 1419 243 1420
f 243 242 1420
f 1420 242 1421
f 242 241 1421
f 1421 241 1422
f 241 240 1422
f 1422 240 1423
f 240 239 1423
f 1423 239 1424
f 239 233 1424
f 1424 233 1425
f 233 232 1425
f 1425 232 1426
f 232 230 1426
f 1426 230 1427
f 230 229 1427
f 1427 229 1428
f 229 217 1428
f 1428 217 1429
f 217 216 1429
f 1429 216 1430
f 216 215 1430
f 1430 215 1431
f 215 228 1431
f 1431 228 1432
f 228 227 1432
f 1432 227 1433
f 227 223 1433
f 1433 223 1434
f 223 222 1434
f 1434 222 1435
f 222 221 1435
f 1435 221 1436
f 221 220 1436
f 1436 220 1437
f 220 219 1437
f 1437 219 1438
f 219 218 1438
f 1438 218 1439
f 218 214 1439
f 1439 214 1440
f 214 226 1440
f 1440 226 1441
f 226 225 1441
f 1441 225 1442
f 225 224 1442
f 1442 224 1443
f 224 210 1443
f 1443 210 1444
f 210 209 1444
f 1444 209 1445
f 209 173 1445
f 1445 173 1446
f 173 204 1446
f 1446 204 1447
f 204 203 1447
f 1447 203 1448
f 203 202 1448
f 1448 202 1449
f 202 167 1449
f 1449 167 1450
f 167 166 1450
f 1450 166 1451
f 166 201 1451
f 1451 201 1452
f 201 200 1452
f 1452 200 1453
f 200 199 1453
f 1453 199 1454
f 199 198 1454
f 1454 198 1455
f 198 197 1455
f 1455 197 1456
f 197 196 1456
f 1456 196 1457
f 196 195 1457
f 1457 195 1458
f 195 194 1458
f 1458 194 1459
f 194 193 1459
f 1459 193 1460
f 193 192 1460
f 1460 192 1461
f 192 191 1461
f 1461 191 1390
f 191 190 1390
f 1175 1456 1173
f 1456 1457 1173
f 1173 1457 1171
f 1457 1458 1171
f 1171 1458 1169
f 1458 1459 1169
f 1169 1459 1167
f 1459 1460 1167
f 1167 1460 1165
f 1460 1461 1165
f 1165 1461 1163
f 1461 1390 1163
f 1163 1390 1161
f 1390 1391 1161
f 1161 1391 1159
f 1391 1392 1159
f 1159 1392 1157
f 1392 1393 1157
f 1157 1393 1155
f 1393 1394 1155
f 1155 1394 1153
f 1394 1395 1153
f 1153 1395 1151
f 1395 1396 1151
f 1151 1396 1149
f 1396 1397 1149
f 1149 1397 1147
f 1397 1398 1147
f 1147 1398 1145
f 1398 1399 1145
f 1145 1399 1143
f 1399 1400 1143
f 1143 1400 1141
f 1400 1401 1141
f 1141 1401 1139
f 1401 1402 1139
f 1139 1402 1137
f 1402 1403 1137
f 1137 1403 1135
f 1403 1404 1135
f 1135 1404 1133
f 1404 1405 1133
f 1133 1405 1131
f 1405 1406 1131
f 1131 1406 1129
f 1406 1407 1129
f 1129 1407 1127
f 1407 1408 1127
f 1127 1408 1125
f 1408 1409 1125
f 1125 1409 1123
f 1409 1410 1123
f 1123 1410 1121
f 1410 1411 1121
f 1121 1411 1119
f 1411 1412 1119
f 1119 1412 1117
f 1412 1413 1117
f 1117 1413 1115
f 1413 1414 1115
f 1115 1414 1113
f 1414 1415 1113
f 1113 1415 1111
f 1415 1416 1111
f 1111 1416 1109
f 1416 1417 1109
f 1109 1417 1107
f 1417 1418 1107
f 1107 1418 1105
f 1418 1419 1105
f 1105 1419 1103
f 1419 1420 1103
f 1103 1420 1101
f 1420 1421 1101
f 1101 1421 1099
f 1421 1422 1099
f 1099 1422 1097
f 1422 1423 1097
f 1097 1423 1095
f 1423 1424 1095
f 1095 1424 1093
f 1424 1425 1093
f 1093 1425 1091
f 1425 1426 1091
f 1091 1426 1233
f 1426 1427 1233
f 1233 1427 1231
f 1427 1428 1231
f 1231 1428 1229
f 1428 1429 1229
f 1229 1429 1227
f 1429 1430 1227
f 1227 1430 1225
f 1430 1431 1225
f 1225 1431 1223
f 1431 1432 1223
f 1223 1432 1221
f 1432 1433 1221
f 1221 1433 1219
f 1433 1434 1219
f 1219 1434 1217
f 1434 1435 1217
f 1217 1435 1215
f 1435 1436 1215
f 1215 1436 1213
f 1436 1437 1213
f 1213 1437 1211
f 1437 1438 1211
f 1211 1438 1209
f 1438 1439 1209
f 1209 1439 1207
f 1439 1440 1207
f 1207 1440 1205
f 1440 1441 1205
f 1205 1441 1203
f 1441 1442 1203
f 1203 1442 1201
f 1442 1443 1201
f 1201 1443 1199
f 1443 1444 1199
f 1199 1444 1197
f 1444 1445 1197
f 1197 1445 1195
f 1445 1446 1195
f 1195 1446 1193
f 1446 1447 1193
f 1193 1447 1191
f 1447 1448 1191
f 1191 1448 1189
f 1448 1449 1189
f 1189 1449 1187
f 1449 1450 1187
f 1187 1450 1185
f 1450 1451 1185
f 1185 1451 1183
f 1451 1452 1183
f 1183 1452 1181
f 1452 1453 1181
f 1181 1453 1179
f 1453 1454 1179
f 1179 1454 1177
f 1454 1455 1177
f 1177 1455 1175
f 1455 1456 1175
f 1462 471 1463
f 471 495 1463
f 1463 495 1464
f 495 494 1464
f 1464 494 1465
f 494 485 1465
f 1465 485 1466
f 485 484 1466
f 1466 484 1467
f 484 502 1467
f 1467 502 1468
f 502 501 1468
f 1468 501 1469
f 501 493 1469
f 1469 493 1470
f 493 492 1470
f 1470 492 1471
f 492 491 1471
f 1471 491 1472
f 491 508 1472
f 1472 508 1473
f 508 507 1473
f 1473 507 1474
f 507 506 1474
f 1474 506 1475
f 506 505 1475
f 1475 505 1476
f 505 504 1476
f 1476 504 1477
f 504 503 1477
f 1477 503 1478
f 503 500 1478
f 1478 500 1479
f 500 499 1479
f 1479 499 1480
f 499 470 1480
f 1480 470 1481
f 470 469 1481
f 1481 469 1482
f 469 468 1482
f 1482 468 1483
f 468 536 1483
f 1483 536 1484
f 536 535 1484
f 1484 535 1485
f 535 534 1485
f 1485 534 1486
f 534 533 1486
f 1486 533 1487
f 533 532 1487
f 1487 532 1488
f 532 547 1488
f 1488 547 1489
f 547 546 1489
f 1489 546 1490
f 546 545 1490
f 1490 545 1491
f 545 544 1491
f 1491 544 1492
f 544 543 1492
f 1492 543 1493
f 543 542 1493
f 1493 542 1494
f 542 541 1494
f 1494 541 1495
f 541 540 1495
f 1495 540 1496
f 540 531 1496
f 1496 531 1497
f 531 530 1497
f 1497 530 1498
f 530 529 1498
f 1498 529 1499
f 529 528 1499
f 1499 528 1500
f 528 518 1500
f 1500 518 1501
f 518 517 1501
f 1501 517 1502
f 517 516 1502
f 1502 516 1503
f 516 527 1503
f 1503 527 1504
f 527 526 1504
f 1504 526 1505
f 526 523 1505
f 1505 523 1506
f 523 522 1506
f 1506 522 1507
f 522 521 1507
f 1507 521 1508
f 521 525 1508
f 1508 525 1509
f 525 524 1509
f 1509 524 1510
f 524 520 1510
f 1510 520 1511
f 520 519 1511
f 1511 519 1512
f 519 539 1512
f 1512 539 1513
f 539 538 1513
f 1513 538 1514
f 538 537 1514
f 1514 537 1515
f 537 490 1515
f 1515 490 1516
f 490 489 1516
f 1516 489 1517
f 489 487 1517
f 1517 487 1518
f 487 486 1518
f 1518 486 1519
f 486 498 1519
f 1519 498 1520
f 498 497 1520
f 1520 497 1521
f 497 496 1521
f 1521 496 1522
f 496 483 1522
f 1522 483 1523
f 483 482 1523
f 1523 482 1524
f 482 481 1524
f 1524 481 1525
f 481 480 1525
f 1525 480 1526
f 480 479 1526
f 1526 479 1527
f 479 478 1527
f 1527 478 1528
f 478 477 1528
f 1528 477 1529
f 477 476 1529
f 1529 476 1530
f 476 475 1530
f 1530 475 1531
f 475 474 1531
f 1531 474 1532
f 474 473 1532
f 1532 473 1533
f 473 472 1533
f 1533 472 1462
f 472 471 1462
f 887 1528 885
f 1528 1529 885
f 885 1529 883
f 1529 1530 883
f 883 1530 881
f 1530 1531 881
f 881 1531 879
f 1531 1532 879
f 879 1532 877
f 1532 1533 877
f 877 1533 875
f 1533 1462 875
f 875 1462 873
f 1462 1463 873
f 873 1463 871
f 1463 1464 871
f 871 1464 869
f 1464 1465 869
f 869 1465 867
f 1465 1466 867
f 867 1466 865
f 1466 1467 865
f 865 1467 863
f 1467 1468 863
f 863 1468 861
f 1468 1469 861
f 861 1469 859
f 1469 1470 859
f 859 1470 857
f 1470 1471 857
f 857 1471 855
f 1471 1472 855
f 855 1472 853
f 1472 1473 853
f 853 1473 851
f 1473 1474 851
f 851 1474 849
f 1474 1475 849
f 849 1475 847
f 1475 1476 847
f 847 1476 845
f 1476 1477 845
f 845 1477 843
f 1477 1478 843
f 843 1478 841
f 1478 1479 841
f 841 1479 839
f 1479 1480 839
f 839 1480 837
f 1480 1481 837
f 837 1481 835
f 1481 1482 835
f 835 1482 833
f 1482 1483 833
f 833 1483 831
f 1483 1484 831
f 831 1484 829
f 1484 1485 829
f 829 1485 827
f 1485 1486 827
f 827 1486 825
f 1486 1487 825
f 825 1487 823
f 1487 1488 823
f 823 1488 821
f 1488 1489 821
f 821 1489 819
f 1489 1490 819
f 819 1490 817
f 1490 1491 817
f 817 1491 815
f 1491 1492 815
f 815 1492 813
f 1492 1493 813
f 813 1493 811
f 1493 1494 811
f 811 1494 809
f 1494 1495 809
f 809 1495 807
f 1495 1496 807
f 807 1496 805
f 1496 1497 805
f 805 1497 803
f 1497 1498 803
f 803 1498 945
f 1498 1499 945
f 945 1499 943
f 1499 1500 943
f 943 1500 941
f 1500 1501 941
f 941 1501 939
f 1501 1502 939
f 939 1502 937
f 1502 1503 937
f 937 1503 935
f 1503 1504 935
f 935 1504 933
f 1504 1505 933
f 933 1505 931
f 1505 1506 931
f 931 1506 929
f 1506 1507 929
f 929 1507 927
f 1507 1508 927
f 927 1508 925
f 1508 1509 925
f 925 1509 923
f 1509 1510 923
f 923 1510 921
f 1510 1511 921
f 921 1511 919
f 1511 1512 919
f 919 1512 917
f 1512 1513 917
f 917 1513 915
f 1513 1514 915
f 915 1514 913
f 1514 1515 913
f 913 1515 911
f 1515 1516 911
f 911 1516 909
f 1516 1517 909
f 909 1517 907
f 1517 1518 907
f 907 1518 905
f 1518 1519 905
f 905 1519 903
f 1519 1520 903
f 903 1520 901
f 1520 1521 901
f 901 1521 899
f 1521 1522 899
f 899 1522 897
f 1522 1523 897
f 897 1523 895
f 1523 1524 895
f 895 1524 893
f 1524 1525 893
f 893 1525 891
f 1525 1526 891
f 891 1526 889
f 1526 1527 889
f 889 1527 887
f 1527 1528 887
f 1534 445 1535
f 445 444 1535
f 1535 444 1536
f 444 443 1536
f 1536 443 1537
f 443 442 1537
f 1537 442 1538
f 442 441 1538
f 1538 441 1539
f 441 440 1539
f 1539 440 1540
f 440 439 1540
f 1540 439 1541
f 439 438 1541
f 1541 438 1542
f 438 437 1542
f 1542 437 1543
f 437 436 1543
f 1543 436 1544
f 436 435 1544
f 1544 435 1545
f 435 434 1545
f 1545 434 1546
f 434 433 1546
f 1546 433 1547
f 433 432 1547
f 1547 432 1548
f 432 421 1548
f 1548 421 1549
f 421 420 1549
f 1549 420 1550
f 420 419 1550
f 1550 419 1551
f 419 431 1551
f 1551 431 1552
f 431 430 1552
f 1552 430 1553
f 430 429 1553
f 1553 429 1554
f 429 407 1554
f 1554 407 1555
f 407 406 1555
f 1555 406 1556
f 406 405 1556
f 1556 405 1557
f 405 387 1557
f 1557 387 1558
f 387 386 1558
f 1558 386 1559
f 386 404 1559
f 1559 404 1560
f 404 403 1560
f 1560 403 1561
f 403 402 1561
f 1561 402 1562
f 402 401 1562
f 1562 401 1563
f 401 418 1563
f 1563 418 1564
f 418 417 1564
f 1564 417 1565
f 417 383 1565
f 1565 383 1566
f 383 382 1566
f 1566 382 1567
f 382 399 1567
f 1567 399 1568
f 399 398 1568
f 1568 398 1569
f 398 397 1569
f 1569 397 1570
f 397 456 1570
f 1570 456 1571
f 456 455 1571
f 1571 455 1572
f 455 454 1572
f 1572 454 1573
f 454 416 1573
f 1573 416 1574
f 416 415 1574
f 1574 415 1575
f 415 414 1575
f 1575 414 1576
f 414 428 1576
f 1576 428 1577
f 428 427 1577
f 1577 427 1578
f 427 413 1578
f 1578 413 1579
f 413 412 1579
f 1579 412 1580
f 412 411 1580
f 1580 411 1581
f 411 453 1581
f 1581 453 1582
f 453 452 1582
f 1582 452 1583
f 452 451 1583
f 1583 451 1584
f 451 450 1584
f 1584 450 1585
f 450 449 1585
f 1585 449 1586
f 449 385 1586
f 1586 385 1587
f 385 384 1587
f 1587 384 1588
f 384 425 1588
f 1588 425 1589
f 425 426 1589
f 1589 426 1590
f 426 448 1590
f 1590 448 1591
f 448 447 1591
f 1591 447 1592
f 447 424 1592
f 1592 424 1593
f 424 423 1593
f 1593 423 1594
f 423 422 1594
f 1594 422 1595
f 422 410 1595
f 1595 410 1596
f 410 409 1596
f 1596 409 1597
f 409 408 1597
f 1597 408 1598
f 408 396 1598
f 1598 396 1599
f 396 395 1599
f 1599 395 1600
f 395 394 1600
f 1600 394 1601
f 394 393 1601
f 1601 393 1602
f 393 392 1602
f 1602 392 1603
f 392 390 1603
f 1603 390 1604
f 390 389 1604
f 1604 389 1605
f 389 446 1605
f 1605 446 1534
f 446 445 1534
f 663 1568 661
f 1568 1569 661
f 661 1569 659
f 1569 1570 659
f 659 1570 801
f 1570 1571 801
f 801 1571 799
f 1571 1572 799
f 799 1572 797
f 1572 1573 797
f 797 1573 795
f 1573 1574 795
f 795 1574 793
f 1574 1575 793
f 793 1575 791
f 1575 1576 791
f 791 1576 789
f 1576 1577 789
f 789 1577 787
f 1577 1578 787
f 787 1578 785
f 1578 1579 785
f 785 1579 783
f 1579 1580 783
f 783 1580 781
f 1580 1581 781
f 781 1581 779
f 1581 1582 779
f 779 1582 777
f 1582 1583 777
f 777 1583 775
f 1583 1584 775
f 775 1584 773
f 1584 1585 773
f 773 1585 771
f 1585 1586 771
f 771 1586 769
f 1586 1587 769
f 769 1587 767
f 1587 1588 767
f 767 1588 765
f 1588 1589 765
f 765 1589 763
f 1589 1590 763
f 763 1590 761
f 1590 1591 761
f 761 1591 759
f 1591 1592 759
f 759 1592 757
f 1592 1593 757
f 757 1593 755
f 1593 1594 755
f 755 1594 753
f 1594 1595 753
f 753 1595 751
f 1595 1596 751
f 751 1596 749
f 1596 1597 749
f 749 1597 747
f 1597 1598 747
f 747 1598 745
f 1598 1599 745
f 745 1599 743
f 1599 1600 743
f 743 1600 741
f 1600 1601 741
f 741 1601 739
f 1601 1602 739
f 739 1602 737
f 1602 1603 737
f 737 1603 735
f 1603 1604 735
f 735 1604 733
f 1604 1605 733
f 733 1605 731
f 1605 1534 731
f 731 1534 729
f 1534 1535 729
f 729 1535 727
f 1535 1536 727
f 727 1536 725
f 1536 1537 725
f 725 1537 723
f 1537 1538 723
f 723 1538 721
f 1538 1539 721
f 721 1539 719
f 1539 1540 719
f 719 1540 717
f 1540 1541 717
f 717 1541 715
f 1541 1542 715
f 715 1542 713
f 1542 1543 713
f 713 1543 711
f 1543 1544 711
f 711 1544 709
f 1544 1545 709
f 709 1545 707
f 1545 1546 707
f 707 1546 705
f 1546 1547 705
f 705 1547 703
f 1547 1548 703
f 703 1548 701
f 1548 1549 701
f 701 1549 699
f 1549 1550 699
f 699 1550 697
f 1550 1551 697
f 697 1551 695
f 1551 1552 695
f 695 1552 693
f 1552 1553 693
f 693 1553 691
f 1553 1554 691
f 691 1554 689
f 1554 1555 689
f 689 1555 687
f 1555 1556 687
f 687 1556 685
f 1556 1557 685
f 685 1557 683
f 1557 1558 683
f 683 1558 681
f 1558 1559 681
f 681 1559 679
f 1559 1560 679
f 679 1560 677
f 1560 1561 677
f 677 1561 675
f 1561 1562 675
f 675 1562 673
f 1562 1563 673
f 673 1563 671
f 1563 1564 671
f 671 1564 669
f 1564 1565 669
f 669 1565 667
f 1565 1566 667
f 667 1566 665
f 1566 1567 665
f 665 1567 663
f 1567 1568 663
f 1272 559 1273
f 559 569 1273
f 1273 569 1274
f 569 568 1274
f 1274 568 1260
f 568 567 1260
f 1260 567 1261
f 567 556 1261
f 1261 556 1262
f 556 557 1262
f 1262 557 1275
f 557 558 1275
f 1275 558 1276
f 558 566 1276
f 1276 566 1277
f 566 565 1277
f 1277 565 1280
f 565 562 1280
f 1280 562 1281
f 562 563 1281
f 1281 563 1282
f 563 564 1282
f 1282 564 1295
f 564 586 1295
f 1295 586 1296
f 586 585 1296
f 1296 585 1297
f 585 584 1297
f 1297 584 1298
f 584 578 1298
f 1298 578 1299
f 578 577 1299
f 1299 577 1300
f 577 576 1300
f 1300 576 1314
f 576 575 1314
f 1314 575 1315
f 575 574 1315
f 1315 574 1316
f 574 573 1316
f 1316 573 1301
f 573 373 1301
f 1301 373 1302
f 373 372 1302
f 1302 372 1309
f 372 370 1309
f 1309 370 1310
f 370 369 1310
f 1310 369 1292
f 369 348 1292
f 1292 348 1293
f 348 347 1293
f 1293 347 1294
f 347 346 1294
f 1294 346 1263
f 346 340 1263
f 1263 340 1264
f 340 339 1264
f 1264 339 1265
f 339 337 1265
f 1265 337 1278
f 337 336 1278
f 1278 336 1279
f 336 345 1279
f 1279 345 1245
f 345 344 1245
f 1245 344 1246
f 344 360 1246
f 1246 360 1253
f 360 359 1253
f 1253 359 1254
f 359 358 1254
f 1254 358 1255
f 358 354 1255
f 1255 354 1256
f 354 356 1256
f 1256 356 1266
f 356 357 1266
f 1266 357 1267
f 357 352 1267
f 1267 352 1268
f 352 351 1268
f 1268 351 1283
f 351 350 1283
f 1283 350 1284
f 350 368 1284
f 1284 368 1285
f 368 367 1285
f 1285 367 1286
f 367 342 1286
f 1286 342 1287
f 342 341 1287
f 1287 341 1288
f 341 349 1288
f 1288 349 1306
f 349 366 1306
f 1306 366 1307
f 366 365 1307
f 1307 365 1308
f 365 364 1308
f 1308 364 1311
f 364 361 1311
f 1311 361 1312
f 361 362 1312
f 1312 362 1313
f 362 363 1313
f 1313 363 1303
f 363 583 1303
f 1303 583 1304
f 583 582 1304
f 1304 582 1305
f 582 572 1305
f 1305 572 1289
f 572 571 1289
f 1289 571 1290
f 571 570 1290
f 1290 570 1291
f 570 581 1291
f 1291 581 1269
f 581 580 1269
f 1269 580 1270
f 580 579 1270
f 1270 579 1271
f 579 555 1271
f 1271 555 1247
f 555 554 1247
f 1247 554 1248
f 554 553 1248
f 1248 553 1249
f 553 552 1249
f 1249 552 1250
f 552 551 1250
f 1250 551 1251
f 551 550 1251
f 1251 550 1252
f 550 549 1252
f 1252 549 1257
f 549 548 1257
f 1257 548 1258
f 548 561 1258
f 1258 561 1259
f 561 560 1259
f 1259 560 1272
f 560 559 1272

