# https://github.com/mikedh/trimesh

o tm26_112_p06_a_cf_mount_front.stl
v -0.00167432 -0.00290000 -0.00300000
v -0.00334863 0.00000000 -0.00300000
v -0.00167432 -0.00290000 0.00000000
v -0.00334863 0.00000000 0.00000000
v -0.00167432 0.00290000 -0.00300000
v -0.00167432 0.00290000 0.00000000
v 0.00167432 0.00290000 -0.00300000
v 0.00167432 0.00290000 0.00000000
v 0.00971550 -0.01016536 0.00298550
v -0.00971450 -0.01016536 0.00298550
v 0.00971550 -0.01016536 0.02241550
v -0.00971450 -0.01016536 0.02241550
v -0.00971450 0.01270000 0.02241550
v -0.00971450 0.01270000 0.00298550
v 0.00029520 0.00167417 0.00298550
v 0.00043999 0.00164207 0.00298550
v 0.00971550 0.01270000 0.00298550
v 0.00167417 -0.00029520 0.00298550
v 0.00164207 -0.00043999 0.00298550
v 0.00043999 -0.00164207 0.00298550
v 0.00058143 -0.00159748 0.00298550
v 0.00071845 -0.00154072 0.00298550
v -0.00085000 0.00147224 0.00298550
v -0.00071845 0.00154072 0.00298550
v 0.00169353 -0.00014816 0.00298550
v 0.00147224 -0.00085000 0.00298550
v 0.00139256 -0.00097508 0.00298550
v 0.00130228 -0.00109274 0.00298550
v 0.00120208 -0.00120208 0.00298550
v 0.00109274 -0.00130228 0.00298550
v 0.00097508 -0.00139256 0.00298550
v 0.00085000 -0.00147224 0.00298550
v -0.00058143 0.00159748 0.00298550
v -0.00043999 0.00164207 0.00298550
v -0.00029520 0.00167417 0.00298550
v 0.00159748 -0.00058143 0.00298550
v 0.00154072 -0.00071845 0.00298550
v -0.00058143 -0.00159748 0.00298550
v -0.00071845 -0.00154072 0.00298550
v 0.00029520 -0.00167417 0.00298550
v 0.00014816 -0.00169353 0.00298550
v 0.00000000 -0.00170000 0.00298550
v -0.00014816 -0.00169353 0.00298550
v -0.00085000 -0.00147224 0.00298550
v -0.00097508 -0.00139256 0.00298550
v -0.00109274 -0.00130228 0.00298550
v -0.00014816 0.00169353 0.00298550
v -0.00000000 0.00170000 0.00298550
v 0.00014816 0.00169353 0.00298550
v 0.00058143 0.00159748 0.00298550
v 0.00071845 0.00154072 0.00298550
v 0.00085000 0.00147224 0.00298550
v 0.00097508 0.00139256 0.00298550
v 0.00109274 0.00130228 0.00298550
v 0.00120208 0.00120208 0.00298550
v -0.00029520 -0.00167417 0.00298550
v -0.00043999 -0.00164207 0.00298550
v -0.00120208 0.00120208 0.00298550
v -0.00109274 0.00130228 0.00298550
v -0.00097508 0.00139256 0.00298550
v -0.00164207 0.00043999 0.00298550
v -0.00167417 0.00029520 0.00298550
v -0.00169353 0.00014816 0.00298550
v -0.00159748 0.00058143 0.00298550
v -0.00154072 0.00071845 0.00298550
v -0.00147224 0.00085000 0.00298550
v 0.00130228 0.00109274 0.00298550
v 0.00139256 0.00097508 0.00298550
v 0.00147224 0.00085000 0.00298550
v 0.00154072 0.00071845 0.00298550
v 0.00159748 0.00058143 0.00298550
v 0.00164207 0.00043999 0.00298550
v 0.00167417 0.00029520 0.00298550
v 0.00169353 0.00014816 0.00298550
v 0.00170000 0.00000000 0.00298550
v -0.00120208 -0.00120208 0.00298550
v -0.00130228 -0.00109274 0.00298550
v -0.00139256 -0.00097508 0.00298550
v -0.00147224 -0.00085000 0.00298550
v -0.00154072 -0.00071845 0.00298550
v -0.00159748 -0.00058143 0.00298550
v -0.00170000 0.00000000 0.00298550
v -0.00169353 -0.00014816 0.00298550
v -0.00164207 -0.00043999 0.00298550
v -0.00167417 -0.00029520 0.00298550
v -0.00139256 0.00097508 0.00298550
v -0.00130228 0.00109274 0.00298550
v 0.00971550 0.01270000 0.02241550
v 0.00058143 0.00159748 0.02241550
v 0.00043999 0.00164207 0.02241550
v -0.00120208 -0.00120208 0.02241550
v -0.00109274 -0.00130228 0.02241550
v -0.00154072 -0.00071845 0.02241550
v -0.00147224 -0.00085000 0.02241550
v -0.00014816 0.00169353 0.02241550
v -0.00029520 0.00167417 0.02241550
v -0.00043999 0.00164207 0.02241550
v -0.00058143 0.00159748 0.02241550
v -0.00071845 0.00154072 0.02241550
v -0.00085000 0.00147224 0.02241550
v -0.00097508 0.00139256 0.02241550
v -0.00097508 -0.00139256 0.02241550
v -0.00085000 -0.00147224 0.02241550
v -0.00071845 -0.00154072 0.02241550
v -0.00058143 -0.00159748 0.02241550
v -0.00043999 -0.00164207 0.02241550
v -0.00029520 -0.00167417 0.02241550
v -0.00014816 -0.00169353 0.02241550
v 0.00000000 -0.00170000 0.02241550
v 0.00014816 -0.00169353 0.02241550
v -0.00170000 -0.00000000 0.02241550
v -0.00169353 -0.00014816 0.02241550
v -0.00167417 -0.00029520 0.02241550
v -0.00139256 -0.00097508 0.02241550
v -0.00130228 -0.00109274 0.02241550
v 0.00029520 -0.00167417 0.02241550
v 0.00043999 -0.00164207 0.02241550
v 0.00058143 -0.00159748 0.02241550
v 0.00029520 0.00167417 0.02241550
v 0.00014816 0.00169353 0.02241550
v -0.00000000 0.00170000 0.02241550
v -0.00169353 0.00014816 0.02241550
v -0.00167417 0.00029520 0.02241550
v -0.00164207 -0.00043999 0.02241550
v -0.00159748 -0.00058143 0.02241550
v 0.00071845 -0.00154072 0.02241550
v 0.00085000 -0.00147224 0.02241550
v 0.00097508 -0.00139256 0.02241550
v 0.00097508 0.00139256 0.02241550
v 0.00109274 0.00130228 0.02241550
v 0.00120208 0.00120208 0.02241550
v 0.00085000 0.00147224 0.02241550
v 0.00071845 0.00154072 0.02241550
v -0.00109274 0.00130228 0.02241550
v -0.00120208 0.00120208 0.02241550
v -0.00130228 0.00109274 0.02241550
v 0.00109274 -0.00130228 0.02241550
v 0.00120208 -0.00120208 0.02241550
v 0.00130228 -0.00109274 0.02241550
v 0.00154072 0.00071845 0.02241550
v 0.00147224 0.00085000 0.02241550
v -0.00139256 0.00097508 0.02241550
v -0.00147224 0.00085000 0.02241550
v -0.00154072 0.00071845 0.02241550
v -0.00159748 0.00058143 0.02241550
v -0.00164207 0.00043999 0.02241550
v 0.00139256 -0.00097508 0.02241550
v 0.00147224 -0.00085000 0.02241550
v 0.00154072 -0.00071845 0.02241550
v 0.00159748 -0.00058143 0.02241550
v 0.00164207 -0.00043999 0.02241550
v 0.00167417 -0.00029520 0.02241550
v 0.00167417 0.00029520 0.02241550
v 0.00164207 0.00043999 0.02241550
v 0.00159748 0.00058143 0.02241550
v 0.00139256 0.00097508 0.02241550
v 0.00130228 0.00109274 0.02241550
v 0.00169353 -0.00014816 0.02241550
v 0.00170000 0.00000000 0.02241550
v 0.00169353 0.00014816 0.02241550
v 0.01111250 0.01270000 0.00158750
v 0.01125086 0.01269396 0.00158750
v 0.01125086 0.01268794 0.00144967
v 0.01267588 0.01120678 0.00132846
v 0.01269396 0.01115982 0.00145748
v 0.01269396 0.01114831 0.00145385
v 0.01270000 0.01111250 0.00158750
v 0.01269396 0.01111250 0.00144914
v 0.01269396 0.01112456 0.00144967
v 0.01269396 0.01117097 0.00146210
v 0.01267588 0.01122900 0.00133766
v 0.01264591 0.01128614 0.00121512
v 0.01269396 0.01118168 0.00146768
v 0.01267588 0.01118385 0.00132123
v 0.01269396 0.01113653 0.00145124
v 0.01267588 0.01116037 0.00131602
v 0.01267588 0.01113653 0.00131288
v 0.01267588 0.01111250 0.00131183
v 0.01267588 0.01125033 0.00134877
v 0.01264591 0.01131794 0.00123167
v 0.01260426 0.01138398 0.00111729
v 0.01269396 0.01119186 0.00147416
v 0.01264591 0.01125303 0.00120140
v 0.01264591 0.01121884 0.00119063
v 0.01264591 0.01118385 0.00118287
v 0.01264591 0.01114831 0.00117819
v 0.01264591 0.01111250 0.00117662
v 0.01267588 0.01127062 0.00136169
v 0.01264591 0.01134817 0.00125093
v 0.01260426 0.01142393 0.00114274
v 0.01255126 0.01149732 0.00103793
v 0.01269396 0.01120144 0.00148151
v 0.01260426 0.01134196 0.00109541
v 0.01260426 0.01129820 0.00107729
v 0.01260426 0.01125303 0.00106304
v 0.01260426 0.01120678 0.00105279
v 0.01260426 0.01115982 0.00104661
v 0.01260426 0.01111250 0.00104454
v 0.01267588 0.01128970 0.00137633
v 0.01264591 0.01137661 0.00127275
v 0.01260426 0.01146151 0.00117157
v 0.01255126 0.01154375 0.00107356
v 0.01248732 0.01162271 0.00097945
v 0.01269396 0.01121034 0.00148966
v 0.01255126 0.01144795 0.00100648
v 0.01255126 0.01139604 0.00097945
v 0.01255126 0.01134196 0.00095705
v 0.01255126 0.01128614 0.00093945
v 0.01255126 0.01122900 0.00092679
v 0.01255126 0.01117097 0.00091915
v 0.01255126 0.01111250 0.00091659
v 0.01267588 0.01130743 0.00139257
v 0.01264591 0.01140303 0.00129697
v 0.01260426 0.01149643 0.00120357
v 0.01255126 0.01158690 0.00111310
v 0.01248732 0.01167377 0.00102623
v 0.01241290 0.01175636 0.00094364
v 0.01269396 0.01121849 0.00149856
v 0.01248732 0.01156778 0.00093730
v 0.01248732 0.01150937 0.00090009
v 0.01248732 0.01144795 0.00086812
v 0.01248732 0.01138398 0.00084162
v 0.01248732 0.01131794 0.00082080
v 0.01248732 0.01125033 0.00080581
v 0.01248732 0.01118168 0.00079677
v 0.01248732 0.01111250 0.00079375
v 0.01267588 0.01132367 0.00141031
v 0.01264591 0.01142725 0.00132339
v 0.01260426 0.01152843 0.00123849
v 0.01255126 0.01162644 0.00115625
v 0.01248732 0.01172055 0.00107729
v 0.01241290 0.01181002 0.00100221
v 0.01232860 0.01189419 0.00093158
v 0.01269396 0.01122584 0.00150814
v 0.01241290 0.01169779 0.00088998
v 0.01241290 0.01163477 0.00084162
v 0.01241290 0.01156778 0.00079894
v 0.01241290 0.01149732 0.00076226
v 0.01241290 0.01142393 0.00073186
v 0.01241290 0.01134817 0.00070797
v 0.01241290 0.01127062 0.00069078
v 0.01241290 0.01119186 0.00068041
v 0.01241290 0.01111250 0.00067695
v 0.01267588 0.01133831 0.00142938
v 0.01264591 0.01144907 0.00135183
v 0.01260426 0.01155726 0.00127607
v 0.01255126 0.01166207 0.00120268
v 0.01248732 0.01176270 0.00113222
v 0.01241290 0.01185838 0.00106523
v 0.01232860 0.01194838 0.00100221
v 0.01223503 0.01203202 0.00094364
v 0.01269396 0.01123232 0.00151832
v 0.01232860 0.01183405 0.00086595
v 0.01232860 0.01176842 0.00080581
v 0.01232860 0.01169779 0.00075162
v 0.01232860 0.01162271 0.00070379
v 0.01232860 0.01154375 0.00066268
v 0.01232860 0.01146151 0.00062861
v 0.01232860 0.01137661 0.00060184
v 0.01232860 0.01128970 0.00058258
v 0.01232860 0.01120144 0.00057096
v 0.01232860 0.01111250 0.00056707
v 0.01267588 0.01135123 0.00144967
v 0.01264591 0.01146833 0.00138206
v 0.01260426 0.01158271 0.00131602
v 0.01255126 0.01169352 0.00125205
v 0.01248732 0.01179991 0.00119063
v 0.01241290 0.01190106 0.00113222
v 0.01232860 0.01199621 0.00107729
v 0.01223503 0.01208464 0.00102623
v 0.01213292 0.01216567 0.00097945
v 0.01269396 0.01123790 0.00152903
v 0.01223503 0.01197241 0.00086595
v 0.01223503 0.01190625 0.00079375
v 0.01223503 0.01183405 0.00072759
v 0.01223503 0.01175636 0.00066798
v 0.01223503 0.01167377 0.00061536
v 0.01223503 0.01158690 0.00057014
v 0.01223503 0.01149643 0.00053266
v 0.01223503 0.01140303 0.00050322
v 0.01223503 0.01130743 0.00048202
v 0.01223503 0.01121034 0.00046924
v 0.01223503 0.01111250 0.00046497
v 0.01267588 0.01136234 0.00147100
v 0.01264591 0.01148488 0.00141386
v 0.01260426 0.01160459 0.00135804
v 0.01255126 0.01172055 0.00130396
v 0.01248732 0.01183188 0.00125205
v 0.01241290 0.01193774 0.00120268
v 0.01232860 0.01203732 0.00115625
v 0.01223503 0.01212986 0.00111310
v 0.01213292 0.01221466 0.00107356
v 0.01202305 0.01229107 0.00103793
v 0.01269396 0.01124252 0.00154018
v 0.01213292 0.01210867 0.00088998
v 0.01213292 0.01204408 0.00080581
v 0.01213292 0.01197241 0.00072759
v 0.01213292 0.01189419 0.00065592
v 0.01213292 0.01181002 0.00059133
v 0.01213292 0.01172055 0.00053433
v 0.01213292 0.01162644 0.00048534
v 0.01213292 0.01152843 0.00044474
v 0.01213292 0.01142725 0.00041284
v 0.01213292 0.01132367 0.00038988
v 0.01213292 0.01121849 0.00037603
v 0.01213292 0.01111250 0.00037140
v 0.01267588 0.01137154 0.00149322
v 0.01264591 0.01149860 0.00144697
v 0.01260426 0.01162271 0.00140180
v 0.01255126 0.01174295 0.00135804
v 0.01248732 0.01185838 0.00131602
v 0.01241290 0.01196814 0.00127607
v 0.01232860 0.01207139 0.00123849
v 0.01223503 0.01216734 0.00120357
v 0.01213292 0.01225526 0.00117157
v 0.01202305 0.01233448 0.00114274
v 0.01190625 0.01240440 0.00111729
v 0.01269396 0.01124615 0.00155169
v 0.01202305 0.01223868 0.00093730
v 0.01202305 0.01217773 0.00084162
v 0.01202305 0.01210867 0.00075162
v 0.01202305 0.01203202 0.00066798
v 0.01202305 0.01194838 0.00059133
v 0.01202305 0.01185838 0.00052227
v 0.01202305 0.01176270 0.00046132
v 0.01202305 0.01166207 0.00040893
v 0.01202305 0.01155726 0.00036552
v 0.01202305 0.01144907 0.00033141
v 0.01202305 0.01133831 0.00030685
v 0.01202305 0.01122584 0.00029204
v 0.01202305 0.01111250 0.00028710
v 0.01267588 0.01137877 0.00151615
v 0.01264591 0.01150937 0.00148116
v 0.01260426 0.01163696 0.00144697
v 0.01255126 0.01176055 0.00141386
v 0.01248732 0.01187920 0.00138206
v 0.01241290 0.01199203 0.00135183
v 0.01232860 0.01209815 0.00132339
v 0.01223503 0.01219678 0.00129697
v 0.01213292 0.01228716 0.00127275
v 0.01202305 0.01236859 0.00125093
v 0.01190625 0.01244047 0.00123167
v 0.01178341 0.01250224 0.00121512
v 0.01269396 0.01124876 0.00156347
v 0.01190625 0.01235851 0.00100648
v 0.01190625 0.01230313 0.00090009
v 0.01190625 0.01223868 0.00079894
v 0.01190625 0.01216567 0.00070379
v 0.01190625 0.01208464 0.00061536
v 0.01190625 0.01199621 0.00053433
v 0.01190625 0.01190106 0.00046132
v 0.01190625 0.01179991 0.00039687
v 0.01190625 0.01169352 0.00034149
v 0.01190625 0.01158271 0.00029560
v 0.01190625 0.01146833 0.00025953
v 0.01190625 0.01135123 0.00023357
v 0.01190625 0.01123232 0.00021792
v 0.01190625 0.01111250 0.00021268
v 0.01267588 0.01138398 0.00153963
v 0.01264591 0.01151713 0.00151615
v 0.01260426 0.01164721 0.00149322
v 0.01255126 0.01177321 0.00147100
v 0.01248732 0.01189419 0.00144967
v 0.01241290 0.01200922 0.00142938
v 0.01232860 0.01211742 0.00141031
v 0.01223503 0.01221798 0.00139257
v 0.01213292 0.01231012 0.00137633
v 0.01202305 0.01239315 0.00136169
v 0.01190625 0.01246643 0.00134877
v 0.01178341 0.01252941 0.00133766
v 0.01165546 0.01258160 0.00132846
v 0.01269396 0.01125033 0.00157544
v 0.01178341 0.01246450 0.00109541
v 0.01178341 0.01241646 0.00097945
v 0.01178341 0.01235851 0.00086812
v 0.01178341 0.01229107 0.00076226
v 0.01178341 0.01221466 0.00066268
v 0.01178341 0.01212986 0.00057014
v 0.01178341 0.01203732 0.00048534
v 0.01178341 0.01193774 0.00040893
v 0.01178341 0.01183188 0.00034149
v 0.01178341 0.01172055 0.00028354
v 0.01178341 0.01160459 0.00023550
v 0.01178341 0.01148488 0.00019776
v 0.01178341 0.01136234 0.00017059
v 0.01178341 0.01123790 0.00015421
v 0.01178341 0.01111250 0.00014874
v 0.01267588 0.01138712 0.00156347
v 0.01264591 0.01152181 0.00155169
v 0.01260426 0.01165339 0.00154018
v 0.01255126 0.01178085 0.00152903
v 0.01248732 0.01190323 0.00151832
v 0.01241290 0.01201959 0.00150814
v 0.01232860 0.01212904 0.00149856
v 0.01223503 0.01223076 0.00148966
v 0.01213292 0.01232397 0.00148151
v 0.01202305 0.01240796 0.00147416
v 0.01190625 0.01248208 0.00146768
v 0.01178341 0.01254579 0.00146210
v 0.01165546 0.01259859 0.00145748
v 0.01152338 0.01264007 0.00145385
v 0.01269396 0.01125086 0.00158750
v 0.01165546 0.01255343 0.00120140
v 0.01165546 0.01251430 0.00107729
v 0.01165546 0.01246450 0.00095705
v 0.01165546 0.01240440 0.00084162
v 0.01165546 0.01233448 0.00073186
v 0.01165546 0.01225526 0.00062861
v 0.01165546 0.01216734 0.00053266
v 0.01165546 0.01207139 0.00044474
v 0.01165546 0.01196814 0.00036552
v 0.01165546 0.01185838 0.00029560
v 0.01165546 0.01174295 0.00023550
v 0.01165546 0.01162271 0.00018570
v 0.01165546 0.01149860 0.00014657
v 0.01165546 0.01137154 0.00011840
v 0.01165546 0.01124252 0.00010141
v 0.01165546 0.01111250 0.00009574
v 0.01267588 0.01138817 0.00158750
v 0.01264591 0.01152338 0.00158750
v 0.01260426 0.01165546 0.00158750
v 0.01255126 0.01178341 0.00158750
v 0.01248732 0.01190625 0.00158750
v 0.01241290 0.01202305 0.00158750
v 0.01232860 0.01213292 0.00158750
v 0.01223503 0.01223503 0.00158750
v 0.01213292 0.01232860 0.00158750
v 0.01202305 0.01241290 0.00158750
v 0.01190625 0.01248732 0.00158750
v 0.01178341 0.01255126 0.00158750
v 0.01165546 0.01260426 0.00158750
v 0.01152338 0.01264591 0.00158750
v 0.01138817 0.01267588 0.00158750
v 0.01152338 0.01262261 0.00132123
v 0.01152338 0.01259366 0.00119063
v 0.01152338 0.01255343 0.00106304
v 0.01152338 0.01250224 0.00093945
v 0.01152338 0.01244047 0.00082080
v 0.01152338 0.01236859 0.00070797
v 0.01152338 0.01228716 0.00060184
v 0.01152338 0.01219678 0.00050322
v 0.01152338 0.01209815 0.00041284
v 0.01152338 0.01199203 0.00033141
v 0.01152338 0.01187920 0.00025953
v 0.01152338 0.01176055 0.00019776
v 0.01152338 0.01163696 0.00014657
v 0.01152338 0.01150937 0.00010634
v 0.01152338 0.01137877 0.00007739
v 0.01152338 0.01124615 0.00005993
v 0.01152338 0.01111250 0.00005409
v 0.01138817 0.01266993 0.00145124
v 0.01138817 0.01265213 0.00131602
v 0.01138817 0.01262261 0.00118287
v 0.01138817 0.01258160 0.00105279
v 0.01138817 0.01252941 0.00092679
v 0.01138817 0.01246643 0.00080581
v 0.01138817 0.01239315 0.00069078
v 0.01138817 0.01231012 0.00058258
v 0.01138817 0.01221798 0.00048202
v 0.01138817 0.01211742 0.00038988
v 0.01138817 0.01200922 0.00030685
v 0.01138817 0.01189419 0.00023357
v 0.01138817 0.01177321 0.00017059
v 0.01138817 0.01164721 0.00011840
v 0.01138817 0.01151713 0.00007739
v 0.01138817 0.01138398 0.00004787
v 0.01138817 0.01124876 0.00003007
v 0.01138817 0.01111250 0.00002412
v 0.01125086 0.01266993 0.00131288
v 0.01125086 0.01264007 0.00117819
v 0.01125086 0.01259859 0.00104661
v 0.01125086 0.01254579 0.00091915
v 0.01125086 0.01248208 0.00079677
v 0.01125086 0.01240796 0.00068041
v 0.01125086 0.01232397 0.00057096
v 0.01125086 0.01223076 0.00046924
v 0.01125086 0.01212904 0.00037603
v 0.01125086 0.01201959 0.00029204
v 0.01125086 0.01190323 0.00021792
v 0.01125086 0.01178085 0.00015421
v 0.01125086 0.01165339 0.00010141
v 0.01125086 0.01152181 0.00005993
v 0.01125086 0.01138712 0.00003007
v 0.01125086 0.01125033 0.00001206
v 0.01125086 0.01111250 0.00000604
v 0.01111250 0.01269396 0.00144914
v 0.01111250 0.01267588 0.00131183
v 0.01111250 0.01264591 0.00117662
v 0.01111250 0.01260426 0.00104454
v 0.01111250 0.01255126 0.00091659
v 0.01111250 0.01248732 0.00079375
v 0.01111250 0.01241290 0.00067695
v 0.01111250 0.01232860 0.00056707
v 0.01111250 0.01223503 0.00046497
v 0.01111250 0.01213292 0.00037140
v 0.01111250 0.01202305 0.00028710
v 0.01111250 0.01190625 0.00021268
v 0.01111250 0.01178341 0.00014874
v 0.01111250 0.01165546 0.00009574
v 0.01111250 0.01152338 0.00005409
v 0.01111250 0.01138817 0.00002412
v 0.01111250 0.01125086 0.00000604
v 0.01111250 0.01111250 0.00000000
v -0.01111250 0.01111250 0.00000000
v -0.01125086 0.01111250 0.00000604
v -0.01125086 0.01125033 0.00001206
v -0.01267588 0.01137154 0.00149322
v -0.01269396 0.01124252 0.00154018
v -0.01269396 0.01124615 0.00155169
v -0.01270000 0.01111250 0.00158750
v -0.01269396 0.01125086 0.00158750
v -0.01269396 0.01125033 0.00157544
v -0.01269396 0.01123790 0.00152903
v -0.01267588 0.01136234 0.00147100
v -0.01264591 0.01148488 0.00141386
v -0.01269396 0.01123232 0.00151832
v -0.01267588 0.01137877 0.00151615
v -0.01269396 0.01124876 0.00156347
v -0.01267588 0.01138398 0.00153963
v -0.01267588 0.01138712 0.00156347
v -0.01267588 0.01138817 0.00158750
v -0.01267588 0.01135123 0.00144967
v -0.01264591 0.01146833 0.00138206
v -0.01260426 0.01158271 0.00131602
v -0.01269396 0.01122584 0.00150814
v -0.01264591 0.01149860 0.00144697
v -0.01264591 0.01150937 0.00148116
v -0.01264591 0.01151713 0.00151615
v -0.01264591 0.01152181 0.00155169
v -0.01264591 0.01152338 0.00158750
v -0.01267588 0.01133831 0.00142938
v -0.01264591 0.01144907 0.00135183
v -0.01260426 0.01155726 0.00127607
v -0.01255126 0.01166207 0.00120268
v -0.01269396 0.01121849 0.00149856
v -0.01260426 0.01160459 0.00135804
v -0.01260426 0.01162271 0.00140180
v -0.01260426 0.01163696 0.00144697
v -0.01260426 0.01164721 0.00149322
v -0.01260426 0.01165339 0.00154018
v -0.01260426 0.01165546 0.00158750
v -0.01267588 0.01132367 0.00141031
v -0.01264591 0.01142725 0.00132339
v -0.01260426 0.01152843 0.00123849
v -0.01255126 0.01162644 0.00115625
v -0.01248732 0.01172055 0.00107729
v -0.01269396 0.01121034 0.00148966
v -0.01255126 0.01169352 0.00125205
v -0.01255126 0.01172055 0.00130396
v -0.01255126 0.01174295 0.00135804
v -0.01255126 0.01176055 0.00141386
v -0.01255126 0.01177321 0.00147100
v -0.01255126 0.01178085 0.00152903
v -0.01255126 0.01178341 0.00158750
v -0.01267588 0.01130743 0.00139257
v -0.01264591 0.01140303 0.00129697
v -0.01260426 0.01149643 0.00120357
v -0.01255126 0.01158690 0.00111310
v -0.01248732 0.01167377 0.00102623
v -0.01241290 0.01175636 0.00094364
v -0.01269396 0.01120144 0.00148151
v -0.01248732 0.01176270 0.00113222
v -0.01248732 0.01179991 0.00119063
v -0.01248732 0.01183188 0.00125205
v -0.01248732 0.01185838 0.00131602
v -0.01248732 0.01187920 0.00138206
v -0.01248732 0.01189419 0.00144967
v -0.01248732 0.01190323 0.00151832
v -0.01248732 0.01190625 0.00158750
v -0.01267588 0.01128970 0.00137633
v -0.01264591 0.01137661 0.00127275
v -0.01260426 0.01146151 0.00117157
v -0.01255126 0.01154375 0.00107356
v -0.01248732 0.01162271 0.00097945
v -0.01241290 0.01169779 0.00088998
v -0.01232860 0.01176842 0.00080581
v -0.01269396 0.01119186 0.00147416
v -0.01241290 0.01181002 0.00100221
v -0.01241290 0.01185838 0.00106523
v -0.01241290 0.01190106 0.00113222
v -0.01241290 0.01193774 0.00120268
v -0.01241290 0.01196814 0.00127607
v -0.01241290 0.01199203 0.00135183
v -0.01241290 0.01200922 0.00142938
v -0.01241290 0.01201959 0.00150814
v -0.01241290 0.01202305 0.00158750
v -0.01267588 0.01127062 0.00136169
v -0.01264591 0.01134817 0.00125093
v -0.01260426 0.01142393 0.00114274
v -0.01255126 0.01149732 0.00103793
v -0.01248732 0.01156778 0.00093730
v -0.01241290 0.01163477 0.00084162
v -0.01232860 0.01169779 0.00075162
v -0.01223503 0.01175636 0.00066798
v -0.01269396 0.01118168 0.00146768
v -0.01232860 0.01183405 0.00086595
v -0.01232860 0.01189419 0.00093158
v -0.01232860 0.01194838 0.00100221
v -0.01232860 0.01199621 0.00107729
v -0.01232860 0.01203732 0.00115625
v -0.01232860 0.01207139 0.00123849
v -0.01232860 0.01209815 0.00132339
v -0.01232860 0.01211742 0.00141031
v -0.01232860 0.01212904 0.00149856
v -0.01232860 0.01213292 0.00158750
v -0.01267588 0.01125033 0.00134877
v -0.01264591 0.01131794 0.00123167
v -0.01260426 0.01138398 0.00111729
v -0.01255126 0.01144795 0.00100648
v -0.01248732 0.01150937 0.00090009
v -0.01241290 0.01156778 0.00079894
v -0.01232860 0.01162271 0.00070379
v -0.01223503 0.01167377 0.00061536
v -0.01213292 0.01172055 0.00053433
v -0.01269396 0.01117097 0.00146210
v -0.01223503 0.01183405 0.00072759
v -0.01223503 0.01190625 0.00079375
v -0.01223503 0.01197241 0.00086595
v -0.01223503 0.01203202 0.00094364
v -0.01223503 0.01208464 0.00102623
v -0.01223503 0.01212986 0.00111310
v -0.01223503 0.01216734 0.00120357
v -0.01223503 0.01219678 0.00129697
v -0.01223503 0.01221798 0.00139257
v -0.01223503 0.01223076 0.00148966
v -0.01223503 0.01223503 0.00158750
v -0.01267588 0.01122900 0.00133766
v -0.01264591 0.01128614 0.00121512
v -0.01260426 0.01134196 0.00109541
v -0.01255126 0.01139604 0.00097945
v -0.01248732 0.01144795 0.00086812
v -0.01241290 0.01149732 0.00076226
v -0.01232860 0.01154375 0.00066268
v -0.01223503 0.01158690 0.00057014
v -0.01213292 0.01162644 0.00048534
v -0.01202305 0.01166207 0.00040893
v -0.01269396 0.01115982 0.00145748
v -0.01213292 0.01181002 0.00059133
v -0.01213292 0.01189419 0.00065592
v -0.01213292 0.01197241 0.00072759
v -0.01213292 0.01204408 0.00080581
v -0.01213292 0.01210867 0.00088998
v -0.01213292 0.01216567 0.00097945
v -0.01213292 0.01221466 0.00107356
v -0.01213292 0.01225526 0.00117157
v -0.01213292 0.01228716 0.00127275
v -0.01213292 0.01231012 0.00137633
v -0.01213292 0.01232397 0.00148151
v -0.01213292 0.01232860 0.00158750
v -0.01267588 0.01120678 0.00132846
v -0.01264591 0.01125303 0.00120140
v -0.01260426 0.01129820 0.00107729
v -0.01255126 0.01134196 0.00095705
v -0.01248732 0.01138398 0.00084162
v -0.01241290 0.01142393 0.00073186
v -0.01232860 0.01146151 0.00062861
v -0.01223503 0.01149643 0.00053266
v -0.01213292 0.01152843 0.00044474
v -0.01202305 0.01155726 0.00036552
v -0.01190625 0.01158271 0.00029560
v -0.01269396 0.01114831 0.00145385
v -0.01202305 0.01176270 0.00046132
v -0.01202305 0.01185838 0.00052227
v -0.01202305 0.01194838 0.00059133
v -0.01202305 0.01203202 0.00066798
v -0.01202305 0.01210867 0.00075162
v -0.01202305 0.01217773 0.00084162
v -0.01202305 0.01223868 0.00093730
v -0.01202305 0.01229107 0.00103793
v -0.01202305 0.01233448 0.00114274
v -0.01202305 0.01236859 0.00125093
v -0.01202305 0.01239315 0.00136169
v -0.01202305 0.01240796 0.00147416
v -0.01202305 0.01241290 0.00158750
v -0.01267588 0.01118385 0.00132123
v -0.01264591 0.01121884 0.00119063
v -0.01260426 0.01125303 0.00106304
v -0.01255126 0.01128614 0.00093945
v -0.01248732 0.01131794 0.00082080
v -0.01241290 0.01134817 0.00070797
v -0.01232860 0.01137661 0.00060184
v -0.01223503 0.01140303 0.00050322
v -0.01213292 0.01142725 0.00041284
v -0.01202305 0.01144907 0.00033141
v -0.01190625 0.01146833 0.00025953
v -0.01178341 0.01148488 0.00019776
v -0.01269396 0.01113653 0.00145124
v -0.01190625 0.01169352 0.00034149
v -0.01190625 0.01179991 0.00039687
v -0.01190625 0.01190106 0.00046132
v -0.01190625 0.01199621 0.00053433
v -0.01190625 0.01208464 0.00061536
v -0.01190625 0.01216567 0.00070379
v -0.01190625 0.01223868 0.00079894
v -0.01190625 0.01230313 0.00090009
v -0.01190625 0.01235851 0.00100648
v -0.01190625 0.01240440 0.00111729
v -0.01190625 0.01244047 0.00123167
v -0.01190625 0.01246643 0.00134877
v -0.01190625 0.01248208 0.00146768
v -0.01190625 0.01248732 0.00158750
v -0.01267588 0.01116037 0.00131602
v -0.01264591 0.01118385 0.00118287
v -0.01260426 0.01120678 0.00105279
v -0.01255126 0.01122900 0.00092679
v -0.01248732 0.01125033 0.00080581
v -0.01241290 0.01127062 0.00069078
v -0.01232860 0.01128970 0.00058258
v -0.01223503 0.01130743 0.00048202
v -0.01213292 0.01132367 0.00038988
v -0.01202305 0.01133831 0.00030685
v -0.01190625 0.01135123 0.00023357
v -0.01178341 0.01136234 0.00017059
v -0.01165546 0.01137154 0.00011840
v -0.01269396 0.01112456 0.00144967
v -0.01178341 0.01160459 0.00023550
v -0.01178341 0.01172055 0.00028354
v -0.01178341 0.01183188 0.00034149
v -0.01178341 0.01193774 0.00040893
v -0.01178341 0.01203732 0.00048534
v -0.01178341 0.01212986 0.00057014
v -0.01178341 0.01221466 0.00066268
v -0.01178341 0.01229107 0.00076226
v -0.01178341 0.01235851 0.00086812
v -0.01178341 0.01241646 0.00097945
v -0.01178341 0.01246450 0.00109541
v -0.01178341 0.01250224 0.00121512
v -0.01178341 0.01252941 0.00133766
v -0.01178341 0.01254579 0.00146210
v -0.01178341 0.01255126 0.00158750
v -0.01267588 0.01113653 0.00131288
v -0.01264591 0.01114831 0.00117819
v -0.01260426 0.01115982 0.00104661
v -0.01255126 0.01117097 0.00091915
v -0.01248732 0.01118168 0.00079677
v -0.01241290 0.01119186 0.00068041
v -0.01232860 0.01120144 0.00057096
v -0.01223503 0.01121034 0.00046924
v -0.01213292 0.01121849 0.00037603
v -0.01202305 0.01122584 0.00029204
v -0.01190625 0.01123232 0.00021792
v -0.01178341 0.01123790 0.00015421
v -0.01165546 0.01124252 0.00010141
v -0.01152338 0.01124615 0.00005993
v -0.01269396 0.01111250 0.00144914
v -0.01165546 0.01149860 0.00014657
v -0.01165546 0.01162271 0.00018570
v -0.01165546 0.01174295 0.00023550
v -0.01165546 0.01185838 0.00029560
v -0.01165546 0.01196814 0.00036552
v -0.01165546 0.01207139 0.00044474
v -0.01165546 0.01216734 0.00053266
v -0.01165546 0.01225526 0.00062861
v -0.01165546 0.01233448 0.00073186
v -0.01165546 0.01240440 0.00084162
v -0.01165546 0.01246450 0.00095705
v -0.01165546 0.01251430 0.00107729
v -0.01165546 0.01255343 0.00120140
v -0.01165546 0.01258160 0.00132846
v -0.01165546 0.01259859 0.00145748
v -0.01165546 0.01260426 0.00158750
v -0.01267588 0.01111250 0.00131183
v -0.01264591 0.01111250 0.00117662
v -0.01260426 0.01111250 0.00104454
v -0.01255126 0.01111250 0.00091659
v -0.01248732 0.01111250 0.00079375
v -0.01241290 0.01111250 0.00067695
v -0.01232860 0.01111250 0.00056707
v -0.01223503 0.01111250 0.00046497
v -0.01213292 0.01111250 0.00037140
v -0.01202305 0.01111250 0.00028710
v -0.01190625 0.01111250 0.00021268
v -0.01178341 0.01111250 0.00014874
v -0.01165546 0.01111250 0.00009574
v -0.01152338 0.01111250 0.00005409
v -0.01138817 0.01111250 0.00002412
v -0.01152338 0.01137877 0.00007739
v -0.01152338 0.01150937 0.00010634
v -0.01152338 0.01163696 0.00014657
v -0.01152338 0.01176055 0.00019776
v -0.01152338 0.01187920 0.00025953
v -0.01152338 0.01199203 0.00033141
v -0.01152338 0.01209815 0.00041284
v -0.01152338 0.01219678 0.00050322
v -0.01152338 0.01228716 0.00060184
v -0.01152338 0.01236859 0.00070797
v -0.01152338 0.01244047 0.00082080
v -0.01152338 0.01250224 0.00093945
v -0.01152338 0.01255343 0.00106304
v -0.01152338 0.01259366 0.00119063
v -0.01152338 0.01262261 0.00132123
v -0.01152338 0.01264007 0.00145385
v -0.01152338 0.01264591 0.00158750
v -0.01138817 0.01124876 0.00003007
v -0.01138817 0.01138398 0.00004787
v -0.01138817 0.01151713 0.00007739
v -0.01138817 0.01164721 0.00011840
v -0.01138817 0.01177321 0.00017059
v -0.01138817 0.01189419 0.00023357
v -0.01138817 0.01200922 0.00030685
v -0.01138817 0.01211742 0.00038988
v -0.01138817 0.01221798 0.00048202
v -0.01138817 0.01231012 0.00058258
v -0.01138817 0.01239315 0.00069078
v -0.01138817 0.01246643 0.00080581
v -0.01138817 0.01252941 0.00092679
v -0.01138817 0.01258160 0.00105279
v -0.01138817 0.01262261 0.00118287
v -0.01138817 0.01265213 0.00131602
v -0.01138817 0.01266993 0.00145124
v -0.01138817 0.01267588 0.00158750
v -0.01125086 0.01138712 0.00003007
v -0.01125086 0.01152181 0.00005993
v -0.01125086 0.01165339 0.00010141
v -0.01125086 0.01178085 0.00015421
v -0.01125086 0.01190323 0.00021792
v -0.01125086 0.01201959 0.00029204
v -0.01125086 0.01212904 0.00037603
v -0.01125086 0.01223076 0.00046924
v -0.01125086 0.01232397 0.00057096
v -0.01125086 0.01240796 0.00068041
v -0.01125086 0.01248208 0.00079677
v -0.01125086 0.01254579 0.00091915
v -0.01125086 0.01259859 0.00104661
v -0.01125086 0.01264007 0.00117819
v -0.01125086 0.01266993 0.00131288
v -0.01125086 0.01268794 0.00144967
v -0.01125086 0.01269396 0.00158750
v -0.01111250 0.01125086 0.00000604
v -0.01111250 0.01138817 0.00002412
v -0.01111250 0.01152338 0.00005409
v -0.01111250 0.01165546 0.00009574
v -0.01111250 0.01178341 0.00014874
v -0.01111250 0.01190625 0.00021268
v -0.01111250 0.01202305 0.00028710
v -0.01111250 0.01213292 0.00037140
v -0.01111250 0.01223503 0.00046497
v -0.01111250 0.01232860 0.00056707
v -0.01111250 0.01241290 0.00067695
v -0.01111250 0.01248732 0.00079375
v -0.01111250 0.01255126 0.00091659
v -0.01111250 0.01260426 0.00104454
v -0.01111250 0.01264591 0.00117662
v -0.01111250 0.01267588 0.00131183
v -0.01111250 0.01269396 0.00144914
v -0.01111250 0.01270000 0.00158750
v 0.01270000 0.01111250 0.02381250
v 0.01269396 0.01125086 0.02381250
v 0.01267588 0.01138817 0.02381250
v 0.01264591 0.01152338 0.02381250
v 0.01260426 0.01165546 0.02381250
v 0.01255126 0.01178341 0.02381250
v 0.01248732 0.01190625 0.02381250
v 0.01241290 0.01202305 0.02381250
v 0.01232860 0.01213292 0.02381250
v 0.01223503 0.01223503 0.02381250
v 0.01213292 0.01232860 0.02381250
v 0.01202305 0.01241290 0.02381250
v 0.01190625 0.01248732 0.02381250
v 0.01178341 0.01255126 0.02381250
v 0.01165546 0.01260426 0.02381250
v 0.01152338 0.01264591 0.02381250
v 0.01138817 0.01267588 0.02381250
v 0.01125086 0.01269396 0.02381250
v 0.01111250 0.01270000 0.02381250
v -0.01270000 0.01111250 0.02381250
v -0.01269396 0.01125086 0.02381250
v -0.01267588 0.01138817 0.02381250
v -0.01264591 0.01152338 0.02381250
v -0.01260426 0.01165546 0.02381250
v -0.01255126 0.01178341 0.02381250
v -0.01248732 0.01190625 0.02381250
v -0.01241290 0.01202305 0.02381250
v -0.01232860 0.01213292 0.02381250
v -0.01223503 0.01223503 0.02381250
v -0.01213292 0.01232860 0.02381250
v -0.01202305 0.01241290 0.02381250
v -0.01190625 0.01248732 0.02381250
v -0.01178341 0.01255126 0.02381250
v -0.01165546 0.01260426 0.02381250
v -0.01152338 0.01264591 0.02381250
v -0.01138817 0.01267588 0.02381250
v -0.01125086 0.01269396 0.02381250
v -0.01111250 0.01270000 0.02381250
v 0.01111250 0.01269396 0.02395086
v 0.01125033 0.01268794 0.02395086
v 0.01137154 0.01120678 0.02537588
v 0.01124252 0.01115982 0.02539396
v 0.01124615 0.01114831 0.02539396
v 0.01111250 0.01111250 0.02540000
v 0.01125086 0.01111250 0.02539396
v 0.01125033 0.01112456 0.02539396
v 0.01123790 0.01117097 0.02539396
v 0.01136234 0.01122900 0.02537588
v 0.01148488 0.01128614 0.02534591
v 0.01123232 0.01118168 0.02539396
v 0.01137877 0.01118385 0.02537588
v 0.01124876 0.01113653 0.02539396
v 0.01138398 0.01116037 0.02537588
v 0.01138712 0.01113653 0.02537588
v 0.01138817 0.01111250 0.02537588
v 0.01135123 0.01125033 0.02537588
v 0.01146833 0.01131794 0.02534591
v 0.01158271 0.01138398 0.02530426
v 0.01122584 0.01119186 0.02539396
v 0.01149860 0.01125303 0.02534591
v 0.01150937 0.01121884 0.02534591
v 0.01151713 0.01118385 0.02534591
v 0.01152181 0.01114831 0.02534591
v 0.01152338 0.01111250 0.02534591
v 0.01133831 0.01127062 0.02537588
v 0.01144907 0.01134817 0.02534591
v 0.01155726 0.01142393 0.02530426
v 0.01166207 0.01149732 0.02525126
v 0.01121849 0.01120144 0.02539396
v 0.01160459 0.01134196 0.02530426
v 0.01162271 0.01129820 0.02530426
v 0.01163696 0.01125303 0.02530426
v 0.01164721 0.01120678 0.02530426
v 0.01165339 0.01115982 0.02530426
v 0.01165546 0.01111250 0.02530426
v 0.01132367 0.01128970 0.02537588
v 0.01142725 0.01137661 0.02534591
v 0.01152843 0.01146151 0.02530426
v 0.01162644 0.01154375 0.02525126
v 0.01172055 0.01162271 0.02518732
v 0.01121034 0.01121034 0.02539396
v 0.01169352 0.01144795 0.02525126
v 0.01172055 0.01139604 0.02525126
v 0.01174295 0.01134196 0.02525126
v 0.01176055 0.01128614 0.02525126
v 0.01177321 0.01122900 0.02525126
v 0.01178085 0.01117097 0.02525126
v 0.01178341 0.01111250 0.02525126
v 0.01130743 0.01130743 0.02537588
v 0.01140303 0.01140303 0.02534591
v 0.01149643 0.01149643 0.02530426
v 0.01158690 0.01158690 0.02525126
v 0.01167377 0.01167377 0.02518732
v 0.01175636 0.01175636 0.02511290
v 0.01120144 0.01121849 0.02539396
v 0.01176270 0.01156778 0.02518732
v 0.01179991 0.01150937 0.02518732
v 0.01183188 0.01144795 0.02518732
v 0.01185838 0.01138398 0.02518732
v 0.01187920 0.01131794 0.02518732
v 0.01189419 0.01125033 0.02518732
v 0.01190323 0.01118168 0.02518732
v 0.01190625 0.01111250 0.02518732
v 0.01128970 0.01132367 0.02537588
v 0.01137661 0.01142725 0.02534591
v 0.01146151 0.01152843 0.02530426
v 0.01154375 0.01162644 0.02525126
v 0.01162271 0.01172055 0.02518732
v 0.01169779 0.01181002 0.02511290
v 0.01176842 0.01189419 0.02502860
v 0.01119186 0.01122584 0.02539396
v 0.01181002 0.01169779 0.02511290
v 0.01185838 0.01163477 0.02511290
v 0.01190106 0.01156778 0.02511290
v 0.01193774 0.01149732 0.02511290
v 0.01196814 0.01142393 0.02511290
v 0.01199203 0.01134817 0.02511290
v 0.01200922 0.01127062 0.02511290
v 0.01201959 0.01119186 0.02511290
v 0.01202305 0.01111250 0.02511290
v 0.01127062 0.01133831 0.02537588
v 0.01134817 0.01144907 0.02534591
v 0.01142393 0.01155726 0.02530426
v 0.01149732 0.01166207 0.02525126
v 0.01156778 0.01176270 0.02518732
v 0.01163477 0.01185838 0.02511290
v 0.01169779 0.01194838 0.02502860
v 0.01175636 0.01203202 0.02493503
v 0.01118168 0.01123232 0.02539396
v 0.01183405 0.01183405 0.02502860
v 0.01189419 0.01176842 0.02502860
v 0.01194838 0.01169779 0.02502860
v 0.01199621 0.01162271 0.02502860
v 0.01203732 0.01154375 0.02502860
v 0.01207139 0.01146151 0.02502860
v 0.01209815 0.01137661 0.02502860
v 0.01211742 0.01128970 0.02502860
v 0.01212904 0.01120144 0.02502860
v 0.01213292 0.01111250 0.02502860
v 0.01125033 0.01135123 0.02537588
v 0.01131794 0.01146833 0.02534591
v 0.01138398 0.01158271 0.02530426
v 0.01144795 0.01169352 0.02525126
v 0.01150937 0.01179991 0.02518732
v 0.01156778 0.01190106 0.02511290
v 0.01162271 0.01199621 0.02502860
v 0.01167377 0.01208464 0.02493503
v 0.01172055 0.01216567 0.02483292
v 0.01117097 0.01123790 0.02539396
v 0.01183405 0.01197241 0.02493503
v 0.01190625 0.01190625 0.02493503
v 0.01197241 0.01183405 0.02493503
v 0.01203202 0.01175636 0.02493503
v 0.01208464 0.01167377 0.02493503
v 0.01212986 0.01158690 0.02493503
v 0.01216734 0.01149643 0.02493503
v 0.01219678 0.01140303 0.02493503
v 0.01221798 0.01130743 0.02493503
v 0.01223076 0.01121034 0.02493503
v 0.01223503 0.01111250 0.02493503
v 0.01122900 0.01136234 0.02537588
v 0.01128614 0.01148488 0.02534591
v 0.01134196 0.01160459 0.02530426
v 0.01139604 0.01172055 0.02525126
v 0.01144795 0.01183188 0.02518732
v 0.01149732 0.01193774 0.02511290
v 0.01154375 0.01203732 0.02502860
v 0.01158690 0.01212986 0.02493503
v 0.01162644 0.01221466 0.02483292
v 0.01166207 0.01229107 0.02472305
v 0.01115982 0.01124252 0.02539396
v 0.01181002 0.01210867 0.02483292
v 0.01189419 0.01204408 0.02483292
v 0.01197241 0.01197241 0.02483292
v 0.01204408 0.01189419 0.02483292
v 0.01210867 0.01181002 0.02483292
v 0.01216567 0.01172055 0.02483292
v 0.01221466 0.01162644 0.02483292
v 0.01225526 0.01152843 0.02483292
v 0.01228716 0.01142725 0.02483292
v 0.01231012 0.01132367 0.02483292
v 0.01232397 0.01121849 0.02483292
v 0.01232860 0.01111250 0.02483292
v 0.01120678 0.01137154 0.02537588
v 0.01125303 0.01149860 0.02534591
v 0.01129820 0.01162271 0.02530426
v 0.01134196 0.01174295 0.02525126
v 0.01138398 0.01185838 0.02518732
v 0.01142393 0.01196814 0.02511290
v 0.01146151 0.01207139 0.02502860
v 0.01149643 0.01216734 0.02493503
v 0.01152843 0.01225526 0.02483292
v 0.01155726 0.01233448 0.02472305
v 0.01158271 0.01240440 0.02460625
v 0.01114831 0.01124615 0.02539396
v 0.01176270 0.01223868 0.02472305
v 0.01185838 0.01217773 0.02472305
v 0.01194838 0.01210867 0.02472305
v 0.01203202 0.01203202 0.02472305
v 0.01210867 0.01194838 0.02472305
v 0.01217773 0.01185838 0.02472305
v 0.01223868 0.01176270 0.02472305
v 0.01229107 0.01166207 0.02472305
v 0.01233448 0.01155726 0.02472305
v 0.01236859 0.01144907 0.02472305
v 0.01239315 0.01133831 0.02472305
v 0.01240796 0.01122584 0.02472305
v 0.01241290 0.01111250 0.02472305
v 0.01118385 0.01137877 0.02537588
v 0.01121884 0.01150937 0.02534591
v 0.01125303 0.01163696 0.02530426
v 0.01128614 0.01176055 0.02525126
v 0.01131794 0.01187920 0.02518732
v 0.01134817 0.01199203 0.02511290
v 0.01137661 0.01209815 0.02502860
v 0.01140303 0.01219678 0.02493503
v 0.01142725 0.01228716 0.02483292
v 0.01144907 0.01236859 0.02472305
v 0.01146833 0.01244047 0.02460625
v 0.01148488 0.01250224 0.02448341
v 0.01113653 0.01124876 0.02539396
v 0.01169352 0.01235851 0.02460625
v 0.01179991 0.01230313 0.02460625
v 0.01190106 0.01223868 0.02460625
v 0.01199621 0.01216567 0.02460625
v 0.01208464 0.01208464 0.02460625
v 0.01216567 0.01199621 0.02460625
v 0.01223868 0.01190106 0.02460625
v 0.01230313 0.01179991 0.02460625
v 0.01235851 0.01169352 0.02460625
v 0.01240440 0.01158271 0.02460625
v 0.01244047 0.01146833 0.02460625
v 0.01246643 0.01135123 0.02460625
v 0.01248208 0.01123232 0.02460625
v 0.01248732 0.01111250 0.02460625
v 0.01116037 0.01138398 0.02537588
v 0.01118385 0.01151713 0.02534591
v 0.01120678 0.01164721 0.02530426
v 0.01122900 0.01177321 0.02525126
v 0.01125033 0.01189419 0.02518732
v 0.01127062 0.01200922 0.02511290
v 0.01128970 0.01211742 0.02502860
v 0.01130743 0.01221798 0.02493503
v 0.01132367 0.01231012 0.02483292
v 0.01133831 0.01239315 0.02472305
v 0.01135123 0.01246643 0.02460625
v 0.01136234 0.01252941 0.02448341
v 0.01137154 0.01258160 0.02435546
v 0.01112456 0.01125033 0.02539396
v 0.01160459 0.01246450 0.02448341
v 0.01172055 0.01241646 0.02448341
v 0.01183188 0.01235851 0.02448341
v 0.01193774 0.01229107 0.02448341
v 0.01203732 0.01221466 0.02448341
v 0.01212986 0.01212986 0.02448341
v 0.01221466 0.01203732 0.02448341
v 0.01229107 0.01193774 0.02448341
v 0.01235851 0.01183188 0.02448341
v 0.01241646 0.01172055 0.02448341
v 0.01246450 0.01160459 0.02448341
v 0.01250224 0.01148488 0.02448341
v 0.01252941 0.01136234 0.02448341
v 0.01254579 0.01123790 0.02448341
v 0.01255126 0.01111250 0.02448341
v 0.01113653 0.01138712 0.02537588
v 0.01114831 0.01152181 0.02534591
v 0.01115982 0.01165339 0.02530426
v 0.01117097 0.01178085 0.02525126
v 0.01118168 0.01190323 0.02518732
v 0.01119186 0.01201959 0.02511290
v 0.01120144 0.01212904 0.02502860
v 0.01121034 0.01223076 0.02493503
v 0.01121849 0.01232397 0.02483292
v 0.01122584 0.01240796 0.02472305
v 0.01123232 0.01248208 0.02460625
v 0.01123790 0.01254579 0.02448341
v 0.01124252 0.01259859 0.02435546
v 0.01124615 0.01264007 0.02422338
v 0.01111250 0.01125086 0.02539396
v 0.01149860 0.01255343 0.02435546
v 0.01162271 0.01251430 0.02435546
v 0.01174295 0.01246450 0.02435546
v 0.01185838 0.01240440 0.02435546
v 0.01196814 0.01233448 0.02435546
v 0.01207139 0.01225526 0.02435546
v 0.01216734 0.01216734 0.02435546
v 0.01225526 0.01207139 0.02435546
v 0.01233448 0.01196814 0.02435546
v 0.01240440 0.01185838 0.02435546
v 0.01246450 0.01174295 0.02435546
v 0.01251430 0.01162271 0.02435546
v 0.01255343 0.01149860 0.02435546
v 0.01258160 0.01137154 0.02435546
v 0.01259859 0.01124252 0.02435546
v 0.01260426 0.01111250 0.02435546
v 0.01111250 0.01138817 0.02537588
v 0.01111250 0.01152338 0.02534591
v 0.01111250 0.01165546 0.02530426
v 0.01111250 0.01178341 0.02525126
v 0.01111250 0.01190625 0.02518732
v 0.01111250 0.01202305 0.02511290
v 0.01111250 0.01213292 0.02502860
v 0.01111250 0.01223503 0.02493503
v 0.01111250 0.01232860 0.02483292
v 0.01111250 0.01241290 0.02472305
v 0.01111250 0.01248732 0.02460625
v 0.01111250 0.01255126 0.02448341
v 0.01111250 0.01260426 0.02435546
v 0.01111250 0.01264591 0.02422338
v 0.01111250 0.01267588 0.02408817
v 0.01137877 0.01262261 0.02422338
v 0.01150937 0.01259366 0.02422338
v 0.01163696 0.01255343 0.02422338
v 0.01176055 0.01250224 0.02422338
v 0.01187920 0.01244047 0.02422338
v 0.01199203 0.01236859 0.02422338
v 0.01209815 0.01228716 0.02422338
v 0.01219678 0.01219678 0.02422338
v 0.01228716 0.01209815 0.02422338
v 0.01236859 0.01199203 0.02422338
v 0.01244047 0.01187920 0.02422338
v 0.01250224 0.01176055 0.02422338
v 0.01255343 0.01163696 0.02422338
v 0.01259366 0.01150937 0.02422338
v 0.01262261 0.01137877 0.02422338
v 0.01264007 0.01124615 0.02422338
v 0.01264591 0.01111250 0.02422338
v 0.01124876 0.01266993 0.02408817
v 0.01138398 0.01265213 0.02408817
v 0.01151713 0.01262261 0.02408817
v 0.01164721 0.01258160 0.02408817
v 0.01177321 0.01252941 0.02408817
v 0.01189419 0.01246643 0.02408817
v 0.01200922 0.01239315 0.02408817
v 0.01211742 0.01231012 0.02408817
v 0.01221798 0.01221798 0.02408817
v 0.01231012 0.01211742 0.02408817
v 0.01239315 0.01200922 0.02408817
v 0.01246643 0.01189419 0.02408817
v 0.01252941 0.01177321 0.02408817
v 0.01258160 0.01164721 0.02408817
v 0.01262261 0.01151713 0.02408817
v 0.01265213 0.01138398 0.02408817
v 0.01266993 0.01124876 0.02408817
v 0.01267588 0.01111250 0.02408817
v 0.01138712 0.01266993 0.02395086
v 0.01152181 0.01264007 0.02395086
v 0.01165339 0.01259859 0.02395086
v 0.01178085 0.01254579 0.02395086
v 0.01190323 0.01248208 0.02395086
v 0.01201959 0.01240796 0.02395086
v 0.01212904 0.01232397 0.02395086
v 0.01223076 0.01223076 0.02395086
v 0.01232397 0.01212904 0.02395086
v 0.01240796 0.01201959 0.02395086
v 0.01248208 0.01190323 0.02395086
v 0.01254579 0.01178085 0.02395086
v 0.01259859 0.01165339 0.02395086
v 0.01264007 0.01152181 0.02395086
v 0.01266993 0.01138712 0.02395086
v 0.01268794 0.01125033 0.02395086
v 0.01269396 0.01111250 0.02395086
v 0.01428750 -0.01428750 0.00000000
v 0.01401078 -0.01427542 -0.00000000
v 0.01428750 -0.01414914 0.00000604
v 0.01402284 -0.01413758 0.00000604
v 0.01428750 -0.01401183 0.00002412
v 0.01403481 -0.01400080 0.00002412
v 0.01428750 -0.01387662 0.00005409
v 0.01404659 -0.01386611 0.00005409
v 0.01428750 -0.01374454 0.00009574
v 0.01405810 -0.01373453 0.00009574
v 0.01428750 -0.01361659 0.00014874
v 0.01406925 -0.01360706 0.00014874
v 0.01428750 -0.01349375 0.00021268
v 0.01407996 -0.01348469 0.00021268
v 0.01428750 -0.01337695 0.00028710
v 0.01409014 -0.01336833 0.00028710
v 0.01428750 -0.01326707 0.00037140
v 0.01409972 -0.01325888 0.00037140
v 0.01428750 -0.01316497 0.00046497
v 0.01410862 -0.01315716 0.00046497
v 0.01428750 -0.01307140 0.00056707
v 0.01411677 -0.01306395 0.00056707
v 0.01428750 -0.01298710 0.00067695
v 0.01412412 -0.01297996 0.00067695
v 0.01428750 -0.01291269 0.00079375
v 0.01413060 -0.01290583 0.00079375
v 0.01428750 -0.01284874 0.00091659
v 0.01413618 -0.01284213 0.00091659
v 0.01428750 -0.01279574 0.00104454
v 0.01414080 -0.01278933 0.00104454
v 0.01428750 -0.01275409 0.00117662
v 0.01414443 -0.01274785 0.00117662
v 0.01428750 -0.01272412 0.00131183
v 0.01414704 -0.01271798 0.00131183
v 0.01428750 -0.01270604 0.00144914
v 0.01414861 -0.01269998 0.00144914
v 0.01428750 -0.01270000 0.00158750
v 0.01414914 -0.01269396 0.00158750
v 0.01373617 -0.01423926 -0.00000000
v 0.01376019 -0.01410301 0.00000604
v 0.01378404 -0.01396779 0.00002412
v 0.01380751 -0.01383463 0.00005409
v 0.01383045 -0.01370456 0.00009574
v 0.01385267 -0.01357855 0.00014874
v 0.01387400 -0.01345757 0.00021268
v 0.01389428 -0.01334255 0.00028710
v 0.01391336 -0.01323434 0.00037140
v 0.01393109 -0.01313379 0.00046497
v 0.01394734 -0.01304164 0.00056707
v 0.01396198 -0.01295862 0.00067695
v 0.01397490 -0.01288534 0.00079375
v 0.01398601 -0.01282236 0.00091659
v 0.01399521 -0.01277017 0.00104454
v 0.01400244 -0.01272915 0.00117662
v 0.01400765 -0.01269963 0.00131183
v 0.01401078 -0.01268183 0.00144914
v 0.01401183 -0.01267588 0.00158750
v 0.01346575 -0.01417931 -0.00000000
v 0.01350156 -0.01404567 0.00000604
v 0.01353710 -0.01391304 0.00002412
v 0.01357209 -0.01378244 0.00005409
v 0.01360628 -0.01365486 0.00009574
v 0.01363939 -0.01353127 0.00014874
v 0.01367119 -0.01341261 0.00021268
v 0.01370142 -0.01329979 0.00028710
v 0.01372986 -0.01319366 0.00037140
v 0.01375628 -0.01309503 0.00046497
v 0.01378050 -0.01300466 0.00056707
v 0.01380232 -0.01292322 0.00067695
v 0.01382158 -0.01285134 0.00079375
v 0.01383813 -0.01278958 0.00091659
v 0.01385185 -0.01273838 0.00104454
v 0.01386262 -0.01269816 0.00117662
v 0.01387038 -0.01266920 0.00131183
v 0.01387506 -0.01265174 0.00144914
v 0.01387662 -0.01264591 0.00158750
v 0.01320159 -0.01409602 -0.00000000
v 0.01324891 -0.01396601 0.00000604
v 0.01329587 -0.01383698 0.00002412
v 0.01334211 -0.01370993 0.00005409
v 0.01338729 -0.01358581 0.00009574
v 0.01343105 -0.01346558 0.00014874
v 0.01347306 -0.01335014 0.00021268
v 0.01351301 -0.01324038 0.00028710
v 0.01355059 -0.01313714 0.00037140
v 0.01358551 -0.01304119 0.00046497
v 0.01361752 -0.01295327 0.00056707
v 0.01364635 -0.01287404 0.00067695
v 0.01367180 -0.01280412 0.00079375
v 0.01369367 -0.01274403 0.00091659
v 0.01371180 -0.01269423 0.00104454
v 0.01372604 -0.01265509 0.00117662
v 0.01373629 -0.01262693 0.00131183
v 0.01374248 -0.01260994 0.00144914
v 0.01374454 -0.01260426 0.00158750
v 0.01294569 -0.01399003 -0.00000000
v 0.01300416 -0.01386463 0.00000604
v 0.01306219 -0.01374019 0.00002412
v 0.01311933 -0.01361765 0.00005409
v 0.01317515 -0.01349794 0.00009574
v 0.01322922 -0.01338198 0.00014874
v 0.01328114 -0.01327065 0.00021268
v 0.01333050 -0.01316479 0.00028710
v 0.01337694 -0.01306521 0.00037140
v 0.01342009 -0.01297267 0.00046497
v 0.01345963 -0.01288787 0.00056707
v 0.01349526 -0.01281146 0.00067695
v 0.01352671 -0.01274402 0.00079375
v 0.01355373 -0.01268606 0.00091659
v 0.01357613 -0.01263803 0.00104454
v 0.01359373 -0.01260029 0.00117662
v 0.01360640 -0.01257312 0.00131183
v 0.01361404 -0.01255674 0.00144914
v 0.01361659 -0.01255126 0.00158750
v 0.01270000 -0.01386213 -0.00000000
v 0.01276918 -0.01374231 0.00000604
v 0.01283783 -0.01362340 0.00002412
v 0.01290544 -0.01350630 0.00005409
v 0.01297148 -0.01339192 0.00009574
v 0.01303545 -0.01328111 0.00014874
v 0.01309687 -0.01317472 0.00021268
v 0.01315528 -0.01307357 0.00028710
v 0.01321021 -0.01297842 0.00037140
v 0.01326127 -0.01288999 0.00046497
v 0.01330805 -0.01280896 0.00056707
v 0.01335020 -0.01273595 0.00067695
v 0.01338741 -0.01267151 0.00079375
v 0.01341938 -0.01261612 0.00091659
v 0.01344588 -0.01257023 0.00104454
v 0.01346670 -0.01253416 0.00117662
v 0.01348169 -0.01250820 0.00131183
v 0.01349073 -0.01249255 0.00144914
v 0.01349375 -0.01248732 0.00158750
v 0.01246640 -0.01371331 -0.00000000
v 0.01254576 -0.01359997 0.00000604
v 0.01262451 -0.01348749 0.00002412
v 0.01270206 -0.01337674 0.00005409
v 0.01277782 -0.01326854 0.00009574
v 0.01285121 -0.01316373 0.00014874
v 0.01292167 -0.01306311 0.00021268
v 0.01298867 -0.01296743 0.00028710
v 0.01305169 -0.01287742 0.00037140
v 0.01311025 -0.01279378 0.00046497
v 0.01316392 -0.01271714 0.00056707
v 0.01321228 -0.01264808 0.00067695
v 0.01325496 -0.01258713 0.00079375
v 0.01329164 -0.01253474 0.00091659
v 0.01332203 -0.01249133 0.00104454
v 0.01334592 -0.01245721 0.00117662
v 0.01336311 -0.01243266 0.00131183
v 0.01337348 -0.01241785 0.00144914
v 0.01337695 -0.01241290 0.00158750
v 0.01224665 -0.01354469 -0.00000000
v 0.01233559 -0.01343870 0.00000604
v 0.01242384 -0.01333352 0.00002412
v 0.01251076 -0.01322994 0.00005409
v 0.01259566 -0.01312876 0.00009574
v 0.01267790 -0.01303075 0.00014874
v 0.01275686 -0.01293664 0.00021268
v 0.01283194 -0.01284717 0.00028710
v 0.01290257 -0.01276300 0.00037140
v 0.01296820 -0.01268478 0.00046497
v 0.01302834 -0.01261311 0.00056707
v 0.01308253 -0.01254852 0.00067695
v 0.01313036 -0.01249152 0.00079375
v 0.01317147 -0.01244253 0.00091659
v 0.01320554 -0.01240193 0.00104454
v 0.01323230 -0.01237003 0.00117662
v 0.01325157 -0.01234707 0.00131183
v 0.01326319 -0.01233322 0.00144914
v 0.01326707 -0.01232860 0.00158750
v 0.01204244 -0.01335756 -0.00000000
v 0.01214027 -0.01325973 0.00000604
v 0.01223736 -0.01316264 0.00002412
v 0.01233297 -0.01306703 0.00005409
v 0.01242636 -0.01297364 0.00009574
v 0.01251684 -0.01288316 0.00014874
v 0.01260370 -0.01279630 0.00021268
v 0.01268629 -0.01271371 0.00028710
v 0.01276399 -0.01263601 0.00037140
v 0.01283619 -0.01256381 0.00046497
v 0.01290235 -0.01249765 0.00056707
v 0.01296196 -0.01243804 0.00067695
v 0.01301458 -0.01238542 0.00079375
v 0.01305980 -0.01234020 0.00091659
v 0.01309727 -0.01230273 0.00104454
v 0.01312672 -0.01227328 0.00117662
v 0.01314791 -0.01225209 0.00131183
v 0.01316070 -0.01223930 0.00144914
v 0.01316497 -0.01223503 0.00158750
v 0.01185531 -0.01315335 -0.00000000
v 0.01196130 -0.01306442 0.00000604
v 0.01206648 -0.01297616 0.00002412
v 0.01217006 -0.01288925 0.00005409
v 0.01227124 -0.01280434 0.00009574
v 0.01236925 -0.01272210 0.00014874
v 0.01246336 -0.01264314 0.00021268
v 0.01255283 -0.01256806 0.00028710
v 0.01263700 -0.01249743 0.00037140
v 0.01271522 -0.01243180 0.00046497
v 0.01278689 -0.01237166 0.00056707
v 0.01285148 -0.01231747 0.00067695
v 0.01290848 -0.01226964 0.00079375
v 0.01295747 -0.01222853 0.00091659
v 0.01299806 -0.01219446 0.00104454
v 0.01302997 -0.01216770 0.00117662
v 0.01305293 -0.01214843 0.00131183
v 0.01306678 -0.01213681 0.00144914
v 0.01307140 -0.01213292 0.00158750
v 0.01168669 -0.01293361 -0.00000000
v 0.01180003 -0.01285425 0.00000604
v 0.01191251 -0.01277549 0.00002412
v 0.01202326 -0.01269794 0.00005409
v 0.01213146 -0.01262218 0.00009574
v 0.01223627 -0.01254879 0.00014874
v 0.01233689 -0.01247833 0.00021268
v 0.01243257 -0.01241133 0.00028710
v 0.01252258 -0.01234831 0.00037140
v 0.01260622 -0.01228975 0.00046497
v 0.01268286 -0.01223608 0.00056707
v 0.01275192 -0.01218772 0.00067695
v 0.01281288 -0.01214504 0.00079375
v 0.01286526 -0.01210836 0.00091659
v 0.01290867 -0.01207797 0.00104454
v 0.01294279 -0.01205408 0.00117662
v 0.01296734 -0.01203689 0.00131183
v 0.01298215 -0.01202652 0.00144914
v 0.01298710 -0.01202305 0.00158750
v 0.01153787 -0.01270000 -0.00000000
v 0.01165769 -0.01263082 0.00000604
v 0.01177660 -0.01256217 0.00002412
v 0.01189370 -0.01249456 0.00005409
v 0.01200808 -0.01242852 0.00009574
v 0.01211889 -0.01236455 0.00014874
v 0.01222528 -0.01230313 0.00021268
v 0.01232643 -0.01224472 0.00028710
v 0.01242158 -0.01218979 0.00037140
v 0.01251001 -0.01213873 0.00046497
v 0.01259104 -0.01209195 0.00056707
v 0.01266405 -0.01204980 0.00067695
v 0.01272849 -0.01201259 0.00079375
v 0.01278387 -0.01198062 0.00091659
v 0.01282977 -0.01195412 0.00104454
v 0.01286584 -0.01193330 0.00117662
v 0.01289180 -0.01191831 0.00131183
v 0.01290745 -0.01190927 0.00144914
v 0.01291269 -0.01190625 0.00158750
v 0.01140997 -0.01245431 -0.00000000
v 0.01153537 -0.01239584 0.00000604
v 0.01165981 -0.01233781 0.00002412
v 0.01178235 -0.01228067 0.00005409
v 0.01190206 -0.01222485 0.00009574
v 0.01201802 -0.01217078 0.00014874
v 0.01212935 -0.01211886 0.00021268
v 0.01223521 -0.01206950 0.00028710
v 0.01233479 -0.01202306 0.00037140
v 0.01242733 -0.01197991 0.00046497
v 0.01251213 -0.01194037 0.00056707
v 0.01258854 -0.01190474 0.00067695
v 0.01265598 -0.01187329 0.00079375
v 0.01271394 -0.01184626 0.00091659
v 0.01276197 -0.01182387 0.00104454
v 0.01279971 -0.01180627 0.00117662
v 0.01282688 -0.01179360 0.00131183
v 0.01284326 -0.01178596 0.00144914
v 0.01284874 -0.01178341 0.00158750
v 0.01130398 -0.01219841 -0.00000000
v 0.01143399 -0.01215109 0.00000604
v 0.01156302 -0.01210413 0.00002412
v 0.01169007 -0.01205789 0.00005409
v 0.01181419 -0.01201271 0.00009574
v 0.01193442 -0.01196895 0.00014874
v 0.01204986 -0.01192694 0.00021268
v 0.01215962 -0.01188699 0.00028710
v 0.01226286 -0.01184941 0.00037140
v 0.01235881 -0.01181449 0.00046497
v 0.01244673 -0.01178249 0.00056707
v 0.01252596 -0.01175365 0.00067695
v 0.01259588 -0.01172820 0.00079375
v 0.01265597 -0.01170633 0.00091659
v 0.01270577 -0.01168820 0.00104454
v 0.01274491 -0.01167396 0.00117662
v 0.01277308 -0.01166371 0.00131183
v 0.01279006 -0.01165752 0.00144914
v 0.01279574 -0.01165546 0.00158750
v 0.01122069 -0.01193425 -0.00000000
v 0.01135433 -0.01189844 0.00000604
v 0.01148696 -0.01186290 0.00002412
v 0.01161756 -0.01182791 0.00005409
v 0.01174514 -0.01179372 0.00009574
v 0.01186873 -0.01176061 0.00014874
v 0.01198739 -0.01172881 0.00021268
v 0.01210021 -0.01169858 0.00028710
v 0.01220634 -0.01167015 0.00037140
v 0.01230497 -0.01164372 0.00046497
v 0.01239534 -0.01161950 0.00056707
v 0.01247678 -0.01159768 0.00067695
v 0.01254866 -0.01157842 0.00079375
v 0.01261042 -0.01156187 0.00091659
v 0.01266162 -0.01154815 0.00104454
v 0.01270184 -0.01153738 0.00117662
v 0.01273080 -0.01152962 0.00131183
v 0.01274826 -0.01152494 0.00144914
v 0.01275409 -0.01152338 0.00158750
v 0.01116074 -0.01166383 -0.00000000
v 0.01129699 -0.01163981 0.00000604
v 0.01143221 -0.01161596 0.00002412
v 0.01156537 -0.01159249 0.00005409
v 0.01169544 -0.01156955 0.00009574
v 0.01182145 -0.01154733 0.00014874
v 0.01194243 -0.01152600 0.00021268
v 0.01205745 -0.01150572 0.00028710
v 0.01216566 -0.01148664 0.00037140
v 0.01226621 -0.01146891 0.00046497
v 0.01235836 -0.01145266 0.00056707
v 0.01244138 -0.01143802 0.00067695
v 0.01251466 -0.01142510 0.00079375
v 0.01257764 -0.01141399 0.00091659
v 0.01262983 -0.01140479 0.00104454
v 0.01267085 -0.01139756 0.00117662
v 0.01270037 -0.01139235 0.00131183
v 0.01271817 -0.01138922 0.00144914
v 0.01272412 -0.01138817 0.00158750
v 0.01112458 -0.01138922 -0.00000000
v 0.01126241 -0.01137716 0.00000604
v 0.01139920 -0.01136519 0.00002412
v 0.01153389 -0.01135341 0.00005409
v 0.01166547 -0.01134190 0.00009574
v 0.01179294 -0.01133075 0.00014874
v 0.01191531 -0.01132004 0.00021268
v 0.01203167 -0.01130986 0.00028710
v 0.01214112 -0.01130028 0.00037140
v 0.01224284 -0.01129138 0.00046497
v 0.01233605 -0.01128323 0.00056707
v 0.01242004 -0.01127588 0.00067695
v 0.01249417 -0.01126940 0.00079375
v 0.01255787 -0.01126382 0.00091659
v 0.01261067 -0.01125920 0.00104454
v 0.01265215 -0.01125557 0.00117662
v 0.01268202 -0.01125296 0.00131183
v 0.01270002 -0.01125139 0.00144914
v 0.01270604 -0.01125086 0.00158750
v 0.01111250 -0.01111250 0.00000000
v 0.01125086 -0.01111250 0.00000604
v 0.01138817 -0.01111250 0.00002412
v 0.01152338 -0.01111250 0.00005409
v 0.01165546 -0.01111250 0.00009574
v 0.01178341 -0.01111250 0.00014874
v 0.01190625 -0.01111250 0.00021268
v 0.01202305 -0.01111250 0.00028710
v 0.01213292 -0.01111250 0.00037140
v 0.01223503 -0.01111250 0.00046497
v 0.01232860 -0.01111250 0.00056707
v 0.01241290 -0.01111250 0.00067695
v 0.01248732 -0.01111250 0.00079375
v 0.01255126 -0.01111250 0.00091659
v 0.01260426 -0.01111250 0.00104454
v 0.01264591 -0.01111250 0.00117662
v 0.01267588 -0.01111250 0.00131183
v 0.01269396 -0.01111250 0.00144914
v 0.01270000 -0.01111250 0.00158750
v -0.01111250 -0.01111250 0.00000000
v -0.01112458 -0.01138922 -0.00000000
v -0.01125086 -0.01111250 0.00000604
v -0.01126241 -0.01137716 0.00000604
v -0.01138817 -0.01111250 0.00002412
v -0.01139920 -0.01136519 0.00002412
v -0.01152338 -0.01111250 0.00005409
v -0.01153389 -0.01135341 0.00005409
v -0.01165546 -0.01111250 0.00009574
v -0.01166547 -0.01134190 0.00009574
v -0.01178341 -0.01111250 0.00014874
v -0.01179294 -0.01133075 0.00014874
v -0.01190625 -0.01111250 0.00021268
v -0.01191531 -0.01132004 0.00021268
v -0.01202305 -0.01111250 0.00028710
v -0.01203167 -0.01130986 0.00028710
v -0.01213292 -0.01111250 0.00037140
v -0.01214112 -0.01130028 0.00037140
v -0.01223503 -0.01111250 0.00046497
v -0.01224284 -0.01129138 0.00046497
v -0.01232860 -0.01111250 0.00056707
v -0.01233605 -0.01128323 0.00056707
v -0.01241290 -0.01111250 0.00067695
v -0.01242004 -0.01127588 0.00067695
v -0.01248732 -0.01111250 0.00079375
v -0.01249417 -0.01126940 0.00079375
v -0.01255126 -0.01111250 0.00091659
v -0.01255787 -0.01126382 0.00091659
v -0.01260426 -0.01111250 0.00104454
v -0.01261067 -0.01125920 0.00104454
v -0.01264591 -0.01111250 0.00117662
v -0.01265215 -0.01125557 0.00117662
v -0.01267588 -0.01111250 0.00131183
v -0.01268202 -0.01125296 0.00131183
v -0.01269396 -0.01111250 0.00144914
v -0.01270002 -0.01125139 0.00144914
v -0.01270000 -0.01111250 0.00158750
v -0.01270604 -0.01125086 0.00158750
v -0.01116074 -0.01166383 -0.00000000
v -0.01129699 -0.01163981 0.00000604
v -0.01143221 -0.01161596 0.00002412
v -0.01156537 -0.01159249 0.00005409
v -0.01169544 -0.01156955 0.00009574
v -0.01182145 -0.01154733 0.00014874
v -0.01194243 -0.01152600 0.00021268
v -0.01205745 -0.01150572 0.00028710
v -0.01216566 -0.01148664 0.00037140
v -0.01226621 -0.01146891 0.00046497
v -0.01235836 -0.01145266 0.00056707
v -0.01244138 -0.01143802 0.00067695
v -0.01251466 -0.01142510 0.00079375
v -0.01257764 -0.01141399 0.00091659
v -0.01262983 -0.01140479 0.00104454
v -0.01267085 -0.01139756 0.00117662
v -0.01270037 -0.01139235 0.00131183
v -0.01271817 -0.01138922 0.00144914
v -0.01272412 -0.01138817 0.00158750
v -0.01122069 -0.01193425 -0.00000000
v -0.01135433 -0.01189844 0.00000604
v -0.01148696 -0.01186290 0.00002412
v -0.01161756 -0.01182791 0.00005409
v -0.01174514 -0.01179372 0.00009574
v -0.01186873 -0.01176061 0.00014874
v -0.01198739 -0.01172881 0.00021268
v -0.01210021 -0.01169858 0.00028710
v -0.01220634 -0.01167015 0.00037140
v -0.01230497 -0.01164372 0.00046497
v -0.01239534 -0.01161950 0.00056707
v -0.01247678 -0.01159768 0.00067695
v -0.01254866 -0.01157842 0.00079375
v -0.01261042 -0.01156187 0.00091659
v -0.01266162 -0.01154815 0.00104454
v -0.01270184 -0.01153738 0.00117662
v -0.01273080 -0.01152962 0.00131183
v -0.01274826 -0.01152494 0.00144914
v -0.01275409 -0.01152338 0.00158750
v -0.01130398 -0.01219841 -0.00000000
v -0.01143399 -0.01215109 0.00000604
v -0.01156302 -0.01210413 0.00002412
v -0.01169007 -0.01205789 0.00005409
v -0.01181419 -0.01201271 0.00009574
v -0.01193442 -0.01196895 0.00014874
v -0.01204986 -0.01192694 0.00021268
v -0.01215962 -0.01188699 0.00028710
v -0.01226286 -0.01184941 0.00037140
v -0.01235881 -0.01181449 0.00046497
v -0.01244673 -0.01178249 0.00056707
v -0.01252596 -0.01175365 0.00067695
v -0.01259588 -0.01172820 0.00079375
v -0.01265597 -0.01170633 0.00091659
v -0.01270577 -0.01168820 0.00104454
v -0.01274491 -0.01167396 0.00117662
v -0.01277308 -0.01166371 0.00131183
v -0.01279006 -0.01165752 0.00144914
v -0.01279574 -0.01165546 0.00158750
v -0.01140997 -0.01245431 -0.00000000
v -0.01153537 -0.01239584 0.00000604
v -0.01165981 -0.01233781 0.00002412
v -0.01178235 -0.01228067 0.00005409
v -0.01190206 -0.01222485 0.00009574
v -0.01201802 -0.01217078 0.00014874
v -0.01212935 -0.01211886 0.00021268
v -0.01223521 -0.01206950 0.00028710
v -0.01233479 -0.01202306 0.00037140
v -0.01242733 -0.01197991 0.00046497
v -0.01251213 -0.01194037 0.00056707
v -0.01258854 -0.01190474 0.00067695
v -0.01265598 -0.01187329 0.00079375
v -0.01271394 -0.01184626 0.00091659
v -0.01276197 -0.01182387 0.00104454
v -0.01279971 -0.01180627 0.00117662
v -0.01282688 -0.01179360 0.00131183
v -0.01284326 -0.01178596 0.00144914
v -0.01284874 -0.01178341 0.00158750
v -0.01153787 -0.01270000 -0.00000000
v -0.01165769 -0.01263082 0.00000604
v -0.01177660 -0.01256217 0.00002412
v -0.01189370 -0.01249456 0.00005409
v -0.01200808 -0.01242852 0.00009574
v -0.01211889 -0.01236455 0.00014874
v -0.01222528 -0.01230313 0.00021268
v -0.01232643 -0.01224472 0.00028710
v -0.01242158 -0.01218979 0.00037140
v -0.01251001 -0.01213873 0.00046497
v -0.01259104 -0.01209195 0.00056707
v -0.01266405 -0.01204980 0.00067695
v -0.01272849 -0.01201259 0.00079375
v -0.01278387 -0.01198062 0.00091659
v -0.01282977 -0.01195412 0.00104454
v -0.01286584 -0.01193330 0.00117662
v -0.01289180 -0.01191831 0.00131183
v -0.01290745 -0.01190927 0.00144914
v -0.01291269 -0.01190625 0.00158750
v -0.01168669 -0.01293361 -0.00000000
v -0.01180003 -0.01285425 0.00000604
v -0.01191251 -0.01277549 0.00002412
v -0.01202326 -0.01269794 0.00005409
v -0.01213146 -0.01262218 0.00009574
v -0.01223627 -0.01254879 0.00014874
v -0.01233689 -0.01247833 0.00021268
v -0.01243257 -0.01241133 0.00028710
v -0.01252258 -0.01234831 0.00037140
v -0.01260622 -0.01228975 0.00046497
v -0.01268286 -0.01223608 0.00056707
v -0.01275192 -0.01218772 0.00067695
v -0.01281288 -0.01214504 0.00079375
v -0.01286526 -0.01210836 0.00091659
v -0.01290867 -0.01207797 0.00104454
v -0.01294279 -0.01205408 0.00117662
v -0.01296734 -0.01203689 0.00131183
v -0.01298215 -0.01202652 0.00144914
v -0.01298710 -0.01202305 0.00158750
v -0.01185531 -0.01315335 -0.00000000
v -0.01196130 -0.01306442 0.00000604
v -0.01206648 -0.01297616 0.00002412
v -0.01217006 -0.01288925 0.00005409
v -0.01227124 -0.01280434 0.00009574
v -0.01236925 -0.01272210 0.00014874
v -0.01246336 -0.01264314 0.00021268
v -0.01255283 -0.01256806 0.00028710
v -0.01263700 -0.01249743 0.00037140
v -0.01271522 -0.01243180 0.00046497
v -0.01278689 -0.01237166 0.00056707
v -0.01285148 -0.01231747 0.00067695
v -0.01290848 -0.01226964 0.00079375
v -0.01295747 -0.01222853 0.00091659
v -0.01299806 -0.01219446 0.00104454
v -0.01302997 -0.01216770 0.00117662
v -0.01305293 -0.01214843 0.00131183
v -0.01306678 -0.01213681 0.00144914
v -0.01307140 -0.01213292 0.00158750
v -0.01204244 -0.01335756 -0.00000000
v -0.01214027 -0.01325973 0.00000604
v -0.01223736 -0.01316264 0.00002412
v -0.01233297 -0.01306703 0.00005409
v -0.01242636 -0.01297364 0.00009574
v -0.01251684 -0.01288316 0.00014874
v -0.01260370 -0.01279630 0.00021268
v -0.01268629 -0.01271371 0.00028710
v -0.01276399 -0.01263601 0.00037140
v -0.01283619 -0.01256381 0.00046497
v -0.01290235 -0.01249765 0.00056707
v -0.01296196 -0.01243804 0.00067695
v -0.01301458 -0.01238542 0.00079375
v -0.01305980 -0.01234020 0.00091659
v -0.01309727 -0.01230273 0.00104454
v -0.01312672 -0.01227328 0.00117662
v -0.01314791 -0.01225209 0.00131183
v -0.01316070 -0.01223930 0.00144914
v -0.01316497 -0.01223503 0.00158750
v -0.01224665 -0.01354469 -0.00000000
v -0.01233559 -0.01343870 0.00000604
v -0.01242384 -0.01333352 0.00002412
v -0.01251076 -0.01322994 0.00005409
v -0.01259566 -0.01312876 0.00009574
v -0.01267790 -0.01303075 0.00014874
v -0.01275686 -0.01293664 0.00021268
v -0.01283194 -0.01284717 0.00028710
v -0.01290257 -0.01276300 0.00037140
v -0.01296820 -0.01268478 0.00046497
v -0.01302834 -0.01261311 0.00056707
v -0.01308253 -0.01254852 0.00067695
v -0.01313036 -0.01249152 0.00079375
v -0.01317147 -0.01244253 0.00091659
v -0.01320554 -0.01240193 0.00104454
v -0.01323230 -0.01237003 0.00117662
v -0.01325157 -0.01234707 0.00131183
v -0.01326319 -0.01233322 0.00144914
v -0.01326707 -0.01232860 0.00158750
v -0.01246640 -0.01371331 -0.00000000
v -0.01254576 -0.01359997 0.00000604
v -0.01262451 -0.01348749 0.00002412
v -0.01270206 -0.01337674 0.00005409
v -0.01277782 -0.01326854 0.00009574
v -0.01285121 -0.01316373 0.00014874
v -0.01292167 -0.01306311 0.00021268
v -0.01298867 -0.01296743 0.00028710
v -0.01305169 -0.01287742 0.00037140
v -0.01311025 -0.01279378 0.00046497
v -0.01316392 -0.01271714 0.00056707
v -0.01321228 -0.01264808 0.00067695
v -0.01325496 -0.01258713 0.00079375
v -0.01329164 -0.01253474 0.00091659
v -0.01332203 -0.01249133 0.00104454
v -0.01334592 -0.01245721 0.00117662
v -0.01336311 -0.01243266 0.00131183
v -0.01337348 -0.01241785 0.00144914
v -0.01337695 -0.01241290 0.00158750
v -0.01270000 -0.01386213 -0.00000000
v -0.01276918 -0.01374231 0.00000604
v -0.01283783 -0.01362340 0.00002412
v -0.01290544 -0.01350630 0.00005409
v -0.01297148 -0.01339192 0.00009574
v -0.01303545 -0.01328111 0.00014874
v -0.01309687 -0.01317472 0.00021268
v -0.01315528 -0.01307357 0.00028710
v -0.01321021 -0.01297842 0.00037140
v -0.01326127 -0.01288999 0.00046497
v -0.01330805 -0.01280896 0.00056707
v -0.01335020 -0.01273595 0.00067695
v -0.01338741 -0.01267151 0.00079375
v -0.01341938 -0.01261612 0.00091659
v -0.01344588 -0.01257023 0.00104454
v -0.01346670 -0.01253416 0.00117662
v -0.01348169 -0.01250820 0.00131183
v -0.01349073 -0.01249255 0.00144914
v -0.01349375 -0.01248732 0.00158750
v -0.01294569 -0.01399003 -0.00000000
v -0.01300416 -0.01386463 0.00000604
v -0.01306219 -0.01374019 0.00002412
v -0.01311933 -0.01361765 0.00005409
v -0.01317515 -0.01349794 0.00009574
v -0.01322922 -0.01338198 0.00014874
v -0.01328114 -0.01327065 0.00021268
v -0.01333050 -0.01316479 0.00028710
v -0.01337694 -0.01306521 0.00037140
v -0.01342009 -0.01297267 0.00046497
v -0.01345963 -0.01288787 0.00056707
v -0.01349526 -0.01281146 0.00067695
v -0.01352671 -0.01274402 0.00079375
v -0.01355373 -0.01268606 0.00091659
v -0.01357613 -0.01263803 0.00104454
v -0.01359373 -0.01260029 0.00117662
v -0.01360640 -0.01257312 0.00131183
v -0.01361404 -0.01255674 0.00144914
v -0.01361659 -0.01255126 0.00158750
v -0.01320159 -0.01409602 -0.00000000
v -0.01324891 -0.01396601 0.00000604
v -0.01329587 -0.01383698 0.00002412
v -0.01334211 -0.01370993 0.00005409
v -0.01338729 -0.01358581 0.00009574
v -0.01343105 -0.01346558 0.00014874
v -0.01347306 -0.01335014 0.00021268
v -0.01351301 -0.01324038 0.00028710
v -0.01355059 -0.01313714 0.00037140
v -0.01358551 -0.01304119 0.00046497
v -0.01361752 -0.01295327 0.00056707
v -0.01364635 -0.01287404 0.00067695
v -0.01367180 -0.01280412 0.00079375
v -0.01369367 -0.01274403 0.00091659
v -0.01371180 -0.01269423 0.00104454
v -0.01372604 -0.01265509 0.00117662
v -0.01373629 -0.01262693 0.00131183
v -0.01374248 -0.01260994 0.00144914
v -0.01374454 -0.01260426 0.00158750
v -0.01346575 -0.01417931 -0.00000000
v -0.01350156 -0.01404567 0.00000604
v -0.01353710 -0.01391304 0.00002412
v -0.01357209 -0.01378244 0.00005409
v -0.01360628 -0.01365486 0.00009574
v -0.01363939 -0.01353127 0.00014874
v -0.01367119 -0.01341261 0.00021268
v -0.01370142 -0.01329979 0.00028710
v -0.01372986 -0.01319366 0.00037140
v -0.01375628 -0.01309503 0.00046497
v -0.01378050 -0.01300466 0.00056707
v -0.01380232 -0.01292322 0.00067695
v -0.01382158 -0.01285134 0.00079375
v -0.01383813 -0.01278958 0.00091659
v -0.01385185 -0.01273838 0.00104454
v -0.01386262 -0.01269816 0.00117662
v -0.01387038 -0.01266920 0.00131183
v -0.01387506 -0.01265174 0.00144914
v -0.01387662 -0.01264591 0.00158750
v -0.01373617 -0.01423926 -0.00000000
v -0.01376019 -0.01410301 0.00000604
v -0.01378404 -0.01396779 0.00002412
v -0.01380751 -0.01383463 0.00005409
v -0.01383045 -0.01370456 0.00009574
v -0.01385267 -0.01357855 0.00014874
v -0.01387400 -0.01345757 0.00021268
v -0.01389428 -0.01334255 0.00028710
v -0.01391336 -0.01323434 0.00037140
v -0.01393109 -0.01313379 0.00046497
v -0.01394734 -0.01304164 0.00056707
v -0.01396198 -0.01295862 0.00067695
v -0.01397490 -0.01288534 0.00079375
v -0.01398601 -0.01282236 0.00091659
v -0.01399521 -0.01277017 0.00104454
v -0.01400244 -0.01272915 0.00117662
v -0.01400765 -0.01269963 0.00131183
v -0.01401078 -0.01268183 0.00144914
v -0.01401183 -0.01267588 0.00158750
v -0.01401078 -0.01427542 -0.00000000
v -0.01402284 -0.01413758 0.00000604
v -0.01403481 -0.01400080 0.00002412
v -0.01404659 -0.01386611 0.00005409
v -0.01405810 -0.01373453 0.00009574
v -0.01406925 -0.01360706 0.00014874
v -0.01407996 -0.01348469 0.00021268
v -0.01409014 -0.01336833 0.00028710
v -0.01409972 -0.01325888 0.00037140
v -0.01410862 -0.01315716 0.00046497
v -0.01411677 -0.01306395 0.00056707
v -0.01412412 -0.01297996 0.00067695
v -0.01413060 -0.01290583 0.00079375
v -0.01413618 -0.01284213 0.00091659
v -0.01414080 -0.01278933 0.00104454
v -0.01414443 -0.01274785 0.00117662
v -0.01414704 -0.01271798 0.00131183
v -0.01414861 -0.01269998 0.00144914
v -0.01414914 -0.01269396 0.00158750
v -0.01428750 -0.01428750 0.00000000
v -0.01428750 -0.01414914 0.00000604
v -0.01428750 -0.01401183 0.00002412
v -0.01428750 -0.01387662 0.00005409
v -0.01428750 -0.01374454 0.00009574
v -0.01428750 -0.01361659 0.00014874
v -0.01428750 -0.01349375 0.00021268
v -0.01428750 -0.01337695 0.00028710
v -0.01428750 -0.01326707 0.00037140
v -0.01428750 -0.01316497 0.00046497
v -0.01428750 -0.01307140 0.00056707
v -0.01428750 -0.01298710 0.00067695
v -0.01428750 -0.01291269 0.00079375
v -0.01428750 -0.01284874 0.00091659
v -0.01428750 -0.01279574 0.00104454
v -0.01428750 -0.01275409 0.00117662
v -0.01428750 -0.01272412 0.00131183
v -0.01428750 -0.01270604 0.00144914
v -0.01428750 -0.01270000 0.00158750
v -0.01269396 0.01111250 0.02395086
v -0.01268794 0.01125033 0.02395086
v -0.01120678 0.01137154 0.02537588
v -0.01115982 0.01124252 0.02539396
v -0.01114831 0.01124615 0.02539396
v -0.01111250 0.01111250 0.02540000
v -0.01111250 0.01125086 0.02539396
v -0.01112456 0.01125033 0.02539396
v -0.01117097 0.01123790 0.02539396
v -0.01122900 0.01136234 0.02537588
v -0.01128614 0.01148488 0.02534591
v -0.01118168 0.01123232 0.02539396
v -0.01118385 0.01137877 0.02537588
v -0.01113653 0.01124876 0.02539396
v -0.01116037 0.01138398 0.02537588
v -0.01113653 0.01138712 0.02537588
v -0.01111250 0.01138817 0.02537588
v -0.01125033 0.01135123 0.02537588
v -0.01131794 0.01146833 0.02534591
v -0.01138398 0.01158271 0.02530426
v -0.01119186 0.01122584 0.02539396
v -0.01125303 0.01149860 0.02534591
v -0.01121884 0.01150937 0.02534591
v -0.01118385 0.01151713 0.02534591
v -0.01114831 0.01152181 0.02534591
v -0.01111250 0.01152338 0.02534591
v -0.01127062 0.01133831 0.02537588
v -0.01134817 0.01144907 0.02534591
v -0.01142393 0.01155726 0.02530426
v -0.01149732 0.01166207 0.02525126
v -0.01120144 0.01121849 0.02539396
v -0.01134196 0.01160459 0.02530426
v -0.01129820 0.01162271 0.02530426
v -0.01125303 0.01163696 0.02530426
v -0.01120678 0.01164721 0.02530426
v -0.01115982 0.01165339 0.02530426
v -0.01111250 0.01165546 0.02530426
v -0.01128970 0.01132367 0.02537588
v -0.01137661 0.01142725 0.02534591
v -0.01146151 0.01152843 0.02530426
v -0.01154375 0.01162644 0.02525126
v -0.01162271 0.01172055 0.02518732
v -0.01121034 0.01121034 0.02539396
v -0.01144795 0.01169352 0.02525126
v -0.01139604 0.01172055 0.02525126
v -0.01134196 0.01174295 0.02525126
v -0.01128614 0.01176055 0.02525126
v -0.01122900 0.01177321 0.02525126
v -0.01117097 0.01178085 0.02525126
v -0.01111250 0.01178341 0.02525126
v -0.01130743 0.01130743 0.02537588
v -0.01140303 0.01140303 0.02534591
v -0.01149643 0.01149643 0.02530426
v -0.01158690 0.01158690 0.02525126
v -0.01167377 0.01167377 0.02518732
v -0.01175636 0.01175636 0.02511290
v -0.01121849 0.01120144 0.02539396
v -0.01156778 0.01176270 0.02518732
v -0.01150937 0.01179991 0.02518732
v -0.01144795 0.01183188 0.02518732
v -0.01138398 0.01185838 0.02518732
v -0.01131794 0.01187920 0.02518732
v -0.01125033 0.01189419 0.02518732
v -0.01118168 0.01190323 0.02518732
v -0.01111250 0.01190625 0.02518732
v -0.01132367 0.01128970 0.02537588
v -0.01142725 0.01137661 0.02534591
v -0.01152843 0.01146151 0.02530426
v -0.01162644 0.01154375 0.02525126
v -0.01172055 0.01162271 0.02518732
v -0.01181002 0.01169779 0.02511290
v -0.01189419 0.01176842 0.02502860
v -0.01122584 0.01119186 0.02539396
v -0.01169779 0.01181002 0.02511290
v -0.01163477 0.01185838 0.02511290
v -0.01156778 0.01190106 0.02511290
v -0.01149732 0.01193774 0.02511290
v -0.01142393 0.01196814 0.02511290
v -0.01134817 0.01199203 0.02511290
v -0.01127062 0.01200922 0.02511290
v -0.01119186 0.01201959 0.02511290
v -0.01111250 0.01202305 0.02511290
v -0.01133831 0.01127062 0.02537588
v -0.01144907 0.01134817 0.02534591
v -0.01155726 0.01142393 0.02530426
v -0.01166207 0.01149732 0.02525126
v -0.01176270 0.01156778 0.02518732
v -0.01185838 0.01163477 0.02511290
v -0.01194838 0.01169779 0.02502860
v -0.01203202 0.01175636 0.02493503
v -0.01123232 0.01118168 0.02539396
v -0.01183405 0.01183405 0.02502860
v -0.01176842 0.01189419 0.02502860
v -0.01169779 0.01194838 0.02502860
v -0.01162271 0.01199621 0.02502860
v -0.01154375 0.01203732 0.02502860
v -0.01146151 0.01207139 0.02502860
v -0.01137661 0.01209815 0.02502860
v -0.01128970 0.01211742 0.02502860
v -0.01120144 0.01212904 0.02502860
v -0.01111250 0.01213292 0.02502860
v -0.01135123 0.01125033 0.02537588
v -0.01146833 0.01131794 0.02534591
v -0.01158271 0.01138398 0.02530426
v -0.01169352 0.01144795 0.02525126
v -0.01179991 0.01150937 0.02518732
v -0.01190106 0.01156778 0.02511290
v -0.01199621 0.01162271 0.02502860
v -0.01208464 0.01167377 0.02493503
v -0.01216567 0.01172055 0.02483292
v -0.01123790 0.01117097 0.02539396
v -0.01197241 0.01183405 0.02493503
v -0.01190625 0.01190625 0.02493503
v -0.01183405 0.01197241 0.02493503
v -0.01175636 0.01203202 0.02493503
v -0.01167377 0.01208464 0.02493503
v -0.01158690 0.01212986 0.02493503
v -0.01149643 0.01216734 0.02493503
v -0.01140303 0.01219678 0.02493503
v -0.01130743 0.01221798 0.02493503
v -0.01121034 0.01223076 0.02493503
v -0.01111250 0.01223503 0.02493503
v -0.01136234 0.01122900 0.02537588
v -0.01148488 0.01128614 0.02534591
v -0.01160459 0.01134196 0.02530426
v -0.01172055 0.01139604 0.02525126
v -0.01183188 0.01144795 0.02518732
v -0.01193774 0.01149732 0.02511290
v -0.01203732 0.01154375 0.02502860
v -0.01212986 0.01158690 0.02493503
v -0.01221466 0.01162644 0.02483292
v -0.01229107 0.01166207 0.02472305
v -0.01124252 0.01115982 0.02539396
v -0.01210867 0.01181002 0.02483292
v -0.01204408 0.01189419 0.02483292
v -0.01197241 0.01197241 0.02483292
v -0.01189419 0.01204408 0.02483292
v -0.01181002 0.01210867 0.02483292
v -0.01172055 0.01216567 0.02483292
v -0.01162644 0.01221466 0.02483292
v -0.01152843 0.01225526 0.02483292
v -0.01142725 0.01228716 0.02483292
v -0.01132367 0.01231012 0.02483292
v -0.01121849 0.01232397 0.02483292
v -0.01111250 0.01232860 0.02483292
v -0.01137154 0.01120678 0.02537588
v -0.01149860 0.01125303 0.02534591
v -0.01162271 0.01129820 0.02530426
v -0.01174295 0.01134196 0.02525126
v -0.01185838 0.01138398 0.02518732
v -0.01196814 0.01142393 0.02511290
v -0.01207139 0.01146151 0.02502860
v -0.01216734 0.01149643 0.02493503
v -0.01225526 0.01152843 0.02483292
v -0.01233448 0.01155726 0.02472305
v -0.01240440 0.01158271 0.02460625
v -0.01124615 0.01114831 0.02539396
v -0.01223868 0.01176270 0.02472305
v -0.01217773 0.01185838 0.02472305
v -0.01210867 0.01194838 0.02472305
v -0.01203202 0.01203202 0.02472305
v -0.01194838 0.01210867 0.02472305
v -0.01185838 0.01217773 0.02472305
v -0.01176270 0.01223868 0.02472305
v -0.01166207 0.01229107 0.02472305
v -0.01155726 0.01233448 0.02472305
v -0.01144907 0.01236859 0.02472305
v -0.01133831 0.01239315 0.02472305
v -0.01122584 0.01240796 0.02472305
v -0.01111250 0.01241290 0.02472305
v -0.01137877 0.01118385 0.02537588
v -0.01150937 0.01121884 0.02534591
v -0.01163696 0.01125303 0.02530426
v -0.01176055 0.01128614 0.02525126
v -0.01187920 0.01131794 0.02518732
v -0.01199203 0.01134817 0.02511290
v -0.01209815 0.01137661 0.02502860
v -0.01219678 0.01140303 0.02493503
v -0.01228716 0.01142725 0.02483292
v -0.01236859 0.01144907 0.02472305
v -0.01244047 0.01146833 0.02460625
v -0.01250224 0.01148488 0.02448341
v -0.01124876 0.01113653 0.02539396
v -0.01235851 0.01169352 0.02460625
v -0.01230313 0.01179991 0.02460625
v -0.01223868 0.01190106 0.02460625
v -0.01216567 0.01199621 0.02460625
v -0.01208464 0.01208464 0.02460625
v -0.01199621 0.01216567 0.02460625
v -0.01190106 0.01223868 0.02460625
v -0.01179991 0.01230313 0.02460625
v -0.01169352 0.01235851 0.02460625
v -0.01158271 0.01240440 0.02460625
v -0.01146833 0.01244047 0.02460625
v -0.01135123 0.01246643 0.02460625
v -0.01123232 0.01248208 0.02460625
v -0.01111250 0.01248732 0.02460625
v -0.01138398 0.01116037 0.02537588
v -0.01151713 0.01118385 0.02534591
v -0.01164721 0.01120678 0.02530426
v -0.01177321 0.01122900 0.02525126
v -0.01189419 0.01125033 0.02518732
v -0.01200922 0.01127062 0.02511290
v -0.01211742 0.01128970 0.02502860
v -0.01221798 0.01130743 0.02493503
v -0.01231012 0.01132367 0.02483292
v -0.01239315 0.01133831 0.02472305
v -0.01246643 0.01135123 0.02460625
v -0.01252941 0.01136234 0.02448341
v -0.01258160 0.01137154 0.02435546
v -0.01125033 0.01112456 0.02539396
v -0.01246450 0.01160459 0.02448341
v -0.01241646 0.01172055 0.02448341
v -0.01235851 0.01183188 0.02448341
v -0.01229107 0.01193774 0.02448341
v -0.01221466 0.01203732 0.02448341
v -0.01212986 0.01212986 0.02448341
v -0.01203732 0.01221466 0.02448341
v -0.01193774 0.01229107 0.02448341
v -0.01183188 0.01235851 0.02448341
v -0.01172055 0.01241646 0.02448341
v -0.01160459 0.01246450 0.02448341
v -0.01148488 0.01250224 0.02448341
v -0.01136234 0.01252941 0.02448341
v -0.01123790 0.01254579 0.02448341
v -0.01111250 0.01255126 0.02448341
v -0.01138712 0.01113653 0.02537588
v -0.01152181 0.01114831 0.02534591
v -0.01165339 0.01115982 0.02530426
v -0.01178085 0.01117097 0.02525126
v -0.01190323 0.01118168 0.02518732
v -0.01201959 0.01119186 0.02511290
v -0.01212904 0.01120144 0.02502860
v -0.01223076 0.01121034 0.02493503
v -0.01232397 0.01121849 0.02483292
v -0.01240796 0.01122584 0.02472305
v -0.01248208 0.01123232 0.02460625
v -0.01254579 0.01123790 0.02448341
v -0.01259859 0.01124252 0.02435546
v -0.01264007 0.01124615 0.02422338
v -0.01125086 0.01111250 0.02539396
v -0.01255343 0.01149860 0.02435546
v -0.01251430 0.01162271 0.02435546
v -0.01246450 0.01174295 0.02435546
v -0.01240440 0.01185838 0.02435546
v -0.01233448 0.01196814 0.02435546
v -0.01225526 0.01207139 0.02435546
v -0.01216734 0.01216734 0.02435546
v -0.01207139 0.01225526 0.02435546
v -0.01196814 0.01233448 0.02435546
v -0.01185838 0.01240440 0.02435546
v -0.01174295 0.01246450 0.02435546
v -0.01162271 0.01251430 0.02435546
v -0.01149860 0.01255343 0.02435546
v -0.01137154 0.01258160 0.02435546
v -0.01124252 0.01259859 0.02435546
v -0.01111250 0.01260426 0.02435546
v -0.01138817 0.01111250 0.02537588
v -0.01152338 0.01111250 0.02534591
v -0.01165546 0.01111250 0.02530426
v -0.01178341 0.01111250 0.02525126
v -0.01190625 0.01111250 0.02518732
v -0.01202305 0.01111250 0.02511290
v -0.01213292 0.01111250 0.02502860
v -0.01223503 0.01111250 0.02493503
v -0.01232860 0.01111250 0.02483292
v -0.01241290 0.01111250 0.02472305
v -0.01248732 0.01111250 0.02460625
v -0.01255126 0.01111250 0.02448341
v -0.01260426 0.01111250 0.02435546
v -0.01264591 0.01111250 0.02422338
v -0.01267588 0.01111250 0.02408817
v -0.01262261 0.01137877 0.02422338
v -0.01259366 0.01150937 0.02422338
v -0.01255343 0.01163696 0.02422338
v -0.01250224 0.01176055 0.02422338
v -0.01244047 0.01187920 0.02422338
v -0.01236859 0.01199203 0.02422338
v -0.01228716 0.01209815 0.02422338
v -0.01219678 0.01219678 0.02422338
v -0.01209815 0.01228716 0.02422338
v -0.01199203 0.01236859 0.02422338
v -0.01187920 0.01244047 0.02422338
v -0.01176055 0.01250224 0.02422338
v -0.01163696 0.01255343 0.02422338
v -0.01150937 0.01259366 0.02422338
v -0.01137877 0.01262261 0.02422338
v -0.01124615 0.01264007 0.02422338
v -0.01111250 0.01264591 0.02422338
v -0.01266993 0.01124876 0.02408817
v -0.01265213 0.01138398 0.02408817
v -0.01262261 0.01151713 0.02408817
v -0.01258160 0.01164721 0.02408817
v -0.01252941 0.01177321 0.02408817
v -0.01246643 0.01189419 0.02408817
v -0.01239315 0.01200922 0.02408817
v -0.01231012 0.01211742 0.02408817
v -0.01221798 0.01221798 0.02408817
v -0.01211742 0.01231012 0.02408817
v -0.01200922 0.01239315 0.02408817
v -0.01189419 0.01246643 0.02408817
v -0.01177321 0.01252941 0.02408817
v -0.01164721 0.01258160 0.02408817
v -0.01151713 0.01262261 0.02408817
v -0.01138398 0.01265213 0.02408817
v -0.01124876 0.01266993 0.02408817
v -0.01111250 0.01267588 0.02408817
v -0.01266993 0.01138712 0.02395086
v -0.01264007 0.01152181 0.02395086
v -0.01259859 0.01165339 0.02395086
v -0.01254579 0.01178085 0.02395086
v -0.01248208 0.01190323 0.02395086
v -0.01240796 0.01201959 0.02395086
v -0.01232397 0.01212904 0.02395086
v -0.01223076 0.01223076 0.02395086
v -0.01212904 0.01232397 0.02395086
v -0.01201959 0.01240796 0.02395086
v -0.01190323 0.01248208 0.02395086
v -0.01178085 0.01254579 0.02395086
v -0.01165339 0.01259859 0.02395086
v -0.01152181 0.01264007 0.02395086
v -0.01138712 0.01266993 0.02395086
v -0.01125033 0.01268794 0.02395086
v -0.01111250 0.01269396 0.02395086
v 0.02794169 -0.01428750 0.00000000
v 0.02794169 -0.01414914 0.00000604
v 0.02794169 -0.01401183 0.00002412
v 0.02794169 -0.01387662 0.00005409
v 0.02794169 -0.01374454 0.00009574
v 0.02794169 -0.01361659 0.00014874
v 0.02794169 -0.01349375 0.00021268
v 0.02794169 -0.01337695 0.00028710
v 0.02794169 -0.01326707 0.00037140
v 0.02794169 -0.01316497 0.00046497
v 0.02794169 -0.01307140 0.00056707
v 0.02794169 -0.01298710 0.00067695
v 0.02794169 -0.01291269 0.00079375
v 0.02794169 -0.01284874 0.00091659
v 0.02794169 -0.01279574 0.00104454
v 0.02794169 -0.01275409 0.00117662
v 0.02794169 -0.01272412 0.00131183
v 0.02794169 -0.01270604 0.00144914
v 0.02794169 -0.01270000 0.00158750
v -0.02794171 -0.01428750 0.00000000
v -0.02794171 -0.01414914 0.00000604
v -0.02794171 -0.01401183 0.00002412
v -0.02794171 -0.01387662 0.00005409
v -0.02794171 -0.01374454 0.00009574
v -0.02794171 -0.01361659 0.00014874
v -0.02794171 -0.01349375 0.00021268
v -0.02794171 -0.01337695 0.00028710
v -0.02794171 -0.01326707 0.00037140
v -0.02794171 -0.01316497 0.00046497
v -0.02794171 -0.01307140 0.00056707
v -0.02794171 -0.01298710 0.00067695
v -0.02794171 -0.01291269 0.00079375
v -0.02794171 -0.01284874 0.00091659
v -0.02794171 -0.01279574 0.00104454
v -0.02794171 -0.01275409 0.00117662
v -0.02794171 -0.01272412 0.00131183
v -0.02794171 -0.01270604 0.00144914
v -0.02794171 -0.01270000 0.00158750
v 0.00490000 -0.00000000 -0.00250000
v 0.00488135 0.00042706 -0.00300000
v 0.00488135 0.00042706 -0.00250000
v 0.00482556 0.00085088 -0.00300000
v 0.00482556 0.00085088 -0.00250000
v 0.00473304 0.00126821 -0.00300000
v 0.00473304 0.00126821 -0.00250000
v 0.00460449 0.00167590 -0.00300000
v 0.00460449 0.00167590 -0.00250000
v 0.00444091 0.00207083 -0.00300000
v 0.00444091 0.00207083 -0.00250000
v 0.00424352 0.00245000 -0.00300000
v 0.00424352 0.00245000 -0.00250000
v 0.00401385 0.00281052 -0.00300000
v 0.00401385 0.00281052 -0.00250000
v 0.00375362 0.00314966 -0.00300000
v 0.00375362 0.00314966 -0.00250000
v 0.00346482 0.00346482 -0.00300000
v 0.00346482 0.00346482 -0.00250000
v 0.00314966 0.00375362 -0.00300000
v 0.00314966 0.00375362 -0.00250000
v 0.00281052 0.00401385 -0.00300000
v 0.00281052 0.00401385 -0.00250000
v 0.00245000 0.00424352 -0.00300000
v 0.00245000 0.00424352 -0.00250000
v 0.00207083 0.00444091 -0.00300000
v 0.00207083 0.00444091 -0.00250000
v 0.00167590 0.00460449 -0.00300000
v 0.00167590 0.00460449 -0.00250000
v 0.00126821 0.00473304 -0.00300000
v 0.00126821 0.00473304 -0.00250000
v 0.00085088 0.00482556 -0.00300000
v 0.00085088 0.00482556 -0.00250000
v 0.00042706 0.00488135 -0.00300000
v 0.00042706 0.00488135 -0.00250000
v 0.00000000 0.00490000 -0.00300000
v 0.00000000 0.00490000 -0.00250000
v -0.00042706 0.00488135 -0.00300000
v -0.00042706 0.00488135 -0.00250000
v -0.00085088 0.00482556 -0.00300000
v -0.00085088 0.00482556 -0.00250000
v -0.00126821 0.00473304 -0.00300000
v -0.00126821 0.00473304 -0.00250000
v -0.00167590 0.00460449 -0.00300000
v -0.00167590 0.00460449 -0.00250000
v -0.00207083 0.00444091 -0.00300000
v -0.00207083 0.00444091 -0.00250000
v -0.00245000 0.00424352 -0.00300000
v -0.00245000 0.00424352 -0.00250000
v -0.00281052 0.00401385 -0.00300000
v -0.00281052 0.00401385 -0.00250000
v -0.00314966 0.00375362 -0.00300000
v -0.00314966 0.00375362 -0.00250000
v -0.00346482 0.00346482 -0.00300000
v -0.00346482 0.00346482 -0.00250000
v -0.00375362 0.00314966 -0.00300000
v -0.00375362 0.00314966 -0.00250000
v -0.00401385 0.00281052 -0.00300000
v -0.00401385 0.00281052 -0.00250000
v -0.00424352 0.00245000 -0.00300000
v -0.00424352 0.00245000 -0.00250000
v -0.00444091 0.00207083 -0.00300000
v -0.00444091 0.00207083 -0.00250000
v -0.00460449 0.00167590 -0.00300000
v -0.00460449 0.00167590 -0.00250000
v -0.00473304 0.00126821 -0.00300000
v -0.00473304 0.00126821 -0.00250000
v -0.00482556 0.00085088 -0.00300000
v -0.00482556 0.00085088 -0.00250000
v -0.00488135 0.00042706 -0.00300000
v -0.00488135 0.00042706 -0.00250000
v -0.00490000 0.00000000 -0.00300000
v -0.00490000 0.00000000 -0.00250000
v -0.00488135 -0.00042706 -0.00300000
v -0.00488135 -0.00042706 -0.00250000
v -0.00482556 -0.00085088 -0.00300000
v -0.00482556 -0.00085088 -0.00250000
v -0.00473304 -0.00126821 -0.00300000
v -0.00473304 -0.00126821 -0.00250000
v -0.00460449 -0.00167590 -0.00300000
v -0.00460449 -0.00167590 -0.00250000
v -0.00444091 -0.00207083 -0.00300000
v -0.00444091 -0.00207083 -0.00250000
v -0.00424352 -0.00245000 -0.00300000
v -0.00424352 -0.00245000 -0.00250000
v -0.00401385 -0.00281052 -0.00300000
v -0.00401385 -0.00281052 -0.00250000
v -0.00375362 -0.00314966 -0.00300000
v -0.00375362 -0.00314966 -0.00250000
v -0.00346482 -0.00346482 -0.00300000
v -0.00346482 -0.00346482 -0.00250000
v -0.00314966 -0.00375362 -0.00300000
v -0.00314966 -0.00375362 -0.00250000
v -0.00281052 -0.00401385 -0.00300000
v -0.00281052 -0.00401385 -0.00250000
v -0.00245000 -0.00424352 -0.00300000
v -0.00245000 -0.00424352 -0.00250000
v -0.00207083 -0.00444091 -0.00300000
v -0.00207083 -0.00444091 -0.00250000
v -0.00167590 -0.00460449 -0.00300000
v -0.00167590 -0.00460449 -0.00250000
v -0.00126821 -0.00473304 -0.00300000
v -0.00126821 -0.00473304 -0.00250000
v -0.00085088 -0.00482556 -0.00300000
v -0.00085088 -0.00482556 -0.00250000
v -0.00042706 -0.00488135 -0.00300000
v -0.00042706 -0.00488135 -0.00250000
v -0.00000000 -0.00490000 -0.00300000
v -0.00000000 -0.00490000 -0.00250000
v 0.00042706 -0.00488135 -0.00300000
v 0.00042706 -0.00488135 -0.00250000
v 0.00085088 -0.00482556 -0.00300000
v 0.00085088 -0.00482556 -0.00250000
v 0.00126821 -0.00473304 -0.00300000
v 0.00126821 -0.00473304 -0.00250000
v 0.00167590 -0.00460449 -0.00300000
v 0.00167590 -0.00460449 -0.00250000
v 0.00207083 -0.00444091 -0.00300000
v 0.00207083 -0.00444091 -0.00250000
v 0.00245000 -0.00424352 -0.00300000
v 0.00245000 -0.00424352 -0.00250000
v 0.00281052 -0.00401385 -0.00300000
v 0.00281052 -0.00401385 -0.00250000
v 0.00314966 -0.00375362 -0.00300000
v 0.00314966 -0.00375362 -0.00250000
v 0.00346482 -0.00346482 -0.00300000
v 0.00346482 -0.00346482 -0.00250000
v 0.00375362 -0.00314966 -0.00300000
v 0.00375362 -0.00314966 -0.00250000
v 0.00401385 -0.00281052 -0.00300000
v 0.00401385 -0.00281052 -0.00250000
v 0.00424352 -0.00245000 -0.00300000
v 0.00424352 -0.00245000 -0.00250000
v 0.00444091 -0.00207083 -0.00300000
v 0.00444091 -0.00207083 -0.00250000
v 0.00460449 -0.00167590 -0.00300000
v 0.00460449 -0.00167590 -0.00250000
v 0.00473304 -0.00126821 -0.00300000
v 0.00473304 -0.00126821 -0.00250000
v 0.00482556 -0.00085088 -0.00300000
v 0.00482556 -0.00085088 -0.00250000
v 0.00488135 -0.00042706 -0.00300000
v 0.00488135 -0.00042706 -0.00250000
v 0.00490000 -0.00000000 -0.00300000
v -0.01270000 -0.01111250 0.02381250
v -0.01270604 -0.01125086 0.02381250
v -0.01272412 -0.01138817 0.02381250
v -0.01275409 -0.01152338 0.02381250
v -0.01279574 -0.01165546 0.02381250
v -0.01284874 -0.01178341 0.02381250
v -0.01291269 -0.01190625 0.02381250
v -0.01298710 -0.01202305 0.02381250
v -0.01307140 -0.01213292 0.02381250
v -0.01316497 -0.01223503 0.02381250
v -0.01326707 -0.01232860 0.02381250
v -0.01337695 -0.01241290 0.02381250
v -0.01349375 -0.01248732 0.02381250
v -0.01361659 -0.01255126 0.02381250
v -0.01374454 -0.01260426 0.02381250
v -0.01387662 -0.01264591 0.02381250
v -0.01401183 -0.01267588 0.02381250
v -0.01414914 -0.01269396 0.02381250
v -0.01428750 -0.01270000 0.02381250
v 0.00737184 0.00064495 0.00000000
v 0.00715478 0.00062596 -0.00000951
v 0.00728758 0.00128500 0.00000000
v 0.00707300 0.00124716 -0.00000951
v 0.00714785 0.00191526 0.00000000
v 0.00693739 0.00185887 -0.00000951
v 0.00695373 0.00253095 0.00000000
v 0.00674898 0.00245643 -0.00000951
v 0.00670668 0.00312738 0.00000000
v 0.00650920 0.00303529 -0.00000951
v 0.00640859 0.00370000 0.00000000
v 0.00621989 0.00359106 -0.00000951
v 0.00606173 0.00424447 0.00000000
v 0.00588324 0.00411949 -0.00000951
v 0.00566873 0.00475663 0.00000000
v 0.00550182 0.00461657 -0.00000951
v 0.00523259 0.00523259 0.00000000
v 0.00507852 0.00507852 -0.00000951
v 0.00475663 0.00566873 0.00000000
v 0.00461657 0.00550182 -0.00000951
v 0.00424447 0.00606173 0.00000000
v 0.00411949 0.00588324 -0.00000951
v 0.00370000 0.00640859 0.00000000
v 0.00359106 0.00621989 -0.00000951
v 0.00312738 0.00670668 0.00000000
v 0.00303529 0.00650920 -0.00000951
v 0.00253095 0.00695373 0.00000000
v 0.00245643 0.00674898 -0.00000951
v 0.00191526 0.00714785 0.00000000
v 0.00185887 0.00693739 -0.00000951
v 0.00128500 0.00728758 0.00000000
v 0.00124716 0.00707300 -0.00000951
v 0.00064495 0.00737184 0.00000000
v 0.00062596 0.00715478 -0.00000951
v 0.00000000 0.00740000 0.00000000
v 0.00000000 0.00718211 -0.00000951
v -0.00064495 0.00737184 0.00000000
v -0.00062596 0.00715478 -0.00000951
v -0.00128500 0.00728758 0.00000000
v -0.00124716 0.00707300 -0.00000951
v -0.00191526 0.00714785 0.00000000
v -0.00185887 0.00693739 -0.00000951
v -0.00253095 0.00695373 0.00000000
v -0.00245643 0.00674898 -0.00000951
v -0.00312738 0.00670668 0.00000000
v -0.00303529 0.00650920 -0.00000951
v -0.00370000 0.00640859 0.00000000
v -0.00359106 0.00621989 -0.00000951
v -0.00424447 0.00606173 0.00000000
v -0.00411949 0.00588324 -0.00000951
v -0.00475663 0.00566873 0.00000000
v -0.00461657 0.00550182 -0.00000951
v -0.00523259 0.00523259 0.00000000
v -0.00507852 0.00507852 -0.00000951
v -0.00566873 0.00475663 0.00000000
v -0.00550182 0.00461657 -0.00000951
v -0.00606173 0.00424447 0.00000000
v -0.00588324 0.00411949 -0.00000951
v -0.00640859 0.00370000 0.00000000
v -0.00621989 0.00359106 -0.00000951
v -0.00670668 0.00312738 0.00000000
v -0.00650920 0.00303529 -0.00000951
v -0.00695373 0.00253095 0.00000000
v -0.00674898 0.00245643 -0.00000951
v -0.00714785 0.00191526 0.00000000
v -0.00693739 0.00185887 -0.00000951
v -0.00728758 0.00128500 0.00000000
v -0.00707300 0.00124716 -0.00000951
v -0.00737184 0.00064495 0.00000000
v -0.00715478 0.00062596 -0.00000951
v -0.00740000 0.00000000 0.00000000
v -0.00718211 0.00000000 -0.00000951
v -0.00737184 -0.00064495 0.00000000
v -0.00715478 -0.00062596 -0.00000951
v -0.00728758 -0.00128500 0.00000000
v -0.00707300 -0.00124716 -0.00000951
v -0.00714785 -0.00191526 0.00000000
v -0.00693739 -0.00185887 -0.00000951
v -0.00695373 -0.00253095 0.00000000
v -0.00674898 -0.00245643 -0.00000951
v -0.00670668 -0.00312738 0.00000000
v -0.00650920 -0.00303529 -0.00000951
v -0.00640859 -0.00370000 0.00000000
v -0.00621989 -0.00359106 -0.00000951
v -0.00606173 -0.00424447 0.00000000
v -0.00588324 -0.00411949 -0.00000951
v -0.00566873 -0.00475663 0.00000000
v -0.00550182 -0.00461657 -0.00000951
v -0.00523259 -0.00523259 0.00000000
v -0.00507852 -0.00507852 -0.00000951
v -0.00475663 -0.00566873 0.00000000
v -0.00461657 -0.00550182 -0.00000951
v -0.00424447 -0.00606173 0.00000000
v -0.00411949 -0.00588324 -0.00000951
v -0.00370000 -0.00640859 0.00000000
v -0.00359106 -0.00621989 -0.00000951
v -0.00312738 -0.00670668 0.00000000
v -0.00303529 -0.00650920 -0.00000951
v -0.00253095 -0.00695373 0.00000000
v -0.00245643 -0.00674898 -0.00000951
v -0.00191526 -0.00714785 0.00000000
v -0.00185887 -0.00693739 -0.00000951
v -0.00128500 -0.00728758 0.00000000
v -0.00124716 -0.00707300 -0.00000951
v -0.00064495 -0.00737184 0.00000000
v -0.00062596 -0.00715478 -0.00000951
v -0.00000000 -0.00740000 0.00000000
v -0.00000000 -0.00718211 -0.00000951
v 0.00064495 -0.00737184 0.00000000
v 0.00062596 -0.00715478 -0.00000951
v 0.00128500 -0.00728758 0.00000000
v 0.00124716 -0.00707300 -0.00000951
v 0.00191526 -0.00714785 0.00000000
v 0.00185887 -0.00693739 -0.00000951
v 0.00253095 -0.00695373 0.00000000
v 0.00245643 -0.00674898 -0.00000951
v 0.00312738 -0.00670668 0.00000000
v 0.00303529 -0.00650920 -0.00000951
v 0.00370000 -0.00640859 0.00000000
v 0.00359106 -0.00621989 -0.00000951
v 0.00424447 -0.00606173 0.00000000
v 0.00411949 -0.00588324 -0.00000951
v 0.00475663 -0.00566873 0.00000000
v 0.00461657 -0.00550182 -0.00000951
v 0.00523259 -0.00523259 0.00000000
v 0.00507852 -0.00507852 -0.00000951
v 0.00566873 -0.00475663 0.00000000
v 0.00550182 -0.00461657 -0.00000951
v 0.00606173 -0.00424447 0.00000000
v 0.00588324 -0.00411949 -0.00000951
v 0.00640859 -0.00370000 0.00000000
v 0.00621989 -0.00359106 -0.00000951
v 0.00670668 -0.00312738 0.00000000
v 0.00650920 -0.00303529 -0.00000951
v 0.00695373 -0.00253095 0.00000000
v 0.00674898 -0.00245643 -0.00000951
v 0.00714785 -0.00191526 0.00000000
v 0.00693739 -0.00185887 -0.00000951
v 0.00728758 -0.00128500 0.00000000
v 0.00707300 -0.00124716 -0.00000951
v 0.00737184 -0.00064495 0.00000000
v 0.00715478 -0.00062596 -0.00000951
v 0.00740000 -0.00000000 0.00000000
v 0.00718211 -0.00000000 -0.00000951
v 0.00693937 0.00060712 -0.00003798
v 0.00686005 0.00120961 -0.00003798
v 0.00672852 0.00180290 -0.00003798
v 0.00654579 0.00238247 -0.00003798
v 0.00631323 0.00294391 -0.00003798
v 0.00603263 0.00348294 -0.00003798
v 0.00570611 0.00399546 -0.00003798
v 0.00533617 0.00447758 -0.00003798
v 0.00492562 0.00492562 -0.00003798
v 0.00447758 0.00533617 -0.00003798
v 0.00399546 0.00570611 -0.00003798
v 0.00348294 0.00603263 -0.00003798
v 0.00294391 0.00631323 -0.00003798
v 0.00238247 0.00654579 -0.00003798
v 0.00180290 0.00672852 -0.00003798
v 0.00120961 0.00686005 -0.00003798
v 0.00060712 0.00693937 -0.00003798
v 0.00000000 0.00696588 -0.00003798
v -0.00060712 0.00693937 -0.00003798
v -0.00120961 0.00686005 -0.00003798
v -0.00180290 0.00672852 -0.00003798
v -0.00238247 0.00654579 -0.00003798
v -0.00294391 0.00631323 -0.00003798
v -0.00348294 0.00603263 -0.00003798
v -0.00399546 0.00570611 -0.00003798
v -0.00447758 0.00533617 -0.00003798
v -0.00492562 0.00492562 -0.00003798
v -0.00533617 0.00447758 -0.00003798
v -0.00570611 0.00399546 -0.00003798
v -0.00603263 0.00348294 -0.00003798
v -0.00631323 0.00294391 -0.00003798
v -0.00654579 0.00238247 -0.00003798
v -0.00672852 0.00180290 -0.00003798
v -0.00686005 0.00120961 -0.00003798
v -0.00693937 0.00060712 -0.00003798
v -0.00696588 0.00000000 -0.00003798
v -0.00693937 -0.00060712 -0.00003798
v -0.00686005 -0.00120961 -0.00003798
v -0.00672852 -0.00180290 -0.00003798
v -0.00654579 -0.00238247 -0.00003798
v -0.00631323 -0.00294391 -0.00003798
v -0.00603263 -0.00348294 -0.00003798
v -0.00570611 -0.00399546 -0.00003798
v -0.00533617 -0.00447758 -0.00003798
v -0.00492562 -0.00492562 -0.00003798
v -0.00447758 -0.00533617 -0.00003798
v -0.00399546 -0.00570611 -0.00003798
v -0.00348294 -0.00603263 -0.00003798
v -0.00294391 -0.00631323 -0.00003798
v -0.00238247 -0.00654579 -0.00003798
v -0.00180290 -0.00672852 -0.00003798
v -0.00120961 -0.00686005 -0.00003798
v -0.00060712 -0.00693937 -0.00003798
v -0.00000000 -0.00696588 -0.00003798
v 0.00060712 -0.00693937 -0.00003798
v 0.00120961 -0.00686005 -0.00003798
v 0.00180290 -0.00672852 -0.00003798
v 0.00238247 -0.00654579 -0.00003798
v 0.00294391 -0.00631323 -0.00003798
v 0.00348294 -0.00603263 -0.00003798
v 0.00399546 -0.00570611 -0.00003798
v 0.00447758 -0.00533617 -0.00003798
v 0.00492562 -0.00492562 -0.00003798
v 0.00533617 -0.00447758 -0.00003798
v 0.00570611 -0.00399546 -0.00003798
v 0.00603263 -0.00348294 -0.00003798
v 0.00631323 -0.00294391 -0.00003798
v 0.00654579 -0.00238247 -0.00003798
v 0.00672852 -0.00180290 -0.00003798
v 0.00686005 -0.00120961 -0.00003798
v 0.00693937 -0.00060712 -0.00003798
v 0.00696588 -0.00000000 -0.00003798
v 0.00672726 0.00058856 -0.00008519
v 0.00665036 0.00117264 -0.00008519
v 0.00652285 0.00174779 -0.00008519
v 0.00634570 0.00230965 -0.00008519
v 0.00612025 0.00285392 -0.00008519
v 0.00584823 0.00337648 -0.00008519
v 0.00553169 0.00387333 -0.00008519
v 0.00517306 0.00434071 -0.00008519
v 0.00477506 0.00477506 -0.00008519
v 0.00434071 0.00517306 -0.00008519
v 0.00387333 0.00553169 -0.00008519
v 0.00337648 0.00584823 -0.00008519
v 0.00285392 0.00612025 -0.00008519
v 0.00230965 0.00634570 -0.00008519
v 0.00174779 0.00652285 -0.00008519
v 0.00117264 0.00665036 -0.00008519
v 0.00058856 0.00672726 -0.00008519
v 0.00000000 0.00675295 -0.00008519
v -0.00058856 0.00672726 -0.00008519
v -0.00117264 0.00665036 -0.00008519
v -0.00174779 0.00652285 -0.00008519
v -0.00230965 0.00634570 -0.00008519
v -0.00285392 0.00612025 -0.00008519
v -0.00337648 0.00584823 -0.00008519
v -0.00387333 0.00553169 -0.00008519
v -0.00434071 0.00517306 -0.00008519
v -0.00477506 0.00477506 -0.00008519
v -0.00517306 0.00434071 -0.00008519
v -0.00553169 0.00387333 -0.00008519
v -0.00584823 0.00337648 -0.00008519
v -0.00612025 0.00285392 -0.00008519
v -0.00634570 0.00230965 -0.00008519
v -0.00652285 0.00174779 -0.00008519
v -0.00665036 0.00117264 -0.00008519
v -0.00672726 0.00058856 -0.00008519
v -0.00675295 0.00000000 -0.00008519
v -0.00672726 -0.00058856 -0.00008519
v -0.00665036 -0.00117264 -0.00008519
v -0.00652285 -0.00174779 -0.00008519
v -0.00634570 -0.00230965 -0.00008519
v -0.00612025 -0.00285392 -0.00008519
v -0.00584823 -0.00337648 -0.00008519
v -0.00553169 -0.00387333 -0.00008519
v -0.00517306 -0.00434071 -0.00008519
v -0.00477506 -0.00477506 -0.00008519
v -0.00434071 -0.00517306 -0.00008519
v -0.00387333 -0.00553169 -0.00008519
v -0.00337648 -0.00584823 -0.00008519
v -0.00285392 -0.00612025 -0.00008519
v -0.00230965 -0.00634570 -0.00008519
v -0.00174779 -0.00652285 -0.00008519
v -0.00117264 -0.00665036 -0.00008519
v -0.00058856 -0.00672726 -0.00008519
v -0.00000000 -0.00675295 -0.00008519
v 0.00058856 -0.00672726 -0.00008519
v 0.00117264 -0.00665036 -0.00008519
v 0.00174779 -0.00652285 -0.00008519
v 0.00230965 -0.00634570 -0.00008519
v 0.00285392 -0.00612025 -0.00008519
v 0.00337648 -0.00584823 -0.00008519
v 0.00387333 -0.00553169 -0.00008519
v 0.00434071 -0.00517306 -0.00008519
v 0.00477506 -0.00477506 -0.00008519
v 0.00517306 -0.00434071 -0.00008519
v 0.00553169 -0.00387333 -0.00008519
v 0.00584823 -0.00337648 -0.00008519
v 0.00612025 -0.00285392 -0.00008519
v 0.00634570 -0.00230965 -0.00008519
v 0.00652285 -0.00174779 -0.00008519
v 0.00665036 -0.00117264 -0.00008519
v 0.00672726 -0.00058856 -0.00008519
v 0.00675295 -0.00000000 -0.00008519
v 0.00652004 0.00057043 -0.00015077
v 0.00644552 0.00113652 -0.00015077
v 0.00632194 0.00169396 -0.00015077
v 0.00615024 0.00223850 -0.00015077
v 0.00593174 0.00276602 -0.00015077
v 0.00566809 0.00327247 -0.00015077
v 0.00536131 0.00375403 -0.00015077
v 0.00501372 0.00420701 -0.00015077
v 0.00462798 0.00462798 -0.00015077
v 0.00420701 0.00501372 -0.00015077
v 0.00375403 0.00536131 -0.00015077
v 0.00327247 0.00566809 -0.00015077
v 0.00276602 0.00593174 -0.00015077
v 0.00223850 0.00615024 -0.00015077
v 0.00169396 0.00632194 -0.00015077
v 0.00113652 0.00644552 -0.00015077
v 0.00057043 0.00652004 -0.00015077
v 0.00000000 0.00654495 -0.00015077
v -0.00057043 0.00652004 -0.00015077
v -0.00113652 0.00644552 -0.00015077
v -0.00169396 0.00632194 -0.00015077
v -0.00223850 0.00615024 -0.00015077
v -0.00276602 0.00593174 -0.00015077
v -0.00327247 0.00566809 -0.00015077
v -0.00375403 0.00536131 -0.00015077
v -0.00420701 0.00501372 -0.00015077
v -0.00462798 0.00462798 -0.00015077
v -0.00501372 0.00420701 -0.00015077
v -0.00536131 0.00375403 -0.00015077
v -0.00566809 0.00327247 -0.00015077
v -0.00593174 0.00276602 -0.00015077
v -0.00615024 0.00223850 -0.00015077
v -0.00632194 0.00169396 -0.00015077
v -0.00644552 0.00113652 -0.00015077
v -0.00652004 0.00057043 -0.00015077
v -0.00654495 0.00000000 -0.00015077
v -0.00652004 -0.00057043 -0.00015077
v -0.00644552 -0.00113652 -0.00015077
v -0.00632194 -0.00169396 -0.00015077
v -0.00615024 -0.00223850 -0.00015077
v -0.00593174 -0.00276602 -0.00015077
v -0.00566809 -0.00327247 -0.00015077
v -0.00536131 -0.00375403 -0.00015077
v -0.00501372 -0.00420701 -0.00015077
v -0.00462798 -0.00462798 -0.00015077
v -0.00420701 -0.00501372 -0.00015077
v -0.00375403 -0.00536131 -0.00015077
v -0.00327247 -0.00566809 -0.00015077
v -0.00276602 -0.00593174 -0.00015077
v -0.00223850 -0.00615024 -0.00015077
v -0.00169396 -0.00632194 -0.00015077
v -0.00113652 -0.00644552 -0.00015077
v -0.00057043 -0.00652004 -0.00015077
v -0.00000000 -0.00654495 -0.00015077
v 0.00057043 -0.00652004 -0.00015077
v 0.00113652 -0.00644552 -0.00015077
v 0.00169396 -0.00632194 -0.00015077
v 0.00223850 -0.00615024 -0.00015077
v 0.00276602 -0.00593174 -0.00015077
v 0.00327247 -0.00566809 -0.00015077
v 0.00375403 -0.00536131 -0.00015077
v 0.00420701 -0.00501372 -0.00015077
v 0.00462798 -0.00462798 -0.00015077
v 0.00501372 -0.00420701 -0.00015077
v 0.00536131 -0.00375403 -0.00015077
v 0.00566809 -0.00327247 -0.00015077
v 0.00593174 -0.00276602 -0.00015077
v 0.00615024 -0.00223850 -0.00015077
v 0.00632194 -0.00169396 -0.00015077
v 0.00644552 -0.00113652 -0.00015077
v 0.00652004 -0.00057043 -0.00015077
v 0.00654495 -0.00000000 -0.00015077
v 0.00631932 0.00055287 -0.00023423
v 0.00624708 0.00110153 -0.00023423
v 0.00612731 0.00164181 -0.00023423
v 0.00596090 0.00216959 -0.00023423
v 0.00574912 0.00268086 -0.00023423
v 0.00549359 0.00317173 -0.00023423
v 0.00519625 0.00363846 -0.00023423
v 0.00485937 0.00407749 -0.00023423
v 0.00448550 0.00448550 -0.00023423
v 0.00407749 0.00485937 -0.00023423
v 0.00363846 0.00519625 -0.00023423
v 0.00317173 0.00549359 -0.00023423
v 0.00268086 0.00574912 -0.00023423
v 0.00216959 0.00596090 -0.00023423
v 0.00164181 0.00612731 -0.00023423
v 0.00110153 0.00624708 -0.00023423
v 0.00055287 0.00631932 -0.00023423
v 0.00000000 0.00634345 -0.00023423
v -0.00055287 0.00631932 -0.00023423
v -0.00110153 0.00624708 -0.00023423
v -0.00164181 0.00612731 -0.00023423
v -0.00216959 0.00596090 -0.00023423
v -0.00268086 0.00574912 -0.00023423
v -0.00317173 0.00549359 -0.00023423
v -0.00363846 0.00519625 -0.00023423
v -0.00407749 0.00485937 -0.00023423
v -0.00448550 0.00448550 -0.00023423
v -0.00485937 0.00407749 -0.00023423
v -0.00519625 0.00363846 -0.00023423
v -0.00549359 0.00317173 -0.00023423
v -0.00574912 0.00268086 -0.00023423
v -0.00596090 0.00216959 -0.00023423
v -0.00612731 0.00164181 -0.00023423
v -0.00624708 0.00110153 -0.00023423
v -0.00631932 0.00055287 -0.00023423
v -0.00634345 0.00000000 -0.00023423
v -0.00631932 -0.00055287 -0.00023423
v -0.00624708 -0.00110153 -0.00023423
v -0.00612731 -0.00164181 -0.00023423
v -0.00596090 -0.00216959 -0.00023423
v -0.00574912 -0.00268086 -0.00023423
v -0.00549359 -0.00317173 -0.00023423
v -0.00519625 -0.00363846 -0.00023423
v -0.00485937 -0.00407749 -0.00023423
v -0.00448550 -0.00448550 -0.00023423
v -0.00407749 -0.00485937 -0.00023423
v -0.00363846 -0.00519625 -0.00023423
v -0.00317173 -0.00549359 -0.00023423
v -0.00268086 -0.00574912 -0.00023423
v -0.00216959 -0.00596090 -0.00023423
v -0.00164181 -0.00612731 -0.00023423
v -0.00110153 -0.00624708 -0.00023423
v -0.00055287 -0.00631932 -0.00023423
v -0.00000000 -0.00634345 -0.00023423
v 0.00055287 -0.00631932 -0.00023423
v 0.00110153 -0.00624708 -0.00023423
v 0.00164181 -0.00612731 -0.00023423
v 0.00216959 -0.00596090 -0.00023423
v 0.00268086 -0.00574912 -0.00023423
v 0.00317173 -0.00549359 -0.00023423
v 0.00363846 -0.00519625 -0.00023423
v 0.00407749 -0.00485937 -0.00023423
v 0.00448550 -0.00448550 -0.00023423
v 0.00485937 -0.00407749 -0.00023423
v 0.00519625 -0.00363846 -0.00023423
v 0.00549359 -0.00317173 -0.00023423
v 0.00574912 -0.00268086 -0.00023423
v 0.00596090 -0.00216959 -0.00023423
v 0.00612731 -0.00164181 -0.00023423
v 0.00624708 -0.00110153 -0.00023423
v 0.00631932 -0.00055287 -0.00023423
v 0.00634345 -0.00000000 -0.00023423
v 0.00612660 0.00053601 -0.00033494
v 0.00605657 0.00106794 -0.00033494
v 0.00594044 0.00159174 -0.00033494
v 0.00577911 0.00210342 -0.00033494
v 0.00557379 0.00259910 -0.00033494
v 0.00532606 0.00307500 -0.00033494
v 0.00503779 0.00352750 -0.00033494
v 0.00471117 0.00395314 -0.00033494
v 0.00434871 0.00434871 -0.00033494
v 0.00395314 0.00471117 -0.00033494
v 0.00352750 0.00503779 -0.00033494
v 0.00307500 0.00532606 -0.00033494
v 0.00259910 0.00557379 -0.00033494
v 0.00210342 0.00577911 -0.00033494
v 0.00159174 0.00594044 -0.00033494
v 0.00106794 0.00605657 -0.00033494
v 0.00053601 0.00612660 -0.00033494
v 0.00000000 0.00615000 -0.00033494
v -0.00053601 0.00612660 -0.00033494
v -0.00106794 0.00605657 -0.00033494
v -0.00159174 0.00594044 -0.00033494
v -0.00210342 0.00577911 -0.00033494
v -0.00259910 0.00557379 -0.00033494
v -0.00307500 0.00532606 -0.00033494
v -0.00352750 0.00503779 -0.00033494
v -0.00395314 0.00471117 -0.00033494
v -0.00434871 0.00434871 -0.00033494
v -0.00471117 0.00395314 -0.00033494
v -0.00503779 0.00352750 -0.00033494
v -0.00532606 0.00307500 -0.00033494
v -0.00557379 0.00259910 -0.00033494
v -0.00577911 0.00210342 -0.00033494
v -0.00594044 0.00159174 -0.00033494
v -0.00605657 0.00106794 -0.00033494
v -0.00612660 0.00053601 -0.00033494
v -0.00615000 0.00000000 -0.00033494
v -0.00612660 -0.00053601 -0.00033494
v -0.00605657 -0.00106794 -0.00033494
v -0.00594044 -0.00159174 -0.00033494
v -0.00577911 -0.00210342 -0.00033494
v -0.00557379 -0.00259910 -0.00033494
v -0.00532606 -0.00307500 -0.00033494
v -0.00503779 -0.00352750 -0.00033494
v -0.00471117 -0.00395314 -0.00033494
v -0.00434871 -0.00434871 -0.00033494
v -0.00395314 -0.00471117 -0.00033494
v -0.00352750 -0.00503779 -0.00033494
v -0.00307500 -0.00532606 -0.00033494
v -0.00259910 -0.00557379 -0.00033494
v -0.00210342 -0.00577911 -0.00033494
v -0.00159174 -0.00594044 -0.00033494
v -0.00106794 -0.00605657 -0.00033494
v -0.00053601 -0.00612660 -0.00033494
v -0.00000000 -0.00615000 -0.00033494
v 0.00053601 -0.00612660 -0.00033494
v 0.00106794 -0.00605657 -0.00033494
v 0.00159174 -0.00594044 -0.00033494
v 0.00210342 -0.00577911 -0.00033494
v 0.00259910 -0.00557379 -0.00033494
v 0.00307500 -0.00532606 -0.00033494
v 0.00352750 -0.00503779 -0.00033494
v 0.00395314 -0.00471117 -0.00033494
v 0.00434871 -0.00434871 -0.00033494
v 0.00471117 -0.00395314 -0.00033494
v 0.00503779 -0.00352750 -0.00033494
v 0.00532606 -0.00307500 -0.00033494
v 0.00557379 -0.00259910 -0.00033494
v 0.00577911 -0.00210342 -0.00033494
v 0.00594044 -0.00159174 -0.00033494
v 0.00605657 -0.00106794 -0.00033494
v 0.00612660 -0.00053601 -0.00033494
v 0.00615000 -0.00000000 -0.00033494
v 0.00594336 0.00051998 -0.00045212
v 0.00587542 0.00103600 -0.00045212
v 0.00576277 0.00154413 -0.00045212
v 0.00560626 0.00204051 -0.00045212
v 0.00540709 0.00252137 -0.00045212
v 0.00516676 0.00298303 -0.00045212
v 0.00488711 0.00342199 -0.00045212
v 0.00457027 0.00383491 -0.00045212
v 0.00421864 0.00421864 -0.00045212
v 0.00383491 0.00457027 -0.00045212
v 0.00342199 0.00488711 -0.00045212
v 0.00298303 0.00516676 -0.00045212
v 0.00252137 0.00540709 -0.00045212
v 0.00204051 0.00560626 -0.00045212
v 0.00154413 0.00576277 -0.00045212
v 0.00103600 0.00587542 -0.00045212
v 0.00051998 0.00594336 -0.00045212
v 0.00000000 0.00596606 -0.00045212
v -0.00051998 0.00594336 -0.00045212
v -0.00103600 0.00587542 -0.00045212
v -0.00154413 0.00576277 -0.00045212
v -0.00204051 0.00560626 -0.00045212
v -0.00252137 0.00540709 -0.00045212
v -0.00298303 0.00516676 -0.00045212
v -0.00342199 0.00488711 -0.00045212
v -0.00383491 0.00457027 -0.00045212
v -0.00421864 0.00421864 -0.00045212
v -0.00457027 0.00383491 -0.00045212
v -0.00488711 0.00342199 -0.00045212
v -0.00516676 0.00298303 -0.00045212
v -0.00540709 0.00252137 -0.00045212
v -0.00560626 0.00204051 -0.00045212
v -0.00576277 0.00154413 -0.00045212
v -0.00587542 0.00103600 -0.00045212
v -0.00594336 0.00051998 -0.00045212
v -0.00596606 0.00000000 -0.00045212
v -0.00594336 -0.00051998 -0.00045212
v -0.00587542 -0.00103600 -0.00045212
v -0.00576277 -0.00154413 -0.00045212
v -0.00560626 -0.00204051 -0.00045212
v -0.00540709 -0.00252137 -0.00045212
v -0.00516676 -0.00298303 -0.00045212
v -0.00488711 -0.00342199 -0.00045212
v -0.00457027 -0.00383491 -0.00045212
v -0.00421864 -0.00421864 -0.00045212
v -0.00383491 -0.00457027 -0.00045212
v -0.00342199 -0.00488711 -0.00045212
v -0.00298303 -0.00516676 -0.00045212
v -0.00252137 -0.00540709 -0.00045212
v -0.00204051 -0.00560626 -0.00045212
v -0.00154413 -0.00576277 -0.00045212
v -0.00103600 -0.00587542 -0.00045212
v -0.00051998 -0.00594336 -0.00045212
v -0.00000000 -0.00596606 -0.00045212
v 0.00051998 -0.00594336 -0.00045212
v 0.00103600 -0.00587542 -0.00045212
v 0.00154413 -0.00576277 -0.00045212
v 0.00204051 -0.00560626 -0.00045212
v 0.00252137 -0.00540709 -0.00045212
v 0.00298303 -0.00516676 -0.00045212
v 0.00342199 -0.00488711 -0.00045212
v 0.00383491 -0.00457027 -0.00045212
v 0.00421864 -0.00421864 -0.00045212
v 0.00457027 -0.00383491 -0.00045212
v 0.00488711 -0.00342199 -0.00045212
v 0.00516676 -0.00298303 -0.00045212
v 0.00540709 -0.00252137 -0.00045212
v 0.00560626 -0.00204051 -0.00045212
v 0.00576277 -0.00154413 -0.00045212
v 0.00587542 -0.00103600 -0.00045212
v 0.00594336 -0.00051998 -0.00045212
v 0.00596606 -0.00000000 -0.00045212
v 0.00577099 0.00050490 -0.00058489
v 0.00570502 0.00100595 -0.00058489
v 0.00559564 0.00149935 -0.00058489
v 0.00544367 0.00198133 -0.00058489
v 0.00525027 0.00244824 -0.00058489
v 0.00501691 0.00289652 -0.00058489
v 0.00474537 0.00332275 -0.00058489
v 0.00443772 0.00372369 -0.00058489
v 0.00409629 0.00409629 -0.00058489
v 0.00372369 0.00443772 -0.00058489
v 0.00332275 0.00474537 -0.00058489
v 0.00289652 0.00501691 -0.00058489
v 0.00244824 0.00525027 -0.00058489
v 0.00198133 0.00544367 -0.00058489
v 0.00149935 0.00559564 -0.00058489
v 0.00100595 0.00570502 -0.00058489
v 0.00050490 0.00577099 -0.00058489
v 0.00000000 0.00579303 -0.00058489
v -0.00050490 0.00577099 -0.00058489
v -0.00100595 0.00570502 -0.00058489
v -0.00149935 0.00559564 -0.00058489
v -0.00198133 0.00544367 -0.00058489
v -0.00244824 0.00525027 -0.00058489
v -0.00289652 0.00501691 -0.00058489
v -0.00332275 0.00474537 -0.00058489
v -0.00372369 0.00443772 -0.00058489
v -0.00409629 0.00409629 -0.00058489
v -0.00443772 0.00372369 -0.00058489
v -0.00474537 0.00332275 -0.00058489
v -0.00501691 0.00289652 -0.00058489
v -0.00525027 0.00244824 -0.00058489
v -0.00544367 0.00198133 -0.00058489
v -0.00559564 0.00149935 -0.00058489
v -0.00570502 0.00100595 -0.00058489
v -0.00577099 0.00050490 -0.00058489
v -0.00579303 0.00000000 -0.00058489
v -0.00577099 -0.00050490 -0.00058489
v -0.00570502 -0.00100595 -0.00058489
v -0.00559564 -0.00149935 -0.00058489
v -0.00544367 -0.00198133 -0.00058489
v -0.00525027 -0.00244824 -0.00058489
v -0.00501691 -0.00289652 -0.00058489
v -0.00474537 -0.00332275 -0.00058489
v -0.00443772 -0.00372369 -0.00058489
v -0.00409629 -0.00409629 -0.00058489
v -0.00372369 -0.00443772 -0.00058489
v -0.00332275 -0.00474537 -0.00058489
v -0.00289652 -0.00501691 -0.00058489
v -0.00244824 -0.00525027 -0.00058489
v -0.00198133 -0.00544367 -0.00058489
v -0.00149935 -0.00559564 -0.00058489
v -0.00100595 -0.00570502 -0.00058489
v -0.00050490 -0.00577099 -0.00058489
v -0.00000000 -0.00579303 -0.00058489
v 0.00050490 -0.00577099 -0.00058489
v 0.00100595 -0.00570502 -0.00058489
v 0.00149935 -0.00559564 -0.00058489
v 0.00198133 -0.00544367 -0.00058489
v 0.00244824 -0.00525027 -0.00058489
v 0.00289652 -0.00501691 -0.00058489
v 0.00332275 -0.00474537 -0.00058489
v 0.00372369 -0.00443772 -0.00058489
v 0.00409629 -0.00409629 -0.00058489
v 0.00443772 -0.00372369 -0.00058489
v 0.00474537 -0.00332275 -0.00058489
v 0.00501691 -0.00289652 -0.00058489
v 0.00525027 -0.00244824 -0.00058489
v 0.00544367 -0.00198133 -0.00058489
v 0.00559564 -0.00149935 -0.00058489
v 0.00570502 -0.00100595 -0.00058489
v 0.00577099 -0.00050490 -0.00058489
v 0.00579303 -0.00000000 -0.00058489
v 0.00561080 0.00049088 -0.00073223
v 0.00554667 0.00097803 -0.00073223
v 0.00544032 0.00145773 -0.00073223
v 0.00529257 0.00192634 -0.00073223
v 0.00510454 0.00238028 -0.00073223
v 0.00487766 0.00281612 -0.00073223
v 0.00461366 0.00323052 -0.00073223
v 0.00431454 0.00362033 -0.00073223
v 0.00398259 0.00398259 -0.00073223
v 0.00362033 0.00431454 -0.00073223
v 0.00323052 0.00461366 -0.00073223
v 0.00281612 0.00487766 -0.00073223
v 0.00238028 0.00510454 -0.00073223
v 0.00192634 0.00529257 -0.00073223
v 0.00145773 0.00544032 -0.00073223
v 0.00097803 0.00554667 -0.00073223
v 0.00049088 0.00561080 -0.00073223
v 0.00000000 0.00563223 -0.00073223
v -0.00049088 0.00561080 -0.00073223
v -0.00097803 0.00554667 -0.00073223
v -0.00145773 0.00544032 -0.00073223
v -0.00192634 0.00529257 -0.00073223
v -0.00238028 0.00510454 -0.00073223
v -0.00281612 0.00487766 -0.00073223
v -0.00323052 0.00461366 -0.00073223
v -0.00362033 0.00431454 -0.00073223
v -0.00398259 0.00398259 -0.00073223
v -0.00431454 0.00362033 -0.00073223
v -0.00461366 0.00323052 -0.00073223
v -0.00487766 0.00281612 -0.00073223
v -0.00510454 0.00238028 -0.00073223
v -0.00529257 0.00192634 -0.00073223
v -0.00544032 0.00145773 -0.00073223
v -0.00554667 0.00097803 -0.00073223
v -0.00561080 0.00049088 -0.00073223
v -0.00563223 0.00000000 -0.00073223
v -0.00561080 -0.00049088 -0.00073223
v -0.00554667 -0.00097803 -0.00073223
v -0.00544032 -0.00145773 -0.00073223
v -0.00529257 -0.00192634 -0.00073223
v -0.00510454 -0.00238028 -0.00073223
v -0.00487766 -0.00281612 -0.00073223
v -0.00461366 -0.00323052 -0.00073223
v -0.00431454 -0.00362033 -0.00073223
v -0.00398259 -0.00398259 -0.00073223
v -0.00362033 -0.00431454 -0.00073223
v -0.00323052 -0.00461366 -0.00073223
v -0.00281612 -0.00487766 -0.00073223
v -0.00238028 -0.00510454 -0.00073223
v -0.00192634 -0.00529257 -0.00073223
v -0.00145773 -0.00544032 -0.00073223
v -0.00097803 -0.00554667 -0.00073223
v -0.00049088 -0.00561080 -0.00073223
v -0.00000000 -0.00563223 -0.00073223
v 0.00049088 -0.00561080 -0.00073223
v 0.00097803 -0.00554667 -0.00073223
v 0.00145773 -0.00544032 -0.00073223
v 0.00192634 -0.00529257 -0.00073223
v 0.00238028 -0.00510454 -0.00073223
v 0.00281612 -0.00487766 -0.00073223
v 0.00323052 -0.00461366 -0.00073223
v 0.00362033 -0.00431454 -0.00073223
v 0.00398259 -0.00398259 -0.00073223
v 0.00431454 -0.00362033 -0.00073223
v 0.00461366 -0.00323052 -0.00073223
v 0.00487766 -0.00281612 -0.00073223
v 0.00510454 -0.00238028 -0.00073223
v 0.00529257 -0.00192634 -0.00073223
v 0.00544032 -0.00145773 -0.00073223
v 0.00554667 -0.00097803 -0.00073223
v 0.00561080 -0.00049088 -0.00073223
v 0.00563223 -0.00000000 -0.00073223
v 0.00546402 0.00047804 -0.00089303
v 0.00540156 0.00095244 -0.00089303
v 0.00529800 0.00141959 -0.00089303
v 0.00515411 0.00187594 -0.00089303
v 0.00497100 0.00231801 -0.00089303
v 0.00475005 0.00274244 -0.00089303
v 0.00449296 0.00314600 -0.00089303
v 0.00420167 0.00352562 -0.00089303
v 0.00387840 0.00387840 -0.00089303
v 0.00352562 0.00420167 -0.00089303
v 0.00314600 0.00449296 -0.00089303
v 0.00274244 0.00475005 -0.00089303
v 0.00231801 0.00497100 -0.00089303
v 0.00187594 0.00515411 -0.00089303
v 0.00141959 0.00529800 -0.00089303
v 0.00095244 0.00540156 -0.00089303
v 0.00047804 0.00546402 -0.00089303
v 0.00000000 0.00548489 -0.00089303
v -0.00047804 0.00546402 -0.00089303
v -0.00095244 0.00540156 -0.00089303
v -0.00141959 0.00529800 -0.00089303
v -0.00187594 0.00515411 -0.00089303
v -0.00231801 0.00497100 -0.00089303
v -0.00274244 0.00475005 -0.00089303
v -0.00314600 0.00449296 -0.00089303
v -0.00352562 0.00420167 -0.00089303
v -0.00387840 0.00387840 -0.00089303
v -0.00420167 0.00352562 -0.00089303
v -0.00449296 0.00314600 -0.00089303
v -0.00475005 0.00274244 -0.00089303
v -0.00497100 0.00231801 -0.00089303
v -0.00515411 0.00187594 -0.00089303
v -0.00529800 0.00141959 -0.00089303
v -0.00540156 0.00095244 -0.00089303
v -0.00546402 0.00047804 -0.00089303
v -0.00548489 0.00000000 -0.00089303
v -0.00546402 -0.00047804 -0.00089303
v -0.00540156 -0.00095244 -0.00089303
v -0.00529800 -0.00141959 -0.00089303
v -0.00515411 -0.00187594 -0.00089303
v -0.00497100 -0.00231801 -0.00089303
v -0.00475005 -0.00274244 -0.00089303
v -0.00449296 -0.00314600 -0.00089303
v -0.00420167 -0.00352562 -0.00089303
v -0.00387840 -0.00387840 -0.00089303
v -0.00352562 -0.00420167 -0.00089303
v -0.00314600 -0.00449296 -0.00089303
v -0.00274244 -0.00475005 -0.00089303
v -0.00231801 -0.00497100 -0.00089303
v -0.00187594 -0.00515411 -0.00089303
v -0.00141959 -0.00529800 -0.00089303
v -0.00095244 -0.00540156 -0.00089303
v -0.00047804 -0.00546402 -0.00089303
v -0.00000000 -0.00548489 -0.00089303
v 0.00047804 -0.00546402 -0.00089303
v 0.00095244 -0.00540156 -0.00089303
v 0.00141959 -0.00529800 -0.00089303
v 0.00187594 -0.00515411 -0.00089303
v 0.00231801 -0.00497100 -0.00089303
v 0.00274244 -0.00475005 -0.00089303
v 0.00314600 -0.00449296 -0.00089303
v 0.00352562 -0.00420167 -0.00089303
v 0.00387840 -0.00387840 -0.00089303
v 0.00420167 -0.00352562 -0.00089303
v 0.00449296 -0.00314600 -0.00089303
v 0.00475005 -0.00274244 -0.00089303
v 0.00497100 -0.00231801 -0.00089303
v 0.00515411 -0.00187594 -0.00089303
v 0.00529800 -0.00141959 -0.00089303
v 0.00540156 -0.00095244 -0.00089303
v 0.00546402 -0.00047804 -0.00089303
v 0.00548489 -0.00000000 -0.00089303
v 0.00533175 0.00046647 -0.00106606
v 0.00527081 0.00092939 -0.00106606
v 0.00516975 0.00138523 -0.00106606
v 0.00502935 0.00183053 -0.00106606
v 0.00485067 0.00226190 -0.00106606
v 0.00463507 0.00267606 -0.00106606
v 0.00438420 0.00306985 -0.00106606
v 0.00409996 0.00344028 -0.00106606
v 0.00378452 0.00378452 -0.00106606
v 0.00344028 0.00409996 -0.00106606
v 0.00306985 0.00438420 -0.00106606
v 0.00267606 0.00463507 -0.00106606
v 0.00226190 0.00485067 -0.00106606
v 0.00183053 0.00502935 -0.00106606
v 0.00138523 0.00516975 -0.00106606
v 0.00092939 0.00527081 -0.00106606
v 0.00046647 0.00533175 -0.00106606
v 0.00000000 0.00535212 -0.00106606
v -0.00046647 0.00533175 -0.00106606
v -0.00092939 0.00527081 -0.00106606
v -0.00138523 0.00516975 -0.00106606
v -0.00183053 0.00502935 -0.00106606
v -0.00226190 0.00485067 -0.00106606
v -0.00267606 0.00463507 -0.00106606
v -0.00306985 0.00438420 -0.00106606
v -0.00344028 0.00409996 -0.00106606
v -0.00378452 0.00378452 -0.00106606
v -0.00409996 0.00344028 -0.00106606
v -0.00438420 0.00306985 -0.00106606
v -0.00463507 0.00267606 -0.00106606
v -0.00485067 0.00226190 -0.00106606
v -0.00502935 0.00183053 -0.00106606
v -0.00516975 0.00138523 -0.00106606
v -0.00527081 0.00092939 -0.00106606
v -0.00533175 0.00046647 -0.00106606
v -0.00535212 0.00000000 -0.00106606
v -0.00533175 -0.00046647 -0.00106606
v -0.00527081 -0.00092939 -0.00106606
v -0.00516975 -0.00138523 -0.00106606
v -0.00502935 -0.00183053 -0.00106606
v -0.00485067 -0.00226190 -0.00106606
v -0.00463507 -0.00267606 -0.00106606
v -0.00438420 -0.00306985 -0.00106606
v -0.00409996 -0.00344028 -0.00106606
v -0.00378452 -0.00378452 -0.00106606
v -0.00344028 -0.00409996 -0.00106606
v -0.00306985 -0.00438420 -0.00106606
v -0.00267606 -0.00463507 -0.00106606
v -0.00226190 -0.00485067 -0.00106606
v -0.00183053 -0.00502935 -0.00106606
v -0.00138523 -0.00516975 -0.00106606
v -0.00092939 -0.00527081 -0.00106606
v -0.00046647 -0.00533175 -0.00106606
v -0.00000000 -0.00535212 -0.00106606
v 0.00046647 -0.00533175 -0.00106606
v 0.00092939 -0.00527081 -0.00106606
v 0.00138523 -0.00516975 -0.00106606
v 0.00183053 -0.00502935 -0.00106606
v 0.00226190 -0.00485067 -0.00106606
v 0.00267606 -0.00463507 -0.00106606
v 0.00306985 -0.00438420 -0.00106606
v 0.00344028 -0.00409996 -0.00106606
v 0.00378452 -0.00378452 -0.00106606
v 0.00409996 -0.00344028 -0.00106606
v 0.00438420 -0.00306985 -0.00106606
v 0.00463507 -0.00267606 -0.00106606
v 0.00485067 -0.00226190 -0.00106606
v 0.00502935 -0.00183053 -0.00106606
v 0.00516975 -0.00138523 -0.00106606
v 0.00527081 -0.00092939 -0.00106606
v 0.00533175 -0.00046647 -0.00106606
v 0.00535212 -0.00000000 -0.00106606
v 0.00521502 0.00045625 -0.00125000
v 0.00515541 0.00090904 -0.00125000
v 0.00505656 0.00135490 -0.00125000
v 0.00491923 0.00179045 -0.00125000
v 0.00474446 0.00221238 -0.00125000
v 0.00453359 0.00261747 -0.00125000
v 0.00428821 0.00300264 -0.00125000
v 0.00401019 0.00336495 -0.00125000
v 0.00370166 0.00370166 -0.00125000
v 0.00336495 0.00401019 -0.00125000
v 0.00300264 0.00428821 -0.00125000
v 0.00261747 0.00453359 -0.00125000
v 0.00221238 0.00474446 -0.00125000
v 0.00179045 0.00491923 -0.00125000
v 0.00135490 0.00505656 -0.00125000
v 0.00090904 0.00515541 -0.00125000
v 0.00045625 0.00521502 -0.00125000
v 0.00000000 0.00523494 -0.00125000
v -0.00045625 0.00521502 -0.00125000
v -0.00090904 0.00515541 -0.00125000
v -0.00135490 0.00505656 -0.00125000
v -0.00179045 0.00491923 -0.00125000
v -0.00221238 0.00474446 -0.00125000
v -0.00261747 0.00453359 -0.00125000
v -0.00300264 0.00428821 -0.00125000
v -0.00336495 0.00401019 -0.00125000
v -0.00370166 0.00370166 -0.00125000
v -0.00401019 0.00336495 -0.00125000
v -0.00428821 0.00300264 -0.00125000
v -0.00453359 0.00261747 -0.00125000
v -0.00474446 0.00221238 -0.00125000
v -0.00491923 0.00179045 -0.00125000
v -0.00505656 0.00135490 -0.00125000
v -0.00515541 0.00090904 -0.00125000
v -0.00521502 0.00045625 -0.00125000
v -0.00523494 0.00000000 -0.00125000
v -0.00521502 -0.00045625 -0.00125000
v -0.00515541 -0.00090904 -0.00125000
v -0.00505656 -0.00135490 -0.00125000
v -0.00491923 -0.00179045 -0.00125000
v -0.00474446 -0.00221238 -0.00125000
v -0.00453359 -0.00261747 -0.00125000
v -0.00428821 -0.00300264 -0.00125000
v -0.00401019 -0.00336495 -0.00125000
v -0.00370166 -0.00370166 -0.00125000
v -0.00336495 -0.00401019 -0.00125000
v -0.00300264 -0.00428821 -0.00125000
v -0.00261747 -0.00453359 -0.00125000
v -0.00221238 -0.00474446 -0.00125000
v -0.00179045 -0.00491923 -0.00125000
v -0.00135490 -0.00505656 -0.00125000
v -0.00090904 -0.00515541 -0.00125000
v -0.00045625 -0.00521502 -0.00125000
v -0.00000000 -0.00523494 -0.00125000
v 0.00045625 -0.00521502 -0.00125000
v 0.00090904 -0.00515541 -0.00125000
v 0.00135490 -0.00505656 -0.00125000
v 0.00179045 -0.00491923 -0.00125000
v 0.00221238 -0.00474446 -0.00125000
v 0.00261747 -0.00453359 -0.00125000
v 0.00300264 -0.00428821 -0.00125000
v 0.00336495 -0.00401019 -0.00125000
v 0.00370166 -0.00370166 -0.00125000
v 0.00401019 -0.00336495 -0.00125000
v 0.00428821 -0.00300264 -0.00125000
v 0.00453359 -0.00261747 -0.00125000
v 0.00474446 -0.00221238 -0.00125000
v 0.00491923 -0.00179045 -0.00125000
v 0.00505656 -0.00135490 -0.00125000
v 0.00515541 -0.00090904 -0.00125000
v 0.00521502 -0.00045625 -0.00125000
v 0.00523494 -0.00000000 -0.00125000
v 0.00511469 0.00044748 -0.00144345
v 0.00505623 0.00089155 -0.00144345
v 0.00495929 0.00132884 -0.00144345
v 0.00482460 0.00175601 -0.00144345
v 0.00465319 0.00216982 -0.00144345
v 0.00444637 0.00256712 -0.00144345
v 0.00420572 0.00294487 -0.00144345
v 0.00393305 0.00330022 -0.00144345
v 0.00363045 0.00363045 -0.00144345
v 0.00330022 0.00393305 -0.00144345
v 0.00294487 0.00420572 -0.00144345
v 0.00256712 0.00444637 -0.00144345
v 0.00216982 0.00465319 -0.00144345
v 0.00175601 0.00482460 -0.00144345
v 0.00132884 0.00495929 -0.00144345
v 0.00089155 0.00505623 -0.00144345
v 0.00044748 0.00511469 -0.00144345
v 0.00000000 0.00513423 -0.00144345
v -0.00044748 0.00511469 -0.00144345
v -0.00089155 0.00505623 -0.00144345
v -0.00132884 0.00495929 -0.00144345
v -0.00175601 0.00482460 -0.00144345
v -0.00216982 0.00465319 -0.00144345
v -0.00256712 0.00444637 -0.00144345
v -0.00294487 0.00420572 -0.00144345
v -0.00330022 0.00393305 -0.00144345
v -0.00363045 0.00363045 -0.00144345
v -0.00393305 0.00330022 -0.00144345
v -0.00420572 0.00294487 -0.00144345
v -0.00444637 0.00256712 -0.00144345
v -0.00465319 0.00216982 -0.00144345
v -0.00482460 0.00175601 -0.00144345
v -0.00495929 0.00132884 -0.00144345
v -0.00505623 0.00089155 -0.00144345
v -0.00511469 0.00044748 -0.00144345
v -0.00513423 0.00000000 -0.00144345
v -0.00511469 -0.00044748 -0.00144345
v -0.00505623 -0.00089155 -0.00144345
v -0.00495929 -0.00132884 -0.00144345
v -0.00482460 -0.00175601 -0.00144345
v -0.00465319 -0.00216982 -0.00144345
v -0.00444637 -0.00256712 -0.00144345
v -0.00420572 -0.00294487 -0.00144345
v -0.00393305 -0.00330022 -0.00144345
v -0.00363045 -0.00363045 -0.00144345
v -0.00330022 -0.00393305 -0.00144345
v -0.00294487 -0.00420572 -0.00144345
v -0.00256712 -0.00444637 -0.00144345
v -0.00216982 -0.00465319 -0.00144345
v -0.00175601 -0.00482460 -0.00144345
v -0.00132884 -0.00495929 -0.00144345
v -0.00089155 -0.00505623 -0.00144345
v -0.00044748 -0.00511469 -0.00144345
v -0.00000000 -0.00513423 -0.00144345
v 0.00044748 -0.00511469 -0.00144345
v 0.00089155 -0.00505623 -0.00144345
v 0.00132884 -0.00495929 -0.00144345
v 0.00175601 -0.00482460 -0.00144345
v 0.00216982 -0.00465319 -0.00144345
v 0.00256712 -0.00444637 -0.00144345
v 0.00294487 -0.00420572 -0.00144345
v 0.00330022 -0.00393305 -0.00144345
v 0.00363045 -0.00363045 -0.00144345
v 0.00393305 -0.00330022 -0.00144345
v 0.00420572 -0.00294487 -0.00144345
v 0.00444637 -0.00256712 -0.00144345
v 0.00465319 -0.00216982 -0.00144345
v 0.00482460 -0.00175601 -0.00144345
v 0.00495929 -0.00132884 -0.00144345
v 0.00505623 -0.00089155 -0.00144345
v 0.00511469 -0.00044748 -0.00144345
v 0.00513423 -0.00000000 -0.00144345
v 0.00503155 0.00044020 -0.00164495
v 0.00497404 0.00087706 -0.00164495
v 0.00487867 0.00130724 -0.00164495
v 0.00474617 0.00172746 -0.00164495
v 0.00457755 0.00213455 -0.00164495
v 0.00437409 0.00252538 -0.00164495
v 0.00413735 0.00289700 -0.00164495
v 0.00386911 0.00324657 -0.00164495
v 0.00357143 0.00357143 -0.00164495
v 0.00324657 0.00386911 -0.00164495
v 0.00289700 0.00413735 -0.00164495
v 0.00252538 0.00437409 -0.00164495
v 0.00213455 0.00457755 -0.00164495
v 0.00172746 0.00474617 -0.00164495
v 0.00130724 0.00487867 -0.00164495
v 0.00087706 0.00497404 -0.00164495
v 0.00044020 0.00503155 -0.00164495
v 0.00000000 0.00505077 -0.00164495
v -0.00044020 0.00503155 -0.00164495
v -0.00087706 0.00497404 -0.00164495
v -0.00130724 0.00487867 -0.00164495
v -0.00172746 0.00474617 -0.00164495
v -0.00213455 0.00457755 -0.00164495
v -0.00252538 0.00437409 -0.00164495
v -0.00289700 0.00413735 -0.00164495
v -0.00324657 0.00386911 -0.00164495
v -0.00357143 0.00357143 -0.00164495
v -0.00386911 0.00324657 -0.00164495
v -0.00413735 0.00289700 -0.00164495
v -0.00437409 0.00252538 -0.00164495
v -0.00457755 0.00213455 -0.00164495
v -0.00474617 0.00172746 -0.00164495
v -0.00487867 0.00130724 -0.00164495
v -0.00497404 0.00087706 -0.00164495
v -0.00503155 0.00044020 -0.00164495
v -0.00505077 0.00000000 -0.00164495
v -0.00503155 -0.00044020 -0.00164495
v -0.00497404 -0.00087706 -0.00164495
v -0.00487867 -0.00130724 -0.00164495
v -0.00474617 -0.00172746 -0.00164495
v -0.00457755 -0.00213455 -0.00164495
v -0.00437409 -0.00252538 -0.00164495
v -0.00413735 -0.00289700 -0.00164495
v -0.00386911 -0.00324657 -0.00164495
v -0.00357143 -0.00357143 -0.00164495
v -0.00324657 -0.00386911 -0.00164495
v -0.00289700 -0.00413735 -0.00164495
v -0.00252538 -0.00437409 -0.00164495
v -0.00213455 -0.00457755 -0.00164495
v -0.00172746 -0.00474617 -0.00164495
v -0.00130724 -0.00487867 -0.00164495
v -0.00087706 -0.00497404 -0.00164495
v -0.00044020 -0.00503155 -0.00164495
v -0.00000000 -0.00505077 -0.00164495
v 0.00044020 -0.00503155 -0.00164495
v 0.00087706 -0.00497404 -0.00164495
v 0.00130724 -0.00487867 -0.00164495
v 0.00172746 -0.00474617 -0.00164495
v 0.00213455 -0.00457755 -0.00164495
v 0.00252538 -0.00437409 -0.00164495
v 0.00289700 -0.00413735 -0.00164495
v 0.00324657 -0.00386911 -0.00164495
v 0.00357143 -0.00357143 -0.00164495
v 0.00386911 -0.00324657 -0.00164495
v 0.00413735 -0.00289700 -0.00164495
v 0.00437409 -0.00252538 -0.00164495
v 0.00457755 -0.00213455 -0.00164495
v 0.00474617 -0.00172746 -0.00164495
v 0.00487867 -0.00130724 -0.00164495
v 0.00497404 -0.00087706 -0.00164495
v 0.00503155 -0.00044020 -0.00164495
v 0.00505077 -0.00000000 -0.00164495
v 0.00496622 0.00043449 -0.00185295
v 0.00490945 0.00086567 -0.00185295
v 0.00481532 0.00129026 -0.00185295
v 0.00468454 0.00170503 -0.00185295
v 0.00451811 0.00210683 -0.00185295
v 0.00431730 0.00249259 -0.00185295
v 0.00408363 0.00285938 -0.00185295
v 0.00381887 0.00320442 -0.00185295
v 0.00352506 0.00352506 -0.00185295
v 0.00320442 0.00381887 -0.00185295
v 0.00285938 0.00408363 -0.00185295
v 0.00249259 0.00431730 -0.00185295
v 0.00210683 0.00451811 -0.00185295
v 0.00170503 0.00468454 -0.00185295
v 0.00129026 0.00481532 -0.00185295
v 0.00086567 0.00490945 -0.00185295
v 0.00043449 0.00496622 -0.00185295
v 0.00000000 0.00498519 -0.00185295
v -0.00043449 0.00496622 -0.00185295
v -0.00086567 0.00490945 -0.00185295
v -0.00129026 0.00481532 -0.00185295
v -0.00170503 0.00468454 -0.00185295
v -0.00210683 0.00451811 -0.00185295
v -0.00249259 0.00431730 -0.00185295
v -0.00285938 0.00408363 -0.00185295
v -0.00320442 0.00381887 -0.00185295
v -0.00352506 0.00352506 -0.00185295
v -0.00381887 0.00320442 -0.00185295
v -0.00408363 0.00285938 -0.00185295
v -0.00431730 0.00249259 -0.00185295
v -0.00451811 0.00210683 -0.00185295
v -0.00468454 0.00170503 -0.00185295
v -0.00481532 0.00129026 -0.00185295
v -0.00490945 0.00086567 -0.00185295
v -0.00496622 0.00043449 -0.00185295
v -0.00498519 0.00000000 -0.00185295
v -0.00496622 -0.00043449 -0.00185295
v -0.00490945 -0.00086567 -0.00185295
v -0.00481532 -0.00129026 -0.00185295
v -0.00468454 -0.00170503 -0.00185295
v -0.00451811 -0.00210683 -0.00185295
v -0.00431730 -0.00249259 -0.00185295
v -0.00408363 -0.00285938 -0.00185295
v -0.00381887 -0.00320442 -0.00185295
v -0.00352506 -0.00352506 -0.00185295
v -0.00320442 -0.00381887 -0.00185295
v -0.00285938 -0.00408363 -0.00185295
v -0.00249259 -0.00431730 -0.00185295
v -0.00210683 -0.00451811 -0.00185295
v -0.00170503 -0.00468454 -0.00185295
v -0.00129026 -0.00481532 -0.00185295
v -0.00086567 -0.00490945 -0.00185295
v -0.00043449 -0.00496622 -0.00185295
v -0.00000000 -0.00498519 -0.00185295
v 0.00043449 -0.00496622 -0.00185295
v 0.00086567 -0.00490945 -0.00185295
v 0.00129026 -0.00481532 -0.00185295
v 0.00170503 -0.00468454 -0.00185295
v 0.00210683 -0.00451811 -0.00185295
v 0.00249259 -0.00431730 -0.00185295
v 0.00285938 -0.00408363 -0.00185295
v 0.00320442 -0.00381887 -0.00185295
v 0.00352506 -0.00352506 -0.00185295
v 0.00381887 -0.00320442 -0.00185295
v 0.00408363 -0.00285938 -0.00185295
v 0.00431730 -0.00249259 -0.00185295
v 0.00451811 -0.00210683 -0.00185295
v 0.00468454 -0.00170503 -0.00185295
v 0.00481532 -0.00129026 -0.00185295
v 0.00490945 -0.00086567 -0.00185295
v 0.00496622 -0.00043449 -0.00185295
v 0.00498519 -0.00000000 -0.00185295
v 0.00491919 0.00043037 -0.00206588
v 0.00486296 0.00085747 -0.00206588
v 0.00476972 0.00127804 -0.00206588
v 0.00464018 0.00168889 -0.00206588
v 0.00447533 0.00208688 -0.00206588
v 0.00427642 0.00246899 -0.00206588
v 0.00404496 0.00283231 -0.00206588
v 0.00378271 0.00317407 -0.00206588
v 0.00349168 0.00349168 -0.00206588
v 0.00317407 0.00378271 -0.00206588
v 0.00283231 0.00404496 -0.00206588
v 0.00246899 0.00427642 -0.00206588
v 0.00208688 0.00447533 -0.00206588
v 0.00168889 0.00464018 -0.00206588
v 0.00127804 0.00476972 -0.00206588
v 0.00085747 0.00486296 -0.00206588
v 0.00043037 0.00491919 -0.00206588
v 0.00000000 0.00493798 -0.00206588
v -0.00043037 0.00491919 -0.00206588
v -0.00085747 0.00486296 -0.00206588
v -0.00127804 0.00476972 -0.00206588
v -0.00168889 0.00464018 -0.00206588
v -0.00208688 0.00447533 -0.00206588
v -0.00246899 0.00427642 -0.00206588
v -0.00283231 0.00404496 -0.00206588
v -0.00317407 0.00378271 -0.00206588
v -0.00349168 0.00349168 -0.00206588
v -0.00378271 0.00317407 -0.00206588
v -0.00404496 0.00283231 -0.00206588
v -0.00427642 0.00246899 -0.00206588
v -0.00447533 0.00208688 -0.00206588
v -0.00464018 0.00168889 -0.00206588
v -0.00476972 0.00127804 -0.00206588
v -0.00486296 0.00085747 -0.00206588
v -0.00491919 0.00043037 -0.00206588
v -0.00493798 0.00000000 -0.00206588
v -0.00491919 -0.00043037 -0.00206588
v -0.00486296 -0.00085747 -0.00206588
v -0.00476972 -0.00127804 -0.00206588
v -0.00464018 -0.00168889 -0.00206588
v -0.00447533 -0.00208688 -0.00206588
v -0.00427642 -0.00246899 -0.00206588
v -0.00404496 -0.00283231 -0.00206588
v -0.00378271 -0.00317407 -0.00206588
v -0.00349168 -0.00349168 -0.00206588
v -0.00317407 -0.00378271 -0.00206588
v -0.00283231 -0.00404496 -0.00206588
v -0.00246899 -0.00427642 -0.00206588
v -0.00208688 -0.00447533 -0.00206588
v -0.00168889 -0.00464018 -0.00206588
v -0.00127804 -0.00476972 -0.00206588
v -0.00085747 -0.00486296 -0.00206588
v -0.00043037 -0.00491919 -0.00206588
v -0.00000000 -0.00493798 -0.00206588
v 0.00043037 -0.00491919 -0.00206588
v 0.00085747 -0.00486296 -0.00206588
v 0.00127804 -0.00476972 -0.00206588
v 0.00168889 -0.00464018 -0.00206588
v 0.00208688 -0.00447533 -0.00206588
v 0.00246899 -0.00427642 -0.00206588
v 0.00283231 -0.00404496 -0.00206588
v 0.00317407 -0.00378271 -0.00206588
v 0.00349168 -0.00349168 -0.00206588
v 0.00378271 -0.00317407 -0.00206588
v 0.00404496 -0.00283231 -0.00206588
v 0.00427642 -0.00246899 -0.00206588
v 0.00447533 -0.00208688 -0.00206588
v 0.00464018 -0.00168889 -0.00206588
v 0.00476972 -0.00127804 -0.00206588
v 0.00486296 -0.00085747 -0.00206588
v 0.00491919 -0.00043037 -0.00206588
v 0.00493798 -0.00000000 -0.00206588
v 0.00489083 0.00042789 -0.00228211
v 0.00483493 0.00085253 -0.00228211
v 0.00474223 0.00127068 -0.00228211
v 0.00461343 0.00167915 -0.00228211
v 0.00444953 0.00207485 -0.00228211
v 0.00425176 0.00245476 -0.00228211
v 0.00402164 0.00281598 -0.00228211
v 0.00376091 0.00315577 -0.00228211
v 0.00347155 0.00347155 -0.00228211
v 0.00315577 0.00376091 -0.00228211
v 0.00281598 0.00402164 -0.00228211
v 0.00245476 0.00425176 -0.00228211
v 0.00207485 0.00444953 -0.00228211
v 0.00167915 0.00461343 -0.00228211
v 0.00127068 0.00474223 -0.00228211
v 0.00085253 0.00483493 -0.00228211
v 0.00042789 0.00489083 -0.00228211
v 0.00000000 0.00490951 -0.00228211
v -0.00042789 0.00489083 -0.00228211
v -0.00085253 0.00483493 -0.00228211
v -0.00127068 0.00474223 -0.00228211
v -0.00167915 0.00461343 -0.00228211
v -0.00207485 0.00444953 -0.00228211
v -0.00245476 0.00425176 -0.00228211
v -0.00281598 0.00402164 -0.00228211
v -0.00315577 0.00376091 -0.00228211
v -0.00347155 0.00347155 -0.00228211
v -0.00376091 0.00315577 -0.00228211
v -0.00402164 0.00281598 -0.00228211
v -0.00425176 0.00245476 -0.00228211
v -0.00444953 0.00207485 -0.00228211
v -0.00461343 0.00167915 -0.00228211
v -0.00474223 0.00127068 -0.00228211
v -0.00483493 0.00085253 -0.00228211
v -0.00489083 0.00042789 -0.00228211
v -0.00490951 0.00000000 -0.00228211
v -0.00489083 -0.00042789 -0.00228211
v -0.00483493 -0.00085253 -0.00228211
v -0.00474223 -0.00127068 -0.00228211
v -0.00461343 -0.00167915 -0.00228211
v -0.00444953 -0.00207485 -0.00228211
v -0.00425176 -0.00245476 -0.00228211
v -0.00402164 -0.00281598 -0.00228211
v -0.00376091 -0.00315577 -0.00228211
v -0.00347155 -0.00347155 -0.00228211
v -0.00315577 -0.00376091 -0.00228211
v -0.00281598 -0.00402164 -0.00228211
v -0.00245476 -0.00425176 -0.00228211
v -0.00207485 -0.00444953 -0.00228211
v -0.00167915 -0.00461343 -0.00228211
v -0.00127068 -0.00474223 -0.00228211
v -0.00085253 -0.00483493 -0.00228211
v -0.00042789 -0.00489083 -0.00228211
v -0.00000000 -0.00490951 -0.00228211
v 0.00042789 -0.00489083 -0.00228211
v 0.00085253 -0.00483493 -0.00228211
v 0.00127068 -0.00474223 -0.00228211
v 0.00167915 -0.00461343 -0.00228211
v 0.00207485 -0.00444953 -0.00228211
v 0.00245476 -0.00425176 -0.00228211
v 0.00281598 -0.00402164 -0.00228211
v 0.00315577 -0.00376091 -0.00228211
v 0.00347155 -0.00347155 -0.00228211
v 0.00376091 -0.00315577 -0.00228211
v 0.00402164 -0.00281598 -0.00228211
v 0.00425176 -0.00245476 -0.00228211
v 0.00444953 -0.00207485 -0.00228211
v 0.00461343 -0.00167915 -0.00228211
v 0.00474223 -0.00127068 -0.00228211
v 0.00483493 -0.00085253 -0.00228211
v 0.00489083 -0.00042789 -0.00228211
v 0.00490951 -0.00000000 -0.00228211
v 0.01428750 -0.01270000 0.02381250
v 0.01414914 -0.01269396 0.02381250
v 0.01428750 -0.01270604 0.02395086
v 0.01414861 -0.01269998 0.02395086
v 0.01428750 -0.01272412 0.02408817
v 0.01414704 -0.01271798 0.02408817
v 0.01428750 -0.01275409 0.02422338
v 0.01414443 -0.01274785 0.02422338
v 0.01428750 -0.01279574 0.02435546
v 0.01414080 -0.01278933 0.02435546
v 0.01428750 -0.01284874 0.02448341
v 0.01413618 -0.01284213 0.02448341
v 0.01428750 -0.01291269 0.02460625
v 0.01413060 -0.01290583 0.02460625
v 0.01428750 -0.01298710 0.02472305
v 0.01412412 -0.01297996 0.02472305
v 0.01428750 -0.01307140 0.02483292
v 0.01411677 -0.01306395 0.02483292
v 0.01428750 -0.01316497 0.02493503
v 0.01410862 -0.01315716 0.02493503
v 0.01428750 -0.01326707 0.02502860
v 0.01409972 -0.01325888 0.02502860
v 0.01428750 -0.01337695 0.02511290
v 0.01409014 -0.01336833 0.02511290
v 0.01428750 -0.01349375 0.02518732
v 0.01407996 -0.01348469 0.02518732
v 0.01428750 -0.01361659 0.02525126
v 0.01406925 -0.01360706 0.02525126
v 0.01428750 -0.01374454 0.02530426
v 0.01405810 -0.01373453 0.02530426
v 0.01428750 -0.01387662 0.02534591
v 0.01404659 -0.01386611 0.02534591
v 0.01428750 -0.01401183 0.02537588
v 0.01403481 -0.01400080 0.02537588
v 0.01428750 -0.01414914 0.02539396
v 0.01402284 -0.01413758 0.02539396
v 0.01428750 -0.01428750 0.02540000
v 0.01401078 -0.01427542 0.02540000
v 0.01401183 -0.01267588 0.02381250
v 0.01401078 -0.01268183 0.02395086
v 0.01400765 -0.01269963 0.02408817
v 0.01400244 -0.01272915 0.02422338
v 0.01399521 -0.01277017 0.02435546
v 0.01398601 -0.01282236 0.02448341
v 0.01397490 -0.01288534 0.02460625
v 0.01396198 -0.01295862 0.02472305
v 0.01394734 -0.01304164 0.02483292
v 0.01393109 -0.01313379 0.02493503
v 0.01391336 -0.01323434 0.02502860
v 0.01389428 -0.01334255 0.02511290
v 0.01387400 -0.01345757 0.02518732
v 0.01385267 -0.01357855 0.02525126
v 0.01383045 -0.01370456 0.02530426
v 0.01380751 -0.01383463 0.02534591
v 0.01378404 -0.01396779 0.02537588
v 0.01376019 -0.01410301 0.02539396
v 0.01373617 -0.01423926 0.02540000
v 0.01387662 -0.01264591 0.02381250
v 0.01387506 -0.01265174 0.02395086
v 0.01387038 -0.01266920 0.02408817
v 0.01386262 -0.01269816 0.02422338
v 0.01385185 -0.01273838 0.02435546
v 0.01383813 -0.01278958 0.02448341
v 0.01382158 -0.01285134 0.02460625
v 0.01380232 -0.01292322 0.02472305
v 0.01378050 -0.01300466 0.02483292
v 0.01375628 -0.01309503 0.02493503
v 0.01372986 -0.01319366 0.02502860
v 0.01370142 -0.01329979 0.02511290
v 0.01367119 -0.01341261 0.02518732
v 0.01363939 -0.01353127 0.02525126
v 0.01360628 -0.01365486 0.02530426
v 0.01357209 -0.01378244 0.02534591
v 0.01353710 -0.01391304 0.02537588
v 0.01350156 -0.01404567 0.02539396
v 0.01346575 -0.01417931 0.02540000
v 0.01374454 -0.01260426 0.02381250
v 0.01374248 -0.01260994 0.02395086
v 0.01373629 -0.01262693 0.02408817
v 0.01372604 -0.01265509 0.02422338
v 0.01371180 -0.01269423 0.02435546
v 0.01369367 -0.01274403 0.02448341
v 0.01367180 -0.01280412 0.02460625
v 0.01364635 -0.01287404 0.02472305
v 0.01361752 -0.01295327 0.02483292
v 0.01358551 -0.01304119 0.02493503
v 0.01355059 -0.01313714 0.02502860
v 0.01351301 -0.01324038 0.02511290
v 0.01347306 -0.01335014 0.02518732
v 0.01343105 -0.01346558 0.02525126
v 0.01338729 -0.01358581 0.02530426
v 0.01334211 -0.01370993 0.02534591
v 0.01329587 -0.01383698 0.02537588
v 0.01324891 -0.01396601 0.02539396
v 0.01320159 -0.01409602 0.02540000
v 0.01361659 -0.01255126 0.02381250
v 0.01361404 -0.01255674 0.02395086
v 0.01360640 -0.01257312 0.02408817
v 0.01359373 -0.01260029 0.02422338
v 0.01357613 -0.01263803 0.02435546
v 0.01355373 -0.01268606 0.02448341
v 0.01352671 -0.01274402 0.02460625
v 0.01349526 -0.01281146 0.02472305
v 0.01345963 -0.01288787 0.02483292
v 0.01342009 -0.01297267 0.02493503
v 0.01337694 -0.01306521 0.02502860
v 0.01333050 -0.01316479 0.02511290
v 0.01328114 -0.01327065 0.02518732
v 0.01322922 -0.01338198 0.02525126
v 0.01317515 -0.01349794 0.02530426
v 0.01311933 -0.01361765 0.02534591
v 0.01306219 -0.01374019 0.02537588
v 0.01300416 -0.01386463 0.02539396
v 0.01294569 -0.01399003 0.02540000
v 0.01349375 -0.01248732 0.02381250
v 0.01349073 -0.01249255 0.02395086
v 0.01348169 -0.01250820 0.02408817
v 0.01346670 -0.01253416 0.02422338
v 0.01344588 -0.01257023 0.02435546
v 0.01341938 -0.01261612 0.02448341
v 0.01338741 -0.01267151 0.02460625
v 0.01335020 -0.01273595 0.02472305
v 0.01330805 -0.01280896 0.02483292
v 0.01326127 -0.01288999 0.02493503
v 0.01321021 -0.01297842 0.02502860
v 0.01315528 -0.01307357 0.02511290
v 0.01309687 -0.01317472 0.02518732
v 0.01303545 -0.01328111 0.02525126
v 0.01297148 -0.01339192 0.02530426
v 0.01290544 -0.01350630 0.02534591
v 0.01283783 -0.01362340 0.02537588
v 0.01276918 -0.01374231 0.02539396
v 0.01270000 -0.01386213 0.02540000
v 0.01337695 -0.01241290 0.02381250
v 0.01337348 -0.01241785 0.02395086
v 0.01336311 -0.01243266 0.02408817
v 0.01334592 -0.01245721 0.02422338
v 0.01332203 -0.01249133 0.02435546
v 0.01329164 -0.01253474 0.02448341
v 0.01325496 -0.01258713 0.02460625
v 0.01321228 -0.01264808 0.02472305
v 0.01316392 -0.01271714 0.02483292
v 0.01311025 -0.01279378 0.02493503
v 0.01305169 -0.01287742 0.02502860
v 0.01298867 -0.01296743 0.02511290
v 0.01292167 -0.01306311 0.02518732
v 0.01285121 -0.01316373 0.02525126
v 0.01277782 -0.01326854 0.02530426
v 0.01270206 -0.01337674 0.02534591
v 0.01262451 -0.01348749 0.02537588
v 0.01254576 -0.01359997 0.02539396
v 0.01246640 -0.01371331 0.02540000
v 0.01326707 -0.01232860 0.02381250
v 0.01326319 -0.01233322 0.02395086
v 0.01325157 -0.01234707 0.02408817
v 0.01323230 -0.01237003 0.02422338
v 0.01320554 -0.01240193 0.02435546
v 0.01317147 -0.01244253 0.02448341
v 0.01313036 -0.01249152 0.02460625
v 0.01308253 -0.01254852 0.02472305
v 0.01302834 -0.01261311 0.02483292
v 0.01296820 -0.01268478 0.02493503
v 0.01290257 -0.01276300 0.02502860
v 0.01283194 -0.01284717 0.02511290
v 0.01275686 -0.01293664 0.02518732
v 0.01267790 -0.01303075 0.02525126
v 0.01259566 -0.01312876 0.02530426
v 0.01251076 -0.01322994 0.02534591
v 0.01242384 -0.01333352 0.02537588
v 0.01233559 -0.01343870 0.02539396
v 0.01224665 -0.01354469 0.02540000
v 0.01316497 -0.01223503 0.02381250
v 0.01316070 -0.01223930 0.02395086
v 0.01314791 -0.01225209 0.02408817
v 0.01312672 -0.01227328 0.02422338
v 0.01309727 -0.01230273 0.02435546
v 0.01305980 -0.01234020 0.02448341
v 0.01301458 -0.01238542 0.02460625
v 0.01296196 -0.01243804 0.02472305
v 0.01290235 -0.01249765 0.02483292
v 0.01283619 -0.01256381 0.02493503
v 0.01276399 -0.01263601 0.02502860
v 0.01268629 -0.01271371 0.02511290
v 0.01260370 -0.01279630 0.02518732
v 0.01251684 -0.01288316 0.02525126
v 0.01242636 -0.01297364 0.02530426
v 0.01233297 -0.01306703 0.02534591
v 0.01223736 -0.01316264 0.02537588
v 0.01214027 -0.01325973 0.02539396
v 0.01204244 -0.01335756 0.02540000
v 0.01307140 -0.01213292 0.02381250
v 0.01306678 -0.01213681 0.02395086
v 0.01305293 -0.01214843 0.02408817
v 0.01302997 -0.01216770 0.02422338
v 0.01299806 -0.01219446 0.02435546
v 0.01295747 -0.01222853 0.02448341
v 0.01290848 -0.01226964 0.02460625
v 0.01285148 -0.01231747 0.02472305
v 0.01278689 -0.01237166 0.02483292
v 0.01271522 -0.01243180 0.02493503
v 0.01263700 -0.01249743 0.02502860
v 0.01255283 -0.01256806 0.02511290
v 0.01246336 -0.01264314 0.02518732
v 0.01236925 -0.01272210 0.02525126
v 0.01227124 -0.01280434 0.02530426
v 0.01217006 -0.01288925 0.02534591
v 0.01206648 -0.01297616 0.02537588
v 0.01196130 -0.01306442 0.02539396
v 0.01185531 -0.01315335 0.02540000
v 0.01298710 -0.01202305 0.02381250
v 0.01298215 -0.01202652 0.02395086
v 0.01296734 -0.01203689 0.02408817
v 0.01294279 -0.01205408 0.02422338
v 0.01290867 -0.01207797 0.02435546
v 0.01286526 -0.01210836 0.02448341
v 0.01281288 -0.01214504 0.02460625
v 0.01275192 -0.01218772 0.02472305
v 0.01268286 -0.01223608 0.02483292
v 0.01260622 -0.01228975 0.02493503
v 0.01252258 -0.01234831 0.02502860
v 0.01243257 -0.01241133 0.02511290
v 0.01233689 -0.01247833 0.02518732
v 0.01223627 -0.01254879 0.02525126
v 0.01213146 -0.01262218 0.02530426
v 0.01202326 -0.01269794 0.02534591
v 0.01191251 -0.01277549 0.02537588
v 0.01180003 -0.01285425 0.02539396
v 0.01168669 -0.01293361 0.02540000
v 0.01291269 -0.01190625 0.02381250
v 0.01290745 -0.01190927 0.02395086
v 0.01289180 -0.01191831 0.02408817
v 0.01286584 -0.01193330 0.02422338
v 0.01282977 -0.01195412 0.02435546
v 0.01278387 -0.01198062 0.02448341
v 0.01272849 -0.01201259 0.02460625
v 0.01266405 -0.01204980 0.02472305
v 0.01259104 -0.01209195 0.02483292
v 0.01251001 -0.01213873 0.02493503
v 0.01242158 -0.01218979 0.02502860
v 0.01232643 -0.01224472 0.02511290
v 0.01222528 -0.01230313 0.02518732
v 0.01211889 -0.01236455 0.02525126
v 0.01200808 -0.01242852 0.02530426
v 0.01189370 -0.01249456 0.02534591
v 0.01177660 -0.01256217 0.02537588
v 0.01165769 -0.01263082 0.02539396
v 0.01153787 -0.01270000 0.02540000
v 0.01284874 -0.01178341 0.02381250
v 0.01284326 -0.01178596 0.02395086
v 0.01282688 -0.01179360 0.02408817
v 0.01279971 -0.01180627 0.02422338
v 0.01276197 -0.01182387 0.02435546
v 0.01271394 -0.01184626 0.02448341
v 0.01265598 -0.01187329 0.02460625
v 0.01258854 -0.01190474 0.02472305
v 0.01251213 -0.01194037 0.02483292
v 0.01242733 -0.01197991 0.02493503
v 0.01233479 -0.01202306 0.02502860
v 0.01223521 -0.01206950 0.02511290
v 0.01212935 -0.01211886 0.02518732
v 0.01201802 -0.01217078 0.02525126
v 0.01190206 -0.01222485 0.02530426
v 0.01178235 -0.01228067 0.02534591
v 0.01165981 -0.01233781 0.02537588
v 0.01153537 -0.01239584 0.02539396
v 0.01140997 -0.01245431 0.02540000
v 0.01279574 -0.01165546 0.02381250
v 0.01279006 -0.01165752 0.02395086
v 0.01277308 -0.01166371 0.02408817
v 0.01274491 -0.01167396 0.02422338
v 0.01270577 -0.01168820 0.02435546
v 0.01265597 -0.01170633 0.02448341
v 0.01259588 -0.01172820 0.02460625
v 0.01252596 -0.01175365 0.02472305
v 0.01244673 -0.01178249 0.02483292
v 0.01235881 -0.01181449 0.02493503
v 0.01226286 -0.01184941 0.02502860
v 0.01215962 -0.01188699 0.02511290
v 0.01204986 -0.01192694 0.02518732
v 0.01193442 -0.01196895 0.02525126
v 0.01181419 -0.01201271 0.02530426
v 0.01169007 -0.01205789 0.02534591
v 0.01156302 -0.01210413 0.02537588
v 0.01143399 -0.01215109 0.02539396
v 0.01130398 -0.01219841 0.02540000
v 0.01275409 -0.01152338 0.02381250
v 0.01274826 -0.01152494 0.02395086
v 0.01273080 -0.01152962 0.02408817
v 0.01270184 -0.01153738 0.02422338
v 0.01266162 -0.01154815 0.02435546
v 0.01261042 -0.01156187 0.02448341
v 0.01254866 -0.01157842 0.02460625
v 0.01247678 -0.01159768 0.02472305
v 0.01239534 -0.01161950 0.02483292
v 0.01230497 -0.01164372 0.02493503
v 0.01220634 -0.01167015 0.02502860
v 0.01210021 -0.01169858 0.02511290
v 0.01198739 -0.01172881 0.02518732
v 0.01186873 -0.01176061 0.02525126
v 0.01174514 -0.01179372 0.02530426
v 0.01161756 -0.01182791 0.02534591
v 0.01148696 -0.01186290 0.02537588
v 0.01135433 -0.01189844 0.02539396
v 0.01122069 -0.01193425 0.02540000
v 0.01272412 -0.01138817 0.02381250
v 0.01271817 -0.01138922 0.02395086
v 0.01270037 -0.01139235 0.02408817
v 0.01267085 -0.01139756 0.02422338
v 0.01262983 -0.01140479 0.02435546
v 0.01257764 -0.01141399 0.02448341
v 0.01251466 -0.01142510 0.02460625
v 0.01244138 -0.01143802 0.02472305
v 0.01235836 -0.01145266 0.02483292
v 0.01226621 -0.01146891 0.02493503
v 0.01216566 -0.01148664 0.02502860
v 0.01205745 -0.01150572 0.02511290
v 0.01194243 -0.01152600 0.02518732
v 0.01182145 -0.01154733 0.02525126
v 0.01169544 -0.01156955 0.02530426
v 0.01156537 -0.01159249 0.02534591
v 0.01143221 -0.01161596 0.02537588
v 0.01129699 -0.01163981 0.02539396
v 0.01116074 -0.01166383 0.02540000
v 0.01270604 -0.01125086 0.02381250
v 0.01270002 -0.01125139 0.02395086
v 0.01268202 -0.01125296 0.02408817
v 0.01265215 -0.01125557 0.02422338
v 0.01261067 -0.01125920 0.02435546
v 0.01255787 -0.01126382 0.02448341
v 0.01249417 -0.01126940 0.02460625
v 0.01242004 -0.01127588 0.02472305
v 0.01233605 -0.01128323 0.02483292
v 0.01224284 -0.01129138 0.02493503
v 0.01214112 -0.01130028 0.02502860
v 0.01203167 -0.01130986 0.02511290
v 0.01191531 -0.01132004 0.02518732
v 0.01179294 -0.01133075 0.02525126
v 0.01166547 -0.01134190 0.02530426
v 0.01153389 -0.01135341 0.02534591
v 0.01139920 -0.01136519 0.02537588
v 0.01126241 -0.01137716 0.02539396
v 0.01112458 -0.01138922 0.02540000
v 0.01270000 -0.01111250 0.02381250
v 0.01269396 -0.01111250 0.02395086
v 0.01267588 -0.01111250 0.02408817
v 0.01264591 -0.01111250 0.02422338
v 0.01260426 -0.01111250 0.02435546
v 0.01255126 -0.01111250 0.02448341
v 0.01248732 -0.01111250 0.02460625
v 0.01241290 -0.01111250 0.02472305
v 0.01232860 -0.01111250 0.02483292
v 0.01223503 -0.01111250 0.02493503
v 0.01213292 -0.01111250 0.02502860
v 0.01202305 -0.01111250 0.02511290
v 0.01190625 -0.01111250 0.02518732
v 0.01178341 -0.01111250 0.02525126
v 0.01165546 -0.01111250 0.02530426
v 0.01152338 -0.01111250 0.02534591
v 0.01138817 -0.01111250 0.02537588
v 0.01125086 -0.01111250 0.02539396
v 0.01111250 -0.01111250 0.02540000
v -0.01269396 -0.01111250 0.02395086
v -0.01270002 -0.01125139 0.02395086
v -0.01267588 -0.01111250 0.02408817
v -0.01268202 -0.01125296 0.02408817
v -0.01264591 -0.01111250 0.02422338
v -0.01265215 -0.01125557 0.02422338
v -0.01260426 -0.01111250 0.02435546
v -0.01261067 -0.01125920 0.02435546
v -0.01255126 -0.01111250 0.02448341
v -0.01255787 -0.01126382 0.02448341
v -0.01248732 -0.01111250 0.02460625
v -0.01249417 -0.01126940 0.02460625
v -0.01241290 -0.01111250 0.02472305
v -0.01242004 -0.01127588 0.02472305
v -0.01232860 -0.01111250 0.02483292
v -0.01233605 -0.01128323 0.02483292
v -0.01223503 -0.01111250 0.02493503
v -0.01224284 -0.01129138 0.02493503
v -0.01213292 -0.01111250 0.02502860
v -0.01214112 -0.01130028 0.02502860
v -0.01202305 -0.01111250 0.02511290
v -0.01203167 -0.01130986 0.02511290
v -0.01190625 -0.01111250 0.02518732
v -0.01191531 -0.01132004 0.02518732
v -0.01178341 -0.01111250 0.02525126
v -0.01179294 -0.01133075 0.02525126
v -0.01165546 -0.01111250 0.02530426
v -0.01166547 -0.01134190 0.02530426
v -0.01152338 -0.01111250 0.02534591
v -0.01153389 -0.01135341 0.02534591
v -0.01138817 -0.01111250 0.02537588
v -0.01139920 -0.01136519 0.02537588
v -0.01125086 -0.01111250 0.02539396
v -0.01126241 -0.01137716 0.02539396
v -0.01111250 -0.01111250 0.02540000
v -0.01112458 -0.01138922 0.02540000
v -0.01271817 -0.01138922 0.02395086
v -0.01270037 -0.01139235 0.02408817
v -0.01267085 -0.01139756 0.02422338
v -0.01262983 -0.01140479 0.02435546
v -0.01257764 -0.01141399 0.02448341
v -0.01251466 -0.01142510 0.02460625
v -0.01244138 -0.01143802 0.02472305
v -0.01235836 -0.01145266 0.02483292
v -0.01226621 -0.01146891 0.02493503
v -0.01216566 -0.01148664 0.02502860
v -0.01205745 -0.01150572 0.02511290
v -0.01194243 -0.01152600 0.02518732
v -0.01182145 -0.01154733 0.02525126
v -0.01169544 -0.01156955 0.02530426
v -0.01156537 -0.01159249 0.02534591
v -0.01143221 -0.01161596 0.02537588
v -0.01129699 -0.01163981 0.02539396
v -0.01116074 -0.01166383 0.02540000
v -0.01274826 -0.01152494 0.02395086
v -0.01273080 -0.01152962 0.02408817
v -0.01270184 -0.01153738 0.02422338
v -0.01266162 -0.01154815 0.02435546
v -0.01261042 -0.01156187 0.02448341
v -0.01254866 -0.01157842 0.02460625
v -0.01247678 -0.01159768 0.02472305
v -0.01239534 -0.01161950 0.02483292
v -0.01230497 -0.01164372 0.02493503
v -0.01220634 -0.01167015 0.02502860
v -0.01210021 -0.01169858 0.02511290
v -0.01198739 -0.01172881 0.02518732
v -0.01186873 -0.01176061 0.02525126
v -0.01174514 -0.01179372 0.02530426
v -0.01161756 -0.01182791 0.02534591
v -0.01148696 -0.01186290 0.02537588
v -0.01135433 -0.01189844 0.02539396
v -0.01122069 -0.01193425 0.02540000
v -0.01279006 -0.01165752 0.02395086
v -0.01277308 -0.01166371 0.02408817
v -0.01274491 -0.01167396 0.02422338
v -0.01270577 -0.01168820 0.02435546
v -0.01265597 -0.01170633 0.02448341
v -0.01259588 -0.01172820 0.02460625
v -0.01252596 -0.01175365 0.02472305
v -0.01244673 -0.01178249 0.02483292
v -0.01235881 -0.01181449 0.02493503
v -0.01226286 -0.01184941 0.02502860
v -0.01215962 -0.01188699 0.02511290
v -0.01204986 -0.01192694 0.02518732
v -0.01193442 -0.01196895 0.02525126
v -0.01181419 -0.01201271 0.02530426
v -0.01169007 -0.01205789 0.02534591
v -0.01156302 -0.01210413 0.02537588
v -0.01143399 -0.01215109 0.02539396
v -0.01130398 -0.01219841 0.02540000
v -0.01284326 -0.01178596 0.02395086
v -0.01282688 -0.01179360 0.02408817
v -0.01279971 -0.01180627 0.02422338
v -0.01276197 -0.01182387 0.02435546
v -0.01271394 -0.01184626 0.02448341
v -0.01265598 -0.01187329 0.02460625
v -0.01258854 -0.01190474 0.02472305
v -0.01251213 -0.01194037 0.02483292
v -0.01242733 -0.01197991 0.02493503
v -0.01233479 -0.01202306 0.02502860
v -0.01223521 -0.01206950 0.02511290
v -0.01212935 -0.01211886 0.02518732
v -0.01201802 -0.01217078 0.02525126
v -0.01190206 -0.01222485 0.02530426
v -0.01178235 -0.01228067 0.02534591
v -0.01165981 -0.01233781 0.02537588
v -0.01153537 -0.01239584 0.02539396
v -0.01140997 -0.01245431 0.02540000
v -0.01290745 -0.01190927 0.02395086
v -0.01289180 -0.01191831 0.02408817
v -0.01286584 -0.01193330 0.02422338
v -0.01282977 -0.01195412 0.02435546
v -0.01278387 -0.01198062 0.02448341
v -0.01272849 -0.01201259 0.02460625
v -0.01266405 -0.01204980 0.02472305
v -0.01259104 -0.01209195 0.02483292
v -0.01251001 -0.01213873 0.02493503
v -0.01242158 -0.01218979 0.02502860
v -0.01232643 -0.01224472 0.02511290
v -0.01222528 -0.01230313 0.02518732
v -0.01211889 -0.01236455 0.02525126
v -0.01200808 -0.01242852 0.02530426
v -0.01189370 -0.01249456 0.02534591
v -0.01177660 -0.01256217 0.02537588
v -0.01165769 -0.01263082 0.02539396
v -0.01153787 -0.01270000 0.02540000
v -0.01298215 -0.01202652 0.02395086
v -0.01296734 -0.01203689 0.02408817
v -0.01294279 -0.01205408 0.02422338
v -0.01290867 -0.01207797 0.02435546
v -0.01286526 -0.01210836 0.02448341
v -0.01281288 -0.01214504 0.02460625
v -0.01275192 -0.01218772 0.02472305
v -0.01268286 -0.01223608 0.02483292
v -0.01260622 -0.01228975 0.02493503
v -0.01252258 -0.01234831 0.02502860
v -0.01243257 -0.01241133 0.02511290
v -0.01233689 -0.01247833 0.02518732
v -0.01223627 -0.01254879 0.02525126
v -0.01213146 -0.01262218 0.02530426
v -0.01202326 -0.01269794 0.02534591
v -0.01191251 -0.01277549 0.02537588
v -0.01180003 -0.01285425 0.02539396
v -0.01168669 -0.01293361 0.02540000
v -0.01306678 -0.01213681 0.02395086
v -0.01305293 -0.01214843 0.02408817
v -0.01302997 -0.01216770 0.02422338
v -0.01299806 -0.01219446 0.02435546
v -0.01295747 -0.01222853 0.02448341
v -0.01290848 -0.01226964 0.02460625
v -0.01285148 -0.01231747 0.02472305
v -0.01278689 -0.01237166 0.02483292
v -0.01271522 -0.01243180 0.02493503
v -0.01263700 -0.01249743 0.02502860
v -0.01255283 -0.01256806 0.02511290
v -0.01246336 -0.01264314 0.02518732
v -0.01236925 -0.01272210 0.02525126
v -0.01227124 -0.01280434 0.02530426
v -0.01217006 -0.01288925 0.02534591
v -0.01206648 -0.01297616 0.02537588
v -0.01196130 -0.01306442 0.02539396
v -0.01185531 -0.01315335 0.02540000
v -0.01316070 -0.01223930 0.02395086
v -0.01314791 -0.01225209 0.02408817
v -0.01312672 -0.01227328 0.02422338
v -0.01309727 -0.01230273 0.02435546
v -0.01305980 -0.01234020 0.02448341
v -0.01301458 -0.01238542 0.02460625
v -0.01296196 -0.01243804 0.02472305
v -0.01290235 -0.01249765 0.02483292
v -0.01283619 -0.01256381 0.02493503
v -0.01276399 -0.01263601 0.02502860
v -0.01268629 -0.01271371 0.02511290
v -0.01260370 -0.01279630 0.02518732
v -0.01251684 -0.01288316 0.02525126
v -0.01242636 -0.01297364 0.02530426
v -0.01233297 -0.01306703 0.02534591
v -0.01223736 -0.01316264 0.02537588
v -0.01214027 -0.01325973 0.02539396
v -0.01204244 -0.01335756 0.02540000
v -0.01326319 -0.01233322 0.02395086
v -0.01325157 -0.01234707 0.02408817
v -0.01323230 -0.01237003 0.02422338
v -0.01320554 -0.01240193 0.02435546
v -0.01317147 -0.01244253 0.02448341
v -0.01313036 -0.01249152 0.02460625
v -0.01308253 -0.01254852 0.02472305
v -0.01302834 -0.01261311 0.02483292
v -0.01296820 -0.01268478 0.02493503
v -0.01290257 -0.01276300 0.02502860
v -0.01283194 -0.01284717 0.02511290
v -0.01275686 -0.01293664 0.02518732
v -0.01267790 -0.01303075 0.02525126
v -0.01259566 -0.01312876 0.02530426
v -0.01251076 -0.01322994 0.02534591
v -0.01242384 -0.01333352 0.02537588
v -0.01233559 -0.01343870 0.02539396
v -0.01224665 -0.01354469 0.02540000
v -0.01337348 -0.01241785 0.02395086
v -0.01336311 -0.01243266 0.02408817
v -0.01334592 -0.01245721 0.02422338
v -0.01332203 -0.01249133 0.02435546
v -0.01329164 -0.01253474 0.02448341
v -0.01325496 -0.01258713 0.02460625
v -0.01321228 -0.01264808 0.02472305
v -0.01316392 -0.01271714 0.02483292
v -0.01311025 -0.01279378 0.02493503
v -0.01305169 -0.01287742 0.02502860
v -0.01298867 -0.01296743 0.02511290
v -0.01292167 -0.01306311 0.02518732
v -0.01285121 -0.01316373 0.02525126
v -0.01277782 -0.01326854 0.02530426
v -0.01270206 -0.01337674 0.02534591
v -0.01262451 -0.01348749 0.02537588
v -0.01254576 -0.01359997 0.02539396
v -0.01246640 -0.01371331 0.02540000
v -0.01349073 -0.01249255 0.02395086
v -0.01348169 -0.01250820 0.02408817
v -0.01346670 -0.01253416 0.02422338
v -0.01344588 -0.01257023 0.02435546
v -0.01341938 -0.01261612 0.02448341
v -0.01338741 -0.01267151 0.02460625
v -0.01335020 -0.01273595 0.02472305
v -0.01330805 -0.01280896 0.02483292
v -0.01326127 -0.01288999 0.02493503
v -0.01321021 -0.01297842 0.02502860
v -0.01315528 -0.01307357 0.02511290
v -0.01309687 -0.01317472 0.02518732
v -0.01303545 -0.01328111 0.02525126
v -0.01297148 -0.01339192 0.02530426
v -0.01290544 -0.01350630 0.02534591
v -0.01283783 -0.01362340 0.02537588
v -0.01276918 -0.01374231 0.02539396
v -0.01270000 -0.01386213 0.02540000
v -0.01361404 -0.01255674 0.02395086
v -0.01360640 -0.01257312 0.02408817
v -0.01359373 -0.01260029 0.02422338
v -0.01357613 -0.01263803 0.02435546
v -0.01355373 -0.01268606 0.02448341
v -0.01352671 -0.01274402 0.02460625
v -0.01349526 -0.01281146 0.02472305
v -0.01345963 -0.01288787 0.02483292
v -0.01342009 -0.01297267 0.02493503
v -0.01337694 -0.01306521 0.02502860
v -0.01333050 -0.01316479 0.02511290
v -0.01328114 -0.01327065 0.02518732
v -0.01322922 -0.01338198 0.02525126
v -0.01317515 -0.01349794 0.02530426
v -0.01311933 -0.01361765 0.02534591
v -0.01306219 -0.01374019 0.02537588
v -0.01300416 -0.01386463 0.02539396
v -0.01294569 -0.01399003 0.02540000
v -0.01374248 -0.01260994 0.02395086
v -0.01373629 -0.01262693 0.02408817
v -0.01372604 -0.01265509 0.02422338
v -0.01371180 -0.01269423 0.02435546
v -0.01369367 -0.01274403 0.02448341
v -0.01367180 -0.01280412 0.02460625
v -0.01364635 -0.01287404 0.02472305
v -0.01361752 -0.01295327 0.02483292
v -0.01358551 -0.01304119 0.02493503
v -0.01355059 -0.01313714 0.02502860
v -0.01351301 -0.01324038 0.02511290
v -0.01347306 -0.01335014 0.02518732
v -0.01343105 -0.01346558 0.02525126
v -0.01338729 -0.01358581 0.02530426
v -0.01334211 -0.01370993 0.02534591
v -0.01329587 -0.01383698 0.02537588
v -0.01324891 -0.01396601 0.02539396
v -0.01320159 -0.01409602 0.02540000
v -0.01387506 -0.01265174 0.02395086
v -0.01387038 -0.01266920 0.02408817
v -0.01386262 -0.01269816 0.02422338
v -0.01385185 -0.01273838 0.02435546
v -0.01383813 -0.01278958 0.02448341
v -0.01382158 -0.01285134 0.02460625
v -0.01380232 -0.01292322 0.02472305
v -0.01378050 -0.01300466 0.02483292
v -0.01375628 -0.01309503 0.02493503
v -0.01372986 -0.01319366 0.02502860
v -0.01370142 -0.01329979 0.02511290
v -0.01367119 -0.01341261 0.02518732
v -0.01363939 -0.01353127 0.02525126
v -0.01360628 -0.01365486 0.02530426
v -0.01357209 -0.01378244 0.02534591
v -0.01353710 -0.01391304 0.02537588
v -0.01350156 -0.01404567 0.02539396
v -0.01346575 -0.01417931 0.02540000
v -0.01401078 -0.01268183 0.02395086
v -0.01400765 -0.01269963 0.02408817
v -0.01400244 -0.01272915 0.02422338
v -0.01399521 -0.01277017 0.02435546
v -0.01398601 -0.01282236 0.02448341
v -0.01397490 -0.01288534 0.02460625
v -0.01396198 -0.01295862 0.02472305
v -0.01394734 -0.01304164 0.02483292
v -0.01393109 -0.01313379 0.02493503
v -0.01391336 -0.01323434 0.02502860
v -0.01389428 -0.01334255 0.02511290
v -0.01387400 -0.01345757 0.02518732
v -0.01385267 -0.01357855 0.02525126
v -0.01383045 -0.01370456 0.02530426
v -0.01380751 -0.01383463 0.02534591
v -0.01378404 -0.01396779 0.02537588
v -0.01376019 -0.01410301 0.02539396
v -0.01373617 -0.01423926 0.02540000
v -0.01414861 -0.01269998 0.02395086
v -0.01414704 -0.01271798 0.02408817
v -0.01414443 -0.01274785 0.02422338
v -0.01414080 -0.01278933 0.02435546
v -0.01413618 -0.01284213 0.02448341
v -0.01413060 -0.01290583 0.02460625
v -0.01412412 -0.01297996 0.02472305
v -0.01411677 -0.01306395 0.02483292
v -0.01410862 -0.01315716 0.02493503
v -0.01409972 -0.01325888 0.02502860
v -0.01409014 -0.01336833 0.02511290
v -0.01407996 -0.01348469 0.02518732
v -0.01406925 -0.01360706 0.02525126
v -0.01405810 -0.01373453 0.02530426
v -0.01404659 -0.01386611 0.02534591
v -0.01403481 -0.01400080 0.02537588
v -0.01402284 -0.01413758 0.02539396
v -0.01401078 -0.01427542 0.02540000
v -0.01428750 -0.01270604 0.02395086
v -0.01428750 -0.01272412 0.02408817
v -0.01428750 -0.01275409 0.02422338
v -0.01428750 -0.01279574 0.02435546
v -0.01428750 -0.01284874 0.02448341
v -0.01428750 -0.01291269 0.02460625
v -0.01428750 -0.01298710 0.02472305
v -0.01428750 -0.01307140 0.02483292
v -0.01428750 -0.01316497 0.02493503
v -0.01428750 -0.01326707 0.02502860
v -0.01428750 -0.01337695 0.02511290
v -0.01428750 -0.01349375 0.02518732
v -0.01428750 -0.01361659 0.02525126
v -0.01428750 -0.01374454 0.02530426
v -0.01428750 -0.01387662 0.02534591
v -0.01428750 -0.01401183 0.02537588
v -0.01428750 -0.01414914 0.02539396
v -0.01428750 -0.01428750 0.02540000
v 0.00334863 -0.00000000 -0.00300000
v 0.00167432 -0.00290000 -0.00300000
v 0.00334863 -0.00000000 0.00000000
v 0.00167432 -0.00290000 0.00000000
v -0.02794171 -0.01270000 0.02381250
v -0.02652964 -0.01270000 0.01270000
v -0.02485532 -0.01270000 0.00980000
v -0.02150669 -0.01270000 0.00980000
v -0.01983238 -0.01270000 0.01270000
v -0.02150669 -0.01270000 0.01560000
v -0.02485532 -0.01270000 0.01560000
v 0.02246254 -0.02070000 0.01424072
v 0.02233099 -0.02070000 0.01417224
v 0.02150668 -0.02070000 0.01560000
v 0.02303283 -0.02070000 0.01439353
v 0.02288579 -0.02070000 0.01437417
v 0.02153892 -0.02070000 0.01313999
v 0.01983236 -0.02070000 0.01270000
v 0.02158351 -0.02070000 0.01328143
v 0.02164027 -0.02070000 0.01341845
v 0.02220591 -0.02070000 0.01409256
v 0.02208825 -0.02070000 0.01400228
v 0.02197891 -0.02070000 0.01390208
v 0.02187872 -0.02070000 0.01379274
v 0.02178843 -0.02070000 0.01367508
v 0.02170875 -0.02070000 0.01355000
v 0.02158351 -0.02070000 0.01211857
v 0.02164027 -0.02070000 0.01198155
v 0.02178843 -0.02070000 0.01172492
v 0.02187872 -0.02070000 0.01160726
v 0.02150668 -0.02070000 0.00980000
v 0.02197891 -0.02070000 0.01149792
v 0.02208825 -0.02070000 0.01139772
v 0.02220591 -0.02070000 0.01130744
v 0.02233099 -0.02070000 0.01122776
v 0.02246254 -0.02070000 0.01115928
v 0.02485531 -0.02070000 0.01560000
v 0.02415607 -0.02070000 0.01409256
v 0.02403099 -0.02070000 0.01417224
v 0.02389944 -0.02070000 0.01424072
v 0.02376243 -0.02070000 0.01429748
v 0.02362098 -0.02070000 0.01434207
v 0.02274100 -0.02070000 0.01434207
v 0.02259956 -0.02070000 0.01429748
v 0.02148099 -0.02070000 0.01270000
v 0.02148746 -0.02070000 0.01255183
v 0.02362098 -0.02070000 0.01105793
v 0.02376243 -0.02070000 0.01110252
v 0.02485531 -0.02070000 0.00980000
v 0.02477847 -0.02070000 0.01211857
v 0.02482307 -0.02070000 0.01226001
v 0.02652962 -0.02070000 0.01270000
v 0.02347619 -0.02070000 0.01437417
v 0.02332916 -0.02070000 0.01439353
v 0.02318099 -0.02070000 0.01440000
v 0.02150682 -0.02070000 0.01299520
v 0.02148746 -0.02070000 0.01284816
v 0.02170875 -0.02070000 0.01185000
v 0.02347619 -0.02070000 0.01102583
v 0.02477847 -0.02070000 0.01328143
v 0.02472172 -0.02070000 0.01341845
v 0.02465324 -0.02070000 0.01355000
v 0.02457355 -0.02070000 0.01367508
v 0.02448327 -0.02070000 0.01379274
v 0.02438307 -0.02070000 0.01390208
v 0.02427373 -0.02070000 0.01400228
v 0.02150682 -0.02070000 0.01240480
v 0.02153892 -0.02070000 0.01226001
v 0.02488099 -0.02070000 0.01270000
v 0.02487452 -0.02070000 0.01284816
v 0.02259956 -0.02070000 0.01110252
v 0.02274100 -0.02070000 0.01105793
v 0.02288579 -0.02070000 0.01102583
v 0.02389944 -0.02070000 0.01115928
v 0.02403099 -0.02070000 0.01122776
v 0.02415607 -0.02070000 0.01130744
v 0.02427373 -0.02070000 0.01139772
v 0.02438307 -0.02070000 0.01149792
v 0.02448327 -0.02070000 0.01160726
v 0.02485516 -0.02070000 0.01240480
v 0.02487452 -0.02070000 0.01255183
v 0.02485516 -0.02070000 0.01299520
v 0.02482307 -0.02070000 0.01313999
v 0.02457355 -0.02070000 0.01172492
v 0.02465324 -0.02070000 0.01185000
v 0.02472172 -0.02070000 0.01198155
v 0.02303283 -0.02070000 0.01100647
v 0.02318099 -0.02070000 0.01100000
v 0.02332916 -0.02070000 0.01100647
v 0.02158351 -0.03288905 0.01328143
v 0.02164027 -0.03288905 0.01341845
v 0.01566999 -0.03288905 0.02540000
v 0.02233099 -0.03288905 0.01122776
v 0.02220591 -0.03288905 0.01130744
v 0.01566999 -0.03288905 0.00000000
v 0.02208825 -0.03288905 0.01139772
v 0.02197891 -0.03288905 0.01149792
v 0.02170875 -0.03288905 0.01355000
v 0.02178843 -0.03288905 0.01367508
v 0.02187872 -0.03288905 0.01379274
v 0.02457355 -0.03288905 0.01367508
v 0.02465324 -0.03288905 0.01355000
v 0.02952919 -0.03288905 0.02381250
v 0.02482307 -0.03288905 0.01313999
v 0.02485516 -0.03288905 0.01299520
v 0.02487452 -0.03288905 0.01284816
v 0.02488099 -0.03288905 0.01270000
v 0.02952919 -0.03288905 0.00158750
v 0.02487452 -0.03288905 0.01255183
v 0.02288579 -0.03288905 0.01102583
v 0.02274100 -0.03288905 0.01105793
v 0.02187872 -0.03288905 0.01160726
v 0.02178843 -0.03288905 0.01172492
v 0.02170875 -0.03288905 0.01185000
v 0.02148746 -0.03288905 0.01284816
v 0.02150682 -0.03288905 0.01299520
v 0.02153892 -0.03288905 0.01313999
v 0.02197891 -0.03288905 0.01390208
v 0.02208825 -0.03288905 0.01400228
v 0.02220591 -0.03288905 0.01409256
v 0.02485516 -0.03288905 0.01240480
v 0.02482307 -0.03288905 0.01226001
v 0.02477847 -0.03288905 0.01211857
v 0.02259956 -0.03288905 0.01110252
v 0.02246254 -0.03288905 0.01115928
v 0.02164027 -0.03288905 0.01198155
v 0.02158351 -0.03288905 0.01211857
v 0.02153892 -0.03288905 0.01226001
v 0.02472172 -0.03288905 0.01341845
v 0.02477847 -0.03288905 0.01328143
v 0.02472172 -0.03288905 0.01198155
v 0.02465324 -0.03288905 0.01185000
v 0.02457355 -0.03288905 0.01172492
v 0.02150682 -0.03288905 0.01240480
v 0.02148746 -0.03288905 0.01255183
v 0.02148099 -0.03288905 0.01270000
v 0.02415607 -0.03288905 0.01409256
v 0.02427373 -0.03288905 0.01400228
v 0.02448327 -0.03288905 0.01160726
v 0.02438307 -0.03288905 0.01149792
v 0.02427373 -0.03288905 0.01139772
v 0.02794169 -0.03288905 0.02540000
v 0.02332916 -0.03288905 0.01439353
v 0.02347619 -0.03288905 0.01437417
v 0.02389944 -0.03288905 0.01424072
v 0.02896212 -0.03288905 0.02502860
v 0.02885224 -0.03288905 0.02511290
v 0.02438307 -0.03288905 0.01390208
v 0.02448327 -0.03288905 0.01379274
v 0.02233099 -0.03288905 0.01417224
v 0.02246254 -0.03288905 0.01424072
v 0.02259956 -0.03288905 0.01429748
v 0.02303283 -0.03288905 0.01439353
v 0.02318099 -0.03288905 0.01440000
v 0.02861260 -0.03288905 0.02525126
v 0.02848465 -0.03288905 0.02530426
v 0.02376243 -0.03288905 0.01429748
v 0.02835257 -0.03288905 0.02534591
v 0.02821736 -0.03288905 0.02537588
v 0.02347619 -0.03288905 0.01102583
v 0.02332916 -0.03288905 0.01100647
v 0.02794169 -0.03288905 0.00000000
v 0.02318099 -0.03288905 0.01100000
v 0.02303283 -0.03288905 0.01100647
v 0.02274100 -0.03288905 0.01434207
v 0.02288579 -0.03288905 0.01437417
v 0.02873544 -0.03288905 0.02518732
v 0.02362098 -0.03288905 0.01434207
v 0.02808005 -0.03288905 0.02539396
v 0.02952315 -0.03288905 0.02395086
v 0.02403099 -0.03288905 0.01417224
v 0.02389944 -0.03288905 0.01115928
v 0.02896212 -0.03288905 0.00037140
v 0.02906422 -0.03288905 0.00046497
v 0.02415607 -0.03288905 0.01130744
v 0.02403099 -0.03288905 0.01122776
v 0.02952315 -0.03288905 0.00144914
v 0.02821736 -0.03288905 0.00002412
v 0.02808005 -0.03288905 0.00000604
v 0.02376243 -0.03288905 0.01110252
v 0.02362098 -0.03288905 0.01105793
v 0.02835257 -0.03288905 0.00005409
v 0.02848465 -0.03288905 0.00009574
v 0.02861260 -0.03288905 0.00014874
v 0.02950507 -0.03288905 0.02408817
v 0.02947510 -0.03288905 0.02422338
v 0.02943345 -0.03288905 0.02435546
v 0.02938046 -0.03288905 0.02448341
v 0.02931651 -0.03288905 0.02460625
v 0.02924209 -0.03288905 0.02472305
v 0.02915779 -0.03288905 0.02483292
v 0.02906422 -0.03288905 0.02493503
v 0.02943345 -0.03288905 0.00104454
v 0.02938046 -0.03288905 0.00091659
v 0.02931651 -0.03288905 0.00079375
v 0.02947510 -0.03288905 0.00117662
v 0.02950507 -0.03288905 0.00131183
v 0.02873544 -0.03288905 0.00021268
v 0.02885224 -0.03288905 0.00028710
v 0.02915779 -0.03288905 0.00056707
v 0.02924209 -0.03288905 0.00067695
v 0.02150668 -0.01270000 0.00980000
v 0.02485531 -0.01270000 0.00980000
v 0.01983236 -0.01270000 0.01270000
v 0.02652962 -0.01270000 0.01270000
v 0.02794169 -0.01270000 0.02381250
v 0.02485531 -0.01270000 0.01560000
v 0.02150668 -0.01270000 0.01560000
v -0.01567001 -0.03288905 0.02540000
v -0.01567001 -0.03288905 0.00000000
v -0.01561037 -0.03152332 0.02540000
v -0.01561037 -0.03152332 0.00000000
v -0.01543194 -0.03016799 0.02540000
v -0.01543194 -0.03016799 0.00000000
v -0.01513606 -0.02883336 0.02540000
v -0.01513606 -0.02883336 0.00000000
v -0.01472498 -0.02752960 0.02540000
v -0.01472498 -0.02752960 0.00000000
v -0.01420184 -0.02626663 0.02540000
v -0.01420184 -0.02626663 0.00000000
v -0.01357062 -0.02505405 0.02540000
v -0.01357062 -0.02505405 0.00000000
v -0.01283611 -0.02390111 0.02540000
v -0.01283611 -0.02390111 0.00000000
v -0.01200392 -0.02281657 0.02540000
v -0.01200392 -0.02281657 0.00000000
v -0.01108036 -0.02180869 0.02540000
v -0.01108036 -0.02180869 0.00000000
v -0.01007248 -0.02088514 0.02540000
v -0.01007248 -0.02088514 0.00000000
v -0.00898794 -0.02005294 0.02540000
v -0.00898794 -0.02005294 0.00000000
v -0.00783500 -0.01931844 0.02540000
v -0.00783500 -0.01931844 0.00000000
v -0.00662243 -0.01868721 0.02540000
v -0.00662243 -0.01868721 0.00000000
v -0.00535946 -0.01816407 0.02540000
v -0.00535946 -0.01816407 0.00000000
v -0.00405569 -0.01775300 0.02540000
v -0.00405569 -0.01775300 0.00000000
v -0.00272107 -0.01745712 0.02540000
v -0.00272107 -0.01745712 0.00000000
v -0.00136573 -0.01727868 0.02540000
v -0.00136573 -0.01727868 0.00000000
v -0.00000000 -0.01721905 0.02540000
v -0.00000000 -0.01721905 0.00000000
v 0.00136573 -0.01727868 0.02540000
v 0.00136573 -0.01727868 0.00000000
v 0.00272107 -0.01745712 0.02540000
v 0.00272107 -0.01745712 0.00000000
v 0.00405569 -0.01775300 0.02540000
v 0.00405569 -0.01775300 0.00000000
v 0.00535946 -0.01816407 0.02540000
v 0.00535946 -0.01816407 0.00000000
v 0.00662243 -0.01868721 0.02540000
v 0.00662243 -0.01868721 0.00000000
v 0.00783500 -0.01931844 0.02540000
v 0.00783500 -0.01931844 0.00000000
v 0.00898794 -0.02005294 0.02540000
v 0.00898794 -0.02005294 0.00000000
v 0.01007248 -0.02088514 0.02540000
v 0.01007248 -0.02088514 0.00000000
v 0.01108036 -0.02180869 0.02540000
v 0.01108036 -0.02180869 0.00000000
v 0.01200392 -0.02281657 0.02540000
v 0.01200392 -0.02281657 0.00000000
v 0.01283611 -0.02390111 0.02540000
v 0.01283611 -0.02390111 0.00000000
v 0.01357062 -0.02505405 0.02540000
v 0.01357062 -0.02505405 0.00000000
v 0.01420184 -0.02626663 0.02540000
v 0.01420184 -0.02626663 0.00000000
v 0.01472498 -0.02752960 0.02540000
v 0.01472498 -0.02752960 0.00000000
v 0.01513606 -0.02883336 0.02540000
v 0.01513606 -0.02883336 0.00000000
v 0.01543194 -0.03016799 0.02540000
v 0.01543194 -0.03016799 0.00000000
v 0.01561037 -0.03152332 0.02540000
v 0.01561037 -0.03152332 0.00000000
v -0.02794171 -0.01428750 0.02540000
v -0.02794171 -0.01414914 0.02539396
v -0.02794171 -0.01401183 0.02537588
v -0.02794171 -0.01387662 0.02534591
v -0.02794171 -0.01374454 0.02530426
v -0.02794171 -0.01361659 0.02525126
v -0.02794171 -0.01349375 0.02518732
v -0.02794171 -0.01337695 0.02511290
v -0.02794171 -0.01326707 0.02502860
v -0.02794171 -0.01316497 0.02493503
v -0.02794171 -0.01307140 0.02483292
v -0.02794171 -0.01298710 0.02472305
v -0.02794171 -0.01291269 0.02460625
v -0.02794171 -0.01284874 0.02448341
v -0.02794171 -0.01279574 0.02435546
v -0.02794171 -0.01275409 0.02422338
v -0.02794171 -0.01272412 0.02408817
v -0.02794171 -0.01270604 0.02395086
v -0.02794171 -0.03288905 0.00000000
v 0.02794169 -0.01428750 0.02540000
v 0.00164207 0.00043999 0.02540000
v 0.00159748 0.00058143 0.02540000
v 0.00154072 0.00071845 0.02540000
v 0.00167417 0.00029520 0.02540000
v 0.00169353 0.00014816 0.02540000
v 0.00170000 0.00000000 0.02540000
v -0.02794171 -0.03288905 0.02540000
v 0.00147224 0.00085000 0.02540000
v 0.00139256 0.00097508 0.02540000
v -0.00085000 0.00147224 0.02540000
v -0.00071845 0.00154072 0.02540000
v 0.00159748 -0.00058143 0.02540000
v 0.00164207 -0.00043999 0.02540000
v 0.00167417 -0.00029520 0.02540000
v 0.00169353 -0.00014816 0.02540000
v 0.00085000 0.00147224 0.02540000
v 0.00097508 0.00139256 0.02540000
v 0.00154072 -0.00071845 0.02540000
v 0.00147224 -0.00085000 0.02540000
v 0.00139256 -0.00097508 0.02540000
v 0.00130228 -0.00109274 0.02540000
v -0.00058143 0.00159748 0.02540000
v -0.00043999 0.00164207 0.02540000
v -0.00029520 0.00167417 0.02540000
v 0.00120208 -0.00120208 0.02540000
v 0.00109274 -0.00130228 0.02540000
v 0.00097508 -0.00139256 0.02540000
v -0.00014816 0.00169353 0.02540000
v -0.00000000 0.00170000 0.02540000
v 0.00014816 0.00169353 0.02540000
v 0.00029520 0.00167417 0.02540000
v 0.00043999 0.00164207 0.02540000
v 0.00085000 -0.00147224 0.02540000
v 0.00071845 -0.00154072 0.02540000
v 0.00058143 -0.00159748 0.02540000
v -0.00159748 -0.00058143 0.02540000
v -0.00164207 -0.00043999 0.02540000
v 0.00058143 0.00159748 0.02540000
v 0.00071845 0.00154072 0.02540000
v 0.00109274 0.00130228 0.02540000
v 0.00120208 0.00120208 0.02540000
v 0.00130228 0.00109274 0.02540000
v 0.00043999 -0.00164207 0.02540000
v 0.00029520 -0.00167417 0.02540000
v 0.00014816 -0.00169353 0.02540000
v 0.00000000 -0.00170000 0.02540000
v -0.00014816 -0.00169353 0.02540000
v -0.00029520 -0.00167417 0.02540000
v -0.00167417 -0.00029520 0.02540000
v -0.00169353 -0.00014816 0.02540000
v -0.00170000 0.00000000 0.02540000
v -0.00147224 0.00085000 0.02540000
v -0.00139256 0.00097508 0.02540000
v -0.00130228 0.00109274 0.02540000
v -0.00120208 0.00120208 0.02540000
v -0.00043999 -0.00164207 0.02540000
v -0.00058143 -0.00159748 0.02540000
v -0.00071845 -0.00154072 0.02540000
v -0.00109274 0.00130228 0.02540000
v -0.00097508 0.00139256 0.02540000
v -0.00120208 -0.00120208 0.02540000
v -0.00130228 -0.00109274 0.02540000
v -0.00139256 -0.00097508 0.02540000
v -0.00169353 0.00014816 0.02540000
v -0.00167417 0.00029520 0.02540000
v -0.00164207 0.00043999 0.02540000
v -0.00147224 -0.00085000 0.02540000
v -0.00154072 -0.00071845 0.02540000
v -0.00159748 0.00058143 0.02540000
v -0.00154072 0.00071845 0.02540000
v -0.00109274 -0.00130228 0.02540000
v -0.00097508 -0.00139256 0.02540000
v -0.00085000 -0.00147224 0.02540000
v 0.02952919 -0.01428750 0.00158750
v 0.02952919 -0.01428750 0.02381250
v -0.00170000 0.00000000 0.00000000
v -0.00169353 0.00014816 0.00000000
v -0.00167417 0.00029520 0.00000000
v -0.00164207 0.00043999 0.00000000
v -0.00159748 0.00058143 0.00000000
v -0.00154072 0.00071845 0.00000000
v -0.00147224 0.00085000 0.00000000
v -0.00139256 0.00097508 0.00000000
v -0.00130228 0.00109274 0.00000000
v -0.00120208 0.00120208 0.00000000
v -0.00109274 0.00130228 0.00000000
v -0.00097508 0.00139256 0.00000000
v -0.00085000 0.00147224 0.00000000
v -0.00071845 0.00154072 0.00000000
v -0.00058143 0.00159748 0.00000000
v -0.00043999 0.00164207 0.00000000
v -0.00029520 0.00167417 0.00000000
v -0.00014816 0.00169353 0.00000000
v -0.00000000 0.00170000 0.00000000
v 0.00014816 0.00169353 0.00000000
v 0.00029520 0.00167417 0.00000000
v 0.00043999 0.00164207 0.00000000
v 0.00058143 0.00159748 0.00000000
v 0.00071845 0.00154072 0.00000000
v 0.00085000 0.00147224 0.00000000
v 0.00097508 0.00139256 0.00000000
v 0.00109274 0.00130228 0.00000000
v 0.00120208 0.00120208 0.00000000
v 0.00130228 0.00109274 0.00000000
v 0.00139256 0.00097508 0.00000000
v 0.00147224 0.00085000 0.00000000
v 0.00154072 0.00071845 0.00000000
v 0.00159748 0.00058143 0.00000000
v 0.00164207 0.00043999 0.00000000
v 0.00167417 0.00029520 0.00000000
v 0.00169353 0.00014816 0.00000000
v 0.00170000 0.00000000 0.00000000
v 0.00169353 -0.00014816 0.00000000
v 0.00167417 -0.00029520 0.00000000
v 0.00164207 -0.00043999 0.00000000
v 0.00159748 -0.00058143 0.00000000
v 0.00154072 -0.00071845 0.00000000
v 0.00147224 -0.00085000 0.00000000
v 0.00139256 -0.00097508 0.00000000
v 0.00130228 -0.00109274 0.00000000
v 0.00120208 -0.00120208 0.00000000
v 0.00109274 -0.00130228 0.00000000
v 0.00097508 -0.00139256 0.00000000
v 0.00085000 -0.00147224 0.00000000
v 0.00071845 -0.00154072 0.00000000
v 0.00058143 -0.00159748 0.00000000
v 0.00043999 -0.00164207 0.00000000
v 0.00029520 -0.00167417 0.00000000
v 0.00014816 -0.00169353 0.00000000
v 0.00000000 -0.00170000 0.00000000
v -0.00014816 -0.00169353 0.00000000
v -0.00029520 -0.00167417 0.00000000
v -0.00043999 -0.00164207 0.00000000
v -0.00058143 -0.00159748 0.00000000
v -0.00071845 -0.00154072 0.00000000
v -0.00085000 -0.00147224 0.00000000
v -0.00097508 -0.00139256 0.00000000
v -0.00109274 -0.00130228 0.00000000
v -0.00120208 -0.00120208 0.00000000
v -0.00130228 -0.00109274 0.00000000
v -0.00139256 -0.00097508 0.00000000
v -0.00147224 -0.00085000 0.00000000
v -0.00154072 -0.00071845 0.00000000
v -0.00159748 -0.00058143 0.00000000
v -0.00164207 -0.00043999 0.00000000
v -0.00167417 -0.00029520 0.00000000
v -0.00169353 -0.00014816 0.00000000
v -0.02952921 -0.03288905 0.00158750
v -0.02952921 -0.03288905 0.02381250
v -0.02952921 -0.01428750 0.00158750
v -0.02952921 -0.01428750 0.02381250
v 0.02794169 -0.01414914 0.02539396
v 0.02794169 -0.01401183 0.02537588
v 0.02794169 -0.01387662 0.02534591
v 0.02794169 -0.01374454 0.02530426
v 0.02794169 -0.01361659 0.02525126
v 0.02794169 -0.01349375 0.02518732
v 0.02794169 -0.01337695 0.02511290
v 0.02794169 -0.01326707 0.02502860
v 0.02794169 -0.01316497 0.02493503
v 0.02794169 -0.01307140 0.02483292
v 0.02794169 -0.01298710 0.02472305
v 0.02794169 -0.01291269 0.02460625
v 0.02794169 -0.01284874 0.02448341
v 0.02794169 -0.01279574 0.02435546
v 0.02794169 -0.01275409 0.02422338
v 0.02794169 -0.01272412 0.02408817
v 0.02794169 -0.01270604 0.02395086
v -0.02808007 -0.01270604 0.00158750
v -0.02808007 -0.01270604 0.02381250
v -0.02821738 -0.01272412 0.00158750
v -0.02821738 -0.01272412 0.02381250
v -0.02835258 -0.01275409 0.00158750
v -0.02835258 -0.01275409 0.02381250
v -0.02848466 -0.01279574 0.00158750
v -0.02848466 -0.01279574 0.02381250
v -0.02861262 -0.01284874 0.00158750
v -0.02861262 -0.01284874 0.02381250
v -0.02873546 -0.01291269 0.00158750
v -0.02873546 -0.01291269 0.02381250
v -0.02885226 -0.01298710 0.00158750
v -0.02885226 -0.01298710 0.02381250
v -0.02896213 -0.01307140 0.00158750
v -0.02896213 -0.01307140 0.02381250
v -0.02906424 -0.01316497 0.00158750
v -0.02906424 -0.01316497 0.02381250
v -0.02915780 -0.01326707 0.00158750
v -0.02915780 -0.01326707 0.02381250
v -0.02924211 -0.01337695 0.00158750
v -0.02924211 -0.01337695 0.02381250
v -0.02931652 -0.01349375 0.00158750
v -0.02931652 -0.01349375 0.02381250
v -0.02938047 -0.01361659 0.00158750
v -0.02938047 -0.01361659 0.02381250
v -0.02943347 -0.01374454 0.00158750
v -0.02943347 -0.01374454 0.02381250
v -0.02947512 -0.01387662 0.00158750
v -0.02947512 -0.01387662 0.02381250
v -0.02950509 -0.01401183 0.00158750
v -0.02950509 -0.01401183 0.02381250
v -0.02952317 -0.01414914 0.00158750
v -0.02952317 -0.01414914 0.02381250
v -0.02485532 -0.02070000 0.01560000
v -0.02652964 -0.02070000 0.01270000
v 0.02808005 -0.01428750 0.00000604
v 0.02821736 -0.01428750 0.00002412
v 0.02835257 -0.01428750 0.00005409
v 0.02848465 -0.01428750 0.00009574
v 0.02861260 -0.01428750 0.00014874
v 0.02873544 -0.01428750 0.00021268
v 0.02885224 -0.01428750 0.00028710
v 0.02896212 -0.01428750 0.00037140
v 0.02906422 -0.01428750 0.00046497
v 0.02915779 -0.01428750 0.00056707
v 0.02924209 -0.01428750 0.00067695
v 0.02931651 -0.01428750 0.00079375
v 0.02938046 -0.01428750 0.00091659
v 0.02943345 -0.01428750 0.00104454
v 0.02947510 -0.01428750 0.00117662
v 0.02950507 -0.01428750 0.00131183
v 0.02952315 -0.01428750 0.00144914
v -0.02318101 -0.02070000 0.01100000
v -0.02318101 -0.03288905 0.01100000
v -0.02303284 -0.02070000 0.01100647
v -0.02303284 -0.03288905 0.01100647
v -0.02288581 -0.02070000 0.01102583
v -0.02288581 -0.03288905 0.01102583
v -0.02274102 -0.02070000 0.01105793
v -0.02274102 -0.03288905 0.01105793
v -0.02259957 -0.02070000 0.01110252
v -0.02259957 -0.03288905 0.01110252
v -0.02246256 -0.02070000 0.01115928
v -0.02246256 -0.03288905 0.01115928
v -0.02233101 -0.02070000 0.01122776
v -0.02233101 -0.03288905 0.01122776
v -0.02220593 -0.02070000 0.01130744
v -0.02220593 -0.03288905 0.01130744
v -0.02208827 -0.02070000 0.01139772
v -0.02208827 -0.03288905 0.01139772
v -0.02197893 -0.02070000 0.01149792
v -0.02197893 -0.03288905 0.01149792
v -0.02187873 -0.02070000 0.01160726
v -0.02187873 -0.03288905 0.01160726
v -0.02178845 -0.02070000 0.01172492
v -0.02178845 -0.03288905 0.01172492
v -0.02170877 -0.02070000 0.01185000
v -0.02170877 -0.03288905 0.01185000
v -0.02164029 -0.02070000 0.01198155
v -0.02164029 -0.03288905 0.01198155
v -0.02158353 -0.02070000 0.01211857
v -0.02158353 -0.03288905 0.01211857
v -0.02153893 -0.02070000 0.01226001
v -0.02153893 -0.03288905 0.01226001
v -0.02150683 -0.02070000 0.01240480
v -0.02150683 -0.03288905 0.01240480
v -0.02148748 -0.02070000 0.01255183
v -0.02148748 -0.03288905 0.01255183
v -0.02148101 -0.02070000 0.01270000
v -0.02148101 -0.03288905 0.01270000
v -0.02148748 -0.02070000 0.01284816
v -0.02148748 -0.03288905 0.01284816
v -0.02150683 -0.02070000 0.01299520
v -0.02150683 -0.03288905 0.01299520
v -0.02153893 -0.02070000 0.01313999
v -0.02153893 -0.03288905 0.01313999
v -0.02158353 -0.02070000 0.01328143
v -0.02158353 -0.03288905 0.01328143
v -0.02164029 -0.02070000 0.01341845
v -0.02164029 -0.03288905 0.01341845
v -0.02170877 -0.02070000 0.01355000
v -0.02170877 -0.03288905 0.01355000
v -0.02178845 -0.02070000 0.01367508
v -0.02178845 -0.03288905 0.01367508
v -0.02187873 -0.02070000 0.01379274
v -0.02187873 -0.03288905 0.01379274
v -0.02197893 -0.02070000 0.01390208
v -0.02197893 -0.03288905 0.01390208
v -0.02208827 -0.02070000 0.01400228
v -0.02208827 -0.03288905 0.01400228
v -0.02220593 -0.02070000 0.01409256
v -0.02220593 -0.03288905 0.01409256
v -0.02233101 -0.02070000 0.01417224
v -0.02233101 -0.03288905 0.01417224
v -0.02246256 -0.02070000 0.01424072
v -0.02246256 -0.03288905 0.01424072
v -0.02259957 -0.02070000 0.01429748
v -0.02259957 -0.03288905 0.01429748
v -0.02274102 -0.02070000 0.01434207
v -0.02274102 -0.03288905 0.01434207
v -0.02288581 -0.02070000 0.01437417
v -0.02288581 -0.03288905 0.01437417
v -0.02303284 -0.02070000 0.01439353
v -0.02303284 -0.03288905 0.01439353
v -0.02318101 -0.02070000 0.01440000
v -0.02318101 -0.03288905 0.01440000
v -0.02332917 -0.02070000 0.01439353
v -0.02332917 -0.03288905 0.01439353
v -0.02347621 -0.02070000 0.01437417
v -0.02347621 -0.03288905 0.01437417
v -0.02362100 -0.02070000 0.01434207
v -0.02362100 -0.03288905 0.01434207
v -0.02376244 -0.02070000 0.01429748
v -0.02376244 -0.03288905 0.01429748
v -0.02389946 -0.02070000 0.01424072
v -0.02389946 -0.03288905 0.01424072
v -0.02403101 -0.02070000 0.01417224
v -0.02403101 -0.03288905 0.01417224
v -0.02415609 -0.02070000 0.01409256
v -0.02415609 -0.03288905 0.01409256
v -0.02427375 -0.02070000 0.01400228
v -0.02427375 -0.03288905 0.01400228
v -0.02438309 -0.02070000 0.01390208
v -0.02438309 -0.03288905 0.01390208
v -0.02448328 -0.02070000 0.01379274
v -0.02448328 -0.03288905 0.01379274
v -0.02457357 -0.02070000 0.01367508
v -0.02457357 -0.03288905 0.01367508
v -0.02465325 -0.02070000 0.01355000
v -0.02465325 -0.03288905 0.01355000
v -0.02472173 -0.02070000 0.01341845
v -0.02472173 -0.03288905 0.01341845
v -0.02477849 -0.02070000 0.01328143
v -0.02477849 -0.03288905 0.01328143
v -0.02482308 -0.02070000 0.01313999
v -0.02482308 -0.03288905 0.01313999
v -0.02485518 -0.02070000 0.01299520
v -0.02485518 -0.03288905 0.01299520
v -0.02487454 -0.02070000 0.01284816
v -0.02487454 -0.03288905 0.01284816
v -0.02488101 -0.02070000 0.01270000
v -0.02488101 -0.03288905 0.01270000
v -0.02487454 -0.02070000 0.01255183
v -0.02487454 -0.03288905 0.01255183
v -0.02485518 -0.02070000 0.01240480
v -0.02485518 -0.03288905 0.01240480
v -0.02482308 -0.02070000 0.01226001
v -0.02482308 -0.03288905 0.01226001
v -0.02477849 -0.02070000 0.01211857
v -0.02477849 -0.03288905 0.01211857
v -0.02472173 -0.02070000 0.01198155
v -0.02472173 -0.03288905 0.01198155
v -0.02465325 -0.02070000 0.01185000
v -0.02465325 -0.03288905 0.01185000
v -0.02457357 -0.02070000 0.01172492
v -0.02457357 -0.03288905 0.01172492
v -0.02448328 -0.02070000 0.01160726
v -0.02448328 -0.03288905 0.01160726
v -0.02438309 -0.02070000 0.01149792
v -0.02438309 -0.03288905 0.01149792
v -0.02427375 -0.02070000 0.01139772
v -0.02427375 -0.03288905 0.01139772
v -0.02415609 -0.02070000 0.01130744
v -0.02415609 -0.03288905 0.01130744
v -0.02403101 -0.02070000 0.01122776
v -0.02403101 -0.03288905 0.01122776
v -0.02389946 -0.02070000 0.01115928
v -0.02389946 -0.03288905 0.01115928
v -0.02376244 -0.02070000 0.01110252
v -0.02376244 -0.03288905 0.01110252
v -0.02362100 -0.02070000 0.01105793
v -0.02362100 -0.03288905 0.01105793
v -0.02347621 -0.02070000 0.01102583
v -0.02347621 -0.03288905 0.01102583
v -0.02332917 -0.02070000 0.01100647
v -0.02332917 -0.03288905 0.01100647
v -0.02952317 -0.03288905 0.00144914
v -0.02950509 -0.03288905 0.00131183
v -0.02885226 -0.03288905 0.00028710
v -0.02873546 -0.03288905 0.00021268
v -0.02861262 -0.03288905 0.00014874
v -0.02848466 -0.03288905 0.00009574
v -0.02835258 -0.03288905 0.00005409
v -0.02821738 -0.03288905 0.00002412
v -0.02947512 -0.03288905 0.00117662
v -0.02943347 -0.03288905 0.00104454
v -0.02938047 -0.03288905 0.00091659
v -0.02808007 -0.03288905 0.00000604
v -0.02931652 -0.03288905 0.00079375
v -0.02924211 -0.03288905 0.00067695
v -0.02915780 -0.03288905 0.00056707
v -0.02906424 -0.03288905 0.00046497
v -0.02896213 -0.03288905 0.00037140
v -0.02952317 -0.03288905 0.02395086
v -0.02950509 -0.03288905 0.02408817
v -0.02947512 -0.03288905 0.02422338
v -0.02821738 -0.03288905 0.02537588
v -0.02835258 -0.03288905 0.02534591
v -0.02848466 -0.03288905 0.02530426
v -0.02861262 -0.03288905 0.02525126
v -0.02906424 -0.03288905 0.02493503
v -0.02915780 -0.03288905 0.02483292
v -0.02924211 -0.03288905 0.02472305
v -0.02931652 -0.03288905 0.02460625
v -0.02808007 -0.03288905 0.02539396
v -0.02873546 -0.03288905 0.02518732
v -0.02885226 -0.03288905 0.02511290
v -0.02896213 -0.03288905 0.02502860
v -0.02938047 -0.03288905 0.02448341
v -0.02943347 -0.03288905 0.02435546
v -0.02808007 -0.01428750 0.00000604
v -0.02808007 -0.01414967 0.00001206
v -0.02950509 -0.01402846 0.00149322
v -0.02952317 -0.01415748 0.00154018
v -0.02952317 -0.01415385 0.00155169
v -0.02952317 -0.01414967 0.00157544
v -0.02952317 -0.01416210 0.00152903
v -0.02950509 -0.01403766 0.00147100
v -0.02947512 -0.01391512 0.00141386
v -0.02952317 -0.01416768 0.00151832
v -0.02950509 -0.01402123 0.00151615
v -0.02952317 -0.01415124 0.00156347
v -0.02950509 -0.01401602 0.00153963
v -0.02950509 -0.01401288 0.00156347
v -0.02950509 -0.01404877 0.00144967
v -0.02947512 -0.01393167 0.00138206
v -0.02943347 -0.01381729 0.00131602
v -0.02952317 -0.01417416 0.00150814
v -0.02947512 -0.01390140 0.00144697
v -0.02947512 -0.01389062 0.00148116
v -0.02947512 -0.01388287 0.00151615
v -0.02947512 -0.01387819 0.00155169
v -0.02950509 -0.01406169 0.00142938
v -0.02947512 -0.01395093 0.00135183
v -0.02943347 -0.01384274 0.00127607
v -0.02938047 -0.01373793 0.00120268
v -0.02952317 -0.01418151 0.00149856
v -0.02943347 -0.01379541 0.00135804
v -0.02943347 -0.01377729 0.00140180
v -0.02943347 -0.01376304 0.00144697
v -0.02943347 -0.01375279 0.00149322
v -0.02943347 -0.01374661 0.00154018
v -0.02950509 -0.01407633 0.00141031
v -0.02947512 -0.01397275 0.00132339
v -0.02943347 -0.01387157 0.00123849
v -0.02938047 -0.01377356 0.00115625
v -0.02931652 -0.01367945 0.00107729
v -0.02952317 -0.01418967 0.00148966
v -0.02938047 -0.01370648 0.00125205
v -0.02938047 -0.01367945 0.00130396
v -0.02938047 -0.01365705 0.00135804
v -0.02938047 -0.01363945 0.00141386
v -0.02938047 -0.01362679 0.00147100
v -0.02938047 -0.01361915 0.00152903
v -0.02950509 -0.01409257 0.00139257
v -0.02947512 -0.01399697 0.00129697
v -0.02943347 -0.01390357 0.00120357
v -0.02938047 -0.01381310 0.00111310
v -0.02931652 -0.01372623 0.00102623
v -0.02924211 -0.01364364 0.00094364
v -0.02952317 -0.01419856 0.00148151
v -0.02931652 -0.01363730 0.00113222
v -0.02931652 -0.01360009 0.00119063
v -0.02931652 -0.01356812 0.00125205
v -0.02931652 -0.01354162 0.00131602
v -0.02931652 -0.01352080 0.00138206
v -0.02931652 -0.01350581 0.00144967
v -0.02931652 -0.01349677 0.00151832
v -0.02950509 -0.01411031 0.00137633
v -0.02947512 -0.01402339 0.00127275
v -0.02943347 -0.01393849 0.00117157
v -0.02938047 -0.01385625 0.00107356
v -0.02931652 -0.01377729 0.00097945
v -0.02924211 -0.01370221 0.00088998
v -0.02915780 -0.01363158 0.00080581
v -0.02952317 -0.01420814 0.00147416
v -0.02924211 -0.01358998 0.00100221
v -0.02924211 -0.01354162 0.00106523
v -0.02924211 -0.01349894 0.00113222
v -0.02924211 -0.01346226 0.00120268
v -0.02924211 -0.01343186 0.00127607
v -0.02924211 -0.01340797 0.00135183
v -0.02924211 -0.01339078 0.00142938
v -0.02924211 -0.01338041 0.00150814
v -0.02950509 -0.01412938 0.00136169
v -0.02947512 -0.01405183 0.00125093
v -0.02943347 -0.01397607 0.00114274
v -0.02938047 -0.01390268 0.00103793
v -0.02931652 -0.01383222 0.00093730
v -0.02924211 -0.01376523 0.00084162
v -0.02915780 -0.01370221 0.00075162
v -0.02906424 -0.01364364 0.00066798
v -0.02952317 -0.01421832 0.00146768
v -0.02915780 -0.01356595 0.00086595
v -0.02915780 -0.01350581 0.00093158
v -0.02915780 -0.01345162 0.00100221
v -0.02915780 -0.01340379 0.00107729
v -0.02915780 -0.01336268 0.00115625
v -0.02915780 -0.01332861 0.00123849
v -0.02915780 -0.01330184 0.00132339
v -0.02915780 -0.01328258 0.00141031
v -0.02915780 -0.01327096 0.00149856
v -0.02950509 -0.01414967 0.00134877
v -0.02947512 -0.01408206 0.00123167
v -0.02943347 -0.01401602 0.00111729
v -0.02938047 -0.01395205 0.00100648
v -0.02931652 -0.01389062 0.00090009
v -0.02924211 -0.01383222 0.00079894
v -0.02915780 -0.01377729 0.00070379
v -0.02906424 -0.01372623 0.00061536
v -0.02896213 -0.01367945 0.00053433
v -0.02952317 -0.01422903 0.00146210
v -0.02906424 -0.01356595 0.00072759
v -0.02906424 -0.01349375 0.00079375
v -0.02906424 -0.01342759 0.00086595
v -0.02906424 -0.01336798 0.00094364
v -0.02906424 -0.01331536 0.00102623
v -0.02906424 -0.01327014 0.00111310
v -0.02906424 -0.01323267 0.00120357
v -0.02906424 -0.01320322 0.00129697
v -0.02906424 -0.01318202 0.00139257
v -0.02906424 -0.01316924 0.00148966
v -0.02950509 -0.01417100 0.00133766
v -0.02947512 -0.01411386 0.00121512
v -0.02943347 -0.01405804 0.00109541
v -0.02938047 -0.01400396 0.00097945
v -0.02931652 -0.01395205 0.00086812
v -0.02924211 -0.01390268 0.00076226
v -0.02915780 -0.01385625 0.00066268
v -0.02906424 -0.01381310 0.00057014
v -0.02896213 -0.01377356 0.00048534
v -0.02885226 -0.01373793 0.00040893
v -0.02952317 -0.01424018 0.00145748
v -0.02896213 -0.01358998 0.00059133
v -0.02896213 -0.01350581 0.00065592
v -0.02896213 -0.01342759 0.00072759
v -0.02896213 -0.01335592 0.00080581
v -0.02896213 -0.01329133 0.00088998
v -0.02896213 -0.01323433 0.00097945
v -0.02896213 -0.01318534 0.00107356
v -0.02896213 -0.01314474 0.00117157
v -0.02896213 -0.01311284 0.00127275
v -0.02896213 -0.01308988 0.00137633
v -0.02896213 -0.01307603 0.00148151
v -0.02950509 -0.01419322 0.00132846
v -0.02947512 -0.01414697 0.00120140
v -0.02943347 -0.01410180 0.00107729
v -0.02938047 -0.01405804 0.00095705
v -0.02931652 -0.01401602 0.00084162
v -0.02924211 -0.01397607 0.00073186
v -0.02915780 -0.01393849 0.00062861
v -0.02906424 -0.01390357 0.00053266
v -0.02896213 -0.01387157 0.00044474
v -0.02885226 -0.01384274 0.00036552
v -0.02873546 -0.01381729 0.00029560
v -0.02952317 -0.01425169 0.00145385
v -0.02885226 -0.01363730 0.00046132
v -0.02885226 -0.01354162 0.00052227
v -0.02885226 -0.01345162 0.00059133
v -0.02885226 -0.01336798 0.00066798
v -0.02885226 -0.01329133 0.00075162
v -0.02885226 -0.01322227 0.00084162
v -0.02885226 -0.01316132 0.00093730
v -0.02885226 -0.01310893 0.00103793
v -0.02885226 -0.01306552 0.00114274
v -0.02885226 -0.01303141 0.00125093
v -0.02885226 -0.01300685 0.00136169
v -0.02885226 -0.01299204 0.00147416
v -0.02950509 -0.01421615 0.00132123
v -0.02947512 -0.01418116 0.00119063
v -0.02943347 -0.01414697 0.00106304
v -0.02938047 -0.01411386 0.00093945
v -0.02931652 -0.01408206 0.00082080
v -0.02924211 -0.01405183 0.00070797
v -0.02915780 -0.01402339 0.00060184
v -0.02906424 -0.01399697 0.00050322
v -0.02896213 -0.01397275 0.00041284
v -0.02885226 -0.01395093 0.00033141
v -0.02873546 -0.01393167 0.00025953
v -0.02861262 -0.01391512 0.00019776
v -0.02952317 -0.01426347 0.00145124
v -0.02873546 -0.01370648 0.00034149
v -0.02873546 -0.01360009 0.00039687
v -0.02873546 -0.01349894 0.00046132
v -0.02873546 -0.01340379 0.00053433
v -0.02873546 -0.01331536 0.00061536
v -0.02873546 -0.01323433 0.00070379
v -0.02873546 -0.01316132 0.00079894
v -0.02873546 -0.01309687 0.00090009
v -0.02873546 -0.01304149 0.00100648
v -0.02873546 -0.01299560 0.00111729
v -0.02873546 -0.01295953 0.00123167
v -0.02873546 -0.01293357 0.00134877
v -0.02873546 -0.01291792 0.00146768
v -0.02950509 -0.01423963 0.00131602
v -0.02947512 -0.01421615 0.00118287
v -0.02943347 -0.01419322 0.00105279
v -0.02938047 -0.01417100 0.00092679
v -0.02931652 -0.01414967 0.00080581
v -0.02924211 -0.01412938 0.00069078
v -0.02915780 -0.01411031 0.00058258
v -0.02906424 -0.01409257 0.00048202
v -0.02896213 -0.01407633 0.00038988
v -0.02885226 -0.01406169 0.00030685
v -0.02873546 -0.01404877 0.00023357
v -0.02861262 -0.01403766 0.00017059
v -0.02848466 -0.01402846 0.00011840
v -0.02952317 -0.01427544 0.00144967
v -0.02861262 -0.01379541 0.00023550
v -0.02861262 -0.01367945 0.00028354
v -0.02861262 -0.01356812 0.00034149
v -0.02861262 -0.01346226 0.00040893
v -0.02861262 -0.01336268 0.00048534
v -0.02861262 -0.01327014 0.00057014
v -0.02861262 -0.01318534 0.00066268
v -0.02861262 -0.01310893 0.00076226
v -0.02861262 -0.01304149 0.00086812
v -0.02861262 -0.01298354 0.00097945
v -0.02861262 -0.01293550 0.00109541
v -0.02861262 -0.01289776 0.00121512
v -0.02861262 -0.01287059 0.00133766
v -0.02861262 -0.01285421 0.00146210
v -0.02950509 -0.01426347 0.00131288
v -0.02947512 -0.01425169 0.00117819
v -0.02943347 -0.01424018 0.00104661
v -0.02938047 -0.01422903 0.00091915
v -0.02931652 -0.01421832 0.00079677
v -0.02924211 -0.01420814 0.00068041
v -0.02915780 -0.01419856 0.00057096
v -0.02906424 -0.01418967 0.00046924
v -0.02896213 -0.01418151 0.00037603
v -0.02885226 -0.01417416 0.00029204
v -0.02873546 -0.01416768 0.00021792
v -0.02861262 -0.01416210 0.00015421
v -0.02848466 -0.01415748 0.00010141
v -0.02835258 -0.01415385 0.00005993
v -0.02952317 -0.01428750 0.00144914
v -0.02848466 -0.01390140 0.00014657
v -0.02848466 -0.01377729 0.00018570
v -0.02848466 -0.01365705 0.00023550
v -0.02848466 -0.01354162 0.00029560
v -0.02848466 -0.01343186 0.00036552
v -0.02848466 -0.01332861 0.00044474
v -0.02848466 -0.01323267 0.00053266
v -0.02848466 -0.01314474 0.00062861
v -0.02848466 -0.01306552 0.00073186
v -0.02848466 -0.01299560 0.00084162
v -0.02848466 -0.01293550 0.00095705
v -0.02848466 -0.01288570 0.00107729
v -0.02848466 -0.01284657 0.00120140
v -0.02848466 -0.01281840 0.00132846
v -0.02848466 -0.01280141 0.00145748
v -0.02950509 -0.01428750 0.00131183
v -0.02947512 -0.01428750 0.00117662
v -0.02943347 -0.01428750 0.00104454
v -0.02938047 -0.01428750 0.00091659
v -0.02931652 -0.01428750 0.00079375
v -0.02924211 -0.01428750 0.00067695
v -0.02915780 -0.01428750 0.00056707
v -0.02906424 -0.01428750 0.00046497
v -0.02896213 -0.01428750 0.00037140
v -0.02885226 -0.01428750 0.00028710
v -0.02873546 -0.01428750 0.00021268
v -0.02861262 -0.01428750 0.00014874
v -0.02848466 -0.01428750 0.00009574
v -0.02835258 -0.01428750 0.00005409
v -0.02821738 -0.01428750 0.00002412
v -0.02835258 -0.01402123 0.00007739
v -0.02835258 -0.01389062 0.00010634
v -0.02835258 -0.01376304 0.00014657
v -0.02835258 -0.01363945 0.00019776
v -0.02835258 -0.01352080 0.00025953
v -0.02835258 -0.01340797 0.00033141
v -0.02835258 -0.01330184 0.00041284
v -0.02835258 -0.01320322 0.00050322
v -0.02835258 -0.01311284 0.00060184
v -0.02835258 -0.01303141 0.00070797
v -0.02835258 -0.01295953 0.00082080
v -0.02835258 -0.01289776 0.00093945
v -0.02835258 -0.01284657 0.00106304
v -0.02835258 -0.01280634 0.00119063
v -0.02835258 -0.01277739 0.00132123
v -0.02835258 -0.01275993 0.00145385
v -0.02821738 -0.01415124 0.00003007
v -0.02821738 -0.01401602 0.00004787
v -0.02821738 -0.01388287 0.00007739
v -0.02821738 -0.01375279 0.00011840
v -0.02821738 -0.01362679 0.00017059
v -0.02821738 -0.01350581 0.00023357
v -0.02821738 -0.01339078 0.00030685
v -0.02821738 -0.01328258 0.00038988
v -0.02821738 -0.01318202 0.00048202
v -0.02821738 -0.01308988 0.00058258
v -0.02821738 -0.01300685 0.00069078
v -0.02821738 -0.01293357 0.00080581
v -0.02821738 -0.01287059 0.00092679
v -0.02821738 -0.01281840 0.00105279
v -0.02821738 -0.01277739 0.00118287
v -0.02821738 -0.01274787 0.00131602
v -0.02821738 -0.01273007 0.00145124
v -0.02808007 -0.01401288 0.00003007
v -0.02808007 -0.01387819 0.00005993
v -0.02808007 -0.01374661 0.00010141
v -0.02808007 -0.01361915 0.00015421
v -0.02808007 -0.01349677 0.00021792
v -0.02808007 -0.01338041 0.00029204
v -0.02808007 -0.01327096 0.00037603
v -0.02808007 -0.01316924 0.00046924
v -0.02808007 -0.01307603 0.00057096
v -0.02808007 -0.01299204 0.00068041
v -0.02808007 -0.01291792 0.00079677
v -0.02808007 -0.01285421 0.00091915
v -0.02808007 -0.01280141 0.00104661
v -0.02808007 -0.01275993 0.00117819
v -0.02808007 -0.01273007 0.00131288
v -0.02808007 -0.01271206 0.00144967
v 0.02808005 -0.01270604 0.00158750
v 0.02808005 -0.01271206 0.00144967
v 0.02950507 -0.01419322 0.00132846
v 0.02952315 -0.01424018 0.00145748
v 0.02952315 -0.01425169 0.00145385
v 0.02952315 -0.01427544 0.00144967
v 0.02952315 -0.01422903 0.00146210
v 0.02950507 -0.01417100 0.00133766
v 0.02947510 -0.01411386 0.00121512
v 0.02952315 -0.01421832 0.00146768
v 0.02950507 -0.01421615 0.00132123
v 0.02952315 -0.01426347 0.00145124
v 0.02950507 -0.01423963 0.00131602
v 0.02950507 -0.01426347 0.00131288
v 0.02950507 -0.01414967 0.00134877
v 0.02947510 -0.01408206 0.00123167
v 0.02943345 -0.01401602 0.00111729
v 0.02952315 -0.01420814 0.00147416
v 0.02947510 -0.01414697 0.00120140
v 0.02947510 -0.01418116 0.00119063
v 0.02947510 -0.01421615 0.00118287
v 0.02947510 -0.01425169 0.00117819
v 0.02950507 -0.01412938 0.00136169
v 0.02947510 -0.01405183 0.00125093
v 0.02943345 -0.01397607 0.00114274
v 0.02938046 -0.01390268 0.00103793
v 0.02952315 -0.01419856 0.00148151
v 0.02943345 -0.01405804 0.00109541
v 0.02943345 -0.01410180 0.00107729
v 0.02943345 -0.01414697 0.00106304
v 0.02943345 -0.01419322 0.00105279
v 0.02943345 -0.01424018 0.00104661
v 0.02950507 -0.01411031 0.00137633
v 0.02947510 -0.01402339 0.00127275
v 0.02943345 -0.01393849 0.00117157
v 0.02938046 -0.01385625 0.00107356
v 0.02931651 -0.01377729 0.00097945
v 0.02952315 -0.01418967 0.00148966
v 0.02938046 -0.01395205 0.00100648
v 0.02938046 -0.01400396 0.00097945
v 0.02938046 -0.01405804 0.00095705
v 0.02938046 -0.01411386 0.00093945
v 0.02938046 -0.01417100 0.00092679
v 0.02938046 -0.01422903 0.00091915
v 0.02950507 -0.01409257 0.00139257
v 0.02947510 -0.01399697 0.00129697
v 0.02943345 -0.01390357 0.00120357
v 0.02938046 -0.01381310 0.00111310
v 0.02931651 -0.01372623 0.00102623
v 0.02924209 -0.01364364 0.00094364
v 0.02952315 -0.01418151 0.00149856
v 0.02931651 -0.01383222 0.00093730
v 0.02931651 -0.01389062 0.00090009
v 0.02931651 -0.01395205 0.00086812
v 0.02931651 -0.01401602 0.00084162
v 0.02931651 -0.01408206 0.00082080
v 0.02931651 -0.01414967 0.00080581
v 0.02931651 -0.01421832 0.00079677
v 0.02950507 -0.01407633 0.00141031
v 0.02947510 -0.01397275 0.00132339
v 0.02943345 -0.01387157 0.00123849
v 0.02938046 -0.01377356 0.00115625
v 0.02931651 -0.01367945 0.00107729
v 0.02924209 -0.01358998 0.00100221
v 0.02915779 -0.01350581 0.00093158
v 0.02952315 -0.01417416 0.00150814
v 0.02924209 -0.01370221 0.00088998
v 0.02924209 -0.01376523 0.00084162
v 0.02924209 -0.01383222 0.00079894
v 0.02924209 -0.01390268 0.00076226
v 0.02924209 -0.01397607 0.00073186
v 0.02924209 -0.01405183 0.00070797
v 0.02924209 -0.01412938 0.00069078
v 0.02924209 -0.01420814 0.00068041
v 0.02950507 -0.01406169 0.00142938
v 0.02947510 -0.01395093 0.00135183
v 0.02943345 -0.01384274 0.00127607
v 0.02938046 -0.01373793 0.00120268
v 0.02931651 -0.01363730 0.00113222
v 0.02924209 -0.01354162 0.00106523
v 0.02915779 -0.01345162 0.00100221
v 0.02906422 -0.01336798 0.00094364
v 0.02952315 -0.01416768 0.00151832
v 0.02915779 -0.01356595 0.00086595
v 0.02915779 -0.01363158 0.00080581
v 0.02915779 -0.01370221 0.00075162
v 0.02915779 -0.01377729 0.00070379
v 0.02915779 -0.01385625 0.00066268
v 0.02915779 -0.01393849 0.00062861
v 0.02915779 -0.01402339 0.00060184
v 0.02915779 -0.01411031 0.00058258
v 0.02915779 -0.01419856 0.00057096
v 0.02950507 -0.01404877 0.00144967
v 0.02947510 -0.01393167 0.00138206
v 0.02943345 -0.01381729 0.00131602
v 0.02938046 -0.01370648 0.00125205
v 0.02931651 -0.01360009 0.00119063
v 0.02924209 -0.01349894 0.00113222
v 0.02915779 -0.01340379 0.00107729
v 0.02906422 -0.01331536 0.00102623
v 0.02896212 -0.01323433 0.00097945
v 0.02952315 -0.01416210 0.00152903
v 0.02906422 -0.01342759 0.00086595
v 0.02906422 -0.01349375 0.00079375
v 0.02906422 -0.01356595 0.00072759
v 0.02906422 -0.01364364 0.00066798
v 0.02906422 -0.01372623 0.00061536
v 0.02906422 -0.01381310 0.00057014
v 0.02906422 -0.01390357 0.00053266
v 0.02906422 -0.01399697 0.00050322
v 0.02906422 -0.01409257 0.00048202
v 0.02906422 -0.01418967 0.00046924
v 0.02950507 -0.01403766 0.00147100
v 0.02947510 -0.01391512 0.00141386
v 0.02943345 -0.01379541 0.00135804
v 0.02938046 -0.01367945 0.00130396
v 0.02931651 -0.01356812 0.00125205
v 0.02924209 -0.01346226 0.00120268
v 0.02915779 -0.01336268 0.00115625
v 0.02906422 -0.01327014 0.00111310
v 0.02896212 -0.01318534 0.00107356
v 0.02885224 -0.01310893 0.00103793
v 0.02952315 -0.01415748 0.00154018
v 0.02896212 -0.01329133 0.00088998
v 0.02896212 -0.01335592 0.00080581
v 0.02896212 -0.01342759 0.00072759
v 0.02896212 -0.01350581 0.00065592
v 0.02896212 -0.01358998 0.00059133
v 0.02896212 -0.01367945 0.00053433
v 0.02896212 -0.01377356 0.00048534
v 0.02896212 -0.01387157 0.00044474
v 0.02896212 -0.01397275 0.00041284
v 0.02896212 -0.01407633 0.00038988
v 0.02896212 -0.01418151 0.00037603
v 0.02950507 -0.01402846 0.00149322
v 0.02947510 -0.01390140 0.00144697
v 0.02943345 -0.01377729 0.00140180
v 0.02938046 -0.01365705 0.00135804
v 0.02931651 -0.01354162 0.00131602
v 0.02924209 -0.01343186 0.00127607
v 0.02915779 -0.01332861 0.00123849
v 0.02906422 -0.01323267 0.00120357
v 0.02896212 -0.01314474 0.00117157
v 0.02885224 -0.01306552 0.00114274
v 0.02873544 -0.01299560 0.00111729
v 0.02952315 -0.01415385 0.00155169
v 0.02885224 -0.01316132 0.00093730
v 0.02885224 -0.01322227 0.00084162
v 0.02885224 -0.01329133 0.00075162
v 0.02885224 -0.01336798 0.00066798
v 0.02885224 -0.01345162 0.00059133
v 0.02885224 -0.01354162 0.00052227
v 0.02885224 -0.01363730 0.00046132
v 0.02885224 -0.01373793 0.00040893
v 0.02885224 -0.01384274 0.00036552
v 0.02885224 -0.01395093 0.00033141
v 0.02885224 -0.01406169 0.00030685
v 0.02885224 -0.01417416 0.00029204
v 0.02950507 -0.01402123 0.00151615
v 0.02947510 -0.01389062 0.00148116
v 0.02943345 -0.01376304 0.00144697
v 0.02938046 -0.01363945 0.00141386
v 0.02931651 -0.01352080 0.00138206
v 0.02924209 -0.01340797 0.00135183
v 0.02915779 -0.01330184 0.00132339
v 0.02906422 -0.01320322 0.00129697
v 0.02896212 -0.01311284 0.00127275
v 0.02885224 -0.01303141 0.00125093
v 0.02873544 -0.01295953 0.00123167
v 0.02861260 -0.01289776 0.00121512
v 0.02952315 -0.01415124 0.00156347
v 0.02873544 -0.01304149 0.00100648
v 0.02873544 -0.01309687 0.00090009
v 0.02873544 -0.01316132 0.00079894
v 0.02873544 -0.01323433 0.00070379
v 0.02873544 -0.01331536 0.00061536
v 0.02873544 -0.01340379 0.00053433
v 0.02873544 -0.01349894 0.00046132
v 0.02873544 -0.01360009 0.00039687
v 0.02873544 -0.01370648 0.00034149
v 0.02873544 -0.01381729 0.00029560
v 0.02873544 -0.01393167 0.00025953
v 0.02873544 -0.01404877 0.00023357
v 0.02873544 -0.01416768 0.00021792
v 0.02950507 -0.01401602 0.00153963
v 0.02947510 -0.01388287 0.00151615
v 0.02943345 -0.01375279 0.00149322
v 0.02938046 -0.01362679 0.00147100
v 0.02931651 -0.01350581 0.00144967
v 0.02924209 -0.01339078 0.00142938
v 0.02915779 -0.01328258 0.00141031
v 0.02906422 -0.01318202 0.00139257
v 0.02896212 -0.01308988 0.00137633
v 0.02885224 -0.01300685 0.00136169
v 0.02873544 -0.01293357 0.00134877
v 0.02861260 -0.01287059 0.00133766
v 0.02848465 -0.01281840 0.00132846
v 0.02952315 -0.01414967 0.00157544
v 0.02861260 -0.01293550 0.00109541
v 0.02861260 -0.01298354 0.00097945
v 0.02861260 -0.01304149 0.00086812
v 0.02861260 -0.01310893 0.00076226
v 0.02861260 -0.01318534 0.00066268
v 0.02861260 -0.01327014 0.00057014
v 0.02861260 -0.01336268 0.00048534
v 0.02861260 -0.01346226 0.00040893
v 0.02861260 -0.01356812 0.00034149
v 0.02861260 -0.01367945 0.00028354
v 0.02861260 -0.01379541 0.00023550
v 0.02861260 -0.01391512 0.00019776
v 0.02861260 -0.01403766 0.00017059
v 0.02861260 -0.01416210 0.00015421
v 0.02950507 -0.01401288 0.00156347
v 0.02947510 -0.01387819 0.00155169
v 0.02943345 -0.01374661 0.00154018
v 0.02938046 -0.01361915 0.00152903
v 0.02931651 -0.01349677 0.00151832
v 0.02924209 -0.01338041 0.00150814
v 0.02915779 -0.01327096 0.00149856
v 0.02906422 -0.01316924 0.00148966
v 0.02896212 -0.01307603 0.00148151
v 0.02885224 -0.01299204 0.00147416
v 0.02873544 -0.01291792 0.00146768
v 0.02861260 -0.01285421 0.00146210
v 0.02848465 -0.01280141 0.00145748
v 0.02835257 -0.01275993 0.00145385
v 0.02952315 -0.01414914 0.00158750
v 0.02848465 -0.01284657 0.00120140
v 0.02848465 -0.01288570 0.00107729
v 0.02848465 -0.01293550 0.00095705
v 0.02848465 -0.01299560 0.00084162
v 0.02848465 -0.01306552 0.00073186
v 0.02848465 -0.01314474 0.00062861
v 0.02848465 -0.01323267 0.00053266
v 0.02848465 -0.01332861 0.00044474
v 0.02848465 -0.01343186 0.00036552
v 0.02848465 -0.01354162 0.00029560
v 0.02848465 -0.01365705 0.00023550
v 0.02848465 -0.01377729 0.00018570
v 0.02848465 -0.01390140 0.00014657
v 0.02848465 -0.01402846 0.00011840
v 0.02848465 -0.01415748 0.00010141
v 0.02950507 -0.01401183 0.00158750
v 0.02947510 -0.01387662 0.00158750
v 0.02943345 -0.01374454 0.00158750
v 0.02938046 -0.01361659 0.00158750
v 0.02931651 -0.01349375 0.00158750
v 0.02924209 -0.01337695 0.00158750
v 0.02915779 -0.01326707 0.00158750
v 0.02906422 -0.01316497 0.00158750
v 0.02896212 -0.01307140 0.00158750
v 0.02885224 -0.01298710 0.00158750
v 0.02873544 -0.01291269 0.00158750
v 0.02861260 -0.01284874 0.00158750
v 0.02848465 -0.01279574 0.00158750
v 0.02835257 -0.01275409 0.00158750
v 0.02821736 -0.01272412 0.00158750
v 0.02835257 -0.01277739 0.00132123
v 0.02835257 -0.01280634 0.00119063
v 0.02835257 -0.01284657 0.00106304
v 0.02835257 -0.01289776 0.00093945
v 0.02835257 -0.01295953 0.00082080
v 0.02835257 -0.01303141 0.00070797
v 0.02835257 -0.01311284 0.00060184
v 0.02835257 -0.01320322 0.00050322
v 0.02835257 -0.01330184 0.00041284
v 0.02835257 -0.01340797 0.00033141
v 0.02835257 -0.01352080 0.00025953
v 0.02835257 -0.01363945 0.00019776
v 0.02835257 -0.01376304 0.00014657
v 0.02835257 -0.01389062 0.00010634
v 0.02835257 -0.01402123 0.00007739
v 0.02835257 -0.01415385 0.00005993
v 0.02821736 -0.01273007 0.00145124
v 0.02821736 -0.01274787 0.00131602
v 0.02821736 -0.01277739 0.00118287
v 0.02821736 -0.01281840 0.00105279
v 0.02821736 -0.01287059 0.00092679
v 0.02821736 -0.01293357 0.00080581
v 0.02821736 -0.01300685 0.00069078
v 0.02821736 -0.01308988 0.00058258
v 0.02821736 -0.01318202 0.00048202
v 0.02821736 -0.01328258 0.00038988
v 0.02821736 -0.01339078 0.00030685
v 0.02821736 -0.01350581 0.00023357
v 0.02821736 -0.01362679 0.00017059
v 0.02821736 -0.01375279 0.00011840
v 0.02821736 -0.01388287 0.00007739
v 0.02821736 -0.01401602 0.00004787
v 0.02821736 -0.01415124 0.00003007
v 0.02808005 -0.01273007 0.00131288
v 0.02808005 -0.01275993 0.00117819
v 0.02808005 -0.01280141 0.00104661
v 0.02808005 -0.01285421 0.00091915
v 0.02808005 -0.01291792 0.00079677
v 0.02808005 -0.01299204 0.00068041
v 0.02808005 -0.01307603 0.00057096
v 0.02808005 -0.01316924 0.00046924
v 0.02808005 -0.01327096 0.00037603
v 0.02808005 -0.01338041 0.00029204
v 0.02808005 -0.01349677 0.00021792
v 0.02808005 -0.01361915 0.00015421
v 0.02808005 -0.01374661 0.00010141
v 0.02808005 -0.01387819 0.00005993
v 0.02808005 -0.01401288 0.00003007
v 0.02808005 -0.01414967 0.00001206
v -0.02150669 -0.02070000 0.01560000
v -0.02485532 -0.02070000 0.00980000
v -0.01983238 -0.02070000 0.01270000
v -0.02150669 -0.02070000 0.00980000
v -0.02952317 -0.01428750 0.02395086
v -0.02951715 -0.01414967 0.02395086
v -0.02803599 -0.01402846 0.02537588
v -0.02798903 -0.01415748 0.02539396
v -0.02797752 -0.01415385 0.02539396
v -0.02795377 -0.01414967 0.02539396
v -0.02800018 -0.01416210 0.02539396
v -0.02805821 -0.01403766 0.02537588
v -0.02811535 -0.01391512 0.02534591
v -0.02801089 -0.01416768 0.02539396
v -0.02801306 -0.01402123 0.02537588
v -0.02796573 -0.01415124 0.02539396
v -0.02798958 -0.01401602 0.02537588
v -0.02796573 -0.01401288 0.02537588
v -0.02807954 -0.01404877 0.02537588
v -0.02814715 -0.01393167 0.02534591
v -0.02821319 -0.01381729 0.02530426
v -0.02802107 -0.01417416 0.02539396
v -0.02808224 -0.01390140 0.02534591
v -0.02804805 -0.01389062 0.02534591
v -0.02801306 -0.01388287 0.02534591
v -0.02797752 -0.01387819 0.02534591
v -0.02809982 -0.01406169 0.02537588
v -0.02817738 -0.01395093 0.02534591
v -0.02825314 -0.01384274 0.02530426
v -0.02832652 -0.01373793 0.02525126
v -0.02803065 -0.01418151 0.02539396
v -0.02817117 -0.01379541 0.02530426
v -0.02812741 -0.01377729 0.02530426
v -0.02808224 -0.01376304 0.02530426
v -0.02803599 -0.01375279 0.02530426
v -0.02798903 -0.01374661 0.02530426
v -0.02811890 -0.01407633 0.02537588
v -0.02820581 -0.01397275 0.02534591
v -0.02829072 -0.01387157 0.02530426
v -0.02837296 -0.01377356 0.02525126
v -0.02845192 -0.01367945 0.02518732
v -0.02803954 -0.01418967 0.02539396
v -0.02827716 -0.01370648 0.02525126
v -0.02822525 -0.01367945 0.02525126
v -0.02817117 -0.01365705 0.02525126
v -0.02811535 -0.01363945 0.02525126
v -0.02805821 -0.01362679 0.02525126
v -0.02800018 -0.01361915 0.02525126
v -0.02813663 -0.01409257 0.02537588
v -0.02823224 -0.01399697 0.02534591
v -0.02832564 -0.01390357 0.02530426
v -0.02841611 -0.01381310 0.02525126
v -0.02850297 -0.01372623 0.02518732
v -0.02858557 -0.01364364 0.02511290
v -0.02804770 -0.01419856 0.02539396
v -0.02839698 -0.01363730 0.02518732
v -0.02833858 -0.01360009 0.02518732
v -0.02827716 -0.01356812 0.02518732
v -0.02821319 -0.01354162 0.02518732
v -0.02814715 -0.01352080 0.02518732
v -0.02807954 -0.01350581 0.02518732
v -0.02801089 -0.01349677 0.02518732
v -0.02815288 -0.01411031 0.02537588
v -0.02825646 -0.01402339 0.02534591
v -0.02835764 -0.01393849 0.02530426
v -0.02845565 -0.01385625 0.02525126
v -0.02854976 -0.01377729 0.02518732
v -0.02863923 -0.01370221 0.02511290
v -0.02872340 -0.01363158 0.02502860
v -0.02805505 -0.01420814 0.02539396
v -0.02852700 -0.01358998 0.02511290
v -0.02846398 -0.01354162 0.02511290
v -0.02839698 -0.01349894 0.02511290
v -0.02832652 -0.01346226 0.02511290
v -0.02825314 -0.01343186 0.02511290
v -0.02817738 -0.01340797 0.02511290
v -0.02809982 -0.01339078 0.02511290
v -0.02802107 -0.01338041 0.02511290
v -0.02816752 -0.01412938 0.02537588
v -0.02827828 -0.01405183 0.02534591
v -0.02838647 -0.01397607 0.02530426
v -0.02849128 -0.01390268 0.02525126
v -0.02859191 -0.01383222 0.02518732
v -0.02868759 -0.01376523 0.02511290
v -0.02877759 -0.01370221 0.02502860
v -0.02886123 -0.01364364 0.02493503
v -0.02806153 -0.01421832 0.02539396
v -0.02866326 -0.01356595 0.02502860
v -0.02859762 -0.01350581 0.02502860
v -0.02852700 -0.01345162 0.02502860
v -0.02845192 -0.01340379 0.02502860
v -0.02837296 -0.01336268 0.02502860
v -0.02829072 -0.01332861 0.02502860
v -0.02820581 -0.01330184 0.02502860
v -0.02811890 -0.01328258 0.02502860
v -0.02803065 -0.01327096 0.02502860
v -0.02818044 -0.01414967 0.02537588
v -0.02829754 -0.01408206 0.02534591
v -0.02841192 -0.01401602 0.02530426
v -0.02852273 -0.01395205 0.02525126
v -0.02862912 -0.01389062 0.02518732
v -0.02873027 -0.01383222 0.02511290
v -0.02882542 -0.01377729 0.02502860
v -0.02891385 -0.01372623 0.02493503
v -0.02899488 -0.01367945 0.02483292
v -0.02806710 -0.01422903 0.02539396
v -0.02880162 -0.01356595 0.02493503
v -0.02873546 -0.01349375 0.02493503
v -0.02866326 -0.01342759 0.02493503
v -0.02858557 -0.01336798 0.02493503
v -0.02850297 -0.01331536 0.02493503
v -0.02841611 -0.01327014 0.02493503
v -0.02832564 -0.01323267 0.02493503
v -0.02823224 -0.01320322 0.02493503
v -0.02813663 -0.01318202 0.02493503
v -0.02803954 -0.01316924 0.02493503
v -0.02819155 -0.01417100 0.02537588
v -0.02831409 -0.01411386 0.02534591
v -0.02843379 -0.01405804 0.02530426
v -0.02854976 -0.01400396 0.02525126
v -0.02866109 -0.01395205 0.02518732
v -0.02876695 -0.01390268 0.02511290
v -0.02886653 -0.01385625 0.02502860
v -0.02895907 -0.01381310 0.02493503
v -0.02904387 -0.01377356 0.02483292
v -0.02912027 -0.01373793 0.02472305
v -0.02807172 -0.01424018 0.02539396
v -0.02893788 -0.01358998 0.02483292
v -0.02887329 -0.01350581 0.02483292
v -0.02880162 -0.01342759 0.02483292
v -0.02872340 -0.01335592 0.02483292
v -0.02863923 -0.01329133 0.02483292
v -0.02854976 -0.01323433 0.02483292
v -0.02845565 -0.01318534 0.02483292
v -0.02835764 -0.01314474 0.02483292
v -0.02825646 -0.01311284 0.02483292
v -0.02815288 -0.01308988 0.02483292
v -0.02804770 -0.01307603 0.02483292
v -0.02820075 -0.01419322 0.02537588
v -0.02832780 -0.01414697 0.02534591
v -0.02845192 -0.01410180 0.02530426
v -0.02857216 -0.01405804 0.02525126
v -0.02868759 -0.01401602 0.02518732
v -0.02879735 -0.01397607 0.02511290
v -0.02890060 -0.01393849 0.02502860
v -0.02899654 -0.01390357 0.02493503
v -0.02908446 -0.01387157 0.02483292
v -0.02916369 -0.01384274 0.02472305
v -0.02923361 -0.01381729 0.02460625
v -0.02807535 -0.01425169 0.02539396
v -0.02906789 -0.01363730 0.02472305
v -0.02900694 -0.01354162 0.02472305
v -0.02893788 -0.01345162 0.02472305
v -0.02886123 -0.01336798 0.02472305
v -0.02877759 -0.01329133 0.02472305
v -0.02868759 -0.01322227 0.02472305
v -0.02859191 -0.01316132 0.02472305
v -0.02849128 -0.01310893 0.02472305
v -0.02838647 -0.01306552 0.02472305
v -0.02827828 -0.01303141 0.02472305
v -0.02816752 -0.01300685 0.02472305
v -0.02805505 -0.01299204 0.02472305
v -0.02820798 -0.01421615 0.02537588
v -0.02833858 -0.01418116 0.02534591
v -0.02846617 -0.01414697 0.02530426
v -0.02858976 -0.01411386 0.02525126
v -0.02870841 -0.01408206 0.02518732
v -0.02882124 -0.01405183 0.02511290
v -0.02892736 -0.01402339 0.02502860
v -0.02902599 -0.01399697 0.02493503
v -0.02911637 -0.01397275 0.02483292
v -0.02919780 -0.01395093 0.02472305
v -0.02926968 -0.01393167 0.02460625
v -0.02933145 -0.01391512 0.02448341
v -0.02807797 -0.01426347 0.02539396
v -0.02918771 -0.01370648 0.02460625
v -0.02913233 -0.01360009 0.02460625
v -0.02906789 -0.01349894 0.02460625
v -0.02899488 -0.01340379 0.02460625
v -0.02891385 -0.01331536 0.02460625
v -0.02882542 -0.01323433 0.02460625
v -0.02873027 -0.01316132 0.02460625
v -0.02862912 -0.01309687 0.02460625
v -0.02852273 -0.01304149 0.02460625
v -0.02841192 -0.01299560 0.02460625
v -0.02829754 -0.01295953 0.02460625
v -0.02818044 -0.01293357 0.02460625
v -0.02806153 -0.01291792 0.02460625
v -0.02821319 -0.01423963 0.02537588
v -0.02834634 -0.01421615 0.02534591
v -0.02847642 -0.01419322 0.02530426
v -0.02860242 -0.01417100 0.02525126
v -0.02872340 -0.01414967 0.02518732
v -0.02883843 -0.01412938 0.02511290
v -0.02894663 -0.01411031 0.02502860
v -0.02904719 -0.01409257 0.02493503
v -0.02913933 -0.01407633 0.02483292
v -0.02922236 -0.01406169 0.02472305
v -0.02929564 -0.01404877 0.02460625
v -0.02935861 -0.01403766 0.02448341
v -0.02941081 -0.01402846 0.02435546
v -0.02807954 -0.01427544 0.02539396
v -0.02929370 -0.01379541 0.02448341
v -0.02924567 -0.01367945 0.02448341
v -0.02918771 -0.01356812 0.02448341
v -0.02912027 -0.01346226 0.02448341
v -0.02904387 -0.01336268 0.02448341
v -0.02895907 -0.01327014 0.02448341
v -0.02886653 -0.01318534 0.02448341
v -0.02876695 -0.01310893 0.02448341
v -0.02866109 -0.01304149 0.02448341
v -0.02854976 -0.01298354 0.02448341
v -0.02843379 -0.01293550 0.02448341
v -0.02831409 -0.01289776 0.02448341
v -0.02819155 -0.01287059 0.02448341
v -0.02806710 -0.01285421 0.02448341
v -0.02821633 -0.01426347 0.02537588
v -0.02835102 -0.01425169 0.02534591
v -0.02848260 -0.01424018 0.02530426
v -0.02861006 -0.01422903 0.02525126
v -0.02873244 -0.01421832 0.02518732
v -0.02884880 -0.01420814 0.02511290
v -0.02895825 -0.01419856 0.02502860
v -0.02905997 -0.01418967 0.02493503
v -0.02915318 -0.01418151 0.02483292
v -0.02923716 -0.01417416 0.02472305
v -0.02931129 -0.01416768 0.02460625
v -0.02937500 -0.01416210 0.02448341
v -0.02942779 -0.01415748 0.02435546
v -0.02946928 -0.01415385 0.02422338
v -0.02808007 -0.01428750 0.02539396
v -0.02938264 -0.01390140 0.02435546
v -0.02934351 -0.01377729 0.02435546
v -0.02929370 -0.01365705 0.02435546
v -0.02923361 -0.01354162 0.02435546
v -0.02916369 -0.01343186 0.02435546
v -0.02908446 -0.01332861 0.02435546
v -0.02899654 -0.01323267 0.02435546
v -0.02890060 -0.01314474 0.02435546
v -0.02879735 -0.01306552 0.02435546
v -0.02868759 -0.01299560 0.02435546
v -0.02857216 -0.01293550 0.02435546
v -0.02845192 -0.01288570 0.02435546
v -0.02832780 -0.01284657 0.02435546
v -0.02820075 -0.01281840 0.02435546
v -0.02807172 -0.01280141 0.02435546
v -0.02821738 -0.01428750 0.02537588
v -0.02835258 -0.01428750 0.02534591
v -0.02848466 -0.01428750 0.02530426
v -0.02861262 -0.01428750 0.02525126
v -0.02873546 -0.01428750 0.02518732
v -0.02885226 -0.01428750 0.02511290
v -0.02896213 -0.01428750 0.02502860
v -0.02906424 -0.01428750 0.02493503
v -0.02915780 -0.01428750 0.02483292
v -0.02924211 -0.01428750 0.02472305
v -0.02931652 -0.01428750 0.02460625
v -0.02938047 -0.01428750 0.02448341
v -0.02943347 -0.01428750 0.02435546
v -0.02947512 -0.01428750 0.02422338
v -0.02950509 -0.01428750 0.02408817
v -0.02945182 -0.01402123 0.02422338
v -0.02942287 -0.01389062 0.02422338
v -0.02938264 -0.01376304 0.02422338
v -0.02933145 -0.01363945 0.02422338
v -0.02926968 -0.01352080 0.02422338
v -0.02919780 -0.01340797 0.02422338
v -0.02911637 -0.01330184 0.02422338
v -0.02902599 -0.01320322 0.02422338
v -0.02892736 -0.01311284 0.02422338
v -0.02882124 -0.01303141 0.02422338
v -0.02870841 -0.01295953 0.02422338
v -0.02858976 -0.01289776 0.02422338
v -0.02846617 -0.01284657 0.02422338
v -0.02833858 -0.01280634 0.02422338
v -0.02820798 -0.01277739 0.02422338
v -0.02807535 -0.01275993 0.02422338
v -0.02949914 -0.01415124 0.02408817
v -0.02948134 -0.01401602 0.02408817
v -0.02945182 -0.01388287 0.02408817
v -0.02941081 -0.01375279 0.02408817
v -0.02935861 -0.01362679 0.02408817
v -0.02929564 -0.01350581 0.02408817
v -0.02922236 -0.01339078 0.02408817
v -0.02913933 -0.01328258 0.02408817
v -0.02904719 -0.01318202 0.02408817
v -0.02894663 -0.01308988 0.02408817
v -0.02883843 -0.01300685 0.02408817
v -0.02872340 -0.01293357 0.02408817
v -0.02860242 -0.01287059 0.02408817
v -0.02847642 -0.01281840 0.02408817
v -0.02834634 -0.01277739 0.02408817
v -0.02821319 -0.01274787 0.02408817
v -0.02807797 -0.01273007 0.02408817
v -0.02949914 -0.01401288 0.02395086
v -0.02946928 -0.01387819 0.02395086
v -0.02942779 -0.01374661 0.02395086
v -0.02937500 -0.01361915 0.02395086
v -0.02931129 -0.01349677 0.02395086
v -0.02923716 -0.01338041 0.02395086
v -0.02915318 -0.01327096 0.02395086
v -0.02905997 -0.01316924 0.02395086
v -0.02895825 -0.01307603 0.02395086
v -0.02884880 -0.01299204 0.02395086
v -0.02873244 -0.01291792 0.02395086
v -0.02861006 -0.01285421 0.02395086
v -0.02848260 -0.01280141 0.02395086
v -0.02835102 -0.01275993 0.02395086
v -0.02821633 -0.01273007 0.02395086
v -0.02807954 -0.01271206 0.02395086
v 0.02952315 -0.01414914 0.02381250
v 0.02950507 -0.01401183 0.02381250
v 0.02947510 -0.01387662 0.02381250
v 0.02943345 -0.01374454 0.02381250
v 0.02938046 -0.01361659 0.02381250
v 0.02931651 -0.01349375 0.02381250
v 0.02924209 -0.01337695 0.02381250
v 0.02915779 -0.01326707 0.02381250
v 0.02906422 -0.01316497 0.02381250
v 0.02896212 -0.01307140 0.02381250
v 0.02885224 -0.01298710 0.02381250
v 0.02873544 -0.01291269 0.02381250
v 0.02861260 -0.01284874 0.02381250
v 0.02848465 -0.01279574 0.02381250
v 0.02835257 -0.01275409 0.02381250
v 0.02821736 -0.01272412 0.02381250
v 0.02808005 -0.01270604 0.02381250
v 0.02808005 -0.01428750 0.02539396
v 0.02808005 -0.01414967 0.02538794
v 0.02950507 -0.01402846 0.02390678
v 0.02952315 -0.01415748 0.02385982
v 0.02952315 -0.01415385 0.02384831
v 0.02952315 -0.01414967 0.02382456
v 0.02952315 -0.01416210 0.02387097
v 0.02950507 -0.01403766 0.02392900
v 0.02947510 -0.01391512 0.02398614
v 0.02952315 -0.01416768 0.02388168
v 0.02950507 -0.01402123 0.02388385
v 0.02952315 -0.01415124 0.02383653
v 0.02950507 -0.01401602 0.02386037
v 0.02950507 -0.01401288 0.02383653
v 0.02950507 -0.01404877 0.02395033
v 0.02947510 -0.01393167 0.02401794
v 0.02943345 -0.01381729 0.02408398
v 0.02952315 -0.01417416 0.02389186
v 0.02947510 -0.01390140 0.02395303
v 0.02947510 -0.01389062 0.02391884
v 0.02947510 -0.01388287 0.02388385
v 0.02947510 -0.01387819 0.02384831
v 0.02950507 -0.01406169 0.02397062
v 0.02947510 -0.01395093 0.02404817
v 0.02943345 -0.01384274 0.02412393
v 0.02938046 -0.01373793 0.02419732
v 0.02952315 -0.01418151 0.02390144
v 0.02943345 -0.01379541 0.02404196
v 0.02943345 -0.01377729 0.02399820
v 0.02943345 -0.01376304 0.02395303
v 0.02943345 -0.01375279 0.02390678
v 0.02943345 -0.01374661 0.02385982
v 0.02950507 -0.01407633 0.02398969
v 0.02947510 -0.01397275 0.02407661
v 0.02943345 -0.01387157 0.02416151
v 0.02938046 -0.01377356 0.02424375
v 0.02931651 -0.01367945 0.02432271
v 0.02952315 -0.01418967 0.02391033
v 0.02938046 -0.01370648 0.02414795
v 0.02938046 -0.01367945 0.02409604
v 0.02938046 -0.01365705 0.02404196
v 0.02938046 -0.01363945 0.02398614
v 0.02938046 -0.01362679 0.02392900
v 0.02938046 -0.01361915 0.02387097
v 0.02950507 -0.01409257 0.02400742
v 0.02947510 -0.01399697 0.02410303
v 0.02943345 -0.01390357 0.02419643
v 0.02938046 -0.01381310 0.02428690
v 0.02931651 -0.01372623 0.02437377
v 0.02924209 -0.01364364 0.02445636
v 0.02952315 -0.01419856 0.02391849
v 0.02931651 -0.01363730 0.02426778
v 0.02931651 -0.01360009 0.02420937
v 0.02931651 -0.01356812 0.02414795
v 0.02931651 -0.01354162 0.02408398
v 0.02931651 -0.01352080 0.02401794
v 0.02931651 -0.01350581 0.02395033
v 0.02931651 -0.01349677 0.02388168
v 0.02950507 -0.01411031 0.02402367
v 0.02947510 -0.01402339 0.02412725
v 0.02943345 -0.01393849 0.02422843
v 0.02938046 -0.01385625 0.02432644
v 0.02931651 -0.01377729 0.02442055
v 0.02924209 -0.01370221 0.02451002
v 0.02915779 -0.01363158 0.02459419
v 0.02952315 -0.01420814 0.02392584
v 0.02924209 -0.01358998 0.02439779
v 0.02924209 -0.01354162 0.02433477
v 0.02924209 -0.01349894 0.02426778
v 0.02924209 -0.01346226 0.02419732
v 0.02924209 -0.01343186 0.02412393
v 0.02924209 -0.01340797 0.02404817
v 0.02924209 -0.01339078 0.02397062
v 0.02924209 -0.01338041 0.02389186
v 0.02950507 -0.01412938 0.02403831
v 0.02947510 -0.01405183 0.02414907
v 0.02943345 -0.01397607 0.02425727
v 0.02938046 -0.01390268 0.02436207
v 0.02931651 -0.01383222 0.02446270
v 0.02924209 -0.01376523 0.02455838
v 0.02915779 -0.01370221 0.02464838
v 0.02906422 -0.01364364 0.02473202
v 0.02952315 -0.01421832 0.02393232
v 0.02915779 -0.01356595 0.02453405
v 0.02915779 -0.01350581 0.02446842
v 0.02915779 -0.01345162 0.02439779
v 0.02915779 -0.01340379 0.02432271
v 0.02915779 -0.01336268 0.02424375
v 0.02915779 -0.01332861 0.02416151
v 0.02915779 -0.01330184 0.02407661
v 0.02915779 -0.01328258 0.02398969
v 0.02915779 -0.01327096 0.02390144
v 0.02950507 -0.01414967 0.02405123
v 0.02947510 -0.01408206 0.02416833
v 0.02943345 -0.01401602 0.02428271
v 0.02938046 -0.01395205 0.02439352
v 0.02931651 -0.01389062 0.02449991
v 0.02924209 -0.01383222 0.02460106
v 0.02915779 -0.01377729 0.02469621
v 0.02906422 -0.01372623 0.02478464
v 0.02896212 -0.01367945 0.02486567
v 0.02952315 -0.01422903 0.02393790
v 0.02906422 -0.01356595 0.02467241
v 0.02906422 -0.01349375 0.02460625
v 0.02906422 -0.01342759 0.02453405
v 0.02906422 -0.01336798 0.02445636
v 0.02906422 -0.01331536 0.02437377
v 0.02906422 -0.01327014 0.02428690
v 0.02906422 -0.01323267 0.02419643
v 0.02906422 -0.01320322 0.02410303
v 0.02906422 -0.01318202 0.02400742
v 0.02906422 -0.01316924 0.02391033
v 0.02950507 -0.01417100 0.02406234
v 0.02947510 -0.01411386 0.02418488
v 0.02943345 -0.01405804 0.02430459
v 0.02938046 -0.01400396 0.02442055
v 0.02931651 -0.01395205 0.02453188
v 0.02924209 -0.01390268 0.02463774
v 0.02915779 -0.01385625 0.02473732
v 0.02906422 -0.01381310 0.02482986
v 0.02896212 -0.01377356 0.02491466
v 0.02885224 -0.01373793 0.02499107
v 0.02952315 -0.01424018 0.02394252
v 0.02896212 -0.01358998 0.02480867
v 0.02896212 -0.01350581 0.02474408
v 0.02896212 -0.01342759 0.02467241
v 0.02896212 -0.01335592 0.02459419
v 0.02896212 -0.01329133 0.02451002
v 0.02896212 -0.01323433 0.02442055
v 0.02896212 -0.01318534 0.02432644
v 0.02896212 -0.01314474 0.02422843
v 0.02896212 -0.01311284 0.02412725
v 0.02896212 -0.01308988 0.02402367
v 0.02896212 -0.01307603 0.02391849
v 0.02950507 -0.01419322 0.02407154
v 0.02947510 -0.01414697 0.02419860
v 0.02943345 -0.01410180 0.02432271
v 0.02938046 -0.01405804 0.02444295
v 0.02931651 -0.01401602 0.02455838
v 0.02924209 -0.01397607 0.02466814
v 0.02915779 -0.01393849 0.02477139
v 0.02906422 -0.01390357 0.02486734
v 0.02896212 -0.01387157 0.02495526
v 0.02885224 -0.01384274 0.02503448
v 0.02873544 -0.01381729 0.02510440
v 0.02952315 -0.01425169 0.02394615
v 0.02885224 -0.01363730 0.02493868
v 0.02885224 -0.01354162 0.02487773
v 0.02885224 -0.01345162 0.02480867
v 0.02885224 -0.01336798 0.02473202
v 0.02885224 -0.01329133 0.02464838
v 0.02885224 -0.01322227 0.02455838
v 0.02885224 -0.01316132 0.02446270
v 0.02885224 -0.01310893 0.02436207
v 0.02885224 -0.01306552 0.02425727
v 0.02885224 -0.01303141 0.02414907
v 0.02885224 -0.01300685 0.02403831
v 0.02885224 -0.01299204 0.02392584
v 0.02950507 -0.01421615 0.02407877
v 0.02947510 -0.01418116 0.02420937
v 0.02943345 -0.01414697 0.02433696
v 0.02938046 -0.01411386 0.02446055
v 0.02931651 -0.01408206 0.02457920
v 0.02924209 -0.01405183 0.02469203
v 0.02915779 -0.01402339 0.02479815
v 0.02906422 -0.01399697 0.02489678
v 0.02896212 -0.01397275 0.02498716
v 0.02885224 -0.01395093 0.02506859
v 0.02873544 -0.01393167 0.02514047
v 0.02861260 -0.01391512 0.02520224
v 0.02952315 -0.01426347 0.02394876
v 0.02873544 -0.01370648 0.02505851
v 0.02873544 -0.01360009 0.02500313
v 0.02873544 -0.01349894 0.02493868
v 0.02873544 -0.01340379 0.02486567
v 0.02873544 -0.01331536 0.02478464
v 0.02873544 -0.01323433 0.02469621
v 0.02873544 -0.01316132 0.02460106
v 0.02873544 -0.01309687 0.02449991
v 0.02873544 -0.01304149 0.02439352
v 0.02873544 -0.01299560 0.02428271
v 0.02873544 -0.01295953 0.02416833
v 0.02873544 -0.01293357 0.02405123
v 0.02873544 -0.01291792 0.02393232
v 0.02950507 -0.01423963 0.02408398
v 0.02947510 -0.01421615 0.02421713
v 0.02943345 -0.01419322 0.02434721
v 0.02938046 -0.01417100 0.02447321
v 0.02931651 -0.01414967 0.02459419
v 0.02924209 -0.01412938 0.02470922
v 0.02915779 -0.01411031 0.02481742
v 0.02906422 -0.01409257 0.02491798
v 0.02896212 -0.01407633 0.02501012
v 0.02885224 -0.01406169 0.02509315
v 0.02873544 -0.01404877 0.02516643
v 0.02861260 -0.01403766 0.02522941
v 0.02848465 -0.01402846 0.02528160
v 0.02952315 -0.01427544 0.02395033
v 0.02861260 -0.01379541 0.02516450
v 0.02861260 -0.01367945 0.02511646
v 0.02861260 -0.01356812 0.02505851
v 0.02861260 -0.01346226 0.02499107
v 0.02861260 -0.01336268 0.02491466
v 0.02861260 -0.01327014 0.02482986
v 0.02861260 -0.01318534 0.02473732
v 0.02861260 -0.01310893 0.02463774
v 0.02861260 -0.01304149 0.02453188
v 0.02861260 -0.01298354 0.02442055
v 0.02861260 -0.01293550 0.02430459
v 0.02861260 -0.01289776 0.02418488
v 0.02861260 -0.01287059 0.02406234
v 0.02861260 -0.01285421 0.02393790
v 0.02950507 -0.01426347 0.02408712
v 0.02947510 -0.01425169 0.02422181
v 0.02943345 -0.01424018 0.02435339
v 0.02938046 -0.01422903 0.02448085
v 0.02931651 -0.01421832 0.02460323
v 0.02924209 -0.01420814 0.02471959
v 0.02915779 -0.01419856 0.02482904
v 0.02906422 -0.01418967 0.02493076
v 0.02896212 -0.01418151 0.02502397
v 0.02885224 -0.01417416 0.02510796
v 0.02873544 -0.01416768 0.02518208
v 0.02861260 -0.01416210 0.02524579
v 0.02848465 -0.01415748 0.02529859
v 0.02835257 -0.01415385 0.02534007
v 0.02952315 -0.01428750 0.02395086
v 0.02848465 -0.01390140 0.02525343
v 0.02848465 -0.01377729 0.02521430
v 0.02848465 -0.01365705 0.02516450
v 0.02848465 -0.01354162 0.02510440
v 0.02848465 -0.01343186 0.02503448
v 0.02848465 -0.01332861 0.02495526
v 0.02848465 -0.01323267 0.02486734
v 0.02848465 -0.01314474 0.02477139
v 0.02848465 -0.01306552 0.02466814
v 0.02848465 -0.01299560 0.02455838
v 0.02848465 -0.01293550 0.02444295
v 0.02848465 -0.01288570 0.02432271
v 0.02848465 -0.01284657 0.02419860
v 0.02848465 -0.01281840 0.02407154
v 0.02848465 -0.01280141 0.02394252
v 0.02950507 -0.01428750 0.02408817
v 0.02947510 -0.01428750 0.02422338
v 0.02943345 -0.01428750 0.02435546
v 0.02938046 -0.01428750 0.02448341
v 0.02931651 -0.01428750 0.02460625
v 0.02924209 -0.01428750 0.02472305
v 0.02915779 -0.01428750 0.02483292
v 0.02906422 -0.01428750 0.02493503
v 0.02896212 -0.01428750 0.02502860
v 0.02885224 -0.01428750 0.02511290
v 0.02873544 -0.01428750 0.02518732
v 0.02861260 -0.01428750 0.02525126
v 0.02848465 -0.01428750 0.02530426
v 0.02835257 -0.01428750 0.02534591
v 0.02821736 -0.01428750 0.02537588
v 0.02835257 -0.01402123 0.02532261
v 0.02835257 -0.01389062 0.02529366
v 0.02835257 -0.01376304 0.02525343
v 0.02835257 -0.01363945 0.02520224
v 0.02835257 -0.01352080 0.02514047
v 0.02835257 -0.01340797 0.02506859
v 0.02835257 -0.01330184 0.02498716
v 0.02835257 -0.01320322 0.02489678
v 0.02835257 -0.01311284 0.02479815
v 0.02835257 -0.01303141 0.02469203
v 0.02835257 -0.01295953 0.02457920
v 0.02835257 -0.01289776 0.02446055
v 0.02835257 -0.01284657 0.02433696
v 0.02835257 -0.01280634 0.02420937
v 0.02835257 -0.01277739 0.02407877
v 0.02835257 -0.01275993 0.02394615
v 0.02821736 -0.01415124 0.02536993
v 0.02821736 -0.01401602 0.02535213
v 0.02821736 -0.01388287 0.02532261
v 0.02821736 -0.01375279 0.02528160
v 0.02821736 -0.01362679 0.02522941
v 0.02821736 -0.01350581 0.02516643
v 0.02821736 -0.01339078 0.02509315
v 0.02821736 -0.01328258 0.02501012
v 0.02821736 -0.01318202 0.02491798
v 0.02821736 -0.01308988 0.02481742
v 0.02821736 -0.01300685 0.02470922
v 0.02821736 -0.01293357 0.02459419
v 0.02821736 -0.01287059 0.02447321
v 0.02821736 -0.01281840 0.02434721
v 0.02821736 -0.01277739 0.02421713
v 0.02821736 -0.01274787 0.02408398
v 0.02821736 -0.01273007 0.02394876
v 0.02808005 -0.01401288 0.02536993
v 0.02808005 -0.01387819 0.02534007
v 0.02808005 -0.01374661 0.02529859
v 0.02808005 -0.01361915 0.02524579
v 0.02808005 -0.01349677 0.02518208
v 0.02808005 -0.01338041 0.02510796
v 0.02808005 -0.01327096 0.02502397
v 0.02808005 -0.01316924 0.02493076
v 0.02808005 -0.01307603 0.02482904
v 0.02808005 -0.01299204 0.02471959
v 0.02808005 -0.01291792 0.02460323
v 0.02808005 -0.01285421 0.02448085
v 0.02808005 -0.01280141 0.02435339
v 0.02808005 -0.01275993 0.02422181
v 0.02808005 -0.01273007 0.02408712
v 0.02808005 -0.01271206 0.02395033
f 1 2 3
f 2 4 3
f 2 5 4
f 5 6 4
f 5 7 6
f 7 8 6
f 9 10 11
f 10 12 11
f 12 10 13
f 10 14 13
f 15 16 17
f 18 19 9
f 20 9 21
f 9 22 21
f 23 24 14
f 18 9 25
f 9 26 27
f 27 28 9
f 28 29 9
f 9 29 30
f 30 31 9
f 31 32 9
f 9 32 22
f 24 33 14
f 33 34 14
f 14 34 35
f 19 36 9
f 36 37 9
f 9 37 26
f 10 38 39
f 20 40 9
f 40 41 9
f 9 41 10
f 41 42 10
f 10 42 43
f 39 44 10
f 44 45 10
f 10 45 46
f 35 47 14
f 47 48 14
f 14 48 17
f 48 49 17
f 17 49 15
f 16 50 17
f 50 51 17
f 17 51 52
f 52 53 17
f 53 54 17
f 17 54 55
f 43 56 10
f 56 57 10
f 10 57 38
f 58 59 14
f 59 60 14
f 14 60 23
f 61 14 62
f 14 63 62
f 61 64 14
f 64 65 14
f 14 65 66
f 55 67 17
f 67 68 17
f 17 68 69
f 69 70 17
f 70 71 17
f 17 71 72
f 72 73 17
f 73 74 17
f 17 74 9
f 74 75 9
f 9 75 25
f 46 76 10
f 76 77 10
f 10 77 78
f 78 79 10
f 79 80 10
f 10 80 81
f 63 14 82
f 14 10 82
f 82 10 83
f 81 84 10
f 84 85 10
f 10 85 83
f 66 86 14
f 86 87 14
f 14 87 58
f 9 11 17
f 11 88 17
f 89 90 88
f 12 91 92
f 93 94 12
f 95 96 13
f 96 97 13
f 13 97 98
f 98 99 13
f 99 100 13
f 13 100 101
f 92 102 12
f 102 103 12
f 12 103 104
f 104 105 12
f 105 106 12
f 12 106 107
f 107 108 12
f 108 109 12
f 12 109 11
f 109 110 11
f 111 112 12
f 112 113 12
f 94 114 12
f 114 115 12
f 12 115 91
f 110 116 11
f 116 117 11
f 11 117 118
f 90 119 88
f 119 120 88
f 88 120 13
f 120 121 13
f 13 121 95
f 111 12 122
f 12 13 122
f 122 13 123
f 113 124 12
f 124 125 12
f 12 125 93
f 118 126 11
f 126 127 11
f 11 127 128
f 129 88 130
f 88 131 130
f 129 132 88
f 132 133 88
f 88 133 89
f 101 134 13
f 134 135 13
f 13 135 136
f 128 137 11
f 137 138 11
f 11 138 139
f 140 141 88
f 136 142 13
f 142 143 13
f 13 143 144
f 144 145 13
f 145 146 13
f 13 146 123
f 139 147 11
f 147 148 11
f 11 148 149
f 149 150 11
f 150 151 11
f 11 151 152
f 153 154 88
f 154 155 88
f 88 155 140
f 141 156 88
f 156 157 88
f 88 157 131
f 152 158 11
f 158 159 11
f 11 159 88
f 159 160 88
f 88 160 153
f 161 162 163
f 164 165 166
f 167 168 169
f 166 165 167
f 170 167 165
f 170 165 171
f 165 164 171
f 171 164 172
f 173 167 170
f 174 175 176
f 175 169 176
f 176 169 177
f 169 168 177
f 177 168 178
f 173 170 179
f 170 171 179
f 179 171 180
f 171 172 180
f 180 172 181
f 182 167 173
f 183 174 184
f 174 176 184
f 184 176 185
f 176 177 185
f 185 177 186
f 177 178 186
f 186 178 187
f 182 173 188
f 173 179 188
f 188 179 189
f 179 180 189
f 189 180 190
f 180 181 190
f 190 181 191
f 192 167 182
f 193 183 194
f 183 184 194
f 194 184 195
f 184 185 195
f 195 185 196
f 185 186 196
f 196 186 197
f 186 187 197
f 197 187 198
f 192 182 199
f 182 188 199
f 199 188 200
f 188 189 200
f 200 189 201
f 189 190 201
f 201 190 202
f 190 191 202
f 202 191 203
f 204 167 192
f 205 193 206
f 193 194 206
f 206 194 207
f 194 195 207
f 207 195 208
f 195 196 208
f 208 196 209
f 196 197 209
f 209 197 210
f 197 198 210
f 210 198 211
f 204 192 212
f 192 199 212
f 212 199 213
f 199 200 213
f 213 200 214
f 200 201 214
f 214 201 215
f 201 202 215
f 215 202 216
f 202 203 216
f 216 203 217
f 218 167 204
f 219 205 220
f 205 206 220
f 220 206 221
f 206 207 221
f 221 207 222
f 207 208 222
f 222 208 223
f 208 209 223
f 223 209 224
f 209 210 224
f 224 210 225
f 210 211 225
f 225 211 226
f 218 204 227
f 204 212 227
f 227 212 228
f 212 213 228
f 228 213 229
f 213 214 229
f 229 214 230
f 214 215 230
f 230 215 231
f 215 216 231
f 231 216 232
f 216 217 232
f 232 217 233
f 234 167 218
f 235 219 236
f 219 220 236
f 236 220 237
f 220 221 237
f 237 221 238
f 221 222 238
f 238 222 239
f 222 223 239
f 239 223 240
f 223 224 240
f 240 224 241
f 224 225 241
f 241 225 242
f 225 226 242
f 242 226 243
f 234 218 244
f 218 227 244
f 244 227 245
f 227 228 245
f 245 228 246
f 228 229 246
f 246 229 247
f 229 230 247
f 247 230 248
f 230 231 248
f 248 231 249
f 231 232 249
f 249 232 250
f 232 233 250
f 250 233 251
f 252 167 234
f 253 235 254
f 235 236 254
f 254 236 255
f 236 237 255
f 255 237 256
f 237 238 256
f 256 238 257
f 238 239 257
f 257 239 258
f 239 240 258
f 258 240 259
f 240 241 259
f 259 241 260
f 241 242 260
f 260 242 261
f 242 243 261
f 261 243 262
f 252 234 263
f 234 244 263
f 263 244 264
f 244 245 264
f 264 245 265
f 245 246 265
f 265 246 266
f 246 247 266
f 266 247 267
f 247 248 267
f 267 248 268
f 248 249 268
f 268 249 269
f 249 250 269
f 269 250 270
f 250 251 270
f 270 251 271
f 272 167 252
f 273 253 274
f 253 254 274
f 274 254 275
f 254 255 275
f 275 255 276
f 255 256 276
f 276 256 277
f 256 257 277
f 277 257 278
f 257 258 278
f 278 258 279
f 258 259 279
f 279 259 280
f 259 260 280
f 280 260 281
f 260 261 281
f 281 261 282
f 261 262 282
f 282 262 283
f 272 252 284
f 252 263 284
f 284 263 285
f 263 264 285
f 285 264 286
f 264 265 286
f 286 265 287
f 265 266 287
f 287 266 288
f 266 267 288
f 288 267 289
f 267 268 289
f 289 268 290
f 268 269 290
f 290 269 291
f 269 270 291
f 291 270 292
f 270 271 292
f 292 271 293
f 294 167 272
f 295 273 296
f 273 274 296
f 296 274 297
f 274 275 297
f 297 275 298
f 275 276 298
f 298 276 299
f 276 277 299
f 299 277 300
f 277 278 300
f 300 278 301
f 278 279 301
f 301 279 302
f 279 280 302
f 302 280 303
f 280 281 303
f 303 281 304
f 281 282 304
f 304 282 305
f 282 283 305
f 305 283 306
f 294 272 307
f 272 284 307
f 307 284 308
f 284 285 308
f 308 285 309
f 285 286 309
f 309 286 310
f 286 287 310
f 310 287 311
f 287 288 311
f 311 288 312
f 288 289 312
f 312 289 313
f 289 290 313
f 313 290 314
f 290 291 314
f 314 291 315
f 291 292 315
f 315 292 316
f 292 293 316
f 316 293 317
f 318 167 294
f 319 295 320
f 295 296 320
f 320 296 321
f 296 297 321
f 321 297 322
f 297 298 322
f 322 298 323
f 298 299 323
f 323 299 324
f 299 300 324
f 324 300 325
f 300 301 325
f 325 301 326
f 301 302 326
f 326 302 327
f 302 303 327
f 327 303 328
f 303 304 328
f 328 304 329
f 304 305 329
f 329 305 330
f 305 306 330
f 330 306 331
f 318 294 332
f 294 307 332
f 332 307 333
f 307 308 333
f 333 308 334
f 308 309 334
f 334 309 335
f 309 310 335
f 335 310 336
f 310 311 336
f 336 311 337
f 311 312 337
f 337 312 338
f 312 313 338
f 338 313 339
f 313 314 339
f 339 314 340
f 314 315 340
f 340 315 341
f 315 316 341
f 341 316 342
f 316 317 342
f 342 317 343
f 344 167 318
f 345 319 346
f 319 320 346
f 346 320 347
f 320 321 347
f 347 321 348
f 321 322 348
f 348 322 349
f 322 323 349
f 349 323 350
f 323 324 350
f 350 324 351
f 324 325 351
f 351 325 352
f 325 326 352
f 352 326 353
f 326 327 353
f 353 327 354
f 327 328 354
f 354 328 355
f 328 329 355
f 355 329 356
f 329 330 356
f 356 330 357
f 330 331 357
f 357 331 358
f 344 318 359
f 318 332 359
f 359 332 360
f 332 333 360
f 360 333 361
f 333 334 361
f 361 334 362
f 334 335 362
f 362 335 363
f 335 336 363
f 363 336 364
f 336 337 364
f 364 337 365
f 337 338 365
f 365 338 366
f 338 339 366
f 366 339 367
f 339 340 367
f 367 340 368
f 340 341 368
f 368 341 369
f 341 342 369
f 369 342 370
f 342 343 370
f 370 343 371
f 372 167 344
f 373 345 374
f 345 346 374
f 374 346 375
f 346 347 375
f 375 347 376
f 347 348 376
f 376 348 377
f 348 349 377
f 377 349 378
f 349 350 378
f 378 350 379
f 350 351 379
f 379 351 380
f 351 352 380
f 380 352 381
f 352 353 381
f 381 353 382
f 353 354 382
f 382 354 383
f 354 355 383
f 383 355 384
f 355 356 384
f 384 356 385
f 356 357 385
f 385 357 386
f 357 358 386
f 386 358 387
f 372 344 388
f 344 359 388
f 388 359 389
f 359 360 389
f 389 360 390
f 360 361 390
f 390 361 391
f 361 362 391
f 391 362 392
f 362 363 392
f 392 363 393
f 363 364 393
f 393 364 394
f 364 365 394
f 394 365 395
f 365 366 395
f 395 366 396
f 366 367 396
f 396 367 397
f 367 368 397
f 397 368 398
f 368 369 398
f 398 369 399
f 369 370 399
f 399 370 400
f 370 371 400
f 400 371 401
f 402 167 372
f 403 373 404
f 373 374 404
f 404 374 405
f 374 375 405
f 405 375 406
f 375 376 406
f 406 376 407
f 376 377 407
f 407 377 408
f 377 378 408
f 408 378 409
f 378 379 409
f 409 379 410
f 379 380 410
f 410 380 411
f 380 381 411
f 411 381 412
f 381 382 412
f 412 382 413
f 382 383 413
f 413 383 414
f 383 384 414
f 414 384 415
f 384 385 415
f 415 385 416
f 385 386 416
f 416 386 417
f 386 387 417
f 417 387 418
f 402 372 419
f 372 388 419
f 419 388 420
f 388 389 420
f 420 389 421
f 389 390 421
f 421 390 422
f 390 391 422
f 422 391 423
f 391 392 423
f 423 392 424
f 392 393 424
f 424 393 425
f 393 394 425
f 425 394 426
f 394 395 426
f 426 395 427
f 395 396 427
f 427 396 428
f 396 397 428
f 428 397 429
f 397 398 429
f 429 398 430
f 398 399 430
f 430 399 431
f 399 400 431
f 431 400 432
f 400 401 432
f 432 401 433
f 434 403 435
f 403 404 435
f 435 404 436
f 404 405 436
f 436 405 437
f 405 406 437
f 437 406 438
f 406 407 438
f 438 407 439
f 407 408 439
f 439 408 440
f 408 409 440
f 440 409 441
f 409 410 441
f 441 410 442
f 410 411 442
f 442 411 443
f 411 412 443
f 443 412 444
f 412 413 444
f 444 413 445
f 413 414 445
f 445 414 446
f 414 415 446
f 446 415 447
f 415 416 447
f 447 416 448
f 416 417 448
f 448 417 449
f 417 418 449
f 449 418 450
f 451 434 452
f 434 435 452
f 452 435 453
f 435 436 453
f 453 436 454
f 436 437 454
f 454 437 455
f 437 438 455
f 455 438 456
f 438 439 456
f 456 439 457
f 439 440 457
f 457 440 458
f 440 441 458
f 458 441 459
f 441 442 459
f 459 442 460
f 442 443 460
f 460 443 461
f 443 444 461
f 461 444 462
f 444 445 462
f 462 445 463
f 445 446 463
f 463 446 464
f 446 447 464
f 464 447 465
f 447 448 465
f 465 448 466
f 448 449 466
f 466 449 467
f 449 450 467
f 467 450 468
f 162 451 163
f 451 452 163
f 163 452 469
f 452 453 469
f 469 453 470
f 453 454 470
f 470 454 471
f 454 455 471
f 471 455 472
f 455 456 472
f 472 456 473
f 456 457 473
f 473 457 474
f 457 458 474
f 474 458 475
f 458 459 475
f 475 459 476
f 459 460 476
f 476 460 477
f 460 461 477
f 477 461 478
f 461 462 478
f 478 462 479
f 462 463 479
f 479 463 480
f 463 464 480
f 480 464 481
f 464 465 481
f 481 465 482
f 465 466 482
f 482 466 483
f 466 467 483
f 483 467 484
f 467 468 484
f 484 468 485
f 161 163 486
f 163 469 486
f 486 469 487
f 469 470 487
f 487 470 488
f 470 471 488
f 488 471 489
f 471 472 489
f 489 472 490
f 472 473 490
f 490 473 491
f 473 474 491
f 491 474 492
f 474 475 492
f 492 475 493
f 475 476 493
f 493 476 494
f 476 477 494
f 494 477 495
f 477 478 495
f 495 478 496
f 478 479 496
f 496 479 497
f 479 480 497
f 497 480 498
f 480 481 498
f 498 481 499
f 481 482 499
f 499 482 500
f 482 483 500
f 500 483 501
f 483 484 501
f 501 484 502
f 484 485 502
f 502 485 503
f 175 167 169
f 162 433 451
f 433 401 451
f 451 401 434
f 401 371 434
f 434 371 403
f 371 343 403
f 403 343 373
f 343 317 373
f 373 317 345
f 317 293 345
f 345 293 319
f 293 271 319
f 319 271 295
f 271 251 295
f 295 251 273
f 251 233 273
f 273 233 253
f 233 217 253
f 253 217 235
f 217 203 235
f 235 203 219
f 203 191 219
f 219 191 205
f 191 181 205
f 205 181 193
f 181 172 193
f 193 172 183
f 172 164 183
f 183 164 174
f 164 166 174
f 174 166 175
f 166 167 175
f 504 505 506
f 507 508 509
f 510 511 512
f 509 508 510
f 513 510 508
f 513 508 514
f 508 507 514
f 514 507 515
f 516 510 513
f 517 518 519
f 518 512 519
f 519 512 520
f 512 511 520
f 520 511 521
f 516 513 522
f 513 514 522
f 522 514 523
f 514 515 523
f 523 515 524
f 525 510 516
f 526 517 527
f 517 519 527
f 527 519 528
f 519 520 528
f 528 520 529
f 520 521 529
f 529 521 530
f 525 516 531
f 516 522 531
f 531 522 532
f 522 523 532
f 532 523 533
f 523 524 533
f 533 524 534
f 535 510 525
f 536 526 537
f 526 527 537
f 537 527 538
f 527 528 538
f 538 528 539
f 528 529 539
f 539 529 540
f 529 530 540
f 540 530 541
f 535 525 542
f 525 531 542
f 542 531 543
f 531 532 543
f 543 532 544
f 532 533 544
f 544 533 545
f 533 534 545
f 545 534 546
f 547 510 535
f 548 536 549
f 536 537 549
f 549 537 550
f 537 538 550
f 550 538 551
f 538 539 551
f 551 539 552
f 539 540 552
f 552 540 553
f 540 541 553
f 553 541 554
f 547 535 555
f 535 542 555
f 555 542 556
f 542 543 556
f 556 543 557
f 543 544 557
f 557 544 558
f 544 545 558
f 558 545 559
f 545 546 559
f 559 546 560
f 561 510 547
f 562 548 563
f 548 549 563
f 563 549 564
f 549 550 564
f 564 550 565
f 550 551 565
f 565 551 566
f 551 552 566
f 566 552 567
f 552 553 567
f 567 553 568
f 553 554 568
f 568 554 569
f 561 547 570
f 547 555 570
f 570 555 571
f 555 556 571
f 571 556 572
f 556 557 572
f 572 557 573
f 557 558 573
f 573 558 574
f 558 559 574
f 574 559 575
f 559 560 575
f 575 560 576
f 577 510 561
f 578 562 579
f 562 563 579
f 579 563 580
f 563 564 580
f 580 564 581
f 564 565 581
f 581 565 582
f 565 566 582
f 582 566 583
f 566 567 583
f 583 567 584
f 567 568 584
f 584 568 585
f 568 569 585
f 585 569 586
f 577 561 587
f 561 570 587
f 587 570 588
f 570 571 588
f 588 571 589
f 571 572 589
f 589 572 590
f 572 573 590
f 590 573 591
f 573 574 591
f 591 574 592
f 574 575 592
f 592 575 593
f 575 576 593
f 593 576 594
f 595 510 577
f 596 578 597
f 578 579 597
f 597 579 598
f 579 580 598
f 598 580 599
f 580 581 599
f 599 581 600
f 581 582 600
f 600 582 601
f 582 583 601
f 601 583 602
f 583 584 602
f 602 584 603
f 584 585 603
f 603 585 604
f 585 586 604
f 604 586 605
f 595 577 606
f 577 587 606
f 606 587 607
f 587 588 607
f 607 588 608
f 588 589 608
f 608 589 609
f 589 590 609
f 609 590 610
f 590 591 610
f 610 591 611
f 591 592 611
f 611 592 612
f 592 593 612
f 612 593 613
f 593 594 613
f 613 594 614
f 615 510 595
f 616 596 617
f 596 597 617
f 617 597 618
f 597 598 618
f 618 598 619
f 598 599 619
f 619 599 620
f 599 600 620
f 620 600 621
f 600 601 621
f 621 601 622
f 601 602 622
f 622 602 623
f 602 603 623
f 623 603 624
f 603 604 624
f 624 604 625
f 604 605 625
f 625 605 626
f 615 595 627
f 595 606 627
f 627 606 628
f 606 607 628
f 628 607 629
f 607 608 629
f 629 608 630
f 608 609 630
f 630 609 631
f 609 610 631
f 631 610 632
f 610 611 632
f 632 611 633
f 611 612 633
f 633 612 634
f 612 613 634
f 634 613 635
f 613 614 635
f 635 614 636
f 637 510 615
f 638 616 639
f 616 617 639
f 639 617 640
f 617 618 640
f 640 618 641
f 618 619 641
f 641 619 642
f 619 620 642
f 642 620 643
f 620 621 643
f 643 621 644
f 621 622 644
f 644 622 645
f 622 623 645
f 645 623 646
f 623 624 646
f 646 624 647
f 624 625 647
f 647 625 648
f 625 626 648
f 648 626 649
f 637 615 650
f 615 627 650
f 650 627 651
f 627 628 651
f 651 628 652
f 628 629 652
f 652 629 653
f 629 630 653
f 653 630 654
f 630 631 654
f 654 631 655
f 631 632 655
f 655 632 656
f 632 633 656
f 656 633 657
f 633 634 657
f 657 634 658
f 634 635 658
f 658 635 659
f 635 636 659
f 659 636 660
f 661 510 637
f 662 638 663
f 638 639 663
f 663 639 664
f 639 640 664
f 664 640 665
f 640 641 665
f 665 641 666
f 641 642 666
f 666 642 667
f 642 643 667
f 667 643 668
f 643 644 668
f 668 644 669
f 644 645 669
f 669 645 670
f 645 646 670
f 670 646 671
f 646 647 671
f 671 647 672
f 647 648 672
f 672 648 673
f 648 649 673
f 673 649 674
f 661 637 675
f 637 650 675
f 675 650 676
f 650 651 676
f 676 651 677
f 651 652 677
f 677 652 678
f 652 653 678
f 678 653 679
f 653 654 679
f 679 654 680
f 654 655 680
f 680 655 681
f 655 656 681
f 681 656 682
f 656 657 682
f 682 657 683
f 657 658 683
f 683 658 684
f 658 659 684
f 684 659 685
f 659 660 685
f 685 660 686
f 687 510 661
f 688 662 689
f 662 663 689
f 689 663 690
f 663 664 690
f 690 664 691
f 664 665 691
f 691 665 692
f 665 666 692
f 692 666 693
f 666 667 693
f 693 667 694
f 667 668 694
f 694 668 695
f 668 669 695
f 695 669 696
f 669 670 696
f 696 670 697
f 670 671 697
f 697 671 698
f 671 672 698
f 698 672 699
f 672 673 699
f 699 673 700
f 673 674 700
f 700 674 701
f 687 661 702
f 661 675 702
f 702 675 703
f 675 676 703
f 703 676 704
f 676 677 704
f 704 677 705
f 677 678 705
f 705 678 706
f 678 679 706
f 706 679 707
f 679 680 707
f 707 680 708
f 680 681 708
f 708 681 709
f 681 682 709
f 709 682 710
f 682 683 710
f 710 683 711
f 683 684 711
f 711 684 712
f 684 685 712
f 712 685 713
f 685 686 713
f 713 686 714
f 715 510 687
f 716 688 717
f 688 689 717
f 717 689 718
f 689 690 718
f 718 690 719
f 690 691 719
f 719 691 720
f 691 692 720
f 720 692 721
f 692 693 721
f 721 693 722
f 693 694 722
f 722 694 723
f 694 695 723
f 723 695 724
f 695 696 724
f 724 696 725
f 696 697 725
f 725 697 726
f 697 698 726
f 726 698 727
f 698 699 727
f 727 699 728
f 699 700 728
f 728 700 729
f 700 701 729
f 729 701 730
f 715 687 731
f 687 702 731
f 731 702 732
f 702 703 732
f 732 703 733
f 703 704 733
f 733 704 734
f 704 705 734
f 734 705 735
f 705 706 735
f 735 706 736
f 706 707 736
f 736 707 737
f 707 708 737
f 737 708 738
f 708 709 738
f 738 709 739
f 709 710 739
f 739 710 740
f 710 711 740
f 740 711 741
f 711 712 741
f 741 712 742
f 712 713 742
f 742 713 743
f 713 714 743
f 743 714 744
f 745 510 715
f 746 716 747
f 716 717 747
f 747 717 748
f 717 718 748
f 748 718 749
f 718 719 749
f 749 719 750
f 719 720 750
f 750 720 751
f 720 721 751
f 751 721 752
f 721 722 752
f 752 722 753
f 722 723 753
f 753 723 754
f 723 724 754
f 754 724 755
f 724 725 755
f 755 725 756
f 725 726 756
f 756 726 757
f 726 727 757
f 757 727 758
f 727 728 758
f 758 728 759
f 728 729 759
f 759 729 760
f 729 730 760
f 760 730 761
f 745 715 762
f 715 731 762
f 762 731 763
f 731 732 763
f 763 732 764
f 732 733 764
f 764 733 765
f 733 734 765
f 765 734 766
f 734 735 766
f 766 735 767
f 735 736 767
f 767 736 768
f 736 737 768
f 768 737 769
f 737 738 769
f 769 738 770
f 738 739 770
f 770 739 771
f 739 740 771
f 771 740 772
f 740 741 772
f 772 741 773
f 741 742 773
f 773 742 774
f 742 743 774
f 774 743 775
f 743 744 775
f 775 744 776
f 777 746 778
f 746 747 778
f 778 747 779
f 747 748 779
f 779 748 780
f 748 749 780
f 780 749 781
f 749 750 781
f 781 750 782
f 750 751 782
f 782 751 783
f 751 752 783
f 783 752 784
f 752 753 784
f 784 753 785
f 753 754 785
f 785 754 786
f 754 755 786
f 786 755 787
f 755 756 787
f 787 756 788
f 756 757 788
f 788 757 789
f 757 758 789
f 789 758 790
f 758 759 790
f 790 759 791
f 759 760 791
f 791 760 792
f 760 761 792
f 792 761 793
f 794 777 795
f 777 778 795
f 795 778 796
f 778 779 796
f 796 779 797
f 779 780 797
f 797 780 798
f 780 781 798
f 798 781 799
f 781 782 799
f 799 782 800
f 782 783 800
f 800 783 801
f 783 784 801
f 801 784 802
f 784 785 802
f 802 785 803
f 785 786 803
f 803 786 804
f 786 787 804
f 804 787 805
f 787 788 805
f 805 788 806
f 788 789 806
f 806 789 807
f 789 790 807
f 807 790 808
f 790 791 808
f 808 791 809
f 791 792 809
f 809 792 810
f 792 793 810
f 810 793 811
f 505 794 506
f 794 795 506
f 506 795 812
f 795 796 812
f 812 796 813
f 796 797 813
f 813 797 814
f 797 798 814
f 814 798 815
f 798 799 815
f 815 799 816
f 799 800 816
f 816 800 817
f 800 801 817
f 817 801 818
f 801 802 818
f 818 802 819
f 802 803 819
f 819 803 820
f 803 804 820
f 820 804 821
f 804 805 821
f 821 805 822
f 805 806 822
f 822 806 823
f 806 807 823
f 823 807 824
f 807 808 824
f 824 808 825
f 808 809 825
f 825 809 826
f 809 810 826
f 826 810 827
f 810 811 827
f 827 811 828
f 504 506 829
f 506 812 829
f 829 812 830
f 812 813 830
f 830 813 831
f 813 814 831
f 831 814 832
f 814 815 832
f 832 815 833
f 815 816 833
f 833 816 834
f 816 817 834
f 834 817 835
f 817 818 835
f 835 818 836
f 818 819 836
f 836 819 837
f 819 820 837
f 837 820 838
f 820 821 838
f 838 821 839
f 821 822 839
f 839 822 840
f 822 823 840
f 840 823 841
f 823 824 841
f 841 824 842
f 824 825 842
f 842 825 843
f 825 826 843
f 843 826 844
f 826 827 844
f 844 827 845
f 827 828 845
f 845 828 846
f 518 510 512
f 505 776 794
f 776 744 794
f 794 744 777
f 744 714 777
f 777 714 746
f 714 686 746
f 746 686 716
f 686 660 716
f 716 660 688
f 660 636 688
f 688 636 662
f 636 614 662
f 662 614 638
f 614 594 638
f 638 594 616
f 594 576 616
f 616 576 596
f 576 560 596
f 596 560 578
f 560 546 578
f 578 546 562
f 546 534 562
f 562 534 548
f 534 524 548
f 548 524 536
f 524 515 536
f 536 515 526
f 515 507 526
f 526 507 517
f 507 509 517
f 517 509 518
f 509 510 518
f 847 167 402
f 847 402 848
f 402 419 848
f 848 419 849
f 419 420 849
f 849 420 850
f 420 421 850
f 850 421 851
f 421 422 851
f 851 422 852
f 422 423 852
f 852 423 853
f 423 424 853
f 853 424 854
f 424 425 854
f 854 425 855
f 425 426 855
f 855 426 856
f 426 427 856
f 856 427 857
f 427 428 857
f 857 428 858
f 428 429 858
f 858 429 859
f 429 430 859
f 859 430 860
f 430 431 860
f 860 431 861
f 431 432 861
f 861 432 862
f 432 433 862
f 862 433 863
f 433 162 863
f 863 162 864
f 162 161 864
f 864 161 865
f 510 866 867
f 510 867 511
f 867 868 511
f 511 868 521
f 868 869 521
f 521 869 530
f 869 870 530
f 530 870 541
f 870 871 541
f 541 871 554
f 871 872 554
f 554 872 569
f 872 873 569
f 569 873 586
f 873 874 586
f 586 874 605
f 874 875 605
f 605 875 626
f 875 876 626
f 626 876 649
f 876 877 649
f 649 877 674
f 877 878 674
f 674 878 701
f 878 879 701
f 701 879 730
f 879 880 730
f 730 880 761
f 880 881 761
f 761 881 793
f 881 882 793
f 793 882 811
f 882 883 811
f 811 883 828
f 883 884 828
f 828 884 846
f 865 885 886
f 887 888 889
f 890 891 892
f 889 888 890
f 893 890 888
f 893 888 894
f 888 887 894
f 894 887 895
f 896 890 893
f 897 898 899
f 898 892 899
f 899 892 900
f 892 891 900
f 900 891 901
f 896 893 902
f 893 894 902
f 902 894 903
f 894 895 903
f 903 895 904
f 905 890 896
f 906 897 907
f 897 899 907
f 907 899 908
f 899 900 908
f 908 900 909
f 900 901 909
f 909 901 910
f 905 896 911
f 896 902 911
f 911 902 912
f 902 903 912
f 912 903 913
f 903 904 913
f 913 904 914
f 915 890 905
f 916 906 917
f 906 907 917
f 917 907 918
f 907 908 918
f 918 908 919
f 908 909 919
f 919 909 920
f 909 910 920
f 920 910 921
f 915 905 922
f 905 911 922
f 922 911 923
f 911 912 923
f 923 912 924
f 912 913 924
f 924 913 925
f 913 914 925
f 925 914 926
f 927 890 915
f 928 916 929
f 916 917 929
f 929 917 930
f 917 918 930
f 930 918 931
f 918 919 931
f 931 919 932
f 919 920 932
f 932 920 933
f 920 921 933
f 933 921 934
f 927 915 935
f 915 922 935
f 935 922 936
f 922 923 936
f 936 923 937
f 923 924 937
f 937 924 938
f 924 925 938
f 938 925 939
f 925 926 939
f 939 926 940
f 941 890 927
f 942 928 943
f 928 929 943
f 943 929 944
f 929 930 944
f 944 930 945
f 930 931 945
f 945 931 946
f 931 932 946
f 946 932 947
f 932 933 947
f 947 933 948
f 933 934 948
f 948 934 949
f 941 927 950
f 927 935 950
f 950 935 951
f 935 936 951
f 951 936 952
f 936 937 952
f 952 937 953
f 937 938 953
f 953 938 954
f 938 939 954
f 954 939 955
f 939 940 955
f 955 940 956
f 957 890 941
f 958 942 959
f 942 943 959
f 959 943 960
f 943 944 960
f 960 944 961
f 944 945 961
f 961 945 962
f 945 946 962
f 962 946 963
f 946 947 963
f 963 947 964
f 947 948 964
f 964 948 965
f 948 949 965
f 965 949 966
f 957 941 967
f 941 950 967
f 967 950 968
f 950 951 968
f 968 951 969
f 951 952 969
f 969 952 970
f 952 953 970
f 970 953 971
f 953 954 971
f 971 954 972
f 954 955 972
f 972 955 973
f 955 956 973
f 973 956 974
f 975 890 957
f 976 958 977
f 958 959 977
f 977 959 978
f 959 960 978
f 978 960 979
f 960 961 979
f 979 961 980
f 961 962 980
f 980 962 981
f 962 963 981
f 981 963 982
f 963 964 982
f 982 964 983
f 964 965 983
f 983 965 984
f 965 966 984
f 984 966 985
f 975 957 986
f 957 967 986
f 986 967 987
f 967 968 987
f 987 968 988
f 968 969 988
f 988 969 989
f 969 970 989
f 989 970 990
f 970 971 990
f 990 971 991
f 971 972 991
f 991 972 992
f 972 973 992
f 992 973 993
f 973 974 993
f 993 974 994
f 995 890 975
f 996 976 997
f 976 977 997
f 997 977 998
f 977 978 998
f 998 978 999
f 978 979 999
f 999 979 1000
f 979 980 1000
f 1000 980 1001
f 980 981 1001
f 1001 981 1002
f 981 982 1002
f 1002 982 1003
f 982 983 1003
f 1003 983 1004
f 983 984 1004
f 1004 984 1005
f 984 985 1005
f 1005 985 1006
f 995 975 1007
f 975 986 1007
f 1007 986 1008
f 986 987 1008
f 1008 987 1009
f 987 988 1009
f 1009 988 1010
f 988 989 1010
f 1010 989 1011
f 989 990 1011
f 1011 990 1012
f 990 991 1012
f 1012 991 1013
f 991 992 1013
f 1013 992 1014
f 992 993 1014
f 1014 993 1015
f 993 994 1015
f 1015 994 1016
f 1017 890 995
f 1018 996 1019
f 996 997 1019
f 1019 997 1020
f 997 998 1020
f 1020 998 1021
f 998 999 1021
f 1021 999 1022
f 999 1000 1022
f 1022 1000 1023
f 1000 1001 1023
f 1023 1001 1024
f 1001 1002 1024
f 1024 1002 1025
f 1002 1003 1025
f 1025 1003 1026
f 1003 1004 1026
f 1026 1004 1027
f 1004 1005 1027
f 1027 1005 1028
f 1005 1006 1028
f 1028 1006 1029
f 1017 995 1030
f 995 1007 1030
f 1030 1007 1031
f 1007 1008 1031
f 1031 1008 1032
f 1008 1009 1032
f 1032 1009 1033
f 1009 1010 1033
f 1033 1010 1034
f 1010 1011 1034
f 1034 1011 1035
f 1011 1012 1035
f 1035 1012 1036
f 1012 1013 1036
f 1036 1013 1037
f 1013 1014 1037
f 1037 1014 1038
f 1014 1015 1038
f 1038 1015 1039
f 1015 1016 1039
f 1039 1016 1040
f 1041 890 1017
f 1042 1018 1043
f 1018 1019 1043
f 1043 1019 1044
f 1019 1020 1044
f 1044 1020 1045
f 1020 1021 1045
f 1045 1021 1046
f 1021 1022 1046
f 1046 1022 1047
f 1022 1023 1047
f 1047 1023 1048
f 1023 1024 1048
f 1048 1024 1049
f 1024 1025 1049
f 1049 1025 1050
f 1025 1026 1050
f 1050 1026 1051
f 1026 1027 1051
f 1051 1027 1052
f 1027 1028 1052
f 1052 1028 1053
f 1028 1029 1053
f 1053 1029 1054
f 1041 1017 1055
f 1017 1030 1055
f 1055 1030 1056
f 1030 1031 1056
f 1056 1031 1057
f 1031 1032 1057
f 1057 1032 1058
f 1032 1033 1058
f 1058 1033 1059
f 1033 1034 1059
f 1059 1034 1060
f 1034 1035 1060
f 1060 1035 1061
f 1035 1036 1061
f 1061 1036 1062
f 1036 1037 1062
f 1062 1037 1063
f 1037 1038 1063
f 1063 1038 1064
f 1038 1039 1064
f 1064 1039 1065
f 1039 1040 1065
f 1065 1040 1066
f 1067 890 1041
f 1068 1042 1069
f 1042 1043 1069
f 1069 1043 1070
f 1043 1044 1070
f 1070 1044 1071
f 1044 1045 1071
f 1071 1045 1072
f 1045 1046 1072
f 1072 1046 1073
f 1046 1047 1073
f 1073 1047 1074
f 1047 1048 1074
f 1074 1048 1075
f 1048 1049 1075
f 1075 1049 1076
f 1049 1050 1076
f 1076 1050 1077
f 1050 1051 1077
f 1077 1051 1078
f 1051 1052 1078
f 1078 1052 1079
f 1052 1053 1079
f 1079 1053 1080
f 1053 1054 1080
f 1080 1054 1081
f 1067 1041 1082
f 1041 1055 1082
f 1082 1055 1083
f 1055 1056 1083
f 1083 1056 1084
f 1056 1057 1084
f 1084 1057 1085
f 1057 1058 1085
f 1085 1058 1086
f 1058 1059 1086
f 1086 1059 1087
f 1059 1060 1087
f 1087 1060 1088
f 1060 1061 1088
f 1088 1061 1089
f 1061 1062 1089
f 1089 1062 1090
f 1062 1063 1090
f 1090 1063 1091
f 1063 1064 1091
f 1091 1064 1092
f 1064 1065 1092
f 1092 1065 1093
f 1065 1066 1093
f 1093 1066 1094
f 1095 890 1067
f 1096 1068 1097
f 1068 1069 1097
f 1097 1069 1098
f 1069 1070 1098
f 1098 1070 1099
f 1070 1071 1099
f 1099 1071 1100
f 1071 1072 1100
f 1100 1072 1101
f 1072 1073 1101
f 1101 1073 1102
f 1073 1074 1102
f 1102 1074 1103
f 1074 1075 1103
f 1103 1075 1104
f 1075 1076 1104
f 1104 1076 1105
f 1076 1077 1105
f 1105 1077 1106
f 1077 1078 1106
f 1106 1078 1107
f 1078 1079 1107
f 1107 1079 1108
f 1079 1080 1108
f 1108 1080 1109
f 1080 1081 1109
f 1109 1081 1110
f 1095 1067 1111
f 1067 1082 1111
f 1111 1082 1112
f 1082 1083 1112
f 1112 1083 1113
f 1083 1084 1113
f 1113 1084 1114
f 1084 1085 1114
f 1114 1085 1115
f 1085 1086 1115
f 1115 1086 1116
f 1086 1087 1116
f 1116 1087 1117
f 1087 1088 1117
f 1117 1088 1118
f 1088 1089 1118
f 1118 1089 1119
f 1089 1090 1119
f 1119 1090 1120
f 1090 1091 1120
f 1120 1091 1121
f 1091 1092 1121
f 1121 1092 1122
f 1092 1093 1122
f 1122 1093 1123
f 1093 1094 1123
f 1123 1094 1124
f 1125 890 1095
f 1126 1096 1127
f 1096 1097 1127
f 1127 1097 1128
f 1097 1098 1128
f 1128 1098 1129
f 1098 1099 1129
f 1129 1099 1130
f 1099 1100 1130
f 1130 1100 1131
f 1100 1101 1131
f 1131 1101 1132
f 1101 1102 1132
f 1132 1102 1133
f 1102 1103 1133
f 1133 1103 1134
f 1103 1104 1134
f 1134 1104 1135
f 1104 1105 1135
f 1135 1105 1136
f 1105 1106 1136
f 1136 1106 1137
f 1106 1107 1137
f 1137 1107 1138
f 1107 1108 1138
f 1138 1108 1139
f 1108 1109 1139
f 1139 1109 1140
f 1109 1110 1140
f 1140 1110 1141
f 1125 1095 1142
f 1095 1111 1142
f 1142 1111 1143
f 1111 1112 1143
f 1143 1112 1144
f 1112 1113 1144
f 1144 1113 1145
f 1113 1114 1145
f 1145 1114 1146
f 1114 1115 1146
f 1146 1115 1147
f 1115 1116 1147
f 1147 1116 1148
f 1116 1117 1148
f 1148 1117 1149
f 1117 1118 1149
f 1149 1118 1150
f 1118 1119 1150
f 1150 1119 1151
f 1119 1120 1151
f 1151 1120 1152
f 1120 1121 1152
f 1152 1121 1153
f 1121 1122 1153
f 1153 1122 1154
f 1122 1123 1154
f 1154 1123 1155
f 1123 1124 1155
f 1155 1124 1156
f 1157 1126 1158
f 1126 1127 1158
f 1158 1127 1159
f 1127 1128 1159
f 1159 1128 1160
f 1128 1129 1160
f 1160 1129 1161
f 1129 1130 1161
f 1161 1130 1162
f 1130 1131 1162
f 1162 1131 1163
f 1131 1132 1163
f 1163 1132 1164
f 1132 1133 1164
f 1164 1133 1165
f 1133 1134 1165
f 1165 1134 1166
f 1134 1135 1166
f 1166 1135 1167
f 1135 1136 1167
f 1167 1136 1168
f 1136 1137 1168
f 1168 1137 1169
f 1137 1138 1169
f 1169 1138 1170
f 1138 1139 1170
f 1170 1139 1171
f 1139 1140 1171
f 1171 1140 1172
f 1140 1141 1172
f 1172 1141 1173
f 1174 1157 1175
f 1157 1158 1175
f 1175 1158 1176
f 1158 1159 1176
f 1176 1159 1177
f 1159 1160 1177
f 1177 1160 1178
f 1160 1161 1178
f 1178 1161 1179
f 1161 1162 1179
f 1179 1162 1180
f 1162 1163 1180
f 1180 1163 1181
f 1163 1164 1181
f 1181 1164 1182
f 1164 1165 1182
f 1182 1165 1183
f 1165 1166 1183
f 1183 1166 1184
f 1166 1167 1184
f 1184 1167 1185
f 1167 1168 1185
f 1185 1168 1186
f 1168 1169 1186
f 1186 1169 1187
f 1169 1170 1187
f 1187 1170 1188
f 1170 1171 1188
f 1188 1171 1189
f 1171 1172 1189
f 1189 1172 1190
f 1172 1173 1190
f 1190 1173 1191
f 885 1174 886
f 1174 1175 886
f 886 1175 1192
f 1175 1176 1192
f 1192 1176 1193
f 1176 1177 1193
f 1193 1177 1194
f 1177 1178 1194
f 1194 1178 1195
f 1178 1179 1195
f 1195 1179 1196
f 1179 1180 1196
f 1196 1180 1197
f 1180 1181 1197
f 1197 1181 1198
f 1181 1182 1198
f 1198 1182 1199
f 1182 1183 1199
f 1199 1183 1200
f 1183 1184 1200
f 1200 1184 1201
f 1184 1185 1201
f 1201 1185 1202
f 1185 1186 1202
f 1202 1186 1203
f 1186 1187 1203
f 1203 1187 1204
f 1187 1188 1204
f 1204 1188 1205
f 1188 1189 1205
f 1205 1189 1206
f 1189 1190 1206
f 1206 1190 1207
f 1190 1191 1207
f 1207 1191 1208
f 865 886 864
f 886 1192 864
f 864 1192 863
f 1192 1193 863
f 863 1193 862
f 1193 1194 862
f 862 1194 861
f 1194 1195 861
f 861 1195 860
f 1195 1196 860
f 860 1196 859
f 1196 1197 859
f 859 1197 858
f 1197 1198 858
f 858 1198 857
f 1198 1199 857
f 857 1199 856
f 1199 1200 856
f 856 1200 855
f 1200 1201 855
f 855 1201 854
f 1201 1202 854
f 854 1202 853
f 1202 1203 853
f 853 1203 852
f 1203 1204 852
f 852 1204 851
f 1204 1205 851
f 851 1205 850
f 1205 1206 850
f 850 1206 849
f 1206 1207 849
f 849 1207 848
f 1207 1208 848
f 848 1208 847
f 898 890 892
f 885 1156 1174
f 1156 1124 1174
f 1174 1124 1157
f 1124 1094 1157
f 1157 1094 1126
f 1094 1066 1126
f 1126 1066 1096
f 1066 1040 1096
f 1096 1040 1068
f 1040 1016 1068
f 1068 1016 1042
f 1016 994 1042
f 1042 994 1018
f 994 974 1018
f 1018 974 996
f 974 956 996
f 996 956 976
f 956 940 976
f 976 940 958
f 940 926 958
f 958 926 942
f 926 914 942
f 942 914 928
f 914 904 928
f 928 904 916
f 904 895 916
f 916 895 906
f 895 887 906
f 906 887 897
f 887 889 897
f 897 889 898
f 889 890 898
f 1209 1210 1211
f 1210 1212 1211
f 1211 1212 1213
f 1212 1214 1213
f 1213 1214 1215
f 1214 1216 1215
f 1215 1216 1217
f 1216 1218 1217
f 1217 1218 1219
f 1218 1220 1219
f 1219 1220 1221
f 1220 1222 1221
f 1221 1222 1223
f 1222 1224 1223
f 1223 1224 1225
f 1224 1226 1225
f 1225 1226 1227
f 1226 1228 1227
f 1227 1228 1229
f 1228 1230 1229
f 1229 1230 1231
f 1230 1232 1231
f 1231 1232 1233
f 1232 1234 1233
f 1233 1234 1235
f 1234 1236 1235
f 1235 1236 1237
f 1236 1238 1237
f 1237 1238 1239
f 1238 1240 1239
f 1239 1240 1241
f 1240 1242 1241
f 1241 1242 1243
f 1242 1244 1243
f 1243 1244 1245
f 1244 1246 1245
f 1210 1247 1212
f 1247 1248 1212
f 1212 1248 1214
f 1248 1249 1214
f 1214 1249 1216
f 1249 1250 1216
f 1216 1250 1218
f 1250 1251 1218
f 1218 1251 1220
f 1251 1252 1220
f 1220 1252 1222
f 1252 1253 1222
f 1222 1253 1224
f 1253 1254 1224
f 1224 1254 1226
f 1254 1255 1226
f 1226 1255 1228
f 1255 1256 1228
f 1228 1256 1230
f 1256 1257 1230
f 1230 1257 1232
f 1257 1258 1232
f 1232 1258 1234
f 1258 1259 1234
f 1234 1259 1236
f 1259 1260 1236
f 1236 1260 1238
f 1260 1261 1238
f 1238 1261 1240
f 1261 1262 1240
f 1240 1262 1242
f 1262 1263 1242
f 1242 1263 1244
f 1263 1264 1244
f 1244 1264 1246
f 1264 1265 1246
f 1247 1266 1248
f 1266 1267 1248
f 1248 1267 1249
f 1267 1268 1249
f 1249 1268 1250
f 1268 1269 1250
f 1250 1269 1251
f 1269 1270 1251
f 1251 1270 1252
f 1270 1271 1252
f 1252 1271 1253
f 1271 1272 1253
f 1253 1272 1254
f 1272 1273 1254
f 1254 1273 1255
f 1273 1274 1255
f 1255 1274 1256
f 1274 1275 1256
f 1256 1275 1257
f 1275 1276 1257
f 1257 1276 1258
f 1276 1277 1258
f 1258 1277 1259
f 1277 1278 1259
f 1259 1278 1260
f 1278 1279 1260
f 1260 1279 1261
f 1279 1280 1261
f 1261 1280 1262
f 1280 1281 1262
f 1262 1281 1263
f 1281 1282 1263
f 1263 1282 1264
f 1282 1283 1264
f 1264 1283 1265
f 1283 1284 1265
f 1266 1285 1267
f 1285 1286 1267
f 1267 1286 1268
f 1286 1287 1268
f 1268 1287 1269
f 1287 1288 1269
f 1269 1288 1270
f 1288 1289 1270
f 1270 1289 1271
f 1289 1290 1271
f 1271 1290 1272
f 1290 1291 1272
f 1272 1291 1273
f 1291 1292 1273
f 1273 1292 1274
f 1292 1293 1274
f 1274 1293 1275
f 1293 1294 1275
f 1275 1294 1276
f 1294 1295 1276
f 1276 1295 1277
f 1295 1296 1277
f 1277 1296 1278
f 1296 1297 1278
f 1278 1297 1279
f 1297 1298 1279
f 1279 1298 1280
f 1298 1299 1280
f 1280 1299 1281
f 1299 1300 1281
f 1281 1300 1282
f 1300 1301 1282
f 1282 1301 1283
f 1301 1302 1283
f 1283 1302 1284
f 1302 1303 1284
f 1285 1304 1286
f 1304 1305 1286
f 1286 1305 1287
f 1305 1306 1287
f 1287 1306 1288
f 1306 1307 1288
f 1288 1307 1289
f 1307 1308 1289
f 1289 1308 1290
f 1308 1309 1290
f 1290 1309 1291
f 1309 1310 1291
f 1291 1310 1292
f 1310 1311 1292
f 1292 1311 1293
f 1311 1312 1293
f 1293 1312 1294
f 1312 1313 1294
f 1294 1313 1295
f 1313 1314 1295
f 1295 1314 1296
f 1314 1315 1296
f 1296 1315 1297
f 1315 1316 1297
f 1297 1316 1298
f 1316 1317 1298
f 1298 1317 1299
f 1317 1318 1299
f 1299 1318 1300
f 1318 1319 1300
f 1300 1319 1301
f 1319 1320 1301
f 1301 1320 1302
f 1320 1321 1302
f 1302 1321 1303
f 1321 1322 1303
f 1304 1323 1305
f 1323 1324 1305
f 1305 1324 1306
f 1324 1325 1306
f 1306 1325 1307
f 1325 1326 1307
f 1307 1326 1308
f 1326 1327 1308
f 1308 1327 1309
f 1327 1328 1309
f 1309 1328 1310
f 1328 1329 1310
f 1310 1329 1311
f 1329 1330 1311
f 1311 1330 1312
f 1330 1331 1312
f 1312 1331 1313
f 1331 1332 1313
f 1313 1332 1314
f 1332 1333 1314
f 1314 1333 1315
f 1333 1334 1315
f 1315 1334 1316
f 1334 1335 1316
f 1316 1335 1317
f 1335 1336 1317
f 1317 1336 1318
f 1336 1337 1318
f 1318 1337 1319
f 1337 1338 1319
f 1319 1338 1320
f 1338 1339 1320
f 1320 1339 1321
f 1339 1340 1321
f 1321 1340 1322
f 1340 1341 1322
f 1323 1342 1324
f 1342 1343 1324
f 1324 1343 1325
f 1343 1344 1325
f 1325 1344 1326
f 1344 1345 1326
f 1326 1345 1327
f 1345 1346 1327
f 1327 1346 1328
f 1346 1347 1328
f 1328 1347 1329
f 1347 1348 1329
f 1329 1348 1330
f 1348 1349 1330
f 1330 1349 1331
f 1349 1350 1331
f 1331 1350 1332
f 1350 1351 1332
f 1332 1351 1333
f 1351 1352 1333
f 1333 1352 1334
f 1352 1353 1334
f 1334 1353 1335
f 1353 1354 1335
f 1335 1354 1336
f 1354 1355 1336
f 1336 1355 1337
f 1355 1356 1337
f 1337 1356 1338
f 1356 1357 1338
f 1338 1357 1339
f 1357 1358 1339
f 1339 1358 1340
f 1358 1359 1340
f 1340 1359 1341
f 1359 1360 1341
f 1342 1361 1343
f 1361 1362 1343
f 1343 1362 1344
f 1362 1363 1344
f 1344 1363 1345
f 1363 1364 1345
f 1345 1364 1346
f 1364 1365 1346
f 1346 1365 1347
f 1365 1366 1347
f 1347 1366 1348
f 1366 1367 1348
f 1348 1367 1349
f 1367 1368 1349
f 1349 1368 1350
f 1368 1369 1350
f 1350 1369 1351
f 1369 1370 1351
f 1351 1370 1352
f 1370 1371 1352
f 1352 1371 1353
f 1371 1372 1353
f 1353 1372 1354
f 1372 1373 1354
f 1354 1373 1355
f 1373 1374 1355
f 1355 1374 1356
f 1374 1375 1356
f 1356 1375 1357
f 1375 1376 1357
f 1357 1376 1358
f 1376 1377 1358
f 1358 1377 1359
f 1377 1378 1359
f 1359 1378 1360
f 1378 1379 1360
f 1361 1380 1362
f 1380 1381 1362
f 1362 1381 1363
f 1381 1382 1363
f 1363 1382 1364
f 1382 1383 1364
f 1364 1383 1365
f 1383 1384 1365
f 1365 1384 1366
f 1384 1385 1366
f 1366 1385 1367
f 1385 1386 1367
f 1367 1386 1368
f 1386 1387 1368
f 1368 1387 1369
f 1387 1388 1369
f 1369 1388 1370
f 1388 1389 1370
f 1370 1389 1371
f 1389 1390 1371
f 1371 1390 1372
f 1390 1391 1372
f 1372 1391 1373
f 1391 1392 1373
f 1373 1392 1374
f 1392 1393 1374
f 1374 1393 1375
f 1393 1394 1375
f 1375 1394 1376
f 1394 1395 1376
f 1376 1395 1377
f 1395 1396 1377
f 1377 1396 1378
f 1396 1397 1378
f 1378 1397 1379
f 1397 1398 1379
f 1380 1399 1381
f 1399 1400 1381
f 1381 1400 1382
f 1400 1401 1382
f 1382 1401 1383
f 1401 1402 1383
f 1383 1402 1384
f 1402 1403 1384
f 1384 1403 1385
f 1403 1404 1385
f 1385 1404 1386
f 1404 1405 1386
f 1386 1405 1387
f 1405 1406 1387
f 1387 1406 1388
f 1406 1407 1388
f 1388 1407 1389
f 1407 1408 1389
f 1389 1408 1390
f 1408 1409 1390
f 1390 1409 1391
f 1409 1410 1391
f 1391 1410 1392
f 1410 1411 1392
f 1392 1411 1393
f 1411 1412 1393
f 1393 1412 1394
f 1412 1413 1394
f 1394 1413 1395
f 1413 1414 1395
f 1395 1414 1396
f 1414 1415 1396
f 1396 1415 1397
f 1415 1416 1397
f 1397 1416 1398
f 1416 1417 1398
f 1399 1418 1400
f 1418 1419 1400
f 1400 1419 1401
f 1419 1420 1401
f 1401 1420 1402
f 1420 1421 1402
f 1402 1421 1403
f 1421 1422 1403
f 1403 1422 1404
f 1422 1423 1404
f 1404 1423 1405
f 1423 1424 1405
f 1405 1424 1406
f 1424 1425 1406
f 1406 1425 1407
f 1425 1426 1407
f 1407 1426 1408
f 1426 1427 1408
f 1408 1427 1409
f 1427 1428 1409
f 1409 1428 1410
f 1428 1429 1410
f 1410 1429 1411
f 1429 1430 1411
f 1411 1430 1412
f 1430 1431 1412
f 1412 1431 1413
f 1431 1432 1413
f 1413 1432 1414
f 1432 1433 1414
f 1414 1433 1415
f 1433 1434 1415
f 1415 1434 1416
f 1434 1435 1416
f 1416 1435 1417
f 1435 1436 1417
f 1418 1437 1419
f 1437 1438 1419
f 1419 1438 1420
f 1438 1439 1420
f 1420 1439 1421
f 1439 1440 1421
f 1421 1440 1422
f 1440 1441 1422
f 1422 1441 1423
f 1441 1442 1423
f 1423 1442 1424
f 1442 1443 1424
f 1424 1443 1425
f 1443 1444 1425
f 1425 1444 1426
f 1444 1445 1426
f 1426 1445 1427
f 1445 1446 1427
f 1427 1446 1428
f 1446 1447 1428
f 1428 1447 1429
f 1447 1448 1429
f 1429 1448 1430
f 1448 1449 1430
f 1430 1449 1431
f 1449 1450 1431
f 1431 1450 1432
f 1450 1451 1432
f 1432 1451 1433
f 1451 1452 1433
f 1433 1452 1434
f 1452 1453 1434
f 1434 1453 1435
f 1453 1454 1435
f 1435 1454 1436
f 1454 1455 1436
f 1437 1456 1438
f 1456 1457 1438
f 1438 1457 1439
f 1457 1458 1439
f 1439 1458 1440
f 1458 1459 1440
f 1440 1459 1441
f 1459 1460 1441
f 1441 1460 1442
f 1460 1461 1442
f 1442 1461 1443
f 1461 1462 1443
f 1443 1462 1444
f 1462 1463 1444
f 1444 1463 1445
f 1463 1464 1445
f 1445 1464 1446
f 1464 1465 1446
f 1446 1465 1447
f 1465 1466 1447
f 1447 1466 1448
f 1466 1467 1448
f 1448 1467 1449
f 1467 1468 1449
f 1449 1468 1450
f 1468 1469 1450
f 1450 1469 1451
f 1469 1470 1451
f 1451 1470 1452
f 1470 1471 1452
f 1452 1471 1453
f 1471 1472 1453
f 1453 1472 1454
f 1472 1473 1454
f 1454 1473 1455
f 1473 1474 1455
f 1456 1475 1457
f 1475 1476 1457
f 1457 1476 1458
f 1476 1477 1458
f 1458 1477 1459
f 1477 1478 1459
f 1459 1478 1460
f 1478 1479 1460
f 1460 1479 1461
f 1479 1480 1461
f 1461 1480 1462
f 1480 1481 1462
f 1462 1481 1463
f 1481 1482 1463
f 1463 1482 1464
f 1482 1483 1464
f 1464 1483 1465
f 1483 1484 1465
f 1465 1484 1466
f 1484 1485 1466
f 1466 1485 1467
f 1485 1486 1467
f 1467 1486 1468
f 1486 1487 1468
f 1468 1487 1469
f 1487 1488 1469
f 1469 1488 1470
f 1488 1489 1470
f 1470 1489 1471
f 1489 1490 1471
f 1471 1490 1472
f 1490 1491 1472
f 1472 1491 1473
f 1491 1492 1473
f 1473 1492 1474
f 1492 1493 1474
f 1475 1494 1476
f 1494 1495 1476
f 1476 1495 1477
f 1495 1496 1477
f 1477 1496 1478
f 1496 1497 1478
f 1478 1497 1479
f 1497 1498 1479
f 1479 1498 1480
f 1498 1499 1480
f 1480 1499 1481
f 1499 1500 1481
f 1481 1500 1482
f 1500 1501 1482
f 1482 1501 1483
f 1501 1502 1483
f 1483 1502 1484
f 1502 1503 1484
f 1484 1503 1485
f 1503 1504 1485
f 1485 1504 1486
f 1504 1505 1486
f 1486 1505 1487
f 1505 1506 1487
f 1487 1506 1488
f 1506 1507 1488
f 1488 1507 1489
f 1507 1508 1489
f 1489 1508 1490
f 1508 1509 1490
f 1490 1509 1491
f 1509 1510 1491
f 1491 1510 1492
f 1510 1511 1492
f 1492 1511 1493
f 1511 1512 1493
f 1494 1513 1495
f 1513 1514 1495
f 1495 1514 1496
f 1514 1515 1496
f 1496 1515 1497
f 1515 1516 1497
f 1497 1516 1498
f 1516 1517 1498
f 1498 1517 1499
f 1517 1518 1499
f 1499 1518 1500
f 1518 1519 1500
f 1500 1519 1501
f 1519 1520 1501
f 1501 1520 1502
f 1520 1521 1502
f 1502 1521 1503
f 1521 1522 1503
f 1503 1522 1504
f 1522 1523 1504
f 1504 1523 1505
f 1523 1524 1505
f 1505 1524 1506
f 1524 1525 1506
f 1506 1525 1507
f 1525 1526 1507
f 1507 1526 1508
f 1526 1527 1508
f 1508 1527 1509
f 1527 1528 1509
f 1509 1528 1510
f 1528 1529 1510
f 1510 1529 1511
f 1529 1530 1511
f 1511 1530 1512
f 1530 1531 1512
f 1513 1532 1514
f 1532 1533 1514
f 1514 1533 1515
f 1533 1534 1515
f 1515 1534 1516
f 1534 1535 1516
f 1516 1535 1517
f 1535 1536 1517
f 1517 1536 1518
f 1536 1537 1518
f 1518 1537 1519
f 1537 1538 1519
f 1519 1538 1520
f 1538 1539 1520
f 1520 1539 1521
f 1539 1540 1521
f 1521 1540 1522
f 1540 1541 1522
f 1522 1541 1523
f 1541 1542 1523
f 1523 1542 1524
f 1542 1543 1524
f 1524 1543 1525
f 1543 1544 1525
f 1525 1544 1526
f 1544 1545 1526
f 1526 1545 1527
f 1545 1546 1527
f 1527 1546 1528
f 1546 1547 1528
f 1528 1547 1529
f 1547 1548 1529
f 1529 1548 1530
f 1548 1549 1530
f 1530 1549 1531
f 1549 1550 1531
f 1532 1551 1533
f 1551 1552 1533
f 1533 1552 1534
f 1552 1553 1534
f 1534 1553 1535
f 1553 1554 1535
f 1535 1554 1536
f 1554 1555 1536
f 1536 1555 1537
f 1555 1556 1537
f 1537 1556 1538
f 1556 1557 1538
f 1538 1557 1539
f 1557 1558 1539
f 1539 1558 1540
f 1558 1559 1540
f 1540 1559 1541
f 1559 1560 1541
f 1541 1560 1542
f 1560 1561 1542
f 1542 1561 1543
f 1561 1562 1543
f 1543 1562 1544
f 1562 1563 1544
f 1544 1563 1545
f 1563 1564 1545
f 1545 1564 1546
f 1564 1565 1546
f 1546 1565 1547
f 1565 1566 1547
f 1547 1566 1548
f 1566 1567 1548
f 1548 1567 1549
f 1567 1568 1549
f 1549 1568 1550
f 1568 1569 1550
f 1570 1571 1572
f 1571 1573 1572
f 1572 1573 1574
f 1573 1575 1574
f 1574 1575 1576
f 1575 1577 1576
f 1576 1577 1578
f 1577 1579 1578
f 1578 1579 1580
f 1579 1581 1580
f 1580 1581 1582
f 1581 1583 1582
f 1582 1583 1584
f 1583 1585 1584
f 1584 1585 1586
f 1585 1587 1586
f 1586 1587 1588
f 1587 1589 1588
f 1588 1589 1590
f 1589 1591 1590
f 1590 1591 1592
f 1591 1593 1592
f 1592 1593 1594
f 1593 1595 1594
f 1594 1595 1596
f 1595 1597 1596
f 1596 1597 1598
f 1597 1599 1598
f 1598 1599 1600
f 1599 1601 1600
f 1600 1601 1602
f 1601 1603 1602
f 1602 1603 1604
f 1603 1605 1604
f 1604 1605 1606
f 1605 1607 1606
f 1571 1608 1573
f 1608 1609 1573
f 1573 1609 1575
f 1609 1610 1575
f 1575 1610 1577
f 1610 1611 1577
f 1577 1611 1579
f 1611 1612 1579
f 1579 1612 1581
f 1612 1613 1581
f 1581 1613 1583
f 1613 1614 1583
f 1583 1614 1585
f 1614 1615 1585
f 1585 1615 1587
f 1615 1616 1587
f 1587 1616 1589
f 1616 1617 1589
f 1589 1617 1591
f 1617 1618 1591
f 1591 1618 1593
f 1618 1619 1593
f 1593 1619 1595
f 1619 1620 1595
f 1595 1620 1597
f 1620 1621 1597
f 1597 1621 1599
f 1621 1622 1599
f 1599 1622 1601
f 1622 1623 1601
f 1601 1623 1603
f 1623 1624 1603
f 1603 1624 1605
f 1624 1625 1605
f 1605 1625 1607
f 1625 1626 1607
f 1608 1627 1609
f 1627 1628 1609
f 1609 1628 1610
f 1628 1629 1610
f 1610 1629 1611
f 1629 1630 1611
f 1611 1630 1612
f 1630 1631 1612
f 1612 1631 1613
f 1631 1632 1613
f 1613 1632 1614
f 1632 1633 1614
f 1614 1633 1615
f 1633 1634 1615
f 1615 1634 1616
f 1634 1635 1616
f 1616 1635 1617
f 1635 1636 1617
f 1617 1636 1618
f 1636 1637 1618
f 1618 1637 1619
f 1637 1638 1619
f 1619 1638 1620
f 1638 1639 1620
f 1620 1639 1621
f 1639 1640 1621
f 1621 1640 1622
f 1640 1641 1622
f 1622 1641 1623
f 1641 1642 1623
f 1623 1642 1624
f 1642 1643 1624
f 1624 1643 1625
f 1643 1644 1625
f 1625 1644 1626
f 1644 1645 1626
f 1627 1646 1628
f 1646 1647 1628
f 1628 1647 1629
f 1647 1648 1629
f 1629 1648 1630
f 1648 1649 1630
f 1630 1649 1631
f 1649 1650 1631
f 1631 1650 1632
f 1650 1651 1632
f 1632 1651 1633
f 1651 1652 1633
f 1633 1652 1634
f 1652 1653 1634
f 1634 1653 1635
f 1653 1654 1635
f 1635 1654 1636
f 1654 1655 1636
f 1636 1655 1637
f 1655 1656 1637
f 1637 1656 1638
f 1656 1657 1638
f 1638 1657 1639
f 1657 1658 1639
f 1639 1658 1640
f 1658 1659 1640
f 1640 1659 1641
f 1659 1660 1641
f 1641 1660 1642
f 1660 1661 1642
f 1642 1661 1643
f 1661 1662 1643
f 1643 1662 1644
f 1662 1663 1644
f 1644 1663 1645
f 1663 1664 1645
f 1646 1665 1647
f 1665 1666 1647
f 1647 1666 1648
f 1666 1667 1648
f 1648 1667 1649
f 1667 1668 1649
f 1649 1668 1650
f 1668 1669 1650
f 1650 1669 1651
f 1669 1670 1651
f 1651 1670 1652
f 1670 1671 1652
f 1652 1671 1653
f 1671 1672 1653
f 1653 1672 1654
f 1672 1673 1654
f 1654 1673 1655
f 1673 1674 1655
f 1655 1674 1656
f 1674 1675 1656
f 1656 1675 1657
f 1675 1676 1657
f 1657 1676 1658
f 1676 1677 1658
f 1658 1677 1659
f 1677 1678 1659
f 1659 1678 1660
f 1678 1679 1660
f 1660 1679 1661
f 1679 1680 1661
f 1661 1680 1662
f 1680 1681 1662
f 1662 1681 1663
f 1681 1682 1663
f 1663 1682 1664
f 1682 1683 1664
f 1665 1684 1666
f 1684 1685 1666
f 1666 1685 1667
f 1685 1686 1667
f 1667 1686 1668
f 1686 1687 1668
f 1668 1687 1669
f 1687 1688 1669
f 1669 1688 1670
f 1688 1689 1670
f 1670 1689 1671
f 1689 1690 1671
f 1671 1690 1672
f 1690 1691 1672
f 1672 1691 1673
f 1691 1692 1673
f 1673 1692 1674
f 1692 1693 1674
f 1674 1693 1675
f 1693 1694 1675
f 1675 1694 1676
f 1694 1695 1676
f 1676 1695 1677
f 1695 1696 1677
f 1677 1696 1678
f 1696 1697 1678
f 1678 1697 1679
f 1697 1698 1679
f 1679 1698 1680
f 1698 1699 1680
f 1680 1699 1681
f 1699 1700 1681
f 1681 1700 1682
f 1700 1701 1682
f 1682 1701 1683
f 1701 1702 1683
f 1684 1703 1685
f 1703 1704 1685
f 1685 1704 1686
f 1704 1705 1686
f 1686 1705 1687
f 1705 1706 1687
f 1687 1706 1688
f 1706 1707 1688
f 1688 1707 1689
f 1707 1708 1689
f 1689 1708 1690
f 1708 1709 1690
f 1690 1709 1691
f 1709 1710 1691
f 1691 1710 1692
f 1710 1711 1692
f 1692 1711 1693
f 1711 1712 1693
f 1693 1712 1694
f 1712 1713 1694
f 1694 1713 1695
f 1713 1714 1695
f 1695 1714 1696
f 1714 1715 1696
f 1696 1715 1697
f 1715 1716 1697
f 1697 1716 1698
f 1716 1717 1698
f 1698 1717 1699
f 1717 1718 1699
f 1699 1718 1700
f 1718 1719 1700
f 1700 1719 1701
f 1719 1720 1701
f 1701 1720 1702
f 1720 1721 1702
f 1703 1722 1704
f 1722 1723 1704
f 1704 1723 1705
f 1723 1724 1705
f 1705 1724 1706
f 1724 1725 1706
f 1706 1725 1707
f 1725 1726 1707
f 1707 1726 1708
f 1726 1727 1708
f 1708 1727 1709
f 1727 1728 1709
f 1709 1728 1710
f 1728 1729 1710
f 1710 1729 1711
f 1729 1730 1711
f 1711 1730 1712
f 1730 1731 1712
f 1712 1731 1713
f 1731 1732 1713
f 1713 1732 1714
f 1732 1733 1714
f 1714 1733 1715
f 1733 1734 1715
f 1715 1734 1716
f 1734 1735 1716
f 1716 1735 1717
f 1735 1736 1717
f 1717 1736 1718
f 1736 1737 1718
f 1718 1737 1719
f 1737 1738 1719
f 1719 1738 1720
f 1738 1739 1720
f 1720 1739 1721
f 1739 1740 1721
f 1722 1741 1723
f 1741 1742 1723
f 1723 1742 1724
f 1742 1743 1724
f 1724 1743 1725
f 1743 1744 1725
f 1725 1744 1726
f 1744 1745 1726
f 1726 1745 1727
f 1745 1746 1727
f 1727 1746 1728
f 1746 1747 1728
f 1728 1747 1729
f 1747 1748 1729
f 1729 1748 1730
f 1748 1749 1730
f 1730 1749 1731
f 1749 1750 1731
f 1731 1750 1732
f 1750 1751 1732
f 1732 1751 1733
f 1751 1752 1733
f 1733 1752 1734
f 1752 1753 1734
f 1734 1753 1735
f 1753 1754 1735
f 1735 1754 1736
f 1754 1755 1736
f 1736 1755 1737
f 1755 1756 1737
f 1737 1756 1738
f 1756 1757 1738
f 1738 1757 1739
f 1757 1758 1739
f 1739 1758 1740
f 1758 1759 1740
f 1741 1760 1742
f 1760 1761 1742
f 1742 1761 1743
f 1761 1762 1743
f 1743 1762 1744
f 1762 1763 1744
f 1744 1763 1745
f 1763 1764 1745
f 1745 1764 1746
f 1764 1765 1746
f 1746 1765 1747
f 1765 1766 1747
f 1747 1766 1748
f 1766 1767 1748
f 1748 1767 1749
f 1767 1768 1749
f 1749 1768 1750
f 1768 1769 1750
f 1750 1769 1751
f 1769 1770 1751
f 1751 1770 1752
f 1770 1771 1752
f 1752 1771 1753
f 1771 1772 1753
f 1753 1772 1754
f 1772 1773 1754
f 1754 1773 1755
f 1773 1774 1755
f 1755 1774 1756
f 1774 1775 1756
f 1756 1775 1757
f 1775 1776 1757
f 1757 1776 1758
f 1776 1777 1758
f 1758 1777 1759
f 1777 1778 1759
f 1760 1779 1761
f 1779 1780 1761
f 1761 1780 1762
f 1780 1781 1762
f 1762 1781 1763
f 1781 1782 1763
f 1763 1782 1764
f 1782 1783 1764
f 1764 1783 1765
f 1783 1784 1765
f 1765 1784 1766
f 1784 1785 1766
f 1766 1785 1767
f 1785 1786 1767
f 1767 1786 1768
f 1786 1787 1768
f 1768 1787 1769
f 1787 1788 1769
f 1769 1788 1770
f 1788 1789 1770
f 1770 1789 1771
f 1789 1790 1771
f 1771 1790 1772
f 1790 1791 1772
f 1772 1791 1773
f 1791 1792 1773
f 1773 1792 1774
f 1792 1793 1774
f 1774 1793 1775
f 1793 1794 1775
f 1775 1794 1776
f 1794 1795 1776
f 1776 1795 1777
f 1795 1796 1777
f 1777 1796 1778
f 1796 1797 1778
f 1779 1798 1780
f 1798 1799 1780
f 1780 1799 1781
f 1799 1800 1781
f 1781 1800 1782
f 1800 1801 1782
f 1782 1801 1783
f 1801 1802 1783
f 1783 1802 1784
f 1802 1803 1784
f 1784 1803 1785
f 1803 1804 1785
f 1785 1804 1786
f 1804 1805 1786
f 1786 1805 1787
f 1805 1806 1787
f 1787 1806 1788
f 1806 1807 1788
f 1788 1807 1789
f 1807 1808 1789
f 1789 1808 1790
f 1808 1809 1790
f 1790 1809 1791
f 1809 1810 1791
f 1791 1810 1792
f 1810 1811 1792
f 1792 1811 1793
f 1811 1812 1793
f 1793 1812 1794
f 1812 1813 1794
f 1794 1813 1795
f 1813 1814 1795
f 1795 1814 1796
f 1814 1815 1796
f 1796 1815 1797
f 1815 1816 1797
f 1798 1817 1799
f 1817 1818 1799
f 1799 1818 1800
f 1818 1819 1800
f 1800 1819 1801
f 1819 1820 1801
f 1801 1820 1802
f 1820 1821 1802
f 1802 1821 1803
f 1821 1822 1803
f 1803 1822 1804
f 1822 1823 1804
f 1804 1823 1805
f 1823 1824 1805
f 1805 1824 1806
f 1824 1825 1806
f 1806 1825 1807
f 1825 1826 1807
f 1807 1826 1808
f 1826 1827 1808
f 1808 1827 1809
f 1827 1828 1809
f 1809 1828 1810
f 1828 1829 1810
f 1810 1829 1811
f 1829 1830 1811
f 1811 1830 1812
f 1830 1831 1812
f 1812 1831 1813
f 1831 1832 1813
f 1813 1832 1814
f 1832 1833 1814
f 1814 1833 1815
f 1833 1834 1815
f 1815 1834 1816
f 1834 1835 1816
f 1817 1836 1818
f 1836 1837 1818
f 1818 1837 1819
f 1837 1838 1819
f 1819 1838 1820
f 1838 1839 1820
f 1820 1839 1821
f 1839 1840 1821
f 1821 1840 1822
f 1840 1841 1822
f 1822 1841 1823
f 1841 1842 1823
f 1823 1842 1824
f 1842 1843 1824
f 1824 1843 1825
f 1843 1844 1825
f 1825 1844 1826
f 1844 1845 1826
f 1826 1845 1827
f 1845 1846 1827
f 1827 1846 1828
f 1846 1847 1828
f 1828 1847 1829
f 1847 1848 1829
f 1829 1848 1830
f 1848 1849 1830
f 1830 1849 1831
f 1849 1850 1831
f 1831 1850 1832
f 1850 1851 1832
f 1832 1851 1833
f 1851 1852 1833
f 1833 1852 1834
f 1852 1853 1834
f 1834 1853 1835
f 1853 1854 1835
f 1836 1855 1837
f 1855 1856 1837
f 1837 1856 1838
f 1856 1857 1838
f 1838 1857 1839
f 1857 1858 1839
f 1839 1858 1840
f 1858 1859 1840
f 1840 1859 1841
f 1859 1860 1841
f 1841 1860 1842
f 1860 1861 1842
f 1842 1861 1843
f 1861 1862 1843
f 1843 1862 1844
f 1862 1863 1844
f 1844 1863 1845
f 1863 1864 1845
f 1845 1864 1846
f 1864 1865 1846
f 1846 1865 1847
f 1865 1866 1847
f 1847 1866 1848
f 1866 1867 1848
f 1848 1867 1849
f 1867 1868 1849
f 1849 1868 1850
f 1868 1869 1850
f 1850 1869 1851
f 1869 1870 1851
f 1851 1870 1852
f 1870 1871 1852
f 1852 1871 1853
f 1871 1872 1853
f 1853 1872 1854
f 1872 1873 1854
f 1855 1874 1856
f 1874 1875 1856
f 1856 1875 1857
f 1875 1876 1857
f 1857 1876 1858
f 1876 1877 1858
f 1858 1877 1859
f 1877 1878 1859
f 1859 1878 1860
f 1878 1879 1860
f 1860 1879 1861
f 1879 1880 1861
f 1861 1880 1862
f 1880 1881 1862
f 1862 1881 1863
f 1881 1882 1863
f 1863 1882 1864
f 1882 1883 1864
f 1864 1883 1865
f 1883 1884 1865
f 1865 1884 1866
f 1884 1885 1866
f 1866 1885 1867
f 1885 1886 1867
f 1867 1886 1868
f 1886 1887 1868
f 1868 1887 1869
f 1887 1888 1869
f 1869 1888 1870
f 1888 1889 1870
f 1870 1889 1871
f 1889 1890 1871
f 1871 1890 1872
f 1890 1891 1872
f 1872 1891 1873
f 1891 1892 1873
f 1874 1893 1875
f 1893 1894 1875
f 1875 1894 1876
f 1894 1895 1876
f 1876 1895 1877
f 1895 1896 1877
f 1877 1896 1878
f 1896 1897 1878
f 1878 1897 1879
f 1897 1898 1879
f 1879 1898 1880
f 1898 1899 1880
f 1880 1899 1881
f 1899 1900 1881
f 1881 1900 1882
f 1900 1901 1882
f 1882 1901 1883
f 1901 1902 1883
f 1883 1902 1884
f 1902 1903 1884
f 1884 1903 1885
f 1903 1904 1885
f 1885 1904 1886
f 1904 1905 1886
f 1886 1905 1887
f 1905 1906 1887
f 1887 1906 1888
f 1906 1907 1888
f 1888 1907 1889
f 1907 1908 1889
f 1889 1908 1890
f 1908 1909 1890
f 1890 1909 1891
f 1909 1910 1891
f 1891 1910 1892
f 1910 1911 1892
f 1893 1912 1894
f 1912 1913 1894
f 1894 1913 1895
f 1913 1914 1895
f 1895 1914 1896
f 1914 1915 1896
f 1896 1915 1897
f 1915 1916 1897
f 1897 1916 1898
f 1916 1917 1898
f 1898 1917 1899
f 1917 1918 1899
f 1899 1918 1900
f 1918 1919 1900
f 1900 1919 1901
f 1919 1920 1901
f 1901 1920 1902
f 1920 1921 1902
f 1902 1921 1903
f 1921 1922 1903
f 1903 1922 1904
f 1922 1923 1904
f 1904 1923 1905
f 1923 1924 1905
f 1905 1924 1906
f 1924 1925 1906
f 1906 1925 1907
f 1925 1926 1907
f 1907 1926 1908
f 1926 1927 1908
f 1908 1927 1909
f 1927 1928 1909
f 1909 1928 1910
f 1928 1929 1910
f 1910 1929 1911
f 1929 1930 1911
f 866 1931 1932
f 1933 1934 1935
f 1936 1937 1938
f 1935 1934 1936
f 1939 1936 1934
f 1939 1934 1940
f 1934 1933 1940
f 1940 1933 1941
f 1942 1936 1939
f 1943 1944 1945
f 1944 1938 1945
f 1945 1938 1946
f 1938 1937 1946
f 1946 1937 1947
f 1942 1939 1948
f 1939 1940 1948
f 1948 1940 1949
f 1940 1941 1949
f 1949 1941 1950
f 1951 1936 1942
f 1952 1943 1953
f 1943 1945 1953
f 1953 1945 1954
f 1945 1946 1954
f 1954 1946 1955
f 1946 1947 1955
f 1955 1947 1956
f 1951 1942 1957
f 1942 1948 1957
f 1957 1948 1958
f 1948 1949 1958
f 1958 1949 1959
f 1949 1950 1959
f 1959 1950 1960
f 1961 1936 1951
f 1962 1952 1963
f 1952 1953 1963
f 1963 1953 1964
f 1953 1954 1964
f 1964 1954 1965
f 1954 1955 1965
f 1965 1955 1966
f 1955 1956 1966
f 1966 1956 1967
f 1961 1951 1968
f 1951 1957 1968
f 1968 1957 1969
f 1957 1958 1969
f 1969 1958 1970
f 1958 1959 1970
f 1970 1959 1971
f 1959 1960 1971
f 1971 1960 1972
f 1973 1936 1961
f 1974 1962 1975
f 1962 1963 1975
f 1975 1963 1976
f 1963 1964 1976
f 1976 1964 1977
f 1964 1965 1977
f 1977 1965 1978
f 1965 1966 1978
f 1978 1966 1979
f 1966 1967 1979
f 1979 1967 1980
f 1973 1961 1981
f 1961 1968 1981
f 1981 1968 1982
f 1968 1969 1982
f 1982 1969 1983
f 1969 1970 1983
f 1983 1970 1984
f 1970 1971 1984
f 1984 1971 1985
f 1971 1972 1985
f 1985 1972 1986
f 1987 1936 1973
f 1988 1974 1989
f 1974 1975 1989
f 1989 1975 1990
f 1975 1976 1990
f 1990 1976 1991
f 1976 1977 1991
f 1991 1977 1992
f 1977 1978 1992
f 1992 1978 1993
f 1978 1979 1993
f 1993 1979 1994
f 1979 1980 1994
f 1994 1980 1995
f 1987 1973 1996
f 1973 1981 1996
f 1996 1981 1997
f 1981 1982 1997
f 1997 1982 1998
f 1982 1983 1998
f 1998 1983 1999
f 1983 1984 1999
f 1999 1984 2000
f 1984 1985 2000
f 2000 1985 2001
f 1985 1986 2001
f 2001 1986 2002
f 2003 1936 1987
f 2004 1988 2005
f 1988 1989 2005
f 2005 1989 2006
f 1989 1990 2006
f 2006 1990 2007
f 1990 1991 2007
f 2007 1991 2008
f 1991 1992 2008
f 2008 1992 2009
f 1992 1993 2009
f 2009 1993 2010
f 1993 1994 2010
f 2010 1994 2011
f 1994 1995 2011
f 2011 1995 2012
f 2003 1987 2013
f 1987 1996 2013
f 2013 1996 2014
f 1996 1997 2014
f 2014 1997 2015
f 1997 1998 2015
f 2015 1998 2016
f 1998 1999 2016
f 2016 1999 2017
f 1999 2000 2017
f 2017 2000 2018
f 2000 2001 2018
f 2018 2001 2019
f 2001 2002 2019
f 2019 2002 2020
f 2021 1936 2003
f 2022 2004 2023
f 2004 2005 2023
f 2023 2005 2024
f 2005 2006 2024
f 2024 2006 2025
f 2006 2007 2025
f 2025 2007 2026
f 2007 2008 2026
f 2026 2008 2027
f 2008 2009 2027
f 2027 2009 2028
f 2009 2010 2028
f 2028 2010 2029
f 2010 2011 2029
f 2029 2011 2030
f 2011 2012 2030
f 2030 2012 2031
f 2021 2003 2032
f 2003 2013 2032
f 2032 2013 2033
f 2013 2014 2033
f 2033 2014 2034
f 2014 2015 2034
f 2034 2015 2035
f 2015 2016 2035
f 2035 2016 2036
f 2016 2017 2036
f 2036 2017 2037
f 2017 2018 2037
f 2037 2018 2038
f 2018 2019 2038
f 2038 2019 2039
f 2019 2020 2039
f 2039 2020 2040
f 2041 1936 2021
f 2042 2022 2043
f 2022 2023 2043
f 2043 2023 2044
f 2023 2024 2044
f 2044 2024 2045
f 2024 2025 2045
f 2045 2025 2046
f 2025 2026 2046
f 2046 2026 2047
f 2026 2027 2047
f 2047 2027 2048
f 2027 2028 2048
f 2048 2028 2049
f 2028 2029 2049
f 2049 2029 2050
f 2029 2030 2050
f 2050 2030 2051
f 2030 2031 2051
f 2051 2031 2052
f 2041 2021 2053
f 2021 2032 2053
f 2053 2032 2054
f 2032 2033 2054
f 2054 2033 2055
f 2033 2034 2055
f 2055 2034 2056
f 2034 2035 2056
f 2056 2035 2057
f 2035 2036 2057
f 2057 2036 2058
f 2036 2037 2058
f 2058 2037 2059
f 2037 2038 2059
f 2059 2038 2060
f 2038 2039 2060
f 2060 2039 2061
f 2039 2040 2061
f 2061 2040 2062
f 2063 1936 2041
f 2064 2042 2065
f 2042 2043 2065
f 2065 2043 2066
f 2043 2044 2066
f 2066 2044 2067
f 2044 2045 2067
f 2067 2045 2068
f 2045 2046 2068
f 2068 2046 2069
f 2046 2047 2069
f 2069 2047 2070
f 2047 2048 2070
f 2070 2048 2071
f 2048 2049 2071
f 2071 2049 2072
f 2049 2050 2072
f 2072 2050 2073
f 2050 2051 2073
f 2073 2051 2074
f 2051 2052 2074
f 2074 2052 2075
f 2063 2041 2076
f 2041 2053 2076
f 2076 2053 2077
f 2053 2054 2077
f 2077 2054 2078
f 2054 2055 2078
f 2078 2055 2079
f 2055 2056 2079
f 2079 2056 2080
f 2056 2057 2080
f 2080 2057 2081
f 2057 2058 2081
f 2081 2058 2082
f 2058 2059 2082
f 2082 2059 2083
f 2059 2060 2083
f 2083 2060 2084
f 2060 2061 2084
f 2084 2061 2085
f 2061 2062 2085
f 2085 2062 2086
f 2087 1936 2063
f 2088 2064 2089
f 2064 2065 2089
f 2089 2065 2090
f 2065 2066 2090
f 2090 2066 2091
f 2066 2067 2091
f 2091 2067 2092
f 2067 2068 2092
f 2092 2068 2093
f 2068 2069 2093
f 2093 2069 2094
f 2069 2070 2094
f 2094 2070 2095
f 2070 2071 2095
f 2095 2071 2096
f 2071 2072 2096
f 2096 2072 2097
f 2072 2073 2097
f 2097 2073 2098
f 2073 2074 2098
f 2098 2074 2099
f 2074 2075 2099
f 2099 2075 2100
f 2087 2063 2101
f 2063 2076 2101
f 2101 2076 2102
f 2076 2077 2102
f 2102 2077 2103
f 2077 2078 2103
f 2103 2078 2104
f 2078 2079 2104
f 2104 2079 2105
f 2079 2080 2105
f 2105 2080 2106
f 2080 2081 2106
f 2106 2081 2107
f 2081 2082 2107
f 2107 2082 2108
f 2082 2083 2108
f 2108 2083 2109
f 2083 2084 2109
f 2109 2084 2110
f 2084 2085 2110
f 2110 2085 2111
f 2085 2086 2111
f 2111 2086 2112
f 2113 1936 2087
f 2114 2088 2115
f 2088 2089 2115
f 2115 2089 2116
f 2089 2090 2116
f 2116 2090 2117
f 2090 2091 2117
f 2117 2091 2118
f 2091 2092 2118
f 2118 2092 2119
f 2092 2093 2119
f 2119 2093 2120
f 2093 2094 2120
f 2120 2094 2121
f 2094 2095 2121
f 2121 2095 2122
f 2095 2096 2122
f 2122 2096 2123
f 2096 2097 2123
f 2123 2097 2124
f 2097 2098 2124
f 2124 2098 2125
f 2098 2099 2125
f 2125 2099 2126
f 2099 2100 2126
f 2126 2100 2127
f 2113 2087 2128
f 2087 2101 2128
f 2128 2101 2129
f 2101 2102 2129
f 2129 2102 2130
f 2102 2103 2130
f 2130 2103 2131
f 2103 2104 2131
f 2131 2104 2132
f 2104 2105 2132
f 2132 2105 2133
f 2105 2106 2133
f 2133 2106 2134
f 2106 2107 2134
f 2134 2107 2135
f 2107 2108 2135
f 2135 2108 2136
f 2108 2109 2136
f 2136 2109 2137
f 2109 2110 2137
f 2137 2110 2138
f 2110 2111 2138
f 2138 2111 2139
f 2111 2112 2139
f 2139 2112 2140
f 2141 1936 2113
f 2142 2114 2143
f 2114 2115 2143
f 2143 2115 2144
f 2115 2116 2144
f 2144 2116 2145
f 2116 2117 2145
f 2145 2117 2146
f 2117 2118 2146
f 2146 2118 2147
f 2118 2119 2147
f 2147 2119 2148
f 2119 2120 2148
f 2148 2120 2149
f 2120 2121 2149
f 2149 2121 2150
f 2121 2122 2150
f 2150 2122 2151
f 2122 2123 2151
f 2151 2123 2152
f 2123 2124 2152
f 2152 2124 2153
f 2124 2125 2153
f 2153 2125 2154
f 2125 2126 2154
f 2154 2126 2155
f 2126 2127 2155
f 2155 2127 2156
f 2141 2113 2157
f 2113 2128 2157
f 2157 2128 2158
f 2128 2129 2158
f 2158 2129 2159
f 2129 2130 2159
f 2159 2130 2160
f 2130 2131 2160
f 2160 2131 2161
f 2131 2132 2161
f 2161 2132 2162
f 2132 2133 2162
f 2162 2133 2163
f 2133 2134 2163
f 2163 2134 2164
f 2134 2135 2164
f 2164 2135 2165
f 2135 2136 2165
f 2165 2136 2166
f 2136 2137 2166
f 2166 2137 2167
f 2137 2138 2167
f 2167 2138 2168
f 2138 2139 2168
f 2168 2139 2169
f 2139 2140 2169
f 2169 2140 2170
f 2171 1936 2141
f 2172 2142 2173
f 2142 2143 2173
f 2173 2143 2174
f 2143 2144 2174
f 2174 2144 2175
f 2144 2145 2175
f 2175 2145 2176
f 2145 2146 2176
f 2176 2146 2177
f 2146 2147 2177
f 2177 2147 2178
f 2147 2148 2178
f 2178 2148 2179
f 2148 2149 2179
f 2179 2149 2180
f 2149 2150 2180
f 2180 2150 2181
f 2150 2151 2181
f 2181 2151 2182
f 2151 2152 2182
f 2182 2152 2183
f 2152 2153 2183
f 2183 2153 2184
f 2153 2154 2184
f 2184 2154 2185
f 2154 2155 2185
f 2185 2155 2186
f 2155 2156 2186
f 2186 2156 2187
f 2171 2141 2188
f 2141 2157 2188
f 2188 2157 2189
f 2157 2158 2189
f 2189 2158 2190
f 2158 2159 2190
f 2190 2159 2191
f 2159 2160 2191
f 2191 2160 2192
f 2160 2161 2192
f 2192 2161 2193
f 2161 2162 2193
f 2193 2162 2194
f 2162 2163 2194
f 2194 2163 2195
f 2163 2164 2195
f 2195 2164 2196
f 2164 2165 2196
f 2196 2165 2197
f 2165 2166 2197
f 2197 2166 2198
f 2166 2167 2198
f 2198 2167 2199
f 2167 2168 2199
f 2199 2168 2200
f 2168 2169 2200
f 2200 2169 2201
f 2169 2170 2201
f 2201 2170 2202
f 2203 2172 2204
f 2172 2173 2204
f 2204 2173 2205
f 2173 2174 2205
f 2205 2174 2206
f 2174 2175 2206
f 2206 2175 2207
f 2175 2176 2207
f 2207 2176 2208
f 2176 2177 2208
f 2208 2177 2209
f 2177 2178 2209
f 2209 2178 2210
f 2178 2179 2210
f 2210 2179 2211
f 2179 2180 2211
f 2211 2180 2212
f 2180 2181 2212
f 2212 2181 2213
f 2181 2182 2213
f 2213 2182 2214
f 2182 2183 2214
f 2214 2183 2215
f 2183 2184 2215
f 2215 2184 2216
f 2184 2185 2216
f 2216 2185 2217
f 2185 2186 2217
f 2217 2186 2218
f 2186 2187 2218
f 2218 2187 2219
f 2220 2203 2221
f 2203 2204 2221
f 2221 2204 2222
f 2204 2205 2222
f 2222 2205 2223
f 2205 2206 2223
f 2223 2206 2224
f 2206 2207 2224
f 2224 2207 2225
f 2207 2208 2225
f 2225 2208 2226
f 2208 2209 2226
f 2226 2209 2227
f 2209 2210 2227
f 2227 2210 2228
f 2210 2211 2228
f 2228 2211 2229
f 2211 2212 2229
f 2229 2212 2230
f 2212 2213 2230
f 2230 2213 2231
f 2213 2214 2231
f 2231 2214 2232
f 2214 2215 2232
f 2232 2215 2233
f 2215 2216 2233
f 2233 2216 2234
f 2216 2217 2234
f 2234 2217 2235
f 2217 2218 2235
f 2235 2218 2236
f 2218 2219 2236
f 2236 2219 2237
f 1931 2220 1932
f 2220 2221 1932
f 1932 2221 2238
f 2221 2222 2238
f 2238 2222 2239
f 2222 2223 2239
f 2239 2223 2240
f 2223 2224 2240
f 2240 2224 2241
f 2224 2225 2241
f 2241 2225 2242
f 2225 2226 2242
f 2242 2226 2243
f 2226 2227 2243
f 2243 2227 2244
f 2227 2228 2244
f 2244 2228 2245
f 2228 2229 2245
f 2245 2229 2246
f 2229 2230 2246
f 2246 2230 2247
f 2230 2231 2247
f 2247 2231 2248
f 2231 2232 2248
f 2248 2232 2249
f 2232 2233 2249
f 2249 2233 2250
f 2233 2234 2250
f 2250 2234 2251
f 2234 2235 2251
f 2251 2235 2252
f 2235 2236 2252
f 2252 2236 2253
f 2236 2237 2253
f 2253 2237 2254
f 866 1932 867
f 1932 2238 867
f 867 2238 868
f 2238 2239 868
f 868 2239 869
f 2239 2240 869
f 869 2240 870
f 2240 2241 870
f 870 2241 871
f 2241 2242 871
f 871 2242 872
f 2242 2243 872
f 872 2243 873
f 2243 2244 873
f 873 2244 874
f 2244 2245 874
f 874 2245 875
f 2245 2246 875
f 875 2246 876
f 2246 2247 876
f 876 2247 877
f 2247 2248 877
f 877 2248 878
f 2248 2249 878
f 878 2249 879
f 2249 2250 879
f 879 2250 880
f 2250 2251 880
f 880 2251 881
f 2251 2252 881
f 881 2252 882
f 2252 2253 882
f 882 2253 883
f 2253 2254 883
f 883 2254 884
f 1944 1936 1938
f 1931 2202 2220
f 2202 2170 2220
f 2220 2170 2203
f 2170 2140 2203
f 2203 2140 2172
f 2140 2112 2172
f 2172 2112 2142
f 2112 2086 2142
f 2142 2086 2114
f 2086 2062 2114
f 2114 2062 2088
f 2062 2040 2088
f 2088 2040 2064
f 2040 2020 2064
f 2064 2020 2042
f 2020 2002 2042
f 2042 2002 2022
f 2002 1986 2022
f 2022 1986 2004
f 1986 1972 2004
f 2004 1972 1988
f 1972 1960 1988
f 1988 1960 1974
f 1960 1950 1974
f 1974 1950 1962
f 1950 1941 1962
f 1962 1941 1952
f 1941 1933 1952
f 1952 1933 1943
f 1933 1935 1943
f 1943 1935 1944
f 1935 1936 1944
f 2255 1209 1211
f 2255 1211 2256
f 1211 1213 2256
f 2256 1213 2257
f 1213 1215 2257
f 2257 1215 2258
f 1215 1217 2258
f 2258 1217 2259
f 1217 1219 2259
f 2259 1219 2260
f 1219 1221 2260
f 2260 1221 2261
f 1221 1223 2261
f 2261 1223 2262
f 1223 1225 2262
f 2262 1225 2263
f 1225 1227 2263
f 2263 1227 2264
f 1227 1229 2264
f 2264 1229 2265
f 1229 1231 2265
f 2265 1231 2266
f 1231 1233 2266
f 2266 1233 2267
f 1233 1235 2267
f 2267 1235 2268
f 1235 1237 2268
f 2268 1237 2269
f 1237 1239 2269
f 2269 1239 2270
f 1239 1241 2270
f 2270 1241 2271
f 1241 1243 2271
f 2271 1243 2272
f 1243 1245 2272
f 2272 1245 2273
f 1912 2274 2275
f 1912 2275 1913
f 2275 2276 1913
f 1913 2276 1914
f 2276 2277 1914
f 1914 2277 1915
f 2277 2278 1915
f 1915 2278 1916
f 2278 2279 1916
f 1916 2279 1917
f 2279 2280 1917
f 1917 2280 1918
f 2280 2281 1918
f 1918 2281 1919
f 2281 2282 1919
f 1919 2282 1920
f 2282 2283 1920
f 1920 2283 1921
f 2283 2284 1921
f 1921 2284 1922
f 2284 2285 1922
f 1922 2285 1923
f 2285 2286 1923
f 1923 2286 1924
f 2286 2287 1924
f 1924 2287 1925
f 2287 2288 1925
f 1925 2288 1926
f 2288 2289 1926
f 1926 2289 1927
f 2289 2290 1927
f 1927 2290 1928
f 2290 2291 1928
f 1928 2291 1929
f 2291 2292 1929
f 1929 2292 1930
f 2293 2294 2295
f 2294 2296 2295
f 2295 2296 2297
f 2296 2298 2297
f 2297 2298 2299
f 2298 2300 2299
f 2299 2300 2301
f 2300 2302 2301
f 2301 2302 2303
f 2302 2304 2303
f 2303 2304 2305
f 2304 2306 2305
f 2305 2306 2307
f 2306 2308 2307
f 2307 2308 2309
f 2308 2310 2309
f 2309 2310 2311
f 2310 2312 2311
f 2311 2312 2313
f 2312 2314 2313
f 2313 2314 2315
f 2314 2316 2315
f 2315 2316 2317
f 2316 2318 2317
f 2317 2318 2319
f 2318 2320 2319
f 2319 2320 2321
f 2320 2322 2321
f 2321 2322 2323
f 2322 2324 2323
f 2323 2324 2325
f 2324 2326 2325
f 2325 2326 2327
f 2326 2328 2327
f 2327 2328 2329
f 2328 2330 2329
f 2329 2330 2331
f 2330 2332 2331
f 2331 2332 2333
f 2332 2334 2333
f 2333 2334 2335
f 2334 2336 2335
f 2335 2336 2337
f 2336 2338 2337
f 2337 2338 2339
f 2338 2340 2339
f 2339 2340 2341
f 2340 2342 2341
f 2341 2342 2343
f 2342 2344 2343
f 2343 2344 2345
f 2344 2346 2345
f 2345 2346 2347
f 2346 2348 2347
f 2347 2348 2349
f 2348 2350 2349
f 2349 2350 2351
f 2350 2352 2351
f 2351 2352 2353
f 2352 2354 2353
f 2353 2354 2355
f 2354 2356 2355
f 2355 2356 2357
f 2356 2358 2357
f 2357 2358 2359
f 2358 2360 2359
f 2359 2360 2361
f 2360 2362 2361
f 2361 2362 2363
f 2362 2364 2363
f 2363 2364 2365
f 2364 2366 2365
f 2365 2366 2367
f 2366 2368 2367
f 2367 2368 2369
f 2368 2370 2369
f 2369 2370 2371
f 2370 2372 2371
f 2371 2372 2373
f 2372 2374 2373
f 2373 2374 2375
f 2374 2376 2375
f 2375 2376 2377
f 2376 2378 2377
f 2377 2378 2379
f 2378 2380 2379
f 2379 2380 2381
f 2380 2382 2381
f 2381 2382 2383
f 2382 2384 2383
f 2383 2384 2385
f 2384 2386 2385
f 2385 2386 2387
f 2386 2388 2387
f 2387 2388 2389
f 2388 2390 2389
f 2389 2390 2391
f 2390 2392 2391
f 2391 2392 2393
f 2392 2394 2393
f 2393 2394 2395
f 2394 2396 2395
f 2395 2396 2397
f 2396 2398 2397
f 2397 2398 2399
f 2398 2400 2399
f 2399 2400 2401
f 2400 2402 2401
f 2401 2402 2403
f 2402 2404 2403
f 2403 2404 2405
f 2404 2406 2405
f 2405 2406 2407
f 2406 2408 2407
f 2407 2408 2409
f 2408 2410 2409
f 2409 2410 2411
f 2410 2412 2411
f 2411 2412 2413
f 2412 2414 2413
f 2413 2414 2415
f 2414 2416 2415
f 2415 2416 2417
f 2416 2418 2417
f 2417 2418 2419
f 2418 2420 2419
f 2419 2420 2421
f 2420 2422 2421
f 2421 2422 2423
f 2422 2424 2423
f 2423 2424 2425
f 2424 2426 2425
f 2425 2426 2427
f 2426 2428 2427
f 2427 2428 2429
f 2428 2430 2429
f 2429 2430 2431
f 2430 2432 2431
f 2431 2432 2433
f 2432 2434 2433
f 2433 2434 2435
f 2434 2436 2435
f 2435 2436 2293
f 2436 2294 2293
f 2437 1606 2438
f 1606 1607 2438
f 2438 1607 2439
f 1607 1626 2439
f 2439 1626 2440
f 1626 1645 2440
f 2440 1645 2441
f 1645 1664 2441
f 2441 1664 2442
f 1664 1683 2442
f 2442 1683 2443
f 1683 1702 2443
f 2443 1702 2444
f 1702 1721 2444
f 2444 1721 2445
f 1721 1740 2445
f 2445 1740 2446
f 1740 1759 2446
f 2446 1759 2447
f 1759 1778 2447
f 2447 1778 2448
f 1778 1797 2448
f 2448 1797 2449
f 1797 1816 2449
f 2449 1816 2450
f 1816 1835 2450
f 2450 1835 2451
f 1835 1854 2451
f 2451 1854 2452
f 1854 1873 2452
f 2452 1873 2453
f 1873 1892 2453
f 2453 1892 2454
f 1892 1911 2454
f 2454 1911 2455
f 1911 1930 2455
f 2456 2457 2458
f 2457 2459 2458
f 2458 2459 2460
f 2459 2461 2460
f 2460 2461 2462
f 2461 2463 2462
f 2462 2463 2464
f 2463 2465 2464
f 2464 2465 2466
f 2465 2467 2466
f 2466 2467 2468
f 2467 2469 2468
f 2468 2469 2470
f 2469 2471 2470
f 2470 2471 2472
f 2471 2473 2472
f 2472 2473 2474
f 2473 2475 2474
f 2474 2475 2476
f 2475 2477 2476
f 2476 2477 2478
f 2477 2479 2478
f 2478 2479 2480
f 2479 2481 2480
f 2480 2481 2482
f 2481 2483 2482
f 2482 2483 2484
f 2483 2485 2484
f 2484 2485 2486
f 2485 2487 2486
f 2486 2487 2488
f 2487 2489 2488
f 2488 2489 2490
f 2489 2491 2490
f 2490 2491 2492
f 2491 2493 2492
f 2492 2493 2494
f 2493 2495 2494
f 2494 2495 2496
f 2495 2497 2496
f 2496 2497 2498
f 2497 2499 2498
f 2498 2499 2500
f 2499 2501 2500
f 2500 2501 2502
f 2501 2503 2502
f 2502 2503 2504
f 2503 2505 2504
f 2504 2505 2506
f 2505 2507 2506
f 2506 2507 2508
f 2507 2509 2508
f 2508 2509 2510
f 2509 2511 2510
f 2510 2511 2512
f 2511 2513 2512
f 2512 2513 2514
f 2513 2515 2514
f 2514 2515 2516
f 2515 2517 2516
f 2516 2517 2518
f 2517 2519 2518
f 2518 2519 2520
f 2519 2521 2520
f 2520 2521 2522
f 2521 2523 2522
f 2522 2523 2524
f 2523 2525 2524
f 2524 2525 2526
f 2525 2527 2526
f 2526 2527 2528
f 2527 2529 2528
f 2528 2529 2530
f 2529 2531 2530
f 2530 2531 2532
f 2531 2533 2532
f 2532 2533 2534
f 2533 2535 2534
f 2534 2535 2536
f 2535 2537 2536
f 2536 2537 2538
f 2537 2539 2538
f 2538 2539 2540
f 2539 2541 2540
f 2540 2541 2542
f 2541 2543 2542
f 2542 2543 2544
f 2543 2545 2544
f 2544 2545 2546
f 2545 2547 2546
f 2546 2547 2548
f 2547 2549 2548
f 2548 2549 2550
f 2549 2551 2550
f 2550 2551 2552
f 2551 2553 2552
f 2552 2553 2554
f 2553 2555 2554
f 2554 2555 2556
f 2555 2557 2556
f 2556 2557 2558
f 2557 2559 2558
f 2558 2559 2560
f 2559 2561 2560
f 2560 2561 2562
f 2561 2563 2562
f 2562 2563 2564
f 2563 2565 2564
f 2564 2565 2566
f 2565 2567 2566
f 2566 2567 2568
f 2567 2569 2568
f 2568 2569 2570
f 2569 2571 2570
f 2570 2571 2572
f 2571 2573 2572
f 2572 2573 2574
f 2573 2575 2574
f 2574 2575 2576
f 2575 2577 2576
f 2576 2577 2578
f 2577 2579 2578
f 2578 2579 2580
f 2579 2581 2580
f 2580 2581 2582
f 2581 2583 2582
f 2582 2583 2584
f 2583 2585 2584
f 2584 2585 2586
f 2585 2587 2586
f 2586 2587 2588
f 2587 2589 2588
f 2588 2589 2590
f 2589 2591 2590
f 2590 2591 2592
f 2591 2593 2592
f 2592 2593 2594
f 2593 2595 2594
f 2594 2595 2596
f 2595 2597 2596
f 2596 2597 2598
f 2597 2599 2598
f 2598 2599 2456
f 2599 2457 2456
f 2457 2600 2459
f 2600 2601 2459
f 2459 2601 2461
f 2601 2602 2461
f 2461 2602 2463
f 2602 2603 2463
f 2463 2603 2465
f 2603 2604 2465
f 2465 2604 2467
f 2604 2605 2467
f 2467 2605 2469
f 2605 2606 2469
f 2469 2606 2471
f 2606 2607 2471
f 2471 2607 2473
f 2607 2608 2473
f 2473 2608 2475
f 2608 2609 2475
f 2475 2609 2477
f 2609 2610 2477
f 2477 2610 2479
f 2610 2611 2479
f 2479 2611 2481
f 2611 2612 2481
f 2481 2612 2483
f 2612 2613 2483
f 2483 2613 2485
f 2613 2614 2485
f 2485 2614 2487
f 2614 2615 2487
f 2487 2615 2489
f 2615 2616 2489
f 2489 2616 2491
f 2616 2617 2491
f 2491 2617 2493
f 2617 2618 2493
f 2493 2618 2495
f 2618 2619 2495
f 2495 2619 2497
f 2619 2620 2497
f 2497 2620 2499
f 2620 2621 2499
f 2499 2621 2501
f 2621 2622 2501
f 2501 2622 2503
f 2622 2623 2503
f 2503 2623 2505
f 2623 2624 2505
f 2505 2624 2507
f 2624 2625 2507
f 2507 2625 2509
f 2625 2626 2509
f 2509 2626 2511
f 2626 2627 2511
f 2511 2627 2513
f 2627 2628 2513
f 2513 2628 2515
f 2628 2629 2515
f 2515 2629 2517
f 2629 2630 2517
f 2517 2630 2519
f 2630 2631 2519
f 2519 2631 2521
f 2631 2632 2521
f 2521 2632 2523
f 2632 2633 2523
f 2523 2633 2525
f 2633 2634 2525
f 2525 2634 2527
f 2634 2635 2527
f 2527 2635 2529
f 2635 2636 2529
f 2529 2636 2531
f 2636 2637 2531
f 2531 2637 2533
f 2637 2638 2533
f 2533 2638 2535
f 2638 2639 2535
f 2535 2639 2537
f 2639 2640 2537
f 2537 2640 2539
f 2640 2641 2539
f 2539 2641 2541
f 2641 2642 2541
f 2541 2642 2543
f 2642 2643 2543
f 2543 2643 2545
f 2643 2644 2545
f 2545 2644 2547
f 2644 2645 2547
f 2547 2645 2549
f 2645 2646 2549
f 2549 2646 2551
f 2646 2647 2551
f 2551 2647 2553
f 2647 2648 2553
f 2553 2648 2555
f 2648 2649 2555
f 2555 2649 2557
f 2649 2650 2557
f 2557 2650 2559
f 2650 2651 2559
f 2559 2651 2561
f 2651 2652 2561
f 2561 2652 2563
f 2652 2653 2563
f 2563 2653 2565
f 2653 2654 2565
f 2565 2654 2567
f 2654 2655 2567
f 2567 2655 2569
f 2655 2656 2569
f 2569 2656 2571
f 2656 2657 2571
f 2571 2657 2573
f 2657 2658 2573
f 2573 2658 2575
f 2658 2659 2575
f 2575 2659 2577
f 2659 2660 2577
f 2577 2660 2579
f 2660 2661 2579
f 2579 2661 2581
f 2661 2662 2581
f 2581 2662 2583
f 2662 2663 2583
f 2583 2663 2585
f 2663 2664 2585
f 2585 2664 2587
f 2664 2665 2587
f 2587 2665 2589
f 2665 2666 2589
f 2589 2666 2591
f 2666 2667 2591
f 2591 2667 2593
f 2667 2668 2593
f 2593 2668 2595
f 2668 2669 2595
f 2595 2669 2597
f 2669 2670 2597
f 2597 2670 2599
f 2670 2671 2599
f 2599 2671 2457
f 2671 2600 2457
f 2600 2672 2601
f 2672 2673 2601
f 2601 2673 2602
f 2673 2674 2602
f 2602 2674 2603
f 2674 2675 2603
f 2603 2675 2604
f 2675 2676 2604
f 2604 2676 2605
f 2676 2677 2605
f 2605 2677 2606
f 2677 2678 2606
f 2606 2678 2607
f 2678 2679 2607
f 2607 2679 2608
f 2679 2680 2608
f 2608 2680 2609
f 2680 2681 2609
f 2609 2681 2610
f 2681 2682 2610
f 2610 2682 2611
f 2682 2683 2611
f 2611 2683 2612
f 2683 2684 2612
f 2612 2684 2613
f 2684 2685 2613
f 2613 2685 2614
f 2685 2686 2614
f 2614 2686 2615
f 2686 2687 2615
f 2615 2687 2616
f 2687 2688 2616
f 2616 2688 2617
f 2688 2689 2617
f 2617 2689 2618
f 2689 2690 2618
f 2618 2690 2619
f 2690 2691 2619
f 2619 2691 2620
f 2691 2692 2620
f 2620 2692 2621
f 2692 2693 2621
f 2621 2693 2622
f 2693 2694 2622
f 2622 2694 2623
f 2694 2695 2623
f 2623 2695 2624
f 2695 2696 2624
f 2624 2696 2625
f 2696 2697 2625
f 2625 2697 2626
f 2697 2698 2626
f 2626 2698 2627
f 2698 2699 2627
f 2627 2699 2628
f 2699 2700 2628
f 2628 2700 2629
f 2700 2701 2629
f 2629 2701 2630
f 2701 2702 2630
f 2630 2702 2631
f 2702 2703 2631
f 2631 2703 2632
f 2703 2704 2632
f 2632 2704 2633
f 2704 2705 2633
f 2633 2705 2634
f 2705 2706 2634
f 2634 2706 2635
f 2706 2707 2635
f 2635 2707 2636
f 2707 2708 2636
f 2636 2708 2637
f 2708 2709 2637
f 2637 2709 2638
f 2709 2710 2638
f 2638 2710 2639
f 2710 2711 2639
f 2639 2711 2640
f 2711 2712 2640
f 2640 2712 2641
f 2712 2713 2641
f 2641 2713 2642
f 2713 2714 2642
f 2642 2714 2643
f 2714 2715 2643
f 2643 2715 2644
f 2715 2716 2644
f 2644 2716 2645
f 2716 2717 2645
f 2645 2717 2646
f 2717 2718 2646
f 2646 2718 2647
f 2718 2719 2647
f 2647 2719 2648
f 2719 2720 2648
f 2648 2720 2649
f 2720 2721 2649
f 2649 2721 2650
f 2721 2722 2650
f 2650 2722 2651
f 2722 2723 2651
f 2651 2723 2652
f 2723 2724 2652
f 2652 2724 2653
f 2724 2725 2653
f 2653 2725 2654
f 2725 2726 2654
f 2654 2726 2655
f 2726 2727 2655
f 2655 2727 2656
f 2727 2728 2656
f 2656 2728 2657
f 2728 2729 2657
f 2657 2729 2658
f 2729 2730 2658
f 2658 2730 2659
f 2730 2731 2659
f 2659 2731 2660
f 2731 2732 2660
f 2660 2732 2661
f 2732 2733 2661
f 2661 2733 2662
f 2733 2734 2662
f 2662 2734 2663
f 2734 2735 2663
f 2663 2735 2664
f 2735 2736 2664
f 2664 2736 2665
f 2736 2737 2665
f 2665 2737 2666
f 2737 2738 2666
f 2666 2738 2667
f 2738 2739 2667
f 2667 2739 2668
f 2739 2740 2668
f 2668 2740 2669
f 2740 2741 2669
f 2669 2741 2670
f 2741 2742 2670
f 2670 2742 2671
f 2742 2743 2671
f 2671 2743 2600
f 2743 2672 2600
f 2672 2744 2673
f 2744 2745 2673
f 2673 2745 2674
f 2745 2746 2674
f 2674 2746 2675
f 2746 2747 2675
f 2675 2747 2676
f 2747 2748 2676
f 2676 2748 2677
f 2748 2749 2677
f 2677 2749 2678
f 2749 2750 2678
f 2678 2750 2679
f 2750 2751 2679
f 2679 2751 2680
f 2751 2752 2680
f 2680 2752 2681
f 2752 2753 2681
f 2681 2753 2682
f 2753 2754 2682
f 2682 2754 2683
f 2754 2755 2683
f 2683 2755 2684
f 2755 2756 2684
f 2684 2756 2685
f 2756 2757 2685
f 2685 2757 2686
f 2757 2758 2686
f 2686 2758 2687
f 2758 2759 2687
f 2687 2759 2688
f 2759 2760 2688
f 2688 2760 2689
f 2760 2761 2689
f 2689 2761 2690
f 2761 2762 2690
f 2690 2762 2691
f 2762 2763 2691
f 2691 2763 2692
f 2763 2764 2692
f 2692 2764 2693
f 2764 2765 2693
f 2693 2765 2694
f 2765 2766 2694
f 2694 2766 2695
f 2766 2767 2695
f 2695 2767 2696
f 2767 2768 2696
f 2696 2768 2697
f 2768 2769 2697
f 2697 2769 2698
f 2769 2770 2698
f 2698 2770 2699
f 2770 2771 2699
f 2699 2771 2700
f 2771 2772 2700
f 2700 2772 2701
f 2772 2773 2701
f 2701 2773 2702
f 2773 2774 2702
f 2702 2774 2703
f 2774 2775 2703
f 2703 2775 2704
f 2775 2776 2704
f 2704 2776 2705
f 2776 2777 2705
f 2705 2777 2706
f 2777 2778 2706
f 2706 2778 2707
f 2778 2779 2707
f 2707 2779 2708
f 2779 2780 2708
f 2708 2780 2709
f 2780 2781 2709
f 2709 2781 2710
f 2781 2782 2710
f 2710 2782 2711
f 2782 2783 2711
f 2711 2783 2712
f 2783 2784 2712
f 2712 2784 2713
f 2784 2785 2713
f 2713 2785 2714
f 2785 2786 2714
f 2714 2786 2715
f 2786 2787 2715
f 2715 2787 2716
f 2787 2788 2716
f 2716 2788 2717
f 2788 2789 2717
f 2717 2789 2718
f 2789 2790 2718
f 2718 2790 2719
f 2790 2791 2719
f 2719 2791 2720
f 2791 2792 2720
f 2720 2792 2721
f 2792 2793 2721
f 2721 2793 2722
f 2793 2794 2722
f 2722 2794 2723
f 2794 2795 2723
f 2723 2795 2724
f 2795 2796 2724
f 2724 2796 2725
f 2796 2797 2725
f 2725 2797 2726
f 2797 2798 2726
f 2726 2798 2727
f 2798 2799 2727
f 2727 2799 2728
f 2799 2800 2728
f 2728 2800 2729
f 2800 2801 2729
f 2729 2801 2730
f 2801 2802 2730
f 2730 2802 2731
f 2802 2803 2731
f 2731 2803 2732
f 2803 2804 2732
f 2732 2804 2733
f 2804 2805 2733
f 2733 2805 2734
f 2805 2806 2734
f 2734 2806 2735
f 2806 2807 2735
f 2735 2807 2736
f 2807 2808 2736
f 2736 2808 2737
f 2808 2809 2737
f 2737 2809 2738
f 2809 2810 2738
f 2738 2810 2739
f 2810 2811 2739
f 2739 2811 2740
f 2811 2812 2740
f 2740 2812 2741
f 2812 2813 2741
f 2741 2813 2742
f 2813 2814 2742
f 2742 2814 2743
f 2814 2815 2743
f 2743 2815 2672
f 2815 2744 2672
f 2744 2816 2745
f 2816 2817 2745
f 2745 2817 2746
f 2817 2818 2746
f 2746 2818 2747
f 2818 2819 2747
f 2747 2819 2748
f 2819 2820 2748
f 2748 2820 2749
f 2820 2821 2749
f 2749 2821 2750
f 2821 2822 2750
f 2750 2822 2751
f 2822 2823 2751
f 2751 2823 2752
f 2823 2824 2752
f 2752 2824 2753
f 2824 2825 2753
f 2753 2825 2754
f 2825 2826 2754
f 2754 2826 2755
f 2826 2827 2755
f 2755 2827 2756
f 2827 2828 2756
f 2756 2828 2757
f 2828 2829 2757
f 2757 2829 2758
f 2829 2830 2758
f 2758 2830 2759
f 2830 2831 2759
f 2759 2831 2760
f 2831 2832 2760
f 2760 2832 2761
f 2832 2833 2761
f 2761 2833 2762
f 2833 2834 2762
f 2762 2834 2763
f 2834 2835 2763
f 2763 2835 2764
f 2835 2836 2764
f 2764 2836 2765
f 2836 2837 2765
f 2765 2837 2766
f 2837 2838 2766
f 2766 2838 2767
f 2838 2839 2767
f 2767 2839 2768
f 2839 2840 2768
f 2768 2840 2769
f 2840 2841 2769
f 2769 2841 2770
f 2841 2842 2770
f 2770 2842 2771
f 2842 2843 2771
f 2771 2843 2772
f 2843 2844 2772
f 2772 2844 2773
f 2844 2845 2773
f 2773 2845 2774
f 2845 2846 2774
f 2774 2846 2775
f 2846 2847 2775
f 2775 2847 2776
f 2847 2848 2776
f 2776 2848 2777
f 2848 2849 2777
f 2777 2849 2778
f 2849 2850 2778
f 2778 2850 2779
f 2850 2851 2779
f 2779 2851 2780
f 2851 2852 2780
f 2780 2852 2781
f 2852 2853 2781
f 2781 2853 2782
f 2853 2854 2782
f 2782 2854 2783
f 2854 2855 2783
f 2783 2855 2784
f 2855 2856 2784
f 2784 2856 2785
f 2856 2857 2785
f 2785 2857 2786
f 2857 2858 2786
f 2786 2858 2787
f 2858 2859 2787
f 2787 2859 2788
f 2859 2860 2788
f 2788 2860 2789
f 2860 2861 2789
f 2789 2861 2790
f 2861 2862 2790
f 2790 2862 2791
f 2862 2863 2791
f 2791 2863 2792
f 2863 2864 2792
f 2792 2864 2793
f 2864 2865 2793
f 2793 2865 2794
f 2865 2866 2794
f 2794 2866 2795
f 2866 2867 2795
f 2795 2867 2796
f 2867 2868 2796
f 2796 2868 2797
f 2868 2869 2797
f 2797 2869 2798
f 2869 2870 2798
f 2798 2870 2799
f 2870 2871 2799
f 2799 2871 2800
f 2871 2872 2800
f 2800 2872 2801
f 2872 2873 2801
f 2801 2873 2802
f 2873 2874 2802
f 2802 2874 2803
f 2874 2875 2803
f 2803 2875 2804
f 2875 2876 2804
f 2804 2876 2805
f 2876 2877 2805
f 2805 2877 2806
f 2877 2878 2806
f 2806 2878 2807
f 2878 2879 2807
f 2807 2879 2808
f 2879 2880 2808
f 2808 2880 2809
f 2880 2881 2809
f 2809 2881 2810
f 2881 2882 2810
f 2810 2882 2811
f 2882 2883 2811
f 2811 2883 2812
f 2883 2884 2812
f 2812 2884 2813
f 2884 2885 2813
f 2813 2885 2814
f 2885 2886 2814
f 2814 2886 2815
f 2886 2887 2815
f 2815 2887 2744
f 2887 2816 2744
f 2816 2888 2817
f 2888 2889 2817
f 2817 2889 2818
f 2889 2890 2818
f 2818 2890 2819
f 2890 2891 2819
f 2819 2891 2820
f 2891 2892 2820
f 2820 2892 2821
f 2892 2893 2821
f 2821 2893 2822
f 2893 2894 2822
f 2822 2894 2823
f 2894 2895 2823
f 2823 2895 2824
f 2895 2896 2824
f 2824 2896 2825
f 2896 2897 2825
f 2825 2897 2826
f 2897 2898 2826
f 2826 2898 2827
f 2898 2899 2827
f 2827 2899 2828
f 2899 2900 2828
f 2828 2900 2829
f 2900 2901 2829
f 2829 2901 2830
f 2901 2902 2830
f 2830 2902 2831
f 2902 2903 2831
f 2831 2903 2832
f 2903 2904 2832
f 2832 2904 2833
f 2904 2905 2833
f 2833 2905 2834
f 2905 2906 2834
f 2834 2906 2835
f 2906 2907 2835
f 2835 2907 2836
f 2907 2908 2836
f 2836 2908 2837
f 2908 2909 2837
f 2837 2909 2838
f 2909 2910 2838
f 2838 2910 2839
f 2910 2911 2839
f 2839 2911 2840
f 2911 2912 2840
f 2840 2912 2841
f 2912 2913 2841
f 2841 2913 2842
f 2913 2914 2842
f 2842 2914 2843
f 2914 2915 2843
f 2843 2915 2844
f 2915 2916 2844
f 2844 2916 2845
f 2916 2917 2845
f 2845 2917 2846
f 2917 2918 2846
f 2846 2918 2847
f 2918 2919 2847
f 2847 2919 2848
f 2919 2920 2848
f 2848 2920 2849
f 2920 2921 2849
f 2849 2921 2850
f 2921 2922 2850
f 2850 2922 2851
f 2922 2923 2851
f 2851 2923 2852
f 2923 2924 2852
f 2852 2924 2853
f 2924 2925 2853
f 2853 2925 2854
f 2925 2926 2854
f 2854 2926 2855
f 2926 2927 2855
f 2855 2927 2856
f 2927 2928 2856
f 2856 2928 2857
f 2928 2929 2857
f 2857 2929 2858
f 2929 2930 2858
f 2858 2930 2859
f 2930 2931 2859
f 2859 2931 2860
f 2931 2932 2860
f 2860 2932 2861
f 2932 2933 2861
f 2861 2933 2862
f 2933 2934 2862
f 2862 2934 2863
f 2934 2935 2863
f 2863 2935 2864
f 2935 2936 2864
f 2864 2936 2865
f 2936 2937 2865
f 2865 2937 2866
f 2937 2938 2866
f 2866 2938 2867
f 2938 2939 2867
f 2867 2939 2868
f 2939 2940 2868
f 2868 2940 2869
f 2940 2941 2869
f 2869 2941 2870
f 2941 2942 2870
f 2870 2942 2871
f 2942 2943 2871
f 2871 2943 2872
f 2943 2944 2872
f 2872 2944 2873
f 2944 2945 2873
f 2873 2945 2874
f 2945 2946 2874
f 2874 2946 2875
f 2946 2947 2875
f 2875 2947 2876
f 2947 2948 2876
f 2876 2948 2877
f 2948 2949 2877
f 2877 2949 2878
f 2949 2950 2878
f 2878 2950 2879
f 2950 2951 2879
f 2879 2951 2880
f 2951 2952 2880
f 2880 2952 2881
f 2952 2953 2881
f 2881 2953 2882
f 2953 2954 2882
f 2882 2954 2883
f 2954 2955 2883
f 2883 2955 2884
f 2955 2956 2884
f 2884 2956 2885
f 2956 2957 2885
f 2885 2957 2886
f 2957 2958 2886
f 2886 2958 2887
f 2958 2959 2887
f 2887 2959 2816
f 2959 2888 2816
f 2888 2960 2889
f 2960 2961 2889
f 2889 2961 2890
f 2961 2962 2890
f 2890 2962 2891
f 2962 2963 2891
f 2891 2963 2892
f 2963 2964 2892
f 2892 2964 2893
f 2964 2965 2893
f 2893 2965 2894
f 2965 2966 2894
f 2894 2966 2895
f 2966 2967 2895
f 2895 2967 2896
f 2967 2968 2896
f 2896 2968 2897
f 2968 2969 2897
f 2897 2969 2898
f 2969 2970 2898
f 2898 2970 2899
f 2970 2971 2899
f 2899 2971 2900
f 2971 2972 2900
f 2900 2972 2901
f 2972 2973 2901
f 2901 2973 2902
f 2973 2974 2902
f 2902 2974 2903
f 2974 2975 2903
f 2903 2975 2904
f 2975 2976 2904
f 2904 2976 2905
f 2976 2977 2905
f 2905 2977 2906
f 2977 2978 2906
f 2906 2978 2907
f 2978 2979 2907
f 2907 2979 2908
f 2979 2980 2908
f 2908 2980 2909
f 2980 2981 2909
f 2909 2981 2910
f 2981 2982 2910
f 2910 2982 2911
f 2982 2983 2911
f 2911 2983 2912
f 2983 2984 2912
f 2912 2984 2913
f 2984 2985 2913
f 2913 2985 2914
f 2985 2986 2914
f 2914 2986 2915
f 2986 2987 2915
f 2915 2987 2916
f 2987 2988 2916
f 2916 2988 2917
f 2988 2989 2917
f 2917 2989 2918
f 2989 2990 2918
f 2918 2990 2919
f 2990 2991 2919
f 2919 2991 2920
f 2991 2992 2920
f 2920 2992 2921
f 2992 2993 2921
f 2921 2993 2922
f 2993 2994 2922
f 2922 2994 2923
f 2994 2995 2923
f 2923 2995 2924
f 2995 2996 2924
f 2924 2996 2925
f 2996 2997 2925
f 2925 2997 2926
f 2997 2998 2926
f 2926 2998 2927
f 2998 2999 2927
f 2927 2999 2928
f 2999 3000 2928
f 2928 3000 2929
f 3000 3001 2929
f 2929 3001 2930
f 3001 3002 2930
f 2930 3002 2931
f 3002 3003 2931
f 2931 3003 2932
f 3003 3004 2932
f 2932 3004 2933
f 3004 3005 2933
f 2933 3005 2934
f 3005 3006 2934
f 2934 3006 2935
f 3006 3007 2935
f 2935 3007 2936
f 3007 3008 2936
f 2936 3008 2937
f 3008 3009 2937
f 2937 3009 2938
f 3009 3010 2938
f 2938 3010 2939
f 3010 3011 2939
f 2939 3011 2940
f 3011 3012 2940
f 2940 3012 2941
f 3012 3013 2941
f 2941 3013 2942
f 3013 3014 2942
f 2942 3014 2943
f 3014 3015 2943
f 2943 3015 2944
f 3015 3016 2944
f 2944 3016 2945
f 3016 3017 2945
f 2945 3017 2946
f 3017 3018 2946
f 2946 3018 2947
f 3018 3019 2947
f 2947 3019 2948
f 3019 3020 2948
f 2948 3020 2949
f 3020 3021 2949
f 2949 3021 2950
f 3021 3022 2950
f 2950 3022 2951
f 3022 3023 2951
f 2951 3023 2952
f 3023 3024 2952
f 2952 3024 2953
f 3024 3025 2953
f 2953 3025 2954
f 3025 3026 2954
f 2954 3026 2955
f 3026 3027 2955
f 2955 3027 2956
f 3027 3028 2956
f 2956 3028 2957
f 3028 3029 2957
f 2957 3029 2958
f 3029 3030 2958
f 2958 3030 2959
f 3030 3031 2959
f 2959 3031 2888
f 3031 2960 2888
f 2960 3032 2961
f 3032 3033 2961
f 2961 3033 2962
f 3033 3034 2962
f 2962 3034 2963
f 3034 3035 2963
f 2963 3035 2964
f 3035 3036 2964
f 2964 3036 2965
f 3036 3037 2965
f 2965 3037 2966
f 3037 3038 2966
f 2966 3038 2967
f 3038 3039 2967
f 2967 3039 2968
f 3039 3040 2968
f 2968 3040 2969
f 3040 3041 2969
f 2969 3041 2970
f 3041 3042 2970
f 2970 3042 2971
f 3042 3043 2971
f 2971 3043 2972
f 3043 3044 2972
f 2972 3044 2973
f 3044 3045 2973
f 2973 3045 2974
f 3045 3046 2974
f 2974 3046 2975
f 3046 3047 2975
f 2975 3047 2976
f 3047 3048 2976
f 2976 3048 2977
f 3048 3049 2977
f 2977 3049 2978
f 3049 3050 2978
f 2978 3050 2979
f 3050 3051 2979
f 2979 3051 2980
f 3051 3052 2980
f 2980 3052 2981
f 3052 3053 2981
f 2981 3053 2982
f 3053 3054 2982
f 2982 3054 2983
f 3054 3055 2983
f 2983 3055 2984
f 3055 3056 2984
f 2984 3056 2985
f 3056 3057 2985
f 2985 3057 2986
f 3057 3058 2986
f 2986 3058 2987
f 3058 3059 2987
f 2987 3059 2988
f 3059 3060 2988
f 2988 3060 2989
f 3060 3061 2989
f 2989 3061 2990
f 3061 3062 2990
f 2990 3062 2991
f 3062 3063 2991
f 2991 3063 2992
f 3063 3064 2992
f 2992 3064 2993
f 3064 3065 2993
f 2993 3065 2994
f 3065 3066 2994
f 2994 3066 2995
f 3066 3067 2995
f 2995 3067 2996
f 3067 3068 2996
f 2996 3068 2997
f 3068 3069 2997
f 2997 3069 2998
f 3069 3070 2998
f 2998 3070 2999
f 3070 3071 2999
f 2999 3071 3000
f 3071 3072 3000
f 3000 3072 3001
f 3072 3073 3001
f 3001 3073 3002
f 3073 3074 3002
f 3002 3074 3003
f 3074 3075 3003
f 3003 3075 3004
f 3075 3076 3004
f 3004 3076 3005
f 3076 3077 3005
f 3005 3077 3006
f 3077 3078 3006
f 3006 3078 3007
f 3078 3079 3007
f 3007 3079 3008
f 3079 3080 3008
f 3008 3080 3009
f 3080 3081 3009
f 3009 3081 3010
f 3081 3082 3010
f 3010 3082 3011
f 3082 3083 3011
f 3011 3083 3012
f 3083 3084 3012
f 3012 3084 3013
f 3084 3085 3013
f 3013 3085 3014
f 3085 3086 3014
f 3014 3086 3015
f 3086 3087 3015
f 3015 3087 3016
f 3087 3088 3016
f 3016 3088 3017
f 3088 3089 3017
f 3017 3089 3018
f 3089 3090 3018
f 3018 3090 3019
f 3090 3091 3019
f 3019 3091 3020
f 3091 3092 3020
f 3020 3092 3021
f 3092 3093 3021
f 3021 3093 3022
f 3093 3094 3022
f 3022 3094 3023
f 3094 3095 3023
f 3023 3095 3024
f 3095 3096 3024
f 3024 3096 3025
f 3096 3097 3025
f 3025 3097 3026
f 3097 3098 3026
f 3026 3098 3027
f 3098 3099 3027
f 3027 3099 3028
f 3099 3100 3028
f 3028 3100 3029
f 3100 3101 3029
f 3029 3101 3030
f 3101 3102 3030
f 3030 3102 3031
f 3102 3103 3031
f 3031 3103 2960
f 3103 3032 2960
f 3032 3104 3033
f 3104 3105 3033
f 3033 3105 3034
f 3105 3106 3034
f 3034 3106 3035
f 3106 3107 3035
f 3035 3107 3036
f 3107 3108 3036
f 3036 3108 3037
f 3108 3109 3037
f 3037 3109 3038
f 3109 3110 3038
f 3038 3110 3039
f 3110 3111 3039
f 3039 3111 3040
f 3111 3112 3040
f 3040 3112 3041
f 3112 3113 3041
f 3041 3113 3042
f 3113 3114 3042
f 3042 3114 3043
f 3114 3115 3043
f 3043 3115 3044
f 3115 3116 3044
f 3044 3116 3045
f 3116 3117 3045
f 3045 3117 3046
f 3117 3118 3046
f 3046 3118 3047
f 3118 3119 3047
f 3047 3119 3048
f 3119 3120 3048
f 3048 3120 3049
f 3120 3121 3049
f 3049 3121 3050
f 3121 3122 3050
f 3050 3122 3051
f 3122 3123 3051
f 3051 3123 3052
f 3123 3124 3052
f 3052 3124 3053
f 3124 3125 3053
f 3053 3125 3054
f 3125 3126 3054
f 3054 3126 3055
f 3126 3127 3055
f 3055 3127 3056
f 3127 3128 3056
f 3056 3128 3057
f 3128 3129 3057
f 3057 3129 3058
f 3129 3130 3058
f 3058 3130 3059
f 3130 3131 3059
f 3059 3131 3060
f 3131 3132 3060
f 3060 3132 3061
f 3132 3133 3061
f 3061 3133 3062
f 3133 3134 3062
f 3062 3134 3063
f 3134 3135 3063
f 3063 3135 3064
f 3135 3136 3064
f 3064 3136 3065
f 3136 3137 3065
f 3065 3137 3066
f 3137 3138 3066
f 3066 3138 3067
f 3138 3139 3067
f 3067 3139 3068
f 3139 3140 3068
f 3068 3140 3069
f 3140 3141 3069
f 3069 3141 3070
f 3141 3142 3070
f 3070 3142 3071
f 3142 3143 3071
f 3071 3143 3072
f 3143 3144 3072
f 3072 3144 3073
f 3144 3145 3073
f 3073 3145 3074
f 3145 3146 3074
f 3074 3146 3075
f 3146 3147 3075
f 3075 3147 3076
f 3147 3148 3076
f 3076 3148 3077
f 3148 3149 3077
f 3077 3149 3078
f 3149 3150 3078
f 3078 3150 3079
f 3150 3151 3079
f 3079 3151 3080
f 3151 3152 3080
f 3080 3152 3081
f 3152 3153 3081
f 3081 3153 3082
f 3153 3154 3082
f 3082 3154 3083
f 3154 3155 3083
f 3083 3155 3084
f 3155 3156 3084
f 3084 3156 3085
f 3156 3157 3085
f 3085 3157 3086
f 3157 3158 3086
f 3086 3158 3087
f 3158 3159 3087
f 3087 3159 3088
f 3159 3160 3088
f 3088 3160 3089
f 3160 3161 3089
f 3089 3161 3090
f 3161 3162 3090
f 3090 3162 3091
f 3162 3163 3091
f 3091 3163 3092
f 3163 3164 3092
f 3092 3164 3093
f 3164 3165 3093
f 3093 3165 3094
f 3165 3166 3094
f 3094 3166 3095
f 3166 3167 3095
f 3095 3167 3096
f 3167 3168 3096
f 3096 3168 3097
f 3168 3169 3097
f 3097 3169 3098
f 3169 3170 3098
f 3098 3170 3099
f 3170 3171 3099
f 3099 3171 3100
f 3171 3172 3100
f 3100 3172 3101
f 3172 3173 3101
f 3101 3173 3102
f 3173 3174 3102
f 3102 3174 3103
f 3174 3175 3103
f 3103 3175 3032
f 3175 3104 3032
f 3104 3176 3105
f 3176 3177 3105
f 3105 3177 3106
f 3177 3178 3106
f 3106 3178 3107
f 3178 3179 3107
f 3107 3179 3108
f 3179 3180 3108
f 3108 3180 3109
f 3180 3181 3109
f 3109 3181 3110
f 3181 3182 3110
f 3110 3182 3111
f 3182 3183 3111
f 3111 3183 3112
f 3183 3184 3112
f 3112 3184 3113
f 3184 3185 3113
f 3113 3185 3114
f 3185 3186 3114
f 3114 3186 3115
f 3186 3187 3115
f 3115 3187 3116
f 3187 3188 3116
f 3116 3188 3117
f 3188 3189 3117
f 3117 3189 3118
f 3189 3190 3118
f 3118 3190 3119
f 3190 3191 3119
f 3119 3191 3120
f 3191 3192 3120
f 3120 3192 3121
f 3192 3193 3121
f 3121 3193 3122
f 3193 3194 3122
f 3122 3194 3123
f 3194 3195 3123
f 3123 3195 3124
f 3195 3196 3124
f 3124 3196 3125
f 3196 3197 3125
f 3125 3197 3126
f 3197 3198 3126
f 3126 3198 3127
f 3198 3199 3127
f 3127 3199 3128
f 3199 3200 3128
f 3128 3200 3129
f 3200 3201 3129
f 3129 3201 3130
f 3201 3202 3130
f 3130 3202 3131
f 3202 3203 3131
f 3131 3203 3132
f 3203 3204 3132
f 3132 3204 3133
f 3204 3205 3133
f 3133 3205 3134
f 3205 3206 3134
f 3134 3206 3135
f 3206 3207 3135
f 3135 3207 3136
f 3207 3208 3136
f 3136 3208 3137
f 3208 3209 3137
f 3137 3209 3138
f 3209 3210 3138
f 3138 3210 3139
f 3210 3211 3139
f 3139 3211 3140
f 3211 3212 3140
f 3140 3212 3141
f 3212 3213 3141
f 3141 3213 3142
f 3213 3214 3142
f 3142 3214 3143
f 3214 3215 3143
f 3143 3215 3144
f 3215 3216 3144
f 3144 3216 3145
f 3216 3217 3145
f 3145 3217 3146
f 3217 3218 3146
f 3146 3218 3147
f 3218 3219 3147
f 3147 3219 3148
f 3219 3220 3148
f 3148 3220 3149
f 3220 3221 3149
f 3149 3221 3150
f 3221 3222 3150
f 3150 3222 3151
f 3222 3223 3151
f 3151 3223 3152
f 3223 3224 3152
f 3152 3224 3153
f 3224 3225 3153
f 3153 3225 3154
f 3225 3226 3154
f 3154 3226 3155
f 3226 3227 3155
f 3155 3227 3156
f 3227 3228 3156
f 3156 3228 3157
f 3228 3229 3157
f 3157 3229 3158
f 3229 3230 3158
f 3158 3230 3159
f 3230 3231 3159
f 3159 3231 3160
f 3231 3232 3160
f 3160 3232 3161
f 3232 3233 3161
f 3161 3233 3162
f 3233 3234 3162
f 3162 3234 3163
f 3234 3235 3163
f 3163 3235 3164
f 3235 3236 3164
f 3164 3236 3165
f 3236 3237 3165
f 3165 3237 3166
f 3237 3238 3166
f 3166 3238 3167
f 3238 3239 3167
f 3167 3239 3168
f 3239 3240 3168
f 3168 3240 3169
f 3240 3241 3169
f 3169 3241 3170
f 3241 3242 3170
f 3170 3242 3171
f 3242 3243 3171
f 3171 3243 3172
f 3243 3244 3172
f 3172 3244 3173
f 3244 3245 3173
f 3173 3245 3174
f 3245 3246 3174
f 3174 3246 3175
f 3246 3247 3175
f 3175 3247 3104
f 3247 3176 3104
f 3176 3248 3177
f 3248 3249 3177
f 3177 3249 3178
f 3249 3250 3178
f 3178 3250 3179
f 3250 3251 3179
f 3179 3251 3180
f 3251 3252 3180
f 3180 3252 3181
f 3252 3253 3181
f 3181 3253 3182
f 3253 3254 3182
f 3182 3254 3183
f 3254 3255 3183
f 3183 3255 3184
f 3255 3256 3184
f 3184 3256 3185
f 3256 3257 3185
f 3185 3257 3186
f 3257 3258 3186
f 3186 3258 3187
f 3258 3259 3187
f 3187 3259 3188
f 3259 3260 3188
f 3188 3260 3189
f 3260 3261 3189
f 3189 3261 3190
f 3261 3262 3190
f 3190 3262 3191
f 3262 3263 3191
f 3191 3263 3192
f 3263 3264 3192
f 3192 3264 3193
f 3264 3265 3193
f 3193 3265 3194
f 3265 3266 3194
f 3194 3266 3195
f 3266 3267 3195
f 3195 3267 3196
f 3267 3268 3196
f 3196 3268 3197
f 3268 3269 3197
f 3197 3269 3198
f 3269 3270 3198
f 3198 3270 3199
f 3270 3271 3199
f 3199 3271 3200
f 3271 3272 3200
f 3200 3272 3201
f 3272 3273 3201
f 3201 3273 3202
f 3273 3274 3202
f 3202 3274 3203
f 3274 3275 3203
f 3203 3275 3204
f 3275 3276 3204
f 3204 3276 3205
f 3276 3277 3205
f 3205 3277 3206
f 3277 3278 3206
f 3206 3278 3207
f 3278 3279 3207
f 3207 3279 3208
f 3279 3280 3208
f 3208 3280 3209
f 3280 3281 3209
f 3209 3281 3210
f 3281 3282 3210
f 3210 3282 3211
f 3282 3283 3211
f 3211 3283 3212
f 3283 3284 3212
f 3212 3284 3213
f 3284 3285 3213
f 3213 3285 3214
f 3285 3286 3214
f 3214 3286 3215
f 3286 3287 3215
f 3215 3287 3216
f 3287 3288 3216
f 3216 3288 3217
f 3288 3289 3217
f 3217 3289 3218
f 3289 3290 3218
f 3218 3290 3219
f 3290 3291 3219
f 3219 3291 3220
f 3291 3292 3220
f 3220 3292 3221
f 3292 3293 3221
f 3221 3293 3222
f 3293 3294 3222
f 3222 3294 3223
f 3294 3295 3223
f 3223 3295 3224
f 3295 3296 3224
f 3224 3296 3225
f 3296 3297 3225
f 3225 3297 3226
f 3297 3298 3226
f 3226 3298 3227
f 3298 3299 3227
f 3227 3299 3228
f 3299 3300 3228
f 3228 3300 3229
f 3300 3301 3229
f 3229 3301 3230
f 3301 3302 3230
f 3230 3302 3231
f 3302 3303 3231
f 3231 3303 3232
f 3303 3304 3232
f 3232 3304 3233
f 3304 3305 3233
f 3233 3305 3234
f 3305 3306 3234
f 3234 3306 3235
f 3306 3307 3235
f 3235 3307 3236
f 3307 3308 3236
f 3236 3308 3237
f 3308 3309 3237
f 3237 3309 3238
f 3309 3310 3238
f 3238 3310 3239
f 3310 3311 3239
f 3239 3311 3240
f 3311 3312 3240
f 3240 3312 3241
f 3312 3313 3241
f 3241 3313 3242
f 3313 3314 3242
f 3242 3314 3243
f 3314 3315 3243
f 3243 3315 3244
f 3315 3316 3244
f 3244 3316 3245
f 3316 3317 3245
f 3245 3317 3246
f 3317 3318 3246
f 3246 3318 3247
f 3318 3319 3247
f 3247 3319 3176
f 3319 3248 3176
f 3248 3320 3249
f 3320 3321 3249
f 3249 3321 3250
f 3321 3322 3250
f 3250 3322 3251
f 3322 3323 3251
f 3251 3323 3252
f 3323 3324 3252
f 3252 3324 3253
f 3324 3325 3253
f 3253 3325 3254
f 3325 3326 3254
f 3254 3326 3255
f 3326 3327 3255
f 3255 3327 3256
f 3327 3328 3256
f 3256 3328 3257
f 3328 3329 3257
f 3257 3329 3258
f 3329 3330 3258
f 3258 3330 3259
f 3330 3331 3259
f 3259 3331 3260
f 3331 3332 3260
f 3260 3332 3261
f 3332 3333 3261
f 3261 3333 3262
f 3333 3334 3262
f 3262 3334 3263
f 3334 3335 3263
f 3263 3335 3264
f 3335 3336 3264
f 3264 3336 3265
f 3336 3337 3265
f 3265 3337 3266
f 3337 3338 3266
f 3266 3338 3267
f 3338 3339 3267
f 3267 3339 3268
f 3339 3340 3268
f 3268 3340 3269
f 3340 3341 3269
f 3269 3341 3270
f 3341 3342 3270
f 3270 3342 3271
f 3342 3343 3271
f 3271 3343 3272
f 3343 3344 3272
f 3272 3344 3273
f 3344 3345 3273
f 3273 3345 3274
f 3345 3346 3274
f 3274 3346 3275
f 3346 3347 3275
f 3275 3347 3276
f 3347 3348 3276
f 3276 3348 3277
f 3348 3349 3277
f 3277 3349 3278
f 3349 3350 3278
f 3278 3350 3279
f 3350 3351 3279
f 3279 3351 3280
f 3351 3352 3280
f 3280 3352 3281
f 3352 3353 3281
f 3281 3353 3282
f 3353 3354 3282
f 3282 3354 3283
f 3354 3355 3283
f 3283 3355 3284
f 3355 3356 3284
f 3284 3356 3285
f 3356 3357 3285
f 3285 3357 3286
f 3357 3358 3286
f 3286 3358 3287
f 3358 3359 3287
f 3287 3359 3288
f 3359 3360 3288
f 3288 3360 3289
f 3360 3361 3289
f 3289 3361 3290
f 3361 3362 3290
f 3290 3362 3291
f 3362 3363 3291
f 3291 3363 3292
f 3363 3364 3292
f 3292 3364 3293
f 3364 3365 3293
f 3293 3365 3294
f 3365 3366 3294
f 3294 3366 3295
f 3366 3367 3295
f 3295 3367 3296
f 3367 3368 3296
f 3296 3368 3297
f 3368 3369 3297
f 3297 3369 3298
f 3369 3370 3298
f 3298 3370 3299
f 3370 3371 3299
f 3299 3371 3300
f 3371 3372 3300
f 3300 3372 3301
f 3372 3373 3301
f 3301 3373 3302
f 3373 3374 3302
f 3302 3374 3303
f 3374 3375 3303
f 3303 3375 3304
f 3375 3376 3304
f 3304 3376 3305
f 3376 3377 3305
f 3305 3377 3306
f 3377 3378 3306
f 3306 3378 3307
f 3378 3379 3307
f 3307 3379 3308
f 3379 3380 3308
f 3308 3380 3309
f 3380 3381 3309
f 3309 3381 3310
f 3381 3382 3310
f 3310 3382 3311
f 3382 3383 3311
f 3311 3383 3312
f 3383 3384 3312
f 3312 3384 3313
f 3384 3385 3313
f 3313 3385 3314
f 3385 3386 3314
f 3314 3386 3315
f 3386 3387 3315
f 3315 3387 3316
f 3387 3388 3316
f 3316 3388 3317
f 3388 3389 3317
f 3317 3389 3318
f 3389 3390 3318
f 3318 3390 3319
f 3390 3391 3319
f 3319 3391 3248
f 3391 3320 3248
f 3320 3392 3321
f 3392 3393 3321
f 3321 3393 3322
f 3393 3394 3322
f 3322 3394 3323
f 3394 3395 3323
f 3323 3395 3324
f 3395 3396 3324
f 3324 3396 3325
f 3396 3397 3325
f 3325 3397 3326
f 3397 3398 3326
f 3326 3398 3327
f 3398 3399 3327
f 3327 3399 3328
f 3399 3400 3328
f 3328 3400 3329
f 3400 3401 3329
f 3329 3401 3330
f 3401 3402 3330
f 3330 3402 3331
f 3402 3403 3331
f 3331 3403 3332
f 3403 3404 3332
f 3332 3404 3333
f 3404 3405 3333
f 3333 3405 3334
f 3405 3406 3334
f 3334 3406 3335
f 3406 3407 3335
f 3335 3407 3336
f 3407 3408 3336
f 3336 3408 3337
f 3408 3409 3337
f 3337 3409 3338
f 3409 3410 3338
f 3338 3410 3339
f 3410 3411 3339
f 3339 3411 3340
f 3411 3412 3340
f 3340 3412 3341
f 3412 3413 3341
f 3341 3413 3342
f 3413 3414 3342
f 3342 3414 3343
f 3414 3415 3343
f 3343 3415 3344
f 3415 3416 3344
f 3344 3416 3345
f 3416 3417 3345
f 3345 3417 3346
f 3417 3418 3346
f 3346 3418 3347
f 3418 3419 3347
f 3347 3419 3348
f 3419 3420 3348
f 3348 3420 3349
f 3420 3421 3349
f 3349 3421 3350
f 3421 3422 3350
f 3350 3422 3351
f 3422 3423 3351
f 3351 3423 3352
f 3423 3424 3352
f 3352 3424 3353
f 3424 3425 3353
f 3353 3425 3354
f 3425 3426 3354
f 3354 3426 3355
f 3426 3427 3355
f 3355 3427 3356
f 3427 3428 3356
f 3356 3428 3357
f 3428 3429 3357
f 3357 3429 3358
f 3429 3430 3358
f 3358 3430 3359
f 3430 3431 3359
f 3359 3431 3360
f 3431 3432 3360
f 3360 3432 3361
f 3432 3433 3361
f 3361 3433 3362
f 3433 3434 3362
f 3362 3434 3363
f 3434 3435 3363
f 3363 3435 3364
f 3435 3436 3364
f 3364 3436 3365
f 3436 3437 3365
f 3365 3437 3366
f 3437 3438 3366
f 3366 3438 3367
f 3438 3439 3367
f 3367 3439 3368
f 3439 3440 3368
f 3368 3440 3369
f 3440 3441 3369
f 3369 3441 3370
f 3441 3442 3370
f 3370 3442 3371
f 3442 3443 3371
f 3371 3443 3372
f 3443 3444 3372
f 3372 3444 3373
f 3444 3445 3373
f 3373 3445 3374
f 3445 3446 3374
f 3374 3446 3375
f 3446 3447 3375
f 3375 3447 3376
f 3447 3448 3376
f 3376 3448 3377
f 3448 3449 3377
f 3377 3449 3378
f 3449 3450 3378
f 3378 3450 3379
f 3450 3451 3379
f 3379 3451 3380
f 3451 3452 3380
f 3380 3452 3381
f 3452 3453 3381
f 3381 3453 3382
f 3453 3454 3382
f 3382 3454 3383
f 3454 3455 3383
f 3383 3455 3384
f 3455 3456 3384
f 3384 3456 3385
f 3456 3457 3385
f 3385 3457 3386
f 3457 3458 3386
f 3386 3458 3387
f 3458 3459 3387
f 3387 3459 3388
f 3459 3460 3388
f 3388 3460 3389
f 3460 3461 3389
f 3389 3461 3390
f 3461 3462 3390
f 3390 3462 3391
f 3462 3463 3391
f 3391 3463 3320
f 3463 3392 3320
f 3392 3464 3393
f 3464 3465 3393
f 3393 3465 3394
f 3465 3466 3394
f 3394 3466 3395
f 3466 3467 3395
f 3395 3467 3396
f 3467 3468 3396
f 3396 3468 3397
f 3468 3469 3397
f 3397 3469 3398
f 3469 3470 3398
f 3398 3470 3399
f 3470 3471 3399
f 3399 3471 3400
f 3471 3472 3400
f 3400 3472 3401
f 3472 3473 3401
f 3401 3473 3402
f 3473 3474 3402
f 3402 3474 3403
f 3474 3475 3403
f 3403 3475 3404
f 3475 3476 3404
f 3404 3476 3405
f 3476 3477 3405
f 3405 3477 3406
f 3477 3478 3406
f 3406 3478 3407
f 3478 3479 3407
f 3407 3479 3408
f 3479 3480 3408
f 3408 3480 3409
f 3480 3481 3409
f 3409 3481 3410
f 3481 3482 3410
f 3410 3482 3411
f 3482 3483 3411
f 3411 3483 3412
f 3483 3484 3412
f 3412 3484 3413
f 3484 3485 3413
f 3413 3485 3414
f 3485 3486 3414
f 3414 3486 3415
f 3486 3487 3415
f 3415 3487 3416
f 3487 3488 3416
f 3416 3488 3417
f 3488 3489 3417
f 3417 3489 3418
f 3489 3490 3418
f 3418 3490 3419
f 3490 3491 3419
f 3419 3491 3420
f 3491 3492 3420
f 3420 3492 3421
f 3492 3493 3421
f 3421 3493 3422
f 3493 3494 3422
f 3422 3494 3423
f 3494 3495 3423
f 3423 3495 3424
f 3495 3496 3424
f 3424 3496 3425
f 3496 3497 3425
f 3425 3497 3426
f 3497 3498 3426
f 3426 3498 3427
f 3498 3499 3427
f 3427 3499 3428
f 3499 3500 3428
f 3428 3500 3429
f 3500 3501 3429
f 3429 3501 3430
f 3501 3502 3430
f 3430 3502 3431
f 3502 3503 3431
f 3431 3503 3432
f 3503 3504 3432
f 3432 3504 3433
f 3504 3505 3433
f 3433 3505 3434
f 3505 3506 3434
f 3434 3506 3435
f 3506 3507 3435
f 3435 3507 3436
f 3507 3508 3436
f 3436 3508 3437
f 3508 3509 3437
f 3437 3509 3438
f 3509 3510 3438
f 3438 3510 3439
f 3510 3511 3439
f 3439 3511 3440
f 3511 3512 3440
f 3440 3512 3441
f 3512 3513 3441
f 3441 3513 3442
f 3513 3514 3442
f 3442 3514 3443
f 3514 3515 3443
f 3443 3515 3444
f 3515 3516 3444
f 3444 3516 3445
f 3516 3517 3445
f 3445 3517 3446
f 3517 3518 3446
f 3446 3518 3447
f 3518 3519 3447
f 3447 3519 3448
f 3519 3520 3448
f 3448 3520 3449
f 3520 3521 3449
f 3449 3521 3450
f 3521 3522 3450
f 3450 3522 3451
f 3522 3523 3451
f 3451 3523 3452
f 3523 3524 3452
f 3452 3524 3453
f 3524 3525 3453
f 3453 3525 3454
f 3525 3526 3454
f 3454 3526 3455
f 3526 3527 3455
f 3455 3527 3456
f 3527 3528 3456
f 3456 3528 3457
f 3528 3529 3457
f 3457 3529 3458
f 3529 3530 3458
f 3458 3530 3459
f 3530 3531 3459
f 3459 3531 3460
f 3531 3532 3460
f 3460 3532 3461
f 3532 3533 3461
f 3461 3533 3462
f 3533 3534 3462
f 3462 3534 3463
f 3534 3535 3463
f 3463 3535 3392
f 3535 3464 3392
f 3464 3536 3465
f 3536 3537 3465
f 3465 3537 3466
f 3537 3538 3466
f 3466 3538 3467
f 3538 3539 3467
f 3467 3539 3468
f 3539 3540 3468
f 3468 3540 3469
f 3540 3541 3469
f 3469 3541 3470
f 3541 3542 3470
f 3470 3542 3471
f 3542 3543 3471
f 3471 3543 3472
f 3543 3544 3472
f 3472 3544 3473
f 3544 3545 3473
f 3473 3545 3474
f 3545 3546 3474
f 3474 3546 3475
f 3546 3547 3475
f 3475 3547 3476
f 3547 3548 3476
f 3476 3548 3477
f 3548 3549 3477
f 3477 3549 3478
f 3549 3550 3478
f 3478 3550 3479
f 3550 3551 3479
f 3479 3551 3480
f 3551 3552 3480
f 3480 3552 3481
f 3552 3553 3481
f 3481 3553 3482
f 3553 3554 3482
f 3482 3554 3483
f 3554 3555 3483
f 3483 3555 3484
f 3555 3556 3484
f 3484 3556 3485
f 3556 3557 3485
f 3485 3557 3486
f 3557 3558 3486
f 3486 3558 3487
f 3558 3559 3487
f 3487 3559 3488
f 3559 3560 3488
f 3488 3560 3489
f 3560 3561 3489
f 3489 3561 3490
f 3561 3562 3490
f 3490 3562 3491
f 3562 3563 3491
f 3491 3563 3492
f 3563 3564 3492
f 3492 3564 3493
f 3564 3565 3493
f 3493 3565 3494
f 3565 3566 3494
f 3494 3566 3495
f 3566 3567 3495
f 3495 3567 3496
f 3567 3568 3496
f 3496 3568 3497
f 3568 3569 3497
f 3497 3569 3498
f 3569 3570 3498
f 3498 3570 3499
f 3570 3571 3499
f 3499 3571 3500
f 3571 3572 3500
f 3500 3572 3501
f 3572 3573 3501
f 3501 3573 3502
f 3573 3574 3502
f 3502 3574 3503
f 3574 3575 3503
f 3503 3575 3504
f 3575 3576 3504
f 3504 3576 3505
f 3576 3577 3505
f 3505 3577 3506
f 3577 3578 3506
f 3506 3578 3507
f 3578 3579 3507
f 3507 3579 3508
f 3579 3580 3508
f 3508 3580 3509
f 3580 3581 3509
f 3509 3581 3510
f 3581 3582 3510
f 3510 3582 3511
f 3582 3583 3511
f 3511 3583 3512
f 3583 3584 3512
f 3512 3584 3513
f 3584 3585 3513
f 3513 3585 3514
f 3585 3586 3514
f 3514 3586 3515
f 3586 3587 3515
f 3515 3587 3516
f 3587 3588 3516
f 3516 3588 3517
f 3588 3589 3517
f 3517 3589 3518
f 3589 3590 3518
f 3518 3590 3519
f 3590 3591 3519
f 3519 3591 3520
f 3591 3592 3520
f 3520 3592 3521
f 3592 3593 3521
f 3521 3593 3522
f 3593 3594 3522
f 3522 3594 3523
f 3594 3595 3523
f 3523 3595 3524
f 3595 3596 3524
f 3524 3596 3525
f 3596 3597 3525
f 3525 3597 3526
f 3597 3598 3526
f 3526 3598 3527
f 3598 3599 3527
f 3527 3599 3528
f 3599 3600 3528
f 3528 3600 3529
f 3600 3601 3529
f 3529 3601 3530
f 3601 3602 3530
f 3530 3602 3531
f 3602 3603 3531
f 3531 3603 3532
f 3603 3604 3532
f 3532 3604 3533
f 3604 3605 3533
f 3533 3605 3534
f 3605 3606 3534
f 3534 3606 3535
f 3606 3607 3535
f 3535 3607 3464
f 3607 3536 3464
f 3536 3608 3537
f 3608 3609 3537
f 3537 3609 3538
f 3609 3610 3538
f 3538 3610 3539
f 3610 3611 3539
f 3539 3611 3540
f 3611 3612 3540
f 3540 3612 3541
f 3612 3613 3541
f 3541 3613 3542
f 3613 3614 3542
f 3542 3614 3543
f 3614 3615 3543
f 3543 3615 3544
f 3615 3616 3544
f 3544 3616 3545
f 3616 3617 3545
f 3545 3617 3546
f 3617 3618 3546
f 3546 3618 3547
f 3618 3619 3547
f 3547 3619 3548
f 3619 3620 3548
f 3548 3620 3549
f 3620 3621 3549
f 3549 3621 3550
f 3621 3622 3550
f 3550 3622 3551
f 3622 3623 3551
f 3551 3623 3552
f 3623 3624 3552
f 3552 3624 3553
f 3624 3625 3553
f 3553 3625 3554
f 3625 3626 3554
f 3554 3626 3555
f 3626 3627 3555
f 3555 3627 3556
f 3627 3628 3556
f 3556 3628 3557
f 3628 3629 3557
f 3557 3629 3558
f 3629 3630 3558
f 3558 3630 3559
f 3630 3631 3559
f 3559 3631 3560
f 3631 3632 3560
f 3560 3632 3561
f 3632 3633 3561
f 3561 3633 3562
f 3633 3634 3562
f 3562 3634 3563
f 3634 3635 3563
f 3563 3635 3564
f 3635 3636 3564
f 3564 3636 3565
f 3636 3637 3565
f 3565 3637 3566
f 3637 3638 3566
f 3566 3638 3567
f 3638 3639 3567
f 3567 3639 3568
f 3639 3640 3568
f 3568 3640 3569
f 3640 3641 3569
f 3569 3641 3570
f 3641 3642 3570
f 3570 3642 3571
f 3642 3643 3571
f 3571 3643 3572
f 3643 3644 3572
f 3572 3644 3573
f 3644 3645 3573
f 3573 3645 3574
f 3645 3646 3574
f 3574 3646 3575
f 3646 3647 3575
f 3575 3647 3576
f 3647 3648 3576
f 3576 3648 3577
f 3648 3649 3577
f 3577 3649 3578
f 3649 3650 3578
f 3578 3650 3579
f 3650 3651 3579
f 3579 3651 3580
f 3651 3652 3580
f 3580 3652 3581
f 3652 3653 3581
f 3581 3653 3582
f 3653 3654 3582
f 3582 3654 3583
f 3654 3655 3583
f 3583 3655 3584
f 3655 3656 3584
f 3584 3656 3585
f 3656 3657 3585
f 3585 3657 3586
f 3657 3658 3586
f 3586 3658 3587
f 3658 3659 3587
f 3587 3659 3588
f 3659 3660 3588
f 3588 3660 3589
f 3660 3661 3589
f 3589 3661 3590
f 3661 3662 3590
f 3590 3662 3591
f 3662 3663 3591
f 3591 3663 3592
f 3663 3664 3592
f 3592 3664 3593
f 3664 3665 3593
f 3593 3665 3594
f 3665 3666 3594
f 3594 3666 3595
f 3666 3667 3595
f 3595 3667 3596
f 3667 3668 3596
f 3596 3668 3597
f 3668 3669 3597
f 3597 3669 3598
f 3669 3670 3598
f 3598 3670 3599
f 3670 3671 3599
f 3599 3671 3600
f 3671 3672 3600
f 3600 3672 3601
f 3672 3673 3601
f 3601 3673 3602
f 3673 3674 3602
f 3602 3674 3603
f 3674 3675 3603
f 3603 3675 3604
f 3675 3676 3604
f 3604 3676 3605
f 3676 3677 3605
f 3605 3677 3606
f 3677 3678 3606
f 3606 3678 3607
f 3678 3679 3607
f 3607 3679 3536
f 3679 3608 3536
f 3608 3680 3609
f 3680 3681 3609
f 3609 3681 3610
f 3681 3682 3610
f 3610 3682 3611
f 3682 3683 3611
f 3611 3683 3612
f 3683 3684 3612
f 3612 3684 3613
f 3684 3685 3613
f 3613 3685 3614
f 3685 3686 3614
f 3614 3686 3615
f 3686 3687 3615
f 3615 3687 3616
f 3687 3688 3616
f 3616 3688 3617
f 3688 3689 3617
f 3617 3689 3618
f 3689 3690 3618
f 3618 3690 3619
f 3690 3691 3619
f 3619 3691 3620
f 3691 3692 3620
f 3620 3692 3621
f 3692 3693 3621
f 3621 3693 3622
f 3693 3694 3622
f 3622 3694 3623
f 3694 3695 3623
f 3623 3695 3624
f 3695 3696 3624
f 3624 3696 3625
f 3696 3697 3625
f 3625 3697 3626
f 3697 3698 3626
f 3626 3698 3627
f 3698 3699 3627
f 3627 3699 3628
f 3699 3700 3628
f 3628 3700 3629
f 3700 3701 3629
f 3629 3701 3630
f 3701 3702 3630
f 3630 3702 3631
f 3702 3703 3631
f 3631 3703 3632
f 3703 3704 3632
f 3632 3704 3633
f 3704 3705 3633
f 3633 3705 3634
f 3705 3706 3634
f 3634 3706 3635
f 3706 3707 3635
f 3635 3707 3636
f 3707 3708 3636
f 3636 3708 3637
f 3708 3709 3637
f 3637 3709 3638
f 3709 3710 3638
f 3638 3710 3639
f 3710 3711 3639
f 3639 3711 3640
f 3711 3712 3640
f 3640 3712 3641
f 3712 3713 3641
f 3641 3713 3642
f 3713 3714 3642
f 3642 3714 3643
f 3714 3715 3643
f 3643 3715 3644
f 3715 3716 3644
f 3644 3716 3645
f 3716 3717 3645
f 3645 3717 3646
f 3717 3718 3646
f 3646 3718 3647
f 3718 3719 3647
f 3647 3719 3648
f 3719 3720 3648
f 3648 3720 3649
f 3720 3721 3649
f 3649 3721 3650
f 3721 3722 3650
f 3650 3722 3651
f 3722 3723 3651
f 3651 3723 3652
f 3723 3724 3652
f 3652 3724 3653
f 3724 3725 3653
f 3653 3725 3654
f 3725 3726 3654
f 3654 3726 3655
f 3726 3727 3655
f 3655 3727 3656
f 3727 3728 3656
f 3656 3728 3657
f 3728 3729 3657
f 3657 3729 3658
f 3729 3730 3658
f 3658 3730 3659
f 3730 3731 3659
f 3659 3731 3660
f 3731 3732 3660
f 3660 3732 3661
f 3732 3733 3661
f 3661 3733 3662
f 3733 3734 3662
f 3662 3734 3663
f 3734 3735 3663
f 3663 3735 3664
f 3735 3736 3664
f 3664 3736 3665
f 3736 3737 3665
f 3665 3737 3666
f 3737 3738 3666
f 3666 3738 3667
f 3738 3739 3667
f 3667 3739 3668
f 3739 3740 3668
f 3668 3740 3669
f 3740 3741 3669
f 3669 3741 3670
f 3741 3742 3670
f 3670 3742 3671
f 3742 3743 3671
f 3671 3743 3672
f 3743 3744 3672
f 3672 3744 3673
f 3744 3745 3673
f 3673 3745 3674
f 3745 3746 3674
f 3674 3746 3675
f 3746 3747 3675
f 3675 3747 3676
f 3747 3748 3676
f 3676 3748 3677
f 3748 3749 3677
f 3677 3749 3678
f 3749 3750 3678
f 3678 3750 3679
f 3750 3751 3679
f 3679 3751 3608
f 3751 3680 3608
f 3680 2295 3681
f 2295 2297 3681
f 3681 2297 3682
f 2297 2299 3682
f 3682 2299 3683
f 2299 2301 3683
f 3683 2301 3684
f 2301 2303 3684
f 3684 2303 3685
f 2303 2305 3685
f 3685 2305 3686
f 2305 2307 3686
f 3686 2307 3687
f 2307 2309 3687
f 3687 2309 3688
f 2309 2311 3688
f 3688 2311 3689
f 2311 2313 3689
f 3689 2313 3690
f 2313 2315 3690
f 3690 2315 3691
f 2315 2317 3691
f 3691 2317 3692
f 2317 2319 3692
f 3692 2319 3693
f 2319 2321 3693
f 3693 2321 3694
f 2321 2323 3694
f 3694 2323 3695
f 2323 2325 3695
f 3695 2325 3696
f 2325 2327 3696
f 3696 2327 3697
f 2327 2329 3697
f 3697 2329 3698
f 2329 2331 3698
f 3698 2331 3699
f 2331 2333 3699
f 3699 2333 3700
f 2333 2335 3700
f 3700 2335 3701
f 2335 2337 3701
f 3701 2337 3702
f 2337 2339 3702
f 3702 2339 3703
f 2339 2341 3703
f 3703 2341 3704
f 2341 2343 3704
f 3704 2343 3705
f 2343 2345 3705
f 3705 2345 3706
f 2345 2347 3706
f 3706 2347 3707
f 2347 2349 3707
f 3707 2349 3708
f 2349 2351 3708
f 3708 2351 3709
f 2351 2353 3709
f 3709 2353 3710
f 2353 2355 3710
f 3710 2355 3711
f 2355 2357 3711
f 3711 2357 3712
f 2357 2359 3712
f 3712 2359 3713
f 2359 2361 3713
f 3713 2361 3714
f 2361 2363 3714
f 3714 2363 3715
f 2363 2365 3715
f 3715 2365 3716
f 2365 2367 3716
f 3716 2367 3717
f 2367 2369 3717
f 3717 2369 3718
f 2369 2371 3718
f 3718 2371 3719
f 2371 2373 3719
f 3719 2373 3720
f 2373 2375 3720
f 3720 2375 3721
f 2375 2377 3721
f 3721 2377 3722
f 2377 2379 3722
f 3722 2379 3723
f 2379 2381 3723
f 3723 2381 3724
f 2381 2383 3724
f 3724 2383 3725
f 2383 2385 3725
f 3725 2385 3726
f 2385 2387 3726
f 3726 2387 3727
f 2387 2389 3727
f 3727 2389 3728
f 2389 2391 3728
f 3728 2391 3729
f 2391 2393 3729
f 3729 2393 3730
f 2393 2395 3730
f 3730 2395 3731
f 2395 2397 3731
f 3731 2397 3732
f 2397 2399 3732
f 3732 2399 3733
f 2399 2401 3733
f 3733 2401 3734
f 2401 2403 3734
f 3734 2403 3735
f 2403 2405 3735
f 3735 2405 3736
f 2405 2407 3736
f 3736 2407 3737
f 2407 2409 3737
f 3737 2409 3738
f 2409 2411 3738
f 3738 2411 3739
f 2411 2413 3739
f 3739 2413 3740
f 2413 2415 3740
f 3740 2415 3741
f 2415 2417 3741
f 3741 2417 3742
f 2417 2419 3742
f 3742 2419 3743
f 2419 2421 3743
f 3743 2421 3744
f 2421 2423 3744
f 3744 2423 3745
f 2423 2425 3745
f 3745 2425 3746
f 2425 2427 3746
f 3746 2427 3747
f 2427 2429 3747
f 3747 2429 3748
f 2429 2431 3748
f 3748 2431 3749
f 2431 2433 3749
f 3749 2433 3750
f 2433 2435 3750
f 3750 2435 3751
f 2435 2293 3751
f 3751 2293 3680
f 2293 2295 3680
f 3752 3753 3754
f 3753 3755 3754
f 3754 3755 3756
f 3755 3757 3756
f 3756 3757 3758
f 3757 3759 3758
f 3758 3759 3760
f 3759 3761 3760
f 3760 3761 3762
f 3761 3763 3762
f 3762 3763 3764
f 3763 3765 3764
f 3764 3765 3766
f 3765 3767 3766
f 3766 3767 3768
f 3767 3769 3768
f 3768 3769 3770
f 3769 3771 3770
f 3770 3771 3772
f 3771 3773 3772
f 3772 3773 3774
f 3773 3775 3774
f 3774 3775 3776
f 3775 3777 3776
f 3776 3777 3778
f 3777 3779 3778
f 3778 3779 3780
f 3779 3781 3780
f 3780 3781 3782
f 3781 3783 3782
f 3782 3783 3784
f 3783 3785 3784
f 3784 3785 3786
f 3785 3787 3786
f 3786 3787 3788
f 3787 3789 3788
f 3753 3790 3755
f 3790 3791 3755
f 3755 3791 3757
f 3791 3792 3757
f 3757 3792 3759
f 3792 3793 3759
f 3759 3793 3761
f 3793 3794 3761
f 3761 3794 3763
f 3794 3795 3763
f 3763 3795 3765
f 3795 3796 3765
f 3765 3796 3767
f 3796 3797 3767
f 3767 3797 3769
f 3797 3798 3769
f 3769 3798 3771
f 3798 3799 3771
f 3771 3799 3773
f 3799 3800 3773
f 3773 3800 3775
f 3800 3801 3775
f 3775 3801 3777
f 3801 3802 3777
f 3777 3802 3779
f 3802 3803 3779
f 3779 3803 3781
f 3803 3804 3781
f 3781 3804 3783
f 3804 3805 3783
f 3783 3805 3785
f 3805 3806 3785
f 3785 3806 3787
f 3806 3807 3787
f 3787 3807 3789
f 3807 3808 3789
f 3790 3809 3791
f 3809 3810 3791
f 3791 3810 3792
f 3810 3811 3792
f 3792 3811 3793
f 3811 3812 3793
f 3793 3812 3794
f 3812 3813 3794
f 3794 3813 3795
f 3813 3814 3795
f 3795 3814 3796
f 3814 3815 3796
f 3796 3815 3797
f 3815 3816 3797
f 3797 3816 3798
f 3816 3817 3798
f 3798 3817 3799
f 3817 3818 3799
f 3799 3818 3800
f 3818 3819 3800
f 3800 3819 3801
f 3819 3820 3801
f 3801 3820 3802
f 3820 3821 3802
f 3802 3821 3803
f 3821 3822 3803
f 3803 3822 3804
f 3822 3823 3804
f 3804 3823 3805
f 3823 3824 3805
f 3805 3824 3806
f 3824 3825 3806
f 3806 3825 3807
f 3825 3826 3807
f 3807 3826 3808
f 3826 3827 3808
f 3809 3828 3810
f 3828 3829 3810
f 3810 3829 3811
f 3829 3830 3811
f 3811 3830 3812
f 3830 3831 3812
f 3812 3831 3813
f 3831 3832 3813
f 3813 3832 3814
f 3832 3833 3814
f 3814 3833 3815
f 3833 3834 3815
f 3815 3834 3816
f 3834 3835 3816
f 3816 3835 3817
f 3835 3836 3817
f 3817 3836 3818
f 3836 3837 3818
f 3818 3837 3819
f 3837 3838 3819
f 3819 3838 3820
f 3838 3839 3820
f 3820 3839 3821
f 3839 3840 3821
f 3821 3840 3822
f 3840 3841 3822
f 3822 3841 3823
f 3841 3842 3823
f 3823 3842 3824
f 3842 3843 3824
f 3824 3843 3825
f 3843 3844 3825
f 3825 3844 3826
f 3844 3845 3826
f 3826 3845 3827
f 3845 3846 3827
f 3828 3847 3829
f 3847 3848 3829
f 3829 3848 3830
f 3848 3849 3830
f 3830 3849 3831
f 3849 3850 3831
f 3831 3850 3832
f 3850 3851 3832
f 3832 3851 3833
f 3851 3852 3833
f 3833 3852 3834
f 3852 3853 3834
f 3834 3853 3835
f 3853 3854 3835
f 3835 3854 3836
f 3854 3855 3836
f 3836 3855 3837
f 3855 3856 3837
f 3837 3856 3838
f 3856 3857 3838
f 3838 3857 3839
f 3857 3858 3839
f 3839 3858 3840
f 3858 3859 3840
f 3840 3859 3841
f 3859 3860 3841
f 3841 3860 3842
f 3860 3861 3842
f 3842 3861 3843
f 3861 3862 3843
f 3843 3862 3844
f 3862 3863 3844
f 3844 3863 3845
f 3863 3864 3845
f 3845 3864 3846
f 3864 3865 3846
f 3847 3866 3848
f 3866 3867 3848
f 3848 3867 3849
f 3867 3868 3849
f 3849 3868 3850
f 3868 3869 3850
f 3850 3869 3851
f 3869 3870 3851
f 3851 3870 3852
f 3870 3871 3852
f 3852 3871 3853
f 3871 3872 3853
f 3853 3872 3854
f 3872 3873 3854
f 3854 3873 3855
f 3873 3874 3855
f 3855 3874 3856
f 3874 3875 3856
f 3856 3875 3857
f 3875 3876 3857
f 3857 3876 3858
f 3876 3877 3858
f 3858 3877 3859
f 3877 3878 3859
f 3859 3878 3860
f 3878 3879 3860
f 3860 3879 3861
f 3879 3880 3861
f 3861 3880 3862
f 3880 3881 3862
f 3862 3881 3863
f 3881 3882 3863
f 3863 3882 3864
f 3882 3883 3864
f 3864 3883 3865
f 3883 3884 3865
f 3866 3885 3867
f 3885 3886 3867
f 3867 3886 3868
f 3886 3887 3868
f 3868 3887 3869
f 3887 3888 3869
f 3869 3888 3870
f 3888 3889 3870
f 3870 3889 3871
f 3889 3890 3871
f 3871 3890 3872
f 3890 3891 3872
f 3872 3891 3873
f 3891 3892 3873
f 3873 3892 3874
f 3892 3893 3874
f 3874 3893 3875
f 3893 3894 3875
f 3875 3894 3876
f 3894 3895 3876
f 3876 3895 3877
f 3895 3896 3877
f 3877 3896 3878
f 3896 3897 3878
f 3878 3897 3879
f 3897 3898 3879
f 3879 3898 3880
f 3898 3899 3880
f 3880 3899 3881
f 3899 3900 3881
f 3881 3900 3882
f 3900 3901 3882
f 3882 3901 3883
f 3901 3902 3883
f 3883 3902 3884
f 3902 3903 3884
f 3885 3904 3886
f 3904 3905 3886
f 3886 3905 3887
f 3905 3906 3887
f 3887 3906 3888
f 3906 3907 3888
f 3888 3907 3889
f 3907 3908 3889
f 3889 3908 3890
f 3908 3909 3890
f 3890 3909 3891
f 3909 3910 3891
f 3891 3910 3892
f 3910 3911 3892
f 3892 3911 3893
f 3911 3912 3893
f 3893 3912 3894
f 3912 3913 3894
f 3894 3913 3895
f 3913 3914 3895
f 3895 3914 3896
f 3914 3915 3896
f 3896 3915 3897
f 3915 3916 3897
f 3897 3916 3898
f 3916 3917 3898
f 3898 3917 3899
f 3917 3918 3899
f 3899 3918 3900
f 3918 3919 3900
f 3900 3919 3901
f 3919 3920 3901
f 3901 3920 3902
f 3920 3921 3902
f 3902 3921 3903
f 3921 3922 3903
f 3904 3923 3905
f 3923 3924 3905
f 3905 3924 3906
f 3924 3925 3906
f 3906 3925 3907
f 3925 3926 3907
f 3907 3926 3908
f 3926 3927 3908
f 3908 3927 3909
f 3927 3928 3909
f 3909 3928 3910
f 3928 3929 3910
f 3910 3929 3911
f 3929 3930 3911
f 3911 3930 3912
f 3930 3931 3912
f 3912 3931 3913
f 3931 3932 3913
f 3913 3932 3914
f 3932 3933 3914
f 3914 3933 3915
f 3933 3934 3915
f 3915 3934 3916
f 3934 3935 3916
f 3916 3935 3917
f 3935 3936 3917
f 3917 3936 3918
f 3936 3937 3918
f 3918 3937 3919
f 3937 3938 3919
f 3919 3938 3920
f 3938 3939 3920
f 3920 3939 3921
f 3939 3940 3921
f 3921 3940 3922
f 3940 3941 3922
f 3923 3942 3924
f 3942 3943 3924
f 3924 3943 3925
f 3943 3944 3925
f 3925 3944 3926
f 3944 3945 3926
f 3926 3945 3927
f 3945 3946 3927
f 3927 3946 3928
f 3946 3947 3928
f 3928 3947 3929
f 3947 3948 3929
f 3929 3948 3930
f 3948 3949 3930
f 3930 3949 3931
f 3949 3950 3931
f 3931 3950 3932
f 3950 3951 3932
f 3932 3951 3933
f 3951 3952 3933
f 3933 3952 3934
f 3952 3953 3934
f 3934 3953 3935
f 3953 3954 3935
f 3935 3954 3936
f 3954 3955 3936
f 3936 3955 3937
f 3955 3956 3937
f 3937 3956 3938
f 3956 3957 3938
f 3938 3957 3939
f 3957 3958 3939
f 3939 3958 3940
f 3958 3959 3940
f 3940 3959 3941
f 3959 3960 3941
f 3942 3961 3943
f 3961 3962 3943
f 3943 3962 3944
f 3962 3963 3944
f 3944 3963 3945
f 3963 3964 3945
f 3945 3964 3946
f 3964 3965 3946
f 3946 3965 3947
f 3965 3966 3947
f 3947 3966 3948
f 3966 3967 3948
f 3948 3967 3949
f 3967 3968 3949
f 3949 3968 3950
f 3968 3969 3950
f 3950 3969 3951
f 3969 3970 3951
f 3951 3970 3952
f 3970 3971 3952
f 3952 3971 3953
f 3971 3972 3953
f 3953 3972 3954
f 3972 3973 3954
f 3954 3973 3955
f 3973 3974 3955
f 3955 3974 3956
f 3974 3975 3956
f 3956 3975 3957
f 3975 3976 3957
f 3957 3976 3958
f 3976 3977 3958
f 3958 3977 3959
f 3977 3978 3959
f 3959 3978 3960
f 3978 3979 3960
f 3961 3980 3962
f 3980 3981 3962
f 3962 3981 3963
f 3981 3982 3963
f 3963 3982 3964
f 3982 3983 3964
f 3964 3983 3965
f 3983 3984 3965
f 3965 3984 3966
f 3984 3985 3966
f 3966 3985 3967
f 3985 3986 3967
f 3967 3986 3968
f 3986 3987 3968
f 3968 3987 3969
f 3987 3988 3969
f 3969 3988 3970
f 3988 3989 3970
f 3970 3989 3971
f 3989 3990 3971
f 3971 3990 3972
f 3990 3991 3972
f 3972 3991 3973
f 3991 3992 3973
f 3973 3992 3974
f 3992 3993 3974
f 3974 3993 3975
f 3993 3994 3975
f 3975 3994 3976
f 3994 3995 3976
f 3976 3995 3977
f 3995 3996 3977
f 3977 3996 3978
f 3996 3997 3978
f 3978 3997 3979
f 3997 3998 3979
f 3980 3999 3981
f 3999 4000 3981
f 3981 4000 3982
f 4000 4001 3982
f 3982 4001 3983
f 4001 4002 3983
f 3983 4002 3984
f 4002 4003 3984
f 3984 4003 3985
f 4003 4004 3985
f 3985 4004 3986
f 4004 4005 3986
f 3986 4005 3987
f 4005 4006 3987
f 3987 4006 3988
f 4006 4007 3988
f 3988 4007 3989
f 4007 4008 3989
f 3989 4008 3990
f 4008 4009 3990
f 3990 4009 3991
f 4009 4010 3991
f 3991 4010 3992
f 4010 4011 3992
f 3992 4011 3993
f 4011 4012 3993
f 3993 4012 3994
f 4012 4013 3994
f 3994 4013 3995
f 4013 4014 3995
f 3995 4014 3996
f 4014 4015 3996
f 3996 4015 3997
f 4015 4016 3997
f 3997 4016 3998
f 4016 4017 3998
f 3999 4018 4000
f 4018 4019 4000
f 4000 4019 4001
f 4019 4020 4001
f 4001 4020 4002
f 4020 4021 4002
f 4002 4021 4003
f 4021 4022 4003
f 4003 4022 4004
f 4022 4023 4004
f 4004 4023 4005
f 4023 4024 4005
f 4005 4024 4006
f 4024 4025 4006
f 4006 4025 4007
f 4025 4026 4007
f 4007 4026 4008
f 4026 4027 4008
f 4008 4027 4009
f 4027 4028 4009
f 4009 4028 4010
f 4028 4029 4010
f 4010 4029 4011
f 4029 4030 4011
f 4011 4030 4012
f 4030 4031 4012
f 4012 4031 4013
f 4031 4032 4013
f 4013 4032 4014
f 4032 4033 4014
f 4014 4033 4015
f 4033 4034 4015
f 4015 4034 4016
f 4034 4035 4016
f 4016 4035 4017
f 4035 4036 4017
f 4018 4037 4019
f 4037 4038 4019
f 4019 4038 4020
f 4038 4039 4020
f 4020 4039 4021
f 4039 4040 4021
f 4021 4040 4022
f 4040 4041 4022
f 4022 4041 4023
f 4041 4042 4023
f 4023 4042 4024
f 4042 4043 4024
f 4024 4043 4025
f 4043 4044 4025
f 4025 4044 4026
f 4044 4045 4026
f 4026 4045 4027
f 4045 4046 4027
f 4027 4046 4028
f 4046 4047 4028
f 4028 4047 4029
f 4047 4048 4029
f 4029 4048 4030
f 4048 4049 4030
f 4030 4049 4031
f 4049 4050 4031
f 4031 4050 4032
f 4050 4051 4032
f 4032 4051 4033
f 4051 4052 4033
f 4033 4052 4034
f 4052 4053 4034
f 4034 4053 4035
f 4053 4054 4035
f 4035 4054 4036
f 4054 4055 4036
f 4037 4056 4038
f 4056 4057 4038
f 4038 4057 4039
f 4057 4058 4039
f 4039 4058 4040
f 4058 4059 4040
f 4040 4059 4041
f 4059 4060 4041
f 4041 4060 4042
f 4060 4061 4042
f 4042 4061 4043
f 4061 4062 4043
f 4043 4062 4044
f 4062 4063 4044
f 4044 4063 4045
f 4063 4064 4045
f 4045 4064 4046
f 4064 4065 4046
f 4046 4065 4047
f 4065 4066 4047
f 4047 4066 4048
f 4066 4067 4048
f 4048 4067 4049
f 4067 4068 4049
f 4049 4068 4050
f 4068 4069 4050
f 4050 4069 4051
f 4069 4070 4051
f 4051 4070 4052
f 4070 4071 4052
f 4052 4071 4053
f 4071 4072 4053
f 4053 4072 4054
f 4072 4073 4054
f 4054 4073 4055
f 4073 4074 4055
f 4056 4075 4057
f 4075 4076 4057
f 4057 4076 4058
f 4076 4077 4058
f 4058 4077 4059
f 4077 4078 4059
f 4059 4078 4060
f 4078 4079 4060
f 4060 4079 4061
f 4079 4080 4061
f 4061 4080 4062
f 4080 4081 4062
f 4062 4081 4063
f 4081 4082 4063
f 4063 4082 4064
f 4082 4083 4064
f 4064 4083 4065
f 4083 4084 4065
f 4065 4084 4066
f 4084 4085 4066
f 4066 4085 4067
f 4085 4086 4067
f 4067 4086 4068
f 4086 4087 4068
f 4068 4087 4069
f 4087 4088 4069
f 4069 4088 4070
f 4088 4089 4070
f 4070 4089 4071
f 4089 4090 4071
f 4071 4090 4072
f 4090 4091 4072
f 4072 4091 4073
f 4091 4092 4073
f 4073 4092 4074
f 4092 4093 4074
f 4075 4094 4076
f 4094 4095 4076
f 4076 4095 4077
f 4095 4096 4077
f 4077 4096 4078
f 4096 4097 4078
f 4078 4097 4079
f 4097 4098 4079
f 4079 4098 4080
f 4098 4099 4080
f 4080 4099 4081
f 4099 4100 4081
f 4081 4100 4082
f 4100 4101 4082
f 4082 4101 4083
f 4101 4102 4083
f 4083 4102 4084
f 4102 4103 4084
f 4084 4103 4085
f 4103 4104 4085
f 4085 4104 4086
f 4104 4105 4086
f 4086 4105 4087
f 4105 4106 4087
f 4087 4106 4088
f 4106 4107 4088
f 4088 4107 4089
f 4107 4108 4089
f 4089 4108 4090
f 4108 4109 4090
f 4090 4109 4091
f 4109 4110 4091
f 4091 4110 4092
f 4110 4111 4092
f 4092 4111 4093
f 4111 4112 4093
f 2437 2438 4113
f 2438 4114 4113
f 4113 4114 4115
f 4114 4116 4115
f 4115 4116 4117
f 4116 4118 4117
f 4117 4118 4119
f 4118 4120 4119
f 4119 4120 4121
f 4120 4122 4121
f 4121 4122 4123
f 4122 4124 4123
f 4123 4124 4125
f 4124 4126 4125
f 4125 4126 4127
f 4126 4128 4127
f 4127 4128 4129
f 4128 4130 4129
f 4129 4130 4131
f 4130 4132 4131
f 4131 4132 4133
f 4132 4134 4133
f 4133 4134 4135
f 4134 4136 4135
f 4135 4136 4137
f 4136 4138 4137
f 4137 4138 4139
f 4138 4140 4139
f 4139 4140 4141
f 4140 4142 4141
f 4141 4142 4143
f 4142 4144 4143
f 4143 4144 4145
f 4144 4146 4145
f 4145 4146 4147
f 4146 4148 4147
f 2438 2439 4114
f 2439 4149 4114
f 4114 4149 4116
f 4149 4150 4116
f 4116 4150 4118
f 4150 4151 4118
f 4118 4151 4120
f 4151 4152 4120
f 4120 4152 4122
f 4152 4153 4122
f 4122 4153 4124
f 4153 4154 4124
f 4124 4154 4126
f 4154 4155 4126
f 4126 4155 4128
f 4155 4156 4128
f 4128 4156 4130
f 4156 4157 4130
f 4130 4157 4132
f 4157 4158 4132
f 4132 4158 4134
f 4158 4159 4134
f 4134 4159 4136
f 4159 4160 4136
f 4136 4160 4138
f 4160 4161 4138
f 4138 4161 4140
f 4161 4162 4140
f 4140 4162 4142
f 4162 4163 4142
f 4142 4163 4144
f 4163 4164 4144
f 4144 4164 4146
f 4164 4165 4146
f 4146 4165 4148
f 4165 4166 4148
f 2439 2440 4149
f 2440 4167 4149
f 4149 4167 4150
f 4167 4168 4150
f 4150 4168 4151
f 4168 4169 4151
f 4151 4169 4152
f 4169 4170 4152
f 4152 4170 4153
f 4170 4171 4153
f 4153 4171 4154
f 4171 4172 4154
f 4154 4172 4155
f 4172 4173 4155
f 4155 4173 4156
f 4173 4174 4156
f 4156 4174 4157
f 4174 4175 4157
f 4157 4175 4158
f 4175 4176 4158
f 4158 4176 4159
f 4176 4177 4159
f 4159 4177 4160
f 4177 4178 4160
f 4160 4178 4161
f 4178 4179 4161
f 4161 4179 4162
f 4179 4180 4162
f 4162 4180 4163
f 4180 4181 4163
f 4163 4181 4164
f 4181 4182 4164
f 4164 4182 4165
f 4182 4183 4165
f 4165 4183 4166
f 4183 4184 4166
f 2440 2441 4167
f 2441 4185 4167
f 4167 4185 4168
f 4185 4186 4168
f 4168 4186 4169
f 4186 4187 4169
f 4169 4187 4170
f 4187 4188 4170
f 4170 4188 4171
f 4188 4189 4171
f 4171 4189 4172
f 4189 4190 4172
f 4172 4190 4173
f 4190 4191 4173
f 4173 4191 4174
f 4191 4192 4174
f 4174 4192 4175
f 4192 4193 4175
f 4175 4193 4176
f 4193 4194 4176
f 4176 4194 4177
f 4194 4195 4177
f 4177 4195 4178
f 4195 4196 4178
f 4178 4196 4179
f 4196 4197 4179
f 4179 4197 4180
f 4197 4198 4180
f 4180 4198 4181
f 4198 4199 4181
f 4181 4199 4182
f 4199 4200 4182
f 4182 4200 4183
f 4200 4201 4183
f 4183 4201 4184
f 4201 4202 4184
f 2441 2442 4185
f 2442 4203 4185
f 4185 4203 4186
f 4203 4204 4186
f 4186 4204 4187
f 4204 4205 4187
f 4187 4205 4188
f 4205 4206 4188
f 4188 4206 4189
f 4206 4207 4189
f 4189 4207 4190
f 4207 4208 4190
f 4190 4208 4191
f 4208 4209 4191
f 4191 4209 4192
f 4209 4210 4192
f 4192 4210 4193
f 4210 4211 4193
f 4193 4211 4194
f 4211 4212 4194
f 4194 4212 4195
f 4212 4213 4195
f 4195 4213 4196
f 4213 4214 4196
f 4196 4214 4197
f 4214 4215 4197
f 4197 4215 4198
f 4215 4216 4198
f 4198 4216 4199
f 4216 4217 4199
f 4199 4217 4200
f 4217 4218 4200
f 4200 4218 4201
f 4218 4219 4201
f 4201 4219 4202
f 4219 4220 4202
f 2442 2443 4203
f 2443 4221 4203
f 4203 4221 4204
f 4221 4222 4204
f 4204 4222 4205
f 4222 4223 4205
f 4205 4223 4206
f 4223 4224 4206
f 4206 4224 4207
f 4224 4225 4207
f 4207 4225 4208
f 4225 4226 4208
f 4208 4226 4209
f 4226 4227 4209
f 4209 4227 4210
f 4227 4228 4210
f 4210 4228 4211
f 4228 4229 4211
f 4211 4229 4212
f 4229 4230 4212
f 4212 4230 4213
f 4230 4231 4213
f 4213 4231 4214
f 4231 4232 4214
f 4214 4232 4215
f 4232 4233 4215
f 4215 4233 4216
f 4233 4234 4216
f 4216 4234 4217
f 4234 4235 4217
f 4217 4235 4218
f 4235 4236 4218
f 4218 4236 4219
f 4236 4237 4219
f 4219 4237 4220
f 4237 4238 4220
f 2443 2444 4221
f 2444 4239 4221
f 4221 4239 4222
f 4239 4240 4222
f 4222 4240 4223
f 4240 4241 4223
f 4223 4241 4224
f 4241 4242 4224
f 4224 4242 4225
f 4242 4243 4225
f 4225 4243 4226
f 4243 4244 4226
f 4226 4244 4227
f 4244 4245 4227
f 4227 4245 4228
f 4245 4246 4228
f 4228 4246 4229
f 4246 4247 4229
f 4229 4247 4230
f 4247 4248 4230
f 4230 4248 4231
f 4248 4249 4231
f 4231 4249 4232
f 4249 4250 4232
f 4232 4250 4233
f 4250 4251 4233
f 4233 4251 4234
f 4251 4252 4234
f 4234 4252 4235
f 4252 4253 4235
f 4235 4253 4236
f 4253 4254 4236
f 4236 4254 4237
f 4254 4255 4237
f 4237 4255 4238
f 4255 4256 4238
f 2444 2445 4239
f 2445 4257 4239
f 4239 4257 4240
f 4257 4258 4240
f 4240 4258 4241
f 4258 4259 4241
f 4241 4259 4242
f 4259 4260 4242
f 4242 4260 4243
f 4260 4261 4243
f 4243 4261 4244
f 4261 4262 4244
f 4244 4262 4245
f 4262 4263 4245
f 4245 4263 4246
f 4263 4264 4246
f 4246 4264 4247
f 4264 4265 4247
f 4247 4265 4248
f 4265 4266 4248
f 4248 4266 4249
f 4266 4267 4249
f 4249 4267 4250
f 4267 4268 4250
f 4250 4268 4251
f 4268 4269 4251
f 4251 4269 4252
f 4269 4270 4252
f 4252 4270 4253
f 4270 4271 4253
f 4253 4271 4254
f 4271 4272 4254
f 4254 4272 4255
f 4272 4273 4255
f 4255 4273 4256
f 4273 4274 4256
f 2445 2446 4257
f 2446 4275 4257
f 4257 4275 4258
f 4275 4276 4258
f 4258 4276 4259
f 4276 4277 4259
f 4259 4277 4260
f 4277 4278 4260
f 4260 4278 4261
f 4278 4279 4261
f 4261 4279 4262
f 4279 4280 4262
f 4262 4280 4263
f 4280 4281 4263
f 4263 4281 4264
f 4281 4282 4264
f 4264 4282 4265
f 4282 4283 4265
f 4265 4283 4266
f 4283 4284 4266
f 4266 4284 4267
f 4284 4285 4267
f 4267 4285 4268
f 4285 4286 4268
f 4268 4286 4269
f 4286 4287 4269
f 4269 4287 4270
f 4287 4288 4270
f 4270 4288 4271
f 4288 4289 4271
f 4271 4289 4272
f 4289 4290 4272
f 4272 4290 4273
f 4290 4291 4273
f 4273 4291 4274
f 4291 4292 4274
f 2446 2447 4275
f 2447 4293 4275
f 4275 4293 4276
f 4293 4294 4276
f 4276 4294 4277
f 4294 4295 4277
f 4277 4295 4278
f 4295 4296 4278
f 4278 4296 4279
f 4296 4297 4279
f 4279 4297 4280
f 4297 4298 4280
f 4280 4298 4281
f 4298 4299 4281
f 4281 4299 4282
f 4299 4300 4282
f 4282 4300 4283
f 4300 4301 4283
f 4283 4301 4284
f 4301 4302 4284
f 4284 4302 4285
f 4302 4303 4285
f 4285 4303 4286
f 4303 4304 4286
f 4286 4304 4287
f 4304 4305 4287
f 4287 4305 4288
f 4305 4306 4288
f 4288 4306 4289
f 4306 4307 4289
f 4289 4307 4290
f 4307 4308 4290
f 4290 4308 4291
f 4308 4309 4291
f 4291 4309 4292
f 4309 4310 4292
f 2447 2448 4293
f 2448 4311 4293
f 4293 4311 4294
f 4311 4312 4294
f 4294 4312 4295
f 4312 4313 4295
f 4295 4313 4296
f 4313 4314 4296
f 4296 4314 4297
f 4314 4315 4297
f 4297 4315 4298
f 4315 4316 4298
f 4298 4316 4299
f 4316 4317 4299
f 4299 4317 4300
f 4317 4318 4300
f 4300 4318 4301
f 4318 4319 4301
f 4301 4319 4302
f 4319 4320 4302
f 4302 4320 4303
f 4320 4321 4303
f 4303 4321 4304
f 4321 4322 4304
f 4304 4322 4305
f 4322 4323 4305
f 4305 4323 4306
f 4323 4324 4306
f 4306 4324 4307
f 4324 4325 4307
f 4307 4325 4308
f 4325 4326 4308
f 4308 4326 4309
f 4326 4327 4309
f 4309 4327 4310
f 4327 4328 4310
f 2448 2449 4311
f 2449 4329 4311
f 4311 4329 4312
f 4329 4330 4312
f 4312 4330 4313
f 4330 4331 4313
f 4313 4331 4314
f 4331 4332 4314
f 4314 4332 4315
f 4332 4333 4315
f 4315 4333 4316
f 4333 4334 4316
f 4316 4334 4317
f 4334 4335 4317
f 4317 4335 4318
f 4335 4336 4318
f 4318 4336 4319
f 4336 4337 4319
f 4319 4337 4320
f 4337 4338 4320
f 4320 4338 4321
f 4338 4339 4321
f 4321 4339 4322
f 4339 4340 4322
f 4322 4340 4323
f 4340 4341 4323
f 4323 4341 4324
f 4341 4342 4324
f 4324 4342 4325
f 4342 4343 4325
f 4325 4343 4326
f 4343 4344 4326
f 4326 4344 4327
f 4344 4345 4327
f 4327 4345 4328
f 4345 4346 4328
f 2449 2450 4329
f 2450 4347 4329
f 4329 4347 4330
f 4347 4348 4330
f 4330 4348 4331
f 4348 4349 4331
f 4331 4349 4332
f 4349 4350 4332
f 4332 4350 4333
f 4350 4351 4333
f 4333 4351 4334
f 4351 4352 4334
f 4334 4352 4335
f 4352 4353 4335
f 4335 4353 4336
f 4353 4354 4336
f 4336 4354 4337
f 4354 4355 4337
f 4337 4355 4338
f 4355 4356 4338
f 4338 4356 4339
f 4356 4357 4339
f 4339 4357 4340
f 4357 4358 4340
f 4340 4358 4341
f 4358 4359 4341
f 4341 4359 4342
f 4359 4360 4342
f 4342 4360 4343
f 4360 4361 4343
f 4343 4361 4344
f 4361 4362 4344
f 4344 4362 4345
f 4362 4363 4345
f 4345 4363 4346
f 4363 4364 4346
f 2450 2451 4347
f 2451 4365 4347
f 4347 4365 4348
f 4365 4366 4348
f 4348 4366 4349
f 4366 4367 4349
f 4349 4367 4350
f 4367 4368 4350
f 4350 4368 4351
f 4368 4369 4351
f 4351 4369 4352
f 4369 4370 4352
f 4352 4370 4353
f 4370 4371 4353
f 4353 4371 4354
f 4371 4372 4354
f 4354 4372 4355
f 4372 4373 4355
f 4355 4373 4356
f 4373 4374 4356
f 4356 4374 4357
f 4374 4375 4357
f 4357 4375 4358
f 4375 4376 4358
f 4358 4376 4359
f 4376 4377 4359
f 4359 4377 4360
f 4377 4378 4360
f 4360 4378 4361
f 4378 4379 4361
f 4361 4379 4362
f 4379 4380 4362
f 4362 4380 4363
f 4380 4381 4363
f 4363 4381 4364
f 4381 4382 4364
f 2451 2452 4365
f 2452 4383 4365
f 4365 4383 4366
f 4383 4384 4366
f 4366 4384 4367
f 4384 4385 4367
f 4367 4385 4368
f 4385 4386 4368
f 4368 4386 4369
f 4386 4387 4369
f 4369 4387 4370
f 4387 4388 4370
f 4370 4388 4371
f 4388 4389 4371
f 4371 4389 4372
f 4389 4390 4372
f 4372 4390 4373
f 4390 4391 4373
f 4373 4391 4374
f 4391 4392 4374
f 4374 4392 4375
f 4392 4393 4375
f 4375 4393 4376
f 4393 4394 4376
f 4376 4394 4377
f 4394 4395 4377
f 4377 4395 4378
f 4395 4396 4378
f 4378 4396 4379
f 4396 4397 4379
f 4379 4397 4380
f 4397 4398 4380
f 4380 4398 4381
f 4398 4399 4381
f 4381 4399 4382
f 4399 4400 4382
f 2452 2453 4383
f 2453 4401 4383
f 4383 4401 4384
f 4401 4402 4384
f 4384 4402 4385
f 4402 4403 4385
f 4385 4403 4386
f 4403 4404 4386
f 4386 4404 4387
f 4404 4405 4387
f 4387 4405 4388
f 4405 4406 4388
f 4388 4406 4389
f 4406 4407 4389
f 4389 4407 4390
f 4407 4408 4390
f 4390 4408 4391
f 4408 4409 4391
f 4391 4409 4392
f 4409 4410 4392
f 4392 4410 4393
f 4410 4411 4393
f 4393 4411 4394
f 4411 4412 4394
f 4394 4412 4395
f 4412 4413 4395
f 4395 4413 4396
f 4413 4414 4396
f 4396 4414 4397
f 4414 4415 4397
f 4397 4415 4398
f 4415 4416 4398
f 4398 4416 4399
f 4416 4417 4399
f 4399 4417 4400
f 4417 4418 4400
f 2453 2454 4401
f 2454 4419 4401
f 4401 4419 4402
f 4419 4420 4402
f 4402 4420 4403
f 4420 4421 4403
f 4403 4421 4404
f 4421 4422 4404
f 4404 4422 4405
f 4422 4423 4405
f 4405 4423 4406
f 4423 4424 4406
f 4406 4424 4407
f 4424 4425 4407
f 4407 4425 4408
f 4425 4426 4408
f 4408 4426 4409
f 4426 4427 4409
f 4409 4427 4410
f 4427 4428 4410
f 4410 4428 4411
f 4428 4429 4411
f 4411 4429 4412
f 4429 4430 4412
f 4412 4430 4413
f 4430 4431 4413
f 4413 4431 4414
f 4431 4432 4414
f 4414 4432 4415
f 4432 4433 4415
f 4415 4433 4416
f 4433 4434 4416
f 4416 4434 4417
f 4434 4435 4417
f 4417 4435 4418
f 4435 4436 4418
f 2454 2455 4419
f 2455 4437 4419
f 4419 4437 4420
f 4437 4438 4420
f 4420 4438 4421
f 4438 4439 4421
f 4421 4439 4422
f 4439 4440 4422
f 4422 4440 4423
f 4440 4441 4423
f 4423 4441 4424
f 4441 4442 4424
f 4424 4442 4425
f 4442 4443 4425
f 4425 4443 4426
f 4443 4444 4426
f 4426 4444 4427
f 4444 4445 4427
f 4427 4445 4428
f 4445 4446 4428
f 4428 4446 4429
f 4446 4447 4429
f 4429 4447 4430
f 4447 4448 4430
f 4430 4448 4431
f 4448 4449 4431
f 4431 4449 4432
f 4449 4450 4432
f 4432 4450 4433
f 4450 4451 4433
f 4433 4451 4434
f 4451 4452 4434
f 4434 4452 4435
f 4452 4453 4435
f 4435 4453 4436
f 4453 4454 4436
f 4455 4456 4457
f 4456 4458 4457
f 4459 4460 2292
f 4460 4461 2292
f 2292 4461 1930
f 4461 4462 1930
f 4462 4463 1930
f 1930 4463 2455
f 4463 4464 2455
f 2455 4464 4459
f 4464 4465 4459
f 4459 4465 4460
f 1936 890 1125
f 1936 1125 1937
f 1125 1142 1937
f 1937 1142 1947
f 1142 1143 1947
f 1947 1143 1956
f 1143 1144 1956
f 1956 1144 1967
f 1144 1145 1967
f 1967 1145 1980
f 1145 1146 1980
f 1980 1146 1995
f 1146 1147 1995
f 1995 1147 2012
f 1147 1148 2012
f 2012 1148 2031
f 1148 1149 2031
f 2031 1149 2052
f 1149 1150 2052
f 2052 1150 2075
f 1150 1151 2075
f 2075 1151 2100
f 1151 1152 2100
f 2100 1152 2127
f 1152 1153 2127
f 2127 1153 2156
f 1153 1154 2156
f 2156 1154 2187
f 1154 1155 2187
f 2187 1155 2219
f 1155 1156 2219
f 2219 1156 2237
f 1156 885 2237
f 2237 885 2254
f 885 865 2254
f 2254 865 884
f 4466 4467 4468
f 4469 4470 4468
f 4471 4472 4473
f 4472 4474 4473
f 4467 4475 4468
f 4475 4476 4468
f 4468 4476 4477
f 4477 4478 4468
f 4478 4479 4468
f 4468 4479 4472
f 4479 4480 4472
f 4472 4480 4474
f 4472 4481 4482
f 4483 4484 4485
f 4484 4486 4485
f 4485 4486 4487
f 4487 4488 4485
f 4488 4489 4485
f 4485 4489 4490
f 4491 4492 4493
f 4493 4494 4491
f 4494 4495 4491
f 4491 4495 4496
f 4470 4497 4468
f 4497 4498 4468
f 4468 4498 4466
f 4472 4499 4500
f 4501 4502 4503
f 4504 4505 4506
f 4496 4507 4491
f 4507 4508 4491
f 4491 4508 4468
f 4508 4509 4468
f 4468 4509 4469
f 4471 4510 4472
f 4510 4511 4472
f 4472 4511 4499
f 4472 4482 4485
f 4482 4512 4485
f 4485 4512 4483
f 4501 4503 4513
f 4514 4515 4506
f 4515 4516 4506
f 4506 4516 4491
f 4516 4517 4491
f 4491 4517 4518
f 4518 4519 4491
f 4519 4520 4491
f 4491 4520 4492
f 4500 4521 4472
f 4521 4522 4472
f 4472 4522 4481
f 4506 4523 4524
f 4490 4525 4485
f 4525 4526 4485
f 4485 4526 4527
f 4502 4528 4503
f 4528 4529 4503
f 4503 4529 4530
f 4530 4531 4503
f 4531 4532 4503
f 4503 4532 4533
f 4505 4534 4506
f 4534 4535 4506
f 4506 4535 4523
f 4524 4536 4506
f 4536 4537 4506
f 4506 4537 4514
f 4533 4538 4503
f 4538 4539 4503
f 4503 4539 4506
f 4539 4540 4506
f 4506 4540 4504
f 4527 4541 4485
f 4541 4542 4485
f 4485 4542 4503
f 4542 4543 4503
f 4503 4543 4513
f 7 4455 8
f 4455 4457 8
f 4544 4545 4546
f 4547 4548 4549
f 4548 4550 4549
f 4549 4550 4551
f 4545 4552 4546
f 4552 4553 4546
f 4546 4553 4554
f 4555 4556 4557
f 4557 4558 4559
f 4559 4560 4557
f 4560 4561 4557
f 4557 4561 4562
f 4561 4563 4562
f 4564 4565 4549
f 4551 4566 4549
f 4566 4567 4549
f 4549 4567 4568
f 4569 4570 4546
f 4570 4571 4546
f 4546 4571 4544
f 4554 4572 4546
f 4572 4573 4546
f 4546 4573 4574
f 4563 4575 4562
f 4575 4576 4562
f 4562 4576 4577
f 4565 4578 4549
f 4578 4579 4549
f 4549 4579 4547
f 4568 4580 4549
f 4580 4581 4549
f 4549 4581 4582
f 4556 4583 4557
f 4583 4584 4557
f 4557 4584 4558
f 4577 4585 4562
f 4585 4586 4562
f 4562 4586 4587
f 4582 4588 4549
f 4588 4589 4549
f 4549 4589 4546
f 4589 4590 4546
f 4546 4590 4569
f 4557 4591 4592
f 4587 4593 4562
f 4593 4594 4562
f 4562 4594 4595
f 4596 4597 4598
f 4599 4600 4601
f 4592 4602 4557
f 4602 4603 4557
f 4557 4603 4555
f 4574 4604 4546
f 4604 4605 4546
f 4546 4605 4606
f 4546 4607 4596
f 4607 4608 4596
f 4596 4608 4597
f 4609 4610 4611
f 4610 4612 4611
f 4611 4612 4613
f 4614 4615 4616
f 4615 4617 4616
f 4616 4617 4549
f 4617 4618 4549
f 4549 4618 4564
f 4606 4619 4546
f 4619 4620 4546
f 4546 4620 4607
f 4599 4601 4611
f 4601 4621 4611
f 4611 4621 4609
f 4598 4622 4596
f 4622 4611 4596
f 4596 4611 4623
f 4611 4613 4623
f 4624 4599 4557
f 4599 4625 4557
f 4557 4625 4591
f 4626 4627 4628
f 4595 4629 4562
f 4629 4630 4562
f 4562 4630 4631
f 4630 4626 4631
f 4632 4626 4633
f 4626 4634 4633
f 4633 4634 4616
f 4634 4635 4616
f 4616 4635 4614
f 4632 4636 4626
f 4636 4637 4626
f 4626 4637 4638
f 4624 4639 4599
f 4639 4640 4599
f 4599 4640 4641
f 4641 4642 4599
f 4642 4643 4599
f 4599 4643 4644
f 4644 4645 4599
f 4645 4646 4599
f 4599 4646 4600
f 4647 4626 4648
f 4626 4649 4648
f 4647 4650 4626
f 4650 4651 4626
f 4626 4651 4631
f 4638 4652 4626
f 4652 4653 4626
f 4626 4653 4627
f 4628 4654 4626
f 4654 4655 4626
f 4626 4655 4649
f 503 504 829
f 503 829 502
f 829 830 502
f 502 830 501
f 830 831 501
f 501 831 500
f 831 832 500
f 500 832 499
f 832 833 499
f 499 833 498
f 833 834 498
f 498 834 497
f 834 835 497
f 497 835 496
f 835 836 496
f 496 836 495
f 836 837 495
f 495 837 494
f 837 838 494
f 494 838 493
f 838 839 493
f 493 839 492
f 839 840 492
f 492 840 491
f 840 841 491
f 491 841 490
f 841 842 490
f 490 842 489
f 842 843 489
f 489 843 488
f 843 844 488
f 488 844 487
f 844 845 487
f 487 845 486
f 845 846 486
f 486 846 161
f 4485 4503 4656
f 4503 4657 4656
f 4456 1 4458
f 1 3 4458
f 3752 4658 1245
f 4658 4656 1245
f 1245 4656 2273
f 4656 4657 2273
f 4657 4659 2273
f 2273 4659 4660
f 4659 4661 4660
f 4660 4661 3752
f 4661 4662 3752
f 3752 4662 4658
f 504 1570 1572
f 504 1572 505
f 1572 1574 505
f 505 1574 776
f 1574 1576 776
f 776 1576 775
f 1576 1578 775
f 775 1578 774
f 1578 1580 774
f 774 1580 773
f 1580 1582 773
f 773 1582 772
f 1582 1584 772
f 772 1584 771
f 1584 1586 771
f 771 1586 770
f 1586 1588 770
f 770 1588 769
f 1588 1590 769
f 769 1590 768
f 1590 1592 768
f 768 1592 767
f 1592 1594 767
f 767 1594 766
f 1594 1596 766
f 766 1596 765
f 1596 1598 765
f 765 1598 764
f 1598 1600 764
f 764 1600 763
f 1600 1602 763
f 763 1602 762
f 1602 1604 762
f 762 1604 745
f 1604 1606 745
f 745 1606 510
f 4472 4485 4658
f 4485 4656 4658
f 4663 4664 4665
f 4664 4666 4665
f 4665 4666 4667
f 4666 4668 4667
f 4667 4668 4669
f 4668 4670 4669
f 4669 4670 4671
f 4670 4672 4671
f 4671 4672 4673
f 4672 4674 4673
f 4673 4674 4675
f 4674 4676 4675
f 4675 4676 4677
f 4676 4678 4677
f 4677 4678 4679
f 4678 4680 4679
f 4679 4680 4681
f 4680 4682 4681
f 4681 4682 4683
f 4682 4684 4683
f 4683 4684 4685
f 4684 4686 4685
f 4685 4686 4687
f 4686 4688 4687
f 4687 4688 4689
f 4688 4690 4689
f 4689 4690 4691
f 4690 4692 4691
f 4691 4692 4693
f 4692 4694 4693
f 4693 4694 4695
f 4694 4696 4695
f 4695 4696 4697
f 4696 4698 4697
f 4697 4698 4699
f 4698 4700 4699
f 4699 4700 4701
f 4700 4702 4701
f 4701 4702 4703
f 4702 4704 4703
f 4703 4704 4705
f 4704 4706 4705
f 4705 4706 4707
f 4706 4708 4707
f 4707 4708 4709
f 4708 4710 4709
f 4709 4710 4711
f 4710 4712 4711
f 4711 4712 4713
f 4712 4714 4713
f 4713 4714 4715
f 4714 4716 4715
f 4715 4716 4717
f 4716 4718 4717
f 4717 4718 4719
f 4718 4720 4719
f 4719 4720 4721
f 4720 4722 4721
f 4721 4722 4723
f 4722 4724 4723
f 4723 4724 4725
f 4724 4726 4725
f 4725 4726 4727
f 4726 4728 4727
f 4727 4728 4729
f 4728 4730 4729
f 4729 4730 4731
f 4730 4732 4731
f 4731 4732 4733
f 4732 4734 4733
f 4733 4734 4546
f 4734 4549 4546
f 17 161 14
f 161 846 14
f 14 846 13
f 846 884 13
f 13 884 88
f 884 865 88
f 88 865 17
f 865 161 17
f 4735 4454 4453
f 4735 4453 4736
f 4453 4452 4736
f 4736 4452 4737
f 4452 4451 4737
f 4737 4451 4738
f 4451 4450 4738
f 4738 4450 4739
f 4450 4449 4739
f 4739 4449 4740
f 4449 4448 4740
f 4740 4448 4741
f 4448 4447 4741
f 4741 4447 4742
f 4447 4446 4742
f 4742 4446 4743
f 4446 4445 4743
f 4743 4445 4744
f 4445 4444 4744
f 4744 4444 4745
f 4444 4443 4745
f 4745 4443 4746
f 4443 4442 4746
f 4746 4442 4747
f 4442 4441 4747
f 4747 4441 4748
f 4441 4440 4748
f 4748 4440 4749
f 4440 4439 4749
f 4749 4439 4750
f 4439 4438 4750
f 4750 4438 4751
f 4438 4437 4751
f 4751 4437 4752
f 4437 2455 4752
f 4752 2455 4459
f 1569 4094 1550
f 4094 4075 1550
f 1550 4075 1531
f 4075 4056 1531
f 1531 4056 1512
f 4056 4037 1512
f 1512 4037 1493
f 4037 4018 1493
f 1493 4018 1474
f 4018 3999 1474
f 1474 3999 1455
f 3999 3980 1455
f 1455 3980 1436
f 3980 3961 1436
f 1436 3961 1417
f 3961 3942 1417
f 1417 3942 1398
f 3942 3923 1398
f 1398 3923 1379
f 3923 3904 1379
f 1379 3904 1360
f 3904 3885 1360
f 1360 3885 1341
f 3885 3866 1341
f 1341 3866 1322
f 3866 3847 1322
f 1322 3847 1303
f 3847 3828 1303
f 1303 3828 1284
f 3828 3809 1284
f 1284 3809 1265
f 3809 3790 1265
f 1265 3790 1246
f 3790 3753 1246
f 1246 3753 1245
f 3753 3752 1245
f 4616 4549 4734
f 4710 1551 1532
f 1532 1513 4710
f 1513 1494 4710
f 4710 1494 1475
f 4714 4712 1342
f 4682 4680 1874
f 4734 4732 4616
f 4732 4730 4616
f 4616 4730 2255
f 4730 4728 2255
f 4728 4726 2255
f 2255 4726 4724
f 4724 4722 2255
f 4722 4720 2255
f 2255 4720 1209
f 4720 1210 1209
f 1475 1456 4710
f 1456 1437 4710
f 4710 1437 1418
f 4718 4716 1304
f 4716 4714 1304
f 1304 4714 1323
f 4714 1342 1323
f 4664 4753 4666
f 4753 4668 4666
f 1760 1741 4688
f 1304 1285 4718
f 1285 1266 4718
f 4718 1266 4720
f 1266 1247 4720
f 4720 1247 1210
f 1418 1399 4710
f 1399 1380 4710
f 4710 1380 4712
f 1380 1361 4712
f 4712 1361 1342
f 2274 4672 4753
f 4672 4670 4753
f 4753 4670 4668
f 1741 1722 4688
f 1722 1703 4688
f 4688 1703 4690
f 1684 4694 1703
f 4694 4692 1703
f 1703 4692 4690
f 2466 2468 503
f 1874 4680 1893
f 4680 4678 1893
f 1893 4678 1912
f 4678 4676 1912
f 1912 4676 2274
f 4676 4674 2274
f 2274 4674 4672
f 2528 2530 1627
f 2530 2532 1627
f 1627 2532 2534
f 2508 2510 504
f 2516 2518 504
f 2518 2520 504
f 504 2520 2522
f 2534 2536 1627
f 2536 2538 1627
f 1627 2538 2540
f 2586 2588 1551
f 2466 503 2464
f 2468 2470 503
f 2470 2472 503
f 503 2472 2474
f 2474 2476 503
f 2476 2478 503
f 503 2478 2480
f 2480 2482 503
f 2482 2484 503
f 503 2484 2486
f 2510 2512 504
f 2512 2514 504
f 504 2514 2516
f 1874 1855 4682
f 1855 1836 4682
f 4682 1836 4684
f 1836 1817 4684
f 4684 1817 4686
f 1817 1798 4686
f 4686 1798 4688
f 1798 1779 4688
f 4688 1779 1760
f 4706 4704 2578
f 2528 1627 2526
f 1627 1608 2526
f 2526 1608 1571
f 4710 4708 2582
f 4708 4706 2582
f 2582 4706 2580
f 4706 2578 2580
f 4710 2582 1551
f 2582 2584 1551
f 1551 2584 2586
f 2570 2572 4704
f 2458 2460 503
f 2460 2462 503
f 503 2462 2464
f 2522 2524 504
f 2524 2526 504
f 504 2526 1570
f 2526 1571 1570
f 2540 2542 1627
f 2542 2544 1627
f 1627 2544 1646
f 2544 2546 1646
f 1646 2546 2548
f 2588 2590 1551
f 2590 2592 1551
f 1551 2592 2594
f 2554 4696 2552
f 4696 4694 2552
f 2552 4694 2550
f 4694 1684 2550
f 2550 1684 2548
f 1684 1665 2548
f 2548 1665 1646
f 2572 2574 4704
f 2574 2576 4704
f 4704 2576 2578
f 2594 2596 1551
f 2596 2598 1551
f 1551 2598 503
f 2598 2456 503
f 503 2456 2458
f 2486 2488 503
f 2488 2490 503
f 503 2490 504
f 2490 2492 504
f 2492 2494 504
f 504 2494 2496
f 2502 2504 504
f 2504 2506 504
f 504 2506 2508
f 2496 2498 504
f 2498 2500 504
f 504 2500 2502
f 4702 2566 4704
f 2566 2568 4704
f 4704 2568 2570
f 2554 2556 4696
f 2556 2558 4696
f 4696 2558 4698
f 2558 2560 4698
f 4698 2560 4700
f 2560 2562 4700
f 4700 2562 4702
f 2562 2564 4702
f 4702 2564 2566
f 3788 4719 4754
f 4719 4721 4754
f 4754 4721 4723
f 4546 4596 4733
f 4596 4731 4733
f 3788 3789 4719
f 3789 3808 4719
f 4719 3808 4717
f 4723 4725 4754
f 4725 4727 4754
f 4754 4727 4596
f 4727 4729 4596
f 4596 4729 4731
f 4755 3979 4756
f 3979 4757 4756
f 3808 3827 4717
f 3827 3846 4717
f 4717 3846 4715
f 3846 3865 4715
f 4715 3865 4713
f 3865 3884 4713
f 4713 3884 4711
f 3884 3903 4711
f 3903 3922 4711
f 4711 3922 4709
f 3922 3941 4709
f 4709 3941 3960
f 4755 4758 3979
f 4758 4759 3979
f 3979 4759 4760
f 4761 4663 4665
f 4757 3979 4762
f 3979 3998 4762
f 4762 3998 4763
f 3998 4017 4763
f 4017 4036 4763
f 4763 4036 4055
f 4735 4673 4675
f 4665 4667 4761
f 4667 4669 4761
f 4761 4669 4735
f 4669 4671 4735
f 4735 4671 4673
f 3960 3979 4709
f 3979 4760 4709
f 4709 4760 4707
f 4760 4705 4707
f 4685 4687 4328
f 4364 4382 4681
f 4382 4400 4681
f 4681 4400 4679
f 4400 4418 4679
f 4679 4418 4677
f 4418 4436 4677
f 4677 4436 4675
f 4436 4454 4675
f 4675 4454 4735
f 4764 4765 1936
f 4681 4683 4364
f 4683 4685 4364
f 4364 4685 4346
f 4685 4328 4346
f 4766 4695 4767
f 4695 4697 4767
f 4767 4697 4768
f 4697 4699 4768
f 4768 4699 4769
f 4699 4701 4769
f 4769 4701 4760
f 4701 4703 4760
f 4760 4703 4705
f 4770 4771 890
f 4766 4772 4695
f 4772 4773 4695
f 4695 4773 4693
f 4773 4774 4693
f 4693 4774 4775
f 4765 4776 1936
f 4776 4777 1936
f 1936 4777 4778
f 4775 4779 4693
f 4779 4780 4693
f 4693 4780 4781
f 4778 4782 1936
f 4782 4783 1936
f 1936 4783 890
f 4783 4784 890
f 4784 4785 890
f 890 4785 4786
f 4781 4787 4693
f 4787 4788 4693
f 4693 4788 4789
f 4790 4791 4147
f 4786 4792 890
f 4792 4793 890
f 890 4793 4770
f 4771 4794 890
f 4794 4795 890
f 890 4795 4796
f 4789 4797 4693
f 4797 4798 4693
f 4693 4798 4799
f 4055 4074 4763
f 4074 4093 4763
f 4763 4093 4796
f 4093 4112 4796
f 4796 4112 890
f 4799 4800 4693
f 4800 4801 4693
f 4693 4801 4802
f 4791 4803 4147
f 4803 4804 4147
f 4147 4804 1936
f 4804 4805 1936
f 4806 4807 1936
f 4807 4808 1936
f 1936 4808 4809
f 4802 4810 4693
f 4810 4811 4693
f 4693 4811 4812
f 4812 4238 4693
f 4238 4256 4693
f 4693 4256 4691
f 4256 4274 4691
f 4691 4274 4689
f 4274 4292 4689
f 4689 4292 4687
f 4292 4310 4687
f 4687 4310 4328
f 4809 4813 1936
f 4813 4814 1936
f 1936 4814 4764
f 4815 4816 4147
f 4816 4817 4147
f 4805 4818 1936
f 4818 4819 1936
f 1936 4819 4820
f 4817 4821 4147
f 4821 4822 4147
f 4147 4822 4790
f 4820 4823 1936
f 4823 4824 1936
f 1936 4824 4806
f 4815 4147 4825
f 4147 4148 4825
f 4825 4148 4826
f 4148 4166 4826
f 4166 4184 4826
f 4826 4184 4202
f 4812 4827 4238
f 4827 4826 4238
f 4238 4826 4220
f 4826 4202 4220
f 167 847 1569
f 847 4094 1569
f 4828 4829 4562
f 4829 4557 4562
f 82 4830 63
f 4830 4831 63
f 63 4831 62
f 4831 4832 62
f 62 4832 61
f 4832 4833 61
f 61 4833 64
f 4833 4834 64
f 64 4834 65
f 4834 4835 65
f 65 4835 66
f 4835 4836 66
f 66 4836 86
f 4836 4837 86
f 86 4837 87
f 4837 4838 87
f 87 4838 58
f 4838 4839 58
f 58 4839 59
f 4839 4840 59
f 59 4840 60
f 4840 4841 60
f 60 4841 23
f 4841 4842 23
f 23 4842 24
f 4842 4843 24
f 24 4843 33
f 4843 4844 33
f 33 4844 34
f 4844 4845 34
f 34 4845 35
f 4845 4846 35
f 35 4846 47
f 4846 4847 47
f 47 4847 48
f 4847 4848 48
f 48 4848 49
f 4848 4849 49
f 49 4849 15
f 4849 4850 15
f 15 4850 16
f 4850 4851 16
f 16 4851 50
f 4851 4852 50
f 50 4852 51
f 4852 4853 51
f 51 4853 52
f 4853 4854 52
f 52 4854 53
f 4854 4855 53
f 53 4855 54
f 4855 4856 54
f 54 4856 55
f 4856 4857 55
f 55 4857 67
f 4857 4858 67
f 67 4858 68
f 4858 4859 68
f 68 4859 69
f 4859 4860 69
f 69 4860 70
f 4860 4861 70
f 70 4861 71
f 4861 4862 71
f 71 4862 72
f 4862 4863 72
f 72 4863 73
f 4863 4864 73
f 73 4864 74
f 4864 4865 74
f 74 4865 75
f 4865 4866 75
f 75 4866 25
f 4866 4867 25
f 25 4867 18
f 4867 4868 18
f 18 4868 19
f 4868 4869 19
f 19 4869 36
f 4869 4870 36
f 36 4870 37
f 4870 4871 37
f 37 4871 26
f 4871 4872 26
f 26 4872 27
f 4872 4873 27
f 27 4873 28
f 4873 4874 28
f 28 4874 29
f 4874 4875 29
f 29 4875 30
f 4875 4876 30
f 30 4876 31
f 4876 4877 31
f 31 4877 32
f 4877 4878 32
f 32 4878 22
f 4878 4879 22
f 22 4879 21
f 4879 4880 21
f 21 4880 20
f 4880 4881 20
f 20 4881 40
f 4881 4882 40
f 40 4882 41
f 4882 4883 41
f 41 4883 42
f 4883 4884 42
f 42 4884 43
f 4884 4885 43
f 43 4885 56
f 4885 4886 56
f 56 4886 57
f 4886 4887 57
f 57 4887 38
f 4887 4888 38
f 38 4888 39
f 4888 4889 39
f 39 4889 44
f 4889 4890 44
f 44 4890 45
f 4890 4891 45
f 45 4891 46
f 4891 4892 46
f 46 4892 76
f 4892 4893 76
f 76 4893 77
f 4893 4894 77
f 77 4894 78
f 4894 4895 78
f 78 4895 79
f 4895 4896 79
f 79 4896 80
f 4896 4897 80
f 80 4897 81
f 4897 4898 81
f 81 4898 84
f 4898 4899 84
f 84 4899 85
f 4899 4900 85
f 85 4900 83
f 4900 4901 83
f 83 4901 82
f 4901 4830 82
f 4902 4903 4904
f 4903 4905 4904
f 3788 4754 4906
f 3788 4906 3786
f 4906 4907 3786
f 3786 4907 3784
f 4907 4908 3784
f 3784 4908 3782
f 4908 4909 3782
f 3782 4909 3780
f 4909 4910 3780
f 3780 4910 3778
f 4910 4911 3778
f 3778 4911 3776
f 4911 4912 3776
f 3776 4912 3774
f 4912 4913 3774
f 3774 4913 3772
f 4913 4914 3772
f 3772 4914 3770
f 4914 4915 3770
f 3770 4915 3768
f 4915 4916 3768
f 3768 4916 3766
f 4916 4917 3766
f 3766 4917 3764
f 4917 4918 3764
f 3764 4918 3762
f 4918 4919 3762
f 3762 4919 3760
f 4919 4920 3760
f 3760 4920 3758
f 4920 4921 3758
f 3758 4921 3756
f 4921 4922 3756
f 3756 4922 3754
f 4922 4660 3754
f 3754 4660 3752
f 4831 4830 4
f 4846 4845 6
f 4871 4870 4457
f 4870 4869 4457
f 4457 4869 4868
f 4854 4853 8
f 4845 4844 6
f 4844 4843 6
f 6 4843 4842
f 4842 4841 6
f 4841 4840 6
f 6 4840 4839
f 4830 4901 4
f 4901 4900 4
f 4 4900 4899
f 4 4835 4834
f 4894 4893 3
f 4839 4838 6
f 4838 4837 6
f 6 4837 4
f 4837 4836 4
f 4 4836 4835
f 4834 4833 4
f 4833 4832 4
f 4 4832 4831
f 4894 3 4895
f 4458 4880 4879
f 4458 4876 4875
f 4875 4874 4458
f 4874 4873 4458
f 4458 4873 4457
f 4873 4872 4457
f 4457 4872 4871
f 4868 4867 4457
f 4867 4866 4457
f 4457 4866 4865
f 4860 8 4861
f 8 4457 4861
f 4861 4457 4862
f 4860 4859 8
f 4859 4858 8
f 8 4858 4857
f 4853 4852 8
f 4852 4851 8
f 8 4851 4850
f 4850 4849 8
f 4849 4848 8
f 8 4848 6
f 4848 4847 6
f 6 4847 4846
f 4883 4882 4458
f 4882 4881 4458
f 4458 4881 4880
f 4865 4864 4457
f 4864 4863 4457
f 4457 4863 4862
f 4857 4856 8
f 4856 4855 8
f 8 4855 4854
f 4893 4892 3
f 4892 4891 3
f 3 4891 4890
f 4890 4889 3
f 4889 4888 3
f 3 4888 4887
f 4887 4886 3
f 4886 4885 3
f 3 4885 4458
f 4885 4884 4458
f 4458 4884 4883
f 4879 4878 4458
f 4878 4877 4458
f 4458 4877 4876
f 4899 4898 4
f 4898 4897 4
f 4 4897 3
f 4897 4896 3
f 3 4896 4895
f 4459 2292 4923
f 4459 4923 4924
f 4923 4925 4924
f 4924 4925 4926
f 4925 4927 4926
f 4926 4927 4928
f 4927 4929 4928
f 4928 4929 4930
f 4929 4931 4930
f 4930 4931 4932
f 4931 4933 4932
f 4932 4933 4934
f 4933 4935 4934
f 4934 4935 4936
f 4935 4937 4936
f 4936 4937 4938
f 4937 4939 4938
f 4938 4939 4940
f 4939 4941 4940
f 4940 4941 4942
f 4941 4943 4942
f 4942 4943 4944
f 4943 4945 4944
f 4944 4945 4946
f 4945 4947 4946
f 4946 4947 4948
f 4947 4949 4948
f 4948 4949 4950
f 4949 4951 4950
f 4950 4951 4952
f 4951 4953 4952
f 4952 4953 4954
f 4953 4955 4954
f 4954 4955 4956
f 4955 4904 4956
f 4956 4904 4905
f 4957 4958 4465
f 4958 4460 4465
f 4805 111 4818
f 111 122 4818
f 4818 122 4819
f 122 123 4819
f 4819 123 4820
f 123 146 4820
f 4820 146 4823
f 146 145 4823
f 4823 145 4824
f 145 144 4824
f 4824 144 4806
f 144 143 4806
f 4806 143 4807
f 143 142 4807
f 4807 142 4808
f 142 136 4808
f 4808 136 4809
f 136 135 4809
f 4809 135 4813
f 135 134 4813
f 4813 134 4814
f 134 101 4814
f 4814 101 4764
f 101 100 4764
f 4764 100 4765
f 100 99 4765
f 4765 99 4776
f 99 98 4776
f 4776 98 4777
f 98 97 4777
f 4777 97 4778
f 97 96 4778
f 4778 96 4782
f 96 95 4782
f 4782 95 4783
f 95 121 4783
f 4783 121 4784
f 121 120 4784
f 4784 120 4785
f 120 119 4785
f 4785 119 4786
f 119 90 4786
f 4786 90 4792
f 90 89 4792
f 4792 89 4793
f 89 133 4793
f 4793 133 4770
f 133 132 4770
f 4770 132 4771
f 132 129 4771
f 4771 129 4794
f 129 130 4794
f 4794 130 4795
f 130 131 4795
f 4795 131 4796
f 131 157 4796
f 4796 157 4763
f 157 156 4763
f 4763 156 4762
f 156 141 4762
f 4762 141 4757
f 141 140 4757
f 4757 140 4756
f 140 155 4756
f 4756 155 4755
f 155 154 4755
f 4755 154 4758
f 154 153 4758
f 4758 153 4759
f 153 160 4759
f 4759 160 4760
f 160 159 4760
f 4760 159 4769
f 159 158 4769
f 4769 158 4768
f 158 152 4768
f 4768 152 4767
f 152 151 4767
f 4767 151 4766
f 151 150 4766
f 4766 150 4772
f 150 149 4772
f 4772 149 4773
f 149 148 4773
f 4773 148 4774
f 148 147 4774
f 4774 147 4775
f 147 139 4775
f 4775 139 4779
f 139 138 4779
f 4779 138 4780
f 138 137 4780
f 4780 137 4781
f 137 128 4781
f 4781 128 4787
f 128 127 4787
f 4787 127 4788
f 127 126 4788
f 4788 126 4789
f 126 118 4789
f 4789 118 4797
f 118 117 4797
f 4797 117 4798
f 117 116 4798
f 4798 116 4799
f 116 110 4799
f 4799 110 4800
f 110 109 4800
f 4800 109 4801
f 109 108 4801
f 4801 108 4802
f 108 107 4802
f 4802 107 4810
f 107 106 4810
f 4810 106 4811
f 106 105 4811
f 4811 105 4812
f 105 104 4812
f 4812 104 4827
f 104 103 4827
f 4827 103 4826
f 103 102 4826
f 4826 102 4825
f 102 92 4825
f 4825 92 4815
f 92 91 4815
f 4815 91 4816
f 91 115 4816
f 4816 115 4817
f 115 114 4817
f 4817 114 4821
f 114 94 4821
f 4821 94 4822
f 94 93 4822
f 4822 93 4790
f 93 125 4790
f 4790 125 4791
f 125 124 4791
f 4791 124 4803
f 124 113 4803
f 4803 113 4804
f 113 112 4804
f 4804 112 4805
f 112 111 4805
f 4616 2255 4959
f 4616 4959 4633
f 4959 4960 4633
f 4633 4960 4632
f 4960 4961 4632
f 4632 4961 4636
f 4961 4962 4636
f 4636 4962 4637
f 4962 4963 4637
f 4637 4963 4638
f 4963 4964 4638
f 4638 4964 4652
f 4964 4965 4652
f 4652 4965 4653
f 4965 4966 4653
f 4653 4966 4627
f 4966 4967 4627
f 4627 4967 4628
f 4967 4968 4628
f 4628 4968 4654
f 4968 4969 4654
f 4654 4969 4655
f 4969 4970 4655
f 4655 4970 4649
f 4970 4971 4649
f 4649 4971 4648
f 4971 4972 4648
f 4648 4972 4647
f 4972 4973 4647
f 4647 4973 4650
f 4973 4974 4650
f 4650 4974 4651
f 4974 4975 4651
f 4651 4975 4631
f 4975 4828 4631
f 4631 4828 4562
f 4976 4977 4978
f 4977 4979 4978
f 4978 4979 4980
f 4979 4981 4980
f 4980 4981 4982
f 4981 4983 4982
f 4982 4983 4984
f 4983 4985 4984
f 4984 4985 4986
f 4985 4987 4986
f 4986 4987 4988
f 4987 4989 4988
f 4988 4989 4990
f 4989 4991 4990
f 4990 4991 4992
f 4991 4993 4992
f 4992 4993 4994
f 4993 4995 4994
f 4994 4995 4996
f 4995 4997 4996
f 4996 4997 4998
f 4997 4999 4998
f 4998 4999 5000
f 4999 5001 5000
f 5000 5001 5002
f 5001 5003 5002
f 5002 5003 5004
f 5003 5005 5004
f 5004 5005 5006
f 5005 5007 5006
f 5006 5007 5008
f 5007 5009 5008
f 5008 5009 5010
f 5009 5011 5010
f 5010 5011 5012
f 5011 5013 5012
f 5012 5013 5014
f 5013 5015 5014
f 5014 5015 5016
f 5015 5017 5016
f 5016 5017 5018
f 5017 5019 5018
f 5018 5019 5020
f 5019 5021 5020
f 5020 5021 5022
f 5021 5023 5022
f 5022 5023 5024
f 5023 5025 5024
f 5024 5025 5026
f 5025 5027 5026
f 5026 5027 5028
f 5027 5029 5028
f 5028 5029 5030
f 5029 5031 5030
f 5030 5031 5032
f 5031 5033 5032
f 5032 5033 5034
f 5033 5035 5034
f 5034 5035 5036
f 5035 5037 5036
f 5036 5037 5038
f 5037 5039 5038
f 5038 5039 5040
f 5039 5041 5040
f 5040 5041 5042
f 5041 5043 5042
f 5042 5043 5044
f 5043 5045 5044
f 5044 5045 5046
f 5045 5047 5046
f 5046 5047 5048
f 5047 5049 5048
f 5048 5049 5050
f 5049 5051 5050
f 5050 5051 5052
f 5051 5053 5052
f 5052 5053 5054
f 5053 5055 5054
f 5054 5055 5056
f 5055 5057 5056
f 5056 5057 5058
f 5057 5059 5058
f 5058 5059 5060
f 5059 5061 5060
f 5060 5061 5062
f 5061 5063 5062
f 5062 5063 5064
f 5063 5065 5064
f 5064 5065 5066
f 5065 5067 5066
f 5066 5067 5068
f 5067 5069 5068
f 5068 5069 5070
f 5069 5071 5070
f 5070 5071 5072
f 5071 5073 5072
f 5072 5073 5074
f 5073 5075 5074
f 5074 5075 5076
f 5075 5077 5076
f 5076 5077 5078
f 5077 5079 5078
f 5078 5079 5080
f 5079 5081 5080
f 5080 5081 5082
f 5081 5083 5082
f 5082 5083 5084
f 5083 5085 5084
f 5084 5085 5086
f 5085 5087 5086
f 5086 5087 5088
f 5087 5089 5088
f 5088 5089 5090
f 5089 5091 5090
f 5090 5091 5092
f 5091 5093 5092
f 5092 5093 5094
f 5093 5095 5094
f 5094 5095 5096
f 5095 5097 5096
f 5096 5097 5098
f 5097 5099 5098
f 5098 5099 5100
f 5099 5101 5100
f 5100 5101 5102
f 5101 5103 5102
f 5102 5103 5104
f 5103 5105 5104
f 5104 5105 5106
f 5105 5107 5106
f 5106 5107 5108
f 5107 5109 5108
f 5108 5109 5110
f 5109 5111 5110
f 5110 5111 5112
f 5111 5113 5112
f 5112 5113 5114
f 5113 5115 5114
f 5114 5115 5116
f 5115 5117 5116
f 5116 5117 5118
f 5117 5119 5118
f 5118 5119 4976
f 5119 4977 4976
f 866 510 2437
f 510 1606 2437
f 2414 2412 4456
f 2294 2436 4455
f 2382 1 2384
f 1 2386 2384
f 2372 2370 2
f 2372 2 2374
f 2370 2368 2
f 2368 2366 2
f 2 2366 2364
f 2314 2312 7
f 2312 2310 7
f 7 2310 2308
f 2320 2318 7
f 2318 2316 7
f 7 2316 2314
f 2382 2380 1
f 2380 2378 1
f 1 2378 2
f 2378 2376 2
f 2 2376 2374
f 2412 2410 4456
f 2410 2408 4456
f 4456 2408 2406
f 2392 2390 1
f 2390 2388 1
f 1 2388 2386
f 4456 2422 2420
f 2364 2362 2
f 2362 2360 2
f 2 2360 2358
f 2436 2434 4455
f 2434 2432 4455
f 4455 2432 2430
f 2420 2418 4456
f 2418 2416 4456
f 4456 2416 2414
f 2308 2306 7
f 2306 2304 7
f 7 2304 4455
f 2304 2302 4455
f 4455 2302 2300
f 2326 2324 7
f 2324 2322 7
f 7 2322 2320
f 2398 2396 1
f 2396 2394 1
f 1 2394 2392
f 2430 2428 4455
f 2428 2426 4455
f 4455 2426 4456
f 2426 2424 4456
f 4456 2424 2422
f 2300 2298 4455
f 2298 2296 4455
f 4455 2296 2294
f 2338 2336 5
f 2336 2334 5
f 2334 2332 5
f 2332 2330 5
f 5 2330 7
f 2330 2328 7
f 7 2328 2326
f 2358 2356 2
f 2356 2354 2
f 2 2354 5
f 2354 2352 5
f 5 2352 2350
f 2344 2342 5
f 2342 2340 5
f 5 2340 2338
f 2406 2404 4456
f 2404 2402 4456
f 4456 2402 1
f 2402 2400 1
f 1 2400 2398
f 2350 2348 5
f 2348 2346 5
f 5 2346 2344
f 5009 5007 4664
f 5109 5107 4902
f 5107 5105 4902
f 4902 5105 5103
f 5077 5075 4903
f 5075 5073 4903
f 4903 5073 5071
f 5071 5069 4903
f 5069 5067 4903
f 4903 5067 5065
f 5027 5025 4663
f 4753 5119 5117
f 5103 5101 4902
f 5101 5099 4902
f 4902 5099 5097
f 5009 4664 5011
f 5109 4902 5111
f 4902 5120 5111
f 5111 5120 5121
f 5097 5095 4902
f 5095 5093 4902
f 4902 5093 5091
f 5083 5081 4903
f 5081 5079 4903
f 4903 5079 5077
f 5025 5023 4663
f 5023 5021 4663
f 4663 5021 5019
f 5019 5017 4663
f 5017 5015 4663
f 4663 5015 4664
f 5015 5013 4664
f 4664 5013 5011
f 5111 5122 5113
f 5122 5123 5113
f 5113 5123 5124
f 5124 5125 5113
f 5125 5126 5113
f 5113 5126 5127
f 5121 5128 5111
f 5128 5129 5111
f 5111 5129 5130
f 5091 5089 4902
f 5089 5087 4902
f 4902 5087 4903
f 5087 5085 4903
f 4903 5085 5083
f 5045 5043 4663
f 5043 5041 4663
f 4663 5041 5039
f 5007 5005 4664
f 5005 5003 4664
f 4664 5003 5001
f 5001 4999 4664
f 4999 4997 4664
f 4664 4997 4995
f 5117 5115 4753
f 5115 5113 4753
f 4753 5113 5131
f 5113 5127 5131
f 5130 5132 5111
f 5132 5133 5111
f 5111 5133 5134
f 5134 5135 5111
f 5135 5136 5111
f 5111 5136 5122
f 5055 5053 4761
f 5039 5037 4663
f 5037 5035 4663
f 4663 5035 5033
f 4995 4993 4664
f 4993 4991 4664
f 4664 4991 4989
f 4989 4987 4664
f 4987 4985 4664
f 4664 4985 4983
f 4983 4981 4664
f 4981 4979 4664
f 4664 4979 4753
f 4979 4977 4753
f 4753 4977 5119
f 5053 5051 4761
f 5051 5049 4761
f 4761 5049 4663
f 5049 5047 4663
f 4663 5047 5045
f 5033 5031 4663
f 5031 5029 4663
f 4663 5029 5027
f 5065 5063 4903
f 5063 5061 4903
f 4903 5061 5137
f 5061 5059 5137
f 5137 5059 5138
f 5059 5139 5138
f 5140 5141 5057
f 5141 5142 5057
f 5057 5142 5143
f 5144 5145 5059
f 5145 5146 5059
f 5059 5146 5147
f 5055 4761 5057
f 4761 5148 5057
f 5057 5148 5140
f 5143 5149 5057
f 5149 5150 5057
f 5057 5150 5059
f 5150 5151 5059
f 5059 5151 5144
f 5147 5152 5059
f 5152 5153 5059
f 5059 5153 5139
f 2274 5154 5155
f 5156 5157 5158
f 4904 4955 5159
f 5158 5157 4904
f 5160 4904 5157
f 5160 5157 5161
f 5157 5156 5161
f 5161 5156 5162
f 5163 4904 5160
f 5164 5165 5166
f 5165 5159 5166
f 5166 5159 5167
f 5159 4955 5167
f 5167 4955 4953
f 5163 5160 5168
f 5160 5161 5168
f 5168 5161 5169
f 5161 5162 5169
f 5169 5162 5170
f 5171 4904 5163
f 5172 5164 5173
f 5164 5166 5173
f 5173 5166 5174
f 5166 5167 5174
f 5174 5167 5175
f 5167 4953 5175
f 5175 4953 4951
f 5171 5163 5176
f 5163 5168 5176
f 5176 5168 5177
f 5168 5169 5177
f 5177 5169 5178
f 5169 5170 5178
f 5178 5170 5179
f 5180 4904 5171
f 5181 5172 5182
f 5172 5173 5182
f 5182 5173 5183
f 5173 5174 5183
f 5183 5174 5184
f 5174 5175 5184
f 5184 5175 5185
f 5175 4951 5185
f 5185 4951 4949
f 5180 5171 5186
f 5171 5176 5186
f 5186 5176 5187
f 5176 5177 5187
f 5187 5177 5188
f 5177 5178 5188
f 5188 5178 5189
f 5178 5179 5189
f 5189 5179 5190
f 5191 4904 5180
f 5192 5181 5193
f 5181 5182 5193
f 5193 5182 5194
f 5182 5183 5194
f 5194 5183 5195
f 5183 5184 5195
f 5195 5184 5196
f 5184 5185 5196
f 5196 5185 5197
f 5185 4949 5197
f 5197 4949 4947
f 5191 5180 5198
f 5180 5186 5198
f 5198 5186 5199
f 5186 5187 5199
f 5199 5187 5200
f 5187 5188 5200
f 5200 5188 5201
f 5188 5189 5201
f 5201 5189 5202
f 5189 5190 5202
f 5202 5190 5203
f 5204 4904 5191
f 5205 5192 5206
f 5192 5193 5206
f 5206 5193 5207
f 5193 5194 5207
f 5207 5194 5208
f 5194 5195 5208
f 5208 5195 5209
f 5195 5196 5209
f 5209 5196 5210
f 5196 5197 5210
f 5210 5197 5211
f 5197 4947 5211
f 5211 4947 4945
f 5204 5191 5212
f 5191 5198 5212
f 5212 5198 5213
f 5198 5199 5213
f 5213 5199 5214
f 5199 5200 5214
f 5214 5200 5215
f 5200 5201 5215
f 5215 5201 5216
f 5201 5202 5216
f 5216 5202 5217
f 5202 5203 5217
f 5217 5203 5218
f 5219 4904 5204
f 5220 5205 5221
f 5205 5206 5221
f 5221 5206 5222
f 5206 5207 5222
f 5222 5207 5223
f 5207 5208 5223
f 5223 5208 5224
f 5208 5209 5224
f 5224 5209 5225
f 5209 5210 5225
f 5225 5210 5226
f 5210 5211 5226
f 5226 5211 5227
f 5211 4945 5227
f 5227 4945 4943
f 5219 5204 5228
f 5204 5212 5228
f 5228 5212 5229
f 5212 5213 5229
f 5229 5213 5230
f 5213 5214 5230
f 5230 5214 5231
f 5214 5215 5231
f 5231 5215 5232
f 5215 5216 5232
f 5232 5216 5233
f 5216 5217 5233
f 5233 5217 5234
f 5217 5218 5234
f 5234 5218 5235
f 5236 4904 5219
f 5237 5220 5238
f 5220 5221 5238
f 5238 5221 5239
f 5221 5222 5239
f 5239 5222 5240
f 5222 5223 5240
f 5240 5223 5241
f 5223 5224 5241
f 5241 5224 5242
f 5224 5225 5242
f 5242 5225 5243
f 5225 5226 5243
f 5243 5226 5244
f 5226 5227 5244
f 5244 5227 5245
f 5227 4943 5245
f 5245 4943 4941
f 5236 5219 5246
f 5219 5228 5246
f 5246 5228 5247
f 5228 5229 5247
f 5247 5229 5248
f 5229 5230 5248
f 5248 5230 5249
f 5230 5231 5249
f 5249 5231 5250
f 5231 5232 5250
f 5250 5232 5251
f 5232 5233 5251
f 5251 5233 5252
f 5233 5234 5252
f 5252 5234 5253
f 5234 5235 5253
f 5253 5235 5254
f 5255 4904 5236
f 5256 5237 5257
f 5237 5238 5257
f 5257 5238 5258
f 5238 5239 5258
f 5258 5239 5259
f 5239 5240 5259
f 5259 5240 5260
f 5240 5241 5260
f 5260 5241 5261
f 5241 5242 5261
f 5261 5242 5262
f 5242 5243 5262
f 5262 5243 5263
f 5243 5244 5263
f 5263 5244 5264
f 5244 5245 5264
f 5264 5245 5265
f 5245 4941 5265
f 5265 4941 4939
f 5255 5236 5266
f 5236 5246 5266
f 5266 5246 5267
f 5246 5247 5267
f 5267 5247 5268
f 5247 5248 5268
f 5268 5248 5269
f 5248 5249 5269
f 5269 5249 5270
f 5249 5250 5270
f 5270 5250 5271
f 5250 5251 5271
f 5271 5251 5272
f 5251 5252 5272
f 5272 5252 5273
f 5252 5253 5273
f 5273 5253 5274
f 5253 5254 5274
f 5274 5254 5275
f 5276 4904 5255
f 5277 5256 5278
f 5256 5257 5278
f 5278 5257 5279
f 5257 5258 5279
f 5279 5258 5280
f 5258 5259 5280
f 5280 5259 5281
f 5259 5260 5281
f 5281 5260 5282
f 5260 5261 5282
f 5282 5261 5283
f 5261 5262 5283
f 5283 5262 5284
f 5262 5263 5284
f 5284 5263 5285
f 5263 5264 5285
f 5285 5264 5286
f 5264 5265 5286
f 5286 5265 5287
f 5265 4939 5287
f 5287 4939 4937
f 5276 5255 5288
f 5255 5266 5288
f 5288 5266 5289
f 5266 5267 5289
f 5289 5267 5290
f 5267 5268 5290
f 5290 5268 5291
f 5268 5269 5291
f 5291 5269 5292
f 5269 5270 5292
f 5292 5270 5293
f 5270 5271 5293
f 5293 5271 5294
f 5271 5272 5294
f 5294 5272 5295
f 5272 5273 5295
f 5295 5273 5296
f 5273 5274 5296
f 5296 5274 5297
f 5274 5275 5297
f 5297 5275 5298
f 5299 4904 5276
f 5300 5277 5301
f 5277 5278 5301
f 5301 5278 5302
f 5278 5279 5302
f 5302 5279 5303
f 5279 5280 5303
f 5303 5280 5304
f 5280 5281 5304
f 5304 5281 5305
f 5281 5282 5305
f 5305 5282 5306
f 5282 5283 5306
f 5306 5283 5307
f 5283 5284 5307
f 5307 5284 5308
f 5284 5285 5308
f 5308 5285 5309
f 5285 5286 5309
f 5309 5286 5310
f 5286 5287 5310
f 5310 5287 5311
f 5287 4937 5311
f 5311 4937 4935
f 5299 5276 5312
f 5276 5288 5312
f 5312 5288 5313
f 5288 5289 5313
f 5313 5289 5314
f 5289 5290 5314
f 5314 5290 5315
f 5290 5291 5315
f 5315 5291 5316
f 5291 5292 5316
f 5316 5292 5317
f 5292 5293 5317
f 5317 5293 5318
f 5293 5294 5318
f 5318 5294 5319
f 5294 5295 5319
f 5319 5295 5320
f 5295 5296 5320
f 5320 5296 5321
f 5296 5297 5321
f 5321 5297 5322
f 5297 5298 5322
f 5322 5298 5323
f 5324 4904 5299
f 5325 5300 5326
f 5300 5301 5326
f 5326 5301 5327
f 5301 5302 5327
f 5327 5302 5328
f 5302 5303 5328
f 5328 5303 5329
f 5303 5304 5329
f 5329 5304 5330
f 5304 5305 5330
f 5330 5305 5331
f 5305 5306 5331
f 5331 5306 5332
f 5306 5307 5332
f 5332 5307 5333
f 5307 5308 5333
f 5333 5308 5334
f 5308 5309 5334
f 5334 5309 5335
f 5309 5310 5335
f 5335 5310 5336
f 5310 5311 5336
f 5336 5311 5337
f 5311 4935 5337
f 5337 4935 4933
f 5324 5299 5338
f 5299 5312 5338
f 5338 5312 5339
f 5312 5313 5339
f 5339 5313 5340
f 5313 5314 5340
f 5340 5314 5341
f 5314 5315 5341
f 5341 5315 5342
f 5315 5316 5342
f 5342 5316 5343
f 5316 5317 5343
f 5343 5317 5344
f 5317 5318 5344
f 5344 5318 5345
f 5318 5319 5345
f 5345 5319 5346
f 5319 5320 5346
f 5346 5320 5347
f 5320 5321 5347
f 5347 5321 5348
f 5321 5322 5348
f 5348 5322 5349
f 5322 5323 5349
f 5349 5323 5350
f 5351 4904 5324
f 5352 5325 5353
f 5325 5326 5353
f 5353 5326 5354
f 5326 5327 5354
f 5354 5327 5355
f 5327 5328 5355
f 5355 5328 5356
f 5328 5329 5356
f 5356 5329 5357
f 5329 5330 5357
f 5357 5330 5358
f 5330 5331 5358
f 5358 5331 5359
f 5331 5332 5359
f 5359 5332 5360
f 5332 5333 5360
f 5360 5333 5361
f 5333 5334 5361
f 5361 5334 5362
f 5334 5335 5362
f 5362 5335 5363
f 5335 5336 5363
f 5363 5336 5364
f 5336 5337 5364
f 5364 5337 5365
f 5337 4933 5365
f 5365 4933 4931
f 5351 5324 5366
f 5324 5338 5366
f 5366 5338 5367
f 5338 5339 5367
f 5367 5339 5368
f 5339 5340 5368
f 5368 5340 5369
f 5340 5341 5369
f 5369 5341 5370
f 5341 5342 5370
f 5370 5342 5371
f 5342 5343 5371
f 5371 5343 5372
f 5343 5344 5372
f 5372 5344 5373
f 5344 5345 5373
f 5373 5345 5374
f 5345 5346 5374
f 5374 5346 5375
f 5346 5347 5375
f 5375 5347 5376
f 5347 5348 5376
f 5376 5348 5377
f 5348 5349 5377
f 5377 5349 5378
f 5349 5350 5378
f 5378 5350 5379
f 5380 4904 5351
f 5381 5352 5382
f 5352 5353 5382
f 5382 5353 5383
f 5353 5354 5383
f 5383 5354 5384
f 5354 5355 5384
f 5384 5355 5385
f 5355 5356 5385
f 5385 5356 5386
f 5356 5357 5386
f 5386 5357 5387
f 5357 5358 5387
f 5387 5358 5388
f 5358 5359 5388
f 5388 5359 5389
f 5359 5360 5389
f 5389 5360 5390
f 5360 5361 5390
f 5390 5361 5391
f 5361 5362 5391
f 5391 5362 5392
f 5362 5363 5392
f 5392 5363 5393
f 5363 5364 5393
f 5393 5364 5394
f 5364 5365 5394
f 5394 5365 5395
f 5365 4931 5395
f 5395 4931 4929
f 5380 5351 5396
f 5351 5366 5396
f 5396 5366 5397
f 5366 5367 5397
f 5397 5367 5398
f 5367 5368 5398
f 5398 5368 5399
f 5368 5369 5399
f 5399 5369 5400
f 5369 5370 5400
f 5400 5370 5401
f 5370 5371 5401
f 5401 5371 5402
f 5371 5372 5402
f 5402 5372 5403
f 5372 5373 5403
f 5403 5373 5404
f 5373 5374 5404
f 5404 5374 5405
f 5374 5375 5405
f 5405 5375 5406
f 5375 5376 5406
f 5406 5376 5407
f 5376 5377 5407
f 5407 5377 5408
f 5377 5378 5408
f 5408 5378 5409
f 5378 5379 5409
f 5409 5379 5410
f 5411 5381 5412
f 5381 5382 5412
f 5412 5382 5413
f 5382 5383 5413
f 5413 5383 5414
f 5383 5384 5414
f 5414 5384 5415
f 5384 5385 5415
f 5415 5385 5416
f 5385 5386 5416
f 5416 5386 5417
f 5386 5387 5417
f 5417 5387 5418
f 5387 5388 5418
f 5418 5388 5419
f 5388 5389 5419
f 5419 5389 5420
f 5389 5390 5420
f 5420 5390 5421
f 5390 5391 5421
f 5421 5391 5422
f 5391 5392 5422
f 5422 5392 5423
f 5392 5393 5423
f 5423 5393 5424
f 5393 5394 5424
f 5424 5394 5425
f 5394 5395 5425
f 5425 5395 5426
f 5395 4929 5426
f 5426 4929 4927
f 5427 5411 5428
f 5411 5412 5428
f 5428 5412 5429
f 5412 5413 5429
f 5429 5413 5430
f 5413 5414 5430
f 5430 5414 5431
f 5414 5415 5431
f 5431 5415 5432
f 5415 5416 5432
f 5432 5416 5433
f 5416 5417 5433
f 5433 5417 5434
f 5417 5418 5434
f 5434 5418 5435
f 5418 5419 5435
f 5435 5419 5436
f 5419 5420 5436
f 5436 5420 5437
f 5420 5421 5437
f 5437 5421 5438
f 5421 5422 5438
f 5438 5422 5439
f 5422 5423 5439
f 5439 5423 5440
f 5423 5424 5440
f 5440 5424 5441
f 5424 5425 5441
f 5441 5425 5442
f 5425 5426 5442
f 5442 5426 5443
f 5426 4927 5443
f 5443 4927 4925
f 5154 5427 5155
f 5427 5428 5155
f 5155 5428 5444
f 5428 5429 5444
f 5444 5429 5445
f 5429 5430 5445
f 5445 5430 5446
f 5430 5431 5446
f 5446 5431 5447
f 5431 5432 5447
f 5447 5432 5448
f 5432 5433 5448
f 5448 5433 5449
f 5433 5434 5449
f 5449 5434 5450
f 5434 5435 5450
f 5450 5435 5451
f 5435 5436 5451
f 5451 5436 5452
f 5436 5437 5452
f 5452 5437 5453
f 5437 5438 5453
f 5453 5438 5454
f 5438 5439 5454
f 5454 5439 5455
f 5439 5440 5455
f 5455 5440 5456
f 5440 5441 5456
f 5456 5441 5457
f 5441 5442 5457
f 5457 5442 5458
f 5442 5443 5458
f 5458 5443 5459
f 5443 4925 5459
f 5459 4925 4923
f 2274 5155 2275
f 5155 5444 2275
f 2275 5444 2276
f 5444 5445 2276
f 2276 5445 2277
f 5445 5446 2277
f 2277 5446 2278
f 5446 5447 2278
f 2278 5447 2279
f 5447 5448 2279
f 2279 5448 2280
f 5448 5449 2280
f 2280 5449 2281
f 5449 5450 2281
f 2281 5450 2282
f 5450 5451 2282
f 2282 5451 2283
f 5451 5452 2283
f 2283 5452 2284
f 5452 5453 2284
f 2284 5453 2285
f 5453 5454 2285
f 2285 5454 2286
f 5454 5455 2286
f 2286 5455 2287
f 5455 5456 2287
f 2287 5456 2288
f 5456 5457 2288
f 2288 5457 2289
f 5457 5458 2289
f 2289 5458 2290
f 5458 5459 2290
f 2290 5459 2291
f 5459 4923 2291
f 2291 4923 2292
f 5165 4904 5159
f 5154 5410 5427
f 5410 5379 5427
f 5427 5379 5411
f 5379 5350 5411
f 5411 5350 5381
f 5350 5323 5381
f 5381 5323 5352
f 5323 5298 5352
f 5352 5298 5325
f 5298 5275 5325
f 5325 5275 5300
f 5275 5254 5300
f 5300 5254 5277
f 5254 5235 5277
f 5277 5235 5256
f 5235 5218 5256
f 5256 5218 5237
f 5218 5203 5237
f 5237 5203 5220
f 5203 5190 5220
f 5220 5190 5205
f 5190 5179 5205
f 5205 5179 5192
f 5179 5170 5192
f 5192 5170 5181
f 5170 5162 5181
f 5181 5162 5172
f 5162 5156 5172
f 5172 5156 5164
f 5156 5158 5164
f 5164 5158 5165
f 5158 4904 5165
f 4503 4506 4657
f 4506 4659 4657
f 4147 1936 2171
f 4147 2171 4145
f 2171 2188 4145
f 4145 2188 4143
f 2188 2189 4143
f 4143 2189 4141
f 2189 2190 4141
f 4141 2190 4139
f 2190 2191 4139
f 4139 2191 4137
f 2191 2192 4137
f 4137 2192 4135
f 2192 2193 4135
f 4135 2193 4133
f 2193 2194 4133
f 4133 2194 4131
f 2194 2195 4131
f 4131 2195 4129
f 2195 2196 4129
f 4129 2196 4127
f 2196 2197 4127
f 4127 2197 4125
f 2197 2198 4125
f 4125 2198 4123
f 2198 2199 4123
f 4123 2199 4121
f 2199 2200 4121
f 4121 2200 4119
f 2200 2201 4119
f 4119 2201 4117
f 2201 2202 4117
f 4117 2202 4115
f 2202 1931 4115
f 4115 1931 4113
f 1931 866 4113
f 4113 866 2437
f 4468 4472 4662
f 4472 4658 4662
f 1551 503 485
f 1551 485 1552
f 485 468 1552
f 1552 468 1553
f 468 450 1553
f 1553 450 1554
f 450 418 1554
f 1554 418 1555
f 418 387 1555
f 1555 387 1556
f 387 358 1556
f 1556 358 1557
f 358 331 1557
f 1557 331 1558
f 331 306 1558
f 1558 306 1559
f 306 283 1559
f 1559 283 1560
f 283 262 1560
f 1560 262 1561
f 262 243 1561
f 1561 243 1562
f 243 226 1562
f 1562 226 1563
f 226 211 1563
f 1563 211 1564
f 211 198 1564
f 1564 198 1565
f 198 187 1565
f 1565 187 1566
f 187 178 1566
f 1566 178 1567
f 178 168 1567
f 1567 168 1568
f 168 167 1568
f 1568 167 1569
f 4491 4468 4661
f 4468 4662 4661
f 890 4112 4111
f 890 4111 891
f 4111 4110 891
f 891 4110 901
f 4110 4109 901
f 901 4109 910
f 4109 4108 910
f 910 4108 921
f 4108 4107 921
f 921 4107 934
f 4107 4106 934
f 934 4106 949
f 4106 4105 949
f 949 4105 966
f 4105 4104 966
f 966 4104 985
f 4104 4103 985
f 985 4103 1006
f 4103 4102 1006
f 1006 4102 1029
f 4102 4101 1029
f 1029 4101 1054
f 4101 4100 1054
f 1054 4100 1081
f 4100 4099 1081
f 1081 4099 1110
f 4099 4098 1110
f 1110 4098 1141
f 4098 4097 1141
f 1141 4097 1173
f 4097 4096 1173
f 1173 4096 1191
f 4096 4095 1191
f 1191 4095 1208
f 4095 4094 1208
f 1208 4094 847
f 4506 4491 4659
f 4491 4661 4659
f 2273 5460 5461
f 5462 5463 5464
f 4828 4975 5465
f 5464 5463 4828
f 5466 4828 5463
f 5466 5463 5467
f 5463 5462 5467
f 5467 5462 5468
f 5469 4828 5466
f 5470 5471 5472
f 5471 5465 5472
f 5472 5465 5473
f 5465 4975 5473
f 5473 4975 4974
f 5469 5466 5474
f 5466 5467 5474
f 5474 5467 5475
f 5467 5468 5475
f 5475 5468 5476
f 5477 4828 5469
f 5478 5470 5479
f 5470 5472 5479
f 5479 5472 5480
f 5472 5473 5480
f 5480 5473 5481
f 5473 4974 5481
f 5481 4974 4973
f 5477 5469 5482
f 5469 5474 5482
f 5482 5474 5483
f 5474 5475 5483
f 5483 5475 5484
f 5475 5476 5484
f 5484 5476 5485
f 5486 4828 5477
f 5487 5478 5488
f 5478 5479 5488
f 5488 5479 5489
f 5479 5480 5489
f 5489 5480 5490
f 5480 5481 5490
f 5490 5481 5491
f 5481 4973 5491
f 5491 4973 4972
f 5486 5477 5492
f 5477 5482 5492
f 5492 5482 5493
f 5482 5483 5493
f 5493 5483 5494
f 5483 5484 5494
f 5494 5484 5495
f 5484 5485 5495
f 5495 5485 5496
f 5497 4828 5486
f 5498 5487 5499
f 5487 5488 5499
f 5499 5488 5500
f 5488 5489 5500
f 5500 5489 5501
f 5489 5490 5501
f 5501 5490 5502
f 5490 5491 5502
f 5502 5491 5503
f 5491 4972 5503
f 5503 4972 4971
f 5497 5486 5504
f 5486 5492 5504
f 5504 5492 5505
f 5492 5493 5505
f 5505 5493 5506
f 5493 5494 5506
f 5506 5494 5507
f 5494 5495 5507
f 5507 5495 5508
f 5495 5496 5508
f 5508 5496 5509
f 5510 4828 5497
f 5511 5498 5512
f 5498 5499 5512
f 5512 5499 5513
f 5499 5500 5513
f 5513 5500 5514
f 5500 5501 5514
f 5514 5501 5515
f 5501 5502 5515
f 5515 5502 5516
f 5502 5503 5516
f 5516 5503 5517
f 5503 4971 5517
f 5517 4971 4970
f 5510 5497 5518
f 5497 5504 5518
f 5518 5504 5519
f 5504 5505 5519
f 5519 5505 5520
f 5505 5506 5520
f 5520 5506 5521
f 5506 5507 5521
f 5521 5507 5522
f 5507 5508 5522
f 5522 5508 5523
f 5508 5509 5523
f 5523 5509 5524
f 5525 4828 5510
f 5526 5511 5527
f 5511 5512 5527
f 5527 5512 5528
f 5512 5513 5528
f 5528 5513 5529
f 5513 5514 5529
f 5529 5514 5530
f 5514 5515 5530
f 5530 5515 5531
f 5515 5516 5531
f 5531 5516 5532
f 5516 5517 5532
f 5532 5517 5533
f 5517 4970 5533
f 5533 4970 4969
f 5525 5510 5534
f 5510 5518 5534
f 5534 5518 5535
f 5518 5519 5535
f 5535 5519 5536
f 5519 5520 5536
f 5536 5520 5537
f 5520 5521 5537
f 5537 5521 5538
f 5521 5522 5538
f 5538 5522 5539
f 5522 5523 5539
f 5539 5523 5540
f 5523 5524 5540
f 5540 5524 5541
f 5542 4828 5525
f 5543 5526 5544
f 5526 5527 5544
f 5544 5527 5545
f 5527 5528 5545
f 5545 5528 5546
f 5528 5529 5546
f 5546 5529 5547
f 5529 5530 5547
f 5547 5530 5548
f 5530 5531 5548
f 5548 5531 5549
f 5531 5532 5549
f 5549 5532 5550
f 5532 5533 5550
f 5550 5533 5551
f 5533 4969 5551
f 5551 4969 4968
f 5542 5525 5552
f 5525 5534 5552
f 5552 5534 5553
f 5534 5535 5553
f 5553 5535 5554
f 5535 5536 5554
f 5554 5536 5555
f 5536 5537 5555
f 5555 5537 5556
f 5537 5538 5556
f 5556 5538 5557
f 5538 5539 5557
f 5557 5539 5558
f 5539 5540 5558
f 5558 5540 5559
f 5540 5541 5559
f 5559 5541 5560
f 5561 4828 5542
f 5562 5543 5563
f 5543 5544 5563
f 5563 5544 5564
f 5544 5545 5564
f 5564 5545 5565
f 5545 5546 5565
f 5565 5546 5566
f 5546 5547 5566
f 5566 5547 5567
f 5547 5548 5567
f 5567 5548 5568
f 5548 5549 5568
f 5568 5549 5569
f 5549 5550 5569
f 5569 5550 5570
f 5550 5551 5570
f 5570 5551 5571
f 5551 4968 5571
f 5571 4968 4967
f 5561 5542 5572
f 5542 5552 5572
f 5572 5552 5573
f 5552 5553 5573
f 5573 5553 5574
f 5553 5554 5574
f 5574 5554 5575
f 5554 5555 5575
f 5575 5555 5576
f 5555 5556 5576
f 5576 5556 5577
f 5556 5557 5577
f 5577 5557 5578
f 5557 5558 5578
f 5578 5558 5579
f 5558 5559 5579
f 5579 5559 5580
f 5559 5560 5580
f 5580 5560 5581
f 5582 4828 5561
f 5583 5562 5584
f 5562 5563 5584
f 5584 5563 5585
f 5563 5564 5585
f 5585 5564 5586
f 5564 5565 5586
f 5586 5565 5587
f 5565 5566 5587
f 5587 5566 5588
f 5566 5567 5588
f 5588 5567 5589
f 5567 5568 5589
f 5589 5568 5590
f 5568 5569 5590
f 5590 5569 5591
f 5569 5570 5591
f 5591 5570 5592
f 5570 5571 5592
f 5592 5571 5593
f 5571 4967 5593
f 5593 4967 4966
f 5582 5561 5594
f 5561 5572 5594
f 5594 5572 5595
f 5572 5573 5595
f 5595 5573 5596
f 5573 5574 5596
f 5596 5574 5597
f 5574 5575 5597
f 5597 5575 5598
f 5575 5576 5598
f 5598 5576 5599
f 5576 5577 5599
f 5599 5577 5600
f 5577 5578 5600
f 5600 5578 5601
f 5578 5579 5601
f 5601 5579 5602
f 5579 5580 5602
f 5602 5580 5603
f 5580 5581 5603
f 5603 5581 5604
f 5605 4828 5582
f 5606 5583 5607
f 5583 5584 5607
f 5607 5584 5608
f 5584 5585 5608
f 5608 5585 5609
f 5585 5586 5609
f 5609 5586 5610
f 5586 5587 5610
f 5610 5587 5611
f 5587 5588 5611
f 5611 5588 5612
f 5588 5589 5612
f 5612 5589 5613
f 5589 5590 5613
f 5613 5590 5614
f 5590 5591 5614
f 5614 5591 5615
f 5591 5592 5615
f 5615 5592 5616
f 5592 5593 5616
f 5616 5593 5617
f 5593 4966 5617
f 5617 4966 4965
f 5605 5582 5618
f 5582 5594 5618
f 5618 5594 5619
f 5594 5595 5619
f 5619 5595 5620
f 5595 5596 5620
f 5620 5596 5621
f 5596 5597 5621
f 5621 5597 5622
f 5597 5598 5622
f 5622 5598 5623
f 5598 5599 5623
f 5623 5599 5624
f 5599 5600 5624
f 5624 5600 5625
f 5600 5601 5625
f 5625 5601 5626
f 5601 5602 5626
f 5626 5602 5627
f 5602 5603 5627
f 5627 5603 5628
f 5603 5604 5628
f 5628 5604 5629
f 5630 4828 5605
f 5631 5606 5632
f 5606 5607 5632
f 5632 5607 5633
f 5607 5608 5633
f 5633 5608 5634
f 5608 5609 5634
f 5634 5609 5635
f 5609 5610 5635
f 5635 5610 5636
f 5610 5611 5636
f 5636 5611 5637
f 5611 5612 5637
f 5637 5612 5638
f 5612 5613 5638
f 5638 5613 5639
f 5613 5614 5639
f 5639 5614 5640
f 5614 5615 5640
f 5640 5615 5641
f 5615 5616 5641
f 5641 5616 5642
f 5616 5617 5642
f 5642 5617 5643
f 5617 4965 5643
f 5643 4965 4964
f 5630 5605 5644
f 5605 5618 5644
f 5644 5618 5645
f 5618 5619 5645
f 5645 5619 5646
f 5619 5620 5646
f 5646 5620 5647
f 5620 5621 5647
f 5647 5621 5648
f 5621 5622 5648
f 5648 5622 5649
f 5622 5623 5649
f 5649 5623 5650
f 5623 5624 5650
f 5650 5624 5651
f 5624 5625 5651
f 5651 5625 5652
f 5625 5626 5652
f 5652 5626 5653
f 5626 5627 5653
f 5653 5627 5654
f 5627 5628 5654
f 5654 5628 5655
f 5628 5629 5655
f 5655 5629 5656
f 5657 4828 5630
f 5658 5631 5659
f 5631 5632 5659
f 5659 5632 5660
f 5632 5633 5660
f 5660 5633 5661
f 5633 5634 5661
f 5661 5634 5662
f 5634 5635 5662
f 5662 5635 5663
f 5635 5636 5663
f 5663 5636 5664
f 5636 5637 5664
f 5664 5637 5665
f 5637 5638 5665
f 5665 5638 5666
f 5638 5639 5666
f 5666 5639 5667
f 5639 5640 5667
f 5667 5640 5668
f 5640 5641 5668
f 5668 5641 5669
f 5641 5642 5669
f 5669 5642 5670
f 5642 5643 5670
f 5670 5643 5671
f 5643 4964 5671
f 5671 4964 4963
f 5657 5630 5672
f 5630 5644 5672
f 5672 5644 5673
f 5644 5645 5673
f 5673 5645 5674
f 5645 5646 5674
f 5674 5646 5675
f 5646 5647 5675
f 5675 5647 5676
f 5647 5648 5676
f 5676 5648 5677
f 5648 5649 5677
f 5677 5649 5678
f 5649 5650 5678
f 5678 5650 5679
f 5650 5651 5679
f 5679 5651 5680
f 5651 5652 5680
f 5680 5652 5681
f 5652 5653 5681
f 5681 5653 5682
f 5653 5654 5682
f 5682 5654 5683
f 5654 5655 5683
f 5683 5655 5684
f 5655 5656 5684
f 5684 5656 5685
f 5686 4828 5657
f 5687 5658 5688
f 5658 5659 5688
f 5688 5659 5689
f 5659 5660 5689
f 5689 5660 5690
f 5660 5661 5690
f 5690 5661 5691
f 5661 5662 5691
f 5691 5662 5692
f 5662 5663 5692
f 5692 5663 5693
f 5663 5664 5693
f 5693 5664 5694
f 5664 5665 5694
f 5694 5665 5695
f 5665 5666 5695
f 5695 5666 5696
f 5666 5667 5696
f 5696 5667 5697
f 5667 5668 5697
f 5697 5668 5698
f 5668 5669 5698
f 5698 5669 5699
f 5669 5670 5699
f 5699 5670 5700
f 5670 5671 5700
f 5700 5671 5701
f 5671 4963 5701
f 5701 4963 4962
f 5686 5657 5702
f 5657 5672 5702
f 5702 5672 5703
f 5672 5673 5703
f 5703 5673 5704
f 5673 5674 5704
f 5704 5674 5705
f 5674 5675 5705
f 5705 5675 5706
f 5675 5676 5706
f 5706 5676 5707
f 5676 5677 5707
f 5707 5677 5708
f 5677 5678 5708
f 5708 5678 5709
f 5678 5679 5709
f 5709 5679 5710
f 5679 5680 5710
f 5710 5680 5711
f 5680 5681 5711
f 5711 5681 5712
f 5681 5682 5712
f 5712 5682 5713
f 5682 5683 5713
f 5713 5683 5714
f 5683 5684 5714
f 5714 5684 5715
f 5684 5685 5715
f 5715 5685 5716
f 5717 5687 5718
f 5687 5688 5718
f 5718 5688 5719
f 5688 5689 5719
f 5719 5689 5720
f 5689 5690 5720
f 5720 5690 5721
f 5690 5691 5721
f 5721 5691 5722
f 5691 5692 5722
f 5722 5692 5723
f 5692 5693 5723
f 5723 5693 5724
f 5693 5694 5724
f 5724 5694 5725
f 5694 5695 5725
f 5725 5695 5726
f 5695 5696 5726
f 5726 5696 5727
f 5696 5697 5727
f 5727 5697 5728
f 5697 5698 5728
f 5728 5698 5729
f 5698 5699 5729
f 5729 5699 5730
f 5699 5700 5730
f 5730 5700 5731
f 5700 5701 5731
f 5731 5701 5732
f 5701 4962 5732
f 5732 4962 4961
f 5733 5717 5734
f 5717 5718 5734
f 5734 5718 5735
f 5718 5719 5735
f 5735 5719 5736
f 5719 5720 5736
f 5736 5720 5737
f 5720 5721 5737
f 5737 5721 5738
f 5721 5722 5738
f 5738 5722 5739
f 5722 5723 5739
f 5739 5723 5740
f 5723 5724 5740
f 5740 5724 5741
f 5724 5725 5741
f 5741 5725 5742
f 5725 5726 5742
f 5742 5726 5743
f 5726 5727 5743
f 5743 5727 5744
f 5727 5728 5744
f 5744 5728 5745
f 5728 5729 5745
f 5745 5729 5746
f 5729 5730 5746
f 5746 5730 5747
f 5730 5731 5747
f 5747 5731 5748
f 5731 5732 5748
f 5748 5732 5749
f 5732 4961 5749
f 5749 4961 4960
f 5460 5733 5461
f 5733 5734 5461
f 5461 5734 5750
f 5734 5735 5750
f 5750 5735 5751
f 5735 5736 5751
f 5751 5736 5752
f 5736 5737 5752
f 5752 5737 5753
f 5737 5738 5753
f 5753 5738 5754
f 5738 5739 5754
f 5754 5739 5755
f 5739 5740 5755
f 5755 5740 5756
f 5740 5741 5756
f 5756 5741 5757
f 5741 5742 5757
f 5757 5742 5758
f 5742 5743 5758
f 5758 5743 5759
f 5743 5744 5759
f 5759 5744 5760
f 5744 5745 5760
f 5760 5745 5761
f 5745 5746 5761
f 5761 5746 5762
f 5746 5747 5762
f 5762 5747 5763
f 5747 5748 5763
f 5763 5748 5764
f 5748 5749 5764
f 5764 5749 5765
f 5749 4960 5765
f 5765 4960 4959
f 2273 5461 2272
f 5461 5750 2272
f 2272 5750 2271
f 5750 5751 2271
f 2271 5751 2270
f 5751 5752 2270
f 2270 5752 2269
f 5752 5753 2269
f 2269 5753 2268
f 5753 5754 2268
f 2268 5754 2267
f 5754 5755 2267
f 2267 5755 2266
f 5755 5756 2266
f 2266 5756 2265
f 5756 5757 2265
f 2265 5757 2264
f 5757 5758 2264
f 2264 5758 2263
f 5758 5759 2263
f 2263 5759 2262
f 5759 5760 2262
f 2262 5760 2261
f 5760 5761 2261
f 2261 5761 2260
f 5761 5762 2260
f 2260 5762 2259
f 5762 5763 2259
f 2259 5763 2258
f 5763 5764 2258
f 2258 5764 2257
f 5764 5765 2257
f 2257 5765 2256
f 5765 4959 2256
f 2256 4959 2255
f 5471 4828 5465
f 5460 5716 5733
f 5716 5685 5733
f 5733 5685 5717
f 5685 5656 5717
f 5717 5656 5687
f 5656 5629 5687
f 5687 5629 5658
f 5629 5604 5658
f 5658 5604 5631
f 5604 5581 5631
f 5631 5581 5606
f 5581 5560 5606
f 5606 5560 5583
f 5560 5541 5583
f 5583 5541 5562
f 5541 5524 5562
f 5562 5524 5543
f 5524 5509 5543
f 5543 5509 5526
f 5509 5496 5526
f 5526 5496 5511
f 5496 5485 5511
f 5511 5485 5498
f 5485 5476 5498
f 5498 5476 5487
f 5476 5468 5487
f 5487 5468 5478
f 5468 5462 5478
f 5478 5462 5470
f 5462 5464 5470
f 5470 5464 5471
f 5464 4828 5471
f 5076 5078 4958
f 5058 5060 4957
f 5060 5062 4957
f 5062 5064 4957
f 5064 5066 4957
f 4957 5066 5068
f 5766 5048 4957
f 5048 5050 4957
f 4957 5050 5052
f 5068 5070 4957
f 5070 5072 4957
f 4957 5072 4958
f 5072 5074 4958
f 4958 5074 5076
f 5767 5100 5102
f 5102 5104 5767
f 5104 5106 5767
f 5767 5106 5108
f 5108 5110 5767
f 5110 5112 5767
f 5767 5112 5114
f 5766 5034 5036
f 5036 5038 5766
f 5038 5040 5766
f 5766 5040 5042
f 5052 5054 4957
f 5054 5056 4957
f 4957 5056 5058
f 4958 5084 5086
f 5004 5006 5768
f 5042 5044 5766
f 5044 5046 5766
f 5766 5046 5048
f 5078 5080 4958
f 5080 5082 4958
f 4958 5082 5084
f 5092 5094 4958
f 5094 5096 4958
f 4958 5096 5767
f 5096 5098 5767
f 5767 5098 5100
f 5020 5022 5768
f 5022 5024 5768
f 5768 5024 5766
f 5024 5026 5766
f 5766 5026 5028
f 5028 5030 5766
f 5030 5032 5766
f 5766 5032 5034
f 5086 5088 4958
f 5088 5090 4958
f 4958 5090 5092
f 5768 5012 5014
f 4984 4986 5769
f 4986 4988 5769
f 5769 4988 4990
f 4990 4992 5769
f 4992 4994 5769
f 5769 4994 4996
f 5006 5008 5768
f 5008 5010 5768
f 5768 5010 5012
f 5014 5016 5768
f 5016 5018 5768
f 5768 5018 5020
f 5114 5116 5767
f 5116 5118 5767
f 5767 5118 5769
f 5118 4976 5769
f 5769 4976 4978
f 4996 4998 5769
f 4998 5000 5769
f 5769 5000 5768
f 5000 5002 5768
f 5768 5002 5004
f 4978 4980 5769
f 4980 4982 5769
f 5769 4982 4984
f 4905 5770 5771
f 5772 5773 5774
f 4735 4736 5775
f 5774 5773 4735
f 5776 4735 5773
f 5776 5773 5777
f 5773 5772 5777
f 5777 5772 5778
f 5779 4735 5776
f 5780 5781 5782
f 5781 5775 5782
f 5782 5775 5783
f 5775 4736 5783
f 5783 4736 4737
f 5779 5776 5784
f 5776 5777 5784
f 5784 5777 5785
f 5777 5778 5785
f 5785 5778 5786
f 5787 4735 5779
f 5788 5780 5789
f 5780 5782 5789
f 5789 5782 5790
f 5782 5783 5790
f 5790 5783 5791
f 5783 4737 5791
f 5791 4737 4738
f 5787 5779 5792
f 5779 5784 5792
f 5792 5784 5793
f 5784 5785 5793
f 5793 5785 5794
f 5785 5786 5794
f 5794 5786 5795
f 5796 4735 5787
f 5797 5788 5798
f 5788 5789 5798
f 5798 5789 5799
f 5789 5790 5799
f 5799 5790 5800
f 5790 5791 5800
f 5800 5791 5801
f 5791 4738 5801
f 5801 4738 4739
f 5796 5787 5802
f 5787 5792 5802
f 5802 5792 5803
f 5792 5793 5803
f 5803 5793 5804
f 5793 5794 5804
f 5804 5794 5805
f 5794 5795 5805
f 5805 5795 5806
f 5807 4735 5796
f 5808 5797 5809
f 5797 5798 5809
f 5809 5798 5810
f 5798 5799 5810
f 5810 5799 5811
f 5799 5800 5811
f 5811 5800 5812
f 5800 5801 5812
f 5812 5801 5813
f 5801 4739 5813
f 5813 4739 4740
f 5807 5796 5814
f 5796 5802 5814
f 5814 5802 5815
f 5802 5803 5815
f 5815 5803 5816
f 5803 5804 5816
f 5816 5804 5817
f 5804 5805 5817
f 5817 5805 5818
f 5805 5806 5818
f 5818 5806 5819
f 5820 4735 5807
f 5821 5808 5822
f 5808 5809 5822
f 5822 5809 5823
f 5809 5810 5823
f 5823 5810 5824
f 5810 5811 5824
f 5824 5811 5825
f 5811 5812 5825
f 5825 5812 5826
f 5812 5813 5826
f 5826 5813 5827
f 5813 4740 5827
f 5827 4740 4741
f 5820 5807 5828
f 5807 5814 5828
f 5828 5814 5829
f 5814 5815 5829
f 5829 5815 5830
f 5815 5816 5830
f 5830 5816 5831
f 5816 5817 5831
f 5831 5817 5832
f 5817 5818 5832
f 5832 5818 5833
f 5818 5819 5833
f 5833 5819 5834
f 5835 4735 5820
f 5836 5821 5837
f 5821 5822 5837
f 5837 5822 5838
f 5822 5823 5838
f 5838 5823 5839
f 5823 5824 5839
f 5839 5824 5840
f 5824 5825 5840
f 5840 5825 5841
f 5825 5826 5841
f 5841 5826 5842
f 5826 5827 5842
f 5842 5827 5843
f 5827 4741 5843
f 5843 4741 4742
f 5835 5820 5844
f 5820 5828 5844
f 5844 5828 5845
f 5828 5829 5845
f 5845 5829 5846
f 5829 5830 5846
f 5846 5830 5847
f 5830 5831 5847
f 5847 5831 5848
f 5831 5832 5848
f 5848 5832 5849
f 5832 5833 5849
f 5849 5833 5850
f 5833 5834 5850
f 5850 5834 5851
f 5852 4735 5835
f 5853 5836 5854
f 5836 5837 5854
f 5854 5837 5855
f 5837 5838 5855
f 5855 5838 5856
f 5838 5839 5856
f 5856 5839 5857
f 5839 5840 5857
f 5857 5840 5858
f 5840 5841 5858
f 5858 5841 5859
f 5841 5842 5859
f 5859 5842 5860
f 5842 5843 5860
f 5860 5843 5861
f 5843 4742 5861
f 5861 4742 4743
f 5852 5835 5862
f 5835 5844 5862
f 5862 5844 5863
f 5844 5845 5863
f 5863 5845 5864
f 5845 5846 5864
f 5864 5846 5865
f 5846 5847 5865
f 5865 5847 5866
f 5847 5848 5866
f 5866 5848 5867
f 5848 5849 5867
f 5867 5849 5868
f 5849 5850 5868
f 5868 5850 5869
f 5850 5851 5869
f 5869 5851 5870
f 5871 4735 5852
f 5872 5853 5873
f 5853 5854 5873
f 5873 5854 5874
f 5854 5855 5874
f 5874 5855 5875
f 5855 5856 5875
f 5875 5856 5876
f 5856 5857 5876
f 5876 5857 5877
f 5857 5858 5877
f 5877 5858 5878
f 5858 5859 5878
f 5878 5859 5879
f 5859 5860 5879
f 5879 5860 5880
f 5860 5861 5880
f 5880 5861 5881
f 5861 4743 5881
f 5881 4743 4744
f 5871 5852 5882
f 5852 5862 5882
f 5882 5862 5883
f 5862 5863 5883
f 5883 5863 5884
f 5863 5864 5884
f 5884 5864 5885
f 5864 5865 5885
f 5885 5865 5886
f 5865 5866 5886
f 5886 5866 5887
f 5866 5867 5887
f 5887 5867 5888
f 5867 5868 5888
f 5888 5868 5889
f 5868 5869 5889
f 5889 5869 5890
f 5869 5870 5890
f 5890 5870 5891
f 5892 4735 5871
f 5893 5872 5894
f 5872 5873 5894
f 5894 5873 5895
f 5873 5874 5895
f 5895 5874 5896
f 5874 5875 5896
f 5896 5875 5897
f 5875 5876 5897
f 5897 5876 5898
f 5876 5877 5898
f 5898 5877 5899
f 5877 5878 5899
f 5899 5878 5900
f 5878 5879 5900
f 5900 5879 5901
f 5879 5880 5901
f 5901 5880 5902
f 5880 5881 5902
f 5902 5881 5903
f 5881 4744 5903
f 5903 4744 4745
f 5892 5871 5904
f 5871 5882 5904
f 5904 5882 5905
f 5882 5883 5905
f 5905 5883 5906
f 5883 5884 5906
f 5906 5884 5907
f 5884 5885 5907
f 5907 5885 5908
f 5885 5886 5908
f 5908 5886 5909
f 5886 5887 5909
f 5909 5887 5910
f 5887 5888 5910
f 5910 5888 5911
f 5888 5889 5911
f 5911 5889 5912
f 5889 5890 5912
f 5912 5890 5913
f 5890 5891 5913
f 5913 5891 5914
f 5915 4735 5892
f 5916 5893 5917
f 5893 5894 5917
f 5917 5894 5918
f 5894 5895 5918
f 5918 5895 5919
f 5895 5896 5919
f 5919 5896 5920
f 5896 5897 5920
f 5920 5897 5921
f 5897 5898 5921
f 5921 5898 5922
f 5898 5899 5922
f 5922 5899 5923
f 5899 5900 5923
f 5923 5900 5924
f 5900 5901 5924
f 5924 5901 5925
f 5901 5902 5925
f 5925 5902 5926
f 5902 5903 5926
f 5926 5903 5927
f 5903 4745 5927
f 5927 4745 4746
f 5915 5892 5928
f 5892 5904 5928
f 5928 5904 5929
f 5904 5905 5929
f 5929 5905 5930
f 5905 5906 5930
f 5930 5906 5931
f 5906 5907 5931
f 5931 5907 5932
f 5907 5908 5932
f 5932 5908 5933
f 5908 5909 5933
f 5933 5909 5934
f 5909 5910 5934
f 5934 5910 5935
f 5910 5911 5935
f 5935 5911 5936
f 5911 5912 5936
f 5936 5912 5937
f 5912 5913 5937
f 5937 5913 5938
f 5913 5914 5938
f 5938 5914 5939
f 5940 4735 5915
f 5941 5916 5942
f 5916 5917 5942
f 5942 5917 5943
f 5917 5918 5943
f 5943 5918 5944
f 5918 5919 5944
f 5944 5919 5945
f 5919 5920 5945
f 5945 5920 5946
f 5920 5921 5946
f 5946 5921 5947
f 5921 5922 5947
f 5947 5922 5948
f 5922 5923 5948
f 5948 5923 5949
f 5923 5924 5949
f 5949 5924 5950
f 5924 5925 5950
f 5950 5925 5951
f 5925 5926 5951
f 5951 5926 5952
f 5926 5927 5952
f 5952 5927 5953
f 5927 4746 5953
f 5953 4746 4747
f 5940 5915 5954
f 5915 5928 5954
f 5954 5928 5955
f 5928 5929 5955
f 5955 5929 5956
f 5929 5930 5956
f 5956 5930 5957
f 5930 5931 5957
f 5957 5931 5958
f 5931 5932 5958
f 5958 5932 5959
f 5932 5933 5959
f 5959 5933 5960
f 5933 5934 5960
f 5960 5934 5961
f 5934 5935 5961
f 5961 5935 5962
f 5935 5936 5962
f 5962 5936 5963
f 5936 5937 5963
f 5963 5937 5964
f 5937 5938 5964
f 5964 5938 5965
f 5938 5939 5965
f 5965 5939 5966
f 5967 4735 5940
f 5968 5941 5969
f 5941 5942 5969
f 5969 5942 5970
f 5942 5943 5970
f 5970 5943 5971
f 5943 5944 5971
f 5971 5944 5972
f 5944 5945 5972
f 5972 5945 5973
f 5945 5946 5973
f 5973 5946 5974
f 5946 5947 5974
f 5974 5947 5975
f 5947 5948 5975
f 5975 5948 5976
f 5948 5949 5976
f 5976 5949 5977
f 5949 5950 5977
f 5977 5950 5978
f 5950 5951 5978
f 5978 5951 5979
f 5951 5952 5979
f 5979 5952 5980
f 5952 5953 5980
f 5980 5953 5981
f 5953 4747 5981
f 5981 4747 4748
f 5967 5940 5982
f 5940 5954 5982
f 5982 5954 5983
f 5954 5955 5983
f 5983 5955 5984
f 5955 5956 5984
f 5984 5956 5985
f 5956 5957 5985
f 5985 5957 5986
f 5957 5958 5986
f 5986 5958 5987
f 5958 5959 5987
f 5987 5959 5988
f 5959 5960 5988
f 5988 5960 5989
f 5960 5961 5989
f 5989 5961 5990
f 5961 5962 5990
f 5990 5962 5991
f 5962 5963 5991
f 5991 5963 5992
f 5963 5964 5992
f 5992 5964 5993
f 5964 5965 5993
f 5993 5965 5994
f 5965 5966 5994
f 5994 5966 5995
f 5996 4735 5967
f 5997 5968 5998
f 5968 5969 5998
f 5998 5969 5999
f 5969 5970 5999
f 5999 5970 6000
f 5970 5971 6000
f 6000 5971 6001
f 5971 5972 6001
f 6001 5972 6002
f 5972 5973 6002
f 6002 5973 6003
f 5973 5974 6003
f 6003 5974 6004
f 5974 5975 6004
f 6004 5975 6005
f 5975 5976 6005
f 6005 5976 6006
f 5976 5977 6006
f 6006 5977 6007
f 5977 5978 6007
f 6007 5978 6008
f 5978 5979 6008
f 6008 5979 6009
f 5979 5980 6009
f 6009 5980 6010
f 5980 5981 6010
f 6010 5981 6011
f 5981 4748 6011
f 6011 4748 4749
f 5996 5967 6012
f 5967 5982 6012
f 6012 5982 6013
f 5982 5983 6013
f 6013 5983 6014
f 5983 5984 6014
f 6014 5984 6015
f 5984 5985 6015
f 6015 5985 6016
f 5985 5986 6016
f 6016 5986 6017
f 5986 5987 6017
f 6017 5987 6018
f 5987 5988 6018
f 6018 5988 6019
f 5988 5989 6019
f 6019 5989 6020
f 5989 5990 6020
f 6020 5990 6021
f 5990 5991 6021
f 6021 5991 6022
f 5991 5992 6022
f 6022 5992 6023
f 5992 5993 6023
f 6023 5993 6024
f 5993 5994 6024
f 6024 5994 6025
f 5994 5995 6025
f 6025 5995 6026
f 6027 5997 6028
f 5997 5998 6028
f 6028 5998 6029
f 5998 5999 6029
f 6029 5999 6030
f 5999 6000 6030
f 6030 6000 6031
f 6000 6001 6031
f 6031 6001 6032
f 6001 6002 6032
f 6032 6002 6033
f 6002 6003 6033
f 6033 6003 6034
f 6003 6004 6034
f 6034 6004 6035
f 6004 6005 6035
f 6035 6005 6036
f 6005 6006 6036
f 6036 6006 6037
f 6006 6007 6037
f 6037 6007 6038
f 6007 6008 6038
f 6038 6008 6039
f 6008 6009 6039
f 6039 6009 6040
f 6009 6010 6040
f 6040 6010 6041
f 6010 6011 6041
f 6041 6011 6042
f 6011 4749 6042
f 6042 4749 4750
f 6043 6027 6044
f 6027 6028 6044
f 6044 6028 6045
f 6028 6029 6045
f 6045 6029 6046
f 6029 6030 6046
f 6046 6030 6047
f 6030 6031 6047
f 6047 6031 6048
f 6031 6032 6048
f 6048 6032 6049
f 6032 6033 6049
f 6049 6033 6050
f 6033 6034 6050
f 6050 6034 6051
f 6034 6035 6051
f 6051 6035 6052
f 6035 6036 6052
f 6052 6036 6053
f 6036 6037 6053
f 6053 6037 6054
f 6037 6038 6054
f 6054 6038 6055
f 6038 6039 6055
f 6055 6039 6056
f 6039 6040 6056
f 6056 6040 6057
f 6040 6041 6057
f 6057 6041 6058
f 6041 6042 6058
f 6058 6042 6059
f 6042 4750 6059
f 6059 4750 4751
f 5770 6043 5771
f 6043 6044 5771
f 5771 6044 6060
f 6044 6045 6060
f 6060 6045 6061
f 6045 6046 6061
f 6061 6046 6062
f 6046 6047 6062
f 6062 6047 6063
f 6047 6048 6063
f 6063 6048 6064
f 6048 6049 6064
f 6064 6049 6065
f 6049 6050 6065
f 6065 6050 6066
f 6050 6051 6066
f 6066 6051 6067
f 6051 6052 6067
f 6067 6052 6068
f 6052 6053 6068
f 6068 6053 6069
f 6053 6054 6069
f 6069 6054 6070
f 6054 6055 6070
f 6070 6055 6071
f 6055 6056 6071
f 6071 6056 6072
f 6056 6057 6072
f 6072 6057 6073
f 6057 6058 6073
f 6073 6058 6074
f 6058 6059 6074
f 6074 6059 6075
f 6059 4751 6075
f 6075 4751 4752
f 4905 5771 4956
f 5771 6060 4956
f 4956 6060 4954
f 6060 6061 4954
f 4954 6061 4952
f 6061 6062 4952
f 4952 6062 4950
f 6062 6063 4950
f 4950 6063 4948
f 6063 6064 4948
f 4948 6064 4946
f 6064 6065 4946
f 4946 6065 4944
f 6065 6066 4944
f 4944 6066 4942
f 6066 6067 4942
f 4942 6067 4940
f 6067 6068 4940
f 4940 6068 4938
f 6068 6069 4938
f 4938 6069 4936
f 6069 6070 4936
f 4936 6070 4934
f 6070 6071 4934
f 4934 6071 4932
f 6071 6072 4932
f 4932 6072 4930
f 6072 6073 4930
f 4930 6073 4928
f 6073 6074 4928
f 4928 6074 4926
f 6074 6075 4926
f 4926 6075 4924
f 6075 4752 4924
f 4924 4752 4459
f 5781 4735 5775
f 5770 6026 6043
f 6026 5995 6043
f 6043 5995 6027
f 5995 5966 6027
f 6027 5966 5997
f 5966 5939 5997
f 5997 5939 5968
f 5939 5914 5968
f 5968 5914 5941
f 5914 5891 5941
f 5941 5891 5916
f 5891 5870 5916
f 5916 5870 5893
f 5870 5851 5893
f 5893 5851 5872
f 5851 5834 5872
f 5872 5834 5853
f 5834 5819 5853
f 5853 5819 5836
f 5819 5806 5836
f 5836 5806 5821
f 5806 5795 5821
f 5821 5795 5808
f 5795 5786 5808
f 5808 5786 5797
f 5786 5778 5797
f 5797 5778 5788
f 5778 5772 5788
f 5788 5772 5780
f 5772 5774 5780
f 5780 5774 5781
f 5774 4735 5781
f 5767 5769 4461
f 5769 4462 4461
f 4829 4828 5686
f 4829 5686 6076
f 5686 5702 6076
f 6076 5702 6077
f 5702 5703 6077
f 6077 5703 6078
f 5703 5704 6078
f 6078 5704 6079
f 5704 5705 6079
f 6079 5705 6080
f 5705 5706 6080
f 6080 5706 6081
f 5706 5707 6081
f 6081 5707 6082
f 5707 5708 6082
f 6082 5708 6083
f 5708 5709 6083
f 6083 5709 6084
f 5709 5710 6084
f 6084 5710 6085
f 5710 5711 6085
f 6085 5711 6086
f 5711 5712 6086
f 6086 5712 6087
f 5712 5713 6087
f 6087 5713 6088
f 5713 5714 6088
f 6088 5714 6089
f 5714 5715 6089
f 6089 5715 6090
f 5715 5716 6090
f 6090 5716 6091
f 5716 5460 6091
f 6091 5460 6092
f 5460 2273 6092
f 6092 2273 4660
f 5766 4957 4464
f 4957 4465 4464
f 2274 4753 5131
f 2274 5131 5154
f 5131 5127 5154
f 5154 5127 5410
f 5127 5126 5410
f 5410 5126 5409
f 5126 5125 5409
f 5409 5125 5408
f 5125 5124 5408
f 5408 5124 5407
f 5124 5123 5407
f 5407 5123 5406
f 5123 5122 5406
f 5406 5122 5405
f 5122 5136 5405
f 5405 5136 5404
f 5136 5135 5404
f 5404 5135 5403
f 5135 5134 5403
f 5403 5134 5402
f 5134 5133 5402
f 5402 5133 5401
f 5133 5132 5401
f 5401 5132 5400
f 5132 5130 5400
f 5400 5130 5399
f 5130 5129 5399
f 5399 5129 5398
f 5129 5128 5398
f 5398 5128 5397
f 5128 5121 5397
f 5397 5121 5396
f 5121 5120 5396
f 5396 5120 5380
f 5120 4902 5380
f 5380 4902 4904
f 5768 5766 4463
f 5766 4464 4463
f 4958 5767 4460
f 5767 4461 4460
f 4754 6093 6094
f 6095 6096 6097
f 4829 6076 6098
f 6097 6096 4829
f 6099 4829 6096
f 6099 6096 6100
f 6096 6095 6100
f 6100 6095 6101
f 6102 4829 6099
f 6103 6104 6105
f 6104 6098 6105
f 6105 6098 6106
f 6098 6076 6106
f 6106 6076 6077
f 6102 6099 6107
f 6099 6100 6107
f 6107 6100 6108
f 6100 6101 6108
f 6108 6101 6109
f 6110 4829 6102
f 6111 6103 6112
f 6103 6105 6112
f 6112 6105 6113
f 6105 6106 6113
f 6113 6106 6114
f 6106 6077 6114
f 6114 6077 6078
f 6110 6102 6115
f 6102 6107 6115
f 6115 6107 6116
f 6107 6108 6116
f 6116 6108 6117
f 6108 6109 6117
f 6117 6109 6118
f 6119 4829 6110
f 6120 6111 6121
f 6111 6112 6121
f 6121 6112 6122
f 6112 6113 6122
f 6122 6113 6123
f 6113 6114 6123
f 6123 6114 6124
f 6114 6078 6124
f 6124 6078 6079
f 6119 6110 6125
f 6110 6115 6125
f 6125 6115 6126
f 6115 6116 6126
f 6126 6116 6127
f 6116 6117 6127
f 6127 6117 6128
f 6117 6118 6128
f 6128 6118 6129
f 6130 4829 6119
f 6131 6120 6132
f 6120 6121 6132
f 6132 6121 6133
f 6121 6122 6133
f 6133 6122 6134
f 6122 6123 6134
f 6134 6123 6135
f 6123 6124 6135
f 6135 6124 6136
f 6124 6079 6136
f 6136 6079 6080
f 6130 6119 6137
f 6119 6125 6137
f 6137 6125 6138
f 6125 6126 6138
f 6138 6126 6139
f 6126 6127 6139
f 6139 6127 6140
f 6127 6128 6140
f 6140 6128 6141
f 6128 6129 6141
f 6141 6129 6142
f 6143 4829 6130
f 6144 6131 6145
f 6131 6132 6145
f 6145 6132 6146
f 6132 6133 6146
f 6146 6133 6147
f 6133 6134 6147
f 6147 6134 6148
f 6134 6135 6148
f 6148 6135 6149
f 6135 6136 6149
f 6149 6136 6150
f 6136 6080 6150
f 6150 6080 6081
f 6143 6130 6151
f 6130 6137 6151
f 6151 6137 6152
f 6137 6138 6152
f 6152 6138 6153
f 6138 6139 6153
f 6153 6139 6154
f 6139 6140 6154
f 6154 6140 6155
f 6140 6141 6155
f 6155 6141 6156
f 6141 6142 6156
f 6156 6142 6157
f 6158 4829 6143
f 6159 6144 6160
f 6144 6145 6160
f 6160 6145 6161
f 6145 6146 6161
f 6161 6146 6162
f 6146 6147 6162
f 6162 6147 6163
f 6147 6148 6163
f 6163 6148 6164
f 6148 6149 6164
f 6164 6149 6165
f 6149 6150 6165
f 6165 6150 6166
f 6150 6081 6166
f 6166 6081 6082
f 6158 6143 6167
f 6143 6151 6167
f 6167 6151 6168
f 6151 6152 6168
f 6168 6152 6169
f 6152 6153 6169
f 6169 6153 6170
f 6153 6154 6170
f 6170 6154 6171
f 6154 6155 6171
f 6171 6155 6172
f 6155 6156 6172
f 6172 6156 6173
f 6156 6157 6173
f 6173 6157 6174
f 6175 4829 6158
f 6176 6159 6177
f 6159 6160 6177
f 6177 6160 6178
f 6160 6161 6178
f 6178 6161 6179
f 6161 6162 6179
f 6179 6162 6180
f 6162 6163 6180
f 6180 6163 6181
f 6163 6164 6181
f 6181 6164 6182
f 6164 6165 6182
f 6182 6165 6183
f 6165 6166 6183
f 6183 6166 6184
f 6166 6082 6184
f 6184 6082 6083
f 6175 6158 6185
f 6158 6167 6185
f 6185 6167 6186
f 6167 6168 6186
f 6186 6168 6187
f 6168 6169 6187
f 6187 6169 6188
f 6169 6170 6188
f 6188 6170 6189
f 6170 6171 6189
f 6189 6171 6190
f 6171 6172 6190
f 6190 6172 6191
f 6172 6173 6191
f 6191 6173 6192
f 6173 6174 6192
f 6192 6174 6193
f 6194 4829 6175
f 6195 6176 6196
f 6176 6177 6196
f 6196 6177 6197
f 6177 6178 6197
f 6197 6178 6198
f 6178 6179 6198
f 6198 6179 6199
f 6179 6180 6199
f 6199 6180 6200
f 6180 6181 6200
f 6200 6181 6201
f 6181 6182 6201
f 6201 6182 6202
f 6182 6183 6202
f 6202 6183 6203
f 6183 6184 6203
f 6203 6184 6204
f 6184 6083 6204
f 6204 6083 6084
f 6194 6175 6205
f 6175 6185 6205
f 6205 6185 6206
f 6185 6186 6206
f 6206 6186 6207
f 6186 6187 6207
f 6207 6187 6208
f 6187 6188 6208
f 6208 6188 6209
f 6188 6189 6209
f 6209 6189 6210
f 6189 6190 6210
f 6210 6190 6211
f 6190 6191 6211
f 6211 6191 6212
f 6191 6192 6212
f 6212 6192 6213
f 6192 6193 6213
f 6213 6193 6214
f 6215 4829 6194
f 6216 6195 6217
f 6195 6196 6217
f 6217 6196 6218
f 6196 6197 6218
f 6218 6197 6219
f 6197 6198 6219
f 6219 6198 6220
f 6198 6199 6220
f 6220 6199 6221
f 6199 6200 6221
f 6221 6200 6222
f 6200 6201 6222
f 6222 6201 6223
f 6201 6202 6223
f 6223 6202 6224
f 6202 6203 6224
f 6224 6203 6225
f 6203 6204 6225
f 6225 6204 6226
f 6204 6084 6226
f 6226 6084 6085
f 6215 6194 6227
f 6194 6205 6227
f 6227 6205 6228
f 6205 6206 6228
f 6228 6206 6229
f 6206 6207 6229
f 6229 6207 6230
f 6207 6208 6230
f 6230 6208 6231
f 6208 6209 6231
f 6231 6209 6232
f 6209 6210 6232
f 6232 6210 6233
f 6210 6211 6233
f 6233 6211 6234
f 6211 6212 6234
f 6234 6212 6235
f 6212 6213 6235
f 6235 6213 6236
f 6213 6214 6236
f 6236 6214 6237
f 6238 4829 6215
f 6239 6216 6240
f 6216 6217 6240
f 6240 6217 6241
f 6217 6218 6241
f 6241 6218 6242
f 6218 6219 6242
f 6242 6219 6243
f 6219 6220 6243
f 6243 6220 6244
f 6220 6221 6244
f 6244 6221 6245
f 6221 6222 6245
f 6245 6222 6246
f 6222 6223 6246
f 6246 6223 6247
f 6223 6224 6247
f 6247 6224 6248
f 6224 6225 6248
f 6248 6225 6249
f 6225 6226 6249
f 6249 6226 6250
f 6226 6085 6250
f 6250 6085 6086
f 6238 6215 6251
f 6215 6227 6251
f 6251 6227 6252
f 6227 6228 6252
f 6252 6228 6253
f 6228 6229 6253
f 6253 6229 6254
f 6229 6230 6254
f 6254 6230 6255
f 6230 6231 6255
f 6255 6231 6256
f 6231 6232 6256
f 6256 6232 6257
f 6232 6233 6257
f 6257 6233 6258
f 6233 6234 6258
f 6258 6234 6259
f 6234 6235 6259
f 6259 6235 6260
f 6235 6236 6260
f 6260 6236 6261
f 6236 6237 6261
f 6261 6237 6262
f 6263 4829 6238
f 6264 6239 6265
f 6239 6240 6265
f 6265 6240 6266
f 6240 6241 6266
f 6266 6241 6267
f 6241 6242 6267
f 6267 6242 6268
f 6242 6243 6268
f 6268 6243 6269
f 6243 6244 6269
f 6269 6244 6270
f 6244 6245 6270
f 6270 6245 6271
f 6245 6246 6271
f 6271 6246 6272
f 6246 6247 6272
f 6272 6247 6273
f 6247 6248 6273
f 6273 6248 6274
f 6248 6249 6274
f 6274 6249 6275
f 6249 6250 6275
f 6275 6250 6276
f 6250 6086 6276
f 6276 6086 6087
f 6263 6238 6277
f 6238 6251 6277
f 6277 6251 6278
f 6251 6252 6278
f 6278 6252 6279
f 6252 6253 6279
f 6279 6253 6280
f 6253 6254 6280
f 6280 6254 6281
f 6254 6255 6281
f 6281 6255 6282
f 6255 6256 6282
f 6282 6256 6283
f 6256 6257 6283
f 6283 6257 6284
f 6257 6258 6284
f 6284 6258 6285
f 6258 6259 6285
f 6285 6259 6286
f 6259 6260 6286
f 6286 6260 6287
f 6260 6261 6287
f 6287 6261 6288
f 6261 6262 6288
f 6288 6262 6289
f 6290 4829 6263
f 6291 6264 6292
f 6264 6265 6292
f 6292 6265 6293
f 6265 6266 6293
f 6293 6266 6294
f 6266 6267 6294
f 6294 6267 6295
f 6267 6268 6295
f 6295 6268 6296
f 6268 6269 6296
f 6296 6269 6297
f 6269 6270 6297
f 6297 6270 6298
f 6270 6271 6298
f 6298 6271 6299
f 6271 6272 6299
f 6299 6272 6300
f 6272 6273 6300
f 6300 6273 6301
f 6273 6274 6301
f 6301 6274 6302
f 6274 6275 6302
f 6302 6275 6303
f 6275 6276 6303
f 6303 6276 6304
f 6276 6087 6304
f 6304 6087 6088
f 6290 6263 6305
f 6263 6277 6305
f 6305 6277 6306
f 6277 6278 6306
f 6306 6278 6307
f 6278 6279 6307
f 6307 6279 6308
f 6279 6280 6308
f 6308 6280 6309
f 6280 6281 6309
f 6309 6281 6310
f 6281 6282 6310
f 6310 6282 6311
f 6282 6283 6311
f 6311 6283 6312
f 6283 6284 6312
f 6312 6284 6313
f 6284 6285 6313
f 6313 6285 6314
f 6285 6286 6314
f 6314 6286 6315
f 6286 6287 6315
f 6315 6287 6316
f 6287 6288 6316
f 6316 6288 6317
f 6288 6289 6317
f 6317 6289 6318
f 6319 4829 6290
f 6320 6291 6321
f 6291 6292 6321
f 6321 6292 6322
f 6292 6293 6322
f 6322 6293 6323
f 6293 6294 6323
f 6323 6294 6324
f 6294 6295 6324
f 6324 6295 6325
f 6295 6296 6325
f 6325 6296 6326
f 6296 6297 6326
f 6326 6297 6327
f 6297 6298 6327
f 6327 6298 6328
f 6298 6299 6328
f 6328 6299 6329
f 6299 6300 6329
f 6329 6300 6330
f 6300 6301 6330
f 6330 6301 6331
f 6301 6302 6331
f 6331 6302 6332
f 6302 6303 6332
f 6332 6303 6333
f 6303 6304 6333
f 6333 6304 6334
f 6304 6088 6334
f 6334 6088 6089
f 6319 6290 6335
f 6290 6305 6335
f 6335 6305 6336
f 6305 6306 6336
f 6336 6306 6337
f 6306 6307 6337
f 6337 6307 6338
f 6307 6308 6338
f 6338 6308 6339
f 6308 6309 6339
f 6339 6309 6340
f 6309 6310 6340
f 6340 6310 6341
f 6310 6311 6341
f 6341 6311 6342
f 6311 6312 6342
f 6342 6312 6343
f 6312 6313 6343
f 6343 6313 6344
f 6313 6314 6344
f 6344 6314 6345
f 6314 6315 6345
f 6345 6315 6346
f 6315 6316 6346
f 6346 6316 6347
f 6316 6317 6347
f 6347 6317 6348
f 6317 6318 6348
f 6348 6318 6349
f 6350 6320 6351
f 6320 6321 6351
f 6351 6321 6352
f 6321 6322 6352
f 6352 6322 6353
f 6322 6323 6353
f 6353 6323 6354
f 6323 6324 6354
f 6354 6324 6355
f 6324 6325 6355
f 6355 6325 6356
f 6325 6326 6356
f 6356 6326 6357
f 6326 6327 6357
f 6357 6327 6358
f 6327 6328 6358
f 6358 6328 6359
f 6328 6329 6359
f 6359 6329 6360
f 6329 6330 6360
f 6360 6330 6361
f 6330 6331 6361
f 6361 6331 6362
f 6331 6332 6362
f 6362 6332 6363
f 6332 6333 6363
f 6363 6333 6364
f 6333 6334 6364
f 6364 6334 6365
f 6334 6089 6365
f 6365 6089 6090
f 6366 6350 6367
f 6350 6351 6367
f 6367 6351 6368
f 6351 6352 6368
f 6368 6352 6369
f 6352 6353 6369
f 6369 6353 6370
f 6353 6354 6370
f 6370 6354 6371
f 6354 6355 6371
f 6371 6355 6372
f 6355 6356 6372
f 6372 6356 6373
f 6356 6357 6373
f 6373 6357 6374
f 6357 6358 6374
f 6374 6358 6375
f 6358 6359 6375
f 6375 6359 6376
f 6359 6360 6376
f 6376 6360 6377
f 6360 6361 6377
f 6377 6361 6378
f 6361 6362 6378
f 6378 6362 6379
f 6362 6363 6379
f 6379 6363 6380
f 6363 6364 6380
f 6380 6364 6381
f 6364 6365 6381
f 6381 6365 6382
f 6365 6090 6382
f 6382 6090 6091
f 6093 6366 6094
f 6366 6367 6094
f 6094 6367 6383
f 6367 6368 6383
f 6383 6368 6384
f 6368 6369 6384
f 6384 6369 6385
f 6369 6370 6385
f 6385 6370 6386
f 6370 6371 6386
f 6386 6371 6387
f 6371 6372 6387
f 6387 6372 6388
f 6372 6373 6388
f 6388 6373 6389
f 6373 6374 6389
f 6389 6374 6390
f 6374 6375 6390
f 6390 6375 6391
f 6375 6376 6391
f 6391 6376 6392
f 6376 6377 6392
f 6392 6377 6393
f 6377 6378 6393
f 6393 6378 6394
f 6378 6379 6394
f 6394 6379 6395
f 6379 6380 6395
f 6395 6380 6396
f 6380 6381 6396
f 6396 6381 6397
f 6381 6382 6397
f 6397 6382 6398
f 6382 6091 6398
f 6398 6091 6092
f 4754 6094 4906
f 6094 6383 4906
f 4906 6383 4907
f 6383 6384 4907
f 4907 6384 4908
f 6384 6385 4908
f 4908 6385 4909
f 6385 6386 4909
f 4909 6386 4910
f 6386 6387 4910
f 4910 6387 4911
f 6387 6388 4911
f 4911 6388 4912
f 6388 6389 4912
f 4912 6389 4913
f 6389 6390 4913
f 4913 6390 4914
f 6390 6391 4914
f 4914 6391 4915
f 6391 6392 4915
f 4915 6392 4916
f 6392 6393 4916
f 4916 6393 4917
f 6393 6394 4917
f 4917 6394 4918
f 6394 6395 4918
f 4918 6395 4919
f 6395 6396 4919
f 4919 6396 4920
f 6396 6397 4920
f 4920 6397 4921
f 6397 6398 4921
f 4921 6398 4922
f 6398 6092 4922
f 4922 6092 4660
f 6104 4829 6098
f 6093 6349 6366
f 6349 6318 6366
f 6366 6318 6350
f 6318 6289 6350
f 6350 6289 6320
f 6289 6262 6320
f 6320 6262 6291
f 6262 6237 6291
f 6291 6237 6264
f 6237 6214 6264
f 6264 6214 6239
f 6214 6193 6239
f 6239 6193 6216
f 6193 6174 6216
f 6216 6174 6195
f 6174 6157 6195
f 6195 6157 6176
f 6157 6142 6176
f 6176 6142 6159
f 6142 6129 6159
f 6159 6129 6144
f 6129 6118 6144
f 6144 6118 6131
f 6118 6109 6131
f 6131 6109 6120
f 6109 6101 6120
f 6120 6101 6111
f 6101 6095 6111
f 6111 6095 6103
f 6095 6097 6103
f 6103 6097 6104
f 6097 4829 6104
f 5769 5768 4462
f 5768 4463 4462
f 4761 4735 5996
f 4761 5996 5148
f 5996 6012 5148
f 5148 6012 5140
f 6012 6013 5140
f 5140 6013 5141
f 6013 6014 5141
f 5141 6014 5142
f 6014 6015 5142
f 5142 6015 5143
f 6015 6016 5143
f 5143 6016 5149
f 6016 6017 5149
f 5149 6017 5150
f 6017 6018 5150
f 5150 6018 5151
f 6018 6019 5151
f 5151 6019 5144
f 6019 6020 5144
f 5144 6020 5145
f 6020 6021 5145
f 5145 6021 5146
f 6021 6022 5146
f 5146 6022 5147
f 6022 6023 5147
f 5147 6023 5152
f 6023 6024 5152
f 5152 6024 5153
f 6024 6025 5153
f 5153 6025 5139
f 6025 6026 5139
f 5139 6026 5138
f 6026 5770 5138
f 5138 5770 5137
f 5770 4905 5137
f 5137 4905 4903
f 4542 4617 4543
f 4617 4615 4543
f 4543 4615 4513
f 4615 4614 4513
f 4513 4614 4501
f 4614 4635 4501
f 4501 4635 4502
f 4635 4634 4502
f 4502 4634 4528
f 4634 4626 4528
f 4528 4626 4529
f 4626 4630 4529
f 4529 4630 4530
f 4630 4629 4530
f 4530 4629 4531
f 4629 4595 4531
f 4531 4595 4532
f 4595 4594 4532
f 4532 4594 4533
f 4594 4593 4533
f 4533 4593 4538
f 4593 4587 4538
f 4538 4587 4539
f 4587 4586 4539
f 4539 4586 4540
f 4586 4585 4540
f 4540 4585 4504
f 4585 4577 4504
f 4504 4577 4505
f 4577 4576 4505
f 4505 4576 4534
f 4576 4575 4534
f 4534 4575 4535
f 4575 4563 4535
f 4535 4563 4523
f 4563 4561 4523
f 4523 4561 4524
f 4561 4560 4524
f 4524 4560 4536
f 4560 4559 4536
f 4536 4559 4537
f 4559 4558 4537
f 4537 4558 4514
f 4558 4584 4514
f 4514 4584 4515
f 4584 4583 4515
f 4515 4583 4516
f 4583 4556 4516
f 4516 4556 4517
f 4556 4555 4517
f 4517 4555 4518
f 4555 4603 4518
f 4518 4603 4519
f 4603 4602 4519
f 4519 4602 4520
f 4602 4592 4520
f 4520 4592 4492
f 4592 4591 4492
f 4492 4591 4493
f 4591 4625 4493
f 4493 4625 4494
f 4625 4599 4494
f 4494 4599 4495
f 4599 4611 4495
f 4495 4611 4496
f 4611 4622 4496
f 4496 4622 4507
f 4622 4598 4507
f 4507 4598 4508
f 4598 4597 4508
f 4508 4597 4509
f 4597 4608 4509
f 4509 4608 4469
f 4608 4607 4469
f 4469 4607 4470
f 4607 4620 4470
f 4470 4620 4497
f 4620 4619 4497
f 4497 4619 4498
f 4619 4606 4498
f 4498 4606 4466
f 4606 4605 4466
f 4466 4605 4467
f 4605 4604 4467
f 4467 4604 4475
f 4604 4574 4475
f 4475 4574 4476
f 4574 4573 4476
f 4476 4573 4477
f 4573 4572 4477
f 4477 4572 4478
f 4572 4554 4478
f 4478 4554 4479
f 4554 4553 4479
f 4479 4553 4480
f 4553 4552 4480
f 4480 4552 4474
f 4552 4545 4474
f 4474 4545 4473
f 4545 4544 4473
f 4473 4544 4471
f 4544 4571 4471
f 4471 4571 4510
f 4571 4570 4510
f 4510 4570 4511
f 4570 4569 4511
f 4511 4569 4499
f 4569 4590 4499
f 4499 4590 4500
f 4590 4589 4500
f 4500 4589 4521
f 4589 4588 4521
f 4521 4588 4522
f 4588 4582 4522
f 4522 4582 4481
f 4582 4581 4481
f 4481 4581 4482
f 4581 4580 4482
f 4482 4580 4512
f 4580 4568 4512
f 4512 4568 4483
f 4568 4567 4483
f 4483 4567 4484
f 4567 4566 4484
f 4484 4566 4486
f 4566 4551 4486
f 4486 4551 4487
f 4551 4550 4487
f 4487 4550 4488
f 4550 4548 4488
f 4488 4548 4489
f 4548 4547 4489
f 4489 4547 4490
f 4547 4579 4490
f 4490 4579 4525
f 4579 4578 4525
f 4525 4578 4526
f 4578 4565 4526
f 4526 4565 4527
f 4565 4564 4527
f 4527 4564 4541
f 4564 4618 4541
f 4541 4618 4542
f 4618 4617 4542
f 4754 4596 4623
f 4754 4623 6093
f 4623 4613 6093
f 6093 4613 6349
f 4613 4612 6349
f 6349 4612 6348
f 4612 4610 6348
f 6348 4610 6347
f 4610 4609 6347
f 6347 4609 6346
f 4609 4621 6346
f 6346 4621 6345
f 4621 4601 6345
f 6345 4601 6344
f 4601 4600 6344
f 6344 4600 6343
f 4600 4646 6343
f 6343 4646 6342
f 4646 4645 6342
f 6342 4645 6341
f 4645 4644 6341
f 6341 4644 6340
f 4644 4643 6340
f 6340 4643 6339
f 4643 4642 6339
f 6339 4642 6338
f 4642 4641 6338
f 6338 4641 6337
f 4641 4640 6337
f 6337 4640 6336
f 4640 4639 6336
f 6336 4639 6335
f 4639 4624 6335
f 6335 4624 6319
f 4624 4557 6319
f 6319 4557 4829

