# https://github.com/mikedh/trimesh

o tm25_221_p11_p_motor_face_plate.stl
v 0.01209422 -0.37962240 -0.00055561
v 0.00980298 -0.37732241 -0.00035516
v 0.01211358 -0.37962240 -0.00040858
v 0.00984852 -0.37732241 -0.00000919
v 0.01214568 -0.37962240 -0.00026379
v 0.00992405 -0.37732241 0.00033150
v 0.01219028 -0.37962240 -0.00012234
v 0.01002898 -0.37732241 0.00066430
v 0.01224703 -0.37962240 0.00001467
v 0.01016252 -0.37732241 0.00098669
v 0.01231551 -0.37962240 0.00014622
v 0.01032365 -0.37732241 0.00129622
v 0.01239520 -0.37962240 0.00027130
v 0.01051115 -0.37732241 0.00159053
v 0.01248548 -0.37962240 0.00038896
v 0.01072358 -0.37732241 0.00186737
v 0.01258567 -0.37962240 0.00049830
v 0.01095933 -0.37732241 0.00212465
v 0.01269502 -0.37962240 0.00059850
v 0.01121660 -0.37732241 0.00236040
v 0.01281267 -0.37962240 0.00068878
v 0.01149345 -0.37732241 0.00257283
v 0.01293775 -0.37962240 0.00076847
v 0.01178775 -0.37732241 0.00276032
v 0.01306930 -0.37962240 0.00083695
v 0.01209728 -0.37732241 0.00292145
v 0.01320632 -0.37962240 0.00089370
v 0.01241967 -0.37732241 0.00305499
v 0.01334776 -0.37962240 0.00093830
v 0.01275248 -0.37732241 0.00315993
v 0.01349255 -0.37962240 0.00097040
v 0.01309316 -0.37732241 0.00323545
v 0.01363959 -0.37962240 0.00098975
v 0.01343913 -0.37732241 0.00328100
v 0.01378775 -0.37962240 0.00099622
v 0.01378775 -0.37732241 0.00329622
v 0.01393592 -0.37962240 0.00098975
v 0.01413638 -0.37732241 0.00328100
v 0.01408296 -0.37962240 0.00097040
v 0.01448235 -0.37732241 0.00323545
v 0.01422775 -0.37962240 0.00093830
v 0.01482303 -0.37732241 0.00315993
v 0.01436919 -0.37962240 0.00089370
v 0.01515583 -0.37732241 0.00305499
v 0.01450620 -0.37962240 0.00083695
v 0.01547823 -0.37732241 0.00292145
v 0.01463775 -0.37962240 0.00076847
v 0.01578775 -0.37732241 0.00276032
v 0.01476283 -0.37962240 0.00068878
v 0.01608206 -0.37732241 0.00257283
v 0.01488049 -0.37962240 0.00059850
v 0.01635890 -0.37732241 0.00236040
v 0.01498984 -0.37962240 0.00049830
v 0.01661618 -0.37732241 0.00212465
v 0.01509003 -0.37962240 0.00038896
v 0.01685193 -0.37732241 0.00186737
v 0.01518031 -0.37962240 0.00027130
v 0.01706436 -0.37732241 0.00159053
v 0.01526000 -0.37962240 0.00014622
v 0.01725185 -0.37732241 0.00129622
v 0.01532848 -0.37962240 0.00001467
v 0.01741298 -0.37732241 0.00098669
v 0.01538523 -0.37962240 -0.00012234
v 0.01754653 -0.37732241 0.00066430
v 0.01542983 -0.37962240 -0.00026379
v 0.01765146 -0.37732241 0.00033150
v 0.01546193 -0.37962240 -0.00040858
v 0.01772699 -0.37732241 -0.00000919
v 0.01548128 -0.37962240 -0.00055561
v 0.01777253 -0.37732241 -0.00035516
v 0.01548775 -0.37962240 -0.00070378
v 0.01778775 -0.37732241 -0.00070378
v 0.01548128 -0.37962240 -0.00085194
v 0.01777253 -0.37732241 -0.00105240
v 0.01546193 -0.37962240 -0.00099898
v 0.01772699 -0.37732241 -0.00139837
v 0.01542983 -0.37962240 -0.00114377
v 0.01765146 -0.37732241 -0.00173905
v 0.01538523 -0.37962240 -0.00128521
v 0.01754653 -0.37732241 -0.00207186
v 0.01532848 -0.37962240 -0.00142223
v 0.01741298 -0.37732241 -0.00239425
v 0.01526000 -0.37962240 -0.00155378
v 0.01725185 -0.37732241 -0.00270378
v 0.01518031 -0.37962240 -0.00167886
v 0.01706436 -0.37732241 -0.00299808
v 0.01509003 -0.37962240 -0.00179652
v 0.01685193 -0.37732241 -0.00327493
v 0.01498984 -0.37962240 -0.00190586
v 0.01661618 -0.37732241 -0.00353221
v 0.01488049 -0.37962240 -0.00200605
v 0.01635890 -0.37732241 -0.00376796
v 0.01476283 -0.37962240 -0.00209634
v 0.01608206 -0.37732241 -0.00398039
v 0.01463775 -0.37962240 -0.00217602
v 0.01578775 -0.37732241 -0.00416788
v 0.01450620 -0.37962240 -0.00224450
v 0.01547823 -0.37732241 -0.00432901
v 0.01436919 -0.37962240 -0.00230126
v 0.01515583 -0.37732241 -0.00446255
v 0.01422775 -0.37962240 -0.00234585
v 0.01482303 -0.37732241 -0.00456748
v 0.01408296 -0.37962240 -0.00237795
v 0.01448235 -0.37732241 -0.00464301
v 0.01393592 -0.37962240 -0.00239731
v 0.01413638 -0.37732241 -0.00468856
v 0.01378775 -0.37962240 -0.00240378
v 0.01378775 -0.37732241 -0.00470378
v 0.01363959 -0.37962240 -0.00239731
v 0.01343913 -0.37732241 -0.00468856
v 0.01349255 -0.37962240 -0.00237795
v 0.01309316 -0.37732241 -0.00464301
v 0.01334776 -0.37962240 -0.00234585
v 0.01275248 -0.37732241 -0.00456748
v 0.01320632 -0.37962240 -0.00230126
v 0.01241967 -0.37732241 -0.00446255
v 0.01306930 -0.37962240 -0.00224450
v 0.01209728 -0.37732241 -0.00432901
v 0.01293775 -0.37962240 -0.00217602
v 0.01178775 -0.37732241 -0.00416788
v 0.01281267 -0.37962240 -0.00209634
v 0.01149345 -0.37732241 -0.00398039
v 0.01269502 -0.37962240 -0.00200605
v 0.01121660 -0.37732241 -0.00376796
v 0.01258567 -0.37962240 -0.00190586
v 0.01095933 -0.37732241 -0.00353221
v 0.01248548 -0.37962240 -0.00179652
v 0.01072358 -0.37732241 -0.00327493
v 0.01239520 -0.37962240 -0.00167886
v 0.01051115 -0.37732241 -0.00299808
v 0.01231551 -0.37962240 -0.00155378
v 0.01032365 -0.37732241 -0.00270378
v 0.01224703 -0.37962240 -0.00142223
v 0.01016252 -0.37732241 -0.00239425
v 0.01219028 -0.37962240 -0.00128521
v 0.01002898 -0.37732241 -0.00207186
v 0.01214568 -0.37962240 -0.00114377
v 0.00992405 -0.37732241 -0.00173905
v 0.01211358 -0.37962240 -0.00099898
v 0.00984852 -0.37732241 -0.00139837
v 0.01209422 -0.37962240 -0.00085194
v 0.00980298 -0.37732241 -0.00105240
v 0.01208775 -0.37962240 -0.00070378
v 0.00978775 -0.37732241 -0.00070378
v 0.01548775 -0.38367239 -0.00070378
v 0.01548128 -0.38367239 -0.00055561
v 0.01546193 -0.38367239 -0.00040858
v 0.01542983 -0.38367239 -0.00026379
v 0.01538523 -0.38367239 -0.00012234
v 0.01532848 -0.38367239 0.00001467
v 0.01526000 -0.38367239 0.00014622
v 0.01518031 -0.38367239 0.00027130
v 0.01509003 -0.38367239 0.00038896
v 0.01498984 -0.38367239 0.00049830
v 0.01488049 -0.38367239 0.00059850
v 0.01476283 -0.38367239 0.00068878
v 0.01463775 -0.38367239 0.00076847
v 0.01450620 -0.38367239 0.00083695
v 0.01436919 -0.38367239 0.00089370
v 0.01422775 -0.38367239 0.00093830
v 0.01408296 -0.38367239 0.00097040
v 0.01393592 -0.38367239 0.00098975
v 0.01378775 -0.38367239 0.00099622
v 0.01363959 -0.38367239 0.00098975
v 0.01349255 -0.38367239 0.00097040
v 0.01334776 -0.38367239 0.00093830
v 0.01320632 -0.38367239 0.00089370
v 0.01306930 -0.38367239 0.00083695
v 0.01293775 -0.38367239 0.00076847
v 0.01281267 -0.38367239 0.00068878
v 0.01269502 -0.38367239 0.00059850
v 0.01258567 -0.38367239 0.00049830
v 0.01248548 -0.38367239 0.00038896
v 0.01239520 -0.38367239 0.00027130
v 0.01231551 -0.38367239 0.00014622
v 0.01224703 -0.38367239 0.00001467
v 0.01219028 -0.38367239 -0.00012234
v 0.01214568 -0.38367239 -0.00026379
v 0.01211358 -0.38367239 -0.00040858
v 0.01209422 -0.38367239 -0.00055561
v 0.01208775 -0.38367239 -0.00070378
v 0.01209422 -0.38367239 -0.00085194
v 0.01211358 -0.38367239 -0.00099898
v 0.01214568 -0.38367239 -0.00114377
v 0.01219028 -0.38367239 -0.00128521
v 0.01224703 -0.38367239 -0.00142223
v 0.01231551 -0.38367239 -0.00155378
v 0.01239520 -0.38367239 -0.00167886
v 0.01248548 -0.38367239 -0.00179652
v 0.01258567 -0.38367239 -0.00190586
v 0.01269502 -0.38367239 -0.00200605
v 0.01281267 -0.38367239 -0.00209634
v 0.01293775 -0.38367239 -0.00217602
v 0.01306930 -0.38367239 -0.00224450
v 0.01320632 -0.38367239 -0.00230126
v 0.01334776 -0.38367239 -0.00234585
v 0.01349255 -0.38367239 -0.00237795
v 0.01363959 -0.38367239 -0.00239731
v 0.01378775 -0.38367239 -0.00240378
v 0.01393592 -0.38367239 -0.00239731
v 0.01408296 -0.38367239 -0.00237795
v 0.01422775 -0.38367239 -0.00234585
v 0.01436919 -0.38367239 -0.00230126
v 0.01450620 -0.38367239 -0.00224450
v 0.01463775 -0.38367239 -0.00217602
v 0.01476283 -0.38367239 -0.00209634
v 0.01488049 -0.38367239 -0.00200605
v 0.01498984 -0.38367239 -0.00190586
v 0.01509003 -0.38367239 -0.00179652
v 0.01518031 -0.38367239 -0.00167886
v 0.01526000 -0.38367239 -0.00155378
v 0.01532848 -0.38367239 -0.00142223
v 0.01538523 -0.38367239 -0.00128521
v 0.01542983 -0.38367239 -0.00114377
v 0.01546193 -0.38367239 -0.00099898
v 0.01548128 -0.38367239 -0.00085194
v 0.01209422 -0.37962240 -0.01055561
v 0.00980298 -0.37732241 -0.01035515
v 0.01211358 -0.37962240 -0.01040858
v 0.00984852 -0.37732241 -0.01000919
v 0.01214568 -0.37962240 -0.01026379
v 0.00992405 -0.37732241 -0.00966850
v 0.01219028 -0.37962240 -0.01012234
v 0.01002898 -0.37732241 -0.00933570
v 0.01224703 -0.37962240 -0.00998533
v 0.01016252 -0.37732241 -0.00901331
v 0.01231551 -0.37962240 -0.00985378
v 0.01032365 -0.37732241 -0.00870378
v 0.01239520 -0.37962240 -0.00972870
v 0.01051115 -0.37732241 -0.00840947
v 0.01248548 -0.37962240 -0.00961104
v 0.01072358 -0.37732241 -0.00813263
v 0.01258567 -0.37962240 -0.00950170
v 0.01095933 -0.37732241 -0.00787535
v 0.01269502 -0.37962240 -0.00940150
v 0.01121660 -0.37732241 -0.00763960
v 0.01281267 -0.37962240 -0.00931122
v 0.01149345 -0.37732241 -0.00742717
v 0.01293775 -0.37962240 -0.00923153
v 0.01178775 -0.37732241 -0.00723968
v 0.01306930 -0.37962240 -0.00916305
v 0.01209728 -0.37732241 -0.00707855
v 0.01320632 -0.37962240 -0.00910630
v 0.01241967 -0.37732241 -0.00694501
v 0.01334776 -0.37962240 -0.00906170
v 0.01275248 -0.37732241 -0.00684007
v 0.01349255 -0.37962240 -0.00902960
v 0.01309316 -0.37732241 -0.00676455
v 0.01363959 -0.37962240 -0.00901025
v 0.01343913 -0.37732241 -0.00671900
v 0.01378775 -0.37962240 -0.00900378
v 0.01378775 -0.37732241 -0.00670378
v 0.01393592 -0.37962240 -0.00901025
v 0.01413638 -0.37732241 -0.00671900
v 0.01408296 -0.37962240 -0.00902960
v 0.01448235 -0.37732241 -0.00676455
v 0.01422775 -0.37962240 -0.00906170
v 0.01482303 -0.37732241 -0.00684007
v 0.01436919 -0.37962240 -0.00910630
v 0.01515583 -0.37732241 -0.00694501
v 0.01450620 -0.37962240 -0.00916305
v 0.01547823 -0.37732241 -0.00707855
v 0.01463775 -0.37962240 -0.00923153
v 0.01578775 -0.37732241 -0.00723968
v 0.01476283 -0.37962240 -0.00931122
v 0.01608206 -0.37732241 -0.00742717
v 0.01488049 -0.37962240 -0.00940150
v 0.01635890 -0.37732241 -0.00763960
v 0.01498984 -0.37962240 -0.00950170
v 0.01661618 -0.37732241 -0.00787535
v 0.01509003 -0.37962240 -0.00961104
v 0.01685193 -0.37732241 -0.00813263
v 0.01518031 -0.37962240 -0.00972870
v 0.01706436 -0.37732241 -0.00840947
v 0.01526000 -0.37962240 -0.00985378
v 0.01725185 -0.37732241 -0.00870378
v 0.01532848 -0.37962240 -0.00998533
v 0.01741298 -0.37732241 -0.00901331
v 0.01538523 -0.37962240 -0.01012234
v 0.01754653 -0.37732241 -0.00933570
v 0.01542983 -0.37962240 -0.01026379
v 0.01765146 -0.37732241 -0.00966850
v 0.01546193 -0.37962240 -0.01040858
v 0.01772699 -0.37732241 -0.01000919
v 0.01548128 -0.37962240 -0.01055561
v 0.01777253 -0.37732241 -0.01035515
v 0.01548775 -0.37962240 -0.01070378
v 0.01778775 -0.37732241 -0.01070378
v 0.01548128 -0.37962240 -0.01085194
v 0.01777253 -0.37732241 -0.01105240
v 0.01546193 -0.37962240 -0.01099898
v 0.01772699 -0.37732241 -0.01139837
v 0.01542983 -0.37962240 -0.01114377
v 0.01765146 -0.37732241 -0.01173905
v 0.01538523 -0.37962240 -0.01128521
v 0.01754653 -0.37732241 -0.01207186
v 0.01532848 -0.37962240 -0.01142223
v 0.01741298 -0.37732241 -0.01239425
v 0.01526000 -0.37962240 -0.01155378
v 0.01725185 -0.37732241 -0.01270378
v 0.01518031 -0.37962240 -0.01167886
v 0.01706436 -0.37732241 -0.01299808
v 0.01509003 -0.37962240 -0.01179652
v 0.01685193 -0.37732241 -0.01327493
v 0.01498984 -0.37962240 -0.01190586
v 0.01661618 -0.37732241 -0.01353221
v 0.01488049 -0.37962240 -0.01200605
v 0.01635890 -0.37732241 -0.01376796
v 0.01476283 -0.37962240 -0.01209634
v 0.01608206 -0.37732241 -0.01398039
v 0.01463775 -0.37962240 -0.01217602
v 0.01578775 -0.37732241 -0.01416788
v 0.01450620 -0.37962240 -0.01224450
v 0.01547823 -0.37732241 -0.01432901
v 0.01436919 -0.37962240 -0.01230126
v 0.01515583 -0.37732241 -0.01446255
v 0.01422775 -0.37962240 -0.01234585
v 0.01482303 -0.37732241 -0.01456748
v 0.01408296 -0.37962240 -0.01237795
v 0.01448235 -0.37732241 -0.01464301
v 0.01393592 -0.37962240 -0.01239731
v 0.01413638 -0.37732241 -0.01468856
v 0.01378775 -0.37962240 -0.01240378
v 0.01378775 -0.37732241 -0.01470378
v 0.01363959 -0.37962240 -0.01239731
v 0.01343913 -0.37732241 -0.01468856
v 0.01349255 -0.37962240 -0.01237795
v 0.01309316 -0.37732241 -0.01464301
v 0.01334776 -0.37962240 -0.01234585
v 0.01275248 -0.37732241 -0.01456748
v 0.01320632 -0.37962240 -0.01230126
v 0.01241967 -0.37732241 -0.01446255
v 0.01306930 -0.37962240 -0.01224450
v 0.01209728 -0.37732241 -0.01432901
v 0.01293775 -0.37962240 -0.01217602
v 0.01178775 -0.37732241 -0.01416788
v 0.01281267 -0.37962240 -0.01209634
v 0.01149345 -0.37732241 -0.01398039
v 0.01269502 -0.37962240 -0.01200605
v 0.01121660 -0.37732241 -0.01376796
v 0.01258567 -0.37962240 -0.01190586
v 0.01095933 -0.37732241 -0.01353221
v 0.01248548 -0.37962240 -0.01179652
v 0.01072358 -0.37732241 -0.01327493
v 0.01239520 -0.37962240 -0.01167886
v 0.01051115 -0.37732241 -0.01299808
v 0.01231551 -0.37962240 -0.01155378
v 0.01032365 -0.37732241 -0.01270378
v 0.01224703 -0.37962240 -0.01142223
v 0.01016252 -0.37732241 -0.01239425
v 0.01219028 -0.37962240 -0.01128521
v 0.01002898 -0.37732241 -0.01207186
v 0.01214568 -0.37962240 -0.01114377
v 0.00992405 -0.37732241 -0.01173905
v 0.01211358 -0.37962240 -0.01099898
v 0.00984852 -0.37732241 -0.01139837
v 0.01209422 -0.37962240 -0.01085194
v 0.00980298 -0.37732241 -0.01105240
v 0.01208775 -0.37962240 -0.01070378
v 0.00978775 -0.37732241 -0.01070378
v 0.01548775 -0.38367239 -0.01070378
v 0.01548128 -0.38367239 -0.01055561
v 0.01546193 -0.38367239 -0.01040858
v 0.01542983 -0.38367239 -0.01026379
v 0.01538523 -0.38367239 -0.01012234
v 0.01532848 -0.38367239 -0.00998533
v 0.01526000 -0.38367239 -0.00985378
v 0.01518031 -0.38367239 -0.00972870
v 0.01509003 -0.38367239 -0.00961104
v 0.01498984 -0.38367239 -0.00950170
v 0.01488049 -0.38367239 -0.00940150
v 0.01476283 -0.38367239 -0.00931122
v 0.01463775 -0.38367239 -0.00923153
v 0.01450620 -0.38367239 -0.00916305
v 0.01436919 -0.38367239 -0.00910630
v 0.01422775 -0.38367239 -0.00906170
v 0.01408296 -0.38367239 -0.00902960
v 0.01393592 -0.38367239 -0.00901025
v 0.01378775 -0.38367239 -0.00900378
v 0.01363959 -0.38367239 -0.00901025
v 0.01349255 -0.38367239 -0.00902960
v 0.01334776 -0.38367239 -0.00906170
v 0.01320632 -0.38367239 -0.00910630
v 0.01306930 -0.38367239 -0.00916305
v 0.01293775 -0.38367239 -0.00923153
v 0.01281267 -0.38367239 -0.00931122
v 0.01269502 -0.38367239 -0.00940150
v 0.01258567 -0.38367239 -0.00950170
v 0.01248548 -0.38367239 -0.00961104
v 0.01239520 -0.38367239 -0.00972870
v 0.01231551 -0.38367239 -0.00985378
v 0.01224703 -0.38367239 -0.00998533
v 0.01219028 -0.38367239 -0.01012234
v 0.01214568 -0.38367239 -0.01026379
v 0.01211358 -0.38367239 -0.01040858
v 0.01209422 -0.38367239 -0.01055561
v 0.01208775 -0.38367239 -0.01070378
v 0.01209422 -0.38367239 -0.01085194
v 0.01211358 -0.38367239 -0.01099898
v 0.01214568 -0.38367239 -0.01114377
v 0.01219028 -0.38367239 -0.01128521
v 0.01224703 -0.38367239 -0.01142223
v 0.01231551 -0.38367239 -0.01155378
v 0.01239520 -0.38367239 -0.01167886
v 0.01248548 -0.38367239 -0.01179652
v 0.01258567 -0.38367239 -0.01190586
v 0.01269502 -0.38367239 -0.01200605
v 0.01281267 -0.38367239 -0.01209634
v 0.01293775 -0.38367239 -0.01217602
v 0.01306930 -0.38367239 -0.01224450
v 0.01320632 -0.38367239 -0.01230126
v 0.01334776 -0.38367239 -0.01234585
v 0.01349255 -0.38367239 -0.01237795
v 0.01363959 -0.38367239 -0.01239731
v 0.01378775 -0.38367239 -0.01240378
v 0.01393592 -0.38367239 -0.01239731
v 0.01408296 -0.38367239 -0.01237795
v 0.01422775 -0.38367239 -0.01234585
v 0.01436919 -0.38367239 -0.01230126
v 0.01450620 -0.38367239 -0.01224450
v 0.01463775 -0.38367239 -0.01217602
v 0.01476283 -0.38367239 -0.01209634
v 0.01488049 -0.38367239 -0.01200605
v 0.01498984 -0.38367239 -0.01190586
v 0.01509003 -0.38367239 -0.01179652
v 0.01518031 -0.38367239 -0.01167886
v 0.01526000 -0.38367239 -0.01155378
v 0.01532848 -0.38367239 -0.01142223
v 0.01538523 -0.38367239 -0.01128521
v 0.01542983 -0.38367239 -0.01114377
v 0.01546193 -0.38367239 -0.01099898
v 0.01548128 -0.38367239 -0.01085194
v 0.00343397 -0.37962240 -0.01555561
v 0.00114272 -0.37732241 -0.01535515
v 0.00345333 -0.37962240 -0.01540858
v 0.00118827 -0.37732241 -0.01500919
v 0.00348543 -0.37962240 -0.01526379
v 0.00126380 -0.37732241 -0.01466850
v 0.00353002 -0.37962240 -0.01512234
v 0.00136873 -0.37732241 -0.01433570
v 0.00358678 -0.37962240 -0.01498533
v 0.00150227 -0.37732241 -0.01401331
v 0.00365526 -0.37962240 -0.01485378
v 0.00166340 -0.37732241 -0.01370378
v 0.00373494 -0.37962240 -0.01472870
v 0.00185089 -0.37732241 -0.01340947
v 0.00382522 -0.37962240 -0.01461104
v 0.00206332 -0.37732241 -0.01313263
v 0.00392542 -0.37962240 -0.01450170
v 0.00229907 -0.37732241 -0.01287535
v 0.00403476 -0.37962240 -0.01440150
v 0.00255635 -0.37732241 -0.01263960
v 0.00415242 -0.37962240 -0.01431122
v 0.00283319 -0.37732241 -0.01242717
v 0.00427750 -0.37962240 -0.01423153
v 0.00312750 -0.37732241 -0.01223968
v 0.00440905 -0.37962240 -0.01416305
v 0.00343703 -0.37732241 -0.01207855
v 0.00454607 -0.37962240 -0.01410630
v 0.00375942 -0.37732241 -0.01194501
v 0.00468751 -0.37962240 -0.01406170
v 0.00409222 -0.37732241 -0.01184008
v 0.00483230 -0.37962240 -0.01402961
v 0.00443291 -0.37732241 -0.01176455
v 0.00497934 -0.37962240 -0.01401025
v 0.00477888 -0.37732241 -0.01171900
v 0.00512750 -0.37962240 -0.01400378
v 0.00512750 -0.37732241 -0.01170378
v 0.00527566 -0.37962240 -0.01401025
v 0.00547612 -0.37732241 -0.01171900
v 0.00542270 -0.37962240 -0.01402961
v 0.00582209 -0.37732241 -0.01176455
v 0.00556749 -0.37962240 -0.01406170
v 0.00616278 -0.37732241 -0.01184008
v 0.00570893 -0.37962240 -0.01410630
v 0.00649558 -0.37732241 -0.01194501
v 0.00584595 -0.37962240 -0.01416305
v 0.00681797 -0.37732241 -0.01207855
v 0.00597750 -0.37962240 -0.01423153
v 0.00712750 -0.37732241 -0.01223968
v 0.00610258 -0.37962240 -0.01431122
v 0.00742181 -0.37732241 -0.01242717
v 0.00622024 -0.37962240 -0.01440150
v 0.00769865 -0.37732241 -0.01263960
v 0.00632958 -0.37962240 -0.01450170
v 0.00795593 -0.37732241 -0.01287535
v 0.00642978 -0.37962240 -0.01461104
v 0.00819168 -0.37732241 -0.01313263
v 0.00652006 -0.37962240 -0.01472870
v 0.00840411 -0.37732241 -0.01340947
v 0.00659974 -0.37962240 -0.01485378
v 0.00859160 -0.37732241 -0.01370378
v 0.00666822 -0.37962240 -0.01498533
v 0.00875273 -0.37732241 -0.01401331
v 0.00672498 -0.37962240 -0.01512234
v 0.00888627 -0.37732241 -0.01433570
v 0.00676957 -0.37962240 -0.01526379
v 0.00899120 -0.37732241 -0.01466850
v 0.00680167 -0.37962240 -0.01540858
v 0.00906673 -0.37732241 -0.01500919
v 0.00682103 -0.37962240 -0.01555561
v 0.00911228 -0.37732241 -0.01535515
v 0.00682750 -0.37962240 -0.01570378
v 0.00912750 -0.37732241 -0.01570378
v 0.00682103 -0.37962240 -0.01585194
v 0.00911228 -0.37732241 -0.01605240
v 0.00680167 -0.37962240 -0.01599898
v 0.00906673 -0.37732241 -0.01639837
v 0.00676957 -0.37962240 -0.01614377
v 0.00899120 -0.37732241 -0.01673905
v 0.00672498 -0.37962240 -0.01628521
v 0.00888627 -0.37732241 -0.01707186
v 0.00666822 -0.37962240 -0.01642223
v 0.00875273 -0.37732241 -0.01739425
v 0.00659974 -0.37962240 -0.01655378
v 0.00859160 -0.37732241 -0.01770378
v 0.00652006 -0.37962240 -0.01667886
v 0.00840411 -0.37732241 -0.01799808
v 0.00642978 -0.37962240 -0.01679652
v 0.00819168 -0.37732241 -0.01827493
v 0.00632958 -0.37962240 -0.01690586
v 0.00795593 -0.37732241 -0.01853221
v 0.00622024 -0.37962240 -0.01700605
v 0.00769865 -0.37732241 -0.01876796
v 0.00610258 -0.37962240 -0.01709634
v 0.00742181 -0.37732241 -0.01898039
v 0.00597750 -0.37962240 -0.01717602
v 0.00712750 -0.37732241 -0.01916788
v 0.00584595 -0.37962240 -0.01724450
v 0.00681797 -0.37732241 -0.01932901
v 0.00570893 -0.37962240 -0.01730126
v 0.00649558 -0.37732241 -0.01946255
v 0.00556749 -0.37962240 -0.01734585
v 0.00616278 -0.37732241 -0.01956748
v 0.00542270 -0.37962240 -0.01737795
v 0.00582209 -0.37732241 -0.01964301
v 0.00527566 -0.37962240 -0.01739731
v 0.00547612 -0.37732241 -0.01968856
v 0.00512750 -0.37962240 -0.01740378
v 0.00512750 -0.37732241 -0.01970378
v 0.00497934 -0.37962240 -0.01739731
v 0.00477888 -0.37732241 -0.01968856
v 0.00483230 -0.37962240 -0.01737795
v 0.00443291 -0.37732241 -0.01964301
v 0.00468751 -0.37962240 -0.01734585
v 0.00409222 -0.37732241 -0.01956748
v 0.00454607 -0.37962240 -0.01730126
v 0.00375942 -0.37732241 -0.01946255
v 0.00440905 -0.37962240 -0.01724450
v 0.00343703 -0.37732241 -0.01932901
v 0.00427750 -0.37962240 -0.01717602
v 0.00312750 -0.37732241 -0.01916788
v 0.00415242 -0.37962240 -0.01709634
v 0.00283319 -0.37732241 -0.01898039
v 0.00403476 -0.37962240 -0.01700605
v 0.00255635 -0.37732241 -0.01876796
v 0.00392542 -0.37962240 -0.01690586
v 0.00229907 -0.37732241 -0.01853221
v 0.00382522 -0.37962240 -0.01679652
v 0.00206332 -0.37732241 -0.01827493
v 0.00373494 -0.37962240 -0.01667886
v 0.00185089 -0.37732241 -0.01799808
v 0.00365526 -0.37962240 -0.01655378
v 0.00166340 -0.37732241 -0.01770378
v 0.00358678 -0.37962240 -0.01642223
v 0.00150227 -0.37732241 -0.01739425
v 0.00353002 -0.37962240 -0.01628521
v 0.00136873 -0.37732241 -0.01707186
v 0.00348543 -0.37962240 -0.01614377
v 0.00126380 -0.37732241 -0.01673905
v 0.00345333 -0.37962240 -0.01599898
v 0.00118827 -0.37732241 -0.01639837
v 0.00343397 -0.37962240 -0.01585194
v 0.00114272 -0.37732241 -0.01605240
v 0.00342750 -0.37962240 -0.01570378
v 0.00112750 -0.37732241 -0.01570378
v -0.01722250 -0.37732241 -0.00570378
v -0.01722250 -0.38367239 -0.00570378
v -0.01722878 -0.37732241 -0.00555997
v -0.01722878 -0.38367239 -0.00555997
v -0.01724757 -0.37732241 -0.00541726
v -0.01724757 -0.38367239 -0.00541726
v -0.01727872 -0.37732241 -0.00527673
v -0.01727872 -0.38367239 -0.00527673
v -0.01732201 -0.37732241 -0.00513944
v -0.01732201 -0.38367239 -0.00513944
v -0.01737709 -0.37732241 -0.00500646
v -0.01737709 -0.38367239 -0.00500646
v -0.01744356 -0.37732241 -0.00487878
v -0.01744356 -0.38367239 -0.00487878
v -0.01752090 -0.37732241 -0.00475738
v -0.01752090 -0.38367239 -0.00475738
v -0.01760853 -0.37732241 -0.00464318
v -0.01760853 -0.38367239 -0.00464318
v -0.01770577 -0.37732241 -0.00453705
v -0.01770577 -0.38367239 -0.00453705
v -0.01781190 -0.37732241 -0.00443980
v -0.01781190 -0.38367239 -0.00443980
v -0.01792610 -0.37732241 -0.00435218
v -0.01792610 -0.38367239 -0.00435218
v -0.01804750 -0.37732241 -0.00427484
v -0.01804750 -0.38367239 -0.00427484
v -0.01817518 -0.37732241 -0.00420837
v -0.01817518 -0.38367239 -0.00420837
v -0.01830817 -0.37732241 -0.00415329
v -0.01830817 -0.38367239 -0.00415329
v -0.01844545 -0.37732241 -0.00411000
v -0.01844545 -0.38367239 -0.00411000
v -0.01858598 -0.37732241 -0.00407885
v -0.01858598 -0.38367239 -0.00407885
v -0.01872869 -0.37732241 -0.00406006
v -0.01872869 -0.38367239 -0.00406006
v -0.01887250 -0.37732241 -0.00405378
v -0.01887250 -0.38367239 -0.00405378
v -0.01901631 -0.37732241 -0.00406006
v -0.01901631 -0.38367239 -0.00406006
v -0.01915902 -0.37732241 -0.00407885
v -0.01915902 -0.38367239 -0.00407885
v -0.01929955 -0.37732241 -0.00411000
v -0.01929955 -0.38367239 -0.00411000
v -0.01943683 -0.37732241 -0.00415329
v -0.01943683 -0.38367239 -0.00415329
v -0.01956982 -0.37732241 -0.00420837
v -0.01956982 -0.38367239 -0.00420837
v -0.01969750 -0.37732241 -0.00427484
v -0.01969750 -0.38367239 -0.00427484
v -0.01981890 -0.37732241 -0.00435218
v -0.01981890 -0.38367239 -0.00435218
v -0.01993310 -0.37732241 -0.00443980
v -0.01993310 -0.38367239 -0.00443980
v -0.02003923 -0.37732241 -0.00453705
v -0.02003923 -0.38367239 -0.00453705
v -0.02013647 -0.37732241 -0.00464318
v -0.02013647 -0.38367239 -0.00464318
v -0.02022410 -0.37732241 -0.00475738
v -0.02022410 -0.38367239 -0.00475738
v -0.02030144 -0.37732241 -0.00487878
v -0.02030144 -0.38367239 -0.00487878
v -0.02036791 -0.37732241 -0.00500646
v -0.02036791 -0.38367239 -0.00500646
v -0.02042299 -0.37732241 -0.00513944
v -0.02042299 -0.38367239 -0.00513944
v -0.02046628 -0.37732241 -0.00527673
v -0.02046628 -0.38367239 -0.00527673
v -0.02049743 -0.37732241 -0.00541726
v -0.02049743 -0.38367239 -0.00541726
v -0.02051622 -0.37732241 -0.00555997
v -0.02051622 -0.38367239 -0.00555997
v -0.02052250 -0.37732241 -0.00570378
v -0.02052250 -0.38367239 -0.00570378
v -0.02051622 -0.37732241 -0.00584758
v -0.02051622 -0.38367239 -0.00584758
v -0.02049743 -0.37732241 -0.00599030
v -0.02049743 -0.38367239 -0.00599030
v -0.02046628 -0.37732241 -0.00613083
v -0.02046628 -0.38367239 -0.00613083
v -0.02042299 -0.37732241 -0.00626811
v -0.02042299 -0.38367239 -0.00626811
v -0.02036791 -0.37732241 -0.00640110
v -0.02036791 -0.38367239 -0.00640110
v -0.02030144 -0.37732241 -0.00652878
v -0.02030144 -0.38367239 -0.00652878
v -0.02022410 -0.37732241 -0.00665018
v -0.02022410 -0.38367239 -0.00665018
v -0.02013647 -0.37732241 -0.00676438
v -0.02013647 -0.38367239 -0.00676438
v -0.02003923 -0.37732241 -0.00687050
v -0.02003923 -0.38367239 -0.00687050
v -0.01993310 -0.37732241 -0.00696775
v -0.01993310 -0.38367239 -0.00696775
v -0.01981890 -0.37732241 -0.00705538
v -0.01981890 -0.38367239 -0.00705538
v -0.01969750 -0.37732241 -0.00713272
v -0.01969750 -0.38367239 -0.00713272
v -0.01956982 -0.37732241 -0.00719919
v -0.01956982 -0.38367239 -0.00719919
v -0.01943683 -0.37732241 -0.00725427
v -0.01943683 -0.38367239 -0.00725427
v -0.01929955 -0.37732241 -0.00729756
v -0.01929955 -0.38367239 -0.00729756
v -0.01915902 -0.37732241 -0.00732871
v -0.01915902 -0.38367239 -0.00732871
v -0.01901631 -0.37732241 -0.00734750
v -0.01901631 -0.38367239 -0.00734750
v -0.01887250 -0.37732241 -0.00735378
v -0.01887250 -0.38367239 -0.00735378
v -0.01872869 -0.37732241 -0.00734750
v -0.01872869 -0.38367239 -0.00734750
v -0.01858598 -0.37732241 -0.00732871
v -0.01858598 -0.38367239 -0.00732871
v -0.01844545 -0.37732241 -0.00729756
v -0.01844545 -0.38367239 -0.00729756
v -0.01830817 -0.37732241 -0.00725427
v -0.01830817 -0.38367239 -0.00725427
v -0.01817518 -0.37732241 -0.00719919
v -0.01817518 -0.38367239 -0.00719919
v -0.01804750 -0.37732241 -0.00713272
v -0.01804750 -0.38367239 -0.00713272
v -0.01792610 -0.37732241 -0.00705538
v -0.01792610 -0.38367239 -0.00705538
v -0.01781190 -0.37732241 -0.00696775
v -0.01781190 -0.38367239 -0.00696775
v -0.01770577 -0.37732241 -0.00687050
v -0.01770577 -0.38367239 -0.00687050
v -0.01760853 -0.37732241 -0.00676438
v -0.01760853 -0.38367239 -0.00676438
v -0.01752090 -0.37732241 -0.00665018
v -0.01752090 -0.38367239 -0.00665018
v -0.01744356 -0.37732241 -0.00652878
v -0.01744356 -0.38367239 -0.00652878
v -0.01737709 -0.37732241 -0.00640110
v -0.01737709 -0.38367239 -0.00640110
v -0.01732201 -0.37732241 -0.00626811
v -0.01732201 -0.38367239 -0.00626811
v -0.01727872 -0.37732241 -0.00613083
v -0.01727872 -0.38367239 -0.00613083
v -0.01724757 -0.37732241 -0.00599030
v -0.01724757 -0.38367239 -0.00599030
v -0.01722878 -0.37732241 -0.00584758
v -0.01722878 -0.38367239 -0.00584758
v -0.00522250 -0.37732241 0.01508083
v -0.00522250 -0.38367239 0.01508083
v -0.00522878 -0.37732241 0.01522464
v -0.00522878 -0.38367239 0.01522464
v -0.00524757 -0.37732241 0.01536735
v -0.00524757 -0.38367239 0.01536735
v -0.00527872 -0.37732241 0.01550788
v -0.00527872 -0.38367239 0.01550788
v -0.00532201 -0.37732241 0.01564516
v -0.00532201 -0.38367239 0.01564516
v -0.00537709 -0.37732241 0.01577815
v -0.00537709 -0.38367239 0.01577815
v -0.00544356 -0.37732241 0.01590583
v -0.00544356 -0.38367239 0.01590583
v -0.00552090 -0.37732241 0.01602723
v -0.00552090 -0.38367239 0.01602723
v -0.00560853 -0.37732241 0.01614143
v -0.00560853 -0.38367239 0.01614143
v -0.00570577 -0.37732241 0.01624756
v -0.00570577 -0.38367239 0.01624756
v -0.00581190 -0.37732241 0.01634480
v -0.00581190 -0.38367239 0.01634480
v -0.00592610 -0.37732241 0.01643243
v -0.00592610 -0.38367239 0.01643243
v -0.00604750 -0.37732241 0.01650977
v -0.00604750 -0.38367239 0.01650977
v -0.00617518 -0.37732241 0.01657624
v -0.00617518 -0.38367239 0.01657624
v -0.00630817 -0.37732241 0.01663132
v -0.00630817 -0.38367239 0.01663132
v -0.00644545 -0.37732241 0.01667461
v -0.00644545 -0.38367239 0.01667461
v -0.00658598 -0.37732241 0.01670576
v -0.00658598 -0.38367239 0.01670576
v -0.00672869 -0.37732241 0.01672455
v -0.00672869 -0.38367239 0.01672455
v -0.00687250 -0.37732241 0.01673083
v -0.00687250 -0.38367239 0.01673083
v -0.00701631 -0.37732241 0.01672455
v -0.00701631 -0.38367239 0.01672455
v -0.00715902 -0.37732241 0.01670576
v -0.00715902 -0.38367239 0.01670576
v -0.00729955 -0.37732241 0.01667461
v -0.00729955 -0.38367239 0.01667461
v -0.00743683 -0.37732241 0.01663132
v -0.00743683 -0.38367239 0.01663132
v -0.00756982 -0.37732241 0.01657624
v -0.00756982 -0.38367239 0.01657624
v -0.00769750 -0.37732241 0.01650977
v -0.00769750 -0.38367239 0.01650977
v -0.00781890 -0.37732241 0.01643243
v -0.00781890 -0.38367239 0.01643243
v -0.00793310 -0.37732241 0.01634480
v -0.00793310 -0.38367239 0.01634480
v -0.00803923 -0.37732241 0.01624756
v -0.00803923 -0.38367239 0.01624756
v -0.00813647 -0.37732241 0.01614143
v -0.00813647 -0.38367239 0.01614143
v -0.00822410 -0.37732241 0.01602723
v -0.00822410 -0.38367239 0.01602723
v -0.00830144 -0.37732241 0.01590583
v -0.00830144 -0.38367239 0.01590583
v -0.00836791 -0.37732241 0.01577815
v -0.00836791 -0.38367239 0.01577815
v -0.00842299 -0.37732241 0.01564516
v -0.00842299 -0.38367239 0.01564516
v -0.00846628 -0.37732241 0.01550788
v -0.00846628 -0.38367239 0.01550788
v -0.00849743 -0.37732241 0.01536735
v -0.00849743 -0.38367239 0.01536735
v -0.00851622 -0.37732241 0.01522464
v -0.00851622 -0.38367239 0.01522464
v -0.00852250 -0.37732241 0.01508083
v -0.00852250 -0.38367239 0.01508083
v -0.00851622 -0.37732241 0.01493702
v -0.00851622 -0.38367239 0.01493702
v -0.00849743 -0.37732241 0.01479431
v -0.00849743 -0.38367239 0.01479431
v -0.00846628 -0.37732241 0.01465378
v -0.00846628 -0.38367239 0.01465378
v -0.00842299 -0.37732241 0.01451650
v -0.00842299 -0.38367239 0.01451650
v -0.00836791 -0.37732241 0.01438351
v -0.00836791 -0.38367239 0.01438351
v -0.00830144 -0.37732241 0.01425583
v -0.00830144 -0.38367239 0.01425583
v -0.00822410 -0.37732241 0.01413443
v -0.00822410 -0.38367239 0.01413443
v -0.00813647 -0.37732241 0.01402023
v -0.00813647 -0.38367239 0.01402023
v -0.00803923 -0.37732241 0.01391411
v -0.00803923 -0.38367239 0.01391411
v -0.00793310 -0.37732241 0.01381686
v -0.00793310 -0.38367239 0.01381686
v -0.00781890 -0.37732241 0.01372923
v -0.00781890 -0.38367239 0.01372923
v -0.00769750 -0.37732241 0.01365189
v -0.00769750 -0.38367239 0.01365189
v -0.00756982 -0.37732241 0.01358542
v -0.00756982 -0.38367239 0.01358542
v -0.00743683 -0.37732241 0.01353034
v -0.00743683 -0.38367239 0.01353034
v -0.00729955 -0.37732241 0.01348705
v -0.00729955 -0.38367239 0.01348705
v -0.00715902 -0.37732241 0.01345590
v -0.00715902 -0.38367239 0.01345590
v -0.00701631 -0.37732241 0.01343711
v -0.00701631 -0.38367239 0.01343711
v -0.00687250 -0.37732241 0.01343083
v -0.00687250 -0.38367239 0.01343083
v -0.00672869 -0.37732241 0.01343711
v -0.00672869 -0.38367239 0.01343711
v -0.00658598 -0.37732241 0.01345590
v -0.00658598 -0.38367239 0.01345590
v -0.00644545 -0.37732241 0.01348705
v -0.00644545 -0.38367239 0.01348705
v -0.00630817 -0.37732241 0.01353034
v -0.00630817 -0.38367239 0.01353034
v -0.00617518 -0.37732241 0.01358542
v -0.00617518 -0.38367239 0.01358542
v -0.00604750 -0.37732241 0.01365189
v -0.00604750 -0.38367239 0.01365189
v -0.00592610 -0.37732241 0.01372923
v -0.00592610 -0.38367239 0.01372923
v -0.00581190 -0.37732241 0.01381686
v -0.00581190 -0.38367239 0.01381686
v -0.00570577 -0.37732241 0.01391411
v -0.00570577 -0.38367239 0.01391411
v -0.00560853 -0.37732241 0.01402023
v -0.00560853 -0.38367239 0.01402023
v -0.00552090 -0.37732241 0.01413443
v -0.00552090 -0.38367239 0.01413443
v -0.00544356 -0.37732241 0.01425583
v -0.00544356 -0.38367239 0.01425583
v -0.00537709 -0.37732241 0.01438351
v -0.00537709 -0.38367239 0.01438351
v -0.00532201 -0.37732241 0.01451650
v -0.00532201 -0.38367239 0.01451650
v -0.00527872 -0.37732241 0.01465378
v -0.00527872 -0.38367239 0.01465378
v -0.00524757 -0.37732241 0.01479431
v -0.00524757 -0.38367239 0.01479431
v -0.00522878 -0.37732241 0.01493702
v -0.00522878 -0.38367239 0.01493702
v 0.03077122 -0.37732241 -0.00584758
v 0.03077750 -0.37732241 -0.00570378
v 0.03362750 -0.37732241 -0.00570378
v 0.03190874 -0.37732241 -0.01545135
v 0.03095727 -0.37732241 -0.01774840
v 0.01828263 -0.37732241 -0.01720378
v 0.02980922 -0.37732241 -0.01995378
v 0.02847333 -0.37732241 -0.02205071
v 0.01828263 -0.37732241 -0.02227108
v 0.00264356 -0.37732241 -0.03409533
v 0.00017853 -0.37732241 -0.03377080
v 0.00079737 -0.37732241 -0.02227108
v -0.02337250 -0.37732241 -0.00570378
v 0.01250384 -0.37732241 0.02182511
v 0.01263263 -0.37732241 0.01086353
v 0.00945763 -0.37732241 0.01086353
v 0.03077122 -0.37732241 -0.00555997
v 0.03075243 -0.37732241 -0.00541726
v 0.03351905 -0.37732241 -0.00321984
v 0.02748378 -0.37732241 -0.00555997
v 0.01828263 -0.37732241 -0.00570378
v 0.02750257 -0.37732241 -0.00541726
v 0.01828263 -0.37732241 -0.00187878
v 0.02753372 -0.37732241 -0.00527673
v 0.03072128 -0.37732241 -0.00527673
v 0.03067799 -0.37732241 -0.00513944
v 0.03062291 -0.37732241 -0.00500646
v 0.02786353 -0.37732241 -0.00464318
v 0.02777590 -0.37732241 -0.00475738
v 0.02769856 -0.37732241 -0.00487878
v 0.02763209 -0.37732241 -0.00500646
v 0.02757701 -0.37732241 -0.00513944
v 0.03055644 -0.37732241 -0.00487878
v 0.03047910 -0.37732241 -0.00475738
v 0.03319452 -0.37732241 -0.00075481
v 0.03039147 -0.37732241 -0.00464318
v 0.03029423 -0.37732241 -0.00453705
v 0.02955455 -0.37732241 -0.00411000
v 0.02941402 -0.37732241 -0.00407885
v 0.02870045 -0.37732241 -0.00411000
v 0.02856317 -0.37732241 -0.00415329
v 0.03018810 -0.37732241 -0.00443980
v 0.03007390 -0.37732241 -0.00435218
v 0.02995250 -0.37732241 -0.00427484
v 0.02982482 -0.37732241 -0.00420837
v 0.02969183 -0.37732241 -0.00415329
v 0.02927131 -0.37732241 -0.00406006
v 0.02912750 -0.37732241 -0.00405378
v 0.02898369 -0.37732241 -0.00406006
v 0.02884098 -0.37732241 -0.00407885
v 0.02818110 -0.37732241 -0.00435218
v 0.02806690 -0.37732241 -0.00443980
v 0.02796077 -0.37732241 -0.00453705
v 0.02843018 -0.37732241 -0.00420837
v 0.02830250 -0.37732241 -0.00427484
v 0.03265639 -0.37732241 0.00167256
v 0.03190874 -0.37732241 0.00404380
v 0.02847333 -0.37732241 0.01064315
v 0.02980922 -0.37732241 0.00854622
v 0.01828263 -0.37732241 0.00579622
v 0.03095727 -0.37732241 0.00634084
v 0.01855644 -0.37732241 0.01425583
v 0.01847910 -0.37732241 0.01413443
v 0.01839147 -0.37732241 0.01402023
v 0.01829423 -0.37732241 0.01624756
v 0.01937750 -0.37732241 0.01897795
v 0.01839147 -0.37732241 0.01614143
v 0.02147443 -0.37732241 0.01764205
v 0.01847910 -0.37732241 0.01602723
v 0.01855644 -0.37732241 0.01590583
v 0.01875243 -0.37732241 0.01536735
v 0.01872128 -0.37732241 0.01550788
v 0.02344695 -0.37732241 0.01612849
v 0.01867799 -0.37732241 0.01564516
v 0.01862291 -0.37732241 0.01577815
v 0.02528004 -0.37732241 0.01444876
v 0.02695977 -0.37732241 0.01261567
v 0.01875243 -0.37732241 0.01479431
v 0.01877122 -0.37732241 0.01493702
v 0.01877750 -0.37732241 0.01508083
v 0.01877122 -0.37732241 0.01522464
v 0.01862291 -0.37732241 0.01438351
v 0.01867799 -0.37732241 0.01451650
v 0.01872128 -0.37732241 0.01465378
v 0.01618110 -0.37732241 0.01643243
v 0.01606690 -0.37732241 0.01634480
v 0.01698369 -0.37732241 0.01343711
v 0.01712750 -0.37732241 0.01343083
v 0.01828263 -0.37732241 0.01086353
v 0.01818810 -0.37732241 0.01634480
v 0.01807390 -0.37732241 0.01643243
v 0.01795250 -0.37732241 0.01650977
v 0.01717212 -0.37732241 0.02012599
v 0.01741402 -0.37732241 0.01670576
v 0.01727131 -0.37732241 0.01672455
v 0.01577590 -0.37732241 0.01602723
v 0.01569856 -0.37732241 0.01590583
v 0.01727131 -0.37732241 0.01343711
v 0.01741402 -0.37732241 0.01345590
v 0.01755455 -0.37732241 0.01348705
v 0.01795250 -0.37732241 0.01365189
v 0.01807390 -0.37732241 0.01372923
v 0.01818810 -0.37732241 0.01381686
v 0.01829423 -0.37732241 0.01391411
v 0.01782482 -0.37732241 0.01657624
v 0.01769183 -0.37732241 0.01663132
v 0.01755455 -0.37732241 0.01667461
v 0.01670045 -0.37732241 0.01667461
v 0.01656317 -0.37732241 0.01663132
v 0.01487507 -0.37732241 0.02107746
v 0.01643018 -0.37732241 0.01657624
v 0.01630250 -0.37732241 0.01650977
v 0.01596077 -0.37732241 0.01624756
v 0.01586353 -0.37732241 0.01614143
v 0.01712750 -0.37732241 0.01673083
v 0.01698369 -0.37732241 0.01672455
v 0.01684098 -0.37732241 0.01670576
v 0.01563209 -0.37732241 0.01577815
v 0.01557701 -0.37732241 0.01564516
v 0.01553372 -0.37732241 0.01550788
v 0.01548378 -0.37732241 0.01493702
v 0.01550257 -0.37732241 0.01479431
v 0.01553372 -0.37732241 0.01465378
v 0.01557701 -0.37732241 0.01451650
v 0.01563209 -0.37732241 0.01438351
v 0.01569856 -0.37732241 0.01425583
v 0.01577590 -0.37732241 0.01413443
v 0.01769183 -0.37732241 0.01353034
v 0.01782482 -0.37732241 0.01358542
v 0.01550257 -0.37732241 0.01536735
v 0.01548378 -0.37732241 0.01522464
v 0.01547750 -0.37732241 0.01508083
v 0.01586353 -0.37732241 0.01402023
v 0.01596077 -0.37732241 0.01391411
v 0.01606690 -0.37732241 0.01381686
v 0.01618110 -0.37732241 0.01372923
v 0.01630250 -0.37732241 0.01365189
v 0.01643018 -0.37732241 0.01358542
v 0.01656317 -0.37732241 0.01353034
v 0.01670045 -0.37732241 0.01348705
v 0.01684098 -0.37732241 0.01345590
v 0.00512750 -0.37732241 0.02279622
v 0.00761144 -0.37732241 0.02268777
v 0.01007647 -0.37732241 0.02236324
v 0.00017853 -0.37732241 0.02236324
v 0.00264356 -0.37732241 0.02268777
v 0.00079737 -0.37732241 0.01086353
v -0.00802763 -0.37732241 0.01086353
v -0.00691712 -0.37732241 0.02012599
v -0.00912250 -0.37732241 0.01897795
v -0.00224884 -0.37732241 0.02182511
v -0.00462007 -0.37732241 0.02107746
v -0.01287250 -0.37732241 0.01086353
v -0.01319195 -0.37732241 0.01612849
v -0.01121943 -0.37732241 0.01764205
v -0.01502504 -0.37732241 0.01444876
v -0.01670477 -0.37732241 0.01261567
v -0.01287250 -0.37732241 0.00579622
v -0.01955422 -0.37732241 0.00854622
v -0.01821833 -0.37732241 0.01064315
v -0.02293952 -0.37732241 -0.00075481
v -0.02240139 -0.37732241 0.00167256
v -0.01287250 -0.37732241 -0.00187878
v -0.02165374 -0.37732241 0.00404380
v -0.02070227 -0.37732241 0.00634084
v -0.01287250 -0.37732241 -0.00570378
v -0.02326405 -0.37732241 -0.00321984
v -0.02326405 -0.37732241 -0.00818772
v -0.01287250 -0.37732241 -0.00952878
v -0.02293952 -0.37732241 -0.01065275
v -0.01287250 -0.37732241 -0.01720378
v -0.02070227 -0.37732241 -0.01774840
v -0.02165374 -0.37732241 -0.01545135
v -0.02240139 -0.37732241 -0.01308012
v -0.01287250 -0.37732241 -0.02227108
v -0.01319195 -0.37732241 -0.02753604
v -0.01502504 -0.37732241 -0.02585632
v -0.01670477 -0.37732241 -0.02402323
v -0.01821833 -0.37732241 -0.02205071
v -0.01955422 -0.37732241 -0.01995378
v -0.00803923 -0.37732241 -0.02765511
v -0.00912250 -0.37732241 -0.03038550
v -0.00813647 -0.37732241 -0.02754899
v -0.01121943 -0.37732241 -0.02904961
v -0.00822410 -0.37732241 -0.02743479
v -0.00830144 -0.37732241 -0.02731339
v -0.00851622 -0.37732241 -0.02634458
v -0.00852250 -0.37732241 -0.02648839
v -0.00851622 -0.37732241 -0.02663220
v -0.00849743 -0.37732241 -0.02677491
v -0.00846628 -0.37732241 -0.02691544
v -0.00842299 -0.37732241 -0.02705272
v -0.00836791 -0.37732241 -0.02718571
v -0.00813647 -0.37732241 -0.02542779
v -0.00822410 -0.37732241 -0.02554199
v -0.00830144 -0.37732241 -0.02566339
v -0.00836791 -0.37732241 -0.02579107
v -0.00842299 -0.37732241 -0.02592405
v -0.00846628 -0.37732241 -0.02606134
v -0.00849743 -0.37732241 -0.02620187
v -0.00793310 -0.37732241 -0.02775236
v -0.00781890 -0.37732241 -0.02783999
v -0.00769750 -0.37732241 -0.02791733
v -0.00644545 -0.37732241 -0.02808217
v -0.00630817 -0.37732241 -0.02803888
v -0.00462007 -0.37732241 -0.03248502
v -0.00617518 -0.37732241 -0.02798380
v -0.00224884 -0.37732241 -0.03323266
v -0.00617518 -0.37732241 -0.02499298
v -0.00630817 -0.37732241 -0.02493789
v -0.00691712 -0.37732241 -0.03153355
v -0.00715902 -0.37732241 -0.02811332
v -0.00701631 -0.37732241 -0.02813211
v -0.00687250 -0.37732241 -0.02813839
v -0.00672869 -0.37732241 -0.02813211
v -0.00658598 -0.37732241 -0.02811332
v -0.00604750 -0.37732241 -0.02791733
v -0.00592610 -0.37732241 -0.02783999
v -0.00581190 -0.37732241 -0.02775236
v -0.00570577 -0.37732241 -0.02765511
v -0.00560853 -0.37732241 -0.02754899
v -0.00552090 -0.37732241 -0.02743479
v -0.00544356 -0.37732241 -0.02731339
v -0.00537709 -0.37732241 -0.02718571
v -0.00532201 -0.37732241 -0.02705272
v -0.00756982 -0.37732241 -0.02499298
v -0.00769750 -0.37732241 -0.02505945
v -0.00802763 -0.37732241 -0.02227108
v -0.00781890 -0.37732241 -0.02513679
v -0.00793310 -0.37732241 -0.02522441
v -0.00803923 -0.37732241 -0.02532166
v -0.00756982 -0.37732241 -0.02798380
v -0.00743683 -0.37732241 -0.02803888
v -0.00729955 -0.37732241 -0.02808217
v -0.00644545 -0.37732241 -0.02489461
v -0.00658598 -0.37732241 -0.02486346
v -0.00672869 -0.37732241 -0.02484467
v -0.00581190 -0.37732241 -0.02522441
v -0.00592610 -0.37732241 -0.02513679
v -0.00604750 -0.37732241 -0.02505945
v -0.00687250 -0.37732241 -0.02483839
v -0.00701631 -0.37732241 -0.02484467
v -0.00715902 -0.37732241 -0.02486346
v -0.00729955 -0.37732241 -0.02489461
v -0.00743683 -0.37732241 -0.02493789
v -0.00522250 -0.37732241 -0.02648839
v -0.00522878 -0.37732241 -0.02634458
v -0.00527872 -0.37732241 -0.02691544
v -0.00524757 -0.37732241 -0.02677491
v -0.00522878 -0.37732241 -0.02663220
v -0.00524757 -0.37732241 -0.02620187
v -0.00527872 -0.37732241 -0.02606134
v -0.00532201 -0.37732241 -0.02592405
v -0.00537709 -0.37732241 -0.02579107
v -0.00544356 -0.37732241 -0.02566339
v -0.00552090 -0.37732241 -0.02554199
v -0.00560853 -0.37732241 -0.02542779
v -0.00570577 -0.37732241 -0.02532166
v 0.00512750 -0.37732241 -0.03420378
v 0.00945763 -0.37732241 -0.02227108
v 0.00761144 -0.37732241 -0.03409533
v 0.01007647 -0.37732241 -0.03377080
v 0.01263263 -0.37732241 -0.02227108
v 0.01250384 -0.37732241 -0.03323266
v 0.01807390 -0.37732241 -0.02513679
v 0.01795250 -0.37732241 -0.02505945
v 0.01818810 -0.37732241 -0.02522441
v 0.01782482 -0.37732241 -0.02499298
v 0.01769183 -0.37732241 -0.02493789
v 0.01755455 -0.37732241 -0.02489461
v 0.01643018 -0.37732241 -0.02499298
v 0.01630250 -0.37732241 -0.02505945
v 0.01712750 -0.37732241 -0.02813839
v 0.01727131 -0.37732241 -0.02813211
v 0.01717212 -0.37732241 -0.03153355
v 0.01741402 -0.37732241 -0.02486346
v 0.01727131 -0.37732241 -0.02484467
v 0.01712750 -0.37732241 -0.02483839
v 0.01656317 -0.37732241 -0.02803888
v 0.01670045 -0.37732241 -0.02808217
v 0.01487507 -0.37732241 -0.03248502
v 0.01684098 -0.37732241 -0.02811332
v 0.01698369 -0.37732241 -0.02813211
v 0.01769183 -0.37732241 -0.02803888
v 0.01937750 -0.37732241 -0.03038550
v 0.01755455 -0.37732241 -0.02808217
v 0.01741402 -0.37732241 -0.02811332
v 0.01782482 -0.37732241 -0.02798380
v 0.01795250 -0.37732241 -0.02791733
v 0.01807390 -0.37732241 -0.02783999
v 0.01656317 -0.37732241 -0.02493789
v 0.01618110 -0.37732241 -0.02513679
v 0.01606690 -0.37732241 -0.02522441
v 0.01596077 -0.37732241 -0.02532166
v 0.01569856 -0.37732241 -0.02566339
v 0.01563209 -0.37732241 -0.02579107
v 0.01550257 -0.37732241 -0.02677491
v 0.01553372 -0.37732241 -0.02691544
v 0.01586353 -0.37732241 -0.02542779
v 0.01577590 -0.37732241 -0.02554199
v 0.01557701 -0.37732241 -0.02592405
v 0.01553372 -0.37732241 -0.02606134
v 0.01550257 -0.37732241 -0.02620187
v 0.01569856 -0.37732241 -0.02731339
v 0.01577590 -0.37732241 -0.02743479
v 0.01548378 -0.37732241 -0.02634458
v 0.01547750 -0.37732241 -0.02648839
v 0.01548378 -0.37732241 -0.02663220
v 0.01586353 -0.37732241 -0.02754899
v 0.01596077 -0.37732241 -0.02765511
v 0.01606690 -0.37732241 -0.02775236
v 0.01698369 -0.37732241 -0.02484467
v 0.01684098 -0.37732241 -0.02486346
v 0.01670045 -0.37732241 -0.02489461
v 0.01618110 -0.37732241 -0.02783999
v 0.01630250 -0.37732241 -0.02791733
v 0.01643018 -0.37732241 -0.02798380
v 0.01557701 -0.37732241 -0.02705272
v 0.01563209 -0.37732241 -0.02718571
v 0.01818810 -0.37732241 -0.02775236
v 0.01829423 -0.37732241 -0.02765511
v 0.02147443 -0.37732241 -0.02904961
v 0.01839147 -0.37732241 -0.02754899
v 0.01847910 -0.37732241 -0.02743479
v 0.01855644 -0.37732241 -0.02731339
v 0.01862291 -0.37732241 -0.02718571
v 0.02344695 -0.37732241 -0.02753604
v 0.01867799 -0.37732241 -0.02705272
v 0.01872128 -0.37732241 -0.02691544
v 0.01862291 -0.37732241 -0.02579107
v 0.01855644 -0.37732241 -0.02566339
v 0.01875243 -0.37732241 -0.02677491
v 0.01877122 -0.37732241 -0.02663220
v 0.02528004 -0.37732241 -0.02585632
v 0.01847910 -0.37732241 -0.02554199
v 0.01839147 -0.37732241 -0.02542779
v 0.01829423 -0.37732241 -0.02532166
v 0.01877750 -0.37732241 -0.02648839
v 0.01877122 -0.37732241 -0.02634458
v 0.02695977 -0.37732241 -0.02402323
v 0.01875243 -0.37732241 -0.02620187
v 0.01872128 -0.37732241 -0.02606134
v 0.01867799 -0.37732241 -0.02592405
v 0.01828263 -0.37732241 -0.00952878
v 0.03319452 -0.37732241 -0.01065275
v 0.03265639 -0.37732241 -0.01308012
v 0.02753372 -0.37732241 -0.00613083
v 0.02757701 -0.37732241 -0.00626811
v 0.03351905 -0.37732241 -0.00818772
v 0.03055644 -0.37732241 -0.00652878
v 0.03062291 -0.37732241 -0.00640110
v 0.03067799 -0.37732241 -0.00626811
v 0.03072128 -0.37732241 -0.00613083
v 0.03075243 -0.37732241 -0.00599030
v 0.02747750 -0.37732241 -0.00570378
v 0.02748378 -0.37732241 -0.00584758
v 0.02750257 -0.37732241 -0.00599030
v 0.02763209 -0.37732241 -0.00640110
v 0.02769856 -0.37732241 -0.00652878
v 0.02777590 -0.37732241 -0.00665018
v 0.02941402 -0.37732241 -0.00732871
v 0.02955455 -0.37732241 -0.00729756
v 0.02969183 -0.37732241 -0.00725427
v 0.02982482 -0.37732241 -0.00719919
v 0.02995250 -0.37732241 -0.00713272
v 0.03007390 -0.37732241 -0.00705538
v 0.03018810 -0.37732241 -0.00696775
v 0.03029423 -0.37732241 -0.00687050
v 0.03039147 -0.37732241 -0.00676438
v 0.03047910 -0.37732241 -0.00665018
v 0.02786353 -0.37732241 -0.00676438
v 0.02796077 -0.37732241 -0.00687050
v 0.02806690 -0.37732241 -0.00696775
v 0.02818110 -0.37732241 -0.00705538
v 0.02830250 -0.37732241 -0.00713272
v 0.02843018 -0.37732241 -0.00719919
v 0.02856317 -0.37732241 -0.00725427
v 0.02870045 -0.37732241 -0.00729756
v 0.02884098 -0.37732241 -0.00732871
v 0.02898369 -0.37732241 -0.00734750
v 0.02912750 -0.37732241 -0.00735378
v 0.02927131 -0.37732241 -0.00734750
v 0.00136873 -0.37732241 0.00566430
v 0.00126380 -0.37732241 0.00533150
v 0.00079737 -0.37732241 0.00579622
v 0.00118827 -0.37732241 0.00499081
v 0.00114272 -0.37732241 0.00464484
v 0.00769865 -0.37732241 0.00123204
v 0.00795593 -0.37732241 0.00146779
v 0.00945763 -0.37732241 -0.00187878
v 0.00859160 -0.37732241 0.00229622
v 0.00875273 -0.37732241 0.00260575
v 0.00888627 -0.37732241 0.00292814
v 0.00899120 -0.37732241 0.00326095
v 0.00112750 -0.37732241 0.00429622
v 0.00114272 -0.37732241 0.00394760
v 0.00079737 -0.37732241 -0.00187878
v 0.00118827 -0.37732241 0.00360163
v 0.00477888 -0.37732241 0.00031144
v 0.00512750 -0.37732241 0.00029622
v 0.00547612 -0.37732241 0.00031144
v 0.00582209 -0.37732241 0.00035699
v 0.00819168 -0.37732241 0.00172507
v 0.00840411 -0.37732241 0.00200192
v 0.00911228 -0.37732241 0.00464484
v 0.00906673 -0.37732241 0.00499081
v 0.00945763 -0.37732241 0.00579622
v 0.00899120 -0.37732241 0.00533150
v 0.00888627 -0.37732241 0.00566430
v 0.00126380 -0.37732241 0.00326095
v 0.00136873 -0.37732241 0.00292814
v 0.00150227 -0.37732241 0.00260575
v 0.00166340 -0.37732241 0.00229622
v 0.00185089 -0.37732241 0.00200192
v 0.00206332 -0.37732241 0.00172507
v 0.00906673 -0.37732241 0.00360163
v 0.00911228 -0.37732241 0.00394760
v 0.00912750 -0.37732241 0.00429622
v 0.00375942 -0.37732241 0.00053745
v 0.00409222 -0.37732241 0.00043252
v 0.00443291 -0.37732241 0.00035699
v 0.00616278 -0.37732241 0.00043252
v 0.00649558 -0.37732241 0.00053745
v 0.00681797 -0.37732241 0.00067099
v 0.00229907 -0.37732241 0.00146779
v 0.00255635 -0.37732241 0.00123204
v 0.00283319 -0.37732241 0.00101961
v 0.00312750 -0.37732241 0.00083212
v 0.00343703 -0.37732241 0.00067099
v 0.00712750 -0.37732241 0.00083212
v 0.00742181 -0.37732241 0.00101961
v 0.00875273 -0.37732241 0.00598669
v 0.00859160 -0.37732241 0.00629622
v 0.00840411 -0.37732241 0.00659053
v 0.00819168 -0.37732241 0.00686737
v 0.00795593 -0.37732241 0.00712465
v 0.00769865 -0.37732241 0.00736040
v 0.00512750 -0.37732241 0.00829622
v 0.00477888 -0.37732241 0.00828100
v 0.00443291 -0.37732241 0.00823545
v 0.00409222 -0.37732241 0.00815993
v 0.00312750 -0.37732241 0.00776032
v 0.00283319 -0.37732241 0.00757283
v 0.00255635 -0.37732241 0.00736040
v 0.00229907 -0.37732241 0.00712465
v 0.00681797 -0.37732241 0.00792145
v 0.00649558 -0.37732241 0.00805499
v 0.00547612 -0.37732241 0.00828100
v 0.00375942 -0.37732241 0.00805499
v 0.00343703 -0.37732241 0.00792145
v 0.00166340 -0.37732241 0.00629622
v 0.00150227 -0.37732241 0.00598669
v 0.00742181 -0.37732241 0.00757283
v 0.00712750 -0.37732241 0.00776032
v 0.00616278 -0.37732241 0.00815993
v 0.00582209 -0.37732241 0.00823545
v 0.00206332 -0.37732241 0.00686737
v 0.00185089 -0.37732241 0.00659053
v -0.00802763 -0.37732241 -0.00187878
v -0.00751753 -0.37732241 -0.00105240
v -0.00747199 -0.37732241 -0.00139837
v -0.00659693 -0.37732241 0.00186737
v -0.00680936 -0.37732241 0.00159053
v -0.00802763 -0.37732241 0.00579622
v -0.00699686 -0.37732241 0.00129622
v -0.00715799 -0.37732241 0.00098669
v -0.00729152 -0.37732241 0.00066430
v -0.00739646 -0.37732241 0.00033150
v -0.00747199 -0.37732241 -0.00000919
v -0.00751753 -0.37732241 -0.00035516
v -0.00753275 -0.37732241 -0.00070378
v 0.00045202 -0.37732241 -0.00105240
v 0.00040648 -0.37732241 -0.00139837
v 0.00033095 -0.37732241 -0.00173905
v 0.00033095 -0.37732241 0.00033150
v 0.00022602 -0.37732241 0.00066430
v 0.00009248 -0.37732241 0.00098669
v -0.00006865 -0.37732241 0.00129622
v 0.00046725 -0.37732241 -0.00070378
v 0.00045202 -0.37732241 -0.00035516
v 0.00040648 -0.37732241 -0.00000919
v -0.00025615 -0.37732241 0.00159053
v -0.00046858 -0.37732241 0.00186737
v -0.00070433 -0.37732241 0.00212465
v -0.00249748 -0.37732241 0.00315993
v -0.00283816 -0.37732241 0.00323545
v -0.00318413 -0.37732241 0.00328100
v -0.00353275 -0.37732241 0.00329622
v -0.00096160 -0.37732241 0.00236040
v -0.00123845 -0.37732241 0.00257283
v -0.00153275 -0.37732241 0.00276032
v -0.00388138 -0.37732241 0.00328100
v -0.00422735 -0.37732241 0.00323545
v -0.00456803 -0.37732241 0.00315993
v -0.00490083 -0.37732241 0.00305499
v -0.00184228 -0.37732241 0.00292145
v -0.00216467 -0.37732241 0.00305499
v -0.00522323 -0.37732241 0.00292145
v -0.00553275 -0.37732241 0.00276032
v -0.00582706 -0.37732241 0.00257283
v -0.00610390 -0.37732241 0.00236040
v -0.00636118 -0.37732241 0.00212465
v -0.00699686 -0.37732241 -0.00270378
v -0.00680936 -0.37732241 -0.00299808
v -0.00802763 -0.37732241 -0.00570378
v -0.00659693 -0.37732241 -0.00327493
v -0.00636118 -0.37732241 -0.00353221
v -0.00610390 -0.37732241 -0.00376796
v -0.00123845 -0.37732241 -0.00398039
v -0.00096160 -0.37732241 -0.00376796
v 0.00079737 -0.37732241 -0.00570378
v -0.00739646 -0.37732241 -0.00173905
v -0.00729152 -0.37732241 -0.00207186
v -0.00715799 -0.37732241 -0.00239425
v -0.00582706 -0.37732241 -0.00398039
v -0.00553275 -0.37732241 -0.00416788
v -0.00522323 -0.37732241 -0.00432901
v -0.00490083 -0.37732241 -0.00446255
v -0.00456803 -0.37732241 -0.00456748
v -0.00422735 -0.37732241 -0.00464301
v -0.00388138 -0.37732241 -0.00468856
v -0.00353275 -0.37732241 -0.00470378
v -0.00318413 -0.37732241 -0.00468856
v -0.00283816 -0.37732241 -0.00464301
v -0.00249748 -0.37732241 -0.00456748
v -0.00216467 -0.37732241 -0.00446255
v -0.00184228 -0.37732241 -0.00432901
v -0.00153275 -0.37732241 -0.00416788
v -0.00070433 -0.37732241 -0.00353221
v -0.00046858 -0.37732241 -0.00327493
v -0.00025615 -0.37732241 -0.00299808
v -0.00006865 -0.37732241 -0.00270378
v 0.00009248 -0.37732241 -0.00239425
v 0.00022602 -0.37732241 -0.00207186
v -0.00388138 -0.37732241 -0.01468856
v -0.00353275 -0.37732241 -0.01470378
v 0.00079737 -0.37732241 -0.01720378
v -0.00318413 -0.37732241 -0.01468856
v -0.00283816 -0.37732241 -0.01464301
v 0.00045202 -0.37732241 -0.01035515
v 0.00040648 -0.37732241 -0.01000919
v 0.00079737 -0.37732241 -0.00952878
v -0.00184228 -0.37732241 -0.01432901
v -0.00153275 -0.37732241 -0.01416788
v -0.00123845 -0.37732241 -0.01398039
v -0.00096160 -0.37732241 -0.01376796
v -0.00025615 -0.37732241 -0.01299808
v -0.00006865 -0.37732241 -0.01270378
v -0.00729152 -0.37732241 -0.00933570
v -0.00739646 -0.37732241 -0.00966850
v -0.00802763 -0.37732241 -0.00952878
v -0.00747199 -0.37732241 -0.01000919
v -0.00751753 -0.37732241 -0.01035515
v -0.00739646 -0.37732241 -0.01173905
v -0.00729152 -0.37732241 -0.01207186
v -0.00802763 -0.37732241 -0.01720378
v -0.00715799 -0.37732241 -0.01239425
v -0.00659693 -0.37732241 -0.01327493
v -0.00636118 -0.37732241 -0.01353221
v -0.00610390 -0.37732241 -0.01376796
v -0.00582706 -0.37732241 -0.01398039
v -0.00249748 -0.37732241 -0.01456748
v -0.00216467 -0.37732241 -0.01446255
v -0.00753275 -0.37732241 -0.01070378
v -0.00751753 -0.37732241 -0.01105240
v -0.00747199 -0.37732241 -0.01139837
v -0.00699686 -0.37732241 -0.01270378
v -0.00680936 -0.37732241 -0.01299808
v 0.00009248 -0.37732241 -0.01239425
v 0.00022602 -0.37732241 -0.01207186
v 0.00033095 -0.37732241 -0.01173905
v -0.00553275 -0.37732241 -0.01416788
v -0.00522323 -0.37732241 -0.01432901
v -0.00490083 -0.37732241 -0.01446255
v -0.00070433 -0.37732241 -0.01353221
v -0.00046858 -0.37732241 -0.01327493
v 0.00040648 -0.37732241 -0.01139837
v 0.00045202 -0.37732241 -0.01105240
v 0.00046725 -0.37732241 -0.01070378
v -0.00456803 -0.37732241 -0.01456748
v -0.00422735 -0.37732241 -0.01464301
v 0.00033095 -0.37732241 -0.00966850
v 0.00022602 -0.37732241 -0.00933570
v 0.00009248 -0.37732241 -0.00901331
v -0.00006865 -0.37732241 -0.00870378
v -0.00153275 -0.37732241 -0.00723968
v -0.00184228 -0.37732241 -0.00707855
v -0.00025615 -0.37732241 -0.00840947
v -0.00046858 -0.37732241 -0.00813263
v -0.00070433 -0.37732241 -0.00787535
v -0.00096160 -0.37732241 -0.00763960
v -0.00123845 -0.37732241 -0.00742717
v -0.00216467 -0.37732241 -0.00694501
v -0.00249748 -0.37732241 -0.00684007
v -0.00283816 -0.37732241 -0.00676455
v -0.00582706 -0.37732241 -0.00742717
v -0.00610390 -0.37732241 -0.00763960
v -0.00636118 -0.37732241 -0.00787535
v -0.00715799 -0.37732241 -0.00901331
v -0.00699686 -0.37732241 -0.00870378
v -0.00388138 -0.37732241 -0.00671900
v -0.00353275 -0.37732241 -0.00670378
v -0.00318413 -0.37732241 -0.00671900
v -0.00422735 -0.37732241 -0.00676455
v -0.00456803 -0.37732241 -0.00684007
v -0.00490083 -0.37732241 -0.00694501
v -0.00659693 -0.37732241 -0.00813263
v -0.00680936 -0.37732241 -0.00840947
v -0.00522323 -0.37732241 -0.00707855
v -0.00553275 -0.37732241 -0.00723968
v 0.00945763 -0.37732241 -0.00952878
v 0.00945763 -0.37732241 -0.01720378
v 0.01263263 -0.37732241 -0.01720378
v 0.00945763 -0.37732241 -0.00570378
v 0.01263263 -0.37732241 -0.00570378
v 0.01263263 -0.37732241 0.00579622
v 0.01877750 -0.38367239 0.01508083
v 0.01877122 -0.38367239 0.01522464
v 0.01875243 -0.38367239 0.01536735
v 0.01872128 -0.38367239 0.01550788
v 0.01867799 -0.38367239 0.01564516
v 0.01862291 -0.38367239 0.01577815
v 0.01855644 -0.38367239 0.01590583
v 0.01847910 -0.38367239 0.01602723
v 0.01839147 -0.38367239 0.01614143
v 0.01829423 -0.38367239 0.01624756
v 0.01818810 -0.38367239 0.01634480
v 0.01807390 -0.38367239 0.01643243
v 0.01795250 -0.38367239 0.01650977
v 0.01782482 -0.38367239 0.01657624
v 0.01769183 -0.38367239 0.01663132
v 0.01755455 -0.38367239 0.01667461
v 0.01741402 -0.38367239 0.01670576
v 0.01727131 -0.38367239 0.01672455
v 0.01712750 -0.38367239 0.01673083
v 0.01698369 -0.38367239 0.01672455
v 0.01684098 -0.38367239 0.01670576
v 0.01670045 -0.38367239 0.01667461
v 0.01656317 -0.38367239 0.01663132
v 0.01643018 -0.38367239 0.01657624
v 0.01630250 -0.38367239 0.01650977
v 0.01618110 -0.38367239 0.01643243
v 0.01606690 -0.38367239 0.01634480
v 0.01596077 -0.38367239 0.01624756
v 0.01586353 -0.38367239 0.01614143
v 0.01577590 -0.38367239 0.01602723
v 0.01569856 -0.38367239 0.01590583
v 0.01563209 -0.38367239 0.01577815
v 0.01557701 -0.38367239 0.01564516
v 0.01553372 -0.38367239 0.01550788
v 0.01550257 -0.38367239 0.01536735
v 0.01548378 -0.38367239 0.01522464
v 0.01547750 -0.38367239 0.01508083
v 0.01548378 -0.38367239 0.01493702
v 0.01550257 -0.38367239 0.01479431
v 0.01553372 -0.38367239 0.01465378
v 0.01557701 -0.38367239 0.01451650
v 0.01563209 -0.38367239 0.01438351
v 0.01569856 -0.38367239 0.01425583
v 0.01577590 -0.38367239 0.01413443
v 0.01586353 -0.38367239 0.01402023
v 0.01596077 -0.38367239 0.01391411
v 0.01606690 -0.38367239 0.01381686
v 0.01618110 -0.38367239 0.01372923
v 0.01630250 -0.38367239 0.01365189
v 0.01643018 -0.38367239 0.01358542
v 0.01656317 -0.38367239 0.01353034
v 0.01670045 -0.38367239 0.01348705
v 0.01684098 -0.38367239 0.01345590
v 0.01698369 -0.38367239 0.01343711
v 0.01712750 -0.38367239 0.01343083
v 0.01727131 -0.38367239 0.01343711
v 0.01741402 -0.38367239 0.01345590
v 0.01755455 -0.38367239 0.01348705
v 0.01769183 -0.38367239 0.01353034
v 0.01782482 -0.38367239 0.01358542
v 0.01795250 -0.38367239 0.01365189
v 0.01807390 -0.38367239 0.01372923
v 0.01818810 -0.38367239 0.01381686
v 0.01829423 -0.38367239 0.01391411
v 0.01839147 -0.38367239 0.01402023
v 0.01847910 -0.38367239 0.01413443
v 0.01855644 -0.38367239 0.01425583
v 0.01862291 -0.38367239 0.01438351
v 0.01867799 -0.38367239 0.01451650
v 0.01872128 -0.38367239 0.01465378
v 0.01875243 -0.38367239 0.01479431
v 0.01877122 -0.38367239 0.01493702
v 0.01378263 -0.38367239 -0.00322878
v 0.02980922 -0.38367239 0.00854622
v 0.02847333 -0.38367239 0.01064315
v 0.01713263 -0.38367239 0.00971353
v -0.00687763 -0.38367239 0.00971353
v -0.00462007 -0.38367239 -0.03248502
v -0.00687763 -0.38367239 -0.03117108
v -0.00691712 -0.38367239 -0.03153355
v 0.01937750 -0.38367239 -0.03038550
v 0.01713263 -0.38367239 -0.03117108
v 0.01717212 -0.38367239 -0.03153355
v 0.03077122 -0.38367239 -0.00555997
v 0.03077750 -0.38367239 -0.00570378
v 0.03362750 -0.38367239 -0.00570378
v 0.03077122 -0.38367239 -0.00584758
v 0.03075243 -0.38367239 -0.00599030
v 0.03351905 -0.38367239 -0.00818772
v 0.03072128 -0.38367239 -0.00613083
v 0.03067799 -0.38367239 -0.00626811
v 0.03062291 -0.38367239 -0.00640110
v 0.03055644 -0.38367239 -0.00652878
v 0.02750257 -0.38367239 -0.00541726
v 0.02753372 -0.38367239 -0.00527673
v 0.01713263 -0.38367239 -0.00322878
v 0.02757701 -0.38367239 -0.00513944
v 0.02763209 -0.38367239 -0.00500646
v 0.03039147 -0.38367239 -0.00464318
v 0.03047910 -0.38367239 -0.00475738
v 0.03351905 -0.38367239 -0.00321984
v 0.03055644 -0.38367239 -0.00487878
v 0.03072128 -0.38367239 -0.00527673
v 0.03075243 -0.38367239 -0.00541726
v 0.02786353 -0.38367239 -0.00676438
v 0.02777590 -0.38367239 -0.00665018
v 0.01713263 -0.38367239 -0.00817878
v 0.02769856 -0.38367239 -0.00652878
v 0.02763209 -0.38367239 -0.00640110
v 0.03062291 -0.38367239 -0.00500646
v 0.03067799 -0.38367239 -0.00513944
v 0.02757701 -0.38367239 -0.00626811
v 0.02753372 -0.38367239 -0.00613083
v 0.02750257 -0.38367239 -0.00599030
v 0.02769856 -0.38367239 -0.00487878
v 0.02777590 -0.38367239 -0.00475738
v 0.02786353 -0.38367239 -0.00464318
v 0.02748378 -0.38367239 -0.00584758
v 0.02747750 -0.38367239 -0.00570378
v 0.02748378 -0.38367239 -0.00555997
v 0.02955455 -0.38367239 -0.00411000
v 0.02969183 -0.38367239 -0.00415329
v 0.03007390 -0.38367239 -0.00435218
v 0.03018810 -0.38367239 -0.00443980
v 0.03029423 -0.38367239 -0.00453705
v 0.03047910 -0.38367239 -0.00665018
v 0.03039147 -0.38367239 -0.00676438
v 0.03029423 -0.38367239 -0.00687050
v 0.03018810 -0.38367239 -0.00696775
v 0.03007390 -0.38367239 -0.00705538
v 0.02995250 -0.38367239 -0.00713272
v 0.02982482 -0.38367239 -0.00719919
v 0.02969183 -0.38367239 -0.00725427
v 0.02955455 -0.38367239 -0.00729756
v 0.02796077 -0.38367239 -0.00453705
v 0.02806690 -0.38367239 -0.00443980
v 0.02818110 -0.38367239 -0.00435218
v 0.02898369 -0.38367239 -0.00734750
v 0.02884098 -0.38367239 -0.00732871
v 0.02870045 -0.38367239 -0.00729756
v 0.02856317 -0.38367239 -0.00725427
v 0.02843018 -0.38367239 -0.00719919
v 0.02830250 -0.38367239 -0.00713272
v 0.02818110 -0.38367239 -0.00705538
v 0.02806690 -0.38367239 -0.00696775
v 0.02796077 -0.38367239 -0.00687050
v 0.02830250 -0.38367239 -0.00427484
v 0.02843018 -0.38367239 -0.00420837
v 0.02856317 -0.38367239 -0.00415329
v 0.02870045 -0.38367239 -0.00411000
v 0.02884098 -0.38367239 -0.00407885
v 0.02898369 -0.38367239 -0.00406006
v 0.02912750 -0.38367239 -0.00405378
v 0.02927131 -0.38367239 -0.00406006
v 0.02941402 -0.38367239 -0.00407885
v 0.02982482 -0.38367239 -0.00420837
v 0.02995250 -0.38367239 -0.00427484
v 0.02941402 -0.38367239 -0.00732871
v 0.02927131 -0.38367239 -0.00734750
v 0.02912750 -0.38367239 -0.00735378
v 0.03319452 -0.38367239 -0.01065275
v 0.01713263 -0.38367239 -0.01320378
v 0.02980922 -0.38367239 -0.01995378
v 0.03095727 -0.38367239 -0.01774840
v 0.01713263 -0.38367239 -0.02112108
v 0.02847333 -0.38367239 -0.02205071
v 0.03190874 -0.38367239 -0.01545135
v 0.03265639 -0.38367239 -0.01308012
v 0.01727131 -0.38367239 -0.02484467
v 0.01741402 -0.38367239 -0.02486346
v 0.01755455 -0.38367239 -0.02489461
v 0.01769183 -0.38367239 -0.02493789
v 0.01741402 -0.38367239 -0.02811332
v 0.01727131 -0.38367239 -0.02813211
v 0.01818810 -0.38367239 -0.02522441
v 0.01829423 -0.38367239 -0.02532166
v 0.01855644 -0.38367239 -0.02731339
v 0.01847910 -0.38367239 -0.02743479
v 0.02147443 -0.38367239 -0.02904961
v 0.01807390 -0.38367239 -0.02783999
v 0.01795250 -0.38367239 -0.02791733
v 0.01782482 -0.38367239 -0.02798380
v 0.01769183 -0.38367239 -0.02803888
v 0.01755455 -0.38367239 -0.02808217
v 0.02528004 -0.38367239 -0.02585632
v 0.01877750 -0.38367239 -0.02648839
v 0.02344695 -0.38367239 -0.02753604
v 0.01877122 -0.38367239 -0.02663220
v 0.01875243 -0.38367239 -0.02677491
v 0.01872128 -0.38367239 -0.02691544
v 0.01867799 -0.38367239 -0.02705272
v 0.01862291 -0.38367239 -0.02718571
v 0.01839147 -0.38367239 -0.02754899
v 0.01829423 -0.38367239 -0.02765511
v 0.01818810 -0.38367239 -0.02775236
v 0.01839147 -0.38367239 -0.02542779
v 0.01847910 -0.38367239 -0.02554199
v 0.01855644 -0.38367239 -0.02566339
v 0.01782482 -0.38367239 -0.02499298
v 0.01795250 -0.38367239 -0.02505945
v 0.01807390 -0.38367239 -0.02513679
v 0.01862291 -0.38367239 -0.02579107
v 0.01867799 -0.38367239 -0.02592405
v 0.02695977 -0.38367239 -0.02402323
v 0.01872128 -0.38367239 -0.02606134
v 0.01875243 -0.38367239 -0.02620187
v 0.01877122 -0.38367239 -0.02634458
v 0.01487507 -0.38367239 -0.03248502
v 0.01378263 -0.38367239 -0.03117108
v 0.01250384 -0.38367239 -0.03323266
v 0.00945763 -0.38367239 -0.03117108
v 0.01007647 -0.38367239 -0.03377080
v 0.00761144 -0.38367239 -0.03409533
v 0.00512750 -0.38367239 -0.03420378
v 0.00079737 -0.38367239 -0.03117108
v 0.00264356 -0.38367239 -0.03409533
v -0.00224884 -0.38367239 -0.03323266
v 0.00017853 -0.38367239 -0.03377080
v -0.00756982 -0.38367239 -0.02798380
v -0.00769750 -0.38367239 -0.02791733
v -0.00912250 -0.38367239 -0.03038550
v -0.00701631 -0.38367239 -0.02813211
v -0.00756982 -0.38367239 -0.02499298
v -0.00743683 -0.38367239 -0.02493789
v -0.00687763 -0.38367239 -0.02112108
v -0.00729955 -0.38367239 -0.02489461
v -0.00715902 -0.38367239 -0.02486346
v -0.00715902 -0.38367239 -0.02811332
v -0.00729955 -0.38367239 -0.02808217
v -0.00743683 -0.38367239 -0.02803888
v -0.00849743 -0.38367239 -0.02677491
v -0.00851622 -0.38367239 -0.02663220
v -0.01319195 -0.38367239 -0.02753604
v -0.01121943 -0.38367239 -0.02904961
v -0.00813647 -0.38367239 -0.02754899
v -0.00822410 -0.38367239 -0.02743479
v -0.00846628 -0.38367239 -0.02691544
v -0.00846628 -0.38367239 -0.02606134
v -0.00842299 -0.38367239 -0.02592405
v -0.01287250 -0.38367239 -0.02112108
v -0.00836791 -0.38367239 -0.02579107
v -0.00830144 -0.38367239 -0.02566339
v -0.00822410 -0.38367239 -0.02554199
v -0.00813647 -0.38367239 -0.02542779
v -0.00803923 -0.38367239 -0.02532166
v -0.00793310 -0.38367239 -0.02522441
v -0.00781890 -0.38367239 -0.02513679
v -0.00769750 -0.38367239 -0.02505945
v -0.00781890 -0.38367239 -0.02783999
v -0.00793310 -0.38367239 -0.02775236
v -0.00803923 -0.38367239 -0.02765511
v -0.00830144 -0.38367239 -0.02731339
v -0.00836791 -0.38367239 -0.02718571
v -0.00842299 -0.38367239 -0.02705272
v -0.00852250 -0.38367239 -0.02648839
v -0.00851622 -0.38367239 -0.02634458
v -0.00849743 -0.38367239 -0.02620187
v -0.01502504 -0.38367239 -0.02585632
v -0.01670477 -0.38367239 -0.02402323
v -0.01287250 -0.38367239 -0.01320378
v -0.02240139 -0.38367239 -0.01308012
v -0.02165374 -0.38367239 -0.01545135
v -0.02070227 -0.38367239 -0.01774840
v -0.01955422 -0.38367239 -0.01995378
v -0.01821833 -0.38367239 -0.02205071
v -0.02293952 -0.38367239 -0.01065275
v -0.01287250 -0.38367239 -0.00817878
v -0.02326405 -0.38367239 -0.00818772
v -0.01287250 -0.38367239 -0.00322878
v -0.02326405 -0.38367239 -0.00321984
v -0.02337250 -0.38367239 -0.00570378
v -0.02293952 -0.38367239 -0.00075481
v -0.01287250 -0.38367239 0.00179622
v -0.02070227 -0.38367239 0.00634084
v -0.02165374 -0.38367239 0.00404380
v -0.02240139 -0.38367239 0.00167256
v -0.01287250 -0.38367239 0.00971353
v -0.01319195 -0.38367239 0.01612849
v -0.01502504 -0.38367239 0.01444876
v -0.01670477 -0.38367239 0.01261567
v -0.01821833 -0.38367239 0.01064315
v -0.01955422 -0.38367239 0.00854622
v -0.00912250 -0.38367239 0.01897795
v -0.01121943 -0.38367239 0.01764205
v -0.00691712 -0.38367239 0.02012599
v 0.00017853 -0.38367239 0.02236324
v 0.00079737 -0.38367239 0.00971353
v -0.00462007 -0.38367239 0.02107746
v -0.00224884 -0.38367239 0.02182511
v 0.01007647 -0.38367239 0.02236324
v 0.00761144 -0.38367239 0.02268777
v 0.00945763 -0.38367239 0.00971353
v 0.00512750 -0.38367239 0.02279622
v 0.00264356 -0.38367239 0.02268777
v 0.01378263 -0.38367239 0.00971353
v 0.01487507 -0.38367239 0.02107746
v 0.01717212 -0.38367239 0.02012599
v 0.01250384 -0.38367239 0.02182511
v 0.02147443 -0.38367239 0.01764205
v 0.01937750 -0.38367239 0.01897795
v 0.02344695 -0.38367239 0.01612849
v 0.02695977 -0.38367239 0.01261567
v 0.02528004 -0.38367239 0.01444876
v 0.03265639 -0.38367239 0.00167256
v 0.03190874 -0.38367239 0.00404380
v 0.01713263 -0.38367239 0.00179622
v 0.03095727 -0.38367239 0.00634084
v 0.03319452 -0.38367239 -0.00075481
v -0.00617518 -0.38367239 -0.02798380
v -0.00630817 -0.38367239 -0.02803888
v -0.00644545 -0.38367239 -0.02808217
v -0.00658598 -0.38367239 -0.02811332
v -0.00672869 -0.38367239 -0.02813211
v -0.00687250 -0.38367239 -0.02813839
v -0.00604750 -0.38367239 -0.02791733
v -0.00701631 -0.38367239 -0.02484467
v -0.00687250 -0.38367239 -0.02483839
v -0.00672869 -0.38367239 -0.02484467
v -0.00658598 -0.38367239 -0.02486346
v -0.00644545 -0.38367239 -0.02489461
v -0.00630817 -0.38367239 -0.02493789
v -0.00537709 -0.38367239 -0.02718571
v -0.00544356 -0.38367239 -0.02731339
v -0.00617518 -0.38367239 -0.02499298
v -0.00604750 -0.38367239 -0.02505945
v 0.00079737 -0.38367239 -0.02112108
v -0.00592610 -0.38367239 -0.02513679
v -0.00581190 -0.38367239 -0.02522441
v -0.00570577 -0.38367239 -0.02532166
v -0.00560853 -0.38367239 -0.02542779
v -0.00552090 -0.38367239 -0.02554199
v -0.00544356 -0.38367239 -0.02566339
v -0.00537709 -0.38367239 -0.02579107
v -0.00532201 -0.38367239 -0.02592405
v -0.00527872 -0.38367239 -0.02606134
v -0.00524757 -0.38367239 -0.02620187
v -0.00522878 -0.38367239 -0.02634458
v -0.00524757 -0.38367239 -0.02677491
v -0.00527872 -0.38367239 -0.02691544
v -0.00532201 -0.38367239 -0.02705272
v -0.00552090 -0.38367239 -0.02743479
v -0.00560853 -0.38367239 -0.02754899
v -0.00570577 -0.38367239 -0.02765511
v -0.00581190 -0.38367239 -0.02775236
v -0.00592610 -0.38367239 -0.02783999
v -0.00522250 -0.38367239 -0.02648839
v -0.00522878 -0.38367239 -0.02663220
v 0.01712750 -0.38367239 -0.02813839
v 0.01698369 -0.38367239 -0.02813211
v 0.01684098 -0.38367239 -0.02811332
v 0.01684098 -0.38367239 -0.02486346
v 0.01698369 -0.38367239 -0.02484467
v 0.01712750 -0.38367239 -0.02483839
v 0.01670045 -0.38367239 -0.02808217
v 0.01656317 -0.38367239 -0.02803888
v 0.01643018 -0.38367239 -0.02798380
v 0.01630250 -0.38367239 -0.02791733
v 0.01618110 -0.38367239 -0.02783999
v 0.01606690 -0.38367239 -0.02775236
v 0.01596077 -0.38367239 -0.02765511
v 0.01630250 -0.38367239 -0.02505945
v 0.01378263 -0.38367239 -0.02112108
v 0.01618110 -0.38367239 -0.02513679
v 0.01606690 -0.38367239 -0.02522441
v 0.01586353 -0.38367239 -0.02754899
v 0.01577590 -0.38367239 -0.02743479
v 0.01569856 -0.38367239 -0.02731339
v 0.01643018 -0.38367239 -0.02499298
v 0.01656317 -0.38367239 -0.02493789
v 0.01670045 -0.38367239 -0.02489461
v 0.01548378 -0.38367239 -0.02634458
v 0.01550257 -0.38367239 -0.02620187
v 0.01553372 -0.38367239 -0.02606134
v 0.01557701 -0.38367239 -0.02592405
v 0.01563209 -0.38367239 -0.02579107
v 0.01569856 -0.38367239 -0.02566339
v 0.01577590 -0.38367239 -0.02554199
v 0.01586353 -0.38367239 -0.02542779
v 0.01596077 -0.38367239 -0.02532166
v 0.01563209 -0.38367239 -0.02718571
v 0.01557701 -0.38367239 -0.02705272
v 0.01553372 -0.38367239 -0.02691544
v 0.01550257 -0.38367239 -0.02677491
v 0.01548378 -0.38367239 -0.02663220
v 0.01547750 -0.38367239 -0.02648839
v 0.01378263 -0.38367239 -0.00817878
v 0.01378263 -0.38367239 -0.01320378
v 0.00945763 -0.38367239 -0.01320378
v 0.00945763 -0.38367239 -0.00817878
v 0.01378263 -0.38367239 0.00179622
v 0.00945763 -0.38367239 0.00179622
v 0.00945763 -0.38367239 -0.00322878
v 0.00682103 -0.38367239 0.00444439
v 0.00682750 -0.38367239 0.00429622
v 0.00682103 -0.38367239 0.00414806
v 0.00680167 -0.38367239 0.00400102
v 0.00676957 -0.38367239 0.00385623
v 0.00672498 -0.38367239 0.00371479
v 0.00652006 -0.38367239 0.00332114
v 0.00642978 -0.38367239 0.00320348
v 0.00365526 -0.38367239 0.00514622
v 0.00373494 -0.38367239 0.00527130
v 0.00652006 -0.38367239 0.00527130
v 0.00659974 -0.38367239 0.00514622
v 0.00676957 -0.38367239 0.00473621
v 0.00680167 -0.38367239 0.00459142
v 0.00666822 -0.38367239 0.00357777
v 0.00659974 -0.38367239 0.00344622
v 0.00353002 -0.38367239 0.00371479
v 0.00348543 -0.38367239 0.00385623
v 0.00079737 -0.38367239 0.00179622
v 0.00345333 -0.38367239 0.00400102
v 0.00343397 -0.38367239 0.00414806
v 0.00348543 -0.38367239 0.00473621
v 0.00353002 -0.38367239 0.00487766
v 0.00358678 -0.38367239 0.00501467
v 0.00427750 -0.38367239 0.00282398
v 0.00415242 -0.38367239 0.00290366
v 0.00403476 -0.38367239 0.00299395
v 0.00382522 -0.38367239 0.00538896
v 0.00392542 -0.38367239 0.00549830
v 0.00403476 -0.38367239 0.00559850
v 0.00415242 -0.38367239 0.00568878
v 0.00427750 -0.38367239 0.00576846
v 0.00440905 -0.38367239 0.00583695
v 0.00542270 -0.38367239 0.00597040
v 0.00556749 -0.38367239 0.00593830
v 0.00570893 -0.38367239 0.00589370
v 0.00584595 -0.38367239 0.00583695
v 0.00597750 -0.38367239 0.00576846
v 0.00610258 -0.38367239 0.00568878
v 0.00622024 -0.38367239 0.00559850
v 0.00632958 -0.38367239 0.00549830
v 0.00642978 -0.38367239 0.00538896
v 0.00666822 -0.38367239 0.00501467
v 0.00672498 -0.38367239 0.00487766
v 0.00632958 -0.38367239 0.00309414
v 0.00622024 -0.38367239 0.00299395
v 0.00610258 -0.38367239 0.00290366
v 0.00392542 -0.38367239 0.00309414
v 0.00382522 -0.38367239 0.00320348
v 0.00373494 -0.38367239 0.00332114
v 0.00365526 -0.38367239 0.00344622
v 0.00358678 -0.38367239 0.00357777
v 0.00342750 -0.38367239 0.00429622
v 0.00343397 -0.38367239 0.00444439
v 0.00345333 -0.38367239 0.00459142
v 0.00597750 -0.38367239 0.00282398
v 0.00584595 -0.38367239 0.00275550
v 0.00570893 -0.38367239 0.00269874
v 0.00454607 -0.38367239 0.00589370
v 0.00468751 -0.38367239 0.00593830
v 0.00483230 -0.38367239 0.00597040
v 0.00497934 -0.38367239 0.00598975
v 0.00512750 -0.38367239 0.00599622
v 0.00527566 -0.38367239 0.00598975
v 0.00556749 -0.38367239 0.00265415
v 0.00542270 -0.38367239 0.00262205
v 0.00527566 -0.38367239 0.00260269
v 0.00468751 -0.38367239 0.00265415
v 0.00454607 -0.38367239 0.00269874
v 0.00440905 -0.38367239 0.00275550
v 0.00512750 -0.38367239 0.00259622
v 0.00497934 -0.38367239 0.00260269
v 0.00483230 -0.38367239 0.00262205
v -0.00687763 -0.38367239 0.00179622
v -0.00687763 -0.38367239 -0.00322878
v -0.00513023 -0.38367239 -0.00128521
v -0.00517483 -0.38367239 -0.00114377
v -0.00483503 -0.38367239 -0.00179652
v -0.00492531 -0.38367239 -0.00167886
v -0.00450783 -0.38367239 -0.00209634
v -0.00462549 -0.38367239 -0.00200605
v -0.00473484 -0.38367239 -0.00190586
v -0.00500500 -0.38367239 -0.00155378
v -0.00507348 -0.38367239 -0.00142223
v -0.00520693 -0.38367239 -0.00099898
v -0.00522629 -0.38367239 -0.00085194
v -0.00523275 -0.38367239 -0.00070378
v -0.00522629 -0.38367239 -0.00055561
v -0.00520693 -0.38367239 -0.00040858
v -0.00517483 -0.38367239 -0.00026379
v -0.00513023 -0.38367239 -0.00012234
v -0.00507348 -0.38367239 0.00001467
v -0.00500500 -0.38367239 0.00014622
v -0.00492531 -0.38367239 0.00027130
v -0.00483503 -0.38367239 0.00038896
v -0.00473484 -0.38367239 0.00049830
v -0.00462549 -0.38367239 0.00059850
v -0.00255767 -0.38367239 0.00068878
v -0.00244002 -0.38367239 0.00059850
v -0.00233067 -0.38367239 0.00049830
v -0.00223048 -0.38367239 0.00038896
v -0.00214020 -0.38367239 0.00027130
v -0.00206051 -0.38367239 0.00014622
v -0.00199203 -0.38367239 0.00001467
v -0.00193528 -0.38367239 -0.00012234
v -0.00189068 -0.38367239 -0.00026379
v -0.00185858 -0.38367239 -0.00040858
v -0.00233067 -0.38367239 -0.00190586
v -0.00244002 -0.38367239 -0.00200605
v 0.00079737 -0.38367239 -0.00322878
v -0.00323755 -0.38367239 0.00097040
v -0.00309276 -0.38367239 0.00093830
v -0.00295132 -0.38367239 0.00089370
v -0.00183922 -0.38367239 -0.00055561
v -0.00183275 -0.38367239 -0.00070378
v -0.00183922 -0.38367239 -0.00085194
v -0.00185858 -0.38367239 -0.00099898
v -0.00223048 -0.38367239 -0.00179652
v -0.00281430 -0.38367239 -0.00224450
v -0.00295132 -0.38367239 -0.00230126
v -0.00281430 -0.38367239 0.00083695
v -0.00268275 -0.38367239 0.00076847
v -0.00255767 -0.38367239 -0.00209634
v -0.00268275 -0.38367239 -0.00217602
v -0.00353275 -0.38367239 -0.00240378
v -0.00368092 -0.38367239 -0.00239731
v -0.00450783 -0.38367239 0.00068878
v -0.00438275 -0.38367239 0.00076847
v -0.00425120 -0.38367239 0.00083695
v -0.00411419 -0.38367239 0.00089370
v -0.00397275 -0.38367239 0.00093830
v -0.00382796 -0.38367239 0.00097040
v -0.00189068 -0.38367239 -0.00114377
v -0.00193528 -0.38367239 -0.00128521
v -0.00199203 -0.38367239 -0.00142223
v -0.00382796 -0.38367239 -0.00237795
v -0.00397275 -0.38367239 -0.00234585
v -0.00411419 -0.38367239 -0.00230126
v -0.00425120 -0.38367239 -0.00224450
v -0.00438275 -0.38367239 -0.00217602
v -0.00368092 -0.38367239 0.00098975
v -0.00353275 -0.38367239 0.00099622
v -0.00338459 -0.38367239 0.00098975
v -0.00206051 -0.38367239 -0.00155378
v -0.00214020 -0.38367239 -0.00167886
v -0.00309276 -0.38367239 -0.00234585
v -0.00323755 -0.38367239 -0.00237795
v -0.00338459 -0.38367239 -0.00239731
v -0.00183922 -0.38367239 -0.01085194
v -0.00185858 -0.38367239 -0.01099898
v 0.00079737 -0.38367239 -0.01320378
v -0.00189068 -0.38367239 -0.01114377
v -0.00193528 -0.38367239 -0.01128521
v -0.00193528 -0.38367239 -0.01012234
v -0.00189068 -0.38367239 -0.01026379
v 0.00079737 -0.38367239 -0.00817878
v -0.00244002 -0.38367239 -0.01200605
v -0.00255767 -0.38367239 -0.01209634
v -0.00500500 -0.38367239 -0.01155378
v -0.00507348 -0.38367239 -0.01142223
v -0.00687763 -0.38367239 -0.01320378
v -0.00199203 -0.38367239 -0.01142223
v -0.00206051 -0.38367239 -0.01155378
v -0.00214020 -0.38367239 -0.01167886
v -0.00353275 -0.38367239 -0.01240378
v -0.00368092 -0.38367239 -0.01239731
v -0.00382796 -0.38367239 -0.01237795
v -0.00397275 -0.38367239 -0.01234585
v -0.00411419 -0.38367239 -0.01230126
v -0.00425120 -0.38367239 -0.01224450
v -0.00438275 -0.38367239 -0.01217602
v -0.00450783 -0.38367239 -0.01209634
v -0.00462549 -0.38367239 -0.01200605
v -0.00473484 -0.38367239 -0.01190586
v -0.00450783 -0.38367239 -0.00931122
v -0.00438275 -0.38367239 -0.00923153
v -0.00687763 -0.38367239 -0.00817878
v -0.00425120 -0.38367239 -0.00916305
v -0.00411419 -0.38367239 -0.00910630
v -0.00185858 -0.38367239 -0.01040858
v -0.00183922 -0.38367239 -0.01055561
v -0.00183275 -0.38367239 -0.01070378
v -0.00223048 -0.38367239 -0.01179652
v -0.00233067 -0.38367239 -0.01190586
v -0.00268275 -0.38367239 -0.01217602
v -0.00281430 -0.38367239 -0.01224450
v -0.00295132 -0.38367239 -0.01230126
v -0.00309276 -0.38367239 -0.01234585
v -0.00323755 -0.38367239 -0.01237795
v -0.00338459 -0.38367239 -0.01239731
v -0.00483503 -0.38367239 -0.01179652
v -0.00492531 -0.38367239 -0.01167886
v -0.00513023 -0.38367239 -0.01128521
v -0.00517483 -0.38367239 -0.01114377
v -0.00520693 -0.38367239 -0.01099898
v -0.00214020 -0.38367239 -0.00972870
v -0.00206051 -0.38367239 -0.00985378
v -0.00199203 -0.38367239 -0.00998533
v -0.00520693 -0.38367239 -0.01040858
v -0.00517483 -0.38367239 -0.01026379
v -0.00513023 -0.38367239 -0.01012234
v -0.00507348 -0.38367239 -0.00998533
v -0.00483503 -0.38367239 -0.00961104
v -0.00473484 -0.38367239 -0.00950170
v -0.00462549 -0.38367239 -0.00940150
v -0.00309276 -0.38367239 -0.00906170
v -0.00295132 -0.38367239 -0.00910630
v -0.00281430 -0.38367239 -0.00916305
v -0.00522629 -0.38367239 -0.01085194
v -0.00523275 -0.38367239 -0.01070378
v -0.00522629 -0.38367239 -0.01055561
v -0.00500500 -0.38367239 -0.00985378
v -0.00492531 -0.38367239 -0.00972870
v -0.00397275 -0.38367239 -0.00906170
v -0.00382796 -0.38367239 -0.00902960
v -0.00368092 -0.38367239 -0.00901025
v -0.00353275 -0.38367239 -0.00900378
v -0.00338459 -0.38367239 -0.00901025
v -0.00323755 -0.38367239 -0.00902960
v -0.00268275 -0.38367239 -0.00923153
v -0.00255767 -0.38367239 -0.00931122
v -0.00244002 -0.38367239 -0.00940150
v -0.00233067 -0.38367239 -0.00950170
v -0.00223048 -0.38367239 -0.00961104
v 0.00642978 -0.38367239 -0.01679652
v 0.00632958 -0.38367239 -0.01690586
v 0.00945763 -0.38367239 -0.02112108
v 0.00403476 -0.38367239 -0.01700605
v 0.00392542 -0.38367239 -0.01690586
v 0.00682750 -0.38367239 -0.01570378
v 0.00682103 -0.38367239 -0.01585194
v 0.00680167 -0.38367239 -0.01599898
v 0.00676957 -0.38367239 -0.01614377
v 0.00672498 -0.38367239 -0.01628521
v 0.00666822 -0.38367239 -0.01642223
v 0.00659974 -0.38367239 -0.01655378
v 0.00652006 -0.38367239 -0.01667886
v 0.00454607 -0.38367239 -0.01730126
v 0.00440905 -0.38367239 -0.01724450
v 0.00527566 -0.38367239 -0.01401025
v 0.00542270 -0.38367239 -0.01402961
v 0.00622024 -0.38367239 -0.01700605
v 0.00610258 -0.38367239 -0.01709634
v 0.00597750 -0.38367239 -0.01717602
v 0.00427750 -0.38367239 -0.01717602
v 0.00415242 -0.38367239 -0.01709634
v 0.00382522 -0.38367239 -0.01461104
v 0.00392542 -0.38367239 -0.01450170
v 0.00403476 -0.38367239 -0.01440150
v 0.00415242 -0.38367239 -0.01431122
v 0.00584595 -0.38367239 -0.01724450
v 0.00570893 -0.38367239 -0.01730126
v 0.00556749 -0.38367239 -0.01734585
v 0.00348543 -0.38367239 -0.01614377
v 0.00345333 -0.38367239 -0.01599898
v 0.00454607 -0.38367239 -0.01410630
v 0.00468751 -0.38367239 -0.01406170
v 0.00483230 -0.38367239 -0.01402961
v 0.00497934 -0.38367239 -0.01401025
v 0.00512750 -0.38367239 -0.01400378
v 0.00542270 -0.38367239 -0.01737795
v 0.00527566 -0.38367239 -0.01739731
v 0.00512750 -0.38367239 -0.01740378
v 0.00497934 -0.38367239 -0.01739731
v 0.00345333 -0.38367239 -0.01540858
v 0.00343397 -0.38367239 -0.01555561
v 0.00342750 -0.38367239 -0.01570378
v 0.00348543 -0.38367239 -0.01526379
v 0.00353002 -0.38367239 -0.01512234
v 0.00358678 -0.38367239 -0.01498533
v 0.00365526 -0.38367239 -0.01485378
v 0.00373494 -0.38367239 -0.01472870
v 0.00427750 -0.38367239 -0.01423153
v 0.00440905 -0.38367239 -0.01416305
v 0.00676957 -0.38367239 -0.01526379
v 0.00680167 -0.38367239 -0.01540858
v 0.00682103 -0.38367239 -0.01555561
v 0.00483230 -0.38367239 -0.01737795
v 0.00468751 -0.38367239 -0.01734585
v 0.00343397 -0.38367239 -0.01585194
v 0.00382522 -0.38367239 -0.01679652
v 0.00373494 -0.38367239 -0.01667886
v 0.00365526 -0.38367239 -0.01655378
v 0.00556749 -0.38367239 -0.01406170
v 0.00570893 -0.38367239 -0.01410630
v 0.00584595 -0.38367239 -0.01416305
v 0.00652006 -0.38367239 -0.01472870
v 0.00659974 -0.38367239 -0.01485378
v 0.00358678 -0.38367239 -0.01642223
v 0.00353002 -0.38367239 -0.01628521
v 0.00666822 -0.38367239 -0.01498533
v 0.00672498 -0.38367239 -0.01512234
v 0.00597750 -0.38367239 -0.01423153
v 0.00610258 -0.38367239 -0.01431122
v 0.00622024 -0.38367239 -0.01440150
v 0.00632958 -0.38367239 -0.01450170
v 0.00642978 -0.38367239 -0.01461104
v -0.00183275 -0.37962240 -0.00070378
v -0.00183922 -0.37962240 -0.00055561
v -0.00185858 -0.37962240 -0.00040858
v -0.00189068 -0.37962240 -0.00026379
v -0.00193528 -0.37962240 -0.00012234
v -0.00199203 -0.37962240 0.00001467
v -0.00206051 -0.37962240 0.00014622
v -0.00214020 -0.37962240 0.00027130
v -0.00223048 -0.37962240 0.00038896
v -0.00233067 -0.37962240 0.00049830
v -0.00244002 -0.37962240 0.00059850
v -0.00255767 -0.37962240 0.00068878
v -0.00268275 -0.37962240 0.00076847
v -0.00281430 -0.37962240 0.00083695
v -0.00295132 -0.37962240 0.00089370
v -0.00309276 -0.37962240 0.00093830
v -0.00323755 -0.37962240 0.00097040
v -0.00338459 -0.37962240 0.00098975
v -0.00353275 -0.37962240 0.00099622
v -0.00368092 -0.37962240 0.00098975
v -0.00382796 -0.37962240 0.00097040
v -0.00397275 -0.37962240 0.00093830
v -0.00411419 -0.37962240 0.00089370
v -0.00425120 -0.37962240 0.00083695
v -0.00438275 -0.37962240 0.00076847
v -0.00450783 -0.37962240 0.00068878
v -0.00462549 -0.37962240 0.00059850
v -0.00473484 -0.37962240 0.00049830
v -0.00483503 -0.37962240 0.00038896
v -0.00492531 -0.37962240 0.00027130
v -0.00500500 -0.37962240 0.00014622
v -0.00507348 -0.37962240 0.00001467
v -0.00513023 -0.37962240 -0.00012234
v -0.00517483 -0.37962240 -0.00026379
v -0.00520693 -0.37962240 -0.00040858
v -0.00522629 -0.37962240 -0.00055561
v -0.00523275 -0.37962240 -0.00070378
v -0.00522629 -0.37962240 -0.00085194
v -0.00520693 -0.37962240 -0.00099898
v -0.00517483 -0.37962240 -0.00114377
v -0.00513023 -0.37962240 -0.00128521
v -0.00507348 -0.37962240 -0.00142223
v -0.00500500 -0.37962240 -0.00155378
v -0.00492531 -0.37962240 -0.00167886
v -0.00483503 -0.37962240 -0.00179652
v -0.00473484 -0.37962240 -0.00190586
v -0.00462549 -0.37962240 -0.00200605
v -0.00450783 -0.37962240 -0.00209634
v -0.00438275 -0.37962240 -0.00217602
v -0.00425120 -0.37962240 -0.00224450
v -0.00411419 -0.37962240 -0.00230126
v -0.00397275 -0.37962240 -0.00234585
v -0.00382796 -0.37962240 -0.00237795
v -0.00368092 -0.37962240 -0.00239731
v -0.00353275 -0.37962240 -0.00240378
v -0.00338459 -0.37962240 -0.00239731
v -0.00323755 -0.37962240 -0.00237795
v -0.00309276 -0.37962240 -0.00234585
v -0.00295132 -0.37962240 -0.00230126
v -0.00281430 -0.37962240 -0.00224450
v -0.00268275 -0.37962240 -0.00217602
v -0.00255767 -0.37962240 -0.00209634
v -0.00244002 -0.37962240 -0.00200605
v -0.00233067 -0.37962240 -0.00190586
v -0.00223048 -0.37962240 -0.00179652
v -0.00214020 -0.37962240 -0.00167886
v -0.00206051 -0.37962240 -0.00155378
v -0.00199203 -0.37962240 -0.00142223
v -0.00193528 -0.37962240 -0.00128521
v -0.00189068 -0.37962240 -0.00114377
v -0.00185858 -0.37962240 -0.00099898
v -0.00183922 -0.37962240 -0.00085194
v -0.00183275 -0.37962240 -0.01070378
v -0.00183922 -0.37962240 -0.01055561
v -0.00185858 -0.37962240 -0.01040858
v -0.00189068 -0.37962240 -0.01026379
v -0.00193528 -0.37962240 -0.01012234
v -0.00199203 -0.37962240 -0.00998533
v -0.00206051 -0.37962240 -0.00985378
v -0.00214020 -0.37962240 -0.00972870
v -0.00223048 -0.37962240 -0.00961104
v -0.00233067 -0.37962240 -0.00950170
v -0.00244002 -0.37962240 -0.00940150
v -0.00255767 -0.37962240 -0.00931122
v -0.00268275 -0.37962240 -0.00923153
v -0.00281430 -0.37962240 -0.00916305
v -0.00295132 -0.37962240 -0.00910630
v -0.00309276 -0.37962240 -0.00906170
v -0.00323755 -0.37962240 -0.00902960
v -0.00338459 -0.37962240 -0.00901025
v -0.00353275 -0.37962240 -0.00900378
v -0.00368092 -0.37962240 -0.00901025
v -0.00382796 -0.37962240 -0.00902960
v -0.00397275 -0.37962240 -0.00906170
v -0.00411419 -0.37962240 -0.00910630
v -0.00425120 -0.37962240 -0.00916305
v -0.00438275 -0.37962240 -0.00923153
v -0.00450783 -0.37962240 -0.00931122
v -0.00462549 -0.37962240 -0.00940150
v -0.00473484 -0.37962240 -0.00950170
v -0.00483503 -0.37962240 -0.00961104
v -0.00492531 -0.37962240 -0.00972870
v -0.00500500 -0.37962240 -0.00985378
v -0.00507348 -0.37962240 -0.00998533
v -0.00513023 -0.37962240 -0.01012234
v -0.00517483 -0.37962240 -0.01026379
v -0.00520693 -0.37962240 -0.01040858
v -0.00522629 -0.37962240 -0.01055561
v -0.00523275 -0.37962240 -0.01070378
v -0.00522629 -0.37962240 -0.01085194
v -0.00520693 -0.37962240 -0.01099898
v -0.00517483 -0.37962240 -0.01114377
v -0.00513023 -0.37962240 -0.01128521
v -0.00507348 -0.37962240 -0.01142223
v -0.00500500 -0.37962240 -0.01155378
v -0.00492531 -0.37962240 -0.01167886
v -0.00483503 -0.37962240 -0.01179652
v -0.00473484 -0.37962240 -0.01190586
v -0.00462549 -0.37962240 -0.01200605
v -0.00450783 -0.37962240 -0.01209634
v -0.00438275 -0.37962240 -0.01217602
v -0.00425120 -0.37962240 -0.01224450
v -0.00411419 -0.37962240 -0.01230126
v -0.00397275 -0.37962240 -0.01234585
v -0.00382796 -0.37962240 -0.01237795
v -0.00368092 -0.37962240 -0.01239731
v -0.00353275 -0.37962240 -0.01240378
v -0.00338459 -0.37962240 -0.01239731
v -0.00323755 -0.37962240 -0.01237795
v -0.00309276 -0.37962240 -0.01234585
v -0.00295132 -0.37962240 -0.01230126
v -0.00281430 -0.37962240 -0.01224450
v -0.00268275 -0.37962240 -0.01217602
v -0.00255767 -0.37962240 -0.01209634
v -0.00244002 -0.37962240 -0.01200605
v -0.00233067 -0.37962240 -0.01190586
v -0.00223048 -0.37962240 -0.01179652
v -0.00214020 -0.37962240 -0.01167886
v -0.00206051 -0.37962240 -0.01155378
v -0.00199203 -0.37962240 -0.01142223
v -0.00193528 -0.37962240 -0.01128521
v -0.00189068 -0.37962240 -0.01114377
v -0.00185858 -0.37962240 -0.01099898
v -0.00183922 -0.37962240 -0.01085194
v 0.00682750 -0.37962240 0.00429622
v 0.00682103 -0.37962240 0.00444439
v 0.00680167 -0.37962240 0.00459142
v 0.00676957 -0.37962240 0.00473621
v 0.00672498 -0.37962240 0.00487766
v 0.00666822 -0.37962240 0.00501467
v 0.00659974 -0.37962240 0.00514622
v 0.00652006 -0.37962240 0.00527130
v 0.00642978 -0.37962240 0.00538896
v 0.00632958 -0.37962240 0.00549830
v 0.00622024 -0.37962240 0.00559850
v 0.00610258 -0.37962240 0.00568878
v 0.00597750 -0.37962240 0.00576846
v 0.00584595 -0.37962240 0.00583695
v 0.00570893 -0.37962240 0.00589370
v 0.00556749 -0.37962240 0.00593830
v 0.00542270 -0.37962240 0.00597040
v 0.00527566 -0.37962240 0.00598975
v 0.00512750 -0.37962240 0.00599622
v 0.00497934 -0.37962240 0.00598975
v 0.00483230 -0.37962240 0.00597040
v 0.00468751 -0.37962240 0.00593830
v 0.00454607 -0.37962240 0.00589370
v 0.00440905 -0.37962240 0.00583695
v 0.00427750 -0.37962240 0.00576846
v 0.00415242 -0.37962240 0.00568878
v 0.00403476 -0.37962240 0.00559850
v 0.00392542 -0.37962240 0.00549830
v 0.00382522 -0.37962240 0.00538896
v 0.00373494 -0.37962240 0.00527130
v 0.00365526 -0.37962240 0.00514622
v 0.00358678 -0.37962240 0.00501467
v 0.00353002 -0.37962240 0.00487766
v 0.00348543 -0.37962240 0.00473621
v 0.00345333 -0.37962240 0.00459142
v 0.00343397 -0.37962240 0.00444439
v 0.00342750 -0.37962240 0.00429622
v 0.00343397 -0.37962240 0.00414806
v 0.00345333 -0.37962240 0.00400102
v 0.00348543 -0.37962240 0.00385623
v 0.00353002 -0.37962240 0.00371479
v 0.00358678 -0.37962240 0.00357777
v 0.00365526 -0.37962240 0.00344622
v 0.00373494 -0.37962240 0.00332114
v 0.00382522 -0.37962240 0.00320348
v 0.00392542 -0.37962240 0.00309414
v 0.00403476 -0.37962240 0.00299395
v 0.00415242 -0.37962240 0.00290366
v 0.00427750 -0.37962240 0.00282398
v 0.00440905 -0.37962240 0.00275550
v 0.00454607 -0.37962240 0.00269874
v 0.00468751 -0.37962240 0.00265415
v 0.00483230 -0.37962240 0.00262205
v 0.00497934 -0.37962240 0.00260269
v 0.00512750 -0.37962240 0.00259622
v 0.00527566 -0.37962240 0.00260269
v 0.00542270 -0.37962240 0.00262205
v 0.00556749 -0.37962240 0.00265415
v 0.00570893 -0.37962240 0.00269874
v 0.00584595 -0.37962240 0.00275550
v 0.00597750 -0.37962240 0.00282398
v 0.00610258 -0.37962240 0.00290366
v 0.00622024 -0.37962240 0.00299395
v 0.00632958 -0.37962240 0.00309414
v 0.00642978 -0.37962240 0.00320348
v 0.00652006 -0.37962240 0.00332114
v 0.00659974 -0.37962240 0.00344622
v 0.00666822 -0.37962240 0.00357777
v 0.00672498 -0.37962240 0.00371479
v 0.00676957 -0.37962240 0.00385623
v 0.00680167 -0.37962240 0.00400102
v 0.00682103 -0.37962240 0.00414806
f 1 2 3
f 2 4 3
f 3 4 5
f 4 6 5
f 5 6 7
f 6 8 7
f 7 8 9
f 8 10 9
f 9 10 11
f 10 12 11
f 11 12 13
f 12 14 13
f 13 14 15
f 14 16 15
f 15 16 17
f 16 18 17
f 17 18 19
f 18 20 19
f 19 20 21
f 20 22 21
f 21 22 23
f 22 24 23
f 23 24 25
f 24 26 25
f 25 26 27
f 26 28 27
f 27 28 29
f 28 30 29
f 29 30 31
f 30 32 31
f 31 32 33
f 32 34 33
f 33 34 35
f 34 36 35
f 35 36 37
f 36 38 37
f 37 38 39
f 38 40 39
f 39 40 41
f 40 42 41
f 41 42 43
f 42 44 43
f 43 44 45
f 44 46 45
f 45 46 47
f 46 48 47
f 47 48 49
f 48 50 49
f 49 50 51
f 50 52 51
f 51 52 53
f 52 54 53
f 53 54 55
f 54 56 55
f 55 56 57
f 56 58 57
f 57 58 59
f 58 60 59
f 59 60 61
f 60 62 61
f 61 62 63
f 62 64 63
f 63 64 65
f 64 66 65
f 65 66 67
f 66 68 67
f 67 68 69
f 68 70 69
f 69 70 71
f 70 72 71
f 71 72 73
f 72 74 73
f 73 74 75
f 74 76 75
f 75 76 77
f 76 78 77
f 77 78 79
f 78 80 79
f 79 80 81
f 80 82 81
f 81 82 83
f 82 84 83
f 83 84 85
f 84 86 85
f 85 86 87
f 86 88 87
f 87 88 89
f 88 90 89
f 89 90 91
f 90 92 91
f 91 92 93
f 92 94 93
f 93 94 95
f 94 96 95
f 95 96 97
f 96 98 97
f 97 98 99
f 98 100 99
f 99 100 101
f 100 102 101
f 101 102 103
f 102 104 103
f 103 104 105
f 104 106 105
f 105 106 107
f 106 108 107
f 107 108 109
f 108 110 109
f 109 110 111
f 110 112 111
f 111 112 113
f 112 114 113
f 113 114 115
f 114 116 115
f 115 116 117
f 116 118 117
f 117 118 119
f 118 120 119
f 119 120 121
f 120 122 121
f 121 122 123
f 122 124 123
f 123 124 125
f 124 126 125
f 125 126 127
f 126 128 127
f 127 128 129
f 128 130 129
f 129 130 131
f 130 132 131
f 131 132 133
f 132 134 133
f 133 134 135
f 134 136 135
f 135 136 137
f 136 138 137
f 137 138 139
f 138 140 139
f 139 140 141
f 140 142 141
f 141 142 143
f 142 144 143
f 143 144 1
f 144 2 1
f 71 145 69
f 145 146 69
f 69 146 67
f 146 147 67
f 67 147 65
f 147 148 65
f 65 148 63
f 148 149 63
f 63 149 61
f 149 150 61
f 61 150 59
f 150 151 59
f 59 151 57
f 151 152 57
f 57 152 55
f 152 153 55
f 55 153 53
f 153 154 53
f 53 154 51
f 154 155 51
f 51 155 49
f 155 156 49
f 49 156 47
f 156 157 47
f 47 157 45
f 157 158 45
f 45 158 43
f 158 159 43
f 43 159 41
f 159 160 41
f 41 160 39
f 160 161 39
f 39 161 37
f 161 162 37
f 37 162 35
f 162 163 35
f 35 163 33
f 163 164 33
f 33 164 31
f 164 165 31
f 31 165 29
f 165 166 29
f 29 166 27
f 166 167 27
f 27 167 25
f 167 168 25
f 25 168 23
f 168 169 23
f 23 169 21
f 169 170 21
f 21 170 19
f 170 171 19
f 19 171 17
f 171 172 17
f 17 172 15
f 172 173 15
f 15 173 13
f 173 174 13
f 13 174 11
f 174 175 11
f 11 175 9
f 175 176 9
f 9 176 7
f 176 177 7
f 7 177 5
f 177 178 5
f 5 178 3
f 178 179 3
f 3 179 1
f 179 180 1
f 1 180 143
f 180 181 143
f 143 181 141
f 181 182 141
f 141 182 139
f 182 183 139
f 139 183 137
f 183 184 137
f 137 184 135
f 184 185 135
f 135 185 133
f 185 186 133
f 133 186 131
f 186 187 131
f 131 187 129
f 187 188 129
f 129 188 127
f 188 189 127
f 127 189 125
f 189 190 125
f 125 190 123
f 190 191 123
f 123 191 121
f 191 192 121
f 121 192 119
f 192 193 119
f 119 193 117
f 193 194 117
f 117 194 115
f 194 195 115
f 115 195 113
f 195 196 113
f 113 196 111
f 196 197 111
f 111 197 109
f 197 198 109
f 109 198 107
f 198 199 107
f 107 199 105
f 199 200 105
f 105 200 103
f 200 201 103
f 103 201 101
f 201 202 101
f 101 202 99
f 202 203 99
f 99 203 97
f 203 204 97
f 97 204 95
f 204 205 95
f 95 205 93
f 205 206 93
f 93 206 91
f 206 207 91
f 91 207 89
f 207 208 89
f 89 208 87
f 208 209 87
f 87 209 85
f 209 210 85
f 85 210 83
f 210 211 83
f 83 211 81
f 211 212 81
f 81 212 79
f 212 213 79
f 79 213 77
f 213 214 77
f 77 214 75
f 214 215 75
f 75 215 73
f 215 216 73
f 73 216 71
f 216 145 71
f 217 218 219
f 218 220 219
f 219 220 221
f 220 222 221
f 221 222 223
f 222 224 223
f 223 224 225
f 224 226 225
f 225 226 227
f 226 228 227
f 227 228 229
f 228 230 229
f 229 230 231
f 230 232 231
f 231 232 233
f 232 234 233
f 233 234 235
f 234 236 235
f 235 236 237
f 236 238 237
f 237 238 239
f 238 240 239
f 239 240 241
f 240 242 241
f 241 242 243
f 242 244 243
f 243 244 245
f 244 246 245
f 245 246 247
f 246 248 247
f 247 248 249
f 248 250 249
f 249 250 251
f 250 252 251
f 251 252 253
f 252 254 253
f 253 254 255
f 254 256 255
f 255 256 257
f 256 258 257
f 257 258 259
f 258 260 259
f 259 260 261
f 260 262 261
f 261 262 263
f 262 264 263
f 263 264 265
f 264 266 265
f 265 266 267
f 266 268 267
f 267 268 269
f 268 270 269
f 269 270 271
f 270 272 271
f 271 272 273
f 272 274 273
f 273 274 275
f 274 276 275
f 275 276 277
f 276 278 277
f 277 278 279
f 278 280 279
f 279 280 281
f 280 282 281
f 281 282 283
f 282 284 283
f 283 284 285
f 284 286 285
f 285 286 287
f 286 288 287
f 287 288 289
f 288 290 289
f 289 290 291
f 290 292 291
f 291 292 293
f 292 294 293
f 293 294 295
f 294 296 295
f 295 296 297
f 296 298 297
f 297 298 299
f 298 300 299
f 299 300 301
f 300 302 301
f 301 302 303
f 302 304 303
f 303 304 305
f 304 306 305
f 305 306 307
f 306 308 307
f 307 308 309
f 308 310 309
f 309 310 311
f 310 312 311
f 311 312 313
f 312 314 313
f 313 314 315
f 314 316 315
f 315 316 317
f 316 318 317
f 317 318 319
f 318 320 319
f 319 320 321
f 320 322 321
f 321 322 323
f 322 324 323
f 323 324 325
f 324 326 325
f 325 326 327
f 326 328 327
f 327 328 329
f 328 330 329
f 329 330 331
f 330 332 331
f 331 332 333
f 332 334 333
f 333 334 335
f 334 336 335
f 335 336 337
f 336 338 337
f 337 338 339
f 338 340 339
f 339 340 341
f 340 342 341
f 341 342 343
f 342 344 343
f 343 344 345
f 344 346 345
f 345 346 347
f 346 348 347
f 347 348 349
f 348 350 349
f 349 350 351
f 350 352 351
f 351 352 353
f 352 354 353
f 353 354 355
f 354 356 355
f 355 356 357
f 356 358 357
f 357 358 359
f 358 360 359
f 359 360 217
f 360 218 217
f 287 361 285
f 361 362 285
f 285 362 283
f 362 363 283
f 283 363 281
f 363 364 281
f 281 364 279
f 364 365 279
f 279 365 277
f 365 366 277
f 277 366 275
f 366 367 275
f 275 367 273
f 367 368 273
f 273 368 271
f 368 369 271
f 271 369 269
f 369 370 269
f 269 370 267
f 370 371 267
f 267 371 265
f 371 372 265
f 265 372 263
f 372 373 263
f 263 373 261
f 373 374 261
f 261 374 259
f 374 375 259
f 259 375 257
f 375 376 257
f 257 376 255
f 376 377 255
f 255 377 253
f 377 378 253
f 253 378 251
f 378 379 251
f 251 379 249
f 379 380 249
f 249 380 247
f 380 381 247
f 247 381 245
f 381 382 245
f 245 382 243
f 382 383 243
f 243 383 241
f 383 384 241
f 241 384 239
f 384 385 239
f 239 385 237
f 385 386 237
f 237 386 235
f 386 387 235
f 235 387 233
f 387 388 233
f 233 388 231
f 388 389 231
f 231 389 229
f 389 390 229
f 229 390 227
f 390 391 227
f 227 391 225
f 391 392 225
f 225 392 223
f 392 393 223
f 223 393 221
f 393 394 221
f 221 394 219
f 394 395 219
f 219 395 217
f 395 396 217
f 217 396 359
f 396 397 359
f 359 397 357
f 397 398 357
f 357 398 355
f 398 399 355
f 355 399 353
f 399 400 353
f 353 400 351
f 400 401 351
f 351 401 349
f 401 402 349
f 349 402 347
f 402 403 347
f 347 403 345
f 403 404 345
f 345 404 343
f 404 405 343
f 343 405 341
f 405 406 341
f 341 406 339
f 406 407 339
f 339 407 337
f 407 408 337
f 337 408 335
f 408 409 335
f 335 409 333
f 409 410 333
f 333 410 331
f 410 411 331
f 331 411 329
f 411 412 329
f 329 412 327
f 412 413 327
f 327 413 325
f 413 414 325
f 325 414 323
f 414 415 323
f 323 415 321
f 415 416 321
f 321 416 319
f 416 417 319
f 319 417 317
f 417 418 317
f 317 418 315
f 418 419 315
f 315 419 313
f 419 420 313
f 313 420 311
f 420 421 311
f 311 421 309
f 421 422 309
f 309 422 307
f 422 423 307
f 307 423 305
f 423 424 305
f 305 424 303
f 424 425 303
f 303 425 301
f 425 426 301
f 301 426 299
f 426 427 299
f 299 427 297
f 427 428 297
f 297 428 295
f 428 429 295
f 295 429 293
f 429 430 293
f 293 430 291
f 430 431 291
f 291 431 289
f 431 432 289
f 289 432 287
f 432 361 287
f 433 434 435
f 434 436 435
f 435 436 437
f 436 438 437
f 437 438 439
f 438 440 439
f 439 440 441
f 440 442 441
f 441 442 443
f 442 444 443
f 443 444 445
f 444 446 445
f 445 446 447
f 446 448 447
f 447 448 449
f 448 450 449
f 449 450 451
f 450 452 451
f 451 452 453
f 452 454 453
f 453 454 455
f 454 456 455
f 455 456 457
f 456 458 457
f 457 458 459
f 458 460 459
f 459 460 461
f 460 462 461
f 461 462 463
f 462 464 463
f 463 464 465
f 464 466 465
f 465 466 467
f 466 468 467
f 467 468 469
f 468 470 469
f 469 470 471
f 470 472 471
f 471 472 473
f 472 474 473
f 473 474 475
f 474 476 475
f 475 476 477
f 476 478 477
f 477 478 479
f 478 480 479
f 479 480 481
f 480 482 481
f 481 482 483
f 482 484 483
f 483 484 485
f 484 486 485
f 485 486 487
f 486 488 487
f 487 488 489
f 488 490 489
f 489 490 491
f 490 492 491
f 491 492 493
f 492 494 493
f 493 494 495
f 494 496 495
f 495 496 497
f 496 498 497
f 497 498 499
f 498 500 499
f 499 500 501
f 500 502 501
f 501 502 503
f 502 504 503
f 503 504 505
f 504 506 505
f 505 506 507
f 506 508 507
f 507 508 509
f 508 510 509
f 509 510 511
f 510 512 511
f 511 512 513
f 512 514 513
f 513 514 515
f 514 516 515
f 515 516 517
f 516 518 517
f 517 518 519
f 518 520 519
f 519 520 521
f 520 522 521
f 521 522 523
f 522 524 523
f 523 524 525
f 524 526 525
f 525 526 527
f 526 528 527
f 527 528 529
f 528 530 529
f 529 530 531
f 530 532 531
f 531 532 533
f 532 534 533
f 533 534 535
f 534 536 535
f 535 536 537
f 536 538 537
f 537 538 539
f 538 540 539
f 539 540 541
f 540 542 541
f 541 542 543
f 542 544 543
f 543 544 545
f 544 546 545
f 545 546 547
f 546 548 547
f 547 548 549
f 548 550 549
f 549 550 551
f 550 552 551
f 551 552 553
f 552 554 553
f 553 554 555
f 554 556 555
f 555 556 557
f 556 558 557
f 557 558 559
f 558 560 559
f 559 560 561
f 560 562 561
f 561 562 563
f 562 564 563
f 563 564 565
f 564 566 565
f 565 566 567
f 566 568 567
f 567 568 569
f 568 570 569
f 569 570 571
f 570 572 571
f 571 572 573
f 572 574 573
f 573 574 575
f 574 576 575
f 575 576 433
f 576 434 433
f 577 578 579
f 578 580 579
f 579 580 581
f 580 582 581
f 581 582 583
f 582 584 583
f 583 584 585
f 584 586 585
f 585 586 587
f 586 588 587
f 587 588 589
f 588 590 589
f 589 590 591
f 590 592 591
f 591 592 593
f 592 594 593
f 593 594 595
f 594 596 595
f 595 596 597
f 596 598 597
f 597 598 599
f 598 600 599
f 599 600 601
f 600 602 601
f 601 602 603
f 602 604 603
f 603 604 605
f 604 606 605
f 605 606 607
f 606 608 607
f 607 608 609
f 608 610 609
f 609 610 611
f 610 612 611
f 611 612 613
f 612 614 613
f 613 614 615
f 614 616 615
f 615 616 617
f 616 618 617
f 617 618 619
f 618 620 619
f 619 620 621
f 620 622 621
f 621 622 623
f 622 624 623
f 623 624 625
f 624 626 625
f 625 626 627
f 626 628 627
f 627 628 629
f 628 630 629
f 629 630 631
f 630 632 631
f 631 632 633
f 632 634 633
f 633 634 635
f 634 636 635
f 635 636 637
f 636 638 637
f 637 638 639
f 638 640 639
f 639 640 641
f 640 642 641
f 641 642 643
f 642 644 643
f 643 644 645
f 644 646 645
f 645 646 647
f 646 648 647
f 647 648 649
f 648 650 649
f 649 650 651
f 650 652 651
f 651 652 653
f 652 654 653
f 653 654 655
f 654 656 655
f 655 656 657
f 656 658 657
f 657 658 659
f 658 660 659
f 659 660 661
f 660 662 661
f 661 662 663
f 662 664 663
f 663 664 665
f 664 666 665
f 665 666 667
f 666 668 667
f 667 668 669
f 668 670 669
f 669 670 671
f 670 672 671
f 671 672 673
f 672 674 673
f 673 674 675
f 674 676 675
f 675 676 677
f 676 678 677
f 677 678 679
f 678 680 679
f 679 680 681
f 680 682 681
f 681 682 683
f 682 684 683
f 683 684 685
f 684 686 685
f 685 686 687
f 686 688 687
f 687 688 689
f 688 690 689
f 689 690 691
f 690 692 691
f 691 692 693
f 692 694 693
f 693 694 695
f 694 696 695
f 695 696 697
f 696 698 697
f 697 698 699
f 698 700 699
f 699 700 701
f 700 702 701
f 701 702 703
f 702 704 703
f 703 704 705
f 704 706 705
f 705 706 707
f 706 708 707
f 707 708 709
f 708 710 709
f 709 710 711
f 710 712 711
f 711 712 713
f 712 714 713
f 713 714 715
f 714 716 715
f 715 716 717
f 716 718 717
f 717 718 719
f 718 720 719
f 719 720 577
f 720 578 577
f 721 722 723
f 722 724 723
f 723 724 725
f 724 726 725
f 725 726 727
f 726 728 727
f 727 728 729
f 728 730 729
f 729 730 731
f 730 732 731
f 731 732 733
f 732 734 733
f 733 734 735
f 734 736 735
f 735 736 737
f 736 738 737
f 737 738 739
f 738 740 739
f 739 740 741
f 740 742 741
f 741 742 743
f 742 744 743
f 743 744 745
f 744 746 745
f 745 746 747
f 746 748 747
f 747 748 749
f 748 750 749
f 749 750 751
f 750 752 751
f 751 752 753
f 752 754 753
f 753 754 755
f 754 756 755
f 755 756 757
f 756 758 757
f 757 758 759
f 758 760 759
f 759 760 761
f 760 762 761
f 761 762 763
f 762 764 763
f 763 764 765
f 764 766 765
f 765 766 767
f 766 768 767
f 767 768 769
f 768 770 769
f 769 770 771
f 770 772 771
f 771 772 773
f 772 774 773
f 773 774 775
f 774 776 775
f 775 776 777
f 776 778 777
f 777 778 779
f 778 780 779
f 779 780 781
f 780 782 781
f 781 782 783
f 782 784 783
f 783 784 785
f 784 786 785
f 785 786 787
f 786 788 787
f 787 788 789
f 788 790 789
f 789 790 791
f 790 792 791
f 791 792 793
f 792 794 793
f 793 794 795
f 794 796 795
f 795 796 797
f 796 798 797
f 797 798 799
f 798 800 799
f 799 800 801
f 800 802 801
f 801 802 803
f 802 804 803
f 803 804 805
f 804 806 805
f 805 806 807
f 806 808 807
f 807 808 809
f 808 810 809
f 809 810 811
f 810 812 811
f 811 812 813
f 812 814 813
f 813 814 815
f 814 816 815
f 815 816 817
f 816 818 817
f 817 818 819
f 818 820 819
f 819 820 821
f 820 822 821
f 821 822 823
f 822 824 823
f 823 824 825
f 824 826 825
f 825 826 827
f 826 828 827
f 827 828 829
f 828 830 829
f 829 830 831
f 830 832 831
f 831 832 833
f 832 834 833
f 833 834 835
f 834 836 835
f 835 836 837
f 836 838 837
f 837 838 839
f 838 840 839
f 839 840 841
f 840 842 841
f 841 842 843
f 842 844 843
f 843 844 845
f 844 846 845
f 845 846 847
f 846 848 847
f 847 848 849
f 848 850 849
f 849 850 851
f 850 852 851
f 851 852 853
f 852 854 853
f 853 854 855
f 854 856 855
f 855 856 857
f 856 858 857
f 857 858 859
f 858 860 859
f 859 860 861
f 860 862 861
f 861 862 863
f 862 864 863
f 863 864 721
f 864 722 721
f 865 866 867
f 868 869 870
f 871 872 873
f 874 875 876
f 647 649 877
f 878 879 880
f 866 881 867
f 881 882 867
f 867 882 883
f 884 885 886
f 885 887 886
f 886 887 888
f 882 889 883
f 889 890 883
f 883 890 891
f 892 893 887
f 893 894 887
f 894 895 887
f 895 896 887
f 887 896 888
f 891 897 883
f 897 898 883
f 883 898 899
f 898 900 899
f 899 900 901
f 902 903 899
f 904 905 887
f 901 906 899
f 906 907 899
f 899 907 908
f 908 909 899
f 909 910 899
f 899 910 902
f 903 911 899
f 911 912 899
f 899 912 913
f 904 887 914
f 915 916 887
f 916 917 887
f 887 917 892
f 905 918 887
f 918 919 887
f 887 919 915
f 913 914 899
f 914 887 899
f 899 887 920
f 887 921 920
f 922 923 924
f 923 925 924
f 924 925 921
f 926 922 927
f 922 928 927
f 929 930 931
f 930 932 931
f 931 932 933
f 932 934 933
f 935 936 937
f 936 938 937
f 937 938 932
f 938 939 932
f 932 939 934
f 940 941 942
f 942 943 940
f 943 944 940
f 940 944 937
f 944 945 937
f 937 945 935
f 926 946 922
f 946 947 922
f 922 947 941
f 947 948 941
f 941 948 942
f 949 950 878
f 951 952 953
f 929 954 930
f 954 955 930
f 930 955 956
f 957 958 959
f 878 960 961
f 952 962 953
f 962 963 953
f 953 963 964
f 965 966 953
f 966 967 953
f 953 967 968
f 956 969 930
f 969 970 930
f 930 970 957
f 970 971 957
f 957 971 958
f 972 973 974
f 973 975 974
f 974 975 878
f 975 976 878
f 878 976 949
f 950 977 878
f 977 978 878
f 878 978 960
f 959 979 957
f 979 980 957
f 957 980 974
f 980 981 974
f 974 981 972
f 961 982 878
f 982 983 878
f 878 983 984
f 985 986 879
f 986 987 879
f 879 987 988
f 988 989 879
f 989 990 879
f 879 990 991
f 964 992 953
f 992 993 953
f 953 993 965
f 984 994 878
f 994 995 878
f 878 995 879
f 995 996 879
f 879 996 985
f 991 997 879
f 997 998 879
f 879 998 999
f 999 1000 879
f 1000 1001 879
f 879 1001 1002
f 1002 1003 879
f 1003 1004 879
f 879 1004 953
f 1004 1005 953
f 953 1005 951
f 1006 1007 880
f 1007 1008 880
f 880 1008 878
f 1009 1010 1011
f 1010 1006 1011
f 809 811 1012
f 811 813 1012
f 1012 813 815
f 837 839 1011
f 857 859 1011
f 859 861 1011
f 1011 861 863
f 1013 763 1014
f 763 765 1014
f 765 767 1014
f 767 769 1014
f 1014 769 771
f 757 759 1013
f 759 761 1013
f 1013 761 763
f 815 817 1012
f 817 819 1012
f 1012 819 821
f 863 721 1011
f 721 723 1011
f 1011 723 1009
f 723 725 1009
f 725 727 1009
f 727 729 1009
f 1009 729 731
f 1015 745 1016
f 745 747 1016
f 1016 747 749
f 821 823 1012
f 823 825 1012
f 1012 825 827
f 837 1011 835
f 839 841 1011
f 841 843 1011
f 1011 843 845
f 731 733 1009
f 733 735 1009
f 1009 735 737
f 749 751 1016
f 751 753 1016
f 1016 753 1013
f 753 755 1013
f 1013 755 757
f 1012 833 835
f 845 847 1011
f 847 849 1011
f 1011 849 851
f 851 853 1011
f 853 855 1011
f 1011 855 857
f 827 829 1012
f 829 831 1012
f 1012 831 833
f 737 739 1009
f 739 741 1009
f 1009 741 1015
f 741 743 1015
f 1015 743 745
f 799 801 1017
f 1018 787 789
f 1017 807 809
f 771 773 1014
f 773 775 1014
f 1014 775 1019
f 775 777 1019
f 1019 777 779
f 789 791 1018
f 791 793 1018
f 1018 793 795
f 799 1017 797
f 801 803 1017
f 803 805 1017
f 1017 805 807
f 779 781 1019
f 781 783 1019
f 1019 783 1018
f 783 785 1018
f 1018 785 787
f 795 797 1018
f 797 1017 1018
f 1018 1017 1020
f 1017 1021 1020
f 1022 1023 1017
f 1023 1024 1017
f 1017 1024 1021
f 1025 1026 1027
f 1026 1028 1027
f 1027 1028 1022
f 1028 1029 1022
f 1022 1029 1023
f 579 581 1030
f 581 583 1030
f 1030 583 1027
f 583 585 1027
f 1027 585 587
f 587 589 1027
f 589 591 1027
f 1027 591 593
f 635 637 1031
f 637 639 1031
f 639 641 1031
f 641 643 1031
f 1031 643 877
f 643 645 877
f 877 645 647
f 635 1031 633
f 1031 1025 633
f 633 1025 631
f 593 595 1027
f 595 597 1027
f 1027 597 599
f 613 615 1025
f 615 617 1025
f 1025 617 619
f 599 601 1027
f 601 603 1027
f 1027 603 605
f 605 607 1027
f 607 609 1027
f 1027 609 1025
f 609 611 1025
f 1025 611 613
f 619 621 1025
f 621 623 1025
f 1025 623 625
f 625 627 1025
f 627 629 1025
f 1025 629 631
f 657 659 1032
f 707 709 1033
f 717 719 1030
f 719 577 1030
f 1030 577 579
f 709 711 1033
f 711 713 1033
f 1033 713 1030
f 713 715 1030
f 1030 715 717
f 649 651 877
f 651 653 877
f 877 653 1032
f 653 655 1032
f 1032 655 657
f 701 703 1033
f 703 705 1033
f 1033 705 707
f 693 695 1033
f 695 697 1033
f 697 699 1033
f 1033 699 701
f 659 661 1032
f 661 663 1032
f 1032 663 1034
f 663 665 1034
f 1034 665 667
f 667 669 1034
f 669 671 1034
f 1034 671 673
f 673 675 1034
f 675 677 1034
f 1034 677 679
f 679 681 1034
f 681 683 1034
f 1034 683 685
f 687 689 1033
f 689 691 1033
f 1033 691 693
f 1035 1036 1033
f 1036 1037 1033
f 685 687 1034
f 687 1033 1034
f 1034 1033 1038
f 1033 1037 1038
f 1039 1040 1041
f 1041 1042 1039
f 1042 1043 1039
f 1039 1043 1035
f 1043 1044 1035
f 1035 1044 1036
f 1045 1046 1047
f 1046 1048 1047
f 1047 1048 1049
f 1048 1050 1049
f 1051 1052 1040
f 1052 1053 1040
f 1040 1053 1054
f 1054 1055 1040
f 1055 1056 1040
f 1040 1056 1048
f 1056 1057 1048
f 1048 1057 1050
f 1058 1059 1039
f 1059 1060 1039
f 1039 1060 1061
f 1061 1062 1039
f 1062 1063 1039
f 1039 1063 1040
f 1063 1064 1040
f 1040 1064 1051
f 1045 1065 1046
f 1065 1066 1046
f 1046 1066 1067
f 1068 1069 1070
f 1069 1071 1070
f 1070 1071 1072
f 1073 1074 876
f 1075 1076 1077
f 1077 1078 1075
f 1078 1079 1075
f 1075 1079 1070
f 1079 1080 1070
f 1070 1080 1068
f 1071 1081 1072
f 1081 1082 1072
f 1072 1082 875
f 1082 1083 875
f 1083 1084 875
f 1084 1085 875
f 875 1085 1086
f 1086 1087 875
f 1087 1088 875
f 875 1088 1089
f 1090 1091 1092
f 1091 1093 1092
f 1093 1094 1092
f 1092 1094 1095
f 1067 1096 1046
f 1096 1097 1046
f 1046 1097 1075
f 1097 1098 1075
f 1075 1098 1076
f 1099 1100 1092
f 1100 1101 1092
f 1102 1103 876
f 1103 1104 876
f 876 1104 1073
f 1101 1105 1092
f 1105 1106 1092
f 1092 1106 1107
f 1107 1108 1092
f 1108 1109 1092
f 1092 1109 1090
f 1110 1111 876
f 1089 1112 875
f 1112 1113 875
f 875 1113 876
f 1113 1114 876
f 876 1114 1110
f 1111 1115 876
f 1115 1116 876
f 876 1116 1117
f 1117 1118 876
f 1118 1119 876
f 876 1119 1120
f 1120 1121 876
f 1121 1122 876
f 876 1122 1102
f 874 876 1123
f 876 1124 1123
f 1123 1124 1125
f 1125 1124 1126
f 1124 1127 1126
f 1126 1127 1128
f 1129 1130 873
f 1129 873 1131
f 1130 1132 873
f 1132 1133 873
f 873 1133 1134
f 1135 1136 1127
f 1137 1138 1139
f 1134 1140 873
f 1140 1141 873
f 873 1141 1142
f 1143 1144 1145
f 1144 1146 1145
f 1145 1146 1139
f 1146 1147 1139
f 1139 1147 1137
f 1148 1149 1150
f 1149 1139 1150
f 1150 1139 1151
f 1139 1138 1151
f 1148 1152 1149
f 1152 1153 1149
f 1149 1153 1154
f 1135 1127 1155
f 1136 1156 1127
f 1156 1157 1127
f 1127 1157 1158
f 1127 1159 1160
f 1161 1162 1128
f 1158 1163 1127
f 1163 1164 1127
f 1127 1164 1159
f 1160 1165 1127
f 1165 1166 1127
f 1127 1166 1167
f 1168 1169 1128
f 1167 1170 1127
f 1170 1171 1127
f 1127 1171 1128
f 1171 1172 1128
f 1128 1172 1161
f 1169 1173 1128
f 1173 1174 1128
f 1128 1174 1175
f 1142 1176 873
f 1176 1177 873
f 873 1177 1127
f 1177 1178 1127
f 1127 1178 1155
f 1175 1179 1128
f 1179 1180 1128
f 1128 1180 1145
f 1180 1181 1145
f 1145 1181 1143
f 1162 1182 1128
f 1182 1183 1128
f 1128 1183 1168
f 1154 1184 1149
f 1184 1185 1149
f 1149 1185 1186
f 1185 1187 1186
f 1186 1187 1188
f 1188 1189 1186
f 1189 1190 1186
f 1186 1190 1191
f 1190 1192 1191
f 1191 1192 1193
f 1194 1195 872
f 1193 1196 1191
f 1196 1197 1191
f 1191 1197 1198
f 1195 1199 872
f 1199 1200 872
f 872 1200 873
f 1200 1201 873
f 873 1201 1131
f 1197 1202 1198
f 1202 1203 1198
f 1198 1203 1204
f 1203 1205 1204
f 1205 1206 1204
f 1204 1206 872
f 1206 1207 872
f 872 1207 1194
f 1208 1209 1210
f 1211 1212 1208
f 1213 1214 1215
f 1215 1216 1213
f 1216 1217 1213
f 1213 1217 867
f 1217 1218 867
f 867 1218 865
f 884 1219 885
f 1219 1220 885
f 885 1220 1208
f 1220 1221 1208
f 1208 1221 1211
f 1212 1222 1208
f 1222 1223 1208
f 1208 1223 1224
f 1225 1226 1209
f 1226 1227 1209
f 1209 1227 1228
f 1228 1229 1209
f 1229 1230 1209
f 1209 1230 1231
f 1231 1232 1209
f 1232 1233 1209
f 1209 1233 1213
f 1233 1234 1213
f 1213 1234 1214
f 1224 1235 1208
f 1235 1236 1208
f 1208 1236 1237
f 1237 1238 1208
f 1238 1239 1208
f 1208 1239 1240
f 1240 1241 1208
f 1241 1242 1208
f 1208 1242 1209
f 1242 1243 1209
f 1209 1243 1244
f 1244 1245 1209
f 1245 1246 1209
f 1209 1246 1225
f 1247 1248 1249
f 1248 1250 1249
f 1249 1250 1251
f 1252 1253 1254
f 1255 1256 1254
f 1256 1257 1254
f 1254 1257 1258
f 1251 1259 1249
f 1259 1260 1249
f 1249 1260 1261
f 1260 1262 1261
f 1263 1264 1254
f 1264 1265 1254
f 1254 1265 1266
f 1253 1267 1254
f 1267 1268 1254
f 1254 1268 1255
f 1269 1270 1271
f 1270 1272 1271
f 1271 1272 1273
f 1262 1274 1261
f 1274 1275 1261
f 1261 1275 1276
f 1276 1277 1261
f 1277 1278 1261
f 1261 1278 1279
f 1258 1280 1254
f 1280 1281 1254
f 1254 1281 1271
f 1281 1282 1271
f 1271 1282 1269
f 1283 1284 1261
f 1284 1285 1261
f 1261 1285 1263
f 1266 1286 1254
f 1286 1287 1254
f 1254 1287 1288
f 1279 1289 1261
f 1289 1290 1261
f 1261 1290 1291
f 1291 1292 1261
f 1292 1293 1261
f 1261 1293 1283
f 1288 1294 1254
f 1294 1295 1254
f 1254 1295 1252
f 1296 1297 880
f 1297 1298 880
f 1298 1299 880
f 1299 1300 880
f 880 1300 1301
f 1302 1303 1011
f 1303 1304 1011
f 1011 1304 1305
f 1306 1307 1011
f 1307 1308 1011
f 1011 1308 1309
f 880 1310 1311
f 1006 880 1011
f 880 1312 1011
f 1011 1312 1302
f 1305 1313 1011
f 1313 1314 1011
f 1011 1314 1306
f 1011 1315 1249
f 1315 1316 1249
f 1249 1316 1247
f 1301 1317 880
f 1317 1318 880
f 880 1318 1310
f 1311 1319 880
f 1319 1320 880
f 880 1320 1312
f 1309 1321 1011
f 1321 1322 1011
f 1011 1322 1315
f 1323 1324 1325
f 1326 1327 1328
f 1327 1329 1328
f 1329 1330 1328
f 1330 1331 1328
f 1328 1331 1332
f 1332 1333 1328
f 1333 1334 1328
f 1328 1334 1323
f 1334 1335 1323
f 1323 1335 1324
f 1336 1261 1337
f 1261 1338 1337
f 1339 1340 1249
f 1340 1341 1249
f 1249 1341 1342
f 1336 1343 1261
f 1343 1344 1261
f 1261 1344 1249
f 1344 1345 1249
f 1249 1345 1339
f 1342 1346 1249
f 1346 1347 1249
f 1249 1347 1348
f 1349 1350 1249
f 1350 1351 1249
f 1249 1351 1352
f 1348 1353 1249
f 1353 1354 1249
f 1249 1354 1355
f 1356 1357 1328
f 1357 1358 1328
f 1328 1358 1359
f 1355 1360 1249
f 1360 1361 1249
f 1249 1361 1349
f 1359 1362 1328
f 1362 1363 1328
f 1328 1363 1364
f 1364 1365 1328
f 1365 1366 1328
f 1328 1366 1326
f 1367 1368 1369
f 1368 1370 1369
f 1370 1371 1369
f 1369 1371 1372
f 1373 1374 1375
f 1325 1376 1323
f 1376 1377 1323
f 1323 1377 1369
f 1377 1378 1369
f 1369 1378 1367
f 1372 1379 1369
f 1379 1380 1369
f 1369 1380 1381
f 1381 1382 1369
f 1382 1383 1369
f 1369 1383 1384
f 1384 1385 1369
f 1385 1386 1369
f 1369 1386 1375
f 1386 1387 1375
f 1387 1388 1375
f 1388 1389 1375
f 1375 1389 1390
f 1390 1391 1375
f 1391 1392 1375
f 1375 1392 1373
f 1374 1393 1375
f 1393 1394 1375
f 1375 1394 1395
f 1395 1396 1375
f 1396 1397 1375
f 1375 1397 1261
f 1397 1398 1261
f 1261 1398 1338
f 1399 1400 1401
f 1400 1402 1401
f 1401 1402 1403
f 1404 1405 1406
f 1407 1408 1401
f 1408 1409 1401
f 1401 1409 1410
f 1411 1412 1401
f 1413 1414 1415
f 1414 1416 1415
f 1415 1416 1417
f 1418 1419 1420
f 1419 1421 1420
f 1422 1423 1420
f 1423 1424 1420
f 1420 1424 1425
f 1403 1426 1401
f 1426 1427 1401
f 1401 1427 1407
f 1417 1428 1415
f 1428 1429 1415
f 1415 1429 1420
f 1429 1430 1420
f 1420 1430 1418
f 1421 1431 1420
f 1431 1432 1420
f 1420 1432 1422
f 1412 1433 1401
f 1433 1434 1401
f 1401 1434 1435
f 1425 1436 1420
f 1436 1437 1420
f 1420 1437 1438
f 1410 1439 1401
f 1439 1440 1401
f 1401 1440 1411
f 1435 1441 1401
f 1441 1442 1401
f 1401 1442 1406
f 1442 1443 1406
f 1406 1443 1404
f 1438 1444 1420
f 1444 1445 1420
f 1420 1445 1399
f 1405 1446 1406
f 1446 1447 1406
f 1406 1447 1375
f 1447 1448 1375
f 1375 1448 1449
f 1375 1450 1451
f 1449 1452 1375
f 1452 1453 1375
f 1375 1453 1454
f 1454 1455 1375
f 1455 1456 1375
f 1375 1456 1450
f 1451 1457 1375
f 1457 1458 1375
f 1375 1458 1459
f 1460 1461 1369
f 1461 1462 1369
f 1413 1415 1463
f 1415 1369 1463
f 1463 1369 1464
f 1465 1369 1466
f 1369 1375 1466
f 1466 1375 1467
f 1375 1459 1467
f 1465 1468 1369
f 1468 1469 1369
f 1369 1469 1470
f 1462 1471 1369
f 1471 1472 1369
f 1369 1472 1464
f 1470 1473 1369
f 1473 1474 1369
f 1369 1474 1460
f 574 572 1401
f 572 570 1401
f 468 466 1406
f 466 464 1406
f 1406 464 462
f 498 496 1475
f 496 494 1475
f 494 492 1475
f 492 490 1475
f 1475 490 488
f 462 460 1406
f 460 458 1406
f 1406 458 456
f 456 454 1406
f 454 452 1406
f 1406 452 450
f 506 1476 508
f 1476 510 508
f 506 504 1476
f 504 502 1476
f 1476 502 1475
f 502 500 1475
f 1475 500 498
f 450 448 1406
f 448 446 1406
f 1406 446 444
f 444 442 1406
f 442 440 1406
f 1406 440 438
f 488 486 1475
f 486 484 1475
f 1475 484 482
f 482 480 1475
f 480 478 1475
f 1475 478 476
f 476 474 1475
f 474 472 1475
f 1475 472 470
f 438 436 1406
f 436 434 1406
f 1406 434 1401
f 434 576 1401
f 1401 576 574
f 556 554 876
f 554 552 876
f 538 536 1124
f 516 514 1476
f 514 512 1476
f 1476 512 510
f 552 550 876
f 550 548 876
f 876 548 546
f 546 544 876
f 544 542 876
f 876 542 1124
f 542 540 1124
f 1124 540 538
f 562 560 876
f 560 558 876
f 876 558 556
f 536 534 1124
f 534 532 1124
f 1124 532 530
f 530 528 1124
f 528 526 1124
f 1124 526 524
f 524 522 1124
f 522 520 1124
f 1124 520 518
f 570 568 1401
f 568 566 1401
f 1401 566 876
f 566 564 876
f 876 564 562
f 330 328 1477
f 328 326 1477
f 1477 326 324
f 290 288 1208
f 288 286 1208
f 1208 286 284
f 1210 868 1208
f 868 870 1208
f 1208 870 290
f 870 292 290
f 298 296 870
f 296 294 870
f 870 294 292
f 324 322 1477
f 322 320 1477
f 1477 320 870
f 320 318 870
f 870 318 316
f 316 314 870
f 314 312 870
f 870 312 310
f 310 308 870
f 308 306 870
f 870 306 304
f 304 302 870
f 302 300 870
f 870 300 298
f 354 352 1476
f 218 1475 220
f 1475 222 220
f 340 338 1476
f 218 360 1475
f 360 358 1475
f 1475 358 1476
f 358 356 1476
f 1476 356 354
f 346 344 1476
f 344 342 1476
f 1476 342 340
f 352 350 1476
f 350 348 1476
f 1476 348 346
f 338 336 1476
f 336 334 1476
f 1476 334 1477
f 334 332 1477
f 1477 332 330
f 240 238 1478
f 238 236 1478
f 1479 246 244
f 236 234 1478
f 234 232 1478
f 1478 232 230
f 230 228 1478
f 228 226 1478
f 1478 226 1475
f 226 224 1475
f 1475 224 222
f 1479 244 1478
f 244 242 1478
f 1478 242 240
f 274 272 885
f 274 885 276
f 284 282 1208
f 282 280 1208
f 1208 280 885
f 280 278 885
f 885 278 276
f 272 270 885
f 270 268 885
f 885 268 266
f 266 264 885
f 264 262 885
f 885 262 260
f 252 250 1479
f 250 248 1479
f 1479 248 246
f 260 258 885
f 258 256 885
f 885 256 1479
f 256 254 1479
f 1479 254 252
f 887 78 76
f 924 60 58
f 58 56 924
f 56 54 924
f 924 54 52
f 924 68 66
f 38 36 1480
f 36 34 1480
f 1480 34 32
f 921 887 924
f 887 70 924
f 924 70 68
f 66 64 924
f 64 62 924
f 924 62 60
f 76 74 887
f 74 72 887
f 887 72 70
f 52 50 924
f 50 48 924
f 924 48 46
f 46 44 924
f 44 42 924
f 924 42 1480
f 42 40 1480
f 1480 40 38
f 114 112 1479
f 112 110 1479
f 102 100 885
f 100 98 885
f 98 96 885
f 96 94 885
f 885 94 92
f 110 108 1479
f 108 106 1479
f 1479 106 885
f 106 104 885
f 885 104 102
f 92 90 885
f 90 88 885
f 885 88 86
f 86 84 885
f 84 82 885
f 885 82 887
f 82 80 887
f 887 80 78
f 132 130 1478
f 130 128 1478
f 128 126 1478
f 126 124 1478
f 1478 124 122
f 122 120 1478
f 120 118 1478
f 1478 118 1479
f 118 116 1479
f 1479 116 114
f 1254 136 1478
f 136 134 1478
f 1478 134 132
f 142 140 1254
f 140 138 1254
f 1254 138 136
f 14 12 1271
f 12 10 1271
f 10 8 1271
f 1271 8 6
f 6 4 1271
f 4 2 1271
f 1271 2 1254
f 2 144 1254
f 1254 144 142
f 24 22 1271
f 22 20 1271
f 32 30 1480
f 30 28 1480
f 1480 28 1271
f 28 26 1271
f 1271 26 24
f 20 18 1271
f 18 16 1271
f 1271 16 14
f 518 516 1124
f 516 1476 1124
f 1124 1476 1127
f 1476 1477 1127
f 1127 1477 873
f 1477 870 873
f 873 870 871
f 870 869 871
f 1399 1401 1420
f 1401 876 1420
f 1420 876 1092
f 876 1074 1092
f 1092 1074 1099
f 1263 1254 1261
f 1254 1478 1261
f 1261 1478 1375
f 1478 1475 1375
f 1375 1475 1406
f 1475 470 1406
f 1406 470 468
f 1273 1296 1271
f 1296 880 1271
f 1271 880 1480
f 880 879 1480
f 1480 879 924
f 879 953 924
f 924 953 922
f 953 968 922
f 922 968 928
f 835 1011 1012
f 1011 1249 1012
f 1012 1249 1328
f 1249 1352 1328
f 1328 1352 1356
f 809 1012 1017
f 1012 1328 1017
f 1017 1328 1022
f 1328 1323 1022
f 1022 1323 1027
f 1323 1369 1027
f 1027 1369 1030
f 1369 1415 1030
f 1030 1415 1033
f 1415 1420 1033
f 1033 1420 1035
f 1420 1092 1035
f 1035 1092 1039
f 1092 1095 1039
f 1039 1095 1058
f 944 1481 945
f 1481 1482 945
f 945 1482 935
f 1482 1483 935
f 935 1483 936
f 1483 1484 936
f 936 1484 938
f 1484 1485 938
f 938 1485 939
f 1485 1486 939
f 939 1486 934
f 1486 1487 934
f 934 1487 933
f 1487 1488 933
f 933 1488 931
f 1488 1489 931
f 931 1489 929
f 1489 1490 929
f 929 1490 954
f 1490 1491 954
f 954 1491 955
f 1491 1492 955
f 955 1492 956
f 1492 1493 956
f 956 1493 969
f 1493 1494 969
f 969 1494 970
f 1494 1495 970
f 970 1495 971
f 1495 1496 971
f 971 1496 958
f 1496 1497 958
f 958 1497 959
f 1497 1498 959
f 959 1498 979
f 1498 1499 979
f 979 1499 980
f 1499 1500 980
f 980 1500 981
f 1500 1501 981
f 981 1501 972
f 1501 1502 972
f 972 1502 973
f 1502 1503 973
f 973 1503 975
f 1503 1504 975
f 975 1504 976
f 1504 1505 976
f 976 1505 949
f 1505 1506 949
f 949 1506 950
f 1506 1507 950
f 950 1507 977
f 1507 1508 977
f 977 1508 978
f 1508 1509 978
f 978 1509 960
f 1509 1510 960
f 960 1510 961
f 1510 1511 961
f 961 1511 982
f 1511 1512 982
f 982 1512 983
f 1512 1513 983
f 983 1513 984
f 1513 1514 984
f 984 1514 994
f 1514 1515 994
f 994 1515 995
f 1515 1516 995
f 995 1516 996
f 1516 1517 996
f 996 1517 985
f 1517 1518 985
f 985 1518 986
f 1518 1519 986
f 986 1519 987
f 1519 1520 987
f 987 1520 988
f 1520 1521 988
f 988 1521 989
f 1521 1522 989
f 989 1522 990
f 1522 1523 990
f 990 1523 991
f 1523 1524 991
f 991 1524 997
f 1524 1525 997
f 997 1525 998
f 1525 1526 998
f 998 1526 999
f 1526 1527 999
f 999 1527 1000
f 1527 1528 1000
f 1000 1528 1001
f 1528 1529 1001
f 1001 1529 1002
f 1529 1530 1002
f 1002 1530 1003
f 1530 1531 1003
f 1003 1531 1004
f 1531 1532 1004
f 1004 1532 1005
f 1532 1533 1005
f 1005 1533 951
f 1533 1534 951
f 951 1534 952
f 1534 1535 952
f 952 1535 962
f 1535 1536 962
f 962 1536 963
f 1536 1537 963
f 963 1537 964
f 1537 1538 964
f 964 1538 992
f 1538 1539 992
f 992 1539 993
f 1539 1540 993
f 993 1540 965
f 1540 1541 965
f 965 1541 966
f 1541 1542 966
f 966 1542 967
f 1542 1543 967
f 967 1543 968
f 1543 1544 968
f 968 1544 928
f 1544 1545 928
f 928 1545 927
f 1545 1546 927
f 927 1546 926
f 1546 1547 926
f 926 1547 946
f 1547 1548 946
f 946 1548 947
f 1548 1549 947
f 947 1549 948
f 1549 1550 948
f 948 1550 942
f 1550 1551 942
f 942 1551 943
f 1551 1552 943
f 943 1552 944
f 1552 1481 944
f 200 199 1553
f 1554 1555 1556
f 832 830 1557
f 1558 1559 1560
f 1561 1562 1563
f 1564 1565 1566
f 1565 1567 1566
f 1567 1568 1566
f 1566 1568 1569
f 1568 1570 1569
f 1570 1571 1569
f 1571 1572 1569
f 1569 1572 1573
f 1574 1575 1576
f 1575 1577 1576
f 1576 1577 1578
f 1579 1580 1581
f 1580 1582 1581
f 1581 1583 1566
f 1583 1584 1566
f 1566 1584 1564
f 1585 1586 1587
f 1586 1588 1587
f 1587 1588 1589
f 1582 1590 1581
f 1590 1591 1581
f 1581 1591 1583
f 1589 1592 1587
f 1592 1593 1587
f 1587 1593 1594
f 1578 1595 1576
f 1595 1596 1576
f 1576 1596 1597
f 1594 1598 1587
f 1598 1599 1587
f 1587 1599 1576
f 1599 1600 1576
f 1576 1600 1574
f 1601 1602 1581
f 1603 1604 1581
f 1604 1605 1581
f 1581 1605 1579
f 1573 1606 1569
f 1606 1607 1569
f 1569 1607 1608
f 1608 1609 1569
f 1609 1610 1569
f 1569 1610 1611
f 1611 1612 1569
f 1612 1613 1569
f 1569 1613 1614
f 1597 1615 1576
f 1615 1616 1576
f 1576 1616 1617
f 1618 1619 1587
f 1619 1620 1587
f 1587 1620 1621
f 1621 1622 1587
f 1622 1623 1587
f 1587 1623 1624
f 1624 1625 1587
f 1625 1626 1587
f 1587 1626 1585
f 1617 1627 1576
f 1627 1628 1576
f 1576 1628 1629
f 1629 1630 1576
f 1630 1631 1576
f 1576 1631 1632
f 1633 1634 1581
f 1634 1635 1581
f 1581 1635 1601
f 1602 1636 1581
f 1636 1637 1581
f 1581 1637 1603
f 1614 1638 1569
f 1638 1639 1569
f 1569 1639 1640
f 1640 1618 1569
f 1618 1587 1569
f 1569 1587 1641
f 1587 1642 1641
f 1643 1644 1642
f 1645 1646 1643
f 1644 1647 1642
f 1647 1648 1642
f 1642 1648 1641
f 1649 1650 1645
f 1650 1651 1645
f 1645 1651 1652
f 1562 1653 1654
f 1655 1656 1646
f 1657 1658 1659
f 1561 1660 1661
f 1661 1662 1561
f 1662 1663 1561
f 1561 1663 1562
f 1663 1664 1562
f 1562 1664 1653
f 1665 1666 1667
f 1666 1668 1667
f 1667 1668 1669
f 1669 1670 1667
f 1670 1671 1667
f 1667 1671 1659
f 1671 1672 1659
f 1659 1672 1657
f 1658 1673 1659
f 1673 1674 1659
f 1659 1674 1561
f 1674 1675 1561
f 1561 1675 1660
f 1656 1676 1646
f 1676 1677 1646
f 1646 1677 1678
f 1652 1679 1645
f 1679 1680 1645
f 1645 1680 1646
f 1680 1681 1646
f 1646 1681 1655
f 1678 1682 1646
f 1682 1683 1646
f 1646 1683 1684
f 1683 1685 1684
f 1685 1686 1684
f 1684 1686 1665
f 1686 1687 1665
f 1665 1687 1666
f 1688 1689 1690
f 1689 1691 1690
f 1690 1691 1692
f 1691 1693 1692
f 1693 1691 1694
f 1691 1695 1694
f 1694 1695 1696
f 1558 1697 1695
f 1697 1698 1695
f 1695 1698 1696
f 1699 1700 1701
f 1560 1559 1702
f 1703 1704 1705
f 1704 1706 1705
f 1705 1706 1707
f 1702 1708 1560
f 1708 1709 1560
f 1560 1709 1701
f 1709 1710 1701
f 1701 1710 1699
f 1711 1712 1713
f 1714 1715 1716
f 1711 1713 1717
f 1718 1719 1720
f 1719 1721 1720
f 1720 1721 1722
f 1722 1723 1720
f 1723 1724 1720
f 1720 1724 1725
f 1725 1726 1720
f 1726 1727 1720
f 1720 1727 1728
f 1700 1729 1701
f 1729 1730 1701
f 1701 1730 1714
f 1730 1731 1714
f 1714 1731 1715
f 1716 1732 1714
f 1732 1733 1714
f 1714 1733 1713
f 1733 1734 1713
f 1713 1734 1717
f 1712 1735 1713
f 1735 1736 1713
f 1713 1736 1737
f 1737 1718 1713
f 1718 1720 1713
f 1713 1720 1738
f 1720 1739 1738
f 1740 1741 1742
f 1742 1743 1740
f 1743 1744 1740
f 1740 1744 1720
f 1744 1745 1720
f 1720 1745 1739
f 1741 1740 1746
f 1740 1747 1746
f 1746 1747 1748
f 584 582 1749
f 714 1747 716
f 1747 718 716
f 582 580 1749
f 580 578 1749
f 1749 578 1747
f 578 720 1747
f 1747 720 718
f 1750 642 640
f 594 592 1749
f 592 590 1749
f 666 664 1748
f 664 662 1748
f 1748 662 660
f 590 588 1749
f 588 586 1749
f 1749 586 584
f 714 712 1747
f 712 710 1747
f 1747 710 708
f 660 658 1748
f 658 656 1748
f 1748 656 1751
f 656 654 1751
f 654 652 1751
f 1751 652 650
f 640 638 1750
f 638 636 1750
f 1750 636 634
f 708 706 1747
f 706 704 1747
f 1747 704 702
f 650 648 1751
f 648 646 1751
f 1751 646 1750
f 646 644 1750
f 1750 644 642
f 608 606 1749
f 600 598 1749
f 598 596 1749
f 1749 596 594
f 634 632 1750
f 632 630 1750
f 1750 630 628
f 628 626 1750
f 626 624 1750
f 1750 624 622
f 702 700 1747
f 700 698 1747
f 1747 698 696
f 622 620 1750
f 620 618 1750
f 1750 618 616
f 606 604 1749
f 604 602 1749
f 1749 602 600
f 696 694 1747
f 694 692 1747
f 1747 692 690
f 682 680 1748
f 680 678 1748
f 678 676 1748
f 676 674 1748
f 1748 674 672
f 672 670 1748
f 670 668 1748
f 1748 668 666
f 614 612 1749
f 612 610 1749
f 1749 610 608
f 690 688 1747
f 688 686 1747
f 1747 686 1748
f 686 684 1748
f 1748 684 682
f 616 614 1750
f 614 1749 1750
f 1750 1749 1752
f 1749 1753 1752
f 1754 1755 1753
f 1755 1756 1753
f 1753 1756 1752
f 1757 1758 1759
f 1759 1760 1757
f 1760 1761 1757
f 1757 1761 1753
f 1761 1762 1753
f 1753 1762 1754
f 814 812 1757
f 1763 772 770
f 1764 776 1763
f 776 774 1763
f 1763 774 772
f 770 768 1763
f 768 766 1763
f 1763 766 1765
f 766 764 1765
f 764 762 1765
f 1765 762 760
f 830 828 1557
f 828 826 1557
f 1557 826 824
f 812 810 1757
f 810 808 1757
f 1757 808 806
f 782 780 1764
f 780 778 1764
f 1764 778 776
f 822 820 1757
f 820 818 1757
f 818 816 1757
f 1757 816 814
f 806 804 1757
f 804 802 1757
f 1757 802 1758
f 802 800 1758
f 800 798 1758
f 1758 798 796
f 796 794 1758
f 794 792 1758
f 1758 792 790
f 790 788 1758
f 788 786 1758
f 1758 786 1764
f 786 784 1764
f 1764 784 782
f 732 730 1766
f 722 864 1767
f 760 758 1765
f 758 756 1765
f 1765 756 1768
f 756 754 1768
f 1768 754 752
f 752 750 1768
f 750 748 1768
f 1768 748 1769
f 864 862 1767
f 862 860 1767
f 1767 860 858
f 846 844 1767
f 740 738 1766
f 842 840 1557
f 840 838 1557
f 738 736 1766
f 736 734 1766
f 1766 734 732
f 730 728 1766
f 728 726 1766
f 1766 726 1767
f 726 724 1767
f 1767 724 722
f 838 836 1557
f 836 834 1557
f 1557 834 832
f 858 856 1767
f 856 854 1767
f 1767 854 852
f 852 850 1767
f 850 848 1767
f 1767 848 846
f 748 746 1769
f 746 744 1769
f 1769 744 1766
f 744 742 1766
f 1766 742 740
f 1770 1771 1772
f 1771 1773 1772
f 1772 1773 1767
f 1773 1774 1767
f 1767 1774 1766
f 1523 1522 1775
f 1512 1511 1776
f 1511 1510 1776
f 1776 1510 1509
f 1509 1508 1776
f 1508 1507 1776
f 1776 1507 1506
f 1506 1505 1776
f 1505 1504 1776
f 1776 1504 1503
f 1503 1502 1776
f 1502 1501 1776
f 1776 1501 1777
f 1515 1514 1776
f 1514 1513 1776
f 1776 1513 1512
f 1775 1530 1529
f 1522 1521 1775
f 1521 1520 1775
f 1775 1520 1519
f 1519 1518 1775
f 1518 1517 1775
f 1775 1517 1516
f 1770 1772 1778
f 1772 1775 1778
f 1778 1775 1776
f 1775 1516 1776
f 1776 1516 1515
f 1529 1528 1775
f 1528 1527 1775
f 1775 1527 1526
f 1526 1525 1775
f 1525 1524 1775
f 1775 1524 1523
f 1534 1533 1556
f 1533 1532 1556
f 1556 1532 1775
f 1532 1531 1775
f 1775 1531 1530
f 1489 1488 1779
f 1548 1547 1555
f 1537 1536 1556
f 1536 1535 1556
f 1556 1535 1534
f 1501 1500 1777
f 1500 1499 1777
f 1777 1499 1498
f 1547 1546 1555
f 1546 1545 1555
f 1555 1545 1544
f 1494 1493 1780
f 1488 1487 1779
f 1487 1486 1779
f 1779 1486 1781
f 1486 1485 1781
f 1781 1485 1484
f 1544 1543 1555
f 1543 1542 1555
f 1555 1542 1556
f 1542 1541 1556
f 1556 1541 1540
f 1493 1492 1780
f 1492 1491 1780
f 1780 1491 1779
f 1491 1490 1779
f 1779 1490 1489
f 1782 1783 1552
f 1540 1539 1556
f 1539 1538 1556
f 1556 1538 1537
f 1498 1497 1777
f 1497 1496 1777
f 1777 1496 1780
f 1496 1495 1780
f 1780 1495 1494
f 1484 1483 1781
f 1483 1482 1781
f 1781 1482 1783
f 1482 1481 1783
f 1783 1481 1552
f 1552 1551 1782
f 1551 1550 1782
f 1782 1550 1555
f 1550 1549 1555
f 1555 1549 1548
f 1784 1785 1786
f 1785 1787 1786
f 1786 1787 1554
f 1784 1786 1788
f 1786 1576 1788
f 1788 1576 1581
f 1576 1632 1581
f 1581 1632 1633
f 1789 1790 1559
f 1790 1791 1559
f 1559 1791 1792
f 1792 1793 1559
f 1793 1794 1559
f 1559 1794 1702
f 1558 1695 1559
f 1695 1795 1559
f 1559 1795 1789
f 1707 1796 1705
f 1796 1797 1705
f 1705 1797 1798
f 1798 1799 1705
f 1799 1800 1705
f 1705 1800 1801
f 1802 1803 1695
f 1804 1805 1806
f 1805 1807 1806
f 1806 1807 1808
f 1808 1809 1806
f 1809 1810 1806
f 1806 1810 1811
f 1811 1812 1806
f 1812 1813 1806
f 1806 1813 1814
f 1814 1815 1806
f 1815 1816 1806
f 1806 1816 1817
f 1818 1819 1695
f 1819 1820 1695
f 1695 1820 1802
f 1803 1821 1695
f 1821 1822 1695
f 1695 1822 1823
f 1823 1824 1695
f 1824 1825 1695
f 1695 1825 1795
f 1817 1826 1695
f 1826 1827 1695
f 1695 1827 1818
f 1654 1828 1562
f 1828 1829 1562
f 1562 1829 1830
f 1831 1832 1645
f 1832 1833 1645
f 1645 1833 1649
f 1830 1834 1562
f 1834 1689 1562
f 1562 1689 1563
f 1689 1688 1563
f 1834 1835 1689
f 1835 1836 1689
f 1689 1836 1837
f 1837 1838 1689
f 1838 1839 1689
f 1689 1839 1840
f 1841 1842 1843
f 1842 1844 1843
f 1840 1845 1689
f 1845 1846 1689
f 1689 1846 1847
f 1841 1848 1842
f 1848 1849 1842
f 1842 1849 1645
f 1849 1850 1645
f 1645 1850 1831
f 1851 1852 1842
f 1852 1853 1842
f 1842 1853 1854
f 1854 1855 1842
f 1855 1856 1842
f 1842 1856 1857
f 1857 1858 1842
f 1858 1859 1842
f 1842 1859 1844
f 1847 1860 1689
f 1860 1861 1689
f 1689 1861 1862
f 1862 1863 1689
f 1863 1864 1689
f 1689 1864 1865
f 425 424 1642
f 380 379 1866
f 379 378 1866
f 1866 378 377
f 368 367 1587
f 429 428 1642
f 367 366 1587
f 366 365 1587
f 1587 365 364
f 428 427 1642
f 427 426 1642
f 1642 426 425
f 424 423 1642
f 423 422 1642
f 1642 422 421
f 1867 417 416
f 371 370 1587
f 370 369 1587
f 1587 369 368
f 376 375 1587
f 375 374 1587
f 432 431 1642
f 431 430 1642
f 1642 430 429
f 374 373 1587
f 373 372 1587
f 1587 372 371
f 421 420 1642
f 420 419 1642
f 1642 419 1867
f 419 418 1867
f 1867 418 417
f 364 363 1587
f 363 362 1587
f 1587 362 1642
f 362 361 1642
f 1642 361 432
f 416 415 1867
f 415 414 1867
f 1867 414 413
f 413 412 1867
f 412 411 1867
f 1867 411 1868
f 411 410 1868
f 1868 410 409
f 409 408 1868
f 408 407 1868
f 1868 407 406
f 1868 403 402
f 402 401 1868
f 401 400 1868
f 1868 400 399
f 406 405 1868
f 405 404 1868
f 1868 404 403
f 1869 386 385
f 395 394 1869
f 394 393 1869
f 1869 393 392
f 384 383 1866
f 383 382 1866
f 382 381 1866
f 1866 381 380
f 399 398 1868
f 398 397 1868
f 1868 397 1869
f 397 396 1869
f 1869 396 395
f 389 388 1869
f 388 387 1869
f 1869 387 386
f 392 391 1869
f 391 390 1869
f 1869 390 389
f 154 153 1786
f 215 214 1576
f 214 213 1576
f 154 1786 155
f 150 149 1786
f 149 148 1786
f 1786 148 147
f 147 146 1786
f 146 145 1786
f 1786 145 1576
f 145 216 1576
f 1576 216 215
f 213 212 1576
f 212 211 1576
f 1576 211 210
f 210 209 1576
f 209 208 1576
f 1576 208 207
f 207 206 1576
f 206 205 1576
f 1576 205 204
f 158 157 1786
f 157 156 1786
f 1786 156 155
f 153 152 1786
f 152 151 1786
f 1786 151 150
f 203 202 1553
f 202 201 1553
f 1553 201 200
f 162 161 1870
f 161 160 1870
f 1870 160 1786
f 160 159 1786
f 1786 159 158
f 180 179 1871
f 179 178 1871
f 178 177 1871
f 1871 177 176
f 176 175 1871
f 175 174 1871
f 1871 174 173
f 194 193 1872
f 173 172 1871
f 172 171 1871
f 1871 171 170
f 166 165 1870
f 187 186 1872
f 186 185 1872
f 1872 185 184
f 170 169 1871
f 169 168 1871
f 1871 168 1870
f 168 167 1870
f 1870 167 166
f 165 164 1870
f 164 163 1870
f 1870 163 162
f 184 183 1872
f 183 182 1872
f 1872 182 1871
f 182 181 1871
f 1871 181 180
f 199 198 1553
f 198 197 1553
f 1553 197 196
f 194 1872 195
f 193 192 1872
f 192 191 1872
f 1872 191 190
f 190 189 1872
f 189 188 1872
f 1872 188 187
f 1873 1874 1871
f 1874 1875 1871
f 1875 1876 1871
f 1876 1877 1871
f 1871 1877 1878
f 1871 1879 1880
f 1767 1881 1882
f 1883 1884 1772
f 1772 1885 1886
f 1878 1887 1871
f 1887 1888 1871
f 1871 1888 1879
f 1889 1890 1891
f 1890 1892 1891
f 1891 1892 1893
f 1894 1895 1767
f 1895 1896 1767
f 1767 1896 1881
f 1897 1898 1891
f 1898 1899 1891
f 1882 1900 1767
f 1900 1901 1767
f 1767 1901 1902
f 1902 1903 1767
f 1903 1904 1767
f 1767 1904 1905
f 1906 1907 1772
f 1907 1908 1772
f 1772 1908 1909
f 1909 1910 1772
f 1910 1911 1772
f 1772 1911 1912
f 1912 1913 1772
f 1913 1914 1772
f 1772 1914 1883
f 1884 1915 1772
f 1915 1916 1772
f 1772 1916 1885
f 1554 1556 1786
f 1556 1775 1786
f 1786 1775 1870
f 1775 1772 1870
f 1870 1772 1871
f 1772 1886 1871
f 1871 1886 1873
f 1880 1917 1871
f 1917 1918 1871
f 1871 1918 1919
f 1899 1920 1891
f 1920 1921 1891
f 1891 1921 1922
f 1922 1923 1891
f 1923 1924 1891
f 1891 1924 1889
f 1893 1925 1891
f 1925 1926 1891
f 1891 1926 1767
f 1926 1927 1767
f 1767 1927 1894
f 1919 1928 1871
f 1928 1929 1871
f 1871 1929 1930
f 1905 1931 1767
f 1931 1932 1767
f 1767 1932 1933
f 1933 1934 1767
f 1934 1935 1767
f 1767 1935 1772
f 1935 1936 1772
f 1772 1936 1906
f 1930 1937 1871
f 1937 1938 1871
f 1871 1938 1939
f 1940 1941 1891
f 1941 1942 1891
f 1891 1942 1897
f 1943 1944 1891
f 1944 1945 1891
f 1891 1945 1940
f 844 842 1767
f 842 1557 1767
f 1767 1557 1891
f 1557 1946 1891
f 1947 1948 1949
f 1950 1951 1947
f 1952 1953 1947
f 1953 1954 1947
f 1947 1954 1950
f 1951 1955 1947
f 1955 1956 1947
f 1947 1956 1948
f 1949 1957 1947
f 1957 1958 1947
f 1947 1958 1946
f 1958 1959 1946
f 1946 1959 1960
f 1960 1961 1946
f 1961 1962 1946
f 1946 1962 1963
f 1963 1964 1946
f 1964 1965 1946
f 1946 1965 1966
f 1966 1967 1946
f 1967 1968 1946
f 1946 1968 1969
f 1970 1971 1891
f 1971 1972 1891
f 1891 1972 1973
f 1973 1974 1891
f 1974 1975 1891
f 1891 1975 1976
f 1976 1977 1891
f 1977 1978 1891
f 1891 1978 1979
f 1980 1981 1982
f 1983 1984 1891
f 1984 1985 1891
f 1979 1986 1891
f 1986 1987 1891
f 1891 1987 1982
f 1987 1988 1982
f 1982 1988 1989
f 1980 1982 1990
f 1982 1991 1992
f 1985 1993 1891
f 1993 1994 1891
f 1891 1994 1970
f 1981 1995 1982
f 1995 1996 1982
f 1982 1996 1991
f 1997 1998 1947
f 1969 1999 1946
f 1999 2000 1946
f 1946 2000 2001
f 2001 2002 1946
f 2002 2003 1946
f 1946 2003 2004
f 1989 2005 1982
f 2005 2006 1982
f 1982 2006 2007
f 1998 2008 1947
f 2008 2009 1947
f 1947 2009 2010
f 2010 2011 1947
f 2011 2012 1947
f 1947 2012 1952
f 2004 2013 1946
f 2013 2014 1946
f 1946 2014 1891
f 2014 2015 1891
f 1891 2015 1983
f 2007 2016 1982
f 2016 2017 1982
f 1982 2017 1990
f 1992 2018 1982
f 2018 2019 1982
f 1982 2019 2020
f 204 203 1576
f 203 1553 1576
f 1576 1553 1587
f 1553 1866 1587
f 1587 1866 376
f 1866 377 376
f 196 195 1553
f 195 1872 1553
f 1553 1872 1866
f 1872 1869 1866
f 1866 1869 384
f 1869 385 384
f 2021 2022 2023
f 2022 2024 2023
f 2023 2024 2025
f 2026 2027 2028
f 2029 2030 2023
f 2031 2032 2033
f 2025 2034 2023
f 2034 2035 2023
f 2023 2035 2036
f 2037 2038 2033
f 2038 2039 2033
f 2033 2039 2040
f 2040 2041 2033
f 2041 2042 2033
f 2033 2042 2043
f 2043 2044 2033
f 2044 2045 2033
f 2033 2045 2046
f 2047 2048 2049
f 2048 2050 2049
f 2049 2050 2051
f 2027 2052 2028
f 2052 2053 2028
f 2028 2053 2023
f 2053 2054 2023
f 2023 2054 2021
f 2036 2055 2023
f 2055 2056 2023
f 2023 2056 2029
f 2030 2057 2023
f 2057 2058 2023
f 2023 2058 2059
f 2059 2060 2023
f 2060 2061 2023
f 2023 2061 2062
f 2046 2063 2033
f 2063 2064 2033
f 2033 2064 2031
f 2032 2065 2033
f 2065 2066 2033
f 2033 2066 2067
f 2068 2069 2028
f 2069 2070 2028
f 2028 2070 2026
f 2071 2072 2049
f 2072 2073 2049
f 2049 2073 2074
f 2075 2076 2049
f 2076 2077 2049
f 2049 2077 2047
f 2078 2079 2028
f 2079 2080 2028
f 2067 2081 2033
f 2081 2082 2033
f 2033 2082 2049
f 2082 2083 2049
f 2049 2083 2071
f 2074 2084 2049
f 2084 2085 2049
f 2049 2085 2075
f 2051 2086 2049
f 2086 2087 2049
f 2049 2087 2088
f 2089 2090 2028
f 2090 2091 2028
f 2028 2091 2078
f 2088 2089 2049
f 2089 2028 2049
f 2049 2028 1947
f 2028 1982 1947
f 1947 1982 1997
f 1982 2020 1997
f 2080 2092 2028
f 2092 2093 2028
f 2028 2093 2094
f 2094 2095 2028
f 2095 2096 2028
f 2028 2096 2068
f 2097 2098 2099
f 2100 2101 1806
f 1868 2102 2103
f 2104 2105 2099
f 2105 2106 2099
f 2099 2106 2107
f 2107 2108 2099
f 2108 2109 2099
f 2099 2109 2097
f 2110 2111 1806
f 2112 2113 1868
f 1643 1642 1645
f 1642 1867 1645
f 1645 1867 1842
f 1867 1868 1842
f 1842 1868 2099
f 1868 2103 2099
f 2099 2103 2104
f 2098 2114 2099
f 2114 2115 2099
f 2099 2115 2116
f 2111 2117 1806
f 2117 2118 1806
f 1806 2118 2100
f 2119 2120 2023
f 2120 2121 2023
f 2023 2121 2122
f 2116 2123 2099
f 2123 2124 2099
f 2099 2124 2125
f 2126 2127 1806
f 2128 2129 2023
f 2129 2130 2023
f 2023 2130 2131
f 2112 1868 2132
f 2125 2133 2099
f 2133 2134 2099
f 2099 2134 1806
f 2134 2135 1806
f 1806 2135 2136
f 2137 2023 2138
f 2023 2139 2138
f 2137 2140 2023
f 2140 2141 2023
f 2023 2141 2142
f 2142 2143 2023
f 2143 2144 2023
f 2023 2144 2119
f 2122 2145 2023
f 2145 2146 2023
f 2023 2146 2128
f 2131 2132 2023
f 2132 1868 2023
f 2023 1868 2028
f 1868 1869 2028
f 2028 1869 1982
f 1869 1872 1982
f 1982 1872 1891
f 1872 1871 1891
f 1891 1871 1943
f 1871 1939 1943
f 2147 2148 1868
f 2148 2149 1868
f 1868 2149 2102
f 2136 2150 1806
f 2150 2151 1806
f 1806 2151 2110
f 1806 2127 2023
f 2127 2152 2023
f 2023 2152 2139
f 2101 2153 1806
f 2153 2154 1806
f 1806 2154 2155
f 2113 2156 1868
f 2156 2157 1868
f 1868 2157 2158
f 1868 2159 2160
f 2155 2161 1806
f 2161 2162 1806
f 1806 2162 2126
f 2160 2163 1868
f 2163 2164 1868
f 1868 2164 2147
f 2158 2165 1868
f 2165 2166 1868
f 1868 2166 2167
f 2167 2168 1868
f 2168 2169 1868
f 1868 2169 2159
f 2062 2037 2023
f 2037 2033 2023
f 2023 2033 1806
f 2033 1705 1806
f 1806 1705 1804
f 1705 1801 1804
f 824 822 1557
f 822 1757 1557
f 1557 1757 1946
f 1757 1753 1946
f 1946 1753 1947
f 1753 1749 1947
f 1947 1749 2049
f 1749 1747 2049
f 2049 1747 2033
f 1747 1740 2033
f 2033 1740 1705
f 1740 1720 1705
f 1705 1720 1703
f 1720 1728 1703
f 1817 1695 1806
f 1695 1691 1806
f 1806 1691 2099
f 1691 1689 2099
f 2099 1689 1842
f 1689 1865 1842
f 1842 1865 1851
f 866 1565 881
f 1565 1564 881
f 881 1564 882
f 1564 1584 882
f 882 1584 889
f 1584 1583 889
f 889 1583 890
f 1583 1591 890
f 890 1591 891
f 1591 1590 891
f 891 1590 897
f 1590 1582 897
f 897 1582 898
f 1582 1580 898
f 898 1580 900
f 1580 1579 900
f 900 1579 901
f 1579 1605 901
f 901 1605 906
f 1605 1604 906
f 906 1604 907
f 1604 1603 907
f 907 1603 908
f 1603 1637 908
f 908 1637 909
f 1637 1636 909
f 909 1636 910
f 1636 1602 910
f 910 1602 902
f 1602 1601 902
f 902 1601 903
f 1601 1635 903
f 903 1635 911
f 1635 1634 911
f 911 1634 912
f 1634 1633 912
f 912 1633 913
f 1633 1632 913
f 913 1632 914
f 1632 1631 914
f 914 1631 904
f 1631 1630 904
f 904 1630 905
f 1630 1629 905
f 905 1629 918
f 1629 1628 918
f 918 1628 919
f 1628 1627 919
f 919 1627 915
f 1627 1617 915
f 915 1617 916
f 1617 1616 916
f 916 1616 917
f 1616 1615 917
f 917 1615 892
f 1615 1597 892
f 892 1597 893
f 1597 1596 893
f 893 1596 894
f 1596 1595 894
f 894 1595 895
f 1595 1578 895
f 895 1578 896
f 1578 1577 896
f 896 1577 888
f 1577 1575 888
f 888 1575 886
f 1575 1574 886
f 886 1574 884
f 1574 1600 884
f 884 1600 1219
f 1600 1599 1219
f 1219 1599 1220
f 1599 1598 1220
f 1220 1598 1221
f 1598 1594 1221
f 1221 1594 1211
f 1594 1593 1211
f 1211 1593 1212
f 1593 1592 1212
f 1212 1592 1222
f 1592 1589 1222
f 1222 1589 1223
f 1589 1588 1223
f 1223 1588 1224
f 1588 1586 1224
f 1224 1586 1235
f 1586 1585 1235
f 1235 1585 1236
f 1585 1626 1236
f 1236 1626 1237
f 1626 1625 1237
f 1237 1625 1238
f 1625 1624 1238
f 1238 1624 1239
f 1624 1623 1239
f 1239 1623 1240
f 1623 1622 1240
f 1240 1622 1241
f 1622 1621 1241
f 1241 1621 1242
f 1621 1620 1242
f 1242 1620 1243
f 1620 1619 1243
f 1243 1619 1244
f 1619 1618 1244
f 1244 1618 1245
f 1618 1640 1245
f 1245 1640 1246
f 1640 1639 1246
f 1246 1639 1225
f 1639 1638 1225
f 1225 1638 1226
f 1638 1614 1226
f 1226 1614 1227
f 1614 1613 1227
f 1227 1613 1228
f 1613 1612 1228
f 1228 1612 1229
f 1612 1611 1229
f 1229 1611 1230
f 1611 1610 1230
f 1230 1610 1231
f 1610 1609 1231
f 1231 1609 1232
f 1609 1608 1232
f 1232 1608 1233
f 1608 1607 1233
f 1233 1607 1234
f 1607 1606 1234
f 1234 1606 1214
f 1606 1573 1214
f 1214 1573 1215
f 1573 1572 1215
f 1215 1572 1216
f 1572 1571 1216
f 1216 1571 1217
f 1571 1570 1217
f 1217 1570 1218
f 1570 1568 1218
f 1218 1568 865
f 1568 1567 865
f 865 1567 866
f 1567 1565 866
f 2170 1987 2171
f 1987 1986 2171
f 2171 1986 2172
f 1986 1979 2172
f 2172 1979 2173
f 1979 1978 2173
f 2173 1978 2174
f 1978 1977 2174
f 2174 1977 2175
f 1977 1976 2175
f 2175 1976 2176
f 1976 1975 2176
f 2176 1975 2177
f 1975 1974 2177
f 2177 1974 2178
f 1974 1973 2178
f 2178 1973 2179
f 1973 1972 2179
f 2179 1972 2180
f 1972 1971 2180
f 2180 1971 2181
f 1971 1970 2181
f 2181 1970 2182
f 1970 1994 2182
f 2182 1994 2183
f 1994 1993 2183
f 2183 1993 2184
f 1993 1985 2184
f 2184 1985 2185
f 1985 1984 2185
f 2185 1984 2186
f 1984 1983 2186
f 2186 1983 2187
f 1983 2015 2187
f 2187 2015 2188
f 2015 2014 2188
f 2188 2014 2189
f 2014 2013 2189
f 2189 2013 2190
f 2013 2004 2190
f 2190 2004 2191
f 2004 2003 2191
f 2191 2003 2192
f 2003 2002 2192
f 2192 2002 2193
f 2002 2001 2193
f 2193 2001 2194
f 2001 2000 2194
f 2194 2000 2195
f 2000 1999 2195
f 2195 1999 2196
f 1999 1969 2196
f 2196 1969 2197
f 1969 1968 2197
f 2197 1968 2198
f 1968 1967 2198
f 2198 1967 2199
f 1967 1966 2199
f 2199 1966 2200
f 1966 1965 2200
f 2200 1965 2201
f 1965 1964 2201
f 2201 1964 2202
f 1964 1963 2202
f 2202 1963 2203
f 1963 1962 2203
f 2203 1962 2204
f 1962 1961 2204
f 2204 1961 2205
f 1961 1960 2205
f 2205 1960 2206
f 1960 1959 2206
f 2206 1959 2207
f 1959 1958 2207
f 2207 1958 2208
f 1958 1957 2208
f 2208 1957 2209
f 1957 1949 2209
f 2209 1949 2210
f 1949 1948 2210
f 2210 1948 2211
f 1948 1956 2211
f 2211 1956 2212
f 1956 1955 2212
f 2212 1955 2213
f 1955 1951 2213
f 2213 1951 2214
f 1951 1950 2214
f 2214 1950 2215
f 1950 1954 2215
f 2215 1954 2216
f 1954 1953 2216
f 2216 1953 2217
f 1953 1952 2217
f 2217 1952 2218
f 1952 2012 2218
f 2218 2012 2219
f 2012 2011 2219
f 2219 2011 2220
f 2011 2010 2220
f 2220 2010 2221
f 2010 2009 2221
f 2221 2009 2222
f 2009 2008 2222
f 2222 2008 2223
f 2008 1998 2223
f 2223 1998 2224
f 1998 1997 2224
f 2224 1997 2225
f 1997 2020 2225
f 2225 2020 2226
f 2020 2019 2226
f 2226 2019 2227
f 2019 2018 2227
f 2227 2018 2228
f 2018 1992 2228
f 2228 1992 2229
f 1992 1991 2229
f 2229 1991 2230
f 1991 1996 2230
f 2230 1996 2231
f 1996 1995 2231
f 2231 1995 2232
f 1995 1981 2232
f 2232 1981 2233
f 1981 1980 2233
f 2233 1980 2234
f 1980 1990 2234
f 2234 1990 2235
f 1990 2017 2235
f 2235 2017 2236
f 2017 2016 2236
f 2236 2016 2237
f 2016 2007 2237
f 2237 2007 2238
f 2007 2006 2238
f 2238 2006 2239
f 2006 2005 2239
f 2239 2005 2240
f 2005 1989 2240
f 2240 1989 2241
f 1989 1988 2241
f 2241 1988 2170
f 1988 1987 2170
f 1110 1826 1111
f 1826 1817 1111
f 1111 1817 1115
f 1817 1816 1115
f 1115 1816 1116
f 1816 1815 1116
f 1116 1815 1117
f 1815 1814 1117
f 1117 1814 1118
f 1814 1813 1118
f 1118 1813 1119
f 1813 1812 1119
f 1119 1812 1120
f 1812 1811 1120
f 1120 1811 1121
f 1811 1810 1121
f 1121 1810 1122
f 1810 1809 1122
f 1122 1809 1102
f 1809 1808 1102
f 1102 1808 1103
f 1808 1807 1103
f 1103 1807 1104
f 1807 1805 1104
f 1104 1805 1073
f 1805 1804 1073
f 1073 1804 1074
f 1804 1801 1074
f 1074 1801 1099
f 1801 1800 1099
f 1099 1800 1100
f 1800 1799 1100
f 1100 1799 1101
f 1799 1798 1101
f 1101 1798 1105
f 1798 1797 1105
f 1105 1797 1106
f 1797 1796 1106
f 1106 1796 1107
f 1796 1707 1107
f 1107 1707 1108
f 1707 1706 1108
f 1108 1706 1109
f 1706 1704 1109
f 1109 1704 1090
f 1704 1703 1090
f 1090 1703 1091
f 1703 1728 1091
f 1091 1728 1093
f 1728 1727 1093
f 1093 1727 1094
f 1727 1726 1094
f 1094 1726 1095
f 1726 1725 1095
f 1095 1725 1058
f 1725 1724 1058
f 1058 1724 1059
f 1724 1723 1059
f 1059 1723 1060
f 1723 1722 1060
f 1060 1722 1061
f 1722 1721 1061
f 1061 1721 1062
f 1721 1719 1062
f 1062 1719 1063
f 1719 1718 1063
f 1063 1718 1064
f 1718 1737 1064
f 1064 1737 1051
f 1737 1736 1051
f 1051 1736 1052
f 1736 1735 1052
f 1052 1735 1053
f 1735 1712 1053
f 1053 1712 1054
f 1712 1711 1054
f 1054 1711 1055
f 1711 1717 1055
f 1055 1717 1056
f 1717 1734 1056
f 1056 1734 1057
f 1734 1733 1057
f 1057 1733 1050
f 1733 1732 1050
f 1050 1732 1049
f 1732 1716 1049
f 1049 1716 1047
f 1716 1715 1047
f 1047 1715 1045
f 1715 1731 1045
f 1045 1731 1065
f 1731 1730 1065
f 1065 1730 1066
f 1730 1729 1066
f 1066 1729 1067
f 1729 1700 1067
f 1067 1700 1096
f 1700 1699 1096
f 1096 1699 1097
f 1699 1710 1097
f 1097 1710 1098
f 1710 1709 1098
f 1098 1709 1076
f 1709 1708 1076
f 1076 1708 1077
f 1708 1702 1077
f 1077 1702 1078
f 1702 1794 1078
f 1078 1794 1079
f 1794 1793 1079
f 1079 1793 1080
f 1793 1792 1080
f 1080 1792 1068
f 1792 1791 1068
f 1068 1791 1069
f 1791 1790 1069
f 1069 1790 1071
f 1790 1789 1071
f 1071 1789 1081
f 1789 1795 1081
f 1081 1795 1082
f 1795 1825 1082
f 1082 1825 1083
f 1825 1824 1083
f 1083 1824 1084
f 1824 1823 1084
f 1084 1823 1085
f 1823 1822 1085
f 1085 1822 1086
f 1822 1821 1086
f 1086 1821 1087
f 1821 1803 1087
f 1087 1803 1088
f 1803 1802 1088
f 1088 1802 1089
f 1802 1820 1089
f 1089 1820 1112
f 1820 1819 1112
f 1112 1819 1113
f 1819 1818 1113
f 1113 1818 1114
f 1818 1827 1114
f 1114 1827 1110
f 1827 1826 1110
f 503 2102 501
f 2102 2149 501
f 501 2149 499
f 2149 2148 499
f 499 2148 497
f 2148 2147 497
f 497 2147 495
f 2147 2164 495
f 495 2164 493
f 2164 2163 493
f 493 2163 491
f 2163 2160 491
f 491 2160 489
f 2160 2159 489
f 489 2159 487
f 2159 2169 487
f 487 2169 485
f 2169 2168 485
f 485 2168 483
f 2168 2167 483
f 483 2167 481
f 2167 2166 481
f 481 2166 479
f 2166 2165 479
f 479 2165 477
f 2165 2158 477
f 477 2158 475
f 2158 2157 475
f 475 2157 473
f 2157 2156 473
f 473 2156 471
f 2156 2113 471
f 471 2113 469
f 2113 2112 469
f 469 2112 467
f 2112 2132 467
f 467 2132 465
f 2132 2131 465
f 465 2131 463
f 2131 2130 463
f 463 2130 461
f 2130 2129 461
f 461 2129 459
f 2129 2128 459
f 459 2128 457
f 2128 2146 457
f 457 2146 455
f 2146 2145 455
f 455 2145 453
f 2145 2122 453
f 453 2122 451
f 2122 2121 451
f 451 2121 449
f 2121 2120 449
f 449 2120 447
f 2120 2119 447
f 447 2119 445
f 2119 2144 445
f 445 2144 443
f 2144 2143 443
f 443 2143 441
f 2143 2142 441
f 441 2142 439
f 2142 2141 439
f 439 2141 437
f 2141 2140 437
f 437 2140 435
f 2140 2137 435
f 435 2137 433
f 2137 2138 433
f 433 2138 575
f 2138 2139 575
f 575 2139 573
f 2139 2152 573
f 573 2152 571
f 2152 2127 571
f 571 2127 569
f 2127 2126 569
f 569 2126 567
f 2126 2162 567
f 567 2162 565
f 2162 2161 565
f 565 2161 563
f 2161 2155 563
f 563 2155 561
f 2155 2154 561
f 561 2154 559
f 2154 2153 559
f 559 2153 557
f 2153 2101 557
f 557 2101 555
f 2101 2100 555
f 555 2100 553
f 2100 2118 553
f 553 2118 551
f 2118 2117 551
f 551 2117 549
f 2117 2111 549
f 549 2111 547
f 2111 2110 547
f 547 2110 545
f 2110 2151 545
f 545 2151 543
f 2151 2150 543
f 543 2150 541
f 2150 2136 541
f 541 2136 539
f 2136 2135 539
f 539 2135 537
f 2135 2134 537
f 537 2134 535
f 2134 2133 535
f 535 2133 533
f 2133 2125 533
f 533 2125 531
f 2125 2124 531
f 531 2124 529
f 2124 2123 529
f 529 2123 527
f 2123 2116 527
f 527 2116 525
f 2116 2115 525
f 525 2115 523
f 2115 2114 523
f 523 2114 521
f 2114 2098 521
f 521 2098 519
f 2098 2097 519
f 519 2097 517
f 2097 2109 517
f 517 2109 515
f 2109 2108 515
f 515 2108 513
f 2108 2107 513
f 513 2107 511
f 2107 2106 511
f 511 2106 509
f 2106 2105 509
f 509 2105 507
f 2105 2104 507
f 507 2104 505
f 2104 2103 505
f 505 2103 503
f 2103 2102 503
f 1202 1666 1203
f 1666 1687 1203
f 1203 1687 1205
f 1687 1686 1205
f 1205 1686 1206
f 1686 1685 1206
f 1206 1685 1207
f 1685 1683 1207
f 1207 1683 1194
f 1683 1682 1194
f 1194 1682 1195
f 1682 1678 1195
f 1195 1678 1199
f 1678 1677 1199
f 1199 1677 1200
f 1677 1676 1200
f 1200 1676 1201
f 1676 1656 1201
f 1201 1656 1131
f 1656 1655 1131
f 1131 1655 1129
f 1655 1681 1129
f 1129 1681 1130
f 1681 1680 1130
f 1130 1680 1132
f 1680 1679 1132
f 1132 1679 1133
f 1679 1652 1133
f 1133 1652 1134
f 1652 1651 1134
f 1134 1651 1140
f 1651 1650 1140
f 1140 1650 1141
f 1650 1649 1141
f 1141 1649 1142
f 1649 1833 1142
f 1142 1833 1176
f 1833 1832 1176
f 1176 1832 1177
f 1832 1831 1177
f 1177 1831 1178
f 1831 1850 1178
f 1178 1850 1155
f 1850 1849 1155
f 1155 1849 1135
f 1849 1848 1135
f 1135 1848 1136
f 1848 1841 1136
f 1136 1841 1156
f 1841 1843 1156
f 1156 1843 1157
f 1843 1844 1157
f 1157 1844 1158
f 1844 1859 1158
f 1158 1859 1163
f 1859 1858 1163
f 1163 1858 1164
f 1858 1857 1164
f 1164 1857 1159
f 1857 1856 1159
f 1159 1856 1160
f 1856 1855 1160
f 1160 1855 1165
f 1855 1854 1165
f 1165 1854 1166
f 1854 1853 1166
f 1166 1853 1167
f 1853 1852 1167
f 1167 1852 1170
f 1852 1851 1170
f 1170 1851 1171
f 1851 1865 1171
f 1171 1865 1172
f 1865 1864 1172
f 1172 1864 1161
f 1864 1863 1161
f 1161 1863 1162
f 1863 1862 1162
f 1162 1862 1182
f 1862 1861 1182
f 1182 1861 1183
f 1861 1860 1183
f 1183 1860 1168
f 1860 1847 1168
f 1168 1847 1169
f 1847 1846 1169
f 1169 1846 1173
f 1846 1845 1173
f 1173 1845 1174
f 1845 1840 1174
f 1174 1840 1175
f 1840 1839 1175
f 1175 1839 1179
f 1839 1838 1179
f 1179 1838 1180
f 1838 1837 1180
f 1180 1837 1181
f 1837 1836 1181
f 1181 1836 1143
f 1836 1835 1143
f 1143 1835 1144
f 1835 1834 1144
f 1144 1834 1146
f 1834 1830 1146
f 1146 1830 1147
f 1830 1829 1147
f 1147 1829 1137
f 1829 1828 1137
f 1137 1828 1138
f 1828 1654 1138
f 1138 1654 1151
f 1654 1653 1151
f 1151 1653 1150
f 1653 1664 1150
f 1150 1664 1148
f 1664 1663 1148
f 1148 1663 1152
f 1663 1662 1152
f 1152 1662 1153
f 1662 1661 1153
f 1153 1661 1154
f 1661 1660 1154
f 1154 1660 1184
f 1660 1675 1184
f 1184 1675 1185
f 1675 1674 1185
f 1185 1674 1187
f 1674 1673 1187
f 1187 1673 1188
f 1673 1658 1188
f 1188 1658 1189
f 1658 1657 1189
f 1189 1657 1190
f 1657 1672 1190
f 1190 1672 1192
f 1672 1671 1192
f 1192 1671 1193
f 1671 1670 1193
f 1193 1670 1196
f 1670 1669 1196
f 1196 1669 1197
f 1669 1668 1197
f 1197 1668 1202
f 1668 1666 1202
f 2242 2054 2243
f 2054 2053 2243
f 2243 2053 2244
f 2053 2052 2244
f 2244 2052 2245
f 2052 2027 2245
f 2245 2027 2246
f 2027 2026 2246
f 2246 2026 2247
f 2026 2070 2247
f 2247 2070 2248
f 2070 2069 2248
f 2248 2069 2249
f 2069 2068 2249
f 2249 2068 2250
f 2068 2096 2250
f 2250 2096 2251
f 2096 2095 2251
f 2251 2095 2252
f 2095 2094 2252
f 2252 2094 2253
f 2094 2093 2253
f 2253 2093 2254
f 2093 2092 2254
f 2254 2092 2255
f 2092 2080 2255
f 2255 2080 2256
f 2080 2079 2256
f 2256 2079 2257
f 2079 2078 2257
f 2257 2078 2258
f 2078 2091 2258
f 2258 2091 2259
f 2091 2090 2259
f 2259 2090 2260
f 2090 2089 2260
f 2260 2089 2261
f 2089 2088 2261
f 2261 2088 2262
f 2088 2087 2262
f 2262 2087 2263
f 2087 2086 2263
f 2263 2086 2264
f 2086 2051 2264
f 2264 2051 2265
f 2051 2050 2265
f 2265 2050 2266
f 2050 2048 2266
f 2266 2048 2267
f 2048 2047 2267
f 2267 2047 2268
f 2047 2077 2268
f 2268 2077 2269
f 2077 2076 2269
f 2269 2076 2270
f 2076 2075 2270
f 2270 2075 2271
f 2075 2085 2271
f 2271 2085 2272
f 2085 2084 2272
f 2272 2084 2273
f 2084 2074 2273
f 2273 2074 2274
f 2074 2073 2274
f 2274 2073 2275
f 2073 2072 2275
f 2275 2072 2276
f 2072 2071 2276
f 2276 2071 2277
f 2071 2083 2277
f 2277 2083 2278
f 2083 2082 2278
f 2278 2082 2279
f 2082 2081 2279
f 2279 2081 2280
f 2081 2067 2280
f 2280 2067 2281
f 2067 2066 2281
f 2281 2066 2282
f 2066 2065 2282
f 2282 2065 2283
f 2065 2032 2283
f 2283 2032 2284
f 2032 2031 2284
f 2284 2031 2285
f 2031 2064 2285
f 2285 2064 2286
f 2064 2063 2286
f 2286 2063 2287
f 2063 2046 2287
f 2287 2046 2288
f 2046 2045 2288
f 2288 2045 2289
f 2045 2044 2289
f 2289 2044 2290
f 2044 2043 2290
f 2290 2043 2291
f 2043 2042 2291
f 2291 2042 2292
f 2042 2041 2292
f 2292 2041 2293
f 2041 2040 2293
f 2293 2040 2294
f 2040 2039 2294
f 2294 2039 2295
f 2039 2038 2295
f 2295 2038 2296
f 2038 2037 2296
f 2296 2037 2297
f 2037 2062 2297
f 2297 2062 2298
f 2062 2061 2298
f 2298 2061 2299
f 2061 2060 2299
f 2299 2060 2300
f 2060 2059 2300
f 2300 2059 2301
f 2059 2058 2301
f 2301 2058 2302
f 2058 2057 2302
f 2302 2057 2303
f 2057 2030 2303
f 2303 2030 2304
f 2030 2029 2304
f 2304 2029 2305
f 2029 2056 2305
f 2305 2056 2306
f 2056 2055 2306
f 2306 2055 2307
f 2055 2036 2307
f 2307 2036 2308
f 2036 2035 2308
f 2308 2035 2309
f 2035 2034 2309
f 2309 2034 2310
f 2034 2025 2310
f 2310 2025 2311
f 2025 2024 2311
f 2311 2024 2312
f 2024 2022 2312
f 2312 2022 2313
f 2022 2021 2313
f 2313 2021 2242
f 2021 2054 2242
f 1566 883 1581
f 883 899 1581
f 1581 899 1788
f 899 920 1788
f 1788 920 1784
f 920 921 1784
f 1784 921 1785
f 921 925 1785
f 1785 925 1787
f 925 923 1787
f 1787 923 1554
f 923 922 1554
f 1554 922 1555
f 922 941 1555
f 1555 941 1782
f 941 940 1782
f 1782 940 1783
f 940 937 1783
f 1783 937 1781
f 937 932 1781
f 1781 932 1779
f 932 930 1779
f 1779 930 1780
f 930 957 1780
f 1780 957 1777
f 957 974 1777
f 1777 974 1776
f 974 878 1776
f 1776 878 1778
f 878 1008 1778
f 1778 1008 1770
f 1008 1007 1770
f 1770 1007 1771
f 1007 1006 1771
f 1771 1006 1773
f 1006 1010 1773
f 1773 1010 1774
f 1010 1009 1774
f 1774 1009 1766
f 1009 1015 1766
f 1766 1015 1769
f 1015 1016 1769
f 1769 1016 1768
f 1016 1013 1768
f 1768 1013 1765
f 1013 1014 1765
f 1765 1014 1763
f 1014 1019 1763
f 1763 1019 1764
f 1019 1018 1764
f 1764 1018 1758
f 1018 1020 1758
f 1758 1020 1759
f 1020 1021 1759
f 1759 1021 1760
f 1021 1024 1760
f 1760 1024 1761
f 1024 1023 1761
f 1761 1023 1762
f 1023 1029 1762
f 1762 1029 1754
f 1029 1028 1754
f 1754 1028 1755
f 1028 1026 1755
f 1755 1026 1756
f 1026 1025 1756
f 1756 1025 1752
f 1025 1031 1752
f 1752 1031 1750
f 1031 877 1750
f 1750 877 1751
f 877 1032 1751
f 1751 1032 1748
f 1032 1034 1748
f 1748 1034 1746
f 1034 1038 1746
f 1746 1038 1741
f 1038 1037 1741
f 1741 1037 1742
f 1037 1036 1742
f 1742 1036 1743
f 1036 1044 1743
f 1743 1044 1744
f 1044 1043 1744
f 1744 1043 1745
f 1043 1042 1745
f 1745 1042 1739
f 1042 1041 1739
f 1739 1041 1738
f 1041 1040 1738
f 1738 1040 1713
f 1040 1048 1713
f 1713 1048 1714
f 1048 1046 1714
f 1714 1046 1701
f 1046 1075 1701
f 1701 1075 1560
f 1075 1070 1560
f 1560 1070 1558
f 1070 1072 1558
f 1558 1072 1697
f 1072 875 1697
f 1697 875 1698
f 875 874 1698
f 1698 874 1696
f 874 1123 1696
f 1696 1123 1694
f 1123 1125 1694
f 1694 1125 1693
f 1125 1126 1693
f 1693 1126 1692
f 1126 1128 1692
f 1692 1128 1690
f 1128 1145 1690
f 1690 1145 1688
f 1145 1139 1688
f 1688 1139 1563
f 1139 1149 1563
f 1563 1149 1561
f 1149 1186 1561
f 1561 1186 1659
f 1186 1191 1659
f 1659 1191 1667
f 1191 1198 1667
f 1667 1198 1665
f 1198 1204 1665
f 1665 1204 1684
f 1204 872 1684
f 1684 872 1646
f 872 871 1646
f 1646 871 1643
f 871 869 1643
f 1643 869 1644
f 869 868 1644
f 1644 868 1647
f 868 1210 1647
f 1647 1210 1648
f 1210 1209 1648
f 1648 1209 1641
f 1209 1213 1641
f 1641 1213 1569
f 1213 867 1569
f 1569 867 1566
f 867 883 1566
f 2314 1874 2315
f 1874 1873 2315
f 2315 1873 2316
f 1873 1886 2316
f 2316 1886 2317
f 1886 1885 2317
f 2317 1885 2318
f 1885 1916 2318
f 2318 1916 2319
f 1916 1915 2319
f 2319 1915 2320
f 1915 1884 2320
f 2320 1884 2321
f 1884 1883 2321
f 2321 1883 2322
f 1883 1914 2322
f 2322 1914 2323
f 1914 1913 2323
f 2323 1913 2324
f 1913 1912 2324
f 2324 1912 2325
f 1912 1911 2325
f 2325 1911 2326
f 1911 1910 2326
f 2326 1910 2327
f 1910 1909 2327
f 2327 1909 2328
f 1909 1908 2328
f 2328 1908 2329
f 1908 1907 2329
f 2329 1907 2330
f 1907 1906 2330
f 2330 1906 2331
f 1906 1936 2331
f 2331 1936 2332
f 1936 1935 2332
f 2332 1935 2333
f 1935 1934 2333
f 2333 1934 2334
f 1934 1933 2334
f 2334 1933 2335
f 1933 1932 2335
f 2335 1932 2336
f 1932 1931 2336
f 2336 1931 2337
f 1931 1905 2337
f 2337 1905 2338
f 1905 1904 2338
f 2338 1904 2339
f 1904 1903 2339
f 2339 1903 2340
f 1903 1902 2340
f 2340 1902 2341
f 1902 1901 2341
f 2341 1901 2342
f 1901 1900 2342
f 2342 1900 2343
f 1900 1882 2343
f 2343 1882 2344
f 1882 1881 2344
f 2344 1881 2345
f 1881 1896 2345
f 2345 1896 2346
f 1896 1895 2346
f 2346 1895 2347
f 1895 1894 2347
f 2347 1894 2348
f 1894 1927 2348
f 2348 1927 2349
f 1927 1926 2349
f 2349 1926 2350
f 1926 1925 2350
f 2350 1925 2351
f 1925 1893 2351
f 2351 1893 2352
f 1893 1892 2352
f 2352 1892 2353
f 1892 1890 2353
f 2353 1890 2354
f 1890 1889 2354
f 2354 1889 2355
f 1889 1924 2355
f 2355 1924 2356
f 1924 1923 2356
f 2356 1923 2357
f 1923 1922 2357
f 2357 1922 2358
f 1922 1921 2358
f 2358 1921 2359
f 1921 1920 2359
f 2359 1920 2360
f 1920 1899 2360
f 2360 1899 2361
f 1899 1898 2361
f 2361 1898 2362
f 1898 1897 2362
f 2362 1897 2363
f 1897 1942 2363
f 2363 1942 2364
f 1942 1941 2364
f 2364 1941 2365
f 1941 1940 2365
f 2365 1940 2366
f 1940 1945 2366
f 2366 1945 2367
f 1945 1944 2367
f 2367 1944 2368
f 1944 1943 2368
f 2368 1943 2369
f 1943 1939 2369
f 2369 1939 2370
f 1939 1938 2370
f 2370 1938 2371
f 1938 1937 2371
f 2371 1937 2372
f 1937 1930 2372
f 2372 1930 2373
f 1930 1929 2373
f 2373 1929 2374
f 1929 1928 2374
f 2374 1928 2375
f 1928 1919 2375
f 2375 1919 2376
f 1919 1918 2376
f 2376 1918 2377
f 1918 1917 2377
f 2377 1917 2378
f 1917 1880 2378
f 2378 1880 2379
f 1880 1879 2379
f 2379 1879 2380
f 1879 1888 2380
f 2380 1888 2381
f 1888 1887 2381
f 2381 1887 2382
f 1887 1878 2382
f 2382 1878 2383
f 1878 1877 2383
f 2383 1877 2384
f 1877 1876 2384
f 2384 1876 2385
f 1876 1875 2385
f 2385 1875 2314
f 1875 1874 2314
f 2349 1251 2348
f 1251 1250 2348
f 2348 1250 2347
f 1250 1248 2347
f 2347 1248 2346
f 1248 1247 2346
f 2346 1247 2345
f 1247 1316 2345
f 2345 1316 2344
f 1316 1315 2344
f 2344 1315 2343
f 1315 1322 2343
f 2343 1322 2342
f 1322 1321 2342
f 2342 1321 2341
f 1321 1309 2341
f 2341 1309 2340
f 1309 1308 2340
f 2340 1308 2339
f 1308 1307 2339
f 2339 1307 2338
f 1307 1306 2338
f 2338 1306 2337
f 1306 1314 2337
f 2337 1314 2336
f 1314 1313 2336
f 2336 1313 2335
f 1313 1305 2335
f 2335 1305 2334
f 1305 1304 2334
f 2334 1304 2333
f 1304 1303 2333
f 2333 1303 2332
f 1303 1302 2332
f 2332 1302 2331
f 1302 1312 2331
f 2331 1312 2330
f 1312 1320 2330
f 2330 1320 2329
f 1320 1319 2329
f 2329 1319 2328
f 1319 1311 2328
f 2328 1311 2327
f 1311 1310 2327
f 2327 1310 2326
f 1310 1318 2326
f 2326 1318 2325
f 1318 1317 2325
f 2325 1317 2324
f 1317 1301 2324
f 2324 1301 2323
f 1301 1300 2323
f 2323 1300 2322
f 1300 1299 2322
f 2322 1299 2321
f 1299 1298 2321
f 2321 1298 2320
f 1298 1297 2320
f 2320 1297 2319
f 1297 1296 2319
f 2319 1296 2318
f 1296 1273 2318
f 2318 1273 2317
f 1273 1272 2317
f 2317 1272 2316
f 1272 1270 2316
f 2316 1270 2315
f 1270 1269 2315
f 2315 1269 2314
f 1269 1282 2314
f 2314 1282 2385
f 1282 1281 2385
f 2385 1281 2384
f 1281 1280 2384
f 2384 1280 2383
f 1280 1258 2383
f 2383 1258 2382
f 1258 1257 2382
f 2382 1257 2381
f 1257 1256 2381
f 2381 1256 2380
f 1256 1255 2380
f 2380 1255 2379
f 1255 1268 2379
f 2379 1268 2378
f 1268 1267 2378
f 2378 1267 2377
f 1267 1253 2377
f 2377 1253 2376
f 1253 1252 2376
f 2376 1252 2375
f 1252 1295 2375
f 2375 1295 2374
f 1295 1294 2374
f 2374 1294 2373
f 1294 1288 2373
f 2373 1288 2372
f 1288 1287 2372
f 2372 1287 2371
f 1287 1286 2371
f 2371 1286 2370
f 1286 1266 2370
f 2370 1266 2369
f 1266 1265 2369
f 2369 1265 2368
f 1265 1264 2368
f 2368 1264 2367
f 1264 1263 2367
f 2367 1263 2366
f 1263 1285 2366
f 2366 1285 2365
f 1285 1284 2365
f 2365 1284 2364
f 1284 1283 2364
f 2364 1283 2363
f 1283 1293 2363
f 2363 1293 2362
f 1293 1292 2362
f 2362 1292 2361
f 1292 1291 2361
f 2361 1291 2360
f 1291 1290 2360
f 2360 1290 2359
f 1290 1289 2359
f 2359 1289 2358
f 1289 1279 2358
f 2358 1279 2357
f 1279 1278 2357
f 2357 1278 2356
f 1278 1277 2356
f 2356 1277 2355
f 1277 1276 2355
f 2355 1276 2354
f 1276 1275 2354
f 2354 1275 2353
f 1275 1274 2353
f 2353 1274 2352
f 1274 1262 2352
f 2352 1262 2351
f 1262 1260 2351
f 2351 1260 2350
f 1260 1259 2350
f 2350 1259 2349
f 1259 1251 2349
f 2205 1334 2204
f 1334 1333 2204
f 2204 1333 2203
f 1333 1332 2203
f 2203 1332 2202
f 1332 1331 2202
f 2202 1331 2201
f 1331 1330 2201
f 2201 1330 2200
f 1330 1329 2200
f 2200 1329 2199
f 1329 1327 2199
f 2199 1327 2198
f 1327 1326 2198
f 2198 1326 2197
f 1326 1366 2197
f 2197 1366 2196
f 1366 1365 2196
f 2196 1365 2195
f 1365 1364 2195
f 2195 1364 2194
f 1364 1363 2194
f 2194 1363 2193
f 1363 1362 2193
f 2193 1362 2192
f 1362 1359 2192
f 2192 1359 2191
f 1359 1358 2191
f 2191 1358 2190
f 1358 1357 2190
f 2190 1357 2189
f 1357 1356 2189
f 2189 1356 2188
f 1356 1352 2188
f 2188 1352 2187
f 1352 1351 2187
f 2187 1351 2186
f 1351 1350 2186
f 2186 1350 2185
f 1350 1349 2185
f 2185 1349 2184
f 1349 1361 2184
f 2184 1361 2183
f 1361 1360 2183
f 2183 1360 2182
f 1360 1355 2182
f 2182 1355 2181
f 1355 1354 2181
f 2181 1354 2180
f 1354 1353 2180
f 2180 1353 2179
f 1353 1348 2179
f 2179 1348 2178
f 1348 1347 2178
f 2178 1347 2177
f 1347 1346 2177
f 2177 1346 2176
f 1346 1342 2176
f 2176 1342 2175
f 1342 1341 2175
f 2175 1341 2174
f 1341 1340 2174
f 2174 1340 2173
f 1340 1339 2173
f 2173 1339 2172
f 1339 1345 2172
f 2172 1345 2171
f 1345 1344 2171
f 2171 1344 2170
f 1344 1343 2170
f 2170 1343 2241
f 1343 1336 2241
f 2241 1336 2240
f 1336 1337 2240
f 2240 1337 2239
f 1337 1338 2239
f 2239 1338 2238
f 1338 1398 2238
f 2238 1398 2237
f 1398 1397 2237
f 2237 1397 2236
f 1397 1396 2236
f 2236 1396 2235
f 1396 1395 2235
f 2235 1395 2234
f 1395 1394 2234
f 2234 1394 2233
f 1394 1393 2233
f 2233 1393 2232
f 1393 1374 2232
f 2232 1374 2231
f 1374 1373 2231
f 2231 1373 2230
f 1373 1392 2230
f 2230 1392 2229
f 1392 1391 2229
f 2229 1391 2228
f 1391 1390 2228
f 2228 1390 2227
f 1390 1389 2227
f 2227 1389 2226
f 1389 1388 2226
f 2226 1388 2225
f 1388 1387 2225
f 2225 1387 2224
f 1387 1386 2224
f 2224 1386 2223
f 1386 1385 2223
f 2223 1385 2222
f 1385 1384 2222
f 2222 1384 2221
f 1384 1383 2221
f 2221 1383 2220
f 1383 1382 2220
f 2220 1382 2219
f 1382 1381 2219
f 2219 1381 2218
f 1381 1380 2218
f 2218 1380 2217
f 1380 1379 2217
f 2217 1379 2216
f 1379 1372 2216
f 2216 1372 2215
f 1372 1371 2215
f 2215 1371 2214
f 1371 1370 2214
f 2214 1370 2213
f 1370 1368 2213
f 2213 1368 2212
f 1368 1367 2212
f 2212 1367 2211
f 1367 1378 2211
f 2211 1378 2210
f 1378 1377 2210
f 2210 1377 2209
f 1377 1376 2209
f 2209 1376 2208
f 1376 1325 2208
f 2208 1325 2207
f 1325 1324 2207
f 2207 1324 2206
f 1324 1335 2206
f 2206 1335 2205
f 1335 1334 2205
f 2277 1417 2276
f 1417 1416 2276
f 2276 1416 2275
f 1416 1414 2275
f 2275 1414 2274
f 1414 1413 2274
f 2274 1413 2273
f 1413 1463 2273
f 2273 1463 2272
f 1463 1464 2272
f 2272 1464 2271
f 1464 1472 2271
f 2271 1472 2270
f 1472 1471 2270
f 2270 1471 2269
f 1471 1462 2269
f 2269 1462 2268
f 1462 1461 2268
f 2268 1461 2267
f 1461 1460 2267
f 2267 1460 2266
f 1460 1474 2266
f 2266 1474 2265
f 1474 1473 2265
f 2265 1473 2264
f 1473 1470 2264
f 2264 1470 2263
f 1470 1469 2263
f 2263 1469 2262
f 1469 1468 2262
f 2262 1468 2261
f 1468 1465 2261
f 2261 1465 2260
f 1465 1466 2260
f 2260 1466 2259
f 1466 1467 2259
f 2259 1467 2258
f 1467 1459 2258
f 2258 1459 2257
f 1459 1458 2257
f 2257 1458 2256
f 1458 1457 2256
f 2256 1457 2255
f 1457 1451 2255
f 2255 1451 2254
f 1451 1450 2254
f 2254 1450 2253
f 1450 1456 2253
f 2253 1456 2252
f 1456 1455 2252
f 2252 1455 2251
f 1455 1454 2251
f 2251 1454 2250
f 1454 1453 2250
f 2250 1453 2249
f 1453 1452 2249
f 2249 1452 2248
f 1452 1449 2248
f 2248 1449 2247
f 1449 1448 2247
f 2247 1448 2246
f 1448 1447 2246
f 2246 1447 2245
f 1447 1446 2245
f 2245 1446 2244
f 1446 1405 2244
f 2244 1405 2243
f 1405 1404 2243
f 2243 1404 2242
f 1404 1443 2242
f 2242 1443 2313
f 1443 1442 2313
f 2313 1442 2312
f 1442 1441 2312
f 2312 1441 2311
f 1441 1435 2311
f 2311 1435 2310
f 1435 1434 2310
f 2310 1434 2309
f 1434 1433 2309
f 2309 1433 2308
f 1433 1412 2308
f 2308 1412 2307
f 1412 1411 2307
f 2307 1411 2306
f 1411 1440 2306
f 2306 1440 2305
f 1440 1439 2305
f 2305 1439 2304
f 1439 1410 2304
f 2304 1410 2303
f 1410 1409 2303
f 2303 1409 2302
f 1409 1408 2302
f 2302 1408 2301
f 1408 1407 2301
f 2301 1407 2300
f 1407 1427 2300
f 2300 1427 2299
f 1427 1426 2299
f 2299 1426 2298
f 1426 1403 2298
f 2298 1403 2297
f 1403 1402 2297
f 2297 1402 2296
f 1402 1400 2296
f 2296 1400 2295
f 1400 1399 2295
f 2295 1399 2294
f 1399 1445 2294
f 2294 1445 2293
f 1445 1444 2293
f 2293 1444 2292
f 1444 1438 2292
f 2292 1438 2291
f 1438 1437 2291
f 2291 1437 2290
f 1437 1436 2290
f 2290 1436 2289
f 1436 1425 2289
f 2289 1425 2288
f 1425 1424 2288
f 2288 1424 2287
f 1424 1423 2287
f 2287 1423 2286
f 1423 1422 2286
f 2286 1422 2285
f 1422 1432 2285
f 2285 1432 2284
f 1432 1431 2284
f 2284 1431 2283
f 1431 1421 2283
f 2283 1421 2282
f 1421 1419 2282
f 2282 1419 2281
f 1419 1418 2281
f 2281 1418 2280
f 1418 1430 2280
f 2280 1430 2279
f 1430 1429 2279
f 2279 1429 2278
f 1429 1428 2278
f 2278 1428 2277
f 1428 1417 2277

