# https://github.com/mikedh/trimesh

o f1_bolt_back_plate.stl
v -0.05315561 0.00000000 -0.00660733
v -0.05315561 -0.00317500 -0.00660733
v -0.05190326 -0.00317500 -0.00804325
v -0.05190326 0.00000000 -0.00804325
v -0.05077060 -0.00317500 -0.00957535
v -0.05077060 0.00000000 -0.00957535
v -0.04976500 -0.00317500 -0.01119369
v -0.04976500 0.00000000 -0.01119369
v -0.04889297 -0.00317500 -0.01288774
v -0.04889297 0.00000000 -0.01288774
v -0.04816020 -0.00317500 -0.01464651
v -0.04816020 0.00000000 -0.01464651
v -0.04757142 -0.00317500 -0.01645858
v -0.04757142 0.00000000 -0.01645858
v -0.04713047 -0.00317500 -0.01831217
v -0.04713047 0.00000000 -0.01831217
v -0.04684021 -0.00317500 -0.02019525
v -0.04684021 0.00000000 -0.02019525
v -0.04670253 -0.00317500 -0.02209559
v -0.04670253 0.00000000 -0.02209559
v -0.04671833 -0.00317500 -0.02400084
v -0.04671833 0.00000000 -0.02400084
v -0.04688748 -0.00317500 -0.02589864
v -0.04688748 0.00000000 -0.02589864
v -0.05164155 0.00000000 -0.00323401
v -0.05164155 -0.00317500 -0.00323401
v -0.05180997 0.00000000 -0.00323597
v -0.05180997 -0.00317500 -0.00323597
v -0.05197763 0.00000000 -0.00325210
v -0.05197763 -0.00317500 -0.00325210
v -0.05214335 0.00000000 -0.00328227
v -0.05214335 -0.00317500 -0.00328227
v -0.05230593 0.00000000 -0.00332628
v -0.05230593 -0.00317500 -0.00332628
v -0.05246424 0.00000000 -0.00338382
v -0.05246424 -0.00317500 -0.00338382
v -0.05261714 0.00000000 -0.00345447
v -0.05261714 -0.00317500 -0.00345447
v -0.05276356 0.00000000 -0.00353773
v -0.05276356 -0.00317500 -0.00353773
v -0.05290245 0.00000000 -0.00363303
v -0.05290245 -0.00317500 -0.00363303
v -0.05303283 0.00000000 -0.00373967
v -0.05303283 -0.00317500 -0.00373967
v -0.05315377 0.00000000 -0.00385690
v -0.05315377 -0.00317500 -0.00385690
v -0.05326442 0.00000000 -0.00398389
v -0.05326442 -0.00317500 -0.00398389
v -0.05336400 0.00000000 -0.00411975
v -0.05336400 -0.00317500 -0.00411975
v -0.05345178 0.00000000 -0.00426350
v -0.05345178 -0.00317500 -0.00426350
v -0.05352717 0.00000000 -0.00441412
v -0.05352717 -0.00317500 -0.00441412
v -0.05358960 0.00000000 -0.00457056
v -0.05358960 -0.00317500 -0.00457056
v -0.05363866 0.00000000 -0.00473170
v -0.05363866 -0.00317500 -0.00473170
v -0.05367398 0.00000000 -0.00489639
v -0.05367398 -0.00317500 -0.00489639
v -0.05369532 0.00000000 -0.00506347
v -0.05369532 -0.00317500 -0.00506347
v -0.05370253 0.00000000 -0.00523175
v -0.05370253 -0.00317500 -0.00523175
v -0.05369554 0.00000000 -0.00540004
v -0.05369554 -0.00317500 -0.00540004
v -0.05367443 0.00000000 -0.00556715
v -0.05367443 -0.00317500 -0.00556715
v -0.05363933 0.00000000 -0.00573189
v -0.05363933 -0.00317500 -0.00573189
v -0.05359049 0.00000000 -0.00589309
v -0.05359049 -0.00317500 -0.00589309
v -0.05352826 0.00000000 -0.00604961
v -0.05352826 -0.00317500 -0.00604961
v -0.05345308 0.00000000 -0.00620034
v -0.05345308 -0.00317500 -0.00620034
v -0.05336548 0.00000000 -0.00634421
v -0.05336548 -0.00317500 -0.00634421
v -0.05326609 0.00000000 -0.00648019
v -0.05326609 -0.00317500 -0.00648019
v -0.02466865 0.00000000 -0.00405682
v -0.02466865 -0.00317500 -0.00405682
v -0.03272527 0.00000000 -0.00381105
v -0.03272527 -0.00317500 -0.00381105
v -0.03393427 0.00000000 -0.00377417
v -0.03393427 -0.00317500 -0.00377417
v -0.04130920 0.00000000 -0.00354920
v -0.04130920 -0.00317500 -0.00354920
v -0.04571059 0.00000000 -0.03436871
v -0.04571059 -0.00317500 -0.03436871
v -0.04576807 0.00000000 -0.03441676
v -0.04576807 -0.00317500 -0.03441676
v -0.04582180 0.00000000 -0.03446898
v -0.04582180 -0.00317500 -0.03446898
v -0.04587146 0.00000000 -0.03452509
v -0.04587146 -0.00317500 -0.03452509
v -0.04591678 0.00000000 -0.03458475
v -0.04591678 -0.00317500 -0.03458475
v -0.04595752 0.00000000 -0.03464764
v -0.04595752 -0.00317500 -0.03464764
v -0.04599342 0.00000000 -0.03471339
v -0.04599342 -0.00317500 -0.03471339
v -0.04602431 0.00000000 -0.03478166
v -0.04602431 -0.00317500 -0.03478166
v -0.05062192 0.00000000 -0.05126839
v -0.05062192 -0.00317500 -0.05126839
v -0.04130920 0.00000000 -0.03845055
v -0.04130920 -0.00317500 -0.03845055
v -0.03711059 0.00000000 -0.03267164
v -0.03711059 -0.00317500 -0.03267164
v -0.03393427 0.00000000 -0.02829982
v -0.03393427 -0.00317500 -0.02829982
v -0.03298836 0.00000000 -0.02699788
v -0.03298836 -0.00317500 -0.02699788
v -0.05767860 0.00000000 0.00108655
v -0.05767860 -0.00317500 0.00108655
v -0.05761348 0.00000000 0.00104947
v -0.05761348 -0.00317500 0.00104947
v -0.05754578 0.00000000 0.00101737
v -0.05754578 -0.00317500 0.00101737
v -0.05747586 0.00000000 0.00099044
v -0.05747586 -0.00317500 0.00099044
v -0.05740413 0.00000000 0.00096881
v -0.05740413 -0.00317500 0.00096881
v -0.05733097 0.00000000 0.00095262
v -0.05733097 -0.00317500 0.00095262
v -0.05725681 0.00000000 0.00094195
v -0.05725681 -0.00317500 0.00094195
v -0.05718206 0.00000000 0.00093686
v -0.05718206 -0.00317500 0.00093686
v -0.07192484 0.00000000 0.00992128
v -0.07192484 -0.00317500 0.00992128
v -0.07108880 0.00000000 0.01172218
v -0.07108880 -0.00317500 0.01172218
v -0.07117096 0.00000000 0.01174506
v -0.07117096 -0.00317500 0.01174506
v -0.07125477 0.00000000 0.01176084
v -0.07125477 -0.00317500 0.01176084
v -0.07133963 0.00000000 0.01176943
v -0.07133963 -0.00317500 0.01176943
v -0.07142490 0.00000000 0.01177076
v -0.07142490 -0.00317500 0.01177076
v -0.07150999 0.00000000 0.01176482
v -0.07150999 -0.00317500 0.01176482
v -0.07159425 0.00000000 0.01175165
v -0.07159425 -0.00317500 0.01175165
v -0.07167708 0.00000000 0.01173134
v -0.07167708 -0.00317500 0.01173134
v -0.07175789 0.00000000 0.01170405
v -0.07175789 -0.00317500 0.01170405
v -0.07183607 0.00000000 0.01166998
v -0.07183607 -0.00317500 0.01166998
v -0.07191107 0.00000000 0.01162936
v -0.07191107 -0.00317500 0.01162936
v -0.07198233 0.00000000 0.01158251
v -0.07198233 -0.00317500 0.01158251
v -0.07204934 0.00000000 0.01152975
v -0.07204934 -0.00317500 0.01152975
v -0.07211161 0.00000000 0.01147147
v -0.07211161 -0.00317500 0.01147147
v -0.07216870 0.00000000 0.01140810
v -0.07216870 -0.00317500 0.01140810
v -0.07222017 0.00000000 0.01134010
v -0.07222017 -0.00317500 0.01134010
v -0.07226566 0.00000000 0.01126796
v -0.07226566 -0.00317500 0.01126796
v -0.07230484 0.00000000 0.01119220
v -0.07230484 -0.00317500 0.01119220
v -0.07233742 0.00000000 0.01111338
v -0.07233742 -0.00317500 0.01111338
v -0.07236317 0.00000000 0.01103208
v -0.07236317 -0.00317500 0.01103208
v -0.07238189 0.00000000 0.01094887
v -0.07238189 -0.00317500 0.01094887
v -0.07239345 0.00000000 0.01086437
v -0.07239345 -0.00317500 0.01086437
v -0.07239778 0.00000000 0.01077919
v -0.07239778 -0.00317500 0.01077919
v -0.07239483 0.00000000 0.01069396
v -0.07239483 -0.00317500 0.01069396
v -0.07238463 0.00000000 0.01060928
v -0.07238463 -0.00317500 0.01060928
v -0.07236725 0.00000000 0.01052578
v -0.07236725 -0.00317500 0.01052578
v -0.07234282 0.00000000 0.01044407
v -0.07234282 -0.00317500 0.01044407
v -0.07231151 0.00000000 0.01036473
v -0.07231151 -0.00317500 0.01036473
v -0.07227356 0.00000000 0.01028836
v -0.07227356 -0.00317500 0.01028836
v -0.07222924 0.00000000 0.01021549
v -0.07222924 -0.00317500 0.01021549
v -0.07217887 0.00000000 0.01014667
v -0.07217887 -0.00317500 0.01014667
v -0.07212282 0.00000000 0.01008238
v -0.07212282 -0.00317500 0.01008238
v -0.07206149 0.00000000 0.01002311
v -0.07206149 -0.00317500 0.01002311
v -0.07199534 0.00000000 0.00996928
v -0.07199534 -0.00317500 0.00996928
v -0.04255710 0.00000000 0.00245167
v -0.04255710 -0.00317500 0.00245167
v -0.05306673 0.00000000 0.00586646
v -0.05306673 -0.00317500 0.00586646
v -0.05939784 0.00000000 0.00792356
v -0.05939784 -0.00317500 0.00792356
v -0.06566709 0.00000000 0.00996056
v -0.06566709 -0.00317500 0.00996056
v -0.04289661 0.00000000 0.00050108
v -0.04289661 -0.00317500 0.00050108
v -0.04281004 0.00000000 0.00050219
v -0.04281004 -0.00317500 0.00050219
v -0.04272389 0.00000000 0.00051078
v -0.04272389 -0.00317500 0.00051078
v -0.04263880 0.00000000 0.00052680
v -0.04263880 -0.00317500 0.00052680
v -0.04255543 0.00000000 0.00055011
v -0.04255543 -0.00317500 0.00055011
v -0.04247437 0.00000000 0.00058054
v -0.04247437 -0.00317500 0.00058054
v -0.04239626 0.00000000 0.00061788
v -0.04239626 -0.00317500 0.00061788
v -0.04232167 0.00000000 0.00066182
v -0.04232167 -0.00317500 0.00066182
v -0.04225116 0.00000000 0.00071206
v -0.04225116 -0.00317500 0.00071206
v -0.04218525 0.00000000 0.00076821
v -0.04218525 -0.00317500 0.00076821
v -0.04212446 0.00000000 0.00082984
v -0.04212446 -0.00317500 0.00082984
v -0.04206922 0.00000000 0.00089651
v -0.04206922 -0.00317500 0.00089651
v -0.04201995 0.00000000 0.00096770
v -0.04201995 -0.00317500 0.00096770
v -0.04197703 0.00000000 0.00104289
v -0.04197703 -0.00317500 0.00104289
v -0.04194077 0.00000000 0.00112151
v -0.04194077 -0.00317500 0.00112151
v -0.04191145 0.00000000 0.00120297
v -0.04191145 -0.00317500 0.00120297
v -0.04188928 0.00000000 0.00128666
v -0.04188928 -0.00317500 0.00128666
v -0.04187443 0.00000000 0.00137195
v -0.04187443 -0.00317500 0.00137195
v -0.04186702 0.00000000 0.00145821
v -0.04186702 -0.00317500 0.00145821
v -0.04186709 0.00000000 0.00154479
v -0.04186709 -0.00317500 0.00154479
v -0.04187466 0.00000000 0.00163103
v -0.04187466 -0.00317500 0.00163103
v -0.04188965 0.00000000 0.00171630
v -0.04188965 -0.00317500 0.00171630
v -0.04191197 0.00000000 0.00179995
v -0.04191197 -0.00317500 0.00179995
v -0.04194144 0.00000000 0.00188136
v -0.04194144 -0.00317500 0.00188136
v -0.04197783 0.00000000 0.00195991
v -0.04197783 -0.00317500 0.00195991
v -0.04202089 0.00000000 0.00203503
v -0.04202089 -0.00317500 0.00203503
v -0.04207028 0.00000000 0.00210613
v -0.04207028 -0.00317500 0.00210613
v -0.04212564 0.00000000 0.00217270
v -0.04212564 -0.00317500 0.00217270
v -0.04218655 0.00000000 0.00223423
v -0.04218655 -0.00317500 0.00223423
v -0.04225255 0.00000000 0.00229026
v -0.04225255 -0.00317500 0.00229026
v -0.04232315 0.00000000 0.00234037
v -0.04232315 -0.00317500 0.00234037
v -0.04239782 0.00000000 0.00238419
v -0.04239782 -0.00317500 0.00238419
v -0.04247600 0.00000000 0.00242138
v -0.04247600 -0.00317500 0.00242138
v -0.06402000 0.00000000 0.03424988
v -0.06402000 -0.00317500 0.03424988
v -0.06410525 0.00000000 0.03425248
v -0.06410525 -0.00317500 0.03425248
v -0.06419041 0.00000000 0.03424782
v -0.06419041 -0.00317500 0.03424782
v -0.06427486 0.00000000 0.03423591
v -0.06427486 -0.00317500 0.03423591
v -0.06435799 0.00000000 0.03421685
v -0.06435799 -0.00317500 0.03421685
v -0.06443919 0.00000000 0.03419077
v -0.06443919 -0.00317500 0.03419077
v -0.06451789 0.00000000 0.03415788
v -0.06451789 -0.00317500 0.03415788
v -0.06459348 0.00000000 0.03411840
v -0.06459348 -0.00317500 0.03411840
v -0.06466544 0.00000000 0.03407261
v -0.06466544 -0.00317500 0.03407261
v -0.06473324 0.00000000 0.03402086
v -0.06473324 -0.00317500 0.03402086
v -0.06479637 0.00000000 0.03396353
v -0.06479637 -0.00317500 0.03396353
v -0.06485440 0.00000000 0.03390102
v -0.06485440 -0.00317500 0.03390102
v -0.06490689 0.00000000 0.03383380
v -0.06490689 -0.00317500 0.03383380
v -0.06495345 0.00000000 0.03376235
v -0.06495345 -0.00317500 0.03376235
v -0.06499376 0.00000000 0.03368719
v -0.06499376 -0.00317500 0.03368719
v -0.06502752 0.00000000 0.03360886
v -0.06502752 -0.00317500 0.03360886
v -0.06505448 0.00000000 0.03352795
v -0.06505448 -0.00317500 0.03352795
v -0.06507446 0.00000000 0.03344504
v -0.06507446 -0.00317500 0.03344504
v -0.06508729 0.00000000 0.03336072
v -0.06508729 -0.00317500 0.03336072
v -0.06509289 0.00000000 0.03327562
v -0.06509289 -0.00317500 0.03327562
v -0.06509122 0.00000000 0.03319034
v -0.06509122 -0.00317500 0.03319034
v -0.06508229 0.00000000 0.03310553
v -0.06508229 -0.00317500 0.03310553
v -0.06506616 0.00000000 0.03302178
v -0.06506616 -0.00317500 0.03302178
v -0.06504296 0.00000000 0.03293971
v -0.06504296 -0.00317500 0.03293971
v -0.06501284 0.00000000 0.03285991
v -0.06501284 -0.00317500 0.03285991
v -0.06497604 0.00000000 0.03278298
v -0.06497604 -0.00317500 0.03278298
v -0.06493282 0.00000000 0.03270945
v -0.06493282 -0.00317500 0.03270945
v -0.06488349 0.00000000 0.03263988
v -0.06488349 -0.00317500 0.03263988
v -0.06482841 0.00000000 0.03257476
v -0.06482841 -0.00317500 0.03257476
v -0.06476798 0.00000000 0.03251458
v -0.06476798 -0.00317500 0.03251458
v -0.06470264 0.00000000 0.03245976
v -0.06470264 -0.00317500 0.03245976
v -0.06463287 0.00000000 0.03241071
v -0.06463287 -0.00317500 0.03241071
v -0.06455918 0.00000000 0.03236778
v -0.06455918 -0.00317500 0.03236778
v -0.06448209 0.00000000 0.03233129
v -0.06448209 -0.00317500 0.03233129
v -0.06440217 0.00000000 0.03230150
v -0.06440217 -0.00317500 0.03230150
v -0.04730162 0.00000000 0.03302359
v -0.04730162 -0.00317500 0.03302359
v -0.04681193 0.00000000 0.03285284
v -0.04681193 -0.00317500 0.03285284
v -0.04687539 0.00000000 0.03289266
v -0.04687539 -0.00317500 0.03289266
v -0.04694166 0.00000000 0.03292762
v -0.04694166 -0.00317500 0.03292762
v -0.04701037 0.00000000 0.03295751
v -0.04701037 -0.00317500 0.03295751
v -0.04708112 0.00000000 0.03298219
v -0.04708112 -0.00317500 0.03298219
v -0.04715351 0.00000000 0.03300149
v -0.04715351 -0.00317500 0.03300149
v -0.04722715 0.00000000 0.03301532
v -0.04722715 -0.00317500 0.03301532
v -0.03499861 0.00000000 0.02480861
v -0.03499861 -0.00317500 0.02480861
v -0.03587048 0.00000000 0.02303099
v -0.03587048 -0.00317500 0.02303099
v -0.03578706 0.00000000 0.02300783
v -0.03578706 -0.00317500 0.02300783
v -0.03570195 0.00000000 0.02299196
v -0.03570195 -0.00317500 0.02299196
v -0.03561578 0.00000000 0.02298352
v -0.03561578 -0.00317500 0.02298352
v -0.03552921 0.00000000 0.02298257
v -0.03552921 -0.00317500 0.02298257
v -0.03544288 0.00000000 0.02298910
v -0.03544288 -0.00317500 0.02298910
v -0.03535744 0.00000000 0.02300308
v -0.03535744 -0.00317500 0.02300308
v -0.03527353 0.00000000 0.02302440
v -0.03527353 -0.00317500 0.02302440
v -0.03519177 0.00000000 0.02305289
v -0.03519177 -0.00317500 0.02305289
v -0.03511279 0.00000000 0.02308835
v -0.03511279 -0.00317500 0.02308835
v -0.03503717 0.00000000 0.02313051
v -0.03503717 -0.00317500 0.02313051
v -0.03496548 0.00000000 0.02317905
v -0.03496548 -0.00317500 0.02317905
v -0.03489826 0.00000000 0.02323361
v -0.03489826 -0.00317500 0.02323361
v -0.03483601 0.00000000 0.02329377
v -0.03483601 -0.00317500 0.02329377
v -0.03477919 0.00000000 0.02335910
v -0.03477919 -0.00317500 0.02335910
v -0.03472824 0.00000000 0.02342910
v -0.03472824 -0.00317500 0.02342910
v -0.03468354 0.00000000 0.02350324
v -0.03468354 -0.00317500 0.02350324
v -0.03464541 0.00000000 0.02358097
v -0.03464541 -0.00317500 0.02358097
v -0.03461416 0.00000000 0.02366171
v -0.03461416 -0.00317500 0.02366171
v -0.03459000 0.00000000 0.02374485
v -0.03459000 -0.00317500 0.02374485
v -0.03457312 0.00000000 0.02382976
v -0.03457312 -0.00317500 0.02382976
v -0.03456365 0.00000000 0.02391582
v -0.03456365 -0.00317500 0.02391582
v -0.03456167 0.00000000 0.02400238
v -0.03456167 -0.00317500 0.02400238
v -0.03456717 0.00000000 0.02408878
v -0.03456717 -0.00317500 0.02408878
v -0.03458013 0.00000000 0.02417438
v -0.03458013 -0.00317500 0.02417438
v -0.03460044 0.00000000 0.02425854
v -0.03460044 -0.00317500 0.02425854
v -0.03462796 0.00000000 0.02434063
v -0.03462796 -0.00317500 0.02434063
v -0.03466247 0.00000000 0.02442002
v -0.03466247 -0.00317500 0.02442002
v -0.03470373 0.00000000 0.02449614
v -0.03470373 -0.00317500 0.02449614
v -0.03475141 0.00000000 0.02456841
v -0.03475141 -0.00317500 0.02456841
v -0.03480516 0.00000000 0.02463627
v -0.03480516 -0.00317500 0.02463627
v -0.03486459 0.00000000 0.02469924
v -0.03486459 -0.00317500 0.02469924
v -0.03492923 0.00000000 0.02475683
v -0.03492923 -0.00317500 0.02475683
v -0.05939784 0.00000000 0.03067549
v -0.05939784 -0.00317500 0.03067549
v -0.05306673 0.00000000 0.02861839
v -0.05306673 -0.00317500 0.02861839
v -0.04130920 0.00000000 0.02479814
v -0.04130920 -0.00317500 0.02479814
v -0.01279030 0.00000000 0.07147043
v -0.01279030 -0.00317500 0.07147043
v -0.01679030 0.00000000 0.05519136
v -0.01679030 -0.00317500 0.05519136
v -0.01081919 -0.00317500 0.07123182
v -0.01081919 0.00000000 0.07123182
v -0.01081919 -0.00317500 0.06274786
v -0.01081919 0.00000000 0.06274786
v -0.01081919 -0.00317500 0.05140941
v -0.01081919 0.00000000 0.05140941
v -0.01081919 -0.00317500 0.04123182
v -0.01081919 0.00000000 0.04123182
v -0.01677922 0.00000000 0.05467287
v -0.01677922 -0.00317500 0.05467287
v -0.01277922 0.00000000 0.04095194
v -0.01277922 -0.00317500 0.04095194
v -0.03912010 0.00000000 0.03658953
v -0.03912010 -0.00317500 0.03658953
v -0.03928421 0.00000000 0.03655161
v -0.03928421 -0.00317500 0.03655161
v -0.03944455 0.00000000 0.03650001
v -0.03944455 -0.00317500 0.03650001
v -0.03959998 0.00000000 0.03643511
v -0.03959998 -0.00317500 0.03643511
v -0.03974940 0.00000000 0.03635736
v -0.03974940 -0.00317500 0.03635736
v -0.03989174 0.00000000 0.03626731
v -0.03989174 -0.00317500 0.03626731
v -0.04002601 0.00000000 0.03616560
v -0.04002601 -0.00317500 0.03616560
v -0.04015123 0.00000000 0.03605296
v -0.04015123 -0.00317500 0.03605296
v -0.04026654 0.00000000 0.03593018
v -0.04026654 -0.00317500 0.03593018
v -0.04037111 0.00000000 0.03579813
v -0.04037111 -0.00317500 0.03579813
v -0.04046420 0.00000000 0.03565775
v -0.04046420 -0.00317500 0.03565775
v -0.04054514 0.00000000 0.03551004
v -0.04054514 -0.00317500 0.03551004
v -0.04061336 0.00000000 0.03535604
v -0.04061336 -0.00317500 0.03535604
v -0.04066839 0.00000000 0.03519684
v -0.04066839 -0.00317500 0.03519684
v -0.04070983 0.00000000 0.03503358
v -0.04070983 -0.00317500 0.03503358
v -0.04073738 0.00000000 0.03486741
v -0.04073738 -0.00317500 0.03486741
v -0.04075085 0.00000000 0.03469951
v -0.04075085 -0.00317500 0.03469951
v -0.04075015 0.00000000 0.03453108
v -0.04075015 -0.00317500 0.03453108
v -0.04073528 0.00000000 0.03436330
v -0.04073528 -0.00317500 0.03436330
v -0.04070634 0.00000000 0.03419737
v -0.04070634 -0.00317500 0.03419737
v -0.04066354 0.00000000 0.03403446
v -0.04066354 -0.00317500 0.03403446
v -0.04060719 0.00000000 0.03387573
v -0.04060719 -0.00317500 0.03387573
v -0.04053768 0.00000000 0.03372230
v -0.04053768 -0.00317500 0.03372230
v -0.04045551 0.00000000 0.03357527
v -0.04045551 -0.00317500 0.03357527
v -0.04036125 0.00000000 0.03343567
v -0.04036125 -0.00317500 0.03343567
v -0.04025558 0.00000000 0.03330450
v -0.04025558 -0.00317500 0.03330450
v -0.04013925 0.00000000 0.03318269
v -0.04013925 -0.00317500 0.03318269
v -0.04001309 0.00000000 0.03307109
v -0.04001309 -0.00317500 0.03307109
v -0.03987798 0.00000000 0.03297051
v -0.03987798 -0.00317500 0.03297051
v -0.02270993 0.00000000 0.04851221
v -0.02270993 -0.00317500 0.04851221
v -0.02368858 -0.00317500 0.04687743
v -0.02368858 0.00000000 0.04687743
v -0.02479568 -0.00317500 0.04532677
v -0.02479568 0.00000000 0.04532677
v -0.02602406 -0.00317500 0.04387029
v -0.02602406 0.00000000 0.04387029
v -0.02736573 -0.00317500 0.04251745
v -0.02736573 0.00000000 0.04251745
v -0.02881198 -0.00317500 0.04127705
v -0.02881198 0.00000000 0.04127705
v -0.03035341 -0.00317500 0.04015713
v -0.03035341 0.00000000 0.04015713
v -0.03198003 -0.00317500 0.03916497
v -0.03198003 0.00000000 0.03916497
v -0.03368125 -0.00317500 0.03830701
v -0.03368125 0.00000000 0.03830701
v -0.03544603 -0.00317500 0.03758884
v -0.03544603 0.00000000 0.03758884
v -0.03726291 -0.00317500 0.03701510
v -0.03726291 0.00000000 0.03701510
v -0.01903385 0.00000000 0.04811466
v -0.01903385 -0.00317500 0.04811466
v -0.01908775 0.00000000 0.04827424
v -0.01908775 -0.00317500 0.04827424
v -0.01915490 0.00000000 0.04842871
v -0.01915490 -0.00317500 0.04842871
v -0.01923480 0.00000000 0.04857699
v -0.01923480 -0.00317500 0.04857699
v -0.01932690 0.00000000 0.04871802
v -0.01932690 -0.00317500 0.04871802
v -0.01943054 0.00000000 0.04885080
v -0.01943054 -0.00317500 0.04885080
v -0.01954499 0.00000000 0.04897439
v -0.01954499 -0.00317500 0.04897439
v -0.01966942 0.00000000 0.04908790
v -0.01966942 -0.00317500 0.04908790
v -0.01980297 0.00000000 0.04919055
v -0.01980297 -0.00317500 0.04919055
v -0.01994468 0.00000000 0.04928160
v -0.01994468 -0.00317500 0.04928160
v -0.02009355 0.00000000 0.04936039
v -0.02009355 -0.00317500 0.04936039
v -0.02024852 0.00000000 0.04942639
v -0.02024852 -0.00317500 0.04942639
v -0.02040849 0.00000000 0.04947910
v -0.02040849 -0.00317500 0.04947910
v -0.02057234 0.00000000 0.04951818
v -0.02057234 -0.00317500 0.04951818
v -0.02073889 0.00000000 0.04954332
v -0.02073889 -0.00317500 0.04954332
v -0.02090696 0.00000000 0.04955436
v -0.02090696 -0.00317500 0.04955436
v -0.02107537 0.00000000 0.04955122
v -0.02107537 -0.00317500 0.04955122
v -0.02124291 0.00000000 0.04953392
v -0.02124291 -0.00317500 0.04953392
v -0.02140841 0.00000000 0.04950259
v -0.02140841 -0.00317500 0.04950259
v -0.02157068 0.00000000 0.04945744
v -0.02157068 -0.00317500 0.04945744
v -0.02172858 0.00000000 0.04939879
v -0.02172858 -0.00317500 0.04939879
v -0.02188099 0.00000000 0.04932707
v -0.02188099 -0.00317500 0.04932707
v -0.02202681 0.00000000 0.04924278
v -0.02202681 -0.00317500 0.04924278
v -0.02216503 0.00000000 0.04914652
v -0.02216503 -0.00317500 0.04914652
v -0.02229466 0.00000000 0.04903897
v -0.02229466 -0.00317500 0.04903897
v -0.02241478 0.00000000 0.04892088
v -0.02241478 -0.00317500 0.04892088
v -0.02252454 0.00000000 0.04879312
v -0.02252454 -0.00317500 0.04879312
v -0.02262316 0.00000000 0.04865657
v -0.02262316 -0.00317500 0.04865657
v -0.01757282 0.00000000 0.01778190
v -0.01757282 -0.00317500 0.01778190
v -0.01728553 0.00000000 0.01760356
v -0.01728553 -0.00317500 0.01760356
v -0.01698420 0.00000000 0.01745013
v -0.01698420 -0.00317500 0.01745013
v -0.01667099 0.00000000 0.01732269
v -0.01667099 -0.00317500 0.01732269
v -0.01634813 0.00000000 0.01722216
v -0.01634813 -0.00317500 0.01722216
v -0.01601793 0.00000000 0.01714926
v -0.01601793 -0.00317500 0.01714926
v -0.01568276 0.00000000 0.01710451
v -0.01568276 -0.00317500 0.01710451
v -0.01534501 0.00000000 0.01708822
v -0.01534501 -0.00317500 0.01708822
v -0.01500709 0.00000000 0.01710052
v -0.01500709 -0.00317500 0.01710052
v -0.01467142 0.00000000 0.01714132
v -0.01467142 -0.00317500 0.01714132
v -0.01434038 0.00000000 0.01721033
v -0.01434038 -0.00317500 0.01721033
v -0.01401637 0.00000000 0.01730704
v -0.01401637 -0.00317500 0.01730704
v -0.01370167 0.00000000 0.01743078
v -0.01370167 -0.00317500 0.01743078
v -0.01339856 0.00000000 0.01758066
v -0.01339856 -0.00317500 0.01758066
v -0.01310918 0.00000000 0.01775560
v -0.01310918 -0.00317500 0.01775560
v -0.01283562 0.00000000 0.01795436
v -0.01283562 -0.00317500 0.01795436
v -0.01257982 0.00000000 0.01817551
v -0.01257982 -0.00317500 0.01817551
v -0.01234361 0.00000000 0.01841748
v -0.01234361 -0.00317500 0.01841748
v -0.01212868 0.00000000 0.01867853
v -0.01212868 -0.00317500 0.01867853
v -0.01193657 0.00000000 0.01895680
v -0.01193657 -0.00317500 0.01895680
v -0.01176865 0.00000000 0.01925031
v -0.01176865 -0.00317500 0.01925031
v -0.01162612 0.00000000 0.01955694
v -0.01162612 -0.00317500 0.01955694
v -0.01151000 0.00000000 0.01987452
v -0.01151000 -0.00317500 0.01987452
v -0.01142111 0.00000000 0.02020078
v -0.01142111 -0.00317500 0.02020078
v -0.01136010 0.00000000 0.02053337
v -0.01136010 -0.00317500 0.02053337
v -0.01132740 0.00000000 0.02086993
v -0.01132740 -0.00317500 0.02086993
v -0.01132324 0.00000000 0.02120805
v -0.01132324 -0.00317500 0.02120805
v -0.01134765 0.00000000 0.02154532
v -0.01134765 -0.00317500 0.02154532
v -0.01140046 0.00000000 0.02187931
v -0.01140046 -0.00317500 0.02187931
v -0.01148129 0.00000000 0.02220765
v -0.01148129 -0.00317500 0.02220765
v -0.03393427 0.00000000 0.02892317
v -0.03393427 -0.00317500 0.02892317
v -0.03272527 0.00000000 0.02809990
v -0.03272527 -0.00317500 0.02809990
v -0.02140654 0.00000000 0.02039246
v -0.02140654 -0.00317500 0.02039246
v -0.02044531 0.00000000 0.01973791
v -0.02044531 -0.00317500 0.01973791
v -0.01845959 0.00000000 0.01838575
v -0.01845959 -0.00317500 0.01838575
v 0.03987798 0.00000000 0.03297051
v 0.03987798 -0.00317500 0.03297051
v 0.04001309 0.00000000 0.03307109
v 0.04001309 -0.00317500 0.03307109
v 0.04013925 0.00000000 0.03318269
v 0.04013925 -0.00317500 0.03318269
v 0.04025558 0.00000000 0.03330450
v 0.04025558 -0.00317500 0.03330450
v 0.04036125 0.00000000 0.03343567
v 0.04036125 -0.00317500 0.03343567
v 0.04045551 0.00000000 0.03357527
v 0.04045551 -0.00317500 0.03357527
v 0.04053768 0.00000000 0.03372230
v 0.04053768 -0.00317500 0.03372230
v 0.04060719 0.00000000 0.03387573
v 0.04060719 -0.00317500 0.03387573
v 0.04066354 0.00000000 0.03403446
v 0.04066354 -0.00317500 0.03403446
v 0.04070634 0.00000000 0.03419737
v 0.04070634 -0.00317500 0.03419737
v 0.04073528 0.00000000 0.03436330
v 0.04073528 -0.00317500 0.03436330
v 0.04075015 0.00000000 0.03453108
v 0.04075015 -0.00317500 0.03453108
v 0.04075085 0.00000000 0.03469951
v 0.04075085 -0.00317500 0.03469951
v 0.04073738 0.00000000 0.03486741
v 0.04073738 -0.00317500 0.03486741
v 0.04070983 0.00000000 0.03503358
v 0.04070983 -0.00317500 0.03503358
v 0.04066839 0.00000000 0.03519684
v 0.04066839 -0.00317500 0.03519684
v 0.04061336 0.00000000 0.03535604
v 0.04061336 -0.00317500 0.03535604
v 0.04054514 0.00000000 0.03551004
v 0.04054514 -0.00317500 0.03551004
v 0.04046420 0.00000000 0.03565775
v 0.04046420 -0.00317500 0.03565775
v 0.04037111 0.00000000 0.03579813
v 0.04037111 -0.00317500 0.03579813
v 0.04026654 0.00000000 0.03593018
v 0.04026654 -0.00317500 0.03593018
v 0.04015123 0.00000000 0.03605296
v 0.04015123 -0.00317500 0.03605296
v 0.04002601 0.00000000 0.03616560
v 0.04002601 -0.00317500 0.03616560
v 0.03989174 0.00000000 0.03626731
v 0.03989174 -0.00317500 0.03626731
v 0.03974940 0.00000000 0.03635736
v 0.03974940 -0.00317500 0.03635736
v 0.03959998 0.00000000 0.03643511
v 0.03959998 -0.00317500 0.03643511
v 0.03944455 0.00000000 0.03650001
v 0.03944455 -0.00317500 0.03650001
v 0.03928421 0.00000000 0.03655161
v 0.03928421 -0.00317500 0.03655161
v 0.03912010 0.00000000 0.03658953
v 0.03912010 -0.00317500 0.03658953
v 0.01757282 0.00000000 0.01778190
v 0.01757282 -0.00317500 0.01778190
v 0.02044531 0.00000000 0.01973791
v 0.02044531 -0.00317500 0.01973791
v 0.02140654 0.00000000 0.02039246
v 0.02140654 -0.00317500 0.02039246
v 0.02345799 0.00000000 0.02178938
v 0.02345799 -0.00317500 0.02178938
v 0.03272527 0.00000000 0.02809990
v 0.03272527 -0.00317500 0.02809990
v 0.03393427 0.00000000 0.02892317
v 0.03393427 -0.00317500 0.02892317
v 0.01148129 0.00000000 0.02220765
v 0.01148129 -0.00317500 0.02220765
v 0.01140046 0.00000000 0.02187931
v 0.01140046 -0.00317500 0.02187931
v 0.01134765 0.00000000 0.02154532
v 0.01134765 -0.00317500 0.02154532
v 0.01132324 0.00000000 0.02120805
v 0.01132324 -0.00317500 0.02120805
v 0.01132740 0.00000000 0.02086993
v 0.01132740 -0.00317500 0.02086993
v 0.01136010 0.00000000 0.02053337
v 0.01136010 -0.00317500 0.02053337
v 0.01142111 0.00000000 0.02020078
v 0.01142111 -0.00317500 0.02020078
v 0.01151000 0.00000000 0.01987452
v 0.01151000 -0.00317500 0.01987452
v 0.01162612 0.00000000 0.01955694
v 0.01162612 -0.00317500 0.01955694
v 0.01176865 0.00000000 0.01925031
v 0.01176865 -0.00317500 0.01925031
v 0.01193657 0.00000000 0.01895680
v 0.01193657 -0.00317500 0.01895680
v 0.01212868 0.00000000 0.01867853
v 0.01212868 -0.00317500 0.01867853
v 0.01234361 0.00000000 0.01841748
v 0.01234361 -0.00317500 0.01841748
v 0.01257982 0.00000000 0.01817551
v 0.01257982 -0.00317500 0.01817551
v 0.01283562 0.00000000 0.01795436
v 0.01283562 -0.00317500 0.01795436
v 0.01310918 0.00000000 0.01775560
v 0.01310918 -0.00317500 0.01775560
v 0.01339856 0.00000000 0.01758066
v 0.01339856 -0.00317500 0.01758066
v 0.01370167 0.00000000 0.01743078
v 0.01370167 -0.00317500 0.01743078
v 0.01401637 0.00000000 0.01730704
v 0.01401637 -0.00317500 0.01730704
v 0.01434038 0.00000000 0.01721033
v 0.01434038 -0.00317500 0.01721033
v 0.01467142 0.00000000 0.01714132
v 0.01467142 -0.00317500 0.01714132
v 0.01500709 0.00000000 0.01710052
v 0.01500709 -0.00317500 0.01710052
v 0.01534501 0.00000000 0.01708822
v 0.01534501 -0.00317500 0.01708822
v 0.01568276 0.00000000 0.01710451
v 0.01568276 -0.00317500 0.01710451
v 0.01601793 0.00000000 0.01714926
v 0.01601793 -0.00317500 0.01714926
v 0.01634813 0.00000000 0.01722216
v 0.01634813 -0.00317500 0.01722216
v 0.01667099 0.00000000 0.01732269
v 0.01667099 -0.00317500 0.01732269
v 0.01698420 0.00000000 0.01745013
v 0.01698420 -0.00317500 0.01745013
v 0.01728553 0.00000000 0.01760356
v 0.01728553 -0.00317500 0.01760356
v 0.01586424 -0.00317500 0.03724219
v 0.01586424 0.00000000 0.03724219
v 0.01903385 -0.00317500 0.04811466
v 0.01903385 0.00000000 0.04811466
v 0.02270993 0.00000000 0.04851221
v 0.02270993 -0.00317500 0.04851221
v 0.02262316 0.00000000 0.04865657
v 0.02262316 -0.00317500 0.04865657
v 0.02252454 0.00000000 0.04879312
v 0.02252454 -0.00317500 0.04879312
v 0.02241478 0.00000000 0.04892088
v 0.02241478 -0.00317500 0.04892088
v 0.02229466 0.00000000 0.04903897
v 0.02229466 -0.00317500 0.04903897
v 0.02216503 0.00000000 0.04914652
v 0.02216503 -0.00317500 0.04914652
v 0.02202681 0.00000000 0.04924278
v 0.02202681 -0.00317500 0.04924278
v 0.02188099 0.00000000 0.04932707
v 0.02188099 -0.00317500 0.04932707
v 0.02172858 0.00000000 0.04939879
v 0.02172858 -0.00317500 0.04939879
v 0.02157068 0.00000000 0.04945744
v 0.02157068 -0.00317500 0.04945744
v 0.02140841 0.00000000 0.04950259
v 0.02140841 -0.00317500 0.04950259
v 0.02124291 0.00000000 0.04953392
v 0.02124291 -0.00317500 0.04953392
v 0.02107537 0.00000000 0.04955122
v 0.02107537 -0.00317500 0.04955122
v 0.02090696 0.00000000 0.04955436
v 0.02090696 -0.00317500 0.04955436
v 0.02073889 0.00000000 0.04954332
v 0.02073889 -0.00317500 0.04954332
v 0.02057234 0.00000000 0.04951818
v 0.02057234 -0.00317500 0.04951818
v 0.02040849 0.00000000 0.04947910
v 0.02040849 -0.00317500 0.04947910
v 0.02024852 0.00000000 0.04942639
v 0.02024852 -0.00317500 0.04942639
v 0.02009355 0.00000000 0.04936039
v 0.02009355 -0.00317500 0.04936039
v 0.01994468 0.00000000 0.04928160
v 0.01994468 -0.00317500 0.04928160
v 0.01980297 0.00000000 0.04919055
v 0.01980297 -0.00317500 0.04919055
v 0.01966942 0.00000000 0.04908790
v 0.01966942 -0.00317500 0.04908790
v 0.01954499 0.00000000 0.04897439
v 0.01954499 -0.00317500 0.04897439
v 0.01943054 0.00000000 0.04885080
v 0.01943054 -0.00317500 0.04885080
v 0.01932690 0.00000000 0.04871802
v 0.01932690 -0.00317500 0.04871802
v 0.01923480 0.00000000 0.04857699
v 0.01923480 -0.00317500 0.04857699
v 0.01915490 0.00000000 0.04842871
v 0.01915490 -0.00317500 0.04842871
v 0.01908775 0.00000000 0.04827424
v 0.01908775 -0.00317500 0.04827424
v 0.03726291 -0.00317500 0.03701510
v 0.03726291 0.00000000 0.03701510
v 0.03544603 -0.00317500 0.03758884
v 0.03544603 0.00000000 0.03758884
v 0.03368125 -0.00317500 0.03830701
v 0.03368125 0.00000000 0.03830701
v 0.03198003 -0.00317500 0.03916497
v 0.03198003 0.00000000 0.03916497
v 0.03035341 -0.00317500 0.04015713
v 0.03035341 0.00000000 0.04015713
v 0.02881198 -0.00317500 0.04127705
v 0.02881198 0.00000000 0.04127705
v 0.02736573 -0.00317500 0.04251745
v 0.02736573 0.00000000 0.04251745
v 0.02602406 -0.00317500 0.04387029
v 0.02602406 0.00000000 0.04387029
v 0.02479568 -0.00317500 0.04532677
v 0.02479568 0.00000000 0.04532677
v 0.02368858 -0.00317500 0.04687743
v 0.02368858 0.00000000 0.04687743
v 0.01279030 0.00000000 0.07147043
v 0.01679030 0.00000000 0.05519136
v 0.01279030 -0.00317500 0.07147043
v 0.01679030 -0.00317500 0.05519136
v 0.01677922 0.00000000 0.05467287
v 0.01677922 -0.00317500 0.05467287
v 0.01679748 0.00000000 0.05474554
v 0.01679748 -0.00317500 0.05474554
v 0.01681025 0.00000000 0.05481937
v 0.01681025 -0.00317500 0.05481937
v 0.01681746 0.00000000 0.05489395
v 0.01681746 -0.00317500 0.05489395
v 0.01681906 0.00000000 0.05496886
v 0.01681906 -0.00317500 0.05496886
v 0.01681504 0.00000000 0.05504368
v 0.01681504 -0.00317500 0.05504368
v 0.01680544 0.00000000 0.05511798
v 0.01680544 -0.00317500 0.05511798
v 0.01277922 0.00000000 0.04095194
v 0.01277922 -0.00317500 0.04095194
v 0.01081919 0.00000000 0.04123182
v 0.01081919 -0.00317500 0.04123182
v 0.01082293 0.00000000 0.04114532
v 0.01082293 -0.00317500 0.04114532
v 0.01083415 0.00000000 0.04105948
v 0.01083415 -0.00317500 0.04105948
v 0.01085275 0.00000000 0.04097492
v 0.01085275 -0.00317500 0.04097492
v 0.01087859 0.00000000 0.04089229
v 0.01087859 -0.00317500 0.04089229
v 0.01091148 0.00000000 0.04081221
v 0.01091148 -0.00317500 0.04081221
v 0.01095118 0.00000000 0.04073526
v 0.01095118 -0.00317500 0.04073526
v 0.01099738 0.00000000 0.04066205
v 0.01099738 -0.00317500 0.04066205
v 0.01104975 0.00000000 0.04059310
v 0.01104975 -0.00317500 0.04059310
v 0.01110788 0.00000000 0.04052894
v 0.01110788 -0.00317500 0.04052894
v 0.01117134 0.00000000 0.04047005
v 0.01117134 -0.00317500 0.04047005
v 0.01123966 0.00000000 0.04041687
v 0.01123966 -0.00317500 0.04041687
v 0.01131232 0.00000000 0.04036979
v 0.01131232 -0.00317500 0.04036979
v 0.01138878 0.00000000 0.04032918
v 0.01138878 -0.00317500 0.04032918
v 0.01146846 0.00000000 0.04029534
v 0.01146846 -0.00317500 0.04029534
v 0.01155078 0.00000000 0.04026851
v 0.01155078 -0.00317500 0.04026851
v 0.01163511 0.00000000 0.04024890
v 0.01163511 -0.00317500 0.04024890
v 0.01172082 0.00000000 0.04023667
v 0.01172082 -0.00317500 0.04023667
v 0.01180726 0.00000000 0.04023189
v 0.01180726 -0.00317500 0.04023189
v 0.01189379 0.00000000 0.04023460
v 0.01189379 -0.00317500 0.04023460
v 0.01197977 0.00000000 0.04024480
v 0.01197977 -0.00317500 0.04024480
v 0.01206454 0.00000000 0.04026238
v 0.01206454 -0.00317500 0.04026238
v 0.01214747 0.00000000 0.04028724
v 0.01214747 -0.00317500 0.04028724
v 0.01222795 0.00000000 0.04031917
v 0.01222795 -0.00317500 0.04031917
v 0.01230535 0.00000000 0.04035795
v 0.01230535 -0.00317500 0.04035795
v 0.01237912 0.00000000 0.04040328
v 0.01237912 -0.00317500 0.04040328
v 0.01244868 0.00000000 0.04045481
v 0.01244868 -0.00317500 0.04045481
v 0.01251353 0.00000000 0.04051217
v 0.01251353 -0.00317500 0.04051217
v 0.01257317 0.00000000 0.04057493
v 0.01257317 -0.00317500 0.04057493
v 0.01262717 0.00000000 0.04064261
v 0.01262717 -0.00317500 0.04064261
v 0.01267510 0.00000000 0.04071470
v 0.01267510 -0.00317500 0.04071470
v 0.01271662 0.00000000 0.04079067
v 0.01271662 -0.00317500 0.04079067
v 0.01275142 0.00000000 0.04086995
v 0.01275142 -0.00317500 0.04086995
v 0.01081919 0.00000000 0.07123182
v 0.01081919 -0.00317500 0.07123182
v 0.01081919 0.00000000 0.06274786
v 0.01081919 -0.00317500 0.06274786
v 0.01081919 0.00000000 0.05140941
v 0.01081919 -0.00317500 0.05140941
v 0.01276644 0.00000000 0.07155231
v 0.01276644 -0.00317500 0.07155231
v 0.01273568 0.00000000 0.07163186
v 0.01273568 -0.00317500 0.07163186
v 0.01269826 0.00000000 0.07170850
v 0.01269826 -0.00317500 0.07170850
v 0.01265444 0.00000000 0.07178167
v 0.01265444 -0.00317500 0.07178167
v 0.01260455 0.00000000 0.07185085
v 0.01260455 -0.00317500 0.07185085
v 0.01254895 0.00000000 0.07191551
v 0.01254895 -0.00317500 0.07191551
v 0.01248804 0.00000000 0.07197522
v 0.01248804 -0.00317500 0.07197522
v 0.01242226 0.00000000 0.07202950
v 0.01242226 -0.00317500 0.07202950
v 0.01235210 0.00000000 0.07207799
v 0.01235210 -0.00317500 0.07207799
v 0.01227806 0.00000000 0.07212032
v 0.01227806 -0.00317500 0.07212032
v 0.01220068 0.00000000 0.07215619
v 0.01220068 -0.00317500 0.07215619
v 0.01212052 0.00000000 0.07218534
v 0.01212052 -0.00317500 0.07218534
v 0.01203818 0.00000000 0.07220754
v 0.01203818 -0.00317500 0.07220754
v 0.01195424 0.00000000 0.07222266
v 0.01195424 -0.00317500 0.07222266
v 0.01186932 0.00000000 0.07223056
v 0.01186932 -0.00317500 0.07223056
v 0.01178404 0.00000000 0.07223120
v 0.01178404 -0.00317500 0.07223120
v 0.01169901 0.00000000 0.07222457
v 0.01169901 -0.00317500 0.07222457
v 0.01161485 0.00000000 0.07221072
v 0.01161485 -0.00317500 0.07221072
v 0.01153218 0.00000000 0.07218975
v 0.01153218 -0.00317500 0.07218975
v 0.01145160 0.00000000 0.07216181
v 0.01145160 -0.00317500 0.07216181
v 0.01137369 0.00000000 0.07212710
v 0.01137369 -0.00317500 0.07212710
v 0.01129903 0.00000000 0.07208589
v 0.01129903 -0.00317500 0.07208589
v 0.01122814 0.00000000 0.07203846
v 0.01122814 -0.00317500 0.07203846
v 0.01116156 0.00000000 0.07198516
v 0.01116156 -0.00317500 0.07198516
v 0.01109976 0.00000000 0.07192639
v 0.01109976 -0.00317500 0.07192639
v 0.01104319 0.00000000 0.07186256
v 0.01104319 -0.00317500 0.07186256
v 0.01099227 0.00000000 0.07179414
v 0.01099227 -0.00317500 0.07179414
v 0.01094736 0.00000000 0.07172164
v 0.01094736 -0.00317500 0.07172164
v 0.01090879 0.00000000 0.07164557
v 0.01090879 -0.00317500 0.07164557
v 0.01087685 0.00000000 0.07156648
v 0.01087685 -0.00317500 0.07156648
v 0.01085176 0.00000000 0.07148498
v 0.01085176 -0.00317500 0.07148498
v 0.01083371 0.00000000 0.07140162
v 0.01083371 -0.00317500 0.07140162
v 0.01082282 0.00000000 0.07131702
v 0.01082282 -0.00317500 0.07131702
v 0.05950702 0.00000000 -0.00767556
v 0.05950702 -0.00317500 -0.00767556
v 0.05825849 0.00000000 -0.00864869
v 0.05825849 -0.00317500 -0.00864869
v 0.05709701 0.00000000 -0.00972423
v 0.05709701 -0.00317500 -0.00972423
v 0.05603096 0.00000000 -0.01089443
v 0.05603096 -0.00317500 -0.01089443
v 0.05506804 0.00000000 -0.01215085
v 0.05506804 -0.00317500 -0.01215085
v 0.05421517 0.00000000 -0.01348444
v 0.05421517 -0.00317500 -0.01348444
v 0.05347852 0.00000000 -0.01488557
v 0.05347852 -0.00317500 -0.01488557
v 0.05286340 0.00000000 -0.01634414
v 0.05286340 -0.00317500 -0.01634414
v 0.05237423 0.00000000 -0.01784964
v 0.05237423 -0.00317500 -0.01784964
v 0.05201455 0.00000000 -0.01939121
v 0.05201455 -0.00317500 -0.01939121
v 0.05178695 0.00000000 -0.02095774
v 0.05178695 -0.00317500 -0.02095774
v 0.05169307 0.00000000 -0.02253794
v 0.05169307 -0.00317500 -0.02253794
v 0.05173359 0.00000000 -0.02412039
v 0.05173359 -0.00317500 -0.02412039
v 0.05190821 0.00000000 -0.02569371
v 0.05190821 -0.00317500 -0.02569371
v 0.05221568 0.00000000 -0.02724654
v 0.05221568 -0.00317500 -0.02724654
v 0.05265377 0.00000000 -0.02876769
v 0.05265377 -0.00317500 -0.02876769
v 0.00000000 0.00000000 0.01190000
v -0.00000000 -0.00317500 0.01190000
v 0.00035734 0.00000000 0.01191560
v 0.00035734 -0.00317500 0.01191560
v 0.00071196 0.00000000 0.01196229
v 0.00071196 -0.00317500 0.01196229
v 0.00106116 0.00000000 0.01203970
v 0.00106116 -0.00317500 0.01203970
v 0.00140228 0.00000000 0.01214726
v 0.00140228 -0.00317500 0.01214726
v 0.00173273 0.00000000 0.01228414
v 0.00173273 -0.00317500 0.01228414
v 0.00205000 0.00000000 0.01244930
v 0.00205000 -0.00317500 0.01244930
v 0.00235166 0.00000000 0.01264148
v 0.00235166 -0.00317500 0.01264148
v 0.00263543 0.00000000 0.01285922
v 0.00263543 -0.00317500 0.01285922
v 0.00289914 0.00000000 0.01310086
v 0.00289914 -0.00317500 0.01310086
v 0.00314078 0.00000000 0.01336457
v 0.00314078 -0.00317500 0.01336457
v 0.00335852 0.00000000 0.01364834
v 0.00335852 -0.00317500 0.01364834
v 0.00355070 0.00000000 0.01395000
v 0.00355070 -0.00317500 0.01395000
v 0.00371586 0.00000000 0.01426726
v 0.00371586 -0.00317500 0.01426726
v 0.00385274 0.00000000 0.01459772
v 0.00385274 -0.00317500 0.01459772
v 0.00396030 0.00000000 0.01493884
v 0.00396030 -0.00317500 0.01493884
v 0.00403771 0.00000000 0.01528804
v 0.00403771 -0.00317500 0.01528804
v 0.00408440 0.00000000 0.01564266
v 0.00408440 -0.00317500 0.01564266
v 0.00410000 0.00000000 0.01600000
v 0.00410000 -0.00317500 0.01600000
v 0.00408440 0.00000000 0.01635734
v 0.00408440 -0.00317500 0.01635734
v 0.00403771 0.00000000 0.01671196
v 0.00403771 -0.00317500 0.01671196
v 0.00396030 0.00000000 0.01706116
v 0.00396030 -0.00317500 0.01706116
v 0.00385274 0.00000000 0.01740228
v 0.00385274 -0.00317500 0.01740228
v 0.00371586 0.00000000 0.01773274
v 0.00371586 -0.00317500 0.01773274
v 0.00355070 0.00000000 0.01805000
v 0.00355070 -0.00317500 0.01805000
v 0.00335852 0.00000000 0.01835166
v 0.00335852 -0.00317500 0.01835166
v 0.00314078 0.00000000 0.01863543
v 0.00314078 -0.00317500 0.01863543
v 0.00289914 0.00000000 0.01889914
v 0.00289914 -0.00317500 0.01889914
v 0.00263543 0.00000000 0.01914078
v 0.00263543 -0.00317500 0.01914078
v 0.00235166 0.00000000 0.01935852
v 0.00235166 -0.00317500 0.01935852
v 0.00205000 0.00000000 0.01955070
v 0.00205000 -0.00317500 0.01955070
v 0.00173273 0.00000000 0.01971586
v 0.00173273 -0.00317500 0.01971586
v 0.00140228 0.00000000 0.01985274
v 0.00140228 -0.00317500 0.01985274
v 0.00106116 0.00000000 0.01996030
v 0.00106116 -0.00317500 0.01996030
v 0.00071196 0.00000000 0.02003771
v 0.00071196 -0.00317500 0.02003771
v 0.00035734 0.00000000 0.02008440
v 0.00035734 -0.00317500 0.02008440
v 0.00000000 0.00000000 0.02010000
v 0.00000000 -0.00317500 0.02010000
v -0.00035734 0.00000000 0.02008440
v -0.00035734 -0.00317500 0.02008440
v -0.00071196 0.00000000 0.02003771
v -0.00071196 -0.00317500 0.02003771
v -0.00106116 0.00000000 0.01996030
v -0.00106116 -0.00317500 0.01996030
v -0.00140228 0.00000000 0.01985274
v -0.00140228 -0.00317500 0.01985274
v -0.00173273 0.00000000 0.01971586
v -0.00173273 -0.00317500 0.01971586
v -0.00205000 0.00000000 0.01955070
v -0.00205000 -0.00317500 0.01955070
v -0.00235166 0.00000000 0.01935852
v -0.00235166 -0.00317500 0.01935852
v -0.00263543 0.00000000 0.01914078
v -0.00263543 -0.00317500 0.01914078
v -0.00289914 0.00000000 0.01889914
v -0.00289914 -0.00317500 0.01889914
v -0.00314078 0.00000000 0.01863543
v -0.00314078 -0.00317500 0.01863543
v -0.00335852 0.00000000 0.01835166
v -0.00335852 -0.00317500 0.01835166
v -0.00355070 0.00000000 0.01805000
v -0.00355070 -0.00317500 0.01805000
v -0.00371586 0.00000000 0.01773274
v -0.00371586 -0.00317500 0.01773274
v -0.00385274 0.00000000 0.01740228
v -0.00385274 -0.00317500 0.01740228
v -0.00396030 0.00000000 0.01706116
v -0.00396030 -0.00317500 0.01706116
v -0.00403771 0.00000000 0.01671196
v -0.00403771 -0.00317500 0.01671196
v -0.00408440 0.00000000 0.01635734
v -0.00408440 -0.00317500 0.01635734
v -0.00410000 0.00000000 0.01600000
v -0.00410000 -0.00317500 0.01600000
v -0.00408440 0.00000000 0.01564266
v -0.00408440 -0.00317500 0.01564266
v -0.00403771 0.00000000 0.01528804
v -0.00403771 -0.00317500 0.01528804
v -0.00396030 0.00000000 0.01493884
v -0.00396030 -0.00317500 0.01493884
v -0.00385274 0.00000000 0.01459772
v -0.00385274 -0.00317500 0.01459772
v -0.00371586 0.00000000 0.01426726
v -0.00371586 -0.00317500 0.01426726
v -0.00355070 0.00000000 0.01395000
v -0.00355070 -0.00317500 0.01395000
v -0.00335852 0.00000000 0.01364834
v -0.00335852 -0.00317500 0.01364834
v -0.00314078 0.00000000 0.01336457
v -0.00314078 -0.00317500 0.01336457
v -0.00289914 0.00000000 0.01310086
v -0.00289914 -0.00317500 0.01310086
v -0.00263543 0.00000000 0.01285922
v -0.00263543 -0.00317500 0.01285922
v -0.00235166 0.00000000 0.01264148
v -0.00235166 -0.00317500 0.01264148
v -0.00205000 0.00000000 0.01244930
v -0.00205000 -0.00317500 0.01244930
v -0.00173273 0.00000000 0.01228414
v -0.00173273 -0.00317500 0.01228414
v -0.00140228 0.00000000 0.01214726
v -0.00140228 -0.00317500 0.01214726
v -0.00106116 0.00000000 0.01203970
v -0.00106116 -0.00317500 0.01203970
v -0.00071196 0.00000000 0.01196229
v -0.00071196 -0.00317500 0.01196229
v -0.00035734 0.00000000 0.01191560
v -0.00035734 -0.00317500 0.01191560
v -0.03514396 -0.00317500 -0.07676631
v -0.03514396 0.00000000 -0.07676631
v -0.03393427 -0.00317500 -0.07587119
v -0.03393427 0.00000000 -0.07587119
v -0.03272527 -0.00317500 -0.07497658
v -0.03272527 0.00000000 -0.07497658
v -0.02044531 -0.00317500 -0.06588988
v -0.02044531 0.00000000 -0.06588988
v -0.02028168 -0.00317500 -0.06576881
v -0.02028168 0.00000000 -0.06576881
v -0.01845959 -0.00317500 -0.06442053
v -0.01845959 0.00000000 -0.06442053
v -0.01333677 -0.00317500 -0.06062984
v -0.01333677 0.00000000 -0.06062984
v -0.01108879 -0.00317500 -0.05896642
v -0.01108879 0.00000000 -0.05896642
v -0.00000000 0.00000000 -0.02010000
v -0.00000000 -0.00317500 -0.02010000
v 0.00035734 0.00000000 -0.02008440
v 0.00035734 -0.00317500 -0.02008440
v 0.00071196 0.00000000 -0.02003771
v 0.00071196 -0.00317500 -0.02003771
v 0.00106116 0.00000000 -0.01996030
v 0.00106116 -0.00317500 -0.01996030
v 0.00140228 0.00000000 -0.01985274
v 0.00140228 -0.00317500 -0.01985274
v 0.00173273 0.00000000 -0.01971586
v 0.00173273 -0.00317500 -0.01971586
v 0.00205000 0.00000000 -0.01955070
v 0.00205000 -0.00317500 -0.01955070
v 0.00235166 0.00000000 -0.01935852
v 0.00235166 -0.00317500 -0.01935852
v 0.00263543 0.00000000 -0.01914078
v 0.00263543 -0.00317500 -0.01914078
v 0.00289914 0.00000000 -0.01889914
v 0.00289914 -0.00317500 -0.01889914
v 0.00314078 0.00000000 -0.01863543
v 0.00314078 -0.00317500 -0.01863543
v 0.00335852 0.00000000 -0.01835166
v 0.00335852 -0.00317500 -0.01835166
v 0.00355070 0.00000000 -0.01805000
v 0.00355070 -0.00317500 -0.01805000
v 0.00371586 0.00000000 -0.01773274
v 0.00371586 -0.00317500 -0.01773274
v 0.00385274 0.00000000 -0.01740228
v 0.00385274 -0.00317500 -0.01740228
v 0.00396030 0.00000000 -0.01706116
v 0.00396030 -0.00317500 -0.01706116
v 0.00403771 0.00000000 -0.01671196
v 0.00403771 -0.00317500 -0.01671196
v 0.00408440 0.00000000 -0.01635734
v 0.00408440 -0.00317500 -0.01635734
v 0.00410000 0.00000000 -0.01600000
v 0.00410000 -0.00317500 -0.01600000
v 0.00408440 0.00000000 -0.01564266
v 0.00408440 -0.00317500 -0.01564266
v 0.00403771 0.00000000 -0.01528804
v 0.00403771 -0.00317500 -0.01528804
v 0.00396030 0.00000000 -0.01493884
v 0.00396030 -0.00317500 -0.01493884
v 0.00385274 0.00000000 -0.01459772
v 0.00385274 -0.00317500 -0.01459772
v 0.00371586 0.00000000 -0.01426726
v 0.00371586 -0.00317500 -0.01426726
v 0.00355070 0.00000000 -0.01395000
v 0.00355070 -0.00317500 -0.01395000
v 0.00335852 0.00000000 -0.01364834
v 0.00335852 -0.00317500 -0.01364834
v 0.00314078 0.00000000 -0.01336457
v 0.00314078 -0.00317500 -0.01336457
v 0.00289914 0.00000000 -0.01310086
v 0.00289914 -0.00317500 -0.01310086
v 0.00263543 0.00000000 -0.01285922
v 0.00263543 -0.00317500 -0.01285922
v 0.00235166 0.00000000 -0.01264148
v 0.00235166 -0.00317500 -0.01264148
v 0.00205000 0.00000000 -0.01244930
v 0.00205000 -0.00317500 -0.01244930
v 0.00173273 0.00000000 -0.01228414
v 0.00173273 -0.00317500 -0.01228414
v 0.00140228 0.00000000 -0.01214726
v 0.00140228 -0.00317500 -0.01214726
v 0.00106116 0.00000000 -0.01203970
v 0.00106116 -0.00317500 -0.01203970
v 0.00071196 0.00000000 -0.01196229
v 0.00071196 -0.00317500 -0.01196229
v 0.00035734 0.00000000 -0.01191560
v 0.00035734 -0.00317500 -0.01191560
v 0.00000000 0.00000000 -0.01190000
v 0.00000000 -0.00317500 -0.01190000
v -0.00035734 0.00000000 -0.01191560
v -0.00035734 -0.00317500 -0.01191560
v -0.00071196 0.00000000 -0.01196229
v -0.00071196 -0.00317500 -0.01196229
v -0.00106116 0.00000000 -0.01203970
v -0.00106116 -0.00317500 -0.01203970
v -0.00140228 0.00000000 -0.01214726
v -0.00140228 -0.00317500 -0.01214726
v -0.00173273 0.00000000 -0.01228414
v -0.00173273 -0.00317500 -0.01228414
v -0.00205000 0.00000000 -0.01244930
v -0.00205000 -0.00317500 -0.01244930
v -0.00235166 0.00000000 -0.01264148
v -0.00235166 -0.00317500 -0.01264148
v -0.00263543 0.00000000 -0.01285922
v -0.00263543 -0.00317500 -0.01285922
v -0.00289914 0.00000000 -0.01310086
v -0.00289914 -0.00317500 -0.01310086
v -0.00314078 0.00000000 -0.01336457
v -0.00314078 -0.00317500 -0.01336457
v -0.00335852 0.00000000 -0.01364834
v -0.00335852 -0.00317500 -0.01364834
v -0.00355070 0.00000000 -0.01395000
v -0.00355070 -0.00317500 -0.01395000
v -0.00371586 0.00000000 -0.01426726
v -0.00371586 -0.00317500 -0.01426726
v -0.00385274 0.00000000 -0.01459772
v -0.00385274 -0.00317500 -0.01459772
v -0.00396030 0.00000000 -0.01493884
v -0.00396030 -0.00317500 -0.01493884
v -0.00403771 0.00000000 -0.01528804
v -0.00403771 -0.00317500 -0.01528804
v -0.00408440 0.00000000 -0.01564266
v -0.00408440 -0.00317500 -0.01564266
v -0.00410000 0.00000000 -0.01600000
v -0.00410000 -0.00317500 -0.01600000
v -0.00408440 0.00000000 -0.01635734
v -0.00408440 -0.00317500 -0.01635734
v -0.00403771 0.00000000 -0.01671196
v -0.00403771 -0.00317500 -0.01671196
v -0.00396030 0.00000000 -0.01706116
v -0.00396030 -0.00317500 -0.01706116
v -0.00385274 0.00000000 -0.01740228
v -0.00385274 -0.00317500 -0.01740228
v -0.00371586 0.00000000 -0.01773274
v -0.00371586 -0.00317500 -0.01773274
v -0.00355070 0.00000000 -0.01805000
v -0.00355070 -0.00317500 -0.01805000
v -0.00335852 0.00000000 -0.01835166
v -0.00335852 -0.00317500 -0.01835166
v -0.00314078 0.00000000 -0.01863543
v -0.00314078 -0.00317500 -0.01863543
v -0.00289914 0.00000000 -0.01889914
v -0.00289914 -0.00317500 -0.01889914
v -0.00263543 0.00000000 -0.01914078
v -0.00263543 -0.00317500 -0.01914078
v -0.00235166 0.00000000 -0.01935852
v -0.00235166 -0.00317500 -0.01935852
v -0.00205000 0.00000000 -0.01955070
v -0.00205000 -0.00317500 -0.01955070
v -0.00173273 0.00000000 -0.01971586
v -0.00173273 -0.00317500 -0.01971586
v -0.00140228 0.00000000 -0.01985274
v -0.00140228 -0.00317500 -0.01985274
v -0.00106116 0.00000000 -0.01996030
v -0.00106116 -0.00317500 -0.01996030
v -0.00071196 0.00000000 -0.02003771
v -0.00071196 -0.00317500 -0.02003771
v -0.00035734 0.00000000 -0.02008440
v -0.00035734 -0.00317500 -0.02008440
v 0.06214902 -0.00317500 -0.05714599
v 0.06214902 0.00000000 -0.05714599
v 0.06050579 -0.00317500 -0.05223487
v 0.06050579 0.00000000 -0.05223487
v 0.05939784 -0.00317500 -0.04892357
v 0.05939784 0.00000000 -0.04892357
v 0.05396002 -0.00317500 -0.03267164
v 0.05396002 0.00000000 -0.03267164
v 0.04363061 -0.00317500 0.04118701
v 0.07355417 -0.00317500 0.04144815
v 0.04363061 0.00000000 0.04118701
v 0.07355417 0.00000000 0.04144815
v 0.00000000 0.00000000 -0.00815000
v -0.00000000 -0.00317500 -0.00815000
v 0.00071032 0.00000000 -0.00811899
v 0.00071032 -0.00317500 -0.00811899
v 0.00141523 0.00000000 -0.00802618
v 0.00141523 -0.00317500 -0.00802618
v 0.00210938 0.00000000 -0.00787230
v 0.00210938 -0.00317500 -0.00787230
v 0.00278746 0.00000000 -0.00765849
v 0.00278746 -0.00317500 -0.00765849
v 0.00344434 0.00000000 -0.00738641
v 0.00344434 -0.00317500 -0.00738641
v 0.00407500 0.00000000 -0.00705811
v 0.00407500 -0.00317500 -0.00705811
v 0.00467465 0.00000000 -0.00667609
v 0.00467465 -0.00317500 -0.00667609
v 0.00523872 0.00000000 -0.00624326
v 0.00523872 -0.00317500 -0.00624326
v 0.00576292 0.00000000 -0.00576292
v 0.00576292 -0.00317500 -0.00576292
v 0.00624326 0.00000000 -0.00523872
v 0.00624326 -0.00317500 -0.00523872
v 0.00667609 0.00000000 -0.00467465
v 0.00667609 -0.00317500 -0.00467465
v 0.00705811 0.00000000 -0.00407500
v 0.00705811 -0.00317500 -0.00407500
v 0.00738641 0.00000000 -0.00344434
v 0.00738641 -0.00317500 -0.00344434
v 0.00765849 0.00000000 -0.00278746
v 0.00765849 -0.00317500 -0.00278746
v 0.00787230 0.00000000 -0.00210938
v 0.00787230 -0.00317500 -0.00210938
v 0.00802618 0.00000000 -0.00141523
v 0.00802618 -0.00317500 -0.00141523
v 0.00811899 0.00000000 -0.00071032
v 0.00811899 -0.00317500 -0.00071032
v 0.00815000 0.00000000 0.00000000
v 0.00815000 -0.00317500 0.00000000
v 0.00811899 0.00000000 0.00071032
v 0.00811899 -0.00317500 0.00071032
v 0.00802618 0.00000000 0.00141523
v 0.00802618 -0.00317500 0.00141523
v 0.00787230 0.00000000 0.00210938
v 0.00787230 -0.00317500 0.00210938
v 0.00765849 0.00000000 0.00278746
v 0.00765849 -0.00317500 0.00278746
v 0.00738641 0.00000000 0.00344434
v 0.00738641 -0.00317500 0.00344434
v 0.00705811 0.00000000 0.00407500
v 0.00705811 -0.00317500 0.00407500
v 0.00667609 0.00000000 0.00467465
v 0.00667609 -0.00317500 0.00467465
v 0.00624326 0.00000000 0.00523872
v 0.00624326 -0.00317500 0.00523872
v 0.00576292 0.00000000 0.00576292
v 0.00576292 -0.00317500 0.00576292
v 0.00523872 0.00000000 0.00624326
v 0.00523872 -0.00317500 0.00624326
v 0.00467465 0.00000000 0.00667609
v 0.00467465 -0.00317500 0.00667609
v 0.00407500 0.00000000 0.00705811
v 0.00407500 -0.00317500 0.00705811
v 0.00344434 0.00000000 0.00738641
v 0.00344434 -0.00317500 0.00738641
v 0.00278746 0.00000000 0.00765849
v 0.00278746 -0.00317500 0.00765849
v 0.00210938 0.00000000 0.00787230
v 0.00210938 -0.00317500 0.00787230
v 0.00141523 0.00000000 0.00802618
v 0.00141523 -0.00317500 0.00802618
v 0.00071032 0.00000000 0.00811899
v 0.00071032 -0.00317500 0.00811899
v 0.00000000 0.00000000 0.00815000
v 0.00000000 -0.00317500 0.00815000
v -0.00071032 0.00000000 0.00811899
v -0.00071032 -0.00317500 0.00811899
v -0.00141523 0.00000000 0.00802618
v -0.00141523 -0.00317500 0.00802618
v -0.00210938 0.00000000 0.00787230
v -0.00210938 -0.00317500 0.00787230
v -0.00278746 0.00000000 0.00765849
v -0.00278746 -0.00317500 0.00765849
v -0.00344434 0.00000000 0.00738641
v -0.00344434 -0.00317500 0.00738641
v -0.00407500 0.00000000 0.00705811
v -0.00407500 -0.00317500 0.00705811
v -0.00467465 0.00000000 0.00667609
v -0.00467465 -0.00317500 0.00667609
v -0.00523872 0.00000000 0.00624326
v -0.00523872 -0.00317500 0.00624326
v -0.00576292 0.00000000 0.00576292
v -0.00576292 -0.00317500 0.00576292
v -0.00624326 0.00000000 0.00523872
v -0.00624326 -0.00317500 0.00523872
v -0.00667609 0.00000000 0.00467465
v -0.00667609 -0.00317500 0.00467465
v -0.00705811 0.00000000 0.00407500
v -0.00705811 -0.00317500 0.00407500
v -0.00738641 0.00000000 0.00344434
v -0.00738641 -0.00317500 0.00344434
v -0.00765849 0.00000000 0.00278746
v -0.00765849 -0.00317500 0.00278746
v -0.00787230 0.00000000 0.00210938
v -0.00787230 -0.00317500 0.00210938
v -0.00802618 0.00000000 0.00141523
v -0.00802618 -0.00317500 0.00141523
v -0.00811899 0.00000000 0.00071032
v -0.00811899 -0.00317500 0.00071032
v -0.00815000 0.00000000 0.00000000
v -0.00815000 -0.00317500 0.00000000
v -0.00811899 0.00000000 -0.00071032
v -0.00811899 -0.00317500 -0.00071032
v -0.00802618 0.00000000 -0.00141523
v -0.00802618 -0.00317500 -0.00141523
v -0.00787230 0.00000000 -0.00210938
v -0.00787230 -0.00317500 -0.00210938
v -0.00765849 0.00000000 -0.00278746
v -0.00765849 -0.00317500 -0.00278746
v -0.00738641 0.00000000 -0.00344434
v -0.00738641 -0.00317500 -0.00344434
v -0.00705811 0.00000000 -0.00407500
v -0.00705811 -0.00317500 -0.00407500
v -0.00667609 0.00000000 -0.00467465
v -0.00667609 -0.00317500 -0.00467465
v -0.00624326 0.00000000 -0.00523872
v -0.00624326 -0.00317500 -0.00523872
v -0.00576292 0.00000000 -0.00576292
v -0.00576292 -0.00317500 -0.00576292
v -0.00523872 0.00000000 -0.00624326
v -0.00523872 -0.00317500 -0.00624326
v -0.00467465 0.00000000 -0.00667609
v -0.00467465 -0.00317500 -0.00667609
v -0.00407500 0.00000000 -0.00705811
v -0.00407500 -0.00317500 -0.00705811
v -0.00344434 0.00000000 -0.00738641
v -0.00344434 -0.00317500 -0.00738641
v -0.00278746 0.00000000 -0.00765849
v -0.00278746 -0.00317500 -0.00765849
v -0.00210938 0.00000000 -0.00787230
v -0.00210938 -0.00317500 -0.00787230
v -0.00141523 0.00000000 -0.00802618
v -0.00141523 -0.00317500 -0.00802618
v -0.00071032 0.00000000 -0.00811899
v -0.00071032 -0.00317500 -0.00811899
v -0.05235684 0.00000000 -0.05030284
v -0.05235684 -0.00317500 -0.05030284
v -0.00000000 -0.00317500 0.05326390
v -0.00000000 0.00000000 0.05326390
v 0.00028447 -0.00317500 0.05325148
v 0.00028447 0.00000000 0.05325148
v 0.00056677 -0.00317500 0.05321432
v 0.00056677 0.00000000 0.05321432
v 0.00084476 -0.00317500 0.05315268
v 0.00084476 0.00000000 0.05315268
v 0.00111632 -0.00317500 0.05306706
v 0.00111632 0.00000000 0.05306706
v 0.00137938 -0.00317500 0.05295810
v 0.00137938 0.00000000 0.05295810
v 0.00163195 -0.00317500 0.05282662
v 0.00163195 0.00000000 0.05282662
v 0.00187210 -0.00317500 0.05267363
v 0.00187210 0.00000000 0.05267363
v 0.00209799 -0.00317500 0.05250029
v 0.00209799 0.00000000 0.05250029
v 0.00230793 -0.00317500 0.05230793
v 0.00230793 0.00000000 0.05230793
v 0.00250029 -0.00317500 0.05209799
v 0.00250029 0.00000000 0.05209799
v 0.00267363 -0.00317500 0.05187210
v 0.00267363 0.00000000 0.05187210
v 0.00282662 -0.00317500 0.05163195
v 0.00282662 0.00000000 0.05163195
v 0.00295810 -0.00317500 0.05137938
v 0.00295810 0.00000000 0.05137938
v 0.00306706 -0.00317500 0.05111632
v 0.00306706 0.00000000 0.05111632
v 0.00315269 -0.00317500 0.05084476
v 0.00315269 0.00000000 0.05084476
v 0.00321431 -0.00317500 0.05056677
v 0.00321431 0.00000000 0.05056677
v 0.00325148 -0.00317500 0.05028447
v 0.00325148 0.00000000 0.05028447
v 0.00326390 -0.00317500 0.05000000
v 0.00326390 0.00000000 0.05000000
v 0.00325148 -0.00317500 0.04971553
v 0.00325148 0.00000000 0.04971553
v 0.00321431 -0.00317500 0.04943323
v 0.00321431 0.00000000 0.04943323
v 0.00315269 -0.00317500 0.04915524
v 0.00315269 0.00000000 0.04915524
v 0.00306706 -0.00317500 0.04888368
v 0.00306706 0.00000000 0.04888368
v 0.00295810 -0.00317500 0.04862062
v 0.00295810 0.00000000 0.04862062
v 0.00282662 -0.00317500 0.04836805
v 0.00282662 0.00000000 0.04836805
v 0.00267363 -0.00317500 0.04812790
v 0.00267363 0.00000000 0.04812790
v 0.00250029 -0.00317500 0.04790201
v 0.00250029 0.00000000 0.04790201
v 0.00230793 -0.00317500 0.04769208
v 0.00230793 0.00000000 0.04769208
v 0.00209799 -0.00317500 0.04749971
v 0.00209799 0.00000000 0.04749971
v 0.00187210 -0.00317500 0.04732637
v 0.00187210 0.00000000 0.04732637
v 0.00163195 -0.00317500 0.04717338
v 0.00163195 0.00000000 0.04717338
v 0.00137938 -0.00317500 0.04704190
v 0.00137938 0.00000000 0.04704190
v 0.00111632 -0.00317500 0.04693294
v 0.00111632 0.00000000 0.04693294
v 0.00084476 -0.00317500 0.04684731
v 0.00084476 0.00000000 0.04684731
v 0.00056677 -0.00317500 0.04678569
v 0.00056677 0.00000000 0.04678569
v 0.00028447 -0.00317500 0.04674852
v 0.00028447 0.00000000 0.04674852
v -0.00000000 -0.00317500 0.04673610
v 0.00000000 0.00000000 0.04673610
v -0.00028447 -0.00317500 0.04674852
v -0.00028447 0.00000000 0.04674852
v -0.00056677 -0.00317500 0.04678569
v -0.00056677 0.00000000 0.04678569
v -0.00084476 -0.00317500 0.04684731
v -0.00084476 0.00000000 0.04684731
v -0.00111632 -0.00317500 0.04693294
v -0.00111632 0.00000000 0.04693294
v -0.00137938 -0.00317500 0.04704190
v -0.00137938 0.00000000 0.04704190
v -0.00163195 -0.00317500 0.04717338
v -0.00163195 0.00000000 0.04717338
v -0.00187210 -0.00317500 0.04732637
v -0.00187210 0.00000000 0.04732637
v -0.00209799 -0.00317500 0.04749971
v -0.00209799 0.00000000 0.04749971
v -0.00230793 -0.00317500 0.04769208
v -0.00230793 0.00000000 0.04769208
v -0.00250029 -0.00317500 0.04790201
v -0.00250029 0.00000000 0.04790201
v -0.00267363 -0.00317500 0.04812790
v -0.00267363 0.00000000 0.04812790
v -0.00282662 -0.00317500 0.04836805
v -0.00282662 0.00000000 0.04836805
v -0.00295810 -0.00317500 0.04862062
v -0.00295810 0.00000000 0.04862062
v -0.00306706 -0.00317500 0.04888368
v -0.00306706 0.00000000 0.04888368
v -0.00315269 -0.00317500 0.04915524
v -0.00315269 0.00000000 0.04915524
v -0.00321431 -0.00317500 0.04943323
v -0.00321431 0.00000000 0.04943323
v -0.00325148 -0.00317500 0.04971553
v -0.00325148 0.00000000 0.04971553
v -0.00326390 -0.00317500 0.05000000
v -0.00326390 0.00000000 0.05000000
v -0.00325148 -0.00317500 0.05028447
v -0.00325148 0.00000000 0.05028447
v -0.00321431 -0.00317500 0.05056677
v -0.00321431 0.00000000 0.05056677
v -0.00315269 -0.00317500 0.05084476
v -0.00315269 0.00000000 0.05084476
v -0.00306706 -0.00317500 0.05111632
v -0.00306706 0.00000000 0.05111632
v -0.00295810 -0.00317500 0.05137938
v -0.00295810 0.00000000 0.05137938
v -0.00282662 -0.00317500 0.05163195
v -0.00282662 0.00000000 0.05163195
v -0.00267363 -0.00317500 0.05187210
v -0.00267363 0.00000000 0.05187210
v -0.00250029 -0.00317500 0.05209799
v -0.00250029 0.00000000 0.05209799
v -0.00230793 -0.00317500 0.05230793
v -0.00230793 0.00000000 0.05230793
v -0.00209799 -0.00317500 0.05250029
v -0.00209799 0.00000000 0.05250029
v -0.00187210 -0.00317500 0.05267363
v -0.00187210 0.00000000 0.05267363
v -0.00163195 -0.00317500 0.05282662
v -0.00163195 0.00000000 0.05282662
v -0.00137938 -0.00317500 0.05295810
v -0.00137938 0.00000000 0.05295810
v -0.00111632 -0.00317500 0.05306706
v -0.00111632 0.00000000 0.05306706
v -0.00084476 -0.00317500 0.05315268
v -0.00084476 0.00000000 0.05315268
v -0.00056677 -0.00317500 0.05321432
v -0.00056677 0.00000000 0.05321432
v -0.00028447 -0.00317500 0.05325148
v -0.00028447 0.00000000 0.05325148
v 0.06440217 -0.00317500 0.03230150
v 0.06440217 0.00000000 0.03230150
v 0.05939784 -0.00317500 0.03067549
v 0.05939784 0.00000000 0.03067549
v 0.03587048 -0.00317500 0.02303099
v 0.03587048 0.00000000 0.02303099
v -0.04755282 -0.00317500 0.01871475
v -0.04755282 0.00000000 0.01871475
v -0.04726836 -0.00317500 0.01870233
v -0.04726836 0.00000000 0.01870233
v -0.04698605 -0.00317500 0.01866516
v -0.04698605 0.00000000 0.01866516
v -0.04670807 -0.00317500 0.01860354
v -0.04670807 0.00000000 0.01860354
v -0.04643651 -0.00317500 0.01851791
v -0.04643651 0.00000000 0.01851791
v -0.04617344 -0.00317500 0.01840895
v -0.04617344 0.00000000 0.01840895
v -0.04592087 -0.00317500 0.01827747
v -0.04592087 0.00000000 0.01827747
v -0.04568073 -0.00317500 0.01812448
v -0.04568073 0.00000000 0.01812448
v -0.04545483 -0.00317500 0.01795114
v -0.04545483 0.00000000 0.01795114
v -0.04524490 -0.00317500 0.01775878
v -0.04524490 0.00000000 0.01775878
v -0.04505253 -0.00317500 0.01754884
v -0.04505253 0.00000000 0.01754884
v -0.04487919 -0.00317500 0.01732295
v -0.04487919 0.00000000 0.01732295
v -0.04472620 -0.00317500 0.01708280
v -0.04472620 0.00000000 0.01708280
v -0.04459473 -0.00317500 0.01683023
v -0.04459473 0.00000000 0.01683023
v -0.04448576 -0.00317500 0.01656717
v -0.04448576 0.00000000 0.01656717
v -0.04440014 -0.00317500 0.01629561
v -0.04440014 0.00000000 0.01629561
v -0.04433851 -0.00317500 0.01601762
v -0.04433851 0.00000000 0.01601762
v -0.04430135 -0.00317500 0.01573532
v -0.04430135 0.00000000 0.01573532
v -0.04428893 -0.00317500 0.01545085
v -0.04428893 0.00000000 0.01545085
v -0.04430135 -0.00317500 0.01516638
v -0.04430135 0.00000000 0.01516638
v -0.04433851 -0.00317500 0.01488408
v -0.04433851 0.00000000 0.01488408
v -0.04440014 -0.00317500 0.01460609
v -0.04440014 0.00000000 0.01460609
v -0.04448576 -0.00317500 0.01433453
v -0.04448576 0.00000000 0.01433453
v -0.04459473 -0.00317500 0.01407147
v -0.04459473 0.00000000 0.01407147
v -0.04472620 -0.00317500 0.01381890
v -0.04472620 0.00000000 0.01381890
v -0.04487919 -0.00317500 0.01357875
v -0.04487919 0.00000000 0.01357875
v -0.04505253 -0.00317500 0.01335286
v -0.04505253 0.00000000 0.01335286
v -0.04524490 -0.00317500 0.01314292
v -0.04524490 0.00000000 0.01314292
v -0.04545483 -0.00317500 0.01295056
v -0.04545483 0.00000000 0.01295056
v -0.04568073 -0.00317500 0.01277722
v -0.04568073 0.00000000 0.01277722
v -0.04592087 -0.00317500 0.01262423
v -0.04592087 0.00000000 0.01262423
v -0.04617344 -0.00317500 0.01249275
v -0.04617344 0.00000000 0.01249275
v -0.04643651 -0.00317500 0.01238379
v -0.04643651 0.00000000 0.01238379
v -0.04670807 -0.00317500 0.01229816
v -0.04670807 0.00000000 0.01229816
v -0.04698605 -0.00317500 0.01223654
v -0.04698605 0.00000000 0.01223654
v -0.04726836 -0.00317500 0.01219937
v -0.04726836 0.00000000 0.01219937
v -0.04755282 -0.00317500 0.01218695
v -0.04755282 0.00000000 0.01218695
v -0.04783729 -0.00317500 0.01219937
v -0.04783729 0.00000000 0.01219937
v -0.04811960 -0.00317500 0.01223654
v -0.04811960 0.00000000 0.01223654
v -0.04839759 -0.00317500 0.01229816
v -0.04839759 0.00000000 0.01229816
v -0.04866914 -0.00317500 0.01238379
v -0.04866914 0.00000000 0.01238379
v -0.04893221 -0.00317500 0.01249275
v -0.04893221 0.00000000 0.01249275
v -0.04918478 -0.00317500 0.01262423
v -0.04918478 0.00000000 0.01262423
v -0.04942492 -0.00317500 0.01277722
v -0.04942492 0.00000000 0.01277722
v -0.04965082 -0.00317500 0.01295056
v -0.04965082 0.00000000 0.01295056
v -0.04986075 -0.00317500 0.01314292
v -0.04986075 0.00000000 0.01314292
v -0.05005312 -0.00317500 0.01335286
v -0.05005312 0.00000000 0.01335286
v -0.05022646 -0.00317500 0.01357875
v -0.05022646 0.00000000 0.01357875
v -0.05037945 -0.00317500 0.01381890
v -0.05037945 0.00000000 0.01381890
v -0.05051092 -0.00317500 0.01407147
v -0.05051092 0.00000000 0.01407147
v -0.05061989 -0.00317500 0.01433453
v -0.05061989 0.00000000 0.01433453
v -0.05070551 -0.00317500 0.01460609
v -0.05070551 0.00000000 0.01460609
v -0.05076714 -0.00317500 0.01488408
v -0.05076714 0.00000000 0.01488408
v -0.05080431 -0.00317500 0.01516638
v -0.05080431 0.00000000 0.01516638
v -0.05081673 -0.00317500 0.01545085
v -0.05081673 0.00000000 0.01545085
v -0.05080431 -0.00317500 0.01573532
v -0.05080431 0.00000000 0.01573532
v -0.05076714 -0.00317500 0.01601762
v -0.05076714 0.00000000 0.01601762
v -0.05070551 -0.00317500 0.01629561
v -0.05070551 0.00000000 0.01629561
v -0.05061989 -0.00317500 0.01656717
v -0.05061989 0.00000000 0.01656717
v -0.05051092 -0.00317500 0.01683023
v -0.05051092 0.00000000 0.01683023
v -0.05037945 -0.00317500 0.01708280
v -0.05037945 0.00000000 0.01708280
v -0.05022646 -0.00317500 0.01732295
v -0.05022646 0.00000000 0.01732295
v -0.05005312 -0.00317500 0.01754884
v -0.05005312 0.00000000 0.01754884
v -0.04986075 -0.00317500 0.01775878
v -0.04986075 0.00000000 0.01775878
v -0.04965082 -0.00317500 0.01795114
v -0.04965082 0.00000000 0.01795114
v -0.04942492 -0.00317500 0.01812448
v -0.04942492 0.00000000 0.01812448
v -0.04918478 -0.00317500 0.01827747
v -0.04918478 0.00000000 0.01827747
v -0.04893221 -0.00317500 0.01840895
v -0.04893221 0.00000000 0.01840895
v -0.04866914 -0.00317500 0.01851791
v -0.04866914 0.00000000 0.01851791
v -0.04839759 -0.00317500 0.01860354
v -0.04839759 0.00000000 0.01860354
v -0.04811960 -0.00317500 0.01866516
v -0.04811960 0.00000000 0.01866516
v -0.04783729 -0.00317500 0.01870233
v -0.04783729 0.00000000 0.01870233
v -0.02234189 0.00000000 -0.01121783
v -0.02234189 -0.00317500 -0.01121783
v -0.02208350 0.00000000 -0.01099971
v -0.02208350 -0.00317500 -0.01099971
v -0.02184446 0.00000000 -0.01076054
v -0.02184446 -0.00317500 -0.01076054
v -0.02162647 0.00000000 -0.01050204
v -0.02162647 -0.00317500 -0.01050204
v -0.02143110 0.00000000 -0.01022605
v -0.02143110 -0.00317500 -0.01022605
v -0.02125973 0.00000000 -0.00993455
v -0.02125973 -0.00317500 -0.00993455
v -0.02111359 0.00000000 -0.00962961
v -0.02111359 -0.00317500 -0.00962961
v -0.02099374 0.00000000 -0.00931342
v -0.02099374 -0.00317500 -0.00931342
v -0.02090101 0.00000000 -0.00898824
v -0.02090101 -0.00317500 -0.00898824
v -0.02083608 0.00000000 -0.00865638
v -0.02083608 -0.00317500 -0.00865638
v -0.02079942 0.00000000 -0.00832023
v -0.02079942 -0.00317500 -0.00832023
v -0.02079127 0.00000000 -0.00798219
v -0.02079127 -0.00317500 -0.00798219
v -0.02081171 0.00000000 -0.00764466
v -0.02081171 -0.00317500 -0.00764466
v -0.02086058 0.00000000 -0.00731006
v -0.02086058 -0.00317500 -0.00731006
v -0.02093754 0.00000000 -0.00698079
v -0.02093754 -0.00317500 -0.00698079
v -0.02104203 0.00000000 -0.00665920
v -0.02104203 -0.00317500 -0.00665920
v -0.02117331 0.00000000 -0.00634758
v -0.02117331 -0.00317500 -0.00634758
v -0.02133044 0.00000000 -0.00604816
v -0.02133044 -0.00317500 -0.00604816
v -0.02151231 0.00000000 -0.00576308
v -0.02151231 -0.00317500 -0.00576308
v -0.02171759 0.00000000 -0.00549438
v -0.02171759 -0.00317500 -0.00549438
v -0.02194484 0.00000000 -0.00524398
v -0.02194484 -0.00317500 -0.00524398
v -0.02219243 0.00000000 -0.00501367
v -0.02219243 -0.00317500 -0.00501367
v -0.02245858 0.00000000 -0.00480509
v -0.02245858 -0.00317500 -0.00480509
v -0.02274140 0.00000000 -0.00461974
v -0.02274140 -0.00317500 -0.00461974
v -0.02303886 0.00000000 -0.00445894
v -0.02303886 -0.00317500 -0.00445894
v -0.02334884 0.00000000 -0.00432383
v -0.02334884 -0.00317500 -0.00432383
v -0.02366913 0.00000000 -0.00421539
v -0.02366913 -0.00317500 -0.00421539
v -0.02399743 0.00000000 -0.00413439
v -0.02399743 -0.00317500 -0.00413439
v -0.02433140 0.00000000 -0.00408140
v -0.02433140 -0.00317500 -0.00408140
v 0.04755282 -0.00317500 0.01871475
v 0.04755282 0.00000000 0.01871475
v 0.04783729 -0.00317500 0.01870233
v 0.04783729 0.00000000 0.01870233
v 0.04811960 -0.00317500 0.01866516
v 0.04811960 0.00000000 0.01866516
v 0.04839759 -0.00317500 0.01860354
v 0.04839759 0.00000000 0.01860354
v 0.04866914 -0.00317500 0.01851791
v 0.04866914 0.00000000 0.01851791
v 0.04893221 -0.00317500 0.01840895
v 0.04893221 0.00000000 0.01840895
v 0.04918478 -0.00317500 0.01827747
v 0.04918478 0.00000000 0.01827747
v 0.04942492 -0.00317500 0.01812448
v 0.04942492 0.00000000 0.01812448
v 0.04965082 -0.00317500 0.01795114
v 0.04965082 0.00000000 0.01795114
v 0.04986075 -0.00317500 0.01775878
v 0.04986075 0.00000000 0.01775878
v 0.05005312 -0.00317500 0.01754884
v 0.05005312 0.00000000 0.01754884
v 0.05022646 -0.00317500 0.01732295
v 0.05022646 0.00000000 0.01732295
v 0.05037945 -0.00317500 0.01708280
v 0.05037945 0.00000000 0.01708280
v 0.05051092 -0.00317500 0.01683023
v 0.05051092 0.00000000 0.01683023
v 0.05061989 -0.00317500 0.01656717
v 0.05061989 0.00000000 0.01656717
v 0.05070551 -0.00317500 0.01629561
v 0.05070551 0.00000000 0.01629561
v 0.05076714 -0.00317500 0.01601762
v 0.05076714 0.00000000 0.01601762
v 0.05080431 -0.00317500 0.01573532
v 0.05080431 0.00000000 0.01573532
v 0.05081673 -0.00317500 0.01545085
v 0.05081673 0.00000000 0.01545085
v 0.05080431 -0.00317500 0.01516638
v 0.05080431 0.00000000 0.01516638
v 0.05076714 -0.00317500 0.01488408
v 0.05076714 0.00000000 0.01488408
v 0.05070551 -0.00317500 0.01460609
v 0.05070551 0.00000000 0.01460609
v 0.05061989 -0.00317500 0.01433453
v 0.05061989 0.00000000 0.01433453
v 0.05051092 -0.00317500 0.01407147
v 0.05051092 0.00000000 0.01407147
v 0.05037945 -0.00317500 0.01381890
v 0.05037945 0.00000000 0.01381890
v 0.05022646 -0.00317500 0.01357875
v 0.05022646 0.00000000 0.01357875
v 0.05005312 -0.00317500 0.01335286
v 0.05005312 0.00000000 0.01335286
v 0.04986075 -0.00317500 0.01314292
v 0.04986075 0.00000000 0.01314292
v 0.04965082 -0.00317500 0.01295056
v 0.04965082 0.00000000 0.01295056
v 0.04942492 -0.00317500 0.01277722
v 0.04942492 0.00000000 0.01277722
v 0.04918478 -0.00317500 0.01262423
v 0.04918478 0.00000000 0.01262423
v 0.04893221 -0.00317500 0.01249275
v 0.04893221 0.00000000 0.01249275
v 0.04866914 -0.00317500 0.01238379
v 0.04866914 0.00000000 0.01238379
v 0.04839759 -0.00317500 0.01229816
v 0.04839759 0.00000000 0.01229816
v 0.04811960 -0.00317500 0.01223654
v 0.04811960 0.00000000 0.01223654
v 0.04783729 -0.00317500 0.01219937
v 0.04783729 0.00000000 0.01219937
v 0.04755282 -0.00317500 0.01218695
v 0.04755282 0.00000000 0.01218695
v 0.04726836 -0.00317500 0.01219937
v 0.04726836 0.00000000 0.01219937
v 0.04698605 -0.00317500 0.01223654
v 0.04698605 0.00000000 0.01223654
v 0.04670807 -0.00317500 0.01229816
v 0.04670807 0.00000000 0.01229816
v 0.04643651 -0.00317500 0.01238379
v 0.04643651 0.00000000 0.01238379
v 0.04617344 -0.00317500 0.01249275
v 0.04617344 0.00000000 0.01249275
v 0.04592087 -0.00317500 0.01262423
v 0.04592087 0.00000000 0.01262423
v 0.04568073 -0.00317500 0.01277722
v 0.04568073 0.00000000 0.01277722
v 0.04545483 -0.00317500 0.01295056
v 0.04545483 0.00000000 0.01295056
v 0.04524490 -0.00317500 0.01314292
v 0.04524490 0.00000000 0.01314292
v 0.04505253 -0.00317500 0.01335286
v 0.04505253 0.00000000 0.01335286
v 0.04487919 -0.00317500 0.01357875
v 0.04487919 0.00000000 0.01357875
v 0.04472620 -0.00317500 0.01381890
v 0.04472620 0.00000000 0.01381890
v 0.04459473 -0.00317500 0.01407147
v 0.04459473 0.00000000 0.01407147
v 0.04448576 -0.00317500 0.01433453
v 0.04448576 0.00000000 0.01433453
v 0.04440014 -0.00317500 0.01460609
v 0.04440014 0.00000000 0.01460609
v 0.04433851 -0.00317500 0.01488408
v 0.04433851 0.00000000 0.01488408
v 0.04430135 -0.00317500 0.01516638
v 0.04430135 0.00000000 0.01516638
v 0.04428893 -0.00317500 0.01545085
v 0.04428893 0.00000000 0.01545085
v 0.04430135 -0.00317500 0.01573532
v 0.04430135 0.00000000 0.01573532
v 0.04433851 -0.00317500 0.01601762
v 0.04433851 0.00000000 0.01601762
v 0.04440014 -0.00317500 0.01629561
v 0.04440014 0.00000000 0.01629561
v 0.04448576 -0.00317500 0.01656717
v 0.04448576 0.00000000 0.01656717
v 0.04459473 -0.00317500 0.01683023
v 0.04459473 0.00000000 0.01683023
v 0.04472620 -0.00317500 0.01708280
v 0.04472620 0.00000000 0.01708280
v 0.04487919 -0.00317500 0.01732295
v 0.04487919 0.00000000 0.01732295
v 0.04505253 -0.00317500 0.01754884
v 0.04505253 0.00000000 0.01754884
v 0.04524490 -0.00317500 0.01775878
v 0.04524490 0.00000000 0.01775878
v 0.04545483 -0.00317500 0.01795114
v 0.04545483 0.00000000 0.01795114
v 0.04568073 -0.00317500 0.01812448
v 0.04568073 0.00000000 0.01812448
v 0.04592087 -0.00317500 0.01827747
v 0.04592087 0.00000000 0.01827747
v 0.04617344 -0.00317500 0.01840895
v 0.04617344 0.00000000 0.01840895
v 0.04643651 -0.00317500 0.01851791
v 0.04643651 0.00000000 0.01851791
v 0.04670807 -0.00317500 0.01860354
v 0.04670807 0.00000000 0.01860354
v 0.04698605 -0.00317500 0.01866516
v 0.04698605 0.00000000 0.01866516
v 0.04726836 -0.00317500 0.01870233
v 0.04726836 0.00000000 0.01870233
v -0.04363061 0.00000000 0.04118701
v -0.04363061 -0.00317500 0.04118701
v -0.04204853 0.00000000 0.04124042
v -0.04204853 -0.00317500 0.04124042
v -0.04047669 0.00000000 0.04142785
v -0.04047669 -0.00317500 0.04142785
v -0.03892642 0.00000000 0.04174795
v -0.03892642 -0.00317500 0.04174795
v -0.03740889 0.00000000 0.04219843
v -0.03740889 -0.00317500 0.04219843
v -0.03593505 0.00000000 0.04277602
v -0.03593505 -0.00317500 0.04277602
v -0.03451552 0.00000000 0.04347656
v -0.03451552 -0.00317500 0.04347656
v -0.03316054 0.00000000 0.04429501
v -0.03316054 -0.00317500 0.04429501
v -0.03187989 0.00000000 0.04522546
v -0.03187989 -0.00317500 0.04522546
v -0.03068279 0.00000000 0.04626121
v -0.03068279 -0.00317500 0.04626121
v -0.02957787 0.00000000 0.04739477
v -0.02957787 -0.00317500 0.04739477
v -0.02857311 0.00000000 0.04861800
v -0.02857311 -0.00317500 0.04861800
v -0.02767574 0.00000000 0.04992205
v -0.02767574 -0.00317500 0.04992205
v -0.02689224 0.00000000 0.05129753
v -0.02689224 -0.00317500 0.05129753
v -0.02622825 0.00000000 0.05273452
v -0.02622825 -0.00317500 0.05273452
v -0.02568858 0.00000000 0.05422266
v -0.02568858 -0.00317500 0.05422266
v 0.05718206 0.00000000 0.00093686
v 0.04289661 0.00000000 0.00050108
v 0.05718206 -0.00317500 0.00093686
v 0.04289661 -0.00317500 0.00050108
v 0.00000000 -0.00317500 0.08076390
v 0.00000000 0.00000000 0.08076390
v 0.00028447 -0.00317500 0.08075148
v 0.00028447 0.00000000 0.08075148
v 0.00056677 -0.00317500 0.08071432
v 0.00056677 0.00000000 0.08071432
v 0.00084476 -0.00317500 0.08065268
v 0.00084476 0.00000000 0.08065268
v 0.00111632 -0.00317500 0.08056706
v 0.00111632 0.00000000 0.08056706
v 0.00137938 -0.00317500 0.08045810
v 0.00137938 0.00000000 0.08045810
v 0.00163195 -0.00317500 0.08032662
v 0.00163195 0.00000000 0.08032662
v 0.00187210 -0.00317500 0.08017363
v 0.00187210 0.00000000 0.08017363
v 0.00209799 -0.00317500 0.08000029
v 0.00209799 0.00000000 0.08000029
v 0.00230793 -0.00317500 0.07980792
v 0.00230793 0.00000000 0.07980792
v 0.00250029 -0.00317500 0.07959799
v 0.00250029 0.00000000 0.07959799
v 0.00267363 -0.00317500 0.07937209
v 0.00267363 0.00000000 0.07937209
v 0.00282662 -0.00317500 0.07913195
v 0.00282662 0.00000000 0.07913195
v 0.00295810 -0.00317500 0.07887939
v 0.00295810 0.00000000 0.07887939
v 0.00306706 -0.00317500 0.07861632
v 0.00306706 0.00000000 0.07861632
v 0.00315269 -0.00317500 0.07834476
v 0.00315269 0.00000000 0.07834476
v 0.00321431 -0.00317500 0.07806677
v 0.00321431 0.00000000 0.07806677
v 0.00325148 -0.00317500 0.07778447
v 0.00325148 0.00000000 0.07778447
v 0.00326390 -0.00317500 0.07750000
v 0.00326390 0.00000000 0.07750000
v 0.00325148 -0.00317500 0.07721553
v 0.00325148 0.00000000 0.07721553
v 0.00321431 -0.00317500 0.07693323
v 0.00321431 0.00000000 0.07693323
v 0.00315269 -0.00317500 0.07665524
v 0.00315269 0.00000000 0.07665524
v 0.00306706 -0.00317500 0.07638368
v 0.00306706 0.00000000 0.07638368
v 0.00295810 -0.00317500 0.07612062
v 0.00295810 0.00000000 0.07612062
v 0.00282662 -0.00317500 0.07586805
v 0.00282662 0.00000000 0.07586805
v 0.00267363 -0.00317500 0.07562790
v 0.00267363 0.00000000 0.07562790
v 0.00250029 -0.00317500 0.07540201
v 0.00250029 0.00000000 0.07540201
v 0.00230793 -0.00317500 0.07519207
v 0.00230793 0.00000000 0.07519207
v 0.00209799 -0.00317500 0.07499970
v 0.00209799 0.00000000 0.07499970
v 0.00187210 -0.00317500 0.07482637
v 0.00187210 0.00000000 0.07482637
v 0.00163195 -0.00317500 0.07467338
v 0.00163195 0.00000000 0.07467338
v 0.00137938 -0.00317500 0.07454190
v 0.00137938 0.00000000 0.07454190
v 0.00111632 -0.00317500 0.07443294
v 0.00111632 0.00000000 0.07443294
v 0.00084476 -0.00317500 0.07434732
v 0.00084476 0.00000000 0.07434732
v 0.00056677 -0.00317500 0.07428569
v 0.00056677 0.00000000 0.07428569
v 0.00028447 -0.00317500 0.07424852
v 0.00028447 0.00000000 0.07424852
v 0.00000000 -0.00317500 0.07423610
v 0.00000000 0.00000000 0.07423610
v -0.00028447 -0.00317500 0.07424852
v -0.00028447 0.00000000 0.07424852
v -0.00056677 -0.00317500 0.07428569
v -0.00056677 0.00000000 0.07428569
v -0.00084476 -0.00317500 0.07434732
v -0.00084476 0.00000000 0.07434732
v -0.00111632 -0.00317500 0.07443294
v -0.00111632 0.00000000 0.07443294
v -0.00137938 -0.00317500 0.07454190
v -0.00137938 0.00000000 0.07454190
v -0.00163195 -0.00317500 0.07467338
v -0.00163195 0.00000000 0.07467338
v -0.00187210 -0.00317500 0.07482637
v -0.00187210 0.00000000 0.07482637
v -0.00209799 -0.00317500 0.07499970
v -0.00209799 0.00000000 0.07499970
v -0.00230793 -0.00317500 0.07519207
v -0.00230793 0.00000000 0.07519207
v -0.00250029 -0.00317500 0.07540201
v -0.00250029 0.00000000 0.07540201
v -0.00267363 -0.00317500 0.07562790
v -0.00267363 0.00000000 0.07562790
v -0.00282662 -0.00317500 0.07586805
v -0.00282662 0.00000000 0.07586805
v -0.00295810 -0.00317500 0.07612062
v -0.00295810 0.00000000 0.07612062
v -0.00306706 -0.00317500 0.07638368
v -0.00306706 0.00000000 0.07638368
v -0.00315269 -0.00317500 0.07665524
v -0.00315269 0.00000000 0.07665524
v -0.00321431 -0.00317500 0.07693323
v -0.00321431 0.00000000 0.07693323
v -0.00325148 -0.00317500 0.07721553
v -0.00325148 0.00000000 0.07721553
v -0.00326390 -0.00317500 0.07750000
v -0.00326390 0.00000000 0.07750000
v -0.00325148 -0.00317500 0.07778447
v -0.00325148 0.00000000 0.07778447
v -0.00321431 -0.00317500 0.07806677
v -0.00321431 0.00000000 0.07806677
v -0.00315269 -0.00317500 0.07834476
v -0.00315269 0.00000000 0.07834476
v -0.00306706 -0.00317500 0.07861632
v -0.00306706 0.00000000 0.07861632
v -0.00295810 -0.00317500 0.07887939
v -0.00295810 0.00000000 0.07887939
v -0.00282662 -0.00317500 0.07913195
v -0.00282662 0.00000000 0.07913195
v -0.00267363 -0.00317500 0.07937209
v -0.00267363 0.00000000 0.07937209
v -0.00250029 -0.00317500 0.07959799
v -0.00250029 0.00000000 0.07959799
v -0.00230793 -0.00317500 0.07980792
v -0.00230793 0.00000000 0.07980792
v -0.00209799 -0.00317500 0.08000029
v -0.00209799 0.00000000 0.08000029
v -0.00187210 -0.00317500 0.08017363
v -0.00187210 0.00000000 0.08017363
v -0.00163195 -0.00317500 0.08032662
v -0.00163195 0.00000000 0.08032662
v -0.00137938 -0.00317500 0.08045810
v -0.00137938 0.00000000 0.08045810
v -0.00111632 -0.00317500 0.08056706
v -0.00111632 0.00000000 0.08056706
v -0.00084476 -0.00317500 0.08065268
v -0.00084476 0.00000000 0.08065268
v -0.00056677 -0.00317500 0.08071432
v -0.00056677 0.00000000 0.08071432
v -0.00028447 -0.00317500 0.08075148
v -0.00028447 0.00000000 0.08075148
v -0.04367980 0.00000000 -0.02773777
v -0.04367980 -0.00317500 -0.02773777
v -0.04130920 0.00000000 -0.02590244
v -0.04130920 -0.00317500 -0.02590244
v -0.03508445 0.00000000 -0.02108319
v -0.03508445 -0.00317500 -0.02108319
v -0.03393427 0.00000000 -0.02019273
v -0.03393427 -0.00317500 -0.02019273
v -0.03272527 0.00000000 -0.01925671
v -0.03272527 -0.00317500 -0.01925671
v -0.07370688 -0.00317500 0.02721272
v -0.07370688 0.00000000 0.02721272
v -0.07342241 -0.00317500 0.02720030
v -0.07342241 0.00000000 0.02720030
v -0.07314011 -0.00317500 0.02716313
v -0.07314011 0.00000000 0.02716313
v -0.07286212 -0.00317500 0.02710150
v -0.07286212 0.00000000 0.02710150
v -0.07259056 -0.00317500 0.02701588
v -0.07259056 0.00000000 0.02701588
v -0.07232749 -0.00317500 0.02690692
v -0.07232749 0.00000000 0.02690692
v -0.07207493 -0.00317500 0.02677544
v -0.07207493 0.00000000 0.02677544
v -0.07183478 -0.00317500 0.02662245
v -0.07183478 0.00000000 0.02662245
v -0.07160889 -0.00317500 0.02644911
v -0.07160889 0.00000000 0.02644911
v -0.07139895 -0.00317500 0.02625674
v -0.07139895 0.00000000 0.02625674
v -0.07120658 -0.00317500 0.02604681
v -0.07120658 0.00000000 0.02604681
v -0.07103325 -0.00317500 0.02582091
v -0.07103325 0.00000000 0.02582091
v -0.07088026 -0.00317500 0.02558077
v -0.07088026 0.00000000 0.02558077
v -0.07074878 -0.00317500 0.02532820
v -0.07074878 0.00000000 0.02532820
v -0.07063982 -0.00317500 0.02506514
v -0.07063982 0.00000000 0.02506514
v -0.07055420 -0.00317500 0.02479358
v -0.07055420 0.00000000 0.02479358
v -0.07049257 -0.00317500 0.02451559
v -0.07049257 0.00000000 0.02451559
v -0.07045540 -0.00317500 0.02423329
v -0.07045540 0.00000000 0.02423329
v -0.07044298 -0.00317500 0.02394882
v -0.07044298 0.00000000 0.02394882
v -0.07045540 -0.00317500 0.02366435
v -0.07045540 0.00000000 0.02366435
v -0.07049257 -0.00317500 0.02338205
v -0.07049257 0.00000000 0.02338205
v -0.07055420 -0.00317500 0.02310406
v -0.07055420 0.00000000 0.02310406
v -0.07063982 -0.00317500 0.02283250
v -0.07063982 0.00000000 0.02283250
v -0.07074878 -0.00317500 0.02256943
v -0.07074878 0.00000000 0.02256943
v -0.07088026 -0.00317500 0.02231687
v -0.07088026 0.00000000 0.02231687
v -0.07103325 -0.00317500 0.02207672
v -0.07103325 0.00000000 0.02207672
v -0.07120658 -0.00317500 0.02185082
v -0.07120658 0.00000000 0.02185082
v -0.07139895 -0.00317500 0.02164089
v -0.07139895 0.00000000 0.02164089
v -0.07160889 -0.00317500 0.02144852
v -0.07160889 0.00000000 0.02144852
v -0.07183478 -0.00317500 0.02127519
v -0.07183478 0.00000000 0.02127519
v -0.07207493 -0.00317500 0.02112220
v -0.07207493 0.00000000 0.02112220
v -0.07232749 -0.00317500 0.02099072
v -0.07232749 0.00000000 0.02099072
v -0.07259056 -0.00317500 0.02088175
v -0.07259056 0.00000000 0.02088175
v -0.07286212 -0.00317500 0.02079613
v -0.07286212 0.00000000 0.02079613
v -0.07314011 -0.00317500 0.02073450
v -0.07314011 0.00000000 0.02073450
v -0.07342241 -0.00317500 0.02069734
v -0.07342241 0.00000000 0.02069734
v -0.07370688 -0.00317500 0.02068492
v -0.07370688 0.00000000 0.02068492
v -0.07399135 -0.00317500 0.02069734
v -0.07399135 0.00000000 0.02069734
v -0.07427365 -0.00317500 0.02073450
v -0.07427365 0.00000000 0.02073450
v -0.07455164 -0.00317500 0.02079613
v -0.07455164 0.00000000 0.02079613
v -0.07482320 -0.00317500 0.02088175
v -0.07482320 0.00000000 0.02088175
v -0.07508627 -0.00317500 0.02099072
v -0.07508627 0.00000000 0.02099072
v -0.07533883 -0.00317500 0.02112220
v -0.07533883 0.00000000 0.02112220
v -0.07557897 -0.00317500 0.02127519
v -0.07557897 0.00000000 0.02127519
v -0.07580487 -0.00317500 0.02144852
v -0.07580487 0.00000000 0.02144852
v -0.07601481 -0.00317500 0.02164089
v -0.07601481 0.00000000 0.02164089
v -0.07620718 -0.00317500 0.02185082
v -0.07620718 0.00000000 0.02185082
v -0.07638051 -0.00317500 0.02207672
v -0.07638051 0.00000000 0.02207672
v -0.07653350 -0.00317500 0.02231687
v -0.07653350 0.00000000 0.02231687
v -0.07666498 -0.00317500 0.02256943
v -0.07666498 0.00000000 0.02256943
v -0.07677394 -0.00317500 0.02283250
v -0.07677394 0.00000000 0.02283250
v -0.07685956 -0.00317500 0.02310406
v -0.07685956 0.00000000 0.02310406
v -0.07692119 -0.00317500 0.02338205
v -0.07692119 0.00000000 0.02338205
v -0.07695836 -0.00317500 0.02366435
v -0.07695836 0.00000000 0.02366435
v -0.07697078 -0.00317500 0.02394882
v -0.07697078 0.00000000 0.02394882
v -0.07695836 -0.00317500 0.02423329
v -0.07695836 0.00000000 0.02423329
v -0.07692119 -0.00317500 0.02451559
v -0.07692119 0.00000000 0.02451559
v -0.07685956 -0.00317500 0.02479358
v -0.07685956 0.00000000 0.02479358
v -0.07677394 -0.00317500 0.02506514
v -0.07677394 0.00000000 0.02506514
v -0.07666498 -0.00317500 0.02532820
v -0.07666498 0.00000000 0.02532820
v -0.07653350 -0.00317500 0.02558077
v -0.07653350 0.00000000 0.02558077
v -0.07638051 -0.00317500 0.02582091
v -0.07638051 0.00000000 0.02582091
v -0.07620718 -0.00317500 0.02604681
v -0.07620718 0.00000000 0.02604681
v -0.07601481 -0.00317500 0.02625674
v -0.07601481 0.00000000 0.02625674
v -0.07580487 -0.00317500 0.02644911
v -0.07580487 0.00000000 0.02644911
v -0.07557897 -0.00317500 0.02662245
v -0.07557897 0.00000000 0.02662245
v -0.07533883 -0.00317500 0.02677544
v -0.07533883 0.00000000 0.02677544
v -0.07508627 -0.00317500 0.02690692
v -0.07508627 0.00000000 0.02690692
v -0.07482320 -0.00317500 0.02701588
v -0.07482320 0.00000000 0.02701588
v -0.07455164 -0.00317500 0.02710150
v -0.07455164 0.00000000 0.02710150
v -0.07427365 -0.00317500 0.02716313
v -0.07427365 0.00000000 0.02716313
v -0.07399135 -0.00317500 0.02720030
v -0.07399135 0.00000000 0.02720030
v -0.04555336 -0.00317500 -0.05943492
v -0.04555336 0.00000000 -0.05943492
v -0.04526889 -0.00317500 -0.05944734
v -0.04526889 0.00000000 -0.05944734
v -0.04498659 -0.00317500 -0.05948450
v -0.04498659 0.00000000 -0.05948450
v -0.04470860 -0.00317500 -0.05954613
v -0.04470860 0.00000000 -0.05954613
v -0.04443704 -0.00317500 -0.05963175
v -0.04443704 0.00000000 -0.05963175
v -0.04417397 -0.00317500 -0.05974072
v -0.04417397 0.00000000 -0.05974072
v -0.04392141 -0.00317500 -0.05987220
v -0.04392141 0.00000000 -0.05987220
v -0.04368126 -0.00317500 -0.06002519
v -0.04368126 0.00000000 -0.06002519
v -0.04345536 -0.00317500 -0.06019852
v -0.04345536 0.00000000 -0.06019852
v -0.04324543 -0.00317500 -0.06039089
v -0.04324543 0.00000000 -0.06039089
v -0.04305306 -0.00317500 -0.06060082
v -0.04305306 0.00000000 -0.06060082
v -0.04287973 -0.00317500 -0.06082672
v -0.04287973 0.00000000 -0.06082672
v -0.04272674 -0.00317500 -0.06106687
v -0.04272674 0.00000000 -0.06106687
v -0.04259526 -0.00317500 -0.06131943
v -0.04259526 0.00000000 -0.06131943
v -0.04248630 -0.00317500 -0.06158250
v -0.04248630 0.00000000 -0.06158250
v -0.04240067 -0.00317500 -0.06185406
v -0.04240067 0.00000000 -0.06185406
v -0.04233904 -0.00317500 -0.06213205
v -0.04233904 0.00000000 -0.06213205
v -0.04230188 -0.00317500 -0.06241435
v -0.04230188 0.00000000 -0.06241435
v -0.04228946 -0.00317500 -0.06269882
v -0.04228946 0.00000000 -0.06269882
v -0.04230188 -0.00317500 -0.06298328
v -0.04230188 0.00000000 -0.06298328
v -0.04233904 -0.00317500 -0.06326558
v -0.04233904 0.00000000 -0.06326558
v -0.04240067 -0.00317500 -0.06354357
v -0.04240067 0.00000000 -0.06354357
v -0.04248630 -0.00317500 -0.06381514
v -0.04248630 0.00000000 -0.06381514
v -0.04259526 -0.00317500 -0.06407820
v -0.04259526 0.00000000 -0.06407820
v -0.04272674 -0.00317500 -0.06433076
v -0.04272674 0.00000000 -0.06433076
v -0.04287973 -0.00317500 -0.06457091
v -0.04287973 0.00000000 -0.06457091
v -0.04305306 -0.00317500 -0.06479681
v -0.04305306 0.00000000 -0.06479681
v -0.04324543 -0.00317500 -0.06500674
v -0.04324543 0.00000000 -0.06500674
v -0.04345536 -0.00317500 -0.06519911
v -0.04345536 0.00000000 -0.06519911
v -0.04368126 -0.00317500 -0.06537244
v -0.04368126 0.00000000 -0.06537244
v -0.04392141 -0.00317500 -0.06552543
v -0.04392141 0.00000000 -0.06552543
v -0.04417397 -0.00317500 -0.06565692
v -0.04417397 0.00000000 -0.06565692
v -0.04443704 -0.00317500 -0.06576588
v -0.04443704 0.00000000 -0.06576588
v -0.04470860 -0.00317500 -0.06585150
v -0.04470860 0.00000000 -0.06585150
v -0.04498659 -0.00317500 -0.06591313
v -0.04498659 0.00000000 -0.06591313
v -0.04526889 -0.00317500 -0.06595030
v -0.04526889 0.00000000 -0.06595030
v -0.04555336 -0.00317500 -0.06596272
v -0.04555336 0.00000000 -0.06596272
v -0.04583782 -0.00317500 -0.06595030
v -0.04583782 0.00000000 -0.06595030
v -0.04612013 -0.00317500 -0.06591313
v -0.04612013 0.00000000 -0.06591313
v -0.04639812 -0.00317500 -0.06585150
v -0.04639812 0.00000000 -0.06585150
v -0.04666968 -0.00317500 -0.06576588
v -0.04666968 0.00000000 -0.06576588
v -0.04693274 -0.00317500 -0.06565692
v -0.04693274 0.00000000 -0.06565692
v -0.04718531 -0.00317500 -0.06552543
v -0.04718531 0.00000000 -0.06552543
v -0.04742545 -0.00317500 -0.06537244
v -0.04742545 0.00000000 -0.06537244
v -0.04765135 -0.00317500 -0.06519911
v -0.04765135 0.00000000 -0.06519911
v -0.04786128 -0.00317500 -0.06500674
v -0.04786128 0.00000000 -0.06500674
v -0.04805365 -0.00317500 -0.06479681
v -0.04805365 0.00000000 -0.06479681
v -0.04822699 -0.00317500 -0.06457091
v -0.04822699 0.00000000 -0.06457091
v -0.04837998 -0.00317500 -0.06433076
v -0.04837998 0.00000000 -0.06433076
v -0.04851146 -0.00317500 -0.06407820
v -0.04851146 0.00000000 -0.06407820
v -0.04862042 -0.00317500 -0.06381514
v -0.04862042 0.00000000 -0.06381514
v -0.04870604 -0.00317500 -0.06354357
v -0.04870604 0.00000000 -0.06354357
v -0.04876767 -0.00317500 -0.06326558
v -0.04876767 0.00000000 -0.06326558
v -0.04880484 -0.00317500 -0.06298328
v -0.04880484 0.00000000 -0.06298328
v -0.04881726 -0.00317500 -0.06269882
v -0.04881726 0.00000000 -0.06269882
v -0.04880484 -0.00317500 -0.06241435
v -0.04880484 0.00000000 -0.06241435
v -0.04876767 -0.00317500 -0.06213205
v -0.04876767 0.00000000 -0.06213205
v -0.04870604 -0.00317500 -0.06185406
v -0.04870604 0.00000000 -0.06185406
v -0.04862042 -0.00317500 -0.06158250
v -0.04862042 0.00000000 -0.06158250
v -0.04851146 -0.00317500 -0.06131943
v -0.04851146 0.00000000 -0.06131943
v -0.04837998 -0.00317500 -0.06106687
v -0.04837998 0.00000000 -0.06106687
v -0.04822699 -0.00317500 -0.06082672
v -0.04822699 0.00000000 -0.06082672
v -0.04805365 -0.00317500 -0.06060082
v -0.04805365 0.00000000 -0.06060082
v -0.04786128 -0.00317500 -0.06039089
v -0.04786128 0.00000000 -0.06039089
v -0.04765135 -0.00317500 -0.06019852
v -0.04765135 0.00000000 -0.06019852
v -0.04742545 -0.00317500 -0.06002519
v -0.04742545 0.00000000 -0.06002519
v -0.04718531 -0.00317500 -0.05987220
v -0.04718531 0.00000000 -0.05987220
v -0.04693274 -0.00317500 -0.05974072
v -0.04693274 0.00000000 -0.05974072
v -0.04666968 -0.00317500 -0.05963175
v -0.04666968 0.00000000 -0.05963175
v -0.04639812 -0.00317500 -0.05954613
v -0.04639812 0.00000000 -0.05954613
v -0.04612013 -0.00317500 -0.05948450
v -0.04612013 0.00000000 -0.05948450
v -0.04583782 -0.00317500 -0.05944734
v -0.04583782 0.00000000 -0.05944734
v 0.01548255 0.00000000 -0.03971660
v 0.01548255 -0.00317500 -0.03971660
v 0.01542868 0.00000000 -0.03964883
v 0.01542868 -0.00317500 -0.03964883
v 0.01536914 0.00000000 -0.03958597
v 0.01536914 -0.00317500 -0.03958597
v 0.01530440 0.00000000 -0.03952849
v 0.01530440 -0.00317500 -0.03952849
v 0.01523492 0.00000000 -0.03947683
v 0.01523492 -0.00317500 -0.03947683
v 0.01516124 0.00000000 -0.03943137
v 0.01516124 -0.00317500 -0.03943137
v 0.01508390 0.00000000 -0.03939246
v 0.01508390 -0.00317500 -0.03939246
v 0.01500348 0.00000000 -0.03936039
v 0.01500348 -0.00317500 -0.03936039
v 0.01492059 0.00000000 -0.03933538
v 0.01492059 -0.00317500 -0.03933538
v 0.01483585 0.00000000 -0.03931765
v 0.01483585 -0.00317500 -0.03931765
v 0.01474990 0.00000000 -0.03930730
v 0.01474990 -0.00317500 -0.03930730
v 0.01466337 0.00000000 -0.03930444
v 0.01466337 -0.00317500 -0.03930444
v 0.01457691 0.00000000 -0.03930906
v 0.01457691 -0.00317500 -0.03930906
v 0.01449118 0.00000000 -0.03932115
v 0.01449118 -0.00317500 -0.03932115
v 0.01440682 0.00000000 -0.03934061
v 0.01440682 -0.00317500 -0.03934061
v 0.01432446 0.00000000 -0.03936729
v 0.01432446 -0.00317500 -0.03936729
v 0.01424471 0.00000000 -0.03940099
v 0.01424471 -0.00317500 -0.03940099
v 0.01416818 0.00000000 -0.03944147
v 0.01416818 -0.00317500 -0.03944147
v 0.01409544 0.00000000 -0.03948842
v 0.01409544 -0.00317500 -0.03948842
v 0.01402703 0.00000000 -0.03954148
v 0.01402703 -0.00317500 -0.03954148
v 0.01396346 0.00000000 -0.03960026
v 0.01396346 -0.00317500 -0.03960026
v 0.01390522 0.00000000 -0.03966431
v 0.01390522 -0.00317500 -0.03966431
v 0.01385273 0.00000000 -0.03973317
v 0.01385273 -0.00317500 -0.03973317
v 0.01380640 0.00000000 -0.03980630
v 0.01380640 -0.00317500 -0.03980630
v 0.01376657 0.00000000 -0.03988317
v 0.01376657 -0.00317500 -0.03988317
v 0.01373354 0.00000000 -0.03996320
v 0.01373354 -0.00317500 -0.03996320
v 0.01370755 0.00000000 -0.04004578
v 0.01370755 -0.00317500 -0.04004578
v 0.01368880 0.00000000 -0.04013031
v 0.01368880 -0.00317500 -0.04013031
v 0.01367743 0.00000000 -0.04021613
v 0.01367743 -0.00317500 -0.04021613
v 0.01367353 0.00000000 -0.04030262
v 0.01367353 -0.00317500 -0.04030262
v 0.01367713 0.00000000 -0.04038912
v 0.01367713 -0.00317500 -0.04038912
v 0.01368819 0.00000000 -0.04047499
v 0.01368819 -0.00317500 -0.04047499
v 0.01370664 0.00000000 -0.04055958
v 0.01370664 -0.00317500 -0.04055958
v 0.01373234 0.00000000 -0.04064226
v 0.01373234 -0.00317500 -0.04064226
v -0.04690213 0.00000000 -0.02606644
v -0.04690213 -0.00317500 -0.02606644
v -0.04690261 0.00000000 -0.02623487
v -0.04690261 -0.00317500 -0.02623487
v -0.04688891 0.00000000 -0.02640275
v -0.04688891 -0.00317500 -0.02640275
v -0.04686114 0.00000000 -0.02656888
v -0.04686114 -0.00317500 -0.02656888
v -0.04681949 0.00000000 -0.02673209
v -0.04681949 -0.00317500 -0.02673209
v -0.04676425 0.00000000 -0.02689121
v -0.04676425 -0.00317500 -0.02689121
v -0.04669581 0.00000000 -0.02704512
v -0.04669581 -0.00317500 -0.02704512
v -0.04661468 0.00000000 -0.02719272
v -0.04661468 -0.00317500 -0.02719272
v -0.04652140 0.00000000 -0.02733298
v -0.04652140 -0.00317500 -0.02733298
v -0.04641666 0.00000000 -0.02746489
v -0.04641666 -0.00317500 -0.02746489
v -0.04630119 0.00000000 -0.02758751
v -0.04630119 -0.00317500 -0.02758751
v -0.04617581 0.00000000 -0.02769999
v -0.04617581 -0.00317500 -0.02769999
v -0.04604141 0.00000000 -0.02780152
v -0.04604141 -0.00317500 -0.02780152
v -0.04589894 0.00000000 -0.02789138
v -0.04589894 -0.00317500 -0.02789138
v -0.04574942 0.00000000 -0.02796893
v -0.04574942 -0.00317500 -0.02796893
v -0.04559391 0.00000000 -0.02803363
v -0.04559391 -0.00317500 -0.02803363
v -0.04543350 0.00000000 -0.02808500
v -0.04543350 -0.00317500 -0.02808500
v -0.04526933 0.00000000 -0.02812271
v -0.04526933 -0.00317500 -0.02812271
v -0.04510258 0.00000000 -0.02814646
v -0.04510258 -0.00317500 -0.02814646
v -0.04493442 0.00000000 -0.02815610
v -0.04493442 -0.00317500 -0.02815610
v -0.04476604 0.00000000 -0.02815155
v -0.04476604 -0.00317500 -0.02815155
v -0.04459865 0.00000000 -0.02813286
v -0.04459865 -0.00317500 -0.02813286
v -0.04443342 0.00000000 -0.02810014
v -0.04443342 -0.00317500 -0.02810014
v -0.04427153 0.00000000 -0.02805364
v -0.04427153 -0.00317500 -0.02805364
v -0.04411412 0.00000000 -0.02799368
v -0.04411412 -0.00317500 -0.02799368
v -0.04396233 0.00000000 -0.02792069
v -0.04396233 -0.00317500 -0.02792069
v -0.04381720 0.00000000 -0.02783518
v -0.04381720 -0.00317500 -0.02783518
v 0.04555336 -0.00317500 -0.05943492
v 0.04555336 0.00000000 -0.05943492
v 0.04583782 -0.00317500 -0.05944734
v 0.04583782 0.00000000 -0.05944734
v 0.04612013 -0.00317500 -0.05948450
v 0.04612013 0.00000000 -0.05948450
v 0.04639812 -0.00317500 -0.05954613
v 0.04639812 0.00000000 -0.05954613
v 0.04666968 -0.00317500 -0.05963175
v 0.04666968 0.00000000 -0.05963175
v 0.04693274 -0.00317500 -0.05974072
v 0.04693274 0.00000000 -0.05974072
v 0.04718531 -0.00317500 -0.05987220
v 0.04718531 0.00000000 -0.05987220
v 0.04742545 -0.00317500 -0.06002519
v 0.04742545 0.00000000 -0.06002519
v 0.04765135 -0.00317500 -0.06019852
v 0.04765135 0.00000000 -0.06019852
v 0.04786128 -0.00317500 -0.06039089
v 0.04786128 0.00000000 -0.06039089
v 0.04805365 -0.00317500 -0.06060082
v 0.04805365 0.00000000 -0.06060082
v 0.04822699 -0.00317500 -0.06082672
v 0.04822699 0.00000000 -0.06082672
v 0.04837998 -0.00317500 -0.06106687
v 0.04837998 0.00000000 -0.06106687
v 0.04851146 -0.00317500 -0.06131943
v 0.04851146 0.00000000 -0.06131943
v 0.04862042 -0.00317500 -0.06158250
v 0.04862042 0.00000000 -0.06158250
v 0.04870604 -0.00317500 -0.06185406
v 0.04870604 0.00000000 -0.06185406
v 0.04876767 -0.00317500 -0.06213205
v 0.04876767 0.00000000 -0.06213205
v 0.04880484 -0.00317500 -0.06241435
v 0.04880484 0.00000000 -0.06241435
v 0.04881726 -0.00317500 -0.06269882
v 0.04881726 0.00000000 -0.06269882
v 0.04880484 -0.00317500 -0.06298328
v 0.04880484 0.00000000 -0.06298328
v 0.04876767 -0.00317500 -0.06326558
v 0.04876767 0.00000000 -0.06326558
v 0.04870604 -0.00317500 -0.06354357
v 0.04870604 0.00000000 -0.06354357
v 0.04862042 -0.00317500 -0.06381514
v 0.04862042 0.00000000 -0.06381514
v 0.04851146 -0.00317500 -0.06407820
v 0.04851146 0.00000000 -0.06407820
v 0.04837998 -0.00317500 -0.06433076
v 0.04837998 0.00000000 -0.06433076
v 0.04822699 -0.00317500 -0.06457091
v 0.04822699 0.00000000 -0.06457091
v 0.04805365 -0.00317500 -0.06479681
v 0.04805365 0.00000000 -0.06479681
v 0.04786128 -0.00317500 -0.06500674
v 0.04786128 0.00000000 -0.06500674
v 0.04765135 -0.00317500 -0.06519911
v 0.04765135 0.00000000 -0.06519911
v 0.04742545 -0.00317500 -0.06537244
v 0.04742545 0.00000000 -0.06537244
v 0.04718531 -0.00317500 -0.06552543
v 0.04718531 0.00000000 -0.06552543
v 0.04693274 -0.00317500 -0.06565692
v 0.04693274 0.00000000 -0.06565692
v 0.04666968 -0.00317500 -0.06576588
v 0.04666968 0.00000000 -0.06576588
v 0.04639812 -0.00317500 -0.06585150
v 0.04639812 0.00000000 -0.06585150
v 0.04612013 -0.00317500 -0.06591313
v 0.04612013 0.00000000 -0.06591313
v 0.04583782 -0.00317500 -0.06595030
v 0.04583782 0.00000000 -0.06595030
v 0.04555336 -0.00317500 -0.06596272
v 0.04555336 0.00000000 -0.06596272
v 0.04526889 -0.00317500 -0.06595030
v 0.04526889 0.00000000 -0.06595030
v 0.04498659 -0.00317500 -0.06591313
v 0.04498659 0.00000000 -0.06591313
v 0.04470860 -0.00317500 -0.06585150
v 0.04470860 0.00000000 -0.06585150
v 0.04443704 -0.00317500 -0.06576588
v 0.04443704 0.00000000 -0.06576588
v 0.04417397 -0.00317500 -0.06565692
v 0.04417397 0.00000000 -0.06565692
v 0.04392141 -0.00317500 -0.06552543
v 0.04392141 0.00000000 -0.06552543
v 0.04368126 -0.00317500 -0.06537244
v 0.04368126 0.00000000 -0.06537244
v 0.04345536 -0.00317500 -0.06519911
v 0.04345536 0.00000000 -0.06519911
v 0.04324543 -0.00317500 -0.06500674
v 0.04324543 0.00000000 -0.06500674
v 0.04305306 -0.00317500 -0.06479681
v 0.04305306 0.00000000 -0.06479681
v 0.04287973 -0.00317500 -0.06457091
v 0.04287973 0.00000000 -0.06457091
v 0.04272674 -0.00317500 -0.06433076
v 0.04272674 0.00000000 -0.06433076
v 0.04259526 -0.00317500 -0.06407820
v 0.04259526 0.00000000 -0.06407820
v 0.04248630 -0.00317500 -0.06381514
v 0.04248630 0.00000000 -0.06381514
v 0.04240067 -0.00317500 -0.06354357
v 0.04240067 0.00000000 -0.06354357
v 0.04233904 -0.00317500 -0.06326558
v 0.04233904 0.00000000 -0.06326558
v 0.04230188 -0.00317500 -0.06298328
v 0.04230188 0.00000000 -0.06298328
v 0.04228946 -0.00317500 -0.06269882
v 0.04228946 0.00000000 -0.06269882
v 0.04230188 -0.00317500 -0.06241435
v 0.04230188 0.00000000 -0.06241435
v 0.04233904 -0.00317500 -0.06213205
v 0.04233904 0.00000000 -0.06213205
v 0.04240067 -0.00317500 -0.06185406
v 0.04240067 0.00000000 -0.06185406
v 0.04248630 -0.00317500 -0.06158250
v 0.04248630 0.00000000 -0.06158250
v 0.04259526 -0.00317500 -0.06131943
v 0.04259526 0.00000000 -0.06131943
v 0.04272674 -0.00317500 -0.06106687
v 0.04272674 0.00000000 -0.06106687
v 0.04287973 -0.00317500 -0.06082672
v 0.04287973 0.00000000 -0.06082672
v 0.04305306 -0.00317500 -0.06060082
v 0.04305306 0.00000000 -0.06060082
v 0.04324543 -0.00317500 -0.06039089
v 0.04324543 0.00000000 -0.06039089
v 0.04345536 -0.00317500 -0.06019852
v 0.04345536 0.00000000 -0.06019852
v 0.04368126 -0.00317500 -0.06002519
v 0.04368126 0.00000000 -0.06002519
v 0.04392141 -0.00317500 -0.05987220
v 0.04392141 0.00000000 -0.05987220
v 0.04417397 -0.00317500 -0.05974072
v 0.04417397 0.00000000 -0.05974072
v 0.04443704 -0.00317500 -0.05963175
v 0.04443704 0.00000000 -0.05963175
v 0.04470860 -0.00317500 -0.05954613
v 0.04470860 0.00000000 -0.05954613
v 0.04498659 -0.00317500 -0.05948450
v 0.04498659 0.00000000 -0.05948450
v 0.04526889 -0.00317500 -0.05944734
v 0.04526889 0.00000000 -0.05944734
v 0.07370688 -0.00317500 0.02721272
v 0.07370688 0.00000000 0.02721272
v 0.07399135 -0.00317500 0.02720030
v 0.07399135 0.00000000 0.02720030
v 0.07427365 -0.00317500 0.02716313
v 0.07427365 0.00000000 0.02716313
v 0.07455164 -0.00317500 0.02710150
v 0.07455164 0.00000000 0.02710150
v 0.07482320 -0.00317500 0.02701588
v 0.07482320 0.00000000 0.02701588
v 0.07508627 -0.00317500 0.02690692
v 0.07508627 0.00000000 0.02690692
v 0.07533883 -0.00317500 0.02677544
v 0.07533883 0.00000000 0.02677544
v 0.07557897 -0.00317500 0.02662245
v 0.07557897 0.00000000 0.02662245
v 0.07580487 -0.00317500 0.02644911
v 0.07580487 0.00000000 0.02644911
v 0.07601481 -0.00317500 0.02625674
v 0.07601481 0.00000000 0.02625674
v 0.07620718 -0.00317500 0.02604681
v 0.07620718 0.00000000 0.02604681
v 0.07638051 -0.00317500 0.02582091
v 0.07638051 0.00000000 0.02582091
v 0.07653350 -0.00317500 0.02558077
v 0.07653350 0.00000000 0.02558077
v 0.07666498 -0.00317500 0.02532820
v 0.07666498 0.00000000 0.02532820
v 0.07677394 -0.00317500 0.02506514
v 0.07677394 0.00000000 0.02506514
v 0.07685956 -0.00317500 0.02479358
v 0.07685956 0.00000000 0.02479358
v 0.07692119 -0.00317500 0.02451559
v 0.07692119 0.00000000 0.02451559
v 0.07695836 -0.00317500 0.02423329
v 0.07695836 0.00000000 0.02423329
v 0.07697078 -0.00317500 0.02394882
v 0.07697078 0.00000000 0.02394882
v 0.07695836 -0.00317500 0.02366435
v 0.07695836 0.00000000 0.02366435
v 0.07692119 -0.00317500 0.02338205
v 0.07692119 0.00000000 0.02338205
v 0.07685956 -0.00317500 0.02310406
v 0.07685956 0.00000000 0.02310406
v 0.07677394 -0.00317500 0.02283250
v 0.07677394 0.00000000 0.02283250
v 0.07666498 -0.00317500 0.02256943
v 0.07666498 0.00000000 0.02256943
v 0.07653350 -0.00317500 0.02231687
v 0.07653350 0.00000000 0.02231687
v 0.07638051 -0.00317500 0.02207672
v 0.07638051 0.00000000 0.02207672
v 0.07620718 -0.00317500 0.02185082
v 0.07620718 0.00000000 0.02185082
v 0.07601481 -0.00317500 0.02164089
v 0.07601481 0.00000000 0.02164089
v 0.07580487 -0.00317500 0.02144852
v 0.07580487 0.00000000 0.02144852
v 0.07557897 -0.00317500 0.02127519
v 0.07557897 0.00000000 0.02127519
v 0.07533883 -0.00317500 0.02112220
v 0.07533883 0.00000000 0.02112220
v 0.07508627 -0.00317500 0.02099072
v 0.07508627 0.00000000 0.02099072
v 0.07482320 -0.00317500 0.02088175
v 0.07482320 0.00000000 0.02088175
v 0.07455164 -0.00317500 0.02079613
v 0.07455164 0.00000000 0.02079613
v 0.07427365 -0.00317500 0.02073450
v 0.07427365 0.00000000 0.02073450
v 0.07399135 -0.00317500 0.02069734
v 0.07399135 0.00000000 0.02069734
v 0.07370688 -0.00317500 0.02068492
v 0.07370688 0.00000000 0.02068492
v 0.07342241 -0.00317500 0.02069734
v 0.07342241 0.00000000 0.02069734
v 0.07314011 -0.00317500 0.02073450
v 0.07314011 0.00000000 0.02073450
v 0.07286212 -0.00317500 0.02079613
v 0.07286212 0.00000000 0.02079613
v 0.07259056 -0.00317500 0.02088175
v 0.07259056 0.00000000 0.02088175
v 0.07232749 -0.00317500 0.02099072
v 0.07232749 0.00000000 0.02099072
v 0.07207493 -0.00317500 0.02112220
v 0.07207493 0.00000000 0.02112220
v 0.07183478 -0.00317500 0.02127519
v 0.07183478 0.00000000 0.02127519
v 0.07160889 -0.00317500 0.02144852
v 0.07160889 0.00000000 0.02144852
v 0.07139895 -0.00317500 0.02164089
v 0.07139895 0.00000000 0.02164089
v 0.07120658 -0.00317500 0.02185082
v 0.07120658 0.00000000 0.02185082
v 0.07103325 -0.00317500 0.02207672
v 0.07103325 0.00000000 0.02207672
v 0.07088026 -0.00317500 0.02231687
v 0.07088026 0.00000000 0.02231687
v 0.07074878 -0.00317500 0.02256943
v 0.07074878 0.00000000 0.02256943
v 0.07063982 -0.00317500 0.02283250
v 0.07063982 0.00000000 0.02283250
v 0.07055420 -0.00317500 0.02310406
v 0.07055420 0.00000000 0.02310406
v 0.07049257 -0.00317500 0.02338205
v 0.07049257 0.00000000 0.02338205
v 0.07045540 -0.00317500 0.02366435
v 0.07045540 0.00000000 0.02366435
v 0.07044298 -0.00317500 0.02394882
v 0.07044298 0.00000000 0.02394882
v 0.07045540 -0.00317500 0.02423329
v 0.07045540 0.00000000 0.02423329
v 0.07049257 -0.00317500 0.02451559
v 0.07049257 0.00000000 0.02451559
v 0.07055420 -0.00317500 0.02479358
v 0.07055420 0.00000000 0.02479358
v 0.07063982 -0.00317500 0.02506514
v 0.07063982 0.00000000 0.02506514
v 0.07074878 -0.00317500 0.02532820
v 0.07074878 0.00000000 0.02532820
v 0.07088026 -0.00317500 0.02558077
v 0.07088026 0.00000000 0.02558077
v 0.07103325 -0.00317500 0.02582091
v 0.07103325 0.00000000 0.02582091
v 0.07120658 -0.00317500 0.02604681
v 0.07120658 0.00000000 0.02604681
v 0.07139895 -0.00317500 0.02625674
v 0.07139895 0.00000000 0.02625674
v 0.07160889 -0.00317500 0.02644911
v 0.07160889 0.00000000 0.02644911
v 0.07183478 -0.00317500 0.02662245
v 0.07183478 0.00000000 0.02662245
v 0.07207493 -0.00317500 0.02677544
v 0.07207493 0.00000000 0.02677544
v 0.07232749 -0.00317500 0.02690692
v 0.07232749 0.00000000 0.02690692
v 0.07259056 -0.00317500 0.02701588
v 0.07259056 0.00000000 0.02701588
v 0.07286212 -0.00317500 0.02710150
v 0.07286212 0.00000000 0.02710150
v 0.07314011 -0.00317500 0.02716313
v 0.07314011 0.00000000 0.02716313
v 0.07342241 -0.00317500 0.02720030
v 0.07342241 0.00000000 0.02720030
v 0.03311611 0.00000000 -0.06398711
v 0.03311611 -0.00317500 -0.06398711
v 0.03272527 0.00000000 -0.06344917
v 0.03272527 -0.00317500 -0.06344917
v 0.02457761 0.00000000 -0.05223487
v 0.02457761 -0.00317500 -0.05223487
v 0.02345799 0.00000000 -0.05069385
v 0.02345799 -0.00317500 -0.05069385
v 0.02044531 0.00000000 -0.04654725
v 0.02044531 -0.00317500 -0.04654725
v -0.01680544 0.00000000 0.05511798
v -0.01680544 -0.00317500 0.05511798
v -0.01681504 0.00000000 0.05504368
v -0.01681504 -0.00317500 0.05504368
v -0.01681906 0.00000000 0.05496886
v -0.01681906 -0.00317500 0.05496886
v -0.01681746 0.00000000 0.05489395
v -0.01681746 -0.00317500 0.05489395
v -0.01681025 0.00000000 0.05481937
v -0.01681025 -0.00317500 0.05481937
v -0.01679748 0.00000000 0.05474554
v -0.01679748 -0.00317500 0.05474554
v -0.01669005 -0.00317500 0.08276235
v -0.01669005 0.00000000 0.08276235
v -0.01845959 -0.00317500 0.07715007
v -0.01845959 0.00000000 0.07715007
v -0.02044531 -0.00317500 0.07085219
v -0.02044531 0.00000000 0.07085219
v -0.02300059 -0.00317500 0.06274786
v -0.02300059 0.00000000 0.06274786
v 0.04367980 0.00000000 -0.02773777
v 0.04367980 -0.00317500 -0.02773777
v 0.04381720 0.00000000 -0.02783518
v 0.04381720 -0.00317500 -0.02783518
v 0.04396233 0.00000000 -0.02792069
v 0.04396233 -0.00317500 -0.02792069
v 0.04411412 0.00000000 -0.02799368
v 0.04411412 -0.00317500 -0.02799368
v 0.04427153 0.00000000 -0.02805364
v 0.04427153 -0.00317500 -0.02805364
v 0.04443342 0.00000000 -0.02810014
v 0.04443342 -0.00317500 -0.02810014
v 0.04459865 0.00000000 -0.02813286
v 0.04459865 -0.00317500 -0.02813286
v 0.04476604 0.00000000 -0.02815155
v 0.04476604 -0.00317500 -0.02815155
v 0.04493442 0.00000000 -0.02815610
v 0.04493442 -0.00317500 -0.02815610
v 0.04510258 0.00000000 -0.02814646
v 0.04510258 -0.00317500 -0.02814646
v 0.04526933 0.00000000 -0.02812271
v 0.04526933 -0.00317500 -0.02812271
v 0.04543350 0.00000000 -0.02808500
v 0.04543350 -0.00317500 -0.02808500
v 0.04559391 0.00000000 -0.02803363
v 0.04559391 -0.00317500 -0.02803363
v 0.04574942 0.00000000 -0.02796893
v 0.04574942 -0.00317500 -0.02796893
v 0.04589894 0.00000000 -0.02789138
v 0.04589894 -0.00317500 -0.02789138
v 0.04604141 0.00000000 -0.02780152
v 0.04604141 -0.00317500 -0.02780152
v 0.04617581 0.00000000 -0.02769999
v 0.04617581 -0.00317500 -0.02769999
v 0.04630119 0.00000000 -0.02758751
v 0.04630119 -0.00317500 -0.02758751
v 0.04641666 0.00000000 -0.02746489
v 0.04641666 -0.00317500 -0.02746489
v 0.04652140 0.00000000 -0.02733298
v 0.04652140 -0.00317500 -0.02733298
v 0.04661468 0.00000000 -0.02719272
v 0.04661468 -0.00317500 -0.02719272
v 0.04669581 0.00000000 -0.02704512
v 0.04669581 -0.00317500 -0.02704512
v 0.04676425 0.00000000 -0.02689121
v 0.04676425 -0.00317500 -0.02689121
v 0.04681949 0.00000000 -0.02673209
v 0.04681949 -0.00317500 -0.02673209
v 0.04686114 0.00000000 -0.02656888
v 0.04686114 -0.00317500 -0.02656888
v 0.04688891 0.00000000 -0.02640275
v 0.04688891 -0.00317500 -0.02640275
v 0.04690261 0.00000000 -0.02623487
v 0.04690261 -0.00317500 -0.02623487
v 0.04690213 0.00000000 -0.02606644
v 0.04690213 -0.00317500 -0.02606644
v 0.04688748 0.00000000 -0.02589864
v 0.04688748 -0.00317500 -0.02589864
v 0.01600000 0.00000000 -0.00410000
v 0.01600000 -0.00317500 -0.00410000
v 0.01635734 0.00000000 -0.00408440
v 0.01635734 -0.00317500 -0.00408440
v 0.01671196 0.00000000 -0.00403771
v 0.01671196 -0.00317500 -0.00403771
v 0.01706116 0.00000000 -0.00396030
v 0.01706116 -0.00317500 -0.00396030
v 0.01740228 0.00000000 -0.00385274
v 0.01740228 -0.00317500 -0.00385274
v 0.01773274 0.00000000 -0.00371586
v 0.01773274 -0.00317500 -0.00371586
v 0.01805000 0.00000000 -0.00355070
v 0.01805000 -0.00317500 -0.00355070
v 0.01835166 0.00000000 -0.00335852
v 0.01835166 -0.00317500 -0.00335852
v 0.01863543 0.00000000 -0.00314078
v 0.01863543 -0.00317500 -0.00314078
v 0.01889914 0.00000000 -0.00289914
v 0.01889914 -0.00317500 -0.00289914
v 0.01914078 0.00000000 -0.00263543
v 0.01914078 -0.00317500 -0.00263543
v 0.01935852 0.00000000 -0.00235166
v 0.01935852 -0.00317500 -0.00235166
v 0.01955070 0.00000000 -0.00205000
v 0.01955070 -0.00317500 -0.00205000
v 0.01971586 0.00000000 -0.00173273
v 0.01971586 -0.00317500 -0.00173273
v 0.01985274 0.00000000 -0.00140228
v 0.01985274 -0.00317500 -0.00140228
v 0.01996030 0.00000000 -0.00106116
v 0.01996030 -0.00317500 -0.00106116
v 0.02003771 0.00000000 -0.00071196
v 0.02003771 -0.00317500 -0.00071196
v 0.02008440 0.00000000 -0.00035734
v 0.02008440 -0.00317500 -0.00035734
v 0.02010000 0.00000000 -0.00000000
v 0.02010000 -0.00317500 -0.00000000
v 0.02008440 0.00000000 0.00035734
v 0.02008440 -0.00317500 0.00035734
v 0.02003771 0.00000000 0.00071196
v 0.02003771 -0.00317500 0.00071196
v 0.01996030 0.00000000 0.00106116
v 0.01996030 -0.00317500 0.00106116
v 0.01985274 0.00000000 0.00140228
v 0.01985274 -0.00317500 0.00140228
v 0.01971586 0.00000000 0.00173273
v 0.01971586 -0.00317500 0.00173273
v 0.01955070 0.00000000 0.00205000
v 0.01955070 -0.00317500 0.00205000
v 0.01935852 0.00000000 0.00235166
v 0.01935852 -0.00317500 0.00235166
v 0.01914078 0.00000000 0.00263543
v 0.01914078 -0.00317500 0.00263543
v 0.01889914 0.00000000 0.00289914
v 0.01889914 -0.00317500 0.00289914
v 0.01863543 0.00000000 0.00314078
v 0.01863543 -0.00317500 0.00314078
v 0.01835166 0.00000000 0.00335852
v 0.01835166 -0.00317500 0.00335852
v 0.01805000 0.00000000 0.00355070
v 0.01805000 -0.00317500 0.00355070
v 0.01773274 0.00000000 0.00371586
v 0.01773274 -0.00317500 0.00371586
v 0.01740228 0.00000000 0.00385274
v 0.01740228 -0.00317500 0.00385274
v 0.01706116 0.00000000 0.00396030
v 0.01706116 -0.00317500 0.00396030
v 0.01671196 0.00000000 0.00403771
v 0.01671196 -0.00317500 0.00403771
v 0.01635734 0.00000000 0.00408440
v 0.01635734 -0.00317500 0.00408440
v 0.01600000 0.00000000 0.00410000
v 0.01600000 -0.00317500 0.00410000
v 0.01564266 0.00000000 0.00408440
v 0.01564266 -0.00317500 0.00408440
v 0.01528804 0.00000000 0.00403771
v 0.01528804 -0.00317500 0.00403771
v 0.01493884 0.00000000 0.00396030
v 0.01493884 -0.00317500 0.00396030
v 0.01459772 0.00000000 0.00385274
v 0.01459772 -0.00317500 0.00385274
v 0.01426726 0.00000000 0.00371586
v 0.01426726 -0.00317500 0.00371586
v 0.01395000 0.00000000 0.00355070
v 0.01395000 -0.00317500 0.00355070
v 0.01364834 0.00000000 0.00335852
v 0.01364834 -0.00317500 0.00335852
v 0.01336457 0.00000000 0.00314078
v 0.01336457 -0.00317500 0.00314078
v 0.01310086 0.00000000 0.00289914
v 0.01310086 -0.00317500 0.00289914
v 0.01285922 0.00000000 0.00263543
v 0.01285922 -0.00317500 0.00263543
v 0.01264148 0.00000000 0.00235166
v 0.01264148 -0.00317500 0.00235166
v 0.01244930 0.00000000 0.00205000
v 0.01244930 -0.00317500 0.00205000
v 0.01228414 0.00000000 0.00173273
v 0.01228414 -0.00317500 0.00173273
v 0.01214726 0.00000000 0.00140228
v 0.01214726 -0.00317500 0.00140228
v 0.01203970 0.00000000 0.00106116
v 0.01203970 -0.00317500 0.00106116
v 0.01196229 0.00000000 0.00071196
v 0.01196229 -0.00317500 0.00071196
v 0.01191560 0.00000000 0.00035734
v 0.01191560 -0.00317500 0.00035734
v 0.01190000 0.00000000 0.00000000
v 0.01190000 -0.00317500 0.00000000
v 0.01191560 0.00000000 -0.00035734
v 0.01191560 -0.00317500 -0.00035734
v 0.01196229 0.00000000 -0.00071196
v 0.01196229 -0.00317500 -0.00071196
v 0.01203970 0.00000000 -0.00106116
v 0.01203970 -0.00317500 -0.00106116
v 0.01214726 0.00000000 -0.00140228
v 0.01214726 -0.00317500 -0.00140228
v 0.01228414 0.00000000 -0.00173273
v 0.01228414 -0.00317500 -0.00173273
v 0.01244930 0.00000000 -0.00205000
v 0.01244930 -0.00317500 -0.00205000
v 0.01264148 0.00000000 -0.00235166
v 0.01264148 -0.00317500 -0.00235166
v 0.01285922 0.00000000 -0.00263543
v 0.01285922 -0.00317500 -0.00263543
v 0.01310086 0.00000000 -0.00289914
v 0.01310086 -0.00317500 -0.00289914
v 0.01336457 0.00000000 -0.00314078
v 0.01336457 -0.00317500 -0.00314078
v 0.01364834 0.00000000 -0.00335852
v 0.01364834 -0.00317500 -0.00335852
v 0.01395000 0.00000000 -0.00355070
v 0.01395000 -0.00317500 -0.00355070
v 0.01426726 0.00000000 -0.00371586
v 0.01426726 -0.00317500 -0.00371586
v 0.01459772 0.00000000 -0.00385274
v 0.01459772 -0.00317500 -0.00385274
v 0.01493884 0.00000000 -0.00396030
v 0.01493884 -0.00317500 -0.00396030
v 0.01528804 0.00000000 -0.00403771
v 0.01528804 -0.00317500 -0.00403771
v 0.01564266 0.00000000 -0.00408440
v 0.01564266 -0.00317500 -0.00408440
v 0.08386918 0.00000000 0.00970180
v 0.08386918 -0.00317500 0.00970180
v 0.06835238 -0.00317500 -0.00136623
v 0.06168083 -0.00317500 -0.00612500
v -0.07355417 -0.00317500 0.04144815
v -0.07355417 0.00000000 0.04144815
v -0.01333677 0.00000000 0.02857235
v -0.01333677 -0.00317500 0.02857235
v -0.01586424 0.00000000 0.03724219
v -0.01586424 -0.00317500 0.03724219
v -0.01845959 0.00000000 0.04614484
v -0.01845959 -0.00317500 0.04614484
v 0.01669005 -0.00317500 0.08276235
v 0.01669005 0.00000000 0.08276235
v 0.01616789 0.00000000 0.08419696
v 0.01616789 -0.00317500 0.08419696
v 0.01552269 0.00000000 0.08558060
v 0.01552269 -0.00317500 0.08558060
v 0.01475935 0.00000000 0.08690275
v 0.01475935 -0.00317500 0.08690275
v 0.01388368 0.00000000 0.08815333
v 0.01388368 -0.00317500 0.08815333
v 0.01290235 0.00000000 0.08932283
v 0.01290235 -0.00317500 0.08932283
v 0.01182283 0.00000000 0.09040235
v 0.01182283 -0.00317500 0.09040235
v 0.01161708 -0.00317500 0.09058791
v 0.01161708 0.00000000 0.09058791
v 0.01065333 -0.00317500 0.09138368
v 0.01065333 0.00000000 0.09138368
v 0.00940274 0.00000000 0.09225935
v 0.00940274 -0.00317500 0.09225935
v 0.00808060 0.00000000 0.09302269
v 0.00808060 -0.00317500 0.09302269
v 0.00669696 0.00000000 0.09366789
v 0.00669696 -0.00317500 0.09366789
v 0.00526235 0.00000000 0.09419005
v 0.00526235 -0.00317500 0.09419005
v 0.00378769 0.00000000 0.09458518
v 0.00378769 -0.00317500 0.09458518
v 0.00228421 0.00000000 0.09485029
v 0.00228421 -0.00317500 0.09485029
v 0.00076334 0.00000000 0.09498335
v 0.00076334 -0.00317500 0.09498335
v -0.00076334 0.00000000 0.09498335
v -0.00076334 -0.00317500 0.09498335
v -0.00228421 0.00000000 0.09485029
v -0.00228421 -0.00317500 0.09485029
v -0.00378769 0.00000000 0.09458518
v -0.00378769 -0.00317500 0.09458518
v -0.00526235 0.00000000 0.09419005
v -0.00526235 -0.00317500 0.09419005
v -0.00669696 0.00000000 0.09366789
v -0.00669696 -0.00317500 0.09366789
v -0.00808060 0.00000000 0.09302269
v -0.00808060 -0.00317500 0.09302269
v -0.00940274 0.00000000 0.09225935
v -0.00940274 -0.00317500 0.09225935
v -0.01065333 0.00000000 0.09138368
v -0.01065333 -0.00317500 0.09138368
v -0.01182283 0.00000000 0.09040235
v -0.01182283 -0.00317500 0.09040235
v -0.01290235 0.00000000 0.08932283
v -0.01290235 -0.00317500 0.08932283
v -0.01388368 0.00000000 0.08815333
v -0.01388368 -0.00317500 0.08815333
v -0.01475935 0.00000000 0.08690275
v -0.01475935 -0.00317500 0.08690275
v -0.01552269 0.00000000 0.08558060
v -0.01552269 -0.00317500 0.08558060
v -0.01616789 0.00000000 0.08419696
v -0.01616789 -0.00317500 0.08419696
v 0.05315561 0.00000000 -0.00660733
v 0.05315561 -0.00317500 -0.00660733
v 0.05326609 0.00000000 -0.00648019
v 0.05326609 -0.00317500 -0.00648019
v 0.05336548 0.00000000 -0.00634421
v 0.05336548 -0.00317500 -0.00634421
v 0.05345308 0.00000000 -0.00620034
v 0.05345308 -0.00317500 -0.00620034
v 0.05352826 0.00000000 -0.00604961
v 0.05352826 -0.00317500 -0.00604961
v 0.05359049 0.00000000 -0.00589309
v 0.05359049 -0.00317500 -0.00589309
v 0.05363933 0.00000000 -0.00573189
v 0.05363933 -0.00317500 -0.00573189
v 0.05367443 0.00000000 -0.00556715
v 0.05367443 -0.00317500 -0.00556715
v 0.05369554 0.00000000 -0.00540004
v 0.05369554 -0.00317500 -0.00540004
v 0.05370253 0.00000000 -0.00523175
v 0.05370253 -0.00317500 -0.00523175
v 0.05369532 0.00000000 -0.00506347
v 0.05369532 -0.00317500 -0.00506347
v 0.05367398 0.00000000 -0.00489639
v 0.05367398 -0.00317500 -0.00489639
v 0.05363866 0.00000000 -0.00473170
v 0.05363866 -0.00317500 -0.00473170
v 0.05358960 0.00000000 -0.00457056
v 0.05358960 -0.00317500 -0.00457056
v 0.05352717 0.00000000 -0.00441412
v 0.05352717 -0.00317500 -0.00441412
v 0.05345178 0.00000000 -0.00426350
v 0.05345178 -0.00317500 -0.00426350
v 0.05336400 0.00000000 -0.00411975
v 0.05336400 -0.00317500 -0.00411975
v 0.05326442 0.00000000 -0.00398389
v 0.05326442 -0.00317500 -0.00398389
v 0.05315377 0.00000000 -0.00385690
v 0.05315377 -0.00317500 -0.00385690
v 0.05303283 0.00000000 -0.00373967
v 0.05303283 -0.00317500 -0.00373967
v 0.05290245 0.00000000 -0.00363303
v 0.05290245 -0.00317500 -0.00363303
v 0.05276356 0.00000000 -0.00353773
v 0.05276356 -0.00317500 -0.00353773
v 0.05261714 0.00000000 -0.00345447
v 0.05261714 -0.00317500 -0.00345447
v 0.05246424 0.00000000 -0.00338382
v 0.05246424 -0.00317500 -0.00338382
v 0.05230593 0.00000000 -0.00332628
v 0.05230593 -0.00317500 -0.00332628
v 0.05214335 0.00000000 -0.00328227
v 0.05214335 -0.00317500 -0.00328227
v 0.05197763 0.00000000 -0.00325210
v 0.05197763 -0.00317500 -0.00325210
v 0.05180997 0.00000000 -0.00323597
v 0.05180997 -0.00317500 -0.00323597
v 0.05164155 0.00000000 -0.00323401
v 0.05164155 -0.00317500 -0.00323401
v -0.01600000 0.00000000 -0.00410000
v -0.01600000 -0.00317500 -0.00410000
v -0.01564266 0.00000000 -0.00408440
v -0.01564266 -0.00317500 -0.00408440
v -0.01528804 0.00000000 -0.00403771
v -0.01528804 -0.00317500 -0.00403771
v -0.01493884 0.00000000 -0.00396030
v -0.01493884 -0.00317500 -0.00396030
v -0.01459772 0.00000000 -0.00385274
v -0.01459772 -0.00317500 -0.00385274
v -0.01426726 0.00000000 -0.00371586
v -0.01426726 -0.00317500 -0.00371586
v -0.01395000 0.00000000 -0.00355070
v -0.01395000 -0.00317500 -0.00355070
v -0.01364834 0.00000000 -0.00335852
v -0.01364834 -0.00317500 -0.00335852
v -0.01336457 0.00000000 -0.00314078
v -0.01336457 -0.00317500 -0.00314078
v -0.01310086 0.00000000 -0.00289914
v -0.01310086 -0.00317500 -0.00289914
v -0.01285922 0.00000000 -0.00263543
v -0.01285922 -0.00317500 -0.00263543
v -0.01264148 0.00000000 -0.00235166
v -0.01264148 -0.00317500 -0.00235166
v -0.01244930 0.00000000 -0.00205000
v -0.01244930 -0.00317500 -0.00205000
v -0.01228414 0.00000000 -0.00173273
v -0.01228414 -0.00317500 -0.00173273
v -0.01214726 0.00000000 -0.00140228
v -0.01214726 -0.00317500 -0.00140228
v -0.01203970 0.00000000 -0.00106116
v -0.01203970 -0.00317500 -0.00106116
v -0.01196229 0.00000000 -0.00071196
v -0.01196229 -0.00317500 -0.00071196
v -0.01191560 0.00000000 -0.00035734
v -0.01191560 -0.00317500 -0.00035734
v -0.01190000 0.00000000 -0.00000000
v -0.01190000 -0.00317500 -0.00000000
v -0.01191560 0.00000000 0.00035734
v -0.01191560 -0.00317500 0.00035734
v -0.01196229 0.00000000 0.00071196
v -0.01196229 -0.00317500 0.00071196
v -0.01203970 0.00000000 0.00106116
v -0.01203970 -0.00317500 0.00106116
v -0.01214726 0.00000000 0.00140228
v -0.01214726 -0.00317500 0.00140228
v -0.01228414 0.00000000 0.00173273
v -0.01228414 -0.00317500 0.00173273
v -0.01244930 0.00000000 0.00205000
v -0.01244930 -0.00317500 0.00205000
v -0.01264148 0.00000000 0.00235166
v -0.01264148 -0.00317500 0.00235166
v -0.01285922 0.00000000 0.00263543
v -0.01285922 -0.00317500 0.00263543
v -0.01310086 0.00000000 0.00289914
v -0.01310086 -0.00317500 0.00289914
v -0.01336457 0.00000000 0.00314078
v -0.01336457 -0.00317500 0.00314078
v -0.01364834 0.00000000 0.00335852
v -0.01364834 -0.00317500 0.00335852
v -0.01395000 0.00000000 0.00355070
v -0.01395000 -0.00317500 0.00355070
v -0.01426726 0.00000000 0.00371586
v -0.01426726 -0.00317500 0.00371586
v -0.01459772 0.00000000 0.00385274
v -0.01459772 -0.00317500 0.00385274
v -0.01493884 0.00000000 0.00396030
v -0.01493884 -0.00317500 0.00396030
v -0.01528804 0.00000000 0.00403771
v -0.01528804 -0.00317500 0.00403771
v -0.01564266 0.00000000 0.00408440
v -0.01564266 -0.00317500 0.00408440
v -0.01600000 0.00000000 0.00410000
v -0.01600000 -0.00317500 0.00410000
v -0.01635734 0.00000000 0.00408440
v -0.01635734 -0.00317500 0.00408440
v -0.01671196 0.00000000 0.00403771
v -0.01671196 -0.00317500 0.00403771
v -0.01706116 0.00000000 0.00396030
v -0.01706116 -0.00317500 0.00396030
v -0.01740228 0.00000000 0.00385274
v -0.01740228 -0.00317500 0.00385274
v -0.01773274 0.00000000 0.00371586
v -0.01773274 -0.00317500 0.00371586
v -0.01805000 0.00000000 0.00355070
v -0.01805000 -0.00317500 0.00355070
v -0.01835166 0.00000000 0.00335852
v -0.01835166 -0.00317500 0.00335852
v -0.01863543 0.00000000 0.00314078
v -0.01863543 -0.00317500 0.00314078
v -0.01889914 0.00000000 0.00289914
v -0.01889914 -0.00317500 0.00289914
v -0.01914078 0.00000000 0.00263543
v -0.01914078 -0.00317500 0.00263543
v -0.01935852 0.00000000 0.00235166
v -0.01935852 -0.00317500 0.00235166
v -0.01955070 0.00000000 0.00205000
v -0.01955070 -0.00317500 0.00205000
v -0.01971586 0.00000000 0.00173273
v -0.01971586 -0.00317500 0.00173273
v -0.01985274 0.00000000 0.00140228
v -0.01985274 -0.00317500 0.00140228
v -0.01996030 0.00000000 0.00106116
v -0.01996030 -0.00317500 0.00106116
v -0.02003771 0.00000000 0.00071196
v -0.02003771 -0.00317500 0.00071196
v -0.02008440 0.00000000 0.00035734
v -0.02008440 -0.00317500 0.00035734
v -0.02010000 0.00000000 0.00000000
v -0.02010000 -0.00317500 0.00000000
v -0.02008440 0.00000000 -0.00035734
v -0.02008440 -0.00317500 -0.00035734
v -0.02003771 0.00000000 -0.00071196
v -0.02003771 -0.00317500 -0.00071196
v -0.01996030 0.00000000 -0.00106116
v -0.01996030 -0.00317500 -0.00106116
v -0.01985274 0.00000000 -0.00140228
v -0.01985274 -0.00317500 -0.00140228
v -0.01971586 0.00000000 -0.00173273
v -0.01971586 -0.00317500 -0.00173273
v -0.01955070 0.00000000 -0.00205000
v -0.01955070 -0.00317500 -0.00205000
v -0.01935852 0.00000000 -0.00235166
v -0.01935852 -0.00317500 -0.00235166
v -0.01914078 0.00000000 -0.00263543
v -0.01914078 -0.00317500 -0.00263543
v -0.01889914 0.00000000 -0.00289914
v -0.01889914 -0.00317500 -0.00289914
v -0.01863543 0.00000000 -0.00314078
v -0.01863543 -0.00317500 -0.00314078
v -0.01835166 0.00000000 -0.00335852
v -0.01835166 -0.00317500 -0.00335852
v -0.01805000 0.00000000 -0.00355070
v -0.01805000 -0.00317500 -0.00355070
v -0.01773274 0.00000000 -0.00371586
v -0.01773274 -0.00317500 -0.00371586
v -0.01740228 0.00000000 -0.00385274
v -0.01740228 -0.00317500 -0.00385274
v -0.01706116 0.00000000 -0.00396030
v -0.01706116 -0.00317500 -0.00396030
v -0.01671196 0.00000000 -0.00403771
v -0.01671196 -0.00317500 -0.00403771
v -0.01635734 0.00000000 -0.00408440
v -0.01635734 -0.00317500 -0.00408440
v 0.03514396 0.00000000 -0.07676631
v 0.03514396 -0.00317500 -0.07676631
v 0.03393427 0.00000000 -0.07587119
v 0.03393427 -0.00317500 -0.07587119
v 0.03272527 0.00000000 -0.07497658
v 0.03272527 -0.00317500 -0.07497658
v 0.02345799 0.00000000 -0.06811915
v 0.02345799 -0.00317500 -0.06811915
v 0.02044531 0.00000000 -0.06588988
v 0.02044531 -0.00317500 -0.06588988
v 0.02028168 0.00000000 -0.06576881
v 0.02028168 -0.00317500 -0.06576881
v 0.01161072 0.00000000 -0.05935263
v 0.01161072 -0.00317500 -0.05935263
v 0.01108879 0.00000000 -0.05896642
v 0.01108879 -0.00317500 -0.05896642
v 0.02568858 -0.00317500 0.05422266
v 0.02568858 0.00000000 0.05422266
v 0.02345799 -0.00317500 0.06129719
v 0.02345799 0.00000000 0.06129719
v 0.02300059 -0.00317500 0.06274786
v 0.02300059 0.00000000 0.06274786
v 0.02044531 -0.00317500 0.07085219
v 0.02044531 0.00000000 0.07085219
v -0.03440956 0.00000000 -0.02561938
v -0.03440956 -0.00317500 -0.02561938
v 0.08507222 0.00000000 0.01064171
v 0.08507222 -0.00317500 0.01064171
v 0.08618876 0.00000000 0.01168291
v 0.08618876 -0.00317500 0.01168291
v 0.08721031 0.00000000 0.01281745
v 0.08721031 -0.00317500 0.01281745
v 0.08812909 0.00000000 0.01403671
v 0.08812909 -0.00317500 0.01403671
v 0.08893810 0.00000000 0.01533141
v 0.08893810 -0.00317500 0.01533141
v 0.08963120 0.00000000 0.01669168
v 0.08963120 -0.00317500 0.01669168
v 0.09020311 0.00000000 0.01810720
v 0.09020311 -0.00317500 0.01810720
v 0.09064946 0.00000000 0.01956717
v 0.09064946 -0.00317500 0.01956717
v 0.09096688 0.00000000 0.02106048
v 0.09096688 -0.00317500 0.02106048
v 0.09115294 0.00000000 0.02257578
v 0.09115294 -0.00317500 0.02257578
v 0.09120622 0.00000000 0.02410153
v 0.09120622 -0.00317500 0.02410153
v 0.09112632 0.00000000 0.02562612
v 0.09112632 -0.00317500 0.02562612
v 0.09091384 0.00000000 0.02713794
v 0.09091384 -0.00317500 0.02713794
v 0.09057041 0.00000000 0.02862549
v 0.09057041 -0.00317500 0.02862549
v 0.09009864 0.00000000 0.03007745
v 0.09009864 -0.00317500 0.03007745
v 0.08950213 0.00000000 0.03148276
v 0.08950213 -0.00317500 0.03148276
v 0.08878539 0.00000000 0.03283074
v 0.08878539 -0.00317500 0.03283074
v 0.08795390 0.00000000 0.03411112
v 0.08795390 -0.00317500 0.03411112
v 0.08701398 0.00000000 0.03531416
v 0.08701398 -0.00317500 0.03531416
v 0.08597279 0.00000000 0.03643070
v 0.08597279 -0.00317500 0.03643070
v 0.08483825 0.00000000 0.03745225
v 0.08483825 -0.00317500 0.03745225
v 0.08361899 0.00000000 0.03837103
v 0.08361899 -0.00317500 0.03837103
v 0.08232429 0.00000000 0.03918004
v 0.08232429 -0.00317500 0.03918004
v 0.08096401 0.00000000 0.03987314
v 0.08096401 -0.00317500 0.03987314
v 0.07954850 0.00000000 0.04044504
v 0.07954850 -0.00317500 0.04044504
v 0.07808853 0.00000000 0.04089140
v 0.07808853 -0.00317500 0.04089140
v 0.07659521 0.00000000 0.04120881
v 0.07659521 -0.00317500 0.04120881
v 0.07507992 0.00000000 0.04139487
v 0.07507992 -0.00317500 0.04139487
v 0.05725681 0.00000000 0.00094195
v 0.05725681 -0.00317500 0.00094195
v 0.05733097 0.00000000 0.00095262
v 0.05733097 -0.00317500 0.00095262
v 0.05740413 0.00000000 0.00096881
v 0.05740413 -0.00317500 0.00096881
v 0.05747586 0.00000000 0.00099044
v 0.05747586 -0.00317500 0.00099044
v 0.05754578 0.00000000 0.00101737
v 0.05754578 -0.00317500 0.00101737
v 0.05761348 0.00000000 0.00104947
v 0.05761348 -0.00317500 0.00104947
v 0.05767860 0.00000000 0.00108655
v 0.05767860 -0.00317500 0.00108655
v 0.03499861 0.00000000 0.02480861
v 0.03499861 -0.00317500 0.02480861
v 0.03492923 0.00000000 0.02475683
v 0.03492923 -0.00317500 0.02475683
v 0.03486459 0.00000000 0.02469924
v 0.03486459 -0.00317500 0.02469924
v 0.03480516 0.00000000 0.02463627
v 0.03480516 -0.00317500 0.02463627
v 0.03475141 0.00000000 0.02456841
v 0.03475141 -0.00317500 0.02456841
v 0.03470373 0.00000000 0.02449614
v 0.03470373 -0.00317500 0.02449614
v 0.03466247 0.00000000 0.02442002
v 0.03466247 -0.00317500 0.02442002
v 0.03462796 0.00000000 0.02434063
v 0.03462796 -0.00317500 0.02434063
v 0.03460044 0.00000000 0.02425854
v 0.03460044 -0.00317500 0.02425854
v 0.03458013 0.00000000 0.02417438
v 0.03458013 -0.00317500 0.02417438
v 0.03456717 0.00000000 0.02408878
v 0.03456717 -0.00317500 0.02408878
v 0.03456167 0.00000000 0.02400238
v 0.03456167 -0.00317500 0.02400238
v 0.03456365 0.00000000 0.02391582
v 0.03456365 -0.00317500 0.02391582
v 0.03457312 0.00000000 0.02382976
v 0.03457312 -0.00317500 0.02382976
v 0.03459000 0.00000000 0.02374485
v 0.03459000 -0.00317500 0.02374485
v 0.03461416 0.00000000 0.02366171
v 0.03461416 -0.00317500 0.02366171
v 0.03464541 0.00000000 0.02358097
v 0.03464541 -0.00317500 0.02358097
v 0.03468354 0.00000000 0.02350324
v 0.03468354 -0.00317500 0.02350324
v 0.03472824 0.00000000 0.02342910
v 0.03472824 -0.00317500 0.02342910
v 0.03477919 0.00000000 0.02335910
v 0.03477919 -0.00317500 0.02335910
v 0.03483601 0.00000000 0.02329377
v 0.03483601 -0.00317500 0.02329377
v 0.03489826 0.00000000 0.02323361
v 0.03489826 -0.00317500 0.02323361
v 0.03496548 0.00000000 0.02317905
v 0.03496548 -0.00317500 0.02317905
v 0.03503717 0.00000000 0.02313051
v 0.03503717 -0.00317500 0.02313051
v 0.03511279 0.00000000 0.02308835
v 0.03511279 -0.00317500 0.02308835
v 0.03519177 0.00000000 0.02305289
v 0.03519177 -0.00317500 0.02305289
v 0.03527353 0.00000000 0.02302440
v 0.03527353 -0.00317500 0.02302440
v 0.03535744 0.00000000 0.02300308
v 0.03535744 -0.00317500 0.02300308
v 0.03544288 0.00000000 0.02298910
v 0.03544288 -0.00317500 0.02298910
v 0.03552921 0.00000000 0.02298257
v 0.03552921 -0.00317500 0.02298257
v 0.03561578 0.00000000 0.02298352
v 0.03561578 -0.00317500 0.02298352
v 0.03570195 0.00000000 0.02299196
v 0.03570195 -0.00317500 0.02299196
v 0.03578706 0.00000000 0.02300783
v 0.03578706 -0.00317500 0.02300783
v 0.02938926 -0.00317500 -0.03718695
v 0.02938926 0.00000000 -0.03718695
v 0.02967373 -0.00317500 -0.03719937
v 0.02967373 0.00000000 -0.03719937
v 0.02995603 -0.00317500 -0.03723653
v 0.02995603 0.00000000 -0.03723653
v 0.03023402 -0.00317500 -0.03729817
v 0.03023402 0.00000000 -0.03729817
v 0.03050558 -0.00317500 -0.03738379
v 0.03050558 0.00000000 -0.03738379
v 0.03076865 -0.00317500 -0.03749275
v 0.03076865 0.00000000 -0.03749275
v 0.03102121 -0.00317500 -0.03762423
v 0.03102121 0.00000000 -0.03762423
v 0.03126136 -0.00317500 -0.03777722
v 0.03126136 0.00000000 -0.03777722
v 0.03148726 -0.00317500 -0.03795056
v 0.03148726 0.00000000 -0.03795056
v 0.03169719 -0.00317500 -0.03814292
v 0.03169719 0.00000000 -0.03814292
v 0.03188955 -0.00317500 -0.03835285
v 0.03188955 0.00000000 -0.03835285
v 0.03206289 -0.00317500 -0.03857875
v 0.03206289 0.00000000 -0.03857875
v 0.03221588 -0.00317500 -0.03881890
v 0.03221588 0.00000000 -0.03881890
v 0.03234736 -0.00317500 -0.03907147
v 0.03234736 0.00000000 -0.03907147
v 0.03245632 -0.00317500 -0.03933453
v 0.03245632 0.00000000 -0.03933453
v 0.03254195 -0.00317500 -0.03960609
v 0.03254195 0.00000000 -0.03960609
v 0.03260358 -0.00317500 -0.03988408
v 0.03260358 0.00000000 -0.03988408
v 0.03264074 -0.00317500 -0.04016638
v 0.03264074 0.00000000 -0.04016638
v 0.03265316 -0.00317500 -0.04045085
v 0.03265316 0.00000000 -0.04045085
v 0.03264074 -0.00317500 -0.04073532
v 0.03264074 0.00000000 -0.04073532
v 0.03260358 -0.00317500 -0.04101762
v 0.03260358 0.00000000 -0.04101762
v 0.03254195 -0.00317500 -0.04129561
v 0.03254195 0.00000000 -0.04129561
v 0.03245632 -0.00317500 -0.04156717
v 0.03245632 0.00000000 -0.04156717
v 0.03234736 -0.00317500 -0.04183023
v 0.03234736 0.00000000 -0.04183023
v 0.03221588 -0.00317500 -0.04208280
v 0.03221588 0.00000000 -0.04208280
v 0.03206289 -0.00317500 -0.04232294
v 0.03206289 0.00000000 -0.04232294
v 0.03188955 -0.00317500 -0.04254884
v 0.03188955 0.00000000 -0.04254884
v 0.03169719 -0.00317500 -0.04275877
v 0.03169719 0.00000000 -0.04275877
v 0.03148726 -0.00317500 -0.04295114
v 0.03148726 0.00000000 -0.04295114
v 0.03126136 -0.00317500 -0.04312448
v 0.03126136 0.00000000 -0.04312448
v 0.03102121 -0.00317500 -0.04327747
v 0.03102121 0.00000000 -0.04327747
v 0.03076865 -0.00317500 -0.04340895
v 0.03076865 0.00000000 -0.04340895
v 0.03050558 -0.00317500 -0.04351791
v 0.03050558 0.00000000 -0.04351791
v 0.03023402 -0.00317500 -0.04360354
v 0.03023402 0.00000000 -0.04360354
v 0.02995603 -0.00317500 -0.04366516
v 0.02995603 0.00000000 -0.04366516
v 0.02967373 -0.00317500 -0.04370233
v 0.02967373 0.00000000 -0.04370233
v 0.02938926 -0.00317500 -0.04371475
v 0.02938926 0.00000000 -0.04371475
v 0.02910480 -0.00317500 -0.04370233
v 0.02910480 0.00000000 -0.04370233
v 0.02882249 -0.00317500 -0.04366516
v 0.02882249 0.00000000 -0.04366516
v 0.02854450 -0.00317500 -0.04360354
v 0.02854450 0.00000000 -0.04360354
v 0.02827294 -0.00317500 -0.04351791
v 0.02827294 0.00000000 -0.04351791
v 0.02800988 -0.00317500 -0.04340895
v 0.02800988 0.00000000 -0.04340895
v 0.02775731 -0.00317500 -0.04327747
v 0.02775731 0.00000000 -0.04327747
v 0.02751717 -0.00317500 -0.04312448
v 0.02751717 0.00000000 -0.04312448
v 0.02729127 -0.00317500 -0.04295114
v 0.02729127 0.00000000 -0.04295114
v 0.02708134 -0.00317500 -0.04275877
v 0.02708134 0.00000000 -0.04275877
v 0.02688897 -0.00317500 -0.04254884
v 0.02688897 0.00000000 -0.04254884
v 0.02671563 -0.00317500 -0.04232294
v 0.02671563 0.00000000 -0.04232294
v 0.02656264 -0.00317500 -0.04208280
v 0.02656264 0.00000000 -0.04208280
v 0.02643116 -0.00317500 -0.04183023
v 0.02643116 0.00000000 -0.04183023
v 0.02632220 -0.00317500 -0.04156717
v 0.02632220 0.00000000 -0.04156717
v 0.02623658 -0.00317500 -0.04129561
v 0.02623658 0.00000000 -0.04129561
v 0.02617495 -0.00317500 -0.04101762
v 0.02617495 0.00000000 -0.04101762
v 0.02613778 -0.00317500 -0.04073532
v 0.02613778 0.00000000 -0.04073532
v 0.02612536 -0.00317500 -0.04045085
v 0.02612536 0.00000000 -0.04045085
v 0.02613778 -0.00317500 -0.04016638
v 0.02613778 0.00000000 -0.04016638
v 0.02617495 -0.00317500 -0.03988408
v 0.02617495 0.00000000 -0.03988408
v 0.02623658 -0.00317500 -0.03960609
v 0.02623658 0.00000000 -0.03960609
v 0.02632220 -0.00317500 -0.03933453
v 0.02632220 0.00000000 -0.03933453
v 0.02643116 -0.00317500 -0.03907147
v 0.02643116 0.00000000 -0.03907147
v 0.02656264 -0.00317500 -0.03881890
v 0.02656264 0.00000000 -0.03881890
v 0.02671563 -0.00317500 -0.03857875
v 0.02671563 0.00000000 -0.03857875
v 0.02688897 -0.00317500 -0.03835285
v 0.02688897 0.00000000 -0.03835285
v 0.02708134 -0.00317500 -0.03814292
v 0.02708134 0.00000000 -0.03814292
v 0.02729127 -0.00317500 -0.03795056
v 0.02729127 0.00000000 -0.03795056
v 0.02751717 -0.00317500 -0.03777722
v 0.02751717 0.00000000 -0.03777722
v 0.02775731 -0.00317500 -0.03762423
v 0.02775731 0.00000000 -0.03762423
v 0.02800988 -0.00317500 -0.03749275
v 0.02800988 0.00000000 -0.03749275
v 0.02827294 -0.00317500 -0.03738379
v 0.02827294 0.00000000 -0.03738379
v 0.02854450 -0.00317500 -0.03729817
v 0.02854450 0.00000000 -0.03729817
v 0.02882249 -0.00317500 -0.03723653
v 0.02882249 0.00000000 -0.03723653
v 0.02910480 -0.00317500 -0.03719937
v 0.02910480 0.00000000 -0.03719937
v 0.00948459 -0.00317500 0.00996056
v 0.00948459 -0.00317500 0.01183556
v -0.00368195 -0.00317500 0.01183556
v 0.02044531 -0.00317500 0.06274786
v -0.02044531 -0.00317500 0.06274786
v -0.02044531 -0.00317500 0.05140941
v -0.05939784 -0.00317500 0.03724219
v -0.05306673 -0.00317500 0.03724219
v -0.08361899 -0.00317500 0.03837103
v -0.08483825 -0.00317500 0.03745225
v -0.07468430 -0.00317500 0.03724219
v -0.07468430 -0.00317500 0.00315028
v -0.07468430 -0.00317500 0.00996056
v -0.08386918 -0.00317500 0.00970180
v 0.05939784 -0.00317500 -0.05223487
v -0.01107031 -0.00317500 0.01463755
v -0.00368195 -0.00317500 0.02039246
v 0.01161072 -0.00317500 -0.00136623
v 0.02303886 -0.00317500 -0.00445894
v 0.02334884 -0.00317500 -0.00432383
v 0.02345799 -0.00317500 -0.00136623
v 0.02466865 -0.00317500 -0.00405682
v 0.03272527 -0.00317500 -0.00381105
v 0.03272527 -0.00317500 -0.00136623
v 0.07108880 -0.00317500 0.01172218
v 0.05939784 -0.00317500 0.00996056
v 0.04255710 -0.00317500 0.00245167
v 0.00948459 -0.00317500 -0.04064833
v 0.00948459 -0.00317500 -0.03267164
v 0.00662110 -0.00317500 -0.03267164
v 0.01029710 -0.00317500 -0.05266155
v 0.01014204 -0.00317500 -0.05259576
v 0.00977747 -0.00317500 -0.05807970
v 0.00839565 -0.00317500 -0.05730743
v 0.02044531 -0.00317500 0.01463755
v -0.02044531 -0.00317500 0.01463755
v -0.01845959 -0.00317500 0.01463755
v -0.03272527 -0.00317500 0.02039246
v -0.03272527 -0.00317500 0.01463755
v -0.01107031 -0.00317500 0.02039246
v -0.01099738 -0.00317500 0.04066205
v -0.01104975 -0.00317500 0.04059310
v -0.01107031 -0.00317500 0.03724219
v -0.05939784 -0.00317500 -0.00136623
v -0.05939784 -0.00317500 0.00996056
v -0.05306673 -0.00317500 -0.03267164
v -0.03393427 -0.00317500 -0.02108319
v -0.03272527 -0.00317500 -0.02108319
v -0.02044531 -0.00317500 -0.00136623
v -0.02044531 -0.00317500 -0.00612500
v -0.04130920 -0.00317500 -0.00136623
v -0.05306673 -0.00317500 -0.00136623
v -0.05939784 -0.00317500 -0.00612500
v -0.05306673 -0.00317500 -0.01002500
v -0.05286340 -0.00317500 -0.01634414
v -0.05190821 -0.00317500 -0.02569371
v -0.05221568 -0.00317500 -0.02724654
v -0.05306673 -0.00317500 -0.03000188
v -0.05265377 -0.00317500 -0.02876769
v -0.05173359 -0.00317500 -0.02412039
v -0.05169307 -0.00317500 -0.02253794
v -0.05178695 -0.00317500 -0.02095774
v -0.05201455 -0.00317500 -0.01939121
v -0.05237423 -0.00317500 -0.01784964
v -0.03426412 -0.00317500 -0.02552571
v -0.03418588 -0.00317500 -0.02548865
v -0.03433887 -0.00317500 -0.02556939
v -0.03393612 -0.00317500 -0.02541977
v -0.03402126 -0.00317500 -0.02543548
v -0.03410472 -0.00317500 -0.02545850
v -0.02044531 -0.00317500 -0.02108319
v -0.02044531 -0.00317500 -0.01002500
v -0.05142690 -0.00317500 -0.05168060
v -0.05151213 -0.00317500 -0.05167731
v -0.05306673 -0.00317500 -0.05223487
v -0.05218162 -0.00317500 -0.05134127
v -0.05223519 -0.00317500 -0.05127490
v -0.05067495 -0.00317500 -0.05133519
v -0.04130920 -0.00317500 -0.05223487
v -0.05159676 -0.00317500 -0.05166676
v -0.05168018 -0.00317500 -0.05164905
v -0.05176180 -0.00317500 -0.05162429
v -0.05073347 -0.00317500 -0.05139723
v -0.05079707 -0.00317500 -0.05145405
v -0.05086528 -0.00317500 -0.05150525
v -0.05093761 -0.00317500 -0.05155045
v -0.05101352 -0.00317500 -0.05158933
v -0.05109247 -0.00317500 -0.05162159
v -0.05117388 -0.00317500 -0.05164700
v -0.05125716 -0.00317500 -0.05166539
v -0.05134171 -0.00317500 -0.05167662
v -0.05242319 -0.00317500 -0.05080479
v -0.05243017 -0.00317500 -0.05071979
v -0.05184101 -0.00317500 -0.05159266
v -0.05191723 -0.00317500 -0.05155440
v -0.05198992 -0.00317500 -0.05150979
v -0.05205854 -0.00317500 -0.05145914
v -0.05212260 -0.00317500 -0.05140283
v -0.05242987 -0.00317500 -0.05063450
v -0.05242231 -0.00317500 -0.05054955
v -0.05240754 -0.00317500 -0.05046555
v -0.05238566 -0.00317500 -0.05038312
v -0.05228290 -0.00317500 -0.05120420
v -0.05232442 -0.00317500 -0.05112971
v -0.05235944 -0.00317500 -0.05105194
v -0.05238770 -0.00317500 -0.05097147
v -0.05240900 -0.00317500 -0.05088889
v -0.03393427 -0.00317500 -0.03267164
v -0.03393427 -0.00317500 -0.05223487
v -0.03291861 -0.00317500 -0.02593284
v -0.03288063 -0.00317500 -0.02601064
v -0.03280328 -0.00317500 -0.02651858
v -0.03281639 -0.00317500 -0.02660416
v -0.03272527 -0.00317500 -0.03267164
v -0.03279762 -0.00317500 -0.02643219
v -0.03334713 -0.00317500 -0.02551719
v -0.03327159 -0.00317500 -0.02555948
v -0.03289916 -0.00317500 -0.02684966
v -0.03294055 -0.00317500 -0.02692570
v -0.03359163 -0.00317500 -0.02543149
v -0.03350776 -0.00317500 -0.02545296
v -0.03342605 -0.00317500 -0.02548159
v -0.03319998 -0.00317500 -0.02560815
v -0.03313286 -0.00317500 -0.02566282
v -0.03307071 -0.00317500 -0.02572310
v -0.03283685 -0.00317500 -0.02668828
v -0.03286451 -0.00317500 -0.02677032
v -0.03384994 -0.00317500 -0.02541148
v -0.03376337 -0.00317500 -0.02541068
v -0.03367705 -0.00317500 -0.02541736
v -0.03301401 -0.00317500 -0.02578853
v -0.03296319 -0.00317500 -0.02585862
v -0.03280877 -0.00317500 -0.02625956
v -0.03279946 -0.00317500 -0.02634563
v -0.03284951 -0.00317500 -0.02609143
v -0.03282550 -0.00317500 -0.02617461
v -0.04130920 -0.00317500 0.00996056
v -0.07468430 -0.00317500 0.01183556
v -0.05939784 -0.00317500 0.01183556
v -0.06835238 -0.00317500 -0.00136623
v -0.04130920 -0.00317500 0.03724219
v -0.04130920 -0.00317500 0.02039246
v -0.03393427 -0.00317500 0.02039246
v -0.05939784 -0.00317500 0.02039246
v -0.07468430 -0.00317500 0.02039246
v -0.05306673 -0.00317500 0.02039246
v -0.01085275 -0.00317500 0.04097492
v -0.00368195 -0.00317500 0.03724219
v -0.01083415 -0.00317500 0.04105948
v -0.01082293 -0.00317500 0.04114532
v -0.01087859 -0.00317500 0.04089229
v -0.01091148 -0.00317500 0.04081221
v -0.01095118 -0.00317500 0.04073526
v -0.01083371 -0.00317500 0.07140162
v -0.01082282 -0.00317500 0.07131702
v -0.00368195 -0.00317500 0.06274786
v -0.00368195 -0.00317500 0.05140941
v -0.01094736 -0.00317500 0.07172164
v -0.01090879 -0.00317500 0.07164557
v -0.01087685 -0.00317500 0.07156648
v -0.01085176 -0.00317500 0.07148498
v -0.01099227 -0.00317500 0.07179414
v -0.01104319 -0.00317500 0.07186256
v -0.01109976 -0.00317500 0.07192639
v -0.01129903 -0.00317500 0.07208589
v -0.01137369 -0.00317500 0.07212710
v -0.01145160 -0.00317500 0.07216181
v -0.01254895 -0.00317500 0.07191551
v -0.01248804 -0.00317500 0.07197522
v -0.01242226 -0.00317500 0.07202950
v -0.01235210 -0.00317500 0.07207799
v -0.01169901 -0.00317500 0.07222457
v -0.01161485 -0.00317500 0.07221072
v -0.01153218 -0.00317500 0.07218975
v -0.01122814 -0.00317500 0.07203846
v -0.01116156 -0.00317500 0.07198516
v -0.01273568 -0.00317500 0.07163186
v -0.01269826 -0.00317500 0.07170850
v -0.01227806 -0.00317500 0.07212032
v -0.01220068 -0.00317500 0.07215619
v -0.01212052 -0.00317500 0.07218534
v -0.01203818 -0.00317500 0.07220754
v -0.01195424 -0.00317500 0.07222266
v -0.01186932 -0.00317500 0.07223056
v -0.01178404 -0.00317500 0.07223120
v -0.01276644 -0.00317500 0.07155231
v -0.01265444 -0.00317500 0.07178167
v -0.01260455 -0.00317500 0.07185085
v -0.01845959 -0.00317500 0.06274786
v -0.01845959 -0.00317500 0.05140941
v -0.01197977 -0.00317500 0.04024480
v -0.01333677 -0.00317500 0.03724219
v -0.01189379 -0.00317500 0.04023460
v -0.01244868 -0.00317500 0.04045481
v -0.01251353 -0.00317500 0.04051217
v -0.01110788 -0.00317500 0.04052894
v -0.01117134 -0.00317500 0.04047005
v -0.01123966 -0.00317500 0.04041687
v -0.01146846 -0.00317500 0.04029534
v -0.01155078 -0.00317500 0.04026851
v -0.01163511 -0.00317500 0.04024890
v -0.01206454 -0.00317500 0.04026238
v -0.01214747 -0.00317500 0.04028724
v -0.01222795 -0.00317500 0.04031917
v -0.01267510 -0.00317500 0.04071470
v -0.01271662 -0.00317500 0.04079067
v -0.01131232 -0.00317500 0.04036979
v -0.01138878 -0.00317500 0.04032918
v -0.01172082 -0.00317500 0.04023667
v -0.01180726 -0.00317500 0.04023189
v -0.01257317 -0.00317500 0.04057493
v -0.01262717 -0.00317500 0.04064261
v -0.01230535 -0.00317500 0.04035795
v -0.01237912 -0.00317500 0.04040328
v -0.01275142 -0.00317500 0.04086995
v -0.01333677 -0.00317500 0.01463755
v 0.01161072 -0.00317500 0.03724219
v 0.01107031 -0.00317500 0.02039246
v 0.01107031 -0.00317500 0.03724219
v 0.01107031 -0.00317500 0.01463755
v 0.01161072 -0.00317500 0.01463755
v 0.03393427 -0.00317500 0.02039246
v 0.04681193 -0.00317500 0.03285284
v 0.04130920 -0.00317500 0.03724219
v 0.04047669 -0.00317500 0.04142785
v 0.03892642 -0.00317500 0.04174795
v 0.03740889 -0.00317500 0.04219843
v 0.03593505 -0.00317500 0.04277602
v 0.03451552 -0.00317500 0.04347656
v 0.03316054 -0.00317500 0.04429501
v 0.03187989 -0.00317500 0.04522546
v 0.02345799 -0.00317500 0.05140941
v 0.02044531 -0.00317500 0.05140941
v 0.00948459 -0.00317500 0.03724219
v 0.00948459 -0.00317500 0.06274786
v 0.00948459 -0.00317500 0.05140941
v 0.01267071 -0.00317500 -0.05188857
v 0.01257227 -0.00317500 -0.05202525
v 0.01856123 -0.00317500 -0.05409386
v 0.01161072 -0.00317500 -0.04657098
v 0.01288238 -0.00317500 -0.05011339
v 0.01293257 -0.00317500 -0.05027418
v 0.01296904 -0.00317500 -0.05043862
v 0.01289254 -0.00317500 -0.05143588
v 0.01283141 -0.00317500 -0.05159284
v 0.01275729 -0.00317500 -0.05174409
v 0.01161072 -0.00317500 -0.03267164
v 0.02044531 -0.00317500 -0.03267164
v 0.01299156 -0.00317500 -0.05060555
v 0.01299994 -0.00317500 -0.05077378
v 0.01299414 -0.00317500 -0.05094211
v 0.01297420 -0.00317500 -0.05110937
v 0.01294025 -0.00317500 -0.05127434
v 0.01161930 -0.00317500 -0.05269084
v 0.01177712 -0.00317500 -0.05263198
v 0.01192943 -0.00317500 -0.05256006
v 0.01880165 -0.00317500 -0.05446938
v 0.01875021 -0.00317500 -0.05441491
v 0.02044531 -0.00317500 -0.06576881
v 0.01207515 -0.00317500 -0.05247557
v 0.01221324 -0.00317500 -0.05237912
v 0.01246268 -0.00317500 -0.05215316
v 0.01234272 -0.00317500 -0.05227140
v 0.01858917 -0.00317500 -0.05416339
v 0.01862224 -0.00317500 -0.05423062
v 0.01866025 -0.00317500 -0.05429519
v 0.01870298 -0.00317500 -0.05435674
v 0.02345799 -0.00317500 -0.06576881
v 0.02044531 -0.00317500 -0.05586180
v 0.01885703 -0.00317500 -0.05451984
v 0.03195455 -0.00317500 -0.06551069
v 0.03187609 -0.00317500 -0.06547724
v 0.03180077 -0.00317500 -0.06543724
v 0.03254179 -0.00317500 -0.06554696
v 0.03272527 -0.00317500 -0.06576881
v 0.03262376 -0.00317500 -0.06552343
v 0.03270344 -0.00317500 -0.06549300
v 0.03172913 -0.00317500 -0.06539096
v 0.03166170 -0.00317500 -0.06533875
v 0.03245810 -0.00317500 -0.06556343
v 0.03237332 -0.00317500 -0.06557270
v 0.03228806 -0.00317500 -0.06557471
v 0.03220293 -0.00317500 -0.06556945
v 0.03211857 -0.00317500 -0.06555697
v 0.03203557 -0.00317500 -0.06553733
v 0.03315111 -0.00317500 -0.06511121
v 0.03310234 -0.00317500 -0.06518118
v 0.03393427 -0.00317500 -0.06576881
v 0.03304778 -0.00317500 -0.06524674
v 0.03298784 -0.00317500 -0.06530741
v 0.03292295 -0.00317500 -0.06536275
v 0.03285357 -0.00317500 -0.06541236
v 0.03278023 -0.00317500 -0.06545588
v 0.03330661 -0.00317500 -0.06454378
v 0.03330562 -0.00317500 -0.06462906
v 0.03393427 -0.00317500 -0.05223487
v 0.03316325 -0.00317500 -0.06405818
v 0.03320416 -0.00317500 -0.06413302
v 0.03323855 -0.00317500 -0.06421106
v 0.03326617 -0.00317500 -0.06429175
v 0.03328681 -0.00317500 -0.06437451
v 0.03330032 -0.00317500 -0.06445872
v 0.03329737 -0.00317500 -0.06471394
v 0.03328193 -0.00317500 -0.06479782
v 0.03325938 -0.00317500 -0.06488007
v 0.03322992 -0.00317500 -0.06496011
v 0.03319374 -0.00317500 -0.06503734
v 0.02345799 -0.00317500 -0.03267164
v 0.03272527 -0.00317500 -0.03267164
v 0.03272527 -0.00317500 -0.05223487
v 0.03342605 -0.00317500 -0.02548159
v 0.03350776 -0.00317500 -0.02545296
v 0.03272527 -0.00317500 -0.02108319
v 0.03393427 -0.00317500 -0.02829982
v 0.03298836 -0.00317500 -0.02699788
v 0.03294055 -0.00317500 -0.02692570
v 0.03289916 -0.00317500 -0.02684966
v 0.03359163 -0.00317500 -0.02543149
v 0.03367705 -0.00317500 -0.02541736
v 0.03393427 -0.00317500 -0.02108319
v 0.03376337 -0.00317500 -0.02541068
v 0.03319998 -0.00317500 -0.02560815
v 0.03327159 -0.00317500 -0.02555948
v 0.03334713 -0.00317500 -0.02551719
v 0.03286451 -0.00317500 -0.02677032
v 0.03283685 -0.00317500 -0.02668828
v 0.03281639 -0.00317500 -0.02660416
v 0.03280877 -0.00317500 -0.02625956
v 0.03282550 -0.00317500 -0.02617461
v 0.03284951 -0.00317500 -0.02609143
v 0.03288063 -0.00317500 -0.02601064
v 0.03291861 -0.00317500 -0.02593284
v 0.03296319 -0.00317500 -0.02585862
v 0.03301401 -0.00317500 -0.02578853
v 0.03307071 -0.00317500 -0.02572310
v 0.03313286 -0.00317500 -0.02566282
v 0.03280328 -0.00317500 -0.02651858
v 0.03279762 -0.00317500 -0.02643219
v 0.03279946 -0.00317500 -0.02634563
v 0.03711059 -0.00317500 -0.03267164
v 0.03393427 -0.00317500 -0.03267164
v 0.04130920 -0.00317500 -0.03845055
v 0.05242319 -0.00317500 -0.05080479
v 0.05240900 -0.00317500 -0.05088889
v 0.05238770 -0.00317500 -0.05097147
v 0.05235944 -0.00317500 -0.05105194
v 0.04130920 -0.00317500 -0.05223487
v 0.05067495 -0.00317500 -0.05133519
v 0.05062192 -0.00317500 -0.05126839
v 0.05238566 -0.00317500 -0.05038312
v 0.05240754 -0.00317500 -0.05046555
v 0.05109247 -0.00317500 -0.05162159
v 0.05101352 -0.00317500 -0.05158933
v 0.05093761 -0.00317500 -0.05155045
v 0.05086528 -0.00317500 -0.05150525
v 0.05242231 -0.00317500 -0.05054955
v 0.05242987 -0.00317500 -0.05063450
v 0.05243017 -0.00317500 -0.05071979
v 0.05134171 -0.00317500 -0.05167662
v 0.05125716 -0.00317500 -0.05166539
v 0.05117388 -0.00317500 -0.05164700
v 0.05079707 -0.00317500 -0.05145405
v 0.05073347 -0.00317500 -0.05139723
v 0.04582180 -0.00317500 -0.03446898
v 0.04587146 -0.00317500 -0.03452509
v 0.04591678 -0.00317500 -0.03458475
v 0.04595752 -0.00317500 -0.03464764
v 0.05232442 -0.00317500 -0.05112971
v 0.05228290 -0.00317500 -0.05120420
v 0.05223519 -0.00317500 -0.05127490
v 0.05218162 -0.00317500 -0.05134127
v 0.05212260 -0.00317500 -0.05140283
v 0.05205854 -0.00317500 -0.05145914
v 0.05198992 -0.00317500 -0.05150979
v 0.05191723 -0.00317500 -0.05155440
v 0.05184101 -0.00317500 -0.05159266
v 0.05159676 -0.00317500 -0.05166676
v 0.05151213 -0.00317500 -0.05167731
v 0.05142690 -0.00317500 -0.05168060
v 0.04599342 -0.00317500 -0.03471339
v 0.04602431 -0.00317500 -0.03478166
v 0.05235684 -0.00317500 -0.05030284
v 0.05176180 -0.00317500 -0.05162429
v 0.05168018 -0.00317500 -0.05164905
v 0.04571059 -0.00317500 -0.03436871
v 0.04576807 -0.00317500 -0.03441676
v 0.03410472 -0.00317500 -0.02545850
v 0.03418588 -0.00317500 -0.02548865
v 0.03508445 -0.00317500 -0.02108319
v 0.03440956 -0.00317500 -0.02561938
v 0.04130920 -0.00317500 -0.02590244
v 0.03433887 -0.00317500 -0.02556939
v 0.03426412 -0.00317500 -0.02552571
v 0.03384994 -0.00317500 -0.02541148
v 0.03393612 -0.00317500 -0.02541977
v 0.03402126 -0.00317500 -0.02543548
v -0.00376477 -0.00317500 -0.02471490
v -0.01107031 -0.00317500 -0.03267164
v -0.01288238 -0.00317500 -0.05011339
v -0.01333677 -0.00317500 -0.03267164
v -0.01293257 -0.00317500 -0.05027418
v -0.01221324 -0.00317500 -0.05237912
v -0.01234272 -0.00317500 -0.05227140
v -0.01333677 -0.00317500 -0.05223487
v -0.01246268 -0.00317500 -0.05215316
v -0.01275729 -0.00317500 -0.05174409
v -0.01283141 -0.00317500 -0.05159284
v -0.01289254 -0.00317500 -0.05143588
v -0.01257227 -0.00317500 -0.05202525
v -0.01267071 -0.00317500 -0.05188857
v -0.01294025 -0.00317500 -0.05127434
v -0.01297420 -0.00317500 -0.05110937
v -0.01299414 -0.00317500 -0.05094211
v -0.01299994 -0.00317500 -0.05077378
v -0.01299156 -0.00317500 -0.05060555
v -0.01296904 -0.00317500 -0.05043862
v -0.01112411 -0.00317500 -0.05278528
v -0.01129164 -0.00317500 -0.05276776
v -0.01145709 -0.00317500 -0.05273620
v -0.01161930 -0.00317500 -0.05269084
v -0.01177712 -0.00317500 -0.05263198
v -0.01192943 -0.00317500 -0.05256006
v -0.01207515 -0.00317500 -0.05247557
v -0.00977747 -0.00317500 -0.05807970
v -0.01095571 -0.00317500 -0.05278865
v -0.01014204 -0.00317500 -0.05259576
v -0.01029710 -0.00317500 -0.05266155
v -0.00839565 -0.00317500 -0.05730743
v -0.01045714 -0.00317500 -0.05271405
v -0.01062104 -0.00317500 -0.05275290
v -0.01078762 -0.00317500 -0.05277783
v -0.00368195 -0.00317500 -0.05223487
v -0.00285179 -0.00317500 -0.05048252
v -0.00473240 -0.00317500 -0.05078837
v -0.00658228 -0.00317500 -0.05124466
v -0.00838940 -0.00317500 -0.05184843
v 0.00838940 -0.00317500 -0.05184843
v 0.00285179 -0.00317500 -0.05048252
v 0.00095266 -0.00317500 -0.05032909
v -0.00095266 -0.00317500 -0.05032909
v 0.00658228 -0.00317500 -0.05124466
v 0.00473240 -0.00317500 -0.05078837
v -0.00695330 -0.00317500 -0.05665518
v -0.00546081 -0.00317500 -0.05612764
v -0.00392895 -0.00317500 -0.05572861
v -0.00236876 -0.00317500 -0.05546099
v 0.00392895 -0.00317500 -0.05572861
v 0.00546081 -0.00317500 -0.05612764
v 0.00695330 -0.00317500 -0.05665518
v -0.00079149 -0.00317500 -0.05532670
v 0.00079149 -0.00317500 -0.05532670
v 0.00236876 -0.00317500 -0.05546099
v 0.01095571 -0.00317500 -0.05278865
v 0.01078762 -0.00317500 -0.05277783
v 0.01062104 -0.00317500 -0.05275290
v 0.01045714 -0.00317500 -0.05271405
v 0.01145709 -0.00317500 -0.05273620
v 0.01129164 -0.00317500 -0.05276776
v 0.01112411 -0.00317500 -0.05278528
v -0.00208955 -0.00317500 -0.02265556
v -0.00179401 -0.00317500 -0.02249126
v -0.00368195 -0.00317500 -0.02108319
v -0.00148564 -0.00317500 -0.02235251
v -0.00116665 -0.00317500 -0.02224031
v -0.00083933 -0.00317500 -0.02215544
v -0.00050601 -0.00317500 -0.02209853
v 0.00376477 -0.00317500 -0.02471490
v 0.00948459 -0.00317500 -0.02108319
v 0.00363717 -0.00317500 -0.02440176
v -0.00348358 -0.00317500 -0.02410051
v -0.00330509 -0.00317500 -0.02381331
v -0.00310298 -0.00317500 -0.02354221
v -0.00287870 -0.00317500 -0.02328915
v -0.00263385 -0.00317500 -0.02305593
v -0.00237017 -0.00317500 -0.02284423
v 0.00310298 -0.00317500 -0.02354221
v 0.00330509 -0.00317500 -0.02381331
v 0.00348358 -0.00317500 -0.02410051
v 0.00083933 -0.00317500 -0.02215544
v 0.00116665 -0.00317500 -0.02224031
v 0.00148564 -0.00317500 -0.02235251
v 0.00179401 -0.00317500 -0.02249126
v 0.00208955 -0.00317500 -0.02265556
v 0.00237017 -0.00317500 -0.02284423
v 0.00263385 -0.00317500 -0.02305593
v 0.00287870 -0.00317500 -0.02328915
v -0.00016907 -0.00317500 -0.02206997
v 0.00016907 -0.00317500 -0.02206997
v 0.00050601 -0.00317500 -0.02209853
v -0.01440682 -0.00317500 -0.03934061
v -0.01432446 -0.00317500 -0.03936729
v -0.01548255 -0.00317500 -0.03971660
v -0.01542868 -0.00317500 -0.03964883
v -0.01845959 -0.00317500 -0.03267164
v -0.01536914 -0.00317500 -0.03958597
v -0.01530440 -0.00317500 -0.03952849
v -0.01483585 -0.00317500 -0.03931765
v -0.01474990 -0.00317500 -0.03930730
v -0.01466337 -0.00317500 -0.03930444
v -0.01508390 -0.00317500 -0.03939246
v -0.01500348 -0.00317500 -0.03936039
v -0.01492059 -0.00317500 -0.03933538
v -0.01457691 -0.00317500 -0.03930906
v -0.01449118 -0.00317500 -0.03932115
v -0.01368819 -0.00317500 -0.04047499
v -0.01370664 -0.00317500 -0.04055958
v -0.01373234 -0.00317500 -0.04064226
v -0.01856123 -0.00317500 -0.05409386
v -0.01523492 -0.00317500 -0.03947683
v -0.01516124 -0.00317500 -0.03943137
v -0.01424471 -0.00317500 -0.03940099
v -0.01416818 -0.00317500 -0.03944147
v -0.01409544 -0.00317500 -0.03948842
v -0.01402703 -0.00317500 -0.03954148
v -0.01396346 -0.00317500 -0.03960026
v -0.01390522 -0.00317500 -0.03966431
v -0.01385273 -0.00317500 -0.03973317
v -0.01380640 -0.00317500 -0.03980630
v -0.01376657 -0.00317500 -0.03988317
v -0.01373354 -0.00317500 -0.03996320
v -0.01370755 -0.00317500 -0.04004578
v -0.01368880 -0.00317500 -0.04013031
v -0.01367743 -0.00317500 -0.04021613
v -0.01367353 -0.00317500 -0.04030262
v -0.01367713 -0.00317500 -0.04038912
v -0.03169719 -0.00317500 -0.04275877
v -0.03272527 -0.00317500 -0.05223487
v -0.03148726 -0.00317500 -0.04295114
v -0.03126136 -0.00317500 -0.04312448
v -0.02967373 -0.00317500 -0.04370233
v -0.02995603 -0.00317500 -0.04366516
v -0.03023402 -0.00317500 -0.04360354
v -0.03050558 -0.00317500 -0.04351791
v -0.02612536 -0.00317500 -0.04045085
v -0.02613778 -0.00317500 -0.04073532
v -0.02044531 -0.00317500 -0.04654725
v -0.02617495 -0.00317500 -0.04101762
v -0.03076865 -0.00317500 -0.04340895
v -0.03102121 -0.00317500 -0.04327747
v -0.03050558 -0.00317500 -0.03738379
v -0.03023402 -0.00317500 -0.03729817
v -0.02800988 -0.00317500 -0.03749275
v -0.02775731 -0.00317500 -0.03762423
v -0.02044531 -0.00317500 -0.03267164
v -0.03188955 -0.00317500 -0.04254884
v -0.03206289 -0.00317500 -0.04232294
v -0.03221588 -0.00317500 -0.04208280
v -0.03254195 -0.00317500 -0.04129561
v -0.03260358 -0.00317500 -0.04101762
v -0.03260358 -0.00317500 -0.03988408
v -0.03254195 -0.00317500 -0.03960609
v -0.03245632 -0.00317500 -0.03933453
v -0.03148726 -0.00317500 -0.03795056
v -0.03126136 -0.00317500 -0.03777722
v -0.02827294 -0.00317500 -0.03738379
v -0.02623658 -0.00317500 -0.04129561
v -0.02632220 -0.00317500 -0.04156717
v -0.02643116 -0.00317500 -0.04183023
v -0.02656264 -0.00317500 -0.04208280
v -0.02671563 -0.00317500 -0.04232294
v -0.02688897 -0.00317500 -0.04254884
v -0.02775731 -0.00317500 -0.04327747
v -0.02800988 -0.00317500 -0.04340895
v -0.02457761 -0.00317500 -0.05223487
v -0.02827294 -0.00317500 -0.04351791
v -0.02854450 -0.00317500 -0.04360354
v -0.03234736 -0.00317500 -0.04183023
v -0.03245632 -0.00317500 -0.04156717
v -0.03234736 -0.00317500 -0.03907147
v -0.03221588 -0.00317500 -0.03881890
v -0.03206289 -0.00317500 -0.03857875
v -0.02995603 -0.00317500 -0.03723653
v -0.02967373 -0.00317500 -0.03719937
v -0.02938926 -0.00317500 -0.03718695
v -0.02910480 -0.00317500 -0.03719937
v -0.02882249 -0.00317500 -0.03723653
v -0.02854450 -0.00317500 -0.03729817
v -0.02882249 -0.00317500 -0.04366516
v -0.02910480 -0.00317500 -0.04370233
v -0.02938926 -0.00317500 -0.04371475
v -0.03264074 -0.00317500 -0.04073532
v -0.03265316 -0.00317500 -0.04045085
v -0.03264074 -0.00317500 -0.04016638
v -0.03188955 -0.00317500 -0.03835285
v -0.03169719 -0.00317500 -0.03814292
v -0.02708134 -0.00317500 -0.04275877
v -0.02729127 -0.00317500 -0.04295114
v -0.02751717 -0.00317500 -0.04312448
v -0.03102121 -0.00317500 -0.03762423
v -0.03076865 -0.00317500 -0.03749275
v -0.02623658 -0.00317500 -0.03960609
v -0.02617495 -0.00317500 -0.03988408
v -0.02613778 -0.00317500 -0.04016638
v -0.02751717 -0.00317500 -0.03777722
v -0.02729127 -0.00317500 -0.03795056
v -0.02708134 -0.00317500 -0.03814292
v -0.02656264 -0.00317500 -0.03881890
v -0.02643116 -0.00317500 -0.03907147
v -0.02632220 -0.00317500 -0.03933453
v -0.01845959 -0.00317500 -0.04381415
v -0.02688897 -0.00317500 -0.03835285
v -0.02671563 -0.00317500 -0.03857875
v -0.03272527 -0.00317500 -0.06576881
v -0.03278023 -0.00317500 -0.06545588
v -0.03393427 -0.00317500 -0.06576881
v -0.03285357 -0.00317500 -0.06541236
v -0.03292295 -0.00317500 -0.06536275
v -0.03328193 -0.00317500 -0.06479782
v -0.03325938 -0.00317500 -0.06488007
v -0.03322992 -0.00317500 -0.06496011
v -0.03329737 -0.00317500 -0.06471394
v -0.03330562 -0.00317500 -0.06462906
v -0.03330661 -0.00317500 -0.06454378
v -0.03298784 -0.00317500 -0.06530741
v -0.03304778 -0.00317500 -0.06524674
v -0.03310234 -0.00317500 -0.06518118
v -0.03330032 -0.00317500 -0.06445872
v -0.03328681 -0.00317500 -0.06437451
v -0.03315111 -0.00317500 -0.06511121
v -0.03319374 -0.00317500 -0.06503734
v -0.03326617 -0.00317500 -0.06429175
v -0.03323855 -0.00317500 -0.06421106
v -0.03320416 -0.00317500 -0.06413302
v -0.03316325 -0.00317500 -0.06405818
v -0.03311611 -0.00317500 -0.06398711
v -0.03272527 -0.00317500 -0.06344917
v -0.03254179 -0.00317500 -0.06554696
v -0.03262376 -0.00317500 -0.06552343
v -0.03270344 -0.00317500 -0.06549300
v -0.03172913 -0.00317500 -0.06539096
v -0.03180077 -0.00317500 -0.06543724
v -0.02044531 -0.00317500 -0.06576881
v -0.03187609 -0.00317500 -0.06547724
v -0.03195455 -0.00317500 -0.06551069
v -0.03228806 -0.00317500 -0.06557471
v -0.03237332 -0.00317500 -0.06557270
v -0.03245810 -0.00317500 -0.06556343
v -0.03203557 -0.00317500 -0.06553733
v -0.03211857 -0.00317500 -0.06555697
v -0.03220293 -0.00317500 -0.06556945
v -0.01862224 -0.00317500 -0.05423062
v -0.01866025 -0.00317500 -0.05429519
v -0.01870298 -0.00317500 -0.05435674
v -0.01875021 -0.00317500 -0.05441491
v -0.01880165 -0.00317500 -0.05446938
v -0.01885703 -0.00317500 -0.05451984
v -0.03166170 -0.00317500 -0.06533875
v -0.01858917 -0.00317500 -0.05416339
v 0.04687539 -0.00317500 0.03289266
v 0.04694166 -0.00317500 0.03292762
v 0.04701037 -0.00317500 0.03295751
v 0.04708112 -0.00317500 0.03298219
v 0.04715351 -0.00317500 0.03300149
v 0.05939784 -0.00317500 0.02039246
v 0.06470264 -0.00317500 0.03245976
v 0.06463287 -0.00317500 0.03241071
v 0.06455918 -0.00317500 0.03236778
v 0.06507446 -0.00317500 0.03344504
v 0.06508729 -0.00317500 0.03336072
v 0.06448209 -0.00317500 0.03233129
v 0.06493282 -0.00317500 0.03270945
v 0.06497604 -0.00317500 0.03278298
v 0.06501284 -0.00317500 0.03285991
v 0.06479637 -0.00317500 0.03396353
v 0.06473324 -0.00317500 0.03402086
v 0.06505448 -0.00317500 0.03352795
v 0.06509289 -0.00317500 0.03327562
v 0.06509122 -0.00317500 0.03319034
v 0.06508229 -0.00317500 0.03310553
v 0.04722715 -0.00317500 0.03301532
v 0.04730162 -0.00317500 0.03302359
v 0.05939784 -0.00317500 0.03724219
v 0.06402000 -0.00317500 0.03424988
v 0.06488349 -0.00317500 0.03263988
v 0.06482841 -0.00317500 0.03257476
v 0.06476798 -0.00317500 0.03251458
v 0.06485440 -0.00317500 0.03390102
v 0.06490689 -0.00317500 0.03383380
v 0.06495345 -0.00317500 0.03376235
v 0.06506616 -0.00317500 0.03302178
v 0.06504296 -0.00317500 0.03293971
v 0.06410525 -0.00317500 0.03425248
v 0.06419041 -0.00317500 0.03424782
v 0.06427486 -0.00317500 0.03423591
v 0.06451789 -0.00317500 0.03415788
v 0.06443919 -0.00317500 0.03419077
v 0.06435799 -0.00317500 0.03421685
v 0.06459348 -0.00317500 0.03411840
v 0.06466544 -0.00317500 0.03407261
v 0.06499376 -0.00317500 0.03368719
v 0.06502752 -0.00317500 0.03360886
v 0.04281004 -0.00317500 0.00050219
v 0.04130920 -0.00317500 -0.00136623
v 0.05939784 -0.00317500 -0.00136623
v 0.04188965 -0.00317500 0.00171630
v 0.04191197 -0.00317500 0.00179995
v 0.04130920 -0.00317500 0.00996056
v 0.04188928 -0.00317500 0.00128666
v 0.04187443 -0.00317500 0.00137195
v 0.04239782 -0.00317500 0.00238419
v 0.04247600 -0.00317500 0.00242138
v 0.04197703 -0.00317500 0.00104289
v 0.04194077 -0.00317500 0.00112151
v 0.04191145 -0.00317500 0.00120297
v 0.04186702 -0.00317500 0.00145821
v 0.04186709 -0.00317500 0.00154479
v 0.04187466 -0.00317500 0.00163103
v 0.04194144 -0.00317500 0.00188136
v 0.04197783 -0.00317500 0.00195991
v 0.04202089 -0.00317500 0.00203503
v 0.04232167 -0.00317500 0.00066182
v 0.04225116 -0.00317500 0.00071206
v 0.04218525 -0.00317500 0.00076821
v 0.04212446 -0.00317500 0.00082984
v 0.04206922 -0.00317500 0.00089651
v 0.04201995 -0.00317500 0.00096770
v 0.04272389 -0.00317500 0.00051078
v 0.04263880 -0.00317500 0.00052680
v 0.04255543 -0.00317500 0.00055011
v 0.04247437 -0.00317500 0.00058054
v 0.04239626 -0.00317500 0.00061788
v 0.04207028 -0.00317500 0.00210613
v 0.04212564 -0.00317500 0.00217270
v 0.04218655 -0.00317500 0.00223423
v 0.04225255 -0.00317500 0.00229026
v 0.04232315 -0.00317500 0.00234037
v 0.07238463 -0.00317500 0.01060928
v 0.07236725 -0.00317500 0.01052578
v 0.07216870 -0.00317500 0.01140810
v 0.07222017 -0.00317500 0.01134010
v 0.07226566 -0.00317500 0.01126796
v 0.07230484 -0.00317500 0.01119220
v 0.07233742 -0.00317500 0.01111338
v 0.07234282 -0.00317500 0.01044407
v 0.07231151 -0.00317500 0.01036473
v 0.07227356 -0.00317500 0.01028836
v 0.07222924 -0.00317500 0.01021549
v 0.07217887 -0.00317500 0.01014667
v 0.07212282 -0.00317500 0.01008238
v 0.07192484 -0.00317500 0.00992128
v 0.07199534 -0.00317500 0.00996928
v 0.07206149 -0.00317500 0.01002311
v 0.05939784 -0.00317500 0.01183556
v 0.07191107 -0.00317500 0.01162936
v 0.07198233 -0.00317500 0.01158251
v 0.07142490 -0.00317500 0.01177076
v 0.07150999 -0.00317500 0.01176482
v 0.07159425 -0.00317500 0.01175165
v 0.07167708 -0.00317500 0.01173134
v 0.07204934 -0.00317500 0.01152975
v 0.07211161 -0.00317500 0.01147147
v 0.07236317 -0.00317500 0.01103208
v 0.07238189 -0.00317500 0.01094887
v 0.07239345 -0.00317500 0.01086437
v 0.07239778 -0.00317500 0.01077919
v 0.07239483 -0.00317500 0.01069396
v 0.07117096 -0.00317500 0.01174506
v 0.07125477 -0.00317500 0.01176084
v 0.07133963 -0.00317500 0.01176943
v 0.07175789 -0.00317500 0.01170405
v 0.07183607 -0.00317500 0.01166998
v 0.02234189 -0.00317500 -0.01121783
v 0.02208350 -0.00317500 -0.01099971
v 0.02044531 -0.00317500 -0.02108319
v 0.02345799 -0.00317500 -0.01208192
v 0.02184446 -0.00317500 -0.01076054
v 0.02162647 -0.00317500 -0.01050204
v 0.02044531 -0.00317500 -0.01002500
v 0.05077060 -0.00317500 -0.00957535
v 0.04976500 -0.00317500 -0.01119369
v 0.04889297 -0.00317500 -0.01288774
v 0.04816020 -0.00317500 -0.01464651
v 0.04757142 -0.00317500 -0.01645858
v 0.04713047 -0.00317500 -0.01831217
v 0.04684021 -0.00317500 -0.02019525
v 0.04670253 -0.00317500 -0.02209559
v 0.04671833 -0.00317500 -0.02400084
v 0.05939784 -0.00317500 -0.00612500
v 0.05190326 -0.00317500 -0.00804325
v 0.04130920 -0.00317500 -0.00354920
v 0.02366913 -0.00317500 -0.00421539
v 0.02399743 -0.00317500 -0.00413439
v 0.02433140 -0.00317500 -0.00408140
v 0.02171759 -0.00317500 -0.00549438
v 0.02194484 -0.00317500 -0.00524398
v 0.02044531 -0.00317500 -0.00136623
v 0.02219243 -0.00317500 -0.00501367
v 0.02245858 -0.00317500 -0.00480509
v 0.02274140 -0.00317500 -0.00461974
v 0.02143110 -0.00317500 -0.01022605
v 0.02125973 -0.00317500 -0.00993455
v 0.02111359 -0.00317500 -0.00962961
v 0.02099374 -0.00317500 -0.00931342
v 0.02090101 -0.00317500 -0.00898824
v 0.02083608 -0.00317500 -0.00865638
v 0.02079942 -0.00317500 -0.00832023
v 0.02079127 -0.00317500 -0.00798219
v 0.02044531 -0.00317500 -0.00612500
v 0.02081171 -0.00317500 -0.00764466
v 0.02086058 -0.00317500 -0.00731006
v 0.02093754 -0.00317500 -0.00698079
v 0.02104203 -0.00317500 -0.00665920
v 0.02117331 -0.00317500 -0.00634758
v 0.02133044 -0.00317500 -0.00604816
v 0.02151231 -0.00317500 -0.00576308
v 0.04058309 -0.00317500 -0.07947816
v 0.04206442 -0.00317500 -0.07984750
v 0.04357230 -0.00317500 -0.08008633
v 0.04509526 -0.00317500 -0.08019282
v 0.04662171 -0.00317500 -0.08016618
v 0.04814002 -0.00317500 -0.08000659
v 0.04963865 -0.00317500 -0.07971529
v 0.05110619 -0.00317500 -0.07929448
v 0.05253147 -0.00317500 -0.07874737
v 0.05390364 -0.00317500 -0.07807811
v 0.05521226 -0.00317500 -0.07729182
v 0.05644736 -0.00317500 -0.07639446
v 0.05939784 -0.00317500 -0.06576881
v 0.04130920 -0.00317500 -0.06576881
v -0.04058309 -0.00317500 -0.07947816
v -0.04206442 -0.00317500 -0.07984750
v -0.04357230 -0.00317500 -0.08008633
v -0.04509526 -0.00317500 -0.08019282
v -0.04662171 -0.00317500 -0.08016618
v -0.04814002 -0.00317500 -0.08000659
v -0.04963865 -0.00317500 -0.07971529
v -0.05110619 -0.00317500 -0.07929448
v -0.05253147 -0.00317500 -0.07874737
v -0.05306673 -0.00317500 -0.06576881
v -0.04130920 -0.00317500 -0.06576881
v -0.09064946 -0.00317500 0.01956717
v -0.09096688 -0.00317500 0.02106048
v -0.09115294 -0.00317500 0.02257578
v -0.09120622 -0.00317500 0.02410153
v -0.09112632 -0.00317500 0.02562612
v -0.09091384 -0.00317500 0.02713794
v -0.09057041 -0.00317500 0.02862549
v -0.09009864 -0.00317500 0.03007745
v -0.08950213 -0.00317500 0.03148276
v -0.08878539 -0.00317500 0.03283074
v -0.08795390 -0.00317500 0.03411112
v -0.08701398 -0.00317500 0.03531416
v -0.08597279 -0.00317500 0.03643070
v 0.04130920 -0.00317500 0.01183556
v 0.04130920 -0.00317500 0.01463755
v 0.05939784 -0.00317500 0.01463755
v 0.04130920 -0.00317500 0.02039246
v -0.05306673 -0.00317500 0.01183556
v -0.05306673 -0.00317500 0.01463755
v -0.04130920 -0.00317500 0.01183556
v -0.04130920 -0.00317500 0.01463755
v 0.01161072 -0.00317500 -0.00612500
v 0.02044531 -0.00317500 0.00996056
v 0.01161072 -0.00317500 0.00996056
v 0.00948459 -0.00317500 -0.01002500
v -0.00368195 -0.00317500 -0.01002500
v -0.01107031 -0.00317500 -0.02108319
v -0.01107031 -0.00317500 -0.01002500
v -0.01333677 -0.00317500 -0.00612500
v -0.01845959 -0.00317500 -0.00612500
v -0.01107031 -0.00317500 -0.00612500
v -0.01107031 -0.00317500 -0.00136623
v -0.01107031 -0.00317500 0.00996056
v -0.01333677 -0.00317500 0.00996056
v -0.01845959 -0.00317500 0.00996056
v -0.02044531 -0.00317500 0.00996056
v 0.00948459 -0.00317500 -0.00612500
v 0.00948459 -0.00317500 -0.00136623
v -0.00368195 -0.00317500 0.00996056
v 0.00948459 -0.00317500 0.01463755
v 0.00948459 -0.00317500 0.02039246
v -0.01107031 -0.00317500 0.01183556
v 0.06302071 -0.00317500 -0.06163047
v 0.06304736 -0.00317500 -0.06315691
v 0.06294087 -0.00317500 -0.06467988
v 0.06286114 -0.00317500 -0.06011215
v 0.06256983 -0.00317500 -0.05861352
v 0.06121471 -0.00317500 -0.07050728
v 0.06183567 -0.00317500 -0.06911259
v 0.06047456 -0.00317500 -0.07184254
v 0.06233270 -0.00317500 -0.06766909
v 0.06270204 -0.00317500 -0.06618775
v 0.05759956 -0.00317500 -0.07539287
v 0.05866008 -0.00317500 -0.07429467
v 0.05962085 -0.00317500 -0.07310822
v 0.03640963 -0.00317500 -0.07762002
v 0.03774489 -0.00317500 -0.07836017
v 0.03913959 -0.00317500 -0.07898112
v -0.03774489 -0.00317500 -0.07836017
v -0.03640963 -0.00317500 -0.07762002
v -0.03913959 -0.00317500 -0.07898112
v -0.05962085 -0.00317500 -0.07310822
v -0.05866008 -0.00317500 -0.07429467
v -0.05759956 -0.00317500 -0.07539287
v -0.05644736 -0.00317500 -0.07639446
v -0.05521226 -0.00317500 -0.07729182
v -0.05390364 -0.00317500 -0.07807811
v -0.05939784 -0.00317500 -0.06576881
v -0.06270204 -0.00317500 -0.06618775
v -0.06233270 -0.00317500 -0.06766909
v -0.06183567 -0.00317500 -0.06911259
v -0.06121471 -0.00317500 -0.07050728
v -0.06047456 -0.00317500 -0.07184254
v -0.06214902 -0.00317500 -0.05714599
v -0.06050579 -0.00317500 -0.05223487
v -0.05939784 -0.00317500 -0.05223487
v -0.05939784 -0.00317500 -0.04892357
v -0.06256983 -0.00317500 -0.05861352
v -0.06286114 -0.00317500 -0.06011215
v -0.06302071 -0.00317500 -0.06163047
v -0.06304736 -0.00317500 -0.06315691
v -0.06294087 -0.00317500 -0.06467988
v -0.05709701 -0.00317500 -0.00972423
v -0.05603096 -0.00317500 -0.01089443
v -0.05506804 -0.00317500 -0.01215085
v -0.05421517 -0.00317500 -0.01348444
v -0.05347852 -0.00317500 -0.01488557
v -0.05825849 -0.00317500 -0.00864869
v -0.05950702 -0.00317500 -0.00767556
v -0.06168083 -0.00317500 -0.00612500
v -0.08507222 -0.00317500 0.01064171
v -0.08618876 -0.00317500 0.01168291
v -0.08721031 -0.00317500 0.01281745
v -0.07468430 -0.00317500 0.01463755
v -0.08812909 -0.00317500 0.01403671
v -0.08893810 -0.00317500 0.01533141
v -0.08963120 -0.00317500 0.01669168
v -0.09020311 -0.00317500 0.01810720
v -0.07808853 -0.00317500 0.04089140
v -0.07954850 -0.00317500 0.04044504
v -0.08096401 -0.00317500 0.03987314
v -0.08232429 -0.00317500 0.03918004
v -0.07507992 -0.00317500 0.04139487
v -0.07659521 -0.00317500 0.04120881
v 0.03068279 -0.00317500 0.04626121
v 0.02957787 -0.00317500 0.04739477
v 0.02857311 -0.00317500 0.04861800
v 0.02767574 -0.00317500 0.04992205
v 0.02689224 -0.00317500 0.05129753
v 0.02622825 -0.00317500 0.05273452
v 0.04204853 -0.00317500 0.04124042
v -0.01333677 -0.00317500 0.01183556
v -0.01845959 -0.00317500 0.01183556
v -0.02044531 -0.00317500 0.01183556
v -0.05939784 -0.00317500 0.01463755
v 0.02044531 -0.00317500 0.01183556
v 0.01161072 -0.00317500 0.01183556
v -0.05306673 -0.00317500 0.00996056
v 0.03393427 -0.00317500 -0.00377417
v 0.03393427 -0.00317500 -0.00136623
v 0.03393427 -0.00317500 0.00996056
v 0.03393427 -0.00317500 0.01183556
v 0.03393427 -0.00317500 0.01463755
v 0.03272527 -0.00317500 0.02039246
v 0.03272527 -0.00317500 0.01463755
v 0.03272527 -0.00317500 0.01183556
v 0.03272527 -0.00317500 0.00996056
v 0.02345799 -0.00317500 0.02039246
v 0.02345799 -0.00317500 0.01463755
v 0.02345799 -0.00317500 0.01183556
v 0.02345799 -0.00317500 0.00996056
v -0.03272527 -0.00317500 0.01183556
v -0.03272527 -0.00317500 0.00996056
v -0.03272527 -0.00317500 -0.00136623
v -0.03393427 -0.00317500 0.01463755
v -0.03393427 -0.00317500 0.01183556
v -0.03393427 -0.00317500 0.00996056
v -0.03393427 -0.00317500 -0.00136623
v -0.01845959 -0.00317500 -0.01002500
v -0.01333677 -0.00317500 -0.01002500
v -0.01845959 -0.00317500 -0.02108319
v -0.01333677 -0.00317500 -0.02108319
v 0.02345799 -0.00317500 -0.02108319
v 0.03393427 -0.00317500 -0.02019273
v 0.03272527 -0.00317500 -0.01925671
v 0.01161072 -0.00317500 -0.01002500
v 0.01161072 -0.00317500 -0.02108319
v 0.01107031 -0.00317500 0.01183556
v 0.01107031 -0.00317500 0.00996056
v 0.01107031 -0.00317500 -0.00136623
v 0.01107031 -0.00317500 -0.00612500
v 0.01107031 -0.00317500 -0.01002500
v 0.01107031 -0.00317500 -0.02108319
v 0.01107031 -0.00317500 -0.03267164
v 0.01107031 -0.00317500 -0.04506560
v -0.00363717 -0.00317500 -0.02440176
v -0.05396002 -0.00317500 -0.03267164
v 0.07108880 0.00000000 0.01172218
v 0.04255710 0.00000000 0.00245167
v -0.01082282 0.00000000 0.07131702
v -0.01083371 0.00000000 0.07140162
v -0.01085176 0.00000000 0.07148498
v -0.01087685 0.00000000 0.07156648
v -0.01090879 0.00000000 0.07164557
v -0.01094736 0.00000000 0.07172164
v -0.01099227 0.00000000 0.07179414
v -0.01104319 0.00000000 0.07186256
v -0.01109976 0.00000000 0.07192639
v -0.01116156 0.00000000 0.07198516
v -0.01122814 0.00000000 0.07203846
v -0.01129903 0.00000000 0.07208589
v -0.01137369 0.00000000 0.07212710
v -0.01145160 0.00000000 0.07216181
v -0.01153218 0.00000000 0.07218975
v -0.01161485 0.00000000 0.07221072
v -0.01169901 0.00000000 0.07222457
v -0.01178404 0.00000000 0.07223120
v -0.01186932 0.00000000 0.07223056
v -0.01195424 0.00000000 0.07222266
v -0.01203818 0.00000000 0.07220754
v -0.01212052 0.00000000 0.07218534
v -0.01220068 0.00000000 0.07215619
v -0.01227806 0.00000000 0.07212032
v -0.01235210 0.00000000 0.07207799
v -0.01242226 0.00000000 0.07202950
v -0.01248804 0.00000000 0.07197522
v -0.01254895 0.00000000 0.07191551
v -0.01260455 0.00000000 0.07185085
v -0.01265444 0.00000000 0.07178167
v -0.01269826 0.00000000 0.07170850
v -0.01273568 0.00000000 0.07163186
v -0.01276644 0.00000000 0.07155231
v -0.06214902 0.00000000 -0.05714599
v -0.06256983 0.00000000 -0.05861352
v -0.06286114 0.00000000 -0.06011215
v -0.06302071 0.00000000 -0.06163047
v -0.06304736 0.00000000 -0.06315691
v -0.06294087 0.00000000 -0.06467988
v -0.06270204 0.00000000 -0.06618775
v -0.06233270 0.00000000 -0.06766909
v -0.06183567 0.00000000 -0.06911259
v -0.06121471 0.00000000 -0.07050728
v -0.06047456 0.00000000 -0.07184254
v -0.05962085 0.00000000 -0.07310822
v -0.05866008 0.00000000 -0.07429467
v -0.05759956 0.00000000 -0.07539287
v -0.05644736 0.00000000 -0.07639446
v -0.05521226 0.00000000 -0.07729182
v -0.05390364 0.00000000 -0.07807811
v -0.05253147 0.00000000 -0.07874737
v -0.05110619 0.00000000 -0.07929448
v -0.04963865 0.00000000 -0.07971529
v -0.04814002 0.00000000 -0.08000659
v -0.04662171 0.00000000 -0.08016618
v -0.04509526 0.00000000 -0.08019282
v -0.04357230 0.00000000 -0.08008633
v -0.04206442 0.00000000 -0.07984750
v -0.04058309 0.00000000 -0.07947816
v -0.03913959 0.00000000 -0.07898112
v -0.03774489 0.00000000 -0.07836017
v -0.03640963 0.00000000 -0.07762002
v 0.04681193 0.00000000 0.03285284
v 0.05235684 0.00000000 -0.05030284
v 0.04602431 0.00000000 -0.03478166
v -0.05238566 0.00000000 -0.05038312
v -0.05240754 0.00000000 -0.05046555
v -0.05242231 0.00000000 -0.05054955
v -0.05242987 0.00000000 -0.05063450
v -0.05243017 0.00000000 -0.05071979
v -0.05242319 0.00000000 -0.05080479
v -0.05240900 0.00000000 -0.05088889
v -0.05238770 0.00000000 -0.05097147
v -0.05235944 0.00000000 -0.05105194
v -0.05232442 0.00000000 -0.05112971
v -0.05228290 0.00000000 -0.05120420
v -0.05223519 0.00000000 -0.05127490
v -0.05218162 0.00000000 -0.05134127
v -0.05212260 0.00000000 -0.05140283
v -0.05205854 0.00000000 -0.05145914
v -0.05198992 0.00000000 -0.05150979
v -0.05191723 0.00000000 -0.05155440
v -0.05184101 0.00000000 -0.05159266
v -0.05176180 0.00000000 -0.05162429
v -0.05168018 0.00000000 -0.05164905
v -0.05159676 0.00000000 -0.05166676
v -0.05151213 0.00000000 -0.05167731
v -0.05142690 0.00000000 -0.05168060
v -0.05134171 0.00000000 -0.05167662
v -0.05125716 0.00000000 -0.05166539
v -0.05117388 0.00000000 -0.05164700
v -0.05109247 0.00000000 -0.05162159
v -0.05101352 0.00000000 -0.05158933
v -0.05093761 0.00000000 -0.05155045
v -0.05086528 0.00000000 -0.05150525
v -0.05079707 0.00000000 -0.05145405
v -0.05073347 0.00000000 -0.05139723
v -0.05067495 0.00000000 -0.05133519
v -0.02938926 0.00000000 -0.03718695
v -0.02910480 0.00000000 -0.03719937
v -0.02882249 0.00000000 -0.03723653
v -0.02854450 0.00000000 -0.03729817
v -0.02827294 0.00000000 -0.03738379
v -0.02800988 0.00000000 -0.03749275
v -0.02775731 0.00000000 -0.03762423
v -0.02751717 0.00000000 -0.03777722
v -0.02729127 0.00000000 -0.03795056
v -0.02708134 0.00000000 -0.03814292
v -0.02688897 0.00000000 -0.03835285
v -0.02671563 0.00000000 -0.03857875
v -0.02656264 0.00000000 -0.03881890
v -0.02643116 0.00000000 -0.03907147
v -0.02632220 0.00000000 -0.03933453
v -0.02623658 0.00000000 -0.03960609
v -0.02617495 0.00000000 -0.03988408
v -0.02613778 0.00000000 -0.04016638
v -0.02612536 0.00000000 -0.04045085
v -0.02613778 0.00000000 -0.04073532
v -0.02617495 0.00000000 -0.04101762
v -0.02623658 0.00000000 -0.04129561
v -0.02632220 0.00000000 -0.04156717
v -0.02643116 0.00000000 -0.04183023
v -0.02656264 0.00000000 -0.04208280
v -0.02671563 0.00000000 -0.04232294
v -0.02688897 0.00000000 -0.04254884
v -0.02708134 0.00000000 -0.04275877
v -0.02729127 0.00000000 -0.04295114
v -0.02751717 0.00000000 -0.04312448
v -0.02775731 0.00000000 -0.04327747
v -0.02800988 0.00000000 -0.04340895
v -0.02827294 0.00000000 -0.04351791
v -0.02854450 0.00000000 -0.04360354
v -0.02882249 0.00000000 -0.04366516
v -0.02910480 0.00000000 -0.04370233
v -0.02938926 0.00000000 -0.04371475
v -0.02967373 0.00000000 -0.04370233
v -0.02995603 0.00000000 -0.04366516
v -0.03023402 0.00000000 -0.04360354
v -0.03050558 0.00000000 -0.04351791
v -0.03076865 0.00000000 -0.04340895
v -0.03102121 0.00000000 -0.04327747
v -0.03126136 0.00000000 -0.04312448
v -0.03148726 0.00000000 -0.04295114
v -0.03169719 0.00000000 -0.04275877
v -0.03188955 0.00000000 -0.04254884
v -0.03206289 0.00000000 -0.04232294
v -0.03221588 0.00000000 -0.04208280
v -0.03234736 0.00000000 -0.04183023
v -0.03245632 0.00000000 -0.04156717
v -0.03254195 0.00000000 -0.04129561
v -0.03260358 0.00000000 -0.04101762
v -0.03264074 0.00000000 -0.04073532
v -0.03265316 0.00000000 -0.04045085
v -0.03264074 0.00000000 -0.04016638
v -0.03260358 0.00000000 -0.03988408
v -0.03254195 0.00000000 -0.03960609
v -0.03245632 0.00000000 -0.03933453
v -0.03234736 0.00000000 -0.03907147
v -0.03221588 0.00000000 -0.03881890
v -0.03206289 0.00000000 -0.03857875
v -0.03188955 0.00000000 -0.03835285
v -0.03169719 0.00000000 -0.03814292
v -0.03148726 0.00000000 -0.03795056
v -0.03126136 0.00000000 -0.03777722
v -0.03102121 0.00000000 -0.03762423
v -0.03076865 0.00000000 -0.03749275
v -0.03050558 0.00000000 -0.03738379
v -0.03023402 0.00000000 -0.03729817
v -0.02995603 0.00000000 -0.03723653
v -0.02967373 0.00000000 -0.03719937
v 0.02466865 0.00000000 -0.00405682
v 0.02433140 0.00000000 -0.00408140
v 0.02399743 0.00000000 -0.00413439
v 0.02366913 0.00000000 -0.00421539
v 0.02334884 0.00000000 -0.00432383
v 0.02303886 0.00000000 -0.00445894
v 0.02274140 0.00000000 -0.00461974
v 0.02245858 0.00000000 -0.00480509
v 0.02219243 0.00000000 -0.00501367
v 0.02194484 0.00000000 -0.00524398
v 0.02171759 0.00000000 -0.00549438
v 0.02151231 0.00000000 -0.00576308
v 0.02133044 0.00000000 -0.00604816
v 0.02117331 0.00000000 -0.00634758
v 0.02104203 0.00000000 -0.00665920
v 0.02093754 0.00000000 -0.00698079
v 0.02086058 0.00000000 -0.00731006
v 0.02081171 0.00000000 -0.00764466
v 0.02079127 0.00000000 -0.00798219
v 0.02079942 0.00000000 -0.00832023
v 0.02083608 0.00000000 -0.00865638
v 0.02090101 0.00000000 -0.00898824
v 0.02099374 0.00000000 -0.00931342
v 0.02111359 0.00000000 -0.00962961
v 0.02125973 0.00000000 -0.00993455
v 0.02143110 0.00000000 -0.01022605
v 0.02162647 0.00000000 -0.01050204
v 0.02184446 0.00000000 -0.01076054
v 0.02208350 0.00000000 -0.01099971
v 0.02234189 0.00000000 -0.01121783
v -0.03384994 0.00000000 -0.02541148
v -0.03393612 0.00000000 -0.02541977
v -0.03393427 0.00000000 -0.02108319
v -0.05939784 0.00000000 0.03724219
v -0.05306673 0.00000000 0.03724219
v -0.03272527 0.00000000 0.02039246
v 0.02044531 0.00000000 0.06274786
v -0.03272527 0.00000000 -0.06344917
v -0.03272527 0.00000000 -0.05223487
v -0.02457761 0.00000000 -0.05223487
v 0.05939784 0.00000000 0.00996056
v -0.05306673 0.00000000 -0.06576881
v 0.04576807 0.00000000 -0.03441676
v 0.04571059 0.00000000 -0.03436871
v -0.01333677 0.00000000 -0.05223487
v -0.05939784 0.00000000 -0.06576881
v 0.05939784 0.00000000 0.03724219
v 0.07192484 0.00000000 0.00992128
v 0.07199534 0.00000000 0.00996928
v -0.01107031 0.00000000 0.01463755
v -0.00368195 0.00000000 0.01183556
v -0.01107031 0.00000000 0.01183556
v 0.03402126 0.00000000 -0.02543548
v 0.03393612 0.00000000 -0.02541977
v 0.03393427 0.00000000 -0.02108319
v 0.04687539 0.00000000 0.03289266
v 0.04130920 0.00000000 0.03724219
v 0.03272527 0.00000000 -0.05223487
v 0.01161072 0.00000000 0.01463755
v -0.06835238 0.00000000 -0.00136623
v -0.07468430 0.00000000 0.00315028
v -0.02044531 0.00000000 -0.00612500
v -0.05190821 0.00000000 -0.02569371
v -0.05221568 0.00000000 -0.02724654
v -0.05265377 0.00000000 -0.02876769
v -0.05306673 0.00000000 -0.03000188
v -0.05306673 0.00000000 -0.03267164
v -0.05396002 0.00000000 -0.03267164
v -0.05286340 0.00000000 -0.01634414
v -0.05237423 0.00000000 -0.01784964
v -0.05201455 0.00000000 -0.01939121
v -0.05178695 0.00000000 -0.02095774
v -0.05169307 0.00000000 -0.02253794
v -0.05173359 0.00000000 -0.02412039
v -0.05306673 0.00000000 -0.01002500
v -0.05950702 0.00000000 -0.00767556
v -0.05939784 0.00000000 -0.00612500
v -0.05825849 0.00000000 -0.00864869
v -0.05709701 0.00000000 -0.00972423
v -0.05939784 0.00000000 -0.00136623
v -0.05306673 0.00000000 -0.00136623
v -0.03272527 0.00000000 -0.00136623
v -0.02044531 0.00000000 -0.00136623
v -0.02044531 0.00000000 -0.01002500
v -0.02044531 0.00000000 -0.02108319
v -0.03272527 0.00000000 -0.02108319
v -0.03410472 0.00000000 -0.02545850
v -0.03418588 0.00000000 -0.02548865
v -0.03433887 0.00000000 -0.02556939
v -0.03426412 0.00000000 -0.02552571
v -0.03402126 0.00000000 -0.02543548
v -0.07468430 0.00000000 0.01183556
v -0.07468430 0.00000000 0.00996056
v -0.05939784 0.00000000 0.01183556
v -0.05939784 0.00000000 0.00996056
v -0.05306673 0.00000000 0.00996056
v -0.04130920 0.00000000 0.00996056
v -0.04130920 0.00000000 -0.00136623
v -0.01845959 0.00000000 0.05140941
v -0.01845959 0.00000000 0.06274786
v -0.00368195 0.00000000 0.06274786
v -0.00368195 0.00000000 0.05140941
v -0.01083415 0.00000000 0.04105948
v -0.01082293 0.00000000 0.04114532
v -0.00368195 0.00000000 0.03724219
v -0.01095118 0.00000000 0.04073526
v -0.01091148 0.00000000 0.04081221
v -0.01087859 0.00000000 0.04089229
v -0.01085275 0.00000000 0.04097492
v -0.01214747 0.00000000 0.04028724
v -0.01206454 0.00000000 0.04026238
v -0.01333677 0.00000000 0.03724219
v -0.01197977 0.00000000 0.04024480
v -0.01107031 0.00000000 0.03724219
v -0.01189379 0.00000000 0.04023460
v -0.01180726 0.00000000 0.04023189
v -0.01271662 0.00000000 0.04079067
v -0.01275142 0.00000000 0.04086995
v -0.01138878 0.00000000 0.04032918
v -0.01146846 0.00000000 0.04029534
v -0.01155078 0.00000000 0.04026851
v -0.01117134 0.00000000 0.04047005
v -0.01110788 0.00000000 0.04052894
v -0.01104975 0.00000000 0.04059310
v -0.01099738 0.00000000 0.04066205
v -0.01267510 0.00000000 0.04071470
v -0.01262717 0.00000000 0.04064261
v -0.01257317 0.00000000 0.04057493
v -0.01172082 0.00000000 0.04023667
v -0.01163511 0.00000000 0.04024890
v -0.01131232 0.00000000 0.04036979
v -0.01123966 0.00000000 0.04041687
v -0.01251353 0.00000000 0.04051217
v -0.01244868 0.00000000 0.04045481
v -0.01237912 0.00000000 0.04040328
v -0.01230535 0.00000000 0.04035795
v -0.01222795 0.00000000 0.04031917
v 0.03393427 0.00000000 0.02039246
v 0.03272527 0.00000000 0.02039246
v 0.02345799 0.00000000 0.02039246
v 0.02345799 0.00000000 0.01463755
v 0.02044531 0.00000000 0.01463755
v 0.01107031 0.00000000 0.02039246
v 0.01107031 0.00000000 0.01463755
v 0.01107031 0.00000000 0.03724219
v 0.01161072 0.00000000 0.03724219
v 0.02044531 0.00000000 0.05140941
v 0.02345799 0.00000000 0.05140941
v 0.03393427 0.00000000 -0.06576881
v 0.03272527 0.00000000 -0.06576881
v 0.03278023 0.00000000 -0.06545588
v 0.03285357 0.00000000 -0.06541236
v 0.03292295 0.00000000 -0.06536275
v 0.03298784 0.00000000 -0.06530741
v 0.03304778 0.00000000 -0.06524674
v 0.03310234 0.00000000 -0.06518118
v 0.03315111 0.00000000 -0.06511121
v 0.03330562 0.00000000 -0.06462906
v 0.03330661 0.00000000 -0.06454378
v 0.03330032 0.00000000 -0.06445872
v 0.03393427 0.00000000 -0.05223487
v 0.03328681 0.00000000 -0.06437451
v 0.03326617 0.00000000 -0.06429175
v 0.03319374 0.00000000 -0.06503734
v 0.03322992 0.00000000 -0.06496011
v 0.03325938 0.00000000 -0.06488007
v 0.03328193 0.00000000 -0.06479782
v 0.03329737 0.00000000 -0.06471394
v 0.03323855 0.00000000 -0.06421106
v 0.03320416 0.00000000 -0.06413302
v 0.03316325 0.00000000 -0.06405818
v 0.03172913 0.00000000 -0.06539096
v 0.03180077 0.00000000 -0.06543724
v 0.02345799 0.00000000 -0.06576881
v 0.03187609 0.00000000 -0.06547724
v 0.03195455 0.00000000 -0.06551069
v 0.03228806 0.00000000 -0.06557471
v 0.03237332 0.00000000 -0.06557270
v 0.03245810 0.00000000 -0.06556343
v 0.03254179 0.00000000 -0.06554696
v 0.03262376 0.00000000 -0.06552343
v 0.03270344 0.00000000 -0.06549300
v 0.03203557 0.00000000 -0.06553733
v 0.03211857 0.00000000 -0.06555697
v 0.03220293 0.00000000 -0.06556945
v 0.01207515 0.00000000 -0.05247557
v 0.01221324 0.00000000 -0.05237912
v 0.02044531 0.00000000 -0.06576881
v 0.01858917 0.00000000 -0.05416339
v 0.01862224 0.00000000 -0.05423062
v 0.01192943 0.00000000 -0.05256006
v 0.01880165 0.00000000 -0.05446938
v 0.01885703 0.00000000 -0.05451984
v 0.02044531 0.00000000 -0.05586180
v 0.03166170 0.00000000 -0.06533875
v 0.01866025 0.00000000 -0.05429519
v 0.01870298 0.00000000 -0.05435674
v 0.01875021 0.00000000 -0.05441491
v 0.01161072 0.00000000 -0.03267164
v 0.01161072 0.00000000 -0.04657098
v 0.01856123 0.00000000 -0.05409386
v 0.01234272 0.00000000 -0.05227140
v 0.01246268 0.00000000 -0.05215316
v 0.01257227 0.00000000 -0.05202525
v 0.01267071 0.00000000 -0.05188857
v 0.01275729 0.00000000 -0.05174409
v 0.02044531 0.00000000 -0.03267164
v 0.01283141 0.00000000 -0.05159284
v 0.01289254 0.00000000 -0.05143588
v 0.01294025 0.00000000 -0.05127434
v 0.01288238 0.00000000 -0.05011339
v 0.01293257 0.00000000 -0.05027418
v 0.01297420 0.00000000 -0.05110937
v 0.01299414 0.00000000 -0.05094211
v 0.01299994 0.00000000 -0.05077378
v 0.01299156 0.00000000 -0.05060555
v 0.01296904 0.00000000 -0.05043862
v 0.02345799 0.00000000 -0.03267164
v 0.03272527 0.00000000 -0.03267164
v 0.01112411 0.00000000 -0.05278528
v 0.01129164 0.00000000 -0.05276776
v 0.01177712 0.00000000 -0.05263198
v 0.01161930 0.00000000 -0.05269084
v 0.01145709 0.00000000 -0.05273620
v 0.01045714 0.00000000 -0.05271405
v 0.00977747 0.00000000 -0.05807970
v 0.01029710 0.00000000 -0.05266155
v 0.01014204 0.00000000 -0.05259576
v 0.01062104 0.00000000 -0.05275290
v 0.01078762 0.00000000 -0.05277783
v 0.01095571 0.00000000 -0.05278865
v 0.00839565 0.00000000 -0.05730743
v 0.00695330 0.00000000 -0.05665518
v 0.00546081 0.00000000 -0.05612764
v 0.00392895 0.00000000 -0.05572861
v 0.00236876 0.00000000 -0.05546099
v -0.00368195 0.00000000 -0.05223487
v 0.00079149 0.00000000 -0.05532670
v -0.00079149 0.00000000 -0.05532670
v -0.00285179 0.00000000 -0.05048252
v -0.00095266 0.00000000 -0.05032909
v 0.00095266 0.00000000 -0.05032909
v 0.00285179 0.00000000 -0.05048252
v 0.00473240 0.00000000 -0.05078837
v 0.00658228 0.00000000 -0.05124466
v 0.00838940 0.00000000 -0.05184843
v -0.01014204 0.00000000 -0.05259576
v -0.00838940 0.00000000 -0.05184843
v -0.00658228 0.00000000 -0.05124466
v -0.00473240 0.00000000 -0.05078837
v -0.00236876 0.00000000 -0.05546099
v -0.00392895 0.00000000 -0.05572861
v -0.01062104 0.00000000 -0.05275290
v -0.00839565 0.00000000 -0.05730743
v -0.01078762 0.00000000 -0.05277783
v -0.00977747 0.00000000 -0.05807970
v -0.00546081 0.00000000 -0.05612764
v -0.00695330 0.00000000 -0.05665518
v -0.01029710 0.00000000 -0.05266155
v -0.01045714 0.00000000 -0.05271405
v -0.01234272 0.00000000 -0.05227140
v -0.01221324 0.00000000 -0.05237912
v -0.01207515 0.00000000 -0.05247557
v -0.01192943 0.00000000 -0.05256006
v -0.01177712 0.00000000 -0.05263198
v -0.01161930 0.00000000 -0.05269084
v -0.01145709 0.00000000 -0.05273620
v -0.01129164 0.00000000 -0.05276776
v -0.01112411 0.00000000 -0.05278528
v -0.01095571 0.00000000 -0.05278865
v -0.01299414 0.00000000 -0.05094211
v -0.01297420 0.00000000 -0.05110937
v -0.01283141 0.00000000 -0.05159284
v -0.01275729 0.00000000 -0.05174409
v -0.01267071 0.00000000 -0.05188857
v -0.01293257 0.00000000 -0.05027418
v -0.01296904 0.00000000 -0.05043862
v -0.01333677 0.00000000 -0.03267164
v -0.01299156 0.00000000 -0.05060555
v -0.01299994 0.00000000 -0.05077378
v -0.01294025 0.00000000 -0.05127434
v -0.01289254 0.00000000 -0.05143588
v -0.01257227 0.00000000 -0.05202525
v -0.01246268 0.00000000 -0.05215316
v -0.01288238 0.00000000 -0.05011339
v -0.01107031 0.00000000 -0.03267164
v -0.00376477 0.00000000 -0.02471490
v -0.01107031 0.00000000 -0.02108319
v -0.00363717 0.00000000 -0.02440176
v 0.00376477 0.00000000 -0.02471490
v 0.00948459 0.00000000 -0.02108319
v 0.00662110 0.00000000 -0.03267164
v 0.00948459 0.00000000 -0.03267164
v 0.00948459 0.00000000 -0.04064833
v -0.00050601 0.00000000 -0.02209853
v -0.00083933 0.00000000 -0.02215544
v -0.00368195 0.00000000 -0.02108319
v -0.00116665 0.00000000 -0.02224031
v -0.00148564 0.00000000 -0.02235251
v -0.00179401 0.00000000 -0.02249126
v -0.00208955 0.00000000 -0.02265556
v -0.00237017 0.00000000 -0.02284423
v 0.00363717 0.00000000 -0.02440176
v 0.00348358 0.00000000 -0.02410051
v 0.00330509 0.00000000 -0.02381331
v 0.00310298 0.00000000 -0.02354221
v 0.00287870 0.00000000 -0.02328915
v 0.00263385 0.00000000 -0.02305593
v -0.00263385 0.00000000 -0.02305593
v -0.00287870 0.00000000 -0.02328915
v -0.00310298 0.00000000 -0.02354221
v -0.00330509 0.00000000 -0.02381331
v -0.00348358 0.00000000 -0.02410051
v 0.00237017 0.00000000 -0.02284423
v 0.00208955 0.00000000 -0.02265556
v 0.00179401 0.00000000 -0.02249126
v 0.00148564 0.00000000 -0.02235251
v 0.00116665 0.00000000 -0.02224031
v 0.00083933 0.00000000 -0.02215544
v 0.00050601 0.00000000 -0.02209853
v 0.00016907 0.00000000 -0.02206997
v -0.00016907 0.00000000 -0.02206997
v 0.01107031 0.00000000 -0.04506560
v 0.06419041 0.00000000 0.03424782
v 0.06410525 0.00000000 0.03425248
v 0.06455918 0.00000000 0.03236778
v 0.06463287 0.00000000 0.03241071
v 0.05939784 0.00000000 0.02039246
v 0.06473324 0.00000000 0.03402086
v 0.06466544 0.00000000 0.03407261
v 0.06459348 0.00000000 0.03411840
v 0.06451789 0.00000000 0.03415788
v 0.06479637 0.00000000 0.03396353
v 0.06501284 0.00000000 0.03285991
v 0.06504296 0.00000000 0.03293971
v 0.06509122 0.00000000 0.03319034
v 0.06509289 0.00000000 0.03327562
v 0.06485440 0.00000000 0.03390102
v 0.06490689 0.00000000 0.03383380
v 0.06495345 0.00000000 0.03376235
v 0.06448209 0.00000000 0.03233129
v 0.06443919 0.00000000 0.03419077
v 0.06435799 0.00000000 0.03421685
v 0.06427486 0.00000000 0.03423591
v 0.06506616 0.00000000 0.03302178
v 0.06508229 0.00000000 0.03310553
v 0.06508729 0.00000000 0.03336072
v 0.06507446 0.00000000 0.03344504
v 0.06505448 0.00000000 0.03352795
v 0.06470264 0.00000000 0.03245976
v 0.06476798 0.00000000 0.03251458
v 0.06482841 0.00000000 0.03257476
v 0.06488349 0.00000000 0.03263988
v 0.06493282 0.00000000 0.03270945
v 0.06497604 0.00000000 0.03278298
v 0.06502752 0.00000000 0.03360886
v 0.06499376 0.00000000 0.03368719
v 0.04130920 0.00000000 0.02039246
v 0.04715351 0.00000000 0.03300149
v 0.04708112 0.00000000 0.03298219
v 0.06402000 0.00000000 0.03424988
v 0.04730162 0.00000000 0.03302359
v 0.04722715 0.00000000 0.03301532
v 0.04701037 0.00000000 0.03295751
v 0.04694166 0.00000000 0.03292762
v 0.05939784 0.00000000 -0.00612500
v 0.05939784 0.00000000 -0.00136623
v 0.05190326 0.00000000 -0.00804325
v 0.05077060 0.00000000 -0.00957535
v 0.04976500 0.00000000 -0.01119369
v 0.04889297 0.00000000 -0.01288774
v 0.04816020 0.00000000 -0.01464651
v 0.04757142 0.00000000 -0.01645858
v 0.04713047 0.00000000 -0.01831217
v 0.04684021 0.00000000 -0.02019525
v 0.04670253 0.00000000 -0.02209559
v 0.04671833 0.00000000 -0.02400084
v 0.03426412 0.00000000 -0.02552571
v 0.03418588 0.00000000 -0.02548865
v 0.03508445 0.00000000 -0.02108319
v 0.03410472 0.00000000 -0.02545850
v 0.04130920 0.00000000 -0.02590244
v 0.03440956 0.00000000 -0.02561938
v 0.03433887 0.00000000 -0.02556939
v 0.02345799 0.00000000 -0.02108319
v 0.03272527 0.00000000 -0.01925671
v 0.03272527 0.00000000 -0.02108319
v 0.03393427 0.00000000 -0.02019273
v 0.02044531 0.00000000 -0.02108319
v 0.02345799 0.00000000 -0.01208192
v 0.02044531 0.00000000 -0.01002500
v 0.02044531 0.00000000 -0.00612500
v 0.02044531 0.00000000 -0.00136623
v 0.02345799 0.00000000 -0.00136623
v 0.04130920 0.00000000 -0.00136623
v 0.04130920 0.00000000 -0.00354920
v 0.03393427 0.00000000 -0.00377417
v 0.00948459 0.00000000 0.01183556
v 0.00948459 0.00000000 0.01463755
v -0.01107031 0.00000000 0.02039246
v 0.00948459 0.00000000 0.02039246
v -0.00368195 0.00000000 0.02039246
v -0.00368195 0.00000000 -0.01002500
v 0.00948459 0.00000000 -0.01002500
v -0.01107031 0.00000000 -0.01002500
v -0.01107031 0.00000000 -0.00612500
v -0.01107031 0.00000000 -0.00136623
v -0.01107031 0.00000000 0.00996056
v 0.00948459 0.00000000 -0.00136623
v 0.00948459 0.00000000 0.00996056
v -0.00368195 0.00000000 0.00996056
v 0.00948459 0.00000000 -0.00612500
v -0.01333677 0.00000000 -0.00612500
v -0.01845959 0.00000000 -0.00612500
v -0.02044531 0.00000000 0.00996056
v -0.01845959 0.00000000 0.00996056
v -0.01333677 0.00000000 0.00996056
v 0.01161072 0.00000000 -0.00612500
v 0.01161072 0.00000000 -0.00136623
v 0.01161072 0.00000000 0.00996056
v 0.02044531 0.00000000 0.00996056
v 0.07227356 0.00000000 0.01028836
v 0.07222924 0.00000000 0.01021549
v 0.07217887 0.00000000 0.01014667
v 0.07231151 0.00000000 0.01036473
v 0.07234282 0.00000000 0.01044407
v 0.07236725 0.00000000 0.01052578
v 0.07236317 0.00000000 0.01103208
v 0.07233742 0.00000000 0.01111338
v 0.07230484 0.00000000 0.01119220
v 0.07226566 0.00000000 0.01126796
v 0.07222017 0.00000000 0.01134010
v 0.07206149 0.00000000 0.01002311
v 0.07212282 0.00000000 0.01008238
v 0.07159425 0.00000000 0.01175165
v 0.07150999 0.00000000 0.01176482
v 0.07238463 0.00000000 0.01060928
v 0.07239483 0.00000000 0.01069396
v 0.07239778 0.00000000 0.01077919
v 0.07239345 0.00000000 0.01086437
v 0.07238189 0.00000000 0.01094887
v 0.07216870 0.00000000 0.01140810
v 0.07211161 0.00000000 0.01147147
v 0.07204934 0.00000000 0.01152975
v 0.07142490 0.00000000 0.01177076
v 0.05939784 0.00000000 0.01183556
v 0.05939784 0.00000000 0.01463755
v 0.07198233 0.00000000 0.01158251
v 0.07191107 0.00000000 0.01162936
v 0.07183607 0.00000000 0.01166998
v 0.07175789 0.00000000 0.01170405
v 0.07167708 0.00000000 0.01173134
v 0.07133963 0.00000000 0.01176943
v 0.07125477 0.00000000 0.01176084
v 0.07117096 0.00000000 0.01174506
v 0.04204853 0.00000000 0.04124042
v 0.02622825 0.00000000 0.05273452
v 0.02689224 0.00000000 0.05129753
v 0.02767574 0.00000000 0.04992205
v 0.02857311 0.00000000 0.04861800
v 0.02957787 0.00000000 0.04739477
v 0.03068279 0.00000000 0.04626121
v 0.03187989 0.00000000 0.04522546
v 0.03316054 0.00000000 0.04429501
v 0.03451552 0.00000000 0.04347656
v 0.03593505 0.00000000 0.04277602
v 0.03740889 0.00000000 0.04219843
v 0.03892642 0.00000000 0.04174795
v 0.04047669 0.00000000 0.04142785
v 0.00948459 0.00000000 0.06274786
v -0.02044531 0.00000000 0.06274786
v -0.02044531 0.00000000 0.05140941
v -0.04130920 0.00000000 0.03724219
v -0.07468430 0.00000000 0.03724219
v -0.07507992 0.00000000 0.04139487
v -0.08361899 0.00000000 0.03837103
v -0.08232429 0.00000000 0.03918004
v -0.08096401 0.00000000 0.03987314
v -0.07954850 0.00000000 0.04044504
v -0.07808853 0.00000000 0.04089140
v -0.07659521 0.00000000 0.04120881
v -0.08483825 0.00000000 0.03745225
v -0.09064946 0.00000000 0.01956717
v -0.08597279 0.00000000 0.03643070
v -0.08701398 0.00000000 0.03531416
v -0.08795390 0.00000000 0.03411112
v -0.08878539 0.00000000 0.03283074
v -0.08950213 0.00000000 0.03148276
v -0.09009864 0.00000000 0.03007745
v -0.09057041 0.00000000 0.02862549
v -0.09091384 0.00000000 0.02713794
v -0.09112632 0.00000000 0.02562612
v -0.09120622 0.00000000 0.02410153
v -0.09115294 0.00000000 0.02257578
v -0.09096688 0.00000000 0.02106048
v -0.07468430 0.00000000 0.02039246
v -0.08812909 0.00000000 0.01403671
v -0.08893810 0.00000000 0.01533141
v -0.08963120 0.00000000 0.01669168
v -0.09020311 0.00000000 0.01810720
v -0.08618876 0.00000000 0.01168291
v -0.08721031 0.00000000 0.01281745
v -0.07468430 0.00000000 0.01463755
v -0.08507222 0.00000000 0.01064171
v -0.08386918 0.00000000 0.00970180
v -0.06168083 0.00000000 -0.00612500
v -0.05421517 0.00000000 -0.01348444
v -0.05506804 0.00000000 -0.01215085
v -0.05347852 0.00000000 -0.01488557
v -0.05603096 0.00000000 -0.01089443
v -0.05939784 0.00000000 -0.05223487
v -0.06050579 0.00000000 -0.05223487
v -0.05939784 0.00000000 -0.04892357
v -0.04130920 0.00000000 -0.06576881
v -0.03393427 0.00000000 -0.06576881
v -0.03272527 0.00000000 -0.06576881
v -0.02044531 0.00000000 -0.06576881
v -0.03166170 0.00000000 -0.06533875
v -0.01885703 0.00000000 -0.05451984
v -0.01880165 0.00000000 -0.05446938
v -0.01875021 0.00000000 -0.05441491
v -0.01870298 0.00000000 -0.05435674
v -0.01866025 0.00000000 -0.05429519
v -0.01862224 0.00000000 -0.05423062
v 0.03774489 0.00000000 -0.07836017
v 0.04130920 0.00000000 -0.06576881
v 0.03913959 0.00000000 -0.07898112
v 0.04058309 0.00000000 -0.07947816
v 0.03640963 0.00000000 -0.07762002
v 0.05962085 0.00000000 -0.07310822
v 0.05866008 0.00000000 -0.07429467
v 0.05759956 0.00000000 -0.07539287
v 0.05644736 0.00000000 -0.07639446
v 0.05521226 0.00000000 -0.07729182
v 0.04206442 0.00000000 -0.07984750
v 0.04357230 0.00000000 -0.08008633
v 0.04509526 0.00000000 -0.08019282
v 0.04662171 0.00000000 -0.08016618
v 0.04814002 0.00000000 -0.08000659
v 0.04963865 0.00000000 -0.07971529
v 0.05110619 0.00000000 -0.07929448
v 0.05390364 0.00000000 -0.07807811
v 0.05253147 0.00000000 -0.07874737
v 0.06233270 0.00000000 -0.06766909
v 0.06183567 0.00000000 -0.06911259
v 0.05939784 0.00000000 -0.06576881
v 0.06121471 0.00000000 -0.07050728
v 0.06047456 0.00000000 -0.07184254
v 0.06304736 0.00000000 -0.06315691
v 0.06294087 0.00000000 -0.06467988
v 0.06270204 0.00000000 -0.06618775
v 0.06256983 0.00000000 -0.05861352
v 0.06286114 0.00000000 -0.06011215
v 0.06302071 0.00000000 -0.06163047
v 0.05093761 0.00000000 -0.05155045
v 0.05101352 0.00000000 -0.05158933
v 0.04130920 0.00000000 -0.05223487
v 0.05109247 0.00000000 -0.05162159
v 0.05117388 0.00000000 -0.05164700
v 0.05191723 0.00000000 -0.05155440
v 0.05198992 0.00000000 -0.05150979
v 0.05939784 0.00000000 -0.05223487
v 0.05232442 0.00000000 -0.05112971
v 0.05235944 0.00000000 -0.05105194
v 0.05238770 0.00000000 -0.05097147
v 0.05062192 0.00000000 -0.05126839
v 0.05067495 0.00000000 -0.05133519
v 0.05073347 0.00000000 -0.05139723
v 0.05240900 0.00000000 -0.05088889
v 0.05242319 0.00000000 -0.05080479
v 0.05243017 0.00000000 -0.05071979
v 0.05242987 0.00000000 -0.05063450
v 0.05242231 0.00000000 -0.05054955
v 0.05240754 0.00000000 -0.05046555
v 0.05079707 0.00000000 -0.05145405
v 0.05086528 0.00000000 -0.05150525
v 0.05159676 0.00000000 -0.05166676
v 0.05168018 0.00000000 -0.05164905
v 0.04599342 0.00000000 -0.03471339
v 0.04595752 0.00000000 -0.03464764
v 0.04591678 0.00000000 -0.03458475
v 0.05151213 0.00000000 -0.05167731
v 0.05218162 0.00000000 -0.05134127
v 0.05223519 0.00000000 -0.05127490
v 0.05228290 0.00000000 -0.05120420
v 0.04587146 0.00000000 -0.03452509
v 0.04582180 0.00000000 -0.03446898
v 0.05205854 0.00000000 -0.05145914
v 0.05212260 0.00000000 -0.05140283
v 0.05125716 0.00000000 -0.05166539
v 0.05134171 0.00000000 -0.05167662
v 0.05142690 0.00000000 -0.05168060
v 0.05176180 0.00000000 -0.05162429
v 0.05184101 0.00000000 -0.05159266
v 0.05238566 0.00000000 -0.05038312
v 0.00948459 0.00000000 0.03724219
v 0.00948459 0.00000000 0.05140941
v -0.05306673 0.00000000 0.01183556
v -0.04130920 0.00000000 0.01183556
v -0.04130920 0.00000000 0.01463755
v -0.05306673 0.00000000 0.01463755
v -0.05306673 0.00000000 0.02039246
v -0.04130920 0.00000000 0.02039246
v 0.04130920 0.00000000 0.01183556
v 0.04130920 0.00000000 0.01463755
v -0.05939784 0.00000000 0.02039246
v -0.05306673 0.00000000 -0.05223487
v -0.04130920 0.00000000 -0.05223487
v 0.04187443 0.00000000 0.00137195
v 0.04188928 0.00000000 0.00128666
v 0.04281004 0.00000000 0.00050219
v 0.04197783 0.00000000 0.00195991
v 0.04194144 0.00000000 0.00188136
v 0.04130920 0.00000000 0.00996056
v 0.04191197 0.00000000 0.00179995
v 0.04188965 0.00000000 0.00171630
v 0.04187466 0.00000000 0.00163103
v 0.04186709 0.00000000 0.00154479
v 0.04186702 0.00000000 0.00145821
v 0.04191145 0.00000000 0.00120297
v 0.04194077 0.00000000 0.00112151
v 0.04197703 0.00000000 0.00104289
v 0.04247600 0.00000000 0.00242138
v 0.04239782 0.00000000 0.00238419
v 0.04232315 0.00000000 0.00234037
v 0.04201995 0.00000000 0.00096770
v 0.04206922 0.00000000 0.00089651
v 0.04212446 0.00000000 0.00082984
v 0.04218525 0.00000000 0.00076821
v 0.04225116 0.00000000 0.00071206
v 0.04232167 0.00000000 0.00066182
v 0.04225255 0.00000000 0.00229026
v 0.04218655 0.00000000 0.00223423
v 0.04212564 0.00000000 0.00217270
v 0.04207028 0.00000000 0.00210613
v 0.04202089 0.00000000 0.00203503
v 0.04239626 0.00000000 0.00061788
v 0.04247437 0.00000000 0.00058054
v 0.04255543 0.00000000 0.00055011
v 0.04263880 0.00000000 0.00052680
v 0.04272389 0.00000000 0.00051078
v -0.03270344 0.00000000 -0.06549300
v -0.03262376 0.00000000 -0.06552343
v -0.03254179 0.00000000 -0.06554696
v -0.03195455 0.00000000 -0.06551069
v -0.03187609 0.00000000 -0.06547724
v -0.03180077 0.00000000 -0.06543724
v -0.03172913 0.00000000 -0.06539096
v -0.03245810 0.00000000 -0.06556343
v -0.03237332 0.00000000 -0.06557270
v -0.03228806 0.00000000 -0.06557471
v -0.03220293 0.00000000 -0.06556945
v -0.03211857 0.00000000 -0.06555697
v -0.03203557 0.00000000 -0.06553733
v -0.03329737 0.00000000 -0.06471394
v -0.03328193 0.00000000 -0.06479782
v -0.03328681 0.00000000 -0.06437451
v -0.03330032 0.00000000 -0.06445872
v -0.03304778 0.00000000 -0.06524674
v -0.03298784 0.00000000 -0.06530741
v -0.03330661 0.00000000 -0.06454378
v -0.03330562 0.00000000 -0.06462906
v -0.03325938 0.00000000 -0.06488007
v -0.03322992 0.00000000 -0.06496011
v -0.03319374 0.00000000 -0.06503734
v -0.03292295 0.00000000 -0.06536275
v -0.03285357 0.00000000 -0.06541236
v -0.03278023 0.00000000 -0.06545588
v -0.03393427 0.00000000 -0.05223487
v -0.03311611 0.00000000 -0.06398711
v -0.03316325 0.00000000 -0.06405818
v -0.03315111 0.00000000 -0.06511121
v -0.03310234 0.00000000 -0.06518118
v -0.03320416 0.00000000 -0.06413302
v -0.03323855 0.00000000 -0.06421106
v -0.03326617 0.00000000 -0.06429175
v -0.03272527 0.00000000 -0.03267164
v -0.02044531 0.00000000 -0.04654725
v -0.02044531 0.00000000 -0.03267164
v -0.01536914 0.00000000 -0.03958597
v -0.01542868 0.00000000 -0.03964883
v -0.01845959 0.00000000 -0.03267164
v -0.01548255 0.00000000 -0.03971660
v -0.01845959 0.00000000 -0.04381415
v -0.01440682 0.00000000 -0.03934061
v -0.01449118 0.00000000 -0.03932115
v -0.01483585 0.00000000 -0.03931765
v -0.01492059 0.00000000 -0.03933538
v -0.01457691 0.00000000 -0.03930906
v -0.01466337 0.00000000 -0.03930444
v -0.01474990 0.00000000 -0.03930730
v -0.01500348 0.00000000 -0.03936039
v -0.01508390 0.00000000 -0.03939246
v -0.01516124 0.00000000 -0.03943137
v -0.01416818 0.00000000 -0.03944147
v -0.01424471 0.00000000 -0.03940099
v -0.01432446 0.00000000 -0.03936729
v -0.01523492 0.00000000 -0.03947683
v -0.01530440 0.00000000 -0.03952849
v -0.01396346 0.00000000 -0.03960026
v -0.01402703 0.00000000 -0.03954148
v -0.01409544 0.00000000 -0.03948842
v -0.01368880 0.00000000 -0.04013031
v -0.01370755 0.00000000 -0.04004578
v -0.01373354 0.00000000 -0.03996320
v -0.01376657 0.00000000 -0.03988317
v -0.01380640 0.00000000 -0.03980630
v -0.01385273 0.00000000 -0.03973317
v -0.01390522 0.00000000 -0.03966431
v -0.01370664 0.00000000 -0.04055958
v -0.01368819 0.00000000 -0.04047499
v -0.01367713 0.00000000 -0.04038912
v -0.01367353 0.00000000 -0.04030262
v -0.01367743 0.00000000 -0.04021613
v -0.01858917 0.00000000 -0.05416339
v -0.01856123 0.00000000 -0.05409386
v -0.01373234 0.00000000 -0.04064226
v 0.04130920 0.00000000 -0.03845055
v 0.03711059 0.00000000 -0.03267164
v 0.03393427 0.00000000 -0.02829982
v 0.03393427 0.00000000 -0.03267164
v 0.03298836 0.00000000 -0.02699788
v 0.03283685 0.00000000 -0.02668828
v 0.03286451 0.00000000 -0.02677032
v 0.03384994 0.00000000 -0.02541148
v 0.03376337 0.00000000 -0.02541068
v 0.03367705 0.00000000 -0.02541736
v 0.03359163 0.00000000 -0.02543149
v 0.03350776 0.00000000 -0.02545296
v 0.03342605 0.00000000 -0.02548159
v 0.03334713 0.00000000 -0.02551719
v 0.03289916 0.00000000 -0.02684966
v 0.03294055 0.00000000 -0.02692570
v 0.03327159 0.00000000 -0.02555948
v 0.03319998 0.00000000 -0.02560815
v 0.03313286 0.00000000 -0.02566282
v 0.03307071 0.00000000 -0.02572310
v 0.03301401 0.00000000 -0.02578853
v 0.03296319 0.00000000 -0.02585862
v 0.03291861 0.00000000 -0.02593284
v 0.03288063 0.00000000 -0.02601064
v 0.03284951 0.00000000 -0.02609143
v 0.03279762 0.00000000 -0.02643219
v 0.03280328 0.00000000 -0.02651858
v 0.03281639 0.00000000 -0.02660416
v 0.03282550 0.00000000 -0.02617461
v 0.03280877 0.00000000 -0.02625956
v 0.03279946 0.00000000 -0.02634563
v -0.03393427 0.00000000 0.02039246
v -0.01845959 0.00000000 0.01463755
v -0.01333677 0.00000000 0.01463755
v -0.02044531 0.00000000 0.01463755
v -0.03272527 0.00000000 0.01463755
v -0.03294055 0.00000000 -0.02692570
v -0.03289916 0.00000000 -0.02684966
v -0.03393427 0.00000000 -0.03267164
v -0.03280877 0.00000000 -0.02625956
v -0.03282550 0.00000000 -0.02617461
v -0.03284951 0.00000000 -0.02609143
v -0.03288063 0.00000000 -0.02601064
v -0.03291861 0.00000000 -0.02593284
v -0.03296319 0.00000000 -0.02585862
v -0.03327159 0.00000000 -0.02555948
v -0.03319998 0.00000000 -0.02560815
v -0.03313286 0.00000000 -0.02566282
v -0.03334713 0.00000000 -0.02551719
v -0.03342605 0.00000000 -0.02548159
v -0.03350776 0.00000000 -0.02545296
v -0.03286451 0.00000000 -0.02677032
v -0.03283685 0.00000000 -0.02668828
v -0.03281639 0.00000000 -0.02660416
v -0.03280328 0.00000000 -0.02651858
v -0.03279762 0.00000000 -0.02643219
v -0.03279946 0.00000000 -0.02634563
v -0.03301401 0.00000000 -0.02578853
v -0.03307071 0.00000000 -0.02572310
v -0.03359163 0.00000000 -0.02543149
v -0.03367705 0.00000000 -0.02541736
v -0.03376337 0.00000000 -0.02541068
v 0.01161072 0.00000000 -0.01002500
v 0.01161072 0.00000000 -0.02108319
v -0.01333677 0.00000000 -0.01002500
v -0.01333677 0.00000000 -0.02108319
v -0.01845959 0.00000000 -0.01002500
v -0.01845959 0.00000000 -0.02108319
v -0.03272527 0.00000000 0.00996056
v -0.03272527 0.00000000 0.01183556
v -0.02044531 0.00000000 0.01183556
v -0.01845959 0.00000000 0.01183556
v -0.01333677 0.00000000 0.01183556
v 0.02345799 0.00000000 0.01183556
v 0.02044531 0.00000000 0.01183556
v 0.02345799 0.00000000 0.00996056
v 0.01161072 0.00000000 0.01183556
v 0.01107031 0.00000000 0.01183556
v 0.01107031 0.00000000 0.00996056
v 0.01107031 0.00000000 -0.00136623
v 0.01107031 0.00000000 -0.00612500
v 0.01107031 0.00000000 -0.01002500
v 0.01107031 0.00000000 -0.02108319
v 0.01107031 0.00000000 -0.03267164
v -0.05939784 0.00000000 0.01463755
v 0.03393427 0.00000000 0.01463755
v 0.03393427 0.00000000 0.01183556
v 0.03393427 0.00000000 0.00996056
v 0.03393427 0.00000000 -0.00136623
v 0.03272527 0.00000000 -0.00381105
v 0.03272527 0.00000000 0.01463755
v 0.03272527 0.00000000 0.01183556
v 0.03272527 0.00000000 0.00996056
v 0.03272527 0.00000000 -0.00136623
v -0.03393427 0.00000000 0.01463755
v -0.03393427 0.00000000 0.01183556
v -0.03393427 0.00000000 0.00996056
v -0.03393427 0.00000000 -0.00136623
f 1 2 3
f 1 3 4
f 3 5 4
f 4 5 6
f 5 7 6
f 6 7 8
f 7 9 8
f 8 9 10
f 9 11 10
f 10 11 12
f 11 13 12
f 12 13 14
f 13 15 14
f 14 15 16
f 15 17 16
f 16 17 18
f 17 19 18
f 18 19 20
f 19 21 20
f 20 21 22
f 21 23 22
f 22 23 24
f 25 26 27
f 26 28 27
f 27 28 29
f 28 30 29
f 29 30 31
f 30 32 31
f 31 32 33
f 32 34 33
f 33 34 35
f 34 36 35
f 35 36 37
f 36 38 37
f 37 38 39
f 38 40 39
f 39 40 41
f 40 42 41
f 41 42 43
f 42 44 43
f 43 44 45
f 44 46 45
f 45 46 47
f 46 48 47
f 47 48 49
f 48 50 49
f 49 50 51
f 50 52 51
f 51 52 53
f 52 54 53
f 53 54 55
f 54 56 55
f 55 56 57
f 56 58 57
f 57 58 59
f 58 60 59
f 59 60 61
f 60 62 61
f 61 62 63
f 62 64 63
f 63 64 65
f 64 66 65
f 65 66 67
f 66 68 67
f 67 68 69
f 68 70 69
f 69 70 71
f 70 72 71
f 71 72 73
f 72 74 73
f 73 74 75
f 74 76 75
f 75 76 77
f 76 78 77
f 77 78 79
f 78 80 79
f 79 80 1
f 80 2 1
f 81 82 83
f 82 84 83
f 83 84 85
f 84 86 85
f 85 86 87
f 86 88 87
f 87 88 25
f 88 26 25
f 89 90 91
f 90 92 91
f 91 92 93
f 92 94 93
f 93 94 95
f 94 96 95
f 95 96 97
f 96 98 97
f 97 98 99
f 98 100 99
f 99 100 101
f 100 102 101
f 101 102 103
f 102 104 103
f 105 106 107
f 106 108 107
f 107 108 109
f 108 110 109
f 109 110 111
f 110 112 111
f 111 112 113
f 112 114 113
f 115 116 117
f 116 118 117
f 117 118 119
f 118 120 119
f 119 120 121
f 120 122 121
f 121 122 123
f 122 124 123
f 123 124 125
f 124 126 125
f 125 126 127
f 126 128 127
f 127 128 129
f 128 130 129
f 131 132 115
f 132 116 115
f 133 134 135
f 134 136 135
f 135 136 137
f 136 138 137
f 137 138 139
f 138 140 139
f 139 140 141
f 140 142 141
f 141 142 143
f 142 144 143
f 143 144 145
f 144 146 145
f 145 146 147
f 146 148 147
f 147 148 149
f 148 150 149
f 149 150 151
f 150 152 151
f 151 152 153
f 152 154 153
f 153 154 155
f 154 156 155
f 155 156 157
f 156 158 157
f 157 158 159
f 158 160 159
f 159 160 161
f 160 162 161
f 161 162 163
f 162 164 163
f 163 164 165
f 164 166 165
f 165 166 167
f 166 168 167
f 167 168 169
f 168 170 169
f 169 170 171
f 170 172 171
f 171 172 173
f 172 174 173
f 173 174 175
f 174 176 175
f 175 176 177
f 176 178 177
f 177 178 179
f 178 180 179
f 179 180 181
f 180 182 181
f 181 182 183
f 182 184 183
f 183 184 185
f 184 186 185
f 185 186 187
f 186 188 187
f 187 188 189
f 188 190 189
f 189 190 191
f 190 192 191
f 191 192 193
f 192 194 193
f 193 194 195
f 194 196 195
f 195 196 197
f 196 198 197
f 197 198 199
f 198 200 199
f 199 200 131
f 200 132 131
f 201 202 203
f 202 204 203
f 203 204 205
f 204 206 205
f 205 206 207
f 206 208 207
f 207 208 133
f 208 134 133
f 209 210 211
f 210 212 211
f 211 212 213
f 212 214 213
f 213 214 215
f 214 216 215
f 215 216 217
f 216 218 217
f 217 218 219
f 218 220 219
f 219 220 221
f 220 222 221
f 221 222 223
f 222 224 223
f 223 224 225
f 224 226 225
f 225 226 227
f 226 228 227
f 227 228 229
f 228 230 229
f 229 230 231
f 230 232 231
f 231 232 233
f 232 234 233
f 233 234 235
f 234 236 235
f 235 236 237
f 236 238 237
f 237 238 239
f 238 240 239
f 239 240 241
f 240 242 241
f 241 242 243
f 242 244 243
f 243 244 245
f 244 246 245
f 245 246 247
f 246 248 247
f 247 248 249
f 248 250 249
f 249 250 251
f 250 252 251
f 251 252 253
f 252 254 253
f 253 254 255
f 254 256 255
f 255 256 257
f 256 258 257
f 257 258 259
f 258 260 259
f 259 260 261
f 260 262 261
f 261 262 263
f 262 264 263
f 263 264 265
f 264 266 265
f 265 266 267
f 266 268 267
f 267 268 269
f 268 270 269
f 269 270 271
f 270 272 271
f 271 272 273
f 272 274 273
f 273 274 201
f 274 202 201
f 129 130 209
f 130 210 209
f 275 276 277
f 276 278 277
f 277 278 279
f 278 280 279
f 279 280 281
f 280 282 281
f 281 282 283
f 282 284 283
f 283 284 285
f 284 286 285
f 285 286 287
f 286 288 287
f 287 288 289
f 288 290 289
f 289 290 291
f 290 292 291
f 291 292 293
f 292 294 293
f 293 294 295
f 294 296 295
f 295 296 297
f 296 298 297
f 297 298 299
f 298 300 299
f 299 300 301
f 300 302 301
f 301 302 303
f 302 304 303
f 303 304 305
f 304 306 305
f 305 306 307
f 306 308 307
f 307 308 309
f 308 310 309
f 309 310 311
f 310 312 311
f 311 312 313
f 312 314 313
f 313 314 315
f 314 316 315
f 315 316 317
f 316 318 317
f 317 318 319
f 318 320 319
f 319 320 321
f 320 322 321
f 321 322 323
f 322 324 323
f 323 324 325
f 324 326 325
f 325 326 327
f 326 328 327
f 327 328 329
f 328 330 329
f 329 330 331
f 330 332 331
f 331 332 333
f 332 334 333
f 333 334 335
f 334 336 335
f 335 336 337
f 336 338 337
f 337 338 339
f 338 340 339
f 339 340 341
f 340 342 341
f 341 342 343
f 342 344 343
f 275 345 276
f 345 346 276
f 347 348 349
f 348 350 349
f 349 350 351
f 350 352 351
f 351 352 353
f 352 354 353
f 353 354 355
f 354 356 355
f 355 356 357
f 356 358 357
f 357 358 359
f 358 360 359
f 359 360 345
f 360 346 345
f 347 361 348
f 361 362 348
f 363 364 365
f 364 366 365
f 365 366 367
f 366 368 367
f 367 368 369
f 368 370 369
f 369 370 371
f 370 372 371
f 371 372 373
f 372 374 373
f 373 374 375
f 374 376 375
f 375 376 377
f 376 378 377
f 377 378 379
f 378 380 379
f 379 380 381
f 380 382 381
f 381 382 383
f 382 384 383
f 383 384 385
f 384 386 385
f 385 386 387
f 386 388 387
f 387 388 389
f 388 390 389
f 389 390 391
f 390 392 391
f 391 392 393
f 392 394 393
f 393 394 395
f 394 396 395
f 395 396 397
f 396 398 397
f 397 398 399
f 398 400 399
f 399 400 401
f 400 402 401
f 401 402 403
f 402 404 403
f 403 404 405
f 404 406 405
f 405 406 407
f 406 408 407
f 407 408 409
f 408 410 409
f 409 410 411
f 410 412 411
f 411 412 413
f 412 414 413
f 413 414 415
f 414 416 415
f 415 416 417
f 416 418 417
f 417 418 419
f 418 420 419
f 419 420 421
f 420 422 421
f 421 422 423
f 422 424 423
f 423 424 425
f 424 426 425
f 425 426 427
f 426 428 427
f 427 428 361
f 428 362 361
f 343 344 429
f 344 430 429
f 429 430 431
f 430 432 431
f 431 432 433
f 432 434 433
f 433 434 363
f 434 364 363
f 435 436 437
f 436 438 437
f 439 440 441
f 440 442 441
f 441 442 443
f 442 444 443
f 443 444 445
f 444 446 445
f 447 448 449
f 448 450 449
f 451 452 453
f 452 454 453
f 453 454 455
f 454 456 455
f 455 456 457
f 456 458 457
f 457 458 459
f 458 460 459
f 459 460 461
f 460 462 461
f 461 462 463
f 462 464 463
f 463 464 465
f 464 466 465
f 465 466 467
f 466 468 467
f 467 468 469
f 468 470 469
f 469 470 471
f 470 472 471
f 471 472 473
f 472 474 473
f 473 474 475
f 474 476 475
f 475 476 477
f 476 478 477
f 477 478 479
f 478 480 479
f 479 480 481
f 480 482 481
f 481 482 483
f 482 484 483
f 483 484 485
f 484 486 485
f 485 486 487
f 486 488 487
f 487 488 489
f 488 490 489
f 489 490 491
f 490 492 491
f 491 492 493
f 492 494 493
f 493 494 495
f 494 496 495
f 495 496 497
f 496 498 497
f 497 498 499
f 498 500 499
f 499 500 501
f 500 502 501
f 501 502 503
f 502 504 503
f 503 504 505
f 504 506 505
f 505 506 507
f 506 508 507
f 509 510 511
f 509 511 512
f 511 513 512
f 512 513 514
f 513 515 514
f 514 515 516
f 515 517 516
f 516 517 518
f 517 519 518
f 518 519 520
f 519 521 520
f 520 521 522
f 521 523 522
f 522 523 524
f 523 525 524
f 524 525 526
f 525 527 526
f 526 527 528
f 527 529 528
f 528 529 530
f 529 452 530
f 530 452 451
f 531 532 533
f 532 534 533
f 533 534 535
f 534 536 535
f 535 536 537
f 536 538 537
f 537 538 539
f 538 540 539
f 539 540 541
f 540 542 541
f 541 542 543
f 542 544 543
f 543 544 545
f 544 546 545
f 545 546 547
f 546 548 547
f 547 548 549
f 548 550 549
f 549 550 551
f 550 552 551
f 551 552 553
f 552 554 553
f 553 554 555
f 554 556 555
f 555 556 557
f 556 558 557
f 557 558 559
f 558 560 559
f 559 560 561
f 560 562 561
f 561 562 563
f 562 564 563
f 563 564 565
f 564 566 565
f 565 566 567
f 566 568 567
f 567 568 569
f 568 570 569
f 569 570 571
f 570 572 571
f 571 572 573
f 572 574 573
f 573 574 575
f 574 576 575
f 575 576 577
f 576 578 577
f 577 578 579
f 578 580 579
f 579 580 581
f 580 582 581
f 581 582 583
f 582 584 583
f 583 584 585
f 584 586 585
f 585 586 509
f 586 510 509
f 587 588 589
f 588 590 589
f 589 590 591
f 590 592 591
f 591 592 593
f 592 594 593
f 593 594 595
f 594 596 595
f 595 596 597
f 596 598 597
f 597 598 599
f 598 600 599
f 599 600 601
f 600 602 601
f 601 602 603
f 602 604 603
f 603 604 605
f 604 606 605
f 605 606 607
f 606 608 607
f 607 608 609
f 608 610 609
f 609 610 611
f 610 612 611
f 611 612 613
f 612 614 613
f 613 614 615
f 614 616 615
f 615 616 617
f 616 618 617
f 617 618 619
f 618 620 619
f 619 620 621
f 620 622 621
f 621 622 623
f 622 624 623
f 623 624 625
f 624 626 625
f 625 626 627
f 626 628 627
f 627 628 629
f 628 630 629
f 629 630 631
f 630 632 631
f 631 632 633
f 632 634 633
f 633 634 635
f 634 636 635
f 635 636 637
f 636 638 637
f 637 638 639
f 638 640 639
f 639 640 641
f 640 642 641
f 641 642 643
f 642 644 643
f 643 644 645
f 644 646 645
f 507 508 647
f 508 648 647
f 647 648 649
f 648 650 649
f 649 650 651
f 650 652 651
f 651 652 653
f 652 654 653
f 653 654 655
f 654 656 655
f 655 656 587
f 656 588 587
f 657 658 659
f 658 660 659
f 659 660 661
f 660 662 661
f 661 662 663
f 662 664 663
f 663 664 665
f 664 666 665
f 665 666 667
f 666 668 667
f 667 668 669
f 668 670 669
f 669 670 671
f 670 672 671
f 671 672 673
f 672 674 673
f 673 674 675
f 674 676 675
f 675 676 677
f 676 678 677
f 677 678 679
f 678 680 679
f 679 680 681
f 680 682 681
f 681 682 683
f 682 684 683
f 683 684 685
f 684 686 685
f 685 686 687
f 686 688 687
f 687 688 689
f 688 690 689
f 689 690 691
f 690 692 691
f 691 692 693
f 692 694 693
f 693 694 695
f 694 696 695
f 695 696 697
f 696 698 697
f 697 698 699
f 698 700 699
f 699 700 701
f 700 702 701
f 701 702 703
f 702 704 703
f 703 704 705
f 704 706 705
f 705 706 707
f 706 708 707
f 707 708 709
f 708 710 709
f 709 710 711
f 710 712 711
f 711 712 713
f 712 714 713
f 715 716 717
f 716 718 717
f 717 718 719
f 718 720 719
f 719 720 721
f 720 722 721
f 721 722 723
f 722 724 723
f 723 724 725
f 724 726 725
f 725 726 657
f 726 658 657
f 727 728 729
f 728 730 729
f 729 730 731
f 730 732 731
f 731 732 733
f 732 734 733
f 733 734 735
f 734 736 735
f 735 736 737
f 736 738 737
f 737 738 739
f 738 740 739
f 739 740 741
f 740 742 741
f 741 742 743
f 742 744 743
f 743 744 745
f 744 746 745
f 745 746 747
f 746 748 747
f 747 748 749
f 748 750 749
f 749 750 751
f 750 752 751
f 751 752 753
f 752 754 753
f 753 754 755
f 754 756 755
f 755 756 757
f 756 758 757
f 757 758 759
f 758 760 759
f 759 760 761
f 760 762 761
f 761 762 763
f 762 764 763
f 763 764 765
f 764 766 765
f 765 766 767
f 766 768 767
f 767 768 769
f 768 770 769
f 769 770 771
f 770 772 771
f 771 772 773
f 772 774 773
f 773 774 775
f 774 776 775
f 775 776 777
f 776 778 777
f 777 778 779
f 778 780 779
f 779 780 781
f 780 782 781
f 781 782 783
f 782 784 783
f 783 784 715
f 784 716 715
f 728 727 785
f 727 786 785
f 785 786 787
f 786 788 787
f 789 790 791
f 790 792 791
f 791 792 793
f 792 794 793
f 793 794 795
f 794 796 795
f 795 796 797
f 796 798 797
f 797 798 799
f 798 800 799
f 799 800 801
f 800 802 801
f 801 802 803
f 802 804 803
f 803 804 805
f 804 806 805
f 805 806 807
f 806 808 807
f 807 808 809
f 808 810 809
f 809 810 811
f 810 812 811
f 811 812 813
f 812 814 813
f 813 814 815
f 814 816 815
f 815 816 817
f 816 818 817
f 817 818 819
f 818 820 819
f 819 820 821
f 820 822 821
f 821 822 823
f 822 824 823
f 823 824 825
f 824 826 825
f 825 826 827
f 826 828 827
f 827 828 829
f 828 830 829
f 829 830 831
f 830 832 831
f 831 832 833
f 832 834 833
f 833 834 835
f 834 836 835
f 835 836 837
f 836 838 837
f 837 838 839
f 838 840 839
f 839 840 841
f 840 842 841
f 841 842 843
f 842 844 843
f 843 844 788
f 844 787 788
f 713 714 845
f 713 845 846
f 845 847 846
f 846 847 848
f 847 849 848
f 848 849 850
f 849 851 850
f 850 851 852
f 851 853 852
f 852 853 854
f 853 855 854
f 854 855 856
f 855 857 856
f 856 857 858
f 857 859 858
f 858 859 860
f 859 861 860
f 860 861 862
f 861 863 862
f 862 863 864
f 863 790 864
f 864 790 789
f 865 866 867
f 866 868 867
f 869 870 871
f 870 872 871
f 871 872 873
f 872 874 873
f 873 874 875
f 874 876 875
f 875 876 877
f 876 878 877
f 877 878 879
f 878 880 879
f 879 880 881
f 880 882 881
f 881 882 866
f 882 868 866
f 869 883 870
f 883 884 870
f 885 886 887
f 886 888 887
f 887 888 889
f 888 890 889
f 889 890 891
f 890 892 891
f 891 892 893
f 892 894 893
f 893 894 895
f 894 896 895
f 895 896 897
f 896 898 897
f 897 898 899
f 898 900 899
f 899 900 901
f 900 902 901
f 901 902 903
f 902 904 903
f 903 904 905
f 904 906 905
f 905 906 907
f 906 908 907
f 907 908 909
f 908 910 909
f 909 910 911
f 910 912 911
f 911 912 913
f 912 914 913
f 913 914 915
f 914 916 915
f 915 916 917
f 916 918 917
f 917 918 919
f 918 920 919
f 919 920 921
f 920 922 921
f 921 922 923
f 922 924 923
f 923 924 925
f 924 926 925
f 925 926 927
f 926 928 927
f 927 928 929
f 928 930 929
f 929 930 931
f 930 932 931
f 931 932 933
f 932 934 933
f 933 934 935
f 934 936 935
f 935 936 937
f 936 938 937
f 937 938 939
f 938 940 939
f 939 940 941
f 940 942 941
f 941 942 943
f 942 944 943
f 943 944 945
f 944 946 945
f 945 946 947
f 946 948 947
f 947 948 949
f 948 950 949
f 949 950 883
f 950 884 883
f 951 952 953
f 952 954 953
f 953 954 955
f 954 956 955
f 955 956 885
f 956 886 885
f 865 867 957
f 867 958 957
f 957 958 959
f 958 960 959
f 959 960 961
f 960 962 961
f 961 962 963
f 962 964 963
f 963 964 965
f 964 966 965
f 965 966 967
f 966 968 967
f 967 968 969
f 968 970 969
f 969 970 971
f 970 972 971
f 971 972 973
f 972 974 973
f 973 974 975
f 974 976 975
f 975 976 977
f 976 978 977
f 977 978 979
f 978 980 979
f 979 980 981
f 980 982 981
f 981 982 983
f 982 984 983
f 983 984 985
f 984 986 985
f 985 986 987
f 986 988 987
f 987 988 989
f 988 990 989
f 989 990 991
f 990 992 991
f 991 992 993
f 992 994 993
f 993 994 995
f 994 996 995
f 995 996 997
f 996 998 997
f 997 998 999
f 998 1000 999
f 999 1000 1001
f 1000 1002 1001
f 1001 1002 1003
f 1002 1004 1003
f 1003 1004 1005
f 1004 1006 1005
f 1005 1006 1007
f 1006 1008 1007
f 1007 1008 1009
f 1008 1010 1009
f 1009 1010 1011
f 1010 1012 1011
f 1011 1012 1013
f 1012 1014 1013
f 1013 1014 1015
f 1014 1016 1015
f 1015 1016 1017
f 1016 1018 1017
f 1017 1018 1019
f 1018 1020 1019
f 1019 1020 1021
f 1020 1022 1021
f 1021 1022 951
f 1022 952 951
f 1023 1024 1025
f 1024 1026 1025
f 1025 1026 1027
f 1026 1028 1027
f 1027 1028 1029
f 1028 1030 1029
f 1029 1030 1031
f 1030 1032 1031
f 1031 1032 1033
f 1032 1034 1033
f 1033 1034 1035
f 1034 1036 1035
f 1035 1036 1037
f 1036 1038 1037
f 1037 1038 1039
f 1038 1040 1039
f 1039 1040 1041
f 1040 1042 1041
f 1041 1042 1043
f 1042 1044 1043
f 1043 1044 1045
f 1044 1046 1045
f 1045 1046 1047
f 1046 1048 1047
f 1047 1048 1049
f 1048 1050 1049
f 1049 1050 1051
f 1050 1052 1051
f 1051 1052 1053
f 1052 1054 1053
f 1055 1056 1057
f 1056 1058 1057
f 1057 1058 1059
f 1058 1060 1059
f 1059 1060 1061
f 1060 1062 1061
f 1061 1062 1063
f 1062 1064 1063
f 1063 1064 1065
f 1064 1066 1065
f 1065 1066 1067
f 1066 1068 1067
f 1067 1068 1069
f 1068 1070 1069
f 1069 1070 1071
f 1070 1072 1071
f 1071 1072 1073
f 1072 1074 1073
f 1073 1074 1075
f 1074 1076 1075
f 1075 1076 1077
f 1076 1078 1077
f 1077 1078 1079
f 1078 1080 1079
f 1079 1080 1081
f 1080 1082 1081
f 1081 1082 1083
f 1082 1084 1083
f 1083 1084 1085
f 1084 1086 1085
f 1085 1086 1087
f 1086 1088 1087
f 1087 1088 1089
f 1088 1090 1089
f 1089 1090 1091
f 1090 1092 1091
f 1091 1092 1093
f 1092 1094 1093
f 1093 1094 1095
f 1094 1096 1095
f 1095 1096 1097
f 1096 1098 1097
f 1097 1098 1099
f 1098 1100 1099
f 1099 1100 1101
f 1100 1102 1101
f 1101 1102 1103
f 1102 1104 1103
f 1103 1104 1105
f 1104 1106 1105
f 1105 1106 1107
f 1106 1108 1107
f 1107 1108 1109
f 1108 1110 1109
f 1109 1110 1111
f 1110 1112 1111
f 1111 1112 1113
f 1112 1114 1113
f 1113 1114 1115
f 1114 1116 1115
f 1115 1116 1117
f 1116 1118 1117
f 1117 1118 1119
f 1118 1120 1119
f 1119 1120 1121
f 1120 1122 1121
f 1121 1122 1123
f 1122 1124 1123
f 1123 1124 1125
f 1124 1126 1125
f 1125 1126 1127
f 1126 1128 1127
f 1127 1128 1129
f 1128 1130 1129
f 1129 1130 1131
f 1130 1132 1131
f 1131 1132 1133
f 1132 1134 1133
f 1133 1134 1135
f 1134 1136 1135
f 1135 1136 1137
f 1136 1138 1137
f 1137 1138 1139
f 1138 1140 1139
f 1139 1140 1141
f 1140 1142 1141
f 1141 1142 1143
f 1142 1144 1143
f 1143 1144 1145
f 1144 1146 1145
f 1145 1146 1147
f 1146 1148 1147
f 1147 1148 1149
f 1148 1150 1149
f 1149 1150 1151
f 1150 1152 1151
f 1151 1152 1153
f 1152 1154 1153
f 1153 1154 1155
f 1154 1156 1155
f 1155 1156 1157
f 1156 1158 1157
f 1157 1158 1159
f 1158 1160 1159
f 1159 1160 1161
f 1160 1162 1161
f 1161 1162 1163
f 1162 1164 1163
f 1163 1164 1165
f 1164 1166 1165
f 1165 1166 1167
f 1166 1168 1167
f 1167 1168 1169
f 1168 1170 1169
f 1169 1170 1171
f 1170 1172 1171
f 1171 1172 1173
f 1172 1174 1173
f 1173 1174 1175
f 1174 1176 1175
f 1175 1176 1177
f 1176 1178 1177
f 1177 1178 1179
f 1178 1180 1179
f 1179 1180 1181
f 1180 1182 1181
f 1181 1182 1183
f 1182 1184 1183
f 1183 1184 1185
f 1184 1186 1185
f 1185 1186 1187
f 1186 1188 1187
f 1187 1188 1189
f 1188 1190 1189
f 1189 1190 1191
f 1190 1192 1191
f 1191 1192 1193
f 1192 1194 1193
f 1193 1194 1195
f 1194 1196 1195
f 1195 1196 1197
f 1196 1198 1197
f 1197 1198 1055
f 1198 1056 1055
f 1199 1200 1201
f 1200 1202 1201
f 1201 1202 1203
f 1202 1204 1203
f 1203 1204 1205
f 1204 1206 1205
f 1205 1206 1207
f 1206 1208 1207
f 1207 1208 1209
f 1208 1210 1209
f 1209 1210 1211
f 1210 1212 1211
f 1211 1212 1213
f 1212 1214 1213
f 1215 1216 1217
f 1216 1218 1217
f 1217 1218 1219
f 1218 1220 1219
f 1219 1220 1221
f 1220 1222 1221
f 1221 1222 1223
f 1222 1224 1223
f 1223 1224 1225
f 1224 1226 1225
f 1225 1226 1227
f 1226 1228 1227
f 1227 1228 1229
f 1228 1230 1229
f 1229 1230 1231
f 1230 1232 1231
f 1231 1232 1233
f 1232 1234 1233
f 1233 1234 1235
f 1234 1236 1235
f 1235 1236 1237
f 1236 1238 1237
f 1237 1238 1239
f 1238 1240 1239
f 1239 1240 1241
f 1240 1242 1241
f 1241 1242 1243
f 1242 1244 1243
f 1243 1244 1245
f 1244 1246 1245
f 1245 1246 1247
f 1246 1248 1247
f 1247 1248 1249
f 1248 1250 1249
f 1249 1250 1251
f 1250 1252 1251
f 1251 1252 1253
f 1252 1254 1253
f 1253 1254 1255
f 1254 1256 1255
f 1255 1256 1257
f 1256 1258 1257
f 1257 1258 1259
f 1258 1260 1259
f 1259 1260 1261
f 1260 1262 1261
f 1261 1262 1263
f 1262 1264 1263
f 1263 1264 1265
f 1264 1266 1265
f 1265 1266 1267
f 1266 1268 1267
f 1267 1268 1269
f 1268 1270 1269
f 1269 1270 1271
f 1270 1272 1271
f 1271 1272 1273
f 1272 1274 1273
f 1273 1274 1275
f 1274 1276 1275
f 1275 1276 1277
f 1276 1278 1277
f 1277 1278 1279
f 1278 1280 1279
f 1279 1280 1281
f 1280 1282 1281
f 1281 1282 1283
f 1282 1284 1283
f 1283 1284 1285
f 1284 1286 1285
f 1285 1286 1287
f 1286 1288 1287
f 1287 1288 1289
f 1288 1290 1289
f 1289 1290 1291
f 1290 1292 1291
f 1291 1292 1293
f 1292 1294 1293
f 1293 1294 1295
f 1294 1296 1295
f 1295 1296 1297
f 1296 1298 1297
f 1297 1298 1299
f 1298 1300 1299
f 1299 1300 1301
f 1300 1302 1301
f 1301 1302 1303
f 1302 1304 1303
f 1303 1304 1305
f 1304 1306 1305
f 1305 1306 1307
f 1306 1308 1307
f 1307 1308 1309
f 1308 1310 1309
f 1309 1310 1311
f 1310 1312 1311
f 1311 1312 1313
f 1312 1314 1313
f 1313 1314 1315
f 1314 1316 1315
f 1315 1316 1317
f 1316 1318 1317
f 1317 1318 1319
f 1318 1320 1319
f 1319 1320 1321
f 1320 1322 1321
f 1321 1322 1323
f 1322 1324 1323
f 1323 1324 1325
f 1324 1326 1325
f 1325 1326 1327
f 1326 1328 1327
f 1327 1328 1329
f 1328 1330 1329
f 1329 1330 1331
f 1330 1332 1331
f 1331 1332 1333
f 1332 1334 1333
f 1333 1334 1335
f 1334 1336 1335
f 1335 1336 1337
f 1336 1338 1337
f 1337 1338 1339
f 1338 1340 1339
f 1339 1340 1341
f 1340 1342 1341
f 1341 1342 1343
f 1342 1344 1343
f 1343 1344 1345
f 1344 1346 1345
f 1345 1346 1347
f 1346 1348 1347
f 1347 1348 1349
f 1348 1350 1349
f 1349 1350 1351
f 1350 1352 1351
f 1351 1352 1353
f 1352 1354 1353
f 1353 1354 1355
f 1354 1356 1355
f 1355 1356 1357
f 1356 1358 1357
f 1357 1358 1215
f 1358 1216 1215
f 1359 1360 1361
f 1360 1362 1361
f 1361 1362 1363
f 1362 1364 1363
f 1363 1364 1365
f 1364 1366 1365
f 1365 1366 1054
f 1366 1053 1054
f 1367 1368 1369
f 1368 1370 1369
f 1371 1372 1373
f 1372 1374 1373
f 1373 1374 1375
f 1374 1376 1375
f 1375 1376 1377
f 1376 1378 1377
f 1377 1378 1379
f 1378 1380 1379
f 1379 1380 1381
f 1380 1382 1381
f 1381 1382 1383
f 1382 1384 1383
f 1383 1384 1385
f 1384 1386 1385
f 1385 1386 1387
f 1386 1388 1387
f 1387 1388 1389
f 1388 1390 1389
f 1389 1390 1391
f 1390 1392 1391
f 1391 1392 1393
f 1392 1394 1393
f 1393 1394 1395
f 1394 1396 1395
f 1395 1396 1397
f 1396 1398 1397
f 1397 1398 1399
f 1398 1400 1399
f 1399 1400 1401
f 1400 1402 1401
f 1401 1402 1403
f 1402 1404 1403
f 1403 1404 1405
f 1404 1406 1405
f 1405 1406 1407
f 1406 1408 1407
f 1407 1408 1409
f 1408 1410 1409
f 1409 1410 1411
f 1410 1412 1411
f 1411 1412 1413
f 1412 1414 1413
f 1413 1414 1415
f 1414 1416 1415
f 1415 1416 1417
f 1416 1418 1417
f 1417 1418 1419
f 1418 1420 1419
f 1419 1420 1421
f 1420 1422 1421
f 1421 1422 1423
f 1422 1424 1423
f 1423 1424 1425
f 1424 1426 1425
f 1425 1426 1427
f 1426 1428 1427
f 1427 1428 1429
f 1428 1430 1429
f 1429 1430 1431
f 1430 1432 1431
f 1431 1432 1433
f 1432 1434 1433
f 1433 1434 1435
f 1434 1436 1435
f 1435 1436 1437
f 1436 1438 1437
f 1437 1438 1439
f 1438 1440 1439
f 1439 1440 1441
f 1440 1442 1441
f 1441 1442 1443
f 1442 1444 1443
f 1443 1444 1445
f 1444 1446 1445
f 1445 1446 1447
f 1446 1448 1447
f 1447 1448 1449
f 1448 1450 1449
f 1449 1450 1451
f 1450 1452 1451
f 1451 1452 1453
f 1452 1454 1453
f 1453 1454 1455
f 1454 1456 1455
f 1455 1456 1457
f 1456 1458 1457
f 1457 1458 1459
f 1458 1460 1459
f 1459 1460 1461
f 1460 1462 1461
f 1461 1462 1463
f 1462 1464 1463
f 1463 1464 1465
f 1464 1466 1465
f 1465 1466 1467
f 1466 1468 1467
f 1467 1468 1469
f 1468 1470 1469
f 1469 1470 1471
f 1470 1472 1471
f 1471 1472 1473
f 1472 1474 1473
f 1473 1474 1475
f 1474 1476 1475
f 1475 1476 1477
f 1476 1478 1477
f 1477 1478 1479
f 1478 1480 1479
f 1479 1480 1481
f 1480 1482 1481
f 1481 1482 1483
f 1482 1484 1483
f 1483 1484 1485
f 1484 1486 1485
f 1485 1486 1487
f 1486 1488 1487
f 1487 1488 1489
f 1488 1490 1489
f 1489 1490 1491
f 1490 1492 1491
f 1491 1492 1493
f 1492 1494 1493
f 1493 1494 1495
f 1494 1496 1495
f 1495 1496 1497
f 1496 1498 1497
f 1497 1498 1499
f 1498 1500 1499
f 1499 1500 1501
f 1500 1502 1501
f 1501 1502 1503
f 1502 1504 1503
f 1503 1504 1505
f 1504 1506 1505
f 1505 1506 1507
f 1506 1508 1507
f 1507 1508 1509
f 1508 1510 1509
f 1509 1510 1511
f 1510 1512 1511
f 1511 1512 1513
f 1512 1514 1513
f 1513 1514 1371
f 1514 1372 1371
f 1515 103 1516
f 103 104 1516
f 1517 1518 1519
f 1518 1520 1519
f 1519 1520 1521
f 1520 1522 1521
f 1521 1522 1523
f 1522 1524 1523
f 1523 1524 1525
f 1524 1526 1525
f 1525 1526 1527
f 1526 1528 1527
f 1527 1528 1529
f 1528 1530 1529
f 1529 1530 1531
f 1530 1532 1531
f 1531 1532 1533
f 1532 1534 1533
f 1533 1534 1535
f 1534 1536 1535
f 1535 1536 1537
f 1536 1538 1537
f 1537 1538 1539
f 1538 1540 1539
f 1539 1540 1541
f 1540 1542 1541
f 1541 1542 1543
f 1542 1544 1543
f 1543 1544 1545
f 1544 1546 1545
f 1545 1546 1547
f 1546 1548 1547
f 1547 1548 1549
f 1548 1550 1549
f 1549 1550 1551
f 1550 1552 1551
f 1551 1552 1553
f 1552 1554 1553
f 1553 1554 1555
f 1554 1556 1555
f 1555 1556 1557
f 1556 1558 1557
f 1557 1558 1559
f 1558 1560 1559
f 1559 1560 1561
f 1560 1562 1561
f 1561 1562 1563
f 1562 1564 1563
f 1563 1564 1565
f 1564 1566 1565
f 1565 1566 1567
f 1566 1568 1567
f 1567 1568 1569
f 1568 1570 1569
f 1569 1570 1571
f 1570 1572 1571
f 1571 1572 1573
f 1572 1574 1573
f 1573 1574 1575
f 1574 1576 1575
f 1575 1576 1577
f 1576 1578 1577
f 1577 1578 1579
f 1578 1580 1579
f 1579 1580 1581
f 1580 1582 1581
f 1581 1582 1583
f 1582 1584 1583
f 1583 1584 1585
f 1584 1586 1585
f 1585 1586 1587
f 1586 1588 1587
f 1587 1588 1589
f 1588 1590 1589
f 1589 1590 1591
f 1590 1592 1591
f 1591 1592 1593
f 1592 1594 1593
f 1593 1594 1595
f 1594 1596 1595
f 1595 1596 1597
f 1596 1598 1597
f 1597 1598 1599
f 1598 1600 1599
f 1599 1600 1601
f 1600 1602 1601
f 1601 1602 1603
f 1602 1604 1603
f 1603 1604 1605
f 1604 1606 1605
f 1605 1606 1607
f 1606 1608 1607
f 1607 1608 1609
f 1608 1610 1609
f 1609 1610 1611
f 1610 1612 1611
f 1611 1612 1613
f 1612 1614 1613
f 1613 1614 1615
f 1614 1616 1615
f 1615 1616 1617
f 1616 1618 1617
f 1617 1618 1619
f 1618 1620 1619
f 1619 1620 1621
f 1620 1622 1621
f 1621 1622 1623
f 1622 1624 1623
f 1623 1624 1625
f 1624 1626 1625
f 1625 1626 1627
f 1626 1628 1627
f 1627 1628 1629
f 1628 1630 1629
f 1629 1630 1631
f 1630 1632 1631
f 1631 1632 1633
f 1632 1634 1633
f 1633 1634 1635
f 1634 1636 1635
f 1635 1636 1637
f 1636 1638 1637
f 1637 1638 1639
f 1638 1640 1639
f 1639 1640 1641
f 1640 1642 1641
f 1641 1642 1643
f 1642 1644 1643
f 1643 1644 1645
f 1644 1646 1645
f 1645 1646 1647
f 1646 1648 1647
f 1647 1648 1649
f 1648 1650 1649
f 1649 1650 1651
f 1650 1652 1651
f 1651 1652 1653
f 1652 1654 1653
f 1653 1654 1655
f 1654 1656 1655
f 1655 1656 1657
f 1656 1658 1657
f 1657 1658 1659
f 1658 1660 1659
f 1659 1660 1517
f 1660 1518 1517
f 1661 1662 1663
f 1662 1664 1663
f 1663 1664 1665
f 1664 1666 1665
f 1667 1668 1669
f 1668 1670 1669
f 1669 1670 1671
f 1670 1672 1671
f 1671 1672 1673
f 1672 1674 1673
f 1673 1674 1675
f 1674 1676 1675
f 1675 1676 1677
f 1676 1678 1677
f 1677 1678 1679
f 1678 1680 1679
f 1679 1680 1681
f 1680 1682 1681
f 1681 1682 1683
f 1682 1684 1683
f 1683 1684 1685
f 1684 1686 1685
f 1685 1686 1687
f 1686 1688 1687
f 1687 1688 1689
f 1688 1690 1689
f 1689 1690 1691
f 1690 1692 1691
f 1691 1692 1693
f 1692 1694 1693
f 1693 1694 1695
f 1694 1696 1695
f 1695 1696 1697
f 1696 1698 1697
f 1697 1698 1699
f 1698 1700 1699
f 1699 1700 1701
f 1700 1702 1701
f 1701 1702 1703
f 1702 1704 1703
f 1703 1704 1705
f 1704 1706 1705
f 1705 1706 1707
f 1706 1708 1707
f 1707 1708 1709
f 1708 1710 1709
f 1709 1710 1711
f 1710 1712 1711
f 1711 1712 1713
f 1712 1714 1713
f 1713 1714 1715
f 1714 1716 1715
f 1715 1716 1717
f 1716 1718 1717
f 1717 1718 1719
f 1718 1720 1719
f 1719 1720 1721
f 1720 1722 1721
f 1721 1722 1723
f 1722 1724 1723
f 1723 1724 1725
f 1724 1726 1725
f 1725 1726 1727
f 1726 1728 1727
f 1727 1728 1729
f 1728 1730 1729
f 1729 1730 1731
f 1730 1732 1731
f 1731 1732 1733
f 1732 1734 1733
f 1733 1734 1735
f 1734 1736 1735
f 1735 1736 1737
f 1736 1738 1737
f 1737 1738 1739
f 1738 1740 1739
f 1739 1740 1741
f 1740 1742 1741
f 1741 1742 1743
f 1742 1744 1743
f 1743 1744 1745
f 1744 1746 1745
f 1745 1746 1747
f 1746 1748 1747
f 1747 1748 1749
f 1748 1750 1749
f 1749 1750 1751
f 1750 1752 1751
f 1751 1752 1753
f 1752 1754 1753
f 1753 1754 1755
f 1754 1756 1755
f 1755 1756 1757
f 1756 1758 1757
f 1757 1758 1759
f 1758 1760 1759
f 1759 1760 1761
f 1760 1762 1761
f 1761 1762 1763
f 1762 1764 1763
f 1763 1764 1765
f 1764 1766 1765
f 1765 1766 1767
f 1766 1768 1767
f 1767 1768 1769
f 1768 1770 1769
f 1769 1770 1771
f 1770 1772 1771
f 1771 1772 1773
f 1772 1774 1773
f 1773 1774 1775
f 1774 1776 1775
f 1775 1776 1777
f 1776 1778 1777
f 1777 1778 1779
f 1778 1780 1779
f 1779 1780 1781
f 1780 1782 1781
f 1781 1782 1783
f 1782 1784 1783
f 1783 1784 1785
f 1784 1786 1785
f 1785 1786 1787
f 1786 1788 1787
f 1787 1788 1789
f 1788 1790 1789
f 1789 1790 1791
f 1790 1792 1791
f 1791 1792 1793
f 1792 1794 1793
f 1793 1794 1795
f 1794 1796 1795
f 1795 1796 1797
f 1796 1798 1797
f 1797 1798 1799
f 1798 1800 1799
f 1799 1800 1801
f 1800 1802 1801
f 1801 1802 1803
f 1802 1804 1803
f 1803 1804 1805
f 1804 1806 1805
f 1805 1806 1807
f 1806 1808 1807
f 1807 1808 1809
f 1808 1810 1809
f 1809 1810 1667
f 1810 1668 1667
f 1811 1812 1813
f 1812 1814 1813
f 1813 1814 1815
f 1814 1816 1815
f 1815 1816 1817
f 1816 1818 1817
f 1817 1818 1819
f 1818 1820 1819
f 1819 1820 1821
f 1820 1822 1821
f 1821 1822 1823
f 1822 1824 1823
f 1823 1824 1825
f 1824 1826 1825
f 1825 1826 1827
f 1826 1828 1827
f 1827 1828 1829
f 1828 1830 1829
f 1829 1830 1831
f 1830 1832 1831
f 1831 1832 1833
f 1832 1834 1833
f 1833 1834 1835
f 1834 1836 1835
f 1835 1836 1837
f 1836 1838 1837
f 1837 1838 1839
f 1838 1840 1839
f 1839 1840 1841
f 1840 1842 1841
f 1841 1842 1843
f 1842 1844 1843
f 1843 1844 1845
f 1844 1846 1845
f 1845 1846 1847
f 1846 1848 1847
f 1847 1848 1849
f 1848 1850 1849
f 1849 1850 1851
f 1850 1852 1851
f 1851 1852 1853
f 1852 1854 1853
f 1853 1854 1855
f 1854 1856 1855
f 1855 1856 1857
f 1856 1858 1857
f 1857 1858 1859
f 1858 1860 1859
f 1859 1860 1861
f 1860 1862 1861
f 1861 1862 1863
f 1862 1864 1863
f 1863 1864 1865
f 1864 1866 1865
f 1865 1866 1867
f 1866 1868 1867
f 1867 1868 81
f 1868 82 81
f 1869 1870 1871
f 1870 1872 1871
f 1871 1872 1873
f 1872 1874 1873
f 1873 1874 1875
f 1874 1876 1875
f 1875 1876 1877
f 1876 1878 1877
f 1877 1878 1879
f 1878 1880 1879
f 1879 1880 1881
f 1880 1882 1881
f 1881 1882 1883
f 1882 1884 1883
f 1883 1884 1885
f 1884 1886 1885
f 1885 1886 1887
f 1886 1888 1887
f 1887 1888 1889
f 1888 1890 1889
f 1889 1890 1891
f 1890 1892 1891
f 1891 1892 1893
f 1892 1894 1893
f 1893 1894 1895
f 1894 1896 1895
f 1895 1896 1897
f 1896 1898 1897
f 1897 1898 1899
f 1898 1900 1899
f 1899 1900 1901
f 1900 1902 1901
f 1901 1902 1903
f 1902 1904 1903
f 1903 1904 1905
f 1904 1906 1905
f 1905 1906 1907
f 1906 1908 1907
f 1907 1908 1909
f 1908 1910 1909
f 1909 1910 1911
f 1910 1912 1911
f 1911 1912 1913
f 1912 1914 1913
f 1913 1914 1915
f 1914 1916 1915
f 1915 1916 1917
f 1916 1918 1917
f 1917 1918 1919
f 1918 1920 1919
f 1919 1920 1921
f 1920 1922 1921
f 1921 1922 1923
f 1922 1924 1923
f 1923 1924 1925
f 1924 1926 1925
f 1925 1926 1927
f 1926 1928 1927
f 1927 1928 1929
f 1928 1930 1929
f 1929 1930 1931
f 1930 1932 1931
f 1931 1932 1933
f 1932 1934 1933
f 1933 1934 1935
f 1934 1936 1935
f 1935 1936 1937
f 1936 1938 1937
f 1937 1938 1939
f 1938 1940 1939
f 1939 1940 1941
f 1940 1942 1941
f 1941 1942 1943
f 1942 1944 1943
f 1943 1944 1945
f 1944 1946 1945
f 1945 1946 1947
f 1946 1948 1947
f 1947 1948 1949
f 1948 1950 1949
f 1949 1950 1951
f 1950 1952 1951
f 1951 1952 1953
f 1952 1954 1953
f 1953 1954 1955
f 1954 1956 1955
f 1955 1956 1957
f 1956 1958 1957
f 1957 1958 1959
f 1958 1960 1959
f 1959 1960 1961
f 1960 1962 1961
f 1961 1962 1963
f 1962 1964 1963
f 1963 1964 1965
f 1964 1966 1965
f 1965 1966 1967
f 1966 1968 1967
f 1967 1968 1969
f 1968 1970 1969
f 1969 1970 1971
f 1970 1972 1971
f 1971 1972 1973
f 1972 1974 1973
f 1973 1974 1975
f 1974 1976 1975
f 1975 1976 1977
f 1976 1978 1977
f 1977 1978 1979
f 1978 1980 1979
f 1979 1980 1981
f 1980 1982 1981
f 1981 1982 1983
f 1982 1984 1983
f 1983 1984 1985
f 1984 1986 1985
f 1985 1986 1987
f 1986 1988 1987
f 1987 1988 1989
f 1988 1990 1989
f 1989 1990 1991
f 1990 1992 1991
f 1991 1992 1993
f 1992 1994 1993
f 1993 1994 1995
f 1994 1996 1995
f 1995 1996 1997
f 1996 1998 1997
f 1997 1998 1999
f 1998 2000 1999
f 1999 2000 2001
f 2000 2002 2001
f 2001 2002 2003
f 2002 2004 2003
f 2003 2004 2005
f 2004 2006 2005
f 2005 2006 2007
f 2006 2008 2007
f 2007 2008 2009
f 2008 2010 2009
f 2009 2010 2011
f 2010 2012 2011
f 2011 2012 1869
f 2012 1870 1869
f 2013 2014 2015
f 2014 2016 2015
f 2015 2016 2017
f 2016 2018 2017
f 2017 2018 2019
f 2018 2020 2019
f 2019 2020 2021
f 2020 2022 2021
f 2021 2022 2023
f 2022 2024 2023
f 2023 2024 2025
f 2024 2026 2025
f 2025 2026 2027
f 2026 2028 2027
f 2027 2028 2029
f 2028 2030 2029
f 2029 2030 2031
f 2030 2032 2031
f 2031 2032 2033
f 2032 2034 2033
f 2033 2034 2035
f 2034 2036 2035
f 2035 2036 2037
f 2036 2038 2037
f 2037 2038 2039
f 2038 2040 2039
f 2039 2040 2041
f 2040 2042 2041
f 2041 2042 2043
f 2042 2044 2043
f 2045 2046 2047
f 2046 2048 2047
f 2049 2050 2051
f 2050 2052 2051
f 2051 2052 2053
f 2052 2054 2053
f 2053 2054 2055
f 2054 2056 2055
f 2055 2056 2057
f 2056 2058 2057
f 2057 2058 2059
f 2058 2060 2059
f 2059 2060 2061
f 2060 2062 2061
f 2061 2062 2063
f 2062 2064 2063
f 2063 2064 2065
f 2064 2066 2065
f 2065 2066 2067
f 2066 2068 2067
f 2067 2068 2069
f 2068 2070 2069
f 2069 2070 2071
f 2070 2072 2071
f 2071 2072 2073
f 2072 2074 2073
f 2073 2074 2075
f 2074 2076 2075
f 2075 2076 2077
f 2076 2078 2077
f 2077 2078 2079
f 2078 2080 2079
f 2079 2080 2081
f 2080 2082 2081
f 2081 2082 2083
f 2082 2084 2083
f 2083 2084 2085
f 2084 2086 2085
f 2085 2086 2087
f 2086 2088 2087
f 2087 2088 2089
f 2088 2090 2089
f 2089 2090 2091
f 2090 2092 2091
f 2091 2092 2093
f 2092 2094 2093
f 2093 2094 2095
f 2094 2096 2095
f 2095 2096 2097
f 2096 2098 2097
f 2097 2098 2099
f 2098 2100 2099
f 2099 2100 2101
f 2100 2102 2101
f 2101 2102 2103
f 2102 2104 2103
f 2103 2104 2105
f 2104 2106 2105
f 2105 2106 2107
f 2106 2108 2107
f 2107 2108 2109
f 2108 2110 2109
f 2109 2110 2111
f 2110 2112 2111
f 2111 2112 2113
f 2112 2114 2113
f 2113 2114 2115
f 2114 2116 2115
f 2115 2116 2117
f 2116 2118 2117
f 2117 2118 2119
f 2118 2120 2119
f 2119 2120 2121
f 2120 2122 2121
f 2121 2122 2123
f 2122 2124 2123
f 2123 2124 2125
f 2124 2126 2125
f 2125 2126 2127
f 2126 2128 2127
f 2127 2128 2129
f 2128 2130 2129
f 2129 2130 2131
f 2130 2132 2131
f 2131 2132 2133
f 2132 2134 2133
f 2133 2134 2135
f 2134 2136 2135
f 2135 2136 2137
f 2136 2138 2137
f 2137 2138 2139
f 2138 2140 2139
f 2139 2140 2141
f 2140 2142 2141
f 2141 2142 2143
f 2142 2144 2143
f 2143 2144 2145
f 2144 2146 2145
f 2145 2146 2147
f 2146 2148 2147
f 2147 2148 2149
f 2148 2150 2149
f 2149 2150 2151
f 2150 2152 2151
f 2151 2152 2153
f 2152 2154 2153
f 2153 2154 2155
f 2154 2156 2155
f 2155 2156 2157
f 2156 2158 2157
f 2157 2158 2159
f 2158 2160 2159
f 2159 2160 2161
f 2160 2162 2161
f 2161 2162 2163
f 2162 2164 2163
f 2163 2164 2165
f 2164 2166 2165
f 2165 2166 2167
f 2166 2168 2167
f 2167 2168 2169
f 2168 2170 2169
f 2169 2170 2171
f 2170 2172 2171
f 2171 2172 2173
f 2172 2174 2173
f 2173 2174 2175
f 2174 2176 2175
f 2175 2176 2177
f 2176 2178 2177
f 2177 2178 2179
f 2178 2180 2179
f 2179 2180 2181
f 2180 2182 2181
f 2181 2182 2183
f 2182 2184 2183
f 2183 2184 2185
f 2184 2186 2185
f 2185 2186 2187
f 2186 2188 2187
f 2187 2188 2189
f 2188 2190 2189
f 2189 2190 2191
f 2190 2192 2191
f 2191 2192 2049
f 2192 2050 2049
f 2193 2194 2195
f 2194 2196 2195
f 2195 2196 2197
f 2196 2198 2197
f 2197 2198 2199
f 2198 2200 2199
f 2199 2200 2201
f 2200 2202 2201
f 2201 2202 1811
f 2202 1812 1811
f 2203 2204 2205
f 2204 2206 2205
f 2205 2206 2207
f 2206 2208 2207
f 2207 2208 2209
f 2208 2210 2209
f 2209 2210 2211
f 2210 2212 2211
f 2211 2212 2213
f 2212 2214 2213
f 2213 2214 2215
f 2214 2216 2215
f 2215 2216 2217
f 2216 2218 2217
f 2217 2218 2219
f 2218 2220 2219
f 2219 2220 2221
f 2220 2222 2221
f 2221 2222 2223
f 2222 2224 2223
f 2223 2224 2225
f 2224 2226 2225
f 2225 2226 2227
f 2226 2228 2227
f 2227 2228 2229
f 2228 2230 2229
f 2229 2230 2231
f 2230 2232 2231
f 2231 2232 2233
f 2232 2234 2233
f 2233 2234 2235
f 2234 2236 2235
f 2235 2236 2237
f 2236 2238 2237
f 2237 2238 2239
f 2238 2240 2239
f 2239 2240 2241
f 2240 2242 2241
f 2241 2242 2243
f 2242 2244 2243
f 2243 2244 2245
f 2244 2246 2245
f 2245 2246 2247
f 2246 2248 2247
f 2247 2248 2249
f 2248 2250 2249
f 2249 2250 2251
f 2250 2252 2251
f 2251 2252 2253
f 2252 2254 2253
f 2253 2254 2255
f 2254 2256 2255
f 2255 2256 2257
f 2256 2258 2257
f 2257 2258 2259
f 2258 2260 2259
f 2259 2260 2261
f 2260 2262 2261
f 2261 2262 2263
f 2262 2264 2263
f 2263 2264 2265
f 2264 2266 2265
f 2265 2266 2267
f 2266 2268 2267
f 2267 2268 2269
f 2268 2270 2269
f 2269 2270 2271
f 2270 2272 2271
f 2271 2272 2273
f 2272 2274 2273
f 2273 2274 2275
f 2274 2276 2275
f 2275 2276 2277
f 2276 2278 2277
f 2277 2278 2279
f 2278 2280 2279
f 2279 2280 2281
f 2280 2282 2281
f 2281 2282 2283
f 2282 2284 2283
f 2283 2284 2285
f 2284 2286 2285
f 2285 2286 2287
f 2286 2288 2287
f 2287 2288 2289
f 2288 2290 2289
f 2289 2290 2291
f 2290 2292 2291
f 2291 2292 2293
f 2292 2294 2293
f 2293 2294 2295
f 2294 2296 2295
f 2295 2296 2297
f 2296 2298 2297
f 2297 2298 2299
f 2298 2300 2299
f 2299 2300 2301
f 2300 2302 2301
f 2301 2302 2303
f 2302 2304 2303
f 2303 2304 2305
f 2304 2306 2305
f 2305 2306 2307
f 2306 2308 2307
f 2307 2308 2309
f 2308 2310 2309
f 2309 2310 2311
f 2310 2312 2311
f 2311 2312 2313
f 2312 2314 2313
f 2313 2314 2315
f 2314 2316 2315
f 2315 2316 2317
f 2316 2318 2317
f 2317 2318 2319
f 2318 2320 2319
f 2319 2320 2321
f 2320 2322 2321
f 2321 2322 2323
f 2322 2324 2323
f 2323 2324 2325
f 2324 2326 2325
f 2325 2326 2327
f 2326 2328 2327
f 2327 2328 2329
f 2328 2330 2329
f 2329 2330 2331
f 2330 2332 2331
f 2331 2332 2333
f 2332 2334 2333
f 2333 2334 2335
f 2334 2336 2335
f 2335 2336 2337
f 2336 2338 2337
f 2337 2338 2339
f 2338 2340 2339
f 2339 2340 2341
f 2340 2342 2341
f 2341 2342 2343
f 2342 2344 2343
f 2343 2344 2345
f 2344 2346 2345
f 2345 2346 2203
f 2346 2204 2203
f 2347 2348 2349
f 2348 2350 2349
f 2349 2350 2351
f 2350 2352 2351
f 2351 2352 2353
f 2352 2354 2353
f 2353 2354 2355
f 2354 2356 2355
f 2355 2356 2357
f 2356 2358 2357
f 2357 2358 2359
f 2358 2360 2359
f 2359 2360 2361
f 2360 2362 2361
f 2361 2362 2363
f 2362 2364 2363
f 2363 2364 2365
f 2364 2366 2365
f 2365 2366 2367
f 2366 2368 2367
f 2367 2368 2369
f 2368 2370 2369
f 2369 2370 2371
f 2370 2372 2371
f 2371 2372 2373
f 2372 2374 2373
f 2373 2374 2375
f 2374 2376 2375
f 2375 2376 2377
f 2376 2378 2377
f 2377 2378 2379
f 2378 2380 2379
f 2379 2380 2381
f 2380 2382 2381
f 2381 2382 2383
f 2382 2384 2383
f 2383 2384 2385
f 2384 2386 2385
f 2385 2386 2387
f 2386 2388 2387
f 2387 2388 2389
f 2388 2390 2389
f 2389 2390 2391
f 2390 2392 2391
f 2391 2392 2393
f 2392 2394 2393
f 2393 2394 2395
f 2394 2396 2395
f 2395 2396 2397
f 2396 2398 2397
f 2397 2398 2399
f 2398 2400 2399
f 2399 2400 2401
f 2400 2402 2401
f 2401 2402 2403
f 2402 2404 2403
f 2403 2404 2405
f 2404 2406 2405
f 2405 2406 2407
f 2406 2408 2407
f 2407 2408 2409
f 2408 2410 2409
f 2409 2410 2411
f 2410 2412 2411
f 2411 2412 2413
f 2412 2414 2413
f 2413 2414 2415
f 2414 2416 2415
f 2415 2416 2417
f 2416 2418 2417
f 2417 2418 2419
f 2418 2420 2419
f 2419 2420 2421
f 2420 2422 2421
f 2421 2422 2423
f 2422 2424 2423
f 2423 2424 2425
f 2424 2426 2425
f 2425 2426 2427
f 2426 2428 2427
f 2427 2428 2429
f 2428 2430 2429
f 2429 2430 2431
f 2430 2432 2431
f 2431 2432 2433
f 2432 2434 2433
f 2433 2434 2435
f 2434 2436 2435
f 2435 2436 2437
f 2436 2438 2437
f 2437 2438 2439
f 2438 2440 2439
f 2439 2440 2441
f 2440 2442 2441
f 2441 2442 2443
f 2442 2444 2443
f 2443 2444 2445
f 2444 2446 2445
f 2445 2446 2447
f 2446 2448 2447
f 2447 2448 2449
f 2448 2450 2449
f 2449 2450 2451
f 2450 2452 2451
f 2451 2452 2453
f 2452 2454 2453
f 2453 2454 2455
f 2454 2456 2455
f 2455 2456 2457
f 2456 2458 2457
f 2457 2458 2459
f 2458 2460 2459
f 2459 2460 2461
f 2460 2462 2461
f 2461 2462 2463
f 2462 2464 2463
f 2463 2464 2465
f 2464 2466 2465
f 2465 2466 2467
f 2466 2468 2467
f 2467 2468 2469
f 2468 2470 2469
f 2469 2470 2471
f 2470 2472 2471
f 2471 2472 2473
f 2472 2474 2473
f 2473 2474 2475
f 2474 2476 2475
f 2475 2476 2477
f 2476 2478 2477
f 2477 2478 2479
f 2478 2480 2479
f 2479 2480 2481
f 2480 2482 2481
f 2481 2482 2483
f 2482 2484 2483
f 2483 2484 2485
f 2484 2486 2485
f 2485 2486 2487
f 2486 2488 2487
f 2487 2488 2489
f 2488 2490 2489
f 2489 2490 2347
f 2490 2348 2347
f 2491 2492 2493
f 2492 2494 2493
f 2493 2494 2495
f 2494 2496 2495
f 2495 2496 2497
f 2496 2498 2497
f 2497 2498 2499
f 2498 2500 2499
f 2499 2500 2501
f 2500 2502 2501
f 2501 2502 2503
f 2502 2504 2503
f 2503 2504 2505
f 2504 2506 2505
f 2505 2506 2507
f 2506 2508 2507
f 2507 2508 2509
f 2508 2510 2509
f 2509 2510 2511
f 2510 2512 2511
f 2511 2512 2513
f 2512 2514 2513
f 2513 2514 2515
f 2514 2516 2515
f 2515 2516 2517
f 2516 2518 2517
f 2517 2518 2519
f 2518 2520 2519
f 2519 2520 2521
f 2520 2522 2521
f 2521 2522 2523
f 2522 2524 2523
f 2523 2524 2525
f 2524 2526 2525
f 2525 2526 2527
f 2526 2528 2527
f 2527 2528 2529
f 2528 2530 2529
f 2529 2530 2531
f 2530 2532 2531
f 2531 2532 2533
f 2532 2534 2533
f 2533 2534 2535
f 2534 2536 2535
f 2535 2536 2537
f 2536 2538 2537
f 2537 2538 2539
f 2538 2540 2539
f 2539 2540 2541
f 2540 2542 2541
f 2541 2542 2543
f 2542 2544 2543
f 2543 2544 2545
f 2544 2546 2545
f 2545 2546 2547
f 2546 2548 2547
f 2547 2548 2549
f 2548 2550 2549
f 2549 2550 2551
f 2550 2552 2551
f 2551 2552 2553
f 2552 2554 2553
f 2553 2554 2555
f 2554 2556 2555
f 2555 2556 2557
f 2556 2558 2557
f 24 23 2559
f 23 2560 2559
f 2559 2560 2561
f 2560 2562 2561
f 2561 2562 2563
f 2562 2564 2563
f 2563 2564 2565
f 2564 2566 2565
f 2565 2566 2567
f 2566 2568 2567
f 2567 2568 2569
f 2568 2570 2569
f 2569 2570 2571
f 2570 2572 2571
f 2571 2572 2573
f 2572 2574 2573
f 2573 2574 2575
f 2574 2576 2575
f 2575 2576 2577
f 2576 2578 2577
f 2577 2578 2579
f 2578 2580 2579
f 2579 2580 2581
f 2580 2582 2581
f 2581 2582 2583
f 2582 2584 2583
f 2583 2584 2585
f 2584 2586 2585
f 2585 2586 2587
f 2586 2588 2587
f 2587 2588 2589
f 2588 2590 2589
f 2589 2590 2591
f 2590 2592 2591
f 2591 2592 2593
f 2592 2594 2593
f 2593 2594 2595
f 2594 2596 2595
f 2595 2596 2597
f 2596 2598 2597
f 2597 2598 2599
f 2598 2600 2599
f 2599 2600 2601
f 2600 2602 2601
f 2601 2602 2603
f 2602 2604 2603
f 2603 2604 2605
f 2604 2606 2605
f 2605 2606 2607
f 2606 2608 2607
f 2607 2608 2609
f 2608 2610 2609
f 2609 2610 2611
f 2610 2612 2611
f 2611 2612 2193
f 2612 2194 2193
f 2613 2614 2615
f 2614 2616 2615
f 2615 2616 2617
f 2616 2618 2617
f 2617 2618 2619
f 2618 2620 2619
f 2619 2620 2621
f 2620 2622 2621
f 2621 2622 2623
f 2622 2624 2623
f 2623 2624 2625
f 2624 2626 2625
f 2625 2626 2627
f 2626 2628 2627
f 2627 2628 2629
f 2628 2630 2629
f 2629 2630 2631
f 2630 2632 2631
f 2631 2632 2633
f 2632 2634 2633
f 2633 2634 2635
f 2634 2636 2635
f 2635 2636 2637
f 2636 2638 2637
f 2637 2638 2639
f 2638 2640 2639
f 2639 2640 2641
f 2640 2642 2641
f 2641 2642 2643
f 2642 2644 2643
f 2643 2644 2645
f 2644 2646 2645
f 2645 2646 2647
f 2646 2648 2647
f 2647 2648 2649
f 2648 2650 2649
f 2649 2650 2651
f 2650 2652 2651
f 2651 2652 2653
f 2652 2654 2653
f 2653 2654 2655
f 2654 2656 2655
f 2655 2656 2657
f 2656 2658 2657
f 2657 2658 2659
f 2658 2660 2659
f 2659 2660 2661
f 2660 2662 2661
f 2661 2662 2663
f 2662 2664 2663
f 2663 2664 2665
f 2664 2666 2665
f 2665 2666 2667
f 2666 2668 2667
f 2667 2668 2669
f 2668 2670 2669
f 2669 2670 2671
f 2670 2672 2671
f 2671 2672 2673
f 2672 2674 2673
f 2673 2674 2675
f 2674 2676 2675
f 2675 2676 2677
f 2676 2678 2677
f 2677 2678 2679
f 2678 2680 2679
f 2679 2680 2681
f 2680 2682 2681
f 2681 2682 2683
f 2682 2684 2683
f 2683 2684 2685
f 2684 2686 2685
f 2685 2686 2687
f 2686 2688 2687
f 2687 2688 2689
f 2688 2690 2689
f 2689 2690 2691
f 2690 2692 2691
f 2691 2692 2693
f 2692 2694 2693
f 2693 2694 2695
f 2694 2696 2695
f 2695 2696 2697
f 2696 2698 2697
f 2697 2698 2699
f 2698 2700 2699
f 2699 2700 2701
f 2700 2702 2701
f 2701 2702 2703
f 2702 2704 2703
f 2703 2704 2705
f 2704 2706 2705
f 2705 2706 2707
f 2706 2708 2707
f 2707 2708 2709
f 2708 2710 2709
f 2709 2710 2711
f 2710 2712 2711
f 2711 2712 2713
f 2712 2714 2713
f 2713 2714 2715
f 2714 2716 2715
f 2715 2716 2717
f 2716 2718 2717
f 2717 2718 2719
f 2718 2720 2719
f 2719 2720 2721
f 2720 2722 2721
f 2721 2722 2723
f 2722 2724 2723
f 2723 2724 2725
f 2724 2726 2725
f 2725 2726 2727
f 2726 2728 2727
f 2727 2728 2729
f 2728 2730 2729
f 2729 2730 2731
f 2730 2732 2731
f 2731 2732 2733
f 2732 2734 2733
f 2733 2734 2735
f 2734 2736 2735
f 2735 2736 2737
f 2736 2738 2737
f 2737 2738 2739
f 2738 2740 2739
f 2739 2740 2741
f 2740 2742 2741
f 2741 2742 2743
f 2742 2744 2743
f 2743 2744 2745
f 2744 2746 2745
f 2745 2746 2747
f 2746 2748 2747
f 2747 2748 2749
f 2748 2750 2749
f 2749 2750 2751
f 2750 2752 2751
f 2751 2752 2753
f 2752 2754 2753
f 2753 2754 2755
f 2754 2756 2755
f 2755 2756 2613
f 2756 2614 2613
f 2757 2758 2759
f 2758 2760 2759
f 2759 2760 2761
f 2760 2762 2761
f 2761 2762 2763
f 2762 2764 2763
f 2763 2764 2765
f 2764 2766 2765
f 2765 2766 2767
f 2766 2768 2767
f 2767 2768 2769
f 2768 2770 2769
f 2769 2770 2771
f 2770 2772 2771
f 2771 2772 2773
f 2772 2774 2773
f 2773 2774 2775
f 2774 2776 2775
f 2775 2776 2777
f 2776 2778 2777
f 2777 2778 2779
f 2778 2780 2779
f 2779 2780 2781
f 2780 2782 2781
f 2781 2782 2783
f 2782 2784 2783
f 2783 2784 2785
f 2784 2786 2785
f 2785 2786 2787
f 2786 2788 2787
f 2787 2788 2789
f 2788 2790 2789
f 2789 2790 2791
f 2790 2792 2791
f 2791 2792 2793
f 2792 2794 2793
f 2793 2794 2795
f 2794 2796 2795
f 2795 2796 2797
f 2796 2798 2797
f 2797 2798 2799
f 2798 2800 2799
f 2799 2800 2801
f 2800 2802 2801
f 2801 2802 2803
f 2802 2804 2803
f 2803 2804 2805
f 2804 2806 2805
f 2805 2806 2807
f 2806 2808 2807
f 2807 2808 2809
f 2808 2810 2809
f 2809 2810 2811
f 2810 2812 2811
f 2811 2812 2813
f 2812 2814 2813
f 2813 2814 2815
f 2814 2816 2815
f 2815 2816 2817
f 2816 2818 2817
f 2817 2818 2819
f 2818 2820 2819
f 2819 2820 2821
f 2820 2822 2821
f 2821 2822 2823
f 2822 2824 2823
f 2823 2824 2825
f 2824 2826 2825
f 2825 2826 2827
f 2826 2828 2827
f 2827 2828 2829
f 2828 2830 2829
f 2829 2830 2831
f 2830 2832 2831
f 2831 2832 2833
f 2832 2834 2833
f 2833 2834 2835
f 2834 2836 2835
f 2835 2836 2837
f 2836 2838 2837
f 2837 2838 2839
f 2838 2840 2839
f 2839 2840 2841
f 2840 2842 2841
f 2841 2842 2843
f 2842 2844 2843
f 2843 2844 2845
f 2844 2846 2845
f 2845 2846 2847
f 2846 2848 2847
f 2847 2848 2849
f 2848 2850 2849
f 2849 2850 2851
f 2850 2852 2851
f 2851 2852 2853
f 2852 2854 2853
f 2853 2854 2855
f 2854 2856 2855
f 2855 2856 2857
f 2856 2858 2857
f 2857 2858 2859
f 2858 2860 2859
f 2859 2860 2861
f 2860 2862 2861
f 2861 2862 2863
f 2862 2864 2863
f 2863 2864 2865
f 2864 2866 2865
f 2865 2866 2867
f 2866 2868 2867
f 2867 2868 2869
f 2868 2870 2869
f 2869 2870 2871
f 2870 2872 2871
f 2871 2872 2873
f 2872 2874 2873
f 2873 2874 2875
f 2874 2876 2875
f 2875 2876 2877
f 2876 2878 2877
f 2877 2878 2879
f 2878 2880 2879
f 2879 2880 2881
f 2880 2882 2881
f 2881 2882 2883
f 2882 2884 2883
f 2883 2884 2885
f 2884 2886 2885
f 2885 2886 2887
f 2886 2888 2887
f 2887 2888 2889
f 2888 2890 2889
f 2889 2890 2891
f 2890 2892 2891
f 2891 2892 2893
f 2892 2894 2893
f 2893 2894 2895
f 2894 2896 2895
f 2895 2896 2897
f 2896 2898 2897
f 2897 2898 2899
f 2898 2900 2899
f 2899 2900 2757
f 2900 2758 2757
f 2901 2902 2903
f 2902 2904 2903
f 2903 2904 2905
f 2904 2906 2905
f 2905 2906 2907
f 2906 2908 2907
f 2907 2908 2909
f 2908 2910 2909
f 2909 2910 2491
f 2910 2492 2491
f 437 438 2911
f 438 2912 2911
f 2911 2912 2913
f 2912 2914 2913
f 2913 2914 2915
f 2914 2916 2915
f 2915 2916 2917
f 2916 2918 2917
f 2917 2918 2919
f 2918 2920 2919
f 2919 2920 2921
f 2920 2922 2921
f 2921 2922 447
f 2922 448 447
f 2923 2924 2925
f 2924 2926 2925
f 2925 2926 2927
f 2926 2928 2927
f 2927 2928 2929
f 2928 2930 2929
f 2929 2930 2044
f 2930 2043 2044
f 2931 2932 2933
f 2932 2934 2933
f 2933 2934 2935
f 2934 2936 2935
f 2935 2936 2937
f 2936 2938 2937
f 2937 2938 2939
f 2938 2940 2939
f 2939 2940 2941
f 2940 2942 2941
f 2941 2942 2943
f 2942 2944 2943
f 2943 2944 2945
f 2944 2946 2945
f 2945 2946 2947
f 2946 2948 2947
f 2947 2948 2949
f 2948 2950 2949
f 2949 2950 2951
f 2950 2952 2951
f 2951 2952 2953
f 2952 2954 2953
f 2953 2954 2955
f 2954 2956 2955
f 2955 2956 2957
f 2956 2958 2957
f 2957 2958 2959
f 2958 2960 2959
f 2959 2960 2961
f 2960 2962 2961
f 2961 2962 2963
f 2962 2964 2963
f 2963 2964 2965
f 2964 2966 2965
f 2965 2966 2967
f 2966 2968 2967
f 2967 2968 2969
f 2968 2970 2969
f 2969 2970 2971
f 2970 2972 2971
f 2971 2972 2973
f 2972 2974 2973
f 2973 2974 2975
f 2974 2976 2975
f 2975 2976 2977
f 2976 2978 2977
f 2977 2978 2979
f 2978 2980 2979
f 2979 2980 2981
f 2980 2982 2981
f 2981 2982 2983
f 2982 2984 2983
f 2983 2984 2985
f 2984 2986 2985
f 2985 2986 2987
f 2986 2988 2987
f 2989 2990 2991
f 2990 2992 2991
f 2991 2992 2993
f 2992 2994 2993
f 2993 2994 2995
f 2994 2996 2995
f 2995 2996 2997
f 2996 2998 2997
f 2997 2998 2999
f 2998 3000 2999
f 2999 3000 3001
f 3000 3002 3001
f 3001 3002 3003
f 3002 3004 3003
f 3003 3004 3005
f 3004 3006 3005
f 3005 3006 3007
f 3006 3008 3007
f 3007 3008 3009
f 3008 3010 3009
f 3009 3010 3011
f 3010 3012 3011
f 3011 3012 3013
f 3012 3014 3013
f 3013 3014 3015
f 3014 3016 3015
f 3015 3016 3017
f 3016 3018 3017
f 3017 3018 3019
f 3018 3020 3019
f 3019 3020 3021
f 3020 3022 3021
f 3021 3022 3023
f 3022 3024 3023
f 3023 3024 3025
f 3024 3026 3025
f 3025 3026 3027
f 3026 3028 3027
f 3027 3028 3029
f 3028 3030 3029
f 3029 3030 3031
f 3030 3032 3031
f 3031 3032 3033
f 3032 3034 3033
f 3033 3034 3035
f 3034 3036 3035
f 3035 3036 3037
f 3036 3038 3037
f 3037 3038 3039
f 3038 3040 3039
f 3039 3040 3041
f 3040 3042 3041
f 3041 3042 3043
f 3042 3044 3043
f 3043 3044 3045
f 3044 3046 3045
f 3045 3046 3047
f 3046 3048 3047
f 3047 3048 3049
f 3048 3050 3049
f 3049 3050 3051
f 3050 3052 3051
f 3051 3052 3053
f 3052 3054 3053
f 3053 3054 3055
f 3054 3056 3055
f 3055 3056 3057
f 3056 3058 3057
f 3057 3058 3059
f 3058 3060 3059
f 3059 3060 3061
f 3060 3062 3061
f 3061 3062 3063
f 3062 3064 3063
f 3063 3064 3065
f 3064 3066 3065
f 3065 3066 3067
f 3066 3068 3067
f 3067 3068 3069
f 3068 3070 3069
f 3069 3070 3071
f 3070 3072 3071
f 3071 3072 3073
f 3072 3074 3073
f 3073 3074 3075
f 3074 3076 3075
f 3075 3076 3077
f 3076 3078 3077
f 3077 3078 3079
f 3078 3080 3079
f 3079 3080 3081
f 3080 3082 3081
f 3081 3082 3083
f 3082 3084 3083
f 3083 3084 3085
f 3084 3086 3085
f 3085 3086 3087
f 3086 3088 3087
f 3087 3088 3089
f 3088 3090 3089
f 3089 3090 3091
f 3090 3092 3091
f 3091 3092 3093
f 3092 3094 3093
f 3093 3094 3095
f 3094 3096 3095
f 3095 3096 3097
f 3096 3098 3097
f 3097 3098 3099
f 3098 3100 3099
f 3099 3100 3101
f 3100 3102 3101
f 3101 3102 3103
f 3102 3104 3103
f 3103 3104 3105
f 3104 3106 3105
f 3105 3106 3107
f 3106 3108 3107
f 3107 3108 3109
f 3108 3110 3109
f 3109 3110 3111
f 3110 3112 3111
f 3111 3112 3113
f 3112 3114 3113
f 3113 3114 3115
f 3114 3116 3115
f 3115 3116 3117
f 3116 3118 3117
f 3117 3118 3119
f 3118 3120 3119
f 3119 3120 3121
f 3120 3122 3121
f 3121 3122 3123
f 3122 3124 3123
f 3123 3124 3125
f 3124 3126 3125
f 3125 3126 3127
f 3126 3128 3127
f 3127 3128 3129
f 3128 3130 3129
f 3129 3130 3131
f 3130 3132 3131
f 3131 3132 2989
f 3132 2990 2989
f 3133 3134 3135
f 3133 3135 1023
f 3135 3136 1023
f 1023 3136 1024
f 3137 2014 3138
f 2014 2013 3138
f 645 646 3139
f 646 3140 3139
f 3139 3140 3141
f 3140 3142 3141
f 3141 3142 3143
f 3142 3144 3143
f 3143 3144 531
f 3144 532 531
f 3145 3146 3147
f 3145 3147 3148
f 3147 3149 3148
f 3148 3149 3150
f 3149 3151 3150
f 3150 3151 3152
f 3151 3153 3152
f 3152 3153 3154
f 3153 3155 3154
f 3154 3155 3156
f 3155 3157 3156
f 3156 3157 3158
f 3158 3157 3159
f 3157 3160 3159
f 3159 3160 3161
f 3160 3162 3161
f 3162 3163 3161
f 3161 3163 3164
f 3163 3165 3164
f 3164 3165 3166
f 3165 3167 3166
f 3166 3167 3168
f 3167 3169 3168
f 3168 3169 3170
f 3169 3171 3170
f 3170 3171 3172
f 3171 3173 3172
f 3172 3173 3174
f 3173 3175 3174
f 3174 3175 3176
f 3175 3177 3176
f 3176 3177 3178
f 3177 3179 3178
f 3178 3179 3180
f 3179 3181 3180
f 3180 3181 3182
f 3181 3183 3182
f 3182 3183 3184
f 3183 3185 3184
f 3184 3185 3186
f 3185 3187 3186
f 3186 3187 3188
f 3187 3189 3188
f 3188 3189 3190
f 3189 3191 3190
f 3190 3191 3192
f 3191 3193 3192
f 3192 3193 3194
f 3193 3195 3194
f 3194 3195 3196
f 3195 3197 3196
f 3196 3197 3198
f 3197 3199 3198
f 3198 3199 3200
f 3199 3201 3200
f 3200 3201 3202
f 3201 3203 3202
f 3202 3203 3204
f 3203 2924 3204
f 3204 2924 2923
f 3205 3206 3207
f 3206 3208 3207
f 3207 3208 3209
f 3208 3210 3209
f 3209 3210 3211
f 3210 3212 3211
f 3211 3212 3213
f 3212 3214 3213
f 3213 3214 3215
f 3214 3216 3215
f 3215 3216 3217
f 3216 3218 3217
f 3217 3218 3219
f 3218 3220 3219
f 3219 3220 3221
f 3220 3222 3221
f 3221 3222 3223
f 3222 3224 3223
f 3223 3224 3225
f 3224 3226 3225
f 3225 3226 3227
f 3226 3228 3227
f 3227 3228 3229
f 3228 3230 3229
f 3229 3230 3231
f 3230 3232 3231
f 3231 3232 3233
f 3232 3234 3233
f 3233 3234 3235
f 3234 3236 3235
f 3235 3236 3237
f 3236 3238 3237
f 3237 3238 3239
f 3238 3240 3239
f 3239 3240 3241
f 3240 3242 3241
f 3241 3242 3243
f 3242 3244 3243
f 3243 3244 3245
f 3244 3246 3245
f 3245 3246 3247
f 3246 3248 3247
f 3247 3248 3249
f 3248 3250 3249
f 3249 3250 3251
f 3250 3252 3251
f 3251 3252 3253
f 3252 3254 3253
f 3253 3254 3255
f 3254 3256 3255
f 3255 3256 3257
f 3256 3258 3257
f 3257 3258 3259
f 3258 3260 3259
f 3259 3260 3261
f 3260 3262 3261
f 3263 3264 3265
f 3264 3266 3265
f 3265 3266 3267
f 3266 3268 3267
f 3267 3268 3269
f 3268 3270 3269
f 3269 3270 3271
f 3270 3272 3271
f 3271 3272 3273
f 3272 3274 3273
f 3273 3274 3275
f 3274 3276 3275
f 3275 3276 3277
f 3276 3278 3277
f 3277 3278 3279
f 3278 3280 3279
f 3279 3280 3281
f 3280 3282 3281
f 3281 3282 3283
f 3282 3284 3283
f 3283 3284 3285
f 3284 3286 3285
f 3285 3286 3287
f 3286 3288 3287
f 3287 3288 3289
f 3288 3290 3289
f 3289 3290 3291
f 3290 3292 3291
f 3291 3292 3293
f 3292 3294 3293
f 3293 3294 3295
f 3294 3296 3295
f 3295 3296 3297
f 3296 3298 3297
f 3297 3298 3299
f 3298 3300 3299
f 3299 3300 3301
f 3300 3302 3301
f 3301 3302 3303
f 3302 3304 3303
f 3303 3304 3305
f 3304 3306 3305
f 3305 3306 3307
f 3306 3308 3307
f 3307 3308 3309
f 3308 3310 3309
f 3309 3310 3311
f 3310 3312 3311
f 3311 3312 3313
f 3312 3314 3313
f 3313 3314 3315
f 3314 3316 3315
f 3315 3316 3317
f 3316 3318 3317
f 3317 3318 3319
f 3318 3320 3319
f 3319 3320 3321
f 3320 3322 3321
f 3321 3322 3323
f 3322 3324 3323
f 3323 3324 3325
f 3324 3326 3325
f 3325 3326 3327
f 3326 3328 3327
f 3327 3328 3329
f 3328 3330 3329
f 3329 3330 3331
f 3330 3332 3331
f 3331 3332 3333
f 3332 3334 3333
f 3333 3334 3335
f 3334 3336 3335
f 3335 3336 3337
f 3336 3338 3337
f 3337 3338 3339
f 3338 3340 3339
f 3339 3340 3341
f 3340 3342 3341
f 3341 3342 3343
f 3342 3344 3343
f 3343 3344 3345
f 3344 3346 3345
f 3345 3346 3347
f 3346 3348 3347
f 3347 3348 3349
f 3348 3350 3349
f 3349 3350 3351
f 3350 3352 3351
f 3351 3352 3353
f 3352 3354 3353
f 3353 3354 3355
f 3354 3356 3355
f 3355 3356 3357
f 3356 3358 3357
f 3357 3358 3359
f 3358 3360 3359
f 3359 3360 3361
f 3360 3362 3361
f 3361 3362 3363
f 3362 3364 3363
f 3363 3364 3365
f 3364 3366 3365
f 3365 3366 3367
f 3366 3368 3367
f 3367 3368 3369
f 3368 3370 3369
f 3369 3370 3371
f 3370 3372 3371
f 3371 3372 3373
f 3372 3374 3373
f 3373 3374 3375
f 3374 3376 3375
f 3375 3376 3377
f 3376 3378 3377
f 3377 3378 3379
f 3378 3380 3379
f 3379 3380 3381
f 3380 3382 3381
f 3381 3382 3383
f 3382 3384 3383
f 3383 3384 3385
f 3384 3386 3385
f 3385 3386 3387
f 3386 3388 3387
f 3387 3388 3389
f 3388 3390 3389
f 3389 3390 3391
f 3390 3392 3391
f 3391 3392 3393
f 3392 3394 3393
f 3393 3394 3395
f 3394 3396 3395
f 3395 3396 3397
f 3396 3398 3397
f 3397 3398 3399
f 3398 3400 3399
f 3399 3400 3401
f 3400 3402 3401
f 3401 3402 3403
f 3402 3404 3403
f 3403 3404 3405
f 3404 3406 3405
f 3405 3406 3263
f 3406 3264 3263
f 3407 3408 3409
f 3408 3410 3409
f 3409 3410 3411
f 3410 3412 3411
f 3411 3412 3413
f 3412 3414 3413
f 3413 3414 3415
f 3414 3416 3415
f 3415 3416 3417
f 3416 3418 3417
f 3417 3418 3419
f 3418 3420 3419
f 3419 3420 3421
f 3420 3422 3421
f 3423 3424 3425
f 3424 3426 3425
f 3425 3426 3427
f 3426 3428 3427
f 3427 3428 3429
f 3428 3430 3429
f 3429 3430 3145
f 3430 3146 3145
f 89 3431 90
f 3431 3432 90
f 3134 3133 3433
f 3134 3433 3434
f 3433 3435 3434
f 3434 3435 3436
f 3435 3437 3436
f 3436 3437 3438
f 3437 3439 3438
f 3438 3439 3440
f 3439 3441 3440
f 3440 3441 3442
f 3441 3443 3442
f 3442 3443 3444
f 3443 3445 3444
f 3444 3445 3446
f 3445 3447 3446
f 3446 3447 3448
f 3447 3449 3448
f 3448 3449 3450
f 3449 3451 3450
f 3450 3451 3452
f 3451 3453 3452
f 3452 3453 3454
f 3453 3455 3454
f 3454 3455 3456
f 3455 3457 3456
f 3456 3457 3458
f 3457 3459 3458
f 3458 3459 3460
f 3459 3461 3460
f 3460 3461 3462
f 3461 3463 3462
f 3462 3463 3464
f 3463 3465 3464
f 3464 3465 3466
f 3465 3467 3466
f 3466 3467 3468
f 3467 3469 3468
f 3468 3469 3470
f 3469 3471 3470
f 3470 3471 3472
f 3471 3473 3472
f 3472 3473 3474
f 3473 3475 3474
f 3474 3475 3476
f 3475 3477 3476
f 3476 3477 3478
f 3477 3479 3478
f 3478 3479 3480
f 3479 3481 3480
f 3480 3481 3482
f 3481 3483 3482
f 3482 3483 3484
f 3483 3485 3484
f 3484 3485 3486
f 3485 3487 3486
f 3486 3487 3488
f 3487 1370 3488
f 3488 1370 1368
f 2045 2047 3489
f 2047 3490 3489
f 3489 3490 3491
f 3490 3492 3491
f 3491 3492 3493
f 3492 3494 3493
f 3493 3494 3495
f 3494 3496 3495
f 3495 3496 3497
f 3496 3498 3497
f 3497 3498 3499
f 3498 3500 3499
f 3499 3500 3501
f 3500 3502 3501
f 3503 3504 3505
f 3504 3506 3505
f 3505 3506 3507
f 3506 3508 3507
f 3507 3508 3509
f 3508 3510 3509
f 3509 3510 3511
f 3510 3512 3511
f 3511 3512 3513
f 3512 3514 3513
f 3513 3514 3515
f 3514 3516 3515
f 3515 3516 3517
f 3516 3518 3517
f 3517 3518 3519
f 3518 3520 3519
f 3519 3520 3521
f 3520 3522 3521
f 3521 3522 3523
f 3522 3524 3523
f 3523 3524 3525
f 3524 3526 3525
f 3525 3526 3527
f 3526 3528 3527
f 3527 3528 3529
f 3528 3530 3529
f 3529 3530 3531
f 3530 3532 3531
f 3531 3532 3533
f 3532 3534 3533
f 3533 3534 3535
f 3534 3536 3535
f 3535 3536 3537
f 3536 3538 3537
f 3537 3538 3539
f 3538 3540 3539
f 3539 3540 3541
f 3540 3542 3541
f 3541 3542 3543
f 3542 3544 3543
f 3543 3544 3545
f 3544 3546 3545
f 3545 3546 3547
f 3546 3548 3547
f 3547 3548 3549
f 3548 3550 3549
f 3549 3550 3551
f 3550 3552 3551
f 3551 3552 3553
f 3552 3554 3553
f 3553 3554 3555
f 3554 3556 3555
f 3555 3556 3557
f 3556 3558 3557
f 3557 3558 3559
f 3558 3560 3559
f 3559 3560 3561
f 3560 3562 3561
f 3561 3562 3563
f 3562 3564 3563
f 3563 3564 3565
f 3564 3566 3565
f 3565 3566 3567
f 3566 3568 3567
f 3567 3568 1666
f 3568 1665 1666
f 3569 3570 3571
f 3570 3572 3571
f 3571 3572 3573
f 3572 3574 3573
f 3573 3574 3575
f 3574 3576 3575
f 3575 3576 3577
f 3576 3578 3577
f 3577 3578 3579
f 3578 3580 3579
f 3579 3580 3581
f 3580 3582 3581
f 3581 3582 3583
f 3582 3584 3583
f 3583 3584 3585
f 3584 3586 3585
f 3585 3586 3587
f 3586 3588 3587
f 3587 3588 3589
f 3588 3590 3589
f 3589 3590 3591
f 3590 3592 3591
f 3591 3592 3593
f 3592 3594 3593
f 3593 3594 3595
f 3594 3596 3595
f 3595 3596 3597
f 3596 3598 3597
f 3597 3598 3599
f 3598 3600 3599
f 3599 3600 3601
f 3600 3602 3601
f 3601 3602 3603
f 3602 3604 3603
f 3603 3604 3605
f 3604 3606 3605
f 3605 3606 3607
f 3606 3608 3607
f 3607 3608 3609
f 3608 3610 3609
f 3609 3610 3611
f 3610 3612 3611
f 3611 3612 3613
f 3612 3614 3613
f 3613 3614 3615
f 3614 3616 3615
f 3615 3616 3617
f 3616 3618 3617
f 3617 3618 3619
f 3618 3620 3619
f 3619 3620 3621
f 3620 3622 3621
f 3621 3622 3623
f 3622 3624 3623
f 3623 3624 3625
f 3624 3626 3625
f 3625 3626 3627
f 3626 3628 3627
f 3627 3628 3629
f 3628 3630 3629
f 3629 3630 3631
f 3630 3632 3631
f 3631 3632 3633
f 3632 3634 3633
f 3633 3634 3635
f 3634 3636 3635
f 3635 3636 3637
f 3636 3638 3637
f 3637 3638 3639
f 3638 3640 3639
f 3639 3640 3641
f 3640 3642 3641
f 3641 3642 3643
f 3642 3644 3643
f 3643 3644 3645
f 3644 3646 3645
f 3645 3646 3647
f 3646 3648 3647
f 3647 3648 3649
f 3648 3650 3649
f 3649 3650 3651
f 3650 3652 3651
f 3651 3652 3653
f 3652 3654 3653
f 3653 3654 3655
f 3654 3656 3655
f 3655 3656 3657
f 3656 3658 3657
f 3657 3658 3659
f 3658 3660 3659
f 3659 3660 3661
f 3660 3662 3661
f 3661 3662 3663
f 3662 3664 3663
f 3663 3664 3665
f 3664 3666 3665
f 3665 3666 3667
f 3666 3668 3667
f 3667 3668 3669
f 3668 3670 3669
f 3669 3670 3671
f 3670 3672 3671
f 3671 3672 3673
f 3672 3674 3673
f 3673 3674 3675
f 3674 3676 3675
f 3675 3676 3677
f 3676 3678 3677
f 3677 3678 3679
f 3678 3680 3679
f 3679 3680 3681
f 3680 3682 3681
f 3681 3682 3683
f 3682 3684 3683
f 3683 3684 3685
f 3684 3686 3685
f 3685 3686 3687
f 3686 3688 3687
f 3687 3688 3689
f 3688 3690 3689
f 3689 3690 3691
f 3690 3692 3691
f 3691 3692 3693
f 3692 3694 3693
f 3693 3694 3695
f 3694 3696 3695
f 3695 3696 3697
f 3696 3698 3697
f 3697 3698 3699
f 3698 3700 3699
f 3699 3700 3701
f 3700 3702 3701
f 3701 3702 3703
f 3702 3704 3703
f 3703 3704 3705
f 3704 3706 3705
f 3705 3706 3707
f 3706 3708 3707
f 3707 3708 3709
f 3708 3710 3709
f 3709 3710 3711
f 3710 3712 3711
f 3711 3712 3569
f 3712 3570 3569
f 3713 3714 3715
f 3425 3427 3716
f 3716 3427 3429
f 2929 3717 2927
f 2042 2040 3718
f 3719 3720 2014
f 3721 3722 3723
f 3724 3725 3726
f 1363 3727 1361
f 1174 1172 3728
f 1156 1154 3729
f 3108 3106 3730
f 3731 3732 3733
f 3734 3735 3736
f 3737 3738 3739
f 3740 3741 3742
f 3743 3744 3745
f 3745 3744 3746
f 720 718 3747
f 654 3748 3749
f 652 3750 3751
f 3750 652 650
f 638 636 3752
f 3753 3754 3755
f 118 116 3756
f 134 208 3757
f 3757 208 206
f 92 90 3758
f 2200 3759 3760
f 3759 2200 2198
f 84 82 3761
f 82 1868 3761
f 1868 1866 3761
f 3761 1866 1864
f 1864 1862 3761
f 1862 1860 3761
f 3761 1860 1858
f 1858 1856 3761
f 1856 1854 3761
f 3761 1854 1852
f 1852 1850 3761
f 1850 1848 3761
f 3761 1848 3762
f 88 3763 26
f 3763 3764 26
f 26 3764 28
f 36 34 3764
f 34 32 3764
f 32 30 3764
f 3764 30 28
f 42 40 3764
f 40 38 3764
f 3764 38 36
f 76 74 3765
f 74 72 3765
f 3765 72 70
f 70 68 3765
f 68 66 3765
f 3765 66 64
f 56 54 3756
f 54 52 3756
f 3756 52 50
f 64 62 3765
f 62 60 3765
f 3765 60 3756
f 60 58 3756
f 3756 58 56
f 50 48 3756
f 48 46 3756
f 3756 46 3764
f 46 44 3764
f 3764 44 42
f 2 3766 3
f 3766 5 3
f 5 3766 7
f 3766 3767 7
f 7 3767 9
f 2194 2612 90
f 2600 2598 90
f 2598 2596 90
f 3768 2564 2562
f 2590 3769 2592
f 3769 2594 2592
f 2564 3768 2566
f 3768 3769 2566
f 2566 3769 2568
f 2612 2610 90
f 2610 2608 90
f 90 2608 2606
f 2606 2604 90
f 2604 2602 90
f 90 2602 2600
f 3770 3758 3771
f 3758 90 3771
f 3771 90 3769
f 90 2596 3769
f 3769 2596 2594
f 2578 2576 3769
f 2576 2574 3769
f 2562 2560 3768
f 2560 23 3768
f 3768 23 3772
f 23 21 3772
f 3772 21 3773
f 21 19 3773
f 3773 19 3774
f 19 17 3774
f 3774 17 3775
f 17 15 3775
f 3775 15 3776
f 15 13 3776
f 3776 13 3767
f 13 11 3767
f 3767 11 9
f 2590 2588 3769
f 2588 2586 3769
f 3769 2586 2584
f 2584 2582 3769
f 2582 2580 3769
f 3769 2580 2578
f 2574 2572 3769
f 2572 2570 3769
f 3769 2570 2568
f 3777 3778 2198
f 2194 90 2196
f 90 3432 2196
f 2196 3432 2198
f 3432 3779 2198
f 2198 3779 3777
f 3780 3759 3781
f 3759 2198 3781
f 3781 2198 3782
f 2198 3778 3782
f 1818 1816 3783
f 3784 1822 1820
f 1818 3783 1820
f 1816 1814 3783
f 1814 1812 3783
f 3783 1812 3760
f 1812 2202 3760
f 3760 2202 2200
f 3762 1836 1834
f 1834 1832 3784
f 1832 1830 3784
f 3784 1830 1828
f 1828 1826 3784
f 1826 1824 3784
f 3784 1824 1822
f 1848 1846 3762
f 1846 1844 3762
f 3762 1844 1842
f 1842 1840 3762
f 1840 1838 3762
f 3762 1838 1836
f 3785 3786 3787
f 3788 3789 3787
f 3790 3791 106
f 3791 108 106
f 3786 3792 3787
f 3792 3793 3787
f 3787 3793 3794
f 100 98 3758
f 3790 3795 3791
f 3795 3796 3791
f 3791 3796 3797
f 3797 3798 3791
f 3798 3799 3791
f 3791 3799 3800
f 3800 3801 3791
f 3801 3802 3791
f 3791 3802 3787
f 3802 3803 3787
f 3787 3803 3785
f 3787 3804 3805
f 100 3758 102
f 98 96 3758
f 96 94 3758
f 3758 94 92
f 3794 3806 3787
f 3806 3807 3787
f 3787 3807 3808
f 3808 3809 3787
f 3809 3810 3787
f 3787 3810 3788
f 3805 3811 3787
f 3811 3812 3787
f 3787 3812 3758
f 3812 3813 3758
f 3758 3813 3814
f 3789 3815 3787
f 3815 3816 3787
f 3787 3816 3817
f 3817 3818 3787
f 3818 3819 3787
f 3787 3819 3804
f 3814 1516 3758
f 1516 104 3758
f 3758 104 102
f 114 112 3820
f 112 110 3820
f 3820 110 3821
f 3822 3823 3760
f 3824 3825 3826
f 3824 3826 3827
f 3760 3828 3829
f 3826 3830 3831
f 3832 3833 3760
f 3833 3834 3760
f 3760 3834 3828
f 3829 3835 3760
f 3835 3836 3760
f 3760 3836 3837
f 3825 3838 3826
f 3838 3839 3826
f 3826 3839 3830
f 3780 3840 3759
f 3840 3841 3759
f 3759 3841 3760
f 3841 3842 3760
f 3760 3842 3832
f 3837 3843 3760
f 3843 3844 3760
f 3760 3844 3822
f 3845 3846 3760
f 3846 3827 3760
f 3823 3847 3760
f 3847 3848 3760
f 3760 3848 3845
f 266 264 3849
f 244 242 3763
f 242 240 3763
f 3763 240 238
f 204 202 3849
f 202 274 3849
f 3849 274 272
f 264 262 3849
f 262 260 3849
f 3849 260 258
f 258 256 3849
f 256 254 3849
f 3849 254 252
f 252 250 3849
f 250 248 3849
f 3849 248 3763
f 248 246 3763
f 3763 246 244
f 238 236 3763
f 236 234 3763
f 3763 234 232
f 272 270 3849
f 270 268 3849
f 3849 268 266
f 232 230 3763
f 230 228 3763
f 3763 228 226
f 226 224 3763
f 224 222 3763
f 3763 222 220
f 220 218 3763
f 218 216 3763
f 3763 216 214
f 194 192 3725
f 192 190 3725
f 3725 190 188
f 200 198 3725
f 198 196 3725
f 3725 196 194
f 174 172 3850
f 172 170 3850
f 3850 170 168
f 168 166 3850
f 166 164 3850
f 3850 164 162
f 162 160 3850
f 160 158 3850
f 3850 158 156
f 156 154 3850
f 154 152 3850
f 3850 152 150
f 150 148 3850
f 148 146 3850
f 3850 146 144
f 188 186 3725
f 186 184 3725
f 3725 184 182
f 182 180 3725
f 180 178 3725
f 3725 178 3850
f 178 176 3850
f 3850 176 174
f 142 140 3851
f 140 138 3851
f 3851 138 3757
f 138 136 3757
f 3757 136 134
f 200 3725 132
f 3725 3724 132
f 132 3724 3852
f 118 3756 120
f 214 212 3763
f 212 210 3763
f 3763 210 3764
f 210 130 3764
f 3764 130 3756
f 130 128 3756
f 3756 128 126
f 126 124 3756
f 124 122 3756
f 3756 122 120
f 458 456 3853
f 456 454 3853
f 454 452 3853
f 3853 452 529
f 366 364 3854
f 506 504 348
f 504 502 348
f 348 502 500
f 362 428 648
f 428 426 648
f 420 418 648
f 418 416 648
f 648 416 414
f 406 404 3855
f 404 402 3855
f 3855 402 400
f 400 398 3855
f 398 396 3855
f 3855 396 394
f 484 348 486
f 348 488 486
f 484 482 348
f 482 480 348
f 348 480 478
f 476 474 3853
f 474 472 3853
f 3853 472 470
f 470 468 3853
f 468 466 3853
f 3853 466 464
f 414 412 648
f 412 410 648
f 648 410 3855
f 410 408 3855
f 3855 408 406
f 3855 370 368
f 464 462 3853
f 462 460 3853
f 3853 460 458
f 426 424 648
f 424 422 648
f 648 422 420
f 394 392 3855
f 392 390 3855
f 3855 390 388
f 388 386 3855
f 386 384 3855
f 3855 384 382
f 376 374 3855
f 374 372 3855
f 3855 372 370
f 362 648 348
f 648 508 348
f 348 508 506
f 494 492 348
f 492 490 348
f 348 490 488
f 382 380 3855
f 380 378 3855
f 3855 378 376
f 500 498 348
f 498 496 348
f 348 496 494
f 346 360 3853
f 360 358 3853
f 358 356 3853
f 356 354 3853
f 3853 354 352
f 478 476 348
f 476 3853 348
f 348 3853 350
f 3853 352 350
f 2227 2229 430
f 2229 2231 430
f 3856 2239 2241
f 330 328 2221
f 2231 2233 430
f 2233 2235 430
f 430 2235 3856
f 2235 2237 3856
f 3856 2237 2239
f 3723 2341 2343
f 2219 298 2217
f 298 296 2217
f 2217 296 2215
f 2241 2243 3856
f 2243 2245 3856
f 3856 2245 2247
f 2343 2345 3723
f 2345 2203 3723
f 3723 2203 2205
f 2221 328 2219
f 2247 2249 3856
f 2249 2251 3856
f 3856 2251 2253
f 2253 2255 3856
f 2255 2257 3856
f 3856 2257 2259
f 2259 2261 3856
f 2261 2263 3856
f 3856 2263 2265
f 328 326 2219
f 326 324 2219
f 2219 324 322
f 340 338 2223
f 2265 2267 3856
f 2267 2269 3856
f 3856 2269 2271
f 2273 2275 3857
f 2275 2277 3857
f 3857 2277 2279
f 3719 280 278
f 2227 430 2225
f 430 344 2225
f 2225 344 2223
f 344 342 2223
f 2223 342 340
f 292 290 3723
f 322 320 2219
f 320 318 2219
f 2219 318 316
f 338 336 2223
f 336 334 2223
f 2223 334 2221
f 334 332 2221
f 2221 332 330
f 3723 284 3719
f 284 282 3719
f 3719 282 280
f 316 314 2219
f 314 312 2219
f 2219 312 310
f 2205 2207 3723
f 2207 2209 3723
f 3723 2209 2211
f 290 288 3723
f 288 286 3723
f 3723 286 284
f 310 308 2219
f 308 306 2219
f 2219 306 304
f 304 302 2219
f 302 300 2219
f 2219 300 298
f 292 3723 294
f 3723 2211 294
f 294 2211 296
f 2211 2213 296
f 296 2213 2215
f 364 434 3854
f 434 432 3854
f 3854 432 3858
f 3859 3860 3861
f 3860 3862 3861
f 3859 3863 3860
f 3863 3864 3860
f 3860 3864 3865
f 3866 3867 3868
f 3867 439 3868
f 439 441 3868
f 3868 441 3869
f 441 443 3869
f 3869 443 3860
f 443 445 3860
f 3860 445 3862
f 3870 3871 3182
f 3871 3872 3182
f 3182 3872 3868
f 3872 3873 3868
f 3868 3873 3866
f 3870 3182 3874
f 3182 3184 3874
f 3874 3184 3186
f 3186 3188 3874
f 3188 3190 3874
f 3874 3190 3875
f 3190 3192 3875
f 3875 3192 3876
f 3877 3192 3878
f 3192 3879 3878
f 3880 3881 3196
f 3881 3882 3196
f 3196 3882 3883
f 3884 3885 3192
f 3885 3886 3192
f 3192 3886 3879
f 3877 3887 3192
f 3887 3888 3192
f 3192 3888 3876
f 3889 3890 3196
f 3883 3891 3196
f 3891 3892 3196
f 3196 3892 3893
f 3893 3894 3196
f 3894 3895 3196
f 3196 3895 3194
f 3895 3896 3194
f 3194 3896 3192
f 3896 3897 3192
f 3192 3897 3884
f 3889 3196 3898
f 3890 3899 3196
f 3899 3900 3196
f 3196 3900 3880
f 3898 3196 436
f 3196 3198 436
f 436 3198 3200
f 2923 2925 436
f 2925 3901 436
f 436 3901 438
f 3200 3202 436
f 3202 3204 436
f 436 3204 2923
f 2920 2918 3902
f 2918 2916 3902
f 2916 2914 3902
f 3902 2914 3901
f 2914 2912 3901
f 3901 2912 438
f 450 448 3902
f 448 2922 3902
f 3902 2922 2920
f 3903 3904 3905
f 3904 3755 3905
f 3906 3907 3904
f 3754 3908 3755
f 3908 3909 3755
f 3755 3909 3910
f 3911 3912 3755
f 3912 3913 3755
f 3903 3914 3904
f 3914 3915 3904
f 3904 3915 3916
f 3904 3917 3918
f 3910 3919 3755
f 3919 3920 3755
f 3755 3920 3911
f 3913 3921 3755
f 3921 3922 3755
f 3755 3922 3905
f 3907 3923 3904
f 3923 3924 3904
f 3904 3924 3917
f 3916 3925 3904
f 3925 3926 3904
f 3904 3926 3906
f 646 3755 3140
f 3755 3904 3140
f 3140 3904 3142
f 3904 3144 3142
f 646 644 3755
f 644 642 3755
f 3755 642 3752
f 642 640 3752
f 3752 640 638
f 3918 3927 3904
f 3927 450 3904
f 3904 450 3144
f 450 3902 3144
f 3144 3902 532
f 3902 534 532
f 554 552 3902
f 554 3902 556
f 540 538 3902
f 538 536 3902
f 3902 536 534
f 552 550 3902
f 550 548 3902
f 3902 548 546
f 546 544 3902
f 544 542 3902
f 3902 542 540
f 560 558 3718
f 3718 568 566
f 510 586 2040
f 586 584 2040
f 2040 584 582
f 582 580 2040
f 580 578 2040
f 2040 578 576
f 566 564 3718
f 564 562 3718
f 3718 562 560
f 576 574 2040
f 574 572 2040
f 2040 572 3718
f 572 570 3718
f 3718 570 568
f 510 2040 511
f 2040 2038 511
f 511 2038 513
f 2038 2036 513
f 513 2036 515
f 2036 2034 515
f 515 2034 517
f 2034 2032 517
f 517 2032 519
f 2032 2030 519
f 519 2030 521
f 2030 2028 521
f 521 2028 523
f 2028 2026 523
f 523 2026 525
f 2026 2024 525
f 525 2024 527
f 2024 2022 527
f 527 2022 529
f 2022 2020 529
f 529 2020 3853
f 2020 2018 3853
f 3853 2018 2016
f 598 596 3749
f 612 610 3928
f 610 608 3928
f 3928 608 606
f 596 594 3749
f 594 592 3749
f 3749 592 590
f 590 588 3749
f 588 656 3749
f 3749 656 654
f 606 604 3928
f 604 602 3928
f 3928 602 3749
f 602 600 3749
f 3749 600 598
f 622 620 3728
f 620 618 3728
f 618 616 3728
f 3728 616 3928
f 616 614 3928
f 3928 614 612
f 628 626 3728
f 626 624 3728
f 3728 624 622
f 636 634 3752
f 634 632 3752
f 3752 632 3728
f 632 630 3728
f 3728 630 628
f 928 926 3929
f 926 924 3929
f 3929 924 922
f 942 785 944
f 785 946 944
f 942 940 785
f 940 938 785
f 785 938 936
f 936 934 785
f 934 932 785
f 785 932 3929
f 932 930 3929
f 3929 930 928
f 842 840 870
f 842 870 844
f 840 838 870
f 838 836 870
f 870 836 834
f 884 950 785
f 950 948 785
f 785 948 946
f 834 832 870
f 832 830 870
f 870 830 828
f 884 785 870
f 785 787 870
f 870 787 844
f 740 738 3930
f 738 736 3930
f 736 734 3930
f 734 732 3930
f 3930 732 3931
f 732 730 3931
f 3931 730 3929
f 730 728 3929
f 3929 728 785
f 740 3930 742
f 3930 3932 742
f 742 3932 744
f 774 772 3933
f 772 770 3933
f 718 716 3747
f 716 784 3747
f 3747 784 782
f 782 780 3747
f 780 778 3747
f 3747 778 776
f 770 768 3933
f 768 766 3933
f 3933 766 764
f 764 762 3933
f 762 760 3933
f 3933 760 758
f 758 756 3933
f 756 754 3933
f 3933 754 752
f 752 750 3933
f 750 748 3933
f 3933 748 746
f 3528 3526 3934
f 726 3510 3508
f 3544 3542 3934
f 3934 3536 3534
f 3935 678 676
f 676 674 3935
f 674 672 3935
f 3935 672 670
f 3544 3934 3546
f 3542 3540 3934
f 3540 3538 3934
f 3934 3538 3536
f 3534 3532 3934
f 3532 3530 3934
f 3934 3530 3528
f 3524 3522 726
f 3522 3520 726
f 3520 3518 726
f 726 3518 3516
f 3516 3514 726
f 3514 3512 726
f 726 3512 3510
f 1665 3568 3934
f 3568 3566 3934
f 3934 3566 3564
f 3564 3562 3934
f 3562 3560 3934
f 3934 3560 3558
f 3558 3556 3934
f 3556 3554 3934
f 3934 3554 3552
f 3552 3550 3934
f 3550 3548 3934
f 3934 3548 3546
f 692 690 3935
f 670 668 3935
f 668 666 3935
f 3935 666 664
f 3508 3506 726
f 3506 3504 726
f 726 3504 658
f 3504 3935 658
f 845 714 3936
f 714 712 3936
f 3936 712 710
f 710 708 3936
f 708 706 3936
f 3936 706 704
f 704 702 3936
f 702 700 3936
f 3936 700 698
f 690 688 3935
f 688 686 3935
f 3935 686 684
f 664 662 3935
f 662 660 3935
f 3935 660 658
f 684 682 3935
f 682 680 3935
f 3935 680 678
f 698 696 3936
f 696 694 3936
f 3936 694 692
f 3936 3937 845
f 3937 3938 845
f 845 3938 847
f 3938 3939 847
f 847 3939 849
f 3939 3940 849
f 3940 3941 849
f 3941 3942 849
f 849 3942 851
f 851 3942 853
f 3942 3943 853
f 853 3943 855
f 863 3944 790
f 3944 792 790
f 818 816 3945
f 818 3945 820
f 828 826 870
f 826 824 870
f 870 824 3945
f 824 822 3945
f 3945 822 820
f 798 796 3944
f 796 794 3944
f 3944 794 792
f 816 814 3945
f 814 812 3945
f 3945 812 3944
f 812 810 3944
f 810 808 3944
f 808 806 3944
f 3944 806 804
f 804 802 3944
f 802 800 3944
f 3944 800 798
f 902 900 3946
f 900 898 3946
f 3946 898 896
f 896 894 3946
f 894 892 3946
f 3946 892 890
f 912 910 3931
f 912 3931 914
f 922 920 3929
f 920 918 3929
f 3929 918 3931
f 918 916 3931
f 3931 916 914
f 910 908 3931
f 908 906 3931
f 3931 906 904
f 882 880 3945
f 880 878 3945
f 3945 878 876
f 876 874 3945
f 874 872 3945
f 3945 872 870
f 986 984 3154
f 986 3154 988
f 974 3145 976
f 3145 978 976
f 974 972 3145
f 972 970 3145
f 3145 970 968
f 3156 992 3154
f 992 990 3154
f 3154 990 988
f 978 3145 980
f 3145 3148 980
f 980 3148 982
f 3148 3150 982
f 982 3150 984
f 3150 3152 984
f 984 3152 3154
f 968 966 3145
f 966 964 3145
f 3145 964 3429
f 964 962 3429
f 3429 962 960
f 868 3716 867
f 3716 3429 867
f 867 3429 958
f 3429 960 958
f 1004 3161 1006
f 3161 1008 1006
f 3156 3158 992
f 3158 3159 992
f 992 3159 994
f 3159 3161 994
f 994 3161 996
f 3161 998 996
f 1004 1002 3161
f 1002 1000 3161
f 3161 1000 998
f 1020 3161 1022
f 3161 3947 1022
f 1022 3947 952
f 1020 1018 3161
f 1018 1016 3161
f 3161 1016 1014
f 1014 1012 3161
f 1012 1010 3161
f 3161 1010 1008
f 890 888 3946
f 888 886 3946
f 3946 886 3948
f 886 956 3948
f 3948 956 3947
f 956 954 3947
f 3947 954 952
f 3949 3950 3951
f 3951 2558 3952
f 2558 2556 3952
f 3952 2556 2554
f 3952 3953 3951
f 3953 3954 3951
f 3951 3954 3955
f 3956 3957 3951
f 3957 3958 3951
f 3951 3958 3949
f 2546 2544 3959
f 2526 2524 3959
f 2524 2522 3959
f 3959 2522 2520
f 2520 2518 3959
f 2518 2516 3959
f 3959 2516 2514
f 2502 2500 3960
f 2500 2498 3960
f 3960 2498 2496
f 3955 3961 3951
f 3961 3962 3951
f 3951 3962 3963
f 3963 3964 3951
f 3964 3965 3951
f 3951 3965 3956
f 2544 2542 3959
f 2542 2540 3959
f 3959 2540 2538
f 2512 2510 3960
f 2510 2508 3960
f 2496 2494 3960
f 2494 2492 3960
f 3960 2492 2910
f 2538 2536 3959
f 2536 2534 3959
f 3959 2534 2532
f 2532 2530 3959
f 2530 2528 3959
f 3959 2528 2526
f 2508 2506 3960
f 2506 2504 3960
f 3960 2504 2502
f 2554 2552 3952
f 2552 2550 3952
f 3952 2550 3959
f 2550 2548 3959
f 3959 2548 2546
f 3966 3420 3967
f 3420 3418 3967
f 3967 3418 3968
f 3969 3970 3971
f 3968 3418 3972
f 3418 3971 3972
f 3972 3971 3973
f 3950 3974 3951
f 3974 3975 3951
f 3951 3975 3976
f 3975 3973 3976
f 3976 3973 3977
f 3973 3978 3977
f 3971 3970 3973
f 3970 3979 3973
f 3973 3979 3978
f 3980 3981 3971
f 3981 3982 3971
f 3971 3982 3969
f 3983 3984 3980
f 3984 3985 3980
f 3986 3987 3988
f 3987 3989 3988
f 3985 3990 3980
f 3990 3991 3980
f 3980 3991 3981
f 3986 3992 3987
f 3992 3993 3987
f 3987 3993 3994
f 3994 3995 3987
f 3995 3996 3987
f 3987 3996 3980
f 3996 3997 3980
f 3980 3997 3983
f 3998 3999 4000
f 3999 4001 4000
f 4000 4001 4002
f 4002 4003 4000
f 4003 4004 4000
f 4000 4004 3987
f 4004 4005 3987
f 3987 4005 3989
f 4000 4006 4007
f 2904 2902 4008
f 2902 4009 4008
f 4009 4010 4008
f 4008 4010 4011
f 4011 4012 4008
f 4012 4013 4008
f 4008 4013 4000
f 4013 4014 4000
f 4000 4014 4006
f 4007 4015 4000
f 4015 4016 4000
f 4000 4016 4017
f 4017 4018 4000
f 4018 4019 4000
f 4000 4019 3998
f 3699 3701 4020
f 3571 3573 4021
f 3637 3639 4022
f 3639 3641 4022
f 4022 3641 2906
f 3655 3657 2908
f 3699 4020 3697
f 3689 3691 4020
f 3665 3667 2908
f 3691 3693 4020
f 3693 3695 4020
f 4020 3695 3697
f 3701 3703 4020
f 3703 3705 4020
f 4020 3705 3707
f 3583 4021 3581
f 4021 3579 3581
f 3601 3603 4021
f 3603 3605 4021
f 4021 3605 4022
f 3605 3607 4022
f 3641 3643 2906
f 3643 3645 2906
f 2906 3645 3647
f 3665 2908 3663
f 3709 3711 4021
f 3711 3569 4021
f 4021 3569 3571
f 3573 3575 4021
f 3575 3577 4021
f 4021 3577 3579
f 3647 3649 2906
f 3649 3651 2906
f 2906 3651 2908
f 3651 3653 2908
f 2908 3653 3655
f 3583 3585 4021
f 3585 3587 4021
f 4021 3587 3589
f 3589 3591 4021
f 3591 3593 4021
f 4021 3593 3595
f 3595 3597 4021
f 3597 3599 4021
f 4021 3599 3601
f 3607 3609 4022
f 3609 3611 4022
f 4022 3611 3613
f 3613 3615 4022
f 3615 3617 4022
f 4022 3617 3619
f 3619 3621 4022
f 3621 3623 4022
f 4022 3623 3625
f 3625 3627 4022
f 3627 3629 4022
f 4022 3629 3631
f 3657 3659 2908
f 3659 3661 2908
f 2908 3661 3663
f 3681 3683 4020
f 3631 3633 4022
f 3633 3635 4022
f 4022 3635 3637
f 3667 3669 2908
f 3669 3671 2908
f 2908 3671 3673
f 3673 3675 2908
f 3675 3677 2908
f 2908 3677 4020
f 3677 3679 4020
f 4020 3679 3681
f 3683 3685 4020
f 3685 3687 4020
f 4020 3687 3689
f 4023 4024 4025
f 4026 4027 4021
f 4027 4028 4021
f 4021 4028 4029
f 4024 4030 4025
f 4030 4031 4025
f 4025 4031 4032
f 4031 4033 4032
f 4034 4035 4025
f 4035 4036 4025
f 4025 4036 4023
f 4029 4037 4021
f 4037 4038 4021
f 4021 4038 4039
f 4040 4041 4025
f 4041 4042 4025
f 4025 4042 4043
f 4043 4044 4025
f 4044 4045 4025
f 4025 4045 4046
f 4046 4047 4025
f 4047 4048 4025
f 4025 4048 4034
f 4039 4049 4021
f 4049 4050 4021
f 4021 4050 4025
f 4050 4051 4025
f 4025 4051 4040
f 4052 4053 4054
f 4053 4008 4054
f 4055 4056 3727
f 4056 4057 3727
f 3727 4057 4058
f 4059 4060 4061
f 1363 4062 4063
f 4064 4065 4059
f 4065 4066 4059
f 4059 4066 4067
f 4063 4068 1363
f 4068 4069 1363
f 1363 4069 3727
f 4069 4070 3727
f 3727 4070 4055
f 4071 4072 4059
f 4072 4073 4059
f 4059 4073 4064
f 4067 4074 4059
f 4074 4075 4059
f 4059 4075 4060
f 4076 4077 1365
f 4077 4078 1365
f 1365 4078 4079
f 4058 4080 3727
f 4080 4081 3727
f 3727 4081 4082
f 4082 4083 3727
f 4083 4084 3727
f 3727 4084 4085
f 4085 4086 3727
f 4086 4087 3727
f 3727 4087 4088
f 3727 4089 4090
f 3727 4090 4059
f 4090 4091 4059
f 4059 4091 4071
f 4079 4092 1365
f 4092 4093 1365
f 1365 4093 1363
f 4093 4094 1363
f 1363 4094 4062
f 4088 4095 3727
f 4095 4096 3727
f 3727 4096 4089
f 2952 2950 1052
f 2950 2948 4097
f 2948 2946 4097
f 2946 2944 4097
f 4097 2944 2942
f 2942 2940 4097
f 2940 2938 4097
f 4097 2938 2936
f 2978 2976 1052
f 2976 2974 1052
f 2962 2960 1052
f 2960 2958 1052
f 1052 2950 1054
f 2950 4097 1054
f 1054 4097 1365
f 4097 4098 1365
f 1365 4098 4076
f 2986 2984 1050
f 2984 2982 1050
f 1050 2982 1052
f 2982 2980 1052
f 1052 2980 2978
f 2974 2972 1052
f 2972 2970 1052
f 1052 2970 2968
f 2968 2966 1052
f 2966 2964 1052
f 1052 2964 2962
f 2958 2956 1052
f 2956 2954 1052
f 1052 2954 2952
f 4099 4100 4101
f 2936 2934 4097
f 2934 2932 4097
f 4097 2932 4102
f 2932 4103 4102
f 4102 4103 4104
f 4103 4101 4104
f 4104 4101 4105
f 4101 4100 4105
f 4033 4106 4032
f 4106 4107 4032
f 4032 4107 4101
f 4107 4108 4101
f 4101 4108 4099
f 4109 4110 4111
f 4110 4112 4111
f 4111 4112 4113
f 4114 4115 4116
f 4115 4117 4116
f 4118 4119 4116
f 4119 4120 4116
f 4117 4121 4116
f 4121 4122 4116
f 4116 4122 4118
f 4120 4123 4116
f 4123 4124 4116
f 4116 4124 4125
f 4125 4126 4116
f 4126 4127 4116
f 4116 4127 4112
f 4127 4128 4112
f 4112 4128 4113
f 4129 4130 1211
f 4130 4131 1211
f 4131 4132 1211
f 1211 4132 4133
f 4133 4134 1211
f 4134 4135 1211
f 1211 4135 4114
f 1211 1213 4129
f 1213 4136 4129
f 4129 4136 4137
f 4138 4139 4140
f 4139 4141 4140
f 4141 4142 4140
f 4140 4142 4136
f 4142 4143 4136
f 4136 4143 4137
f 4144 4145 4146
f 4146 4147 4144
f 4147 4148 4144
f 4144 4148 4138
f 4144 3744 4149
f 4150 4151 4144
f 4151 4152 4144
f 4144 4152 4145
f 4149 4153 4144
f 4153 4154 4144
f 4144 4154 4150
f 4140 4155 4138
f 4155 4156 4138
f 4138 4156 4144
f 4156 4157 4144
f 4144 4157 4158
f 4159 4160 3744
f 4160 4161 3744
f 3744 4161 3746
f 4158 4162 4144
f 4162 4163 4144
f 4144 4163 3744
f 4163 4164 3744
f 3744 4164 4159
f 3422 4165 3745
f 4165 4166 3745
f 4166 4167 3745
f 4167 4168 3745
f 3745 4168 3743
f 3966 4169 3420
f 4169 4170 3420
f 3420 4170 3422
f 4170 4171 3422
f 3422 4171 4165
f 4172 4173 4174
f 4173 4175 4174
f 4175 4176 4174
f 4176 4177 4174
f 4174 4177 4178
f 3742 3741 4179
f 3741 4180 4179
f 4179 4180 4181
f 4182 4183 4174
f 4183 4184 4174
f 4174 4184 4185
f 4185 4186 4174
f 4186 4187 4174
f 4174 4187 4172
f 4188 4189 4180
f 4189 4190 4180
f 4180 4190 4181
f 4191 4192 4180
f 4192 4193 4180
f 4193 4194 4180
f 4194 4195 4180
f 4180 4195 4196
f 4196 4197 4180
f 4197 4198 4180
f 4180 4198 4188
f 4178 4199 4174
f 4199 4200 4174
f 4174 4200 4180
f 4200 4201 4180
f 4180 4201 4191
f 4112 4202 4203
f 4204 4205 4206
f 4205 4207 4206
f 4206 4207 4208
f 4206 4209 4112
f 4209 4210 4112
f 4112 4210 4211
f 4212 4213 4206
f 4213 4214 4206
f 4206 4214 4209
f 4211 4215 4112
f 4215 4216 4112
f 4112 4216 4202
f 4217 4218 4116
f 4218 4219 4116
f 4116 4219 4220
f 4208 4221 4206
f 4221 4222 4206
f 4206 4222 4212
f 4203 4223 4112
f 4223 4224 4112
f 4112 4224 4225
f 4225 4226 4112
f 4226 4227 4112
f 4112 4227 4228
f 4228 4229 4112
f 4229 4230 4112
f 4112 4230 4231
f 4231 4232 4112
f 4232 4233 4112
f 4112 4233 4234
f 4234 4235 4112
f 4235 4236 4112
f 4112 4236 4116
f 4236 4237 4116
f 4116 4237 4217
f 4238 4239 4240
f 4239 4241 4240
f 4242 4243 4239
f 4243 4244 4239
f 4239 4244 4245
f 4246 4247 4248
f 4247 4249 4248
f 4245 4250 4239
f 4250 4251 4239
f 4239 4251 4241
f 4252 4253 3826
f 4254 4255 4256
f 4238 4257 4239
f 4257 4258 4239
f 4239 4258 4259
f 4239 4260 4261
f 4262 4263 3826
f 4263 4264 3826
f 4265 4266 3826
f 4254 4256 4267
f 4249 4268 4248
f 4268 4269 4248
f 4248 4269 4270
f 4270 4271 4248
f 4271 4272 4248
f 4248 4272 4273
f 4274 4275 4276
f 4275 4277 4276
f 4276 4277 4278
f 4259 4279 4239
f 4279 4280 4239
f 4239 4280 4260
f 4264 4281 3826
f 4281 4282 3826
f 3826 4282 4283
f 4253 4284 3826
f 4284 4285 3826
f 3826 4285 4286
f 4286 4287 3826
f 4287 4288 3826
f 3826 4288 4256
f 4288 4289 4256
f 4256 4289 4267
f 4278 4290 4276
f 4290 4291 4276
f 4276 4291 4239
f 4291 4292 4239
f 4239 4292 4242
f 4261 4293 4239
f 4293 4294 4239
f 4239 4294 3826
f 4294 4295 3826
f 3826 4295 4262
f 4283 4296 3826
f 4296 4297 3826
f 3826 4297 4265
f 4273 4298 4248
f 4298 4299 4248
f 4248 4299 4276
f 4299 4300 4276
f 4276 4300 4274
f 4266 4301 3826
f 4301 4302 3826
f 3826 4302 4252
f 4303 4304 4256
f 4304 4305 4256
f 4255 4306 4256
f 4306 4307 4256
f 4256 4307 4308
f 4309 4310 4256
f 4310 4311 4256
f 4256 4311 4303
f 4204 4206 4312
f 4206 4256 4312
f 4312 4256 4248
f 4256 4305 4248
f 4248 4305 4246
f 4308 4313 4256
f 4313 4314 4256
f 4256 4314 4309
f 4315 4316 4317
f 4316 4318 4317
f 4317 4318 4319
f 4320 4317 4321
f 4317 4322 4321
f 4320 4323 4317
f 4323 4324 4317
f 4317 4324 4325
f 4319 4326 4317
f 4326 4327 4317
f 4317 4327 4328
f 4325 4329 4317
f 4329 4330 4317
f 4317 4330 3821
f 4328 4331 4317
f 4331 4332 4317
f 4317 4332 4322
f 4333 4334 4239
f 4334 4335 4239
f 4239 4335 4336
f 4336 4337 4239
f 4337 4338 4239
f 4239 4338 4276
f 4339 4340 4315
f 4340 4341 4315
f 4315 4341 4316
f 4342 4343 4344
f 4343 4345 4344
f 4344 4345 4346
f 4347 4348 4315
f 4348 4349 4315
f 4315 4349 4339
f 4346 4350 4344
f 4350 4351 4344
f 4344 4351 4315
f 4351 4352 4315
f 4315 4352 4347
f 4353 4354 1209
f 4354 4355 1209
f 1209 4355 4356
f 4356 4357 1209
f 4357 4358 1209
f 1209 4358 4344
f 4358 4359 4344
f 4344 4359 4342
f 4114 4116 1211
f 4116 4220 1211
f 1211 4220 1209
f 4220 4360 1209
f 1209 4360 4353
f 692 3935 3936
f 3935 4361 3936
f 3936 4361 4362
f 4362 4363 3936
f 4363 4364 3936
f 3936 4364 4365
f 2801 2803 3448
f 1661 1663 2877
f 2841 2843 4366
f 2861 2863 4366
f 2863 2865 4366
f 4366 2865 2867
f 1663 2869 2871
f 2761 2763 3474
f 2821 2823 3448
f 2823 2825 3448
f 2871 2873 1663
f 2873 2875 1663
f 1663 2875 2877
f 2803 2805 3448
f 2805 2807 3448
f 3448 2807 2809
f 2809 2811 3448
f 2811 2813 3448
f 3448 2813 2815
f 2815 2817 3448
f 2817 2819 3448
f 3448 2819 2821
f 2843 2845 4366
f 2845 2847 4366
f 4366 2847 2849
f 2855 2857 4366
f 2857 2859 4366
f 4366 2859 2861
f 2763 2765 3474
f 2765 2767 3474
f 3474 2767 2769
f 2769 2771 3474
f 2771 2773 3474
f 3474 2773 3472
f 2773 2775 3472
f 3472 2775 3470
f 2775 2777 3470
f 3470 2777 3468
f 2777 2779 3468
f 3468 2779 3466
f 2779 2781 3466
f 3466 2781 3464
f 2781 2783 3464
f 3464 2783 3462
f 2783 2785 3462
f 3462 2785 3460
f 2785 2787 3460
f 3460 2787 3458
f 2787 2789 3458
f 3458 2789 3456
f 2789 2791 3456
f 3456 2791 3454
f 2791 2793 3454
f 3454 2793 3452
f 2793 2795 3452
f 3452 2795 3450
f 2795 2797 3450
f 3450 2797 3448
f 2797 2799 3448
f 3448 2799 2801
f 2825 2827 3448
f 2827 2829 3448
f 3448 2829 4366
f 2829 2831 4366
f 2831 2833 4366
f 4366 2833 2835
f 2849 2851 4366
f 2851 2853 4366
f 4366 2853 2855
f 2835 2837 4366
f 2837 2839 4366
f 4366 2839 2841
f 4367 4368 2881
f 4368 4369 2881
f 4370 4371 2885
f 2877 2879 1661
f 2879 2881 1661
f 1661 2881 4372
f 2881 4369 4372
f 4373 2883 4374
f 2883 2885 4374
f 4374 2885 4375
f 2889 2891 4376
f 2891 2893 4376
f 4376 2893 4377
f 2893 2895 4377
f 4377 2895 2897
f 4370 2885 4378
f 4371 4379 2885
f 4379 4380 2885
f 2885 4380 4381
f 4365 4382 3936
f 4382 4383 3936
f 3936 4383 4384
f 4383 4385 4384
f 4373 4386 2883
f 4386 4387 2883
f 2883 4387 2881
f 4387 4388 2881
f 2881 4388 4367
f 2889 4376 2887
f 4376 4389 2887
f 2887 4389 2885
f 4389 4390 2885
f 2885 4390 4391
f 4381 4392 2885
f 4392 4393 2885
f 2885 4393 4375
f 4385 4394 4384
f 4394 4395 4384
f 4384 4395 4396
f 4397 3474 4398
f 3474 4399 4398
f 4397 4400 3474
f 4400 4401 3474
f 3474 4401 4377
f 2897 2899 4377
f 2899 2757 4377
f 4377 2757 3474
f 2757 2759 3474
f 3474 2759 2761
f 4391 4402 2885
f 4402 4403 2885
f 2885 4403 4378
f 2048 4404 4405
f 3492 3490 4406
f 4407 4408 4409
f 3502 3500 4406
f 3500 3498 4406
f 2048 4405 2047
f 3498 3496 4406
f 3496 3494 4406
f 4406 3494 3492
f 4405 4410 4411
f 4412 4413 4409
f 4414 4415 4405
f 4415 4416 4405
f 4405 4416 4410
f 4411 4417 4405
f 4417 4418 4405
f 4405 4418 4409
f 4418 4419 4409
f 4409 4419 4407
f 4408 4420 4409
f 4420 4421 4409
f 4409 4421 4422
f 4423 4424 4405
f 4424 4425 4405
f 4405 4425 4426
f 4426 4427 4405
f 4427 4428 4405
f 4405 4428 4414
f 4404 4429 4405
f 4429 4430 4405
f 4405 4430 4431
f 4431 4432 4405
f 4432 4433 4405
f 4405 4433 4423
f 4422 4434 4409
f 4434 4435 4409
f 4409 4435 4436
f 4436 4437 4409
f 4437 4438 4409
f 4409 4438 4412
f 4439 4440 3134
f 4441 4442 3438
f 4442 4443 3438
f 4443 4444 3438
f 3438 4444 4445
f 4440 4446 3134
f 4446 4447 3134
f 3134 4447 4448
f 4448 4449 3134
f 4449 4450 3134
f 3134 4450 4451
f 4452 3135 4453
f 3135 3134 4453
f 4453 3134 4454
f 3134 4451 4454
f 3738 3737 4455
f 4456 4457 3438
f 4458 4459 3438
f 4459 4460 3438
f 3438 4460 4461
f 4457 4462 3438
f 4462 4463 3438
f 3438 4463 4441
f 4445 4464 3438
f 4464 4465 3438
f 3438 4465 3436
f 4465 4466 3436
f 3436 4466 3434
f 4466 4467 3434
f 3434 4467 3134
f 4467 4468 3134
f 3134 4468 4439
f 3737 4469 4455
f 4469 4470 4455
f 4455 4470 4471
f 4461 4472 3438
f 4472 4473 3438
f 3438 4473 4456
f 4474 4475 4476
f 4474 4476 4477
f 4475 4478 4476
f 4478 4479 4476
f 4476 4479 4480
f 1032 4481 1034
f 4481 4482 1034
f 1034 4482 1036
f 4482 4483 1036
f 1036 4483 1038
f 4483 4484 1038
f 1038 4484 1040
f 4484 4485 1040
f 1040 4485 1042
f 4485 4486 1042
f 1042 4486 1044
f 4486 4487 1044
f 1044 4487 1046
f 4487 4488 1046
f 1046 4488 1048
f 4488 4489 1048
f 1048 4489 1050
f 4489 2988 1050
f 1050 2988 2986
f 1024 4490 1026
f 4490 3212 1026
f 1026 3212 1028
f 3212 3210 1028
f 3210 3208 1028
f 1028 3208 3206
f 1032 1030 4481
f 1030 1028 4481
f 4481 1028 4491
f 1028 3206 4491
f 3220 3218 4490
f 3226 3224 4490
f 3224 3222 4490
f 4490 3222 3220
f 3218 3216 4490
f 3216 3214 4490
f 4490 3214 3212
f 3238 3236 4406
f 3236 3234 4406
f 3490 2047 4406
f 2047 4405 4406
f 4406 4405 3262
f 4405 4492 3262
f 3234 3232 4406
f 3232 3230 4406
f 4406 3230 4490
f 3230 3228 4490
f 4490 3228 3226
f 3262 3260 4406
f 3260 3258 4406
f 4406 3258 3256
f 3244 3242 4406
f 3242 3240 4406
f 4406 3240 3238
f 3256 3254 4406
f 3254 3252 4406
f 4406 3252 3250
f 3250 3248 4406
f 3248 3246 4406
f 4406 3246 3244
f 3732 4493 3733
f 4493 4494 3733
f 3733 4494 4495
f 4496 4497 4498
f 4497 4499 4498
f 4499 4500 4498
f 4498 4500 4501
f 4479 4502 4480
f 4502 4503 4480
f 4480 4503 4504
f 4504 4505 4480
f 4505 4506 4480
f 4480 4506 4507
f 4507 4508 4480
f 4508 4509 4480
f 4480 4509 4510
f 4509 4511 4510
f 4511 4512 4510
f 4512 4513 4510
f 4510 4513 4514
f 4514 4515 4510
f 4515 4516 4510
f 4510 4516 4498
f 4516 4517 4498
f 4498 4517 4496
f 2691 4518 2689
f 4518 4519 2689
f 2689 4519 2687
f 4519 4520 2687
f 2687 4520 2685
f 4520 4521 2685
f 2685 4521 2683
f 4521 4522 2683
f 2683 4522 2681
f 4522 4523 2681
f 2681 4523 2679
f 4523 4524 2679
f 2679 4524 2677
f 4524 4525 2677
f 2677 4525 4526
f 4526 4527 2677
f 4527 4528 2677
f 2677 4528 4529
f 2635 2637 3727
f 2755 2613 4059
f 2635 3727 2633
f 2669 2671 4530
f 4531 2693 2695
f 2621 2623 3727
f 2623 2625 3727
f 3727 2625 2627
f 2695 2697 4531
f 2697 2699 4531
f 4531 2699 2701
f 2727 2729 4059
f 2729 2731 4059
f 2731 2733 4059
f 2733 2735 4059
f 4059 2735 2737
f 2613 2615 4059
f 2615 2617 4059
f 4059 2617 3727
f 2617 2619 3727
f 3727 2619 2621
f 2627 2629 3727
f 2629 2631 3727
f 3727 2631 2633
f 2637 2639 3727
f 2639 2641 3727
f 3727 2641 2643
f 2643 2645 4530
f 2645 2647 4530
f 4530 2647 2649
f 2669 4530 2667
f 2671 2673 4530
f 2673 2675 4530
f 4530 2675 2677
f 2701 2703 4531
f 2703 2705 4531
f 4531 2705 2707
f 2737 2739 4059
f 2739 2741 4059
f 4059 2741 2743
f 2743 2745 4059
f 2745 2747 4059
f 4059 2747 2749
f 2707 2709 4531
f 2709 2711 4531
f 4531 2711 2713
f 2713 2715 4531
f 2715 2717 4531
f 4531 2717 2719
f 2749 2751 4059
f 2751 2753 4059
f 4059 2753 2755
f 2649 2651 4530
f 2651 2653 4530
f 4530 2653 2655
f 2661 2663 4530
f 2663 2665 4530
f 4530 2665 2667
f 2719 2721 4531
f 2721 2723 4531
f 4531 2723 4059
f 2723 2725 4059
f 4059 2725 2727
f 2655 2657 4530
f 2657 2659 4530
f 4530 2659 2661
f 2411 2413 4532
f 4532 2413 4533
f 2413 2415 4533
f 4533 2415 4534
f 2415 2417 4534
f 4534 2417 4535
f 2417 2419 4535
f 4535 2419 4536
f 2419 2421 4536
f 4536 2421 4537
f 2421 2423 4537
f 4537 2423 4538
f 2423 2425 4538
f 4538 2425 4539
f 2425 2427 4539
f 4539 2427 4540
f 4540 2427 4541
f 2427 2429 4541
f 4541 2429 2431
f 2467 3787 2465
f 3787 2463 2465
f 2477 3787 2475
f 3787 2473 2475
f 2365 2367 3791
f 2367 2369 3791
f 3791 2369 2371
f 2371 2373 3791
f 2373 2375 3791
f 3791 2375 2377
f 2403 2405 4542
f 2405 2407 4542
f 2407 2409 4542
f 4542 2409 2411
f 2431 2433 4541
f 2433 2435 4541
f 4541 2435 2437
f 4541 2443 2445
f 2455 4541 2453
f 4541 2451 2453
f 2467 2469 3787
f 2469 2471 3787
f 3787 2471 2473
f 2477 2479 3787
f 2479 2481 3787
f 3787 2481 2483
f 2357 2359 3791
f 2377 2379 3791
f 2379 2381 3791
f 3791 2381 4542
f 2381 2383 4542
f 4542 2383 2385
f 2385 2387 4542
f 2387 2389 4542
f 4542 2389 2391
f 2437 2439 4541
f 2439 2441 4541
f 4541 2441 2443
f 2445 2447 4541
f 2447 2449 4541
f 4541 2449 2451
f 2455 2457 4541
f 2457 2459 4541
f 4541 2459 3787
f 2459 2461 3787
f 3787 2461 2463
f 2351 3791 2349
f 3791 2347 2349
f 2391 2393 4542
f 2393 2395 4542
f 4542 2395 2397
f 2483 2485 3787
f 2485 2487 3787
f 3787 2487 3791
f 2487 2489 3791
f 3791 2489 2347
f 2359 2361 3791
f 2361 2363 3791
f 3791 2363 2365
f 2397 2399 4542
f 2399 2401 4542
f 4542 2401 2403
f 2351 2353 3791
f 2353 2355 3791
f 3791 2355 2357
f 2333 2335 3722
f 2335 2337 3722
f 3722 2337 3723
f 2337 2339 3723
f 3723 2339 2341
f 2279 2281 3857
f 2281 2283 3857
f 3857 2283 2285
f 2291 2293 4543
f 2293 2295 4543
f 2301 2303 4543
f 2303 2305 4543
f 4543 2305 4544
f 2305 2307 4544
f 4544 2307 4545
f 2307 2309 4545
f 4545 2309 4546
f 2309 2311 4546
f 4546 2311 4547
f 2311 2313 4547
f 4547 2313 4548
f 2313 2315 4548
f 4548 2315 4549
f 2315 2317 4549
f 4549 2317 4550
f 2317 2319 4550
f 4550 2319 4551
f 2319 2321 4551
f 4551 2321 4552
f 2321 2323 4552
f 4552 2323 4553
f 2323 2325 4553
f 4553 2325 4554
f 2325 2327 4554
f 4554 2327 4555
f 2327 2329 4555
f 4555 2329 3722
f 2329 2331 3722
f 3722 2331 2333
f 2285 2287 4543
f 2287 2289 4543
f 4543 2289 2291
f 2295 2297 4543
f 2297 2299 4543
f 4543 2299 2301
f 1915 1917 4455
f 1961 1963 4556
f 1963 1965 4556
f 1917 1919 4455
f 1919 1921 4455
f 4455 1921 1923
f 1955 1957 4556
f 1957 1959 4556
f 4556 1959 1961
f 1923 1925 4455
f 1925 1927 4455
f 4455 1927 1929
f 4455 1935 1937
f 1939 1941 4556
f 1941 1943 4556
f 1929 1931 4455
f 1931 1933 4455
f 4455 1933 1935
f 1943 1945 4556
f 1945 1947 4556
f 4556 1947 1949
f 1949 1951 4556
f 1951 1953 4556
f 4556 1953 1955
f 1975 1977 4557
f 1975 4557 1973
f 1965 1967 4556
f 1967 1969 4556
f 4556 1969 4557
f 1969 1971 4557
f 4557 1971 1973
f 1907 1909 4558
f 1909 1911 4558
f 4558 1911 4455
f 1911 1913 4455
f 4455 1913 1915
f 1983 4559 1981
f 4559 4557 1981
f 1981 4557 1979
f 4557 1977 1979
f 1901 1903 4558
f 1903 1905 4558
f 4558 1905 1907
f 1887 1889 4366
f 1889 1891 4366
f 4366 1891 1893
f 1893 1895 4366
f 1895 1897 4366
f 4366 1897 1899
f 1983 1985 4559
f 1985 1987 4559
f 4559 1987 1989
f 2005 4559 2003
f 4559 2001 2003
f 1989 1991 4559
f 1991 1993 4559
f 4559 1993 1995
f 1995 1997 4559
f 1997 1999 4559
f 4559 1999 2001
f 2005 2007 4559
f 2007 2009 4559
f 4559 2009 2011
f 2011 1869 4559
f 1869 1871 4559
f 4559 1871 4366
f 1871 1873 4366
f 4366 1873 1875
f 1875 1877 4366
f 1877 1879 4366
f 4366 1879 1881
f 1881 1883 4366
f 1883 1885 4366
f 4366 1885 1887
f 4560 1761 1763
f 1769 4561 1767
f 4561 4560 1767
f 1767 4560 1765
f 4560 1763 1765
f 1733 1735 4562
f 1735 1737 4562
f 1743 4560 1741
f 4560 1739 1741
f 1713 1715 4562
f 1721 1723 4562
f 1723 1725 4562
f 4562 1725 1727
f 1727 1729 4562
f 1729 1731 4562
f 4562 1731 1733
f 1715 1717 4562
f 1717 1719 4562
f 4562 1719 1721
f 1743 1745 4560
f 1745 1747 4560
f 4560 1747 1749
f 1755 1757 4560
f 1757 1759 4560
f 4560 1759 1761
f 1749 1751 4560
f 1751 1753 4560
f 4560 1753 1755
f 1769 1771 4561
f 1771 1773 4561
f 4561 1773 1775
f 1705 4563 1703
f 4563 1701 1703
f 1705 1707 4563
f 1707 1709 4563
f 4563 1709 4562
f 1709 1711 4562
f 4562 1711 1713
f 1775 1777 4561
f 1777 1779 4561
f 4561 1779 3858
f 1779 1781 3858
f 1685 1687 3854
f 1781 1783 3858
f 1783 1785 3858
f 3858 1785 1787
f 1787 1789 3858
f 1789 1791 3858
f 3858 1791 1793
f 3858 1799 1801
f 1687 1689 3854
f 1689 1691 3854
f 3854 1691 1693
f 1793 1795 3858
f 1795 1797 3858
f 3858 1797 1799
f 1801 1803 3858
f 1803 1805 3858
f 3858 1805 1807
f 1679 1681 3854
f 1681 1683 3854
f 3854 1683 1685
f 1693 1695 3854
f 1695 1697 3854
f 3854 1697 4563
f 1697 1699 4563
f 4563 1699 1701
f 1671 1673 3854
f 1807 1809 3858
f 1809 1667 3858
f 3858 1667 3854
f 1667 1669 3854
f 3854 1669 1671
f 1673 1675 3854
f 1675 1677 3854
f 3854 1677 1679
f 1585 1587 3860
f 1587 1589 3860
f 3860 1589 1591
f 1617 1619 3860
f 1591 1593 3860
f 1593 1595 3860
f 3860 1595 1597
f 1597 1599 3860
f 1599 1601 3860
f 3860 1601 1603
f 1617 3860 1615
f 1573 3946 1571
f 3946 1569 1571
f 1583 3946 1581
f 3946 1579 1581
f 1603 1605 3860
f 1605 1607 3860
f 3860 1607 1609
f 1573 1575 3946
f 1575 1577 3946
f 3946 1577 1579
f 1609 1611 3860
f 1611 1613 3860
f 3860 1613 1615
f 1627 1629 3869
f 1629 1631 3869
f 3869 1631 1633
f 1619 1621 3860
f 1621 1623 3860
f 3860 1623 3869
f 1623 1625 3869
f 3869 1625 1627
f 1543 1545 3948
f 1545 1547 3948
f 3948 1547 1549
f 1549 1551 3948
f 1551 1553 3948
f 3948 1553 1555
f 1563 1565 3946
f 1565 1567 3946
f 3946 1567 1569
f 1555 1557 3948
f 1557 1559 3948
f 3948 1559 3946
f 1559 1561 3946
f 3946 1561 1563
f 1641 1643 3868
f 1633 1635 3869
f 1635 1637 3869
f 3869 1637 3868
f 1637 1639 3868
f 3868 1639 1641
f 1659 3868 1657
f 3868 1655 1657
f 1643 1645 3868
f 1645 1647 3868
f 3868 1647 1649
f 1659 1517 3868
f 1517 1519 3868
f 3868 1519 3947
f 1519 1521 3947
f 1521 1523 3947
f 1523 1525 3947
f 3947 1525 1527
f 1543 3948 1541
f 3948 3947 1541
f 1541 3947 1539
f 1649 1651 3868
f 1651 1653 3868
f 3868 1653 1655
f 1527 1529 3947
f 1529 1531 3947
f 3947 1531 1533
f 1533 1535 3947
f 1535 1537 3947
f 3947 1537 1539
f 4510 3014 3012
f 3014 4510 3016
f 4510 4498 3016
f 3016 4498 3018
f 3012 3010 4510
f 3010 3008 4510
f 4510 3008 3006
f 3006 3004 4510
f 3004 3002 4510
f 4510 3002 3000
f 3000 2998 4510
f 2998 2996 4510
f 4510 2996 2994
f 2992 2990 4564
f 2990 3132 4564
f 3108 3730 3110
f 3730 4564 3110
f 3110 4564 3112
f 4564 3126 3124
f 3124 3122 4564
f 3122 3120 4564
f 4564 3120 3118
f 3118 3116 4564
f 3116 3114 4564
f 4564 3114 3112
f 3132 3130 4564
f 3130 3128 4564
f 4564 3128 3126
f 3106 3104 3730
f 3104 3102 3730
f 3730 3102 3100
f 3034 3032 4565
f 3092 3090 4566
f 3090 3088 4566
f 3056 3054 4565
f 3100 3098 3730
f 3098 3096 3730
f 3730 3096 4566
f 3096 3094 4566
f 4566 3094 3092
f 3034 4565 3036
f 3024 3022 4498
f 3022 3020 4498
f 4498 3020 3018
f 3088 3086 4566
f 3086 3084 4566
f 4566 3084 3082
f 3082 3080 4566
f 3080 3078 4566
f 4566 3078 3076
f 3054 3052 4565
f 3052 3050 4565
f 4565 3050 3048
f 3032 3030 4565
f 3030 3028 4565
f 4565 3028 4498
f 3028 3026 4498
f 4498 3026 3024
f 3076 3074 4566
f 3074 3072 4566
f 4566 3072 3070
f 3070 3068 4566
f 3068 3066 4566
f 4566 3066 3064
f 3062 3060 4565
f 3060 3058 4565
f 4565 3058 3056
f 3042 3040 4565
f 3040 3038 4565
f 4565 3038 3036
f 3048 3046 4565
f 3046 3044 4565
f 4565 3044 3042
f 1272 1270 4567
f 1272 4567 1274
f 1312 1310 4568
f 1310 1308 4568
f 4568 1308 1306
f 1306 1304 4568
f 1304 1302 4568
f 4568 1302 1300
f 1236 1234 4180
f 1340 1338 4174
f 1300 1298 4568
f 1298 1296 4568
f 4568 1296 1294
f 1294 1292 4568
f 1292 1290 4568
f 4568 1290 1288
f 1286 1284 4567
f 1284 1282 4567
f 4567 1282 1280
f 1280 1278 4567
f 1278 1276 4567
f 4567 1276 1274
f 1270 1268 4567
f 1268 1266 4567
f 4567 1266 1264
f 1250 1248 4180
f 1234 1232 4180
f 1232 1230 4180
f 4180 1230 1228
f 1228 1226 4180
f 1226 1224 4180
f 4180 1224 1222
f 1222 1220 4180
f 1220 1218 4180
f 4180 1218 4174
f 1218 1216 4174
f 4174 1216 1358
f 1358 1356 4174
f 1356 1354 4174
f 4174 1354 1352
f 1352 1350 4174
f 1350 1348 4174
f 4174 1348 1346
f 1264 1262 4567
f 1262 1260 4567
f 4567 1260 1258
f 1248 1246 4180
f 1246 1244 4180
f 4180 1244 1242
f 1258 1256 4567
f 1256 1254 4567
f 4567 1254 4180
f 1254 1252 4180
f 4180 1252 1250
f 1242 1240 4180
f 1240 1238 4180
f 4180 1238 1236
f 1346 1344 4174
f 1344 1342 4174
f 4174 1342 1340
f 1338 1336 4174
f 1336 1334 4174
f 4174 1334 4569
f 1334 1332 4569
f 4569 1332 1330
f 1330 1328 4569
f 1328 1326 4569
f 4569 1326 1324
f 4570 1322 1320
f 1320 1318 4570
f 1318 1316 4570
f 4570 1316 4568
f 1316 1314 4568
f 4568 1314 1312
f 4571 3272 3270
f 3270 3268 4571
f 3268 3266 4571
f 4571 3266 4572
f 3266 3264 4572
f 4572 3264 3406
f 4572 3400 3398
f 3278 3276 4571
f 3276 3274 4571
f 4571 3274 3272
f 3406 3404 4572
f 3404 3402 4572
f 4572 3402 3400
f 3286 3284 4573
f 3284 3282 4573
f 4573 3282 4571
f 3282 3280 4571
f 4571 3280 3278
f 4574 3290 4573
f 3290 3288 4573
f 4573 3288 3286
f 4575 4576 3320
f 3320 3318 4575
f 3318 3316 4575
f 4575 3316 3314
f 3296 4574 3298
f 4574 3300 3298
f 3296 3294 4574
f 3294 3292 4574
f 4574 3292 3290
f 3314 3312 4575
f 3312 3310 4575
f 4575 3310 3308
f 3308 3306 4575
f 3306 3304 4575
f 4575 3304 4574
f 3304 3302 4574
f 4574 3302 3300
f 3348 3346 4577
f 3346 3344 4577
f 3344 3342 4577
f 4577 3342 3340
f 3332 3330 4576
f 3330 3328 4576
f 4576 3328 3326
f 3340 3338 4577
f 3338 3336 4577
f 4577 3336 4576
f 3336 3334 4576
f 4576 3334 3332
f 3326 3324 4576
f 3324 3322 4576
f 4576 3322 3320
f 3380 3378 3761
f 3378 3376 3761
f 3761 3376 3374
f 3366 3364 4578
f 3364 3362 4578
f 3362 3360 4578
f 3360 3358 4578
f 4578 3358 3356
f 3356 3354 4578
f 3354 3352 4578
f 4578 3352 4577
f 3352 3350 4577
f 4577 3350 3348
f 3374 3372 3761
f 3372 3370 3761
f 3761 3370 4578
f 3370 3368 4578
f 4578 3368 3366
f 3398 3396 4572
f 3396 3394 4572
f 4572 3394 3762
f 3394 3392 3762
f 3392 3390 3762
f 3762 3390 3388
f 3388 3386 3762
f 3386 3384 3762
f 3762 3384 3761
f 3384 3382 3761
f 3761 3382 3380
f 1384 1382 4567
f 4568 1374 1372
f 1382 1380 4567
f 1380 1378 4567
f 4567 1378 1376
f 1288 1286 4568
f 1286 4567 4568
f 4568 4567 1374
f 4567 1376 1374
f 1372 1514 4568
f 1514 1512 4568
f 4568 1512 1510
f 4579 1394 1392
f 1392 1390 4579
f 1390 1388 4579
f 4579 1388 4567
f 1388 1386 4567
f 4567 1386 1384
f 1400 4579 1402
f 4579 4580 1402
f 1400 1398 4579
f 1398 1396 4579
f 4579 1396 1394
f 1408 1406 4580
f 1406 1404 4580
f 4580 1404 1402
f 1416 1414 3713
f 1414 1412 3713
f 3713 1412 4580
f 1412 1410 4580
f 4580 1410 1408
f 1452 1450 4581
f 1450 1448 4581
f 4581 1448 1446
f 1430 1428 3713
f 1422 1420 3713
f 1420 1418 3713
f 3713 1418 1416
f 1446 1444 4581
f 1444 1442 4581
f 4581 1442 3713
f 1442 1440 3713
f 1440 1438 3713
f 3713 1438 1436
f 1428 1426 3713
f 1426 1424 3713
f 3713 1424 1422
f 1436 1434 3713
f 1434 1432 3713
f 3713 1432 1430
f 1480 4574 1482
f 4574 1484 1482
f 1472 1470 4575
f 1470 1468 4575
f 4575 1468 1466
f 1466 1464 4575
f 1464 1462 4575
f 4575 1462 1460
f 1460 1458 4575
f 1458 1456 4575
f 4575 1456 4581
f 1456 1454 4581
f 4581 1454 1452
f 1480 1478 4574
f 1478 1476 4574
f 4574 1476 4575
f 1476 1474 4575
f 4575 1474 1472
f 4573 1500 1498
f 1498 1496 4573
f 1496 1494 4573
f 4573 1494 1492
f 1492 1490 4573
f 1490 1488 4573
f 4573 1488 4574
f 1488 1486 4574
f 4574 1486 1484
f 1510 1508 4568
f 1508 1506 4568
f 4568 1506 4570
f 1506 1504 4570
f 4570 1504 1502
f 1192 3715 1194
f 3715 1196 1194
f 1070 1068 3714
f 1068 1066 3714
f 1066 1064 3714
f 1064 1062 3714
f 3714 1062 1060
f 3715 1180 1178
f 4582 1084 3714
f 1084 1082 3714
f 1060 1058 3714
f 1058 1056 3714
f 3714 1056 3715
f 1056 1198 3715
f 3715 1198 1196
f 1192 1190 3715
f 1190 1188 3715
f 3715 1188 1186
f 1082 1080 3714
f 1080 1078 3714
f 3714 1078 1076
f 1186 1184 3715
f 1184 1182 3715
f 3715 1182 1180
f 1076 1074 3714
f 1074 1072 3714
f 3714 1072 1070
f 1142 1140 3729
f 1154 1152 3729
f 1152 1150 3729
f 3729 1150 1148
f 1134 1132 3729
f 1132 1130 3729
f 1126 1124 4583
f 1148 1146 3729
f 1146 1144 3729
f 3729 1144 1142
f 1140 1138 3729
f 1138 1136 3729
f 3729 1136 1134
f 1126 4583 1128
f 1124 1122 4583
f 1122 1120 4583
f 4583 1120 1118
f 1092 1090 4582
f 1118 1116 4583
f 1116 1114 4583
f 4583 1114 1112
f 1090 1088 4582
f 1088 1086 4582
f 4582 1086 1084
f 1112 1110 4583
f 1110 1108 4583
f 4583 1108 1106
f 1106 1104 4583
f 1104 1102 4583
f 4583 1102 1100
f 1100 1098 4583
f 1098 1096 4583
f 4583 1096 4582
f 1096 1094 4582
f 4582 1094 1092
f 1172 1170 3728
f 1170 1168 3728
f 3728 1168 1166
f 1166 1164 3728
f 1164 1162 3728
f 3728 1162 3752
f 1162 1160 3752
f 3752 1160 1158
f 1178 1176 3715
f 1176 1174 3715
f 3715 1174 4584
f 2643 4530 3727
f 4530 1359 3727
f 3727 1359 1361
f 4585 4530 4586
f 4530 4587 4586
f 4585 4588 4530
f 4588 4589 4530
f 4530 4589 1359
f 4590 4591 4530
f 4590 4530 4592
f 4591 4593 4530
f 4593 4594 4530
f 4530 4594 4587
f 4529 4595 2677
f 4595 4596 2677
f 2677 4596 4530
f 4596 4597 4530
f 4530 4597 4592
f 3410 3408 4531
f 3408 4598 4531
f 4531 4598 4599
f 2691 2693 4518
f 2693 4531 4518
f 4518 4531 4600
f 4531 4599 4600
f 1199 1201 4317
f 1201 1203 4317
f 4317 1203 4315
f 1203 1205 4315
f 4315 1205 4344
f 1205 1207 4344
f 4344 1207 1209
f 4601 4602 4542
f 2411 4532 4542
f 4532 4603 4542
f 4542 4603 4601
f 4604 4605 4541
f 4605 4606 4541
f 4541 4606 4607
f 4607 4608 4541
f 4608 4609 4541
f 4541 4609 4540
f 4610 4611 4612
f 4612 4613 4610
f 4613 4614 4610
f 4610 4614 4615
f 4616 4610 4617
f 4610 4618 4617
f 4617 4618 4619
f 4616 4620 4610
f 4620 4621 4610
f 4610 4621 4622
f 4622 4623 4610
f 4623 4624 4610
f 4610 4624 4611
f 2 4625 3766
f 4625 4626 3766
f 3766 4626 4627
f 4627 4628 3766
f 4628 4629 3766
f 3766 4629 3767
f 2 80 4625
f 80 78 4625
f 4625 78 4630
f 78 76 4630
f 4630 76 4631
f 76 3765 4631
f 4631 3765 4632
f 3765 3756 4632
f 4632 3756 3852
f 3756 116 3852
f 3852 116 132
f 3726 3725 4633
f 3725 3850 4633
f 4633 3850 4634
f 4634 3850 4635
f 3850 4636 4635
f 4635 4636 4637
f 4637 4636 4638
f 4636 3857 4638
f 4638 3857 4639
f 2285 4543 3857
f 4543 4640 3857
f 3857 4640 4639
f 4641 4642 3723
f 4642 4643 3723
f 4643 4644 3723
f 3723 4644 3721
f 2014 3137 3719
f 3137 4645 3719
f 3719 4645 3723
f 4645 4646 3723
f 3723 4646 4641
f 278 276 3719
f 276 346 3719
f 3719 346 3720
f 346 3853 3720
f 3720 3853 2014
f 3853 2016 2014
f 3717 2929 3718
f 2929 2044 3718
f 3718 2044 2042
f 2125 3868 2123
f 3868 2121 2123
f 2131 2133 3868
f 3947 2111 2113
f 2173 2175 3182
f 2175 2177 3182
f 2097 2099 3947
f 2113 2115 3947
f 2115 2117 3947
f 3947 2117 3868
f 2117 2119 3868
f 3868 2119 2121
f 2125 2127 3868
f 2127 2129 3868
f 3868 2129 2131
f 2139 2141 3868
f 2177 2179 3182
f 2179 2181 3182
f 3182 2181 2183
f 2183 2185 3182
f 2185 2187 3182
f 3182 2187 3180
f 2187 2189 3180
f 3180 2189 3178
f 2189 2191 3178
f 3178 2191 3176
f 2061 2063 3161
f 2063 2065 3161
f 3161 2065 2067
f 2099 2101 3947
f 2101 2103 3947
f 3947 2103 2105
f 2167 2169 3182
f 2169 2171 3182
f 3182 2171 2173
f 2191 2049 3176
f 2049 2051 3176
f 3176 2051 3174
f 2051 2053 3174
f 3174 2053 3172
f 2053 2055 3172
f 3172 2055 3170
f 2055 2057 3170
f 3170 2057 3168
f 2057 2059 3168
f 3168 2059 3166
f 2059 2061 3166
f 3166 2061 3164
f 2061 3161 3164
f 2067 2069 3161
f 2069 2071 3161
f 3161 2071 2073
f 2105 2107 3947
f 2107 2109 3947
f 3947 2109 2111
f 2133 2135 3868
f 2135 2137 3868
f 3868 2137 2139
f 3161 2079 2081
f 2141 2143 3868
f 2143 2145 3868
f 3868 2145 2147
f 2073 2075 3161
f 2075 2077 3161
f 3161 2077 2079
f 2089 2091 3947
f 2147 2149 3868
f 2149 2151 3868
f 3868 2151 2153
f 2161 2163 3182
f 2163 2165 3182
f 3182 2165 2167
f 2081 2083 3161
f 2083 2085 3161
f 3161 2085 3947
f 2085 2087 3947
f 3947 2087 2089
f 2091 2093 3947
f 2093 2095 3947
f 3947 2095 2097
f 2153 2155 3868
f 2155 2157 3868
f 3868 2157 3182
f 2157 2159 3182
f 3182 2159 2161
f 855 3943 857
f 3943 4647 857
f 857 4647 859
f 4647 4648 859
f 859 4648 861
f 4648 4649 861
f 861 4649 863
f 4649 4650 863
f 863 4650 3944
f 4650 4651 3944
f 3944 4651 4652
f 868 882 3716
f 882 3945 3716
f 3716 3945 3425
f 3945 3944 3425
f 3425 3944 3423
f 3944 4652 3423
f 3488 1368 4384
f 1368 1367 4384
f 4384 1367 3936
f 1367 4653 3936
f 3936 4653 3937
f 3476 4384 3474
f 4384 4396 3474
f 3474 4396 4399
f 3476 3478 4384
f 3478 3480 4384
f 4384 3480 3482
f 3482 3484 4384
f 3484 3486 4384
f 4384 3486 3488
f 3440 3442 4366
f 3442 3444 4366
f 3444 3446 4366
f 4366 3446 3448
f 1899 1901 4366
f 1901 4558 4366
f 4366 4558 3440
f 4558 4455 3440
f 3440 4455 3438
f 4455 4471 3438
f 3438 4471 4458
f 1024 3136 4490
f 3136 3135 4490
f 4490 3135 4406
f 3135 4452 4406
f 4406 4452 3502
f 2925 2927 3901
f 2927 3717 3901
f 3901 3717 3902
f 3717 3718 3902
f 3902 3718 556
f 3718 558 556
f 1583 1585 3946
f 1585 3860 3946
f 3946 3860 4583
f 3860 3729 4583
f 4583 3729 1128
f 3729 1130 1128
f 3865 3753 3860
f 3753 3755 3860
f 3860 3755 3729
f 3755 3752 3729
f 3729 3752 1156
f 3752 1158 1156
f 1174 3728 4584
f 3728 3928 4584
f 4584 3928 4654
f 3928 3749 4654
f 4654 3749 4655
f 3749 3748 4655
f 4655 3748 4656
f 2271 2273 3856
f 2273 3857 3856
f 3856 3857 4657
f 3857 4636 4657
f 4657 4636 3851
f 4636 3850 3851
f 3851 3850 142
f 3850 144 142
f 1937 1939 4455
f 1939 4556 4455
f 4455 4556 3738
f 4556 4409 3738
f 3738 4409 3739
f 4409 4413 3739
f 776 774 3747
f 774 3933 3747
f 3747 3933 4658
f 3933 4659 4658
f 4658 4659 4565
f 4659 4566 4565
f 4565 4566 3062
f 4566 3064 3062
f 3713 3715 4581
f 3715 4584 4581
f 4581 4584 4575
f 4584 4654 4575
f 4575 4654 4576
f 4654 4655 4576
f 4576 4655 4577
f 4655 4656 4577
f 4577 4656 4578
f 1737 1739 4562
f 1739 4560 4562
f 4562 4560 3849
f 4560 4660 3849
f 3849 4660 204
f 432 430 3858
f 430 3856 3858
f 3858 3856 4561
f 3856 4657 4561
f 4561 4657 4560
f 4657 3851 4560
f 4560 3851 4660
f 3851 3757 4660
f 4660 3757 204
f 3757 206 204
f 4661 4492 4662
f 4492 4405 4662
f 4662 4405 4663
f 4405 4409 4663
f 4663 4409 4664
f 4409 4556 4664
f 4664 4556 4665
f 4556 4557 4665
f 4665 4557 3934
f 4557 4559 3934
f 3934 4559 1665
f 4559 4366 1665
f 1665 4366 1663
f 4366 2867 1663
f 1663 2867 2869
f 3934 4666 4665
f 4666 4667 4665
f 4665 4667 4664
f 4667 4668 4664
f 4664 4668 4663
f 4668 4669 4663
f 4663 4669 4662
f 4669 3736 4662
f 4662 3736 4661
f 3736 3735 4661
f 4666 4670 4667
f 4670 4671 4667
f 4667 4671 4668
f 4671 4672 4668
f 4668 4672 4669
f 4672 4673 4669
f 4669 4673 3736
f 4673 3733 3736
f 3736 3733 3734
f 3733 4495 3734
f 4501 3731 4498
f 3731 3733 4498
f 4498 3733 4565
f 3733 4673 4565
f 4565 4673 4658
f 4673 4672 4658
f 4658 4672 3747
f 4672 4671 3747
f 3747 4671 720
f 4671 4670 720
f 720 4670 722
f 4670 4666 722
f 722 4666 724
f 4666 3934 724
f 724 3934 726
f 3934 3526 726
f 726 3526 3524
f 654 652 3748
f 652 3751 3748
f 3748 3751 4656
f 3751 4674 4656
f 4656 4674 4578
f 4674 4675 4578
f 4578 4675 3761
f 4675 4676 3761
f 3761 4676 84
f 650 648 3750
f 648 3855 3750
f 3750 3855 3751
f 3855 4677 3751
f 3751 4677 4674
f 4677 4678 4674
f 4674 4678 4675
f 4678 4679 4675
f 4675 4679 4676
f 4679 4680 4676
f 4676 4680 84
f 4680 86 84
f 368 366 3855
f 366 3854 3855
f 3855 3854 4677
f 3854 4563 4677
f 4677 4563 4678
f 4563 4562 4678
f 4678 4562 4679
f 4562 3849 4679
f 4679 3849 4680
f 3849 3763 4680
f 4680 3763 86
f 3763 88 86
f 1834 3784 3762
f 3784 4681 3762
f 3762 4681 4572
f 4681 4682 4572
f 4572 4682 4571
f 4682 4570 4571
f 4571 4570 4573
f 4570 1502 4573
f 4573 1502 1500
f 1820 3783 3784
f 3783 4683 3784
f 3784 4683 4681
f 4683 4684 4681
f 4681 4684 4682
f 4684 4569 4682
f 4682 4569 4570
f 4569 1324 4570
f 4570 1324 1322
f 4025 4685 4021
f 4685 4020 4021
f 4021 4020 3709
f 4020 3707 3709
f 4101 4686 4032
f 4686 4687 4032
f 4032 4687 4025
f 4687 4477 4025
f 4025 4477 4685
f 4477 4476 4685
f 4685 4476 4020
f 4476 3960 4020
f 4020 3960 2908
f 3960 2910 2908
f 2994 2992 4510
f 2992 4564 4510
f 4510 4564 4480
f 4564 4688 4480
f 4480 4688 4476
f 4688 4689 4476
f 4476 4689 3960
f 4689 3959 3960
f 3960 3959 2512
f 3959 2514 2512
f 746 744 3933
f 744 3932 3933
f 3933 3932 4659
f 3932 4690 4659
f 4659 4690 4566
f 4690 4691 4566
f 4566 4691 3730
f 4691 4692 3730
f 3730 4692 4564
f 4692 4693 4564
f 4564 4693 4688
f 4693 4694 4688
f 4688 4694 4689
f 4694 4695 4689
f 4689 4695 3959
f 4695 4696 3959
f 3959 4696 3952
f 4696 4697 3952
f 904 902 3931
f 902 3946 3931
f 3931 3946 3930
f 3946 4583 3930
f 3930 4583 3932
f 4583 4582 3932
f 3932 4582 4690
f 4582 3714 4690
f 4690 3714 4691
f 3714 3713 4691
f 4691 3713 4692
f 3713 4580 4692
f 4692 4580 4693
f 4580 4579 4693
f 4693 4579 4694
f 4579 4567 4694
f 4694 4567 4695
f 4567 4180 4695
f 4695 4180 4696
f 4180 3741 4696
f 4696 3741 4697
f 3741 3740 4697
f 3827 3826 3760
f 3826 4256 3760
f 3760 4256 3783
f 4256 4206 3783
f 3783 4206 4683
f 4206 4112 4683
f 4683 4112 4684
f 4112 4110 4684
f 4684 4110 4569
f 4110 4109 4569
f 4569 4109 4174
f 4109 4698 4174
f 4174 4698 4182
f 4052 4026 4053
f 4026 4021 4053
f 4053 4021 4008
f 4021 4022 4008
f 4008 4022 2904
f 4022 2906 2904
f 3831 114 3826
f 114 3820 3826
f 3826 3820 4239
f 3820 3821 4239
f 4239 3821 4333
f 3821 4330 4333
f 4061 4054 4059
f 4054 4008 4059
f 4059 4008 4531
f 4008 4000 4531
f 4531 4000 3410
f 4000 3987 3410
f 3410 3987 3412
f 3987 3980 3412
f 3412 3980 3414
f 3980 3971 3414
f 3414 3971 3416
f 3971 3418 3416
f 110 108 3821
f 108 3791 3821
f 3821 3791 4317
f 3791 4542 4317
f 4317 4542 1199
f 4542 4602 1199
f 3770 4699 3758
f 4699 4619 3758
f 3758 4619 3787
f 4619 4618 3787
f 3787 4618 4541
f 4618 4610 4541
f 4541 4610 4604
f 4610 4615 4604
f 4700 3737 4701
f 3737 3739 4701
f 440 439 4702
f 439 3867 4702
f 4702 3867 4703
f 3867 3866 4703
f 4703 3866 4704
f 3866 3873 4704
f 4704 3873 4705
f 3873 3872 4705
f 4705 3872 4706
f 3872 3871 4706
f 4706 3871 4707
f 3871 3870 4707
f 4707 3870 4708
f 3870 3874 4708
f 4708 3874 4709
f 3874 3875 4709
f 4709 3875 4710
f 3875 3876 4710
f 4710 3876 4711
f 3876 3888 4711
f 4711 3888 4712
f 3888 3887 4712
f 4712 3887 4713
f 3887 3877 4713
f 4713 3877 4714
f 3877 3878 4714
f 4714 3878 4715
f 3878 3879 4715
f 4715 3879 4716
f 3879 3886 4716
f 4716 3886 4717
f 3886 3885 4717
f 4717 3885 4718
f 3885 3884 4718
f 4718 3884 4719
f 3884 3897 4719
f 4719 3897 4720
f 3897 3896 4720
f 4720 3896 4721
f 3896 3895 4721
f 4721 3895 4722
f 3895 3894 4722
f 4722 3894 4723
f 3894 3893 4723
f 4723 3893 4724
f 3893 3892 4724
f 4724 3892 4725
f 3892 3891 4725
f 4725 3891 4726
f 3891 3883 4726
f 4726 3883 4727
f 3883 3882 4727
f 4727 3882 4728
f 3882 3881 4728
f 4728 3881 4729
f 3881 3880 4729
f 4729 3880 4730
f 3880 3900 4730
f 4730 3900 4731
f 3900 3899 4731
f 4731 3899 4732
f 3899 3890 4732
f 4732 3890 4733
f 3890 3889 4733
f 4733 3889 4734
f 3889 3898 4734
f 4734 3898 435
f 3898 436 435
f 4616 4735 4736
f 4616 4736 4620
f 4736 4737 4620
f 4620 4737 4621
f 4737 4738 4621
f 4621 4738 4622
f 4738 4739 4622
f 4622 4739 4623
f 4739 4740 4623
f 4623 4740 4624
f 4740 4741 4624
f 4624 4741 4611
f 4741 4742 4611
f 4611 4742 4612
f 4742 4743 4612
f 4612 4743 4613
f 4743 4744 4613
f 4613 4744 4614
f 4744 4745 4614
f 4614 4745 4615
f 4745 4746 4615
f 4615 4746 4604
f 4746 4747 4604
f 4604 4747 4605
f 4747 4748 4605
f 4605 4748 4606
f 4748 4749 4606
f 4606 4749 4607
f 4749 4750 4607
f 4607 4750 4608
f 4750 4751 4608
f 4608 4751 4609
f 4751 4752 4609
f 4609 4752 4540
f 4752 4753 4540
f 4540 4753 4539
f 4753 4754 4539
f 4539 4754 4538
f 4754 4755 4538
f 4538 4755 4537
f 4755 4756 4537
f 4537 4756 4536
f 4756 4757 4536
f 4536 4757 4535
f 4757 4758 4535
f 4535 4758 4534
f 4758 4759 4534
f 4534 4759 4533
f 4759 4760 4533
f 4533 4760 4532
f 4760 4761 4532
f 4532 4761 4603
f 4761 4762 4603
f 4603 4762 4601
f 4762 4763 4601
f 4601 4763 4602
f 4763 1200 4602
f 4602 1200 1199
f 4764 3935 3503
f 3935 3504 3503
f 4765 4094 4766
f 4094 4093 4766
f 1515 1516 4767
f 1516 3814 4767
f 4767 3814 4768
f 3814 3813 4768
f 4768 3813 4769
f 3813 3812 4769
f 4769 3812 4770
f 3812 3811 4770
f 4770 3811 4771
f 3811 3805 4771
f 4771 3805 4772
f 3805 3804 4772
f 4772 3804 4773
f 3804 3819 4773
f 4773 3819 4774
f 3819 3818 4774
f 4774 3818 4775
f 3818 3817 4775
f 4775 3817 4776
f 3817 3816 4776
f 4776 3816 4777
f 3816 3815 4777
f 4777 3815 4778
f 3815 3789 4778
f 4778 3789 4779
f 3789 3788 4779
f 4779 3788 4780
f 3788 3810 4780
f 4780 3810 4781
f 3810 3809 4781
f 4781 3809 4782
f 3809 3808 4782
f 4782 3808 4783
f 3808 3807 4783
f 4783 3807 4784
f 3807 3806 4784
f 4784 3806 4785
f 3806 3794 4785
f 4785 3794 4786
f 3794 3793 4786
f 4786 3793 4787
f 3793 3792 4787
f 4787 3792 4788
f 3792 3786 4788
f 4788 3786 4789
f 3786 3785 4789
f 4789 3785 4790
f 3785 3803 4790
f 4790 3803 4791
f 3803 3802 4791
f 4791 3802 4792
f 3802 3801 4792
f 4792 3801 4793
f 3801 3800 4793
f 4793 3800 4794
f 3800 3799 4794
f 4794 3799 4795
f 3799 3798 4795
f 4795 3798 4796
f 3798 3797 4796
f 4796 3797 4797
f 3797 3796 4797
f 4797 3796 4798
f 3796 3795 4798
f 4798 3795 4799
f 3795 3790 4799
f 4799 3790 105
f 3790 106 105
f 4286 4800 4287
f 4800 4801 4287
f 4287 4801 4288
f 4801 4802 4288
f 4288 4802 4289
f 4802 4803 4289
f 4289 4803 4267
f 4803 4804 4267
f 4267 4804 4254
f 4804 4805 4254
f 4254 4805 4255
f 4805 4806 4255
f 4255 4806 4306
f 4806 4807 4306
f 4306 4807 4307
f 4807 4808 4307
f 4307 4808 4308
f 4808 4809 4308
f 4308 4809 4313
f 4809 4810 4313
f 4313 4810 4314
f 4810 4811 4314
f 4314 4811 4309
f 4811 4812 4309
f 4309 4812 4310
f 4812 4813 4310
f 4310 4813 4311
f 4813 4814 4311
f 4311 4814 4303
f 4814 4815 4303
f 4303 4815 4304
f 4815 4816 4304
f 4304 4816 4305
f 4816 4817 4305
f 4305 4817 4246
f 4817 4818 4246
f 4246 4818 4247
f 4818 4819 4247
f 4247 4819 4249
f 4819 4820 4249
f 4249 4820 4268
f 4820 4821 4268
f 4268 4821 4269
f 4821 4822 4269
f 4269 4822 4270
f 4822 4823 4270
f 4270 4823 4271
f 4823 4824 4271
f 4271 4824 4272
f 4824 4825 4272
f 4272 4825 4273
f 4825 4826 4273
f 4273 4826 4298
f 4826 4827 4298
f 4298 4827 4299
f 4827 4828 4299
f 4299 4828 4300
f 4828 4829 4300
f 4300 4829 4274
f 4829 4830 4274
f 4274 4830 4275
f 4830 4831 4275
f 4275 4831 4277
f 4831 4832 4277
f 4277 4832 4278
f 4832 4833 4278
f 4278 4833 4290
f 4833 4834 4290
f 4290 4834 4291
f 4834 4835 4291
f 4291 4835 4292
f 4835 4836 4292
f 4292 4836 4242
f 4836 4837 4242
f 4242 4837 4243
f 4837 4838 4243
f 4243 4838 4244
f 4838 4839 4244
f 4244 4839 4245
f 4839 4840 4245
f 4245 4840 4250
f 4840 4841 4250
f 4250 4841 4251
f 4841 4842 4251
f 4251 4842 4241
f 4842 4843 4241
f 4241 4843 4240
f 4843 4844 4240
f 4240 4844 4238
f 4844 4845 4238
f 4238 4845 4257
f 4845 4846 4257
f 4257 4846 4258
f 4846 4847 4258
f 4258 4847 4259
f 4847 4848 4259
f 4259 4848 4279
f 4848 4849 4279
f 4279 4849 4280
f 4849 4850 4280
f 4280 4850 4260
f 4850 4851 4260
f 4260 4851 4261
f 4851 4852 4261
f 4261 4852 4293
f 4852 4853 4293
f 4293 4853 4294
f 4853 4854 4294
f 4294 4854 4295
f 4854 4855 4295
f 4295 4855 4262
f 4855 4856 4262
f 4262 4856 4263
f 4856 4857 4263
f 4263 4857 4264
f 4857 4858 4264
f 4264 4858 4281
f 4858 4859 4281
f 4281 4859 4282
f 4859 4860 4282
f 4282 4860 4283
f 4860 4861 4283
f 4283 4861 4296
f 4861 4862 4296
f 4296 4862 4297
f 4862 4863 4297
f 4297 4863 4265
f 4863 4864 4265
f 4265 4864 4266
f 4864 4865 4266
f 4266 4865 4301
f 4865 4866 4301
f 4301 4866 4302
f 4866 4867 4302
f 4302 4867 4252
f 4867 4868 4252
f 4252 4868 4253
f 4868 4869 4253
f 4253 4869 4284
f 4869 4870 4284
f 4284 4870 4285
f 4870 4871 4285
f 4285 4871 4286
f 4871 4800 4286
f 4872 3734 4873
f 3734 4495 4873
f 4873 4495 4874
f 4495 4494 4874
f 4874 4494 4875
f 4494 4493 4875
f 4875 4493 4876
f 4493 3732 4876
f 4876 3732 4877
f 3732 3731 4877
f 4877 3731 4878
f 3731 4501 4878
f 4878 4501 4879
f 4501 4500 4879
f 4879 4500 4880
f 4500 4499 4880
f 4880 4499 4881
f 4499 4497 4881
f 4881 4497 4882
f 4497 4496 4882
f 4882 4496 4883
f 4496 4517 4883
f 4883 4517 4884
f 4517 4516 4884
f 4884 4516 4885
f 4516 4515 4885
f 4885 4515 4886
f 4515 4514 4886
f 4886 4514 4887
f 4514 4513 4887
f 4887 4513 4888
f 4513 4512 4888
f 4888 4512 4889
f 4512 4511 4889
f 4889 4511 4890
f 4511 4509 4890
f 4890 4509 4891
f 4509 4508 4891
f 4891 4508 4892
f 4508 4507 4892
f 4892 4507 4893
f 4507 4506 4893
f 4893 4506 4894
f 4506 4505 4894
f 4894 4505 4895
f 4505 4504 4895
f 4895 4504 4896
f 4504 4503 4896
f 4896 4503 4897
f 4503 4502 4897
f 4897 4502 4898
f 4502 4479 4898
f 4898 4479 4899
f 4479 4478 4899
f 4899 4478 4900
f 4478 4475 4900
f 4900 4475 4901
f 4475 4474 4901
f 4902 4903 4904
f 275 4905 4906
f 651 4907 649
f 881 866 4908
f 4909 4910 4911
f 4701 4912 4700
f 2430 2428 4913
f 4914 4915 1366
f 4916 1212 1210
f 4742 4741 4917
f 3475 3473 4918
f 4919 4920 3133
f 1169 1171 4921
f 1173 4922 4923
f 4924 4925 4926
f 4927 4764 4928
f 2901 2903 4929
f 741 743 4930
f 4931 4932 131
f 1843 1845 4933
f 2607 2609 89
f 2559 2561 4934
f 2561 2563 4934
f 4934 2563 4935
f 2595 2597 89
f 2597 2599 89
f 89 2599 2601
f 4935 2595 4936
f 2595 89 4936
f 4936 89 4937
f 89 4938 4937
f 4937 4938 4939
f 2601 2603 89
f 2603 2605 89
f 89 2605 2607
f 4935 2575 2577
f 2563 2565 4935
f 2565 2567 4935
f 4935 2567 2569
f 2569 2571 4935
f 2571 2573 4935
f 4935 2573 2575
f 2577 2579 4935
f 2579 2581 4935
f 4935 2581 2583
f 2583 2585 4935
f 2585 2587 4935
f 4935 2587 2589
f 2589 2591 4935
f 2591 2593 4935
f 4935 2593 2595
f 6 8 4940
f 8 10 4940
f 10 12 4940
f 4940 12 4941
f 12 14 4941
f 4941 14 4942
f 14 16 4942
f 4942 16 4943
f 16 18 4943
f 4943 18 4944
f 18 20 4944
f 4944 20 4945
f 20 22 4945
f 4945 22 4934
f 22 24 4934
f 4934 24 2559
f 79 1 4946
f 1 4 4946
f 4946 4 6
f 4947 4948 4949
f 4948 75 4949
f 4949 75 4950
f 75 77 4950
f 61 63 4948
f 4951 51 53
f 63 65 4948
f 65 67 4948
f 4948 67 69
f 69 71 4948
f 71 73 4948
f 4948 73 75
f 53 55 4951
f 55 57 4951
f 4951 57 4948
f 57 59 4948
f 4948 59 61
f 4952 43 4951
f 43 45 4951
f 45 47 4951
f 47 49 4951
f 4951 49 51
f 27 29 4952
f 29 31 4952
f 31 33 4952
f 33 35 4952
f 4952 35 37
f 37 39 4952
f 39 41 4952
f 4952 41 43
f 4953 83 85
f 83 4953 81
f 4953 4954 81
f 81 4954 1867
f 1845 1847 4954
f 1847 1849 4954
f 1861 1863 4954
f 1863 1865 4954
f 4954 1865 1867
f 1849 1851 4954
f 1851 1853 4954
f 4954 1853 1855
f 1855 1857 4954
f 1857 1859 4954
f 4954 1859 1861
f 4955 1821 1823
f 1823 1825 4955
f 1825 1827 4955
f 4955 1827 1829
f 1829 1831 4955
f 1831 1833 4955
f 4955 1833 4933
f 1833 1835 4933
f 4933 1835 1837
f 1837 1839 4933
f 1839 1841 4933
f 4933 1841 1843
f 1811 1813 4956
f 1811 4956 2201
f 1813 1815 4956
f 1815 1817 4956
f 4956 1817 4955
f 1817 1819 4955
f 4955 1819 1821
f 2197 2199 4904
f 2199 2201 4904
f 4904 2201 4957
f 4958 4959 2197
f 2609 2611 89
f 2611 2193 89
f 89 2193 3431
f 2193 2195 3431
f 3431 2195 4960
f 2195 2197 4960
f 4960 2197 4961
f 2197 4959 4961
f 4904 4903 2197
f 4903 4962 2197
f 2197 4962 4958
f 4951 115 117
f 117 119 4951
f 119 121 4951
f 4951 121 123
f 163 165 4963
f 4964 185 187
f 187 189 4964
f 189 191 4964
f 4964 191 193
f 4963 155 157
f 165 167 4963
f 167 169 4963
f 4963 169 171
f 193 195 4964
f 195 197 4964
f 4964 197 199
f 149 4963 147
f 4963 145 147
f 149 151 4963
f 151 153 4963
f 4963 153 155
f 157 159 4963
f 159 161 4963
f 4963 161 163
f 171 173 4963
f 173 175 4963
f 4963 175 4964
f 175 177 4964
f 4964 177 179
f 179 181 4964
f 181 183 4964
f 4964 183 185
f 207 133 4965
f 133 135 4965
f 4965 135 137
f 137 139 4965
f 139 141 4965
f 4965 141 4963
f 141 143 4963
f 4963 143 145
f 4966 4967 205
f 4967 203 205
f 203 4967 201
f 4967 4968 201
f 201 4968 273
f 231 233 4969
f 233 235 4969
f 4969 235 237
f 237 239 4969
f 239 241 4969
f 4969 241 243
f 251 253 4968
f 253 255 4968
f 243 245 4969
f 245 247 4969
f 4969 247 4968
f 247 249 4968
f 4968 249 251
f 255 257 4968
f 257 259 4968
f 4968 259 261
f 261 263 4968
f 263 265 4968
f 4968 265 267
f 211 213 4969
f 267 269 4968
f 269 271 4968
f 4968 271 273
f 225 227 4969
f 227 229 4969
f 4969 229 231
f 219 221 4969
f 221 223 4969
f 4969 223 225
f 123 125 4951
f 125 127 4951
f 4951 127 4952
f 127 129 4952
f 4952 129 4969
f 129 209 4969
f 4969 209 211
f 213 215 4969
f 215 217 4969
f 4969 217 219
f 4970 2911 2913
f 2913 2915 4970
f 2915 2917 4970
f 4970 2917 2919
f 435 437 4971
f 3199 435 3201
f 435 3203 3201
f 4714 4715 3191
f 4720 4721 3195
f 4710 4711 3191
f 4711 4712 3191
f 4712 4713 3191
f 3191 4713 4714
f 4720 3195 4719
f 4715 4716 3191
f 4716 4717 3191
f 3191 4717 4718
f 4724 4725 3195
f 4725 4726 3195
f 3195 4726 4727
f 4721 4722 3195
f 4722 4723 3195
f 3195 4723 4724
f 4727 4728 3195
f 4728 4729 3195
f 3195 4729 4730
f 4719 3195 4718
f 3195 3193 4718
f 4718 3193 3191
f 4730 4731 3195
f 4731 4732 3195
f 3195 4732 4733
f 3199 3197 435
f 3197 3195 435
f 435 3195 4734
f 3195 4733 4734
f 4702 4703 4972
f 4972 4703 3181
f 3187 3185 4705
f 3191 4706 4707
f 4703 4704 3181
f 4704 4705 3181
f 3181 4705 3183
f 4705 3185 3183
f 4707 4708 3191
f 4708 4709 3191
f 3191 4709 4710
f 4706 3191 4705
f 3191 3189 4705
f 4705 3189 3187
f 4973 442 4972
f 442 440 4972
f 4972 440 4702
f 4974 4975 4976
f 4975 446 4976
f 4976 446 4973
f 446 444 4973
f 4973 444 442
f 4976 4977 4978
f 4978 4979 4976
f 4979 4980 4976
f 4976 4980 4974
f 4981 4982 4983
f 4982 4984 4983
f 4983 4984 4985
f 4984 4986 4985
f 4985 4986 4987
f 4988 4983 4989
f 4983 449 4989
f 4990 4985 4991
f 4985 4992 4991
f 4993 4994 4985
f 4994 4995 4985
f 4985 4995 4976
f 4995 4996 4976
f 4976 4996 4977
f 4988 4997 4983
f 4997 4998 4983
f 4983 4998 4999
f 4987 5000 4985
f 5000 5001 4985
f 4985 5001 4992
f 4990 5002 4985
f 5002 5003 4985
f 4985 5003 4993
f 4999 5004 4983
f 5004 5005 4983
f 4983 5005 5006
f 5006 5007 4983
f 5007 5008 4983
f 4983 5008 4981
f 713 846 4928
f 3523 3525 5009
f 3525 3527 5009
f 671 673 4764
f 3509 3511 725
f 3511 3513 725
f 725 3513 3515
f 3515 3517 725
f 3517 3519 725
f 725 3519 3521
f 3557 3559 5009
f 3503 3505 725
f 3505 3507 725
f 725 3507 3509
f 3527 3529 5009
f 3529 3531 5009
f 5009 3531 3533
f 3533 3535 5009
f 3535 3537 5009
f 5009 3537 3539
f 665 667 4764
f 667 669 4764
f 4764 669 671
f 3539 3541 5009
f 3541 3543 5009
f 5009 3543 3545
f 5009 3565 3567
f 699 701 4928
f 3545 3547 5009
f 3547 3549 5009
f 5009 3549 3551
f 3551 3553 5009
f 3553 3555 5009
f 5009 3555 3557
f 3559 3561 5009
f 3561 3563 5009
f 5009 3563 3565
f 3503 725 4764
f 725 657 4764
f 4764 657 659
f 673 675 4764
f 675 677 4764
f 4764 677 679
f 659 661 4764
f 661 663 4764
f 4764 663 665
f 693 695 4928
f 695 697 4928
f 4928 697 699
f 701 703 4928
f 703 705 4928
f 4928 705 707
f 679 681 4764
f 681 683 4764
f 4764 683 685
f 707 709 4928
f 709 711 4928
f 4928 711 713
f 685 687 4764
f 687 689 4764
f 4764 689 4928
f 689 691 4928
f 4928 691 693
f 5010 723 725
f 5011 721 723
f 721 5011 719
f 5011 5012 719
f 719 5012 717
f 779 781 5013
f 765 4930 763
f 4930 761 763
f 743 745 4930
f 745 747 4930
f 4930 747 749
f 749 751 4930
f 751 753 4930
f 4930 753 755
f 755 757 4930
f 757 759 4930
f 4930 759 761
f 765 767 4930
f 767 769 4930
f 4930 769 771
f 771 773 5013
f 773 775 5013
f 775 777 5013
f 5013 777 779
f 781 783 5013
f 783 715 5013
f 5013 715 717
f 737 739 5014
f 739 741 5014
f 5014 741 5015
f 731 733 5014
f 733 735 5014
f 5014 735 737
f 729 5016 727
f 5016 5017 727
f 727 5017 786
f 919 921 5017
f 921 923 5017
f 5017 923 925
f 833 835 869
f 933 935 786
f 935 937 786
f 943 945 786
f 945 947 786
f 835 837 869
f 837 839 869
f 869 839 841
f 925 927 5017
f 927 929 5017
f 5017 929 786
f 929 931 786
f 786 931 933
f 937 939 786
f 939 941 786
f 786 941 943
f 821 823 869
f 823 825 869
f 869 825 827
f 827 829 869
f 829 831 869
f 869 831 833
f 947 949 786
f 949 883 786
f 786 883 788
f 883 869 788
f 788 869 843
f 869 841 843
f 813 815 5018
f 864 789 5019
f 789 791 5019
f 5019 791 793
f 815 817 5018
f 817 819 5018
f 5018 819 821
f 805 807 5019
f 807 809 5019
f 5019 809 5018
f 809 811 5018
f 5018 811 813
f 793 795 5019
f 795 797 5019
f 5019 797 799
f 799 801 5019
f 801 803 5019
f 5019 803 805
f 5020 5021 5022
f 5022 5023 5020
f 5023 5024 5020
f 5020 5024 5025
f 5025 5026 5020
f 5026 5027 5020
f 5020 5027 5028
f 5029 5030 5020
f 5030 5031 5020
f 5032 5033 5034
f 5028 5035 5020
f 5035 5036 5020
f 5020 5036 5037
f 5037 5038 5020
f 5038 5039 5020
f 5020 5039 5029
f 5034 5040 5032
f 5040 5041 5032
f 5032 5041 4929
f 5041 5042 4929
f 4929 5042 2901
f 5043 5044 5045
f 5044 5046 5045
f 5045 5046 5047
f 5048 5049 5021
f 5049 5050 5021
f 5021 5050 5051
f 5051 5052 5021
f 5052 5053 5021
f 5021 5053 5022
f 5047 5054 5045
f 5054 5055 5045
f 5045 5055 5021
f 5055 5056 5021
f 5021 5056 5048
f 5057 5058 5059
f 5060 5061 5058
f 5057 5059 5062
f 5063 5064 5059
f 5064 5065 5059
f 5059 5065 5045
f 5065 5066 5045
f 5045 5066 5043
f 5061 5067 5058
f 5067 5068 5058
f 5058 5068 5059
f 5068 5069 5059
f 5059 5069 5063
f 2525 2527 5070
f 5070 2511 2513
f 2551 2553 5071
f 5060 5058 5072
f 5058 5073 5072
f 5072 5073 5074
f 5074 5075 5072
f 5075 5076 5072
f 5072 5076 5077
f 2501 2503 5078
f 2491 2493 5078
f 2493 2495 5078
f 2513 2515 5070
f 2515 2517 5070
f 5070 2517 2519
f 2519 2521 5070
f 2521 2523 5070
f 5070 2523 2525
f 5077 5079 5072
f 5079 5080 5072
f 5072 5080 5081
f 2553 2555 5071
f 2555 2557 5071
f 5071 2557 5082
f 2557 5072 5082
f 5082 5072 5083
f 2495 2497 5078
f 2497 2499 5078
f 5078 2499 2501
f 2543 5070 2541
f 5070 2539 2541
f 5081 5084 5072
f 5084 5085 5072
f 5072 5085 5086
f 5086 5087 5072
f 5087 5088 5072
f 5072 5088 5083
f 2503 2505 5078
f 2505 2507 5078
f 5078 2507 2509
f 2527 2529 5070
f 2529 2531 5070
f 5070 2531 2533
f 2533 2535 5070
f 2535 2537 5070
f 5070 2537 2539
f 2543 2545 5070
f 2545 2547 5070
f 5070 2547 2549
f 3708 3706 5089
f 3706 3704 5089
f 5089 3704 3702
f 3702 3700 5089
f 3700 3698 5089
f 5089 3698 3696
f 3572 3570 5090
f 3570 3712 5090
f 5090 3712 5089
f 3712 3710 5089
f 5089 3710 3708
f 2903 2905 4929
f 2905 3644 4929
f 4929 3644 3642
f 3606 3604 5090
f 3604 3602 5090
f 3630 3628 4929
f 3628 3626 4929
f 3602 3600 5090
f 3600 3598 5090
f 5090 3598 3596
f 3596 3594 5090
f 3594 3592 5090
f 5090 3592 3590
f 3584 3582 5090
f 3582 3580 5090
f 5090 3580 3578
f 3696 3694 5089
f 3694 3692 5089
f 5089 3692 3690
f 3656 3654 2907
f 3650 3648 2905
f 3648 3646 2905
f 2905 3646 3644
f 3642 3640 4929
f 3640 3638 4929
f 4929 3638 3636
f 3590 3588 5090
f 3588 3586 5090
f 5090 3586 3584
f 3578 3576 5090
f 3576 3574 5090
f 5090 3574 3572
f 2907 3654 2905
f 3654 3652 2905
f 2905 3652 3650
f 3636 3634 4929
f 3634 3632 4929
f 4929 3632 3630
f 3626 3624 4929
f 3624 3622 4929
f 4929 3622 3620
f 3620 3618 4929
f 3618 3616 4929
f 4929 3616 3614
f 3614 3612 4929
f 3612 3610 4929
f 4929 3610 3608
f 3676 3674 2907
f 3674 3672 2907
f 3666 3664 2907
f 3664 3662 2907
f 3690 3688 5089
f 3688 3686 5089
f 5089 3686 3684
f 3684 3682 5089
f 3682 3680 5089
f 5089 3680 3678
f 2491 5078 2909
f 5078 5089 2909
f 2909 5089 2907
f 5089 3678 2907
f 2907 3678 3676
f 3672 3670 2907
f 3670 3668 2907
f 2907 3668 3666
f 3662 3660 2907
f 3660 3658 2907
f 2907 3658 3656
f 3421 5091 3419
f 5091 5092 3419
f 5093 3417 5094
f 3417 3419 5094
f 5094 3419 5095
f 3419 5092 5095
f 5096 5097 5098
f 5097 5099 5098
f 5096 5100 5097
f 5100 5101 5097
f 5097 5101 3421
f 5101 5102 3421
f 3421 5102 5091
f 5097 5103 5099
f 5103 5104 5099
f 5099 5104 5105
f 5105 5106 5099
f 5106 5107 5099
f 5099 5107 5108
f 5107 5109 5108
f 5108 5109 5110
f 5108 5111 5112
f 5112 5113 5108
f 5113 5114 5108
f 5108 5114 5115
f 5115 5116 5108
f 5116 5117 5108
f 5108 5117 5099
f 5108 5118 5119
f 5119 5120 5108
f 5120 5121 5108
f 5108 5121 5111
f 5110 5122 5108
f 5122 5123 5108
f 5108 5123 5118
f 5124 5125 5126
f 5125 5127 5126
f 5123 5128 5118
f 5128 5129 5118
f 5118 5129 5130
f 5129 5125 5130
f 5130 5125 5131
f 5125 5124 5131
f 4916 5132 1212
f 5132 5133 1212
f 1212 5133 5134
f 5134 5135 1212
f 5135 5136 1212
f 1212 5136 5137
f 5137 5138 1212
f 5138 5139 1212
f 1212 5139 1214
f 5139 5140 1214
f 1214 5140 5127
f 5140 5141 5127
f 5127 5141 5126
f 5142 5143 4916
f 5144 5145 4916
f 5145 5146 4916
f 5147 5148 5149
f 5148 5150 5149
f 5149 5150 4916
f 5150 5151 4916
f 4916 5151 5142
f 5143 5152 4916
f 5152 5153 4916
f 4916 5153 5144
f 5146 5154 4916
f 5154 5155 4916
f 4916 5155 5132
f 5156 5157 5158
f 5157 5159 5158
f 5158 5159 5160
f 5161 5162 5163
f 5162 5164 5163
f 5163 5164 5165
f 5166 5167 5168
f 5167 5169 5168
f 5168 5169 5170
f 5170 5171 5168
f 5171 5172 5168
f 5168 5172 5173
f 5161 5174 5162
f 5174 5175 5162
f 5162 5175 5176
f 5176 5177 5162
f 5177 5178 5162
f 5162 5178 5179
f 5173 5180 5168
f 5180 5181 5168
f 5168 5181 5182
f 5182 5183 5168
f 5183 5184 5168
f 5168 5184 5160
f 5179 5185 5162
f 5185 5186 5162
f 5162 5186 5187
f 5187 5188 5162
f 5188 5189 5162
f 5162 5189 5190
f 5190 5191 5162
f 5191 5192 5162
f 5162 5192 5168
f 5192 5193 5168
f 5168 5193 5166
f 5194 5070 5071
f 5070 2549 5071
f 5071 2549 2551
f 1664 2878 2876
f 2762 2760 3473
f 5195 5196 4918
f 5197 5198 2882
f 2876 2874 1664
f 2874 2872 1664
f 1664 2872 2870
f 2868 2866 5199
f 2866 2864 5199
f 5199 2864 2862
f 5200 5201 3473
f 5201 5202 3473
f 3473 5202 5203
f 2892 5204 2894
f 5204 5200 2894
f 2894 5200 2896
f 5205 5206 2886
f 2886 5207 5208
f 2892 2890 5204
f 2890 2888 5204
f 5204 2888 5209
f 2888 2886 5209
f 5209 2886 5210
f 2886 5211 5210
f 2878 1664 2880
f 1664 1662 2880
f 2880 1662 2882
f 1662 5212 2882
f 2882 5212 5197
f 2768 3473 2770
f 3473 2772 2770
f 2768 2766 3473
f 2766 2764 3473
f 3473 2764 2762
f 5203 5213 3473
f 5213 5214 3473
f 3473 5214 4918
f 5214 5215 4918
f 4918 5215 5195
f 2862 2860 5199
f 2860 2858 5199
f 5199 2858 2856
f 2760 2758 3473
f 2758 2900 3473
f 3473 2900 5200
f 2900 2898 5200
f 5200 2898 2896
f 5206 5216 2886
f 5216 5217 2886
f 2886 5217 5207
f 5208 5218 2886
f 5218 5219 2886
f 2886 5219 5220
f 5198 5221 2882
f 5221 5222 2882
f 2882 5222 2884
f 5222 5223 2884
f 5223 5224 2884
f 5224 5225 2884
f 2884 5225 2886
f 5225 5226 2886
f 2886 5226 5205
f 2818 2816 3447
f 2804 2802 3447
f 2802 2800 3447
f 3447 2800 3449
f 2800 2798 3449
f 3449 2798 3451
f 2798 2796 3451
f 3451 2796 3453
f 2796 2794 3453
f 3453 2794 3455
f 2794 2792 3455
f 3455 2792 3457
f 2792 2790 3457
f 3457 2790 3459
f 2790 2788 3459
f 3459 2788 3461
f 2788 2786 3461
f 3461 2786 3463
f 2786 2784 3463
f 3463 2784 3465
f 2784 2782 3465
f 3465 2782 3467
f 2782 2780 3467
f 3467 2780 3469
f 2780 2778 3469
f 3469 2778 3471
f 2778 2776 3471
f 3471 2776 3473
f 2776 2774 3473
f 3473 2774 2772
f 2856 2854 5199
f 2854 2852 5199
f 5199 2852 2850
f 2850 2848 5199
f 2848 2846 5199
f 5199 2846 2844
f 2816 2814 3447
f 2814 2812 3447
f 3447 2812 2810
f 2810 2808 3447
f 2808 2806 3447
f 3447 2806 2804
f 5220 5227 2886
f 5227 5228 2886
f 2886 5228 5211
f 2824 2822 3447
f 2822 2820 3447
f 3447 2820 2818
f 2844 2842 5199
f 2842 2840 5199
f 5199 2840 2838
f 2838 2836 5199
f 2836 2834 5199
f 5199 2834 2832
f 2830 2828 3447
f 2828 2826 3447
f 3447 2826 2824
f 3567 1666 5229
f 1666 1664 5229
f 5229 1664 5199
f 1664 2870 5199
f 5199 2870 2868
f 5230 5231 4928
f 5196 5232 4918
f 5232 5233 4918
f 4918 5233 4928
f 5233 5234 4928
f 4928 5234 5230
f 5231 5235 4928
f 5235 5236 4928
f 4928 5236 4927
f 3215 3217 5237
f 3217 3219 5237
f 3219 3221 5237
f 5237 3221 3223
f 3255 3257 5238
f 3223 3225 5237
f 3225 3227 5237
f 5237 3227 5238
f 3227 3229 5238
f 5238 3229 3231
f 3231 3233 5238
f 3233 3235 5238
f 5238 3235 3237
f 3237 3239 5238
f 3239 3241 5238
f 5238 3241 3243
f 3243 3245 5238
f 3245 3247 5238
f 5238 3247 3249
f 3249 3251 5238
f 3251 3253 5238
f 5238 3253 3255
f 3205 1027 5239
f 1027 5240 5239
f 3205 3207 1027
f 3207 3209 1027
f 1027 3209 1025
f 3209 3211 1025
f 1025 3211 5237
f 3211 3213 5237
f 5237 3213 3215
f 2933 2935 4915
f 2933 4915 2931
f 4915 2941 2943
f 2935 2937 4915
f 2937 2939 4915
f 4915 2939 2941
f 2943 2945 4915
f 2945 2947 4915
f 4915 2947 2949
f 1027 1029 5240
f 1029 1031 5240
f 5240 1031 5241
f 1031 1033 5241
f 5241 1033 5242
f 1033 1035 5242
f 5242 1035 5243
f 1035 1037 5243
f 5243 1037 5244
f 1037 1039 5244
f 5244 1039 5245
f 1039 1041 5245
f 5245 1041 5246
f 1041 1043 5246
f 5246 1043 5247
f 1043 1045 5247
f 5247 1045 5248
f 1045 1047 5248
f 5248 1047 2987
f 1047 1049 2987
f 2987 1049 2985
f 1049 2983 2985
f 1051 2949 2951
f 2951 2953 1051
f 2953 2955 1051
f 1051 2955 2957
f 2957 2959 1051
f 2959 2961 1051
f 1051 2961 2963
f 2949 1051 4915
f 1051 1053 4915
f 4915 1053 1366
f 2963 2965 1051
f 2965 2967 1051
f 1051 2967 2969
f 2969 2971 1051
f 2971 2973 1051
f 1051 2973 2975
f 2975 2977 1051
f 2977 2979 1051
f 1051 2979 1049
f 2979 2981 1049
f 1049 2981 2983
f 5249 5250 5251
f 5250 5252 5251
f 2931 4915 5253
f 4915 5254 5253
f 5253 5254 5251
f 5254 5255 5251
f 5251 5255 5249
f 5256 5257 5258
f 5257 5259 5258
f 5258 5259 4926
f 5259 5251 4926
f 4926 5251 4924
f 5251 5252 4924
f 5260 4898 4899
f 4899 4900 5260
f 4900 4901 5260
f 5260 4901 5256
f 4901 5261 5256
f 5256 5261 5257
f 4898 5260 4897
f 5260 5262 4897
f 4897 5262 4896
f 4892 4893 5262
f 4893 4894 5262
f 4894 4895 5262
f 5262 4895 4896
f 4885 4886 5263
f 4886 4887 5263
f 5263 4887 4888
f 4888 4889 5263
f 4889 4890 5263
f 5263 4890 5262
f 4890 4891 5262
f 5262 4891 4892
f 4877 4878 5264
f 4878 4879 5264
f 4879 4880 5264
f 5264 4880 4881
f 4881 4882 5264
f 4882 4883 5264
f 5264 4883 5263
f 4883 4884 5263
f 5263 4884 4885
f 4872 4873 5265
f 4873 4874 5265
f 4874 4875 5265
f 5265 4875 4876
f 3257 3259 5238
f 3259 3261 5238
f 5238 3261 5266
f 3261 5267 5266
f 5266 5267 5268
f 1193 1195 4922
f 1187 1189 4922
f 1189 1191 4922
f 4922 1191 1193
f 4922 1179 1181
f 5269 1059 1061
f 1061 1063 5269
f 1063 1065 5269
f 5269 1065 1067
f 1173 1175 4922
f 1175 1177 4922
f 4922 1177 1179
f 1195 1197 4922
f 1197 1055 4922
f 4922 1055 5269
f 1055 1057 5269
f 5269 1057 1059
f 1083 5270 1081
f 5270 5269 1081
f 1081 5269 1079
f 1181 1183 4922
f 1183 1185 4922
f 4922 1185 1187
f 1067 1069 5269
f 1069 1071 5269
f 5269 1071 1073
f 1073 1075 5269
f 1075 1077 5269
f 5269 1077 1079
f 4921 1161 1163
f 1161 4921 1159
f 4921 5271 1159
f 1159 5271 1157
f 1163 1165 4921
f 1165 1167 4921
f 4921 1167 1169
f 5272 1121 1123
f 1115 1117 5272
f 1117 1119 5272
f 5272 1119 1121
f 1123 1125 5272
f 1125 1127 5272
f 5272 1127 5273
f 1127 1129 5273
f 5273 1129 1131
f 1083 1085 5270
f 1085 1087 5270
f 5270 1087 1089
f 1149 1151 5273
f 1151 1153 5273
f 5273 1153 5271
f 1153 1155 5271
f 5271 1155 1157
f 1131 1133 5273
f 1133 1135 5273
f 5273 1135 1137
f 1137 1139 5273
f 1139 1141 5273
f 5273 1141 1143
f 1143 1145 5273
f 1145 1147 5273
f 5273 1147 1149
f 1089 1091 5270
f 1091 1093 5270
f 5270 1093 5272
f 1093 1095 5272
f 5272 1095 1097
f 1097 1099 5272
f 1099 1101 5272
f 5272 1101 1103
f 1103 1105 5272
f 1105 1107 5272
f 5272 1107 1109
f 1109 1111 5272
f 1111 1113 5272
f 5272 1113 1115
f 1371 1373 5274
f 1377 1379 5275
f 1379 1381 5275
f 5274 1373 5275
f 1373 1375 5275
f 5275 1375 1377
f 5274 1507 1509
f 1509 1511 5274
f 1511 1513 5274
f 5274 1513 1371
f 5276 1503 5274
f 1503 1505 5274
f 5274 1505 1507
f 1495 1497 5277
f 1497 1499 5277
f 5277 1499 5276
f 1499 1501 5276
f 5276 1501 1503
f 1489 1491 5277
f 1491 1493 5277
f 5277 1493 1495
f 1481 1483 5278
f 1483 1485 5278
f 5278 1485 5277
f 1485 1487 5277
f 5277 1487 1489
f 1457 1459 5279
f 1459 1461 5279
f 1461 1463 5279
f 5279 1463 1465
f 1465 1467 5279
f 1467 1469 5279
f 5279 1469 1471
f 1473 1475 5278
f 1475 1477 5278
f 1477 1479 5278
f 5278 1479 1481
f 1403 1405 5280
f 1405 1407 5280
f 1407 1409 5280
f 1409 1411 5280
f 5280 1411 5281
f 1411 1413 5281
f 1413 1415 5281
f 1415 1417 5281
f 5281 1417 1419
f 1445 1447 5282
f 1447 1449 5282
f 1449 1451 5282
f 1451 1453 5282
f 5282 1453 5279
f 1453 1455 5279
f 5279 1455 1457
f 1419 1421 5281
f 1421 1423 5281
f 5281 1423 1425
f 1437 1439 5281
f 1439 1441 5281
f 5281 1441 5282
f 1441 1443 5282
f 5282 1443 1445
f 1425 1427 5281
f 1427 1429 5281
f 5281 1429 1431
f 1431 1433 5281
f 1433 1435 5281
f 5281 1435 1437
f 1381 1383 5275
f 1383 1385 5275
f 5275 1385 5283
f 1385 1387 5283
f 5283 1387 1389
f 1389 1391 5283
f 1391 1393 5283
f 5283 1393 1395
f 1395 1397 5283
f 1397 1399 5283
f 5283 1399 5280
f 1399 1401 5280
f 5280 1401 1403
f 3269 3271 5284
f 3271 3273 5284
f 5285 3399 3401
f 3263 3265 5284
f 3265 3267 5284
f 5284 3267 3269
f 3393 3395 5285
f 3395 3397 5285
f 5285 3397 3399
f 3273 3275 5284
f 3275 3277 5284
f 5284 3277 3279
f 3401 3403 5285
f 3403 3405 5285
f 5285 3405 3263
f 3383 3385 4933
f 1845 4954 4933
f 4954 3381 4933
f 4933 3381 3383
f 3385 3387 4933
f 3387 3389 4933
f 4933 3389 3391
f 3375 3377 4954
f 3377 3379 4954
f 4954 3379 3381
f 3365 3367 5286
f 3353 3355 5286
f 3355 3357 5286
f 5286 3357 3359
f 3359 3361 5286
f 3361 3363 5286
f 5286 3363 3365
f 3369 3371 4954
f 3371 3373 4954
f 4954 3373 3375
f 3343 3345 5287
f 3345 3347 5287
f 3347 3349 5287
f 5287 3349 5286
f 3349 3351 5286
f 5286 3351 3353
f 5288 3327 3329
f 3321 3323 5288
f 3323 3325 5288
f 5288 3325 3327
f 3337 3339 5287
f 3339 3341 5287
f 5287 3341 3343
f 3329 3331 5288
f 3331 3333 5288
f 5288 3333 5287
f 3333 3335 5287
f 5287 3335 3337
f 3303 3305 5279
f 3295 5278 3293
f 5278 3291 3293
f 3295 3297 5278
f 3297 3299 5278
f 5278 3299 3301
f 1471 1473 5279
f 1473 5278 5279
f 5279 5278 3303
f 5278 3301 3303
f 5279 3317 5288
f 3317 3319 5288
f 5288 3319 3321
f 3305 3307 5279
f 3307 3309 5279
f 5279 3309 3311
f 3311 3313 5279
f 3313 3315 5279
f 5279 3315 3317
f 3279 3281 5277
f 3281 3283 5277
f 3283 3285 5277
f 3285 3287 5277
f 5277 3287 5278
f 3287 3289 5278
f 5278 3289 3291
f 1275 5275 1273
f 5275 1271 1273
f 5168 1333 1335
f 5274 1295 1297
f 1303 1305 5274
f 1305 1307 5274
f 5274 1307 1309
f 1265 1267 5275
f 1267 1269 5275
f 5275 1269 1271
f 1275 1277 5275
f 1277 1279 5275
f 5275 1279 1281
f 1289 1291 5274
f 1291 1293 5274
f 5274 1293 1295
f 1297 1299 5274
f 1299 1301 5274
f 5274 1301 1303
f 1245 1247 5162
f 1351 5168 1349
f 5168 1347 1349
f 1351 1353 5168
f 1353 1355 5168
f 5168 1355 1357
f 1221 1223 5162
f 1223 1225 5162
f 5162 1225 1227
f 1255 1257 5275
f 1257 1259 5275
f 1281 1283 5275
f 1283 1285 5275
f 5275 1285 5274
f 1285 1287 5274
f 5274 1287 1289
f 1335 1337 5168
f 1337 1339 5168
f 5168 1339 1341
f 1357 1215 5168
f 1215 1217 5168
f 5168 1217 5162
f 1217 1219 5162
f 5162 1219 1221
f 1227 1229 5162
f 1229 1231 5162
f 5162 1231 1233
f 1233 1235 5162
f 1235 1237 5162
f 5162 1237 1239
f 1259 1261 5275
f 1261 1263 5275
f 5275 1263 1265
f 1341 1343 5168
f 1343 1345 5168
f 5168 1345 1347
f 1239 1241 5162
f 1241 1243 5162
f 5162 1243 1245
f 1247 1249 5162
f 1249 1251 5162
f 5162 1251 5275
f 1251 1253 5275
f 5275 1253 1255
f 5160 5159 5168
f 5159 1331 5168
f 5168 1331 1333
f 1309 1311 5274
f 1311 1313 5274
f 5274 1313 5276
f 1313 1315 5276
f 5276 1315 1317
f 1317 1319 5276
f 1319 1321 5276
f 5276 1321 5159
f 1321 1323 5159
f 5159 1323 1325
f 1325 1327 5159
f 1327 1329 5159
f 5159 1329 1331
f 2995 2997 5263
f 3109 5289 3107
f 5289 5290 3107
f 3107 5290 3105
f 3109 3111 5289
f 3111 3113 5289
f 5289 3113 3115
f 2997 2999 5263
f 2999 3001 5263
f 5263 3001 3003
f 3003 3005 5263
f 3005 3007 5263
f 5263 3007 3009
f 3009 3011 5263
f 3011 3013 5263
f 5263 3013 5264
f 3013 3015 5264
f 5264 3015 3017
f 3115 3117 5289
f 3117 3119 5289
f 5289 3119 3121
f 3121 3123 5289
f 3123 3125 5289
f 5289 3125 3127
f 2989 2991 5263
f 2991 2993 5263
f 5263 2993 2995
f 3127 3129 5289
f 3129 3131 5289
f 5289 3131 2989
f 3099 3101 5290
f 3101 3103 5290
f 5290 3103 3105
f 3017 3019 5264
f 3019 3021 5264
f 5264 3021 3023
f 3087 3089 5291
f 5291 3095 5290
f 3095 3097 5290
f 5290 3097 3099
f 3023 3025 5264
f 3025 3027 5264
f 5264 3027 5292
f 3027 3029 5292
f 5292 3029 3031
f 3087 5291 3085
f 3089 3091 5291
f 3091 3093 5291
f 5291 3093 3095
f 3051 3053 5292
f 3031 3033 5292
f 3033 3035 5292
f 5292 3035 3037
f 3051 5292 3049
f 3037 3039 5292
f 3039 3041 5292
f 5292 3041 3043
f 3079 3081 5291
f 3081 3083 5291
f 5291 3083 3085
f 3043 3045 5292
f 3045 3047 5292
f 5292 3047 3049
f 3053 3055 5292
f 3055 3057 5292
f 5292 3057 3059
f 3061 3063 5291
f 3063 3065 5291
f 5291 3065 3067
f 3067 3069 5291
f 3069 3071 5291
f 5291 3071 3073
f 3073 3075 5291
f 3075 3077 5291
f 5291 3077 3079
f 4919 3133 3501
f 5293 3133 5294
f 3133 5295 5294
f 5293 5296 3133
f 5296 5297 3133
f 3133 5297 5298
f 5299 5300 3437
f 5300 5301 3437
f 5301 5302 3437
f 3437 5302 5303
f 4920 5304 3133
f 5304 5305 3133
f 3133 5305 5295
f 5306 5307 3437
f 5298 5308 3133
f 5308 5309 3133
f 3133 5309 3433
f 5309 5310 3433
f 3433 5310 3435
f 5310 5311 3435
f 3435 5311 3437
f 5311 5312 3437
f 3437 5312 5299
f 5303 5313 3437
f 5313 5314 3437
f 3437 5314 5315
f 5307 5316 3437
f 5316 5317 3437
f 3437 5317 5318
f 5315 5319 3437
f 5319 5320 3437
f 3437 5320 5321
f 5321 5322 3437
f 5322 5323 3437
f 3437 5323 5306
f 5316 5324 5317
f 5324 5325 5317
f 5317 5325 4912
f 5325 5326 4912
f 4912 5326 4700
f 3445 5199 3447
f 5199 2832 3447
f 3447 2832 2830
f 3445 3443 5199
f 3443 3441 5199
f 5199 3441 5318
f 3441 3439 5318
f 5318 3439 3437
f 3487 3485 4918
f 3485 3483 4918
f 4918 3483 3481
f 3481 3479 4918
f 3479 3477 4918
f 4918 3477 3475
f 4928 5327 1369
f 4928 1369 4918
f 1369 1370 4918
f 4918 1370 3487
f 3424 5328 5019
f 5328 5329 5019
f 5019 5329 864
f 5329 5330 864
f 864 5330 862
f 5330 5331 862
f 862 5331 860
f 5331 5332 860
f 860 5332 858
f 5332 5333 858
f 858 5333 856
f 5333 5334 856
f 856 5334 854
f 5334 5335 854
f 854 5335 852
f 5335 5336 852
f 852 5336 850
f 5336 5337 850
f 850 5337 848
f 5337 5338 848
f 848 5338 846
f 5338 5339 846
f 846 5339 4928
f 5339 5340 4928
f 4928 5340 5327
f 3430 3428 4908
f 3428 3426 4908
f 3146 965 967
f 967 969 3146
f 969 971 3146
f 3146 971 973
f 4908 866 3430
f 866 865 3430
f 3430 865 957
f 957 959 3430
f 959 961 3430
f 3430 961 3146
f 961 963 3146
f 3146 963 965
f 973 975 3146
f 975 977 3146
f 3146 977 3147
f 977 979 3147
f 3147 979 3149
f 979 981 3149
f 3149 981 3151
f 981 983 3151
f 3151 983 3153
f 3153 983 3155
f 983 985 3155
f 3155 985 3157
f 985 987 3157
f 3157 987 3160
f 995 997 3162
f 987 989 3160
f 989 991 3160
f 3160 991 3162
f 991 993 3162
f 3162 993 995
f 3162 1003 1005
f 997 999 3162
f 999 1001 3162
f 3162 1001 1003
f 951 5341 1021
f 5341 3162 1021
f 1021 3162 1019
f 3162 1017 1019
f 1005 1007 3162
f 1007 1009 3162
f 3162 1009 1011
f 1011 1013 3162
f 1013 1015 3162
f 3162 1015 1017
f 2116 2114 5341
f 2114 2112 5341
f 5341 2112 2110
f 4972 2132 2130
f 2124 2122 4972
f 2122 2120 4972
f 4972 2120 5341
f 2120 2118 5341
f 5341 2118 2116
f 2054 2052 3175
f 2052 2050 3175
f 3175 2050 3177
f 2050 2192 3177
f 3177 2192 3179
f 2192 2190 3179
f 3179 2190 3181
f 2190 2188 3181
f 3181 2188 2186
f 2186 2184 3181
f 2184 2182 3181
f 3181 2182 2180
f 2130 2128 4972
f 2128 2126 4972
f 4972 2126 2124
f 2180 2178 3181
f 2178 2176 3181
f 3181 2176 2174
f 3169 3167 2060
f 3167 3165 2060
f 2060 3165 2062
f 3165 3163 2062
f 2062 3163 2064
f 3163 3162 2064
f 2064 3162 2066
f 2060 2058 3169
f 2058 2056 3169
f 3169 2056 3171
f 2056 2054 3171
f 3171 2054 3173
f 2054 3175 3173
f 2174 2172 3181
f 2172 2170 3181
f 3181 2170 2168
f 2144 2142 4972
f 2142 2140 4972
f 4972 2140 2138
f 2110 2108 5341
f 2108 2106 5341
f 5341 2106 2104
f 2072 2070 3162
f 2070 2068 3162
f 3162 2068 2066
f 2154 2152 4972
f 2152 2150 4972
f 2138 2136 4972
f 2136 2134 4972
f 4972 2134 2132
f 2104 2102 5341
f 2102 2100 5341
f 5341 2100 2098
f 2150 2148 4972
f 2148 2146 4972
f 4972 2146 2144
f 2098 2096 5341
f 2096 2094 5341
f 5341 2094 2092
f 2092 2090 5341
f 2090 2088 5341
f 5341 2088 3162
f 2088 2086 3162
f 3162 2086 2084
f 2084 2082 3162
f 2082 2080 3162
f 3162 2080 2078
f 2078 2076 3162
f 2076 2074 3162
f 3162 2074 2072
f 2168 2166 3181
f 2166 2164 3181
f 3181 2164 2162
f 2162 2160 3181
f 2160 2158 3181
f 3181 2158 4972
f 2158 2156 4972
f 4972 2156 2154
f 2043 2930 5342
f 2930 2928 5342
f 5342 2928 4971
f 2928 2926 4971
f 4971 2926 435
f 2926 2924 435
f 435 2924 3203
f 5343 2039 2041
f 522 2027 2029
f 2039 509 2037
f 509 512 2037
f 2037 512 2035
f 512 514 2035
f 2035 514 2033
f 514 516 2033
f 2033 516 2031
f 516 518 2031
f 2031 518 2029
f 518 520 2029
f 2029 520 522
f 555 557 5343
f 557 559 5343
f 579 581 2039
f 581 583 2039
f 583 585 2039
f 2039 585 509
f 559 561 5343
f 561 563 5343
f 5343 563 565
f 573 575 2039
f 575 577 2039
f 2039 577 579
f 565 567 5343
f 567 569 5343
f 5343 569 2039
f 569 571 2039
f 2039 571 573
f 522 524 2027
f 524 526 2027
f 2027 526 2025
f 2017 2019 530
f 530 2019 528
f 2019 2021 528
f 528 2021 526
f 2021 2023 526
f 526 2023 2025
f 2017 5344 2015
f 5344 4906 2015
f 2015 4906 2013
f 4906 4905 2013
f 2013 4905 3138
f 4905 5345 3138
f 3138 5345 5346
f 5347 5348 5345
f 5348 5349 5345
f 5345 5349 5350
f 5350 5351 5345
f 5351 5352 5345
f 5345 5352 5346
f 2338 2336 5353
f 2304 2302 5354
f 5347 5345 5353
f 5345 2340 5353
f 5353 2340 2338
f 2336 2334 5353
f 2334 2332 5353
f 5353 2332 5355
f 2332 2330 5355
f 5355 2330 5356
f 2330 2328 5356
f 5356 2328 5357
f 2328 2326 5357
f 5357 2326 5358
f 2326 2324 5358
f 5358 2324 5359
f 2324 2322 5359
f 5359 2322 5360
f 2322 2320 5360
f 5360 2320 5361
f 2320 2318 5361
f 5361 2318 5362
f 2318 2316 5362
f 5362 2316 5363
f 2316 2314 5363
f 5363 2314 5364
f 2314 2312 5364
f 5364 2312 5365
f 2312 2310 5365
f 5365 2310 5366
f 2310 2308 5366
f 5366 2308 5354
f 2308 2306 5354
f 5354 2306 2304
f 2302 2300 5354
f 2300 2298 5354
f 5354 2298 2296
f 2296 2294 5354
f 2294 2292 5354
f 5354 2292 2290
f 2288 2286 5367
f 2286 2284 5367
f 5368 5369 5367
f 5369 5370 5367
f 2290 2288 5354
f 2288 5367 5354
f 5354 5367 5371
f 5367 5370 5371
f 5372 5373 5374
f 5375 4963 5376
f 4963 4964 5376
f 5376 4964 4932
f 4964 199 4932
f 4932 199 131
f 4947 5377 4948
f 5377 4931 4948
f 4948 4931 4951
f 4931 131 4951
f 4951 131 115
f 5378 5379 4946
f 6 4940 4946
f 4940 5380 4946
f 4946 5380 5378
f 77 79 4950
f 79 4946 4950
f 4950 4946 5381
f 4946 5379 5381
f 4917 4735 5382
f 4735 5383 5382
f 5382 5383 5384
f 4741 4740 4917
f 4740 4739 4917
f 4917 4739 4738
f 4738 4737 4917
f 4737 4736 4917
f 4917 4736 4735
f 4917 4746 4745
f 4745 4744 4917
f 4744 4743 4917
f 4917 4743 4742
f 4913 4748 4747
f 4751 4750 4913
f 4750 4749 4913
f 4913 4749 4748
f 4760 4759 2416
f 2416 4759 2418
f 4759 4758 2418
f 2418 4758 2420
f 4758 4757 2420
f 2420 4757 2422
f 4757 4756 2422
f 2422 4756 2424
f 4756 4755 2424
f 2424 4755 2426
f 4755 4754 2426
f 2426 4754 2428
f 4754 4753 2428
f 2428 4753 4913
f 4753 4752 4913
f 4913 4752 4751
f 1202 1200 5385
f 1200 4763 5385
f 4763 4762 5385
f 4762 4761 5385
f 5385 4761 4760
f 5385 5386 1202
f 5386 5387 1202
f 1202 5387 1204
f 5387 5388 1204
f 1204 5388 1206
f 5388 5389 5390
f 1206 5388 1208
f 5388 5390 1208
f 1208 5390 1210
f 5390 5391 1210
f 1210 5391 5392
f 5392 5393 1210
f 5393 5394 1210
f 1210 5394 5395
f 5020 3411 5021
f 3411 3413 5021
f 5021 3413 5045
f 3413 3415 5045
f 5045 3415 5059
f 3415 3417 5059
f 5059 3417 5062
f 3417 5093 5062
f 5396 5397 5398
f 5397 5399 5398
f 5396 5400 5397
f 5400 3407 5397
f 5397 3407 5020
f 3407 3409 5020
f 5020 3409 3411
f 5401 5402 2678
f 5402 5403 2678
f 5403 5404 2678
f 2678 5404 5405
f 5397 2694 5399
f 2694 2692 5399
f 5399 2692 5406
f 2692 2690 5406
f 5406 2690 5407
f 2690 2688 5407
f 5407 2688 5408
f 2688 2686 5408
f 5408 2686 5409
f 2686 2684 5409
f 5409 2684 5410
f 2684 2682 5410
f 5410 2682 5411
f 2682 2680 5411
f 5411 2680 5412
f 2680 2678 5412
f 5405 5413 2678
f 5413 5414 2678
f 2678 5414 5412
f 5415 5416 5417
f 5416 5418 5417
f 5418 5419 5417
f 5417 5419 5401
f 5420 5421 5417
f 5421 5422 5417
f 5417 5422 5415
f 5417 1360 5423
f 5423 5424 5417
f 5424 5425 5417
f 5417 5425 5420
f 5426 5427 5428
f 5427 5429 5428
f 5428 5429 5430
f 5431 5432 5433
f 5434 5435 5433
f 5435 5436 5433
f 5437 5438 5428
f 5438 5439 5428
f 5436 5440 5433
f 5440 5441 5433
f 5433 5441 5442
f 5443 5444 1364
f 5444 5445 1364
f 5439 5446 5428
f 5446 5447 5428
f 5428 5447 5426
f 5448 5449 5433
f 1360 5417 1362
f 5417 5433 1362
f 1362 5433 1364
f 5433 5442 1364
f 1364 5442 5443
f 5450 5451 1366
f 5451 5452 1366
f 5448 5433 5453
f 5454 5455 5433
f 5455 5456 5433
f 5433 5456 5434
f 5452 5457 1366
f 5457 5458 1366
f 1366 5458 4914
f 5432 5459 5433
f 5459 5460 5433
f 5433 5460 5454
f 5430 5461 5428
f 5461 5462 5428
f 5428 5462 5433
f 5462 5463 5433
f 5433 5463 5453
f 5449 5464 5433
f 5464 5465 5433
f 5433 5465 5431
f 5445 5466 1364
f 5466 4765 1364
f 1364 4765 1366
f 4765 4766 1366
f 1366 4766 5450
f 3499 3501 5238
f 3501 3133 5238
f 5238 3133 5237
f 3133 1023 5237
f 5237 1023 1025
f 4973 1636 1634
f 1602 1600 4976
f 1600 1598 4976
f 1598 1596 4976
f 1596 1594 4976
f 4976 1594 1592
f 1572 1570 5467
f 1634 1632 4973
f 1632 1630 4973
f 4973 1630 1628
f 1608 1606 4976
f 1606 1604 4976
f 4976 1604 1602
f 1592 1590 4976
f 1590 1588 4976
f 4976 1588 5467
f 1588 1586 5467
f 5467 1586 1584
f 1584 1582 5467
f 1582 1580 5467
f 5467 1580 1578
f 1620 1618 4976
f 1618 1616 4976
f 4976 1616 1614
f 1614 1612 4976
f 1612 1610 4976
f 4976 1610 1608
f 1578 1576 5467
f 1576 1574 5467
f 5467 1574 1572
f 1550 1548 5468
f 1628 1626 4973
f 1626 1624 4973
f 4973 1624 4976
f 1624 1622 4976
f 4976 1622 1620
f 1570 1568 5467
f 1568 1566 5467
f 5467 1566 1564
f 1562 1560 5468
f 1560 1558 5468
f 5468 1558 1556
f 1556 1554 5468
f 1554 1552 5468
f 5468 1552 1550
f 1642 1640 4972
f 4972 1518 1660
f 4972 1640 4973
f 1640 1638 4973
f 4973 1638 1636
f 1548 1546 5468
f 1546 1544 5468
f 5468 1544 5341
f 1660 1658 4972
f 1658 1656 4972
f 4972 1656 1654
f 1526 1524 5341
f 1524 1522 5341
f 5341 1522 4972
f 1522 1520 4972
f 4972 1520 1518
f 1648 1646 4972
f 1646 1644 4972
f 4972 1644 1642
f 1544 1542 5341
f 1542 1540 5341
f 5341 1540 1538
f 1654 1652 4972
f 1652 1650 4972
f 4972 1650 1648
f 1538 1536 5341
f 1536 1534 5341
f 5341 1534 1532
f 1532 1530 5341
f 1530 1528 5341
f 5341 1528 1526
f 1768 1766 5469
f 1768 5469 1770
f 1766 1764 5469
f 1764 1762 5469
f 5469 1762 1760
f 1738 1736 5470
f 1736 1734 5470
f 1738 5470 1740
f 5470 5469 1740
f 1740 5469 1742
f 1734 1732 5470
f 1732 1730 5470
f 5470 1730 1728
f 1728 1726 5470
f 1726 1724 5470
f 5470 1724 1722
f 1760 1758 5469
f 1758 1756 5469
f 5469 1756 1754
f 1748 1746 5469
f 1746 1744 5469
f 5469 1744 1742
f 1722 1720 5470
f 1720 1718 5470
f 5470 1718 1716
f 1754 1752 5469
f 1752 1750 5469
f 5469 1750 1748
f 1710 5471 1712
f 5471 5470 1712
f 1712 5470 1714
f 5470 1716 1714
f 1776 1774 5472
f 1774 1772 5472
f 1710 1708 5471
f 1708 1706 5471
f 5471 1706 1704
f 1782 1780 5472
f 1780 1778 5472
f 5472 1778 1776
f 1808 1806 5473
f 5473 1786 1784
f 1696 1694 5474
f 1684 5474 1686
f 5474 1688 1686
f 1694 1692 5474
f 1692 1690 5474
f 5474 1690 1688
f 5473 1800 1798
f 1792 1790 5473
f 1790 1788 5473
f 5473 1788 1786
f 1704 1702 5471
f 1702 1700 5471
f 5471 1700 5474
f 1700 1698 5474
f 5474 1698 1696
f 1684 1682 5474
f 1682 1680 5474
f 5474 1680 1678
f 1806 1804 5473
f 1804 1802 5473
f 5473 1802 1800
f 1798 1796 5473
f 1796 1794 5473
f 5473 1794 1792
f 1678 1676 5474
f 1676 1674 5474
f 5474 1674 1672
f 1672 1670 5474
f 1670 1668 5474
f 5474 1668 5473
f 1668 1810 5473
f 5473 1810 1808
f 1944 1942 5475
f 1968 1966 5475
f 1966 1964 5475
f 5475 1964 1962
f 1936 1934 5317
f 1962 1960 5475
f 1960 1958 5475
f 5475 1958 1956
f 1928 1926 5317
f 1926 1924 5317
f 1956 1954 5475
f 1954 1952 5475
f 5475 1952 1950
f 1950 1948 5475
f 1948 1946 5475
f 5475 1946 1944
f 1924 1922 5317
f 1922 1920 5317
f 5317 1920 1918
f 1942 1940 5317
f 1940 1938 5317
f 5317 1938 1936
f 1934 1932 5317
f 1932 1930 5317
f 5317 1930 1928
f 1910 1908 5318
f 1918 1916 5317
f 1916 1914 5317
f 5317 1914 5318
f 1914 1912 5318
f 5318 1912 1910
f 1980 1978 5476
f 1978 1976 5476
f 1976 1974 5476
f 1974 1972 5476
f 5476 1972 5475
f 1972 1970 5475
f 5475 1970 1968
f 1900 1898 5199
f 1898 1896 5199
f 5199 1896 1894
f 1894 1892 5199
f 1892 1890 5199
f 5199 1890 1888
f 1908 1906 5318
f 1906 1904 5318
f 5318 1904 5199
f 1904 1902 5199
f 5199 1902 1900
f 1988 1986 5229
f 1986 1984 5229
f 5229 1984 5476
f 1984 1982 5476
f 5476 1982 1980
f 2012 2010 5229
f 2004 2002 5229
f 2002 2000 5229
f 2010 2008 5229
f 2008 2006 5229
f 5229 2006 2004
f 2000 1998 5229
f 1998 1996 5229
f 5229 1996 1994
f 1994 1992 5229
f 1992 1990 5229
f 5229 1990 1988
f 1888 1886 5199
f 1886 1884 5199
f 5199 1884 1882
f 1882 1880 5199
f 1880 1878 5199
f 5199 1878 1876
f 1876 1874 5199
f 1874 1872 5199
f 5199 1872 5229
f 1872 1870 5229
f 5229 1870 2012
f 2244 2242 5477
f 2242 2240 5477
f 5477 2240 2238
f 2232 429 2234
f 429 2236 2234
f 5477 2270 2268
f 2250 2248 5477
f 2248 2246 5477
f 5477 2246 2244
f 2232 2230 429
f 2230 2228 429
f 429 2228 343
f 2228 2226 343
f 343 2226 2224
f 2268 2266 5477
f 2266 2264 5477
f 5477 2264 2262
f 2262 2260 5477
f 2260 2258 5477
f 5477 2258 2256
f 2256 2254 5477
f 2254 2252 5477
f 5477 2252 2250
f 335 337 2224
f 2206 2204 5345
f 2204 2346 5345
f 2284 2282 5367
f 2282 2280 5367
f 5367 2280 2278
f 337 339 2224
f 339 341 2224
f 2224 341 343
f 327 2222 325
f 2222 2220 325
f 325 2220 323
f 2346 2344 5345
f 2344 2342 5345
f 5345 2342 2340
f 327 329 2222
f 329 331 2222
f 2222 331 2224
f 331 333 2224
f 2224 333 335
f 303 305 2220
f 311 313 2220
f 313 315 2220
f 2220 315 317
f 2278 2276 5367
f 2276 2274 5367
f 5367 2274 5477
f 2274 2272 5477
f 5477 2272 2270
f 317 319 2220
f 319 321 2220
f 2220 321 323
f 303 2220 301
f 305 307 2220
f 307 309 2220
f 2220 309 311
f 2216 295 2218
f 295 297 2218
f 2218 297 2220
f 297 299 2220
f 2220 299 301
f 275 277 4905
f 277 279 4905
f 4905 279 5345
f 279 281 5345
f 281 283 5345
f 283 285 5345
f 5345 285 287
f 287 289 5345
f 289 291 5345
f 5345 291 293
f 2216 2214 295
f 2214 2212 295
f 295 2212 293
f 2212 2210 293
f 293 2210 5345
f 2210 2208 5345
f 5345 2208 2206
f 2480 2478 5478
f 2382 2380 5479
f 2458 2456 4913
f 2416 2414 4760
f 2414 2412 4760
f 4760 2412 5385
f 2412 2410 5385
f 5385 2410 2408
f 2380 2378 5479
f 2378 2376 5479
f 5479 2376 2374
f 2374 2372 5479
f 2372 2370 5479
f 5479 2370 2368
f 2478 2476 5478
f 2476 2474 5478
f 5478 2474 2472
f 2408 2406 5385
f 2406 2404 5385
f 5385 2404 2402
f 2396 2394 5385
f 2394 2392 5385
f 5385 2392 2390
f 2390 2388 5385
f 2388 2386 5385
f 5385 2386 2384
f 2350 2348 5479
f 2490 2488 5478
f 2488 2486 5478
f 2472 2470 5478
f 2470 2468 5478
f 5478 2468 2466
f 2456 2454 4913
f 2454 2452 4913
f 4913 2452 2450
f 4913 2444 2442
f 2436 2434 4913
f 2434 2432 4913
f 4913 2432 2430
f 2368 2366 5479
f 2366 2364 5479
f 5479 2364 2362
f 2362 2360 5479
f 2360 2358 5479
f 5479 2358 2356
f 2486 2484 5478
f 2484 2482 5478
f 5478 2482 2480
f 2466 2464 5478
f 2464 2462 5478
f 5478 2462 4913
f 2462 2460 4913
f 4913 2460 2458
f 2450 2448 4913
f 2448 2446 4913
f 4913 2446 2444
f 2442 2440 4913
f 2440 2438 4913
f 4913 2438 2436
f 2402 2400 5385
f 2400 2398 5385
f 5385 2398 2396
f 2356 2354 5479
f 2354 2352 5479
f 5479 2352 2350
f 2674 2672 5417
f 2702 2700 5397
f 5433 2644 2642
f 2632 5433 2634
f 5433 2636 2634
f 5433 2626 2624
f 2616 2614 5428
f 2614 2756 5428
f 5428 2756 2754
f 2702 5397 2704
f 5401 2678 5417
f 2678 2676 5417
f 5417 2676 2674
f 2644 5433 2646
f 5433 5417 2646
f 2646 5417 2648
f 2642 2640 5433
f 2640 2638 5433
f 5433 2638 2636
f 2632 2630 5433
f 2630 2628 5433
f 5433 2628 2626
f 2624 2622 5433
f 2622 2620 5433
f 5433 2620 5428
f 2620 2618 5428
f 5428 2618 2616
f 2748 2746 5428
f 2746 2744 5428
f 2738 2736 5428
f 2736 2734 5428
f 5428 2734 2732
f 2724 2722 5397
f 2700 2698 5397
f 2698 2696 5397
f 5397 2696 2694
f 2672 2670 5417
f 2670 2668 5417
f 5417 2668 2666
f 2744 2742 5428
f 2742 2740 5428
f 5428 2740 2738
f 2710 2708 5397
f 2708 2706 5397
f 5397 2706 2704
f 2666 2664 5417
f 2664 2662 5417
f 5417 2662 2660
f 2654 2652 5417
f 2652 2650 5417
f 5417 2650 2648
f 2754 2752 5428
f 2752 2750 5428
f 5428 2750 2748
f 2732 2730 5428
f 2730 2728 5428
f 5428 2728 2726
f 2722 2720 5397
f 2720 2718 5397
f 5397 2718 2716
f 2716 2714 5397
f 2714 2712 5397
f 5397 2712 2710
f 2660 2658 5417
f 2658 2656 5417
f 5417 2656 2654
f 5480 5481 5266
f 5266 5482 2046
f 3493 5238 3491
f 5238 3489 3491
f 3493 3495 5238
f 3495 3497 5238
f 5238 3497 3499
f 5483 5484 5485
f 5484 5486 5485
f 5485 5486 5487
f 5487 5488 5485
f 5488 5489 5485
f 5485 5489 5266
f 5489 5490 5266
f 5266 5490 5480
f 5481 5491 5266
f 5491 5492 5266
f 5266 5492 5493
f 5266 2046 5238
f 2046 2045 5238
f 5238 2045 3489
f 5494 5495 5485
f 5495 5496 5485
f 5493 5497 5266
f 5497 5498 5266
f 5266 5498 5499
f 5499 5500 5266
f 5500 5501 5266
f 5266 5501 5502
f 5496 5503 5485
f 5503 5504 5485
f 5485 5504 5505
f 5505 5506 5485
f 5506 5507 5485
f 5485 5507 5483
f 5502 5508 5266
f 5508 5509 5266
f 5266 5509 5510
f 5510 5511 5266
f 5511 5512 5266
f 5266 5512 5482
f 5513 5514 5387
f 5514 5515 5387
f 5516 5517 5388
f 5517 5518 5388
f 5518 5519 5388
f 5388 5519 5389
f 5515 5520 5387
f 5520 5521 5387
f 5387 5521 5522
f 5522 5523 5387
f 5523 5524 5387
f 5387 5524 5388
f 5524 5525 5388
f 5388 5525 5516
f 5526 5527 5386
f 5528 5529 5386
f 5530 5531 5386
f 5529 5532 5386
f 5532 5533 5386
f 5386 5533 5526
f 5527 5534 5386
f 5534 5535 5386
f 5386 5535 5536
f 5531 5537 5386
f 5537 5538 5386
f 5386 5538 5387
f 5538 5539 5387
f 5387 5539 5513
f 4910 4909 5540
f 4909 5541 5540
f 5540 5541 5542
f 5536 5543 5386
f 5543 5544 5386
f 5386 5544 5530
f 5542 5545 5540
f 5545 5546 5540
f 5540 5546 5547
f 4864 4863 5548
f 4820 4819 5549
f 5550 4815 4814
f 4806 5550 4807
f 5550 4808 4807
f 4806 4805 5550
f 4805 4804 5550
f 5550 4804 4803
f 5548 4802 4801
f 4860 4859 5548
f 4859 4858 5548
f 4858 4857 5548
f 4857 4856 5548
f 5548 4856 4855
f 4844 4843 4910
f 4843 4842 4910
f 4910 4839 4838
f 4818 4817 5550
f 4817 4816 5550
f 5550 4816 4815
f 4801 4800 5548
f 4800 4871 5548
f 5548 4871 4870
f 4854 4853 4910
f 4847 4846 4910
f 4846 4845 4910
f 4910 4845 4844
f 5549 4827 4826
f 4870 4869 5548
f 4869 4868 5548
f 5548 4868 4867
f 4863 4862 5548
f 4862 4861 5548
f 5548 4861 4860
f 4853 4852 4910
f 4852 4851 4910
f 4910 4851 4850
f 4850 4849 4910
f 4849 4848 4910
f 4910 4848 4847
f 4842 4841 4910
f 4841 4840 4910
f 4910 4840 4839
f 4834 4833 4911
f 4833 4832 4911
f 4911 4832 4831
f 4826 4825 5549
f 4825 4824 5549
f 5549 4824 4823
f 4823 4822 5549
f 4822 4821 5549
f 5549 4821 4820
f 4814 4813 5550
f 4813 4812 5550
f 5550 4812 4811
f 4867 4866 5548
f 4866 4865 5548
f 5548 4865 4864
f 4838 4837 4910
f 4837 4836 4910
f 4910 4836 4911
f 4836 4835 4911
f 4911 4835 4834
f 4811 4810 5550
f 4810 4809 5550
f 5550 4809 4808
f 4831 4830 4911
f 4830 4829 4911
f 4911 4829 5549
f 4829 4828 5549
f 5549 4828 4827
f 5551 5552 5553
f 5552 5554 5553
f 5554 5555 5553
f 5553 5555 5549
f 5149 5556 5557
f 5553 5558 5559
f 5557 5560 5149
f 5560 5561 5149
f 5149 5561 5562
f 5559 5563 5553
f 5563 5564 5553
f 5553 5564 5565
f 5566 5567 5149
f 5567 5568 5149
f 5149 5568 5556
f 5565 5569 5553
f 5569 5570 5553
f 5553 5570 5551
f 5571 5572 5149
f 5572 5573 5149
f 5149 5573 5566
f 5574 5575 5149
f 5575 5576 5149
f 5576 5577 5149
f 5149 5577 5578
f 5578 5579 5149
f 5579 5580 5149
f 5149 5580 5571
f 5581 5582 4916
f 5582 5583 4916
f 5583 5584 4916
f 4916 5584 5149
f 5584 5585 5149
f 5149 5585 5574
f 5395 5586 1210
f 5586 5587 1210
f 1210 5587 4916
f 5587 5588 4916
f 4916 5588 5581
f 5437 5428 5589
f 5428 5032 5589
f 5589 5032 5590
f 5591 5592 5593
f 5592 5090 5593
f 5594 5595 5090
f 4925 5596 4926
f 5596 5597 4926
f 4926 5597 5258
f 5597 5598 5258
f 5258 5598 5599
f 5599 5600 5258
f 5600 5601 5258
f 5258 5601 5602
f 5595 5603 5090
f 5603 5604 5090
f 5090 5604 5593
f 5602 5605 5258
f 5605 5606 5258
f 5258 5606 5607
f 5607 5608 5258
f 5608 5609 5258
f 5258 5609 5610
f 5610 5611 5258
f 5611 5612 5258
f 5258 5612 5613
f 5614 5615 5090
f 5615 5616 5090
f 5090 5616 5594
f 5613 5617 5258
f 5617 5618 5258
f 5258 5618 5619
f 873 875 5018
f 875 877 5018
f 5018 877 879
f 3424 5019 3426
f 5019 5018 3426
f 3426 5018 4908
f 5018 879 4908
f 4908 879 881
f 821 869 5018
f 869 871 5018
f 5018 871 873
f 5016 903 905
f 905 907 5016
f 907 909 5016
f 5016 909 911
f 911 913 5016
f 913 915 5016
f 5016 915 5017
f 915 917 5017
f 5017 917 919
f 895 897 5467
f 897 899 5467
f 5467 899 5016
f 899 901 5016
f 5016 901 903
f 955 885 5467
f 885 887 5467
f 5467 887 889
f 889 891 5467
f 891 893 5467
f 5467 893 895
f 951 953 5341
f 953 955 5341
f 5341 955 5468
f 955 5467 5468
f 5468 5467 1562
f 5467 1564 1562
f 363 365 5620
f 405 407 5620
f 475 477 347
f 2017 530 5344
f 530 451 5344
f 5344 451 453
f 5620 391 393
f 501 503 347
f 383 385 5620
f 393 395 5620
f 395 397 5620
f 5620 397 399
f 399 401 5620
f 401 403 5620
f 5620 403 405
f 409 411 647
f 411 413 647
f 413 415 647
f 415 417 647
f 647 417 419
f 5344 471 473
f 365 367 5620
f 367 369 5620
f 5620 369 371
f 453 455 5344
f 455 457 5344
f 5344 457 459
f 465 467 5344
f 467 469 5344
f 5344 469 471
f 477 479 347
f 479 481 347
f 347 481 483
f 483 485 347
f 485 487 347
f 347 487 489
f 371 373 5620
f 373 375 5620
f 5620 375 377
f 385 387 5620
f 387 389 5620
f 5620 389 391
f 419 421 647
f 421 423 647
f 647 423 425
f 459 461 5344
f 461 463 5344
f 5344 463 465
f 377 379 5620
f 379 381 5620
f 5620 381 383
f 489 491 347
f 491 493 347
f 347 493 495
f 425 427 647
f 427 361 647
f 647 361 507
f 361 347 507
f 507 347 505
f 347 503 505
f 495 497 347
f 497 499 347
f 347 499 501
f 533 4970 531
f 4970 3143 531
f 555 5343 553
f 5343 4970 553
f 553 4970 551
f 533 535 4970
f 535 537 4970
f 4970 537 539
f 539 541 4970
f 541 543 4970
f 4970 543 545
f 545 547 4970
f 547 549 4970
f 4970 549 551
f 641 643 4985
f 643 645 4985
f 645 3139 4985
f 4985 3139 4983
f 3139 3141 4983
f 4983 3141 449
f 3141 3143 449
f 449 3143 447
f 3143 4970 447
f 447 4970 2921
f 4970 2919 2921
f 633 635 5271
f 635 637 5271
f 5271 637 639
f 617 619 4921
f 619 621 4921
f 621 623 4921
f 4921 623 625
f 625 627 4921
f 627 629 4921
f 4921 629 5271
f 629 631 5271
f 5271 631 633
f 5621 593 595
f 609 611 5622
f 611 613 5622
f 5622 613 4921
f 613 615 4921
f 4921 615 617
f 587 589 5621
f 589 591 5621
f 5621 591 593
f 603 605 5622
f 605 607 5622
f 5622 607 609
f 595 597 5621
f 597 599 5621
f 5621 599 5622
f 599 601 5622
f 5622 601 603
f 587 5621 655
f 5621 5623 655
f 655 5623 653
f 653 5623 651
f 5623 5624 651
f 651 5624 4907
f 649 5620 647
f 5620 407 647
f 647 407 409
f 349 5344 347
f 5344 473 347
f 347 473 475
f 349 351 5344
f 351 353 5344
f 5344 353 355
f 355 357 5344
f 357 359 5344
f 5344 359 4906
f 359 345 4906
f 4906 345 275
f 363 5474 433
f 5474 5473 433
f 433 5473 431
f 5473 5477 431
f 431 5477 429
f 5477 2238 429
f 429 2238 2236
f 4785 4786 5478
f 4769 4770 5478
f 89 91 4938
f 91 93 4938
f 4938 93 95
f 4786 4787 5478
f 4787 4788 5478
f 5478 4788 4789
f 4789 4790 5478
f 4790 5479 5478
f 5478 5479 2490
f 5479 2348 2490
f 4790 4791 5479
f 4791 4792 5479
f 5479 4792 4793
f 4793 4794 5479
f 4794 4795 5479
f 5479 4795 4796
f 4796 4797 5479
f 4797 4798 5479
f 5479 4798 4799
f 95 97 4938
f 97 99 4938
f 4938 99 101
f 4769 5478 4768
f 5478 4938 4768
f 4768 4938 4767
f 4770 4771 5478
f 4771 4772 5478
f 5478 4772 4773
f 4776 4777 5478
f 4777 4778 5478
f 5478 4778 4779
f 4779 4780 5478
f 4780 4781 5478
f 5478 4781 4782
f 4782 4783 5478
f 4783 4784 5478
f 5478 4784 4785
f 101 103 4938
f 103 1515 4938
f 4938 1515 4767
f 4773 4774 5478
f 4774 4775 5478
f 5478 4775 4776
f 5548 5625 5626
f 107 109 5627
f 109 111 5627
f 5627 111 5548
f 111 113 5548
f 5548 113 5625
f 5628 5629 4957
f 5629 5630 4957
f 5630 5631 4957
f 5631 5632 4957
f 4957 5632 5633
f 5634 4957 5635
f 4957 5636 5635
f 5634 5637 4957
f 5637 5638 4957
f 4957 5638 5639
f 5626 5640 5548
f 5640 5641 5548
f 5548 5641 5642
f 5642 5643 5548
f 5643 5644 5548
f 5548 5644 4957
f 5644 5645 4957
f 4957 5645 5628
f 5633 5646 4957
f 5646 5647 4957
f 4957 5647 5636
f 5639 5648 4957
f 5648 5649 4957
f 4957 5649 4904
f 5649 5650 4904
f 4904 5650 4902
f 5031 5033 5020
f 5033 5032 5020
f 5020 5032 5397
f 5032 5428 5397
f 5397 5428 2724
f 5428 2726 2724
f 2384 2382 5385
f 2382 5479 5385
f 5385 5479 5386
f 5479 5540 5386
f 5386 5540 5528
f 5540 5547 5528
f 4939 4938 5384
f 4938 5478 5384
f 5384 5478 5382
f 5478 4913 5382
f 5382 4913 4917
f 4913 4747 4917
f 4917 4747 4746
f 3608 3606 4929
f 3606 5090 4929
f 4929 5090 5032
f 5090 5592 5032
f 5032 5592 5590
f 5592 5591 5590
f 4799 105 5479
f 105 107 5479
f 5479 107 5540
f 107 5627 5540
f 5540 5627 4910
f 5627 5548 4910
f 4910 5548 4854
f 5548 4855 4854
f 5078 5260 5089
f 5260 5256 5089
f 5089 5256 5090
f 5256 5258 5090
f 5090 5258 5614
f 5258 5619 5614
f 2201 4956 4957
f 4956 5550 4957
f 4957 5550 5548
f 5550 4803 5548
f 5548 4803 4802
f 2989 5263 5289
f 5263 5262 5289
f 5289 5262 5651
f 5262 5260 5651
f 5651 5260 5652
f 5260 5078 5652
f 5652 5078 5070
f 5078 2509 5070
f 5070 2509 2511
f 3279 5277 5284
f 5277 5276 5284
f 5284 5276 5653
f 5276 5159 5653
f 5653 5159 5654
f 5159 5157 5654
f 5654 5157 5149
f 5157 5156 5149
f 5149 5156 5147
f 3263 5284 5285
f 5284 5653 5285
f 5285 5653 5655
f 5653 5654 5655
f 5655 5654 5656
f 5654 5149 5656
f 5656 5149 5553
f 5149 5562 5553
f 5553 5562 5558
f 4819 4818 5549
f 4818 5550 5549
f 5549 5550 5553
f 5550 4956 5553
f 5553 4956 5656
f 4956 4955 5656
f 5656 4955 5655
f 4955 4933 5655
f 5655 4933 5285
f 4933 3391 5285
f 5285 3391 3393
f 4953 5657 4954
f 5657 5286 4954
f 4954 5286 3369
f 5286 3367 3369
f 1942 5317 5475
f 5317 4912 5475
f 5475 4912 5485
f 4912 4701 5485
f 5485 4701 5494
f 5657 5658 5286
f 5658 5659 5286
f 5286 5659 5287
f 5659 5660 5287
f 5287 5660 5288
f 5660 5661 5288
f 5288 5661 5279
f 5661 4923 5279
f 5279 4923 5282
f 4923 4922 5282
f 5282 4922 5281
f 4922 5269 5281
f 205 207 4966
f 207 4965 4966
f 4966 4965 4967
f 4965 5469 4967
f 4967 5469 4968
f 5469 5470 4968
f 717 5012 5013
f 5012 5662 5013
f 5013 5662 5663
f 5662 5664 5663
f 5663 5664 5292
f 5664 5265 5292
f 5292 5265 5264
f 5265 4876 5264
f 5264 4876 4877
f 771 5013 4930
f 5013 5663 4930
f 4930 5663 5665
f 5663 5292 5665
f 5665 5292 5291
f 5292 3059 5291
f 5291 3059 3061
f 741 4930 5015
f 4930 5665 5015
f 5015 5665 5666
f 5665 5291 5666
f 5666 5291 5667
f 5291 5290 5667
f 5667 5290 5668
f 5290 5289 5668
f 5668 5289 5669
f 5289 5651 5669
f 5669 5651 5670
f 5651 5652 5670
f 5670 5652 5671
f 5652 5070 5671
f 5671 5070 5672
f 5070 5194 5672
f 5672 5194 5165
f 5658 5624 5659
f 5624 5623 5659
f 5659 5623 5660
f 5623 5621 5660
f 5660 5621 5661
f 5621 5622 5661
f 5661 5622 4923
f 5622 4921 4923
f 4923 4921 1173
f 4921 1171 1173
f 5375 5372 4963
f 5372 5374 4963
f 4963 5374 4965
f 5374 5673 4965
f 4965 5673 5469
f 5673 5472 5469
f 5469 5472 1770
f 5472 1772 1770
f 3567 5229 5009
f 5229 5476 5009
f 5009 5476 5674
f 5476 5475 5674
f 5674 5475 5675
f 5475 5485 5675
f 5675 5485 5676
f 5485 5266 5676
f 5676 5266 5677
f 5266 5268 5677
f 5677 5268 5678
f 3521 3523 725
f 3523 5009 725
f 725 5009 5010
f 5009 5674 5010
f 5010 5674 5679
f 5674 5675 5679
f 5679 5675 5680
f 5675 5676 5680
f 5680 5676 5681
f 5676 5677 5681
f 5681 5677 5682
f 5677 5678 5682
f 723 5010 5011
f 5010 5679 5011
f 5011 5679 5012
f 5679 5680 5012
f 5012 5680 5662
f 5680 5681 5662
f 5662 5681 5664
f 5681 5682 5664
f 5664 5682 5265
f 5682 5678 5265
f 5265 5678 4872
f 5165 5164 5672
f 5164 5162 5672
f 5672 5162 5671
f 5162 5275 5671
f 5671 5275 5670
f 5275 5283 5670
f 5670 5283 5669
f 5283 5280 5669
f 5669 5280 5668
f 5280 5281 5668
f 5668 5281 5667
f 5281 5269 5667
f 5667 5269 5666
f 5269 5270 5666
f 5666 5270 5015
f 5270 5272 5015
f 5015 5272 5014
f 649 4907 5620
f 4907 5624 5620
f 5620 5624 5683
f 5624 5658 5683
f 5683 5658 5684
f 5658 5657 5684
f 5684 5657 5685
f 5657 4953 5685
f 5685 4953 5686
f 4953 85 5686
f 5686 85 87
f 363 5620 5474
f 5620 5683 5474
f 5474 5683 5471
f 5683 5684 5471
f 5471 5684 5470
f 5684 5685 5470
f 5470 5685 4968
f 5685 5686 4968
f 4968 5686 4969
f 5686 87 4969
f 4969 87 4952
f 87 25 4952
f 4952 25 27
f 5373 5368 5374
f 5368 5367 5374
f 5374 5367 5673
f 5367 5477 5673
f 5673 5477 5472
f 5477 5473 5472
f 5472 5473 1782
f 5473 1784 1782
f 639 641 5271
f 641 4985 5271
f 5271 4985 5273
f 4985 4976 5273
f 5273 4976 5272
f 4976 5467 5272
f 5272 5467 5014
f 5467 5016 5014
f 5014 5016 731
f 5016 729 731
f 2041 2043 5343
f 2043 5342 5343
f 5343 5342 4970
f 5342 4971 4970
f 4970 4971 2911
f 4971 437 2911
f 4735 4616 5383
f 4616 4617 5383
f 5383 4617 5384
f 4617 4619 5384
f 5384 4619 4939
f 4619 4699 4939
f 4939 4699 4937
f 4699 3770 4937
f 4937 3770 4936
f 3770 3771 4936
f 3261 3262 5267
f 3262 4492 5267
f 5267 4492 5268
f 4492 4661 5268
f 5268 4661 5678
f 4661 3735 5678
f 5678 3735 4872
f 3735 3734 4872
f 3424 3423 5328
f 3423 4652 5328
f 5328 4652 5329
f 4652 4651 5329
f 5329 4651 5330
f 4651 4650 5330
f 5330 4650 5331
f 4650 4649 5331
f 5331 4649 5332
f 4649 4648 5332
f 5332 4648 5333
f 4648 4647 5333
f 5333 4647 5334
f 4647 3943 5334
f 5334 3943 5335
f 3943 3942 5335
f 5335 3942 5336
f 3942 3941 5336
f 5336 3941 5337
f 3941 3940 5337
f 5337 3940 5338
f 3940 3939 5338
f 5338 3939 5339
f 3939 3938 5339
f 5339 3938 5340
f 3938 3937 5340
f 5340 3937 5327
f 3937 4653 5327
f 5327 4653 1369
f 4653 1367 1369
f 449 450 4989
f 450 3927 4989
f 4989 3927 4988
f 3927 3918 4988
f 4988 3918 4997
f 3918 3917 4997
f 4997 3917 4998
f 3917 3924 4998
f 4998 3924 4999
f 3924 3923 4999
f 4999 3923 5004
f 3923 3907 5004
f 5004 3907 5005
f 3907 3906 5005
f 5005 3906 5006
f 3906 3926 5006
f 5006 3926 5007
f 3926 3925 5007
f 5007 3925 5008
f 3925 3916 5008
f 5008 3916 4981
f 3916 3915 4981
f 4981 3915 4982
f 3915 3914 4982
f 4982 3914 4984
f 3914 3903 4984
f 4984 3903 4986
f 3903 3905 4986
f 4986 3905 4987
f 3905 3922 4987
f 4987 3922 5000
f 3922 3921 5000
f 5000 3921 5001
f 3921 3913 5001
f 5001 3913 4992
f 3913 3912 4992
f 4992 3912 4991
f 3912 3911 4991
f 4991 3911 4990
f 3911 3920 4990
f 4990 3920 5002
f 3920 3919 5002
f 5002 3919 5003
f 3919 3910 5003
f 5003 3910 4993
f 3910 3909 4993
f 4993 3909 4994
f 3909 3908 4994
f 4994 3908 4995
f 3908 3754 4995
f 4995 3754 4996
f 3754 3753 4996
f 4996 3753 4977
f 3753 3865 4977
f 4977 3865 4978
f 3865 3864 4978
f 4978 3864 4979
f 3864 3863 4979
f 4979 3863 4980
f 3863 3859 4980
f 4980 3859 4974
f 3859 3861 4974
f 4974 3861 4975
f 3861 3862 4975
f 4975 3862 446
f 3862 445 446
f 3137 3138 5346
f 3137 5346 4645
f 5346 5352 4645
f 4645 5352 4646
f 5352 5351 4646
f 4646 5351 4641
f 5351 5350 4641
f 4641 5350 4642
f 5350 5349 4642
f 4642 5349 4643
f 5349 5348 4643
f 4643 5348 4644
f 5348 5347 4644
f 4644 5347 3721
f 5347 5353 3721
f 3721 5353 3722
f 5353 5355 3722
f 3722 5355 4555
f 5355 5356 4555
f 4555 5356 4554
f 5356 5357 4554
f 4554 5357 4553
f 5357 5358 4553
f 4553 5358 4552
f 5358 5359 4552
f 4552 5359 4551
f 5359 5360 4551
f 4551 5360 4550
f 5360 5361 4550
f 4550 5361 4549
f 5361 5362 4549
f 4549 5362 4548
f 5362 5363 4548
f 4548 5363 4547
f 5363 5364 4547
f 4547 5364 4546
f 5364 5365 4546
f 4546 5365 4545
f 5365 5366 4545
f 4545 5366 4544
f 5366 5354 4544
f 4544 5354 4543
f 5354 5371 4543
f 4543 5371 4640
f 5371 5370 4640
f 4640 5370 4639
f 5370 5369 4639
f 4639 5369 4638
f 5369 5368 4638
f 4638 5368 4637
f 5368 5373 4637
f 4637 5373 4635
f 5373 5372 4635
f 4635 5372 4634
f 5372 5375 4634
f 4634 5375 4633
f 5375 5376 4633
f 4633 5376 3726
f 4915 4097 5254
f 4097 4102 5254
f 3726 5376 3724
f 5376 4932 3724
f 3724 4932 3852
f 4932 4931 3852
f 3852 4931 4632
f 4931 5377 4632
f 4632 5377 4631
f 5377 4947 4631
f 2932 2931 4103
f 2931 5253 4103
f 4103 5253 4101
f 5253 5251 4101
f 4101 5251 4686
f 5251 5259 4686
f 4686 5259 4687
f 5259 5257 4687
f 4687 5257 4477
f 5257 5261 4477
f 4477 5261 4474
f 5261 4901 4474
f 113 114 5625
f 114 3831 5625
f 5625 3831 5626
f 3831 3830 5626
f 5626 3830 5640
f 3830 3839 5640
f 5640 3839 5641
f 3839 3838 5641
f 5641 3838 5642
f 3838 3825 5642
f 5642 3825 5643
f 3825 3824 5643
f 5643 3824 5644
f 3824 3827 5644
f 5644 3827 5645
f 3827 3846 5645
f 5645 3846 5628
f 3846 3845 5628
f 5628 3845 5629
f 3845 3848 5629
f 5629 3848 5630
f 3848 3847 5630
f 5630 3847 5631
f 3847 3823 5631
f 5631 3823 5632
f 3823 3822 5632
f 5632 3822 5633
f 3822 3844 5633
f 5633 3844 5646
f 3844 3843 5646
f 5646 3843 5647
f 3843 3837 5647
f 5647 3837 5636
f 3837 3836 5636
f 5636 3836 5635
f 3836 3835 5635
f 5635 3835 5634
f 3835 3829 5634
f 5634 3829 5637
f 3829 3828 5637
f 5637 3828 5638
f 3828 3834 5638
f 5638 3834 5639
f 3834 3833 5639
f 5639 3833 5648
f 3833 3832 5648
f 5648 3832 5649
f 3832 3842 5649
f 5649 3842 5650
f 3842 3841 5650
f 5650 3841 4902
f 3841 3840 4902
f 4902 3840 4903
f 3840 3780 4903
f 4903 3780 4962
f 3780 3781 4962
f 4962 3781 4958
f 3781 3782 4958
f 4958 3782 4959
f 3782 3778 4959
f 4959 3778 4961
f 3778 3777 4961
f 4961 3777 4960
f 3777 3779 4960
f 4960 3779 3431
f 3779 3432 3431
f 3408 3407 5400
f 3408 5400 4598
f 5400 5396 4598
f 4598 5396 4599
f 5396 5398 4599
f 4599 5398 4600
f 5398 5399 4600
f 4600 5399 4518
f 5399 5406 4518
f 4518 5406 4519
f 5406 5407 4519
f 4519 5407 4520
f 5407 5408 4520
f 4520 5408 4521
f 5408 5409 4521
f 4521 5409 4522
f 5409 5410 4522
f 4522 5410 4523
f 5410 5411 4523
f 4523 5411 4524
f 5411 5412 4524
f 4524 5412 4525
f 5412 5414 4525
f 4525 5414 4526
f 5414 5413 4526
f 4526 5413 4527
f 5413 5405 4527
f 4527 5405 4528
f 5405 5404 4528
f 4528 5404 4529
f 5404 5403 4529
f 4529 5403 4595
f 5403 5402 4595
f 4595 5402 4596
f 5402 5401 4596
f 4596 5401 4597
f 5401 5419 4597
f 4597 5419 4592
f 5419 5418 4592
f 4592 5418 4590
f 5418 5416 4590
f 4590 5416 4591
f 5416 5415 4591
f 4591 5415 4593
f 5415 5422 4593
f 4593 5422 4594
f 5422 5421 4594
f 4594 5421 4587
f 5421 5420 4587
f 4587 5420 4586
f 5420 5425 4586
f 4586 5425 4585
f 5425 5424 4585
f 4585 5424 4588
f 5424 5423 4588
f 4588 5423 4589
f 5423 1360 4589
f 4589 1360 1359
f 5233 4383 5234
f 4383 4382 5234
f 5234 4382 5230
f 4382 4365 5230
f 5230 4365 5231
f 4365 4364 5231
f 5231 4364 5235
f 4364 4363 5235
f 5235 4363 5236
f 4363 4362 5236
f 5236 4362 4927
f 4362 4361 4927
f 4927 4361 4764
f 4361 3935 4764
f 4061 5437 4054
f 5437 5589 4054
f 4054 5589 4052
f 5589 5590 4052
f 4052 5590 4026
f 5590 5591 4026
f 4026 5591 4027
f 5591 5593 4027
f 2987 2988 4489
f 2987 4489 5248
f 4489 4488 5248
f 5248 4488 5247
f 4488 4487 5247
f 5247 4487 5246
f 4487 4486 5246
f 5246 4486 5245
f 4486 4485 5245
f 5245 4485 5244
f 4485 4484 5244
f 5244 4484 5243
f 4484 4483 5243
f 5243 4483 5242
f 4483 4482 5242
f 5242 4482 5241
f 4482 4481 5241
f 5241 4481 5240
f 4481 4491 5240
f 5240 4491 5239
f 4491 3206 5239
f 5239 3206 3205
f 4701 3739 5494
f 3739 4413 5494
f 5494 4413 5495
f 4413 4412 5495
f 5495 4412 5496
f 4412 4438 5496
f 5496 4438 5503
f 4438 4437 5503
f 5503 4437 5504
f 4437 4436 5504
f 5504 4436 5505
f 4436 4435 5505
f 5505 4435 5506
f 4435 4434 5506
f 5506 4434 5507
f 4434 4422 5507
f 5507 4422 5483
f 4422 4421 5483
f 5483 4421 5484
f 4421 4420 5484
f 5484 4420 5486
f 4420 4408 5486
f 5486 4408 5487
f 4408 4407 5487
f 5487 4407 5488
f 4407 4419 5488
f 5488 4419 5489
f 4419 4418 5489
f 5489 4418 5490
f 4418 4417 5490
f 5490 4417 5480
f 4417 4411 5480
f 5480 4411 5481
f 4411 4410 5481
f 5481 4410 5491
f 4410 4416 5491
f 5491 4416 5492
f 4416 4415 5492
f 5492 4415 5493
f 4415 4414 5493
f 5493 4414 5497
f 4414 4428 5497
f 5497 4428 5498
f 4428 4427 5498
f 5498 4427 5499
f 4427 4426 5499
f 5499 4426 5500
f 4426 4425 5500
f 5500 4425 5501
f 4425 4424 5501
f 5501 4424 5502
f 4424 4423 5502
f 5502 4423 5508
f 4423 4433 5508
f 5508 4433 5509
f 4433 4432 5509
f 5509 4432 5510
f 4432 4431 5510
f 5510 4431 5511
f 4431 4430 5511
f 5511 4430 5512
f 4430 4429 5512
f 5512 4429 5482
f 4429 4404 5482
f 5482 4404 2046
f 4404 2048 2046
f 4919 3501 4452
f 3501 3502 4452
f 4936 3771 4935
f 3771 3769 4935
f 4935 3769 4934
f 3769 3768 4934
f 4934 3768 4945
f 3768 3772 4945
f 4945 3772 4944
f 3772 3773 4944
f 4944 3773 4943
f 3773 3774 4943
f 4943 3774 4942
f 3774 3775 4942
f 4942 3775 4941
f 3775 3776 4941
f 4941 3776 4940
f 3776 3767 4940
f 4940 3767 5380
f 3767 4629 5380
f 5380 4629 5378
f 4629 4628 5378
f 5378 4628 5379
f 4628 4627 5379
f 5379 4627 5381
f 4627 4626 5381
f 5381 4626 4950
f 4626 4625 4950
f 4950 4625 4949
f 4625 4630 4949
f 4949 4630 4947
f 4630 4631 4947
f 4919 4452 4920
f 4452 4453 4920
f 4920 4453 5304
f 4453 4454 5304
f 5304 4454 5305
f 4454 4451 5305
f 5305 4451 5295
f 4451 4450 5295
f 5295 4450 5294
f 4450 4449 5294
f 5294 4449 5293
f 4449 4448 5293
f 5293 4448 5296
f 4448 4447 5296
f 5296 4447 5297
f 4447 4446 5297
f 5297 4446 5298
f 4446 4440 5298
f 5298 4440 5308
f 4440 4439 5308
f 5308 4439 5309
f 4439 4468 5309
f 5309 4468 5310
f 4468 4467 5310
f 5310 4467 5311
f 4467 4466 5311
f 5311 4466 5312
f 4466 4465 5312
f 5312 4465 5299
f 4465 4464 5299
f 5299 4464 5300
f 4464 4445 5300
f 5300 4445 5301
f 4445 4444 5301
f 5301 4444 5302
f 4444 4443 5302
f 5302 4443 5303
f 4443 4442 5303
f 5303 4442 5313
f 4442 4441 5313
f 5313 4441 5314
f 4441 4463 5314
f 5314 4463 5315
f 4463 4462 5315
f 5315 4462 5319
f 4462 4457 5319
f 5319 4457 5320
f 4457 4456 5320
f 5320 4456 5321
f 4456 4473 5321
f 5321 4473 5322
f 4473 4472 5322
f 5322 4472 5323
f 4472 4461 5323
f 5323 4461 5306
f 4461 4460 5306
f 5306 4460 5307
f 4460 4459 5307
f 5307 4459 5316
f 4459 4458 5316
f 5316 4458 5324
f 4458 4471 5324
f 5324 4471 5325
f 4471 4470 5325
f 5325 4470 5326
f 4470 4469 5326
f 5326 4469 4700
f 4469 3737 4700
f 3421 3422 5097
f 3422 3745 5097
f 5097 3745 5103
f 3745 3746 5103
f 5103 3746 5104
f 3746 4161 5104
f 5104 4161 5105
f 4161 4160 5105
f 5105 4160 5106
f 4160 4159 5106
f 5106 4159 5107
f 4159 4164 5107
f 5107 4164 5109
f 4164 4163 5109
f 5109 4163 5110
f 4163 4162 5110
f 5110 4162 5122
f 4162 4158 5122
f 5122 4158 5123
f 4158 4157 5123
f 5123 4157 5128
f 4157 4156 5128
f 5128 4156 5129
f 4156 4155 5129
f 5129 4155 5125
f 4155 4140 5125
f 5125 4140 5127
f 4140 4136 5127
f 5127 4136 1214
f 4136 1213 1214
f 5232 4385 5233
f 4385 4383 5233
f 5254 4102 5255
f 4102 4104 5255
f 5255 4104 5249
f 4104 4105 5249
f 5249 4105 5250
f 4105 4100 5250
f 5250 4100 5252
f 4100 4099 5252
f 5252 4099 4924
f 4099 4108 4924
f 4924 4108 4925
f 4108 4107 4925
f 4925 4107 5596
f 4107 4106 5596
f 5596 4106 5597
f 4106 4033 5597
f 5597 4033 5598
f 4033 4031 5598
f 5598 4031 5599
f 4031 4030 5599
f 5599 4030 5600
f 4030 4024 5600
f 5600 4024 5601
f 4024 4023 5601
f 5601 4023 5602
f 4023 4036 5602
f 5602 4036 5605
f 4036 4035 5605
f 5605 4035 5606
f 4035 4034 5606
f 5606 4034 5607
f 4034 4048 5607
f 5607 4048 5608
f 4048 4047 5608
f 5608 4047 5609
f 4047 4046 5609
f 5609 4046 5610
f 4046 4045 5610
f 5610 4045 5611
f 4045 4044 5611
f 5611 4044 5612
f 4044 4043 5612
f 5612 4043 5613
f 4043 4042 5613
f 5613 4042 5617
f 4042 4041 5617
f 5617 4041 5618
f 4041 4040 5618
f 5618 4040 5619
f 4040 4051 5619
f 5619 4051 5614
f 4051 4050 5614
f 5614 4050 5615
f 4050 4049 5615
f 5615 4049 5616
f 4049 4039 5616
f 5616 4039 5594
f 4039 4038 5594
f 5594 4038 5595
f 4038 4037 5595
f 5595 4037 5603
f 4037 4029 5603
f 5603 4029 5604
f 4029 4028 5604
f 5604 4028 5593
f 4028 4027 5593
f 1662 1661 5212
f 1661 4372 5212
f 5212 4372 5197
f 4372 4369 5197
f 5197 4369 5198
f 4369 4368 5198
f 5198 4368 5221
f 4368 4367 5221
f 5221 4367 5222
f 4367 4388 5222
f 5222 4388 5223
f 4388 4387 5223
f 5223 4387 5224
f 4387 4386 5224
f 5224 4386 5225
f 4386 4373 5225
f 5225 4373 5226
f 4373 4374 5226
f 5226 4374 5205
f 4374 4375 5205
f 5205 4375 5206
f 4375 4393 5206
f 5206 4393 5216
f 4393 4392 5216
f 5216 4392 5217
f 4392 4381 5217
f 5217 4381 5207
f 4381 4380 5207
f 5207 4380 5208
f 4380 4379 5208
f 5208 4379 5218
f 4379 4371 5218
f 5218 4371 5219
f 4371 4370 5219
f 5219 4370 5220
f 4370 4378 5220
f 5220 4378 5227
f 4378 4403 5227
f 5227 4403 5228
f 4403 4402 5228
f 5228 4402 5211
f 4402 4391 5211
f 5211 4391 5210
f 4391 4390 5210
f 5210 4390 5209
f 4390 4389 5209
f 5209 4389 5204
f 4389 4376 5204
f 5204 4376 5200
f 4376 4377 5200
f 5200 4377 5201
f 4377 4401 5201
f 5201 4401 5202
f 4401 4400 5202
f 5202 4400 5203
f 4400 4397 5203
f 5203 4397 5213
f 4397 4398 5213
f 5213 4398 5214
f 4398 4399 5214
f 5214 4399 5215
f 4399 4396 5215
f 5215 4396 5195
f 4396 4395 5195
f 5195 4395 5196
f 4395 4394 5196
f 5196 4394 5232
f 4394 4385 5232
f 5437 4061 5438
f 4061 4060 5438
f 5438 4060 5439
f 4060 4075 5439
f 5439 4075 5446
f 4075 4074 5446
f 5446 4074 5447
f 4074 4067 5447
f 5447 4067 5426
f 4067 4066 5426
f 5426 4066 5427
f 4066 4065 5427
f 5427 4065 5429
f 4065 4064 5429
f 5429 4064 5430
f 4064 4073 5430
f 5430 4073 5461
f 4073 4072 5461
f 5461 4072 5462
f 4072 4071 5462
f 5462 4071 5463
f 4071 4091 5463
f 5463 4091 5453
f 4091 4090 5453
f 5453 4090 5448
f 4090 4089 5448
f 5448 4089 5449
f 4089 4096 5449
f 5449 4096 5464
f 4096 4095 5464
f 5464 4095 5465
f 4095 4088 5465
f 5465 4088 5431
f 4088 4087 5431
f 5431 4087 5432
f 4087 4086 5432
f 5432 4086 5459
f 4086 4085 5459
f 5459 4085 5460
f 4085 4084 5460
f 5460 4084 5454
f 4084 4083 5454
f 5454 4083 5455
f 4083 4082 5455
f 5455 4082 5456
f 4082 4081 5456
f 5456 4081 5434
f 4081 4080 5434
f 5434 4080 5435
f 4080 4058 5435
f 5435 4058 5436
f 4058 4057 5436
f 5436 4057 5440
f 4057 4056 5440
f 5440 4056 5441
f 4056 4055 5441
f 5441 4055 5442
f 4055 4070 5442
f 5442 4070 5443
f 4070 4069 5443
f 5443 4069 5444
f 4069 4068 5444
f 5444 4068 5445
f 4068 4063 5445
f 5445 4063 5466
f 4063 4062 5466
f 5466 4062 4765
f 4062 4094 4765
f 5587 4220 5588
f 4220 4219 5588
f 5588 4219 5581
f 4219 4218 5581
f 5581 4218 5582
f 4218 4217 5582
f 5582 4217 5583
f 4217 4237 5583
f 5583 4237 5584
f 4237 4236 5584
f 5584 4236 5585
f 4236 4235 5585
f 5585 4235 5574
f 4235 4234 5574
f 5574 4234 5575
f 4234 4233 5575
f 5575 4233 5576
f 4233 4232 5576
f 5576 4232 5577
f 4232 4231 5577
f 5577 4231 5578
f 4231 4230 5578
f 5578 4230 5579
f 4230 4229 5579
f 5579 4229 5580
f 4229 4228 5580
f 5580 4228 5571
f 4228 4227 5571
f 5571 4227 5572
f 4227 4226 5572
f 5572 4226 5573
f 4226 4225 5573
f 5573 4225 5566
f 4225 4224 5566
f 5566 4224 5567
f 4224 4223 5567
f 5567 4223 5568
f 4223 4203 5568
f 5568 4203 5556
f 4203 4202 5556
f 5556 4202 5557
f 4202 4216 5557
f 5557 4216 5560
f 4216 4215 5560
f 5560 4215 5561
f 4215 4211 5561
f 5561 4211 5562
f 4211 4210 5562
f 5562 4210 5558
f 4210 4209 5558
f 5558 4209 5559
f 4209 4214 5559
f 5559 4214 5563
f 4214 4213 5563
f 5563 4213 5564
f 4213 4212 5564
f 5564 4212 5565
f 4212 4222 5565
f 5565 4222 5569
f 4222 4221 5569
f 5569 4221 5570
f 4221 4208 5570
f 5570 4208 5551
f 4208 4207 5551
f 5551 4207 5552
f 4207 4205 5552
f 5552 4205 5554
f 4205 4204 5554
f 5554 4204 5555
f 4204 4312 5555
f 5555 4312 5549
f 4312 4248 5549
f 5549 4248 4911
f 4248 4276 4911
f 4911 4276 4909
f 4276 4338 4909
f 4909 4338 5541
f 4338 4337 5541
f 5541 4337 5542
f 4337 4336 5542
f 5542 4336 5545
f 4336 4335 5545
f 5545 4335 5546
f 4335 4334 5546
f 5546 4334 5547
f 4334 4333 5547
f 5547 4333 5528
f 4333 4330 5528
f 5528 4330 5529
f 4330 4329 5529
f 5529 4329 5532
f 4329 4325 5532
f 5532 4325 5533
f 4325 4324 5533
f 5533 4324 5526
f 4324 4323 5526
f 5526 4323 5527
f 4323 4320 5527
f 5527 4320 5534
f 4320 4321 5534
f 5534 4321 5535
f 4321 4322 5535
f 5535 4322 5536
f 4322 4332 5536
f 5536 4332 5543
f 4332 4331 5543
f 5543 4331 5544
f 4331 4328 5544
f 5544 4328 5530
f 4328 4327 5530
f 5530 4327 5531
f 4327 4326 5531
f 5531 4326 5537
f 4326 4319 5537
f 5537 4319 5538
f 4319 4318 5538
f 5538 4318 5539
f 4318 4316 5539
f 5539 4316 5513
f 4316 4341 5513
f 5513 4341 5514
f 4341 4340 5514
f 5514 4340 5515
f 4340 4339 5515
f 5515 4339 5520
f 4339 4349 5520
f 5520 4349 5521
f 4349 4348 5521
f 5521 4348 5522
f 4348 4347 5522
f 5522 4347 5523
f 4347 4352 5523
f 5523 4352 5524
f 4352 4351 5524
f 5524 4351 5525
f 4351 4350 5525
f 5525 4350 5516
f 4350 4346 5516
f 5516 4346 5517
f 4346 4345 5517
f 5517 4345 5518
f 4345 4343 5518
f 5518 4343 5519
f 4343 4342 5519
f 5519 4342 5389
f 4342 4359 5389
f 5389 4359 5390
f 4359 4358 5390
f 5390 4358 5391
f 4358 4357 5391
f 5391 4357 5392
f 4357 4356 5392
f 5392 4356 5393
f 4356 4355 5393
f 5393 4355 5394
f 4355 4354 5394
f 5394 4354 5395
f 4354 4353 5395
f 5395 4353 5586
f 4353 4360 5586
f 5586 4360 5587
f 4360 4220 5587
f 5082 3953 5071
f 3953 3952 5071
f 5071 3952 5194
f 3952 4697 5194
f 5194 4697 5165
f 4697 3740 5165
f 5165 3740 5163
f 3740 3742 5163
f 5163 3742 5161
f 3742 4179 5161
f 5161 4179 5174
f 4179 4181 5174
f 5174 4181 5175
f 4181 4190 5175
f 5175 4190 5176
f 4190 4189 5176
f 5176 4189 5177
f 4189 4188 5177
f 5177 4188 5178
f 4188 4198 5178
f 5178 4198 5179
f 4198 4197 5179
f 5179 4197 5185
f 4197 4196 5185
f 5185 4196 5186
f 4196 4195 5186
f 5186 4195 5187
f 4195 4194 5187
f 5187 4194 5188
f 4194 4193 5188
f 5188 4193 5189
f 4193 4192 5189
f 5189 4192 5190
f 4192 4191 5190
f 5190 4191 5191
f 4191 4201 5191
f 5191 4201 5192
f 4201 4200 5192
f 5192 4200 5193
f 4200 4199 5193
f 5193 4199 5166
f 4199 4178 5166
f 5166 4178 5167
f 4178 4177 5167
f 5167 4177 5169
f 4177 4176 5169
f 5169 4176 5170
f 4176 4175 5170
f 5170 4175 5171
f 4175 4173 5171
f 5171 4173 5172
f 4173 4172 5172
f 5172 4172 5173
f 4172 4187 5173
f 5173 4187 5180
f 4187 4186 5180
f 5180 4186 5181
f 4186 4185 5181
f 5181 4185 5182
f 4185 4184 5182
f 5182 4184 5183
f 4184 4183 5183
f 5183 4183 5184
f 4183 4182 5184
f 5184 4182 5160
f 4182 4698 5160
f 5160 4698 5158
f 4698 4109 5158
f 5156 5158 4111
f 5158 4109 4111
f 5156 4111 5147
f 4111 4113 5147
f 5147 4113 5148
f 4113 4128 5148
f 5148 4128 5150
f 4128 4127 5150
f 5150 4127 5151
f 4127 4126 5151
f 5151 4126 5142
f 4126 4125 5142
f 5142 4125 5143
f 4125 4124 5143
f 5143 4124 5152
f 4124 4123 5152
f 5152 4123 5153
f 4123 4120 5153
f 5153 4120 5144
f 4120 4119 5144
f 5144 4119 5145
f 4119 4118 5145
f 5145 4118 5146
f 4118 4122 5146
f 5146 4122 5154
f 4122 4121 5154
f 5154 4121 5155
f 4121 4117 5155
f 5155 4117 5132
f 4117 4115 5132
f 5132 4115 5133
f 4115 4114 5133
f 5133 4114 5134
f 4114 4135 5134
f 5134 4135 5135
f 4135 4134 5135
f 5135 4134 5136
f 4134 4133 5136
f 5136 4133 5137
f 4133 4132 5137
f 5137 4132 5138
f 4132 4131 5138
f 5138 4131 5139
f 4131 4130 5139
f 5139 4130 5140
f 4130 4129 5140
f 5140 4129 5141
f 4129 4137 5141
f 5141 4137 5126
f 4137 4143 5126
f 5126 4143 5124
f 4143 4142 5124
f 5124 4142 5131
f 4142 4141 5131
f 5131 4141 5130
f 4141 4139 5130
f 5130 4139 5118
f 4139 4138 5118
f 5118 4138 4148
f 5118 4148 5119
f 4148 4147 5119
f 5119 4147 5120
f 4147 4146 5120
f 5120 4146 5121
f 4146 4145 5121
f 5121 4145 5111
f 4145 4152 5111
f 5111 4152 5112
f 4152 4151 5112
f 5112 4151 5113
f 4151 4150 5113
f 5113 4150 5114
f 4150 4154 5114
f 5114 4154 5115
f 4154 4153 5115
f 5115 4153 5116
f 4153 4149 5116
f 5116 4149 5117
f 4149 3744 5117
f 5117 3744 5099
f 5099 3744 5098
f 3744 3743 5098
f 5098 3743 5096
f 3743 4168 5096
f 5096 4168 5100
f 4168 4167 5100
f 5100 4167 5101
f 4167 4166 5101
f 5101 4166 5102
f 4166 4165 5102
f 5102 4165 5091
f 4165 4171 5091
f 5091 4171 5092
f 4171 4170 5092
f 5092 4170 5095
f 4170 4169 5095
f 5095 4169 5094
f 4169 3966 5094
f 5094 3966 5093
f 3966 3967 5093
f 5093 3967 5062
f 3967 3968 5062
f 5062 3968 5057
f 3968 3972 5057
f 5057 3972 5058
f 3972 3973 5058
f 5058 3973 5073
f 3973 3975 5073
f 5073 3975 5074
f 3975 3974 5074
f 5074 3974 5075
f 3974 3950 5075
f 5075 3950 5076
f 3950 3949 5076
f 5076 3949 5077
f 3949 3958 5077
f 5077 3958 5079
f 3958 3957 5079
f 5079 3957 5080
f 3957 3956 5080
f 5080 3956 5081
f 3956 3965 5081
f 5081 3965 5084
f 3965 3964 5084
f 5084 3964 5085
f 3964 3963 5085
f 5085 3963 5086
f 3963 3962 5086
f 5086 3962 5087
f 3962 3961 5087
f 5087 3961 5088
f 3961 3955 5088
f 5088 3955 5083
f 3955 3954 5083
f 5083 3954 5082
f 3954 3953 5082
f 4766 4093 5450
f 4093 4092 5450
f 5450 4092 5451
f 4092 4079 5451
f 5451 4079 5452
f 4079 4078 5452
f 5452 4078 5457
f 4078 4077 5457
f 5457 4077 5458
f 4077 4076 5458
f 5458 4076 4914
f 4076 4098 4914
f 4914 4098 4915
f 4098 4097 4915
f 5072 2557 3951
f 2557 2558 3951
f 5072 3951 5060
f 3951 3976 5060
f 5060 3976 5061
f 3976 3977 5061
f 5061 3977 5067
f 3977 3978 5067
f 5067 3978 5068
f 3978 3979 5068
f 5068 3979 5069
f 3979 3970 5069
f 5069 3970 5063
f 3970 3969 5063
f 5063 3969 5064
f 3969 3982 5064
f 3991 5066 3981
f 5066 5065 3981
f 3981 5065 3982
f 5065 5064 3982
f 5066 3991 5043
f 3991 3990 5043
f 5043 3990 5044
f 3990 3985 5044
f 5044 3985 5046
f 3985 3984 5046
f 5046 3984 5047
f 3984 3983 5047
f 5047 3983 5054
f 3983 3997 5054
f 5054 3997 5055
f 3997 3996 5055
f 5055 3996 5056
f 3996 3995 5056
f 5056 3995 5048
f 3995 3994 5048
f 5048 3994 5049
f 3994 3993 5049
f 5049 3993 5050
f 3993 3992 5050
f 5050 3992 5051
f 3992 3986 5051
f 5051 3986 5052
f 3986 3988 5052
f 5052 3988 5053
f 3988 3989 5053
f 5053 3989 5022
f 3989 4005 5022
f 5022 4005 5023
f 4005 4004 5023
f 5023 4004 5024
f 4004 4003 5024
f 5024 4003 5025
f 4003 4002 5025
f 5025 4002 5026
f 4002 4001 5026
f 5026 4001 5027
f 4001 3999 5027
f 5027 3999 5028
f 3999 3998 5028
f 5028 3998 5035
f 3998 4019 5035
f 5035 4019 5036
f 4019 4018 5036
f 5036 4018 5037
f 4018 4017 5037
f 5037 4017 5038
f 4017 4016 5038
f 5038 4016 5039
f 4016 4015 5039
f 5039 4015 5029
f 4015 4007 5029
f 5029 4007 5030
f 4007 4006 5030
f 5030 4006 5031
f 4006 4014 5031
f 5031 4014 5033
f 4014 4013 5033
f 5033 4013 5034
f 4013 4012 5034
f 5034 4012 5040
f 4012 4011 5040
f 5040 4011 5041
f 4011 4010 5041
f 5041 4010 5042
f 4010 4009 5042
f 5042 4009 2901
f 4009 2902 2901

